Date,Model,Horizon,Fold,Actual,Prediction,Regime
2015-06-10,Elastic_Net,1D,1,0.0017371167565281,0.000307354535851701,Low
2015-06-11,Elastic_Net,1D,1,-0.0070188746531027,0.0002686849787381593,Low
2015-06-12,Elastic_Net,1D,1,-0.0046332896217713,0.00028944348631790697,Low
2015-06-15,Elastic_Net,1D,1,0.0056737305157538,0.00028251759602735364,Low
2015-06-16,Elastic_Net,1D,1,0.0019776843950728,0.0002629722239876314,Low
2015-06-17,Elastic_Net,1D,1,0.0098540000540088,0.0003001360406324401,Low
2015-06-18,Elastic_Net,1D,1,-0.0053176152379496,0.00026994889183583673,Low
2015-06-19,Elastic_Net,1D,1,0.0060763679815421,0.000263621811696248,Low
2015-06-22,Elastic_Net,1D,1,0.0006356664251933,0.00022379198837819638,Low
2015-06-23,Elastic_Net,1D,1,-0.0073804657183052,0.0002425288341322532,Low
2015-06-24,Elastic_Net,1D,1,-0.0029780041565964,0.0002773323245336954,Low
2015-06-25,Elastic_Net,1D,1,-0.0003901557449223,0.000325055275113065,Low
2015-06-26,Elastic_Net,1D,1,-0.0210869695086115,0.00030672977412287333,Low
2015-06-29,Elastic_Net,1D,1,0.0026549623524674,0.0004077517650244964,Normal
2015-06-30,Elastic_Net,1D,1,0.006912096434637,0.00040024188907988124,Normal
2015-07-01,Elastic_Net,1D,1,-0.0003080701895465,0.00034708704077382187,Normal
2015-07-02,Elastic_Net,1D,1,-0.0038692326988974,0.00033715740510129006,Normal
2015-07-06,Elastic_Net,1D,1,0.0060625605938687,0.00035009628937933293,Normal
2015-07-07,Elastic_Net,1D,1,-0.0167929649121416,0.00024912564893464213,Normal
2015-07-08,Elastic_Net,1D,1,0.0022596476448199,0.0003214535921372371,Normal
2015-07-09,Elastic_Net,1D,1,0.0122629863850077,0.0003387563127431104,Normal
2015-07-10,Elastic_Net,1D,1,0.0110052685073551,0.00029200384120463524,Normal
2015-07-13,Elastic_Net,1D,1,0.0044432732365001,0.00023668472859305324,Normal
2015-07-14,Elastic_Net,1D,1,-0.0007352563007372,0.0002427069500061068,Normal
2015-07-15,Elastic_Net,1D,1,0.0079827334444757,0.00018298742202725544,Normal
2015-07-16,Elastic_Net,1D,1,0.0011055716244507,0.00016170294173128253,Normal
2015-07-17,Elastic_Net,1D,1,0.0007709366240016,0.00020319799928211556,Normal
2015-07-20,Elastic_Net,1D,1,-0.004270796242723,0.00024126005932091247,Normal
2015-07-21,Elastic_Net,1D,1,-0.0023905650201902,0.00027366817735741263,Normal
2015-07-22,Elastic_Net,1D,1,-0.0056922102113794,0.000279824364256632,Normal
2015-07-23,Elastic_Net,1D,1,-0.0107610206966611,0.00033068225438455753,Normal
2015-07-24,Elastic_Net,1D,1,-0.0057917550650641,0.00037481478345728923,Normal
2015-07-27,Elastic_Net,1D,1,0.0123100738018893,0.00039922180561880653,Normal
2015-07-28,Elastic_Net,1D,1,0.0072921429273836,0.0003375566106332861,Normal
2015-07-29,Elastic_Net,1D,1,2.836690402236809e-05,0.00030154607126059495,Normal
2015-07-30,Elastic_Net,1D,1,-0.0022741038010517,0.0002802709209034775,Normal
2015-07-31,Elastic_Net,1D,1,-0.0027606939449045,0.000248707596193402,Normal
2015-08-03,Elastic_Net,1D,1,-0.0022522391669328,0.00023743490818096532,Normal
2015-08-04,Elastic_Net,1D,1,0.0031098381854906,0.00029159297505239426,Normal
2015-08-05,Elastic_Net,1D,1,-0.0077831959225621,0.0003071472033108502,Low
2015-08-06,Elastic_Net,1D,1,-0.0028790228563377,0.0003361988479800935,Low
2015-08-07,Elastic_Net,1D,1,0.012726835632025,0.000338448576214758,Low
2015-08-10,Elastic_Net,1D,1,-0.0096030646801822,0.00028084957636518784,Low
2015-08-11,Elastic_Net,1D,1,0.0009496036382146,0.00030818771286583225,Low
2015-08-12,Elastic_Net,1D,1,-0.0012760258683812,0.00031622174752226554,Low
2015-08-13,Elastic_Net,1D,1,0.0039043322743591,0.0002920212134661297,Low
2015-08-14,Elastic_Net,1D,1,0.0051978917094029,0.0002667935314648246,Low
2015-08-17,Elastic_Net,1D,1,-0.0026289829356331,0.00029479410042015475,Low
2015-08-18,Elastic_Net,1D,1,-0.0082891364095971,0.00026885709533746227,Low
2015-08-19,Elastic_Net,1D,1,-0.0213259604541461,0.0003032164929406029,Low
2015-08-20,Elastic_Net,1D,1,-0.0323692425218784,0.0003777833354736862,Normal
2015-08-21,Elastic_Net,1D,1,-0.0402114443465191,0.0005126868150024136,High
2015-08-24,Elastic_Net,1D,1,-0.0136142497426558,0.0006815667081875921,High
2015-08-25,Elastic_Net,1D,1,0.0382912994345316,0.0007224215377472228,High
2015-08-26,Elastic_Net,1D,1,0.02400725448969,0.0005491862581080786,High
2015-08-27,Elastic_Net,1D,1,0.0006085511568762,0.00038058946365093185,High
2015-08-28,Elastic_Net,1D,1,-0.0084270786639841,0.0002579431808008084,High
2015-08-31,Elastic_Net,1D,1,-0.0300226498424279,0.00013973532427512063,High
2015-09-01,Elastic_Net,1D,1,0.0181276714232146,0.00020075909376553153,High
2015-09-02,Elastic_Net,1D,1,0.0011641156994188,0.0002757487685888612,High
2015-09-03,Elastic_Net,1D,1,-0.0154483087542762,0.00036070369579071116,High
2015-09-04,Elastic_Net,1D,1,0.0247736371970385,0.0004204200674052473,High
2015-09-08,Elastic_Net,1D,1,-0.0139950357690847,0.00029694472433095144,High
2015-09-09,Elastic_Net,1D,1,0.0052640754449356,0.00023733711964397534,High
2015-09-10,Elastic_Net,1D,1,0.0044770064449862,0.00028517756179696605,High
2015-09-11,Elastic_Net,1D,1,-0.0040980412230438,0.000272856733442273,High
2015-09-14,Elastic_Net,1D,1,0.0127496876314323,0.0002306444455123827,High
2015-09-15,Elastic_Net,1D,1,0.0086677407153759,0.00027536219509151865,High
2015-09-16,Elastic_Net,1D,1,-0.00256434444256,0.00019107804552232112,High
2015-09-17,Elastic_Net,1D,1,-0.0162962309543835,0.0002201923825560283,High
2015-09-18,Elastic_Net,1D,1,0.0045553920336726,0.00029744922922728416,High
2015-09-21,Elastic_Net,1D,1,-0.0123949300193783,0.0002652666207372678,High
2015-09-22,Elastic_Net,1D,1,-0.0020507442295939,0.0003587808781979259,High
2015-09-23,Elastic_Net,1D,1,-0.0033686518713064,0.0003986435308996577,High
2015-09-24,Elastic_Net,1D,1,-0.0004659018012205,0.00040163479579037224,High
2015-09-25,Elastic_Net,1D,1,-0.0260012111628091,0.0003427609048975382,High
2015-09-28,Elastic_Net,1D,1,0.0012320939129817,0.00045640264318608405,High
2015-09-29,Elastic_Net,1D,1,0.0188958986035651,0.0004057229692244406,High
2015-09-30,Elastic_Net,1D,1,0.0019719386783371,0.00032782121792167854,High
2015-10-01,Elastic_Net,1D,1,0.0142137930164055,0.0003079592591284725,High
2015-10-02,Elastic_Net,1D,1,0.0181245935185021,0.00025336464251177844,High
2015-10-05,Elastic_Net,1D,1,-0.0035946893441432,8.92582752195385e-05,High
2015-10-06,Elastic_Net,1D,1,0.0080035198575527,0.00010720935558520167,High
2015-10-07,Elastic_Net,1D,1,0.0087797801445584,0.00014771872918391973,High
2015-10-08,Elastic_Net,1D,1,0.0007248485605153,0.00012239998111367251,High
2015-10-09,Elastic_Net,1D,1,0.001274664477333,0.00017256612968026143,High
2015-10-12,Elastic_Net,1D,1,-0.006848823690127,0.00023523197031589805,High
2015-10-13,Elastic_Net,1D,1,-0.0047274309119391,0.0002473342802920488,High
2015-10-14,Elastic_Net,1D,1,0.014743551351355,0.00029468140739934183,High
2015-10-15,Elastic_Net,1D,1,0.004560061373697,0.0002725018044396265,High
2015-10-16,Elastic_Net,1D,1,0.000270508943873,0.00025823843072645623,High
2015-10-19,Elastic_Net,1D,1,-0.0014221010558937,0.0002619729420397947,High
2015-10-20,Elastic_Net,1D,1,-0.0058424489111342,0.00024179065314470323,Normal
2015-10-21,Elastic_Net,1D,1,0.0164908470125941,0.00024593746824835773,Normal
2015-10-22,Elastic_Net,1D,1,0.0109699539690427,0.00023943917670166815,High
2015-10-23,Elastic_Net,1D,1,-0.0019149330011001,0.00021560042302561045,High
2015-10-26,Elastic_Net,1D,1,-0.0025573858650877,0.000223728205422053,Normal
2015-10-27,Elastic_Net,1D,1,0.0117704884881434,0.0002279503939401878,Normal
2015-10-28,Elastic_Net,1D,1,-0.0004498753806607,0.00016244688199708977,Normal
2015-10-29,Elastic_Net,1D,1,-0.0048214816884254,0.00022545038825248518,Normal
2015-10-30,Elastic_Net,1D,1,0.0118038763388146,0.0002841796320315525,Normal
2015-11-02,Elastic_Net,1D,1,0.0027243529250675,0.00023315860293966206,Normal
2015-11-03,Elastic_Net,1D,1,-0.0035516669396471,0.00021351551717388597,Normal
2015-11-04,Elastic_Net,1D,1,-0.0011327897564983,0.00027049948119452937,Normal
2015-11-05,Elastic_Net,1D,1,-0.0003476817800236,0.00027303927844468174,Normal
2015-11-06,Elastic_Net,1D,1,-0.0098712906565025,0.0002564009631490714,Normal
2015-11-09,Elastic_Net,1D,1,0.0015094551534496,0.00033701213708105986,Normal
2015-11-10,Elastic_Net,1D,1,-0.0032333073215689,0.00034153041071644343,Normal
2015-11-11,Elastic_Net,1D,1,-0.0140891633366326,0.00034034641326205847,Normal
2015-11-12,Elastic_Net,1D,1,-0.0112706404321554,0.00038853190057210686,Normal
2015-11-13,Elastic_Net,1D,1,0.0147933027942343,0.0004291550025740039,Normal
2015-11-16,Elastic_Net,1D,1,-0.0013402770182465,0.00033742598230630794,Normal
2015-11-17,Elastic_Net,1D,1,0.0160332298771722,0.00034802429768730634,Normal
2015-11-18,Elastic_Net,1D,1,-0.0011237403289792,0.00027637095441523886,Normal
2015-11-19,Elastic_Net,1D,1,0.0038029552801494,0.000228151811771606,Normal
2015-11-20,Elastic_Net,1D,1,-0.001235623841684,0.00017209225541351173,Normal
2015-11-23,Elastic_Net,1D,1,0.0012212499449607,0.00023170474159506032,Normal
2015-11-24,Elastic_Net,1D,1,-0.0001291406149671,0.00022217827771096725,Normal
2015-11-25,Elastic_Net,1D,1,0.0005934415594808,0.00028228704915326196,Normal
2015-11-27,Elastic_Net,1D,1,-0.0046518001396184,0.00027590075243345277,Normal
2015-11-30,Elastic_Net,1D,1,0.0106239389467392,0.00030734446679295767,Normal
2015-12-01,Elastic_Net,1D,1,-0.0110565926394489,0.0002632380809505112,Normal
2015-12-02,Elastic_Net,1D,1,-0.01447782644415,0.00030890007304936075,Normal
2015-12-03,Elastic_Net,1D,1,0.0203178563638512,0.0003622636484867091,Normal
2015-12-04,Elastic_Net,1D,1,-0.0070140439603977,0.00028890743246100047,Normal
2015-12-07,Elastic_Net,1D,1,-0.0065110526255945,0.0002976927510492143,Normal
2015-12-08,Elastic_Net,1D,1,-0.0077690863656927,0.0003614187553867577,Normal
2015-12-09,Elastic_Net,1D,1,0.0022488565785946,0.0003491923333207353,Normal
2015-12-10,Elastic_Net,1D,1,-0.0196138677558153,0.0002869848516093827,Normal
2015-12-11,Elastic_Net,1D,1,0.004744288064068,0.0004354931957024212,High
2015-12-14,Elastic_Net,1D,1,0.0105625801059143,0.0003917632928057532,Normal
2015-12-15,Elastic_Net,1D,1,0.0144106356507714,0.0003282654854731542,Normal
2015-12-16,Elastic_Net,1D,1,-0.0151547766358764,0.00024577784283498564,High
2015-12-17,Elastic_Net,1D,1,-0.0179574950071068,0.0003105029406579161,Normal
2015-12-18,Elastic_Net,1D,1,0.0077483067271562,0.00030434279657361933,High
2015-12-21,Elastic_Net,1D,1,0.0087780955915688,0.00029317068099095914,High
2015-12-22,Elastic_Net,1D,1,0.0123415965275538,0.00029980727998906256,High
2015-12-23,Elastic_Net,1D,1,-0.0015999154038633,0.00030750215369729363,High
2015-12-24,Elastic_Net,1D,1,-0.002180936456306,0.00025709085690618503,High
2015-12-28,Elastic_Net,1D,1,0.0105736641730229,0.0001984169419295865,High
2015-12-29,Elastic_Net,1D,1,-0.0072433987837785,0.00018790927753475133,High
2015-12-30,Elastic_Net,1D,1,-0.0094564850414678,0.0002474941227182063,High
2015-12-31,Elastic_Net,1D,1,-0.0154220417978059,0.0003285624229127888,High
2016-01-04,Elastic_Net,1D,1,0.0020102041393599,0.0003799676939814161,High
2016-01-05,Elastic_Net,1D,1,-0.013202163002626,0.0003643806046822363,High
2016-01-06,Elastic_Net,1D,1,-0.0239858165193447,0.000452804252825165,High
2016-01-07,Elastic_Net,1D,1,-0.0108975374458479,0.0005150702528248571,High
2016-01-08,Elastic_Net,1D,1,0.0008529082958226,0.0005204296083509157,High
2016-01-11,Elastic_Net,1D,1,0.0077725141177746,0.0004599021469931615,High
2016-01-12,Elastic_Net,1D,1,-0.0252823750779089,0.000438471789754374,High
2016-01-13,Elastic_Net,1D,1,0.0165580609343839,0.00048339878279421216,High
2016-01-14,Elastic_Net,1D,1,-0.0218357726981623,0.0003326138057739259,High
2016-01-15,Elastic_Net,1D,1,0.0005316801874288,0.00037329372231730603,High
2016-01-19,Elastic_Net,1D,1,-0.0117627660258983,0.00037448838784967173,High
2016-01-20,Elastic_Net,1D,1,0.005181988635948,0.0004471412013579585,High
2016-01-21,Elastic_Net,1D,1,0.0200807268822134,0.0003338425069305681,High
2016-01-22,Elastic_Net,1D,1,-0.0157615451728214,0.00032074151271510815,High
2016-01-25,Elastic_Net,1D,1,0.0140452378303679,0.00029815111644948685,High
2016-01-26,Elastic_Net,1D,1,-0.0109229223005284,0.00024789343004595117,High
2016-01-27,Elastic_Net,1D,1,0.0055133507175915,0.0002447700036549984,High
2016-01-28,Elastic_Net,1D,1,0.0244586509945564,0.00024353764930203764,High
2016-01-29,Elastic_Net,1D,1,-0.0004433348455418,0.00022725590152323735,High
2016-02-01,Elastic_Net,1D,1,-0.0189209687182314,0.00017028660955487995,High
2016-02-02,Elastic_Net,1D,1,0.004979620021574,0.0002928897992115566,High
2016-02-03,Elastic_Net,1D,1,0.0015255682925234,0.00023374734345263392,High
2016-02-04,Elastic_Net,1D,1,-0.0186541582763518,0.0002485781321953248,High
2016-02-05,Elastic_Net,1D,1,-0.0142550579230573,0.0004089171121711047,High
2016-02-08,Elastic_Net,1D,1,-0.0006638406467602,0.00046028369271660226,High
2016-02-09,Elastic_Net,1D,1,-0.0001889681307609,0.0003923843991708627,High
2016-02-10,Elastic_Net,1D,1,-0.0123774473292562,0.0004116066713047153,High
2016-02-11,Elastic_Net,1D,1,0.0193300152070459,0.00046331277399396187,High
2016-02-12,Elastic_Net,1D,1,0.0163817377416849,0.00032204748104399094,High
2016-02-16,Elastic_Net,1D,1,0.0163461106256413,0.000208107502423162,High
2016-02-17,Elastic_Net,1D,1,-0.0046766321239347,0.00014484653004447363,High
2016-02-18,Elastic_Net,1D,1,-2.60332818018429e-05,0.00016153640665673752,High
2016-02-19,Elastic_Net,1D,1,0.014350731099076,0.00011560079811907462,High
2016-02-22,Elastic_Net,1D,1,-0.0125325775707884,0.00013411903778805012,High
2016-02-23,Elastic_Net,1D,1,0.0044299600346319,0.0002416530144020123,High
2016-02-24,Elastic_Net,1D,1,0.0112843667304508,0.00028596985348791935,High
2016-02-25,Elastic_Net,1D,1,-0.0018718653295646,0.0002266099945739317,High
2016-02-26,Elastic_Net,1D,1,-0.0081541310915717,0.0002334747485240901,High
2016-02-29,Elastic_Net,1D,1,0.0235883854016187,0.0003171716058889112,High
2016-03-01,Elastic_Net,1D,1,0.0040859498611019,0.00018283569837831574,High
2016-03-02,Elastic_Net,1D,1,0.0034926343203169,0.00018411509170150402,High
2016-03-03,Elastic_Net,1D,1,0.0033004398659416,0.00021309298592859437,High
2016-03-04,Elastic_Net,1D,1,0.0008846228008639,0.00019385688990062098,High
2016-03-07,Elastic_Net,1D,1,-0.0113037560560061,0.00016024125213833816,High
2016-03-08,Elastic_Net,1D,1,0.0050396727828142,0.00029000710282395606,High
2016-03-09,Elastic_Net,1D,1,0.0001557927971226,0.00028646015325066394,High
2016-03-10,Elastic_Net,1D,1,0.0162625455888514,0.00029887005590413854,High
2016-03-11,Elastic_Net,1D,1,-0.0012617686166118,0.0002506632504303883,Normal
2016-03-14,Elastic_Net,1D,1,-0.0018386309343179,0.00025864580170289494,Normal
2016-03-15,Elastic_Net,1D,1,0.0055847278817799,0.00022344446518552053,Normal
2016-03-16,Elastic_Net,1D,1,0.0065735830685963,0.00022141737439564406,Normal
2016-03-17,Elastic_Net,1D,1,0.0043959672510261,0.00019754924881467095,Normal
2016-03-18,Elastic_Net,1D,1,0.0009850919042923,0.00024168172588276803,Normal
2016-03-21,Elastic_Net,1D,1,-0.0008777728967722,0.00023332552432313758,Normal
2016-03-22,Elastic_Net,1D,1,-0.0064065095306671,0.00022975203884986392,Normal
2016-03-23,Elastic_Net,1D,1,-0.0003781417793768,0.00027434813007829026,Normal
2016-03-24,Elastic_Net,1D,1,0.0005451068880723,0.0003002019885961209,Normal
2016-03-28,Elastic_Net,1D,1,0.0087780120542374,0.0003145235564333116,Normal
2016-03-29,Elastic_Net,1D,1,0.0043408799935662,0.0002855412449345795,Normal
2016-03-30,Elastic_Net,1D,1,-0.0020418423596207,0.0002661327792039748,Low
2016-03-31,Elastic_Net,1D,1,0.0063109590665997,0.000249900334740849,Low
2016-04-01,Elastic_Net,1D,1,-0.0032134800458546,0.00022502318976382887,Low
2016-04-04,Elastic_Net,1D,1,-0.0101962984117945,0.00023900158749127158,Low
2016-04-05,Elastic_Net,1D,1,0.0104527979320131,0.00030956812299004315,Low
2016-04-06,Elastic_Net,1D,1,-0.0120480739700048,0.000286837553942957,Low
2016-04-07,Elastic_Net,1D,1,0.0027827026046162,0.00032405129614492933,Normal
2016-04-08,Elastic_Net,1D,1,-0.0027435458896038,0.000337173081799225,Normal
2016-04-11,Elastic_Net,1D,1,0.0096157538813899,0.0003354253700508311,Low
2016-04-12,Elastic_Net,1D,1,0.0099900697685578,0.00026174322523964767,Low
2016-04-13,Elastic_Net,1D,1,0.0001729124301324,0.0002634641374926229,Low
2016-04-14,Elastic_Net,1D,1,-0.0009847695761459,0.0002180135967639277,Low
2016-04-15,Elastic_Net,1D,1,0.0065197256137979,0.0002320250392276908,Low
2016-04-18,Elastic_Net,1D,1,0.0030797379028665,0.00019757440775152826,Low
2016-04-19,Elastic_Net,1D,1,0.0007612550492345,0.0002218822214343866,Low
2016-04-20,Elastic_Net,1D,1,-0.005207562857292,0.0002562047061786194,Low
2016-04-21,Elastic_Net,1D,1,4.785857954074228e-05,0.0002762149985710629,Low
2016-04-22,Elastic_Net,1D,1,-0.0018136896207629,0.0002723745959627179,Low
2016-04-25,Elastic_Net,1D,1,0.0018710001742369,0.00030336703929963855,Low
2016-04-26,Elastic_Net,1D,1,0.0016479941117468,0.00030786240338618833,Low
2016-04-27,Elastic_Net,1D,1,-0.0092736360615616,0.00030456457057982927,Low
2016-04-28,Elastic_Net,1D,1,-0.0050759492305571,0.0003196865271654644,Low
2016-04-29,Elastic_Net,1D,1,0.0077796066972441,0.00033874225866977625,Low
2016-05-02,Elastic_Net,1D,1,-0.0087144993883958,0.0003030642462125229,Low
2016-05-03,Elastic_Net,1D,1,-0.0059545827054725,0.00034243231874385487,Low
2016-05-04,Elastic_Net,1D,1,-0.0002390366927941,0.00037070673260542175,Low
2016-05-05,Elastic_Net,1D,1,0.0031696105535526,0.0003371065457520102,Low
2016-05-06,Elastic_Net,1D,1,0.0007532133076099,0.0003064408418122397,Low
2016-05-09,Elastic_Net,1D,1,0.0124063652360373,0.00033257239686640606,Low
2016-05-10,Elastic_Net,1D,1,-0.0096075228778687,0.00025402270485240687,Low
2016-05-11,Elastic_Net,1D,1,-0.0001694792679642,0.0002676081962889341,Low
2016-05-12,Elastic_Net,1D,1,-0.0085144341617524,0.00026734950828563364,Low
2016-05-13,Elastic_Net,1D,1,0.0097489763896127,0.00031080313247123126,Low
2016-05-16,Elastic_Net,1D,1,-0.0094558635521628,0.0002773473799683346,Low
2016-05-17,Elastic_Net,1D,1,0.0002051576864012,0.0003586542473049173,Low
2016-05-18,Elastic_Net,1D,1,-0.0037135945227206,0.00032216033240791537,Low
2016-05-19,Elastic_Net,1D,1,0.0060014592228046,0.0003353410978109181,Low
2016-05-20,Elastic_Net,1D,1,-0.0020876365681016,0.0002813556680029941,Low
2016-05-23,Elastic_Net,1D,1,0.0135886375339901,0.0003253767021249494,Low
2016-05-24,Elastic_Net,1D,1,0.0069505296515834,0.00023967289713774386,Normal
2016-05-25,Elastic_Net,1D,1,-0.0002104660499285,0.00021458647668069547,Normal
2016-05-26,Elastic_Net,1D,1,0.0042776949394394,0.00020155814344167787,Normal
2016-05-27,Elastic_Net,1D,1,-0.0010057686205899,0.00020796892046102557,Normal
2016-05-31,Elastic_Net,1D,1,0.0011343986539261,0.0002039453922774987,Normal
2016-06-01,Elastic_Net,1D,1,0.0028206961669861,0.00025026341219256,Low
2016-06-02,Elastic_Net,1D,1,-0.0029160622366948,0.00026562249687268956,Low
2016-06-03,Elastic_Net,1D,1,0.0048853285193636,0.00027568476236057555,Low
2016-06-06,Elastic_Net,1D,1,0.0012886156291976,0.0002734249386550064,Low
2016-06-07,Elastic_Net,1D,1,0.0033041019719547,0.00026489199365548716,Low
2016-06-08,Elastic_Net,1D,1,-0.0017192355978938,0.0002568227441042286,Low
2016-06-09,Elastic_Net,1D,1,-0.0092175324101661,0.00027370700752038415,Low
2016-06-10,Elastic_Net,1D,1,-0.0081482987897094,0.0002971425320674694,Low
2016-06-13,Elastic_Net,1D,1,-0.0018005050719719,0.00034561533037178686,Low
2016-06-14,Elastic_Net,1D,1,-0.0018424090638101,0.00035710394525501624,Low
2016-06-15,Elastic_Net,1D,1,0.0031280931110455,0.0003762441113416982,Low
2016-06-16,Elastic_Net,1D,1,-0.0032632841446089,0.0003582166212768581,Low
2016-06-17,Elastic_Net,1D,1,0.0057913827784231,0.0003360724346750767,Low
2016-06-20,Elastic_Net,1D,1,0.0027083906042097,0.00028422996925425514,Low
2016-06-21,Elastic_Net,1D,1,-0.0016529289965758,0.00026746113081013175,Low
2016-06-22,Elastic_Net,1D,1,0.0132755670719551,0.00026675644370623223,Low
2016-06-23,Elastic_Net,1D,1,-0.0365807928055826,0.00022901741320141813,Low
2016-06-24,Elastic_Net,1D,1,-0.0182622465117027,0.0003529271153149264,Normal
2016-06-27,Elastic_Net,1D,1,0.0176141216040879,0.00044238392525880504,Normal
2016-06-28,Elastic_Net,1D,1,0.0168892429712539,0.00038694866727559233,High
2016-06-29,Elastic_Net,1D,1,0.0134738631494661,0.0003179892793318456,High
2016-06-30,Elastic_Net,1D,1,0.001946706293032,0.0003172518049863089,High
2016-07-01,Elastic_Net,1D,1,-0.0068710289855987,0.00017396585329449717,High
2016-07-05,Elastic_Net,1D,1,0.0053386870582759,0.00013160127001390337,High
2016-07-06,Elastic_Net,1D,1,-0.000871957886733,0.00017725430648079588,High
2016-07-07,Elastic_Net,1D,1,0.0151381865659924,0.00024330921862580955,High
2016-07-08,Elastic_Net,1D,2,0.0034028193119982,-4.962153403775425e-05,High
2016-07-11,Elastic_Net,1D,2,0.0069848423073457,4.797950359008529e-05,High
2016-07-12,Elastic_Net,1D,2,0.0001347586749817,-0.0002385696106823846,High
2016-07-13,Elastic_Net,1D,2,0.0052454228016969,-0.00014020689737743113,High
2016-07-14,Elastic_Net,1D,2,-0.0009293790598711,-0.00027774931862172095,High
2016-07-15,Elastic_Net,1D,2,0.0023794618218687,1.3013625508186079e-05,High
2016-07-18,Elastic_Net,1D,2,-0.0014362045004153,5.888332149009293e-05,High
2016-07-19,Elastic_Net,1D,2,0.0042612083157639,0.00015483128338095168,High
2016-07-20,Elastic_Net,1D,2,-0.0036190698565249,7.915692382282907e-05,High
2016-07-21,Elastic_Net,1D,2,0.0045436267895102,0.0003382557526237644,High
2016-07-22,Elastic_Net,1D,2,-0.0030160187399297,4.6289975887496386e-05,High
2016-07-25,Elastic_Net,1D,2,0.0003227321607194,0.0006282330737974883,Normal
2016-07-26,Elastic_Net,1D,2,-0.0011992609468086,0.000421680853653643,Normal
2016-07-27,Elastic_Net,1D,2,0.0016049204480924,0.00022418555934730172,Low
2016-07-28,Elastic_Net,1D,2,0.0016299801176578,0.00010401393786697253,Low
2016-07-29,Elastic_Net,1D,2,-0.001270594147491,0.00018191309482351657,Low
2016-08-01,Elastic_Net,1D,2,-0.0063819408126676,0.00027888293480536944,Low
2016-08-02,Elastic_Net,1D,2,0.003129042716071,0.0005278814681494592,Low
2016-08-03,Elastic_Net,1D,2,0.000212549299489,0.00026271504186144585,Low
2016-08-04,Elastic_Net,1D,2,0.00856669728938,0.0003592407268520291,Low
2016-08-05,Elastic_Net,1D,2,-0.0009075772915415,3.802284984978226e-05,Low
2016-08-08,Elastic_Net,1D,2,0.0003897179865559,0.00019565957265010812,Low
2016-08-09,Elastic_Net,1D,2,-0.0028687970634882,3.80016338224606e-05,Low
2016-08-10,Elastic_Net,1D,2,0.0047234151024436,0.00023642636004433482,Low
2016-08-11,Elastic_Net,1D,2,-0.000796363386914,4.7891467508081014e-05,Low
2016-08-12,Elastic_Net,1D,2,0.0027890162945217,0.0002998415319264444,Low
2016-08-15,Elastic_Net,1D,2,-0.0054941422164782,0.0001921175541493501,Low
2016-08-16,Elastic_Net,1D,2,0.0018668460061555,0.0003821070925860454,Low
2016-08-17,Elastic_Net,1D,2,0.0021972016963824,0.00020065591491960944,Low
2016-08-18,Elastic_Net,1D,2,-0.0014413095687681,0.000305459521193314,Low
2016-08-19,Elastic_Net,1D,2,-0.0005634818833231,0.00026950373712621,Low
2016-08-22,Elastic_Net,1D,2,0.0019498671783617,0.0003951844106747233,Low
2016-08-23,Elastic_Net,1D,2,-0.0052540552596718,0.0002347423181504759,Low
2016-08-24,Elastic_Net,1D,2,-0.0013661603966454,0.00041478177233821066,Low
2016-08-25,Elastic_Net,1D,2,-0.0015800642387132,0.00042740591777358744,Low
2016-08-26,Elastic_Net,1D,2,0.0052144284286743,0.0004478426369001106,Low
2016-08-29,Elastic_Net,1D,2,-0.0019555914071227,0.00029699868425098034,Low
2016-08-30,Elastic_Net,1D,2,-0.0023786911055626,0.00046407208788871936,Low
2016-08-31,Elastic_Net,1D,2,-4.138538941144249e-05,0.0003323947606253078,Low
2016-09-01,Elastic_Net,1D,2,0.0041922415990346,0.00032435104663629385,Low
2016-09-02,Elastic_Net,1D,2,0.0029772423700053,0.00012955264575570643,Low
2016-09-06,Elastic_Net,1D,2,-0.0001463959382934,0.00023904795677636554,Low
2016-09-07,Elastic_Net,1D,2,-0.0022254881924702,0.000211550682918164,Low
2016-09-08,Elastic_Net,1D,2,-0.0248277424108364,0.0002503096288984753,Low
2016-09-09,Elastic_Net,1D,2,0.0145703872334344,0.0008169209795489572,Low
2016-09-12,Elastic_Net,1D,2,-0.0149417482782108,0.0003556610131249651,Normal
2016-09-13,Elastic_Net,1D,2,-0.0005878493998128,0.0008831283762011518,Normal
2016-09-14,Elastic_Net,1D,2,0.0100585164494398,0.0009023237940531607,Normal
2016-09-15,Elastic_Net,1D,2,-0.0037794277955721,0.0004917428227483745,Normal
2016-09-16,Elastic_Net,1D,2,-1.8603233824686035e-05,0.00021064789195711402,Normal
2016-09-19,Elastic_Net,1D,2,0.0002990934842341,0.0005179785976233921,Normal
2016-09-20,Elastic_Net,1D,2,0.0108580003336359,0.00022774932780748799,Normal
2016-09-21,Elastic_Net,1D,2,0.0064787519176421,-0.00011318580764509248,Normal
2016-09-22,Elastic_Net,1D,2,-0.0057532929597187,5.796834811011152e-05,Normal
2016-09-23,Elastic_Net,1D,2,-0.008624850117916,0.00012800768637166873,Normal
2016-09-26,Elastic_Net,1D,2,0.0064234951652981,0.0003193460034869954,Normal
2016-09-27,Elastic_Net,1D,2,0.0052825766036424,3.739560446469744e-05,Normal
2016-09-28,Elastic_Net,1D,2,-0.0093651277300811,0.00020711738126771175,Normal
2016-09-29,Elastic_Net,1D,2,0.0079363925880277,0.0006226531298817849,Normal
2016-09-30,Elastic_Net,1D,2,-0.0032660231815271,0.00023716781464558476,Normal
2016-10-03,Elastic_Net,1D,2,-0.004967881786362,0.00014603013755698917,Normal
2016-10-04,Elastic_Net,1D,2,0.0042874862311969,0.0004216376525802139,Normal
2016-10-05,Elastic_Net,1D,2,0.0004814438526045,0.00039515182014956057,Normal
2016-10-06,Elastic_Net,1D,2,-0.0032587874416142,0.0002286540156879508,Normal
2016-10-07,Elastic_Net,1D,2,0.0045953303173243,0.0006919177872701525,Normal
2016-10-10,Elastic_Net,1D,2,-0.0125245776977559,0.00015012365853179826,Normal
2016-10-11,Elastic_Net,1D,2,0.0011459322063988,0.0006564633426363245,Low
2016-10-12,Elastic_Net,1D,2,-0.0031040764122339,0.0004976948750693875,Low
2016-10-13,Elastic_Net,1D,2,0.0002015841591211,0.00045523019210562827,Low
2016-10-14,Elastic_Net,1D,2,-0.0030426181118402,0.0005531594377152842,Low
2016-10-17,Elastic_Net,1D,2,0.0061415056056986,0.0006587954515090584,Low
2016-10-18,Elastic_Net,1D,2,0.0021895721553504,0.0002779076769690602,Low
2016-10-19,Elastic_Net,1D,2,-0.0013766711313809,0.0001484027517591546,Low
2016-10-20,Elastic_Net,1D,2,-8.414514015477906e-05,0.00017791807738403776,Low
2016-10-21,Elastic_Net,1D,2,0.0047385946474273,0.00028034759463206274,Low
2016-10-24,Elastic_Net,1D,2,-0.0038049574647063,0.0001540521071467662,Low
2016-10-25,Elastic_Net,1D,2,-0.0017419279211872,0.0002444352857017345,Low
2016-10-26,Elastic_Net,1D,2,-0.0029911959060088,0.00029793287928849195,Low
2016-10-27,Elastic_Net,1D,2,-0.003113140139625,0.0005102058894303392,Low
2016-10-28,Elastic_Net,1D,2,-0.0001222838841985,0.0003962394268711166,Low
2016-10-31,Elastic_Net,1D,2,-0.006810019108735,0.0005746437407905026,Low
2016-11-01,Elastic_Net,1D,2,-0.006546884453454,0.0006996299086929946,Low
2016-11-02,Elastic_Net,1D,2,-0.0044332130226093,0.0006929422815383209,Low
2016-11-03,Elastic_Net,1D,2,-0.0016675202716929,0.0007468960482393608,Low
2016-11-04,Elastic_Net,1D,2,0.0219801997294649,0.0006999124498739397,Low
2016-11-07,Elastic_Net,1D,2,0.0037648783971575,8.829604238607387e-05,Normal
2016-11-08,Elastic_Net,1D,2,0.011016119879656,0.00010833334799522436,Low
2016-11-09,Elastic_Net,1D,2,0.0019488457160953,-0.0004137292594849742,Low
2016-11-10,Elastic_Net,1D,2,-0.0013989283477976,-0.00036746961133570275,Low
2016-11-11,Elastic_Net,1D,2,-0.0001155094571832,-0.00039928675092094993,Low
2016-11-14,Elastic_Net,1D,2,0.0074529550220894,5.789096230728998e-05,Low
2016-11-15,Elastic_Net,1D,2,-0.0015835165223759,-0.00014876580768489464,Low
2016-11-16,Elastic_Net,1D,2,0.0046654693611979,0.000166315001740725,Low
2016-11-17,Elastic_Net,1D,2,-0.0023896513655484,0.0001174886919649162,Low
2016-11-18,Elastic_Net,1D,2,0.0074337020708738,0.0001748208094792756,Low
2016-11-21,Elastic_Net,1D,2,0.002163091103593,-7.040172251937657e-05,Normal
2016-11-22,Elastic_Net,1D,2,0.0008076981569088,0.00013564967459060143,Normal
2016-11-23,Elastic_Net,1D,2,0.0039067456134237,5.8609906384692175e-05,Low
2016-11-25,Elastic_Net,1D,2,-0.0052683892547352,8.127342939182836e-05,Low
2016-11-28,Elastic_Net,1D,2,0.0013344023532619,0.00019731417657411509,Normal
2016-11-29,Elastic_Net,1D,2,-0.0026569305551563,0.0002432561994163914,Low
2016-11-30,Elastic_Net,1D,2,-0.0035217229667638,0.000426087401903212,Low
2016-12-01,Elastic_Net,1D,2,0.0003969277200846,0.0005208623424378955,Low
2016-12-02,Elastic_Net,1D,2,0.0058044269267436,0.0005277303581708647,Low
2016-12-05,Elastic_Net,1D,2,0.0034050844688746,0.00027981940642673433,Low
2016-12-06,Elastic_Net,1D,2,0.0130773587447233,2.7331597986823266e-05,Low
2016-12-07,Elastic_Net,1D,2,0.0021570150168711,-0.00021219543476223406,Low
2016-12-08,Elastic_Net,1D,2,0.0059214185329697,-0.0002847584807569421,Low
2016-12-09,Elastic_Net,1D,2,-0.0011380822905995,-0.0003174659507671985,Low
2016-12-12,Elastic_Net,1D,2,0.0065184832012369,-0.00011540879242596692,Low
2016-12-13,Elastic_Net,1D,2,-0.0081502954618586,-0.0002189212284872478,Low
2016-12-14,Elastic_Net,1D,2,0.0038757076875535,0.0001985061258854804,Low
2016-12-15,Elastic_Net,1D,2,-0.0017521567509802,0.0001653332781546454,Low
2016-12-16,Elastic_Net,1D,2,0.0019731727152112,0.0003109491050075639,Low
2016-12-19,Elastic_Net,1D,2,0.0036309124011527,0.00027112882266045,Low
2016-12-20,Elastic_Net,1D,2,-0.0024603857246776,0.00023234946054279733,Low
2016-12-21,Elastic_Net,1D,2,-0.0018647112223965,0.00020885423062340667,Low
2016-12-22,Elastic_Net,1D,2,0.0012509325350792,0.00032025629016276544,Low
2016-12-23,Elastic_Net,1D,2,0.0022458489045486,0.0002145352053056802,Low
2016-12-27,Elastic_Net,1D,2,-0.0083916407097715,0.00028931745721971915,Low
2016-12-28,Elastic_Net,1D,2,-0.0002933477318683,0.0005479132620004933,Low
2016-12-29,Elastic_Net,1D,2,-0.0046478346968542,0.0004720466842868064,Low
2016-12-30,Elastic_Net,1D,2,0.0084507667531571,0.0005741309543380608,Low
2017-01-03,Elastic_Net,1D,2,0.0057059637705494,0.0003330342521156611,Low
2017-01-04,Elastic_Net,1D,2,-0.0007709676024811,0.00019682990601366314,Low
2017-01-05,Elastic_Net,1D,2,0.003510789180579,0.00011184449248664795,Low
2017-01-06,Elastic_Net,1D,2,-0.0035549054715596,-5.646411028112472e-05,Low
2017-01-09,Elastic_Net,1D,2,0.0,5.56483218453361e-05,Low
2017-01-10,Elastic_Net,1D,2,0.0028256423891019,0.00017237144242976922,Low
2017-01-11,Elastic_Net,1D,2,-0.0021471123937296,0.000253239956896917,Low
2017-01-12,Elastic_Net,1D,2,0.0018481313951466,0.00023966959142422977,Low
2017-01-13,Elastic_Net,1D,2,-0.0029719144562184,0.0003922287438686195,Low
2017-01-17,Elastic_Net,1D,2,0.0017622004698093,0.0002858944835114897,Low
2017-01-18,Elastic_Net,1D,2,-0.0036158376243193,0.000290500936498299,Low
2017-01-19,Elastic_Net,1D,2,0.0033605840612999,0.00041773967179518565,Low
2017-01-20,Elastic_Net,1D,2,-0.0026937496460698,0.00026762968688309166,Low
2017-01-23,Elastic_Net,1D,2,0.0065431405289623,0.000413845132834207,Low
2017-01-24,Elastic_Net,1D,2,0.0079940527959686,0.00017778573878910028,Low
2017-01-25,Elastic_Net,1D,2,-0.0007356549352631,3.6403606502425305e-05,Low
2017-01-26,Elastic_Net,1D,2,-0.0008668394897415,1.8212784059200087e-05,Low
2017-01-27,Elastic_Net,1D,2,-0.0060276734960966,0.00020746061262999336,Low
2017-01-30,Elastic_Net,1D,2,-0.0008903016080325,0.0002029323063701349,Low
2017-01-31,Elastic_Net,1D,2,0.0002983189881162,0.0003446408182285875,Low
2017-02-01,Elastic_Net,1D,2,0.000570146838691,0.00041329769655404586,Low
2017-02-02,Elastic_Net,1D,2,0.0072384968545536,0.0003706427151629493,Low
2017-02-03,Elastic_Net,1D,2,-0.0021175975137091,0.0002564273012296671,Low
2017-02-06,Elastic_Net,1D,2,0.0002268034638457,0.00018195179528430634,Low
2017-02-07,Elastic_Net,1D,2,0.0006930821486096,0.00023599709661519008,Low
2017-02-08,Elastic_Net,1D,2,0.0057360637359602,0.0001639556321584794,Low
2017-02-09,Elastic_Net,1D,2,0.003559706822009,1.8634278044910404e-05,Low
2017-02-10,Elastic_Net,1D,2,0.0052321335840112,0.00015449913733319107,Low
2017-02-13,Elastic_Net,1D,2,0.0039993271956725,-2.5570394204598964e-05,Low
2017-02-14,Elastic_Net,1D,2,0.0049798886657344,-7.525867728279699e-05,Low
2017-02-15,Elastic_Net,1D,2,-0.0008644916015501,-0.00020342807547468186,Low
2017-02-16,Elastic_Net,1D,2,0.0016771493272371,2.8162707391503317e-05,Low
2017-02-17,Elastic_Net,1D,2,0.0060298500200691,-3.234861715097905e-05,Low
2017-02-21,Elastic_Net,1D,2,-0.001082786146804,-6.255826001302174e-06,Low
2017-02-22,Elastic_Net,1D,2,0.0004188989712592,3.822258864851416e-05,Low
2017-02-23,Elastic_Net,1D,2,0.0014922502320316,0.00013883839089142298,Low
2017-02-24,Elastic_Net,1D,2,0.0010174652677336,0.00010962220868935104,Low
2017-02-27,Elastic_Net,1D,2,-0.0025817061151949,0.00014954617264025403,Low
2017-02-28,Elastic_Net,1D,2,0.0135812110837253,0.00038225478736702727,Low
2017-03-01,Elastic_Net,1D,2,-0.0058771169721052,-2.35655491835667e-06,Low
2017-03-02,Elastic_Net,1D,2,0.0005037503685347,0.0001981565971952905,Low
2017-03-03,Elastic_Net,1D,2,-0.0032826227635658,0.00017658950471890984,Low
2017-03-06,Elastic_Net,1D,2,-0.0029176259020898,0.00020077933449841003,Low
2017-03-07,Elastic_Net,1D,2,-0.0022868279640638,0.0003012210605734125,Low
2017-03-08,Elastic_Net,1D,2,0.0007995756127663,0.0005939173467884692,Low
2017-03-09,Elastic_Net,1D,2,0.0032633397058585,0.0004329956985472304,Low
2017-03-10,Elastic_Net,1D,2,0.0003665656191696,0.00033975869987384113,Low
2017-03-13,Elastic_Net,1D,2,-0.003384748980891,0.00028095551634246834,Low
2017-03-14,Elastic_Net,1D,2,0.0083398791246863,0.0002974516064891876,Low
2017-03-15,Elastic_Net,1D,2,-0.0016280347991836,4.417608986454592e-05,Low
2017-03-16,Elastic_Net,1D,2,-0.0013151792642314,0.0001508260607146476,Low
2017-03-17,Elastic_Net,1D,2,-0.0020119160803802,0.0002936484844773725,Low
2017-03-20,Elastic_Net,1D,2,-0.0124855945901021,0.0003131128779363874,Low
2017-03-21,Elastic_Net,1D,2,0.0018881028474626,0.0005631856005614386,Low
2017-03-22,Elastic_Net,1D,2,-0.00106083214483,0.0005989441645205954,Low
2017-03-23,Elastic_Net,1D,2,-0.0008443522139384,0.0005820793148665536,Low
2017-03-24,Elastic_Net,1D,2,-0.0010201075858456,0.0005919894160289175,Low
2017-03-27,Elastic_Net,1D,2,0.0072253088296239,0.0005033852460992938,Low
2017-03-28,Elastic_Net,1D,2,0.0010847362038301,0.00014255093412887248,Low
2017-03-29,Elastic_Net,1D,2,0.002930810911705,6.483912751878554e-05,Low
2017-03-30,Elastic_Net,1D,2,-0.0022575939382668,0.00015666037350374712,Low
2017-03-31,Elastic_Net,1D,2,-0.0016434753080133,0.00016016713756736544,Low
2017-04-03,Elastic_Net,1D,2,0.0005593660746613,0.00021525056773462025,Low
2017-04-04,Elastic_Net,1D,2,-0.0030595368115221,0.00030136071265071055,Low
2017-04-05,Elastic_Net,1D,2,0.0019276502937349,0.0004446049271681216,Low
2017-04-06,Elastic_Net,1D,2,-0.0008274724629448,0.00037326260472248,Low
2017-04-07,Elastic_Net,1D,2,0.0006874501357832,0.0003386312541802397,Low
2017-04-10,Elastic_Net,1D,2,-0.0014349082919582,0.0003189309439447952,Low
2017-04-11,Elastic_Net,1D,2,-0.0037670374189869,0.0003876131607365914,Low
2017-04-12,Elastic_Net,1D,2,-0.0068380202898042,0.00032900068328487646,Low
2017-04-13,Elastic_Net,1D,2,0.0085764656911072,0.0006039749807588669,Low
2017-04-17,Elastic_Net,1D,2,-0.0029076028458332,0.00031388776553630866,Low
2017-04-18,Elastic_Net,1D,2,-0.0017178253968685,0.0004368872341574879,Low
2017-04-19,Elastic_Net,1D,2,0.0075288503629738,0.0005766857915972031,Low
2017-04-20,Elastic_Net,1D,2,-0.0030396881071153,0.00015547420315526435,Low
2017-04-21,Elastic_Net,1D,2,0.0107817365881118,0.0001755037799777146,Low
2017-04-24,Elastic_Net,1D,2,0.0060722142117511,0.00010500251526237157,Low
2017-04-25,Elastic_Net,1D,2,-0.0004858214756873,-8.756125500765388e-05,Low
2017-04-26,Elastic_Net,1D,2,0.0005527670002992,-0.00014404067207428979,Low
2017-04-27,Elastic_Net,1D,2,-0.00191497947149,4.362133517584713e-05,Low
2017-04-28,Elastic_Net,1D,2,0.0017307918268938,3.823436791455616e-05,Low
2017-05-01,Elastic_Net,1D,2,0.0011883435858115,0.0002189852270805052,Low
2017-05-02,Elastic_Net,1D,2,-0.0012721693958273,0.0002999930230934716,Low
2017-05-03,Elastic_Net,1D,2,0.0005819332878695,0.00029037001670355035,Low
2017-05-04,Elastic_Net,1D,2,0.0040803594074783,0.0003309116579484425,Low
2017-05-05,Elastic_Net,1D,2,3.7445271907879016e-05,0.00014654594564651955,Low
2017-05-08,Elastic_Net,1D,2,-0.0010257745567932,0.00022699638761569812,Low
2017-05-09,Elastic_Net,1D,2,0.0011299627174494,0.0002748953650815897,Low
2017-05-10,Elastic_Net,1D,2,-0.0021651513741066,0.00022096590796559474,Low
2017-05-11,Elastic_Net,1D,2,-0.0014795353407942,0.0003025717863984258,Low
2017-05-12,Elastic_Net,1D,2,0.0047651423030152,0.00044058624790196683,Low
2017-05-15,Elastic_Net,1D,2,-0.000687133036986,0.00018056759919485738,Low
2017-05-16,Elastic_Net,1D,2,-0.018345468171115,0.0003138732581496721,Low
2017-05-17,Elastic_Net,1D,2,0.0036800386272159,0.0007571308491533881,Low
2017-05-18,Elastic_Net,1D,2,0.0067447032082007,0.00044377576466223174,Low
2017-05-19,Elastic_Net,1D,2,0.0051468632960084,0.00036232981390714046,Low
2017-05-22,Elastic_Net,1D,2,0.0018361851723804,0.00024633700687300646,Low
2017-05-23,Elastic_Net,1D,2,0.0024860338045762,0.00026243607744401117,Low
2017-05-24,Elastic_Net,1D,2,0.0044321120419781,-7.222311566736848e-05,Low
2017-05-25,Elastic_Net,1D,2,0.0003105017853024,-0.00010553394449395152,Low
2017-05-26,Elastic_Net,1D,2,-0.0012053507295338,4.98772844854089e-05,Low
2017-05-30,Elastic_Net,1D,2,-0.0004600746199513,0.00014132860327144026,Low
2017-05-31,Elastic_Net,1D,2,0.0075425955848472,0.00020958855368733586,Low
2017-06-01,Elastic_Net,1D,2,0.003700874618046,6.679039776275752e-05,Low
2017-06-02,Elastic_Net,1D,2,-0.0012184071404286,8.150092346219688e-05,Low
2017-06-05,Elastic_Net,1D,2,-0.002782908666204,0.00011940557404868462,Low
2017-06-06,Elastic_Net,1D,2,0.0015670287963475,0.00019206387745221713,Low
2017-06-07,Elastic_Net,1D,2,0.0002671690356647,0.00015112921211243174,Low
2017-06-08,Elastic_Net,1D,2,-0.0008303338661872,0.0002697841300547851,Low
2017-06-09,Elastic_Net,1D,2,-0.0009792424797181,0.0003996889469133041,Low
2017-06-12,Elastic_Net,1D,2,0.0045013588432301,0.0003598623184172967,Low
2017-06-13,Elastic_Net,1D,2,-0.0009963269653176,0.00016000195721512834,Low
2017-06-14,Elastic_Net,1D,2,-0.0022421097968403,0.0002945268675762792,Low
2017-06-15,Elastic_Net,1D,2,0.0002835991500596,0.0004465867838814721,Low
2017-06-16,Elastic_Net,1D,2,0.0083125832068939,0.0002606328319012452,Low
2017-06-19,Elastic_Net,1D,2,-0.0067191604469316,2.4543055908678808e-05,Low
2017-06-20,Elastic_Net,1D,2,-0.0005828141932715,0.00033121342774192447,Low
2017-06-21,Elastic_Net,1D,2,-0.000455885972438,0.0003304368110958445,Low
2017-06-22,Elastic_Net,1D,2,0.001559698555409,0.00028227311181505725,Low
2017-06-23,Elastic_Net,1D,2,0.0003157519397323,0.00021692450850955178,Low
2017-06-26,Elastic_Net,1D,2,-0.0081055865756729,0.00042935138981231005,Low
2017-06-27,Elastic_Net,1D,2,0.008769501646551,0.0005173095169293475,Low
2017-06-28,Elastic_Net,1D,2,-0.0086372168441413,0.0002361906870436655,Low
2017-06-29,Elastic_Net,1D,2,0.0015320576108735,0.00043241982381891307,Low
2017-06-30,Elastic_Net,1D,2,0.0023081679791475,0.000420771225337593,Low
2017-07-03,Elastic_Net,1D,2,0.0014522240362887,0.00040302096292030786,Low
2017-07-05,Elastic_Net,1D,2,-0.0094129873068661,0.00022187726672057286,Low
2017-07-06,Elastic_Net,1D,2,0.0063827125696158,0.0005825912472863554,Low
2017-07-07,Elastic_Net,1D,2,0.0009273361035125,0.0002288543691701812,Low
2017-07-10,Elastic_Net,1D,2,-0.0007829870660821,0.000266752670231008,Low
2017-07-11,Elastic_Net,1D,2,0.0072790509478214,0.00034910487470000355,Low
2017-07-12,Elastic_Net,1D,2,0.001872829473473,0.00015970451336638005,Low
2017-07-13,Elastic_Net,1D,2,0.0046626161700092,6.0452207953163705e-06,Low
2017-07-14,Elastic_Net,1D,2,-5.291423670686425e-05,2.7302011996912948e-05,Low
2017-07-17,Elastic_Net,1D,2,0.0005976786981109,5.9957684752643146e-05,Low
2017-07-18,Elastic_Net,1D,2,0.0053582582160534,-4.944131397218018e-05,Low
2017-07-19,Elastic_Net,1D,2,-0.000153671088607,9.641629085363265e-05,Low
2017-07-20,Elastic_Net,1D,2,-0.0003679393292088,0.00012109065930385852,Low
2017-07-21,Elastic_Net,1D,2,-0.0010643009954088,0.000192625863141177,Low
2017-07-24,Elastic_Net,1D,2,0.002918907519898,0.0002211768871887991,Low
2017-07-25,Elastic_Net,1D,2,0.0002826240061194,0.0001842295400082176,Low
2017-07-26,Elastic_Net,1D,2,-0.0009731616373937,0.00035289382901751876,Low
2017-07-27,Elastic_Net,1D,2,-0.001342015678116,0.00024394533204574384,Low
2017-07-28,Elastic_Net,1D,2,-0.0007284108345598,0.00037599745833185997,Low
2017-07-31,Elastic_Net,1D,2,0.0024461207749384,0.000313935473410895,Low
2017-08-01,Elastic_Net,1D,2,0.0004925274073474,0.00029737311035324046,Low
2017-08-02,Elastic_Net,1D,2,-0.0021860418349456,0.000305228317397231,Low
2017-08-03,Elastic_Net,1D,2,0.0018873214175395,0.00042780054168483234,Low
2017-08-04,Elastic_Net,1D,2,0.0016458446442804,0.00021946548257979203,Low
2017-08-07,Elastic_Net,1D,3,-0.0024173522303853,0.00021866386811339336,Low
2017-08-08,Elastic_Net,1D,3,-0.0003636747927123,0.0003498471587226821,Low
2017-08-09,Elastic_Net,1D,3,-0.0145802184007415,0.00025638417836448206,Low
2017-08-10,Elastic_Net,1D,3,0.0012747571279871,0.0006657231175699866,Low
2017-08-11,Elastic_Net,1D,3,0.0099936512460494,0.0005508813317443703,Low
2017-08-14,Elastic_Net,1D,3,-0.0004989323268834,0.0003922658497801555,Low
2017-08-15,Elastic_Net,1D,3,0.0014190955233323,0.00040830074093172456,Low
2017-08-16,Elastic_Net,1D,3,-0.0155573424871914,0.00032423673937331175,Low
2017-08-17,Elastic_Net,1D,3,-0.0018370536613519,0.0005090951608732813,Low
2017-08-18,Elastic_Net,1D,3,0.0011619757145661,0.0004515208487000557,Low
2017-08-21,Elastic_Net,1D,3,0.009891695260625,0.0006022077664301038,Low
2017-08-22,Elastic_Net,1D,3,-0.003459570132639,0.0003163836158023767,Low
2017-08-23,Elastic_Net,1D,3,-0.0020766167471384,0.0005033260079763649,Low
2017-08-24,Elastic_Net,1D,3,0.0016714716689374,0.00029334534144619676,Low
2017-08-25,Elastic_Net,1D,3,0.000486953473296,0.00020316356054407943,Low
2017-08-28,Elastic_Net,1D,3,0.0008424667620097,0.0002163941330643034,Low
2017-08-29,Elastic_Net,1D,3,0.004604531788061,0.0002925891826471452,Low
2017-08-30,Elastic_Net,1D,3,0.0057046735847135,0.00016907229774971763,Low
2017-08-31,Elastic_Net,1D,3,0.0019805780423351,5.5293272635822e-05,Low
2017-09-01,Elastic_Net,1D,3,-0.0075794585521449,4.361299373261242e-05,Low
2017-09-05,Elastic_Net,1D,3,0.0031238424931441,0.00025105632687421144,Low
2017-09-06,Elastic_Net,1D,3,-0.0001784520448537,0.00018673378206872097,Low
2017-09-07,Elastic_Net,1D,3,-0.0014899601434577,0.0002772871224983499,Low
2017-09-08,Elastic_Net,1D,3,0.010780975197147,0.000515044082778674,Low
2017-09-11,Elastic_Net,1D,3,0.0033583025948831,0.00017184666943380366,Low
2017-09-12,Elastic_Net,1D,3,0.0007568342480825,-6.600254347033683e-05,Low
2017-09-13,Elastic_Net,1D,3,-0.0011013238508279,6.093492843165595e-05,Low
2017-09-14,Elastic_Net,1D,3,0.0018454775461593,7.584117986131559e-05,Low
2017-09-15,Elastic_Net,1D,3,0.0014548619291293,0.00013437419042496175,Low
2017-09-18,Elastic_Net,1D,3,0.0011095796167313,0.0002118567999931915,Low
2017-09-19,Elastic_Net,1D,3,0.0006341467023094,0.0002338216878314805,Low
2017-09-20,Elastic_Net,1D,3,-0.0030505659469148,0.00016345323545745768,Low
2017-09-21,Elastic_Net,1D,3,0.000647583995167,0.00033462531495708576,Low
2017-09-22,Elastic_Net,1D,3,-0.0022245226998538,0.00030292599836115634,Low
2017-09-25,Elastic_Net,1D,3,7.216412589487934e-05,0.0003706923176690157,Low
2017-09-26,Elastic_Net,1D,3,0.0040768224019879,0.0004048241778736692,Low
2017-09-27,Elastic_Net,1D,3,0.001203890628938,0.0003082486326437382,Low
2017-09-28,Elastic_Net,1D,3,0.0036982630684988,0.00018856152459006544,Low
2017-09-29,Elastic_Net,1D,3,0.0038665188297123,0.00011293363827155503,Low
2017-10-02,Elastic_Net,1D,3,0.0021565111846609,3.457897860669552e-05,Low
2017-10-03,Elastic_Net,1D,3,0.0012459436611136,8.482530987847256e-05,Low
2017-10-04,Elastic_Net,1D,3,0.0056309040312927,5.3134748174173124e-05,Low
2017-10-05,Elastic_Net,1D,3,-0.0010742111652397,-2.879654908225865e-05,Low
2017-10-06,Elastic_Net,1D,3,-0.0018060638680135,0.00010470471711219491,Low
2017-10-09,Elastic_Net,1D,3,0.002319719630478,0.0001449877565253402,Low
2017-10-10,Elastic_Net,1D,3,0.0018018829296635,0.00017359393348662143,Low
2017-10-11,Elastic_Net,1D,3,-0.0016881771203513,0.0001691682604666923,Low
2017-10-12,Elastic_Net,1D,3,0.0008777220048463,0.000344112415712019,Low
2017-10-13,Elastic_Net,1D,3,0.0017492225323057,0.0002865482388723019,Low
2017-10-16,Elastic_Net,1D,3,0.0006723529054339,0.00020676120755447585,Low
2017-10-17,Elastic_Net,1D,3,0.0007420595113295,0.00023969970853397093,Low
2017-10-18,Elastic_Net,1D,3,0.0003279441150104,0.0002770684455868725,Low
2017-10-19,Elastic_Net,1D,3,0.0051037961850303,0.00023075450634268765,Low
2017-10-20,Elastic_Net,1D,3,-0.0039803953129971,0.00012702616644629644,Low
2017-10-23,Elastic_Net,1D,3,0.001616600874558,0.0003317451841234998,Low
2017-10-24,Elastic_Net,1D,3,-0.0046739556872599,0.00024679077786221966,Low
2017-10-25,Elastic_Net,1D,3,0.0012701392506023,0.00035192517582564403,Low
2017-10-26,Elastic_Net,1D,3,0.008040609979727,0.0003216690249197208,Low
2017-10-27,Elastic_Net,1D,3,-0.0031975773767407,0.00020915999396627115,Low
2017-10-30,Elastic_Net,1D,3,0.0009440129366793,0.00025051969735953117,Low
2017-10-31,Elastic_Net,1D,3,0.0015908441079038,0.00026128797042451084,Low
2017-11-01,Elastic_Net,1D,3,0.0001899477696667,0.00016318529177397514,Low
2017-11-02,Elastic_Net,1D,3,0.0030922893263143,0.00013337303992724733,Low
2017-11-03,Elastic_Net,1D,3,0.0012704438847764,0.0002582539341410916,Low
2017-11-06,Elastic_Net,1D,3,-0.0001891208050819,0.0001890660275732744,Low
2017-11-07,Elastic_Net,1D,3,0.0014426139320604,0.0001962065279154224,Low
2017-11-08,Elastic_Net,1D,3,-0.0037689813393701,0.00017722497731648728,Low
2017-11-09,Elastic_Net,1D,3,-0.0008980469760537,0.0002966471788836344,Low
2017-11-10,Elastic_Net,1D,3,0.000983150911293,0.0003452409686496691,Low
2017-11-13,Elastic_Net,1D,3,-0.0023122805602819,0.00032121599538312154,Low
2017-11-14,Elastic_Net,1D,3,-0.0055409987421236,0.00039533811685223304,Low
2017-11-15,Elastic_Net,1D,3,0.0081626527829724,0.0005464108864216997,Low
2017-11-16,Elastic_Net,1D,3,-0.0026294169788973,0.00026386507271151575,Low
2017-11-17,Elastic_Net,1D,3,0.0012748698887901,0.0003194687243006433,Low
2017-11-20,Elastic_Net,1D,3,0.0065198388797526,0.0003611546080890726,Low
2017-11-21,Elastic_Net,1D,3,-0.0007505427033295,0.0001266762257384003,Low
2017-11-22,Elastic_Net,1D,3,0.0020539842782319,0.0001343759018258408,Low
2017-11-24,Elastic_Net,1D,3,-0.0003843315868032,0.0001823914089861984,Low
2017-11-27,Elastic_Net,1D,3,0.0098003321967936,9.894349020439001e-05,Low
2017-11-28,Elastic_Net,1D,3,-0.0003692938827907,-5.1448943518874574e-05,Low
2017-11-29,Elastic_Net,1D,3,0.0081575866628111,0.00012617122568517257,Low
2017-11-30,Elastic_Net,1D,3,-0.0020265829358053,-9.944930116663703e-05,Low
2017-12-01,Elastic_Net,1D,3,-0.0010527105492864,4.623872140681361e-05,Low
2017-12-04,Elastic_Net,1D,3,-0.0037463905259553,8.816541219158384e-05,Low
2017-12-05,Elastic_Net,1D,3,-0.0001141121705303,0.00032826482453746097,Low
2017-12-06,Elastic_Net,1D,3,0.0029280670101093,0.0002879956283870359,Low
2017-12-07,Elastic_Net,1D,3,0.0054912020355181,0.00035261977998065556,Low
2017-12-08,Elastic_Net,1D,3,0.0031968421216958,0.00026569954476721657,Low
2017-12-11,Elastic_Net,1D,3,0.0015477237220895,0.00015518832565157662,Low
2017-12-12,Elastic_Net,1D,3,-0.0004730689701501,6.102027543284421e-05,Low
2017-12-13,Elastic_Net,1D,3,-0.0040791677307626,0.00011866954690086201,Low
2017-12-14,Elastic_Net,1D,3,0.0089343134101427,0.0003065390494312433,Low
2017-12-15,Elastic_Net,1D,3,0.0053484785795975,3.241639436071358e-05,Low
2017-12-18,Elastic_Net,1D,3,-0.0032354980431185,0.0001160328707775939,Low
2017-12-19,Elastic_Net,1D,3,-0.0008282360735725,0.00022815079765298575,Low
2017-12-20,Elastic_Net,1D,3,0.0019836870126583,0.00018546289201202073,Low
2017-12-21,Elastic_Net,1D,3,-0.0004582716381137,9.34012467979029e-05,Low
2017-12-22,Elastic_Net,1D,3,-0.0010589757000585,0.00025456710880981465,Low
2017-12-26,Elastic_Net,1D,3,0.0007906283102422,0.00038500895658443373,Low
2017-12-27,Elastic_Net,1D,3,0.0018323190029195,0.00023297396388693891,Low
2017-12-28,Elastic_Net,1D,3,-0.0051966322927482,0.0002603714279227892,Low
2017-12-29,Elastic_Net,1D,3,0.0082690782183981,0.00038594301022436874,Low
2018-01-02,Elastic_Net,1D,3,0.006378433243936,0.00020751159835288426,Low
2018-01-03,Elastic_Net,1D,3,0.0040205428553269,5.0800833313944285e-05,Low
2018-01-04,Elastic_Net,1D,3,0.0070091458885853,4.8591613353252746e-05,Low
2018-01-05,Elastic_Net,1D,3,0.0016609637672969,-0.00010075836837731699,Low
2018-01-08,Elastic_Net,1D,3,0.0013020835172984,-0.00022901678113274276,Low
2018-01-09,Elastic_Net,1D,3,-0.0011128458115206,-0.0001028344776623817,Low
2018-01-10,Elastic_Net,1D,3,0.007009025768882,4.597570202220506e-05,Low
2018-01-11,Elastic_Net,1D,3,0.006726926399094,-3.712820510132556e-05,Low
2018-01-12,Elastic_Net,1D,3,-0.0035307132616026,-2.061842976685429e-05,Low
2018-01-16,Elastic_Net,1D,3,0.009371006206502,0.00023408372998467284,Low
2018-01-17,Elastic_Net,1D,3,-0.0016176974974736,-0.0001530522191028971,Low
2018-01-18,Elastic_Net,1D,3,0.0043756479869901,-4.1737975141005186e-05,Low
2018-01-19,Elastic_Net,1D,3,0.0080343643822132,3.4557480897599955e-05,Low
2018-01-22,Elastic_Net,1D,3,0.0021720049682223,-6.237213668768352e-05,Low
2018-01-23,Elastic_Net,1D,3,-0.000560132547232,-0.00012475167435016483,Low
2018-01-24,Elastic_Net,1D,3,0.0006024393988328,0.00011869021987158824,Low
2018-01-25,Elastic_Net,1D,3,0.0117716381060841,7.917438176332562e-05,Low
2018-01-26,Elastic_Net,1D,3,-0.006754736284863,-0.00017950789947744042,Low
2018-01-29,Elastic_Net,1D,3,-0.010958642805337,0.0002157154291928935,Low
2018-01-30,Elastic_Net,1D,3,0.0004888658586947,0.0005047626273630256,Low
2018-01-31,Elastic_Net,1D,3,-0.0006482983520233,0.0003735188876067608,Low
2018-02-01,Elastic_Net,1D,3,-0.0214366805166988,0.00036487184774033345,Low
2018-02-02,Elastic_Net,1D,3,-0.0418425409383814,0.001175750916242503,Normal
2018-02-05,Elastic_Net,1D,3,0.017290573348937,0.001963838418593316,High
2018-02-06,Elastic_Net,1D,3,-0.0050141382237526,0.0008778544460053907,High
2018-02-07,Elastic_Net,1D,3,-0.0382590522458017,0.001303173273102198,High
2018-02-08,Elastic_Net,1D,3,0.0148256451995243,0.0023524534078549447,High
2018-02-09,Elastic_Net,1D,3,0.0138186656781862,0.0011870323835367572,High
2018-02-12,Elastic_Net,1D,3,0.0026095219802775,0.00014909106013859816,High
2018-02-13,Elastic_Net,1D,3,0.013313439808897,0.000512457456886122,High
2018-02-14,Elastic_Net,1D,3,0.0119968617767752,-3.870895267970995e-05,High
2018-02-15,Elastic_Net,1D,3,0.0003733996499216,-0.0007810608568456107,High
2018-02-16,Elastic_Net,1D,3,-0.0058585171068373,-0.0005155680913540079,High
2018-02-20,Elastic_Net,1D,3,-0.0055116644833109,-0.00013764760488932474,High
2018-02-21,Elastic_Net,1D,3,0.0009730774855778,0.00010259266079645944,High
2018-02-22,Elastic_Net,1D,3,0.015901278245121,0.0003099818067836459,High
2018-02-23,Elastic_Net,1D,3,0.0116884386206273,9.724873744503259e-05,High
2018-02-26,Elastic_Net,1D,3,-0.0127883114414675,-0.00016817146867059073,High
2018-02-27,Elastic_Net,1D,3,-0.011157806083656,0.00030401185799311305,High
2018-02-28,Elastic_Net,1D,3,-0.0134139658548764,0.00045622468747478985,High
2018-03-01,Elastic_Net,1D,3,0.0050587854851985,0.0006274190177619281,High
2018-03-02,Elastic_Net,1D,3,0.0109716176105265,0.0005946876491067711,High
2018-03-05,Elastic_Net,1D,3,0.0026353829319968,0.0007464638104327817,High
2018-03-06,Elastic_Net,1D,3,-0.0004839918257163,0.0007665423521827153,High
2018-03-07,Elastic_Net,1D,3,0.0044531482088846,3.7624226842008926e-05,High
2018-03-08,Elastic_Net,1D,3,0.0172295467412075,-8.304000963267589e-05,High
2018-03-09,Elastic_Net,1D,3,-0.0012747973379984,-0.00014081007577899235,Normal
2018-03-12,Elastic_Net,1D,3,-0.0063839104143147,-0.0001913724433459198,Normal
2018-03-13,Elastic_Net,1D,3,-0.0057409698251887,4.969883316349795e-05,Normal
2018-03-14,Elastic_Net,1D,3,-0.0007822363990965,0.00022824774743077656,Normal
2018-03-15,Elastic_Net,1D,3,0.0017019979472317,0.0001819772017123061,Normal
2018-03-16,Elastic_Net,1D,3,-0.0143060405413734,0.00045279360166883146,Normal
2018-03-19,Elastic_Net,1D,3,0.0014807086617189,0.0008889531158330269,Normal
2018-03-20,Elastic_Net,1D,3,-0.0018456921256294,0.0006879724633754675,Normal
2018-03-21,Elastic_Net,1D,3,-0.0254848869728544,0.00062982715595857,Normal
2018-03-22,Elastic_Net,1D,3,-0.0211898073117506,0.0011937110273012872,High
2018-03-23,Elastic_Net,1D,3,0.0267950407060353,0.0015430262729350676,High
2018-03-26,Elastic_Net,1D,3,-0.0174272856453219,0.00046448423875889924,High
2018-03-27,Elastic_Net,1D,3,-0.0029209188994626,0.0013421479679370427,High
2018-03-28,Elastic_Net,1D,3,0.0136757774938434,0.0011790229383347587,High
2018-03-29,Elastic_Net,1D,3,-0.0225906823434958,0.0003507286546623632,High
2018-04-02,Elastic_Net,1D,3,0.012535961315741,0.0005094072914716124,High
2018-04-03,Elastic_Net,1D,3,0.0115001023464467,0.00046432533995692646,High
2018-04-04,Elastic_Net,1D,3,0.0068394214016512,-0.00014758304802114778,High
2018-04-05,Elastic_Net,1D,3,-0.0221640670570649,-0.00010417408392236977,High
2018-04-06,Elastic_Net,1D,3,0.0033309949675928,0.0006894949803640278,High
2018-04-09,Elastic_Net,1D,3,0.016588598996314,-2.545890809728369e-05,High
2018-04-10,Elastic_Net,1D,3,-0.0055406857724611,-3.5001559631529105e-05,High
2018-04-11,Elastic_Net,1D,3,0.008216898697657,0.00039387703617141086,High
2018-04-12,Elastic_Net,1D,3,-0.0028907998267066,0.0003213126925336303,High
2018-04-13,Elastic_Net,1D,3,0.008076336801563,3.151196159755095e-05,High
2018-04-16,Elastic_Net,1D,3,0.0106050716138667,-0.0001755572477375493,High
2018-04-17,Elastic_Net,1D,3,0.0008310204075532,4.156424921639558e-05,High
2018-04-18,Elastic_Net,1D,3,-0.0057425817958325,-0.00014881548815923098,High
2018-04-19,Elastic_Net,1D,3,-0.0085731771883527,0.00015990488611258806,High
2018-04-20,Elastic_Net,1D,3,5.623011118453955e-05,0.0005019888019764517,High
2018-04-23,Elastic_Net,1D,3,-0.0134708880064751,0.0005573120643405366,High
2018-04-24,Elastic_Net,1D,3,0.0018353742328236,0.0007709514269173782,High
2018-04-25,Elastic_Net,1D,3,0.0103801441873769,0.000923191350913498,High
2018-04-26,Elastic_Net,1D,3,0.0011130052713638,0.0004708327213923875,High
2018-04-27,Elastic_Net,1D,3,-0.0082211925489212,0.00023330244118724704,High
2018-04-30,Elastic_Net,1D,3,0.0025458021710273,0.0007738393541285707,Normal
2018-05-01,Elastic_Net,1D,3,-0.0072319512014023,3.6861716592267904e-05,Normal
2018-05-02,Elastic_Net,1D,3,-0.002256217585064,0.00032120508433794865,Normal
2018-05-03,Elastic_Net,1D,3,0.0127298100283349,0.0005216708174631756,Normal
2018-05-04,Elastic_Net,1D,3,0.0034519805549899,0.0003899414507504492,Normal
2018-05-07,Elastic_Net,1D,3,-0.0002656766117338,0.00014873574116890537,Normal
2018-05-08,Elastic_Net,1D,3,0.0096356479348687,6.386244032612702e-05,Normal
2018-05-09,Elastic_Net,1D,3,0.0093270116038483,-0.00013864413528101452,Normal
2018-05-10,Elastic_Net,1D,3,0.0017061392709612,-0.0004562696577325671,Normal
2018-05-11,Elastic_Net,1D,3,0.0008830995101265,-0.00011842331586800497,Normal
2018-05-14,Elastic_Net,1D,3,-0.0068656550439908,-0.00011123250052654828,Normal
2018-05-15,Elastic_Net,1D,3,0.0040523398475144,-1.2262724928470902e-05,Normal
2018-05-16,Elastic_Net,1D,3,-0.0008562387886101,0.00011006901503900985,Normal
2018-05-17,Elastic_Net,1D,3,-0.0026356652545503,0.00038386318735558354,Normal
2018-05-18,Elastic_Net,1D,3,0.0073596045479333,0.0005034927320084596,Normal
2018-05-21,Elastic_Net,1D,3,-0.0031406885928751,0.00030805313588286976,Normal
2018-05-22,Elastic_Net,1D,3,0.0032431452068987,0.0003846792888909111,Low
2018-05-23,Elastic_Net,1D,3,-0.0020252629577225,0.000165013389704961,Low
2018-05-24,Elastic_Net,1D,3,-0.0023600030541859,0.00019698054802004316,Low
2018-05-25,Elastic_Net,1D,3,-0.0116315725117922,0.0002617526650237875,Low
2018-05-29,Elastic_Net,1D,3,0.0126158753519238,0.0007336554151199566,Low
2018-05-30,Elastic_Net,1D,3,-0.0069033332434342,0.00022808145211540622,Normal
2018-05-31,Elastic_Net,1D,3,0.0107907997092398,0.0006227440427723548,Normal
2018-06-01,Elastic_Net,1D,3,0.0044695948983522,0.0002361730599269297,Normal
2018-06-04,Elastic_Net,1D,3,0.0007023462695756,2.8106669559629927e-05,Low
2018-06-05,Elastic_Net,1D,3,0.0085309006373119,-0.00011171971335426035,Low
2018-06-06,Elastic_Net,1D,3,-0.0007144436219845,-7.02184240697294e-05,Normal
2018-06-07,Elastic_Net,1D,3,0.0031210289077513,-0.00018333867358404798,Low
2018-06-08,Elastic_Net,1D,3,0.0010681370069403,-9.792302069968023e-05,Low
2018-06-11,Elastic_Net,1D,3,0.0017418672787038,6.392742325954373e-05,Low
2018-06-12,Elastic_Net,1D,3,-0.0040342545414114,5.2995290668779725e-05,Low
2018-06-13,Elastic_Net,1D,3,0.0024685005225036,0.00039339567725864033,Low
2018-06-14,Elastic_Net,1D,3,-0.001017620315494,0.00020924020875375622,Low
2018-06-15,Elastic_Net,1D,3,-0.0021283911808865,0.00031616078171078254,Low
2018-06-18,Elastic_Net,1D,3,-0.0040315179513912,0.0003690484508627941,Low
2018-06-19,Elastic_Net,1D,3,0.0017106902241125,0.00038869506027550696,Low
2018-06-20,Elastic_Net,1D,3,-0.0063657288432202,0.00040865088320541086,Low
2018-06-21,Elastic_Net,1D,3,0.0018602032551338,0.0005806060361514605,Low
2018-06-22,Elastic_Net,1D,3,-0.0138197229677706,0.0005226001112651573,Low
2018-06-25,Elastic_Net,1D,3,0.0022021505056967,0.0008110576221545667,Normal
2018-06-26,Elastic_Net,1D,3,-0.0086415863131411,0.0006765519054247431,Low
2018-06-27,Elastic_Net,1D,3,0.0061596800190312,0.0007803207566012989,Low
2018-06-28,Elastic_Net,1D,3,0.000758115887517,0.0005409659475177444,Low
2018-06-29,Elastic_Net,1D,3,0.0030632608342934,0.0005133020241337768,Low
2018-07-02,Elastic_Net,1D,3,-0.0049596292805336,0.000143533895421823,Low
2018-07-03,Elastic_Net,1D,3,0.0085838567455378,0.00045048772993860794,Low
2018-07-05,Elastic_Net,1D,3,0.0084455176005801,-4.3091005764922974e-05,Low
2018-07-06,Elastic_Net,1D,3,0.0087842907853415,-4.583146047865708e-05,Low
2018-07-09,Elastic_Net,1D,3,0.0034672493188218,-0.0001785163008731751,Low
2018-07-10,Elastic_Net,1D,3,-0.0071194863719165,-0.0001587493893438612,Low
2018-07-11,Elastic_Net,1D,3,0.0087109915801719,-8.659963917083277e-05,Low
2018-07-12,Elastic_Net,1D,3,0.0010786555366086,-0.00011397162052844204,Low
2018-07-13,Elastic_Net,1D,3,-0.0010286646208985,8.194710673124946e-06,Low
2018-07-16,Elastic_Net,1D,3,0.0039658243434434,0.00022934035881632553,Low
2018-07-17,Elastic_Net,1D,3,0.0021581820767374,0.0001645517232475518,Low
2018-07-18,Elastic_Net,1D,3,-0.0039608268490495,6.0522702777723034e-05,Low
2018-07-19,Elastic_Net,1D,3,-0.0009488977712743,0.00028157603862871797,Low
2018-07-20,Elastic_Net,1D,3,0.0018363623432315,0.0003757419203403501,Low
2018-07-23,Elastic_Net,1D,3,0.0047695188860535,0.000222424121798891,Low
2018-07-24,Elastic_Net,1D,3,0.0090604350703727,0.00035803979170513243,Low
2018-07-25,Elastic_Net,1D,3,-0.0030369027488673,8.286604472008941e-06,Low
2018-07-26,Elastic_Net,1D,3,-0.0065838346448454,0.0001642498195296168,Low
2018-07-27,Elastic_Net,1D,3,-0.0057707893155871,0.00023646420233750892,Low
2018-07-30,Elastic_Net,1D,3,0.004872837219303,0.0003975288530589462,Low
2018-07-31,Elastic_Net,1D,3,-0.0010408930675711,0.00030111361067082233,Low
2018-08-01,Elastic_Net,1D,3,0.0049143495822087,0.0006000624696857599,Low
2018-08-02,Elastic_Net,1D,3,0.0046334320653479,0.0002300911780738311,Low
2018-08-03,Elastic_Net,1D,3,0.0035319826508016,7.634649872226984e-05,Low
2018-08-06,Elastic_Net,1D,3,0.0028202017464857,-9.725249573036505e-05,Low
2018-08-07,Elastic_Net,1D,3,-0.0002624143932951,7.861217316167731e-06,Low
2018-08-08,Elastic_Net,1D,3,-0.0014427146770399,8.208314579218482e-05,Low
2018-08-09,Elastic_Net,1D,3,-0.0071393122632444,9.048696420217473e-05,Low
2018-08-10,Elastic_Net,1D,3,-0.0040140376659802,0.0003763851181903922,Low
2018-08-13,Elastic_Net,1D,3,0.0063689300164174,0.0005595470764672753,Low
2018-08-14,Elastic_Net,1D,3,-0.0076312085813788,0.00036949018679427936,Low
2018-08-15,Elastic_Net,1D,3,0.0078882145526381,0.0005925672667501953,Low
2018-08-16,Elastic_Net,1D,3,0.003317606375263,0.00040482853970211246,Low
2018-08-17,Elastic_Net,1D,3,0.0024250749021282,0.00017814736589011942,Low
2018-08-20,Elastic_Net,1D,3,0.002066399954627,6.51094425385138e-05,Low
2018-08-21,Elastic_Net,1D,3,-0.0003982310542435,0.00012755860130210197,Low
2018-08-22,Elastic_Net,1D,3,-0.0016926939235351,-3.8807444652224406e-05,Low
2018-08-23,Elastic_Net,1D,3,0.0061797059282853,0.00024832361771203696,Low
2018-08-24,Elastic_Net,1D,3,0.0076411414071104,0.00017180319107722533,Low
2018-08-27,Elastic_Net,1D,3,0.0002692420775983,6.959007989897943e-05,Low
2018-08-28,Elastic_Net,1D,3,0.0056852424689116,7.098414733288904e-05,Low
2018-08-29,Elastic_Net,1D,3,-0.004440172044458,-5.163691679576369e-05,Low
2018-08-30,Elastic_Net,1D,3,0.0001344684673049,2.1037048938695173e-05,Low
2018-08-31,Elastic_Net,1D,3,-0.0016556920488793,0.0001004257211091467,Low
2018-09-04,Elastic_Net,1D,3,-0.0028070628012659,0.0002930514549180349,Low
2018-09-05,Elastic_Net,1D,4,-0.0036589910366181,0.00037971814910233375,Low
2018-09-06,Elastic_Net,1D,4,-0.0022157978950144,0.0005941907803517779,Low
2018-09-07,Elastic_Net,1D,4,0.0018960282146933,0.0005161853381751979,Low
2018-09-10,Elastic_Net,1D,4,0.0037328656897154,0.0005473187669328169,Low
2018-09-11,Elastic_Net,1D,4,0.0003566083498935,0.00035012330772905863,Low
2018-09-12,Elastic_Net,1D,4,0.0052683521593913,0.00027472521567870794,Low
2018-09-13,Elastic_Net,1D,4,0.0002754439007663,0.00019677484406653296,Low
2018-09-14,Elastic_Net,1D,4,-0.0055852909915492,6.687567967872583e-05,Low
2018-09-17,Elastic_Net,1D,4,0.0053546528676252,0.0002879543878221771,Low
2018-09-18,Elastic_Net,1D,4,0.0012524880331719,0.00017959606629205276,Low
2018-09-19,Elastic_Net,1D,4,0.007810014185329,0.00018407536825324576,Low
2018-09-20,Elastic_Net,1D,4,-0.000368600937007,0.0001320337656726817,Low
2018-09-21,Elastic_Net,1D,4,-0.0035218823140138,0.00019948874675118272,Low
2018-09-24,Elastic_Net,1D,4,-0.0013059484931179,0.00011241076824363084,Low
2018-09-25,Elastic_Net,1D,4,-0.0032946996811599,0.00023972219298263347,Low
2018-09-26,Elastic_Net,1D,4,0.0027594762285113,0.00038140725047371344,Low
2018-09-27,Elastic_Net,1D,4,-6.870144138179519e-06,0.0003921616309114877,Low
2018-09-28,Elastic_Net,1D,4,0.0036344923421985,0.0004352796285528764,Low
2018-10-01,Elastic_Net,1D,4,-0.000396768910279,0.00030389605712221,Low
2018-10-02,Elastic_Net,1D,4,0.0007112667367183,0.0002872660140181679,Low
2018-10-03,Elastic_Net,1D,4,-0.0082030354210098,0.000253459792885146,Low
2018-10-04,Elastic_Net,1D,4,-0.0055433145846221,0.0004896444388417798,Low
2018-10-05,Elastic_Net,1D,4,-0.0003951947083496,0.0005951225491606874,Low
2018-10-08,Elastic_Net,1D,4,-0.0014189098341542,0.0005495296023920867,Low
2018-10-09,Elastic_Net,1D,4,-0.033416389042602,0.0005751116751947955,Low
2018-10-10,Elastic_Net,1D,4,-0.0207875799725415,0.0015018239418666368,Normal
2018-10-11,Elastic_Net,1D,4,0.0141062354083762,0.0016294215006095428,Normal
2018-10-12,Elastic_Net,1D,4,-0.0059224822913,0.0011258781845377673,Normal
2018-10-15,Elastic_Net,1D,4,0.0212678280349012,0.0012194443465410206,Normal
2018-10-16,Elastic_Net,1D,4,-0.0002526942626648,0.0005879886566819495,High
2018-10-17,Elastic_Net,1D,4,-0.0144964905753411,0.0001347225628724436,High
2018-10-18,Elastic_Net,1D,4,-0.0003612351352793,0.0001380531792656844,High
2018-10-19,Elastic_Net,1D,4,-0.0043087970964778,0.0003898836609338459,High
2018-10-22,Elastic_Net,1D,4,-0.0055270761806941,0.00038787287492601135,High
2018-10-23,Elastic_Net,1D,4,-0.0313507738611408,0.0007158689691845308,High
2018-10-24,Elastic_Net,1D,4,0.0184537179787141,0.0016519620735928214,High
2018-10-25,Elastic_Net,1D,4,-0.0174791380100031,0.0006739032802869354,High
2018-10-26,Elastic_Net,1D,4,-0.0065812082951939,0.001031711781486798,High
2018-10-29,Elastic_Net,1D,4,0.0155453229718774,0.0012482374873003298,High
2018-10-30,Elastic_Net,1D,4,0.010792878754571,0.0005656760808222477,High
2018-10-31,Elastic_Net,1D,4,0.0105024988685292,-9.728116341640476e-05,High
2018-11-01,Elastic_Net,1D,4,-0.0063367210558797,5.250755597816496e-05,High
2018-11-02,Elastic_Net,1D,4,0.0055846936971941,4.8380338121250936e-06,High
2018-11-05,Elastic_Net,1D,4,0.0062397877444086,-0.0003322138993272986,High
2018-11-06,Elastic_Net,1D,4,0.020987078560774,-0.00020672270427560436,High
2018-11-07,Elastic_Net,1D,4,-0.0025120689884914,-0.00025220126057941495,High
2018-11-08,Elastic_Net,1D,4,-0.0092415859153724,4.4093016866977907e-07,High
2018-11-09,Elastic_Net,1D,4,-0.0198981509854674,-8.342537815071932e-05,High
2018-11-12,Elastic_Net,1D,4,-0.0014830188221738,0.0006418585594334593,High
2018-11-13,Elastic_Net,1D,4,-0.0075961888184505,0.000473924350707754,High
2018-11-14,Elastic_Net,1D,4,0.0105380327426419,0.0011859748879644888,High
2018-11-15,Elastic_Net,1D,4,0.0022208375374839,0.000796697129300069,High
2018-11-16,Elastic_Net,1D,4,-0.0167831612357214,0.0005293972650871554,High
2018-11-19,Elastic_Net,1D,4,-0.0183179955565859,0.0007324316252074604,High
2018-11-20,Elastic_Net,1D,4,0.0030386693107672,0.0009809974560578735,High
2018-11-21,Elastic_Net,1D,4,-0.0065764197118556,0.0009536121327313714,High
2018-11-23,Elastic_Net,1D,4,0.0154129758453664,0.0008430032910554906,High
2018-11-26,Elastic_Net,1D,4,0.0032563843646126,0.0007838828257260965,High
2018-11-27,Elastic_Net,1D,4,0.0227140513031137,0.00032710695341161845,High
2018-11-28,Elastic_Net,1D,4,-0.0021854945453934,-0.000643953993125772,High
2018-11-29,Elastic_Net,1D,4,0.0081375477166175,-0.00037143525060018956,High
2018-11-30,Elastic_Net,1D,4,0.0108820017943624,-0.0006516944499824343,High
2018-12-03,Elastic_Net,1D,4,-0.0329002288385561,-0.0003983862856895396,High
2018-12-04,Elastic_Net,1D,4,-0.0015233879141442,0.0004480151396417244,High
2018-12-06,Elastic_Net,1D,4,-0.0235963354563222,0.0005497635152225311,High
2018-12-07,Elastic_Net,1D,4,0.0017606032229163,0.0010954227972683563,High
2018-12-10,Elastic_Net,1D,4,-0.0003564096753056,0.0011736196205924558,High
2018-12-11,Elastic_Net,1D,4,0.0054048710103512,0.0014904462483703975,High
2018-12-12,Elastic_Net,1D,4,-0.000199950312415,0.0008156319596809463,High
2018-12-13,Elastic_Net,1D,4,-0.0192712122686998,0.0006583138961784405,High
2018-12-14,Elastic_Net,1D,4,-0.0209922848285766,0.00071881295476894,High
2018-12-17,Elastic_Net,1D,4,8.639685378910398e-05,0.0010996591690779207,High
2018-12-18,Elastic_Net,1D,4,-0.0155154591759368,0.0010324245880993657,High
2018-12-19,Elastic_Net,1D,4,-0.0158978094841039,0.001586353072961052,High
2018-12-20,Elastic_Net,1D,4,-0.0208031204985406,0.0018683674181379087,High
2018-12-21,Elastic_Net,1D,4,-0.0274865728783144,0.0018319454167945173,High
2018-12-24,Elastic_Net,1D,4,0.048403177670805,0.0020308205258823342,High
2018-12-26,Elastic_Net,1D,4,0.0085262289688169,0.00039507973657783703,High
2018-12-27,Elastic_Net,1D,4,-0.0012423539102312,0.00013699972940365234,High
2018-12-28,Elastic_Net,1D,4,0.0084566258622068,7.932010524010647e-05,High
2018-12-31,Elastic_Net,1D,4,0.0012676930626261,-0.000329371562543504,High
2019-01-02,Elastic_Net,1D,4,-0.0250683318189151,-0.0010298066955639813,High
2019-01-03,Elastic_Net,1D,4,0.0337593990603464,0.0005730574212383245,High
2019-01-04,Elastic_Net,1D,4,0.0069859759952297,7.374913980827635e-05,High
2019-01-07,Elastic_Net,1D,4,0.0096485873364973,-0.00023830291826359122,High
2019-01-08,Elastic_Net,1D,4,0.0040896713328221,-1.8359064209388964e-05,High
2019-01-09,Elastic_Net,1D,4,0.0045082413744622,-0.00024059652896997566,High
2019-01-10,Elastic_Net,1D,4,-0.0001463085444824,-0.0008055658007880535,High
2019-01-11,Elastic_Net,1D,4,-0.0052713945872494,-0.0001897886562684907,High
2019-01-14,Elastic_Net,1D,4,0.010664618879761,9.721345871621019e-05,High
2019-01-15,Elastic_Net,1D,4,0.0022195205290883,0.00013125161098443387,High
2019-01-16,Elastic_Net,1D,4,0.0075627307062357,0.00023262818332738574,High
2019-01-17,Elastic_Net,1D,4,0.0130969128398557,-4.244868741641101e-05,High
2019-01-18,Elastic_Net,1D,4,-0.0142584768279724,-0.00015295457168192528,High
2019-01-22,Elastic_Net,1D,4,0.0022004899194508,0.0001633369918619207,High
2019-01-23,Elastic_Net,1D,4,0.0013747801109775,0.00033105272243637616,High
2019-01-24,Elastic_Net,1D,4,0.008452867700518,0.00032279388234706204,High
2019-01-25,Elastic_Net,1D,4,-0.0078777758487088,-0.00021976815378852555,High
2019-01-28,Elastic_Net,1D,4,-0.0014573079351148,0.0004359074902303932,High
2019-01-29,Elastic_Net,1D,4,0.01542960989156,0.00032768695603912156,High
2019-01-30,Elastic_Net,1D,4,0.0085606488097677,-0.00010776011269528093,High
2019-01-31,Elastic_Net,1D,4,0.0008982065848071,-0.00018940839366016947,High
2019-02-01,Elastic_Net,1D,4,0.0067533811174796,0.0001915059332306263,Normal
2019-02-04,Elastic_Net,1D,4,0.0046973704373502,-0.0005001921399334587,Normal
2019-02-05,Elastic_Net,1D,4,-0.0022269157175087,-0.00040658409368609104,Normal
2019-02-06,Elastic_Net,1D,4,-0.0094011932022302,-6.197971230620229e-05,Normal
2019-02-07,Elastic_Net,1D,4,0.0006759725660127,0.0003374058085971498,Normal
2019-02-08,Elastic_Net,1D,4,0.0007088518038183,0.0002544058356147008,Normal
2019-02-11,Elastic_Net,1D,4,0.0128078529028386,0.0004371978891782917,Normal
2019-02-12,Elastic_Net,1D,4,0.0030194315937109,0.00023788044787981648,Normal
2019-02-13,Elastic_Net,1D,4,-0.0026551633836986,8.179786246607665e-05,Normal
2019-02-14,Elastic_Net,1D,4,0.0108200046649575,4.40426888824874e-05,Normal
2019-02-15,Elastic_Net,1D,4,0.001497621326592,-0.00020575247589966242,Normal
2019-02-19,Elastic_Net,1D,4,0.0017755335607409,-0.00026960691126524857,Normal
2019-02-20,Elastic_Net,1D,4,-0.0035326693258413,0.0001486632016687259,Low
2019-02-21,Elastic_Net,1D,4,0.0063906386947104,0.00019162419875059416,Low
2019-02-22,Elastic_Net,1D,4,0.0012311044497517,-1.280337721235302e-05,Normal
2019-02-25,Elastic_Net,1D,4,-0.0007907696728402,0.00015856642318876893,Low
2019-02-26,Elastic_Net,1D,4,-0.000544197436298,0.0002861550496909012,Low
2019-02-27,Elastic_Net,1D,4,-0.0028295075989504,0.0002760126352680183,Low
2019-02-28,Elastic_Net,1D,4,0.006871656588713,0.00017920568615838962,Low
2019-03-01,Elastic_Net,1D,4,-0.0038881073952551,0.0001897925042540434,Low
2019-03-04,Elastic_Net,1D,4,-0.0011321734897068,0.00040654126852202076,Low
2019-03-05,Elastic_Net,1D,4,-0.006545473604125,0.00033730500755598317,Low
2019-03-06,Elastic_Net,1D,4,-0.0081589111383311,0.0005013232938297937,Low
2019-03-07,Elastic_Net,1D,4,-0.0021339641314536,0.0006504578470364316,Low
2019-03-08,Elastic_Net,1D,4,0.0145595355634894,0.000752388140346094,Low
2019-03-11,Elastic_Net,1D,4,0.0029489657278051,0.00026040433387111966,Low
2019-03-12,Elastic_Net,1D,4,0.0069255467570192,0.0002660217869886005,Low
2019-03-13,Elastic_Net,1D,4,-0.0008683993315961,-5.200689669447562e-05,Low
2019-03-14,Elastic_Net,1D,4,0.0049725194084307,-7.63151727435832e-05,Low
2019-03-15,Elastic_Net,1D,4,0.003699096798908,-0.00019399688375262419,Low
2019-03-18,Elastic_Net,1D,4,-0.0001305700799267,-0.00010217364344786546,Low
2019-03-19,Elastic_Net,1D,4,-0.0029486967407696,8.376011210358474e-05,Low
2019-03-20,Elastic_Net,1D,4,0.0107940154946893,0.0002606789185445876,Low
2019-03-21,Elastic_Net,1D,4,-0.0191568271342732,-5.2713673668675716e-05,Low
2019-03-22,Elastic_Net,1D,4,-0.00083937283331,0.0005537325453154073,Normal
2019-03-25,Elastic_Net,1D,4,0.007157052947934,0.0005730633672296993,Normal
2019-03-26,Elastic_Net,1D,4,-0.0046551432765988,0.00040494524309943574,Normal
2019-03-27,Elastic_Net,1D,4,0.0035830547152617,0.0004870886914137623,Normal
2019-03-28,Elastic_Net,1D,4,0.0067117060433246,0.0005835309839876527,Normal
2019-03-29,Elastic_Net,1D,4,0.0115021955180444,4.344122057658458e-05,Normal
2019-04-01,Elastic_Net,1D,4,1.7455554858152623e-05,-0.00015166702502214958,Normal
2019-04-02,Elastic_Net,1D,4,0.0021460724200891,1.3494745289046478e-05,Normal
2019-04-03,Elastic_Net,1D,4,0.0020824652429942,-3.788295167160316e-05,Normal
2019-04-04,Elastic_Net,1D,4,0.0046257176230991,-3.354066555588046e-05,Normal
2019-04-05,Elastic_Net,1D,4,0.0010469117505236,-4.84893097223679e-05,Normal
2019-04-08,Elastic_Net,1D,4,-0.0060859764356695,2.124934499516594e-05,Low
2019-04-09,Elastic_Net,1D,4,0.0034718377544999,0.0002700148638941203,Normal
2019-04-10,Elastic_Net,1D,4,3.8122340342693696e-05,0.0001828140996429541,Normal
2019-04-11,Elastic_Net,1D,4,0.0065875783895457,0.0002864520037052919,Normal
2019-04-12,Elastic_Net,1D,4,-0.0006295672443571,0.0001848905519439678,Normal
2019-04-15,Elastic_Net,1D,4,0.0005092283251399,0.00024042145250551108,Normal
2019-04-16,Elastic_Net,1D,4,-0.0022764008207388,0.00017491351664746592,Normal
2019-04-17,Elastic_Net,1D,4,0.0015778468242496,0.00032842274088199224,Normal
2019-04-18,Elastic_Net,1D,4,0.0010115058169329,0.00016002401838378151,Low
2019-04-22,Elastic_Net,1D,4,0.0088023511749953,0.00042152293502103013,Low
2019-04-23,Elastic_Net,1D,4,-0.0021941686030362,8.264651264009137e-05,Low
2019-04-24,Elastic_Net,1D,4,-0.0003690417402728,0.00016329525860848292,Low
2019-04-25,Elastic_Net,1D,4,0.0046743503233048,0.00022107854529661595,Low
2019-04-26,Elastic_Net,1D,4,0.0010709485042338,4.86887724124269e-05,Low
2019-04-29,Elastic_Net,1D,4,0.0009509646987914,5.4978280753892886e-05,Low
2019-04-30,Elastic_Net,1D,4,-0.0075304458502913,0.00014757768669424707,Low
2019-05-01,Elastic_Net,1D,4,-0.0021262446486827,0.0004465556092059149,Low
2019-05-02,Elastic_Net,1D,4,0.0095921274789174,0.00040089683774390434,Low
2019-05-03,Elastic_Net,1D,4,-0.0044810131890725,0.00023034749710277956,Low
2019-05-06,Elastic_Net,1D,4,-0.0166494880889055,0.0002594812948745866,Low
2019-05-07,Elastic_Net,1D,4,-0.0016067153894199,0.0008065384660134462,Low
2019-05-08,Elastic_Net,1D,4,-0.0030259986619282,0.0006787743048810616,Low
2019-05-09,Elastic_Net,1D,4,0.0037133940699186,0.0005571677718701944,Low
2019-05-10,Elastic_Net,1D,4,-0.0244264691384975,0.0006612200351599014,Low
2019-05-13,Elastic_Net,1D,4,0.007983987523216,0.0011171367414853943,Normal
2019-05-14,Elastic_Net,1D,4,0.005821994327723,0.0006446061668198861,Normal
2019-05-15,Elastic_Net,1D,4,0.008855957116499,0.000375188027149027,Normal
2019-05-16,Elastic_Net,1D,4,-0.0058544371740438,0.00022634470274470936,Normal
2019-05-17,Elastic_Net,1D,4,-0.0067722579754053,0.00043074257874807335,Normal
2019-05-20,Elastic_Net,1D,4,0.0084599490931906,0.00016602681128196777,Normal
2019-05-21,Elastic_Net,1D,4,-0.0028283923638994,6.451685987055451e-05,Normal
2019-05-22,Elastic_Net,1D,4,-0.0119856922412819,0.00029275641807456615,Normal
2019-05-23,Elastic_Net,1D,4,0.0013526437720373,0.0007247490765894496,Normal
2019-05-24,Elastic_Net,1D,4,-0.0084109500002602,0.0005555758914063359,Normal
2019-05-28,Elastic_Net,1D,4,-0.0069359101672313,0.0006543522173537582,Normal
2019-05-29,Elastic_Net,1D,4,0.002096272674997,0.0008763088804850337,Normal
2019-05-30,Elastic_Net,1D,4,-0.0132832052504529,0.0008108281991096344,Normal
2019-05-31,Elastic_Net,1D,4,-0.0027690706543079,0.0008347501947684193,Normal
2019-06-03,Elastic_Net,1D,4,0.0212059270810777,0.0008372306522106577,Normal
2019-06-04,Elastic_Net,1D,4,0.0081287269788136,0.00021394542765621803,High
2019-06-05,Elastic_Net,1D,4,0.0061168406760044,9.601013291796203e-05,Normal
2019-06-06,Elastic_Net,1D,4,0.01044297924726,-7.178546270938154e-05,High
2019-06-07,Elastic_Net,1D,4,0.0046492200747654,-0.0004943878442596041,High
2019-06-10,Elastic_Net,1D,4,-0.0003499414579512,-0.0006115994223934618,High
2019-06-11,Elastic_Net,1D,4,-0.0020396578272374,3.5609200052948685e-05,Normal
2019-06-12,Elastic_Net,1D,4,0.0040890105028501,-4.43120512066256e-05,Normal
2019-06-13,Elastic_Net,1D,4,-0.0016128117861529,-1.8968903807062027e-05,Normal
2019-06-14,Elastic_Net,1D,4,0.0009313154323528,0.00017723633219512405,Normal
2019-06-17,Elastic_Net,1D,4,0.0096704895929706,0.0003560871679005943,Normal
2019-06-18,Elastic_Net,1D,4,0.0029807167930238,0.00014170834799225263,Normal
2019-06-19,Elastic_Net,1D,4,0.0094276053358731,-5.181510843670203e-05,Normal
2019-06-20,Elastic_Net,1D,4,-0.0012600162797279,-4.9560001423138496e-05,Normal
2019-06-21,Elastic_Net,1D,4,-0.001733388460587,1.5013696302872213e-05,Normal
2019-06-24,Elastic_Net,1D,4,-0.0095417756403875,8.573039967041504e-06,Normal
2019-06-25,Elastic_Net,1D,4,-0.0012346956788039,0.0004902982213119311,Normal
2019-06-26,Elastic_Net,1D,4,0.0038158857925908,0.0005175267272223638,Normal
2019-06-27,Elastic_Net,1D,4,0.0057409418405996,0.0004762448971609553,Normal
2019-06-28,Elastic_Net,1D,4,0.0076430186109539,0.0004337179706741492,Normal
2019-07-01,Elastic_Net,1D,4,0.0029238472769886,0.00024705091655424793,Low
2019-07-02,Elastic_Net,1D,4,0.0076430956606841,-0.00019145145851686042,Low
2019-07-03,Elastic_Net,1D,4,-0.0018075342045486,-0.0002800719992229014,Low
2019-07-05,Elastic_Net,1D,4,-0.0048471730101237,-0.0001389503060793455,Low
2019-07-08,Elastic_Net,1D,4,0.0012357930584538,7.305031167782695e-05,Low
2019-07-09,Elastic_Net,1D,4,0.0045005469360826,0.00017141141107121697,Low
2019-07-10,Elastic_Net,1D,4,0.0022826195789485,0.00019892321543343034,Low
2019-07-11,Elastic_Net,1D,4,0.0046095343020665,0.00030913073680474825,Low
2019-07-12,Elastic_Net,1D,4,0.0001758537283841,0.00012574968145282768,Low
2019-07-15,Elastic_Net,1D,4,-0.0034095845550103,0.00011710068221706856,Low
2019-07-16,Elastic_Net,1D,4,-0.0065526654660931,0.0002069609483658042,Low
2019-07-17,Elastic_Net,1D,4,0.003575597708819,0.00039257371026202585,Low
2019-07-18,Elastic_Net,1D,4,-0.0061958894648446,0.000298473577724181,Low
2019-07-19,Elastic_Net,1D,4,0.0028247016862503,0.0005693459643459304,Low
2019-07-22,Elastic_Net,1D,4,0.0068241451392764,0.0005143441383156658,Low
2019-07-23,Elastic_Net,1D,4,0.0046771928134757,0.00029149378977872396,Low
2019-07-24,Elastic_Net,1D,4,-0.0052762964835995,0.00010401765680935189,Low
2019-07-25,Elastic_Net,1D,4,0.007360535770783,0.000319888055931264,Low
2019-07-26,Elastic_Net,1D,4,-0.0016174219290574,-1.458985161873898e-05,Low
2019-07-29,Elastic_Net,1D,4,-0.0025819853720443,7.577124552957329e-05,Low
2019-07-30,Elastic_Net,1D,4,-0.0109452069521399,0.00021872456398918093,Low
2019-07-31,Elastic_Net,1D,4,-0.009039527568806,0.0006656706768905269,Low
2019-08-01,Elastic_Net,1D,4,-0.0073093885395651,0.0006896497673849997,Low
2019-08-02,Elastic_Net,1D,4,-0.0302301821696947,0.0009581032109101573,Low
2019-08-05,Elastic_Net,1D,4,0.0129330239111666,0.0016230167801694283,Normal
2019-08-06,Elastic_Net,1D,4,0.0007665823338588,0.0011032554076284848,Normal
2019-08-07,Elastic_Net,1D,4,0.018588462466865,0.0007610440735245627,Normal
2019-08-08,Elastic_Net,1D,4,-0.0066385931336571,0.00026064977684493805,High
2019-08-09,Elastic_Net,1D,4,-0.0123938091159153,0.0003786541177985542,High
2019-08-12,Elastic_Net,1D,4,0.0150183462673018,0.0001948024839581858,High
2019-08-13,Elastic_Net,1D,4,-0.0297303524545356,-4.759928063580442e-05,High
2019-08-14,Elastic_Net,1D,4,0.0024612366981802,0.0007936384017686892,High
2019-08-15,Elastic_Net,1D,4,0.014323058172245,0.0009191380556215231,High
2019-08-16,Elastic_Net,1D,4,0.0120331755643975,0.00046483992565246054,High
2019-08-19,Elastic_Net,1D,4,-0.0079462153121154,-4.402366392933005e-06,High
2019-08-20,Elastic_Net,1D,4,0.0082129795573529,0.000476728785230863,High
2019-08-21,Elastic_Net,1D,4,-0.0005062029592785,-0.00020386991909575254,High
2019-08-22,Elastic_Net,1D,4,-0.0262888811228378,-8.493561923145882e-05,High
2019-08-23,Elastic_Net,1D,4,0.0109231127307978,0.0007574207401213531,High
2019-08-26,Elastic_Net,1D,4,-0.0032083218005562,0.000634512246932961,High
2019-08-27,Elastic_Net,1D,4,0.0065241515305625,0.000597923327321822,High
2019-08-28,Elastic_Net,1D,4,0.0126074824410943,0.0005395048639188643,High
2019-08-29,Elastic_Net,1D,4,0.0006425807598767,0.00031821499186102185,High
2019-08-30,Elastic_Net,1D,4,-0.0069230093326854,-9.62492766661124e-05,High
2019-09-03,Elastic_Net,1D,4,0.0107837252784214,0.00037348845122985594,High
2019-09-04,Elastic_Net,1D,4,0.0129259129217597,-0.00020291688367065757,High
2019-09-05,Elastic_Net,1D,4,0.0009101908043767,-0.0002802568656221441,High
2019-09-06,Elastic_Net,1D,4,-9.401467889992668e-05,-0.0001422027952411039,High
2019-09-09,Elastic_Net,1D,4,0.000322252425931,9.690726517232943e-05,High
2019-09-10,Elastic_Net,1D,4,0.0072036723263872,-5.1308585808203884e-05,High
2019-09-11,Elastic_Net,1D,4,0.0028750162782333,-0.0002123755215095035,High
2019-09-12,Elastic_Net,1D,4,-0.000724676876966,0.00031652961742147594,Normal
2019-09-13,Elastic_Net,1D,4,-0.0031405129163559,0.00015455911486597935,Normal
2019-09-16,Elastic_Net,1D,4,0.0025784253724619,0.00011467288315899934,Normal
2019-09-17,Elastic_Net,1D,4,0.0003426332842671,6.748784291499911e-05,Normal
2019-09-18,Elastic_Net,1D,4,1.9974521929475905e-05,0.00032699607881055105,Normal
2019-09-19,Elastic_Net,1D,4,-0.0049075991048803,0.00030216684871411747,Normal
2019-09-20,Elastic_Net,1D,4,-9.694061782751376e-05,0.0004782928716500574,Normal
2019-09-23,Elastic_Net,1D,4,-0.0084519889635514,0.0005281537983263293,Low
2019-09-24,Elastic_Net,1D,4,0.0061396852419639,0.0006069660714192551,Low
2019-09-25,Elastic_Net,1D,4,-0.0024318710096131,0.000443872777902422,Low
2019-09-26,Elastic_Net,1D,4,-0.0053305345791285,0.0004713545383059402,Low
2019-09-27,Elastic_Net,1D,4,0.0050349102152483,0.000509181095905511,Low
2019-09-30,Elastic_Net,1D,4,-0.0123341269454128,0.00039413426159129634,Low
2019-10-01,Elastic_Net,1D,4,-0.0180654041876438,0.0006692403077252278,Low
2019-10-02,Elastic_Net,1D,4,0.0079403047738667,0.000996063221793947,Normal
2019-10-03,Elastic_Net,1D,4,0.0141167852392592,0.0005964468240128276,Low
2019-10-04,Elastic_Net,1D,5,-0.0044883522736815,0.0002595875585593168,Normal
2019-10-07,Elastic_Net,1D,5,-0.0156831595521099,0.0005680471220589369,Normal
2019-10-08,Elastic_Net,1D,5,0.0090632965148459,0.0007095851905814018,Normal
2019-10-09,Elastic_Net,1D,5,0.0063952024117826,5.345293627260974e-05,Normal
2019-10-10,Elastic_Net,1D,5,0.010879579673789,6.906906748670175e-05,Normal
2019-10-11,Elastic_Net,1D,5,-0.0013880816732189,0.00017023502013827963,Normal
2019-10-14,Elastic_Net,1D,5,0.0099064453764891,0.0001537843049876189,Normal
2019-10-15,Elastic_Net,1D,5,-0.0020015445531937,-0.0003866178060531953,Normal
2019-10-16,Elastic_Net,1D,5,0.0027590219697752,-0.00011091711756425774,Normal
2019-10-17,Elastic_Net,1D,5,-0.0039270457097998,-3.205917760503379e-05,Normal
2019-10-18,Elastic_Net,1D,5,0.0068481141053337,0.00028090793176923035,Normal
2019-10-21,Elastic_Net,1D,5,-0.0035750492583768,4.926367180251354e-05,Normal
2019-10-22,Elastic_Net,1D,5,0.0028431033458307,0.0004019603669386458,Normal
2019-10-23,Elastic_Net,1D,5,0.0019186046591713,0.00016911612872069117,Normal
2019-10-24,Elastic_Net,1D,5,0.004064429510656,0.00026616037024789944,Normal
2019-10-25,Elastic_Net,1D,5,0.0055658199161177,6.830821879164186e-05,Normal
2019-10-28,Elastic_Net,1D,5,-0.0008327519564807,8.475882641408578e-05,Normal
2019-10-29,Elastic_Net,1D,5,0.0032480894008573,0.0001350528490066257,Normal
2019-10-30,Elastic_Net,1D,5,-0.003027438634539,0.00013534353398599974,Normal
2019-10-31,Elastic_Net,1D,5,0.0096159305596475,0.00014981100128639852,Normal
2019-11-01,Elastic_Net,1D,5,0.0036972458053124,-6.365869598245387e-05,Low
2019-11-04,Elastic_Net,1D,5,-0.0011864027118206,0.00011883439470498027,Low
2019-11-05,Elastic_Net,1D,5,0.0007022505922896,0.0001962056938999931,Low
2019-11-06,Elastic_Net,1D,5,0.0027263752442806,8.891698111352143e-05,Low
2019-11-07,Elastic_Net,1D,5,0.0025574031451158,1.3905993768594958e-05,Low
2019-11-08,Elastic_Net,1D,5,-0.0019643954133371,7.371094592613215e-05,Low
2019-11-11,Elastic_Net,1D,5,0.001563423301263,0.0002650562058478704,Low
2019-11-12,Elastic_Net,1D,5,0.0007112815701162,0.00016336908012083533,Low
2019-11-13,Elastic_Net,1D,5,0.0008366926144567,0.0002078901671187948,Low
2019-11-14,Elastic_Net,1D,5,0.0076660287779731,0.00022491323451327662,Low
2019-11-15,Elastic_Net,1D,5,0.0005030263228096,0.0001396244575413588,Low
2019-11-18,Elastic_Net,1D,5,-0.0005927700996925,7.358950331187416e-05,Low
2019-11-19,Elastic_Net,1D,5,-0.003763256420941,0.00019708809380457033,Low
2019-11-20,Elastic_Net,1D,5,-0.0015840060861895,0.00023708229380154457,Low
2019-11-21,Elastic_Net,1D,5,0.0021725739423759,0.00028806315845061187,Low
2019-11-22,Elastic_Net,1D,5,0.0074792518874672,0.00035277989079940007,Low
2019-11-25,Elastic_Net,1D,5,0.0021931636449402,0.00017845468631617217,Low
2019-11-26,Elastic_Net,1D,5,0.0041657356252997,0.0001870872834886611,Low
2019-11-27,Elastic_Net,1D,5,-0.004019286229989,2.5880648390087867e-05,Low
2019-11-29,Elastic_Net,1D,5,-0.0086684836939636,0.00014362028281185383,Low
2019-12-02,Elastic_Net,1D,5,-0.0066602252580451,0.00035090221764779095,Low
2019-12-03,Elastic_Net,1D,5,0.0063036576087699,0.000534304314546438,Low
2019-12-04,Elastic_Net,1D,5,0.0014991269266302,0.00045241758967881493,Low
2019-12-05,Elastic_Net,1D,5,0.009094246030426,0.0005223665888821671,Low
2019-12-06,Elastic_Net,1D,5,-0.0031678336844743,0.00023957855185141052,Low
2019-12-09,Elastic_Net,1D,5,-0.0010975361689841,0.0002151821880486312,Low
2019-12-10,Elastic_Net,1D,5,0.0029039375293507,0.00011014333555841172,Low
2019-12-11,Elastic_Net,1D,5,0.008538667375555,0.00012494370321542488,Low
2019-12-12,Elastic_Net,1D,5,7.25791502146863e-05,-5.578329576717763e-05,Low
2019-12-13,Elastic_Net,1D,5,0.0071223609425427,0.00016288794115442286,Low
2019-12-16,Elastic_Net,1D,5,0.0003352360284609,-5.822811537801125e-05,Low
2019-12-17,Elastic_Net,1D,5,-0.0004323936405227,-1.6997934647810522e-05,Low
2019-12-18,Elastic_Net,1D,5,0.0044493788218642,5.5689643402321426e-05,Low
2019-12-19,Elastic_Net,1D,5,0.004932595804334,9.975350037260444e-05,Low
2019-12-20,Elastic_Net,1D,5,0.0008657687142985,3.7399209742112864e-05,Low
2019-12-23,Elastic_Net,1D,5,-0.0001954673024681,0.00013090834586781727,Low
2019-12-24,Elastic_Net,1D,5,0.0051150624100539,0.00011453092880646951,Low
2019-12-26,Elastic_Net,1D,5,3.3984139657930306e-05,5.986901560161195e-06,Low
2019-12-27,Elastic_Net,1D,5,-0.0057975960793499,0.000129530262995497,Low
2019-12-30,Elastic_Net,1D,5,0.0029416906441907,0.000400588121337148,Low
2019-12-31,Elastic_Net,1D,5,0.0083438953623167,0.0002803217970964985,Low
2020-01-02,Elastic_Net,1D,5,-0.0070849093649545,0.00011652188159520148,Low
2020-01-03,Elastic_Net,1D,5,0.0035271451942725,0.0003084250231927356,Low
2020-01-06,Elastic_Net,1D,5,-0.0028071750845948,0.00020919045652388,Low
2020-01-07,Elastic_Net,1D,5,0.0048904734856411,0.00019437709961173525,Low
2020-01-08,Elastic_Net,1D,5,0.0066332141169064,0.00017582975320867868,Low
2020-01-09,Elastic_Net,1D,5,-0.0028592624875049,0.00020069516524048715,Low
2020-01-10,Elastic_Net,1D,5,0.0069519940459332,0.0001735622573507002,Low
2020-01-13,Elastic_Net,1D,5,-0.0015156808368957,4.6262414007137965e-06,Low
2020-01-14,Elastic_Net,1D,5,0.0018684502436879,6.997896129446834e-05,Low
2020-01-15,Elastic_Net,1D,5,0.008331747422232,6.915344492860619e-05,Low
2020-01-16,Elastic_Net,1D,5,0.0038547232474851,5.4694480764571533e-05,Low
2020-01-17,Elastic_Net,1D,5,-0.0026555003695853,-4.701892988815727e-05,Low
2020-01-21,Elastic_Net,1D,5,0.000289034296681,0.00012706798051115024,Low
2020-01-22,Elastic_Net,1D,5,0.0011403261933582,0.00010635430545263494,Low
2020-01-23,Elastic_Net,1D,5,-0.0090832894261937,9.675033767970814e-05,Low
2020-01-24,Elastic_Net,1D,5,-0.015855752356844,0.0005415439900257593,Low
2020-01-27,Elastic_Net,1D,5,0.0100033835003525,0.0008147628075034429,Low
2020-01-28,Elastic_Net,1D,5,-0.0008672501435846,0.0004976611350410334,Normal
2020-01-29,Elastic_Net,1D,5,0.003129456930211,0.0006479461864260511,Low
2020-01-30,Elastic_Net,1D,5,-0.0178644435713629,0.00045771000619131683,Low
2020-01-31,Elastic_Net,1D,5,0.0072284257612325,0.0008318972459151065,Normal
2020-02-03,Elastic_Net,1D,5,0.014869315917506,0.0002933255792424584,Normal
2020-02-04,Elastic_Net,1D,5,0.0111877786589729,0.00012147747011386319,Normal
2020-02-05,Elastic_Net,1D,5,0.0033201550570019,-3.695843281665233e-05,Normal
2020-02-06,Elastic_Net,1D,5,-0.0054154910094583,-4.975092007212579e-05,Normal
2020-02-07,Elastic_Net,1D,5,0.0072996901205732,-0.0002507903831297864,Normal
2020-02-10,Elastic_Net,1D,5,0.0016870486860021,-0.0003077409175339842,Normal
2020-02-11,Elastic_Net,1D,5,0.006441853105203,-2.2442989878926508e-05,Normal
2020-02-12,Elastic_Net,1D,5,-0.0016317763599886,5.188783142918719e-05,Normal
2020-02-13,Elastic_Net,1D,5,0.0018418360984854,0.0001433022011171019,Normal
2020-02-14,Elastic_Net,1D,5,-0.0029242139861477,-1.2248619505060012e-05,Normal
2020-02-18,Elastic_Net,1D,5,0.0046947482842849,0.0002119299830713051,Normal
2020-02-19,Elastic_Net,1D,5,-0.0038228174279975,0.00016578330816010423,Normal
2020-02-20,Elastic_Net,1D,5,-0.0105738092328197,0.00037907317721647235,Normal
2020-02-21,Elastic_Net,1D,5,-0.0340880794204407,0.00057844406956948,Normal
2020-02-24,Elastic_Net,1D,5,-0.0307479043753532,0.001370268566708083,High
2020-02-25,Elastic_Net,1D,5,-0.00378569732353,0.00204958514496047,High
2020-02-26,Elastic_Net,1D,5,-0.0451681363522611,0.0018256265482843208,High
2020-02-27,Elastic_Net,1D,5,-0.008272463109653,0.002894524002725419,High
2020-02-28,Elastic_Net,1D,5,0.0450108687694132,0.002421944969878651,High
2020-03-02,Elastic_Net,1D,5,-0.0285104849229145,0.0008092792133403126,High
2020-03-03,Elastic_Net,1D,5,0.0413363493606331,0.0012659322498432056,High
2020-03-04,Elastic_Net,1D,5,-0.0345107824399811,-9.140333966616276e-05,High
2020-03-05,Elastic_Net,1D,5,-0.0172009436523861,0.00018898772163732154,High
2020-03-06,Elastic_Net,1D,5,-0.0790104129403714,0.00018449044527286382,High
2020-03-09,Elastic_Net,1D,5,0.0482150524258591,0.0029236742920117735,High
2020-03-10,Elastic_Net,1D,5,-0.0501028928086054,0.0007860212440824806,High
2020-03-11,Elastic_Net,1D,5,-0.0999448524024735,0.002973069158984929,High
2020-03-12,Elastic_Net,1D,5,0.0888084069492359,0.004536949862967082,High
2020-03-13,Elastic_Net,1D,5,-0.1276521974728174,0.001402306152866621,High
2020-03-16,Elastic_Net,1D,5,0.0582263126356917,0.0034446985972833404,High
2020-03-17,Elastic_Net,1D,5,-0.0532222723320802,0.0023251127728324147,High
2020-03-18,Elastic_Net,1D,5,0.004696760970401,0.00279972043490655,High
2020-03-19,Elastic_Net,1D,5,-0.0443276240533668,0.0007847376817686925,High
2020-03-20,Elastic_Net,1D,5,-0.0297315010095767,0.0036263092087360014,High
2020-03-23,Elastic_Net,1D,5,0.0896832325179632,0.0018015017886887598,High
2020-03-24,Elastic_Net,1D,5,0.0114689904208222,0.0007383300529937645,High
2020-03-25,Elastic_Net,1D,5,0.0605438310742465,-0.00029986600977945256,High
2020-03-26,Elastic_Net,1D,5,-0.0342678455416263,-0.001458212260463408,High
2020-03-27,Elastic_Net,1D,5,0.0329665905699747,-0.001321739029812833,High
2020-03-30,Elastic_Net,1D,5,-0.0161423107884158,-0.0030702217809766325,High
2020-03-31,Elastic_Net,1D,5,-0.0451463627327869,-0.00047396230904041666,High
2020-04-01,Elastic_Net,1D,5,0.0225726570569603,0.00027546542987145556,High
2020-04-02,Elastic_Net,1D,5,-0.0152528608259442,0.0009503248093952867,High
2020-04-03,Elastic_Net,1D,5,0.0679682441448303,0.0008130265786768995,High
2020-04-06,Elastic_Net,1D,5,-0.0016043390483624,0.00020538135189957462,High
2020-04-07,Elastic_Net,1D,5,0.0334893711912846,-0.00022562362576194654,High
2020-04-08,Elastic_Net,1D,5,0.0143834703036993,-0.0015689673604152932,High
2020-04-09,Elastic_Net,1D,5,-0.0101560594446771,-0.0010100892467892687,High
2020-04-13,Elastic_Net,1D,5,0.0301145595723075,-0.001954841554092105,High
2020-04-14,Elastic_Net,1D,5,-0.0222767326723692,-0.0003589109865299006,High
2020-04-15,Elastic_Net,1D,5,0.0057998378395412,-0.000740673448762354,High
2020-04-16,Elastic_Net,1D,5,0.0264409320213205,0.00027369516873218807,High
2020-04-17,Elastic_Net,1D,5,-0.0180428456153477,-0.0003523144623707351,High
2020-04-20,Elastic_Net,1D,5,-0.0311551152363306,0.0002640989701879842,High
2020-04-21,Elastic_Net,1D,5,0.0226713005821367,0.0013360248900739723,High
2020-04-22,Elastic_Net,1D,5,-0.0005395676601955,-0.0002984211116851484,High
2020-04-23,Elastic_Net,1D,5,0.0138220905668392,0.0002916709593231599,High
2020-04-24,Elastic_Net,1D,5,0.0146068681817359,0.00012168910912272954,High
2020-04-27,Elastic_Net,1D,5,-0.0052561701904836,4.865629735321421e-05,High
2020-04-28,Elastic_Net,1D,5,0.026236704045073,-0.0005395170955409792,High
2020-04-29,Elastic_Net,1D,5,-0.0092551433190548,-0.0005526781960580216,High
2020-04-30,Elastic_Net,1D,5,-0.0284602110147759,-9.85714991926327e-05,High
2020-05-01,Elastic_Net,1D,5,0.0042408225788494,0.00038344179154632625,High
2020-05-04,Elastic_Net,1D,5,0.0089999351977798,0.0005442179485116624,High
2020-05-05,Elastic_Net,1D,5,-0.0070038803990425,-8.616731495737903e-05,High
2020-05-06,Elastic_Net,1D,5,0.0114389557548908,0.000988611094327882,High
2020-05-07,Elastic_Net,1D,5,0.0167307950652262,0.00030782766960153475,High
2020-05-08,Elastic_Net,1D,5,0.0001330693667907,-0.0004689088328293576,High
2020-05-11,Elastic_Net,1D,5,-0.0207133657720476,-0.00022191782407635546,High
2020-05-12,Elastic_Net,1D,5,-0.01761699662428,0.0003981514807830313,High
2020-05-13,Elastic_Net,1D,5,0.0114589178040714,0.0007719058876879171,High
2020-05-14,Elastic_Net,1D,5,0.003918675203723,0.00028646118904481995,High
2020-05-15,Elastic_Net,1D,5,0.0310152087700734,0.00048799178482929976,High
2020-05-18,Elastic_Net,1D,5,-0.0105397477115992,0.00013131293745655804,High
2020-05-19,Elastic_Net,1D,5,0.0165139906134157,0.00022122656853236684,High
2020-05-20,Elastic_Net,1D,5,-0.0078039683099536,-0.0008057127932994171,High
2020-05-21,Elastic_Net,1D,5,0.0023509456868123,-0.00020468082373261955,High
2020-05-22,Elastic_Net,1D,5,0.0122142850214605,-0.0003473975572748748,High
2020-05-26,Elastic_Net,1D,5,0.0147184474903143,4.620680257074952e-05,High
2020-05-27,Elastic_Net,1D,5,-0.0021101393249195,-0.0003965312205337792,High
2020-05-28,Elastic_Net,1D,5,0.0048007935523079,-0.00011427371087335895,High
2020-05-29,Elastic_Net,1D,5,0.0037442164783643,-0.0002658997037722301,High
2020-06-01,Elastic_Net,1D,5,0.0081773072823986,-0.0001700232693758299,High
2020-06-02,Elastic_Net,1D,5,0.0135566708125639,-0.0002849711760790795,High
2020-06-03,Elastic_Net,1D,5,-0.0033743890836089,-0.0003076837416906933,High
2020-06-04,Elastic_Net,1D,5,0.0258740128216358,-0.00013241078166505312,High
2020-06-05,Elastic_Net,1D,5,0.011969656405806,-0.0006856560824871568,High
2020-06-08,Elastic_Net,1D,5,-0.0078297434197219,-0.0008497296845297818,High
2020-06-09,Elastic_Net,1D,5,-0.005327255735182,-0.00037251135852091,High
2020-06-10,Elastic_Net,1D,5,-0.0607526929962889,0.00010407081197516896,High
2020-06-11,Elastic_Net,1D,5,0.0129762866052117,0.0015051390776451591,High
2020-06-12,Elastic_Net,1D,5,0.0082778608181752,0.0011897249362931815,High
2020-06-15,Elastic_Net,1D,5,0.0187848528667105,0.0010306620570803505,High
2020-06-16,Elastic_Net,1D,5,-0.0036067962326294,0.000632263238742906,High
2020-06-17,Elastic_Net,1D,5,0.0005940434038017,0.0008567318939975655,High
2020-06-18,Elastic_Net,1D,5,-0.0056655135656737,-0.0004672694274466999,High
2020-06-19,Elastic_Net,1D,5,0.0064740932966583,0.00015949428917521545,High
2020-06-22,Elastic_Net,1D,5,0.0042981691914837,-8.207199623123902e-05,High
2020-06-23,Elastic_Net,1D,5,-0.0261952655956623,0.00023133919757193996,High
2020-06-24,Elastic_Net,1D,5,0.0108998277282181,0.0007975253620374513,High
2020-06-25,Elastic_Net,1D,5,-0.0245252042748311,0.0004118740290755085,High
2020-06-26,Elastic_Net,1D,5,0.0145788881135335,0.0010018445336988484,High
2020-06-29,Elastic_Net,1D,5,0.0152923494357555,0.0005653166959729795,High
2020-06-30,Elastic_Net,1D,5,0.0050095639758705,0.00030773513842992253,High
2020-07-01,Elastic_Net,1D,5,0.0045309704768169,-0.00018140510415669395,High
2020-07-02,Elastic_Net,1D,5,0.0157569308321632,9.216466637647751e-05,High
2020-07-06,Elastic_Net,1D,5,-0.0108774778696435,-0.000861499619297794,High
2020-07-07,Elastic_Net,1D,5,0.0077969862634302,-0.00021255719970210033,High
2020-07-08,Elastic_Net,1D,5,-0.0056595914761946,-8.986995668372032e-05,High
2020-07-09,Elastic_Net,1D,5,0.010411809774443,0.00020912224800934376,High
2020-07-10,Elastic_Net,1D,5,-0.0094066452160588,0.00021981631883868027,High
2020-07-13,Elastic_Net,1D,5,0.0133173005829039,0.0005620512580926192,High
2020-07-14,Elastic_Net,1D,5,0.009041056936355,-0.00018255638982618685,High
2020-07-15,Elastic_Net,1D,5,-0.0034119152141152,-0.0001195957227632033,High
2020-07-16,Elastic_Net,1D,5,0.0028445625875835,-3.7884316916040196e-05,High
2020-07-17,Elastic_Net,1D,5,0.0083717972551403,7.022468031715886e-05,High
2020-07-20,Elastic_Net,1D,5,0.00167762933456,-0.0002727205199331869,High
2020-07-21,Elastic_Net,1D,5,0.0057306305944738,-1.7850508859970084e-05,High
2020-07-22,Elastic_Net,1D,5,-0.0123963784122468,-3.179461697774491e-05,High
2020-07-23,Elastic_Net,1D,5,-0.0062096400242761,0.00044526616352345215,High
2020-07-24,Elastic_Net,1D,5,0.0073679288214823,0.0003245988711933773,High
2020-07-27,Elastic_Net,1D,5,-0.0064944354186463,0.0004579306204934322,Normal
2020-07-28,Elastic_Net,1D,5,0.0123517833517425,0.0005032087455730846,Normal
2020-07-29,Elastic_Net,1D,5,-0.0037573017634548,0.0002508807279169266,Normal
2020-07-30,Elastic_Net,1D,5,0.0076412362421762,0.00020298691369857047,Normal
2020-07-31,Elastic_Net,1D,5,0.0071553626643586,-1.3196814080186495e-05,Normal
2020-08-03,Elastic_Net,1D,5,0.0036054230261335,-8.392407940375059e-05,Normal
2020-08-04,Elastic_Net,1D,5,0.0064091604355179,-0.00015612039241644097,Normal
2020-08-05,Elastic_Net,1D,5,0.0064071260206648,-0.0001316895256528937,Normal
2020-08-06,Elastic_Net,1D,5,0.0006328292699566,-0.00027805422269840796,Normal
2020-08-07,Elastic_Net,1D,5,0.0027384652733919,-0.00020109551234036332,Normal
2020-08-10,Elastic_Net,1D,5,-0.0080010554013772,2.0227233471132883e-06,Normal
2020-08-11,Elastic_Net,1D,5,0.0138995022936135,0.0002091880956434997,Normal
2020-08-12,Elastic_Net,1D,5,-0.0020492726761566,-8.080366628132585e-05,Normal
2020-08-13,Elastic_Net,1D,5,-0.000171897396279,0.00019963930477996157,Normal
2020-08-14,Elastic_Net,1D,5,0.0027061775074234,0.00018074998595037734,Normal
2020-08-17,Elastic_Net,1D,5,0.0023007404198168,0.00015262995713337667,Normal
2020-08-18,Elastic_Net,1D,5,-0.004414123345182,6.582027311495715e-06,Normal
2020-08-19,Elastic_Net,1D,5,0.0031536547683461,0.0003706769840920909,Normal
2020-08-20,Elastic_Net,1D,5,0.0034351999829724,0.00026522066500358186,Low
2020-08-21,Elastic_Net,1D,5,0.0099936153649035,0.0001942318755938619,Low
2020-08-24,Elastic_Net,1D,5,0.0035898997455401,-1.0546120617592849e-05,Low
2020-08-25,Elastic_Net,1D,5,0.0101440013448414,4.5616798407120804e-05,Low
2020-08-26,Elastic_Net,1D,5,0.0016716460318091,-0.0003401790636333618,Low
2020-08-27,Elastic_Net,1D,5,0.0067100028495702,-0.00016766820237136277,Low
2020-08-28,Elastic_Net,1D,5,-0.0021973751755085,-0.00034156358037993484,Low
2020-08-31,Elastic_Net,1D,5,0.0074968314207059,-1.8535102258013605e-05,Low
2020-09-01,Elastic_Net,1D,5,0.0152490501438697,-0.00017059535826073564,Low
2020-09-02,Elastic_Net,1D,5,-0.0357575941421853,-0.00031155591870757354,Low
2020-09-03,Elastic_Net,1D,5,-0.0081662807542751,0.0007491428455157004,High
2020-09-04,Elastic_Net,1D,5,-0.0281488290864667,0.0007805394862297399,High
2020-09-08,Elastic_Net,1D,5,0.0199447606621803,0.0012943636987151686,High
2020-09-09,Elastic_Net,1D,5,-0.0177412459253955,0.0009381826915796536,High
2020-09-10,Elastic_Net,1D,5,0.0005329301580873,0.0016709836119919005,High
2020-09-11,Elastic_Net,1D,5,0.0126613350250229,0.0009369573616184153,High
2020-09-14,Elastic_Net,1D,5,0.0052057859304996,0.0004920731072619365,High
2020-09-15,Elastic_Net,1D,5,-0.0046296468921518,-5.632814112085851e-05,High
2020-09-16,Elastic_Net,1D,5,-0.0084479495285524,0.0004411188067270555,High
2020-09-17,Elastic_Net,1D,5,-0.0112455769478285,0.0002300751984485309,High
2020-09-18,Elastic_Net,1D,5,-0.0116385640272977,0.0005046411521077663,High
2020-09-21,Elastic_Net,1D,5,0.0104630163983761,0.0008903545086739787,High
2020-09-22,Elastic_Net,1D,5,-0.0240073389143741,0.0006740652072326448,High
2020-09-23,Elastic_Net,1D,5,0.002983005554629,0.0013162471034732746,High
2020-09-24,Elastic_Net,1D,5,0.0158504392241884,0.0008275337976609402,High
2020-09-25,Elastic_Net,1D,5,0.0159821918538544,0.00025213846439278237,High
2020-09-28,Elastic_Net,1D,5,-0.0048242827044439,-0.00014585536760362323,High
2020-09-29,Elastic_Net,1D,5,0.0082198425683796,0.00025430677247630177,High
2020-09-30,Elastic_Net,1D,5,0.005278949564295,-0.0004514106645229764,High
2020-10-01,Elastic_Net,1D,5,-0.0096238128663708,-0.0004726836593520166,High
2020-10-02,Elastic_Net,1D,5,0.0178131090029009,0.00021964680411979274,High
2020-10-05,Elastic_Net,1D,5,-0.0140720643875232,-2.8699696443804893e-05,High
2020-10-06,Elastic_Net,1D,5,0.0172471637702415,0.00044635900558334874,High
2020-10-07,Elastic_Net,1D,5,0.0079782128948692,-0.00017056773027851815,High
2020-10-08,Elastic_Net,1D,5,0.0087550951807528,1.0315881034698863e-05,High
2020-10-09,Elastic_Net,1D,5,0.0162825301583242,-0.00041641204491968674,High
2020-10-12,Elastic_Net,1D,5,-0.0063268916291632,-0.00047303802186201817,High
2020-10-13,Elastic_Net,1D,5,-0.0066451720840594,-0.0004416900817075581,High
2020-10-14,Elastic_Net,1D,5,-0.001528923514213,5.01672131972275e-05,High
2020-10-15,Elastic_Net,1D,5,0.0001349104566304,0.0001164248910647012,High
2020-10-16,Elastic_Net,1D,5,-0.0164646635149426,0.00037048076840488846,High
2020-10-19,Elastic_Net,1D,5,0.0047161953200011,0.0011008576632209363,High
2020-10-20,Elastic_Net,1D,5,-0.0021981140115702,0.0006214418702388846,High
2020-10-21,Elastic_Net,1D,5,0.0052053540034913,0.0007187837780173791,High
2020-10-22,Elastic_Net,1D,5,0.0034398383203894,0.0004202004504427738,High
2020-10-23,Elastic_Net,1D,5,-0.018764472985322,0.00032456029708830534,High
2020-10-26,Elastic_Net,1D,5,-0.0030302053504455,0.0005175363855457822,High
2020-10-27,Elastic_Net,1D,5,-0.0359255421085777,0.0006660715429996837,High
2020-10-28,Elastic_Net,1D,5,0.0118765249399974,0.0014006259048634075,High
2020-10-29,Elastic_Net,1D,5,-0.0122037134452599,0.0009609523695512372,High
2020-10-30,Elastic_Net,1D,5,0.0122429508905916,0.0014661182445454112,High
2015-06-10,Elastic_Net,5D,1,-0.0022636326075193,0.0014720276193719325,Low
2015-06-11,Elastic_Net,5D,1,0.0058532506899613,0.001064617674111673,Low
2015-06-12,Elastic_Net,5D,1,0.0075545101051144,0.0016969835282443758,Low
2015-06-15,Elastic_Net,5D,1,0.018264167708428,0.0017459349086095112,Low
2015-06-16,Elastic_Net,5D,1,0.0132261036178678,0.0009250761316134395,Low
2015-06-17,Elastic_Net,5D,1,0.0038679535044897,0.0015770235960959088,Low
2015-06-18,Elastic_Net,5D,1,-0.0089640507061154,0.0008652599031243571,Low
2015-06-19,Elastic_Net,5D,1,-0.0040365912130882,0.0012504470311765,Low
2015-06-22,Elastic_Net,5D,1,-0.031199928703242,0.0001548202154668017,Low
2015-06-23,Elastic_Net,5D,1,-0.029180632775968,0.000589441825357887,Low
2015-06-24,Elastic_Net,5D,1,-0.0148880706230257,0.0015564047713510073,Low
2015-06-25,Elastic_Net,5D,1,-0.0122181366559759,0.0022193104847804575,Low
2015-06-26,Elastic_Net,5D,1,-0.0156972136099509,0.0017561988747382701,Low
2015-06-29,Elastic_Net,5D,1,0.0114523164925293,0.004482027764756479,Normal
2015-06-30,Elastic_Net,5D,1,-0.0079956107720796,0.0030910420985300214,Normal
2015-07-01,Elastic_Net,5D,1,-0.0126480595618967,0.001893948111685434,Normal
2015-07-02,Elastic_Net,5D,1,-7.700298734244507e-05,0.0023994224701990004,Normal
2015-07-06,Elastic_Net,5D,1,0.0147974982189101,0.0024924365966750295,Normal
2015-07-07,Elastic_Net,5D,1,0.0131782108615416,0.0006262978370842978,Normal
2015-07-08,Elastic_Net,5D,1,0.0292359194729459,0.0028203956052439746,Normal
2015-07-09,Elastic_Net,5D,1,0.0349590052726014,0.0023337380083124025,Normal
2015-07-10,Elastic_Net,5D,1,0.0238015905120445,0.0007876586614055843,Normal
2015-07-13,Elastic_Net,5D,1,0.0135672586286908,-3.996699505982577e-05,Normal
2015-07-14,Elastic_Net,5D,1,0.0048531891494675,0.0006156034457612432,Normal
2015-07-15,Elastic_Net,5D,1,0.0031978804300145,-0.00023974498882050016,Normal
2015-07-16,Elastic_Net,5D,1,-0.0104770632258404,-0.0008057609882567084,Normal
2015-07-17,Elastic_Net,5D,1,-0.0223436555469523,7.586263195916306e-05,Normal
2015-07-20,Elastic_Net,5D,1,-0.0289063472360181,0.0007863886499346037,Normal
2015-07-21,Elastic_Net,5D,1,-0.0123254771914058,0.0012229387398308923,Normal
2015-07-22,Elastic_Net,5D,1,-0.0026427692438319,0.0013041580266219004,Normal
2015-07-23,Elastic_Net,5D,1,0.0030778078715698,0.002254801008474194,Normal
2015-07-24,Elastic_Net,5D,1,0.0115647247671792,0.003089532110094312,Normal
2015-07-27,Elastic_Net,5D,1,0.014595785887339,0.00365368491396475,Normal
2015-07-28,Elastic_Net,5D,1,3.347291851688715e-05,0.0017382523288464852,Normal
2015-07-29,Elastic_Net,5D,1,-0.004148831823376,0.0014523323378352229,Normal
2015-07-30,Elastic_Net,5D,1,-0.0119603946499605,0.0012482191878078158,Normal
2015-07-31,Elastic_Net,5D,1,-0.0125653137052465,0.0008320581809216718,Normal
2015-08-03,Elastic_Net,5D,1,0.0029222158716832,0.0007584464258889966,Normal
2015-08-04,Elastic_Net,5D,1,-0.0044286096415662,0.001616685049435428,Normal
2015-08-05,Elastic_Net,5D,1,-0.0065888441888422,0.0016461186813896802,Low
2015-08-06,Elastic_Net,5D,1,-8.167413466134306e-05,0.0025149308710766018,Low
2015-08-07,Elastic_Net,5D,1,0.0067016809960354,0.002167822009807728,Low
2015-08-10,Elastic_Net,5D,1,-0.0008272629265866,0.0010730107412439674,Low
2015-08-11,Elastic_Net,5D,1,0.0061468188179625,0.0021223864881278883,Low
2015-08-12,Elastic_Net,5D,1,-0.0030919212298493,0.0018809444948085757,Low
2015-08-13,Elastic_Net,5D,1,-0.0231418558156142,0.0014927727297360403,Low
2015-08-14,Elastic_Net,5D,1,-0.0594154306118518,0.0009669608647385997,Low
2015-08-17,Elastic_Net,5D,1,-0.1048247666677739,0.001609065450794502,Low
2015-08-18,Elastic_Net,5D,1,-0.1158100334747966,0.0013334101590292266,Low
2015-08-19,Elastic_Net,5D,1,-0.0692295976306679,0.002038940150767351,Low
2015-08-20,Elastic_Net,5D,1,-0.0238963826868317,0.0037877335177608305,Normal
2015-08-21,Elastic_Net,5D,1,0.0090814109919228,0.007092489949528545,High
2015-08-24,Elastic_Net,5D,1,0.0408657766744578,0.010660267355032301,High
2015-08-25,Elastic_Net,5D,1,0.0244573765746859,0.007239697316985036,High
2015-08-26,Elastic_Net,5D,1,0.0042937485633687,0.004265728958675744,High
2015-08-27,Elastic_Net,5D,1,-0.0185493902269022,0.0019394065013328312,High
2015-08-28,Elastic_Net,5D,1,-0.0346062501380548,0.0009690781505003329,High
2015-08-31,Elastic_Net,5D,1,-0.0014055342770321,-0.00033701396738782603,High
2015-09-01,Elastic_Net,5D,1,0.0146220797963109,0.0007677251950307378,High
2015-09-02,Elastic_Net,5D,1,0.001758483818032,2.360880687237235e-05,High
2015-09-03,Elastic_Net,5D,1,0.0050713745635994,0.002497158106112796,High
2015-09-04,Elastic_Net,5D,1,0.0164216420948319,0.0040666309063745135,High
2015-09-08,Elastic_Net,5D,1,0.0043976925292259,0.000921970124670527,High
2015-09-09,Elastic_Net,5D,1,0.0270604690136864,0.0009646141649331977,High
2015-09-10,Elastic_Net,5D,1,0.0192320491261907,0.0009782227605997747,High
2015-09-11,Elastic_Net,5D,1,-0.001541188273179,0.0009440148852534522,High
2015-09-14,Elastic_Net,5D,1,0.0071122449835374,0.0007932065946040231,High
2015-09-15,Elastic_Net,5D,1,-0.0180323726672733,0.000857687965126168,High
2015-09-16,Elastic_Net,5D,1,-0.028750857612243,-0.00035659335277774787,High
2015-09-17,Elastic_Net,5D,1,-0.0295551650409894,0.00033350177018241756,High
2015-09-18,Elastic_Net,5D,1,-0.0137248358878264,0.0018728618736408918,High
2015-09-21,Elastic_Net,5D,1,-0.0442814390843083,0.0005973463545202718,High
2015-09-22,Elastic_Net,5D,1,-0.0306544151519483,0.003115512461309853,High
2015-09-23,Elastic_Net,5D,1,-0.0097077723187892,0.0031380640419570033,High
2015-09-24,Elastic_Net,5D,1,-0.0043671817691455,0.0035705604120416226,High
2015-09-25,Elastic_Net,5D,1,0.0103125130484805,0.0023598560135591512,High
2015-09-28,Elastic_Net,5D,1,0.0544383177297917,0.005061614338449655,High
2015-09-29,Elastic_Net,5D,1,0.0496115344726668,0.0031358900863252426,High
2015-09-30,Elastic_Net,5D,1,0.0387191557266546,0.001544299972022226,High
2015-10-01,Elastic_Net,5D,1,0.0455269971928758,0.0013182373963729413,High
2015-10-02,Elastic_Net,5D,1,0.0320380527369856,0.0005324335127399192,High
2015-10-05,Elastic_Net,5D,1,0.0151881236958162,-0.0020191352072431064,High
2015-10-06,Elastic_Net,5D,1,0.0119339893498324,-0.0014405940440985032,High
2015-10-07,Elastic_Net,5D,1,-0.0007969614196595,-0.0009993608653550972,High
2015-10-08,Elastic_Net,5D,1,0.005166809787137,-0.001395917267040207,High
2015-10-09,Elastic_Net,5D,1,0.0090020226003187,-0.0004515684528377368,High
2015-10-12,Elastic_Net,5D,1,0.0079978670668588,0.0004084597086431764,High
2015-10-13,Elastic_Net,5D,1,0.0134245897010922,0.0011627147376458559,High
2015-10-14,Elastic_Net,5D,1,0.0123095717018971,0.0016469559680478473,High
2015-10-15,Elastic_Net,5D,1,0.014056867363136,0.0007493441927211752,High
2015-10-16,Elastic_Net,5D,1,0.020466759958482,0.0007520361472415305,High
2015-10-19,Elastic_Net,5D,1,0.0182813180135086,0.0010282696532843277,High
2015-10-20,Elastic_Net,5D,1,0.0171460332043147,0.0009044903796922117,Normal
2015-10-21,Elastic_Net,5D,1,0.0347589706035925,0.0010122148901933695,Normal
2015-10-22,Elastic_Net,5D,1,0.0178182482103378,0.00016238794608765803,High
2015-10-23,Elastic_Net,5D,1,0.0020268125528695,0.00031207921965408056,High
2015-10-26,Elastic_Net,5D,1,0.0157456218927844,0.0006322596114217982,Normal
2015-10-27,Elastic_Net,5D,1,0.0210273606829396,0.000538128978629958,Normal
2015-10-28,Elastic_Net,5D,1,0.0057052052551488,-0.0007893040189779585,Normal
2015-10-29,Elastic_Net,5D,1,0.0050222908793113,0.0005311862302789513,Normal
2015-10-30,Elastic_Net,5D,1,0.009496090787713,0.0015038741924375857,Normal
2015-11-02,Elastic_Net,5D,1,-0.0121790762076041,0.00037326931578632707,Normal
2015-11-03,Elastic_Net,5D,1,-0.0133939739792219,0.00036772820293892684,Normal
2015-11-04,Elastic_Net,5D,1,-0.0130756143611437,0.0014061149827884127,Normal
2015-11-05,Elastic_Net,5D,1,-0.0260319879412781,0.0011126147899324743,Normal
2015-11-06,Elastic_Net,5D,1,-0.0369549465934099,0.000788267233218916,Normal
2015-11-09,Elastic_Net,5D,1,-0.0122903531426731,0.0027448719986160938,Normal
2015-11-10,Elastic_Net,5D,1,-0.0151400853143694,0.002018277825192905,Normal
2015-11-11,Elastic_Net,5D,1,0.0041264518843719,0.0024662957540696672,Normal
2015-11-12,Elastic_Net,5D,1,0.0170918748920252,0.0035893084747258943,Normal
2015-11-13,Elastic_Net,5D,1,0.03216547060433,0.004093025382160674,Normal
2015-11-16,Elastic_Net,5D,1,0.0161365439684118,0.0017921959492320236,Normal
2015-11-17,Elastic_Net,5D,1,0.018698070931619,0.00256696145536658,Normal
2015-11-18,Elastic_Net,5D,1,0.0025357004394796,0.0008083244046711553,Normal
2015-11-19,Elastic_Net,5D,1,0.0042528823279398,0.0005413208311531358,Normal
2015-11-20,Elastic_Net,5D,1,-0.004201873091828,-0.0007344784806305536,Normal
2015-11-23,Elastic_Net,5D,1,0.0076576896965952,0.0005999577336715317,Normal
2015-11-24,Elastic_Net,5D,1,-0.0046201528878142,0.00048633506168846094,Normal
2015-11-25,Elastic_Net,5D,1,-0.0189688387169972,0.0011938141944945148,Normal
2015-11-27,Elastic_Net,5D,1,0.000755576087373,0.001248982568493175,Normal
2015-11-30,Elastic_Net,5D,1,-0.0016066677334062,0.00199933018278435,Normal
2015-12-01,Elastic_Net,5D,1,-0.0187416593057401,0.0007239056629043494,Normal
2015-12-02,Elastic_Net,5D,1,-0.0154541530319839,0.0020776615266916093,Normal
2015-12-03,Elastic_Net,5D,1,0.0012725299907608,0.003147364615819114,Normal
2015-12-04,Elastic_Net,5D,1,-0.0386591941289057,0.0007012476642597033,Normal
2015-12-07,Elastic_Net,5D,1,-0.0269008621044398,0.001851048009403528,Normal
2015-12-08,Elastic_Net,5D,1,-0.0098272293729309,0.0030312839198174697,Normal
2015-12-09,Elastic_Net,5D,1,0.0123524926435332,0.0028958803519594303,Normal
2015-12-10,Elastic_Net,5D,1,-0.0050511405709378,0.0013779533514950888,Normal
2015-12-11,Elastic_Net,5D,1,-0.0033947678222293,0.004972989904266569,High
2015-12-14,Elastic_Net,5D,1,-0.0003907491591411,0.0027139565160818717,Normal
2015-12-15,Elastic_Net,5D,1,-0.0021752336734865,0.0016797049218705117,Normal
2015-12-16,Elastic_Net,5D,1,-0.004244272796704,6.678841924794379e-05,High
2015-12-17,Elastic_Net,5D,1,0.009310588435309,0.002065719592072323,Normal
2015-12-18,Elastic_Net,5D,1,0.0250871469861096,0.002126805692304835,High
2015-12-21,Elastic_Net,5D,1,0.0279125044319764,0.0010722144463845163,High
2015-12-22,Elastic_Net,5D,1,0.0118910100566289,0.0011540450762484102,High
2015-12-23,Elastic_Net,5D,1,-0.0099070715123927,0.0015257127785230362,High
2015-12-24,Elastic_Net,5D,1,-0.0237291979063353,0.0010069173115882677,High
2015-12-28,Elastic_Net,5D,1,-0.0195380573106694,0.0003105067201889429,High
2015-12-29,Elastic_Net,5D,1,-0.0433138844863185,-0.00032278805389476264,High
2015-12-30,Elastic_Net,5D,1,-0.0600563022218847,0.0010975645547069684,High
2015-12-31,Elastic_Net,5D,1,-0.0614973546262648,0.0023145643346403717,High
2016-01-04,Elastic_Net,5D,1,-0.0452224045326363,0.003495602424776623,High
2016-01-05,Elastic_Net,5D,1,-0.0394600945542214,0.0023500423088718696,High
2016-01-06,Elastic_Net,5D,1,-0.0515403066295043,0.004360433641755266,High
2016-01-07,Elastic_Net,5D,1,-0.0109964291757757,0.0060823375567901,High
2016-01-08,Elastic_Net,5D,1,-0.0219346644280901,0.005611797876442323,High
2016-01-11,Elastic_Net,5D,1,-0.0222558925364839,0.003548687738193313,High
2016-01-12,Elastic_Net,5D,1,-0.0417911726801569,0.0034144660366470497,High
2016-01-13,Elastic_Net,5D,1,-0.0113268089662999,0.005195348232945558,High
2016-01-14,Elastic_Net,5D,1,-0.0078041430184702,0.0018676414755261813,High
2016-01-15,Elastic_Net,5D,1,-0.0017299154931293,0.0035252069076214835,High
2016-01-19,Elastic_Net,5D,1,0.0117836421498097,0.0026012417787123375,High
2016-01-20,Elastic_Net,5D,1,0.0126234858751796,0.004338374904115605,High
2016-01-21,Elastic_Net,5D,1,0.0129548479568229,0.0019734670250795322,High
2016-01-22,Elastic_Net,5D,1,0.0173327720691659,0.0009606599909857224,High
2016-01-25,Elastic_Net,5D,1,0.0326509823964456,0.002040356140738322,High
2016-01-26,Elastic_Net,5D,1,-0.0003152241521535,0.0004363960265036746,High
2016-01-27,Elastic_Net,5D,1,0.0155873181699488,0.0009143614612894917,High
2016-01-28,Elastic_Net,5D,1,0.0115995357448807,0.0005914250206603773,High
2016-01-29,Elastic_Net,5D,1,-0.0315132735260274,-2.36777472076349e-05,High
2016-02-01,Elastic_Net,5D,1,-0.0453249966035429,-0.00045968499026812263,High
2016-02-02,Elastic_Net,5D,1,-0.0270678685320718,0.002001324621646202,High
2016-02-03,Elastic_Net,5D,1,-0.0322364566844068,0.0005202993301527694,High
2016-02-04,Elastic_Net,5D,1,-0.0461394723061865,0.0008766846394685236,High
2016-02-05,Elastic_Net,5D,1,-0.0081552988227887,0.0037326407709545872,High
2016-02-08,Elastic_Net,5D,1,0.0224814968419535,0.00479870447779312,High
2016-02-09,Elastic_Net,5D,1,0.0394914481143551,0.003237257847462726,High
2016-02-10,Elastic_Net,5D,1,0.0350037841211813,0.0033574933270754197,High
2016-02-11,Elastic_Net,5D,1,0.0473551981686357,0.004666995542718311,High
2016-02-12,Elastic_Net,5D,1,0.0423759140606659,0.001357113986218358,High
2016-02-16,Elastic_Net,5D,1,0.0134615987481924,-0.00011006792163274488,High
2016-02-17,Elastic_Net,5D,1,0.001545448157183,-0.0012315886364227659,High
2016-02-18,Elastic_Net,5D,1,0.0175064470115685,-0.0007033744117215192,High
2016-02-19,Elastic_Net,5D,1,0.0156606149638058,-0.0015340041266875177,High
2016-02-22,Elastic_Net,5D,1,-0.0068442472268421,-0.0012498826528803116,High
2016-02-23,Elastic_Net,5D,1,0.0292767157455651,0.0010960231963621034,High
2016-02-24,Elastic_Net,5D,1,0.028932705572035,0.0013642026593599968,High
2016-02-25,Elastic_Net,5D,1,0.0211409731619011,0.00010845471242272174,High
2016-02-26,Elastic_Net,5D,1,0.0263132783574074,0.0007563715711020591,High
2016-02-29,Elastic_Net,5D,1,0.0353520322498431,0.002092044695802391,High
2016-03-01,Elastic_Net,5D,1,0.0004598907922181,-0.000874637113294131,High
2016-03-02,Elastic_Net,5D,1,0.0014136137139306,-0.00033156834742772653,High
2016-03-03,Elastic_Net,5D,1,-0.0019232278092637,0.0001789879326380174,High
2016-03-04,Elastic_Net,5D,1,0.0110388779136459,2.5197096602210846e-06,High
2016-03-07,Elastic_Net,5D,1,0.00889248649617,-0.00045316585030040924,High
2016-03-08,Elastic_Net,5D,1,0.0183576116178584,0.0017969373401145949,High
2016-03-09,Elastic_Net,5D,1,0.0189026667168239,0.0013556350785967862,High
2016-03-10,Elastic_Net,5D,1,0.0253204569882976,0.0015616294421713392,High
2016-03-11,Elastic_Net,5D,1,0.0134538786504724,0.0005036281843226807,Normal
2016-03-14,Elastic_Net,5D,1,0.0157007391713767,0.0010899059798294007,Normal
2016-03-15,Elastic_Net,5D,1,0.0166615972089223,0.0004153780094958003,Normal
2016-03-16,Elastic_Net,5D,1,0.0046703597964754,-2.9846008093454548e-05,Normal
2016-03-17,Elastic_Net,5D,1,-0.0022813650514975,-0.00010467489760426795,Normal
2016-03-18,Elastic_Net,5D,1,-0.0061322254144514,0.000625029735147076,Normal
2016-03-21,Elastic_Net,5D,1,0.0016606947354934,0.0005369538277720959,Normal
2016-03-22,Elastic_Net,5D,1,0.0068793476258319,0.0006226931809295202,Normal
2016-03-23,Elastic_Net,5D,1,0.0112440147968782,0.0014204261544302735,Normal
2016-03-24,Elastic_Net,5D,1,0.0179331156428548,0.0016037416036710037,Normal
2016-03-28,Elastic_Net,5D,1,0.0141745287089277,0.0019940675872744474,Normal
2016-03-29,Elastic_Net,5D,1,-0.004799781757104,0.00108667776019881,Normal
2016-03-30,Elastic_Net,5D,1,0.0013121361813431,0.0010498461043326915,Low
2016-03-31,Elastic_Net,5D,1,-0.008694095429041,0.0009443155434876736,Low
2016-04-01,Elastic_Net,5D,1,-0.0122223518910245,0.0002606853859521954,Low
2016-04-04,Elastic_Net,5D,1,-0.0117524177347737,0.0009186398561975762,Low
2016-04-05,Elastic_Net,5D,1,0.0080596345584107,0.002102251480827718,Low
2016-04-06,Elastic_Net,5D,1,0.0075969063949554,0.0011282253959879235,Low
2016-04-07,Elastic_Net,5D,1,0.0198178927950928,0.0025114757337000772,Normal
2016-04-08,Elastic_Net,5D,1,0.0160504206143304,0.0020495854150793646,Normal
2016-04-11,Elastic_Net,5D,1,0.0253136921177322,0.0024186531113988886,Low
2016-04-12,Elastic_Net,5D,1,0.0187776761392088,0.0007118863181813111,Low
2016-04-13,Elastic_Net,5D,1,0.0095488614198854,0.000832513607892278,Low
2016-04-14,Elastic_Net,5D,1,0.0041683861324609,0.00031997985215351807,Low
2016-04-15,Elastic_Net,5D,1,0.0052010142881477,0.0005466858846291659,Low
2016-04-18,Elastic_Net,5D,1,-0.0031324009464132,-3.892691584182241e-05,Low
2016-04-19,Elastic_Net,5D,1,-0.0043411386750426,0.0003836195460676466,Low
2016-04-20,Elastic_Net,5D,1,-0.0034543996125304,0.0009625338089291409,Low
2016-04-21,Elastic_Net,5D,1,-0.0075204728168001,0.0014266712403473965,Low
2016-04-22,Elastic_Net,5D,1,-0.0126442806268981,0.0010390662320971331,Low
2016-04-25,Elastic_Net,5D,1,-0.0030509843088911,0.0019012916540639669,Low
2016-04-26,Elastic_Net,5D,1,-0.0136364838715239,0.0017438068197194307,Low
2016-04-27,Elastic_Net,5D,1,-0.0212390606887432,0.0016752090002544375,Low
2016-04-28,Elastic_Net,5D,1,-0.0122044613199757,0.0022976055837429852,Low
2016-04-29,Elastic_Net,5D,1,-0.003958901535866,0.0023731916492036945,Low
2016-05-02,Elastic_Net,5D,1,-0.0109852949255001,0.0014577195110858543,Low
2016-05-03,Elastic_Net,5D,1,0.010135569698933,0.00253435948233362,Low
2016-05-04,Elastic_Net,5D,1,0.0064826295265367,0.0028727284424515335,Low
2016-05-05,Elastic_Net,5D,1,0.0065521869513666,0.0022025686358834,Low
2016-05-06,Elastic_Net,5D,1,-0.0051318577639383,0.001471551801135772,Low
2016-05-09,Elastic_Net,5D,1,0.0038639053180645,0.0021283824321077028,Low
2016-05-10,Elastic_Net,5D,1,-0.0179983234701355,0.0006992332903880004,Low
2016-05-11,Elastic_Net,5D,1,-0.0081856429058654,0.0013813021473806605,Low
2016-05-12,Elastic_Net,5D,1,-0.0117297581606217,0.0010644597079012648,Low
2016-05-13,Elastic_Net,5D,1,0.0027861352239352,0.0019654510633578233,Low
2016-05-16,Elastic_Net,5D,1,-0.0090504777337792,0.0012042239679040288,Low
2016-05-17,Elastic_Net,5D,1,0.0139940233523738,0.0027844253979470305,Low
2016-05-18,Elastic_Net,5D,1,0.0207393953175558,0.00208708013653882,Low
2016-05-19,Elastic_Net,5D,1,0.0242425237903479,0.0022959546885721626,Low
2016-05-20,Elastic_Net,5D,1,0.0225187595069829,0.0010880324452499312,Low
2016-05-23,Elastic_Net,5D,1,0.0236006274544946,0.0021940633715236933,Low
2016-05-24,Elastic_Net,5D,1,0.0111463885744306,0.0003644734688715843,Normal
2016-05-25,Elastic_Net,5D,1,0.0070165550898335,0.00017231442123266964,Normal
2016-05-26,Elastic_Net,5D,1,0.0043109589030671,-2.2475034210265145e-05,Normal
2016-05-27,Elastic_Net,5D,1,0.0049185924829913,0.0001164584961646307,Normal
2016-05-31,Elastic_Net,5D,1,0.0072129767327786,0.0003747766056030246,Normal
2016-06-01,Elastic_Net,5D,1,0.0093826800508072,0.0008613808810533318,Low
2016-06-02,Elastic_Net,5D,1,0.0048427482859273,0.0009694087006669268,Low
2016-06-03,Elastic_Net,5D,1,-0.0014587218875439,0.0012245546618553254,Low
2016-06-06,Elastic_Net,5D,1,-0.0144923491966169,0.0012680961228089419,Low
2016-06-07,Elastic_Net,5D,1,-0.0175814698977863,0.0011842210857018706,Low
2016-06-08,Elastic_Net,5D,1,-0.0227279809335513,0.0009699939040807512,Low
2016-06-09,Elastic_Net,5D,1,-0.017880652224612,0.0013612543681580653,Low
2016-06-10,Elastic_Net,5D,1,-0.0119264039590548,0.002159739569984348,Low
2016-06-13,Elastic_Net,5D,1,0.0020132776090776,0.0032896391885725634,Low
2016-06-14,Elastic_Net,5D,1,0.0065221732852592,0.002442447045885824,Low
2016-06-15,Elastic_Net,5D,1,0.0067116533524935,0.002771432686941482,Low
2016-06-16,Elastic_Net,5D,1,0.016859127313403,0.0023900624387342695,Low
2016-06-17,Elastic_Net,5D,1,-0.0164583813475706,0.0022281914169325185,Low
2016-06-20,Elastic_Net,5D,1,-0.0405120106376963,0.0011545863999262087,Low
2016-06-21,Elastic_Net,5D,1,-0.0256062796378182,0.0011572508067171478,Low
2016-06-22,Elastic_Net,5D,1,-0.0070641076699884,0.0017482307155706452,Low
2016-06-23,Elastic_Net,5D,1,-0.0068658115924774,-0.00039252675712586117,Low
2016-06-24,Elastic_Net,5D,1,0.0316616875061371,0.004472102239210854,Normal
2016-06-27,Elastic_Net,5D,1,0.0430529050322411,0.0034577901143718077,Normal
2016-06-28,Elastic_Net,5D,1,0.0307774704864295,0.0018347968176350073,High
2016-06-29,Elastic_Net,5D,1,0.0130162696284423,0.0014398398857184559,High
2016-06-30,Elastic_Net,5D,1,0.0146805930449686,0.0016848825416495377,High
2016-07-01,Elastic_Net,5D,1,0.016136706063935,-0.0005507501101521914,High
2016-07-05,Elastic_Net,5D,1,0.0299925773568792,-0.0008323364901620799,High
2016-07-06,Elastic_Net,5D,1,0.0247886489735848,-0.0004426245741027501,High
2016-07-07,Elastic_Net,5D,1,0.0309060296620149,0.0007021663553339404,High
2016-07-08,Elastic_Net,5D,2,0.0148384640361515,-0.00032204160799405605,High
2016-07-11,Elastic_Net,5D,2,0.0138151065460218,0.0004234996072644808,High
2016-07-12,Elastic_Net,5D,2,0.0053940597382608,-0.0007506484436514606,High
2016-07-13,Elastic_Net,5D,2,0.0095205093790432,-0.0005941361250775402,High
2016-07-14,Elastic_Net,5D,2,0.0006560167208211,-0.0009189670535274821,High
2016-07-15,Elastic_Net,5D,2,0.0061290225702025,0.0004199926287182208,High
2016-07-18,Elastic_Net,5D,2,0.0007335420084042,0.00046363830159699027,High
2016-07-19,Elastic_Net,5D,2,0.002492478669539,0.0010257685060839408,High
2016-07-20,Elastic_Net,5D,2,-0.0029679905930336,0.0008200501167387043,High
2016-07-21,Elastic_Net,5D,2,0.0022559997115835,0.0020359580826048483,High
2016-07-22,Elastic_Net,5D,2,-0.0006576469602687,0.0008346687123738855,High
2016-07-25,Elastic_Net,5D,2,0.0010877776321697,0.001955873282922492,Normal
2016-07-26,Elastic_Net,5D,2,-0.0056168953412171,0.0015184458359328373,Normal
2016-07-27,Elastic_Net,5D,2,-0.0012885916783373,0.0017779199155827977,Low
2016-07-28,Elastic_Net,5D,2,-0.0026809628269407,0.0014302371483277767,Low
2016-07-29,Elastic_Net,5D,2,0.0042557543447815,0.0013442865518441206,Low
2016-08-01,Elastic_Net,5D,2,0.0046187712007311,0.001863537239222332,Low
2016-08-02,Elastic_Net,5D,2,0.0113904299999548,0.002503924901387115,Low
2016-08-03,Elastic_Net,5D,2,0.0053925902203953,0.001503546303084478,Low
2016-08-04,Elastic_Net,5D,2,0.0099034560233499,0.001646659423229693,Low
2016-08-05,Elastic_Net,5D,2,0.0005403953470558,0.0007940384632085577,Low
2016-08-08,Elastic_Net,5D,2,0.0042369889331191,0.0012816846121152716,Low
2016-08-09,Elastic_Net,5D,2,-0.0016468712699151,0.0008172823235133988,Low
2016-08-10,Elastic_Net,5D,2,0.0030887717997286,0.0013748326300574143,Low
2016-08-11,Elastic_Net,5D,2,0.0005625583936675,0.0006741601664568282,Low
2016-08-12,Elastic_Net,5D,2,-8.238778818661723e-05,0.0015556926863090662,Low
2016-08-15,Elastic_Net,5D,2,-0.0034348859660313,0.0014402755241681917,Low
2016-08-16,Elastic_Net,5D,2,0.0040091234288084,0.0021281006551374677,Low
2016-08-17,Elastic_Net,5D,2,-0.0031117778370189,0.0011852499305734438,Low
2016-08-18,Elastic_Net,5D,2,-0.0066751399300468,0.0012549297760529518,Low
2016-08-19,Elastic_Net,5D,2,-0.0068138945999919,0.0016066209343467146,Low
2016-08-22,Elastic_Net,5D,2,-0.0010359842879945,0.0023378682672397216,Low
2016-08-23,Elastic_Net,5D,2,-0.0049414428734789,0.0014218681732992894,Low
2016-08-24,Elastic_Net,5D,2,-0.0020660787193697,0.0023777781261636543,Low
2016-08-25,Elastic_Net,5D,2,-0.0007413037121357,0.002264055586170115,Low
2016-08-26,Elastic_Net,5D,2,0.0050310021256121,0.002202514970770329,Low
2016-08-29,Elastic_Net,5D,2,0.0027938160669431,0.0013889948919197448,Low
2016-08-30,Elastic_Net,5D,2,0.0046030115357724,0.0020991484222329685,Low
2016-08-31,Elastic_Net,5D,2,0.0047562144488648,0.0019449176246646694,Low
2016-09-01,Elastic_Net,5D,2,-0.0200301425725601,0.0017343130947379975,Low
2016-09-02,Elastic_Net,5D,2,-0.0096519969381603,0.0005702693090372876,Low
2016-09-06,Elastic_Net,5D,2,-0.0275709875863765,0.001454511998552824,Low
2016-09-07,Elastic_Net,5D,2,-0.028012441047896,0.001266375097383519,Low
2016-09-08,Elastic_Net,5D,2,-0.0157284364059858,0.001549311246593175,Low
2016-09-09,Elastic_Net,5D,2,0.0053198782092784,0.005251389118969774,Low
2016-09-12,Elastic_Net,5D,2,-0.0092691122579805,0.0010709946998383444,Normal
2016-09-13,Elastic_Net,5D,2,0.0059717295044644,0.004723571780551273,Normal
2016-09-14,Elastic_Net,5D,2,0.0174175792379131,0.0036743911288524326,Normal
2016-09-15,Elastic_Net,5D,2,0.0138378147061153,0.0017154304772400253,Normal
2016-09-16,Elastic_Net,5D,2,0.0118639495419685,0.0006064380113664305,Normal
2016-09-19,Elastic_Net,5D,2,0.0032577026578772,0.0023018098187776326,Normal
2016-09-20,Elastic_Net,5D,2,0.0093821043389412,0.001309456026719356,Normal
2016-09-21,Elastic_Net,5D,2,0.0038066806089478,-0.0009756878204355128,Normal
2016-09-22,Elastic_Net,5D,2,-0.0120371990387755,-7.314410608652002e-05,Normal
2016-09-23,Elastic_Net,5D,2,0.0016524865089707,0.0007667053098869364,Normal
2016-09-26,Elastic_Net,5D,2,0.0070113134453597,0.0022720761411340116,Normal
2016-09-27,Elastic_Net,5D,2,-0.0043800635063002,0.0001541580311133935,Normal
2016-09-28,Elastic_Net,5D,2,-0.0053751538787457,0.0009292877241001928,Normal
2016-09-29,Elastic_Net,5D,2,0.00447141770394,0.0032134021468223687,Normal
2016-09-30,Elastic_Net,5D,2,-0.0067237623257017,0.0010583137915752307,Normal
2016-10-03,Elastic_Net,5D,2,0.0011375911731497,0.0011248744231420222,Normal
2016-10-04,Elastic_Net,5D,2,-0.0064191047382442,0.0019175545055421781,Normal
2016-10-05,Elastic_Net,5D,2,-0.0095606587630423,0.0016836633151771276,Normal
2016-10-06,Elastic_Net,5D,2,-0.013146179027881,0.001179937406091782,Normal
2016-10-07,Elastic_Net,5D,2,-0.0096858074271456,0.0024479714365090548,Normal
2016-10-10,Elastic_Net,5D,2,-0.0173237558563101,0.001486427641440161,Normal
2016-10-11,Elastic_Net,5D,2,0.0013423274471444,0.0029487963748251805,Low
2016-10-12,Elastic_Net,5D,2,0.0023859673960959,0.002559543043419373,Low
2016-10-13,Elastic_Net,5D,2,0.0041133726769491,0.00294611204635232,Low
2016-10-14,Elastic_Net,5D,2,0.0038276433776732,0.002063961748517525,Low
2016-10-17,Elastic_Net,5D,2,0.0116088561369409,0.002984489598805644,Low
2016-10-18,Elastic_Net,5D,2,0.0016623930665358,0.001108277795217999,Low
2016-10-19,Elastic_Net,5D,2,-0.0022691070100018,0.001051920362195083,Low
2016-10-20,Elastic_Net,5D,2,-0.0038836317846298,0.001020378211121619,Low
2016-10-21,Elastic_Net,5D,2,-0.0069126267841001,0.0011552546408600136,Low
2016-10-24,Elastic_Net,5D,2,-0.0117735053157261,0.000599350842028342,Low
2016-10-25,Elastic_Net,5D,2,-0.0147785669597547,0.0017149002375782135,Low
2016-10-26,Elastic_Net,5D,2,-0.0195835234920215,0.002177013445309673,Low
2016-10-27,Elastic_Net,5D,2,-0.0210255406086221,0.002451787741239709,Low
2016-10-28,Elastic_Net,5D,2,-0.0195799207406899,0.0025540092512894717,Low
2016-10-31,Elastic_Net,5D,2,0.0025225628729735,0.0030007399533195514,Low
2016-11-01,Elastic_Net,5D,2,0.0130974603788661,0.0034948747356048928,Low
2016-11-02,Elastic_Net,5D,2,0.0306604647119761,0.003527054553498633,Low
2016-11-03,Elastic_Net,5D,2,0.0370425234506808,0.004544290761315111,Low
2016-11-04,Elastic_Net,5D,2,0.0373111153745763,0.0033736092106510067,Low
2016-11-07,Elastic_Net,5D,2,0.0152154061879279,-0.00048466209111045844,Normal
2016-11-08,Elastic_Net,5D,2,0.0189034828128601,0.00043872154540364606,Low
2016-11-09,Elastic_Net,5D,2,0.006303846410828,-0.0028930041208835907,Low
2016-11-10,Elastic_Net,5D,2,0.0090204700559304,-0.001226377201059602,Low
2016-11-11,Elastic_Net,5D,2,0.0080297470381797,-0.0016659854564113987,Low
2016-11-14,Elastic_Net,5D,2,0.0155789585662366,0.0005612674601409128,Low
2016-11-15,Elastic_Net,5D,2,0.0102890946477403,-0.0003775217039680605,Low
2016-11-16,Elastic_Net,5D,2,0.012680309327025,0.0013014399283945055,Low
2016-11-17,Elastic_Net,5D,2,0.0119215855792511,0.00075685093629849,Low
2016-11-18,Elastic_Net,5D,2,0.0090428476900643,0.0007700897743440158,Low
2016-11-21,Elastic_Net,5D,2,0.0029435479724523,0.0002002722447838046,Normal
2016-11-22,Elastic_Net,5D,2,-0.001876473686297,0.000818265655203822,Normal
2016-11-23,Elastic_Net,5D,2,-0.0062058948099697,0.0006553871259543336,Low
2016-11-25,Elastic_Net,5D,2,-0.0097157127033087,0.0006670889742622013,Low
2016-11-28,Elastic_Net,5D,2,0.0013571034781701,0.001273155066959819,Normal
2016-11-29,Elastic_Net,5D,2,0.0034277855937826,0.0012984767059150493,Low
2016-11-30,Elastic_Net,5D,2,0.0191620748936624,0.001978437980577152,Low
2016-12-01,Elastic_Net,5D,2,0.0248408128772973,0.0024519747094979396,Low
2016-12-02,Elastic_Net,5D,2,0.0303653036901823,0.0024382444567332693,Low
2016-12-05,Elastic_Net,5D,2,0.0234227944728392,0.0006349922239394056,Low
2016-12-06,Elastic_Net,5D,2,0.0265361932052016,0.0012039659195059523,Low
2016-12-07,Elastic_Net,5D,2,0.0053085389986196,0.0002748383065499043,Low
2016-12-08,Elastic_Net,5D,2,0.0070272316693024,-0.0001407888078866959,Low
2016-12-09,Elastic_Net,5D,2,-0.0006463436146477,-0.0011459587959056837,Low
2016-12-12,Elastic_Net,5D,2,0.0024649113911628,0.00017251072435693323,Low
2016-12-13,Elastic_Net,5D,2,-0.0004226594089212,-0.0004360106436423806,Low
2016-12-14,Elastic_Net,5D,2,0.0052672503282597,0.0013780227079911028,Low
2016-12-15,Elastic_Net,5D,2,-0.0004731685816905,0.0008478825393270762,Low
2016-12-16,Elastic_Net,5D,2,0.0025299207043691,0.0013714614727288732,Low
2016-12-19,Elastic_Net,5D,2,0.0028025968937065,0.0011734104710918914,Low
2016-12-20,Elastic_Net,5D,2,-0.0092199562172178,0.0015183077993410254,Low
2016-12-21,Elastic_Net,5D,2,-0.0070529182244085,0.001161001644446868,Low
2016-12-22,Elastic_Net,5D,2,-0.0098360416988662,0.001768415938823106,Low
2016-12-23,Elastic_Net,5D,2,-0.0026362074807884,0.0014697468908635466,Low
2016-12-27,Elastic_Net,5D,2,0.0008239073852123,0.0016915121432720817,Low
2016-12-28,Elastic_Net,5D,2,0.0084445804925025,0.0027762955210411484,Low
2016-12-29,Elastic_Net,5D,2,0.01224871740495,0.00236261960457049,Low
2016-12-30,Elastic_Net,5D,2,0.0133416466302447,0.0026863411525485962,Low
2017-01-03,Elastic_Net,5D,2,0.0048908798770876,0.0012358563940078093,Low
2017-01-04,Elastic_Net,5D,2,0.0020105584956402,0.0010390756838052156,Low
2017-01-05,Elastic_Net,5D,2,0.0006344137043918,0.0008573087797585029,Low
2017-01-06,Elastic_Net,5D,2,-0.0010282440810405,0.0004860718315552576,Low
2017-01-09,Elastic_Net,5D,2,-0.0004452530656993,0.0006763204027009877,Low
2017-01-10,Elastic_Net,5D,2,0.00131694740411,0.0012238541075819532,Low
2017-01-11,Elastic_Net,5D,2,-0.0051245326093112,0.0013952530613021215,Low
2017-01-12,Elastic_Net,5D,2,0.0003831638457182,0.0017280780220655756,Low
2017-01-13,Elastic_Net,5D,2,-0.0041587171954981,0.0016006400212971138,Low
2017-01-17,Elastic_Net,5D,2,0.0053563377896824,0.001988780653585258,Low
2017-01-18,Elastic_Net,5D,2,0.0115881901158417,0.0018345731826677415,Low
2017-01-19,Elastic_Net,5D,2,0.014468372804898,0.002196247419537228,Low
2017-01-20,Elastic_Net,5D,2,0.0102409492538567,0.0010586315369302767,Low
2017-01-23,Elastic_Net,5D,2,0.0069070254038297,0.0020764369290491827,Low
2017-01-24,Elastic_Net,5D,2,-0.000526416733165,0.0008886517033801963,Low
2017-01-25,Elastic_Net,5D,2,-0.0082221505410175,0.000576477179337943,Low
2017-01-26,Elastic_Net,5D,2,-0.0069163487670634,0.00040517416890105255,Low
2017-01-27,Elastic_Net,5D,2,0.0011889875772318,0.0007866801306332246,Low
2017-01-30,Elastic_Net,5D,2,0.0050990635596193,0.00163340455623642,Low
2017-01-31,Elastic_Net,5D,2,0.0062161686314978,0.0016931621447408857,Low
2017-02-01,Elastic_Net,5D,2,0.0066109317919909,0.0022240521039926012,Low
2017-02-02,Elastic_Net,5D,2,0.0117768486892601,0.002253467470770281,Low
2017-02-03,Elastic_Net,5D,2,0.0080980586567157,0.0010838120375221835,Low
2017-02-06,Elastic_Net,5D,2,0.0154477897544361,0.0014203852074408032,Low
2017-02-07,Elastic_Net,5D,2,0.0192203134862629,0.0011192080695545648,Low
2017-02-08,Elastic_Net,5D,2,0.0235071200033878,0.0011974343987032972,Low
2017-02-09,Elastic_Net,5D,2,0.0169065646658773,0.0004539129414651564,Low
2017-02-10,Elastic_Net,5D,2,0.0150240071711055,0.0010063726022019204,Low
2017-02-13,Elastic_Net,5D,2,0.0158217236071632,0.0005593300901350078,Low
2017-02-14,Elastic_Net,5D,2,0.0107396102646865,3.059436735126605e-05,Low
2017-02-15,Elastic_Net,5D,2,0.0061786205702113,0.00042757430502217897,Low
2017-02-16,Elastic_Net,5D,2,0.008535362403793,0.00025296146565874974,Low
2017-02-17,Elastic_Net,5D,2,0.0078756783442895,0.00036994540981283384,Low
2017-02-21,Elastic_Net,5D,2,-0.0007358777909744,0.0004613158239955824,Low
2017-02-22,Elastic_Net,5D,2,0.0139281194395549,0.0008857598165417756,Low
2017-02-23,Elastic_Net,5D,2,0.0076321034961904,0.0011598716448633457,Low
2017-02-24,Elastic_Net,5D,2,0.0066436036326937,0.0008872976934753037,Low
2017-02-27,Elastic_Net,5D,2,0.0023435156013942,0.001326878855278641,Low
2017-02-28,Elastic_Net,5D,2,0.0020075958144993,0.0021172214841885806,Low
2017-03-01,Elastic_Net,5D,2,-0.0138604432332898,0.0003165271666552372,Low
2017-03-02,Elastic_Net,5D,2,-0.0071837506484183,0.0006215083457252164,Low
2017-03-03,Elastic_Net,5D,2,-0.0044241613110946,0.0006439642876119166,Low
2017-03-06,Elastic_Net,5D,2,-0.0007749729283591,0.0014826268829630257,Low
2017-03-07,Elastic_Net,5D,2,-0.0012420960071603,0.0014763266876070642,Low
2017-03-08,Elastic_Net,5D,2,0.0093846110815899,0.0029352494873323533,Low
2017-03-09,Elastic_Net,5D,2,0.0069570006696399,0.0024368523191157943,Low
2017-03-10,Elastic_Net,5D,2,0.00237848169955,0.0017123265756295736,Low
2017-03-13,Elastic_Net,5D,2,0.0,0.0015848941695466054,Low
2017-03-14,Elastic_Net,5D,2,-0.0091008456092111,0.002187401656736767,Low
2017-03-15,Elastic_Net,5D,2,-0.0155526218864349,0.0005861513650185324,Low
2017-03-16,Elastic_Net,5D,2,-0.0149854192320813,0.0008815229856296065,Low
2017-03-17,Elastic_Net,5D,2,-0.0145145921817883,0.0014599832448816922,Low
2017-03-20,Elastic_Net,5D,2,-0.0135227836872537,0.0016375219911225992,Low
2017-03-21,Elastic_Net,5D,2,0.0061881197324724,0.00276594944128501,Low
2017-03-22,Elastic_Net,5D,2,0.00538475308884,0.002958086910142107,Low
2017-03-23,Elastic_Net,5D,2,0.0093763961453749,0.0028992549175500693,Low
2017-03-24,Elastic_Net,5D,2,0.0079631544210467,0.0026492124587396172,Low
2017-03-27,Elastic_Net,5D,2,0.007339786698879,0.002434966441433544,Low
2017-03-28,Elastic_Net,5D,2,0.0006738439439163,0.0007180436508602514,Low
2017-03-29,Elastic_Net,5D,2,-0.003470429071436,0.0011697161148366858,Low
2017-03-30,Elastic_Net,5D,2,-0.0044735896894059,0.0009663707315382378,Low
2017-03-31,Elastic_Net,5D,2,-0.003043468214084,0.0013894013643107102,Low
2017-04-03,Elastic_Net,5D,2,-0.0007125427702875,0.0010645677578458093,Low
2017-04-04,Elastic_Net,5D,2,-0.002706817136907,0.0013550420746671653,Low
2017-04-05,Elastic_Net,5D,2,-0.0034143177443718,0.002433812216769221,Low
2017-04-06,Elastic_Net,5D,2,-0.012179988327911,0.0017977144911240296,Low
2017-04-07,Elastic_Net,5D,2,-0.002776050173859,0.0021325464857728906,Low
2017-04-10,Elastic_Net,5D,2,-0.0063711031554755,0.0022679760512774733,Low
2017-04-11,Elastic_Net,5D,2,-0.0066540202603857,0.0023504769470083344,Low
2017-04-12,Elastic_Net,5D,2,0.004641867521575,0.0022551179422408054,Low
2017-04-13,Elastic_Net,5D,2,0.0084401997042637,0.002689031691498738,Low
2017-04-17,Elastic_Net,5D,2,0.0106454706012683,0.0012127363377821827,Low
2017-04-18,Elastic_Net,5D,2,0.0196252876588527,0.0019711506993515425,Low
2017-04-19,Elastic_Net,5D,2,0.020857291580034,0.0023320267083706274,Low
2017-04-20,Elastic_Net,5D,2,0.0138812082173594,0.0008461951481431163,Low
2017-04-21,Elastic_Net,5D,2,0.0150059168529848,0.0011424283636206553,Low
2017-04-24,Elastic_Net,5D,2,0.0059549720917668,-0.0009757876660725648,Low
2017-04-25,Elastic_Net,5D,2,0.0010711014658271,1.3478233782246527e-05,Low
2017-04-26,Elastic_Net,5D,2,0.0002847535456871,8.490252355888243e-07,Low
2017-04-27,Elastic_Net,5D,2,0.0003139198332574,0.00028663858465932256,Low
2017-04-28,Elastic_Net,5D,2,0.0063092587122258,0.0006350305380980007,Low
2017-05-01,Elastic_Net,5D,2,0.00461591215724,0.0008665897178532464,Low
2017-05-02,Elastic_Net,5D,2,0.0024017940146353,0.0018236719285707184,Low
2017-05-03,Elastic_Net,5D,2,0.0048039261279122,0.0017055114143620016,Low
2017-05-04,Elastic_Net,5D,2,0.0020568414659359,0.0015630990223876584,Low
2017-05-05,Elastic_Net,5D,2,-0.0035030532823366,0.0012363091799999443,Low
2017-05-08,Elastic_Net,5D,2,0.0012246437487705,0.0009559638374050376,Low
2017-05-09,Elastic_Net,5D,2,0.0015632852685779,0.0015718240332515628,Low
2017-05-10,Elastic_Net,5D,2,-0.0179121456199867,0.0014174315202154155,Low
2017-05-11,Elastic_Net,5D,2,-0.012066955618664,0.0016832983709707421,Low
2017-05-12,Elastic_Net,5D,2,-0.0038427170696693,0.001876466048424042,Low
2017-05-15,Elastic_Net,5D,2,-0.0034609960766761,0.0015706694091244013,Low
2017-05-16,Elastic_Net,5D,2,-0.0009376778673096,0.00164001151138637,Low
2017-05-17,Elastic_Net,5D,2,0.0198938241083818,0.005142017438228377,Low
2017-05-18,Elastic_Net,5D,2,0.0206458975231438,0.002019146389578022,Low
2017-05-19,Elastic_Net,5D,2,0.0142116961002456,0.0005929015115360331,Low
2017-05-22,Elastic_Net,5D,2,0.0078594820747036,0.0012442007496461386,Low
2017-05-23,Elastic_Net,5D,2,0.0055632222823716,0.0014527407062469519,Low
2017-05-24,Elastic_Net,5D,2,0.0106197840626428,-0.00018967353491103388,Low
2017-05-25,Elastic_Net,5D,2,0.0098885466387106,5.4473322008897606e-05,Low
2017-05-26,Elastic_Net,5D,2,0.0083596377129795,0.0004889224646793765,Low
2017-05-30,Elastic_Net,5D,2,0.0067820797763092,0.0013183964626837098,Low
2017-05-31,Elastic_Net,5D,2,0.0088091831926082,0.0012492231561174625,Low
2017-06-01,Elastic_Net,5D,2,0.0015337566434255,0.0005720836747583648,Low
2017-06-02,Elastic_Net,5D,2,-0.0029974518408077,0.0008032161733076154,Low
2017-06-05,Elastic_Net,5D,2,-0.0027582871800972,0.0011245716825853977,Low
2017-06-06,Elastic_Net,5D,2,0.0045259803293369,0.0012662790268293585,Low
2017-06-07,Elastic_Net,5D,2,0.001962624567672,0.0009124752648478316,Low
2017-06-08,Elastic_Net,5D,2,-0.0005466542648332,0.001441206973216689,Low
2017-06-09,Elastic_Net,5D,2,0.0005672787514136,0.0021633707298467164,Low
2017-06-12,Elastic_Net,5D,2,0.0098591044380257,0.002244615966402776,Low
2017-06-13,Elastic_Net,5D,2,-0.001361414852136,0.0008479465879288287,Low
2017-06-14,Elastic_Net,5D,2,-0.00094790208009,0.0016146124432879047,Low
2017-06-15,Elastic_Net,5D,2,0.0008383217443122,0.0018213300826555993,Low
2017-06-16,Elastic_Net,5D,2,0.0021144211496616,0.0013827689447195018,Low
2017-06-19,Elastic_Net,5D,2,-0.0058824101175,0.0008465734203542441,Low
2017-06-20,Elastic_Net,5D,2,-0.007268836246241,0.0019197182927368406,Low
2017-06-21,Elastic_Net,5D,2,0.0020834795935815,0.001616623442865458,Low
2017-06-22,Elastic_Net,5D,2,-0.0060978512781217,0.0014078133998147563,Low
2017-06-23,Elastic_Net,5D,2,-0.0061254922226571,0.001221607923286911,Low
2017-06-26,Elastic_Net,5D,2,-0.0041330761832419,0.0020514549984139703,Low
2017-06-27,Elastic_Net,5D,2,0.0054247344287195,0.002723267740077301,Low
2017-06-28,Elastic_Net,5D,2,-0.0127577545246977,0.00095143257150041,Low
2017-06-29,Elastic_Net,5D,2,0.0022621748890593,0.002660536311232895,Low
2017-06-30,Elastic_Net,5D,2,0.0016574533816982,0.0019081158467728519,Low
2017-07-03,Elastic_Net,5D,2,-0.0014337016635313,0.001884565898027663,Low
2017-07-05,Elastic_Net,5D,2,0.0043931252480014,0.0010832799876739944,Low
2017-07-06,Elastic_Net,5D,2,0.0156789420283407,0.003239734218433799,Low
2017-07-07,Elastic_Net,5D,2,0.0139588456287342,0.0007961677886460064,Low
2017-07-10,Elastic_Net,5D,2,0.0129785952885148,0.0014177045295244214,Low
2017-07-11,Elastic_Net,5D,2,0.0143592610527079,0.0015977262318991451,Low
2017-07-12,Elastic_Net,5D,2,0.0124384683209401,0.0009533086205344182,Low
2017-07-13,Elastic_Net,5D,2,0.0104119677588599,0.0002372619746069506,Low
2017-07-14,Elastic_Net,5D,2,0.0053814122596416,0.00038380477636166914,Low
2017-07-17,Elastic_Net,5D,2,0.0043700255009398,0.0007724009311688583,Low
2017-07-18,Elastic_Net,5D,2,0.0066912543227269,0.0005637579984392861,Low
2017-07-19,Elastic_Net,5D,2,0.0016156201127928,0.0006521591831029288,Low
2017-07-20,Elastic_Net,5D,2,0.000796129564006,0.0007535046369231844,Low
2017-07-21,Elastic_Net,5D,2,-0.000177946784901,0.0011477956868145508,Low
2017-07-24,Elastic_Net,5D,2,0.0001579433759479,0.0013538784555268348,Low
2017-07-25,Elastic_Net,5D,2,-0.0003148433690117,0.001137879948854161,Low
2017-07-26,Elastic_Net,5D,2,-0.0001049399677836,0.0016391494706184647,Low
2017-07-27,Elastic_Net,5D,2,-0.0013178201653356,0.0018541149099808088,Low
2017-07-28,Elastic_Net,5D,2,0.0019115169303198,0.0017777072136736785,Low
2017-07-31,Elastic_Net,5D,2,0.0042857724091601,0.001657685018410838,Low
2017-08-01,Elastic_Net,5D,2,-0.0005777005961637,0.0016360416013889597,Low
2017-08-02,Elastic_Net,5D,2,-0.0014339027962235,0.0017820032429512992,Low
2017-08-03,Elastic_Net,5D,2,-0.0138280793620194,0.0018566197432533648,Low
2017-08-04,Elastic_Net,5D,2,-0.0144406436515716,0.00134512679586414,Low
2017-08-07,Elastic_Net,5D,3,-0.0060928370498025,0.0013364949393126718,Low
2017-08-08,Elastic_Net,5D,3,-0.0041744171463007,0.0022089724717208247,Low
2017-08-09,Elastic_Net,5D,3,-0.002391646830256,0.0018870355610258415,Low
2017-08-10,Elastic_Net,5D,3,-0.0033687709167059,0.004854541525119305,Low
2017-08-11,Elastic_Net,5D,3,-0.0064805817060451,0.002490253871299449,Low
2017-08-14,Elastic_Net,5D,3,-0.0153122572375284,0.0006219269171496615,Low
2017-08-15,Elastic_Net,5D,3,-0.0049216296500197,0.0017512183959288437,Low
2017-08-16,Elastic_Net,5D,3,-0.009800295305991,0.0016069196467081708,Low
2017-08-17,Elastic_Net,5D,3,0.0036804304340618,0.0034912081890372364,Low
2017-08-18,Elastic_Net,5D,3,0.0071889557643515,0.001479368472399007,Low
2017-08-21,Elastic_Net,5D,3,0.0065139335230812,0.002310611158625112,Low
2017-08-22,Elastic_Net,5D,3,-0.0025352949755339,0.0011142452503992472,Low
2017-08-23,Elastic_Net,5D,3,0.005528806945166,0.002706170930135916,Low
2017-08-24,Elastic_Net,5D,3,0.0133100972770179,0.0013382772646213837,Low
2017-08-25,Elastic_Net,5D,3,0.0136192036504155,0.0006588765948117217,Low
2017-08-28,Elastic_Net,5D,3,0.0055527916249745,0.001148652890165098,Low
2017-08-29,Elastic_Net,5D,3,0.0078341673561089,0.0020714364452254184,Low
2017-08-30,Elastic_Net,5D,3,0.0030511835231943,0.001059128439343796,Low
2017-08-31,Elastic_Net,5D,3,-0.004143450204977,0.00038950521267331543,Low
2017-09-01,Elastic_Net,5D,3,0.0046569469498348,0.0004413066019350925,Low
2017-09-05,Elastic_Net,5D,3,0.0155947080968629,0.0021336278982912885,Low
2017-09-06,Elastic_Net,5D,3,0.0132276998518014,0.0007609706532911644,Low
2017-09-07,Elastic_Net,5D,3,0.0123048280458272,0.0013684337386640833,Low
2017-09-08,Elastic_Net,5D,3,0.0156402657354442,0.002234506766314823,Low
2017-09-11,Elastic_Net,5D,3,0.0063141524674265,0.0006260636092768354,Low
2017-09-12,Elastic_Net,5D,3,0.0040654294892745,0.00036921334121636134,Low
2017-09-13,Elastic_Net,5D,3,0.0039427419435017,0.0005814509058542949,Low
2017-09-14,Elastic_Net,5D,3,0.0019934998474148,0.0006586193854437838,Low
2017-09-15,Elastic_Net,5D,3,0.0007956062964223,0.00031693886617773577,Low
2017-09-18,Elastic_Net,5D,3,-0.0028837783325608,0.0012191583897536173,Low
2017-09-19,Elastic_Net,5D,3,-0.0039211938233972,0.0014270220976352558,Low
2017-09-20,Elastic_Net,5D,3,-0.0004785181237189,0.0012463654506708654,Low
2017-09-21,Elastic_Net,5D,3,0.0037759384521338,0.0015071102455500615,Low
2017-09-22,Elastic_Net,5D,3,0.0068266175254656,0.0016169142205227104,Low
2017-09-25,Elastic_Net,5D,3,0.0129176590550319,0.002210336846684013,Low
2017-09-26,Elastic_Net,5D,3,0.0150020061137978,0.0020032377425268197,Low
2017-09-27,Elastic_Net,5D,3,0.0121711273729236,0.001596610031343697,Low
2017-09-28,Elastic_Net,5D,3,0.0165981407752782,0.0012691716612566108,Low
2017-09-29,Elastic_Net,5D,3,0.0118256665415398,0.0011480357060131786,Low
2017-10-02,Elastic_Net,5D,3,0.0061530838438138,0.0006839122777813105,Low
2017-10-03,Elastic_Net,5D,3,0.0063162922896308,0.0005879138918364308,Low
2017-10-04,Elastic_Net,5D,3,0.0068722315581807,0.0008336937157175605,Low
2017-10-05,Elastic_Net,5D,3,-0.0004468495934632,0.00023298255361404443,Low
2017-10-06,Elastic_Net,5D,3,0.0015050835766228,0.0009821582783492418,Low
2017-10-09,Elastic_Net,5D,3,0.005060369976942,0.0015111817512156304,Low
2017-10-10,Elastic_Net,5D,3,0.0034130032518981,0.0010869881203678681,Low
2017-10-11,Elastic_Net,5D,3,0.0023531798335641,0.0010524164672498259,Low
2017-10-12,Elastic_Net,5D,3,0.004369301068926,0.0017716219835544698,Low
2017-10-13,Elastic_Net,5D,3,0.0085953752491101,0.0014619359045495036,Low
2017-10-16,Elastic_Net,5D,3,0.0028657574038072,0.001458816417417604,Low
2017-10-17,Elastic_Net,5D,3,0.0038100053729312,0.001635062977063378,Low
2017-10-18,Elastic_Net,5D,3,-0.0016060098256582,0.0014375370278636723,Low
2017-10-19,Elastic_Net,5D,3,-0.0006638146900663,0.001395274606389686,Low
2017-10-20,Elastic_Net,5D,3,0.0022729991046303,0.001007736624226781,Low
2017-10-23,Elastic_Net,5D,3,0.0030558170408866,0.0019462130030431031,Low
2017-10-24,Elastic_Net,5D,3,0.002383229103008,0.0014254802632106178,Low
2017-10-25,Elastic_Net,5D,3,0.0086480288981718,0.0018190362453959466,Low
2017-10-26,Elastic_Net,5D,3,0.0075678374172363,0.0017444841199805387,Low
2017-10-27,Elastic_Net,5D,3,0.0026195167638237,0.000798980999259275,Low
2017-10-30,Elastic_Net,5D,3,0.0070875380253408,0.0017145189340252302,Low
2017-10-31,Elastic_Net,5D,3,0.0059544042835794,0.0013163512073020084,Low
2017-11-01,Elastic_Net,5D,3,0.005806174107736,0.0010008922943139788,Low
2017-11-02,Elastic_Net,5D,3,0.001847244998699,0.0009552493633490891,Low
2017-11-03,Elastic_Net,5D,3,-0.002143091303669,0.0011496324055306356,Low
2017-11-06,Elastic_Net,5D,3,-0.0024303842771522,0.0012955599824872397,Low
2017-11-07,Elastic_Net,5D,3,-0.0045535440323522,0.0014802463327908484,Low
2017-11-08,Elastic_Net,5D,3,-0.0115371567065363,0.0012266956375365844,Low
2017-11-09,Elastic_Net,5D,3,0.0003944774158062,0.00187158136281776,Low
2017-11-10,Elastic_Net,5D,3,-0.0013368925870375,0.0022234578334563125,Low
2017-11-13,Elastic_Net,5D,3,-0.0010451736095404,0.0019905744476733916,Low
2017-11-14,Elastic_Net,5D,3,0.007786945830494,0.00209934670702177,Low
2017-11-15,Elastic_Net,5D,3,0.0125774018692881,0.0032756738387032308,Low
2017-11-16,Elastic_Net,5D,3,0.0064687333645478,0.0010030389368051698,Low
2017-11-17,Elastic_Net,5D,3,0.0087138187566419,0.0015942291854657926,Low
2017-11-20,Elastic_Net,5D,3,0.0172392810646454,0.001372163213774159,Low
2017-11-21,Elastic_Net,5D,3,0.010350148302102,0.0006110794148684814,Low
2017-11-22,Elastic_Net,5D,3,0.0192582776682427,0.0007388839312945792,Low
2017-11-24,Elastic_Net,5D,3,0.0151777104542054,0.001081836417248406,Low
2017-11-27,Elastic_Net,5D,3,0.0145093314917221,0.0011008322689040498,Low
2017-11-28,Elastic_Net,5D,3,0.0009626087689731,0.0003826536616798944,Low
2017-11-29,Elastic_Net,5D,3,0.0012177904812336,0.0011461717144892727,Low
2017-11-30,Elastic_Net,5D,3,-0.0040117291714681,0.00040611660646809556,Low
2017-12-01,Elastic_Net,5D,3,0.0035060557998552,0.0005176207897057679,Low
2017-12-04,Elastic_Net,5D,3,0.0077556084708376,0.0006112449660185161,Low
2017-12-05,Elastic_Net,5D,3,0.0130497227188825,0.0014207927916844267,Low
2017-12-06,Elastic_Net,5D,3,0.0126907659192625,0.0014187955984306265,Low
2017-12-07,Elastic_Net,5D,3,0.0056835311783907,0.0016306849072866827,Low
2017-12-08,Elastic_Net,5D,3,0.0091266425530152,0.0011452316196289415,Low
2017-12-11,Elastic_Net,5D,3,0.0112782790109169,0.0009657411622611589,Low
2017-12-12,Elastic_Net,5D,3,0.006495057245709,0.0009508507281948686,Low
2017-12-13,Elastic_Net,5D,3,0.0061398901422865,0.0008345169822867173,Low
2017-12-14,Elastic_Net,5D,3,0.0122027448857075,0.001368184870366153,Low
2017-12-15,Elastic_Net,5D,3,0.002810159837451,0.00046395186548654093,Low
2017-12-18,Elastic_Net,5D,3,-0.0035972944422051,0.0008129748009583366,Low
2017-12-19,Elastic_Net,5D,3,0.0004288319111557,0.0013437373674317307,Low
2017-12-20,Elastic_Net,5D,3,0.0030893869876478,0.0010125073265820359,Low
2017-12-21,Elastic_Net,5D,3,-0.0040909323177587,0.0006531829566781406,Low
2017-12-22,Elastic_Net,5D,3,0.0046364175387529,0.0015871190506788714,Low
2017-12-26,Elastic_Net,5D,3,0.0120738264827477,0.002147618161789433,Low
2017-12-27,Elastic_Net,5D,3,0.0153037410278324,0.0017905242011955812,Low
2017-12-28,Elastic_Net,5D,3,0.0204805679134982,0.0013565772930319788,Low
2017-12-29,Elastic_Net,5D,3,0.0273381639735433,0.0023925534290374063,Low
2018-01-02,Elastic_Net,5D,3,0.0203711692724436,0.0007223338151213026,Low
2018-01-03,Elastic_Net,5D,3,0.0128798902169869,0.0004236262790989385,Low
2018-01-04,Elastic_Net,5D,3,0.0158683731305417,0.0004789130973636773,Low
2018-01-05,Elastic_Net,5D,3,0.0155861536410508,4.10624287425429e-05,Low
2018-01-08,Elastic_Net,5D,3,0.0103944766121511,-0.0002956468790101469,Low
2018-01-09,Elastic_Net,5D,3,0.018463399301355,0.00036086469647490576,Low
2018-01-10,Elastic_Net,5D,3,0.0179585476154019,0.0005700071693521128,Low
2018-01-11,Elastic_Net,5D,3,0.0153251698335101,0.000465968557153839,Low
2018-01-12,Elastic_Net,5D,3,0.0166326078166292,0.0005868188103762902,Low
2018-01-16,Elastic_Net,5D,3,0.022335326046454,0.0015044471269894761,Low
2018-01-17,Elastic_Net,5D,3,0.0124041872927199,0.0003030677348757715,Low
2018-01-18,Elastic_Net,5D,3,0.0146243241890266,0.000366304004622277,Low
2018-01-19,Elastic_Net,5D,3,0.0220203143081206,2.010036583801429e-05,Low
2018-01-22,Elastic_Net,5D,3,0.0072312136410444,0.00022689134850551623,Low
2018-01-23,Elastic_Net,5D,3,-0.0058994341325149,-4.996830034361679e-05,Low
2018-01-24,Elastic_Net,5D,3,-0.0048504357265881,0.0008669392355300972,Low
2018-01-25,Elastic_Net,5D,3,-0.0061011734774444,0.000590590327434779,Low
2018-01-26,Elastic_Net,5D,3,-0.0393094921002275,-0.00029649832916054677,Low
2018-01-29,Elastic_Net,5D,3,-0.0743972967537459,0.0022619130399145855,Low
2018-01-30,Elastic_Net,5D,3,-0.0461480805994716,0.00243774660575684,Low
2018-01-31,Elastic_Net,5D,3,-0.051651084681919,0.001382789388424712,Low
2018-02-01,Elastic_Net,5D,3,-0.0892618385756973,0.0020025922064677015,Low
2018-02-02,Elastic_Net,5D,3,-0.0529995128594741,0.006305388534844733,Normal
2018-02-05,Elastic_Net,5D,3,0.0026616937570934,0.015985812703298744,High
2018-02-06,Elastic_Net,5D,3,-0.012019357611566,0.001576730558453202,High
2018-02-07,Elastic_Net,5D,3,0.0063082204210834,0.004265273118258144,High
2018-02-08,Elastic_Net,5D,3,0.0565641344436604,0.010667051630144054,High
2018-02-09,Elastic_Net,5D,3,0.0421118888940577,0.003285174520836236,High
2018-02-12,Elastic_Net,5D,3,0.0224347061090342,-0.000509698864777671,High
2018-02-13,Elastic_Net,5D,3,0.0143135196454458,0.0019137558192530786,High
2018-02-14,Elastic_Net,5D,3,0.0019731573221267,-0.001774203389809263,High
2018-02-15,Elastic_Net,5D,3,0.0058775737904723,-0.0028098890343802533,High
2018-02-16,Elastic_Net,5D,3,0.0171926127611782,-0.001516324341390508,High
2018-02-20,Elastic_Net,5D,3,0.010262818426548,0.00033253103797422257,High
2018-02-21,Elastic_Net,5D,3,0.0046166768262027,0.00017579545915234794,High
2018-02-22,Elastic_Net,5D,3,-0.0097703665142515,0.0008631504403653244,High
2018-02-23,Elastic_Net,5D,3,-0.020612859274174,0.00011216874776010118,High
2018-02-26,Elastic_Net,5D,3,-0.0213296802842749,-0.00011161003056379005,High
2018-02-27,Elastic_Net,5D,3,-0.0059059859108106,0.0019219174180691231,High
2018-02-28,Elastic_Net,5D,3,0.0047678283471291,0.0016587428613286594,High
2018-03-01,Elastic_Net,5D,3,0.0226349424108902,0.003343937027937383,High
2018-03-02,Elastic_Net,5D,3,0.0348057036668992,0.0018183015819116537,High
2018-03-05,Elastic_Net,5D,3,0.0225592887183742,0.002772621429981004,High
2018-03-06,Elastic_Net,5D,3,0.0135399953720628,0.0018095876635690691,High
2018-03-07,Elastic_Net,5D,3,0.0082830173725903,0.0009137603058145924,High
2018-03-08,Elastic_Net,5D,3,0.0030476327646091,-0.0006379898997214103,High
2018-03-09,Elastic_Net,5D,3,-0.0124799160293667,-0.0019504399729858002,Normal
2018-03-12,Elastic_Net,5D,3,-0.0255111592327417,0.0003367579785456202,Normal
2018-03-13,Elastic_Net,5D,3,-0.0176465401567079,0.0007513455827146732,Normal
2018-03-14,Elastic_Net,5D,3,-0.0137512624571486,0.0012799527259055184,Normal
2018-03-15,Elastic_Net,5D,3,-0.0384539130309065,0.001016828990327088,Normal
2018-03-16,Elastic_Net,5D,3,-0.0613457182898889,0.002297491194840305,Normal
2018-03-19,Elastic_Net,5D,3,-0.0202446370424801,0.005021494851300037,Normal
2018-03-20,Elastic_Net,5D,3,-0.0391526313495209,0.0026111865277318545,Normal
2018-03-21,Elastic_Net,5D,3,-0.0402278581233542,0.0025229260260418674,Normal
2018-03-22,Elastic_Net,5D,3,-0.0010671936566562,0.006895696359063822,High
2018-03-23,Elastic_Net,5D,3,-0.0024680686884014,0.0069304692940699505,High
2018-03-26,Elastic_Net,5D,3,-0.0167271480786958,0.0011563546003378572,High
2018-03-27,Elastic_Net,5D,3,0.0122002399130728,0.004962948701305802,High
2018-03-28,Elastic_Net,5D,3,0.0219605802141867,0.004561722493207609,High
2018-03-29,Elastic_Net,5D,3,-0.0138792643367217,9.210948085102322e-05,High
2018-04-02,Elastic_Net,5D,3,0.0120424129743669,0.0030887180965920545,High
2018-04-03,Elastic_Net,5D,3,0.0160950506549399,0.0015620631429915089,High
2018-04-04,Elastic_Net,5D,3,-0.0009457374639679,-5.537081358858572e-06,High
2018-04-05,Elastic_Net,5D,3,0.0004317398320378,-0.0007940378653168692,High
2018-04-06,Elastic_Net,5D,3,0.019705007062396,0.003551599784906158,High
2018-04-09,Elastic_Net,5D,3,0.0244503488963662,0.0006201756369262245,High
2018-04-10,Elastic_Net,5D,3,0.0184668215139188,-0.00041181499709479316,High
2018-04-11,Elastic_Net,5D,3,0.0248385276939331,0.0013949176033643718,High
2018-04-12,Elastic_Net,5D,3,0.0108790472004436,0.0006117809881190809,High
2018-04-13,Elastic_Net,5D,3,0.0051966698387975,-0.00045485219486657595,High
2018-04-16,Elastic_Net,5D,3,-0.0028234368515809,-0.0007257459211997424,High
2018-04-17,Elastic_Net,5D,3,-0.0268993964719227,-0.0004255997779816598,High
2018-04-18,Elastic_Net,5D,3,-0.0258950426466523,-0.0001496359945241325,High
2018-04-19,Elastic_Net,5D,3,-0.0097723166634425,0.0009102900528131635,High
2018-04-20,Elastic_Net,5D,3,-8.613420372609898e-05,0.001568529169241569,High
2018-04-23,Elastic_Net,5D,3,-0.0083635568638318,0.0015683319233815694,High
2018-04-24,Elastic_Net,5D,3,0.0076531333136708,0.0044520954582261685,High
2018-04-25,Elastic_Net,5D,3,-0.0014141921205552,0.0035454982026005537,High
2018-04-26,Elastic_Net,5D,3,-0.0140505538929963,0.0015956594402878775,High
2018-04-27,Elastic_Net,5D,3,-0.0024337491360252,0.001200410315232738,High
2018-04-30,Elastic_Net,5D,3,0.009239423967886,0.00242342882241585,Normal
2018-05-01,Elastic_Net,5D,3,0.0064279451851247,0.000816136342118247,Normal
2018-05-02,Elastic_Net,5D,3,0.0232955443213959,0.0019034374833533621,Normal
2018-05-03,Elastic_Net,5D,3,0.0348787735103083,0.0027066177749184434,Normal
2018-05-04,Elastic_Net,5D,3,0.0238551027529346,0.0012506702651830565,Normal
2018-05-07,Elastic_Net,5D,3,0.0212862217080712,0.0008599300847414904,Normal
2018-05-08,Elastic_Net,5D,3,0.0146862432758141,0.001068621358339923,Normal
2018-05-09,Elastic_Net,5D,3,0.0091029351884598,-0.0007701658830085963,Normal
2018-05-10,Elastic_Net,5D,3,-0.0010803152039986,-0.0011580017733086418,Normal
2018-05-11,Elastic_Net,5D,3,-0.0054221197295101,-0.0004566282222182637,Normal
2018-05-14,Elastic_Net,5D,3,0.0010543853082964,0.00011586568828677538,Normal
2018-05-15,Elastic_Net,5D,3,0.0047793517594122,0.0012104549757826792,Normal
2018-05-16,Elastic_Net,5D,3,0.0039701571187966,0.00037991476404297653,Normal
2018-05-17,Elastic_Net,5D,3,0.0028011329496839,0.00175040487401637,Normal
2018-05-18,Elastic_Net,5D,3,0.0030767951500483,0.002080036698331892,Normal
2018-05-21,Elastic_Net,5D,3,-0.0159143819096771,0.0013961511643174756,Normal
2018-05-22,Elastic_Net,5D,3,-0.0001578179648782,0.0013422406385011935,Low
2018-05-23,Elastic_Net,5D,3,-0.010304296415211,0.0010630663927314456,Low
2018-05-24,Elastic_Net,5D,3,0.0025117662517512,0.0014116497223997382,Low
2018-05-25,Elastic_Net,5D,3,0.0093413642042894,0.0017184839737936337,Low
2018-05-29,Elastic_Net,5D,3,0.0216752829856573,0.0045505680170223875,Low
2018-05-30,Elastic_Net,5D,3,0.0175903082710454,0.0006465025282353324,Normal
2018-05-31,Elastic_Net,5D,3,0.0237791978924951,0.0025661702267525174,Normal
2018-06-01,Elastic_Net,5D,3,0.0161094270910067,0.0004447668239361054,Normal
2018-06-04,Elastic_Net,5D,3,0.0127079691995946,0.00046727279738330025,Low
2018-06-05,Elastic_Net,5D,3,0.0137474902087229,-0.0002585739465194516,Low
2018-06-06,Elastic_Net,5D,3,0.0011823350299995,-0.00010614139291528117,Normal
2018-06-07,Elastic_Net,5D,3,0.0043652791744877,1.2606285096162465e-05,Low
2018-06-08,Elastic_Net,5D,3,0.0002266299512422,0.00044437849316070416,Low
2018-06-11,Elastic_Net,5D,3,-0.0029698982365844,0.0007611220892499003,Low
2018-06-12,Elastic_Net,5D,3,-0.0087432834666798,0.0006031241864651502,Low
2018-06-13,Elastic_Net,5D,3,-0.0029983387011558,0.0018663511789459319,Low
2018-06-14,Elastic_Net,5D,3,-0.0118325680668798,0.0009891024362950367,Low
2018-06-15,Elastic_Net,5D,3,-0.0089547444962517,0.0016164303904219475,Low
2018-06-18,Elastic_Net,5D,3,-0.0206460762831359,0.0020708641865291523,Low
2018-06-19,Elastic_Net,5D,3,-0.0144124078260477,0.0028337029133848916,Low
2018-06-20,Elastic_Net,5D,3,-0.0247646843633013,0.0016797314519222096,Low
2018-06-21,Elastic_Net,5D,3,-0.0122392755010497,0.0034235917381027457,Low
2018-06-22,Elastic_Net,5D,3,-0.0133413628686667,0.0019850215488864146,Low
2018-06-25,Elastic_Net,5D,3,0.0035416209333973,0.0047860961073381975,Normal
2018-06-26,Elastic_Net,5D,3,-0.0036201588528331,0.002090732507909234,Low
2018-06-27,Elastic_Net,5D,3,0.0136052842058458,0.004402212200104635,Low
2018-06-28,Elastic_Net,5D,3,0.0158911217873946,0.002046984478581616,Low
2018-06-29,Elastic_Net,5D,3,0.0239172966852191,0.0022681704235555113,Low
2018-07-02,Elastic_Net,5D,3,0.0243212851697478,0.0011367051376499323,Low
2018-07-03,Elastic_Net,5D,3,0.022161428078365,0.0021389606639616136,Low
2018-07-05,Elastic_Net,5D,3,0.022288562912999,6.238985130809708e-05,Low
2018-07-06,Elastic_Net,5D,3,0.0149217008490275,-0.0003157218011124567,Low
2018-07-09,Elastic_Net,5D,3,0.0051087454427876,-0.0005387727959761501,Low
2018-07-10,Elastic_Net,5D,3,0.0056073204674089,-0.0002910040282861951,Low
2018-07-11,Elastic_Net,5D,3,0.0148849889160629,0.0003160734187015897,Low
2018-07-12,Elastic_Net,5D,3,0.0022131704868413,-0.0005962384534143118,Low
2018-07-13,Elastic_Net,5D,3,0.0001856171789584,0.00027006251354342713,Low
2018-07-16,Elastic_Net,5D,3,0.0030506441430882,0.0015136737360103873,Low
2018-07-17,Elastic_Net,5D,3,0.0038543386856985,0.0008457975766472776,Low
2018-07-18,Elastic_Net,5D,3,0.0107565916793336,0.0005330769116541375,Low
2018-07-19,Elastic_Net,5D,3,0.0116805157795157,0.0018546766817983322,Low
2018-07-20,Elastic_Net,5D,3,0.0060455789059447,0.0016666804228266112,Low
2018-07-23,Elastic_Net,5D,3,-0.0015615727528739,0.0013419521591579806,Low
2018-07-24,Elastic_Net,5D,3,-0.0014582544196243,0.001287545459551226,Low
2018-07-25,Elastic_Net,5D,3,-0.0115595825575681,0.0007521454972202041,Low
2018-07-26,Elastic_Net,5D,3,-0.0036083302264919,0.0006732424977425446,Low
2018-07-27,Elastic_Net,5D,3,0.0076089364837016,0.0015385372279923294,Low
2018-07-30,Elastic_Net,5D,3,0.0169117084500903,0.002263973656885714,Low
2018-07-31,Elastic_Net,5D,3,0.0148590729772732,0.0010793865148910411,Low
2018-08-01,Elastic_Net,5D,3,0.0156375516515492,0.0026910951043517296,Low
2018-08-02,Elastic_Net,5D,3,0.0092804873923004,0.0014854078123449877,Low
2018-08-03,Elastic_Net,5D,3,-0.002492256936292,0.0008120742308672584,Low
2018-08-06,Elastic_Net,5D,3,-0.010038277253074,0.00022035168209999143,Low
2018-08-07,Elastic_Net,5D,3,-0.0064895489831425,0.00039627325904043336,Low
2018-08-08,Elastic_Net,5D,3,-0.0138583431712261,0.0004580755558385728,Low
2018-08-09,Elastic_Net,5D,3,-0.0045274139415481,0.0011613711808714617,Low
2018-08-10,Elastic_Net,5D,3,0.0059295046969593,0.002688259805760736,Low
2018-08-13,Elastic_Net,5D,3,0.0123686172650679,0.0031660193595541303,Low
2018-08-14,Elastic_Net,5D,3,0.0080660872032776,0.0014954164667139455,Low
2018-08-15,Elastic_Net,5D,3,0.0152990647304129,0.003291050901780005,Low
2018-08-16,Elastic_Net,5D,3,0.0057181562542397,0.0014110507545715438,Low
2018-08-17,Elastic_Net,5D,3,0.0085802558072619,0.0007837363381770581,Low
2018-08-20,Elastic_Net,5D,3,0.0137963223122442,0.0005902593653050075,Low
2018-08-21,Elastic_Net,5D,3,0.0119991644352154,0.0011635453892764156,Low
2018-08-22,Elastic_Net,5D,3,0.0180826379583704,0.0002282913821052199,Low
2018-08-23,Elastic_Net,5D,3,0.0153351598374476,0.0013343345277207987,Low
2018-08-24,Elastic_Net,5D,3,0.0092899223764673,0.000834430233147042,Low
2018-08-27,Elastic_Net,5D,3,-6.911079522445216e-06,0.0006665992456544619,Low
2018-08-28,Elastic_Net,5D,3,-0.0030832159583867,0.0008779118725939878,Low
2018-08-29,Elastic_Net,5D,3,-0.0124274494639165,0.00014740595980122155,Low
2018-08-30,Elastic_Net,5D,3,-0.0102030753144729,0.0010154104591255742,Low
2018-08-31,Elastic_Net,5D,3,-0.0084415155670846,0.0006277643989103267,Low
2018-09-04,Elastic_Net,5D,3,-0.0030529578284898,0.0018045935520101626,Low
2018-09-05,Elastic_Net,5D,4,0.0001107133226698,0.002236693450210225,Low
2018-09-06,Elastic_Net,5D,4,0.0090380565186791,0.0029918953587928076,Low
2018-09-07,Elastic_Net,5D,4,0.01152929831446,0.002623175048923084,Low
2018-09-10,Elastic_Net,5D,4,0.0040479791082175,0.0020947949002715904,Low
2018-09-11,Elastic_Net,5D,4,0.0056697662861272,0.0015712047010582504,Low
2018-09-12,Elastic_Net,5D,4,0.0065656459694056,0.0016749528551815783,Low
2018-09-13,Elastic_Net,5D,4,0.0091073079953435,0.0007119292298959393,Low
2018-09-14,Elastic_Net,5D,4,0.0084632631575701,0.0007209005377978835,Low
2018-09-17,Elastic_Net,5D,4,0.0105266718351056,0.0020249391179368473,Low
2018-09-18,Elastic_Net,5D,4,0.0038660704743622,0.0008949610296741466,Low
2018-09-19,Elastic_Net,5D,4,-0.0006811172399696,0.0007662822647275865,Low
2018-09-20,Elastic_Net,5D,4,-0.0057316551967875,0.0009937458827635943,Low
2018-09-21,Elastic_Net,5D,4,-0.0053699244039186,0.0009745072898127682,Low
2018-09-24,Elastic_Net,5D,4,0.0017864502522938,0.0010833948551436869,Low
2018-09-25,Elastic_Net,5D,4,0.0026956298351326,0.00148150286753867,Low
2018-09-26,Elastic_Net,5D,4,0.0067015962530107,0.001926078320096699,Low
2018-09-27,Elastic_Net,5D,4,-0.0042609153965102,0.0019739653639695887,Low
2018-09-28,Elastic_Net,5D,4,-0.0097973598369942,0.0020213734240000004,Low
2018-10-01,Elastic_Net,5D,4,-0.0138270468875424,0.0015321456641055596,Low
2018-10-02,Elastic_Net,5D,4,-0.0148491878114176,0.0015318145281313538,Low
2018-10-03,Elastic_Net,5D,4,-0.048976843590738,0.001044845269889624,Low
2018-10-04,Elastic_Net,5D,4,-0.0615613881422696,0.003061521566656061,Low
2018-10-05,Elastic_Net,5D,4,-0.0419118381492711,0.0026782487433916913,Low
2018-10-08,Elastic_Net,5D,4,-0.0474391257322215,0.00311376859206673,Low
2018-10-09,Elastic_Net,5D,4,-0.0247523878631661,0.0029513074363271656,Low
2018-10-10,Elastic_Net,5D,4,0.008411306916771,0.008103565432120633,Normal
2018-10-11,Elastic_Net,5D,4,0.0147023963139714,0.0070669863038523364,Normal
2018-10-12,Elastic_Net,5D,4,0.0002349257703155,0.0031986746812445108,Normal
2018-10-15,Elastic_Net,5D,4,0.001848610965138,0.005095239542093129,Normal
2018-10-16,Elastic_Net,5D,4,-0.0249462932504573,0.001792963407365401,High
2018-10-17,Elastic_Net,5D,4,-0.0560443728489332,0.000731650981974413,High
2018-10-18,Elastic_Net,5D,4,-0.023094164294878,0.0014332574236178162,High
2018-10-19,Elastic_Net,5D,4,-0.0402120671696018,0.0014443437788682974,High
2018-10-22,Elastic_Net,5D,4,-0.0424844783683179,0.0012908311660118363,High
2018-10-23,Elastic_Net,5D,4,-0.0214120792157463,0.004016921074143029,High
2018-10-24,Elastic_Net,5D,4,0.0207315733999656,0.007675596305665585,High
2018-10-25,Elastic_Net,5D,4,0.0127803542897808,0.0028258239683561165,High
2018-10-26,Elastic_Net,5D,4,0.0239227712439042,0.004515141284513614,High
2018-10-29,Elastic_Net,5D,4,0.0360886732362923,0.004931783059335958,High
2018-10-30,Elastic_Net,5D,4,0.0267831380088234,0.0024957806946732967,High
2018-10-31,Elastic_Net,5D,4,0.0369773378150262,-0.0009579496440154443,High
2018-11-01,Elastic_Net,5D,4,0.0239627699580054,-0.00022534337917899314,High
2018-11-02,Elastic_Net,5D,4,0.0210579050985128,-0.00019781433328237494,High
2018-11-05,Elastic_Net,5D,4,-0.0044249395841488,-0.0009866202067467774,High
2018-11-06,Elastic_Net,5D,4,-0.0121477461507313,-0.0004429655400923823,High
2018-11-07,Elastic_Net,5D,4,-0.0407310135299559,-0.002680218515167979,High
2018-11-08,Elastic_Net,5D,4,-0.0276809117988224,-0.0001260191129768128,High
2018-11-09,Elastic_Net,5D,4,-0.0162184883459659,0.00019518158815664838,High
2018-11-12,Elastic_Net,5D,4,-0.01310349859622,0.0030644678291366486,High
2018-11-13,Elastic_Net,5D,4,-0.0299384753306319,0.002263341589895004,High
2018-11-14,Elastic_Net,5D,4,-0.0193036172014141,0.005271023749374859,High
2018-11-15,Elastic_Net,5D,4,-0.0364180696559117,0.003195894634439261,High
2018-11-16,Elastic_Net,5D,4,-0.0232259313480293,0.0020796393663477055,High
2018-11-19,Elastic_Net,5D,4,-0.0031863857476951,0.0033775069318085016,High
2018-11-20,Elastic_Net,5D,4,0.0378456611120046,0.004806651751539286,High
2018-11-21,Elastic_Net,5D,4,0.032621497255844,0.002353906449158455,High
2018-11-23,Elastic_Net,5D,4,0.0473354646843172,0.004684212590896181,High
2018-11-26,Elastic_Net,5D,4,0.0428044906333132,0.002259002040088494,High
2018-11-27,Elastic_Net,5D,4,0.0066478774301444,0.0018353696595993841,High
2018-11-28,Elastic_Net,5D,4,-0.0175895617871137,-0.0015709292986893545,High
2018-11-29,Elastic_Net,5D,4,-0.0390004026980424,-0.0008494128180037966,High
2018-11-30,Elastic_Net,5D,4,-0.0453773471917438,-0.0023487134355290786,High
2018-12-03,Elastic_Net,5D,4,-0.056615758661412,-0.0023537990146881315,High
2018-12-04,Elastic_Net,5D,4,-0.0183106588125046,0.002592469066190834,High
2018-12-06,Elastic_Net,5D,4,-0.0169872212107754,0.0029912789090923123,High
2018-12-07,Elastic_Net,5D,4,-0.012662098023153,0.005240627996585032,High
2018-12-10,Elastic_Net,5D,4,-0.035414986074646,0.0047023889214358435,High
2018-12-11,Elastic_Net,5D,4,-0.0349721795455512,0.00549974960512533,High
2018-12-12,Elastic_Net,5D,4,-0.0558925097318393,0.002855287346584086,High
2018-12-13,Elastic_Net,5D,4,-0.0715903689035281,0.0025480198496944852,High
2018-12-14,Elastic_Net,5D,4,-0.073122277133369,0.002963615428672088,High
2018-12-17,Elastic_Net,5D,4,-0.0796165651831067,0.0054368838900562735,High
2018-12-18,Elastic_Net,5D,4,-0.0312997843660908,0.004670462239293951,High
2018-12-19,Elastic_Net,5D,4,-0.007258096221337,0.005895144409851538,High
2018-12-20,Elastic_Net,5D,4,0.0073973593525356,0.008260813853820513,High
2018-12-21,Elastic_Net,5D,4,0.036657105713283,0.007946991873893665,High
2018-12-24,Elastic_Net,5D,4,0.0654113716542236,0.010109996884174827,High
2018-12-26,Elastic_Net,5D,4,-0.0080601378354963,0.001362908446261813,High
2018-12-27,Elastic_Net,5D,4,0.0171730322560332,0.0015879804885952915,High
2018-12-28,Elastic_Net,5D,4,0.0254013621614943,8.376592987505063e-06,High
2018-12-31,Elastic_Net,5D,4,0.0265933236357848,-0.0027197756818728084,High
2019-01-02,Elastic_Net,5D,4,0.0294153019059809,-0.004522940197883232,High
2019-01-03,Elastic_Net,5D,4,0.0589918750993581,0.003032346727054978,High
2019-01-04,Elastic_Net,5D,4,0.025086167494529,-0.0015641683195713441,High
2019-01-07,Elastic_Net,5D,4,0.0128287969120497,-0.0005626161819428143,High
2019-01-08,Elastic_Net,5D,4,0.0138448284553133,-0.0010351238459398665,High
2019-01-09,Elastic_Net,5D,4,0.0119746776515793,-0.0010753094720649474,High
2019-01-10,Elastic_Net,5D,4,0.015029166983353,-0.0032001481246182292,High
2019-01-11,Elastic_Net,5D,4,0.0282723883676913,-0.0007553516268391383,High
2019-01-14,Elastic_Net,5D,4,0.0192853061269683,0.0010301123860934406,High
2019-01-15,Elastic_Net,5D,4,0.0108211771666582,0.0004063732783864812,High
2019-01-16,Elastic_Net,5D,4,0.0099764367485474,0.0009150637921846601,High
2019-01-17,Elastic_Net,5D,4,0.0108665737428296,0.00010446830081534196,High
2019-01-18,Elastic_Net,5D,4,-0.010108114945735,-0.0006486621935587848,High
2019-01-22,Elastic_Net,5D,4,0.0026930539471225,0.0012824223493155843,High
2019-01-23,Elastic_Net,5D,4,0.0159221739192316,0.00023803010033017122,High
2019-01-24,Elastic_Net,5D,4,0.0231080426180221,0.0005627934538275986,High
2019-01-25,Elastic_Net,5D,4,0.0155533815023111,0.00015619256446259546,High
2019-01-28,Elastic_Net,5D,4,0.0301845384684998,0.0029661570316768175,High
2019-01-29,Elastic_Net,5D,4,0.0363392168409647,0.0015582786521900216,High
2019-01-30,Elastic_Net,5D,4,0.0186826912318958,-0.00020946893654054735,High
2019-01-31,Elastic_Net,5D,4,0.0007208492198978,-0.0006159421102381653,High
2019-02-01,Elastic_Net,5D,4,0.0004986152011035,0.0002337153853123851,Normal
2019-02-04,Elastic_Net,5D,4,-0.0055459141125577,-0.0008439576780370278,Normal
2019-02-05,Elastic_Net,5D,4,0.0025645683529307,-0.001195685877313122,Normal
2019-02-06,Elastic_Net,5D,4,0.0078109156641504,0.00017278318600920297,Normal
2019-02-07,Elastic_Net,5D,4,0.0145569454826821,0.00199443992261932,Normal
2019-02-08,Elastic_Net,5D,4,0.0247009775816269,0.0013564859448893,Normal
2019-02-11,Elastic_Net,5D,4,0.0254897471044006,0.002202470668380981,Normal
2019-02-12,Elastic_Net,5D,4,0.0144574277623027,0.0012108630627801552,Normal
2019-02-13,Elastic_Net,5D,4,0.0079053268427506,0.0011115841390927617,Normal
2019-02-14,Elastic_Net,5D,4,0.0169511289211595,0.0007674856024070999,Normal
2019-02-15,Elastic_Net,5D,4,0.0073622287059535,-0.0007797377502386988,Normal
2019-02-19,Elastic_Net,5D,4,0.0050738377065212,-0.00032708975317505924,Normal
2019-02-20,Elastic_Net,5D,4,0.0027541067094823,0.00022144347051026377,Low
2019-02-21,Elastic_Net,5D,4,0.0034572684363733,0.001232445209919504,Low
2019-02-22,Elastic_Net,5D,4,0.003938286330376,-1.6336606458171267e-05,Normal
2019-02-25,Elastic_Net,5D,4,-0.0011809255146309,0.0016733622377189423,Low
2019-02-26,Elastic_Net,5D,4,-0.0015223293314974,0.0014398600813223695,Low
2019-02-27,Elastic_Net,5D,4,-0.0075236054993244,0.0013027614242437009,Low
2019-02-28,Elastic_Net,5D,4,-0.0128530090387051,0.0014716129943419228,Low
2019-03-01,Elastic_Net,5D,4,-0.0218586297588718,0.0009155463899672403,Low
2019-03-04,Elastic_Net,5D,4,-0.0034109868001272,0.0022080509127040434,Low
2019-03-05,Elastic_Net,5D,4,0.0006701524173848,0.001854600339169806,Low
2019-03-06,Elastic_Net,5D,4,0.0141411727785291,0.002657815359387237,Low
2019-03-07,Elastic_Net,5D,4,0.0214316845852642,0.002993936130039355,Low
2019-03-08,Elastic_Net,5D,4,0.0285381681251485,0.0031872808233299804,Low
2019-03-11,Elastic_Net,5D,4,0.0176777293605669,0.001182464501259935,Low
2019-03-12,Elastic_Net,5D,4,0.0145981935528351,0.001328580282560351,Low
2019-03-13,Elastic_Net,5D,4,0.004723950055046,0.00037786774351835,Low
2019-03-14,Elastic_Net,5D,4,0.0163863648813315,2.9711648644256987e-05,Low
2019-03-15,Elastic_Net,5D,4,-0.0077429816613723,-0.0007838336631575257,Low
2019-03-18,Elastic_Net,5D,4,-0.0122814512935903,0.00044130067931598296,Low
2019-03-19,Elastic_Net,5D,4,-0.0049938282657296,0.0007666558081292189,Low
2019-03-20,Elastic_Net,5D,4,-0.0067002748015589,0.0014853987474652578,Low
2019-03-21,Elastic_Net,5D,4,-0.0139112355809866,0.0002984788475907166,Low
2019-03-22,Elastic_Net,5D,4,0.0119572975966112,0.003304471295879051,Normal
2019-03-25,Elastic_Net,5D,4,0.0242988659479659,0.0024625812514588964,Normal
2019-03-26,Elastic_Net,5D,4,0.0171592685548901,0.0012854895643199184,Normal
2019-03-27,Elastic_Net,5D,4,0.0239604842515781,0.0022623944644768294,Normal
2019-03-28,Elastic_Net,5D,4,0.0224598947793108,0.0023710117609321126,Normal
2019-03-29,Elastic_Net,5D,4,0.020373906359085,0.00046754746832747274,Normal
2019-04-01,Elastic_Net,5D,4,0.0099186225915643,-0.0003381711504553389,Normal
2019-04-02,Elastic_Net,5D,4,0.0038151906010365,0.00031765309123536734,Normal
2019-04-03,Elastic_Net,5D,4,0.0051409559354472,-8.308496938281814e-06,Normal
2019-04-04,Elastic_Net,5D,4,0.0030966130327957,-0.00011096346078000373,Normal
2019-04-05,Elastic_Net,5D,4,0.0050584737992424,-0.00018682754238862976,Normal
2019-04-08,Elastic_Net,5D,4,0.0033819948043615,0.0011171915756649764,Low
2019-04-09,Elastic_Net,5D,4,0.0099771995651713,0.0018414882648652817,Normal
2019-04-10,Elastic_Net,5D,4,0.0042289609899325,0.0009054058639442861,Normal
2019-04-11,Elastic_Net,5D,4,0.0057686854738393,0.0013433396192984194,Normal
2019-04-12,Elastic_Net,5D,4,0.0001926129012265,0.0008907102523850938,Normal
2019-04-15,Elastic_Net,5D,4,0.009624531320579,0.0015464151979918334,Normal
2019-04-16,Elastic_Net,5D,4,0.0069211343924027,0.0008894635872325127,Normal
2019-04-17,Elastic_Net,5D,4,0.0088284934728688,0.0015500344076812824,Normal
2019-04-18,Elastic_Net,5D,4,0.0119249969719239,0.0010600705428998507,Low
2019-04-22,Elastic_Net,5D,4,0.011984439659225,0.0018590766457762108,Low
2019-04-23,Elastic_Net,5D,4,0.0041330531830212,0.0008965170376157118,Low
2019-04-24,Elastic_Net,5D,4,-0.0012032240642338,0.0014975491716191663,Low
2019-04-25,Elastic_Net,5D,4,-0.0029604269726438,0.0010564874775919088,Low
2019-04-26,Elastic_Net,5D,4,0.0019573501829687,0.0005624167331535465,Low
2019-04-29,Elastic_Net,5D,4,-0.0035946115103377,0.000917478134947512,Low
2019-04-30,Elastic_Net,5D,4,-0.0211950642980348,0.001409166434735074,Low
2019-05-01,Elastic_Net,5D,4,-0.0152713338371634,0.0024525379846568737,Low
2019-05-02,Elastic_Net,5D,4,-0.0161710878504088,0.0017636621819638173,Low
2019-05-03,Elastic_Net,5D,4,-0.0220498212594077,0.0008868476248291068,Low
2019-05-06,Elastic_Net,5D,4,-0.0419952772088326,0.0029551904098522766,Low
2019-05-07,Elastic_Net,5D,4,-0.0173618015967111,0.004783280605187307,Low
2019-05-08,Elastic_Net,5D,4,-0.0099330918795681,0.002810647092947177,Low
2019-05-09,Elastic_Net,5D,4,0.0019488638988593,0.002728506744708258,Low
2019-05-10,Elastic_Net,5D,4,-0.0076189673451031,0.0021125937316906944,Low
2019-05-13,Elastic_Net,5D,4,0.0100352438179889,0.006600209167874047,Normal
2019-05-14,Elastic_Net,5D,4,0.0105112053879637,0.0018879948895837084,Normal
2019-05-15,Elastic_Net,5D,4,0.0018608186963412,0.0016496822684937196,Normal
2019-05-16,Elastic_Net,5D,4,-0.0189808306614396,0.0009059105502998756,Normal
2019-05-17,Elastic_Net,5D,4,-0.0117737497153587,0.00236976561787688,Normal
2019-05-20,Elastic_Net,5D,4,-0.0134124417402136,0.0009960212567065587,Normal
2019-05-21,Elastic_Net,5D,4,-0.0288083010006357,0.00027439947040629274,Normal
2019-05-22,Elastic_Net,5D,4,-0.0238836359617393,0.0014066478102347621,Normal
2019-05-23,Elastic_Net,5D,4,-0.0251811489709104,0.003963532822169146,Normal
2019-05-24,Elastic_Net,5D,4,-0.0293028633972555,0.002109477344545665,Normal
2019-05-28,Elastic_Net,5D,4,0.0003140136840822,0.0033178588326838727,Normal
2019-05-29,Elastic_Net,5D,4,0.0153786508301275,0.004059086857358667,Normal
2019-05-30,Elastic_Net,5D,4,0.0193992188311347,0.003260324297660551,Normal
2019-05-31,Elastic_Net,5D,4,0.0431254033288479,0.004156388373427466,Normal
2019-06-03,Elastic_Net,5D,4,0.0505436940579213,0.00398528759065291,Normal
2019-06-04,Elastic_Net,5D,4,0.0289878255188922,0.0007530434740539475,High
2019-06-05,Elastic_Net,5D,4,0.0188194407128411,-7.584656735223211e-07,Normal
2019-06-06,Elastic_Net,5D,4,0.016791610539687,-2.4239584175200085e-05,High
2019-06-07,Elastic_Net,5D,4,0.0047358195062741,-0.0015665322067767292,High
2019-06-10,Elastic_Net,5D,4,0.0010179148638613,-0.002393338209074098,High
2019-06-11,Elastic_Net,5D,4,0.0110383459147834,-0.000520783065292239,Normal
2019-06-12,Elastic_Net,5D,4,0.0160587205350446,0.00019433787048655452,Normal
2019-06-13,Elastic_Net,5D,4,0.0213973153680675,0.0003496741526645688,Normal
2019-06-14,Elastic_Net,5D,4,0.0217501108744924,0.0011307845339353414,Normal
2019-06-17,Elastic_Net,5D,4,0.0190854069815525,0.0016745770470612325,Normal
2019-06-18,Elastic_Net,5D,4,-0.0001268582518056,0.0007505014540788989,Normal
2019-06-19,Elastic_Net,5D,4,-0.0043422707236335,0.00012667207188793526,Normal
2019-06-20,Elastic_Net,5D,4,-0.0099539902669158,0.00019444073185898134,Normal
2019-06-21,Elastic_Net,5D,4,-0.0029530321465882,0.0002609352783331273,Normal
2019-06-24,Elastic_Net,5D,4,0.0064233749249528,0.00014064272351132037,Normal
2019-06-25,Elastic_Net,5D,4,0.0188889978423289,0.002061052033786208,Normal
2019-06-26,Elastic_Net,5D,4,0.0277667891818173,0.001954534598267479,Normal
2019-06-27,Elastic_Net,5D,4,0.0221433691846778,0.0022951841550730417,Normal
2019-06-28,Elastic_Net,5D,4,0.0115552543339544,0.0015942678288903235,Normal
2019-07-01,Elastic_Net,5D,4,0.0051480287814544,0.0007416280231480907,Low
2019-07-02,Elastic_Net,5D,4,0.0067247284405483,-0.0001997560224587364,Low
2019-07-03,Elastic_Net,5D,4,0.0013642523588127,-0.0005558020553105155,Low
2019-07-05,Elastic_Net,5D,4,0.0077813208654278,0.0002725510924646156,Low
2019-07-08,Elastic_Net,5D,4,0.0128043476039357,0.001048317719818833,Low
2019-07-09,Elastic_Net,5D,4,0.0081589699904715,0.0013385361568348684,Low
2019-07-10,Elastic_Net,5D,4,-0.0028942424117043,0.000737723596486647,Low
2019-07-11,Elastic_Net,5D,4,-0.0016012642818338,0.0015583585082862795,Low
2019-07-12,Elastic_Net,5D,4,-0.0124066880487449,0.0008836423527763091,Low
2019-07-15,Elastic_Net,5D,4,-0.0097578400908788,0.0008619730126497164,Low
2019-07-16,Elastic_Net,5D,4,0.0004758896034078,0.0011513028843803705,Low
2019-07-17,Elastic_Net,5D,4,0.0117057478829768,0.002355845029769082,Low
2019-07-18,Elastic_Net,5D,4,0.0028538536905583,0.0016324948836692896,Low
2019-07-19,Elastic_Net,5D,4,0.0164102789261859,0.0030162172450485655,Low
2019-07-22,Elastic_Net,5D,4,0.0119681553108781,0.0020670068748169855,Low
2019-07-23,Elastic_Net,5D,4,0.0025620247995576,0.0012550329974347534,Low
2019-07-24,Elastic_Net,5D,4,-0.0130603749660582,0.0005600830863636121,Low
2019-07-25,Elastic_Net,5D,4,-0.0168236060512647,0.001709631590762403,Low
2019-07-26,Elastic_Net,5D,4,-0.0314935303616128,0.0001791188657426176,Low
2019-07-29,Elastic_Net,5D,4,-0.0601062906022502,0.0010128705350030587,Low
2019-07-30,Elastic_Net,5D,4,-0.0445912813190392,0.0019197095938729898,Low
2019-07-31,Elastic_Net,5D,4,-0.0328794920330404,0.0035279552926677747,Low
2019-08-01,Elastic_Net,5D,4,-0.0052515019973693,0.003636292843443582,Low
2019-08-02,Elastic_Net,5D,4,-0.0045807065914613,0.00402252816352536,Low
2019-08-05,Elastic_Net,5D,4,0.0132556664623181,0.009003550220241739,Normal
2019-08-06,Elastic_Net,5D,4,0.0153409888184535,0.0031671074554790943,Normal
2019-08-07,Elastic_Net,5D,4,-0.0151559459699411,0.0037485161468775556,Normal
2019-08-08,Elastic_Net,5D,4,-0.0312831717386259,0.0007961566805718809,High
2019-08-09,Elastic_Net,5D,4,-0.0103215204327238,0.00219958694520266,High
2019-08-12,Elastic_Net,5D,4,0.014105464247589,0.0017578004146390968,High
2019-08-13,Elastic_Net,5D,4,-0.0088590973318284,-0.0010838257687195729,High
2019-08-14,Elastic_Net,5D,4,0.0290842346800602,0.004405768050849272,High
2019-08-15,Elastic_Net,5D,4,0.0261167950226014,0.00351318163634507,High
2019-08-16,Elastic_Net,5D,4,-0.0144951442724813,0.00113806978776846,High
2019-08-19,Elastic_Net,5D,4,-0.0156052071060809,-0.00029608211402335676,High
2019-08-20,Elastic_Net,5D,4,-0.0108673135945216,0.002375900245050686,High
2019-08-21,Elastic_Net,5D,4,-0.0125561416213122,-0.0013150988131603908,High
2019-08-22,Elastic_Net,5D,4,0.0005575437790607,-6.208505804211617e-05,High
2019-08-23,Elastic_Net,5D,4,0.0274890056617754,0.0038871358232620444,High
2019-08-26,Elastic_Net,5D,4,0.0096428835982921,0.0024834349024987793,High
2019-08-27,Elastic_Net,5D,4,0.0236349306772696,0.002737343356919518,High
2019-08-28,Elastic_Net,5D,4,0.0300366920684668,0.002093704780196019,High
2019-08-29,Elastic_Net,5D,4,0.0183394004317492,0.0008497125710727369,High
2019-08-30,Elastic_Net,5D,4,0.0176028049929726,-3.3614962185973644e-05,High
2019-09-03,Elastic_Net,5D,4,0.024848066751589,0.00115652884784162,High
2019-09-04,Elastic_Net,5D,4,0.021268013799555,-0.001129396434598931,High
2019-09-05,Elastic_Net,5D,4,0.0112171171560286,-0.0011310597412636804,High
2019-09-06,Elastic_Net,5D,4,0.0095822494746856,-0.00030033735370658694,High
2019-09-09,Elastic_Net,5D,4,0.0065357512372295,0.00037040229671509817,High
2019-09-10,Elastic_Net,5D,4,0.0087919241837605,-0.0002904692608941492,High
2019-09-11,Elastic_Net,5D,4,0.0019308851416402,-0.00021014841293732654,High
2019-09-12,Elastic_Net,5D,4,-0.0009241566146634,0.0006941065014776164,Normal
2019-09-13,Elastic_Net,5D,4,-0.0051070788425777,0.0007795939624785493,Normal
2019-09-16,Elastic_Net,5D,4,-0.0020635065440492,0.0015656030814734149,Normal
2019-09-17,Elastic_Net,5D,4,-0.0130939208800627,0.0009282834946378675,Normal
2019-09-18,Elastic_Net,5D,4,-0.007296868922366,0.0013800241983138383,Normal
2019-09-19,Elastic_Net,5D,4,-0.0097487144539087,0.0018437137972886013,Normal
2019-09-20,Elastic_Net,5D,4,-0.0101716499281569,0.002617268677244692,Normal
2019-09-23,Elastic_Net,5D,4,-0.0050397990950809,0.0017155776663555764,Low
2019-09-24,Elastic_Net,5D,4,-0.0089219370769422,0.0035641448922608438,Low
2019-09-25,Elastic_Net,5D,4,-0.0331270265065499,0.0017970330347401495,Low
2019-09-26,Elastic_Net,5D,4,-0.0227548507230698,0.002466652146164221,Low
2019-09-27,Elastic_Net,5D,4,-0.0033075309046822,0.0029136972044435743,Low
2019-09-30,Elastic_Net,5D,4,-0.0128307933936121,0.001651188203344004,Low
2019-10-01,Elastic_Net,5D,4,-0.0161798260003093,0.003246605007017187,Low
2019-10-02,Elastic_Net,5D,4,0.0109488747021802,0.004963229949147786,Normal
2019-10-03,Elastic_Net,5D,4,0.0094037723400961,0.0027493514807280313,Low
2019-10-04,Elastic_Net,5D,5,0.006166566774626,0.0011949521381885496,Normal
2019-10-07,Elastic_Net,5D,5,0.0092668373750884,0.0026473081006851444,Normal
2019-10-08,Elastic_Net,5D,5,0.0348564423036876,0.003318658814653749,Normal
2019-10-09,Elastic_Net,5D,5,0.023791601235648,0.00034434997858523095,Normal
2019-10-10,Elastic_Net,5D,5,0.0201554207936407,0.0006075286319620564,Normal
2019-10-11,Elastic_Net,5D,5,0.0053487954100518,0.0005736544426667193,Normal
2019-10-14,Elastic_Net,5D,5,0.0135849911886045,0.000633478191380907,Normal
2019-10-15,Elastic_Net,5D,5,0.0001034965537386,-0.0011174811802071834,Normal
2019-10-16,Elastic_Net,5D,5,0.0049481444527631,-3.88829308689781e-05,Normal
2019-10-17,Elastic_Net,5D,5,0.0041077271421593,0.0002008299446039181,Normal
2019-10-18,Elastic_Net,5D,5,0.012099202362615,0.0013076528877088277,Normal
2019-10-21,Elastic_Net,5D,5,0.0108169081733991,0.0005493308654493911,Normal
2019-10-22,Elastic_Net,5D,5,0.0135592054752952,0.0016654256898050485,Normal
2019-10-23,Elastic_Net,5D,5,0.0139641915303217,0.0010830704369456036,Normal
2019-10-24,Elastic_Net,5D,5,0.0090181482366112,0.0011819175076011508,Normal
2019-10-25,Elastic_Net,5D,5,0.0145696492856028,0.0004264462354525492,Normal
2019-10-28,Elastic_Net,5D,5,0.0127010751747975,0.0009346823327201272,Normal
2019-10-29,Elastic_Net,5D,5,0.0123474244194576,0.0006452099450813196,Normal
2019-10-30,Elastic_Net,5D,5,0.0098015856108898,0.0003518351633646215,Normal
2019-10-31,Elastic_Net,5D,5,0.0155553994897095,0.001176407122814499,Normal
2019-11-01,Elastic_Net,5D,5,0.0084968720751778,0.00029669671480614087,Low
2019-11-04,Elastic_Net,5D,5,0.0028352308565282,0.0008255442510812121,Low
2019-11-05,Elastic_Net,5D,5,0.005585056869612,0.0007776918279115237,Low
2019-11-06,Elastic_Net,5D,5,0.0055940878474386,0.0007437208429920241,Low
2019-11-07,Elastic_Net,5D,5,0.0037044052176145,0.0005145894760801696,Low
2019-11-08,Elastic_Net,5D,5,0.008813030850472,0.0007828847226134672,Low
2019-11-11,Elastic_Net,5D,5,0.0112804525866188,0.001523390694033696,Low
2019-11-12,Elastic_Net,5D,5,0.0091242591856633,0.0011614304537980293,Low
2019-11-13,Elastic_Net,5D,5,0.0046497211946059,0.0012521665033400748,Low
2019-11-14,Elastic_Net,5D,5,0.0022290224939598,0.0013063159255939916,Low
2019-11-15,Elastic_Net,5D,5,-0.0032644323416373,0.0006671997964730122,Low
2019-11-18,Elastic_Net,5D,5,0.0037117932230201,0.0008892235488356764,Low
2019-11-19,Elastic_Net,5D,5,0.0064977269676528,0.0010335255440040237,Low
2019-11-20,Elastic_Net,5D,5,0.0144267190138937,0.001205850384639575,Low
2019-11-21,Elastic_Net,5D,5,0.0119914388700941,0.0014899965467802948,Low
2019-11-22,Elastic_Net,5D,5,0.0011503812337543,0.001549115876737429,Low
2019-11-25,Elastic_Net,5D,5,-0.0129890959117578,0.0011618633381243124,Low
2019-11-26,Elastic_Net,5D,5,-0.008878601947928,0.0010105950046711877,Low
2019-11-27,Elastic_Net,5D,5,-0.0115452106465976,0.0006192572630934633,Low
2019-11-29,Elastic_Net,5D,5,0.0015683216138172,0.0009680676018977483,Low
2019-12-02,Elastic_Net,5D,5,0.0070689716233066,0.0021006080573624194,Low
2019-12-03,Elastic_Net,5D,5,0.0126316607123676,0.0027217752443728658,Low
2019-12-04,Elastic_Net,5D,5,0.0092319406329482,0.0018296237062921264,Low
2019-12-05,Elastic_Net,5D,5,0.0162714810818732,0.002255113925446398,Low
2019-12-06,Elastic_Net,5D,5,0.0072498142016621,0.0011890313728922396,Low
2019-12-09,Elastic_Net,5D,5,0.0175400088286793,0.0016830699815293035,Low
2019-12-10,Elastic_Net,5D,5,0.0189727810261245,0.0006337336003251905,Low
2019-12-11,Elastic_Net,5D,5,0.0156364498562511,0.0007244422315091918,Low
2019-12-12,Elastic_Net,5D,5,0.0115471613025602,0.00014463053260935395,Low
2019-12-13,Elastic_Net,5D,5,0.0164071779566796,0.0006880085621864815,Low
2019-12-16,Elastic_Net,5D,5,0.0101505857284352,0.0002131280780466986,Low
2019-12-17,Elastic_Net,5D,5,0.0096198823975058,0.00029256874071075423,Low
2019-12-18,Elastic_Net,5D,5,0.0151673384480825,0.0005588895539659935,Low
2019-12-19,Elastic_Net,5D,5,0.0107519437658763,0.0007353878729099802,Low
2019-12-20,Elastic_Net,5D,5,2.1751882192300326e-05,0.0004288086982392528,Low
2019-12-23,Elastic_Net,5D,5,0.0020976738120846,0.0008804742715992117,Low
2019-12-24,Elastic_Net,5D,5,0.0106370364768695,0.000905599657701048,Low
2019-12-26,Elastic_Net,5D,5,-0.0015629352981388,0.0005050712853663584,Low
2019-12-27,Elastic_Net,5D,5,0.0019302257564756,0.0010276972365248337,Low
2019-12-30,Elastic_Net,5D,5,0.0049206467512307,0.001928448002771084,Low
2019-12-31,Elastic_Net,5D,5,0.0068694295926811,0.001114169761411179,Low
2020-01-02,Elastic_Net,5D,5,0.0051587483472708,0.000456971963906662,Low
2020-01-03,Elastic_Net,5D,5,0.0093843952247204,0.002080828683083815,Low
2020-01-06,Elastic_Net,5D,5,0.0128092440763811,0.0013664282933444922,Low
2020-01-07,Elastic_Net,5D,5,0.0141007383240802,0.001192907506071379,Low
2020-01-08,Elastic_Net,5D,5,0.0110787150821269,0.0009824735651794627,Low
2020-01-09,Elastic_Net,5D,5,0.0127772483874523,0.0009413663049073807,Low
2020-01-10,Elastic_Net,5D,5,0.0194912341224423,0.0009105888580456287,Low
2020-01-13,Elastic_Net,5D,5,0.0098837397069237,0.0006050114836104884,Low
2020-01-14,Elastic_Net,5D,5,0.0116884548405006,0.0006027364349455182,Low
2020-01-15,Elastic_Net,5D,5,0.0109603307901708,0.0007977904618935139,Low
2020-01-16,Elastic_Net,5D,5,-0.0064547060582548,0.0006459492640837705,Low
2020-01-17,Elastic_Net,5D,5,-0.0261651816625839,0.0001547809366676577,Low
2020-01-21,Elastic_Net,5D,5,-0.0135062977926458,0.0010786112096225343,Low
2020-01-22,Elastic_Net,5D,5,-0.0146625822329115,0.0007645058936386806,Low
2020-01-23,Elastic_Net,5D,5,-0.0126734514960586,0.0008169382247593475,Low
2020-01-24,Elastic_Net,5D,5,-0.0214546056412278,0.0024227926731819017,Low
2020-01-27,Elastic_Net,5D,5,0.0016295724768487,0.004345773171799657,Low
2020-01-28,Elastic_Net,5D,5,0.0064955048940021,0.0019265796304765257,Normal
2020-01-29,Elastic_Net,5D,5,0.0185505336965597,0.0025757059712026636,Low
2020-01-30,Elastic_Net,5D,5,0.0187412318233504,0.002160438191057843,Low
2020-01-31,Elastic_Net,5D,5,0.0311901843852553,0.003935889099991049,Normal
2020-02-03,Elastic_Net,5D,5,0.0312614487445959,0.0011931582876397954,Normal
2020-02-04,Elastic_Net,5D,5,0.018079181513092,0.0005705958448216635,Normal
2020-02-05,Elastic_Net,5D,5,0.013333255959322,3.0703931678462224e-05,Normal
2020-02-06,Elastic_Net,5D,5,0.0083813245423315,0.00021424203255017383,Normal
2020-02-07,Elastic_Net,5D,5,0.0156386516502752,-0.00044110253528704957,Normal
2020-02-10,Elastic_Net,5D,5,0.0054147475435542,-0.0007061782477506928,Normal
2020-02-11,Elastic_Net,5D,5,0.008422447141837,0.0003507513810880622,Normal
2020-02-12,Elastic_Net,5D,5,-0.0018422233913635,0.00023708031006355618,Normal
2020-02-13,Elastic_Net,5D,5,-0.0107842562641946,0.0010869680801681375,Normal
2020-02-14,Elastic_Net,5D,5,-0.0467141717831207,0.00034835286396171826,Normal
2020-02-18,Elastic_Net,5D,5,-0.0745378621723262,0.001494163210868395,Normal
2020-02-19,Elastic_Net,5D,5,-0.0830183077801412,0.000846094233596516,Normal
2020-02-20,Elastic_Net,5D,5,-0.1243636267044048,0.0019974534317948505,Normal
2020-02-21,Elastic_Net,5D,5,-0.1220622805812382,0.0027014943755701354,Normal
2020-02-24,Elastic_Net,5D,5,-0.0429633323913842,0.00693219263793891,High
2020-02-25,Elastic_Net,5D,5,-0.0407259129389455,0.007409889705779174,High
2020-02-26,Elastic_Net,5D,5,0.0043961337452176,0.007127402554053714,High
2020-02-27,Elastic_Net,5D,5,0.0150534876574977,0.013238937132481709,High
2020-02-28,Elastic_Net,5D,5,0.0061250071147647,0.01013378690104988,High
2020-03-02,Elastic_Net,5D,5,-0.1178962745950201,0.0026236457923360873,High
2020-03-03,Elastic_Net,5D,5,-0.0411707372462464,0.005264193001508608,High
2020-03-04,Elastic_Net,5D,5,-0.1326099794154851,-9.1768536048588e-05,High
2020-03-05,Elastic_Net,5D,5,-0.1980440493779775,0.0026305431637114332,High
2020-03-06,Elastic_Net,5D,5,-0.0920346987763553,0.0017696021234227888,High
2020-03-09,Elastic_Net,5D,5,-0.1406764833088012,0.01305248858862968,High
2020-03-10,Elastic_Net,5D,5,-0.1306652230989684,0.002371268517883516,High
2020-03-11,Elastic_Net,5D,5,-0.1337846026224432,0.012417284877380913,High
2020-03-12,Elastic_Net,5D,5,-0.0291429892495688,0.02102449069293734,High
2020-03-13,Elastic_Net,5D,5,-0.1622790202521715,0.0029394925061389803,High
2020-03-16,Elastic_Net,5D,5,-0.064358323788931,0.01802229992997696,High
2020-03-17,Elastic_Net,5D,5,-0.0329014039066596,0.008580726534774907,High
2020-03-18,Elastic_Net,5D,5,0.0317898588462429,0.010819848315202737,High
2020-03-19,Elastic_Net,5D,5,0.0876369289500884,0.002301070540646669,High
2020-03-20,Elastic_Net,5D,5,0.0976967074618287,0.01096404516738929,High
2020-03-23,Elastic_Net,5D,5,0.1603947990413803,0.004703047865492319,High
2020-03-24,Elastic_Net,5D,5,0.0545692557350013,0.0038114398579850352,High
2020-03-25,Elastic_Net,5D,5,-0.0020460974186078,7.973809902155418e-06,High
2020-03-26,Elastic_Net,5D,5,-0.0400172714358939,-0.0052490500421009355,High
2020-03-27,Elastic_Net,5D,5,-0.0210022867202119,-0.0038617957952519276,High
2020-03-30,Elastic_Net,5D,5,0.0139993668546436,-0.01173704125853801,High
2020-03-31,Elastic_Net,5D,5,0.0285373385946971,-0.0031568873668706677,High
2020-04-01,Elastic_Net,5D,5,0.1071730725187686,0.002659128317650245,High
2020-04-02,Elastic_Net,5D,5,0.0989838857655076,0.0025721851993872648,High
2020-04-03,Elastic_Net,5D,5,0.1040806871467748,0.0018399275206992726,High
2020-04-06,Elastic_Net,5D,5,0.066227002574252,0.0001584271104577489,High
2020-04-07,Elastic_Net,5D,5,0.0455546089502452,2.8266444214507074e-06,High
2020-04-08,Elastic_Net,5D,5,0.0178650755985019,-0.006692306493665716,High
2020-04-09,Elastic_Net,5D,5,0.0299225373161231,-0.00567143949574048,High
2020-04-13,Elastic_Net,5D,5,0.0220357511454526,-0.005692430802471645,High
2020-04-14,Elastic_Net,5D,5,-0.0392339236631857,-0.0039160550369647384,High
2020-04-15,Elastic_Net,5D,5,0.0057141095913203,-0.0007094366069049589,High
2020-04-16,Elastic_Net,5D,5,-0.0006252959084167,0.00012451798839057358,High
2020-04-17,Elastic_Net,5D,5,-0.013244137362898,-0.0010383946673408694,High
2020-04-20,Elastic_Net,5D,5,0.0194055764341857,0.0016144875040164867,High
2020-04-21,Elastic_Net,5D,5,0.0453045214800325,0.0046586066571501555,High
2020-04-22,Elastic_Net,5D,5,0.0488699249429688,0.00020588869747610204,High
2020-04-23,Elastic_Net,5D,5,0.0401543492841097,0.001421701552822435,High
2020-04-24,Elastic_Net,5D,5,-0.0021279522975054,0.0009398128782524748,High
2020-04-27,Elastic_Net,5D,5,-0.0124939979003919,-0.0005092914378345566,High
2020-04-28,Elastic_Net,5D,5,0.0017621074878715,-0.0014674867638561533,High
2020-04-29,Elastic_Net,5D,5,-0.0314784769562441,-0.002435956602915536,High
2020-04-30,Elastic_Net,5D,5,-0.0107843778822984,-0.0003853860915488845,High
2020-05-01,Elastic_Net,5D,5,0.0344066281977036,0.0025318358078146174,High
2020-05-04,Elastic_Net,5D,5,0.030298874985645,0.0020596141768908604,High
2020-05-05,Elastic_Net,5D,5,0.0005855740158176,0.0007716500145596468,High
2020-05-06,Elastic_Net,5D,5,-0.0100275422094197,0.0038334189335480057,High
2020-05-07,Elastic_Net,5D,5,-0.0100075801602392,0.0015388403820008442,High
2020-05-08,Elastic_Net,5D,5,-0.0228197000217424,-0.0017594833161125485,High
2020-05-11,Elastic_Net,5D,5,0.0080624393815401,-0.000634986262204137,High
2020-05-12,Elastic_Net,5D,5,0.0182360574419885,0.003019434032380544,High
2020-05-13,Elastic_Net,5D,5,0.0523670446796841,0.0028491937482712634,High
2020-05-14,Elastic_Net,5D,5,0.0331041585656589,0.0014886245906422532,High
2020-05-15,Elastic_Net,5D,5,0.0315364290487484,0.002902324714021581,High
2020-05-18,Elastic_Net,5D,5,0.0127355053001353,0.00027824562431383424,High
2020-05-19,Elastic_Net,5D,5,0.037993700502049,0.0006417896905459361,High
2020-05-20,Elastic_Net,5D,5,0.0193695705637139,-0.0027298539886926212,High
2020-05-21,Elastic_Net,5D,5,0.0319743324259755,-0.00028652233294818464,High
2020-05-22,Elastic_Net,5D,5,0.0333676032175275,-0.0009851490739921551,High
2020-05-26,Elastic_Net,5D,5,0.0293306254784657,0.000634955270458802,High
2020-05-27,Elastic_Net,5D,5,0.0281688488007154,-0.0011543005723820788,High
2020-05-28,Elastic_Net,5D,5,0.0269045990420261,0.0004925003803562574,High
2020-05-29,Elastic_Net,5D,5,0.047977818311354,-0.0009347386464353007,High
2020-06-01,Elastic_Net,5D,5,0.0562032582387956,-0.0005314874096718982,High
2020-06-02,Elastic_Net,5D,5,0.0401962075366748,-0.0008402314981523812,High
2020-06-03,Elastic_Net,5D,5,0.0213122809889289,-0.0007028555972040784,High
2020-06-04,Elastic_Net,5D,5,-0.0360660229237511,-0.00024844690682492053,High
2020-06-05,Elastic_Net,5D,5,-0.0489637491401752,-0.002084441973631043,High
2020-06-08,Elastic_Net,5D,5,-0.0526555447278059,-0.0019312782314797215,High
2020-06-09,Elastic_Net,5D,5,-0.0260409484413734,-0.0007093574221010315,High
2020-06-10,Elastic_Net,5D,5,-0.0243204889388208,9.14718239084459e-05,High
2020-06-11,Elastic_Net,5D,5,0.0370262474612698,0.007664765089598404,High
2020-06-12,Elastic_Net,5D,5,0.0183844472903844,0.003583804350964461,High
2020-06-15,Elastic_Net,5D,5,0.0165806797688676,0.004668856677448102,High
2020-06-16,Elastic_Net,5D,5,0.0020939960936407,0.003119272277889898,High
2020-06-17,Elastic_Net,5D,5,-0.020494473269392,0.0031486396059010784,High
2020-06-18,Elastic_Net,5D,5,-0.0101886889449758,-0.001127067676145729,High
2020-06-19,Elastic_Net,5D,5,-0.0290483796541332,0.0008946514113099448,High
2020-06-22,Elastic_Net,5D,5,-0.0209435848372578,-0.0005131553927284114,High
2020-06-23,Elastic_Net,5D,5,-0.0099494045929859,0.001291588199137545,High
2020-06-24,Elastic_Net,5D,5,0.0212554249785469,0.003626794692379023,High
2020-06-25,Elastic_Net,5D,5,0.0148865677271457,0.0017916432811956283,High
2020-06-26,Elastic_Net,5D,5,0.0551687028341401,0.004221314890439431,High
2020-06-29,Elastic_Net,5D,5,0.0297123368509628,0.0021570398175815853,High
2020-06-30,Elastic_Net,5D,5,0.0222169736786375,0.0018500646833333218,High
2020-07-01,Elastic_Net,5D,5,0.0115478182265723,-0.0004057022071929427,High
2020-07-02,Elastic_Net,5D,5,0.0174286575241983,0.0002695437665814382,High
2020-07-06,Elastic_Net,5D,5,-0.0077349185240238,-0.002145842074071394,High
2020-07-07,Elastic_Net,5D,5,0.0164598599285238,-6.901323254682396e-05,High
2020-07-08,Elastic_Net,5D,5,0.0177039306014485,-0.000343948585076402,High
2020-07-09,Elastic_Net,5D,5,0.0199516068635278,0.0010841417519335942,High
2020-07-10,Elastic_Net,5D,5,0.0123843596766684,-0.000188976885902809,High
2020-07-13,Elastic_Net,5D,5,0.0301628021478675,0.003429170617791245,High
2020-07-14,Elastic_Net,5D,5,0.0185231308995236,-0.0003166739184166066,High
2020-07-15,Elastic_Net,5D,5,0.0152127045576424,-0.00014961967400964403,High
2020-07-16,Elastic_Net,5D,5,0.0062282413595109,0.0002507189078763024,High
2020-07-17,Elastic_Net,5D,5,-0.0028259612523487,5.8197459449185144e-05,High
2020-07-20,Elastic_Net,5D,5,-0.0038298296860066,-0.0008499326954203505,High
2020-07-21,Elastic_Net,5D,5,-0.0120018944392131,0.0003869082030434742,High
2020-07-22,Elastic_Net,5D,5,-0.0053807416819443,0.0003635647639042849,High
2020-07-23,Elastic_Net,5D,5,0.0032583349668476,0.001607539054843534,High
2020-07-24,Elastic_Net,5D,5,0.0171092112333001,0.0016714619138041022,High
2020-07-27,Elastic_Net,5D,5,0.0168966450761765,0.0015018651060327325,Normal
2020-07-28,Elastic_Net,5D,5,0.0269965035209565,0.0025575514079058657,Normal
2020-07-29,Elastic_Net,5D,5,0.0210538806047319,0.0015412122973790516,Normal
2020-07-30,Elastic_Net,5D,5,0.0312183083888514,0.0015056044654737737,Normal
2020-07-31,Elastic_Net,5D,5,0.0242099014166318,0.0002951086675103344,Normal
2020-08-03,Elastic_Net,5D,5,0.0197930040256648,0.00034282636156990993,Normal
2020-08-04,Elastic_Net,5D,5,0.008186525598154,-0.0004401878705845804,Normal
2020-08-05,Elastic_Net,5D,5,0.0156768674562496,-0.00010405788384558381,Normal
2020-08-06,Elastic_Net,5D,5,0.0072204687594281,-0.0006783215264713968,Normal
2020-08-07,Elastic_Net,5D,5,0.0064157420931924,-0.0002279725914762392,Normal
2020-08-10,Elastic_Net,5D,5,0.0063834543272239,0.00017295314087575984,Normal
2020-08-11,Elastic_Net,5D,5,0.0166852501484181,0.0015127232689044596,Normal
2020-08-12,Elastic_Net,5D,5,-0.0016283754903773,-8.58894412198775e-06,Normal
2020-08-13,Elastic_Net,5D,5,0.0035745519541253,0.001011126415494148,Normal
2020-08-14,Elastic_Net,5D,5,0.0071816493333768,0.001085393140399361,Normal
2020-08-17,Elastic_Net,5D,5,0.0144690871908568,0.0009159643335189993,Normal
2020-08-18,Elastic_Net,5D,5,0.0157582465165802,0.0004513655260830322,Normal
2020-08-19,Elastic_Net,5D,5,0.0303163712066038,0.0019413435815584835,Normal
2020-08-20,Elastic_Net,5D,5,0.0288343624700669,0.0013511601591631396,Low
2020-08-21,Elastic_Net,5D,5,0.0321091653366645,0.0010054694910592368,Low
2020-08-24,Elastic_Net,5D,5,0.0199181747962527,0.0005111741479919626,Low
2020-08-25,Elastic_Net,5D,5,0.0238251064714183,0.00037618267017049773,Low
2020-08-26,Elastic_Net,5D,5,0.0289301552704466,-0.00017941946436852855,Low
2020-08-27,Elastic_Net,5D,5,-0.0084990849035479,-8.940717478663493e-05,Low
2020-08-28,Elastic_Net,5D,5,-0.0233753685073933,-0.0010629698395167048,Low
2020-08-31,Elastic_Net,5D,5,-0.0493268224183516,0.0011416054295805144,Low
2020-09-01,Elastic_Net,5D,5,-0.036878893176877,-0.00016020273773985935,Low
2020-09-02,Elastic_Net,5D,5,-0.0698691892461422,-0.0003035593026169132,Low
2020-09-03,Elastic_Net,5D,5,-0.0335786649458695,0.004070928965673534,High
2020-09-04,Elastic_Net,5D,5,-0.0127510491665715,0.0023505900294143855,High
2020-09-08,Elastic_Net,5D,5,0.0206035658503948,0.005106188711907454,High
2020-09-09,Elastic_Net,5D,5,-0.0039708417039374,0.0033270070636948297,High
2020-09-10,Elastic_Net,5D,5,0.0053224546929055,0.006559944804719511,High
2020-09-11,Elastic_Net,5D,5,-0.0064560524130101,0.0030493075520016543,High
2020-09-14,Elastic_Net,5D,5,-0.0307559514653309,0.002132512071992238,High
2020-09-15,Elastic_Net,5D,5,-0.0254987209974544,6.783773086253353e-05,High
2020-09-16,Elastic_Net,5D,5,-0.0448764130196767,0.0019405610424262996,High
2020-09-17,Elastic_Net,5D,5,-0.0334454579364953,0.0012983765684839174,High
2020-09-18,Elastic_Net,5D,5,-0.0063494417644783,0.0018111026822600633,High
2020-09-21,Elastic_Net,5D,5,0.0212713141166736,0.004182763784559503,High
2020-09-22,Elastic_Net,5D,5,0.0059840150138535,0.003029691250349912,High
2020-09-23,Elastic_Net,5D,5,0.0382111964966071,0.005082226548895493,High
2020-09-24,Elastic_Net,5D,5,0.0405071405062733,0.003807025193272348,High
2020-09-25,Elastic_Net,5D,5,0.0150328884157139,0.0013885944217561937,High
2020-09-28,Elastic_Net,5D,5,0.0168638055647606,4.1669476359816864e-05,High
2020-09-29,Elastic_Net,5D,5,0.0076160238816814,0.00115913239772801,High
2020-09-30,Elastic_Net,5D,5,0.0166433450835435,-0.0010334916659139677,High
2020-10-01,Elastic_Net,5D,5,0.0193426084141179,-0.0011264244514472927,High
2020-10-02,Elastic_Net,5D,5,0.0377215164612414,0.0007772250273206693,High
2020-10-05,Elastic_Net,5D,5,0.0361909376166647,0.0004862467088895888,High
2020-10-06,Elastic_Net,5D,5,0.0439361103750245,0.0014464429538152061,High
2020-10-07,Elastic_Net,5D,5,0.0200437745207237,1.6841318272157405e-05,High
2020-10-08,Elastic_Net,5D,5,0.0105366381116412,-0.0002447816043856289,High
2020-10-09,Elastic_Net,5D,5,0.001916453387519,-0.0014042549915569144,High
2020-10-12,Elastic_Net,5D,5,-0.0308307402857478,-0.0009039980174221298,High
2020-10-13,Elastic_Net,5D,5,-0.0197876533365833,-0.0011748362636695851,High
2020-10-14,Elastic_Net,5D,5,-0.0153405952640942,0.0002693465026059269,High
2020-10-15,Elastic_Net,5D,5,-0.0086063177463899,0.0009842497499772747,High
2020-10-16,Elastic_Net,5D,5,-0.005301389882631,0.001536230539163175,High
2020-10-19,Elastic_Net,5D,5,-0.0076011993530103,0.004138036617395518,High
2020-10-20,Elastic_Net,5D,5,-0.015347600023457,0.0029418877066050356,High
2020-10-21,Elastic_Net,5D,5,-0.0490750281204645,0.002397724345307156,High
2020-10-22,Elastic_Net,5D,5,-0.0424038571839583,0.0019826827695984886,High
2020-10-23,Elastic_Net,5D,5,-0.0580474089496077,0.0017517228443147746,High
2020-10-26,Elastic_Net,5D,5,-0.0270399850736941,0.0034228181069583617,High
2020-10-27,Elastic_Net,5D,5,-0.0063670420391708,0.0028383528515470674,High
2020-10-28,Elastic_Net,5D,5,0.0513660257244986,0.006810861741497289,High
2020-10-29,Elastic_Net,5D,5,0.0587627665612024,0.003692782369935221,High
2020-10-30,Elastic_Net,5D,5,0.0706787234210885,0.005623494082280595,High
2015-06-10,Elastic_Net,20D,1,-0.0259318092879521,0.005721273776948066,Low
2015-06-11,Elastic_Net,20D,1,-0.0154059396594725,0.005721273776948066,Low
2015-06-12,Elastic_Net,20D,1,0.0026182035009852,0.005721273776948066,Low
2015-06-15,Elastic_Net,20D,1,0.0116947663592569,0.005721273776948066,Low
2015-06-16,Elastic_Net,20D,1,0.0052857795427658,0.005721273776948066,Low
2015-06-17,Elastic_Net,20D,1,0.0112908285921687,0.005721273776948066,Low
2015-06-18,Elastic_Net,20D,1,0.0025424001626107,0.005721273776948066,Low
2015-06-19,Elastic_Net,20D,1,0.0086309520245618,0.005721273776948066,Low
2015-06-22,Elastic_Net,20D,1,-0.0017162121997034,0.005721273776948066,Low
2015-06-23,Elastic_Net,20D,1,-0.0047424436450872,0.005721273776948066,Low
2015-06-24,Elastic_Net,20D,1,-0.0030541881381614,0.005721273776948066,Low
2015-06-25,Elastic_Net,20D,1,-0.0108372046782262,0.005721273776948066,Low
2015-06-26,Elastic_Net,20D,1,-0.016238803998368,0.005721273776948066,Low
2015-06-29,Elastic_Net,20D,1,0.0171582393121328,0.005721273776948066,Normal
2015-06-30,Elastic_Net,20D,1,0.0217954198870488,0.005721273776948066,Normal
2015-07-01,Elastic_Net,20D,1,0.0149116903564342,0.005721273776948066,Normal
2015-07-02,Elastic_Net,20D,1,0.012945656744929,0.005721273776948066,Normal
2015-07-06,Elastic_Net,20D,1,0.0140541954989217,0.005721273776948066,Normal
2015-07-07,Elastic_Net,20D,1,0.0057393957381201,0.005721273776948066,Normal
2015-07-08,Elastic_Net,20D,1,0.0256421988357525,0.005721273776948066,Normal
2015-07-09,Elastic_Net,20D,1,0.0155993552683704,0.005721273776948066,Normal
2015-07-10,Elastic_Net,20D,1,0.0004573460270249,0.005721273776948066,Normal
2015-07-13,Elastic_Net,20D,1,0.0021789131516949,0.005721273776948066,Normal
2015-07-14,Elastic_Net,20D,1,-0.0118674247649875,0.005721273776948066,Normal
2015-07-15,Elastic_Net,20D,1,-0.0101825648260356,0.005721273776948066,Normal
2015-07-16,Elastic_Net,20D,1,-0.0194413241388925,0.005721273776948066,Normal
2015-07-17,Elastic_Net,20D,1,-0.0166425634889839,0.005721273776948066,Normal
2015-07-20,Elastic_Net,20D,1,-0.0122156084035826,0.005721273776948066,Normal
2015-07-21,Elastic_Net,20D,1,-0.0105737950964927,0.005721273776948066,Normal
2015-07-22,Elastic_Net,20D,1,-0.0164723664858995,0.005721273776948066,Normal
2015-07-23,Elastic_Net,20D,1,-0.0321061167286663,0.005721273776948066,Normal
2015-07-24,Elastic_Net,20D,1,-0.0537143385538834,0.005721273776948066,Normal
2015-07-27,Elastic_Net,20D,1,-0.0881340278353384,0.005721273776948066,Normal
2015-07-28,Elastic_Net,20D,1,-0.1140583513798836,0.005721273776948066,Normal
2015-07-29,Elastic_Net,20D,1,-0.0830591948727354,0.005721273776948066,Normal
2015-07-30,Elastic_Net,20D,1,-0.0590803072870678,0.005721273776948066,Normal
2015-07-31,Elastic_Net,20D,1,-0.0561976523291399,0.005721273776948066,Normal
2015-08-03,Elastic_Net,20D,1,-0.0618640370482194,0.005721273776948066,Normal
2015-08-04,Elastic_Net,20D,1,-0.0896344477237146,0.005721273776948066,Normal
2015-08-05,Elastic_Net,20D,1,-0.0746166144859907,0.005721273776948066,Low
2015-08-06,Elastic_Net,20D,1,-0.0656693028640096,0.005721273776948066,Low
2015-08-07,Elastic_Net,20D,1,-0.0782385887619482,0.005721273776948066,Low
2015-08-10,Elastic_Net,20D,1,-0.0661917871969348,0.005721273776948066,Low
2015-08-11,Elastic_Net,20D,1,-0.0705837582858374,0.005721273776948066,Low
2015-08-12,Elastic_Net,20D,1,-0.0662692864791163,0.005721273776948066,Low
2015-08-13,Elastic_Net,20D,1,-0.0605162541657488,0.005721273776948066,Low
2015-08-14,Elastic_Net,20D,1,-0.0685186276631518,0.005721273776948066,Low
2015-08-17,Elastic_Net,20D,1,-0.0609668317411222,0.005721273776948066,Low
2015-08-18,Elastic_Net,20D,1,-0.0496701080901133,0.005721273776948066,Low
2015-08-19,Elastic_Net,20D,1,-0.0439453161230762,0.005721273776948066,Low
2015-08-20,Elastic_Net,20D,1,-0.0389155866233136,0.005721273776948066,Normal
2015-08-21,Elastic_Net,20D,1,-0.0019909520677624,0.005721273776948066,High
2015-08-24,Elastic_Net,20D,1,0.0258255622593784,0.005721273776948066,High
2015-08-25,Elastic_Net,20D,1,0.0373890677724402,0.005721273776948066,High
2015-08-26,Elastic_Net,20D,1,-0.0042708835333978,0.005721273776948066,High
2015-08-27,Elastic_Net,20D,1,-0.0287440398243084,0.005721273776948066,High
2015-08-28,Elastic_Net,20D,1,-0.0553538021439936,0.005721273776948066,High
2015-08-31,Elastic_Net,20D,1,-0.0456946295670278,0.005721273776948066,High
2015-09-01,Elastic_Net,20D,1,0.0032239188789652,0.005721273776948066,High
2015-09-02,Elastic_Net,20D,1,-0.0129318138659121,0.005721273776948066,High
2015-09-03,Elastic_Net,20D,1,0.0001178634510745,0.005721273776948066,High
2015-09-04,Elastic_Net,20D,1,0.0336907657238529,0.005721273776948066,High
2015-09-08,Elastic_Net,20D,1,0.0053224391826711,0.005721273776948066,High
2015-09-09,Elastic_Net,20D,1,0.0273209948093088,0.005721273776948066,High
2015-09-10,Elastic_Net,20D,1,0.0308366995089315,0.005721273776948066,High
2015-09-11,Elastic_Net,20D,1,0.0270845416244606,0.005721273776948066,High
2015-09-14,Elastic_Net,20D,1,0.0324572473248373,0.005721273776948066,High
2015-09-15,Elastic_Net,20D,1,0.0128587360032778,0.005721273776948066,High
2015-09-16,Elastic_Net,20D,1,-0.0005364356240372,0.005721273776948066,High
2015-09-17,Elastic_Net,20D,1,0.0167714601698779,0.005721273776948066,High
2015-09-18,Elastic_Net,20D,1,0.0376277524979583,0.005721273776948066,High
2015-09-21,Elastic_Net,20D,1,0.0333428694081588,0.005721273776948066,High
2015-09-22,Elastic_Net,20D,1,0.0443156983716433,0.005721273776948066,High
2015-09-23,Elastic_Net,20D,1,0.0405239936901029,0.005721273776948066,High
2015-09-24,Elastic_Net,20D,1,0.0603834925740035,0.005721273776948066,High
2015-09-25,Elastic_Net,20D,1,0.0718193483442668,0.005721273776948066,High
2015-09-28,Elastic_Net,20D,1,0.0959056265059758,0.005721273776948066,High
2015-09-29,Elastic_Net,20D,1,0.0921161467279064,0.005721273776948066,High
2015-09-30,Elastic_Net,20D,1,0.0849907366124848,0.005721273776948066,High
2015-10-01,Elastic_Net,20D,1,0.0825689225534869,0.005721273776948066,High
2015-10-02,Elastic_Net,20D,1,0.0635336478486558,0.005721273776948066,High
2015-10-05,Elastic_Net,20D,1,0.0572129306689683,0.005721273776948066,High
2015-10-06,Elastic_Net,20D,1,0.063531972938179,0.005721273776948066,High
2015-10-07,Elastic_Net,20D,1,0.0519767861409791,0.005721273776948066,High
2015-10-08,Elastic_Net,20D,1,0.0420642162399224,0.005721273776948066,High
2015-10-09,Elastic_Net,20D,1,0.0409916858993833,0.005721273776948066,High
2015-10-12,Elastic_Net,20D,1,0.0298457307655479,0.005721273776948066,High
2015-10-13,Elastic_Net,20D,1,0.0382040096091247,0.005721273776948066,High
2015-10-14,Elastic_Net,20D,1,0.0396981331994949,0.005721273776948066,High
2015-10-15,Elastic_Net,20D,1,0.0108654185115071,0.005721273776948066,High
2015-10-16,Elastic_Net,20D,1,-0.0049652832943452,0.005721273776948066,High
2015-10-19,Elastic_Net,20D,1,0.0095575105560159,0.005721273776948066,High
2015-10-20,Elastic_Net,20D,1,0.0096393345936631,0.005721273776948066,Normal
2015-10-21,Elastic_Net,20D,1,0.0315150133819696,0.005721273776948066,Normal
2015-10-22,Elastic_Net,20D,1,0.0139004260403963,0.005721273776948066,High
2015-10-23,Elastic_Net,20D,1,0.0067334273515029,0.005721273776948066,High
2015-10-26,Elastic_Net,20D,1,0.007412736510919,0.005721273776948066,Normal
2015-10-27,Elastic_Net,20D,1,0.0111913723209673,0.005721273776948066,Normal
2015-10-28,Elastic_Net,20D,1,-0.0007082567821432,0.005721273776948066,Normal
2015-10-29,Elastic_Net,20D,1,0.0003350601579984,0.005721273776948066,Normal
2015-10-30,Elastic_Net,20D,1,0.0005047417068051,0.005721273776948066,Normal
2015-11-02,Elastic_Net,20D,1,-0.0006751956852701,0.005721273776948066,Normal
2015-11-03,Elastic_Net,20D,1,-0.0144561412497865,0.005721273776948066,Normal
2015-11-04,Elastic_Net,20D,1,-0.0253823007542894,0.005721273776948066,Normal
2015-11-05,Elastic_Net,20D,1,-0.0039316546339399,0.005721273776948066,Normal
2015-11-06,Elastic_Net,20D,1,-0.010598016814314,0.005721273776948066,Normal
2015-11-09,Elastic_Net,20D,1,-0.0072377787834061,0.005721273776948066,Normal
2015-11-10,Elastic_Net,20D,1,-0.0165163203025484,0.005721273776948066,Normal
2015-11-11,Elastic_Net,20D,1,-0.0110341564023848,0.005721273776948066,Normal
2015-11-12,Elastic_Net,20D,1,-0.0165588608215675,0.005721273776948066,Normal
2015-11-13,Elastic_Net,20D,1,-0.0005439323253439,0.005721273776948066,Normal
2015-11-16,Elastic_Net,20D,1,-0.0047746550136639,0.005721273776948066,Normal
2015-11-17,Elastic_Net,20D,1,0.0109762576553539,0.005721273776948066,Normal
2015-11-18,Elastic_Net,20D,1,-0.0202117488576946,0.005721273776948066,Normal
2015-11-19,Elastic_Net,20D,1,-0.0370455035358221,0.005721273776948066,Normal
2015-11-20,Elastic_Net,20D,1,-0.0331001520888153,0.005721273776948066,Normal
2015-11-23,Elastic_Net,20D,1,-0.0230864326555622,0.005721273776948066,Normal
2015-11-24,Elastic_Net,20D,1,-0.0119660860729691,0.005721273776948066,Normal
2015-11-25,Elastic_Net,20D,1,-0.0134368608618654,0.005721273776948066,Normal
2015-11-27,Elastic_Net,20D,1,-0.0162112388776523,0.005721273776948066,Normal
2015-11-30,Elastic_Net,20D,1,-0.0009857745650108,0.005721273776948066,Normal
2015-12-01,Elastic_Net,20D,1,-0.0188531122955285,0.005721273776948066,Normal
2015-12-02,Elastic_Net,20D,1,-0.0172530046975476,0.005721273776948066,Normal
2015-12-03,Elastic_Net,20D,1,-0.0181972200512034,0.005721273776948066,Normal
2015-12-04,Elastic_Net,20D,1,-0.0365048722756948,0.005721273776948066,Normal
2015-12-07,Elastic_Net,20D,1,-0.042692991317923,0.005721273776948066,Normal
2015-12-08,Elastic_Net,20D,1,-0.0601677552116733,0.005721273776948066,Normal
2015-12-09,Elastic_Net,20D,1,-0.0632962062918285,0.005721273776948066,Normal
2015-12-10,Elastic_Net,20D,1,-0.0646921545746006,0.005721273776948066,Normal
2015-12-11,Elastic_Net,20D,1,-0.0373057727010106,0.005721273776948066,High
2015-12-14,Elastic_Net,20D,1,-0.0673324358429877,0.005721273776948066,Normal
2015-12-15,Elastic_Net,20D,1,-0.0613369550145181,0.005721273776948066,Normal
2015-12-16,Elastic_Net,20D,1,-0.0975833633634519,0.005721273776948066,High
2015-12-17,Elastic_Net,20D,1,-0.0818969065401467,0.005721273776948066,Normal
2015-12-18,Elastic_Net,20D,1,-0.0757021775589383,0.005721273776948066,High
2015-12-21,Elastic_Net,20D,1,-0.0782684956501463,0.005721273776948066,High
2015-12-22,Elastic_Net,20D,1,-0.0669658643595018,0.005721273776948066,High
2015-12-23,Elastic_Net,20D,1,-0.095069006059877,0.005721273776948066,High
2015-12-24,Elastic_Net,20D,1,-0.0794238528256458,0.005721273776948066,High
2015-12-28,Elastic_Net,20D,1,-0.0881658386698681,0.005721273776948066,High
2015-12-29,Elastic_Net,20D,1,-0.0932261521252997,0.005721273776948066,High
2015-12-30,Elastic_Net,20D,1,-0.0615241023469646,0.005721273776948066,High
2015-12-31,Elastic_Net,20D,1,-0.0525109521510386,0.005721273776948066,High
2016-01-04,Elastic_Net,20D,1,-0.056009879071464,0.005721273776948066,High
2016-01-05,Elastic_Net,20D,1,-0.0530404631892498,0.005721273776948066,High
2016-01-06,Elastic_Net,20D,1,-0.0383127318941003,0.005721273776948066,High
2016-01-07,Elastic_Net,20D,1,-0.0329810736511075,0.005721273776948066,High
2016-01-08,Elastic_Net,20D,1,-0.0363385941283168,0.005721273776948066,High
2016-01-11,Elastic_Net,20D,1,-0.0378553430708996,0.005721273776948066,High
2016-01-12,Elastic_Net,20D,1,-0.0458168253194352,0.005721273776948066,High
2016-01-13,Elastic_Net,20D,1,-0.0329118975707825,0.005721273776948066,High
2016-01-14,Elastic_Net,20D,1,-0.0301399432981203,0.005721273776948066,High
2016-01-15,Elastic_Net,20D,1,0.0080775671417269,0.005721273776948066,High
2016-01-19,Elastic_Net,20D,1,0.0238919975799392,0.005721273776948066,High
2016-01-20,Elastic_Net,20D,1,0.0309781314819031,0.005721273776948066,High
2016-01-21,Elastic_Net,20D,1,0.0257701095641531,0.005721273776948066,High
2016-01-22,Elastic_Net,20D,1,0.0200401137810157,0.005721273776948066,High
2016-01-25,Elastic_Net,20D,1,0.0232690813830488,0.005721273776948066,High
2016-01-26,Elastic_Net,20D,1,0.0136538035873126,0.005721273776948066,High
2016-01-27,Elastic_Net,20D,1,0.0358610926182919,0.005721273776948066,High
2016-01-28,Elastic_Net,20D,1,0.0284758765711358,0.005721273776948066,High
2016-01-29,Elastic_Net,20D,1,-0.0041369055149924,0.005721273776948066,High
2016-02-01,Elastic_Net,20D,1,0.019894814732168,0.005721273776948066,High
2016-02-02,Elastic_Net,20D,1,0.0429017333115012,0.005721273776948066,High
2016-02-03,Elastic_Net,20D,1,0.0414147476102441,0.005721273776948066,High
2016-02-04,Elastic_Net,20D,1,0.0431896191836626,0.005721273776948066,High
2016-02-05,Elastic_Net,20D,1,0.0627284002608782,0.005721273776948066,High
2016-02-08,Elastic_Net,20D,1,0.0656797021279293,0.005721273776948066,High
2016-02-09,Elastic_Net,20D,1,0.0713832155575037,0.005721273776948066,High
2016-02-10,Elastic_Net,20D,1,0.0717279764853873,0.005721273776948066,High
2016-02-11,Elastic_Net,20D,1,0.1003679694034948,0.005721273776948066,High
2016-02-12,Elastic_Net,20D,1,0.0797761855798369,0.005721273776948066,High
2016-02-16,Elastic_Net,20D,1,0.0615558169038342,0.005721273776948066,High
2016-02-17,Elastic_Net,20D,1,0.0507944341599727,0.005721273776948066,High
2016-02-18,Elastic_Net,20D,1,0.0620446493525036,0.005721273776948066,High
2016-02-19,Elastic_Net,20D,1,0.0664666498853316,0.005721273776948066,High
2016-02-22,Elastic_Net,20D,1,0.0531010106905478,0.005721273776948066,High
2016-02-23,Elastic_Net,20D,1,0.0647558153645641,0.005721273776948066,High
2016-02-24,Elastic_Net,20D,1,0.0539193457992649,0.005721273776948066,High
2016-02-25,Elastic_Net,20D,1,0.0422568372894374,0.005721273776948066,High
2016-02-26,Elastic_Net,20D,1,0.0446738095070744,0.005721273776948066,High
2016-02-29,Elastic_Net,20D,1,0.0616059526528835,0.005721273776948066,High
2016-03-01,Elastic_Net,20D,1,0.0423584472448309,0.005721273776948066,High
2016-03-02,Elastic_Net,20D,1,0.0362306550241083,0.005721273776948066,High
2016-03-03,Elastic_Net,20D,1,0.0390489797703912,0.005721273776948066,High
2016-03-04,Elastic_Net,20D,1,0.0325350598585948,0.005721273776948066,High
2016-03-07,Elastic_Net,20D,1,0.0214541386459363,0.005721273776948066,High
2016-03-08,Elastic_Net,20D,1,0.0432106926339557,0.005721273776948066,High
2016-03-09,Elastic_Net,20D,1,0.0261229458811367,0.005721273776948066,High
2016-03-10,Elastic_Net,20D,1,0.0287498556886304,0.005721273776948066,High
2016-03-11,Elastic_Net,20D,1,0.0097437642101751,0.005721273776948066,Normal
2016-03-14,Elastic_Net,20D,1,0.020621286708177,0.005721273776948066,Normal
2016-03-15,Elastic_Net,20D,1,0.0324499874110528,0.005721273776948066,Normal
2016-03-16,Elastic_Net,20D,1,0.0270381719594053,0.005721273776948066,Normal
2016-03-17,Elastic_Net,20D,1,0.0194798193146631,0.005721273776948066,Normal
2016-03-18,Elastic_Net,20D,1,0.021603577677435,0.005721273776948066,Normal
2016-03-21,Elastic_Net,20D,1,0.0236982236760091,0.005721273776948066,Normal
2016-03-22,Elastic_Net,20D,1,0.0253372516220157,0.005721273776948066,Normal
2016-03-23,Elastic_Net,20D,1,0.0265361982953909,0.005721273776948066,Normal
2016-03-24,Elastic_Net,20D,1,0.0269621986543086,0.005721273776948066,Normal
2016-03-28,Elastic_Net,20D,1,0.0246034021454731,0.005721273776948066,Normal
2016-03-29,Elastic_Net,20D,1,0.0176963902654728,0.005721273776948066,Normal
2016-03-30,Elastic_Net,20D,1,0.0150035043836535,0.005721273776948066,Low
2016-03-31,Elastic_Net,20D,1,0.0077717106817125,0.005721273776948066,Low
2016-04-01,Elastic_Net,20D,1,-0.0036151976154444,0.005721273776948066,Low
2016-04-04,Elastic_Net,20D,1,0.0073778891276541,0.005721273776948066,Low
2016-04-05,Elastic_Net,20D,1,0.0088596881510527,0.005721273776948066,Low
2016-04-06,Elastic_Net,20D,1,-0.0075476924864328,0.005721273776948066,Low
2016-04-07,Elastic_Net,20D,1,0.0042613447907777,0.005721273776948066,Normal
2016-04-08,Elastic_Net,20D,1,0.0046482527397141,0.005721273776948066,Normal
2016-04-11,Elastic_Net,20D,1,0.0081450119369279,0.005721273776948066,Low
2016-04-12,Elastic_Net,20D,1,0.010935623291575,0.005721273776948066,Low
2016-04-13,Elastic_Net,20D,1,-0.0086619693548514,0.005721273776948066,Low
2016-04-14,Elastic_Net,20D,1,-0.0090043610529482,0.005721273776948066,Low
2016-04-15,Elastic_Net,20D,1,-0.0165340256385547,0.005721273776948066,Low
2016-04-18,Elastic_Net,20D,1,-0.0133047748627399,0.005721273776948066,Low
2016-04-19,Elastic_Net,20D,1,-0.0258403763177692,0.005721273776948066,Low
2016-04-20,Elastic_Net,20D,1,-0.0263964736806022,0.005721273776948066,Low
2016-04-21,Elastic_Net,20D,1,-0.0249025053460309,0.005721273776948066,Low
2016-04-22,Elastic_Net,20D,1,-0.0189489047027671,0.005721273776948066,Low
2016-04-25,Elastic_Net,20D,1,-0.0192228516501059,0.005721273776948066,Low
2016-04-26,Elastic_Net,20D,1,-0.0075052142903526,0.005721273776948066,Low
2016-04-27,Elastic_Net,20D,1,-0.002202678750516,0.005721273776948066,Low
2016-04-28,Elastic_Net,20D,1,0.0068604912611171,0.005721273776948066,Low
2016-04-29,Elastic_Net,20D,1,0.0162141354311139,0.005721273776948066,Low
2016-05-02,Elastic_Net,20D,1,0.0074287601132798,0.005721273776948066,Low
2016-05-03,Elastic_Net,20D,1,0.0172776581556018,0.005721273776948066,Low
2016-05-04,Elastic_Net,20D,1,0.0260529370280607,0.005721273776948066,Low
2016-05-05,Elastic_Net,20D,1,0.02337591148416,0.005721273776948066,Low
2016-05-06,Elastic_Net,20D,1,0.025091629449971,0.005721273776948066,Low
2016-05-09,Elastic_Net,20D,1,0.0256270317715587,0.005721273776948066,Low
2016-05-10,Elastic_Net,20D,1,0.0165247685074763,0.005721273776948066,Low
2016-05-11,Elastic_Net,20D,1,0.0244130557874512,0.005721273776948066,Low
2016-05-12,Elastic_Net,20D,1,0.0153650026452495,0.005721273776948066,Low
2016-05-13,Elastic_Net,20D,1,0.0157311380172925,0.005721273776948066,Low
2016-05-16,Elastic_Net,20D,1,0.0041816565557078,0.005721273776948066,Low
2016-05-17,Elastic_Net,20D,1,0.0117951110440604,0.005721273776948066,Low
2016-05-18,Elastic_Net,20D,1,0.0147180464687046,0.005721273776948066,Low
2016-05-19,Elastic_Net,20D,1,0.0151683568468163,0.005721273776948066,Low
2016-05-20,Elastic_Net,20D,1,0.0149582804024347,0.005721273776948066,Low
2016-05-23,Elastic_Net,20D,1,0.0197543075747462,0.005721273776948066,Low
2016-05-24,Elastic_Net,20D,1,0.0045127410441802,0.005721273776948066,Normal
2016-05-25,Elastic_Net,20D,1,0.0108377784645518,0.005721273776948066,Normal
2016-05-26,Elastic_Net,20D,1,-0.0255325482911022,0.005721273776948066,Normal
2016-05-27,Elastic_Net,20D,1,-0.0480724897422444,0.005721273776948066,Normal
2016-05-31,Elastic_Net,20D,1,-0.0294525995175666,0.005721273776948066,Normal
2016-06-01,Elastic_Net,20D,1,-0.0136977552002388,0.005721273776948066,Low
2016-06-02,Elastic_Net,20D,1,-0.0030445882177591,0.005721273776948066,Low
2016-06-03,Elastic_Net,20D,1,0.0018181803119677,0.005721273776948066,Low
2016-06-06,Elastic_Net,20D,1,-0.0099381771929945,0.005721273776948066,Low
2016-06-07,Elastic_Net,20D,1,-0.0058881057639159,0.005721273776948066,Low
2016-06-08,Elastic_Net,20D,1,-0.0100641656226037,0.005721273776948066,Low
2016-06-09,Elastic_Net,20D,1,0.0067932565412822,0.005721273776948066,Low
2016-06-10,Elastic_Net,20D,1,0.0194136082634467,0.005721273776948066,Low
2016-06-13,Elastic_Net,20D,1,0.0345467493605018,0.005721273776948066,Low
2016-06-14,Elastic_Net,20D,1,0.0364820131074552,0.005721273776948066,Low
2016-06-15,Elastic_Net,20D,1,0.0435698449729624,0.005721273776948066,Low
2016-06-16,Elastic_Net,20D,1,0.0395123728020458,0.005721273776948066,Low
2016-06-17,Elastic_Net,20D,1,0.0451551187685234,0.005721273776948066,Low
2016-06-20,Elastic_Net,20D,1,0.0379275314896849,0.005721273776948066,Low
2016-06-21,Elastic_Net,20D,1,0.0394803492012393,0.005721273776948066,Low
2016-06-22,Elastic_Net,20D,1,0.0375142083412901,0.005721273776948066,Low
2016-06-23,Elastic_Net,20D,1,0.0287822680588454,0.005721273776948066,Low
2016-06-24,Elastic_Net,20D,1,0.0623470421244983,0.005721273776948066,Normal
2016-06-27,Elastic_Net,20D,1,0.0809320207969203,0.005721273776948066,Normal
2016-06-28,Elastic_Net,20D,1,0.0621186382460239,0.005721273776948066,High
2016-06-29,Elastic_Net,20D,1,0.0468343157228623,0.005721273776948066,High
2016-06-30,Elastic_Net,20D,1,0.034990432691054,0.005721273776948066,High
2016-07-01,Elastic_Net,20D,1,0.0317731322505308,0.005721273776948066,High
2016-07-05,Elastic_Net,20D,1,0.0322622204234618,0.005721273776948066,High
2016-07-06,Elastic_Net,20D,1,0.0300525760812569,0.005721273776948066,High
2016-07-07,Elastic_Net,20D,1,0.031137083267479,0.005721273776948066,High
2016-07-08,Elastic_Net,20D,2,0.0245655939908669,-0.004894163370302017,High
2016-07-11,Elastic_Net,20D,2,0.0202551973873269,-0.005637103616836429,High
2016-07-12,Elastic_Net,20D,2,0.0136600730665374,-0.004120660560928549,High
2016-07-13,Elastic_Net,20D,2,0.0106565173280673,-0.0044560053828754465,High
2016-07-14,Elastic_Net,20D,2,0.0101345096288141,-0.004884401404305796,High
2016-07-15,Elastic_Net,20D,2,0.010267525301771,-0.0038280789178563616,High
2016-07-18,Elastic_Net,20D,2,0.0106770797744241,-0.004267865238228069,High
2016-07-19,Elastic_Net,20D,2,0.0066191420583614,-0.004555717141079851,High
2016-07-20,Elastic_Net,20D,2,0.004224779748753,-0.005552970354478403,High
2016-07-21,Elastic_Net,20D,2,0.0100410513016603,-0.00468312103088967,High
2016-07-22,Elastic_Net,20D,2,0.0040561149433819,-0.004849676730720749,High
2016-07-25,Elastic_Net,20D,2,0.0065086517999886,-0.002124890924043529,Normal
2016-07-26,Elastic_Net,20D,2,0.0081357868176308,-9.873455768379287e-06,Normal
2016-07-27,Elastic_Net,20D,2,0.0040809925047676,0.0007716138501614421,Low
2016-07-28,Elastic_Net,20D,2,0.0011099116600298,0.0011052187101028878,Low
2016-07-29,Elastic_Net,20D,2,-0.0021001326963411,0.0010898431354056546,Low
2016-08-01,Elastic_Net,20D,2,0.0043848898798241,0.0011321104484537294,Low
2016-08-02,Elastic_Net,20D,2,0.0088112392853691,0.001757916063990095,Low
2016-08-03,Elastic_Net,20D,2,0.0033035054637354,0.0015607781332483842,Low
2016-08-04,Elastic_Net,20D,2,0.0030495707748348,0.00110139639564225,Low
2016-08-05,Elastic_Net,20D,2,-0.0013248849155106,-0.0010749199588121258,Low
2016-08-08,Elastic_Net,20D,2,0.0025599347460361,-0.0016819059581300953,Low
2016-08-09,Elastic_Net,20D,2,0.0020238208211868,-0.00026466714596497503,Low
2016-08-10,Elastic_Net,20D,2,0.0026671296922049,0.0001563712188869205,Low
2016-08-11,Elastic_Net,20D,2,-0.0268840278210751,-4.9337301974884326e-05,Low
2016-08-12,Elastic_Net,20D,2,-0.0115172772007267,0.000596892868856857,Low
2016-08-15,Elastic_Net,20D,2,-0.0292480417734594,0.0005569512802846037,Low
2016-08-16,Elastic_Net,20D,2,-0.024341748956794,0.0010338861369428593,Low
2016-08-17,Elastic_Net,20D,2,-0.0161500785135097,0.0013807645486463103,Low
2016-08-18,Elastic_Net,20D,2,-0.0221267080054643,0.0008850915324577274,Low
2016-08-19,Elastic_Net,20D,2,-0.0207040016705207,0.00018544587731172783,Low
2016-08-22,Elastic_Net,20D,2,-0.0198414263029635,0.0011730855710969839,Low
2016-08-23,Elastic_Net,20D,2,-0.0109332931476893,0.003102927207678576,Low
2016-08-24,Elastic_Net,20D,2,0.0007995140296244,0.003442869405055218,Low
2016-08-25,Elastic_Net,20D,2,-0.0035876185334487,0.004763820837095028,Low
2016-08-26,Elastic_Net,20D,2,-0.0106324044126515,0.005069139159882296,Low
2016-08-29,Elastic_Net,20D,2,-0.0094233376760278,0.003240153730163923,Low
2016-08-30,Elastic_Net,20D,2,-0.0021851696652625,0.0032552177680273643,Low
2016-08-31,Elastic_Net,20D,2,-0.0091716062897812,0.0040059956105701015,Low
2016-09-01,Elastic_Net,20D,2,-0.0011938283123421,0.0043843925356726815,Low
2016-09-02,Elastic_Net,20D,2,-0.0086520930929038,0.003023493435770782,Low
2016-09-06,Elastic_Net,20D,2,-0.0165972172492712,0.0018800984550634186,Low
2016-09-07,Elastic_Net,20D,2,-0.0121633350797807,0.0022610152998769205,Low
2016-09-08,Elastic_Net,20D,2,-0.0094564030347059,0.00278900845351709,Low
2016-09-09,Elastic_Net,20D,2,0.0121125519345162,0.0004388500677462645,Low
2016-09-12,Elastic_Net,20D,2,0.0021374950184061,-0.000406684793892614,Normal
2016-09-13,Elastic_Net,20D,2,0.004554665598861,-0.0002544964912782619,Normal
2016-09-14,Elastic_Net,20D,2,0.0062884472050729,0.0025152028117938507,Normal
2016-09-15,Elastic_Net,20D,2,-0.006874145656601,-0.0006435389197069546,Normal
2016-09-16,Elastic_Net,20D,2,-0.0028931337019078,-0.00013266113514351884,Normal
2016-09-19,Elastic_Net,20D,2,-0.0059171485799234,0.000795997050111164,Normal
2016-09-20,Elastic_Net,20D,2,-7.473645845881343e-05,0.0060970853268228695,Normal
2016-09-21,Elastic_Net,20D,2,-0.0087431646367442,0.00321139158642506,Normal
2016-09-22,Elastic_Net,20D,2,-0.0165985876857672,0.0005566633328479157,Normal
2016-09-23,Elastic_Net,20D,2,-0.0109294398662032,-0.0001112982746698573,Normal
2016-09-26,Elastic_Net,20D,2,0.0024340048991402,0.0013817875329895524,Normal
2016-09-27,Elastic_Net,20D,2,-0.0077944477308641,0.001518032381639208,Normal
2016-09-28,Elastic_Net,20D,2,-0.0148189522556939,0.00020905772610698738,Normal
2016-09-29,Elastic_Net,20D,2,-0.0084450204316215,0.001035189068030901,Normal
2016-09-30,Elastic_Net,20D,2,-0.0194945531592741,0.0007302622333850975,Normal
2016-10-03,Elastic_Net,20D,2,-0.0163508138619457,0.0016772944264356257,Normal
2016-10-04,Elastic_Net,20D,2,-0.0181929511843186,0.0022373629811526415,Normal
2016-10-05,Elastic_Net,20D,2,-0.0290273218689698,0.001488854773457165,Normal
2016-10-06,Elastic_Net,20D,2,-0.0339419787441838,0.0016960088298712149,Normal
2016-10-07,Elastic_Net,20D,2,-0.0323507115742625,0.004586383494765799,Normal
2016-10-10,Elastic_Net,20D,2,-0.0149658421621217,0.004821339654225938,Normal
2016-10-11,Elastic_Net,20D,2,0.0013236139327915,0.005455493595373061,Low
2016-10-12,Elastic_Net,20D,2,0.0111938016060487,0.007752028386502156,Low
2016-10-13,Elastic_Net,20D,2,0.0162467237343781,0.009261761007800783,Low
2016-10-14,Elastic_Net,20D,2,0.0146462112274593,0.009823741740959986,Low
2016-10-17,Elastic_Net,20D,2,0.0175733198821164,0.009907147319515138,Low
2016-10-18,Elastic_Net,20D,2,0.0188847692985071,0.009700992425288504,Low
2016-10-19,Elastic_Net,20D,2,0.0151116806207807,0.008047784792304308,Low
2016-10-20,Elastic_Net,20D,2,0.0211538211133594,0.006900621173386184,Low
2016-10-21,Elastic_Net,20D,2,0.0188483148879658,0.005858602035411802,Low
2016-10-24,Elastic_Net,20D,2,0.0215434223114122,0.0054908896883176924,Low
2016-10-25,Elastic_Net,20D,2,0.0275114708797117,0.005693408767730216,Low
2016-10-26,Elastic_Net,20D,2,0.0300610969578077,0.00686074363159977,Low
2016-10-27,Elastic_Net,20D,2,0.0369590384772404,0.0091987265396996,Low
2016-10-28,Elastic_Net,20D,2,0.0348037893621302,0.011124757921440295,Low
2016-10-31,Elastic_Net,20D,2,0.0362604755995908,0.014114178181378695,Low
2016-11-01,Elastic_Net,20D,2,0.0404135641531693,0.015981429981147044,Low
2016-11-02,Elastic_Net,20D,2,0.0434387256398595,0.017827529726414108,Low
2016-11-03,Elastic_Net,20D,2,0.0482688663825537,0.02108565658541618,Low
2016-11-04,Elastic_Net,20D,2,0.0557408135809902,0.024110947249958964,Low
2016-11-07,Elastic_Net,20D,2,0.0371656983203999,0.01279780365568757,Normal
2016-11-08,Elastic_Net,20D,2,0.0464781786679658,0.010073107369495068,Low
2016-11-09,Elastic_Net,20D,2,0.0376190738051806,0.005603444158852635,Low
2016-11-10,Elastic_Net,20D,2,0.0415916466220552,0.002828340489946271,Low
2016-11-11,Elastic_Net,20D,2,0.0418524926792532,0.0026849275885931856,Low
2016-11-14,Elastic_Net,20D,2,0.0484864853376734,0.004908159949727454,Low
2016-11-15,Elastic_Net,20D,2,0.0328832348537253,0.003546131371424245,Low
2016-11-16,Elastic_Net,20D,2,0.0383424590636551,0.0037927895146045026,Low
2016-11-17,Elastic_Net,20D,2,0.0319248329514769,0.00347000347847301,Low
2016-11-18,Elastic_Net,20D,2,0.0362876570322365,0.0027677463554333925,Low
2016-11-21,Elastic_Net,20D,2,0.0324848673625155,0.0010010811707344405,Normal
2016-11-22,Elastic_Net,20D,2,0.0278613905342448,0.0012704265068712783,Normal
2016-11-23,Elastic_Net,20D,2,0.0251889811549393,0.001449535976260733,Low
2016-11-25,Elastic_Net,20D,2,0.0225331680765949,0.0015058047160166413,Low
2016-11-28,Elastic_Net,20D,2,0.0300474062358788,0.0017256786880296255,Normal
2016-11-29,Elastic_Net,20D,2,0.0203213631728453,0.0028301333751652347,Low
2016-11-30,Elastic_Net,20D,2,0.0226849459961333,0.0032592272544975597,Low
2016-12-01,Elastic_Net,20D,2,0.0215588342660429,0.004493135683152942,Low
2016-12-02,Elastic_Net,20D,2,0.0296126732991153,0.005806100711943066,Low
2016-12-05,Elastic_Net,20D,2,0.0295142101429209,0.0049010546450115235,Low
2016-12-06,Elastic_Net,20D,2,0.0253381580715653,0.0038477621036286398,Low
2016-12-07,Elastic_Net,20D,2,0.0157715885074208,0.0018968245244571531,Low
2016-12-08,Elastic_Net,20D,2,0.0100596680189903,0.004259225305769989,Low
2016-12-09,Elastic_Net,20D,2,0.0041382494860205,0.004301975465503103,Low
2016-12-12,Elastic_Net,20D,2,0.0081019741657218,0.0038716885680392873,Low
2016-12-13,Elastic_Net,20D,2,-0.0005636214292446,0.004587579479526222,Low
2016-12-14,Elastic_Net,20D,2,0.0094348054277607,0.0046900750980527275,Low
2016-12-15,Elastic_Net,20D,2,0.0025871832839886,0.004538790518615726,Low
2016-12-16,Elastic_Net,20D,2,0.0061015405047782,0.004212611488742216,Low
2016-12-19,Elastic_Net,20D,2,0.0005125301652477,0.0030751295938363644,Low
2016-12-20,Elastic_Net,20D,2,0.0002422018253947,0.0029274610269476296,Low
2016-12-21,Elastic_Net,20D,2,8.837904002783037e-06,0.003808706987011543,Low
2016-12-22,Elastic_Net,20D,2,0.0084166896553614,0.0038165396668282826,Low
2016-12-23,Elastic_Net,20D,2,0.0151598099162512,0.004251600052954992,Low
2016-12-27,Elastic_Net,20D,2,0.0121783060764394,0.005078974490678601,Low
2016-12-28,Elastic_Net,20D,2,0.0197031072964692,0.005642842115883815,Low
2016-12-29,Elastic_Net,20D,2,0.0139687815322409,0.006735952827433652,Low
2016-12-30,Elastic_Net,20D,2,0.0177263146210628,0.007843562431799955,Low
2017-01-03,Elastic_Net,20D,2,0.0095738668560221,0.005653488984840573,Low
2017-01-04,Elastic_Net,20D,2,0.0044380499241636,0.003114812809429238,Low
2017-01-05,Elastic_Net,20D,2,0.0124475143811984,0.0030140715357569333,Low
2017-01-06,Elastic_Net,20D,2,0.0068191276869103,0.003323881008048719,Low
2017-01-09,Elastic_Net,20D,2,0.0106008366223156,0.003450651120452671,Low
2017-01-10,Elastic_Net,20D,2,0.0112939187709253,0.004320688247454321,Low
2017-01-11,Elastic_Net,20D,2,0.0142043401177834,0.004311058552148037,Low
2017-01-12,Elastic_Net,20D,2,0.0199111593335223,0.0044676109341853275,Low
2017-01-13,Elastic_Net,20D,2,0.0232951615223869,0.0050398288042210115,Low
2017-01-17,Elastic_Net,20D,2,0.030266403174278,0.0053736948390989536,Low
2017-01-18,Elastic_Net,20D,2,0.0334840913702031,0.006500648264861494,Low
2017-01-19,Elastic_Net,20D,2,0.0362354373929721,0.007523760107688718,Low
2017-01-20,Elastic_Net,20D,2,0.0345520026589097,0.006239744350614949,Low
2017-01-23,Elastic_Net,20D,2,0.0432756023250485,0.005238992881174916,Low
2017-01-24,Elastic_Net,20D,2,0.0356496756492821,0.003758301766157917,Low
2017-01-25,Elastic_Net,20D,2,0.0280745218245724,0.0020313434349887695,Low
2017-01-26,Elastic_Net,20D,2,0.0303024269918673,0.0022557619191259618,Low
2017-01-27,Elastic_Net,20D,2,0.0321867317493426,0.0022655188462055546,Low
2017-01-30,Elastic_Net,20D,2,0.0356326991302444,0.0027087131124077105,Low
2017-01-31,Elastic_Net,20D,2,0.0501042118220022,0.004677006600467855,Low
2017-02-01,Elastic_Net,20D,2,0.0439287758617805,0.006573507465064287,Low
2017-02-02,Elastic_Net,20D,2,0.0438623793916245,0.006287265905362074,Low
2017-02-03,Elastic_Net,20D,2,0.033341259773505,0.00542810380285214,Low
2017-02-06,Elastic_Net,20D,2,0.0325412313851243,0.005571307420415466,Low
2017-02-07,Elastic_Net,20D,2,0.0300275999572145,0.006440805639642183,Low
2017-02-08,Elastic_Net,20D,2,0.0301340934213712,0.006351350794258761,Low
2017-02-09,Elastic_Net,20D,2,0.0276613693912696,0.0054886188884089694,Low
2017-02-10,Elastic_Net,20D,2,0.0244682281884301,0.0055360877489958795,Low
2017-02-13,Elastic_Net,20D,2,0.0158513456235278,0.005971613035675832,Low
2017-02-14,Elastic_Net,20D,2,0.0201918975525416,0.006191600880229751,Low
2017-02-15,Elastic_Net,20D,2,0.0135839740876235,0.007470952160671641,Low
2017-02-16,Elastic_Net,20D,2,0.0131332864249421,0.008214625786260017,Low
2017-02-17,Elastic_Net,20D,2,0.0094442210173245,0.007602924512963636,Low
2017-02-21,Elastic_Net,20D,2,-0.0090712235928466,0.007222692575113848,Low
2017-02-22,Elastic_Net,20D,2,-0.0061003345985798,0.007360192085274289,Low
2017-02-23,Elastic_Net,20D,2,-0.007580065714669,0.007982954529489616,Low
2017-02-24,Elastic_Net,20D,2,-0.0099166681606391,0.007738245453720724,Low
2017-02-27,Elastic_Net,20D,2,-0.0119542410142186,0.008230625150761822,Low
2017-02-28,Elastic_Net,20D,2,-0.0021472260693997,0.01057118129933338,Low
2017-03-01,Elastic_Net,20D,2,-0.0146437009492948,0.0072809490294163835,Low
2017-03-02,Elastic_Net,20D,2,-0.0058357730654845,0.0057334654926074185,Low
2017-03-03,Elastic_Net,20D,2,-0.0085971173722863,0.003918541672149758,Low
2017-03-06,Elastic_Net,20D,2,-0.0069579699167338,0.0030391704690373913,Low
2017-03-07,Elastic_Net,20D,2,-0.0034809779399827,0.003986121137862231,Low
2017-03-08,Elastic_Net,20D,2,-0.004253686787441,0.0075642625837730616,Low
2017-03-09,Elastic_Net,20D,2,-0.0031256121064722,0.008518897898626912,Low
2017-03-10,Elastic_Net,20D,2,-0.0072164242752756,0.007979318507139982,Low
2017-03-13,Elastic_Net,20D,2,-0.0068955397586622,0.0072706624416364754,Low
2017-03-14,Elastic_Net,20D,2,-0.0049456990697295,0.00801841210417196,Low
2017-03-15,Elastic_Net,20D,2,-0.0170526156134027,0.006779948073403712,Low
2017-03-16,Elastic_Net,20D,2,-0.0222626011040233,0.005997089391139408,Low
2017-03-17,Elastic_Net,20D,2,-0.0123709561486847,0.005550394003609242,Low
2017-03-20,Elastic_Net,20D,2,-0.0132666429141377,0.0055914388174582745,Low
2017-03-21,Elastic_Net,20D,2,-0.0024988737209041,0.004750666703830939,Low
2017-03-22,Elastic_Net,20D,2,0.0031418737946071,0.006488556323110706,Low
2017-03-23,Elastic_Net,20D,2,0.0011630178323216,0.007206275144238916,Low
2017-03-24,Elastic_Net,20D,2,0.012789106634372,0.007505414284856123,Low
2017-03-27,Elastic_Net,20D,2,0.0198814284319686,0.00674202164001053,Low
2017-03-28,Elastic_Net,20D,2,0.0121702981266575,0.006108514217582405,Low
2017-03-29,Elastic_Net,20D,2,0.0116383289231265,0.0059481777455915145,Low
2017-03-30,Elastic_Net,20D,2,0.0067925385399315,0.006288943450374911,Low
2017-03-31,Elastic_Net,20D,2,0.0107809243050921,0.007214775560062374,Low
2017-04-03,Elastic_Net,20D,2,0.013612743198917,0.00809752002325923,Low
2017-04-04,Elastic_Net,20D,2,0.0117812077284283,0.008409580937575314,Low
2017-04-05,Elastic_Net,20D,2,0.0154226778278199,0.009000751079320204,Low
2017-04-06,Elastic_Net,20D,2,0.0175753869415633,0.009545487725917998,Low
2017-04-07,Elastic_Net,20D,2,0.0184403046764161,0.009656717142695573,Low
2017-04-10,Elastic_Net,20D,2,0.0167270799838398,0.011270510291819278,Low
2017-04-11,Elastic_Net,20D,2,0.0192919509932476,0.013472502387272111,Low
2017-04-12,Elastic_Net,20D,2,0.0208938370381279,0.015397866771361575,Low
2017-04-13,Elastic_Net,20D,2,0.0262523219871379,0.015655920226481712,Low
2017-04-17,Elastic_Net,20D,2,0.0224409985990458,0.01200965297429112,Low
2017-04-18,Elastic_Net,20D,2,0.0246614684078932,0.010708317592445303,Low
2017-04-19,Elastic_Net,20D,2,0.0080338256336465,0.01174889705856887,Low
2017-04-20,Elastic_Net,20D,2,0.0041850138978888,0.010367745028367622,Low
2017-04-21,Elastic_Net,20D,2,0.0139694052132046,0.011022806872613398,Low
2017-04-24,Elastic_Net,20D,2,0.0083345319211012,0.006781833613137486,Low
2017-04-25,Elastic_Net,20D,2,0.0040985028817307,0.002754698400256819,Low
2017-04-26,Elastic_Net,20D,2,0.0070703581619944,0.003323436671629577,Low
2017-04-27,Elastic_Net,20D,2,0.0109497032036732,0.003063098467569639,Low
2017-04-28,Elastic_Net,20D,2,0.0131751844604657,0.003245211393497105,Low
2017-05-01,Elastic_Net,20D,2,0.0102390419040379,0.0041727602242101446,Low
2017-05-02,Elastic_Net,20D,2,0.0085906236982751,0.004892448231146588,Low
2017-05-03,Elastic_Net,20D,2,0.0174053886789501,0.005380165927696569,Low
2017-05-04,Elastic_Net,20D,2,0.0205243300091266,0.005381522461494577,Low
2017-05-05,Elastic_Net,20D,2,0.0152255634612194,0.004853003098850099,Low
2017-05-08,Elastic_Net,20D,2,0.0124052095231075,0.004467957574701661,Low
2017-05-09,Elastic_Net,20D,2,0.0149980128762481,0.0037789888598821503,Low
2017-05-10,Elastic_Net,20D,2,0.0141352191944633,0.0042967717876209125,Low
2017-05-11,Elastic_Net,20D,2,0.0154700367023827,0.004803687987422999,Low
2017-05-12,Elastic_Net,20D,2,0.0159703295634589,0.005977990731195476,Low
2017-05-15,Elastic_Net,20D,2,0.0157065461036737,0.004815935873049593,Low
2017-05-16,Elastic_Net,20D,2,0.0153973521753423,0.005398975358166037,Low
2017-05-17,Elastic_Net,20D,2,0.0315007105496168,0.004994429313962616,Low
2017-05-18,Elastic_Net,20D,2,0.0281042710724604,0.0083422990224222,Low
2017-05-19,Elastic_Net,20D,2,0.029672151071154,0.004334357058572392,Low
2017-05-22,Elastic_Net,20D,2,0.017806127328214,0.0007155511037574497,Low
2017-05-23,Elastic_Net,20D,2,0.0153871279625619,-0.0005233605285143491,Low
2017-05-24,Elastic_Net,20D,2,0.0124452081855474,0.0031587585245669504,Low
2017-05-25,Elastic_Net,20D,2,0.0095727946989782,0.002826748950724577,Low
2017-05-26,Elastic_Net,20D,2,0.0095780448534083,0.0029036729486247386,Low
2017-05-30,Elastic_Net,20D,2,0.0026778090072692,0.0030883351972186843,Low
2017-05-31,Elastic_Net,20D,2,0.0119073852737716,0.003753054065791194,Low
2017-06-01,Elastic_Net,20D,2,-0.004272427155217,0.001958541636002312,Low
2017-06-02,Elastic_Net,20D,2,-0.0064412441623894,0.0014579381931156144,Low
2017-06-05,Elastic_Net,20D,2,-0.0029146690428132,0.0016476588784428087,Low
2017-06-06,Elastic_Net,20D,2,0.0013204636596794,0.002091942201130154,Low
2017-06-07,Elastic_Net,20D,2,-0.0096595524435342,0.0024545194133803643,Low
2017-06-08,Elastic_Net,20D,2,-0.0035440089095833,0.003128028501789248,Low
2017-06-09,Elastic_Net,20D,2,-0.0017863389398834,0.00417027341263534,Low
2017-06-12,Elastic_Net,20D,2,-0.0015900835262475,0.005301014657100804,Low
2017-06-13,Elastic_Net,20D,2,0.0011876085783438,0.004715924835964689,Low
2017-06-14,Elastic_Net,20D,2,0.0040567650171345,0.0039999025147250625,Low
2017-06-15,Elastic_Net,20D,2,0.0109614909839841,0.006075344068643581,Low
2017-06-16,Elastic_Net,20D,2,0.0106249775972177,0.0060014287806535805,Low
2017-06-19,Elastic_Net,20D,2,0.0029100730884346,0.004047172288835271,Low
2017-06-20,Elastic_Net,20D,2,0.0149874917514198,0.003881029823195586,Low
2017-06-21,Elastic_Net,20D,2,0.0154166348560844,0.004088750578122589,Low
2017-06-22,Elastic_Net,20D,2,0.0155045814993135,0.003913705233268872,Low
2017-06-23,Elastic_Net,20D,2,0.0128805819484959,0.0030686166489558605,Low
2017-06-26,Elastic_Net,20D,2,0.0154837375286614,0.0038892016709738426,Low
2017-06-27,Elastic_Net,20D,2,0.0238719481104537,0.004168244492012661,Low
2017-06-28,Elastic_Net,20D,2,0.0141292848265089,0.002235728794867749,Low
2017-06-29,Elastic_Net,20D,2,0.0214244859925343,0.001977985744054351,Low
2017-06-30,Elastic_Net,20D,2,0.0191640175471008,0.002972106492512671,Low
2017-07-03,Elastic_Net,20D,2,0.0193019703428917,0.00258584037687704,Low
2017-07-05,Elastic_Net,20D,2,0.0183422737139506,0.003064382210433411,Low
2017-07-06,Elastic_Net,20D,2,0.0255692191858709,0.004116761167179095,Low
2017-07-07,Elastic_Net,20D,2,0.0210738280337947,0.003750311691911672,Low
2017-07-10,Elastic_Net,20D,2,0.0217923365745625,0.002494557859180877,Low
2017-07-11,Elastic_Net,20D,2,0.0201579714102593,0.0025335703398382007,Low
2017-07-12,Elastic_Net,20D,2,0.0125152456697256,0.0010245160185421032,Low
2017-07-13,Elastic_Net,20D,2,-0.003937802204489,0.0019306907778784662,Low
2017-07-14,Elastic_Net,20D,2,-0.007325661246511,0.0011628788361210734,Low
2017-07-17,Elastic_Net,20D,2,0.0027209042362451,0.001291467980789364,Low
2017-07-18,Elastic_Net,20D,2,0.0016242932112507,0.0019367986468498072,Low
2017-07-19,Elastic_Net,20D,2,-0.0023148694814704,0.00259272458045606,Low
2017-07-20,Elastic_Net,20D,2,-0.0177185408800548,0.0024909261335804515,Low
2017-07-21,Elastic_Net,20D,2,-0.0191876552121979,0.002077879101160488,Low
2017-07-24,Elastic_Net,20D,2,-0.0169613785022229,0.0019362670170206195,Low
2017-07-25,Elastic_Net,20D,2,-0.0099885907614958,0.0018919457077948587,Low
2017-07-26,Elastic_Net,20D,2,-0.0137307849002542,0.003078907253201565,Low
2017-07-27,Elastic_Net,20D,2,-0.0148342400099989,0.0039053998604506373,Low
2017-07-28,Elastic_Net,20D,2,-0.0118207526629454,0.004739489623928109,Low
2017-07-31,Elastic_Net,20D,2,-0.0106053883550895,0.005060974619986445,Low
2017-08-01,Elastic_Net,20D,2,-0.0122090423680181,0.004914040803203949,Low
2017-08-02,Elastic_Net,20D,2,-0.0080970379873045,0.004935318862767164,Low
2017-08-03,Elastic_Net,20D,2,-0.0002063225676454,0.005686085343864627,Low
2017-08-04,Elastic_Net,20D,2,-0.0001130659428496,0.005488807092728223,Low
2017-08-07,Elastic_Net,20D,3,-0.0093383691392749,0.005300696212972287,Low
2017-08-08,Elastic_Net,20D,3,-0.0037971744157455,0.006080539296913554,Low
2017-08-09,Elastic_Net,20D,3,-0.0036119516678868,0.007350101997624248,Low
2017-08-10,Elastic_Net,20D,3,0.0094783065893968,0.008166754629427408,Low
2017-08-11,Elastic_Net,20D,3,0.0189845246585567,0.01354710010639243,Low
2017-08-14,Elastic_Net,20D,3,0.0123491760073906,0.008108380719866169,Low
2017-08-15,Elastic_Net,20D,3,0.0136049425823564,0.004997357440001549,Low
2017-08-16,Elastic_Net,20D,3,0.0110845232081963,0.004473102254031128,Low
2017-08-17,Elastic_Net,20D,3,0.028487343241547,0.006421291362040466,Low
2017-08-18,Elastic_Net,20D,3,0.0317792588320284,0.00859225762262306,Low
2017-08-21,Elastic_Net,20D,3,0.0317268627341936,0.0074019508660536715,Low
2017-08-22,Elastic_Net,20D,3,0.022469314175878,0.0025983128060397794,Low
2017-08-23,Elastic_Net,20D,3,0.022878318361602,0.0018716287067403227,Low
2017-08-24,Elastic_Net,20D,3,0.0256025191039075,0.004998197315356379,Low
2017-08-25,Elastic_Net,20D,3,0.0217065247351162,0.004242767916088821,Low
2017-08-28,Elastic_Net,20D,3,0.0212917353877149,0.0033667807013161373,Low
2017-08-29,Elastic_Net,20D,3,0.024526091027693,0.005111894712036443,Low
2017-08-30,Elastic_Net,20D,3,0.02112544986857,0.0049040499443762245,Low
2017-08-31,Elastic_Net,20D,3,0.0191190393523553,0.003784332679593873,Low
2017-09-01,Elastic_Net,20D,3,0.0210049801397325,0.0028522971802632004,Low
2017-09-05,Elastic_Net,20D,3,0.0307409498765382,0.0026251958480536094,Low
2017-09-06,Elastic_Net,20D,3,0.0288630510445079,0.003909618501396773,Low
2017-09-07,Elastic_Net,20D,3,0.0346724071206541,0.0035100105247334364,Low
2017-09-08,Elastic_Net,20D,3,0.0350881560988721,0.004983607364563731,Low
2017-09-11,Elastic_Net,20D,3,0.0225011170337114,0.002073305950209632,Low
2017-09-12,Elastic_Net,20D,3,0.0214625340693062,0.0019089776006696603,Low
2017-09-13,Elastic_Net,20D,3,0.0225075827508873,0.0018208293392151563,Low
2017-09-14,Elastic_Net,20D,3,0.0219207294813639,0.0017968924269216287,Low
2017-09-15,Elastic_Net,20D,3,0.0209529739400508,0.0025888086451994643,Low
2017-09-18,Elastic_Net,20D,3,0.021247334543227,0.004031993964596874,Low
2017-09-19,Elastic_Net,20D,3,0.0208101078319297,0.004326852038685146,Low
2017-09-20,Elastic_Net,20D,3,0.0209180206409498,0.00420665543654552,Low
2017-09-21,Elastic_Net,20D,3,0.0242965307028752,0.003597332249557029,Low
2017-09-22,Elastic_Net,20D,3,0.0287527428927385,0.003558637814107413,Low
2017-09-25,Elastic_Net,20D,3,0.0269968702795951,0.004328546896569404,Low
2017-09-26,Elastic_Net,20D,3,0.0285413070282584,0.00505405130125384,Low
2017-09-27,Elastic_Net,20D,3,0.0197905289390104,0.003951691304596875,Low
2017-09-28,Elastic_Net,20D,3,0.0198567775606747,0.003620078458479701,Low
2017-09-29,Elastic_Net,20D,3,0.0241991244719031,0.003380682336746983,Low
2017-10-02,Elastic_Net,20D,3,0.0171350282654499,0.0038044654602490575,Low
2017-10-03,Elastic_Net,20D,3,0.0159225300174684,0.00457993751827356,Low
2017-10-04,Elastic_Net,20D,3,0.0162674304642586,0.004746176963989807,Low
2017-10-05,Elastic_Net,20D,3,0.0108264742026328,0.0041438065266132945,Low
2017-10-06,Elastic_Net,20D,3,0.014992974694187,0.003820332064883622,Low
2017-10-09,Elastic_Net,20D,3,0.0180694824469768,0.005274089196254364,Low
2017-10-10,Elastic_Net,20D,3,0.0155606420114168,0.005611439877526815,Low
2017-10-11,Elastic_Net,20D,3,0.0152013730138137,0.0050626171246689715,Low
2017-10-12,Elastic_Net,20D,3,0.013120568794795,0.005583459640413858,Low
2017-10-13,Elastic_Net,20D,3,0.011344799813895,0.005407975149232307,Low
2017-10-16,Elastic_Net,20D,3,0.0105787281928825,0.005478016527103862,Low
2017-10-17,Elastic_Net,20D,3,0.0075940947271664,0.006255352264737534,Low
2017-10-18,Elastic_Net,20D,3,0.0013110364737133,0.00661162223204808,Low
2017-10-19,Elastic_Net,20D,3,0.0091457451416753,0.00670576937262875,Low
2017-10-20,Elastic_Net,20D,3,0.0014125319777474,0.00570103645873985,Low
2017-10-23,Elastic_Net,20D,3,0.0066677971795348,0.006143687114816098,Low
2017-10-24,Elastic_Net,20D,3,0.0115710351847293,0.007111058319210365,Low
2017-10-25,Elastic_Net,20D,3,0.0154944481686596,0.006715514756455868,Low
2017-10-26,Elastic_Net,20D,3,0.0162782931962895,0.00664018317225821,Low
2017-10-27,Elastic_Net,20D,3,0.0078533516297591,0.004220121262557548,Low
2017-10-30,Elastic_Net,20D,3,0.0208512612032935,0.003567850254392528,Low
2017-10-31,Elastic_Net,20D,3,0.0195379543838234,0.0039367779258056524,Low
2017-11-01,Elastic_Net,20D,3,0.0261046969387306,0.0042200661454020695,Low
2017-11-02,Elastic_Net,20D,3,0.0238881662332583,0.003983205171854264,Low
2017-11-03,Elastic_Net,20D,3,0.0197431663576575,0.0046968170526360525,Low
2017-11-06,Elastic_Net,20D,3,0.0147263319469258,0.004912692119782768,Low
2017-11-07,Elastic_Net,20D,3,0.0148013405814775,0.005914730797233513,Low
2017-11-08,Elastic_Net,20D,3,0.0162867936595262,0.006200432593655157,Low
2017-11-09,Elastic_Net,20D,3,0.0255469770344146,0.0059535347937401785,Low
2017-11-10,Elastic_Net,20D,3,0.0296418661321643,0.008795589833116063,Low
2017-11-13,Elastic_Net,20D,3,0.0302064389429607,0.009759289390085779,Low
2017-11-14,Elastic_Net,20D,3,0.0320456505330924,0.01000695163797433,Low
2017-11-15,Elastic_Net,20D,3,0.0335074815444534,0.011449522572605623,Low
2017-11-16,Elastic_Net,20D,3,0.0342791421716238,0.009628930336044169,Low
2017-11-17,Elastic_Net,20D,3,0.0422570377301188,0.0081553057502425,Low
2017-11-20,Elastic_Net,20D,3,0.0377466697982101,0.007063045363555375,Low
2017-11-21,Elastic_Net,20D,3,0.030398594844885,0.004707472842521716,Low
2017-11-22,Elastic_Net,20D,3,0.0331328245608727,0.004901564482532196,Low
2017-11-24,Elastic_Net,20D,3,0.0306205686445271,0.005488007583151936,Low
2017-11-27,Elastic_Net,20D,3,0.0299459245312717,0.006110688422972583,Low
2017-11-28,Elastic_Net,20D,3,0.0209362206447204,0.004546871901993468,Low
2017-11-29,Elastic_Net,20D,3,0.0231378335304307,0.0061235343131280295,Low
2017-11-30,Elastic_Net,20D,3,0.0097836145748712,0.006502452168403819,Low
2017-12-01,Elastic_Net,20D,3,0.0200792757290746,0.007072185913969867,Low
2017-12-04,Elastic_Net,20D,3,0.0275104195222974,0.007644940997870044,Low
2017-12-05,Elastic_Net,20D,3,0.0352773529035796,0.008224922296125193,Low
2017-12-06,Elastic_Net,20D,3,0.0424006109626952,0.007374122793731464,Low
2017-12-07,Elastic_Net,20D,3,0.0411335077198828,0.007319150113411879,Low
2017-12-08,Elastic_Net,20D,3,0.0369443892016631,0.005332317324073542,Low
2017-12-11,Elastic_Net,20D,3,0.0326347012684465,0.00448770650884312,Low
2017-12-12,Elastic_Net,20D,3,0.0380960033152389,0.005693165190204118,Low
2017-12-13,Elastic_Net,20D,3,0.0452959986844834,0.006623763101062314,Low
2017-12-14,Elastic_Net,20D,3,0.0458444531536434,0.006496711464276752,Low
2017-12-15,Elastic_Net,20D,3,0.0462811459500027,0.0044342260866855185,Low
2017-12-18,Elastic_Net,20D,3,0.0393149698729314,0.0034891798035456057,Low
2017-12-19,Elastic_Net,20D,3,0.04692611590304,0.003853751329152893,Low
2017-12-20,Elastic_Net,20D,3,0.0557887163588261,0.004040121806693752,Low
2017-12-21,Elastic_Net,20D,3,0.05597703431439,0.003971632059768188,Low
2017-12-22,Elastic_Net,20D,3,0.0558751734052716,0.005005135543414484,Low
2017-12-26,Elastic_Net,20D,3,0.0575365885041631,0.006337247695656275,Low
2017-12-27,Elastic_Net,20D,3,0.0685175983000053,0.007509248515749613,Low
2017-12-28,Elastic_Net,20D,3,0.0599305430122226,0.0074313409221188915,Low
2017-12-29,Elastic_Net,20D,3,0.0541685324996338,0.007329937620474004,Low
2018-01-02,Elastic_Net,20D,3,0.0463883201399304,0.005057778399584308,Low
2018-01-03,Elastic_Net,20D,3,0.039361588543971,0.0027772568750048608,Low
2018-01-04,Elastic_Net,20D,3,0.0139043651719451,0.0025378110210453543,Low
2018-01-05,Elastic_Net,20D,3,-0.0349473216550215,0.002189803149310787,Low
2018-01-08,Elastic_Net,20D,3,-0.0193177120733813,0.004115233146227115,Low
2018-01-09,Elastic_Net,20D,3,-0.0256339338144322,0.005088123160026414,Low
2018-01-10,Elastic_Net,20D,3,-0.0627801402487133,0.005064824843284448,Low
2018-01-11,Elastic_Net,20D,3,-0.0549635208180707,0.004117418077936255,Low
2018-01-12,Elastic_Net,20D,3,-0.0478717815389788,0.004319048401958125,Low
2018-01-16,Elastic_Net,20D,3,-0.0417315462970986,0.005956389510522301,Low
2018-01-17,Elastic_Net,20D,3,-0.0377891126947037,0.006267886341344077,Low
2018-01-18,Elastic_Net,20D,3,-0.0241745534204547,0.007086388887227059,Low
2018-01-19,Elastic_Net,20D,3,-0.0281768017575231,0.00668696520614652,Low
2018-01-22,Elastic_Net,20D,3,-0.0420696832465737,0.004904187324538022,Low
2018-01-23,Elastic_Net,20D,3,-0.0497533526981069,0.005912872127501338,Low
2018-01-24,Elastic_Net,20D,3,-0.0482201426652969,0.006805103782436745,Low
2018-01-25,Elastic_Net,20D,3,-0.0329213038190088,0.007738734674792183,Low
2018-01-26,Elastic_Net,20D,3,-0.0330045033044656,0.005342988978301793,Low
2018-01-29,Elastic_Net,20D,3,-0.0390380784610701,0.006615250341207023,Low
2018-01-30,Elastic_Net,20D,3,-0.0392372417393891,0.008266808891306859,Low
2018-01-31,Elastic_Net,20D,3,-0.0531400734529603,0.008093800114290457,Low
2018-02-01,Elastic_Net,20D,3,-0.0474329896157383,0.0065205743718884,Low
2018-02-02,Elastic_Net,20D,3,-0.015024691488513,0.007798095246593919,Normal
2018-02-05,Elastic_Net,20D,3,0.0294532323818651,0.01913365463348931,High
2018-02-06,Elastic_Net,20D,3,0.0116786672072114,0.026105102030230372,High
2018-02-07,Elastic_Net,20D,3,0.0211459536398489,0.01829251853713868,High
2018-02-08,Elastic_Net,20D,3,0.0766345526268581,0.017509559728939132,High
2018-02-09,Elastic_Net,20D,3,0.0605341100893354,0.014628914273529787,High
2018-02-12,Elastic_Net,20D,3,0.0403315339968343,0.0091642911118716,High
2018-02-13,Elastic_Net,20D,3,0.0319810421913682,0.006115703304989452,High
2018-02-14,Elastic_Net,20D,3,0.0178853659833746,-0.0011065040396195068,High
2018-02-15,Elastic_Net,20D,3,0.0075905021538308,0.0028898374010882656,High
2018-02-16,Elastic_Net,20D,3,-0.0070889380374641,0.002493779818558553,High
2018-02-20,Elastic_Net,20D,3,0.0002502877310922,0.003146783985484642,High
2018-02-21,Elastic_Net,20D,3,0.0039162600887736,0.003257910731381159,High
2018-02-22,Elastic_Net,20D,3,-0.0225417043696586,0.002386977297285692,High
2018-02-23,Elastic_Net,20D,3,-0.0596327899265303,-0.0030980560613125107,High
2018-02-26,Elastic_Net,20D,3,-0.0445261878411224,-0.0065279370772157504,High
2018-02-27,Elastic_Net,20D,3,-0.0491651620449768,-0.005134371751400602,High
2018-02-28,Elastic_Net,20D,3,-0.0409282748607833,-0.0017792008376861955,High
2018-03-01,Elastic_Net,20D,3,-0.0138385315120634,0.000627061711962619,High
2018-03-02,Elastic_Net,20D,3,-0.0414879993407579,0.0009468407209394063,High
2018-03-05,Elastic_Net,20D,3,-0.0399236556355433,-0.002562950024137013,High
2018-03-06,Elastic_Net,20D,3,-0.0310589362210933,-0.0006166069076317627,High
2018-03-07,Elastic_Net,20D,3,-0.0237355229937258,-0.0007977396412312534,High
2018-03-08,Elastic_Net,20D,3,-0.0503527382596754,0.000408125703525556,High
2018-03-09,Elastic_Net,20D,3,-0.0642512900332901,-0.002869054354994892,Normal
2018-03-12,Elastic_Net,20D,3,-0.0463878936989777,-0.0031909788300441243,Normal
2018-03-13,Elastic_Net,20D,3,-0.0455446690571241,-0.002083103413462359,Normal
2018-03-14,Elastic_Net,20D,3,-0.0315868005342784,-0.001293508173829761,Normal
2018-03-15,Elastic_Net,20D,3,-0.0336953639618884,-0.0009607188645005911,Normal
2018-03-16,Elastic_Net,20D,3,-0.0273210251075571,0.0011164939750033017,Normal
2018-03-19,Elastic_Net,20D,3,-0.0024099129523171,0.0015866078645866612,Normal
2018-03-20,Elastic_Net,20D,3,-0.0030596012064829,0.0033907676979886723,Normal
2018-03-21,Elastic_Net,20D,3,-0.0069564908766861,0.0024360137076738534,Normal
2018-03-22,Elastic_Net,20D,3,0.0099552189078154,0.003033526623058066,High
2018-03-23,Elastic_Net,20D,3,0.0312012563307508,0.009529272820831115,High
2018-03-26,Elastic_Net,20D,3,-0.0090646723817597,-0.0008814333117180741,High
2018-03-27,Elastic_Net,20D,3,0.0101979874963856,-0.002581816792653331,High
2018-03-28,Elastic_Net,20D,3,0.0234990505832253,-0.001392865631208746,High
2018-03-29,Elastic_Net,20D,3,0.0109362783607458,-0.003923709913396134,High
2018-04-02,Elastic_Net,20D,3,0.0253057681553204,-0.003492682791822476,High
2018-04-03,Elastic_Net,20D,3,0.0153156090106067,-0.001338769795334106,High
2018-04-04,Elastic_Net,20D,3,-0.0034164445372424,-0.0051957601688946975,High
2018-04-05,Elastic_Net,20D,3,-0.0125120835239576,-0.00625717360036062,High
2018-04-06,Elastic_Net,20D,3,0.0223817935614422,-0.006785251215950229,High
2018-04-09,Elastic_Net,20D,3,0.0225027791488394,-0.002178067200927355,High
2018-04-10,Elastic_Net,20D,3,0.0056485035407914,-0.00451760514210499,High
2018-04-11,Elastic_Net,20D,3,0.0208248372481214,-0.005424929002700312,High
2018-04-12,Elastic_Net,20D,3,0.021934950154313,-0.0076835623568263355,High
2018-04-13,Elastic_Net,20D,3,0.0265318892519808,-0.006569918578499173,High
2018-04-16,Elastic_Net,20D,3,0.0193386519605443,-0.009192944273699117,High
2018-04-17,Elastic_Net,20D,3,0.001867925302687,-0.010376990075751843,High
2018-04-18,Elastic_Net,20D,3,0.0050892447426481,-0.010158376320007547,High
2018-04-19,Elastic_Net,20D,3,0.0099755877498706,-0.010123882693306054,High
2018-04-20,Elastic_Net,20D,3,0.0159130996836729,-0.008781682269927581,High
2018-04-23,Elastic_Net,20D,3,0.0232164741204219,-0.007435111886650745,High
2018-04-24,Elastic_Net,20D,3,0.0335466735340219,-0.004530023774335127,High
2018-04-25,Elastic_Net,20D,3,0.0349544445080969,-0.0034984227521494254,High
2018-04-26,Elastic_Net,20D,3,0.0225490373629974,-0.007100132850316543,High
2018-04-27,Elastic_Net,20D,3,0.0190760290374474,-0.00856614513579555,High
2018-04-30,Elastic_Net,20D,3,0.0156656490745765,-0.008154017789339772,Normal
2018-05-01,Elastic_Net,20D,3,0.0257357222554729,-0.006715484635638437,Normal
2018-05-02,Elastic_Net,20D,3,0.0260643402134411,-0.004737970015519542,Normal
2018-05-03,Elastic_Net,20D,3,0.0391113575077448,-0.002682727070958504,Normal
2018-05-04,Elastic_Net,20D,3,0.0308511423777621,-0.005970590079561328,Normal
2018-05-07,Elastic_Net,20D,3,0.0281015080923478,-0.003700667851863631,Normal
2018-05-08,Elastic_Net,20D,3,0.0368980853413935,-0.003234986338889521,Normal
2018-05-09,Elastic_Net,20D,3,0.0265479937845404,-0.004063536221733112,Normal
2018-05-10,Elastic_Net,20D,3,0.0203420110884432,-0.005043885030930787,Normal
2018-05-11,Elastic_Net,20D,3,0.0197040088244222,-0.004832562123170252,Normal
2018-05-14,Elastic_Net,20D,3,0.0205627765929996,-0.004851275492777897,Normal
2018-05-15,Elastic_Net,20D,3,0.023394177095579,-0.004187080137321648,Normal
2018-05-16,Elastic_Net,20D,3,0.0218103377705682,-0.00329669936675207,Normal
2018-05-17,Elastic_Net,20D,3,0.0216489562436842,-0.003258303322973881,Normal
2018-05-18,Elastic_Net,20D,3,0.022156230317348,-0.0029623307928667453,Normal
2018-05-21,Elastic_Net,20D,3,0.0107651078180232,-0.003928188296000806,Normal
2018-05-22,Elastic_Net,20D,3,0.0156164866350109,-0.0026652426598142483,Low
2018-05-23,Elastic_Net,20D,3,0.0060076125848917,-0.003393977670238109,Low
2018-05-24,Elastic_Net,20D,3,0.0098930787977484,-0.0034844174849979377,Low
2018-05-25,Elastic_Net,20D,3,-0.0015666411158363,-0.0026690020675579906,Low
2018-05-29,Elastic_Net,20D,3,0.0122670819016528,0.0009217605366246412,Low
2018-05-30,Elastic_Net,20D,3,-0.0089903797634122,1.3901721559231826e-05,Normal
2018-05-31,Elastic_Net,20D,3,0.0040726334990533,-0.001194705884476433,Normal
2018-06-01,Elastic_Net,20D,3,-0.0059600503226695,-0.004232720543589939,Normal
2018-06-04,Elastic_Net,20D,3,-0.0073663843867284,-0.006499009908240063,Low
2018-06-05,Elastic_Net,20D,3,-0.0130283599368378,-0.005459726219212736,Low
2018-06-06,Elastic_Net,20D,3,-0.0129754038286118,-0.006498976821268591,Normal
2018-06-07,Elastic_Net,20D,3,-0.0038154426060472,-0.005140117251726521,Low
2018-06-08,Elastic_Net,20D,3,0.001847819271543,-0.003991711851941153,Low
2018-06-11,Elastic_Net,20D,3,0.0042469315834245,-0.0036074429469400496,Low
2018-06-12,Elastic_Net,20D,3,-0.0046144220671957,-0.003372671714162105,Low
2018-06-13,Elastic_Net,20D,3,0.0081308240543877,-0.0017804530918984719,Low
2018-06-14,Elastic_Net,20D,3,0.0067409790684926,-0.002156868052419377,Low
2018-06-15,Elastic_Net,20D,3,0.0067299347630881,-0.003045917168178652,Low
2018-06-18,Elastic_Net,20D,3,0.0128241502874182,-0.0019440700997529871,Low
2018-06-19,Elastic_Net,20D,3,0.0190138503155469,9.365569011165423e-05,Low
2018-06-20,Elastic_Net,20D,3,0.0133423332423849,0.002128978668911397,Low
2018-06-21,Elastic_Net,20D,3,0.0187591643143309,0.003725307797667959,Low
2018-06-22,Elastic_Net,20D,3,0.0187353234024283,0.004353209036615748,Low
2018-06-25,Elastic_Net,20D,3,0.0373245652562525,0.004871079665487405,Normal
2018-06-26,Elastic_Net,20D,3,0.0441828498209282,0.007921382108155885,Low
2018-06-27,Elastic_Net,20D,3,0.049787533385202,0.00912031672760984,Low
2018-06-28,Elastic_Net,20D,3,0.0370440187213252,0.008847043528413619,Low
2018-06-29,Elastic_Net,20D,3,0.0305151135182212,0.007956739447785181,Low
2018-07-02,Elastic_Net,20D,3,0.0323246899032308,0.008843902362975962,Low
2018-07-03,Elastic_Net,20D,3,0.0362434261161934,0.009185204845578302,Low
2018-07-05,Elastic_Net,20D,3,0.0325739189528643,0.00899772488301146,Low
2018-07-06,Elastic_Net,20D,3,0.0287618334176322,0.005675045334434594,Low
2018-07-09,Elastic_Net,20D,3,0.0235095252830925,0.0033172360659313956,Low
2018-07-10,Elastic_Net,20D,3,0.0228624777107563,0.002643668791761657,Low
2018-07-11,Elastic_Net,20D,3,0.0297195496893777,0.003010419436698359,Low
2018-07-12,Elastic_Net,20D,3,0.0195658434321655,0.002703562302958075,Low
2018-07-13,Elastic_Net,20D,3,0.0113478756323125,0.0015996390389864433,Low
2018-07-16,Elastic_Net,20D,3,0.0083625025872308,0.0023411827313001643,Low
2018-07-17,Elastic_Net,20D,3,0.0107656082602048,0.0021540615883974467,Low
2018-07-18,Elastic_Net,20D,3,0.0009762176020885,0.002957269510079006,Low
2018-07-19,Elastic_Net,20D,3,0.0128252590037763,0.0045907456542496825,Low
2018-07-20,Elastic_Net,20D,3,0.0170917631503138,0.005454779452689361,Low
2018-07-23,Elastic_Net,20D,3,0.0176804757092106,0.005269855893810261,Low
2018-07-24,Elastic_Net,20D,3,0.0149773567777839,0.005478459035765157,Low
2018-07-25,Elastic_Net,20D,3,0.005518690653168,0.00368326511509001,Low
2018-07-26,Elastic_Net,20D,3,0.0068628994785001,0.004265732217634209,Low
2018-07-27,Elastic_Net,20D,3,0.0196264400516309,0.00435161305828172,Low
2018-07-30,Elastic_Net,20D,3,0.0330383707743287,0.005612309154155094,Low
2018-07-31,Elastic_Net,20D,3,0.0284347756326238,0.005482549551135816,Low
2018-08-01,Elastic_Net,20D,3,0.0351609111691065,0.005960488191468069,Low
2018-08-02,Elastic_Net,20D,3,0.0258063895424396,0.004348291151637436,Low
2018-08-03,Elastic_Net,20D,3,0.0213074259443966,0.003803950142054119,Low
2018-08-06,Elastic_Net,20D,3,0.0161197512447158,0.004472415529539152,Low
2018-08-07,Elastic_Net,20D,3,0.0104924866969639,0.003978474818983063,Low
2018-08-08,Elastic_Net,20D,3,0.0070959100536409,0.004020357461328756,Low
2018-08-09,Elastic_Net,20D,3,0.0063228268356664,0.004395776502482086,Low
2018-08-10,Elastic_Net,20D,3,0.015358167313604,0.0052699671035733335,Low
2018-08-13,Elastic_Net,20D,3,0.0231050706692999,0.008961167288861144,Low
2018-08-14,Elastic_Net,20D,3,0.0170927490027761,0.00803656477153876,Low
2018-08-15,Elastic_Net,20D,3,0.0299923097435463,0.007446685932696637,Low
2018-08-16,Elastic_Net,20D,3,0.0223795390916744,0.0062554616849078305,Low
2018-08-17,Elastic_Net,20D,3,0.0134766417248621,0.004671528010534318,Low
2018-08-20,Elastic_Net,20D,3,0.0164062196903592,0.004220751819041836,Low
2018-08-21,Elastic_Net,20D,3,0.0155923077689042,0.004704982054325893,Low
2018-08-22,Elastic_Net,20D,3,0.0238005530084767,0.006603333273576776,Low
2018-08-23,Elastic_Net,20D,3,0.0251246459950049,0.0071110481278339,Low
2018-08-24,Elastic_Net,20D,3,0.0154230577527057,0.006354401310035399,Low
2018-08-27,Elastic_Net,20D,3,0.0064759678524773,0.00577225911330831,Low
2018-08-28,Elastic_Net,20D,3,0.0029120260937189,0.006481582668109136,Low
2018-08-29,Elastic_Net,20D,3,-1.374014668132074e-05,0.006324097692975847,Low
2018-08-30,Elastic_Net,20D,3,0.0044195617536386,0.007022385806954413,Low
2018-08-31,Elastic_Net,20D,3,0.0079195856285321,0.007682614169125706,Low
2018-09-04,Elastic_Net,20D,3,0.0091785087671323,0.007919636722203135,Low
2018-09-05,Elastic_Net,20D,4,0.0126968383051167,0.00930550649720624,Low
2018-09-06,Elastic_Net,20D,4,0.0081527939207249,0.012237508164868759,Low
2018-09-07,Elastic_Net,20D,4,0.0048252772311172,0.013360586690918608,Low
2018-09-10,Elastic_Net,20D,4,0.0025340543080742,0.01390326138325329,Low
2018-09-11,Elastic_Net,20D,4,-0.0026177212157953,0.011007096145718999,Low
2018-09-12,Elastic_Net,20D,4,-0.0363907186082911,0.010083076119199334,Low
2018-09-13,Elastic_Net,20D,4,-0.0624466507402238,0.010130875392972825,Low
2018-09-14,Elastic_Net,20D,4,-0.0486158592326138,0.009614383677216641,Low
2018-09-17,Elastic_Net,20D,4,-0.0489530505323646,0.008424838709196858,Low
2018-09-18,Elastic_Net,20D,4,-0.0330398753650887,0.009537912445199536,Low
2018-09-19,Elastic_Net,20D,4,-0.0345450576609258,0.008742556366163383,Low
2018-09-20,Elastic_Net,20D,4,-0.056851562421596,0.005721802575490492,Low
2018-09-21,Elastic_Net,20D,4,-0.0568441966198684,0.006513644596772261,Low
2018-09-24,Elastic_Net,20D,4,-0.0576311114023323,0.00707492861238453,Low
2018-09-25,Elastic_Net,20D,4,-0.0618522390899085,0.008188667464440252,Low
2018-09-26,Elastic_Net,20D,4,-0.0899083132698894,0.008582924295825429,Low
2018-09-27,Elastic_Net,20D,4,-0.0742140715196865,0.009977528167207147,Low
2018-09-28,Elastic_Net,20D,4,-0.0916863393855515,0.00943439223822002,Low
2018-10-01,Elastic_Net,20D,4,-0.101902040022944,0.009330832125623158,Low
2018-10-02,Elastic_Net,20D,4,-0.0859599481407874,0.009625246198598362,Low
2018-10-03,Elastic_Net,20D,4,-0.0758783361229346,0.010547124254713422,Low
2018-10-04,Elastic_Net,20D,4,-0.0571728018333954,0.008840469364563643,Low
2018-10-05,Elastic_Net,20D,4,-0.057966208304653,0.01383045606511777,Low
2018-10-08,Elastic_Net,20D,4,-0.0519863198991092,0.014859588444644373,Low
2018-10-09,Elastic_Net,20D,4,-0.0443276223205464,0.016993337709314302,Low
2018-10-10,Elastic_Net,20D,4,0.0100758452828294,0.01038508771781902,Normal
2018-10-11,Elastic_Net,20D,4,0.0283513562668796,0.0192845910963608,Normal
2018-10-12,Elastic_Net,20D,4,0.0050035349431308,0.014868588019174737,Normal
2018-10-15,Elastic_Net,20D,4,-0.0089721337510366,0.010451386371960978,Normal
2018-10-16,Elastic_Net,20D,4,-0.0317229806081116,0.0006846915523813059,High
2018-10-17,Elastic_Net,20D,4,-0.0390664751638974,0.0013870315205520324,High
2018-10-18,Elastic_Net,20D,4,-0.0140319518459142,0.004240897920591977,High
2018-10-19,Elastic_Net,20D,4,-0.0114498791731509,0.0079445549880292,High
2018-10-22,Elastic_Net,20D,4,-0.0239242433123945,0.008271693626975626,High
2018-10-23,Elastic_Net,20D,4,-0.0367151626882863,0.010188834961282894,High
2018-10-24,Elastic_Net,20D,4,-0.0023257195163782,0.011467607007188772,High
2018-10-25,Elastic_Net,20D,4,-0.0273558572069479,0.008858303869602914,High
2018-10-26,Elastic_Net,20D,4,0.0055362566484217,0.008396964677696737,High
2018-10-29,Elastic_Net,20D,4,0.0153738493082283,0.009538387316198627,High
2018-10-30,Elastic_Net,20D,4,0.0225425776394646,0.0036416215611772633,High
2018-10-31,Elastic_Net,20D,4,0.0095642043395,0.005590465116403282,High
2018-11-01,Elastic_Net,20D,4,0.0071992531875884,0.0007895887605786573,High
2018-11-02,Elastic_Net,20D,4,0.0244179760378307,0.0018911162255458363,High
2018-11-05,Elastic_Net,20D,4,-0.0140669464979195,0.0020702260867417888,High
2018-11-06,Elastic_Net,20D,4,-0.0218301221564725,0.0031914759208854387,High
2018-11-07,Elastic_Net,20D,4,-0.0664135361735685,-0.0006078252541767146,High
2018-11-08,Elastic_Net,20D,4,-0.0621408639621609,-0.003657133717194846,High
2018-11-09,Elastic_Net,20D,4,-0.053255687722094,-0.00334695504362596,High
2018-11-12,Elastic_Net,20D,4,-0.0279526657262753,-0.002982303590947785,High
2018-11-13,Elastic_Net,20D,4,-0.0266695972165164,0.0005642579537978093,High
2018-11-14,Elastic_Net,20D,4,-0.0383446206667657,0.005834751464238935,High
2018-11-15,Elastic_Net,20D,4,-0.0698749382379844,0.002081936140597187,High
2018-11-16,Elastic_Net,20D,4,-0.0720093789216792,-4.980066702455106e-06,High
2018-11-19,Elastic_Net,20D,4,-0.0707416768618947,0.0004997275945457548,High
2018-11-20,Elastic_Net,20D,4,-0.0683214907894127,0.0016789256301829696,High
2018-11-21,Elastic_Net,20D,4,-0.0921632805987205,0.0064034215023286555,High
2018-11-23,Elastic_Net,20D,4,-0.1130734337651793,0.006069231225555168,High
2018-11-26,Elastic_Net,20D,4,-0.0800832319397408,0.0012752303097769164,High
2018-11-27,Elastic_Net,20D,4,-0.0748133873355366,-0.00011415356535450852,High
2018-11-28,Elastic_Net,20D,4,-0.0987697925488818,-0.002173904987931554,High
2018-11-29,Elastic_Net,20D,4,-0.0881276721412815,-0.0007259725775774347,High
2018-11-30,Elastic_Net,20D,4,-0.0949975267952728,-0.0008792592197217081,High
2018-12-03,Elastic_Net,20D,4,-0.1309478604085503,-0.0016384508873196575,High
2018-12-04,Elastic_Net,20D,4,-0.0642882325096478,-0.009664502240114121,High
2018-12-06,Elastic_Net,20D,4,-0.0557788686002737,-0.005915899623767227,High
2018-12-07,Elastic_Net,20D,4,-0.0225339458074541,-0.002006533384985015,High
2018-12-10,Elastic_Net,20D,4,-0.0202048776975481,-0.0017759182930750187,High
2018-12-11,Elastic_Net,20D,4,-0.0153402266477803,4.4846981432932614e-05,High
2018-12-12,Elastic_Net,20D,4,-0.020891406202614,0.001417577182357018,High
2018-12-13,Elastic_Net,20D,4,-0.0259628504774484,0.0007568172407743804,High
2018-12-14,Elastic_Net,20D,4,0.0039729806710124,0.0012183635423928946,High
2018-12-17,Elastic_Net,20D,4,0.0271847860286772,0.002470508340078216,High
2018-12-18,Elastic_Net,20D,4,0.0346611198811239,0.006504563534675534,High
2018-12-19,Elastic_Net,20D,4,0.0632734918969165,0.010224346520458207,High
2018-12-20,Elastic_Net,20D,4,0.0649128245530479,0.012622789719977663,High
2018-12-21,Elastic_Net,20D,4,0.0879164349710394,0.017724579491022796,High
2018-12-24,Elastic_Net,20D,4,0.1167777879603313,0.02340158333684806,High
2018-12-26,Elastic_Net,20D,4,0.0768274779900443,0.001508090621121159,High
2018-12-27,Elastic_Net,20D,4,0.0604234731725184,-0.0018952356407254756,High
2018-12-28,Elastic_Net,20D,4,0.0602085191476349,-0.0005210456750636139,High
2018-12-31,Elastic_Net,20D,4,0.0671815031769881,-0.004543701798465311,High
2019-01-02,Elastic_Net,20D,4,0.0744744589241297,-0.007210007665879189,High
2019-01-03,Elastic_Net,20D,4,0.1004409973278518,-0.0043360262221131774,High
2019-01-04,Elastic_Net,20D,4,0.073434979384985,-0.014403176968073406,High
2019-01-07,Elastic_Net,20D,4,0.0711463738271054,-0.017339486606420058,High
2019-01-08,Elastic_Net,20D,4,0.0592708707730993,-0.016612709820432583,High
2019-01-09,Elastic_Net,20D,4,0.0457800062380468,-0.018166677287644196,High
2019-01-10,Elastic_Net,20D,4,0.0419477374295972,-0.014455534627152093,High
2019-01-11,Elastic_Net,20D,4,0.0428028977778981,-0.01120152672941525,High
2019-01-14,Elastic_Net,20D,4,0.0608821452679864,-0.013274905783834123,High
2019-01-15,Elastic_Net,20D,4,0.0532369579819362,-0.012740401930628708,High
2019-01-16,Elastic_Net,20D,4,0.0483622740691493,-0.010931981509862836,High
2019-01-17,Elastic_Net,20D,4,0.0516195480278712,-0.012334795473388022,High
2019-01-18,Elastic_Net,20D,4,0.0400202565146074,-0.013608032039748717,High
2019-01-22,Elastic_Net,20D,4,0.0560542669033209,-0.012266058701307175,High
2019-01-23,Elastic_Net,20D,4,0.0503211076580286,-0.00724338345838899,High
2019-01-24,Elastic_Net,20D,4,0.0553369662417615,-0.007091564801334642,High
2019-01-25,Elastic_Net,20D,4,0.0481152029909952,-0.006930168404921634,High
2019-01-28,Elastic_Net,20D,4,0.0552022091668639,-0.008058685801708005,High
2019-01-29,Elastic_Net,20D,4,0.0561153196656806,-0.003153422868605275,High
2019-01-30,Elastic_Net,20D,4,0.03785620217517,-0.006761217252312824,High
2019-01-31,Elastic_Net,20D,4,0.0361672099541154,-0.009018504478180409,High
2019-02-01,Elastic_Net,20D,4,0.0313808959740531,-0.008011484156861062,Normal
2019-02-04,Elastic_Net,20D,4,0.0234953413668666,-0.006435620802319312,Normal
2019-02-05,Elastic_Net,20D,4,0.0122524973253914,-0.005917539507946373,Normal
2019-02-06,Elastic_Net,20D,4,0.006320501904569,-0.004840716606538027,Normal
2019-02-07,Elastic_Net,20D,4,0.0135877309753457,-0.006769339135100832,Normal
2019-02-08,Elastic_Net,20D,4,0.0274712939728225,-0.006650278642207487,Normal
2019-02-11,Elastic_Net,20D,4,0.0297114078968091,-0.005983328475489508,Normal
2019-02-12,Elastic_Net,20D,4,0.0238291017509899,-0.008532166122270587,Normal
2019-02-13,Elastic_Net,20D,4,0.0199412708256828,-0.008145755553606516,Normal
2019-02-14,Elastic_Net,20D,4,0.027568953617812,-0.006262536166304231,Normal
2019-02-15,Elastic_Net,20D,4,0.0204480457517624,-0.007099211425715439,Normal
2019-02-19,Elastic_Net,20D,4,0.0188198543452436,-0.008627144242327037,Normal
2019-02-20,Elastic_Net,20D,4,0.0140956240437331,-0.006979682465316589,Low
2019-02-21,Elastic_Net,20D,4,0.0284223088642638,-0.00854875814175678,Low
2019-02-22,Elastic_Net,20D,4,0.0028748430352802,-0.008817927118643574,Normal
2019-02-25,Elastic_Net,20D,4,0.0008043657522184,-0.007670939255188092,Low
2019-02-26,Elastic_Net,20D,4,0.0087521883729928,-0.004978020080605419,Low
2019-02-27,Elastic_Net,20D,4,0.0046412425326918,-0.0039015975380776993,Low
2019-02-28,Elastic_Net,20D,4,0.011053804846904,-0.004094238909941323,Low
2019-03-01,Elastic_Net,20D,4,0.0108938543015157,-0.004790217815708347,Low
2019-03-04,Elastic_Net,20D,4,0.0262841572148151,-0.005555548376486557,Low
2019-03-05,Elastic_Net,20D,4,0.0274337862593803,-0.0033785852241939368,Low
2019-03-06,Elastic_Net,20D,4,0.0361253322835944,-0.003122596070485528,Low
2019-03-07,Elastic_Net,20D,4,0.0463667086649199,-0.0014664419343066691,Low
2019-03-08,Elastic_Net,20D,4,0.0531263904194727,0.0006045512679669022,Low
2019-03-11,Elastic_Net,20D,4,0.0396137666065069,-0.006262534612889945,Low
2019-03-12,Elastic_Net,20D,4,0.030578824443032,-0.007690827135439647,Low
2019-03-13,Elastic_Net,20D,4,0.0271251154405126,-0.008799990731622187,Low
2019-03-14,Elastic_Net,20D,4,0.0280316371124515,-0.00723739882693543,Low
2019-03-15,Elastic_Net,20D,4,0.0296466960935665,-0.007177433765011989,Low
2019-03-18,Elastic_Net,20D,4,0.0253180320503014,-0.00592108033789238,Low
2019-03-19,Elastic_Net,20D,4,0.0259578304553682,-0.004940417523242869,Low
2019-03-20,Elastic_Net,20D,4,0.0266301263753991,-0.004088126501587598,Low
2019-03-21,Elastic_Net,20D,4,0.0174139577049594,-0.005843953758273784,Low
2019-03-22,Elastic_Net,20D,4,0.0375822906561655,-0.006792567869909261,Normal
2019-03-25,Elastic_Net,20D,4,0.0472240146644707,0.0008867324549964323,Normal
2019-03-26,Elastic_Net,20D,4,0.0378727931135006,-0.00048771627632886085,Normal
2019-03-27,Elastic_Net,20D,4,0.0421588946498267,-0.0024600760336125254,Normal
2019-03-28,Elastic_Net,20D,4,0.0432501902578701,-0.001951945117955674,Normal
2019-03-29,Elastic_Net,20D,4,0.0376094327187791,-0.0003987003785326142,Normal
2019-04-01,Elastic_Net,20D,4,0.0270582018995264,-0.0013966785112947255,Normal
2019-04-02,Elastic_Net,20D,4,0.0195103004943767,0.0015771082374083385,Normal
2019-04-03,Elastic_Net,20D,4,0.0152379834256046,0.003019082808320684,Normal
2019-04-04,Elastic_Net,20D,4,0.0227476456615279,0.004226195333283779,Normal
2019-04-05,Elastic_Net,20D,4,0.0136409148493564,0.0035896507568471355,Normal
2019-04-08,Elastic_Net,20D,4,-0.0040554849900728,0.004078006666350831,Low
2019-04-09,Elastic_Net,20D,4,0.0004237760561768,0.003849701445244925,Normal
2019-04-10,Elastic_Net,20D,4,-0.0060740603602514,0.004656567618899654,Normal
2019-04-11,Elastic_Net,20D,4,-0.0023987886306755,0.00373938607099506,Normal
2019-04-12,Elastic_Net,20D,4,-0.0334128361587187,0.0017837100653053184,Normal
2019-04-15,Elastic_Net,20D,4,-0.0247992813911455,0.000736362341941306,Normal
2019-04-16,Elastic_Net,20D,4,-0.0194865153885625,0.002775308853040617,Normal
2019-04-17,Elastic_Net,20D,4,-0.0083541574513246,0.0033305452585650577,Normal
2019-04-18,Elastic_Net,20D,4,-0.015786441449618,0.0035233874679210147,Low
2019-04-22,Elastic_Net,20D,4,-0.0235702052419562,0.005729500608701228,Low
2019-04-23,Elastic_Net,20D,4,-0.0239126073237608,0.004239061075330092,Low
2019-04-24,Elastic_Net,20D,4,-0.0245468310846241,0.00547834129748552,Low
2019-04-25,Elastic_Net,20D,4,-0.0361634815856332,0.007336115095764539,Low
2019-04-26,Elastic_Net,20D,4,-0.0394851881369008,0.007382509420556603,Low
2019-04-29,Elastic_Net,20D,4,-0.048967086641395,0.007370368462052157,Low
2019-04-30,Elastic_Net,20D,4,-0.0568539615074179,0.008944239922545186,Low
2019-05-01,Elastic_Net,20D,4,-0.0472272429821296,0.009457776211433771,Low
2019-05-02,Elastic_Net,20D,4,-0.0583842035838998,0.011174923192446192,Low
2019-05-03,Elastic_Net,20D,4,-0.0707454017171252,0.007668035712240079,Low
2019-05-06,Elastic_Net,20D,4,-0.0450584614469749,0.005398164744298638,Low
2019-05-07,Elastic_Net,20D,4,-0.0202802463792557,0.009629070415076194,Low
2019-05-08,Elastic_Net,20D,4,-0.0125566903138314,0.015730646614581584,Low
2019-05-09,Elastic_Net,20D,4,0.0009122875953569,0.01591539199265768,Low
2019-05-10,Elastic_Net,20D,4,0.0018481136002037,0.014030777464876378,Low
2019-05-13,Elastic_Net,20D,4,0.02592464128075,0.006891115570462349,Normal
2019-05-14,Elastic_Net,20D,4,0.0159009959302964,0.01100898875256533,Normal
2019-05-15,Elastic_Net,20D,4,0.0141680121054237,0.005537208717939407,Normal
2019-05-16,Elastic_Net,20D,4,0.0036992432027717,0.0019790919252365043,Normal
2019-05-17,Elastic_Net,20D,4,0.0104849958091685,0.0007514715564075122,Normal
2019-05-20,Elastic_Net,20D,4,0.0269277433775444,0.005742107834611918,Normal
2019-05-21,Elastic_Net,20D,4,0.0214485110773774,0.004873615612090673,Normal
2019-05-22,Elastic_Net,20D,4,0.0337045087771499,0.0029417283976063587,Normal
2019-05-23,Elastic_Net,20D,4,0.0444301847387039,0.002824508903991861,Normal
2019-05-24,Elastic_Net,20D,4,0.0413441525060796,0.00581851505717762,Normal
2019-05-28,Elastic_Net,20D,4,0.0402133268659524,0.005336284886496355,Normal
2019-05-29,Elastic_Net,20D,4,0.0459145413543796,0.0088784450127076,Normal
2019-05-30,Elastic_Net,20D,4,0.0476341544719735,0.00846660528735347,Normal
2019-05-31,Elastic_Net,20D,4,0.0666583015630261,0.007933269151544303,Normal
2019-06-03,Elastic_Net,20D,4,0.077070390828288,0.010599068341711206,Normal
2019-06-04,Elastic_Net,20D,4,0.0587883110241991,0.002123890410040621,High
2019-06-05,Elastic_Net,20D,4,0.0583026797060695,0.0020141025015341842,Normal
2019-06-06,Elastic_Net,20D,4,0.0503783048255164,-9.004091700009955e-05,High
2019-06-07,Elastic_Net,20D,4,0.0350881525681326,0.0022557661404440463,High
2019-06-10,Elastic_Net,20D,4,0.0316747255518209,0.004741174504137335,High
2019-06-11,Elastic_Net,20D,4,0.0365252139458551,0.007922152438497372,Normal
2019-06-12,Elastic_Net,20D,4,0.0408474913520412,0.006603150609403363,Normal
2019-06-13,Elastic_Net,20D,4,0.0413680151512574,0.005920322501257832,Normal
2019-06-14,Elastic_Net,20D,4,0.0431566806657945,0.006474409532849921,Normal
2019-06-17,Elastic_Net,20D,4,0.0388157806784311,0.00645461632162648,Normal
2019-06-18,Elastic_Net,20D,4,0.0225926256193673,0.005404371761018507,Normal
2019-06-19,Elastic_Net,20D,4,0.0231875065351626,0.005521827733641968,Normal
2019-06-20,Elastic_Net,20D,4,0.007564011734445,0.0037406393614507066,Normal
2019-06-21,Elastic_Net,20D,4,0.0116487297004232,0.006007573327591019,Normal
2019-06-24,Elastic_Net,20D,4,0.0202062633002866,0.006993776538753873,Normal
2019-06-25,Elastic_Net,20D,4,0.0344252317541499,0.006681656289899362,Normal
2019-06-26,Elastic_Net,20D,4,0.0303836309493545,0.008585962878525276,Normal
2019-06-27,Elastic_Net,20D,4,0.0339282809275467,0.008673000753472245,Normal
2019-06-28,Elastic_Net,20D,4,0.0265699171578897,0.007714287680130178,Normal
2019-07-01,Elastic_Net,20D,4,0.0163449131748912,0.006874007964807178,Low
2019-07-02,Elastic_Net,20D,4,0.0024758589457626,0.0070049272424447,Low
2019-07-03,Elastic_Net,20D,4,-0.0142067642837275,0.005199814991185797,Low
2019-07-05,Elastic_Net,20D,4,-0.019708618618744,0.0036986329479818452,Low
2019-07-08,Elastic_Net,20D,4,-0.045091627778315,0.004312096126823498,Low
2019-07-09,Elastic_Net,20D,4,-0.0333943969256022,0.005292073684436927,Low
2019-07-10,Elastic_Net,20D,4,-0.037128361527826,0.00560281853174254,Low
2019-07-11,Elastic_Net,20D,4,-0.0208225186399096,0.004582635948014586,Low
2019-07-12,Elastic_Net,20D,4,-0.0320706460756331,0.0036643824697216295,Low
2019-07-15,Elastic_Net,20D,4,-0.0446403089199326,0.004542662155313533,Low
2019-07-16,Elastic_Net,20D,4,-0.0262123780976204,0.004119688819284706,Low
2019-07-17,Elastic_Net,20D,4,-0.0493900650860629,0.004242873131612228,Low
2019-07-18,Elastic_Net,20D,4,-0.0505044260967017,0.004737305657691649,Low
2019-07-19,Elastic_Net,20D,4,-0.029985478459612,0.005992380197276646,Low
2019-07-22,Elastic_Net,20D,4,-0.0207770045814647,0.005696828654129827,Low
2019-07-23,Elastic_Net,20D,4,-0.0355473650328567,0.0028631276849989703,Low
2019-07-24,Elastic_Net,20D,4,-0.0320115782889794,0.002261788377867983,Low
2019-07-25,Elastic_Net,20D,4,-0.0272414847646585,0.0017208375854334528,Low
2019-07-26,Elastic_Net,20D,4,-0.0608909016582793,0.002221278715975476,Low
2019-07-29,Elastic_Net,20D,4,-0.048350366998424,0.0017078048661792493,Low
2019-07-30,Elastic_Net,20D,4,-0.0489767034269359,0.003143715317445222,Low
2019-07-31,Elastic_Net,20D,4,-0.0315073449442334,0.005598327687855902,Low
2019-08-01,Elastic_Net,20D,4,-0.0098603349343329,0.009770232564878849,Low
2019-08-02,Elastic_Net,20D,4,-0.001908365634891,0.013377731458114932,Low
2019-08-05,Elastic_Net,20D,4,0.0213988072021183,0.00949995845991508,Normal
2019-08-06,Elastic_Net,20D,4,0.0192495085693729,0.011512946597743844,Normal
2019-08-07,Elastic_Net,20D,4,0.0314088391572737,0.005744837235896823,Normal
2019-08-08,Elastic_Net,20D,4,0.0137305674947856,-0.0005169661645283161,High
2019-08-09,Elastic_Net,20D,4,0.0202751459495427,-0.001633341498741842,High
2019-08-12,Elastic_Net,20D,4,0.0329912074913891,0.005442252776020037,High
2019-08-13,Elastic_Net,20D,4,0.0251765335504746,0.00415378620514696,High
2019-08-14,Elastic_Net,20D,4,0.0577819022832436,-0.001985188937642257,High
2019-08-15,Elastic_Net,20D,4,0.0545959887080972,0.003946532896293485,High
2019-08-16,Elastic_Net,20D,4,0.0371324176194961,-0.0013053690139274519,High
2019-08-19,Elastic_Net,20D,4,0.0276776674275607,-0.00568823972966665,High
2019-08-20,Elastic_Net,20D,4,0.0359665160239432,-0.007034284594656112,High
2019-08-21,Elastic_Net,20D,4,0.0277735109885198,-0.0027383397895218925,High
2019-08-22,Elastic_Net,20D,4,0.023372114842918,-0.00442755242168416,High
2019-08-23,Elastic_Net,20D,4,0.0495640553479282,-0.005780007239896781,High
2019-08-26,Elastic_Net,20D,4,0.0301889536535789,-0.003897894074836817,High
2019-08-27,Elastic_Net,20D,4,0.039536960696099,-0.0021705538182308455,High
2019-08-28,Elastic_Net,20D,4,0.0305809381559232,-0.0018211495759324417,High
2019-08-29,Elastic_Net,20D,4,0.0126429211357002,-0.004345510190717802,High
2019-08-30,Elastic_Net,20D,4,0.0170352505910719,0.001094605339312599,High
2019-09-03,Elastic_Net,20D,4,0.0116241329783445,0.004242641962523859,High
2019-09-04,Elastic_Net,20D,4,-0.0172249964877206,0.0030206602866217915,High
2019-09-05,Elastic_Net,20D,4,-0.0222106046356135,-0.002086720333353214,High
2019-09-06,Elastic_Net,20D,4,-0.0090040102007312,-0.003405612342762209,High
2019-09-09,Elastic_Net,20D,4,-0.0133983477955128,-0.005338282209597293,High
2019-09-10,Elastic_Net,20D,4,-0.029403759773554,-0.0037506436230115943,High
2019-09-11,Elastic_Net,20D,4,-0.0275441355850953,-0.004217397803738821,High
2019-09-12,Elastic_Net,20D,4,-0.024023949451546,-0.00017775509648442194,Normal
2019-09-13,Elastic_Net,20D,4,-0.0124196929007909,-0.0012535703913108204,Normal
2019-09-16,Elastic_Net,20D,4,-0.0106672616576538,-0.0023655018547004544,Normal
2019-09-17,Elastic_Net,20D,4,-0.0033392416536268,-0.0008610736079243233,Normal
2019-09-18,Elastic_Net,20D,4,-0.0056834194910877,-0.0001898418653082769,Normal
2019-09-19,Elastic_Net,20D,4,-0.002944372043242,-0.0005944259142401992,Normal
2019-09-20,Elastic_Net,20D,4,-0.0019638186481614,-0.0006159250881444629,Normal
2019-09-23,Elastic_Net,20D,4,0.0049812360749999,0.004597944883787807,Low
2019-09-24,Elastic_Net,20D,4,0.0098581757801744,0.005060326997440605,Low
2019-09-25,Elastic_Net,20D,4,0.0065615938840416,0.00576895034394943,Low
2019-09-26,Elastic_Net,20D,4,0.0109120695528261,0.005035127918827988,Low
2019-09-27,Elastic_Net,20D,4,0.0203070336426105,0.006449355555367434,Low
2019-09-30,Elastic_Net,20D,4,0.0208379433434799,0.006077331670895206,Low
2019-10-01,Elastic_Net,20D,4,0.032339318332412,0.006418361188922007,Low
2019-10-02,Elastic_Net,20D,4,0.053652811920913,0.008377235023871468,Normal
2019-10-03,Elastic_Net,20D,4,0.0426850685125073,0.007392571008520009,Low
2019-10-04,Elastic_Net,20D,5,0.0381842138328956,0.0058415151126979025,Normal
2019-10-07,Elastic_Net,20D,5,0.0463698119118897,0.0058415151126979025,Normal
2019-10-08,Elastic_Net,20D,5,0.0608665687521789,0.0058415151126979025,Normal
2019-10-09,Elastic_Net,20D,5,0.0525055228296226,0.0058415151126979025,Normal
2019-10-10,Elastic_Net,20D,5,0.0488366956621207,0.0058415151126979025,Normal
2019-10-11,Elastic_Net,20D,5,0.0405145191334476,0.0058415151126979025,Normal
2019-10-14,Elastic_Net,20D,5,0.0399382053933295,0.0058415151126979025,Normal
2019-10-15,Elastic_Net,20D,5,0.0315951833181033,0.0058415151126979025,Normal
2019-10-16,Elastic_Net,20D,5,0.0343080094414133,0.0058415151126979025,Normal
2019-10-17,Elastic_Net,20D,5,0.0323856800860948,0.0058415151126979025,Normal
2019-10-18,Elastic_Net,20D,5,0.0439787545738678,0.0058415151126979025,Normal
2019-10-21,Elastic_Net,20D,5,0.0376336667913437,0.0058415151126979025,Normal
2019-10-22,Elastic_Net,20D,5,0.0406159459500279,0.0058415151126979025,Normal
2019-10-23,Elastic_Net,20D,5,0.034009586183256,0.0058415151126979025,Normal
2019-10-24,Elastic_Net,20D,5,0.0305069754378953,0.0058415151126979025,Normal
2019-10-25,Elastic_Net,20D,5,0.0286151198696154,0.0058415151126979025,Normal
2019-10-28,Elastic_Net,20D,5,0.0305285518409648,0.0058415151126979025,Normal
2019-10-29,Elastic_Net,20D,5,0.0335544674423856,0.0058415151126979025,Normal
2019-10-30,Elastic_Net,20D,5,0.0344721136668282,0.0058415151126979025,Normal
2019-10-31,Elastic_Net,20D,5,0.0334802660713781,0.0058415151126979025,Normal
2019-11-01,Elastic_Net,20D,5,0.0151958518177669,0.0058415151126979025,Low
2019-11-04,Elastic_Net,20D,5,0.0048383807544094,0.0058415151126979025,Low
2019-11-05,Elastic_Net,20D,5,0.0123284410749999,0.0058415151126979025,Low
2019-11-06,Elastic_Net,20D,5,0.0131253174093405,0.0058415151126979025,Low
2019-11-07,Elastic_Net,20D,5,0.0194931881954859,0.0058415151126979025,Low
2019-11-08,Elastic_Net,20D,5,0.0137679513658956,0.0058415151126979025,Low
2019-11-11,Elastic_Net,20D,5,0.0146348106102488,0.0058415151126979025,Low
2019-11-12,Elastic_Net,20D,5,0.0159753248383363,0.0058415151126979025,Low
2019-11-13,Elastic_Net,20D,5,0.0238027106437753,0.0058415151126979025,Low
2019-11-14,Elastic_Net,20D,5,0.0230385971795332,0.0058415151126979025,Low
2019-11-15,Elastic_Net,20D,5,0.0224949293441031,0.0058415151126979025,Low
2019-11-18,Elastic_Net,20D,5,0.0223271390497544,0.0058415151126979025,Low
2019-11-19,Elastic_Net,20D,5,0.0224875155089241,0.0058415151126979025,Low
2019-11-20,Elastic_Net,20D,5,0.0307001507517295,0.0058415151126979025,Low
2019-11-21,Elastic_Net,20D,5,0.0372167526422531,0.0058415151126979025,Low
2019-11-22,Elastic_Net,20D,5,0.0359099474141755,0.0058415151126979025,Low
2019-11-25,Elastic_Net,20D,5,0.0282352282242403,0.0058415151126979025,Low
2019-11-26,Elastic_Net,20D,5,0.031157126989354,0.0058415151126979025,Low
2019-11-27,Elastic_Net,20D,5,0.027025375503712,0.0058415151126979025,Low
2019-11-29,Elastic_Net,20D,5,0.0252470656543512,0.0058415151126979025,Low
2019-12-02,Elastic_Net,20D,5,0.0368572399925058,0.0058415151126979025,Low
2019-12-03,Elastic_Net,20D,5,0.0518613606128676,0.0058415151126979025,Low
2019-12-04,Elastic_Net,20D,5,0.038472793639143,0.0058415151126979025,Low
2019-12-05,Elastic_Net,20D,5,0.0405008119067856,0.0058415151126979025,Low
2019-12-06,Elastic_Net,20D,5,0.0285993907917648,0.0058415151126979025,Low
2019-12-09,Elastic_Net,20D,5,0.0366576979618803,0.0058415151126979025,Low
2019-12-10,Elastic_Net,20D,5,0.0443884482477709,0.0058415151126979025,Low
2019-12-11,Elastic_Net,20D,5,0.0386252482309152,0.0058415151126979025,Low
2019-12-12,Elastic_Net,20D,5,0.0370385749012934,0.0058415151126979025,Low
2019-12-13,Elastic_Net,20D,5,0.0354503149141827,0.0058415151126979025,Low
2019-12-16,Elastic_Net,20D,5,0.0301964042153279,0.0058415151126979025,Low
2019-12-17,Elastic_Net,20D,5,0.0381929156090987,0.0058415151126979025,Low
2019-12-18,Elastic_Net,20D,5,0.0424800324971065,0.0058415151126979025,Low
2019-12-19,Elastic_Net,20D,5,0.0353751533056569,0.0058415151126979025,Low
2019-12-20,Elastic_Net,20D,5,0.0307315917980038,0.0058415151126979025,Low
2019-12-23,Elastic_Net,20D,5,0.0310061492770636,0.0058415151126979025,Low
2019-12-24,Elastic_Net,20D,5,0.022118327153338,0.0058415151126979025,Low
2019-12-26,Elastic_Net,20D,5,0.00114751238644,0.0058415151126979025,Low
2019-12-27,Elastic_Net,20D,5,0.0111169117471346,0.0058415151126979025,Low
2019-12-30,Elastic_Net,20D,5,0.0160472576828999,0.0058415151126979025,Low
2019-12-31,Elastic_Net,20D,5,0.0162350239689205,0.0058415151126979025,Low
2020-01-02,Elastic_Net,20D,5,-0.0099733149647593,0.0058415151126979025,Low
2020-01-03,Elastic_Net,20D,5,0.0043400201614277,0.0058415151126979025,Low
2020-01-06,Elastic_Net,20D,5,0.0156821908846612,0.0058415151126979025,Low
2020-01-07,Elastic_Net,20D,5,0.0296771446282289,0.0058415151126979025,Low
2020-01-08,Elastic_Net,20D,5,0.0281068261995899,0.0058415151126979025,Low
2020-01-09,Elastic_Net,20D,5,0.016058121073225,0.0058415151126979025,Low
2020-01-10,Elastic_Net,20D,5,0.0262170736813031,0.0058415151126979025,Low
2020-01-13,Elastic_Net,20D,5,0.020952128321372,0.0058415151126979025,Low
2020-01-14,Elastic_Net,20D,5,0.0289096622634708,0.0058415151126979025,Low
2020-01-15,Elastic_Net,20D,5,0.0254094356597943,0.0058415151126979025,Low
2020-01-16,Elastic_Net,20D,5,0.0189195243360479,0.0058415151126979025,Low
2020-01-17,Elastic_Net,20D,5,0.0121405871024149,0.0058415151126979025,Low
2020-01-21,Elastic_Net,20D,5,0.0194908357562853,0.0058415151126979025,Low
2020-01-22,Elastic_Net,20D,5,0.0153789840316069,0.0058415151126979025,Low
2020-01-23,Elastic_Net,20D,5,0.0036648486054288,0.0058415151126979025,Low
2020-01-24,Elastic_Net,20D,5,-0.021339941388818,0.0058415151126979025,Low
2020-01-27,Elastic_Net,20D,5,-0.0362320934073272,0.0058415151126979025,Low
2020-01-28,Elastic_Net,20D,5,-0.0500211742312099,0.0058415151126979025,Normal
2020-01-29,Elastic_Net,20D,5,-0.0943220604398864,0.0058415151126979025,Low
2020-01-30,Elastic_Net,20D,5,-0.1057239804797507,0.0058415151126979025,Low
2020-01-31,Elastic_Net,20D,5,-0.0428486681389744,0.0058415151126979025,Normal
2020-02-03,Elastic_Net,20D,5,-0.0785875788231217,0.0058415151126979025,Normal
2020-02-04,Elastic_Net,20D,5,-0.0521205453799945,0.0058415151126979025,Normal
2020-02-05,Elastic_Net,20D,5,-0.0978191064789484,0.0058415151126979025,Normal
2020-02-06,Elastic_Net,20D,5,-0.1183402051883365,0.0058415151126979025,Normal
2020-02-07,Elastic_Net,20D,5,-0.1919351271192498,0.0058415151126979025,Normal
2020-02-10,Elastic_Net,20D,5,-0.151019764813964,0.0058415151126979025,Normal
2020-02-11,Elastic_Net,20D,5,-0.2028097063085716,0.0058415151126979025,Normal
2020-02-12,Elastic_Net,20D,5,-0.3091964118162481,0.0058415151126979025,Normal
2020-02-13,Elastic_Net,20D,5,-0.2187562285070234,0.0058415151126979025,Normal
2020-02-14,Elastic_Net,20D,5,-0.3482502620783263,0.0058415151126979025,Normal
2020-02-18,Elastic_Net,20D,5,-0.2870997354564867,0.0058415151126979025,Normal
2020-02-19,Elastic_Net,20D,5,-0.3450167560728519,0.0058415151126979025,Normal
2020-02-20,Elastic_Net,20D,5,-0.3364971776744535,0.0058415151126979025,Normal
2020-02-21,Elastic_Net,20D,5,-0.3702509924950005,0.0058415151126979025,Normal
2020-02-24,Elastic_Net,20D,5,-0.3658944140841366,0.0058415151126979025,High
2020-02-25,Elastic_Net,20D,5,-0.2454632771908201,0.0058415151126979025,High
2020-02-26,Elastic_Net,20D,5,-0.2302085894464678,0.0058415151126979025,High
2020-02-27,Elastic_Net,20D,5,-0.1244966220199602,0.0058415151126979025,High
2020-02-28,Elastic_Net,20D,5,-0.1504920044519335,0.0058415151126979025,High
2020-03-02,Elastic_Net,20D,5,-0.1625362826513719,0.0058415151126979025,High
2020-03-03,Elastic_Net,20D,5,-0.1501681085168731,0.0058415151126979025,High
2020-03-04,Elastic_Net,20D,5,-0.2366508206102934,0.0058415151126979025,High
2020-03-05,Elastic_Net,20D,5,-0.179567381113352,0.0058415151126979025,High
2020-03-06,Elastic_Net,20D,5,-0.1776192982869101,0.0058415151126979025,High
2020-03-09,Elastic_Net,20D,5,-0.0306406412017082,0.0058415151126979025,High
2020-03-10,Elastic_Net,20D,5,-0.0804600326759297,0.0058415151126979025,High
2020-03-11,Elastic_Net,20D,5,0.0031322313239605,0.0058415151126979025,High
2020-03-12,Elastic_Net,20D,5,0.1174605540301331,0.0058415151126979025,High
2020-03-13,Elastic_Net,20D,5,0.01849608763622,0.0058415151126979025,High
2020-03-16,Elastic_Net,20D,5,0.176262844681345,0.0058415151126979025,High
2020-03-17,Elastic_Net,20D,5,0.095759799373284,0.0058415151126979025,High
2020-03-18,Elastic_Net,20D,5,0.1547819095449057,0.0058415151126979025,High
2020-03-19,Elastic_Net,20D,5,0.1765260805958252,0.0058415151126979025,High
2020-03-20,Elastic_Net,20D,5,0.2028108590338443,0.0058415151126979025,High
2020-03-23,Elastic_Net,20D,5,0.2013872448070904,0.0058415151126979025,High
2020-03-24,Elastic_Net,20D,5,0.1343753128712639,0.0058415151126979025,High
2020-03-25,Elastic_Net,20D,5,0.1223667547902461,0.0058415151126979025,High
2020-03-26,Elastic_Net,20D,5,0.0756450142828389,0.0058415151126979025,High
2020-03-27,Elastic_Net,20D,5,0.1245197280062011,0.0058415151126979025,High
2020-03-30,Elastic_Net,20D,5,0.0862969672457426,0.0058415151126979025,High
2020-03-31,Elastic_Net,20D,5,0.1286759820792315,0.0058415151126979025,High
2020-04-01,Elastic_Net,20D,5,0.1645672014929636,0.0058415151126979025,High
2020-04-02,Elastic_Net,20D,5,0.1135343334212274,0.0058415151126979025,High
2020-04-03,Elastic_Net,20D,5,0.1330280168260212,0.0058415151126979025,High
2020-04-06,Elastic_Net,20D,5,0.0740597078789705,0.0058415151126979025,High
2020-04-07,Elastic_Net,20D,5,0.0686601665282903,0.0058415151126979025,High
2020-04-08,Elastic_Net,20D,5,0.0466097510918963,0.0058415151126979025,High
2020-04-09,Elastic_Net,20D,5,0.0489570758534234,0.0058415151126979025,High
2020-04-13,Elastic_Net,20D,5,0.0592462046648912,0.0058415151126979025,High
2020-04-14,Elastic_Net,20D,5,0.008418279320536,0.0058415151126979025,High
2020-04-15,Elastic_Net,20D,5,0.0130780153686251,0.0058415151126979025,High
2020-04-16,Elastic_Net,20D,5,0.0187370953331553,0.0058415151126979025,High
2020-04-17,Elastic_Net,20D,5,-0.0037851614844422,0.0058415151126979025,High
2020-04-20,Elastic_Net,20D,5,0.0452728929009789,0.0058415151126979025,High
2020-04-21,Elastic_Net,20D,5,0.0658882604257102,0.0058415151126979025,High
2020-04-22,Elastic_Net,20D,5,0.0597309504569891,0.0058415151126979025,High
2020-04-23,Elastic_Net,20D,5,0.052466549807231,0.0058415151126979025,High
2020-04-24,Elastic_Net,20D,5,0.0409954049272041,0.0058415151126979025,High
2020-04-27,Elastic_Net,20D,5,0.0386028217669288,0.0058415151126979025,High
2020-04-28,Elastic_Net,20D,5,0.0585774394477266,0.0058415151126979025,High
2020-04-29,Elastic_Net,20D,5,0.030230596077734,0.0058415151126979025,High
2020-04-30,Elastic_Net,20D,5,0.0442865329490969,0.0058415151126979025,High
2020-05-01,Elastic_Net,20D,5,0.0764909604422373,0.0058415151126979025,High
2020-05-04,Elastic_Net,20D,5,0.0804274451457866,0.0058415151126979025,High
2020-05-05,Elastic_Net,20D,5,0.0849841807605707,0.0058415151126979025,High
2020-05-06,Elastic_Net,20D,5,0.0886136720760043,0.0058415151126979025,High
2020-05-07,Elastic_Net,20D,5,0.1030487291427495,0.0058415151126979025,High
2020-05-08,Elastic_Net,20D,5,0.0982875904833291,0.0058415151126979025,High
2020-05-11,Elastic_Net,20D,5,0.0903247776968165,0.0058415151126979025,High
2020-05-12,Elastic_Net,20D,5,0.105710887733682,0.0058415151126979025,High
2020-05-13,Elastic_Net,20D,5,0.062575191361673,0.0058415151126979025,High
2020-05-14,Elastic_Net,20D,5,0.0640925601628134,0.0058415151126979025,High
2020-05-15,Elastic_Net,20D,5,0.0684517457772656,0.0058415151126979025,High
2020-05-18,Elastic_Net,20D,5,0.0562213898739027,0.0058415151126979025,High
2020-05-19,Elastic_Net,20D,5,0.0631543413528727,0.0058415151126979025,High
2020-05-20,Elastic_Net,20D,5,0.047234394143259,0.0058415151126979025,High
2020-05-21,Elastic_Net,20D,5,0.0493728488875387,0.0058415151126979025,High
2020-05-22,Elastic_Net,20D,5,0.0534959964973848,0.0058415151126979025,High
2020-05-26,Elastic_Net,20D,5,0.045579880667408,0.0058415151126979025,High
2020-05-27,Elastic_Net,20D,5,0.0046661675814313,0.0058415151126979025,High
2020-05-28,Elastic_Net,20D,5,0.0176761346345691,0.0058415151126979025,High
2020-05-29,Elastic_Net,20D,5,-0.01164986319257,0.0058415151126979025,High
2020-06-01,Elastic_Net,20D,5,-0.0008151915574007,0.0058415151126979025,High
2020-06-02,Elastic_Net,20D,5,0.0062998505959561,0.0058415151126979025,High
2020-06-03,Elastic_Net,20D,5,-0.0022472562407371,0.0058415151126979025,High
2020-06-04,Elastic_Net,20D,5,0.0056581033196887,0.0058415151126979025,High
2020-06-05,Elastic_Net,20D,5,-0.0044589786697838,0.0058415151126979025,High
2020-06-08,Elastic_Net,20D,5,-0.0273061129452333,0.0058415151126979025,High
2020-06-09,Elastic_Net,20D,5,-0.0116793832620811,0.0058415151126979025,High
2020-06-10,Elastic_Net,20D,5,-0.0120117190030936,0.0058415151126979025,High
2020-06-11,Elastic_Net,20D,5,0.0591527837676382,0.0058415151126979025,High
2020-06-12,Elastic_Net,20D,5,0.0367698519463675,0.0058415151126979025,High
2020-06-15,Elastic_Net,20D,5,0.0418092917110964,0.0058415151126979025,High
2020-06-16,Elastic_Net,20D,5,0.0320654957807409,0.0058415151126979025,High
2020-06-17,Elastic_Net,20D,5,0.0322603767992549,0.0058415151126979025,High
2020-06-18,Elastic_Net,20D,5,0.0345108959830365,0.0058415151126979025,High
2020-06-19,Elastic_Net,20D,5,0.0485482068038507,0.0058415151126979025,High
2020-06-22,Elastic_Net,20D,5,0.0437517428417525,0.0058415151126979025,High
2020-06-23,Elastic_Net,20D,5,0.0451842042447426,0.0058415151126979025,High
2020-06-24,Elastic_Net,20D,5,0.058983091428158,0.0058415151126979025,High
2020-06-25,Elastic_Net,20D,5,0.0418736236756638,0.0058415151126979025,High
2020-06-26,Elastic_Net,20D,5,0.0737667567719773,0.0058415151126979025,High
2020-06-29,Elastic_Net,20D,5,0.0526934332397973,0.0058415151126979025,High
2020-06-30,Elastic_Net,20D,5,0.0497528671557842,0.0058415151126979025,High
2020-07-01,Elastic_Net,20D,5,0.0409860014164588,0.0058415151126979025,High
2020-07-02,Elastic_Net,20D,5,0.0440962671818181,0.0058415151126979025,High
2020-07-06,Elastic_Net,20D,5,0.0354946990140135,0.0058415151126979025,High
2020-07-07,Elastic_Net,20D,5,0.0499775999097908,0.0058415151126979025,High
2020-07-08,Elastic_Net,20D,5,0.0485897740818786,0.0058415151126979025,High
2020-07-09,Elastic_Net,20D,5,0.0606564915787381,0.0058415151126979025,High
2020-07-10,Elastic_Net,20D,5,0.0508775110742516,0.0058415151126979025,High
2020-07-13,Elastic_Net,20D,5,0.0630226215637023,0.0058415151126979025,High
2020-07-14,Elastic_Net,20D,5,0.041704265579421,0.0058415151126979025,High
2020-07-15,Elastic_Net,20D,5,0.0465627109366796,0.0058415151126979025,High
2020-07-16,Elastic_Net,20D,5,0.0479253534746383,0.0058415151126979025,High
2020-07-17,Elastic_Net,20D,5,0.0449088934907757,0.0058415151126979025,High
2020-07-20,Elastic_Net,20D,5,0.0392432737430587,0.0058415151126979025,High
2020-07-21,Elastic_Net,20D,5,0.0398663848283156,0.0058415151126979025,High
2020-07-22,Elastic_Net,20D,5,0.0297216308886598,0.0058415151126979025,High
2020-07-23,Elastic_Net,20D,5,0.0452716640692526,0.0058415151126979025,High
2020-07-24,Elastic_Net,20D,5,0.0549165040765014,0.0058415151126979025,High
2020-07-27,Elastic_Net,20D,5,0.0575421906199225,0.0058415151126979025,Normal
2020-07-28,Elastic_Net,20D,5,0.0676265257841089,0.0058415151126979025,Normal
2020-07-29,Elastic_Net,20D,5,0.065418743777208,0.0058415151126979025,Normal
2020-07-30,Elastic_Net,20D,5,0.0708476915724718,0.0058415151126979025,Normal
2020-07-31,Elastic_Net,20D,5,0.0699164581798658,0.0058415151126979025,Normal
2020-08-03,Elastic_Net,20D,5,0.0605637203399985,0.0058415151126979025,Normal
2020-08-04,Elastic_Net,20D,5,0.0644551287345707,0.0058415151126979025,Normal
2020-08-05,Elastic_Net,20D,5,0.0732950184429225,0.0058415151126979025,Normal
2020-08-06,Elastic_Net,20D,5,0.0311302982800724,0.0058415151126979025,Normal
2020-08-07,Elastic_Net,20D,5,0.0223311882558405,0.0058415151126979025,Normal
2020-08-10,Elastic_Net,20D,5,-0.008556106104018,0.0058415151126979025,Normal
2020-08-11,Elastic_Net,20D,5,0.0193897099595396,0.0058415151126979025,Normal
2020-08-12,Elastic_Net,20D,5,-0.0122510382594692,0.0058415151126979025,Normal
2020-08-13,Elastic_Net,20D,5,-0.0096688354252253,0.0058415151126979025,Normal
2020-08-14,Elastic_Net,20D,5,0.0031643969960766,0.0058415151126979025,Normal
2020-08-17,Elastic_Net,20D,5,0.0056640054191528,0.0058415151126979025,Normal
2020-08-18,Elastic_Net,20D,5,-0.0012663818928157,0.0058415151126979025,Normal
2020-08-19,Elastic_Net,20D,5,-0.0053002080761863,0.0058415151126979025,Normal
2020-08-20,Elastic_Net,20D,5,-0.0196994397923609,0.0058415151126979025,Low
2020-08-21,Elastic_Net,20D,5,-0.0347732038026311,0.0058415151126979025,Low
2020-08-24,Elastic_Net,20D,5,-0.0343038027691586,0.0058415151126979025,Low
2020-08-25,Elastic_Net,20D,5,-0.0619010414290728,0.0058415151126979025,Low
2020-08-26,Elastic_Net,20D,5,-0.0690620372192853,0.0058415151126979025,Low
2020-08-27,Elastic_Net,20D,5,-0.0548832440269061,0.0058415151126979025,Low
2020-08-28,Elastic_Net,20D,5,-0.0456110550226221,0.0058415151126979025,Low
2020-08-31,Elastic_Net,20D,5,-0.0482379625515576,0.0058415151126979025,Low
2020-09-01,Elastic_Net,20D,5,-0.0475149514038839,0.0058415151126979025,Low
2020-09-02,Elastic_Net,20D,5,-0.0574850519834588,0.0058415151126979025,Low
2020-09-03,Elastic_Net,20D,5,-0.0313512707076442,0.0058415151126979025,High
2020-09-04,Elastic_Net,20D,5,-0.0053718809504681,0.0058415151126979025,High
2020-09-08,Elastic_Net,20D,5,0.0087048837484754,0.0058415151126979025,High
2020-09-09,Elastic_Net,20D,5,0.0060072868565365,0.0058415151126979025,High
2020-09-10,Elastic_Net,20D,5,0.0317267456768014,0.0058415151126979025,High
2020-09-11,Elastic_Net,20D,5,0.0399489106994668,0.0058415151126979025,High
2020-09-14,Elastic_Net,20D,5,0.0435701058327681,0.0058415151126979025,High
2020-09-15,Elastic_Net,20D,5,0.0320374282731051,0.0058415151126979025,High
2020-09-16,Elastic_Net,20D,5,0.0300219030811976,0.0058415151126979025,High
2020-09-17,Elastic_Net,20D,5,0.0369409290955371,0.0058415151126979025,High
2020-09-18,Elastic_Net,20D,5,0.048321416499996,0.0058415151126979025,High
2020-09-21,Elastic_Net,20D,5,0.0434953170123512,0.0058415151126979025,High
2020-09-22,Elastic_Net,20D,5,0.0377484959339762,0.0058415151126979025,High
2020-09-23,Elastic_Net,20D,5,0.0595577208367801,0.0058415151126979025,High
2020-09-24,Elastic_Net,20D,5,0.0617800692856423,0.0058415151126979025,High
2020-09-25,Elastic_Net,20D,5,0.0493694683818433,0.0058415151126979025,High
2020-09-28,Elastic_Net,20D,5,0.0146228035426671,0.0058415151126979025,High
2020-09-29,Elastic_Net,20D,5,0.0164168808966656,0.0058415151126979025,High
2020-09-30,Elastic_Net,20D,5,-0.0277285037802916,0.0058415151126979025,High
2020-10-01,Elastic_Net,20D,5,-0.0211309284045891,0.0058415151126979025,High
2020-10-02,Elastic_Net,20D,5,-0.0237108289834782,0.0058415151126979025,High
2020-10-05,Elastic_Net,20D,5,-0.0292809870957875,0.0058415151126979025,High
2020-10-06,Elastic_Net,20D,5,0.0024338149758133,0.0058415151126979025,High
2020-10-07,Elastic_Net,20D,5,0.0069941768606635,0.0058415151126979025,High
2020-10-08,Elastic_Net,20D,5,0.0182892297424955,0.0058415151126979025,High
2020-10-09,Elastic_Net,20D,5,0.0092463779763688,0.0058415151126979025,High
2020-10-12,Elastic_Net,20D,5,0.0045958225643888,0.0058415151126979025,High
2020-10-13,Elastic_Net,20D,5,0.0095219389726844,0.0058415151126979025,High
2020-10-14,Elastic_Net,20D,5,0.0237898394197352,0.0058415151126979025,High
2020-10-15,Elastic_Net,20D,5,0.0152901113868789,0.0058415151126979025,High
2020-10-16,Elastic_Net,20D,5,0.0286737476365424,0.0058415151126979025,High
2020-10-19,Elastic_Net,20D,5,0.0567191460743175,0.0058415151126979025,High
2020-10-20,Elastic_Net,20D,5,0.0471995069696688,0.0058415151126979025,High
2020-10-21,Elastic_Net,20D,5,0.0377664103337578,0.0058415151126979025,High
2020-10-22,Elastic_Net,20D,5,0.0364997320209992,0.0058415151126979025,High
2020-10-23,Elastic_Net,20D,5,0.0262441563276912,0.0058415151126979025,High
2020-10-26,Elastic_Net,20D,5,0.0506287374948629,0.0058415151126979025,High
2020-10-27,Elastic_Net,20D,5,0.0696914016593401,0.0058415151126979025,High
2020-10-28,Elastic_Net,20D,5,0.1040312690124084,0.0058415151126979025,High
2020-10-29,Elastic_Net,20D,5,0.0945488550983121,0.0058415151126979025,High
2020-10-30,Elastic_Net,20D,5,0.1021464279066001,0.0058415151126979025,High
2015-06-10,Elastic_Net,60D,1,-0.0760017568835913,0.006593113439189325,Low
2015-06-11,Elastic_Net,60D,1,-0.0931871823943958,0.006645040085360194,Low
2015-06-12,Elastic_Net,60D,1,-0.0613946705442546,0.006243525304370711,Low
2015-06-15,Elastic_Net,60D,1,-0.0707564166915679,0.013300459387754286,Low
2015-06-16,Elastic_Net,60D,1,-0.071166071762386,0.01385184475481496,Low
2015-06-17,Elastic_Net,60D,1,-0.0686667497124726,0.014755334019097954,Low
2015-06-18,Elastic_Net,60D,1,-0.0826187909895252,0.008089254672815963,Low
2015-06-19,Elastic_Net,60D,1,-0.0645514881201432,0.011295779739925578,Low
2015-06-22,Elastic_Net,60D,1,-0.0619601153863095,0.00913284227251879,Low
2015-06-23,Elastic_Net,60D,1,-0.0651601262540631,0.006507204391651877,Low
2015-06-24,Elastic_Net,60D,1,-0.0740758914901413,0.005122942001433491,Low
2015-06-25,Elastic_Net,60D,1,-0.0665424952998722,0.011284972443917868,Low
2015-06-26,Elastic_Net,60D,1,-0.078547269574328,0.014813326589612269,Low
2015-06-29,Elastic_Net,60D,1,-0.0595110442953105,0.0164725347432992,Normal
2015-06-30,Elastic_Net,60D,1,-0.0655346585190844,0.020657659401279733,Normal
2015-07-01,Elastic_Net,60D,1,-0.072912656754942,0.013670678714722509,Normal
2015-07-02,Elastic_Net,60D,1,-0.0986057977282045,0.013076701609279689,Normal
2015-07-06,Elastic_Net,60D,1,-0.0935044711163255,0.013316540116185563,Normal
2015-07-07,Elastic_Net,60D,1,-0.0806711331066291,0.01881738180409774,Normal
2015-07-08,Elastic_Net,60D,1,-0.0619062295161503,0.018717115333894675,Normal
2015-07-09,Elastic_Net,60D,1,-0.0499520841445647,0.026654202765635154,Normal
2015-07-10,Elastic_Net,60D,1,-0.0440904770110702,0.014832385476522476,Normal
2015-07-13,Elastic_Net,60D,1,-0.0586904348625687,-4.105126374811391e-05,Normal
2015-07-14,Elastic_Net,60D,1,-0.055130188241516,-0.005183638617413892,Normal
2015-07-15,Elastic_Net,60D,1,-0.0456151517962204,-0.00024386839446711994,Normal
2015-07-16,Elastic_Net,60D,1,-0.0528730366801808,-0.003797877325708285,Normal
2015-07-17,Elastic_Net,60D,1,-0.0527039438272984,-0.005549331912266749,Normal
2015-07-20,Elastic_Net,60D,1,-0.0603237041414271,-0.004573682021996192,Normal
2015-07-21,Elastic_Net,60D,1,-0.0607803388106433,-0.006441036834246773,Normal
2015-07-22,Elastic_Net,60D,1,-0.0436462224390979,-0.007423537915536092,Normal
2015-07-23,Elastic_Net,60D,1,-0.0333939508540215,-0.005677451312381492,Normal
2015-07-24,Elastic_Net,60D,1,-0.0223624212134872,-0.005417110581458398,Normal
2015-07-27,Elastic_Net,60D,1,-0.0179927672043168,0.004018819188748695,Normal
2015-07-28,Elastic_Net,60D,1,-0.0361452899173403,-0.0016084265813897484,Normal
2015-07-29,Elastic_Net,60D,1,-0.0269465858321299,-0.007829745585696476,Normal
2015-07-30,Elastic_Net,60D,1,-0.0160049987671093,-0.008196137985650824,Normal
2015-07-31,Elastic_Net,60D,1,-0.0156458279671577,-0.0065542826128084375,Normal
2015-08-03,Elastic_Net,60D,1,-0.015442519887341,-0.004822185221355291,Normal
2015-08-04,Elastic_Net,60D,1,-0.0014197922322646,-0.0018809056297199554,Normal
2015-08-05,Elastic_Net,60D,1,-0.004979505798416,0.0032660908056255013,Low
2015-08-06,Elastic_Net,60D,1,-0.0020177915642793,0.0035640270128612685,Low
2015-08-07,Elastic_Net,60D,1,0.012665107630873,0.004876114950941724,Low
2015-08-10,Elastic_Net,60D,1,0.0026626249239154,-0.0030276773016301994,Low
2015-08-11,Elastic_Net,60D,1,0.0087140226644506,-0.0027676098067969945,Low
2015-08-12,Elastic_Net,60D,1,0.0066316292697374,-0.002464828827577259,Low
2015-08-13,Elastic_Net,60D,1,0.0075599733580951,-6.392125015747263e-05,Low
2015-08-14,Elastic_Net,60D,1,-0.0062156495727666,-0.0020474871384855466,Low
2015-08-17,Elastic_Net,60D,1,-0.0099040861287198,-0.0004933620839471589,Low
2015-08-18,Elastic_Net,60D,1,-0.0105084105146556,0.005931469507100657,Low
2015-08-19,Elastic_Net,60D,1,-0.0163084374416912,0.00867761006226604,Low
2015-08-20,Elastic_Net,60D,1,-0.0062531174197004,0.008726906280912581,Normal
2015-08-21,Elastic_Net,60D,1,0.0409094278964122,0.025269154463758506,High
2015-08-24,Elastic_Net,60D,1,0.0797805952246848,0.06466780025411958,High
2015-08-25,Elastic_Net,60D,1,0.1094280748445129,0.07195530685510418,High
2015-08-26,Elastic_Net,60D,1,0.0700130350810018,0.021080439318865527,High
2015-08-27,Elastic_Net,60D,1,0.0498087358714612,-0.0031088646474777097,High
2015-08-28,Elastic_Net,60D,1,0.047964560872901,-0.004922379430307766,High
2015-08-31,Elastic_Net,60D,1,0.0576128894818458,0.011958743987885446,High
2015-09-01,Elastic_Net,60D,1,0.0875063987093067,0.012473996382753202,High
2015-09-02,Elastic_Net,60D,1,0.0699721688455729,0.00068699286215387,High
2015-09-03,Elastic_Net,60D,1,0.0641562530065355,-0.004983906439969373,High
2015-09-04,Elastic_Net,60D,1,0.090228500707551,-0.00410574272042551,High
2015-09-08,Elastic_Net,60D,1,0.0543982708710637,-0.014308721116713767,High
2015-09-09,Elastic_Net,60D,1,0.0539154801959983,-0.007235559893324334,High
2015-09-10,Elastic_Net,60D,1,0.0689692611149139,-0.013881515007589097,High
2015-09-11,Elastic_Net,60D,1,0.0574782107095299,-0.019683533031173706,High
2015-09-14,Elastic_Net,60D,1,0.055065199306979,-0.016185882867638765,High
2015-09-15,Elastic_Net,60D,1,0.0345464253098539,-0.01666363781652201,High
2015-09-16,Elastic_Net,60D,1,0.0281275411730727,-0.017060475627579424,High
2015-09-17,Elastic_Net,60D,1,0.0110780178598174,-0.02213520720724648,High
2015-09-18,Elastic_Net,60D,1,0.0321185368782691,-0.026146337348284462,High
2015-09-21,Elastic_Net,60D,1,0.0381257249505107,-0.02741193583413702,High
2015-09-22,Elastic_Net,60D,1,0.0649312906206604,-0.017372131206516067,High
2015-09-23,Elastic_Net,60D,1,0.0518272582143779,-0.01012737039057401,High
2015-09-24,Elastic_Net,60D,1,0.0372384150785774,0.00159950443505949,High
2015-09-25,Elastic_Net,60D,1,0.0454526236069543,0.010957299264265665,High
2015-09-28,Elastic_Net,60D,1,0.0802319303613323,0.011310958704817348,High
2015-09-29,Elastic_Net,60D,1,0.0913414329759045,0.014756771701300006,High
2015-09-30,Elastic_Net,60D,1,0.0708456189684761,0.007208406122397733,High
2015-10-01,Elastic_Net,60D,1,0.0666927438338328,0.0024865379082696978,High
2015-10-02,Elastic_Net,60D,1,0.0630526149904501,-0.009023631498986946,High
2015-10-05,Elastic_Net,60D,1,0.0376846226881696,-0.0033430166995499257,High
2015-10-06,Elastic_Net,60D,1,0.0318228269908449,-0.0058071143188805595,High
2015-10-07,Elastic_Net,60D,1,0.0083972653354861,-0.009352161635929168,High
2015-10-08,Elastic_Net,60D,1,0.0016276893302875,-0.011933984765120535,High
2015-10-09,Elastic_Net,60D,1,-0.0122993222328538,-0.016598717105033814,High
2015-10-12,Elastic_Net,60D,1,-0.0375598032295314,-0.018864862947581447,High
2015-10-13,Elastic_Net,60D,1,-0.0416085169852523,-0.016985689430429773,High
2015-10-14,Elastic_Net,60D,1,-0.0360281777774905,-0.014009917297690362,High
2015-10-15,Elastic_Net,60D,1,-0.0429992150110709,-0.022138950895618195,High
2015-10-16,Elastic_Net,60D,1,-0.0728416514626769,-0.024211919750952056,High
2015-10-19,Elastic_Net,60D,1,-0.0565540994721662,-0.02578249064616879,High
2015-10-20,Elastic_Net,60D,1,-0.0769677711144347,-0.01999240131881338,Normal
2015-10-21,Elastic_Net,60D,1,-0.0705936420158716,-0.017886976543697114,Normal
2015-10-22,Elastic_Net,60D,1,-0.0988472550543641,-0.02570898227426511,High
2015-10-23,Elastic_Net,60D,1,-0.1046352203874588,-0.027621158467889942,High
2015-10-26,Elastic_Net,60D,1,-0.0826395605041452,-0.018214585374347378,Normal
2015-10-27,Elastic_Net,60D,1,-0.0958437198118788,-0.017891418887834784,Normal
2015-10-28,Elastic_Net,60D,1,-0.0935689704696545,-0.01634614193735634,Normal
2015-10-29,Elastic_Net,60D,1,-0.1040420173895221,-0.01639561767026919,Normal
2015-10-30,Elastic_Net,60D,1,-0.0937071849835053,-0.014969009598599349,Normal
2015-11-02,Elastic_Net,60D,1,-0.0810524103277635,-0.015326525685964362,Normal
2015-11-03,Elastic_Net,60D,1,-0.0842200980983728,-0.013577042290291705,Normal
2015-11-04,Elastic_Net,60D,1,-0.099589399876957,-0.009815905106706366,Normal
2015-11-05,Elastic_Net,60D,1,-0.0934769900988847,-0.010204221161219496,Normal
2015-11-06,Elastic_Net,60D,1,-0.0916037400263375,-0.012260581398113143,Normal
2015-11-09,Elastic_Net,60D,1,-0.1003866076461869,-0.009170419592985653,Normal
2015-11-10,Elastic_Net,60D,1,-0.1161511207226939,-0.009659554074894654,Normal
2015-11-11,Elastic_Net,60D,1,-0.1135816540478851,-0.008079372972722255,Normal
2015-11-12,Elastic_Net,60D,1,-0.0996814588420133,-0.00357733206997099,Normal
2015-11-13,Elastic_Net,60D,1,-0.1007882657391141,0.005823790296396368,Normal
2015-11-16,Elastic_Net,60D,1,-0.0962515533263025,0.0036589205139049823,Normal
2015-11-17,Elastic_Net,60D,1,-0.0785295385663709,0.012482397781562243,Normal
2015-11-18,Elastic_Net,60D,1,-0.0782166578179019,0.005510194448094603,Normal
2015-11-19,Elastic_Net,60D,1,-0.0817695496128573,0.007932973008744054,Normal
2015-11-20,Elastic_Net,60D,1,-0.0855985381748085,0.005752225217227411,Normal
2015-11-23,Elastic_Net,60D,1,-0.0700121832340483,0.003574282596909995,Normal
2015-11-24,Elastic_Net,60D,1,-0.0837660107497975,0.0064136381538895774,Normal
2015-11-25,Elastic_Net,60D,1,-0.0792069101001984,0.015864370707018308,Normal
2015-11-27,Elastic_Net,60D,1,-0.0685159849292285,0.013243071727792816,Normal
2015-11-30,Elastic_Net,60D,1,-0.0657360501191747,0.01496035413560178,Normal
2015-12-01,Elastic_Net,60D,1,-0.0845141201574857,0.012352478621216217,Normal
2015-12-02,Elastic_Net,60D,1,-0.0498691421164181,0.007960260419966484,Normal
2015-12-03,Elastic_Net,60D,1,-0.0313053658111662,0.011279648246911224,Normal
2015-12-04,Elastic_Net,60D,1,-0.0481305878547005,-0.0035364666788419187,Normal
2015-12-07,Elastic_Net,60D,1,-0.0378161040283609,-0.005234684837742538,Normal
2015-12-08,Elastic_Net,60D,1,-0.0304204286019025,0.0007016819374961805,Normal
2015-12-09,Elastic_Net,60D,1,-0.033955098292216,0.009227971899959334,Normal
2015-12-10,Elastic_Net,60D,1,-0.0311642820879965,0.014140444025492345,Normal
2015-12-11,Elastic_Net,60D,1,-0.0113946215350586,0.029478591624479567,High
2015-12-14,Elastic_Net,60D,1,0.0001236359897248,0.03373411505198745,Normal
2015-12-15,Elastic_Net,60D,1,-0.0117007127328014,0.026603718677743877,Normal
2015-12-16,Elastic_Net,60D,1,-0.0279499793178908,0.014450752098958637,High
2015-12-17,Elastic_Net,60D,1,-0.0072104748002345,0.0075462917150076,Normal
2015-12-18,Elastic_Net,60D,1,0.0173206032754685,0.009363004160391788,High
2015-12-21,Elastic_Net,60D,1,0.0139682637993383,0.005515290202302979,High
2015-12-22,Elastic_Net,60D,1,0.0061752601120617,0.0016403069585350927,High
2015-12-23,Elastic_Net,60D,1,-0.0070441093122642,-0.005671599349339779,High
2015-12-24,Elastic_Net,60D,1,-0.011850703439068,-0.004813952251600348,High
2015-12-28,Elastic_Net,60D,1,-0.0100479087621388,0.005108644724062783,High
2015-12-29,Elastic_Net,60D,1,-0.0200764660470894,0.0031636264639078766,High
2015-12-30,Elastic_Net,60D,1,-0.0040550552090735,0.0024069022746877073,High
2015-12-31,Elastic_Net,60D,1,0.0097423098259603,0.004993602529676011,High
2016-01-04,Elastic_Net,60D,1,0.0231225092641454,0.008852665548047318,High
2016-01-05,Elastic_Net,60D,1,0.0274232641913855,0.01065858945490017,High
2016-01-06,Elastic_Net,60D,1,0.0374119471481569,0.013207566998464553,High
2016-01-07,Elastic_Net,60D,1,0.0512014652557071,0.018348448370846385,High
2016-01-08,Elastic_Net,60D,1,0.0725518006335682,0.03178751453070383,High
2016-01-11,Elastic_Net,60D,1,0.0596508183677408,0.027497182487176204,High
2016-01-12,Elastic_Net,60D,1,0.0546610068545824,0.01657950558443937,High
2016-01-13,Elastic_Net,60D,1,0.0771998360428875,0.012468525287445567,High
2016-01-14,Elastic_Net,60D,1,0.0702575289898937,0.011268030721237781,High
2016-01-15,Elastic_Net,60D,1,0.1020833714566139,0.01717861379243322,High
2016-01-19,Elastic_Net,60D,1,0.1017246036993174,0.0174661687470549,High
2016-01-20,Elastic_Net,60D,1,0.1125026001490699,0.02105841665585515,High
2016-01-21,Elastic_Net,60D,1,0.1138403371269197,0.024211154921004535,High
2016-01-22,Elastic_Net,60D,1,0.0968393481475727,0.006424636297620811,High
2016-01-25,Elastic_Net,60D,1,0.1133621483696285,0.00726799051732651,High
2016-01-26,Elastic_Net,60D,1,0.0941093476819688,-0.0006661109666898785,High
2016-01-27,Elastic_Net,60D,1,0.1050801285620379,-0.0003852103531955947,High
2016-01-28,Elastic_Net,60D,1,0.0977530882236836,-0.0019826478125611648,High
2016-01-29,Elastic_Net,60D,1,0.075165437403364,-0.014930771767646879,High
2016-02-01,Elastic_Net,60D,1,0.0772567663606524,-0.013723264404075921,High
2016-02-02,Elastic_Net,60D,1,0.0869040990173222,-0.017715433971586758,High
2016-02-03,Elastic_Net,60D,1,0.0768485297651908,-0.014032400619129647,High
2016-02-04,Elastic_Net,60D,1,0.0831025681699116,-0.011437007966895521,High
2016-02-05,Elastic_Net,60D,1,0.0930422270578675,-0.005275343884285282,High
2016-02-08,Elastic_Net,60D,1,0.1013427022754523,0.0017732935578322513,High
2016-02-09,Elastic_Net,60D,1,0.1017675062294184,0.011653915053837675,High
2016-02-10,Elastic_Net,60D,1,0.1051260849137318,0.016071557838700283,High
2016-02-11,Elastic_Net,60D,1,0.1182567455505979,0.02450068090072261,High
2016-02-12,Elastic_Net,60D,1,0.1113330955795893,0.014150226627932569,High
2016-02-16,Elastic_Net,60D,1,0.0853438349600355,0.01196565910015124,High
2016-02-17,Elastic_Net,60D,1,0.06882824506643,0.002262501622121311,High
2016-02-18,Elastic_Net,60D,1,0.064990443028612,-0.004223324582520865,High
2016-02-19,Elastic_Net,60D,1,0.0747654527000267,-0.0068855105490128465,High
2016-02-22,Elastic_Net,60D,1,0.0509588580487877,-0.009654302087383132,High
2016-02-23,Elastic_Net,60D,1,0.0636965933059777,-0.010670261176686058,High
2016-02-24,Elastic_Net,60D,1,0.0555530387486249,-0.007865724199581231,High
2016-02-25,Elastic_Net,60D,1,0.0502701312409788,-0.010841882094555447,High
2016-02-26,Elastic_Net,60D,1,0.0500543600024416,-0.010717373125471271,High
2016-02-29,Elastic_Net,60D,1,0.0717971286280036,-0.006966988285998288,High
2016-03-01,Elastic_Net,60D,1,0.0551592728779684,-0.017087705100447256,High
2016-03-02,Elastic_Net,60D,1,0.0508628569669381,-0.016775146619497604,High
2016-03-03,Elastic_Net,60D,1,0.0516479175860607,-0.022096188698558394,High
2016-03-04,Elastic_Net,60D,1,0.0473417090995288,-0.020248489857121507,High
2016-03-07,Elastic_Net,60D,1,0.0475914849525912,-0.011278059703003471,High
2016-03-08,Elastic_Net,60D,1,0.0617159371755837,-0.005290043477723355,High
2016-03-09,Elastic_Net,60D,1,0.0537602021560745,-0.004782492159663185,High
2016-03-10,Elastic_Net,60D,1,0.0584897378783156,-0.0020374413262238163,High
2016-03-11,Elastic_Net,60D,1,0.0435158079186617,-0.009410177538768848,Normal
2016-03-14,Elastic_Net,60D,1,0.0480816785072284,-0.009317505325997864,Normal
2016-03-15,Elastic_Net,60D,1,0.0482010738436525,-0.007238611624955704,Normal
2016-03-16,Elastic_Net,60D,1,0.0333988135517065,-0.009739736812293842,Normal
2016-03-17,Elastic_Net,60D,1,0.0186769316934008,-0.010028438698940677,Normal
2016-03-18,Elastic_Net,60D,1,0.0124804593704028,-0.009954088388688588,Normal
2016-03-21,Elastic_Net,60D,1,0.0096529584023002,-0.01063611018954437,Normal
2016-03-22,Elastic_Net,60D,1,0.0136588244101182,-0.008508121832617684,Normal
2016-03-23,Elastic_Net,60D,1,0.0168020497961763,-0.009567403722384057,Normal
2016-03-24,Elastic_Net,60D,1,0.0229715743539761,-0.007724865656535563,Normal
2016-03-28,Elastic_Net,60D,1,0.0251348580701135,-0.0058552668246007675,Normal
2016-03-29,Elastic_Net,60D,1,0.0147039170193004,-0.00933914072150099,Normal
2016-03-30,Elastic_Net,60D,1,0.0236386040976892,-0.00494999820222718,Low
2016-03-31,Elastic_Net,60D,1,-0.0109003463482725,-0.0008449639888422136,Low
2016-04-01,Elastic_Net,60D,1,-0.0354735519265749,-0.003035131665891394,Low
2016-04-04,Elastic_Net,60D,1,-0.0146459502766325,-0.0002926709688359612,Low
2016-04-05,Elastic_Net,60D,1,0.0124395911064158,0.003549588081684393,Low
2016-04-06,Elastic_Net,60D,1,0.0154606563238687,0.00305209226544567,Low
2016-04-07,Elastic_Net,60D,1,0.0294554365869058,0.003049110518347546,Normal
2016-04-08,Elastic_Net,60D,1,0.0198017049966907,0.0020417382234143786,Normal
2016-04-11,Elastic_Net,60D,1,0.0278839379445707,0.011951084821015626,Low
2016-04-12,Elastic_Net,60D,1,0.0173962261764476,0.00817376423516079,Low
2016-04-13,Elastic_Net,60D,1,0.022544342973882,0.007035853553750165,Low
2016-04-14,Elastic_Net,60D,1,0.0257742498557478,0.009561511215847378,Low
2016-04-15,Elastic_Net,60D,1,0.0337438617392394,0.009399890024658283,Low
2016-04-18,Elastic_Net,60D,1,0.0273588948004232,0.009693401050456253,Low
2016-04-19,Elastic_Net,60D,1,0.0295245796992537,0.00855146007614297,Low
2016-04-20,Elastic_Net,60D,1,0.0278339455901481,0.011899743322392705,Low
2016-04-21,Elastic_Net,60D,1,0.0354209702693087,0.010594215696063228,Low
2016-04-22,Elastic_Net,60D,1,0.0339369071893524,0.010577145532636391,Low
2016-04-25,Elastic_Net,60D,1,0.0400118051258796,0.012456917236469243,Low
2016-04-26,Elastic_Net,60D,1,0.0345217350951175,0.013438224992811096,Low
2016-04-27,Elastic_Net,60D,1,0.0374173677728813,0.013153471023984243,Low
2016-04-28,Elastic_Net,60D,1,0.0436749850945131,0.016702291482728268,Low
2016-04-29,Elastic_Net,60D,1,0.0490736664857897,0.018563697187837076,Low
2016-05-02,Elastic_Net,60D,1,0.0400947988417371,0.014845793982630502,Low
2016-05-03,Elastic_Net,60D,1,0.0504142186782251,0.018240796974807568,Low
2016-05-04,Elastic_Net,60D,1,0.0579987815013557,0.02242990252382166,Low
2016-05-05,Elastic_Net,60D,1,0.0569672240466586,0.026163465079009053,Low
2016-05-06,Elastic_Net,60D,1,0.0474156726804386,0.02290158464712512,Low
2016-05-09,Elastic_Net,60D,1,0.0497915020888998,0.024051548016081913,Low
2016-05-10,Elastic_Net,60D,1,0.0375976861523515,0.018963520378066506,Low
2016-05-11,Elastic_Net,60D,1,0.0557719063196005,0.017920174965765583,Low
2016-05-12,Elastic_Net,60D,1,0.0550338082960231,0.015962833503206268,Low
2016-05-13,Elastic_Net,60D,1,0.0639379604443315,0.015107649535843004,Low
2016-05-16,Elastic_Net,60D,1,0.0513201869912305,0.01370191473528981,Low
2016-05-17,Elastic_Net,60D,1,0.0654994656458371,0.014791417009671301,Low
2016-05-18,Elastic_Net,60D,1,0.0644979445725215,0.019642101238823116,Low
2016-05-19,Elastic_Net,60D,1,0.0710005553897639,0.021413779904302564,Low
2016-05-20,Elastic_Net,60D,1,0.0595049539504812,0.018117388311529953,Low
2016-05-23,Elastic_Net,60D,1,0.0634594365247384,0.02025079193347988,Low
2016-05-24,Elastic_Net,60D,1,0.0520680006871307,0.01585599438971934,Normal
2016-05-25,Elastic_Net,60D,1,0.0436761614667791,0.012621992383776821,Normal
2016-05-26,Elastic_Net,60D,1,0.0433231456333847,0.011093189518940578,Normal
2016-05-27,Elastic_Net,60D,1,0.0409953178723068,0.008706459334375364,Normal
2016-05-31,Elastic_Net,60D,1,0.0367470312332248,0.012756929331729689,Normal
2016-06-01,Elastic_Net,60D,1,0.0342464721826533,0.017208417076557757,Low
2016-06-02,Elastic_Net,60D,1,0.0298457117769537,0.01904397880969351,Low
2016-06-03,Elastic_Net,60D,1,0.0379762024423229,0.015538403206326603,Low
2016-06-06,Elastic_Net,60D,1,0.0311352825158365,0.015600046093596677,Low
2016-06-07,Elastic_Net,60D,1,0.0274679757810764,0.017703616984643518,Low
2016-06-08,Elastic_Net,60D,1,0.0241224884197101,0.020364749903993954,Low
2016-06-09,Elastic_Net,60D,1,0.0300339656166386,0.023379230574949818,Low
2016-06-10,Elastic_Net,60D,1,0.04222874039681,0.026203558536097054,Low
2016-06-13,Elastic_Net,60D,1,0.0502306432482259,0.04124958614972926,Low
2016-06-14,Elastic_Net,60D,1,0.0498056601277276,0.047602928220584956,Low
2016-06-15,Elastic_Net,60D,1,0.0268203267807013,0.048086221702496226,Low
2016-06-16,Elastic_Net,60D,1,0.0382626209030902,0.044004591771744005,Low
2016-06-17,Elastic_Net,60D,1,0.0265841567694881,0.0452482320480674,Low
2016-06-20,Elastic_Net,60D,1,0.0202049245912523,0.04288903814025726,Low
2016-06-21,Elastic_Net,60D,1,0.0275550504364826,0.04288441568924251,Low
2016-06-22,Elastic_Net,60D,1,0.0254285516374863,0.054300536864365805,Low
2016-06-23,Elastic_Net,60D,1,0.0121343813317065,0.040928064448102194,Low
2016-06-24,Elastic_Net,60D,1,0.0490142676215232,0.026151521815403856,Normal
2016-06-27,Elastic_Net,60D,1,0.0781345144668618,0.02340834958698086,Normal
2016-06-28,Elastic_Net,60D,1,0.066999144780416,-0.00015988751900923234,High
2016-06-29,Elastic_Net,60D,1,0.0443566088494433,-0.01459876764262582,High
2016-06-30,Elastic_Net,60D,1,0.0222578955820611,-0.023211611031728335,High
2016-07-01,Elastic_Net,60D,1,0.0267346844543272,-0.013461271748954336,High
2016-07-05,Elastic_Net,60D,1,0.0388882900435684,-0.009003668976970011,High
2016-07-06,Elastic_Net,60D,1,0.0241844752552112,-0.009361796630968929,High
2016-07-07,Elastic_Net,60D,1,0.0329928257299719,-0.010323905145682828,High
2016-07-08,Elastic_Net,60D,2,0.0145886159824522,-0.0142180433294849,High
2016-07-11,Elastic_Net,60D,2,0.0062179148840921,-0.014045915453646921,High
2016-07-12,Elastic_Net,60D,2,0.0035205588079433,-0.010258185184438783,High
2016-07-13,Elastic_Net,60D,2,0.0038672439855662,-0.012982390334836558,High
2016-07-14,Elastic_Net,60D,2,-0.0046369662577448,-0.013679399931172332,High
2016-07-15,Elastic_Net,60D,2,0.0008877431194504,-0.0129720920289918,High
2016-07-18,Elastic_Net,60D,2,-0.014016296400174,-0.01336555287211063,High
2016-07-19,Elastic_Net,60D,2,-0.0114341596933597,-0.015049810241703692,High
2016-07-20,Elastic_Net,60D,2,-0.0187994444213578,-0.01622110164133513,High
2016-07-21,Elastic_Net,60D,2,-0.0149787904057116,-0.014383050414510306,High
2016-07-22,Elastic_Net,60D,2,-0.0225650353070622,-0.014748628552148011,High
2016-07-25,Elastic_Net,60D,2,-0.0134075109614338,-0.0033319600830665416,Normal
2016-07-26,Elastic_Net,60D,2,-0.0115406709668027,0.003002539277874791,Normal
2016-07-27,Elastic_Net,60D,2,-0.0117180811513749,0.004049523710673847,Low
2016-07-28,Elastic_Net,60D,2,-0.013407146739622,0.00741712342962814,Low
2016-07-29,Elastic_Net,60D,2,-0.0102985322098524,0.008009073591137198,Low
2016-08-01,Elastic_Net,60D,2,-0.0128328955270677,0.00873815377448324,Low
2016-08-02,Elastic_Net,60D,2,-0.0081928826355873,0.009389453090562338,Low
2016-08-03,Elastic_Net,60D,2,-0.0143131212576673,0.009174905069255845,Low
2016-08-04,Elastic_Net,60D,2,-0.0176388106967816,0.006697865908426748,Low
2016-08-05,Elastic_Net,60D,2,-0.0263277918703602,0.005109677763664172,Low
2016-08-08,Elastic_Net,60D,2,-0.0322302336875536,0.004142109419638938,Low
2016-08-09,Elastic_Net,60D,2,-0.0391668361275638,0.008131999090913168,Low
2016-08-10,Elastic_Net,60D,2,-0.0407312520866849,0.007563556805303772,Low
2016-08-11,Elastic_Net,60D,2,-0.0471221874608214,0.008724653651852701,Low
2016-08-12,Elastic_Net,60D,2,-0.0243456243444424,0.009335247460808972,Low
2016-08-15,Elastic_Net,60D,2,-0.0233697622418066,0.01035029052636489,Low
2016-08-16,Elastic_Net,60D,2,-0.0068595001456724,0.010441560234909261,Low
2016-08-17,Elastic_Net,60D,2,-0.0067775004357326,0.011037500509625837,Low
2016-08-18,Elastic_Net,60D,2,-0.0103736304799127,0.008203277122238912,Low
2016-08-19,Elastic_Net,60D,2,-0.0090478303683277,0.006002809881108151,Low
2016-08-22,Elastic_Net,60D,2,-0.0010313934629152,0.008973626672195902,Low
2016-08-23,Elastic_Net,60D,2,-0.0045647771636528,0.012514670492130913,Low
2016-08-24,Elastic_Net,60D,2,0.0053547474572168,0.013556751609844422,Low
2016-08-25,Elastic_Net,60D,2,0.0043312564883138,0.01557522636437003,Low
2016-08-26,Elastic_Net,60D,2,0.0133450227979009,0.015732199023512347,Low
2016-08-29,Elastic_Net,60D,2,0.0102936854728195,0.01277698646595662,Low
2016-08-30,Elastic_Net,60D,2,0.0130569750368511,0.01251614324974484,Low
2016-08-31,Elastic_Net,60D,2,0.0193424117558375,0.013728024103042484,Low
2016-09-01,Elastic_Net,60D,2,0.0141154078905138,0.014203860602032674,Low
2016-09-02,Elastic_Net,60D,2,0.0112575686447411,0.011218882050500537,Low
2016-09-06,Elastic_Net,60D,2,0.0056233957195792,0.010846316040807606,Low
2016-09-07,Elastic_Net,60D,2,0.002248068691109,0.012064955687573684,Low
2016-09-08,Elastic_Net,60D,2,0.004870484603664,0.013637321625043492,Low
2016-09-09,Elastic_Net,60D,2,0.035502653941244,0.007951815010260958,Low
2016-09-12,Elastic_Net,60D,2,0.0243373511766841,0.004225859531140247,Normal
2016-09-13,Elastic_Net,60D,2,0.0523564581996184,0.006198153228612805,Normal
2016-09-14,Elastic_Net,60D,2,0.0551013226163023,0.009634445917440695,Normal
2016-09-15,Elastic_Net,60D,2,0.0509642246998321,0.0036821329410638495,Normal
2016-09-16,Elastic_Net,60D,2,0.0536055702048048,0.0036917220148128434,Normal
2016-09-19,Elastic_Net,60D,2,0.0601426566398665,0.002804201298448751,Normal
2016-09-20,Elastic_Net,60D,2,0.0516932676937737,0.017386300286319253,Normal
2016-09-21,Elastic_Net,60D,2,0.0447109750476914,0.011978335410750326,Normal
2016-09-22,Elastic_Net,60D,2,0.0364800663790691,0.004074496480486857,Normal
2016-09-23,Elastic_Net,60D,2,0.0442065320539991,-8.467249282235328e-06,Normal
2016-09-26,Elastic_Net,60D,2,0.0564622945730681,0.0022576020237827614,Normal
2016-09-27,Elastic_Net,60D,2,0.0475784136830922,0.0016028850761196489,Normal
2016-09-28,Elastic_Net,60D,2,0.0404311258570532,-0.00010325995116202552,Normal
2016-09-29,Elastic_Net,60D,2,0.0510471861222136,0.00034277110673419306,Normal
2016-09-30,Elastic_Net,60D,2,0.0453566424387347,-3.347986390002042e-05,Normal
2016-10-03,Elastic_Net,60D,2,0.0402310249104903,0.0010120433802555673,Normal
2016-10-04,Elastic_Net,60D,2,0.0449055589649839,-0.00032922085164626205,Normal
2016-10-05,Elastic_Net,60D,2,0.0359702380369326,-0.00255557631269537,Normal
2016-10-06,Elastic_Net,60D,2,0.0439395609374851,-0.0013857685284440723,Normal
2016-10-07,Elastic_Net,60D,2,0.0529043121496487,0.004974964924819922,Normal
2016-10-10,Elastic_Net,60D,2,0.0475380142298433,0.007449084586224619,Normal
2016-10-11,Elastic_Net,60D,2,0.0635733811081783,0.00951321559481743,Low
2016-10-12,Elastic_Net,60D,2,0.0588725434302196,0.014338386770691998,Low
2016-10-13,Elastic_Net,60D,2,0.0619766198424537,0.018804603415094184,Low
2016-10-14,Elastic_Net,60D,2,0.0646006780724345,0.01872326373579731,Low
2016-10-17,Elastic_Net,60D,2,0.0654961837905452,0.0181398266067484,Low
2016-10-18,Elastic_Net,60D,2,0.0612028095799932,0.017992204550312148,Low
2016-10-19,Elastic_Net,60D,2,0.0560413229684243,0.015466265084202954,Low
2016-10-20,Elastic_Net,60D,2,0.0591801945696146,0.012510184759350522,Low
2016-10-21,Elastic_Net,60D,2,0.05564850208545,0.00990482552024285,Low
2016-10-24,Elastic_Net,60D,2,0.0542704914993225,0.009771055134266769,Low
2016-10-25,Elastic_Net,60D,2,0.0553816993179592,0.010374135360654207,Low
2016-10-26,Elastic_Net,60D,2,0.0636667677681089,0.014083884288235893,Low
2016-10-27,Elastic_Net,60D,2,0.0746520164700863,0.019231293422791465,Low
2016-10-28,Elastic_Net,60D,2,0.0770295016744483,0.02414778055461239,Low
2016-10-31,Elastic_Net,60D,2,0.0762849460689052,0.029692521745506375,Low
2016-11-01,Elastic_Net,60D,2,0.0770672916815436,0.034024063344439526,Low
2016-11-02,Elastic_Net,60D,2,0.0827238745269653,0.03730186556543079,Low
2016-11-03,Elastic_Net,60D,2,0.087455406537691,0.04724502382487465,Low
2016-11-04,Elastic_Net,60D,2,0.0896930736480749,0.052970962806250396,Low
2016-11-07,Elastic_Net,60D,2,0.0749513707731635,0.028162154978130807,Normal
2016-11-08,Elastic_Net,60D,2,0.069068894862297,0.025555740517157352,Low
2016-11-09,Elastic_Net,60D,2,0.0582795784464868,0.012358985064397698,Low
2016-11-10,Elastic_Net,60D,2,0.0570238148790011,0.007956354525119119,Low
2016-11-11,Elastic_Net,60D,2,0.0641588069627588,0.0058734535968824365,Low
2016-11-14,Elastic_Net,60D,2,0.0678340232419513,0.009274068930005559,Low
2016-11-15,Elastic_Net,60D,2,0.0656132018038731,0.006592789070014551,Low
2016-11-16,Elastic_Net,60D,2,0.0711960455219217,0.006744666919482813,Low
2016-11-17,Elastic_Net,60D,2,0.0715104648264584,0.006419891568469333,Low
2016-11-18,Elastic_Net,60D,2,0.0730356245904566,0.0040647507565222726,Low
2016-11-21,Elastic_Net,60D,2,0.0672790718468201,0.001691090018857951,Normal
2016-11-22,Elastic_Net,60D,2,0.071145830763296,0.0018918563121913656,Normal
2016-11-23,Elastic_Net,60D,2,0.0692553464595832,0.002526745834206069,Low
2016-11-25,Elastic_Net,60D,2,0.0657674998174185,0.003046444361909312,Low
2016-11-28,Elastic_Net,60D,2,0.0725281393041854,0.0036266923388075523,Normal
2016-11-29,Elastic_Net,60D,2,0.0722112022186572,0.00436576208529439,Low
2016-11-30,Elastic_Net,60D,2,0.0722864266586187,0.0053123705350131695,Low
2016-12-01,Elastic_Net,60D,2,0.0893893607091078,0.007873031397086673,Low
2016-12-02,Elastic_Net,60D,2,0.0831153160169178,0.010839243915467854,Low
2016-12-05,Elastic_Net,60D,2,0.0778146394587091,0.010032772845356098,Low
2016-12-06,Elastic_Net,60D,2,0.0711269322262688,0.010023402438216037,Low
2016-12-07,Elastic_Net,60D,2,0.0551319475794554,0.010774581808645888,Low
2016-12-08,Elastic_Net,60D,2,0.0506881045985206,0.016407961686597573,Low
2016-12-09,Elastic_Net,60D,2,0.0455662616783172,0.014176133397839803,Low
2016-12-12,Elastic_Net,60D,2,0.0499676836747751,0.014667112698743361,Low
2016-12-13,Elastic_Net,60D,2,0.0438157660927078,0.01658665714709569,Low
2016-12-14,Elastic_Net,60D,2,0.0485813125736756,0.014802182877022564,Low
2016-12-15,Elastic_Net,60D,2,0.0530454840108083,0.013160268775279276,Low
2016-12-16,Elastic_Net,60D,2,0.0531696059626048,0.010610352548359563,Low
2016-12-19,Elastic_Net,60D,2,0.0498812539831622,0.008972132752557557,Low
2016-12-20,Elastic_Net,60D,2,0.0442384255016291,0.01006411236490426,Low
2016-12-21,Elastic_Net,60D,2,0.0342132166362046,0.010364928534061214,Low
2016-12-22,Elastic_Net,60D,2,0.0379660307060637,0.009362502102154342,Low
2016-12-23,Elastic_Net,60D,2,0.0356542660261545,0.011678137408364401,Low
2016-12-27,Elastic_Net,60D,2,0.0325640649076675,0.013847106780581504,Low
2016-12-28,Elastic_Net,60D,2,0.0399355980315933,0.013785752674875421,Low
2016-12-29,Elastic_Net,60D,2,0.0474542545930855,0.01704072532441001,Low
2016-12-30,Elastic_Net,60D,2,0.05318682549377,0.018891539525355126,Low
2017-01-03,Elastic_Net,60D,2,0.047666869652318,0.014259945071501811,Low
2017-01-04,Elastic_Net,60D,2,0.0397033119435019,0.010302455551436879,Low
2017-01-05,Elastic_Net,60D,2,0.0388308042379696,0.009313026529041805,Low
2017-01-06,Elastic_Net,60D,2,0.035879381132052,0.012065725478402284,Low
2017-01-09,Elastic_Net,60D,2,0.0363747497920893,0.012078442035029923,Low
2017-01-10,Elastic_Net,60D,2,0.0383024000858243,0.01346535808642974,Low
2017-01-11,Elastic_Net,60D,2,0.0346492852337775,0.013668925075650552,Low
2017-01-12,Elastic_Net,60D,2,0.0374838477632903,0.01470602054838297,Low
2017-01-13,Elastic_Net,60D,2,0.0342008080761853,0.014943629852531934,Low
2017-01-17,Elastic_Net,60D,2,0.0334056851134167,0.016320552270351,Low
2017-01-18,Elastic_Net,60D,2,0.0248054643538033,0.019440775605728777,Low
2017-01-19,Elastic_Net,60D,2,0.0369977676692296,0.020810694067146765,Low
2017-01-20,Elastic_Net,60D,2,0.0307295807620965,0.016702839282251518,Low
2017-01-23,Elastic_Net,60D,2,0.0317055050112978,0.015598262449027636,Low
2017-01-24,Elastic_Net,60D,2,0.0326912148453094,0.012956677903138302,Low
2017-01-25,Elastic_Net,60D,2,0.0216574739422251,0.010915799895962305,Low
2017-01-26,Elastic_Net,60D,2,0.0331748654656,0.011120180678210682,Low
2017-01-27,Elastic_Net,60D,2,0.0401139191670928,0.01078976938092711,Low
2017-01-30,Elastic_Net,60D,2,0.0456557711875022,0.013206494073145864,Low
2017-01-31,Elastic_Net,60D,2,0.0470988397958337,0.017219306974274366,Low
2017-02-01,Elastic_Net,60D,2,0.0448855413362274,0.020968400066948716,Low
2017-02-02,Elastic_Net,60D,2,0.0460461863244302,0.0217869869536679,Low
2017-02-03,Elastic_Net,60D,2,0.039996033055688,0.01706937185562469,Low
2017-02-06,Elastic_Net,60D,2,0.0408414611735698,0.017730311126883395,Low
2017-02-07,Elastic_Net,60D,2,0.0411965909975935,0.017499387431955563,Low
2017-02-08,Elastic_Net,60D,2,0.0445838682564623,0.017934745651723982,Low
2017-02-09,Elastic_Net,60D,2,0.0388852497924102,0.01649101146490585,Low
2017-02-10,Elastic_Net,60D,2,0.0342997684136078,0.016795217344688838,Low
2017-02-13,Elastic_Net,60D,2,0.0301975975470459,0.017805611250781936,Low
2017-02-14,Elastic_Net,60D,2,0.0240331189772667,0.01874178526037841,Low
2017-02-15,Elastic_Net,60D,2,0.0175736949707379,0.023123795086676575,Low
2017-02-16,Elastic_Net,60D,2,0.0232033288753034,0.023401322671926843,Low
2017-02-17,Elastic_Net,60D,2,0.0208390465110801,0.021292075072668393,Low
2017-02-21,Elastic_Net,60D,2,-0.0035362716801041,0.021426271770915807,Low
2017-02-22,Elastic_Net,60D,2,0.0012265530939161,0.021619654356288837,Low
2017-02-23,Elastic_Net,60D,2,0.0075523573308573,0.02194841431739892,Low
2017-02-24,Elastic_Net,60D,2,0.0112069703948341,0.02263046989126118,Low
2017-02-27,Elastic_Net,60D,2,0.0120256902994809,0.024293264484654995,Low
2017-02-28,Elastic_Net,60D,2,0.017093430219252,0.02948509591144182,Low
2017-03-01,Elastic_Net,60D,2,0.0079443311775048,0.024397848509035137,Low
2017-03-02,Elastic_Net,60D,2,0.0141319499349125,0.018991442552273703,Low
2017-03-03,Elastic_Net,60D,2,0.0124228488368438,0.01327087765381951,Low
2017-03-06,Elastic_Net,60D,2,0.0152453969804584,0.011795909138104957,Low
2017-03-07,Elastic_Net,60D,2,0.0257056184673955,0.011677372812174729,Low
2017-03-08,Elastic_Net,60D,2,0.0316933210495054,0.017281012107146998,Low
2017-03-09,Elastic_Net,60D,2,0.0296753382963105,0.019732371139594647,Low
2017-03-10,Elastic_Net,60D,2,0.0236290899242478,0.018572931291209217,Low
2017-03-13,Elastic_Net,60D,2,0.0248295531014258,0.016707938707122977,Low
2017-03-14,Elastic_Net,60D,2,0.0284814711179815,0.01976513108407812,Low
2017-03-15,Elastic_Net,60D,2,0.0193112581271077,0.01738630595758739,Low
2017-03-16,Elastic_Net,60D,2,0.0199600504465733,0.015359696160854594,Low
2017-03-17,Elastic_Net,60D,2,0.0257765885540348,0.013638836394851993,Low
2017-03-20,Elastic_Net,60D,2,0.0267921776690977,0.013061751241528974,Low
2017-03-21,Elastic_Net,60D,2,0.0370356624623593,0.010084256481111144,Low
2017-03-22,Elastic_Net,60D,2,0.0354311587649565,0.014468019058043631,Low
2017-03-23,Elastic_Net,60D,2,0.0448045741166804,0.0166715669793494,Low
2017-03-24,Elastic_Net,60D,2,0.0389297658836872,0.016229942470261258,Low
2017-03-27,Elastic_Net,60D,2,0.0393670592762612,0.015748046288689393,Low
2017-03-28,Elastic_Net,60D,2,0.0316858644741992,0.014635672682461512,Low
2017-03-29,Elastic_Net,60D,2,0.0321608268257779,0.016379318088281483,Low
2017-03-30,Elastic_Net,60D,2,0.0295457678538055,0.016535406606114286,Low
2017-03-31,Elastic_Net,60D,2,0.0236977752163994,0.018360659402283746,Low
2017-04-03,Elastic_Net,60D,2,0.0341107521709638,0.019383320706529494,Low
2017-04-04,Elastic_Net,60D,2,0.0249141692521613,0.018777482355441695,Low
2017-04-05,Elastic_Net,60D,2,0.0295057636745569,0.020914742265766298,Low
2017-04-06,Elastic_Net,60D,2,0.0298862813599694,0.02147484907046952,Low
2017-04-07,Elastic_Net,60D,2,0.032165977859203,0.022464485830510875,Low
2017-04-10,Elastic_Net,60D,2,0.0220655404165536,0.027411458346075734,Low
2017-04-11,Elastic_Net,60D,2,0.0298831612781277,0.03251208319630028,Low
2017-04-12,Elastic_Net,60D,2,0.0345775348006271,0.03716434809445843,Low
2017-04-13,Elastic_Net,60D,2,0.0406325680243491,0.03589745163901098,Low
2017-04-17,Elastic_Net,60D,2,0.0393351532810635,0.02908880090074986,Low
2017-04-18,Elastic_Net,60D,2,0.0441155856003699,0.026040870136995912,Low
2017-04-19,Elastic_Net,60D,2,0.0504960271672477,0.028980152168131296,Low
2017-04-20,Elastic_Net,60D,2,0.042914262567567,0.026169423495039576,Low
2017-04-21,Elastic_Net,60D,2,0.0465516293727935,0.026977888096169154,Low
2017-04-24,Elastic_Net,60D,2,0.0411281510007351,0.0133929583784854,Low
2017-04-25,Elastic_Net,60D,2,0.034902265700377,0.0084618002137701,Low
2017-04-26,Elastic_Net,60D,2,0.0350201478468554,0.010030929366449018,Low
2017-04-27,Elastic_Net,60D,2,0.0334030798511475,0.008231510087388347,Low
2017-04-28,Elastic_Net,60D,2,0.0382369668425355,0.008967509230384307,Low
2017-05-01,Elastic_Net,60D,2,0.036788799021761,0.009345234078579855,Low
2017-05-02,Elastic_Net,60D,2,0.0346272937985559,0.010884243522850234,Low
2017-05-03,Elastic_Net,60D,2,0.0345574475162673,0.011881625245554372,Low
2017-05-04,Elastic_Net,60D,2,0.0332471033938379,0.011421302971964298,Low
2017-05-05,Elastic_Net,60D,2,0.0316128647612978,0.01157956992097689,Low
2017-05-08,Elastic_Net,60D,2,0.0320679468967374,0.008877047167324584,Low
2017-05-09,Elastic_Net,60D,2,0.0309076796185849,0.007064750973364741,Low
2017-05-10,Elastic_Net,60D,2,0.0316650383186747,0.00825881562471039,Low
2017-05-11,Elastic_Net,60D,2,0.0354760343370618,0.009065287330460074,Low
2017-05-12,Elastic_Net,60D,2,0.0345382174474707,0.010031387710603416,Low
2017-05-15,Elastic_Net,60D,2,0.0294094003517431,0.009684564745933811,Low
2017-05-16,Elastic_Net,60D,2,0.0155163149879877,0.010876854101091606,Low
2017-05-17,Elastic_Net,60D,2,0.0351365402870899,0.010780633119017504,Low
2017-05-18,Elastic_Net,60D,2,0.0414501529059233,0.01599648916357008,Low
2017-05-19,Elastic_Net,60D,2,0.0342065173708394,0.006901939943339656,Low
2017-05-22,Elastic_Net,60D,2,0.0304787495981632,0.00011885650568899467,Low
2017-05-23,Elastic_Net,60D,2,0.0130852219385914,-0.002094065602307949,Low
2017-05-24,Elastic_Net,60D,2,0.0087621344726631,0.004738767066404685,Low
2017-05-25,Elastic_Net,60D,2,0.0054919981452512,0.0031937045862740383,Low
2017-05-26,Elastic_Net,60D,2,0.0150731916205738,0.0033513749719690025,Low
2017-05-30,Elastic_Net,60D,2,0.0128189722174686,0.003922992817118765,Low
2017-05-31,Elastic_Net,60D,2,0.0112024300902816,0.005018902837547461,Low
2017-06-01,Elastic_Net,60D,2,0.0053313061743717,0.0026130681257304604,Low
2017-06-02,Elastic_Net,60D,2,0.0021173850296218,0.002326490377940367,Low
2017-06-05,Elastic_Net,60D,2,0.0041782589320601,0.0024119978922603584,Low
2017-06-06,Elastic_Net,60D,2,0.0115656993863253,0.002696778198533468,Low
2017-06-07,Elastic_Net,60D,2,0.0157033441746913,0.0034379101357001132,Low
2017-06-08,Elastic_Net,60D,2,0.0174167531813618,0.004548949058670378,Low
2017-06-09,Elastic_Net,60D,2,0.0106676284954042,0.005899230195027957,Low
2017-06-12,Elastic_Net,60D,2,0.0147707134682662,0.009361750449919395,Low
2017-06-13,Elastic_Net,60D,2,0.0100909025801826,0.007611371456474737,Low
2017-06-14,Elastic_Net,60D,2,0.0095972694020424,0.006718584549749811,Low
2017-06-15,Elastic_Net,60D,2,0.0226203543960299,0.014879779091374532,Low
2017-06-16,Elastic_Net,60D,2,0.0256950578408534,0.013582665823320517,Low
2017-06-19,Elastic_Net,60D,2,0.0181393088820419,0.011751532216435472,Low
2017-06-20,Elastic_Net,60D,2,0.0237571454781457,0.010356080270669098,Low
2017-06-21,Elastic_Net,60D,2,0.0261854372175766,0.010010675276159786,Low
2017-06-22,Elastic_Net,60D,2,0.0280961851191442,0.008997134005055921,Low
2017-06-23,Elastic_Net,60D,2,0.0276460661804665,0.007376624895588723,Low
2017-06-26,Elastic_Net,60D,2,0.0279644609430436,0.007837982094149046,Low
2017-06-27,Elastic_Net,60D,2,0.0330194815718015,0.008424436608037628,Low
2017-06-28,Elastic_Net,60D,2,0.0248975639204175,0.004560670229220859,Low
2017-06-29,Elastic_Net,60D,2,0.0313102580647049,0.004895671979585566,Low
2017-06-30,Elastic_Net,60D,2,0.0298503645797264,0.0062051692444016655,Low
2017-07-03,Elastic_Net,60D,2,0.0316190190025666,0.0063894672273997755,Low
2017-07-05,Elastic_Net,60D,2,0.031370685595216,0.007981220384395993,Low
2017-07-06,Elastic_Net,60D,2,0.0444819359705808,0.00913618280325695,Low
2017-07-07,Elastic_Net,60D,2,0.0419657422306776,0.007553005237671049,Low
2017-07-10,Elastic_Net,60D,2,0.0431949173118259,0.006458816239383885,Low
2017-07-11,Elastic_Net,60D,2,0.0452238480390217,0.006157497196190659,Low
2017-07-12,Elastic_Net,60D,2,0.0435757011224929,0.0026645337439075954,Low
2017-07-13,Elastic_Net,60D,2,0.04062866048378,0.005042814793970958,Low
2017-07-14,Elastic_Net,60D,2,0.0341599804457572,0.0034803470950750953,Low
2017-07-17,Elastic_Net,60D,2,0.036532614312942,0.003193278522321999,Low
2017-07-18,Elastic_Net,60D,2,0.0377368185444946,0.005284599212294405,Low
2017-07-19,Elastic_Net,60D,2,0.0306903832080897,0.00589730301136869,Low
2017-07-20,Elastic_Net,60D,2,0.031721776301543,0.004490682532228993,Low
2017-07-21,Elastic_Net,60D,2,0.0338389381630575,0.0031326771020614708,Low
2017-07-24,Elastic_Net,60D,2,0.0355755920639004,0.0025391504210235012,Low
2017-07-25,Elastic_Net,60D,2,0.033398744055332,0.0030391523341718393,Low
2017-07-26,Elastic_Net,60D,2,0.0334440641642229,0.005738640666312411,Low
2017-07-27,Elastic_Net,60D,2,0.039521021986647,0.00799304939727381,Low
2017-07-28,Elastic_Net,60D,2,0.0368826423517659,0.010647848621041074,Low
2017-07-31,Elastic_Net,60D,2,0.0392276540608836,0.01070668707471481,Low
2017-08-01,Elastic_Net,60D,2,0.0321075775986853,0.010189206979670136,Low
2017-08-02,Elastic_Net,60D,2,0.0328851894419401,0.010740256473118572,Low
2017-08-03,Elastic_Net,60D,2,0.0431118412566128,0.013042740635740232,Low
2017-08-04,Elastic_Net,60D,2,0.0380269424623326,0.012634381615361144,Low
2017-08-07,Elastic_Net,60D,3,0.0373251107547317,0.014040823549759204,Low
2017-08-08,Elastic_Net,60D,3,0.041333307093021,0.01626914579698825,Low
2017-08-09,Elastic_Net,60D,3,0.0418869296554,0.019168966702856144,Low
2017-08-10,Elastic_Net,60D,3,0.0595594373824559,0.022566440113417196,Low
2017-08-11,Elastic_Net,60D,3,0.0595551241392451,0.033715059751234976,Low
2017-08-14,Elastic_Net,60D,3,0.0493723520881137,0.02018141939199883,Low
2017-08-15,Elastic_Net,60D,3,0.0513138983470578,0.013607384411564316,Low
2017-08-16,Elastic_Net,60D,3,0.0461258214843552,0.01140346228442996,Low
2017-08-17,Elastic_Net,60D,3,0.0607851169954929,0.016642502987039898,Low
2017-08-18,Elastic_Net,60D,3,0.0636053215681381,0.017677310053023282,Low
2017-08-21,Elastic_Net,60D,3,0.0601310652932899,0.01418550316102887,Low
2017-08-22,Elastic_Net,60D,3,0.0446983712905412,0.003906174360408533,Low
2017-08-23,Elastic_Net,60D,3,0.0563205942061525,0.003577086165758126,Low
2017-08-24,Elastic_Net,60D,3,0.0557677939743935,0.008754373314142755,Low
2017-08-25,Elastic_Net,60D,3,0.055371192194246,0.005786398949715877,Low
2017-08-28,Elastic_Net,60D,3,0.0614040776007025,0.004120546733879101,Low
2017-08-29,Elastic_Net,60D,3,0.0598110681353632,0.008202640197634411,Low
2017-08-30,Elastic_Net,60D,3,0.0572605206255343,0.008047969252606212,Low
2017-08-31,Elastic_Net,60D,3,0.0511715154540175,0.0058547980550838555,Low
2017-09-01,Elastic_Net,60D,3,0.058991269608476,0.003450098690162688,Low
2017-09-05,Elastic_Net,60D,3,0.06620143427783,0.0040091376303110614,Low
2017-09-06,Elastic_Net,60D,3,0.0712351784474971,0.005652439282953987,Low
2017-09-07,Elastic_Net,60D,3,0.0693870475565453,0.0047395972746244255,Low
2017-09-08,Elastic_Net,60D,3,0.0698242971507167,0.008966393584412424,Low
2017-09-11,Elastic_Net,60D,3,0.0552969314276142,0.0026993457522806723,Low
2017-09-12,Elastic_Net,60D,3,0.0518245166622006,0.004563210470654824,Low
2017-09-13,Elastic_Net,60D,3,0.0539957494242275,0.0027449081165889337,Low
2017-09-14,Elastic_Net,60D,3,0.0605882753105736,0.0027682309274334755,Low
2017-09-15,Elastic_Net,60D,3,0.0619396398861102,0.006215833887151415,Low
2017-09-18,Elastic_Net,60D,3,0.0620325016790703,0.008723797193003336,Low
2017-09-19,Elastic_Net,60D,3,0.0604498530921886,0.00909438996071169,Low
2017-09-20,Elastic_Net,60D,3,0.0557365386591166,0.00900106863063851,Low
2017-09-21,Elastic_Net,60D,3,0.0677214180161742,0.007788341124184585,Low
2017-09-22,Elastic_Net,60D,3,0.0724223126006048,0.006897904776761134,Low
2017-09-25,Elastic_Net,60D,3,0.0714113372573401,0.00964427926269924,Low
2017-09-26,Elastic_Net,60D,3,0.0705109370578726,0.010452232589509017,Low
2017-09-27,Elastic_Net,60D,3,0.0684178016685429,0.008597904827766584,Low
2017-09-28,Elastic_Net,60D,3,0.0667556394014913,0.008366251856830507,Low
2017-09-29,Elastic_Net,60D,3,0.0619984006329339,0.009379850717615022,Low
2017-10-02,Elastic_Net,60D,3,0.0589225101134639,0.010318574234432103,Low
2017-10-03,Elastic_Net,60D,3,0.0585983179317225,0.012867082696673558,Low
2017-10-04,Elastic_Net,60D,3,0.0521557419778605,0.01328176039854113,Low
2017-10-05,Elastic_Net,60D,3,0.0547939161649659,0.0114846916059694,Low
2017-10-06,Elastic_Net,60D,3,0.0622465605741419,0.01111020861125636,Low
2017-10-09,Elastic_Net,60D,3,0.0680731672974825,0.014236098530543268,Low
2017-10-10,Elastic_Net,60D,3,0.0727625935555897,0.014953449822356944,Low
2017-10-11,Elastic_Net,60D,3,0.0726216743932232,0.01419544930217716,Low
2017-10-12,Elastic_Net,60D,3,0.075611935030873,0.013794789191689832,Low
2017-10-13,Elastic_Net,60D,3,0.0736213672145059,0.01293261627240509,Low
2017-10-16,Elastic_Net,60D,3,0.0788811704510823,0.014364036959061289,Low
2017-10-17,Elastic_Net,60D,3,0.0849357439447422,0.01661240766521071,Low
2017-10-18,Elastic_Net,60D,3,0.0806629711718101,0.016380421322885332,Low
2017-10-19,Elastic_Net,60D,3,0.0897060332633019,0.01726018054777582,Low
2017-10-20,Elastic_Net,60D,3,0.0829845395807977,0.015783631966749655,Low
2017-10-23,Elastic_Net,60D,3,0.0913405828807851,0.01713159272197399,Low
2017-10-24,Elastic_Net,60D,3,0.0977583463884403,0.019119578148102567,Low
2017-10-25,Elastic_Net,60D,3,0.1046043070439226,0.017116923412148804,Low
2017-10-26,Elastic_Net,60D,3,0.1027740352460883,0.017123842914846168,Low
2017-10-27,Elastic_Net,60D,3,0.0953358646651941,0.01156384920647087,Low
2017-10-30,Elastic_Net,60D,3,0.1103050801480191,0.011051470484181284,Low
2017-10-31,Elastic_Net,60D,3,0.1026063309264767,0.010370411271821943,Low
2017-11-01,Elastic_Net,60D,3,0.0900568440132356,0.011964133173046308,Low
2017-11-02,Elastic_Net,60D,3,0.0903557621022637,0.011612926028277189,Low
2017-11-03,Elastic_Net,60D,3,0.0866151744239259,0.013163873149132638,Low
2017-11-06,Elastic_Net,60D,3,0.0639080500224508,0.014576690936426996,Low
2017-11-07,Elastic_Net,60D,3,0.0222546298891511,0.01582885273970997,Low
2017-11-08,Elastic_Net,60D,3,0.0381025893060279,0.016501581224762446,Low
2017-11-09,Elastic_Net,60D,3,0.0368574324216455,0.01614173754217333,Low
2017-11-10,Elastic_Net,60D,3,-0.0005035728481023,0.023597834446403305,Low
2017-11-13,Elastic_Net,60D,3,0.0133389214401289,0.02642762520865291,Low
2017-11-14,Elastic_Net,60D,3,0.0294698676785971,0.026381318027632453,Low
2017-11-15,Elastic_Net,60D,3,0.037620388400998,0.02873296033002161,Low
2017-11-16,Elastic_Net,60D,3,0.0427711754269228,0.02454610939835137,Low
2017-11-17,Elastic_Net,60D,3,0.0573974541825955,0.02195512228460958,Low
2017-11-20,Elastic_Net,60D,3,0.0564959839437271,0.01810402203630941,Low
2017-11-21,Elastic_Net,60D,3,0.0441176279571371,0.013529431484084324,Low
2017-11-22,Elastic_Net,60D,3,0.0393565061771558,0.014604132749339638,Low
2017-11-24,Elastic_Net,60D,3,0.0382755993845018,0.01429148580275218,Low
2017-11-27,Elastic_Net,60D,3,0.0545612092164261,0.01612131588215655,Low
2017-11-28,Elastic_Net,60D,3,0.0564493156402598,0.014378448692096393,Low
2017-11-29,Elastic_Net,60D,3,0.0440302980815831,0.018775180248861968,Low
2017-11-30,Elastic_Net,60D,3,0.0247149053351159,0.02057848109477017,Low
2017-12-01,Elastic_Net,60D,3,0.0133275224160449,0.02137472728378923,Low
2017-12-04,Elastic_Net,60D,3,0.0194390184505298,0.021641822508156987,Low
2017-12-05,Elastic_Net,60D,3,0.0341570265870116,0.020035789845024306,Low
2017-12-06,Elastic_Net,60D,3,0.0369065216895389,0.017900614219529386,Low
2017-12-07,Elastic_Net,60D,3,0.0334944628537132,0.016742148215249733,Low
2017-12-08,Elastic_Net,60D,3,0.0324564090270798,0.013364465834949678,Low
2017-12-11,Elastic_Net,60D,3,0.0464891136465915,0.012095996743605186,Low
2017-12-12,Elastic_Net,60D,3,0.0436665925865035,0.015310811546244871,Low
2017-12-13,Elastic_Net,60D,3,0.037755751142339,0.01698927556322092,Low
2017-12-14,Elastic_Net,60D,3,0.0360939490479129,0.015939213875989365,Low
2017-12-15,Elastic_Net,60D,3,0.0263773992386735,0.01227267451678634,Low
2017-12-18,Elastic_Net,60D,3,0.0227309186063077,0.012097097949732578,Low
2017-12-19,Elastic_Net,60D,3,0.0116603761080529,0.012122997052215558,Low
2017-12-20,Elastic_Net,60D,3,0.0139693208433445,0.011422288548114782,Low
2017-12-21,Elastic_Net,60D,3,0.0101399417050566,0.011940988776416379,Low
2017-12-22,Elastic_Net,60D,3,-0.0148866736296839,0.013729485194039858,Low
2017-12-26,Elastic_Net,60D,3,-0.035017505241376,0.015776262275960858,Low
2017-12-27,Elastic_Net,60D,3,-0.0090130928455829,0.018987903064890916,Low
2017-12-28,Elastic_Net,60D,3,-0.0282726974938243,0.018698654577330748,Low
2017-12-29,Elastic_Net,60D,3,-0.0259969841005387,0.01852736140141045,Low
2018-01-02,Elastic_Net,60D,3,-0.0205902848250933,0.012745975473487995,Low
2018-01-03,Elastic_Net,60D,3,-0.0495594004125253,0.009654637947852878,Low
2018-01-04,Elastic_Net,60D,3,-0.0410439819521111,0.009811864760621155,Low
2018-01-05,Elastic_Net,60D,3,-0.0365530254942496,0.009702515392481341,Low
2018-01-08,Elastic_Net,60D,3,-0.0313745678598954,0.014357439105800772,Low
2018-01-09,Elastic_Net,60D,3,-0.0548407184342588,0.01646664826853225,Low
2018-01-10,Elastic_Net,60D,3,-0.0503968776551452,0.01529779136831226,Low
2018-01-11,Elastic_Net,60D,3,-0.0408173044277131,0.014213122727861644,Low
2018-01-12,Elastic_Net,60D,3,-0.0530849165992685,0.016124777095836314,Low
2018-01-16,Elastic_Net,60D,3,-0.0413373046400088,0.01952735580766707,Low
2018-01-17,Elastic_Net,60D,3,-0.0535991106732176,0.022299188340166073,Low
2018-01-18,Elastic_Net,60D,3,-0.043905076374181,0.024093348419135,Low
2018-01-19,Elastic_Net,60D,3,-0.0376756527473044,0.022097830741981916,Low
2018-01-22,Elastic_Net,60D,3,-0.0448789967219645,0.019810410717810586,Low
2018-01-23,Elastic_Net,60D,3,-0.0527935834860193,0.022653557368013527,Low
2018-01-24,Elastic_Net,60D,3,-0.06080662812714,0.023154360924532973,Low
2018-01-25,Elastic_Net,60D,3,-0.0613528374147885,0.024416300188791908,Low
2018-01-26,Elastic_Net,60D,3,-0.0865953635273479,0.021417913480557625,Low
2018-01-29,Elastic_Net,60D,3,-0.0780052530096611,0.025555897108360072,Low
2018-01-30,Elastic_Net,60D,3,-0.0566664660169471,0.02567653777915784,Low
2018-01-31,Elastic_Net,60D,3,-0.0560423266042779,0.02334442554743024,Low
2018-02-01,Elastic_Net,60D,3,-0.0636152208011759,0.021393999436778912,Low
2018-02-02,Elastic_Net,60D,3,-0.0396327381134496,0.02090674246323907,Normal
2018-02-05,Elastic_Net,60D,3,-0.0050221483764706,0.05807646752380059,High
2018-02-06,Elastic_Net,60D,3,-0.0245689393104717,0.06493743190696344,High
2018-02-07,Elastic_Net,60D,3,-0.0068249910583842,0.04860590128390431,High
2018-02-08,Elastic_Net,60D,3,0.0348860417424073,0.04171246554472395,High
2018-02-09,Elastic_Net,60D,3,0.0197947199311493,0.03340951560317638,High
2018-02-12,Elastic_Net,60D,3,0.0156117021878317,0.027323004299003924,High
2018-02-13,Elastic_Net,60D,3,0.0223291918114027,0.02037090953695178,High
2018-02-14,Elastic_Net,60D,3,0.0107218912734667,-0.0009524844853943011,High
2018-02-15,Elastic_Net,60D,3,-0.0003918709931818,0.011025921331700574,High
2018-02-16,Elastic_Net,60D,3,-0.0076309256870942,0.009391237202953116,High
2018-02-20,Elastic_Net,60D,3,0.0022799312672574,0.008836075234742188,High
2018-02-21,Elastic_Net,60D,3,0.0069353569619581,0.006132382912007434,High
2018-02-22,Elastic_Net,60D,3,0.00332661422183,0.0020073824160182583,High
2018-02-23,Elastic_Net,60D,3,-0.0052150594753577,-0.009085747341795979,High
2018-02-26,Elastic_Net,60D,3,-0.0200441866888604,-0.014684506097475316,High
2018-02-27,Elastic_Net,60D,3,-0.004012730040494,-0.011741480468761365,High
2018-02-28,Elastic_Net,60D,3,0.0051198130854393,-0.007997129178526113,High
2018-03-01,Elastic_Net,60D,3,0.0161737758861299,-0.0014783459918447026,High
2018-03-02,Elastic_Net,60D,3,-0.0005165821108609,-0.003613673379745965,High
2018-03-05,Elastic_Net,60D,3,0.0011276756305362,-0.008070848025110194,High
2018-03-06,Elastic_Net,60D,3,-0.0084110405448946,-0.0003314394739411322,High
2018-03-07,Elastic_Net,60D,3,0.0028637509900616,-0.00044739538214188385,High
2018-03-08,Elastic_Net,60D,3,0.0028801976795291,0.00047381794359725726,High
2018-03-09,Elastic_Net,60D,3,-0.0136470027921029,-0.0010388991151927922,Normal
2018-03-12,Elastic_Net,60D,3,-0.0038413048167924,-0.0004520079346816454,Normal
2018-03-13,Elastic_Net,60D,3,0.0018281619755377,-0.0005962747352850246,Normal
2018-03-14,Elastic_Net,60D,3,0.0106901607084777,0.001305422495420351,Normal
2018-03-15,Elastic_Net,60D,3,0.0125405341145145,0.0009256045536739088,Normal
2018-03-16,Elastic_Net,60D,3,0.0125804034459868,0.0036551354636213725,Normal
2018-03-19,Elastic_Net,60D,3,0.0228521894459487,0.006072415889149906,Normal
2018-03-20,Elastic_Net,60D,3,0.0238399813067334,0.008649944651040962,Normal
2018-03-21,Elastic_Net,60D,3,0.0246680531168687,0.00736083668912353,Normal
2018-03-22,Elastic_Net,60D,3,0.0480245489088366,0.009090084032676717,High
2018-03-23,Elastic_Net,60D,3,0.0651828382691959,0.017794879723311886,High
2018-03-26,Elastic_Net,60D,3,0.040098487787273,-0.0014341889483208067,High
2018-03-27,Elastic_Net,60D,3,0.0511600445893745,-0.004913279704230982,High
2018-03-28,Elastic_Net,60D,3,0.055941166743971,-0.003649490694516786,High
2018-03-29,Elastic_Net,60D,3,0.028445666282357,-0.00817163456219061,High
2018-04-02,Elastic_Net,60D,3,0.0532384991315497,-0.006759209779125783,High
2018-04-03,Elastic_Net,60D,3,0.0320609515026674,-0.007338899099812057,High
2018-04-04,Elastic_Net,60D,3,0.026720529175252,-0.010263115726845573,High
2018-04-05,Elastic_Net,60D,3,0.0206392236611176,-0.01480064934305066,High
2018-04-06,Elastic_Net,60D,3,0.0458665515524761,-0.019360237948935422,High
2018-04-09,Elastic_Net,60D,3,0.0375759273043493,-0.008021551016892586,High
2018-04-10,Elastic_Net,60D,3,0.0295711850535734,-0.011532655878358233,High
2018-04-11,Elastic_Net,60D,3,0.0435573884266146,-0.015442105010311732,High
2018-04-12,Elastic_Net,60D,3,0.0441247805142991,-0.02300927872257554,High
2018-04-13,Elastic_Net,60D,3,0.0504828296598276,-0.022379795787449325,High
2018-04-16,Elastic_Net,60D,3,0.0352870064863483,-0.027536119244205227,High
2018-04-17,Elastic_Net,60D,3,0.0333929264526536,-0.03056789363474324,High
2018-04-18,Elastic_Net,60D,3,0.0336405615817091,-0.03005644075900221,High
2018-04-19,Elastic_Net,60D,3,0.0383544787566431,-0.03225192223457417,High
2018-04-20,Elastic_Net,60D,3,0.0508934802884391,-0.029153661008627877,High
2018-04-23,Elastic_Net,60D,3,0.0529954322539921,-0.026501142755466386,High
2018-04-24,Elastic_Net,60D,3,0.0625054934114177,-0.021391769890528694,High
2018-04-25,Elastic_Net,60D,3,0.0597212214073196,-0.017325609092885764,High
2018-04-26,Elastic_Net,60D,3,0.0511774395631741,-0.02225855269581287,High
2018-04-27,Elastic_Net,60D,3,0.0548339531778637,-0.02483709329315743,High
2018-04-30,Elastic_Net,60D,3,0.0721155807971577,-0.02471649418392408,Normal
2018-05-01,Elastic_Net,60D,3,0.0665328758772627,-0.01785470543110938,Normal
2018-05-02,Elastic_Net,60D,3,0.0671809924338197,-0.01020914627922435,Normal
2018-05-03,Elastic_Net,60D,3,0.0636664207032965,-0.009135580328965609,Normal
2018-05-04,Elastic_Net,60D,3,0.0558094478942646,-0.011720625344325778,Normal
2018-05-07,Elastic_Net,60D,3,0.0513165742717036,-0.002756836670164301,Normal
2018-05-08,Elastic_Net,60D,3,0.056496600465646,-0.00270132178168429,Normal
2018-05-09,Elastic_Net,60D,3,0.0514943845961254,-0.005714103115480762,Normal
2018-05-10,Elastic_Net,60D,3,0.0456993556430785,-0.005672793936830119,Normal
2018-05-11,Elastic_Net,60D,3,0.0468134181186031,-0.008454098977587234,Normal
2018-05-14,Elastic_Net,60D,3,0.0456679042151813,-0.01005364072139299,Normal
2018-05-15,Elastic_Net,60D,3,0.0510908445821324,-0.006897110500455751,Normal
2018-05-16,Elastic_Net,60D,3,0.0398991924713735,-0.006784356032286665,Normal
2018-05-17,Elastic_Net,60D,3,0.0367413935940033,-0.00611299833016276,Normal
2018-05-18,Elastic_Net,60D,3,0.0457459888649708,-0.006363352317949145,Normal
2018-05-21,Elastic_Net,60D,3,0.0307551757356588,-0.00956475321795136,Normal
2018-05-22,Elastic_Net,60D,3,0.0417840788811721,-0.0066416129275856176,Low
2018-05-23,Elastic_Net,60D,3,0.0418585400495365,-0.007334974971179537,Low
2018-05-24,Elastic_Net,60D,3,0.0463088779093874,-0.00638672039405179,Low
2018-05-25,Elastic_Net,60D,3,0.0507352809182002,-0.0030137262656876537,Low
2018-05-29,Elastic_Net,60D,3,0.061968622375749,0.005884553271148833,Low
2018-05-30,Elastic_Net,60D,3,0.0476600531002901,0.0014355397680759045,Normal
2018-05-31,Elastic_Net,60D,3,0.0607430922720095,-0.0007623590681419823,Normal
2018-06-01,Elastic_Net,60D,3,0.0575934339698802,-0.00878478301038359,Normal
2018-06-04,Elastic_Net,60D,3,0.0533930811491263,-0.011797339606738476,Low
2018-06-05,Elastic_Net,60D,3,0.0583759773484622,-0.011808472368905098,Low
2018-06-06,Elastic_Net,60D,3,0.0454049046666922,-0.014349181617354132,Normal
2018-06-07,Elastic_Net,60D,3,0.0462538167559818,-0.009614477367543228,Low
2018-06-08,Elastic_Net,60D,3,0.0414770957993511,-0.006732516692147545,Low
2018-06-11,Elastic_Net,60D,3,0.0376018959911447,-0.005789314829471377,Low
2018-06-12,Elastic_Net,60D,3,0.0322010376758227,-0.00549851596373227,Low
2018-06-13,Elastic_Net,60D,3,0.0340194943222197,-0.0015274926748027468,Low
2018-06-14,Elastic_Net,60D,3,0.0334470220144094,-0.00329837335916007,Low
2018-06-15,Elastic_Net,60D,3,0.038197508019619,-0.004779823393841507,Low
2018-06-18,Elastic_Net,60D,3,0.0406825075503991,-0.00012477256802205863,Low
2018-06-19,Elastic_Net,60D,3,0.0499823776611817,0.006890266186653973,Low
2018-06-20,Elastic_Net,60D,3,0.0485471313378356,0.007173806208202993,Low
2018-06-21,Elastic_Net,60D,3,0.0493275691895067,0.013356694689552369,Low
2018-06-22,Elastic_Net,60D,3,0.0528220188019981,0.013553337549744136,Low
2018-06-25,Elastic_Net,60D,3,0.0678942298029406,0.015534884910151186,Normal
2018-06-26,Elastic_Net,60D,3,0.0735020934825729,0.022147371237105074,Low
2018-06-27,Elastic_Net,60D,3,0.0817750788587071,0.02577725747414491,Low
2018-06-28,Elastic_Net,60D,3,0.072093516525662,0.024373078218588036,Low
2018-06-29,Elastic_Net,60D,3,0.0700294521450272,0.02214232161416201,Low
2018-07-02,Elastic_Net,60D,3,0.0636714916295737,0.027348392661690993,Low
2018-07-03,Elastic_Net,60D,3,0.0713905971386187,0.02632960269975483,Low
2018-07-05,Elastic_Net,60D,3,0.0627998702489427,0.024826422422139904,Low
2018-07-06,Elastic_Net,60D,3,0.057988844990561,0.018331634308321437,Low
2018-07-09,Elastic_Net,60D,3,0.0488077852949404,0.0125731980714699,Low
2018-07-10,Elastic_Net,60D,3,0.0460518027128368,0.01177058723742971,Low
2018-07-11,Elastic_Net,60D,3,0.0449682536637435,0.01134100544447387,Low
2018-07-12,Elastic_Net,60D,3,0.0307139474989493,0.008175130664789835,Low
2018-07-13,Elastic_Net,60D,3,0.0292400972539911,0.00605725171815312,Low
2018-07-16,Elastic_Net,60D,3,0.0288498520407353,0.007634219818170772,Low
2018-07-17,Elastic_Net,60D,3,-0.0085323613453101,0.007564875836552036,Low
2018-07-18,Elastic_Net,60D,3,-0.031478123394589,0.010076402077441489,Low
2018-07-19,Elastic_Net,60D,3,-0.0134110611371631,0.013975296786767956,Low
2018-07-20,Elastic_Net,60D,3,-0.0183846456571888,0.01496552221955909,Low
2018-07-23,Elastic_Net,60D,3,0.0010468200344808,0.014129616500023279,Low
2018-07-24,Elastic_Net,60D,3,-0.0039753931142375,0.015874367525019535,Low
2018-07-25,Elastic_Net,60D,3,-0.0275323187599513,0.015132202411126295,Low
2018-07-26,Elastic_Net,60D,3,-0.0248566511463633,0.015749542139566718,Low
2018-07-27,Elastic_Net,60D,3,-0.0225816135979956,0.014767015886119454,Low
2018-07-30,Elastic_Net,60D,3,-0.0223379004631026,0.017867140561606914,Low
2018-07-31,Elastic_Net,60D,3,-0.0585615115435465,0.015244906370699174,Low
2018-08-01,Elastic_Net,60D,3,-0.0390669004972612,0.01626389239990607,Low
2018-08-02,Elastic_Net,60D,3,-0.0614603880894731,0.013537223215973542,Low
2018-08-03,Elastic_Net,60D,3,-0.0726750284500152,0.012319335475531525,Low
2018-08-06,Elastic_Net,60D,3,-0.0606616881289393,0.013456698909904898,Low
2018-08-07,Elastic_Net,60D,3,-0.052689011120854,0.01171854522029252,Low
2018-08-08,Elastic_Net,60D,3,-0.0419240978590295,0.012025180790583456,Low
2018-08-09,Elastic_Net,60D,3,-0.0468181042378694,0.013657239334594375,Low
2018-08-10,Elastic_Net,60D,3,-0.0340940982774308,0.015720970986472276,Low
2018-08-13,Elastic_Net,60D,3,-0.0238402728670419,0.023515262915280208,Low
2018-08-14,Elastic_Net,60D,3,-0.0092221243226853,0.021347020772974516,Low
2018-08-15,Elastic_Net,60D,3,-0.004102984729798,0.02018788286988544,Low
2018-08-16,Elastic_Net,60D,3,-0.0212327851978086,0.01674568593297405,Low
2018-08-17,Elastic_Net,60D,3,-0.0444485425585392,0.014498730248843242,Low
2018-08-20,Elastic_Net,60D,3,-0.0483566362828414,0.013717259752694817,Low
2018-08-21,Elastic_Net,60D,3,-0.058019225055919,0.015381043092015899,Low
2018-08-22,Elastic_Net,60D,3,-0.0470829612590335,0.02019217069575554,Low
2018-08-23,Elastic_Net,60D,3,-0.0431694297980144,0.019076734729575242,Low
2018-08-24,Elastic_Net,60D,3,-0.0661322969620212,0.018900283815159444,Low
2018-08-27,Elastic_Net,60D,3,-0.0920914339257175,0.018713023952386776,Low
2018-08-28,Elastic_Net,60D,3,-0.0893220066925486,0.0198166326145994,Low
2018-08-29,Elastic_Net,60D,3,-0.1015836688733159,0.0197490299085088,Low
2018-08-30,Elastic_Net,60D,3,-0.0817305209834912,0.021324620523213884,Low
2018-08-31,Elastic_Net,60D,3,-0.0786086050861836,0.020770654619606078,Low
2018-09-04,Elastic_Net,60D,3,-0.0542388617341905,0.02096739616943528,Low
2018-09-05,Elastic_Net,60D,4,-0.0536172934783179,0.01744324770529746,Low
2018-09-06,Elastic_Net,60D,4,-0.0418207547250821,0.01744324770529746,Low
2018-09-07,Elastic_Net,60D,4,-0.0287229550357051,0.01744324770529746,Low
2018-09-10,Elastic_Net,60D,4,-0.0635192120889545,0.01744324770529746,Low
2018-09-11,Elastic_Net,60D,4,-0.0687754656928142,0.01744324770529746,Low
2018-09-12,Elastic_Net,60D,4,-0.0927284094990301,0.01744324770529746,Low
2018-09-13,Elastic_Net,60D,4,-0.0962361584355051,0.01744324770529746,Low
2018-09-14,Elastic_Net,60D,4,-0.096868012011577,0.01744324770529746,Low
2018-09-17,Elastic_Net,60D,4,-0.0858778500096767,0.01744324770529746,Low
2018-09-18,Elastic_Net,60D,4,-0.091432453189717,0.01744324770529746,Low
2018-09-19,Elastic_Net,60D,4,-0.1119561534915889,0.01744324770529746,Low
2018-09-20,Elastic_Net,60D,4,-0.1407584525054947,0.01744324770529746,Low
2018-09-21,Elastic_Net,60D,4,-0.1403034547146985,0.01744324770529746,Low
2018-09-24,Elastic_Net,60D,4,-0.1522970315766216,0.01744324770529746,Low
2018-09-25,Elastic_Net,60D,4,-0.1668888925676075,0.01744324770529746,Low
2018-09-26,Elastic_Net,60D,4,-0.1843973133849882,0.01744324770529746,Low
2018-09-27,Elastic_Net,60D,4,-0.2146433624918139,0.01744324770529746,Low
2018-09-28,Elastic_Net,60D,4,-0.1662333146768707,0.01744324770529746,Low
2018-10-01,Elastic_Net,60D,4,-0.1613415780502523,0.01744324770529746,Low
2018-10-02,Elastic_Net,60D,4,-0.1621871630502045,0.01744324770529746,Low
2018-10-03,Elastic_Net,60D,4,-0.154441803924716,0.01744324770529746,Low
2018-10-04,Elastic_Net,60D,4,-0.1449710754410799,0.01744324770529746,Low
2018-10-05,Elastic_Net,60D,4,-0.1644960926753728,0.01744324770529746,Low
2018-10-08,Elastic_Net,60D,4,-0.1303414989066766,0.01744324770529746,Low
2018-10-09,Elastic_Net,60D,4,-0.1219366130772926,0.01744324770529746,Low
2018-10-10,Elastic_Net,60D,4,-0.0788716366981932,0.01744324770529746,Normal
2018-10-11,Elastic_Net,60D,4,-0.0539943853928294,0.01744324770529746,Normal
2018-10-12,Elastic_Net,60D,4,-0.0635923794267435,0.01744324770529746,Normal
2018-10-15,Elastic_Net,60D,4,-0.057816205679926,0.01744324770529746,Normal
2018-10-16,Elastic_Net,60D,4,-0.0843554283020767,0.01744324770529746,High
2018-10-17,Elastic_Net,60D,4,-0.0734381151596507,0.01744324770529746,High
2018-10-18,Elastic_Net,60D,4,-0.0567221040552213,0.01744324770529746,High
2018-10-19,Elastic_Net,60D,4,-0.0487981382137061,0.01744324770529746,High
2018-10-22,Elastic_Net,60D,4,-0.0313924282773726,0.01744324770529746,High
2018-10-23,Elastic_Net,60D,4,-0.0401238289246509,0.01744324770529746,High
2018-10-24,Elastic_Net,60D,4,-0.0065725651440592,0.01744324770529746,High
2018-10-25,Elastic_Net,60D,4,-0.0236515030117958,0.01744324770529746,High
2018-10-26,Elastic_Net,60D,4,0.0022805026987253,0.01744324770529746,High
2018-10-29,Elastic_Net,60D,4,0.0009839351452102,0.01744324770529746,High
2018-10-30,Elastic_Net,60D,4,-0.016018695761782,0.01744324770529746,High
2018-10-31,Elastic_Net,60D,4,-0.0113819646247932,0.01744324770529746,High
2018-11-01,Elastic_Net,60D,4,-0.0133238146835545,0.01744324770529746,High
2018-11-02,Elastic_Net,60D,4,-0.0060888870428677,0.01744324770529746,High
2018-11-05,Elastic_Net,60D,4,-0.0049201996225822,0.01744324770529746,High
2018-11-06,Elastic_Net,60D,4,-0.0064626169296406,0.01744324770529746,High
2018-11-07,Elastic_Net,60D,4,-0.0296766112079234,0.01744324770529746,High
2018-11-08,Elastic_Net,60D,4,-0.0365657354216622,0.01744324770529746,High
2018-11-09,Elastic_Net,60D,4,-0.0266481769402771,0.01744324770529746,High
2018-11-12,Elastic_Net,60D,4,-0.0060411741509911,0.01744324770529746,High
2018-11-13,Elastic_Net,60D,4,0.0082496975740215,0.01744324770529746,High
2018-11-14,Elastic_Net,60D,4,0.0188653179861828,0.01744324770529746,High
2018-11-15,Elastic_Net,60D,4,0.0056721218598423,0.01744324770529746,High
2018-11-16,Elastic_Net,60D,4,0.0142712889873158,0.01744324770529746,High
2018-11-19,Elastic_Net,60D,4,0.0325520715496294,0.01744324770529746,High
2018-11-20,Elastic_Net,60D,4,0.0526456006669561,0.01744324770529746,High
2018-11-21,Elastic_Net,60D,4,0.0460742620303475,0.01744324770529746,High
2018-11-23,Elastic_Net,60D,4,0.0590413204369134,0.01744324770529746,High
2018-11-26,Elastic_Net,60D,4,0.0448594490412989,0.01744324770529746,High
2018-11-27,Elastic_Net,60D,4,0.0408122950038459,0.01744324770529746,High
2018-11-28,Elastic_Net,60D,4,0.017554046264434,0.01744324770529746,High
2018-11-29,Elastic_Net,60D,4,0.0169100332108768,0.01744324770529746,High
2018-11-30,Elastic_Net,60D,4,0.0156441420829723,0.01744324770529746,High
2018-12-03,Elastic_Net,60D,4,0.0008740328933546,0.01744324770529746,High
2018-12-04,Elastic_Net,60D,4,0.0326420882422039,0.01744324770529746,High
2018-12-06,Elastic_Net,60D,4,0.0276200025522231,0.01744324770529746,High
2018-12-07,Elastic_Net,60D,4,0.0430574268702142,0.01744324770529746,High
2018-12-10,Elastic_Net,60D,4,0.0391628595158443,0.01744324770529746,High
2018-12-11,Elastic_Net,60D,4,0.0540788047546393,0.01744324770529746,High
2018-12-12,Elastic_Net,60D,4,0.0516228994720933,0.01744324770529746,High
2018-12-13,Elastic_Net,60D,4,0.0587483965415277,0.01744324770529746,High
2018-12-14,Elastic_Net,60D,4,0.0771512094786313,0.01744324770529746,High
2018-12-17,Elastic_Net,60D,4,0.1031160137156387,0.01744324770529746,High
2018-12-18,Elastic_Net,60D,4,0.1067287136607577,0.01744324770529746,High
2018-12-19,Elastic_Net,60D,4,0.1221136027567677,0.01744324770529746,High
2018-12-20,Elastic_Net,60D,4,0.1350627155001021,0.01744324770529746,High
2018-12-21,Elastic_Net,60D,4,0.166659851493332,0.01744324770529746,High
2018-12-24,Elastic_Net,60D,4,0.1749895972373731,0.01744324770529746,High
2018-12-26,Elastic_Net,60D,4,0.1257470467332581,0.01744324770529746,High
2018-12-27,Elastic_Net,60D,4,0.1243778707123752,0.01744324770529746,High
2018-12-28,Elastic_Net,60D,4,0.1209650813460074,0.01744324770529746,High
2018-12-31,Elastic_Net,60D,4,0.1160915101990622,0.01744324770529746,High
2019-01-02,Elastic_Net,60D,4,0.1215355231797607,0.01744324770529746,High
2019-01-03,Elastic_Net,60D,4,0.1581060505167203,0.01744324770529746,High
2019-01-04,Elastic_Net,60D,4,0.124364107011232,0.01744324770529746,High
2019-01-07,Elastic_Net,60D,4,0.1195242034360916,0.01744324770529746,High
2019-01-08,Elastic_Net,60D,4,0.1119580813425883,0.01744324770529746,High
2019-01-09,Elastic_Net,60D,4,0.1124941276328651,0.01744324770529746,High
2019-01-10,Elastic_Net,60D,4,0.1090327980089265,0.01744324770529746,High
2019-01-11,Elastic_Net,60D,4,0.1030931301177395,0.01744324770529746,High
2019-01-14,Elastic_Net,60D,4,0.111836362459489,0.01744324770529746,High
2019-01-15,Elastic_Net,60D,4,0.1012098659200706,0.01744324770529746,High
2019-01-16,Elastic_Net,60D,4,0.105577923780528,0.01744324770529746,High
2019-01-17,Elastic_Net,60D,4,0.0973856258299352,0.01744324770529746,High
2019-01-18,Elastic_Net,60D,4,0.0847979413152196,0.01744324770529746,High
2019-01-22,Elastic_Net,60D,4,0.096780017322453,0.01744324770529746,High
2019-01-23,Elastic_Net,60D,4,0.0961573742272519,0.01744324770529746,High
2019-01-24,Elastic_Net,60D,4,0.0957940999332072,0.01744324770529746,High
2019-01-25,Elastic_Net,60D,4,0.0961435834076845,0.01744324770529746,High
2019-01-28,Elastic_Net,60D,4,0.1018271906533572,0.01744324770529746,High
2019-01-29,Elastic_Net,60D,4,0.1029154568481992,0.01744324770529746,High
2019-01-30,Elastic_Net,60D,4,0.0921601972799442,0.01744324770529746,High
2019-01-31,Elastic_Net,60D,4,0.0846704969744102,0.01744324770529746,High
2019-02-01,Elastic_Net,60D,4,0.0847232550883948,0.01744324770529746,Normal
2019-02-04,Elastic_Net,60D,4,0.0704394281206238,0.01744324770529746,Normal
2019-02-05,Elastic_Net,60D,4,0.0636158130345906,0.01744324770529746,Normal
2019-02-06,Elastic_Net,60D,4,0.075434856231017,0.01744324770529746,Normal
2019-02-07,Elastic_Net,60D,4,0.0803550362441747,0.01744324770529746,Normal
2019-02-08,Elastic_Net,60D,4,0.0630295755892564,0.01744324770529746,Normal
2019-02-11,Elastic_Net,60D,4,0.0607140083960181,0.01744324770529746,Normal
2019-02-12,Elastic_Net,60D,4,0.0448801568312512,0.01744324770529746,Normal
2019-02-13,Elastic_Net,60D,4,0.0455741193074588,0.01744324770529746,Normal
2019-02-14,Elastic_Net,60D,4,0.0238028135526599,0.01744324770529746,Normal
2019-02-15,Elastic_Net,60D,4,0.0209667964109183,0.01744324770529746,Normal
2019-02-19,Elastic_Net,60D,4,0.0252911694120492,0.01744324770529746,Normal
2019-02-20,Elastic_Net,60D,4,0.0323715929678076,0.01744324770529746,Low
2019-02-21,Elastic_Net,60D,4,0.0300498251196051,0.01744324770529746,Low
2019-02-22,Elastic_Net,60D,4,0.0168869284494894,0.01744324770529746,Normal
2019-02-25,Elastic_Net,60D,4,0.0241157730929283,0.01744324770529746,Low
2019-02-26,Elastic_Net,60D,4,0.0220781504018693,0.01744324770529746,Low
2019-02-27,Elastic_Net,60D,4,0.0106366555968854,0.01744324770529746,Low
2019-02-28,Elastic_Net,60D,4,0.0148188069678731,0.01744324770529746,Low
2019-03-01,Elastic_Net,60D,4,-0.0004637996211001,0.01744324770529746,Low
2019-03-04,Elastic_Net,60D,4,-0.0035116023930763,0.01744324770529746,Low
2019-03-05,Elastic_Net,60D,4,-0.0002831562283725,0.01744324770529746,Low
2019-03-06,Elastic_Net,60D,4,-0.0070208878747004,0.01744324770529746,Low
2019-03-07,Elastic_Net,60D,4,-0.0016310473906772,0.01744324770529746,Low
2019-03-08,Elastic_Net,60D,4,0.0217088438218541,0.01744324770529746,Low
2019-03-11,Elastic_Net,60D,4,0.0152780352371783,0.01744324770529746,Low
2019-03-12,Elastic_Net,60D,4,0.0184459101853776,0.01744324770529746,Low
2019-03-13,Elastic_Net,60D,4,0.0219633426756181,0.01744324770529746,Low
2019-03-14,Elastic_Net,60D,4,0.02748096208198,0.01744324770529746,Low
2019-03-15,Elastic_Net,60D,4,0.0221585012155978,0.01744324770529746,Low
2019-03-18,Elastic_Net,60D,4,0.0164197465894525,0.01744324770529746,Low
2019-03-19,Elastic_Net,60D,4,0.0206393271722294,0.01744324770529746,Low
2019-03-20,Elastic_Net,60D,4,0.0219752121268462,0.01744324770529746,Low
2019-03-21,Elastic_Net,60D,4,0.0121125120645098,0.01744324770529746,Low
2019-03-22,Elastic_Net,60D,4,0.0409398287917537,0.01744324770529746,Normal
2019-03-25,Elastic_Net,60D,4,0.0447599184180874,0.01744324770529746,Normal
2019-03-26,Elastic_Net,60D,4,0.0470304708060264,0.01744324770529746,Normal
2019-03-27,Elastic_Net,60D,4,0.0504255978028975,0.01744324770529746,Normal
2019-03-28,Elastic_Net,60D,4,0.0451091546270488,0.01744324770529746,Normal
2019-03-29,Elastic_Net,60D,4,0.0288556729433365,0.01744324770529746,Normal
2019-04-01,Elastic_Net,60D,4,0.016118781746488,0.01744324770529746,Normal
2019-04-02,Elastic_Net,60D,4,0.0199172119842205,0.01744324770529746,Normal
2019-04-03,Elastic_Net,60D,4,0.023512081404731,0.01744324770529746,Normal
2019-04-04,Elastic_Net,60D,4,0.0290726347726908,0.01744324770529746,Normal
2019-04-05,Elastic_Net,60D,4,0.0273707644265805,0.01744324770529746,Normal
2019-04-08,Elastic_Net,60D,4,0.033966948336741,0.01744324770529746,Low
2019-04-09,Elastic_Net,60D,4,0.0382453905678618,0.01744324770529746,Normal
2019-04-10,Elastic_Net,60D,4,0.0299263798032381,0.01744324770529746,Normal
2019-04-11,Elastic_Net,60D,4,0.0311240505213493,0.01744324770529746,Normal
2019-04-12,Elastic_Net,60D,4,0.0290370190678863,0.01744324770529746,Normal
2019-04-15,Elastic_Net,60D,4,0.0319492058911921,0.01744324770529746,Normal
2019-04-16,Elastic_Net,60D,4,0.0360495118681185,0.01744324770529746,Normal
2019-04-17,Elastic_Net,60D,4,0.0385017664172414,0.01744324770529746,Normal
2019-04-18,Elastic_Net,60D,4,0.0335143350379816,0.01744324770529746,Low
2019-04-22,Elastic_Net,60D,4,0.0259501637549556,0.01744324770529746,Low
2019-04-23,Elastic_Net,60D,4,0.0207234102887792,0.01744324770529746,Low
2019-04-24,Elastic_Net,60D,4,0.0167216894269708,0.01744324770529746,Low
2019-04-25,Elastic_Net,60D,4,0.0199154328534938,0.01744324770529746,Low
2019-04-26,Elastic_Net,60D,4,0.0220652276694654,0.01744324770529746,Low
2019-04-29,Elastic_Net,60D,4,0.0256714719787072,0.01744324770529746,Low
2019-04-30,Elastic_Net,60D,4,0.0194442107963161,0.01744324770529746,Low
2019-05-01,Elastic_Net,60D,4,0.0343351924173905,0.01744324770529746,Low
2019-05-02,Elastic_Net,60D,4,0.034844015137016,0.01744324770529746,Low
2019-05-03,Elastic_Net,60D,4,0.0226699022860542,0.01744324770529746,Low
2019-05-06,Elastic_Net,60D,4,0.0162057085229867,0.01744324770529746,Low
2019-05-07,Elastic_Net,60D,4,0.0238156690430862,0.01744324770529746,Low
2019-05-08,Elastic_Net,60D,4,0.0181129958929411,0.01744324770529746,Low
2019-05-09,Elastic_Net,60D,4,-0.0090911876148254,0.01744324770529746,Low
2019-05-10,Elastic_Net,60D,4,0.0001284422264226,0.01744324770529746,Low
2019-05-13,Elastic_Net,60D,4,0.0253214936987788,0.01744324770529746,Normal
2019-05-14,Elastic_Net,60D,4,0.035925968642428,0.01744324770529746,Normal
2019-05-15,Elastic_Net,60D,4,0.0234653811810478,0.01744324770529746,Normal
2019-05-16,Elastic_Net,60D,4,0.0022156149486334,0.01744324770529746,Normal
2019-05-17,Elastic_Net,60D,4,0.0230883983899792,0.01744324770529746,Normal
2019-05-20,Elastic_Net,60D,4,0.0001303039108487,0.01744324770529746,Normal
2019-05-21,Elastic_Net,60D,4,-0.0058684084841615,0.01744324770529746,Normal
2019-05-22,Elastic_Net,60D,4,0.0112830420519829,0.01744324770529746,Normal
2019-05-23,Elastic_Net,60D,4,0.0353019098576621,0.01744324770529746,Normal
2019-05-24,Elastic_Net,60D,4,0.0260030507735096,0.01744324770529746,Normal
2019-05-28,Elastic_Net,60D,4,0.0426269803311228,0.01744324770529746,Normal
2019-05-29,Elastic_Net,60D,4,0.0490566875390756,0.01744324770529746,Normal
2019-05-30,Elastic_Net,60D,4,0.0206715337412407,0.01744324770529746,Normal
2019-05-31,Elastic_Net,60D,4,0.0448778517224916,0.01744324770529746,Normal
2019-06-03,Elastic_Net,60D,4,0.0444386005762435,0.01744324770529746,Normal
2019-06-04,Elastic_Net,60D,4,0.0297568250257282,0.01744324770529746,High
2019-06-05,Elastic_Net,60D,4,0.0342355804880089,0.01744324770529746,Normal
2019-06-06,Elastic_Net,60D,4,0.0287613205718813,0.01744324770529746,High
2019-06-07,Elastic_Net,60D,4,0.0113953319919359,0.01744324770529746,High
2019-06-10,Elastic_Net,60D,4,0.0175298371955919,0.01744324770529746,High
2019-06-11,Elastic_Net,60D,4,0.0308056915753027,0.01744324770529746,Normal
2019-06-12,Elastic_Net,60D,4,0.0337555402069171,0.01744324770529746,Normal
2019-06-13,Elastic_Net,60D,4,0.0295725150251668,0.01744324770529746,Normal
2019-06-14,Elastic_Net,60D,4,0.0315075792372509,0.01744324770529746,Normal
2019-06-17,Elastic_Net,60D,4,0.0377799361312853,0.01744324770529746,Normal
2019-06-18,Elastic_Net,60D,4,0.030984462816548,0.01744324770529746,Normal
2019-06-19,Elastic_Net,60D,4,0.027279069146558,0.01744324770529746,Normal
2019-06-20,Elastic_Net,60D,4,0.0147109508943291,0.01744324770529746,Normal
2019-06-21,Elastic_Net,60D,4,0.0185493925465191,0.01744324770529746,Normal
2019-06-24,Elastic_Net,60D,4,0.0206254142913732,0.01744324770529746,Normal
2019-06-25,Elastic_Net,60D,4,0.0301871644536902,0.01744324770529746,Normal
2019-06-26,Elastic_Net,60D,4,0.0265142610276139,0.01744324770529746,Normal
2019-06-27,Elastic_Net,60D,4,0.0226014346171957,0.01744324770529746,Normal
2019-06-28,Elastic_Net,60D,4,0.0084085038130445,0.01744324770529746,Normal
2019-07-01,Elastic_Net,60D,4,0.0069051704440544,0.01744324770529746,Low
2019-07-02,Elastic_Net,60D,4,0.0015494521574525,0.01744324770529746,Low
2019-07-03,Elastic_Net,60D,4,-0.0114241780823603,0.01744324770529746,Low
2019-07-05,Elastic_Net,60D,4,-0.0045817336625631,0.01744324770529746,Low
2019-07-08,Elastic_Net,60D,4,-0.0120686875978521,0.01744324770529746,Low
2019-07-09,Elastic_Net,60D,4,-0.0313698848439499,0.01744324770529746,Low
2019-07-10,Elastic_Net,60D,4,-0.0279301270061657,0.01744324770529746,Low
2019-07-11,Elastic_Net,60D,4,-0.0160959613458552,0.01744324770529746,Low
2019-07-12,Elastic_Net,60D,4,-0.0251938479216032,0.01744324770529746,Low
2019-07-15,Elastic_Net,60D,4,-0.0410528612020973,0.01744324770529746,Low
2019-07-16,Elastic_Net,60D,4,-0.0285799801322411,0.01744324770529746,Low
2019-07-17,Elastic_Net,60D,4,-0.0156321122543654,0.01744324770529746,Low
2019-07-18,Elastic_Net,60D,4,-0.0083281302893955,0.01744324770529746,Low
2019-07-19,Elastic_Net,60D,4,-0.0035203224977698,0.01744324770529746,Low
2019-07-22,Elastic_Net,60D,4,0.003561421192469,0.01744324770529746,Low
2019-07-23,Elastic_Net,60D,4,-0.0052642685000011,0.01744324770529746,Low
2019-07-24,Elastic_Net,60D,4,-0.0071824393437015,0.01744324770529746,Low
2019-07-25,Elastic_Net,60D,4,-0.0058331885699018,0.01744324770529746,Low
2019-07-26,Elastic_Net,60D,4,-0.006345610235351,0.01744324770529746,Low
2019-07-29,Elastic_Net,60D,4,-0.0083032375646705,0.01744324770529746,Low
2019-07-30,Elastic_Net,60D,4,-0.0028781488467953,0.01744324770529746,Low
2019-07-31,Elastic_Net,60D,4,0.009985662764516,0.01744324770529746,Low
2019-08-01,Elastic_Net,60D,4,0.0230896198439779,0.01744324770529746,Low
2019-08-02,Elastic_Net,60D,4,0.0359648282996607,0.01744324770529746,Low
2019-08-05,Elastic_Net,60D,4,0.0653622585128747,0.01744324770529746,Normal
2019-08-06,Elastic_Net,60D,4,0.0556773240025654,0.01744324770529746,Normal
2019-08-07,Elastic_Net,60D,4,0.0518833030341676,0.01744324770529746,Normal
2019-08-08,Elastic_Net,60D,4,0.04291077112695,0.01744324770529746,High
2019-08-09,Elastic_Net,60D,4,0.0532466100659196,0.01744324770529746,High
2019-08-12,Elastic_Net,60D,4,0.0644540164700142,0.01744324770529746,High
2019-08-13,Elastic_Net,60D,4,0.0501379207950019,0.01744324770529746,High
2019-08-14,Elastic_Net,60D,4,0.0825946484938183,0.01744324770529746,High
2019-08-15,Elastic_Net,60D,4,0.0826908149407538,0.01744324770529746,High
2019-08-16,Elastic_Net,60D,4,0.0664033613551717,0.01744324770529746,High
2019-08-19,Elastic_Net,60D,4,0.0559336090920372,0.01744324770529746,High
2019-08-20,Elastic_Net,60D,4,0.064591105974269,0.01744324770529746,High
2019-08-21,Elastic_Net,60D,4,0.0572148190313726,0.01744324770529746,High
2019-08-22,Elastic_Net,60D,4,0.0653870507686243,0.01744324770529746,High
2019-08-23,Elastic_Net,60D,4,0.0921789582142719,0.01744324770529746,High
2019-08-26,Elastic_Net,60D,4,0.0806630753837815,0.01744324770529746,High
2019-08-27,Elastic_Net,60D,4,0.0801081407633966,0.01744324770529746,High
2019-08-28,Elastic_Net,60D,4,0.0719999831466448,0.01744324770529746,High
2019-08-29,Elastic_Net,60D,4,0.0615650746479262,0.01744324770529746,High
2019-08-30,Elastic_Net,60D,4,0.0684017457755166,0.01744324770529746,High
2019-09-03,Elastic_Net,60D,4,0.0775179187531423,0.01744324770529746,High
2019-09-04,Elastic_Net,60D,4,0.0708999291000208,0.01744324770529746,High
2019-09-05,Elastic_Net,60D,4,0.0539547299482719,0.01744324770529746,High
2019-09-06,Elastic_Net,60D,4,0.0443760554499313,0.01744324770529746,High
2019-09-09,Elastic_Net,60D,4,0.0378098448707861,0.01744324770529746,High
2019-09-10,Elastic_Net,60D,4,0.0437912500536252,0.01744324770529746,High
2019-09-11,Elastic_Net,60D,4,0.038086704653868,0.01744324770529746,High
2019-09-12,Elastic_Net,60D,4,0.0443059344060605,0.01744324770529746,Normal
2019-09-13,Elastic_Net,60D,4,0.0418627775985523,0.01744324770529746,Normal
2019-09-16,Elastic_Net,60D,4,0.0439057543459242,0.01744324770529746,Normal
2019-09-17,Elastic_Net,60D,4,0.0442312665028129,0.01744324770529746,Normal
2019-09-18,Elastic_Net,60D,4,0.052427300594101,0.01744324770529746,Normal
2019-09-19,Elastic_Net,60D,4,0.052479905222386,0.01744324770529746,Normal
2019-09-20,Elastic_Net,60D,4,0.0645098652698094,0.01744324770529746,Normal
2019-09-23,Elastic_Net,60D,4,0.064942041916098,0.01744324770529746,Low
2019-09-24,Elastic_Net,60D,4,0.0729616372391268,0.01744324770529746,Low
2019-09-25,Elastic_Net,60D,4,0.0712713308190273,0.01744324770529746,Low
2019-09-26,Elastic_Net,60D,4,0.0786357976329745,0.01744324770529746,Low
2019-09-27,Elastic_Net,60D,4,0.0848321009264014,0.01744324770529746,Low
2019-09-30,Elastic_Net,60D,4,0.0796017234086848,0.01744324770529746,Low
2019-10-01,Elastic_Net,60D,4,0.0970509127641516,0.01744324770529746,Low
2019-10-02,Elastic_Net,60D,4,0.1151503010914535,0.01744324770529746,Normal
2019-10-03,Elastic_Net,60D,4,0.1014124002382368,0.01744324770529746,Low
2019-10-04,Elastic_Net,60D,5,0.0902373056431684,0.017599339396349004,Normal
2019-10-07,Elastic_Net,60D,5,0.1030695532791667,0.017599339396349004,Normal
2019-10-08,Elastic_Net,60D,5,0.1116678034663222,0.017599339396349004,Normal
2019-10-09,Elastic_Net,60D,5,0.1061316521457489,0.017599339396349004,Normal
2019-10-10,Elastic_Net,60D,5,0.0969292746493716,0.017599339396349004,Normal
2019-10-11,Elastic_Net,60D,5,0.0909401684612235,0.017599339396349004,Normal
2019-10-14,Elastic_Net,60D,5,0.0989614642513489,0.017599339396349004,Normal
2019-10-15,Elastic_Net,60D,5,0.086195756387355,0.017599339396349004,Normal
2019-10-16,Elastic_Net,60D,5,0.0951492949864821,0.017599339396349004,Normal
2019-10-17,Elastic_Net,60D,5,0.0908745921798109,0.017599339396349004,Normal
2019-10-18,Elastic_Net,60D,5,0.0966700881332987,0.017599339396349004,Normal
2019-10-21,Elastic_Net,60D,5,0.0981537214501969,0.017599339396349004,Normal
2019-10-22,Elastic_Net,60D,5,0.1055834939560589,0.017599339396349004,Normal
2019-10-23,Elastic_Net,60D,5,0.1000848902406426,0.017599339396349004,Normal
2019-10-24,Elastic_Net,60D,5,0.0984553198781523,0.017599339396349004,Normal
2019-10-25,Elastic_Net,60D,5,0.0955312165608546,0.017599339396349004,Normal
2019-10-28,Elastic_Net,60D,5,0.080882107218543,0.017599339396349004,Normal
2019-10-29,Elastic_Net,60D,5,0.0658591068181796,0.017599339396349004,Normal
2019-10-30,Elastic_Net,60D,5,0.0726144009176749,0.017599339396349004,Normal
2019-10-31,Elastic_Net,60D,5,0.0747745894086294,0.017599339396349004,Normal
2019-11-01,Elastic_Net,60D,5,0.0682881157791931,0.017599339396349004,Low
2019-11-04,Elastic_Net,60D,5,0.0467264264025176,0.017599339396349004,Low
2019-11-05,Elastic_Net,60D,5,0.0551412548755708,0.017599339396349004,Low
2019-11-06,Elastic_Net,60D,5,0.0693083202007874,0.017599339396349004,Low
2019-11-07,Elastic_Net,60D,5,0.0777697236154795,0.017599339396349004,Low
2019-11-08,Elastic_Net,60D,5,0.0785324755273658,0.017599339396349004,Low
2019-11-11,Elastic_Net,60D,5,0.0750813799312446,0.017599339396349004,Low
2019-11-12,Elastic_Net,60D,5,0.0808176467505549,0.017599339396349004,Low
2019-11-13,Elastic_Net,60D,5,0.0817934138664408,0.017599339396349004,Low
2019-11-14,Elastic_Net,60D,5,0.087398574357187,0.017599339396349004,Low
2019-11-15,Elastic_Net,60D,5,0.0781007692192253,0.017599339396349004,Low
2019-11-18,Elastic_Net,60D,5,0.0794395789949009,0.017599339396349004,Low
2019-11-19,Elastic_Net,60D,5,0.0771081351084458,0.017599339396349004,Low
2019-11-20,Elastic_Net,60D,5,0.0855661398136718,0.017599339396349004,Low
2019-11-21,Elastic_Net,60D,5,0.0833273284718638,0.017599339396349004,Low
2019-11-22,Elastic_Net,60D,5,0.0705809452966679,0.017599339396349004,Low
2019-11-25,Elastic_Net,60D,5,0.0290136139887602,0.017599339396349004,Low
2019-11-26,Elastic_Net,60D,5,-0.0039274540315333,0.017599339396349004,Low
2019-11-27,Elastic_Net,60D,5,-0.011878886980363,0.017599339396349004,Low
2019-11-29,Elastic_Net,60D,5,-0.0530277371026352,0.017599339396349004,Low
2019-12-02,Elastic_Net,60D,5,-0.0526317165183246,0.017599339396349004,Low
2019-12-03,Elastic_Net,60D,5,-0.0009606224908662,0.017599339396349004,Low
2019-12-04,Elastic_Net,60D,5,-0.0357747650225508,0.017599339396349004,Low
2019-12-05,Elastic_Net,60D,5,0.0040624574114522,0.017599339396349004,Low
2019-12-06,Elastic_Net,60D,5,-0.0395425710589547,0.017599339396349004,Low
2019-12-09,Elastic_Net,60D,5,-0.0535756810268664,0.017599339396349004,Low
2019-12-10,Elastic_Net,60D,5,-0.1314885577982538,0.017599339396349004,Low
2019-12-11,Elastic_Net,60D,5,-0.0861774429017455,0.017599339396349004,Low
2019-12-12,Elastic_Net,60D,5,-0.144819003085906,0.017599339396349004,Low
2019-12-13,Elastic_Net,60D,5,-0.2448364346385943,0.017599339396349004,Low
2019-12-16,Elastic_Net,60D,5,-0.1631503886319012,0.017599339396349004,Low
2019-12-17,Elastic_Net,60D,5,-0.2911378221331797,0.017599339396349004,Low
2019-12-18,Elastic_Net,60D,5,-0.2324791158569651,0.017599339396349004,Low
2019-12-19,Elastic_Net,60D,5,-0.2901507670109097,0.017599339396349004,Low
2019-12-20,Elastic_Net,60D,5,-0.2903866018448428,0.017599339396349004,Low
2019-12-23,Elastic_Net,60D,5,-0.3355799946125081,0.017599339396349004,Low
2019-12-24,Elastic_Net,60D,5,-0.3651160283196166,0.017599339396349004,Low
2019-12-26,Elastic_Net,60D,5,-0.2805478582117074,0.017599339396349004,Low
2019-12-27,Elastic_Net,60D,5,-0.2691128519305432,0.017599339396349004,Low
2019-12-30,Elastic_Net,60D,5,-0.2027714247769467,0.017599339396349004,Low
2019-12-31,Elastic_Net,60D,5,-0.2399809609627638,0.017599339396349004,Low
2020-01-02,Elastic_Net,60D,5,-0.2153582657551059,0.017599339396349004,Low
2020-01-03,Elastic_Net,60D,5,-0.2244156671785671,0.017599339396349004,Low
2020-01-06,Elastic_Net,60D,5,-0.2730891751056266,0.017599339396349004,Low
2020-01-07,Elastic_Net,60D,5,-0.2477093429640714,0.017599339396349004,Low
2020-01-08,Elastic_Net,60D,5,-0.267852677275657,0.017599339396349004,Low
2020-01-09,Elastic_Net,60D,5,-0.2065176472477329,0.017599339396349004,Low
2020-01-10,Elastic_Net,60D,5,-0.2052627238085905,0.017599339396349004,Low
2020-01-13,Elastic_Net,60D,5,-0.1787253466632389,0.017599339396349004,Low
2020-01-14,Elastic_Net,60D,5,-0.1628261955226439,0.017599339396349004,Low
2020-01-15,Elastic_Net,60D,5,-0.1748507052110091,0.017599339396349004,Low
2020-01-16,Elastic_Net,60D,5,-0.1530678930609332,0.017599339396349004,Low
2020-01-17,Elastic_Net,60D,5,-0.1791993489807876,0.017599339396349004,Low
2020-01-21,Elastic_Net,60D,5,-0.1707440107716609,0.017599339396349004,Low
2020-01-22,Elastic_Net,60D,5,-0.1445921130470213,0.017599339396349004,Low
2020-01-23,Elastic_Net,60D,5,-0.1637752848557273,0.017599339396349004,Low
2020-01-24,Elastic_Net,60D,5,-0.1858471106658642,0.017599339396349004,Low
2020-01-27,Elastic_Net,60D,5,-0.1473200577268835,0.017599339396349004,Low
2020-01-28,Elastic_Net,60D,5,-0.1578630088874316,0.017599339396349004,Normal
2020-01-29,Elastic_Net,60D,5,-0.1431736681770078,0.017599339396349004,Low
2020-01-30,Elastic_Net,60D,5,-0.131696256925483,0.017599339396349004,Low
2020-01-31,Elastic_Net,60D,5,-0.1190879835446038,0.017599339396349004,Normal
2020-02-03,Elastic_Net,60D,5,-0.1000797052607633,0.017599339396349004,Normal
2020-02-04,Elastic_Net,60D,5,-0.1242041644973242,0.017599339396349004,Normal
2020-02-05,Elastic_Net,60D,5,-0.1638521541710731,0.017599339396349004,Normal
2020-02-06,Elastic_Net,60D,5,-0.1629314866492255,0.017599339396349004,Normal
2020-02-07,Elastic_Net,60D,5,-0.1485160604419874,0.017599339396349004,Normal
2020-02-10,Elastic_Net,60D,5,-0.1628196309616034,0.017599339396349004,Normal
2020-02-11,Elastic_Net,60D,5,-0.1530677238927147,0.017599339396349004,Normal
2020-02-12,Elastic_Net,60D,5,-0.1427787819326914,0.017599339396349004,Normal
2020-02-13,Elastic_Net,60D,5,-0.141013936205912,0.017599339396349004,Normal
2020-02-14,Elastic_Net,60D,5,-0.1635691380764451,0.017599339396349004,Normal
2020-02-18,Elastic_Net,60D,5,-0.1782619207145773,0.017599339396349004,Normal
2020-02-19,Elastic_Net,60D,5,-0.171497751194791,0.017599339396349004,Normal
2020-02-20,Elastic_Net,60D,5,-0.1637562585630704,0.017599339396349004,Normal
2020-02-21,Elastic_Net,60D,5,-0.1221672405601772,0.017599339396349004,Normal
2020-02-24,Elastic_Net,60D,5,-0.0986189088513358,0.017599339396349004,High
2020-02-25,Elastic_Net,60D,5,-0.051357013862567,0.017599339396349004,High
2020-02-26,Elastic_Net,60D,5,-0.0553752848489906,0.017599339396349004,High
2020-02-27,Elastic_Net,60D,5,-0.0078562028099171,0.017599339396349004,High
2020-02-28,Elastic_Net,60D,5,0.0126305453211963,0.017599339396349004,High
2020-03-02,Elastic_Net,60D,5,-0.0176618759579024,0.017599339396349004,High
2020-03-03,Elastic_Net,60D,5,0.0087384696400924,0.017599339396349004,High
2020-03-04,Elastic_Net,60D,5,-0.0277970861682327,0.017599339396349004,High
2020-03-05,Elastic_Net,60D,5,0.0104579127501126,0.017599339396349004,High
2020-03-06,Elastic_Net,60D,5,0.0358361636848974,0.017599339396349004,High
2020-03-09,Elastic_Net,60D,5,0.128403247437833,0.017599339396349004,High
2020-03-10,Elastic_Net,60D,5,0.076813805928365,0.017599339396349004,High
2020-03-11,Elastic_Net,60D,5,0.1527907115586064,0.017599339396349004,High
2020-03-12,Elastic_Net,60D,5,0.2647052203668858,0.017599339396349004,High
2020-03-13,Elastic_Net,60D,5,0.1680670699979278,0.017599339396349004,High
2020-03-16,Elastic_Net,60D,5,0.2903920117355631,0.017599339396349004,High
2020-03-17,Elastic_Net,60D,5,0.1714130061035825,0.017599339396349004,High
2020-03-18,Elastic_Net,60D,5,0.2376115650408744,0.017599339396349004,High
2020-03-19,Elastic_Net,60D,5,0.2411926648886486,0.017599339396349004,High
2020-03-20,Elastic_Net,60D,5,0.304305141808726,0.017599339396349004,High
2020-03-23,Elastic_Net,60D,5,0.3304298465856734,0.017599339396349004,High
2020-03-24,Elastic_Net,60D,5,0.241340657471512,0.017599339396349004,High
2020-03-25,Elastic_Net,60D,5,0.224206153485016,0.017599339396349004,High
2020-03-26,Elastic_Net,60D,5,0.1701364157074279,0.017599339396349004,High
2020-03-27,Elastic_Net,60D,5,0.2087024304405379,0.017599339396349004,High
2020-03-30,Elastic_Net,60D,5,0.1495405742749009,0.017599339396349004,High
2020-03-31,Elastic_Net,60D,5,0.1765827127915347,0.017599339396349004,High
2020-04-01,Elastic_Net,60D,5,0.1972038712494905,0.017599339396349004,High
2020-04-02,Elastic_Net,60D,5,0.1892101023060638,0.017599339396349004,High
2020-04-03,Elastic_Net,60D,5,0.2197553125677639,0.017599339396349004,High
2020-04-06,Elastic_Net,60D,5,0.1567966323988042,0.017599339396349004,High
2020-04-07,Elastic_Net,60D,5,0.1629319419239835,0.017599339396349004,High
2020-04-08,Elastic_Net,60D,5,0.1451995015648621,0.017599339396349004,High
2020-04-09,Elastic_Net,60D,5,0.1199385533915191,0.017599339396349004,High
2020-04-13,Elastic_Net,60D,5,0.1378915990996266,0.017599339396349004,High
2020-04-14,Elastic_Net,60D,5,0.1021174480511244,0.017599339396349004,High
2020-04-15,Elastic_Net,60D,5,0.1348059904979366,0.017599339396349004,High
2020-04-16,Elastic_Net,60D,5,0.1195995074423363,0.017599339396349004,High
2020-04-17,Elastic_Net,60D,5,0.1064758760039197,0.017599339396349004,High
2020-04-20,Elastic_Net,60D,5,0.1335597785556226,0.017599339396349004,High
2020-04-21,Elastic_Net,60D,5,0.1613029785778379,0.017599339396349004,High
2020-04-22,Elastic_Net,60D,5,0.1414762405832847,0.017599339396349004,High
2020-04-23,Elastic_Net,60D,5,0.1503876054986206,0.017599339396349004,High
2020-04-24,Elastic_Net,60D,5,0.1382431442663414,0.017599339396349004,High
2020-04-27,Elastic_Net,60D,5,0.1293669066790793,0.017599339396349004,High
2020-04-28,Elastic_Net,60D,5,0.1222266984573162,0.017599339396349004,High
2020-04-29,Elastic_Net,60D,5,0.0897803543879671,0.017599339396349004,High
2020-04-30,Elastic_Net,60D,5,0.1064034265285042,0.017599339396349004,High
2020-05-01,Elastic_Net,60D,5,0.1283692021246338,0.017599339396349004,High
2020-05-04,Elastic_Net,60D,5,0.1364801628975269,0.017599339396349004,High
2020-05-05,Elastic_Net,60D,5,0.1237229259362923,0.017599339396349004,High
2020-05-06,Elastic_Net,60D,5,0.1383680425775113,0.017599339396349004,High
2020-05-07,Elastic_Net,60D,5,0.1340844494869794,0.017599339396349004,High
2020-05-08,Elastic_Net,60D,5,0.1209590774478866,0.017599339396349004,High
2020-05-11,Elastic_Net,60D,5,0.1272351685166139,0.017599339396349004,High
2020-05-12,Elastic_Net,60D,5,0.1543556603093262,0.017599339396349004,High
2020-05-13,Elastic_Net,60D,5,0.172605486203563,0.017599339396349004,High
2020-05-14,Elastic_Net,60D,5,0.1638850336728834,0.017599339396349004,High
2020-05-15,Elastic_Net,60D,5,0.1519653030677831,0.017599339396349004,High
2020-05-18,Elastic_Net,60D,5,0.1348495965913232,0.017599339396349004,High
2020-05-19,Elastic_Net,60D,5,0.143340071626766,0.017599339396349004,High
2020-05-20,Elastic_Net,60D,5,0.1266541836170713,0.017599339396349004,High
2020-05-21,Elastic_Net,60D,5,0.1371643294344483,0.017599339396349004,High
2020-05-22,Elastic_Net,60D,5,0.1371141241674528,0.017599339396349004,High
2020-05-26,Elastic_Net,60D,5,0.1204857158008104,0.017599339396349004,High
2020-05-27,Elastic_Net,60D,5,0.1089209230788422,0.017599339396349004,High
2020-05-28,Elastic_Net,60D,5,0.1144662623867342,0.017599339396349004,High
2020-05-29,Elastic_Net,60D,5,0.1196590841993297,0.017599339396349004,High
2020-06-01,Elastic_Net,60D,5,0.1195047674665055,0.017599339396349004,High
2020-06-02,Elastic_Net,60D,5,0.1214714615289484,0.017599339396349004,High
2020-06-03,Elastic_Net,60D,5,0.1095864367481935,0.017599339396349004,High
2020-06-04,Elastic_Net,60D,5,0.1196708286813728,0.017599339396349004,High
2020-06-05,Elastic_Net,60D,5,0.0915994406842282,0.017599339396349004,High
2020-06-08,Elastic_Net,60D,5,0.0871266156991282,0.017599339396349004,High
2020-06-09,Elastic_Net,60D,5,0.1102054092627199,0.017599339396349004,High
2020-06-10,Elastic_Net,60D,5,0.0797750708557166,0.017599339396349004,High
2020-06-11,Elastic_Net,60D,5,0.1323614830977306,0.017599339396349004,High
2020-06-12,Elastic_Net,60D,5,0.091236367406052,0.017599339396349004,High
2020-06-15,Elastic_Net,60D,5,0.1029032672500572,0.017599339396349004,High
2020-06-16,Elastic_Net,60D,5,0.0663771684579512,0.017599339396349004,High
2020-06-17,Elastic_Net,60D,5,0.070516894848668,0.017599339396349004,High
2020-06-18,Elastic_Net,60D,5,0.0825841864698891,0.017599339396349004,High
2020-06-19,Elastic_Net,60D,5,0.0934554859660624,0.017599339396349004,High
2020-06-22,Elastic_Net,60D,5,0.0823517457772523,0.017599339396349004,High
2020-06-23,Elastic_Net,60D,5,0.0696056270572161,0.017599339396349004,High
2020-06-24,Elastic_Net,60D,5,0.0845553157050498,0.017599339396349004,High
2020-06-25,Elastic_Net,60D,5,0.062016923949534,0.017599339396349004,High
2020-06-26,Elastic_Net,60D,5,0.0970051446227411,0.017599339396349004,High
2020-06-29,Elastic_Net,60D,5,0.0584189175948333,0.017599339396349004,High
2020-06-30,Elastic_Net,60D,5,0.0461095737137068,0.017599339396349004,High
2020-07-01,Elastic_Net,60D,5,0.0569504489620244,0.017599339396349004,High
2020-07-02,Elastic_Net,60D,5,0.0684016703390619,0.017599339396349004,High
2020-07-06,Elastic_Net,60D,5,0.0478204568024545,0.017599339396349004,High
2020-07-07,Elastic_Net,60D,5,0.0669177772404776,0.017599339396349004,High
2020-07-08,Elastic_Net,60D,5,0.0643997405413424,0.017599339396349004,High
2020-07-09,Elastic_Net,60D,5,0.0604355191511662,0.017599339396349004,High
2020-07-10,Elastic_Net,60D,5,0.0678368183796241,0.017599339396349004,High
2020-07-13,Elastic_Net,60D,5,0.0631713992081599,0.017599339396349004,High
2020-07-14,Elastic_Net,60D,5,0.0671012623954973,0.017599339396349004,High
2020-07-15,Elastic_Net,60D,5,0.0660384183540117,0.017599339396349004,High
2020-07-16,Elastic_Net,60D,5,0.0782054287488797,0.017599339396349004,High
2020-07-17,Elastic_Net,60D,5,0.0916433963196205,0.017599339396349004,High
2020-07-20,Elastic_Net,60D,5,0.0769447074353169,0.017599339396349004,High
2020-07-21,Elastic_Net,60D,5,0.0686219060166973,0.017599339396349004,High
2020-07-22,Elastic_Net,60D,5,0.0613623519080105,0.017599339396349004,High
2020-07-23,Elastic_Net,60D,5,0.0738936407768879,0.017599339396349004,High
2020-07-24,Elastic_Net,60D,5,0.0636386172862214,0.017599339396349004,High
2020-07-27,Elastic_Net,60D,5,0.0609868837847403,0.017599339396349004,Normal
2020-07-28,Elastic_Net,60D,5,0.0652832051918163,0.017599339396349004,Normal
2020-07-29,Elastic_Net,60D,5,0.0581367758435649,0.017599339396349004,Normal
2020-07-30,Elastic_Net,60D,5,0.0653339159274092,0.017599339396349004,Normal
2020-07-31,Elastic_Net,60D,5,0.0389282066999108,0.017599339396349004,Normal
2020-08-03,Elastic_Net,60D,5,0.0287426386851066,0.017599339396349004,Normal
2020-08-04,Elastic_Net,60D,5,-0.0107883264496048,0.017599339396349004,Normal
2020-08-05,Elastic_Net,60D,5,-0.0053209619451252,0.017599339396349004,Normal
2020-08-06,Elastic_Net,60D,5,-0.0239318014110501,0.017599339396349004,Normal
2020-08-07,Elastic_Net,60D,5,-0.012321679790415,0.017599339396349004,Normal
2020-08-10,Elastic_Net,60D,5,0.0025825926202708,0.017599339396349004,Normal
2020-08-11,Elastic_Net,60D,5,0.0323911736767398,0.017599339396349004,Normal
2020-08-12,Elastic_Net,60D,5,0.0377649371598274,0.017599339396349004,Normal
2020-08-13,Elastic_Net,60D,5,0.0395264532506104,0.017599339396349004,Normal
2020-08-14,Elastic_Net,60D,5,0.0513303253932337,0.017599339396349004,Normal
2020-08-17,Elastic_Net,60D,5,0.0472233726649423,0.017599339396349004,Normal
2020-08-18,Elastic_Net,60D,5,0.052545360608117,0.017599339396349004,Normal
2020-08-19,Elastic_Net,60D,5,0.0469308324062297,0.017599339396349004,Normal
2020-08-20,Elastic_Net,60D,5,0.0572957243441774,0.017599339396349004,Low
2020-08-21,Elastic_Net,60D,5,0.0654412592840376,0.017599339396349004,Low
2020-08-24,Elastic_Net,60D,5,0.0506442001344866,0.017599339396349004,Low
2020-08-25,Elastic_Net,60D,5,0.0354230897414651,0.017599339396349004,Low
2020-08-26,Elastic_Net,60D,5,0.0292177640873564,0.017599339396349004,Low
2020-08-27,Elastic_Net,60D,5,0.0207303806826285,0.017599339396349004,Low
2020-08-28,Elastic_Net,60D,5,0.0196404860149079,0.017599339396349004,Low
2020-08-31,Elastic_Net,60D,5,0.0378703200044482,0.017599339396349004,Low
2020-09-01,Elastic_Net,60D,5,0.0287878138282328,0.017599339396349004,Low
2020-09-02,Elastic_Net,60D,5,0.0159328747102643,0.017599339396349004,Low
2020-09-03,Elastic_Net,60D,5,0.0470843282154775,0.017599339396349004,High
2020-09-04,Elastic_Net,60D,5,0.0664587496313456,0.017599339396349004,High
2020-09-08,Elastic_Net,60D,5,0.0963971432464166,0.017599339396349004,High
2020-09-09,Elastic_Net,60D,5,0.0758280305039419,0.017599339396349004,High
2020-09-10,Elastic_Net,60D,5,0.1023667401445244,0.017599339396349004,High
2020-09-11,Elastic_Net,60D,5,0.0998962965474738,0.017599339396349004,High
2020-09-14,Elastic_Net,60D,5,0.0900182326926214,0.017599339396349004,High
2020-09-15,Elastic_Net,60D,5,0.07683148181365,0.017599339396349004,High
2020-09-16,Elastic_Net,60D,5,0.0801751941780301,0.017599339396349004,High
2020-09-17,Elastic_Net,60D,5,0.0873573456223497,0.017599339396349004,High
2020-09-18,Elastic_Net,60D,5,0.0942341343250311,0.017599339396349004,High
2020-09-21,Elastic_Net,60D,5,0.1187111803745477,0.017599339396349004,High
2020-09-22,Elastic_Net,60D,5,0.1100193895964948,0.017599339396349004,High
2020-09-23,Elastic_Net,60D,5,0.1397678713198521,0.017599339396349004,High
2020-09-24,Elastic_Net,60D,5,0.1332675688130745,0.017599339396349004,High
2020-09-25,Elastic_Net,60D,5,0.1135032011019767,0.017599339396349004,High
2020-09-28,Elastic_Net,60D,5,0.0954457645563518,0.017599339396349004,High
2020-09-29,Elastic_Net,60D,5,0.1010155805326146,0.017599339396349004,High
2020-09-30,Elastic_Net,60D,5,0.096326087943722,0.017599339396349004,High
2020-10-01,Elastic_Net,60D,5,0.0997318459178384,0.017599339396349004,High
2020-10-02,Elastic_Net,60D,5,0.1071257939569304,0.017599339396349004,High
2020-10-05,Elastic_Net,60D,5,0.0906533330491087,0.017599339396349004,High
2020-10-06,Elastic_Net,60D,5,0.1111436021483357,0.017599339396349004,High
2020-10-07,Elastic_Net,60D,5,0.0790316756660683,0.017599339396349004,High
2020-10-08,Elastic_Net,60D,5,0.078111094154561,0.017599339396349004,High
2020-10-09,Elastic_Net,60D,5,0.0750496023562823,0.017599339396349004,High
2020-10-12,Elastic_Net,60D,5,0.0735053323057111,0.017599339396349004,High
2020-10-13,Elastic_Net,60D,5,0.0853090613283895,0.017599339396349004,High
2020-10-14,Elastic_Net,60D,5,0.0853779057958277,0.017599339396349004,High
2020-10-15,Elastic_Net,60D,5,0.0873225313406104,0.017599339396349004,High
2020-10-16,Elastic_Net,60D,5,0.089460677270706,0.017599339396349004,High
2020-10-19,Elastic_Net,60D,5,0.1021648277169054,0.017599339396349004,High
2020-10-20,Elastic_Net,60D,5,0.0902326315986257,0.017599339396349004,High
2020-10-21,Elastic_Net,60D,5,0.1005342032459577,0.017599339396349004,High
2020-10-22,Elastic_Net,60D,5,0.1091682666189773,0.017599339396349004,High
2020-10-23,Elastic_Net,60D,5,0.1060451014599013,0.017599339396349004,High
2020-10-26,Elastic_Net,60D,5,0.1217944217822854,0.017599339396349004,High
2020-10-27,Elastic_Net,60D,5,0.1284339446457484,0.017599339396349004,High
2020-10-28,Elastic_Net,60D,5,0.1628695435931726,0.017599339396349004,High
2020-10-29,Elastic_Net,60D,5,0.1249797035270748,0.017599339396349004,High
2020-10-30,Elastic_Net,60D,5,0.1468967157510952,0.017599339396349004,High
2015-06-10,Elastic_Net,120D,1,-0.0118455038770558,0.033599121183872566,Low
2015-06-11,Elastic_Net,120D,1,-0.0029586816868445,0.033599121183872566,Low
2015-06-12,Elastic_Net,120D,1,-0.0069963996731908,0.033599121183872566,Low
2015-06-15,Elastic_Net,120D,1,-0.0168409364955695,0.033599121183872566,Low
2015-06-16,Elastic_Net,120D,1,-0.0021968106474721,0.033599121183872566,Low
2015-06-17,Elastic_Net,120D,1,-0.0111885390029427,0.033599121183872566,Low
2015-06-18,Elastic_Net,120D,1,-0.0275535916825461,0.033599121183872566,Low
2015-06-19,Elastic_Net,120D,1,-0.0300050628102892,0.033599121183872566,Low
2015-06-22,Elastic_Net,120D,1,-0.0338325742132368,0.033599121183872566,Low
2015-06-23,Elastic_Net,120D,1,-0.0540821083942456,0.033599121183872566,Low
2015-06-24,Elastic_Net,120D,1,-0.0419573546118723,0.033599121183872566,Low
2015-06-25,Elastic_Net,120D,1,-0.0284167703493615,0.033599121183872566,Low
2015-06-26,Elastic_Net,120D,1,-0.0136159789536676,0.033599121183872566,Low
2015-06-29,Elastic_Net,120D,1,-0.0076837860809325,0.033599121183872566,Normal
2015-06-30,Elastic_Net,120D,1,-0.0282962434405068,0.033599121183872566,Normal
2015-07-01,Elastic_Net,120D,1,-0.0274600331479877,0.033599121183872566,Normal
2015-07-02,Elastic_Net,120D,1,-0.0183738673668721,0.033599121183872566,Normal
2015-07-06,Elastic_Net,120D,1,-0.0021630381404209,0.033599121183872566,Normal
2015-07-07,Elastic_Net,120D,1,-0.009825514138153,0.033599121183872566,Normal
2015-07-08,Elastic_Net,120D,1,0.0047865143176825,0.033599121183872566,Normal
2015-07-09,Elastic_Net,120D,1,0.0131005308458854,0.033599121183872566,Normal
2015-07-10,Elastic_Net,120D,1,-0.0064058543229008,0.033599121183872566,Normal
2015-07-13,Elastic_Net,120D,1,-0.0268676078717238,0.033599121183872566,Normal
2015-07-14,Elastic_Net,120D,1,-0.0467329229060299,0.033599121183872566,Normal
2015-07-15,Elastic_Net,120D,1,-0.0439874624659328,0.033599121183872566,Normal
2015-07-16,Elastic_Net,120D,1,-0.0651723589130346,0.033599121183872566,Normal
2015-07-17,Elastic_Net,120D,1,-0.09026374705683,0.033599121183872566,Normal
2015-07-20,Elastic_Net,120D,1,-0.1019322211266795,0.033599121183872566,Normal
2015-07-21,Elastic_Net,120D,1,-0.0968085165881338,0.033599121183872566,Normal
2015-07-22,Elastic_Net,120D,1,-0.0866454374501689,0.033599121183872566,Normal
2015-07-23,Elastic_Net,120D,1,-0.1062356023166985,0.033599121183872566,Normal
2015-07-24,Elastic_Net,120D,1,-0.0789165206856534,0.033599121183872566,Normal
2015-07-27,Elastic_Net,120D,1,-0.0949605383187515,0.033599121183872566,Normal
2015-07-28,Elastic_Net,120D,1,-0.106738931933212,0.033599121183872566,Normal
2015-07-29,Elastic_Net,120D,1,-0.125793840886494,0.033599121183872566,Normal
2015-07-30,Elastic_Net,120D,1,-0.1206402191545682,0.033599121183872566,Normal
2015-07-31,Elastic_Net,120D,1,-0.098285388471303,0.033599121183872566,Normal
2015-08-03,Elastic_Net,120D,1,-0.1112862396992198,0.033599121183872566,Normal
2015-08-04,Elastic_Net,120D,1,-0.0949887627019191,0.033599121183872566,Normal
2015-08-05,Elastic_Net,120D,1,-0.1090215231879382,0.033599121183872566,Low
2015-08-06,Elastic_Net,120D,1,-0.0957249765477846,0.033599121183872566,Low
2015-08-07,Elastic_Net,120D,1,-0.0683873026968904,0.033599121183872566,Low
2015-08-10,Elastic_Net,120D,1,-0.0815574731744574,0.033599121183872566,Low
2015-08-11,Elastic_Net,120D,1,-0.0908753772125065,0.033599121183872566,Low
2015-08-12,Elastic_Net,120D,1,-0.0868453608291471,0.033599121183872566,Low
2015-08-13,Elastic_Net,120D,1,-0.0840437666682424,0.033599121183872566,Low
2015-08-14,Elastic_Net,120D,1,-0.1066022572189535,0.033599121183872566,Low
2015-08-17,Elastic_Net,120D,1,-0.1260552068514137,0.033599121183872566,Low
2015-08-18,Elastic_Net,120D,1,-0.1240900645625408,0.033599121183872566,Low
2015-08-19,Elastic_Net,120D,1,-0.1159898962837046,0.033599121183872566,Low
2015-08-20,Elastic_Net,120D,1,-0.1070413831588146,0.033599121183872566,Normal
2015-08-21,Elastic_Net,120D,1,-0.0553421254298903,0.033599121183872566,High
2015-08-24,Elastic_Net,120D,1,0.0012510566583137,0.033599121183872566,High
2015-08-25,Elastic_Net,120D,1,0.0312114170266108,0.033599121183872566,High
2015-08-26,Elastic_Net,120D,1,-0.0117565145318553,0.033599121183872566,High
2015-08-27,Elastic_Net,120D,1,-0.0357898023033472,0.033599121183872566,High
2015-08-28,Elastic_Net,120D,1,-0.0220476223611473,0.033599121183872566,High
2015-08-31,Elastic_Net,120D,1,-0.0261531212679516,0.033599121183872566,High
2015-09-01,Elastic_Net,120D,1,0.0082994886091083,0.033599121183872566,High
2015-09-02,Elastic_Net,120D,1,0.0014561839163443,0.033599121183872566,High
2015-09-03,Elastic_Net,120D,1,-0.0015797971126392,0.033599121183872566,High
2015-09-04,Elastic_Net,120D,1,0.0057143805500653,0.033599121183872566,High
2015-09-08,Elastic_Net,120D,1,0.0045291287546455,0.033599121183872566,High
2015-09-09,Elastic_Net,120D,1,0.0226101143848321,0.033599121183872566,High
2015-09-10,Elastic_Net,120D,1,0.0208386732602132,0.033599121183872566,High
2015-09-11,Elastic_Net,120D,1,0.0196621066811688,0.033599121183872566,High
2015-09-14,Elastic_Net,120D,1,0.0246447707050765,0.033599121183872566,High
2015-09-15,Elastic_Net,120D,1,0.0005913270176379,0.033599121183872566,High
2015-09-16,Elastic_Net,120D,1,-0.0030367409149237,0.033599121183872566,High
2015-09-17,Elastic_Net,120D,1,-0.000316603675241,0.033599121183872566,High
2015-09-18,Elastic_Net,120D,1,0.0322421728679938,0.033599121183872566,High
2015-09-21,Elastic_Net,120D,1,0.0264250122177092,0.033599121183872566,High
2015-09-22,Elastic_Net,120D,1,0.0369813113027695,0.033599121183872566,High
2015-09-23,Elastic_Net,120D,1,0.0446167834141434,0.033599121183872566,High
2015-09-24,Elastic_Net,120D,1,0.0545590183540461,0.033599121183872566,High
2015-09-25,Elastic_Net,120D,1,0.0594208874062928,0.033599121183872566,High
2015-09-28,Elastic_Net,120D,1,0.0864071904733942,0.033599121183872566,High
2015-09-29,Elastic_Net,120D,1,0.0842973236636403,0.033599121183872566,High
2015-09-30,Elastic_Net,120D,1,0.058994915529408,0.033599121183872566,High
2015-10-01,Elastic_Net,120D,1,0.056644835071694,0.033599121183872566,High
2015-10-02,Elastic_Net,120D,1,0.0429761489433608,0.033599121183872566,High
2015-10-05,Elastic_Net,120D,1,0.0336295674790959,0.033599121183872566,High
2015-10-06,Elastic_Net,120D,1,0.0415651368168053,0.033599121183872566,High
2015-10-07,Elastic_Net,120D,1,0.0315197745996317,0.033599121183872566,High
2015-10-08,Elastic_Net,120D,1,0.029050953521673,0.033599121183872566,High
2015-10-09,Elastic_Net,120D,1,0.0251126249153031,0.033599121183872566,High
2015-10-12,Elastic_Net,120D,1,0.0136416620261755,0.033599121183872566,High
2015-10-13,Elastic_Net,120D,1,0.0309432836483158,0.033599121183872566,High
2015-10-14,Elastic_Net,120D,1,0.0236226405902501,0.033599121183872566,High
2015-10-15,Elastic_Net,120D,1,0.0116617918435115,0.033599121183872566,High
2015-10-16,Elastic_Net,120D,1,0.0043581845802106,0.033599121183872566,High
2015-10-19,Elastic_Net,120D,1,0.0137034295177276,0.033599121183872566,High
2015-10-20,Elastic_Net,120D,1,0.0251156003421791,0.033599121183872566,Normal
2015-10-21,Elastic_Net,120D,1,0.0311309616834458,0.033599121183872566,Normal
2015-10-22,Elastic_Net,120D,1,0.0136553450947057,0.033599121183872566,High
2015-10-23,Elastic_Net,120D,1,0.009205116739461,0.033599121183872566,High
2015-10-26,Elastic_Net,120D,1,0.0141997876434275,0.033599121183872566,Normal
2015-10-27,Elastic_Net,120D,1,0.0175184285577498,0.033599121183872566,Normal
2015-10-28,Elastic_Net,120D,1,0.0005403772123141,0.033599121183872566,Normal
2015-10-29,Elastic_Net,120D,1,0.0010381111725156,0.033599121183872566,Normal
2015-10-30,Elastic_Net,120D,1,0.0040459032401782,0.033599121183872566,Normal
2015-11-02,Elastic_Net,120D,1,-0.0058869729243995,0.033599121183872566,Normal
2015-11-03,Elastic_Net,120D,1,-0.0069633317377203,0.033599121183872566,Normal
2015-11-04,Elastic_Net,120D,1,-0.0126853008596348,0.033599121183872566,Normal
2015-11-05,Elastic_Net,120D,1,-0.0166284603336937,0.033599121183872566,Normal
2015-11-06,Elastic_Net,120D,1,-0.008501171856426,0.033599121183872566,Normal
2015-11-09,Elastic_Net,120D,1,-0.0073443805883193,0.033599121183872566,Normal
2015-11-10,Elastic_Net,120D,1,-0.0148084184472416,0.033599121183872566,Normal
2015-11-11,Elastic_Net,120D,1,-0.0118141478184668,0.033599121183872566,Normal
2015-11-12,Elastic_Net,120D,1,0.0054446260717184,0.033599121183872566,Normal
2015-11-13,Elastic_Net,120D,1,0.0174684798114836,0.033599121183872566,Normal
2015-11-16,Elastic_Net,120D,1,0.0150815422532867,0.033599121183872566,Normal
2015-11-17,Elastic_Net,120D,1,0.0068142963936645,0.033599121183872566,Normal
2015-11-18,Elastic_Net,120D,1,-0.0093884127514719,0.033599121183872566,Normal
2015-11-19,Elastic_Net,120D,1,-0.0167791065842452,0.033599121183872566,Normal
2015-11-20,Elastic_Net,120D,1,-0.0108330854747818,0.033599121183872566,Normal
2015-11-23,Elastic_Net,120D,1,-0.0190533251852606,0.033599121183872566,Normal
2015-11-24,Elastic_Net,120D,1,-0.0200694174438199,0.033599121183872566,Normal
2015-11-25,Elastic_Net,120D,1,-0.0236538713515734,0.033599121183872566,Normal
2015-11-27,Elastic_Net,120D,1,-0.0182458536882498,0.033599121183872566,Normal
2015-11-30,Elastic_Net,120D,1,-0.0156816901167329,0.033599121183872566,Normal
2015-12-01,Elastic_Net,120D,1,-0.0127169915294821,0.033599121183872566,Normal
2015-12-02,Elastic_Net,120D,1,0.0052901307615502,0.033599121183872566,Normal
2015-12-03,Elastic_Net,120D,1,0.0195574911557718,0.033599121183872566,Normal
2015-12-04,Elastic_Net,120D,1,0.0035173297313601,0.033599121183872566,Normal
2015-12-07,Elastic_Net,120D,1,0.0095256050711679,0.033599121183872566,Normal
2015-12-08,Elastic_Net,120D,1,0.0171710563506887,0.033599121183872566,Normal
2015-12-09,Elastic_Net,120D,1,0.0277608388833675,0.033599121183872566,Normal
2015-12-10,Elastic_Net,120D,1,0.0225959200680782,0.033599121183872566,Normal
2015-12-11,Elastic_Net,120D,1,0.0470951163432571,0.033599121183872566,High
2015-12-14,Elastic_Net,120D,1,0.0436394439083865,0.033599121183872566,Normal
2015-12-15,Elastic_Net,120D,1,0.0363809657744268,0.033599121183872566,Normal
2015-12-16,Elastic_Net,120D,1,0.0202510945257618,0.033599121183872566,High
2015-12-17,Elastic_Net,120D,1,0.0261883387514721,0.033599121183872566,Normal
2015-12-18,Elastic_Net,120D,1,0.0359975349688694,0.033599121183872566,High
2015-12-21,Elastic_Net,120D,1,0.0264487231697412,0.033599121183872566,High
2015-12-22,Elastic_Net,120D,1,0.0158282185143621,0.033599121183872566,High
2015-12-23,Elastic_Net,120D,1,0.0066147150978537,0.033599121183872566,High
2015-12-24,Elastic_Net,120D,1,0.0049513463571084,0.033599121183872566,High
2015-12-28,Elastic_Net,120D,1,0.0129236655918372,0.033599121183872566,High
2015-12-29,Elastic_Net,120D,1,0.0050583920230241,0.033599121183872566,High
2015-12-30,Elastic_Net,120D,1,0.0106488618102269,0.033599121183872566,High
2015-12-31,Elastic_Net,120D,1,0.0333809139236497,0.033599121183872566,High
2016-01-04,Elastic_Net,120D,1,0.0122221629158731,0.033599121183872566,High
2016-01-05,Elastic_Net,120D,1,-0.0080502877351894,0.033599121183872566,High
2016-01-06,Elastic_Net,120D,1,0.0227659968715243,0.033599121183872566,High
2016-01-07,Elastic_Net,120D,1,0.063641056362123,0.033599121183872566,High
2016-01-08,Elastic_Net,120D,1,0.088012456957437,0.033599121183872566,High
2016-01-11,Elastic_Net,120D,1,0.0891062549546465,0.033599121183872566,High
2016-01-12,Elastic_Net,120D,1,0.0744627118512731,0.033599121183872566,High
2016-01-13,Elastic_Net,120D,1,0.1050837739874581,0.033599121183872566,High
2016-01-14,Elastic_Net,120D,1,0.0876537551663411,0.033599121183872566,High
2016-01-15,Elastic_Net,120D,1,0.124627714430496,0.033599121183872566,High
2016-01-19,Elastic_Net,120D,1,0.1274988535550655,0.033599121183872566,High
2016-01-20,Elastic_Net,120D,1,0.1462464618883094,0.033599121183872566,High
2016-01-21,Elastic_Net,120D,1,0.141199231927343,0.033599121183872566,High
2016-01-22,Elastic_Net,120D,1,0.1263639278468265,0.033599121183872566,High
2016-01-25,Elastic_Net,120D,1,0.1411960939597767,0.033599121183872566,High
2016-01-26,Elastic_Net,120D,1,0.1295303179512776,0.033599121183872566,High
2016-01-27,Elastic_Net,120D,1,0.1390170357513906,0.033599121183872566,High
2016-01-28,Elastic_Net,120D,1,0.1377648933495631,0.033599121183872566,High
2016-01-29,Elastic_Net,120D,1,0.1096871724984815,0.033599121183872566,High
2016-02-01,Elastic_Net,120D,1,0.1146741341335336,0.033599121183872566,High
2016-02-02,Elastic_Net,120D,1,0.1305790841118354,0.033599121183872566,High
2016-02-03,Elastic_Net,120D,1,0.1259221962509806,0.033599121183872566,High
2016-02-04,Elastic_Net,120D,1,0.1231973670116485,0.033599121183872566,High
2016-02-05,Elastic_Net,120D,1,0.1434564457360928,0.033599121183872566,High
2016-02-08,Elastic_Net,120D,1,0.1593414837768079,0.033599121183872566,High
2016-02-09,Elastic_Net,120D,1,0.158734730276077,0.033599121183872566,High
2016-02-10,Elastic_Net,120D,1,0.1525417575941703,0.033599121183872566,High
2016-02-11,Elastic_Net,120D,1,0.1680482476394977,0.033599121183872566,High
2016-02-12,Elastic_Net,120D,1,0.1489307817319408,0.033599121183872566,High
2016-02-16,Elastic_Net,120D,1,0.141115741279636,0.033599121183872566,High
2016-02-17,Elastic_Net,120D,1,0.123862053362453,0.033599121183872566,High
2016-02-18,Elastic_Net,120D,1,0.1289284034729436,0.033599121183872566,High
2016-02-19,Elastic_Net,120D,1,0.1260856396912573,0.033599121183872566,High
2016-02-22,Elastic_Net,120D,1,0.1164583236946248,0.033599121183872566,High
2016-02-23,Elastic_Net,120D,1,0.1281945378784992,0.033599121183872566,High
2016-02-24,Elastic_Net,120D,1,0.1265535941383889,0.033599121183872566,High
2016-02-25,Elastic_Net,120D,1,0.1097750851914601,0.033599121183872566,High
2016-02-26,Elastic_Net,120D,1,0.1135137965271801,0.033599121183872566,High
2016-02-29,Elastic_Net,120D,1,0.1238651293151345,0.033599121183872566,High
2016-03-01,Elastic_Net,120D,1,0.0988354343447477,0.033599121183872566,High
2016-03-02,Elastic_Net,120D,1,0.0941860026003227,0.033599121183872566,High
2016-03-03,Elastic_Net,120D,1,0.0926432354583673,0.033599121183872566,High
2016-03-04,Elastic_Net,120D,1,0.0840887403327538,0.033599121183872566,High
2016-03-07,Elastic_Net,120D,1,0.0818379571352444,0.033599121183872566,High
2016-03-08,Elastic_Net,120D,1,0.0915616489525374,0.033599121183872566,High
2016-03-09,Elastic_Net,120D,1,0.0917364045983975,0.033599121183872566,High
2016-03-10,Elastic_Net,120D,1,0.0896250203941523,0.033599121183872566,High
2016-03-11,Elastic_Net,120D,1,0.0709837836997382,0.033599121183872566,Normal
2016-03-14,Elastic_Net,120D,1,0.0722041669269385,0.033599121183872566,Normal
2016-03-15,Elastic_Net,120D,1,0.0782350394602912,0.033599121183872566,Normal
2016-03-16,Elastic_Net,120D,1,0.0756275539485165,0.033599121183872566,Normal
2016-03-17,Elastic_Net,120D,1,0.0689075749416268,0.033599121183872566,Normal
2016-03-18,Elastic_Net,120D,1,0.0622861194981306,0.033599121183872566,Normal
2016-03-21,Elastic_Net,120D,1,0.0364732851830017,0.033599121183872566,Normal
2016-03-22,Elastic_Net,120D,1,0.0519214453132084,0.033599121183872566,Normal
2016-03-23,Elastic_Net,120D,1,0.0433862065656645,0.033599121183872566,Normal
2016-03-24,Elastic_Net,120D,1,0.0431764989452286,0.033599121183872566,Normal
2016-03-28,Elastic_Net,120D,1,0.052689908506596,0.033599121183872566,Normal
2016-03-29,Elastic_Net,120D,1,0.0401324686567868,0.033599121183872566,Normal
2016-03-30,Elastic_Net,120D,1,0.0357729854293958,0.033599121183872566,Low
2016-03-31,Elastic_Net,120D,1,0.0381139212732507,0.033599121183872566,Low
2016-04-01,Elastic_Net,120D,1,0.0426609625402868,0.033599121183872566,Low
2016-04-04,Elastic_Net,120D,1,0.0523531945037834,0.033599121183872566,Low
2016-04-05,Elastic_Net,120D,1,0.0567961999558592,0.033599121183872566,Low
2016-04-06,Elastic_Net,120D,1,0.03771855190593,0.033599121183872566,Low
2016-04-07,Elastic_Net,120D,1,0.056190121041233,0.033599121183872566,Normal
2016-04-08,Elastic_Net,120D,1,0.0586899950402592,0.033599121183872566,Normal
2016-04-11,Elastic_Net,120D,1,0.0520684131997818,0.033599121183872566,Low
2016-04-12,Elastic_Net,120D,1,0.0503890519064194,0.033599121183872566,Low
2016-04-13,Elastic_Net,120D,1,0.0371329589563343,0.033599121183872566,Low
2016-04-14,Elastic_Net,120D,1,0.03199216473984,0.033599121183872566,Low
2016-04-15,Elastic_Net,120D,1,0.0372644205471829,0.033599121183872566,Low
2016-04-18,Elastic_Net,120D,1,0.0312261387859896,0.033599121183872566,Low
2016-04-19,Elastic_Net,120D,1,0.0248876134415088,0.033599121183872566,Low
2016-04-20,Elastic_Net,120D,1,0.0287216887095988,0.033599121183872566,Low
2016-04-21,Elastic_Net,120D,1,0.0214046738691347,0.033599121183872566,Low
2016-04-22,Elastic_Net,120D,1,0.0225027474959928,0.033599121183872566,Low
2016-04-25,Elastic_Net,120D,1,0.0212123607045218,0.033599121183872566,Low
2016-04-26,Elastic_Net,120D,1,0.019542944689406,0.033599121183872566,Low
2016-04-27,Elastic_Net,120D,1,0.0148523324658188,0.033599121183872566,Low
2016-04-28,Elastic_Net,120D,1,0.0302674741330793,0.033599121183872566,Low
2016-04-29,Elastic_Net,120D,1,0.037532995518987,0.033599121183872566,Low
2016-05-02,Elastic_Net,120D,1,0.028376717690362,0.033599121183872566,Low
2016-05-03,Elastic_Net,120D,1,0.0370070719386031,0.033599121183872566,Low
2016-05-04,Elastic_Net,120D,1,0.047700249291503,0.033599121183872566,Low
2016-05-05,Elastic_Net,120D,1,0.0441343285195908,0.033599121183872566,Low
2016-05-06,Elastic_Net,120D,1,0.039222790044851,0.033599121183872566,Low
2016-05-09,Elastic_Net,120D,1,0.0354783808312324,0.033599121183872566,Low
2016-05-10,Elastic_Net,120D,1,0.01995887545557,0.033599121183872566,Low
2016-05-11,Elastic_Net,120D,1,0.02944411444924,0.033599121183872566,Low
2016-05-12,Elastic_Net,120D,1,0.0228035746084694,0.033599121183872566,Low
2016-05-13,Elastic_Net,120D,1,0.0247711243167678,0.033599121183872566,Low
2016-05-16,Elastic_Net,120D,1,0.0105889349045457,0.033599121183872566,Low
2016-05-17,Elastic_Net,120D,1,0.0183772781850155,0.033599121183872566,Low
2016-05-18,Elastic_Net,120D,1,0.0401523202280791,0.033599121183872566,Low
2016-05-19,Elastic_Net,120D,1,0.0476307931479571,0.033599121183872566,Low
2016-05-20,Elastic_Net,120D,1,0.0526454538048088,0.033599121183872566,Low
2016-05-23,Elastic_Net,120D,1,0.0566819360890057,0.033599121183872566,Low
2016-05-24,Elastic_Net,120D,1,0.0416943702072181,0.033599121183872566,Normal
2016-05-25,Elastic_Net,120D,1,0.0346283310984513,0.033599121183872566,Normal
2016-05-26,Elastic_Net,120D,1,0.0422917521704694,0.033599121183872566,Normal
2016-05-27,Elastic_Net,120D,1,0.0364305407086539,0.033599121183872566,Normal
2016-05-31,Elastic_Net,120D,1,0.0421017786904416,0.033599121183872566,Normal
2016-06-01,Elastic_Net,120D,1,0.0385777286709671,0.033599121183872566,Low
2016-06-02,Elastic_Net,120D,1,0.0431907345748545,0.033599121183872566,Low
2016-06-03,Elastic_Net,120D,1,0.0482698879151424,0.033599121183872566,Low
2016-06-06,Elastic_Net,120D,1,0.0441922575526877,0.033599121183872566,Low
2016-06-07,Elastic_Net,120D,1,0.0468103875369139,0.033599121183872566,Low
2016-06-08,Elastic_Net,120D,1,0.0382378963102239,0.033599121183872566,Low
2016-06-09,Elastic_Net,120D,1,0.0412915342613796,0.033599121183872566,Low
2016-06-10,Elastic_Net,120D,1,0.0478521361163893,0.033599121183872566,Low
2016-06-13,Elastic_Net,120D,1,0.0524787119393349,0.033599121183872566,Low
2016-06-14,Elastic_Net,120D,1,0.0546761447313915,0.033599121183872566,Low
2016-06-15,Elastic_Net,120D,1,0.0623229807219455,0.033599121183872566,Low
2016-06-16,Elastic_Net,120D,1,0.0625999720797743,0.033599121183872566,Low
2016-06-17,Elastic_Net,120D,1,0.0789406149691067,0.033599121183872566,Low
2016-06-20,Elastic_Net,120D,1,0.0753062472075547,0.033599121183872566,Low
2016-06-21,Elastic_Net,120D,1,0.0785192751363147,0.033599121183872566,Low
2016-06-22,Elastic_Net,120D,1,0.079034121842291,0.033599121183872566,Low
2016-06-23,Elastic_Net,120D,1,0.0722770379715729,0.033599121183872566,Low
2016-06-24,Elastic_Net,120D,1,0.100707535315297,0.033599121183872566,Normal
2016-06-27,Elastic_Net,120D,1,0.1228454895145533,0.033599121183872566,Normal
2016-06-28,Elastic_Net,120D,1,0.1034792111594852,0.033599121183872566,High
2016-06-29,Elastic_Net,120D,1,0.0885631409034424,0.033599121183872566,High
2016-06-30,Elastic_Net,120D,1,0.0787201901551292,0.033599121183872566,High
2016-07-01,Elastic_Net,120D,1,0.0743130981374196,0.033599121183872566,High
2016-07-05,Elastic_Net,120D,1,0.0793194159006217,0.033599121183872566,High
2016-07-06,Elastic_Net,120D,1,0.0752316613774247,0.033599121183872566,High
2016-07-07,Elastic_Net,120D,1,0.0783494681687065,0.033599121183872566,High
2016-07-08,Elastic_Net,120D,2,0.0548196408929428,0.03334135219042593,High
2016-07-11,Elastic_Net,120D,2,0.051123473849076,0.03334135219042593,High
2016-07-12,Elastic_Net,120D,2,0.0394907968448761,0.03334135219042593,High
2016-07-13,Elastic_Net,120D,2,0.0478068049230514,0.03334135219042593,High
2016-07-14,Elastic_Net,120D,2,0.0482673458919038,0.03334135219042593,High
2016-07-15,Elastic_Net,120D,2,0.0484257573492938,0.03334135219042593,High
2016-07-18,Elastic_Net,120D,2,0.0495570847080042,0.03334135219042593,High
2016-07-19,Elastic_Net,120D,2,0.04743838373686,0.03334135219042593,High
2016-07-20,Elastic_Net,120D,2,0.043177175421096,0.03334135219042593,High
2016-07-21,Elastic_Net,120D,2,0.0496218876667229,0.03334135219042593,High
2016-07-22,Elastic_Net,120D,2,0.0429311484834829,0.03334135219042593,High
2016-07-25,Elastic_Net,120D,2,0.0477952986185594,0.03334135219042593,Normal
2016-07-26,Elastic_Net,120D,2,0.0445006520016216,0.03334135219042593,Normal
2016-07-27,Elastic_Net,120D,2,0.0474621134182397,0.03334135219042593,Low
2016-07-28,Elastic_Net,120D,2,0.0422413553458279,0.03334135219042593,Low
2016-07-29,Elastic_Net,120D,2,0.04397195928947,0.03334135219042593,Low
2016-08-01,Elastic_Net,120D,2,0.0425488037908914,0.03334135219042593,Low
2016-08-02,Elastic_Net,120D,2,0.0554738851325214,0.03334135219042593,Low
2016-08-03,Elastic_Net,120D,2,0.0603388952124188,0.03334135219042593,Low
2016-08-04,Elastic_Net,120D,2,0.0593906909776669,0.03334135219042593,Low
2016-08-05,Elastic_Net,120D,2,0.0499571541985452,0.03334135219042593,Low
2016-08-08,Elastic_Net,120D,2,0.0448370579939901,0.03334135219042593,Low
2016-08-09,Elastic_Net,120D,2,0.0435570383994015,0.03334135219042593,Low
2016-08-10,Elastic_Net,120D,2,0.046724154451006,0.03334135219042593,Low
2016-08-11,Elastic_Net,120D,2,0.0425708861872533,0.03334135219042593,Low
2016-08-12,Elastic_Net,120D,2,0.050605746428721,0.03334135219042593,Low
2016-08-15,Elastic_Net,120D,2,0.0456991326204902,0.03334135219042593,Low
2016-08-16,Elastic_Net,120D,2,0.0514200783008143,0.03334135219042593,Low
2016-08-17,Elastic_Net,120D,2,0.0502463144432683,0.03334135219042593,Low
2016-08-18,Elastic_Net,120D,2,0.053785176482846,0.03334135219042593,Low
2016-08-19,Elastic_Net,120D,2,0.0587861928736235,0.03334135219042593,Low
2016-08-22,Elastic_Net,120D,2,0.0645818083409579,0.03334135219042593,Low
2016-08-23,Elastic_Net,120D,2,0.0666312683582688,0.03334135219042593,Low
2016-08-24,Elastic_Net,120D,2,0.0768652122836752,0.03334135219042593,Low
2016-08-25,Elastic_Net,120D,2,0.0773668810787704,0.03334135219042593,Low
2016-08-26,Elastic_Net,120D,2,0.0806240946447208,0.03334135219042593,Low
2016-08-29,Elastic_Net,120D,2,0.0814395162361157,0.03334135219042593,Low
2016-08-30,Elastic_Net,120D,2,0.0823123214964343,0.03334135219042593,Low
2016-08-31,Elastic_Net,120D,2,0.0851099115732561,0.03334135219042593,Low
2016-09-01,Elastic_Net,120D,2,0.0866435471946991,0.03334135219042593,Low
2016-09-02,Elastic_Net,120D,2,0.0834687708633984,0.03334135219042593,Low
2016-09-06,Elastic_Net,120D,2,0.0779098223781981,0.03334135219042593,Low
2016-09-07,Elastic_Net,120D,2,0.0916374294002167,0.03334135219042593,Low
2016-09-08,Elastic_Net,120D,2,0.0879858006205819,0.03334135219042593,Low
2016-09-09,Elastic_Net,120D,2,0.1133172933999531,0.03334135219042593,Low
2016-09-12,Elastic_Net,120D,2,0.0954642834029529,0.03334135219042593,Normal
2016-09-13,Elastic_Net,120D,2,0.1074884057790739,0.03334135219042593,Normal
2016-09-14,Elastic_Net,120D,2,0.105789427214823,0.03334135219042593,Normal
2016-09-15,Elastic_Net,120D,2,0.0965304863781493,0.03334135219042593,Normal
2016-09-16,Elastic_Net,120D,2,0.1035732538795801,0.03334135219042593,Normal
2016-09-19,Elastic_Net,120D,2,0.1039584227325743,0.03334135219042593,Normal
2016-09-20,Elastic_Net,120D,2,0.1002745802674493,0.03334135219042593,Normal
2016-09-21,Elastic_Net,120D,2,0.0977564590584997,0.03334135219042593,Normal
2016-09-22,Elastic_Net,120D,2,0.089649672341674,0.03334135219042593,Normal
2016-09-23,Elastic_Net,120D,2,0.0940877860371614,0.03334135219042593,Normal
2016-09-26,Elastic_Net,120D,2,0.1007007200746971,0.03334135219042593,Normal
2016-09-27,Elastic_Net,120D,2,0.0817916303192969,0.03334135219042593,Normal
2016-09-28,Elastic_Net,120D,2,0.078397156563117,0.03334135219042593,Normal
2016-09-29,Elastic_Net,120D,2,0.0867014521483683,0.03334135219042593,Normal
2016-09-30,Elastic_Net,120D,2,0.0779207073464022,0.03334135219042593,Normal
2016-10-03,Elastic_Net,120D,2,0.0801666229420837,0.03334135219042593,Normal
2016-10-04,Elastic_Net,120D,2,0.0923598135580695,0.03334135219042593,Normal
2016-10-05,Elastic_Net,120D,2,0.0891570635307028,0.03334135219042593,Normal
2016-10-06,Elastic_Net,120D,2,0.0916064305898032,0.03334135219042593,Normal
2016-10-07,Elastic_Net,120D,2,0.0926076240931506,0.03334135219042593,Normal
2016-10-10,Elastic_Net,120D,2,0.086368818467813,0.03334135219042593,Normal
2016-10-11,Elastic_Net,120D,2,0.0994527622402301,0.03334135219042593,Low
2016-10-12,Elastic_Net,120D,2,0.095247293222309,0.03334135219042593,Low
2016-10-13,Elastic_Net,120D,2,0.1002790199282782,0.03334135219042593,Low
2016-10-14,Elastic_Net,120D,2,0.0992499633062122,0.03334135219042593,Low
2016-10-17,Elastic_Net,120D,2,0.1029800315538355,0.03334135219042593,Low
2016-10-18,Elastic_Net,120D,2,0.0954036176561787,0.03334135219042593,Low
2016-10-19,Elastic_Net,120D,2,0.0894470080818413,0.03334135219042593,Low
2016-10-20,Elastic_Net,120D,2,0.083985658923418,0.03334135219042593,Low
2016-10-21,Elastic_Net,120D,2,0.0926462697546798,0.03334135219042593,Low
2016-10-24,Elastic_Net,120D,2,0.0850000722614192,0.03334135219042593,Low
2016-10-25,Elastic_Net,120D,2,0.087087204329257,0.03334135219042593,Low
2016-10-26,Elastic_Net,120D,2,0.0963579826134181,0.03334135219042593,Low
2016-10-27,Elastic_Net,120D,2,0.0963094904123115,0.03334135219042593,Low
2016-10-28,Elastic_Net,120D,2,0.1102043671400483,0.03334135219042593,Low
2016-10-31,Elastic_Net,120D,2,0.1163988652359981,0.03334135219042593,Low
2016-11-01,Elastic_Net,120D,2,0.1227230628690458,0.03334135219042593,Low
2016-11-02,Elastic_Net,120D,2,0.1298227143227991,0.03334135219042593,Low
2016-11-03,Elastic_Net,120D,2,0.1323409478739185,0.03334135219042593,Low
2016-11-04,Elastic_Net,120D,2,0.1357392599725053,0.03334135219042593,Low
2016-11-07,Elastic_Net,120D,2,0.1149474038288517,0.03334135219042593,Normal
2016-11-08,Elastic_Net,120D,2,0.1099103560358668,0.03334135219042593,Low
2016-11-09,Elastic_Net,120D,2,0.0994761694440803,0.03334135219042593,Low
2016-11-10,Elastic_Net,120D,2,0.1016076831354634,0.03334135219042593,Low
2016-11-11,Elastic_Net,120D,2,0.1030440567551689,0.03334135219042593,Low
2016-11-14,Elastic_Net,120D,2,0.1021337916555589,0.03334135219042593,Low
2016-11-15,Elastic_Net,120D,2,0.0958107993509191,0.03334135219042593,Low
2016-11-16,Elastic_Net,120D,2,0.0952291644991884,0.03334135219042593,Low
2016-11-17,Elastic_Net,120D,2,0.0890841597971964,0.03334135219042593,Low
2016-11-18,Elastic_Net,120D,2,0.0962389534657599,0.03334135219042593,Low
2016-11-21,Elastic_Net,120D,2,0.0881181183579002,0.03334135219042593,Normal
2016-11-22,Elastic_Net,120D,2,0.0676095590831918,0.03334135219042593,Normal
2016-11-23,Elastic_Net,120D,2,0.0704818995534991,0.03334135219042593,Low
2016-11-25,Elastic_Net,120D,2,0.0733198571482759,0.03334135219042593,Low
2016-11-28,Elastic_Net,120D,2,0.0837351096990196,0.03334135219042593,Normal
2016-11-29,Elastic_Net,120D,2,0.0842368925181381,0.03334135219042593,Low
2016-11-30,Elastic_Net,120D,2,0.0893798568778708,0.03334135219042593,Low
2016-12-01,Elastic_Net,120D,2,0.0973336918866129,0.03334135219042593,Low
2016-12-02,Elastic_Net,120D,2,0.0972472659518307,0.03334135219042593,Low
2016-12-05,Elastic_Net,120D,2,0.0902374882955531,0.03334135219042593,Low
2016-12-06,Elastic_Net,120D,2,0.0863723292067272,0.03334135219042593,Low
2016-12-07,Elastic_Net,120D,2,0.0808375660468511,0.03334135219042593,Low
2016-12-08,Elastic_Net,120D,2,0.0823814256480261,0.03334135219042593,Low
2016-12-09,Elastic_Net,120D,2,0.0752415999746277,0.03334135219042593,Low
2016-12-12,Elastic_Net,120D,2,0.073596773599023,0.03334135219042593,Low
2016-12-13,Elastic_Net,120D,2,0.0686453191941336,0.03334135219042593,Low
2016-12-14,Elastic_Net,120D,2,0.0770627836916571,0.03334135219042593,Low
2016-12-15,Elastic_Net,120D,2,0.072356742137916,0.03334135219042593,Low
2016-12-16,Elastic_Net,120D,2,0.0731296564091782,0.03334135219042593,Low
2016-12-19,Elastic_Net,120D,2,0.0756578425371972,0.03334135219042593,Low
2016-12-20,Elastic_Net,120D,2,0.0710306031707268,0.03334135219042593,Low
2016-12-21,Elastic_Net,120D,2,0.071248879098564,0.03334135219042593,Low
2016-12-22,Elastic_Net,120D,2,0.0733971894710203,0.03334135219042593,Low
2016-12-23,Elastic_Net,120D,2,0.0804588401428351,0.03334135219042593,Low
2016-12-27,Elastic_Net,120D,2,0.0714938307913548,0.03334135219042593,Low
2016-12-28,Elastic_Net,120D,2,0.0793026573078545,0.03334135219042593,Low
2016-12-29,Elastic_Net,120D,2,0.0791401190672848,0.03334135219042593,Low
2016-12-30,Elastic_Net,120D,2,0.0853476523195481,0.03334135219042593,Low
2017-01-03,Elastic_Net,120D,2,0.0772126375061235,0.03334135219042593,Low
2017-01-04,Elastic_Net,120D,2,0.0634010871599011,0.03334135219042593,Low
2017-01-05,Elastic_Net,120D,2,0.0729415564089336,0.03334135219042593,Low
2017-01-06,Elastic_Net,120D,2,0.0607935503842131,0.03334135219042593,Low
2017-01-09,Elastic_Net,120D,2,0.0658805134666462,0.03334135219042593,Low
2017-01-10,Elastic_Net,120D,2,0.068188681445794,0.03334135219042593,Low
2017-01-11,Elastic_Net,120D,2,0.0668152630929806,0.03334135219042593,Low
2017-01-12,Elastic_Net,120D,2,0.059549388179844,0.03334135219042593,Low
2017-01-13,Elastic_Net,120D,2,0.0640839693543129,0.03334135219042593,Low
2017-01-17,Elastic_Net,120D,2,0.0679832199140441,0.03334135219042593,Low
2017-01-18,Elastic_Net,120D,2,0.0654380323781526,0.03334135219042593,Low
2017-01-19,Elastic_Net,120D,2,0.0763329209502931,0.03334135219042593,Low
2017-01-20,Elastic_Net,120D,2,0.0748451663624665,0.03334135219042593,Low
2017-01-23,Elastic_Net,120D,2,0.0822015321785455,0.03334135219042593,Low
2017-01-24,Elastic_Net,120D,2,0.0756054774128763,0.03334135219042593,Low
2017-01-25,Elastic_Net,120D,2,0.0682091033150185,0.03334135219042593,Low
2017-01-26,Elastic_Net,120D,2,0.0743030164663353,0.03334135219042593,Low
2017-01-27,Elastic_Net,120D,2,0.0750161848674697,0.03334135219042593,Low
2017-01-30,Elastic_Net,120D,2,0.0806759190343575,0.03334135219042593,Low
2017-01-31,Elastic_Net,120D,2,0.0805019196469813,0.03334135219042593,Low
2017-02-01,Elastic_Net,120D,2,0.083122508178763,0.03334135219042593,Low
2017-02-02,Elastic_Net,120D,2,0.0828349853461913,0.03334135219042593,Low
2017-02-03,Elastic_Net,120D,2,0.0746233268542439,0.03334135219042593,Low
2017-02-06,Elastic_Net,120D,2,0.075398908689837,0.03334135219042593,Low
2017-02-07,Elastic_Net,120D,2,0.0744436943914314,0.03334135219042593,Low
2017-02-08,Elastic_Net,120D,2,0.0761967330177601,0.03334135219042593,Low
2017-02-09,Elastic_Net,120D,2,0.0709531966891476,0.03334135219042593,Low
2017-02-10,Elastic_Net,120D,2,0.0652074480321926,0.03334135219042593,Low
2017-02-13,Elastic_Net,120D,2,0.0618626358657208,0.03334135219042593,Low
2017-02-14,Elastic_Net,120D,2,0.0595091533143285,0.03334135219042593,Low
2017-02-15,Elastic_Net,120D,2,0.0521119124182087,0.03334135219042593,Low
2017-02-16,Elastic_Net,120D,2,0.0526127292270466,0.03334135219042593,Low
2017-02-17,Elastic_Net,120D,2,0.0363553614990677,0.03334135219042593,Low
2017-02-21,Elastic_Net,120D,2,0.0316002686069859,0.03334135219042593,Low
2017-02-22,Elastic_Net,120D,2,0.0426767059998393,0.03334135219042593,Low
2017-02-23,Elastic_Net,120D,2,0.0417588747016968,0.03334135219042593,Low
2017-02-24,Elastic_Net,120D,2,0.0416857199929973,0.03334135219042593,Low
2017-02-27,Elastic_Net,120D,2,0.0251109122380723,0.03334135219042593,Low
2017-02-28,Elastic_Net,120D,2,0.0258555646919152,0.03334135219042593,Low
2017-03-01,Elastic_Net,120D,2,0.013436329322756,0.03334135219042593,Low
2017-03-02,Elastic_Net,120D,2,0.0292051415554865,0.03334135219042593,Low
2017-03-03,Elastic_Net,120D,2,0.0252418210543125,0.03334135219042593,Low
2017-03-06,Elastic_Net,120D,2,0.0264478270707399,0.03334135219042593,Low
2017-03-07,Elastic_Net,120D,2,0.0310369246417673,0.03334135219042593,Low
2017-03-08,Elastic_Net,120D,2,0.0338107060791273,0.03334135219042593,Low
2017-03-09,Elastic_Net,120D,2,0.0338535972283708,0.03334135219042593,Low
2017-03-10,Elastic_Net,120D,2,0.0351947893105732,0.03334135219042593,Low
2017-03-13,Elastic_Net,120D,2,0.040532897276117,0.03334135219042593,Low
2017-03-14,Elastic_Net,120D,2,0.0458982242993432,0.03334135219042593,Low
2017-03-15,Elastic_Net,120D,2,0.029978886622512,0.03334135219042593,Low
2017-03-16,Elastic_Net,120D,2,0.0347307639148396,0.03334135219042593,Low
2017-03-17,Elastic_Net,120D,2,0.0358674911342175,0.03334135219042593,Low
2017-03-20,Elastic_Net,120D,2,0.0363894470711402,0.03334135219042593,Low
2017-03-21,Elastic_Net,120D,2,0.0596560168583893,0.03334135219042593,Low
2017-03-22,Elastic_Net,120D,2,0.0611262166058098,0.03334135219042593,Low
2017-03-23,Elastic_Net,120D,2,0.0629438829987224,0.03334135219042593,Low
2017-03-24,Elastic_Net,120D,2,0.062686911361833,0.03334135219042593,Low
2017-03-27,Elastic_Net,120D,2,0.0655524964938378,0.03334135219042593,Low
2017-03-28,Elastic_Net,120D,2,0.0597820495933434,0.03334135219042593,Low
2017-03-29,Elastic_Net,120D,2,0.0598068930062445,0.03334135219042593,Low
2017-03-30,Elastic_Net,120D,2,0.057510228796849,0.03334135219042593,Low
2017-03-31,Elastic_Net,120D,2,0.0567172567882009,0.03334135219042593,Low
2017-04-03,Elastic_Net,120D,2,0.0590083160913812,0.03334135219042593,Low
2017-04-04,Elastic_Net,120D,2,0.0562244273168662,0.03334135219042593,Low
2017-04-05,Elastic_Net,120D,2,0.0593561282542834,0.03334135219042593,Low
2017-04-06,Elastic_Net,120D,2,0.0615053003625362,0.03334135219042593,Low
2017-04-07,Elastic_Net,120D,2,0.063536663454419,0.03334135219042593,Low
2017-04-10,Elastic_Net,120D,2,0.0665474763871345,0.03334135219042593,Low
2017-04-11,Elastic_Net,120D,2,0.0718489035088052,0.03334135219042593,Low
2017-04-12,Elastic_Net,120D,2,0.077772452112453,0.03334135219042593,Low
2017-04-13,Elastic_Net,120D,2,0.0858564160633709,0.03334135219042593,Low
2017-04-17,Elastic_Net,120D,2,0.0829108544035563,0.03334135219042593,Low
2017-04-18,Elastic_Net,120D,2,0.0847442460841498,0.03334135219042593,Low
2017-04-19,Elastic_Net,120D,2,0.0846560076130049,0.03334135219042593,Low
2017-04-20,Elastic_Net,120D,2,0.0794468768805091,0.03334135219042593,Low
2017-04-21,Elastic_Net,120D,2,0.084288447917288,0.03334135219042593,Low
2017-04-24,Elastic_Net,120D,2,0.0718185342088248,0.03334135219042593,Low
2017-04-25,Elastic_Net,120D,2,0.0666240420019199,0.03334135219042593,Low
2017-04-26,Elastic_Net,120D,2,0.068859086009913,0.03334135219042593,Low
2017-04-27,Elastic_Net,120D,2,0.0689786719150479,0.03334135219042593,Low
2017-04-28,Elastic_Net,120D,2,0.0716357108978673,0.03334135219042593,Low
2017-05-01,Elastic_Net,120D,2,0.070232863185984,0.03334135219042593,Low
2017-05-02,Elastic_Net,120D,2,0.0741483157852029,0.03334135219042593,Low
2017-05-03,Elastic_Net,120D,2,0.0714400898680332,0.03334135219042593,Low
2017-05-04,Elastic_Net,120D,2,0.0724747574547217,0.03334135219042593,Low
2017-05-05,Elastic_Net,120D,2,0.0637204423599832,0.03334135219042593,Low
2017-05-08,Elastic_Net,120D,2,0.0649531363386776,0.03334135219042593,Low
2017-05-09,Elastic_Net,120D,2,0.0740195208751979,0.03334135219042593,Low
2017-05-10,Elastic_Net,120D,2,0.0696919807810075,0.03334135219042593,Low
2017-05-11,Elastic_Net,120D,2,0.0728011450917936,0.03334135219042593,Low
2017-05-12,Elastic_Net,120D,2,0.0758715245404917,0.03334135219042593,Low
2017-05-15,Elastic_Net,120D,2,0.0712963300071433,0.03334135219042593,Low
2017-05-16,Elastic_Net,120D,2,0.0750757523704437,0.03334135219042593,Low
2017-05-17,Elastic_Net,120D,2,0.0946916644263351,0.03334135219042593,Low
2017-05-18,Elastic_Net,120D,2,0.0908225049940373,0.03334135219042593,Low
2017-05-19,Elastic_Net,120D,2,0.085520415717897,0.03334135219042593,Low
2017-05-22,Elastic_Net,120D,2,0.0766045710825185,0.03334135219042593,Low
2017-05-23,Elastic_Net,120D,2,0.0738703389340843,0.03334135219042593,Low
2017-05-24,Elastic_Net,120D,2,0.0723674560408011,0.03334135219042593,Low
2017-05-25,Elastic_Net,120D,2,0.0656230634385411,0.03334135219042593,Low
2017-05-26,Elastic_Net,120D,2,0.0597715629111149,0.03334135219042593,Low
2017-05-30,Elastic_Net,120D,2,0.0691395664236211,0.03334135219042593,Low
2017-05-31,Elastic_Net,120D,2,0.0669702240646751,0.03334135219042593,Low
2017-06-01,Elastic_Net,120D,2,0.060702498368618,0.03334135219042593,Low
2017-06-02,Elastic_Net,120D,2,0.0635214626303244,0.03334135219042593,Low
2017-06-05,Elastic_Net,120D,2,0.0639893270674236,0.03334135219042593,Low
2017-06-06,Elastic_Net,120D,2,0.0688262200118597,0.03334135219042593,Low
2017-06-07,Elastic_Net,120D,2,0.0668748596287088,0.03334135219042593,Low
2017-06-08,Elastic_Net,120D,2,0.0764080227898377,0.03334135219042593,Low
2017-06-09,Elastic_Net,120D,2,0.0768690627732342,0.03334135219042593,Low
2017-06-12,Elastic_Net,120D,2,0.0860058919157635,0.03334135219042593,Low
2017-06-13,Elastic_Net,120D,2,0.079477950136728,0.03334135219042593,Low
2017-06-14,Elastic_Net,120D,2,0.0794215665527591,0.03334135219042593,Low
2017-06-15,Elastic_Net,120D,2,0.0779172858236442,0.03334135219042593,Low
2017-06-16,Elastic_Net,120D,2,0.0775195745030542,0.03334135219042593,Low
2017-06-19,Elastic_Net,120D,2,0.0721350583062694,0.03334135219042593,Low
2017-06-20,Elastic_Net,120D,2,0.0843454207887192,0.03334135219042593,Low
2017-06-21,Elastic_Net,120D,2,0.0881250771036869,0.03334135219042593,Low
2017-06-22,Elastic_Net,120D,2,0.0901286867982143,0.03334135219042593,Low
2017-06-23,Elastic_Net,120D,2,0.0880959192726552,0.03334135219042593,Low
2017-06-26,Elastic_Net,120D,2,0.0837009996021602,0.03334135219042593,Low
2017-06-27,Elastic_Net,120D,2,0.1007408995879757,0.03334135219042593,Low
2017-06-28,Elastic_Net,120D,2,0.0973198765210222,0.03334135219042593,Low
2017-06-29,Elastic_Net,120D,2,0.1027215953220452,0.03334135219042593,Low
2017-06-30,Elastic_Net,120D,2,0.1003613016375989,0.03334135219042593,Low
2017-07-03,Elastic_Net,120D,2,0.1000368206711096,0.03334135219042593,Low
2017-07-05,Elastic_Net,120D,2,0.0981263249967072,0.03334135219042593,Low
2017-07-06,Elastic_Net,120D,2,0.1064803366035148,0.03334135219042593,Low
2017-07-07,Elastic_Net,120D,2,0.1008882523441415,0.03334135219042593,Low
2017-07-10,Elastic_Net,120D,2,0.1017932352435483,0.03334135219042593,Low
2017-07-11,Elastic_Net,120D,2,0.0973795900168823,0.03334135219042593,Low
2017-07-12,Elastic_Net,120D,2,0.098369617287459,0.03334135219042593,Low
2017-07-13,Elastic_Net,120D,2,0.1028752210579219,0.03334135219042593,Low
2017-07-14,Elastic_Net,120D,2,0.1022331477432396,0.03334135219042593,Low
2017-07-17,Elastic_Net,120D,2,0.1092952078685318,0.03334135219042593,Low
2017-07-18,Elastic_Net,120D,2,0.1103584929377178,0.03334135219042593,Low
2017-07-19,Elastic_Net,120D,2,0.1063023182389626,0.03334135219042593,Low
2017-07-20,Elastic_Net,120D,2,0.1053431435160489,0.03334135219042593,Low
2017-07-21,Elastic_Net,120D,2,0.1127201086141397,0.03334135219042593,Low
2017-07-24,Elastic_Net,120D,2,0.1205113360086427,0.03334135219042593,Low
2017-07-25,Elastic_Net,120D,2,0.114061715227142,0.03334135219042593,Low
2017-07-26,Elastic_Net,120D,2,0.1231500974275248,0.03334135219042593,Low
2017-07-27,Elastic_Net,120D,2,0.1225055615674448,0.03334135219042593,Low
2017-07-28,Elastic_Net,120D,2,0.128223225232551,0.03334135219042593,Low
2017-07-31,Elastic_Net,120D,2,0.136986000449324,0.03334135219042593,Low
2017-08-01,Elastic_Net,120D,2,0.1367118846426079,0.03334135219042593,Low
2017-08-02,Elastic_Net,120D,2,0.1356592246880283,0.03334135219042593,Low
2017-08-03,Elastic_Net,120D,2,0.1384477059218071,0.03334135219042593,Low
2017-08-04,Elastic_Net,120D,2,0.1483320226103518,0.03334135219042593,Low
2017-08-07,Elastic_Net,120D,3,0.1399314416812084,0.035045566835557776,Low
2017-08-08,Elastic_Net,120D,3,0.1313901511062567,0.035045566835557776,Low
2017-08-09,Elastic_Net,120D,3,0.1322426917576639,0.035045566835557776,Low
2017-08-10,Elastic_Net,120D,3,0.1461746118063819,0.035045566835557776,Low
2017-08-11,Elastic_Net,120D,3,0.1234631741616959,0.035045566835557776,Low
2017-08-14,Elastic_Net,120D,3,0.0716269819772651,0.035045566835557776,Low
2017-08-15,Elastic_Net,120D,3,0.0894164876530856,0.035045566835557776,Low
2017-08-16,Elastic_Net,120D,3,0.0829832539060009,0.035045566835557776,Low
2017-08-17,Elastic_Net,120D,3,0.0602815441473906,0.035045566835557776,Low
2017-08-18,Elastic_Net,120D,3,0.076944243008267,0.035045566835557776,Low
2017-08-21,Elastic_Net,120D,3,0.0896009329718869,0.035045566835557776,Low
2017-08-22,Elastic_Net,120D,3,0.0823187596915393,0.035045566835557776,Low
2017-08-23,Elastic_Net,120D,3,0.0990917696330754,0.035045566835557776,Low
2017-08-24,Elastic_Net,120D,3,0.1131652481569891,0.035045566835557776,Low
2017-08-25,Elastic_Net,120D,3,0.1118671761379732,0.035045566835557776,Low
2017-08-28,Elastic_Net,120D,3,0.1055217055578397,0.035045566835557776,Low
2017-08-29,Elastic_Net,120D,3,0.0991675743125192,0.035045566835557776,Low
2017-08-30,Elastic_Net,120D,3,0.0955361200100361,0.035045566835557776,Low
2017-08-31,Elastic_Net,120D,3,0.1057327246704436,0.035045566835557776,Low
2017-09-01,Elastic_Net,120D,3,0.1154405852487358,0.035045566835557776,Low
2017-09-05,Elastic_Net,120D,3,0.1102317323594131,0.035045566835557776,Low
2017-09-06,Elastic_Net,120D,3,0.095950083782613,0.035045566835557776,Low
2017-09-07,Elastic_Net,120D,3,0.0827145699725902,0.035045566835557776,Low
2017-09-08,Elastic_Net,120D,3,0.0892633156012466,0.035045566835557776,Low
2017-09-11,Elastic_Net,120D,3,0.089453958014626,0.035045566835557776,Low
2017-09-12,Elastic_Net,120D,3,0.0887310383517395,0.035045566835557776,Low
2017-09-13,Elastic_Net,120D,3,0.0874902122779407,0.035045566835557776,Low
2017-09-14,Elastic_Net,120D,3,0.0930446843376534,0.035045566835557776,Low
2017-09-15,Elastic_Net,120D,3,0.1084287535327017,0.035045566835557776,Low
2017-09-18,Elastic_Net,120D,3,0.1056990942655738,0.035045566835557776,Low
2017-09-19,Elastic_Net,120D,3,0.0982056042345278,0.035045566835557776,Low
2017-09-20,Elastic_Net,120D,3,0.0918304877070294,0.035045566835557776,Low
2017-09-21,Elastic_Net,120D,3,0.0940988172548478,0.035045566835557776,Low
2017-09-22,Elastic_Net,120D,3,0.0951532312069125,0.035045566835557776,Low
2017-09-25,Elastic_Net,120D,3,0.083071713365393,0.035045566835557776,Low
2017-09-26,Elastic_Net,120D,3,0.0844802579012169,0.035045566835557776,Low
2017-09-27,Elastic_Net,120D,3,0.0785577433735997,0.035045566835557776,Low
2017-09-28,Elastic_Net,120D,3,0.0518689657718073,0.035045566835557776,Low
2017-09-29,Elastic_Net,120D,3,0.0269808953915578,0.035045566835557776,Low
2017-10-02,Elastic_Net,120D,3,0.0499094172678808,0.035045566835557776,Low
2017-10-03,Elastic_Net,120D,3,0.030325620437898,0.035045566835557776,Low
2017-10-04,Elastic_Net,120D,3,0.0261587578773218,0.035045566835557776,Low
2017-10-05,Elastic_Net,120D,3,0.0342036313398726,0.035045566835557776,Low
2017-10-06,Elastic_Net,120D,3,0.0126871601616165,0.035045566835557776,Low
2017-10-09,Elastic_Net,120D,3,0.0270291853453714,0.035045566835557776,Low
2017-10-10,Elastic_Net,120D,3,0.0362095680613399,0.035045566835557776,Low
2017-10-11,Elastic_Net,120D,3,0.0412471065333276,0.035045566835557776,Low
2017-10-12,Elastic_Net,120D,3,0.0207712165966141,0.035045566835557776,Low
2017-10-13,Elastic_Net,120D,3,0.0232244895593608,0.035045566835557776,Low
2017-10-16,Elastic_Net,120D,3,0.038063866023369,0.035045566835557776,Low
2017-10-17,Elastic_Net,120D,3,0.0318508273454738,0.035045566835557776,Low
2017-10-18,Elastic_Net,120D,3,0.0393256665318013,0.035045566835557776,Low
2017-10-19,Elastic_Net,120D,3,0.0361069225900841,0.035045566835557776,Low
2017-10-20,Elastic_Net,120D,3,0.0390794632066169,0.035045566835557776,Low
2017-10-23,Elastic_Net,120D,3,0.0536649301334808,0.035045566835557776,Low
2017-10-24,Elastic_Net,120D,3,0.0528793496664756,0.035045566835557776,Low
2017-10-25,Elastic_Net,120D,3,0.051810723557903,0.035045566835557776,Low
2017-10-26,Elastic_Net,120D,3,0.0419674071189481,0.035045566835557776,Low
2017-10-27,Elastic_Net,120D,3,0.0339830272504056,0.035045566835557776,Low
2017-10-30,Elastic_Net,120D,3,0.0237097166206711,0.035045566835557776,Low
2017-10-31,Elastic_Net,120D,3,0.0246010779168154,0.035045566835557776,Low
2017-11-01,Elastic_Net,120D,3,0.0333903779962884,0.035045566835557776,Low
2017-11-02,Elastic_Net,120D,3,0.0343134354979856,0.035045566835557776,Low
2017-11-03,Elastic_Net,120D,3,0.02299995362275,0.035045566835557776,Low
2017-11-06,Elastic_Net,120D,3,0.024275311909001,0.035045566835557776,Low
2017-11-07,Elastic_Net,120D,3,0.0172324815126806,0.035045566835557776,Low
2017-11-08,Elastic_Net,120D,3,0.0135336499955562,0.035045566835557776,Low
2017-11-09,Elastic_Net,120D,3,0.0300324413632614,0.035045566835557776,Low
2017-11-10,Elastic_Net,120D,3,0.034382468894305,0.035045566835557776,Low
2017-11-13,Elastic_Net,120D,3,0.033133641371278,0.035045566835557776,Low
2017-11-14,Elastic_Net,120D,3,0.0450815698664288,0.035045566835557776,Low
2017-11-15,Elastic_Net,120D,3,0.0599495802124009,0.035045566835557776,Low
2017-11-16,Elastic_Net,120D,3,0.0534930667003897,0.035045566835557776,Low
2017-11-17,Elastic_Net,120D,3,0.0570055831894136,0.035045566835557776,Low
2017-11-20,Elastic_Net,120D,3,0.0488650582566329,0.035045566835557776,Low
2017-11-21,Elastic_Net,120D,3,0.0463975592243946,0.035045566835557776,Low
2017-11-22,Elastic_Net,120D,3,0.0462918631391141,0.035045566835557776,Low
2017-11-24,Elastic_Net,120D,3,0.0416022136063316,0.035045566835557776,Low
2017-11-27,Elastic_Net,120D,3,0.0493461497410682,0.035045566835557776,Low
2017-11-28,Elastic_Net,120D,3,0.0364051289513994,0.035045566835557776,Low
2017-11-29,Elastic_Net,120D,3,0.040017568041089,0.035045566835557776,Low
2017-11-30,Elastic_Net,120D,3,0.0298347184205552,0.035045566835557776,Low
2017-12-01,Elastic_Net,120D,3,0.0295012983021747,0.035045566835557776,Low
2017-12-04,Elastic_Net,120D,3,0.018922436339669,0.035045566835557776,Low
2017-12-05,Elastic_Net,120D,3,0.035284702217548,0.035045566835557776,Low
2017-12-06,Elastic_Net,120D,3,0.0284954811446442,0.035045566835557776,Low
2017-12-07,Elastic_Net,120D,3,0.0363582138437746,0.035045566835557776,Low
2017-12-08,Elastic_Net,120D,3,0.0353366067066089,0.035045566835557776,Low
2017-12-11,Elastic_Net,120D,3,0.0328421108544885,0.035045566835557776,Low
2017-12-12,Elastic_Net,120D,3,0.0398252877697111,0.035045566835557776,Low
2017-12-13,Elastic_Net,120D,3,0.0395839131178768,0.035045566835557776,Low
2017-12-14,Elastic_Net,120D,3,0.0467841097563907,0.035045566835557776,Low
2017-12-15,Elastic_Net,120D,3,0.0389179333531882,0.035045566835557776,Low
2017-12-18,Elastic_Net,120D,3,0.0353113220522946,0.035045566835557776,Low
2017-12-19,Elastic_Net,120D,3,0.0345125655540016,0.035045566835557776,Low
2017-12-20,Elastic_Net,120D,3,0.0378093021500779,0.035045566835557776,Low
2017-12-21,Elastic_Net,120D,3,0.0348079948219254,0.035045566835557776,Low
2017-12-22,Elastic_Net,120D,3,0.0331378752791525,0.035045566835557776,Low
2017-12-26,Elastic_Net,120D,3,0.0301653330278199,0.035045566835557776,Low
2017-12-27,Elastic_Net,120D,3,0.03108539494169,0.035045566835557776,Low
2017-12-28,Elastic_Net,120D,3,0.0228873470955503,0.035045566835557776,Low
2017-12-29,Elastic_Net,120D,3,0.0299441826434324,0.035045566835557776,Low
2018-01-02,Elastic_Net,120D,3,0.0078553814572638,0.035045566835557776,Low
2018-01-03,Elastic_Net,120D,3,0.0036790987190242,0.035045566835557776,Low
2018-01-04,Elastic_Net,120D,3,-0.0089830304494437,0.035045566835557776,Low
2018-01-05,Elastic_Net,120D,3,-0.0098324963189976,0.035045566835557776,Low
2018-01-08,Elastic_Net,120D,3,-0.0107353441987777,0.035045566835557776,Low
2018-01-09,Elastic_Net,120D,3,-0.0089741668817827,0.035045566835557776,Low
2018-01-10,Elastic_Net,120D,3,-0.0128209503507957,0.035045566835557776,Low
2018-01-11,Elastic_Net,120D,3,-0.0112461193741397,0.035045566835557776,Low
2018-01-12,Elastic_Net,120D,3,-0.0095275281726538,0.035045566835557776,Low
2018-01-16,Elastic_Net,120D,3,0.0027874758742903,0.035045566835557776,Low
2018-01-17,Elastic_Net,120D,3,-0.0031162810133898,0.035045566835557776,Low
2018-01-18,Elastic_Net,120D,3,-0.0086180698878327,0.035045566835557776,Low
2018-01-19,Elastic_Net,120D,3,-0.0042827262946508,0.035045566835557776,Low
2018-01-22,Elastic_Net,120D,3,-0.0112384351402554,0.035045566835557776,Low
2018-01-23,Elastic_Net,120D,3,-0.0144391047293763,0.035045566835557776,Low
2018-01-24,Elastic_Net,120D,3,-0.0099131478387008,0.035045566835557776,Low
2018-01-25,Elastic_Net,120D,3,-0.0083574051607964,0.035045566835557776,Low
2018-01-26,Elastic_Net,120D,3,-0.0240898701159302,0.035045566835557776,Low
2018-01-29,Elastic_Net,120D,3,-0.0182840316023415,0.035045566835557776,Low
2018-01-30,Elastic_Net,120D,3,-0.0054890264537729,0.035045566835557776,Low
2018-01-31,Elastic_Net,120D,3,-0.0012083734264141,0.035045566835557776,Low
2018-02-01,Elastic_Net,120D,3,0.0085003599959818,0.035045566835557776,Low
2018-02-02,Elastic_Net,120D,3,0.026900137763813,0.035045566835557776,Normal
2018-02-05,Elastic_Net,120D,3,0.0621588440573491,0.035045566835557776,High
2018-02-06,Elastic_Net,120D,3,0.0390974813928248,0.035045566835557776,High
2018-02-07,Elastic_Net,120D,3,0.0489844568358804,0.035045566835557776,High
2018-02-08,Elastic_Net,120D,3,0.086202616014111,0.035045566835557776,High
2018-02-09,Elastic_Net,120D,3,0.0762913203967954,0.035045566835557776,High
2018-02-12,Elastic_Net,120D,3,0.0671060867839572,0.035045566835557776,High
2018-02-13,Elastic_Net,120D,3,0.0680285474544814,0.035045566835557776,High
2018-02-14,Elastic_Net,120D,3,0.05753530939207,0.035045566835557776,High
2018-02-15,Elastic_Net,120D,3,0.0452760332219996,0.035045566835557776,High
2018-02-16,Elastic_Net,120D,3,0.0434599188950381,0.035045566835557776,High
2018-02-20,Elastic_Net,120D,3,0.0421791237386308,0.035045566835557776,High
2018-02-21,Elastic_Net,120D,3,0.0436767505559615,0.035045566835557776,High
2018-02-22,Elastic_Net,120D,3,0.0490726030868008,0.035045566835557776,High
2018-02-23,Elastic_Net,120D,3,0.025540116260301,0.035045566835557776,High
2018-02-26,Elastic_Net,120D,3,0.0217398921923116,0.035045566835557776,High
2018-02-27,Elastic_Net,120D,3,0.0378458100090423,0.035045566835557776,High
2018-02-28,Elastic_Net,120D,3,0.0514286909948266,0.035045566835557776,High
2018-03-01,Elastic_Net,120D,3,0.0669090568043301,0.035045566835557776,High
2018-03-02,Elastic_Net,120D,3,0.061452040264888,0.035045566835557776,High
2018-03-05,Elastic_Net,120D,3,0.0487877287308265,0.035045566835557776,High
2018-03-06,Elastic_Net,120D,3,0.0523320517271149,0.035045566835557776,High
2018-03-07,Elastic_Net,120D,3,0.0604571849599417,0.035045566835557776,High
2018-03-08,Elastic_Net,120D,3,0.0562732788286555,0.035045566835557776,High
2018-03-09,Elastic_Net,120D,3,0.0447289745563593,0.035045566835557776,Normal
2018-03-12,Elastic_Net,120D,3,0.0415635998498997,0.035045566835557776,Normal
2018-03-13,Elastic_Net,120D,3,0.0480819787315196,0.035045566835557776,Normal
2018-03-14,Elastic_Net,120D,3,0.0521672565078288,0.035045566835557776,Normal
2018-03-15,Elastic_Net,120D,3,0.0501424301056594,0.035045566835557776,Normal
2018-03-16,Elastic_Net,120D,3,0.0447814411218096,0.035045566835557776,Normal
2018-03-19,Elastic_Net,120D,3,0.0568716837681685,0.035045566835557776,Normal
2018-03-20,Elastic_Net,120D,3,0.0572870033211427,0.035045566835557776,Normal
2018-03-21,Elastic_Net,120D,3,0.0628655611364876,0.035045566835557776,Normal
2018-03-22,Elastic_Net,120D,3,0.0887070564592358,0.035045566835557776,High
2018-03-23,Elastic_Net,120D,3,0.1151652159303776,0.035045566835557776,High
2018-03-26,Elastic_Net,120D,3,0.0886456191251086,0.035045566835557776,High
2018-03-27,Elastic_Net,120D,3,0.1004876137788812,0.035045566835557776,High
2018-03-28,Elastic_Net,120D,3,0.1087631855459692,0.035045566835557776,High
2018-03-29,Elastic_Net,120D,3,0.0963398960852977,0.035045566835557776,High
2018-04-02,Elastic_Net,120D,3,0.1267405926141228,0.035045566835557776,High
2018-04-03,Elastic_Net,120D,3,0.1138360303613745,0.035045566835557776,High
2018-04-04,Elastic_Net,120D,3,0.098814045700914,0.035045566835557776,High
2018-04-05,Elastic_Net,120D,3,0.0906686758061449,0.035045566835557776,High
2018-04-06,Elastic_Net,120D,3,0.1095380431820499,0.035045566835557776,High
2018-04-09,Elastic_Net,120D,3,0.1089665244429683,0.035045566835557776,High
2018-04-10,Elastic_Net,120D,3,0.092371055302516,0.035045566835557776,High
2018-04-11,Elastic_Net,120D,3,0.1015462334171757,0.035045566835557776,High
2018-04-12,Elastic_Net,120D,3,0.0929325658092397,0.035045566835557776,High
2018-04-13,Elastic_Net,120D,3,0.0965346323726646,0.035045566835557776,High
2018-04-16,Elastic_Net,120D,3,0.0802552601500917,0.035045566835557776,High
2018-04-17,Elastic_Net,120D,3,0.064106873951603,0.035045566835557776,High
2018-04-18,Elastic_Net,120D,3,0.0628806588357001,0.035045566835557776,High
2018-04-19,Elastic_Net,120D,3,0.0672043307973784,0.035045566835557776,High
2018-04-20,Elastic_Net,120D,3,0.0423611189431291,0.035045566835557776,High
2018-04-23,Elastic_Net,120D,3,0.0215173088594031,0.035045566835557776,High
2018-04-24,Elastic_Net,120D,3,0.0490944322742546,0.035045566835557776,High
2018-04-25,Elastic_Net,120D,3,0.0413365757501307,0.035045566835557776,High
2018-04-26,Elastic_Net,120D,3,0.0522242595976549,0.035045566835557776,High
2018-04-27,Elastic_Net,120D,3,0.0508585600636261,0.035045566835557776,High
2018-04-30,Elastic_Net,120D,3,0.0445832620372062,0.035045566835557776,Normal
2018-05-01,Elastic_Net,120D,3,0.0416762247308995,0.035045566835557776,Normal
2018-05-02,Elastic_Net,120D,3,0.044599378835824,0.035045566835557776,Normal
2018-05-03,Elastic_Net,120D,3,0.041328520240194,0.035045566835557776,Normal
2018-05-04,Elastic_Net,120D,3,-0.0027520636492819,0.035045566835557776,Normal
2018-05-07,Elastic_Net,120D,3,0.0122496737744422,0.035045566835557776,Normal
2018-05-08,Elastic_Net,120D,3,-0.004963787623827,0.035045566835557776,Normal
2018-05-09,Elastic_Net,120D,3,-0.0211806438538897,0.035045566835557776,Normal
2018-05-10,Elastic_Net,120D,3,-0.0149623324858607,0.035045566835557776,Normal
2018-05-11,Elastic_Net,120D,3,-0.0058755930022508,0.035045566835557776,Normal
2018-05-14,Elastic_Net,120D,3,0.0037438063561517,0.035045566835557776,Normal
2018-05-15,Elastic_Net,120D,3,0.0042727403442628,0.035045566835557776,Normal
2018-05-16,Elastic_Net,120D,3,0.0058050941939425,0.035045566835557776,Normal
2018-05-17,Elastic_Net,120D,3,0.0129011207269614,0.035045566835557776,Normal
2018-05-18,Elastic_Net,120D,3,0.0365238645422855,0.035045566835557776,Normal
2018-05-21,Elastic_Net,120D,3,0.0266521910058607,0.035045566835557776,Normal
2018-05-22,Elastic_Net,120D,3,0.0205512936833635,0.035045566835557776,Low
2018-05-23,Elastic_Net,120D,3,-0.0025900025090028,0.035045566835557776,Low
2018-05-24,Elastic_Net,120D,3,-0.0020477583734541,0.035045566835557776,Low
2018-05-25,Elastic_Net,120D,3,-0.0072839441377187,0.035045566835557776,Low
2018-05-29,Elastic_Net,120D,3,0.0148856611167155,0.035045566835557776,Low
2018-05-30,Elastic_Net,120D,3,0.0044906233022757,0.035045566835557776,Normal
2018-05-31,Elastic_Net,120D,3,-0.0053892046900115,0.035045566835557776,Normal
2018-06-01,Elastic_Net,120D,3,-0.0344979999558372,0.035045566835557776,Normal
2018-06-04,Elastic_Net,120D,3,-0.0359289255434223,0.035045566835557776,Low
2018-06-05,Elastic_Net,120D,3,-0.0432076915248535,0.035045566835557776,Low
2018-06-06,Elastic_Net,120D,3,-0.0363256163167991,0.035045566835557776,Normal
2018-06-07,Elastic_Net,120D,3,-0.0323547883302018,0.035045566835557776,Low
2018-06-08,Elastic_Net,120D,3,-0.0127617659348392,0.035045566835557776,Low
2018-06-11,Elastic_Net,120D,3,-0.016015397487173,0.035045566835557776,Low
2018-06-12,Elastic_Net,120D,3,-0.0096197170492593,0.035045566835557776,Low
2018-06-13,Elastic_Net,120D,3,0.0052965392865146,0.035045566835557776,Low
2018-06-14,Elastic_Net,120D,3,-0.0300721900745451,0.035045566835557776,Low
2018-06-15,Elastic_Net,120D,3,-0.0305779576731953,0.035045566835557776,Low
2018-06-18,Elastic_Net,120D,3,-0.0520459019486309,0.035045566835557776,Low
2018-06-19,Elastic_Net,120D,3,-0.0462537807743233,0.035045566835557776,Low
2018-06-20,Elastic_Net,120D,3,-0.0483208806737415,0.035045566835557776,Low
2018-06-21,Elastic_Net,120D,3,-0.0365502808201699,0.035045566835557776,Low
2018-06-22,Elastic_Net,120D,3,-0.0386104343877189,0.035045566835557776,Low
2018-06-25,Elastic_Net,120D,3,-0.0440619236886482,0.035045566835557776,Normal
2018-06-26,Elastic_Net,120D,3,-0.0672563590229216,0.035045566835557776,Low
2018-06-27,Elastic_Net,120D,3,-0.0585283758559914,0.035045566835557776,Low
2018-06-28,Elastic_Net,120D,3,-0.0802035150509596,0.035045566835557776,Low
2018-06-29,Elastic_Net,120D,3,-0.0968594404225804,0.035045566835557776,Low
2018-07-02,Elastic_Net,120D,3,-0.1207258217554144,0.035045566835557776,Low
2018-07-03,Elastic_Net,120D,3,-0.1432527653531951,0.035045566835557776,Low
2018-07-05,Elastic_Net,120D,3,-0.1034334444279281,0.035045566835557776,Low
2018-07-06,Elastic_Net,120D,3,-0.1033527330596912,0.035045566835557776,Low
2018-07-09,Elastic_Net,120D,3,-0.113379377755264,0.035045566835557776,Low
2018-07-10,Elastic_Net,120D,3,-0.1083900012118791,0.035045566835557776,Low
2018-07-11,Elastic_Net,120D,3,-0.1000028217773364,0.035045566835557776,Low
2018-07-12,Elastic_Net,120D,3,-0.1337821451764235,0.035045566835557776,Low
2018-07-13,Elastic_Net,120D,3,-0.1011014016526856,0.035045566835557776,Low
2018-07-16,Elastic_Net,120D,3,-0.0930867610365572,0.035045566835557776,Low
2018-07-17,Elastic_Net,120D,3,-0.0874039980435033,0.035045566835557776,Low
2018-07-18,Elastic_Net,120D,3,-0.0854725087874184,0.035045566835557776,Low
2018-07-19,Elastic_Net,120D,3,-0.0770034405639067,0.035045566835557776,Low
2018-07-20,Elastic_Net,120D,3,-0.0762008513371148,0.035045566835557776,Low
2018-07-23,Elastic_Net,120D,3,-0.0833086082675958,0.035045566835557776,Low
2018-07-24,Elastic_Net,120D,3,-0.0774135082738883,0.035045566835557776,Low
2018-07-25,Elastic_Net,120D,3,-0.0842544228151726,0.035045566835557776,Low
2018-07-26,Elastic_Net,120D,3,-0.0736547893600695,0.035045566835557776,Low
2018-07-27,Elastic_Net,120D,3,-0.0539740418753683,0.035045566835557776,Low
2018-07-30,Elastic_Net,120D,3,-0.0624617293877536,0.035045566835557776,Low
2018-07-31,Elastic_Net,120D,3,-0.0651340766876058,0.035045566835557776,Low
2018-08-01,Elastic_Net,120D,3,-0.0627184035090572,0.035045566835557776,Low
2018-08-02,Elastic_Net,120D,3,-0.059179885390748,0.035045566835557776,Low
2018-08-03,Elastic_Net,120D,3,-0.0716910933048049,0.035045566835557776,Low
2018-08-06,Elastic_Net,120D,3,-0.0766803838907214,0.035045566835557776,Low
2018-08-07,Elastic_Net,120D,3,-0.0640709757456472,0.035045566835557776,Low
2018-08-08,Elastic_Net,120D,3,-0.0552479125425841,0.035045566835557776,Low
2018-08-09,Elastic_Net,120D,3,-0.0529069912807372,0.035045566835557776,Low
2018-08-10,Elastic_Net,120D,3,-0.0390142979000131,0.035045566835557776,Low
2018-08-13,Elastic_Net,120D,3,-0.0303028897966826,0.035045566835557776,Low
2018-08-14,Elastic_Net,120D,3,-0.0388987355306088,0.035045566835557776,Low
2018-08-15,Elastic_Net,120D,3,-0.0406687201514602,0.035045566835557776,Low
2018-08-16,Elastic_Net,120D,3,-0.0478809621380858,0.035045566835557776,Low
2018-08-17,Elastic_Net,120D,3,-0.0504897167095303,0.035045566835557776,Low
2018-08-20,Elastic_Net,120D,3,-0.04010693870882,0.035045566835557776,Low
2018-08-21,Elastic_Net,120D,3,-0.0391539070697361,0.035045566835557776,Low
2018-08-22,Elastic_Net,120D,3,-0.0414108393991912,0.035045566835557776,Low
2018-08-23,Elastic_Net,120D,3,-0.0288981408106984,0.035045566835557776,Low
2018-08-24,Elastic_Net,120D,3,-0.0335802254123918,0.035045566835557776,Low
2018-08-27,Elastic_Net,120D,3,-0.0394458332587613,0.035045566835557776,Low
2018-08-28,Elastic_Net,120D,3,-0.0432477446622011,0.035045566835557776,Low
2018-08-29,Elastic_Net,120D,3,-0.0425423484364022,0.035045566835557776,Low
2018-08-30,Elastic_Net,120D,3,-0.0368710719421924,0.035045566835557776,Low
2018-08-31,Elastic_Net,120D,3,-0.0377963100823378,0.035045566835557776,Low
2018-09-04,Elastic_Net,120D,3,-0.0366848154697564,0.035045566835557776,Low
2018-09-05,Elastic_Net,120D,4,-0.0367072602674409,0.03455437602119691,Low
2018-09-06,Elastic_Net,120D,4,-0.0261766126421097,0.03455437602119691,Low
2018-09-07,Elastic_Net,120D,4,-0.0278489221423504,0.03455437602119691,Low
2018-09-10,Elastic_Net,120D,4,-0.0308771238467506,0.03455437602119691,Low
2018-09-11,Elastic_Net,120D,4,-0.0411554631405911,0.03455437602119691,Low
2018-09-12,Elastic_Net,120D,4,-0.0496709826288159,0.03455437602119691,Low
2018-09-13,Elastic_Net,120D,4,-0.0570732989196609,0.03455437602119691,Low
2018-09-14,Elastic_Net,120D,4,-0.0427892072569377,0.03455437602119691,Low
2018-09-17,Elastic_Net,120D,4,-0.0342549505375833,0.03455437602119691,Low
2018-09-18,Elastic_Net,120D,4,-0.0326840566481893,0.03455437602119691,Low
2018-09-19,Elastic_Net,120D,4,-0.0348049440129574,0.03455437602119691,Low
2018-09-20,Elastic_Net,120D,4,-0.0376424387898559,0.03455437602119691,Low
2018-09-21,Elastic_Net,120D,4,-0.0335747410539408,0.03455437602119691,Low
2018-09-24,Elastic_Net,120D,4,-0.0301834288198538,0.03455437602119691,Low
2018-09-25,Elastic_Net,120D,4,-0.0318261770675055,0.03455437602119691,Low
2018-09-26,Elastic_Net,120D,4,-0.0177374618916561,0.03455437602119691,Low
2018-09-27,Elastic_Net,120D,4,-0.0396537652544406,0.03455437602119691,Low
2018-09-28,Elastic_Net,120D,4,-0.0404862679436125,0.03455437602119691,Low
2018-10-01,Elastic_Net,120D,4,-0.0369637073378772,0.03455437602119691,Low
2018-10-02,Elastic_Net,120D,4,-0.0412220817041969,0.03455437602119691,Low
2018-10-03,Elastic_Net,120D,4,-0.0383502937256536,0.03455437602119691,Low
2018-10-04,Elastic_Net,120D,4,-0.023435552261319,0.03455437602119691,Low
2018-10-05,Elastic_Net,120D,4,-0.0063900421586525,0.03455437602119691,Low
2018-10-08,Elastic_Net,120D,4,-0.0059773918954445,0.03455437602119691,Low
2018-10-09,Elastic_Net,120D,4,-0.0024124096412011,0.03455437602119691,Low
2018-10-10,Elastic_Net,120D,4,0.033086444644395,0.03455437602119691,Normal
2018-10-11,Elastic_Net,120D,4,0.0584997422400357,0.03455437602119691,Normal
2018-10-12,Elastic_Net,120D,4,0.0454404185821831,0.03455437602119691,Normal
2018-10-15,Elastic_Net,120D,4,0.0452769244378134,0.03455437602119691,Normal
2018-10-16,Elastic_Net,120D,4,0.0274809341574122,0.03455437602119691,High
2018-10-17,Elastic_Net,120D,4,0.0277717507604199,0.03455437602119691,High
2018-10-18,Elastic_Net,120D,4,0.0488558197253068,0.03455437602119691,High
2018-10-19,Elastic_Net,120D,4,0.0485874876162289,0.03455437602119691,High
2018-10-22,Elastic_Net,120D,4,0.0534055130378468,0.03455437602119691,High
2018-10-23,Elastic_Net,120D,4,0.0566561883978022,0.03455437602119691,High
2018-10-24,Elastic_Net,120D,4,0.0895848090831925,0.03455437602119691,High
2018-10-25,Elastic_Net,120D,4,0.0721425969214114,0.03455437602119691,High
2018-10-26,Elastic_Net,120D,4,0.0984240861064098,0.03455437602119691,High
2018-10-29,Elastic_Net,120D,4,0.1028111257985676,0.03455437602119691,High
2018-10-30,Elastic_Net,120D,4,0.0868967610864173,0.03455437602119691,High
2018-10-31,Elastic_Net,120D,4,0.080778232655151,0.03455437602119691,High
2018-11-01,Elastic_Net,120D,4,0.0713466822908556,0.03455437602119691,High
2018-11-02,Elastic_Net,120D,4,0.0786343680455268,0.03455437602119691,High
2018-11-05,Elastic_Net,120D,4,0.0655192284980415,0.03455437602119691,High
2018-11-06,Elastic_Net,120D,4,0.05715319610495,0.03455437602119691,High
2018-11-07,Elastic_Net,120D,4,0.0457582450230934,0.03455437602119691,High
2018-11-08,Elastic_Net,120D,4,0.0437893008225125,0.03455437602119691,High
2018-11-09,Elastic_Net,120D,4,0.0363813986489794,0.03455437602119691,High
2018-11-12,Elastic_Net,120D,4,0.0546728342450269,0.03455437602119691,High
2018-11-13,Elastic_Net,120D,4,0.0531298544052725,0.03455437602119691,High
2018-11-14,Elastic_Net,120D,4,0.0644394372936418,0.03455437602119691,High
2018-11-15,Elastic_Net,120D,4,0.0294749354125023,0.03455437602119691,High
2018-11-16,Elastic_Net,120D,4,0.0352380853982343,0.03455437602119691,High
2018-11-19,Elastic_Net,120D,4,0.0578432409616788,0.03455437602119691,High
2018-11-20,Elastic_Net,120D,4,0.0850171936347638,0.03455437602119691,High
2018-11-21,Elastic_Net,120D,4,0.0761240871499528,0.03455437602119691,High
2018-11-23,Elastic_Net,120D,4,0.075928248886403,0.03455437602119691,High
2018-11-26,Elastic_Net,120D,4,0.0689752221342272,0.03455437602119691,High
2018-11-27,Elastic_Net,120D,4,0.0628904454057151,0.03455437602119691,High
2018-11-28,Elastic_Net,120D,4,0.0281907018613194,0.03455437602119691,High
2018-11-29,Elastic_Net,120D,4,0.0317288401787501,0.03455437602119691,High
2018-11-30,Elastic_Net,120D,4,0.0151803424618722,0.03455437602119691,High
2018-12-03,Elastic_Net,120D,4,-0.0026375694997216,0.03455437602119691,High
2018-12-04,Elastic_Net,120D,4,0.0323589320138314,0.03455437602119691,High
2018-12-06,Elastic_Net,120D,4,0.0205991146775226,0.03455437602119691,High
2018-12-07,Elastic_Net,120D,4,0.041426379479537,0.03455437602119691,High
2018-12-10,Elastic_Net,120D,4,0.0608717033376984,0.03455437602119691,High
2018-12-11,Elastic_Net,120D,4,0.0693568399918177,0.03455437602119691,High
2018-12-12,Elastic_Net,120D,4,0.0700688096574708,0.03455437602119691,High
2018-12-13,Elastic_Net,120D,4,0.080711739217146,0.03455437602119691,High
2018-12-14,Elastic_Net,120D,4,0.1046321715606113,0.03455437602119691,High
2018-12-17,Elastic_Net,120D,4,0.1252745149312366,0.03455437602119691,High
2018-12-18,Elastic_Net,120D,4,0.1231484602502102,0.03455437602119691,High
2018-12-19,Elastic_Net,120D,4,0.1427529299289973,0.03455437602119691,High
2018-12-20,Elastic_Net,120D,4,0.1570379276269483,0.03455437602119691,High
2018-12-21,Elastic_Net,120D,4,0.1787723635578418,0.03455437602119691,High
2018-12-24,Elastic_Net,120D,4,0.2159294260291269,0.03455437602119691,High
2018-12-26,Elastic_Net,120D,4,0.1705069651513456,0.03455437602119691,High
2018-12-27,Elastic_Net,120D,4,0.1714083415184017,0.03455437602119691,High
2018-12-28,Elastic_Net,120D,4,0.171390679148905,0.03455437602119691,High
2018-12-31,Elastic_Net,120D,4,0.1612006648261111,0.03455437602119691,High
2019-01-02,Elastic_Net,120D,4,0.1503911961230974,0.03455437602119691,High
2019-01-03,Elastic_Net,120D,4,0.1742248322632083,0.03455437602119691,High
2019-01-04,Elastic_Net,120D,4,0.1442813189954526,0.03455437602119691,High
2019-01-07,Elastic_Net,120D,4,0.1430362848408226,0.03455437602119691,High
2019-01-08,Elastic_Net,120D,4,0.1410307161152791,0.03455437602119691,High
2019-01-09,Elastic_Net,120D,4,0.1398648920594456,0.03455437602119691,High
2019-01-10,Elastic_Net,120D,4,0.1429997463456675,0.03455437602119691,High
2019-01-11,Elastic_Net,120D,4,0.1413385206856015,0.03455437602119691,High
2019-01-14,Elastic_Net,120D,4,0.1417627422627272,0.03455437602119691,High
2019-01-15,Elastic_Net,120D,4,0.13233391644142,0.03455437602119691,High
2019-01-16,Elastic_Net,120D,4,0.1346149428484143,0.03455437602119691,High
2019-01-17,Elastic_Net,120D,4,0.1293348317211273,0.03455437602119691,High
2019-01-18,Elastic_Net,120D,4,0.1208474531833381,0.03455437602119691,High
2019-01-22,Elastic_Net,120D,4,0.1352817837396946,0.03455437602119691,High
2019-01-23,Elastic_Net,120D,4,0.1296717092652333,0.03455437602119691,High
2019-01-24,Elastic_Net,120D,4,0.1217442636881626,0.03455437602119691,High
2019-01-25,Elastic_Net,120D,4,0.116866993696464,0.03455437602119691,High
2019-01-28,Elastic_Net,120D,4,0.1185488800803282,0.03455437602119691,High
2019-01-29,Elastic_Net,120D,4,0.1228308897016931,0.03455437602119691,High
2019-01-30,Elastic_Net,120D,4,0.1142254249494094,0.03455437602119691,High
2019-01-31,Elastic_Net,120D,4,0.1103419689531174,0.03455437602119691,High
2019-02-01,Elastic_Net,120D,4,0.1041674658847108,0.03455437602119691,Normal
2019-02-04,Elastic_Net,120D,4,0.1047746205380143,0.03455437602119691,Normal
2019-02-05,Elastic_Net,120D,4,0.0984598281716068,0.03455437602119691,Normal
2019-02-06,Elastic_Net,120D,4,0.0981047585170711,0.03455437602119691,Normal
2019-02-07,Elastic_Net,120D,4,0.0965607447671614,0.03455437602119691,Normal
2019-02-08,Elastic_Net,120D,4,0.0868452446323428,0.03455437602119691,Normal
2019-02-11,Elastic_Net,120D,4,0.0788270042889593,0.03455437602119691,Normal
2019-02-12,Elastic_Net,120D,4,0.0357889692164258,0.03455437602119691,Normal
2019-02-13,Elastic_Net,120D,4,0.0457025615338814,0.03455437602119691,Normal
2019-02-14,Elastic_Net,120D,4,0.0491243072514389,0.03455437602119691,Normal
2019-02-15,Elastic_Net,120D,4,0.0568927650533463,0.03455437602119691,Normal
2019-02-19,Elastic_Net,120D,4,0.0487565505930973,0.03455437602119691,Normal
2019-02-20,Elastic_Net,120D,4,0.0345872079164411,0.03455437602119691,Low
2019-02-21,Elastic_Net,120D,4,0.0531382235095843,0.03455437602119691,Low
2019-02-22,Elastic_Net,120D,4,0.0170172323603382,0.03455437602119691,Normal
2019-02-25,Elastic_Net,120D,4,0.0182473646087669,0.03455437602119691,Low
2019-02-26,Elastic_Net,120D,4,0.0333611924538521,0.03455437602119691,Low
2019-02-27,Elastic_Net,120D,4,0.0459385654545477,0.03455437602119691,Low
2019-02-28,Elastic_Net,120D,4,0.0408218577413828,0.03455437602119691,Low
2019-03-01,Elastic_Net,120D,4,0.0421631807100225,0.03455437602119691,Low
2019-03-04,Elastic_Net,120D,4,0.0455450851459993,0.03455437602119691,Low
2019-03-05,Elastic_Net,120D,4,0.0203883775128682,0.03455437602119691,Low
2019-03-06,Elastic_Net,120D,4,0.0378569638477912,0.03455437602119691,Low
2019-03-07,Elastic_Net,120D,4,0.0428075531855663,0.03455437602119691,Low
2019-03-08,Elastic_Net,120D,4,0.0514656688475823,0.03455437602119691,Low
2019-03-11,Elastic_Net,120D,4,0.0495136157251872,0.03455437602119691,Low
2019-03-12,Elastic_Net,120D,4,0.0472072307572589,0.03455437602119691,Low
2019-03-13,Elastic_Net,120D,4,0.0333586746675541,0.03455437602119691,Low
2019-03-14,Elastic_Net,120D,4,0.0450107992775717,0.03455437602119691,Low
2019-03-15,Elastic_Net,120D,4,0.0529641927909007,0.03455437602119691,Low
2019-03-18,Elastic_Net,120D,4,0.0501752867963696,0.03455437602119691,Low
2019-03-19,Elastic_Net,120D,4,0.0502118421973964,0.03455437602119691,Low
2019-03-20,Elastic_Net,120D,4,0.053482791364097,0.03455437602119691,Low
2019-03-21,Elastic_Net,120D,4,0.049892448195795,0.03455437602119691,Low
2019-03-22,Elastic_Net,120D,4,0.0719242916083016,0.03455437602119691,Normal
2019-03-25,Elastic_Net,120D,4,0.0720389875646456,0.03455437602119691,Normal
2019-03-26,Elastic_Net,120D,4,0.0617414217003556,0.03455437602119691,Normal
2019-03-27,Elastic_Net,120D,4,0.0689749903494166,0.03455437602119691,Normal
2019-03-28,Elastic_Net,120D,4,0.065734568918422,0.03455437602119691,Normal
2019-03-29,Elastic_Net,120D,4,0.0590428373970268,0.03455437602119691,Normal
2019-04-01,Elastic_Net,120D,4,0.042633042774102,0.03455437602119691,Normal
2019-04-02,Elastic_Net,120D,4,0.0425186466014162,0.03455437602119691,Normal
2019-04-03,Elastic_Net,120D,4,0.0319205852177755,0.03455437602119691,Normal
2019-04-04,Elastic_Net,120D,4,0.0359778052167452,0.03455437602119691,Normal
2019-04-05,Elastic_Net,120D,4,0.0289202165840329,0.03455437602119691,Normal
2019-04-08,Elastic_Net,120D,4,0.0225427702543807,0.03455437602119691,Low
2019-04-09,Elastic_Net,120D,4,0.0336636569052986,0.03455437602119691,Normal
2019-04-10,Elastic_Net,120D,4,0.017857692205386,0.03455437602119691,Normal
2019-04-11,Elastic_Net,120D,4,-0.0002458343226004,0.03455437602119691,Normal
2019-04-12,Elastic_Net,120D,4,0.0011068920617204,0.03455437602119691,Normal
2019-04-15,Elastic_Net,120D,4,0.0158532445453367,0.03455437602119691,Normal
2019-04-16,Elastic_Net,120D,4,0.0108556639465151,0.03455437602119691,Normal
2019-04-17,Elastic_Net,120D,4,-0.0025510947848559,0.03455437602119691,Normal
2019-04-18,Elastic_Net,120D,4,0.0049343549057403,0.03455437602119691,Low
2019-04-22,Elastic_Net,120D,4,0.0103180515005901,0.03455437602119691,Low
2019-04-23,Elastic_Net,120D,4,0.0123952799993839,0.03455437602119691,Low
2019-04-24,Elastic_Net,120D,4,0.013201366929201,0.03455437602119691,Low
2019-04-25,Elastic_Net,120D,4,0.0234768540459629,0.03455437602119691,Low
2019-04-26,Elastic_Net,120D,4,0.0168009591694643,0.03455437602119691,Low
2019-04-29,Elastic_Net,120D,4,0.0184890326350056,0.03455437602119691,Low
2019-04-30,Elastic_Net,120D,4,0.0136110222264142,0.03455437602119691,Low
2019-05-01,Elastic_Net,120D,4,0.0279895821820395,0.03455437602119691,Low
2019-05-02,Elastic_Net,120D,4,0.0265407775723454,0.03455437602119691,Low
2019-05-03,Elastic_Net,120D,4,0.0197917534392588,0.03455437602119691,Low
2019-05-06,Elastic_Net,120D,4,0.0261913712875027,0.03455437602119691,Low
2019-05-07,Elastic_Net,120D,4,0.046905288887064,0.03455437602119691,Low
2019-05-08,Elastic_Net,120D,4,0.0540778241926018,0.03455437602119691,Low
2019-05-09,Elastic_Net,120D,4,0.0562710708980494,0.03455437602119691,Low
2019-05-10,Elastic_Net,120D,4,0.0558057662289881,0.03455437602119691,Low
2019-05-13,Elastic_Net,120D,4,0.0772047967329466,0.03455437602119691,Normal
2019-05-14,Elastic_Net,120D,4,0.0788367397693781,0.03455437602119691,Normal
2019-05-15,Elastic_Net,120D,4,0.0767119912469675,0.03455437602119691,Normal
2019-05-16,Elastic_Net,120D,4,0.0666696314186479,0.03455437602119691,Normal
2019-05-17,Elastic_Net,120D,4,0.0732263191849812,0.03455437602119691,Normal
2019-05-20,Elastic_Net,120D,4,0.0827249524046672,0.03455437602119691,Normal
2019-05-21,Elastic_Net,120D,4,0.0768224064565924,0.03455437602119691,Normal
2019-05-22,Elastic_Net,120D,4,0.0776864034071545,0.03455437602119691,Normal
2019-05-23,Elastic_Net,120D,4,0.0912355189496995,0.03455437602119691,Normal
2019-05-24,Elastic_Net,120D,4,0.0905941567477786,0.03455437602119691,Normal
2019-05-28,Elastic_Net,120D,4,0.0998417993624955,0.03455437602119691,Normal
2019-05-29,Elastic_Net,120D,4,0.1144437383077,0.03455437602119691,Normal
2019-05-30,Elastic_Net,120D,4,0.1128504919555128,0.03455437602119691,Normal
2019-05-31,Elastic_Net,120D,4,0.1255409271062732,0.03455437602119691,Normal
2019-06-03,Elastic_Net,120D,4,0.12454674133964,0.03455437602119691,Normal
2019-06-04,Elastic_Net,120D,4,0.101756808172373,0.03455437602119691,High
2019-06-05,Elastic_Net,120D,4,0.0958006551359353,0.03455437602119691,Normal
2019-06-06,Elastic_Net,120D,4,0.097163066347398,0.03455437602119691,High
2019-06-07,Elastic_Net,120D,4,0.0889132507450781,0.03455437602119691,High
2019-06-10,Elastic_Net,120D,4,0.0884297662956126,0.03455437602119691,High
2019-06-11,Elastic_Net,120D,4,0.0847604215235747,0.03455437602119691,Normal
2019-06-12,Elastic_Net,120D,4,0.0781315956568486,0.03455437602119691,Normal
2019-06-13,Elastic_Net,120D,4,0.0673823598959531,0.03455437602119691,Normal
2019-06-14,Elastic_Net,120D,4,0.0752988292908761,0.03455437602119691,Normal
2019-06-17,Elastic_Net,120D,4,0.0758666407851532,0.03455437602119691,Normal
2019-06-18,Elastic_Net,120D,4,0.0752903972226087,0.03455437602119691,Normal
2019-06-19,Elastic_Net,120D,4,0.0691418467451105,0.03455437602119691,Normal
2019-06-20,Elastic_Net,120D,4,0.0586167052402532,0.03455437602119691,Normal
2019-06-21,Elastic_Net,120D,4,0.0627806590493319,0.03455437602119691,Normal
2019-06-24,Elastic_Net,120D,4,0.0730527148854741,0.03455437602119691,Normal
2019-06-25,Elastic_Net,120D,4,0.0826670696760763,0.03455437602119691,Normal
2019-06-26,Elastic_Net,120D,4,0.0910241262974234,0.03455437602119691,Normal
2019-06-27,Elastic_Net,120D,4,0.0875434765332937,0.03455437602119691,Normal
2019-06-28,Elastic_Net,120D,4,0.0813701410521712,0.03455437602119691,Normal
2019-07-01,Elastic_Net,120D,4,0.0781765012630816,0.03455437602119691,Low
2019-07-02,Elastic_Net,120D,4,0.0801852497904271,0.03455437602119691,Low
2019-07-03,Elastic_Net,120D,4,0.0734079228440412,0.03455437602119691,Low
2019-07-05,Elastic_Net,120D,4,0.0750199897461218,0.03455437602119691,Low
2019-07-08,Elastic_Net,120D,4,0.0849822251662995,0.03455437602119691,Low
2019-07-09,Elastic_Net,120D,4,0.0837804162475036,0.03455437602119691,Low
2019-07-10,Elastic_Net,120D,4,0.0734822732320709,0.03455437602119691,Low
2019-07-11,Elastic_Net,120D,4,0.074141344297313,0.03455437602119691,Low
2019-07-12,Elastic_Net,120D,4,0.0778757053575634,0.03455437602119691,Low
2019-07-15,Elastic_Net,120D,4,0.0706149422642247,0.03455437602119691,Low
2019-07-16,Elastic_Net,120D,4,0.0775516720135077,0.03455437602119691,Low
2019-07-17,Elastic_Net,120D,4,0.081297162395006,0.03455437602119691,Low
2019-07-18,Elastic_Net,120D,4,0.0826120381718281,0.03455437602119691,Low
2019-07-19,Elastic_Net,120D,4,0.0954411417535791,0.03455437602119691,Low
2019-07-22,Elastic_Net,120D,4,0.0897571775798241,0.03455437602119691,Low
2019-07-23,Elastic_Net,120D,4,0.0898850264864809,0.03455437602119691,Low
2019-07-24,Elastic_Net,120D,4,0.0836921528361095,0.03455437602119691,Low
2019-07-25,Elastic_Net,120D,4,0.0908368995633967,0.03455437602119691,Low
2019-07-26,Elastic_Net,120D,4,0.0918081112148457,0.03455437602119691,Low
2019-07-29,Elastic_Net,120D,4,0.0972802563913882,0.03455437602119691,Low
2019-07-30,Elastic_Net,120D,4,0.0972067413938471,0.03455437602119691,Low
2019-07-31,Elastic_Net,120D,4,0.1084409826426683,0.03455437602119691,Low
2019-08-01,Elastic_Net,120D,4,0.1186208364048324,0.03455437602119691,Low
2019-08-02,Elastic_Net,120D,4,0.1168469355182038,0.03455437602119691,Low
2019-08-05,Elastic_Net,120D,4,0.1312213653310546,0.03455437602119691,Normal
2019-08-06,Elastic_Net,120D,4,0.1282917249202405,0.03455437602119691,Normal
2019-08-07,Elastic_Net,120D,4,0.1266578924427971,0.03455437602119691,Normal
2019-08-08,Elastic_Net,120D,4,0.1111988869061432,0.03455437602119691,High
2019-08-09,Elastic_Net,120D,4,0.0999730364684374,0.03455437602119691,High
2019-08-12,Elastic_Net,120D,4,0.1195952713455851,0.03455437602119691,High
2019-08-13,Elastic_Net,120D,4,0.1194462409957893,0.03455437602119691,High
2019-08-14,Elastic_Net,120D,4,0.160364372109298,0.03455437602119691,High
2019-08-15,Elastic_Net,120D,4,0.1612232904681195,0.03455437602119691,High
2019-08-16,Elastic_Net,120D,4,0.1414847412864163,0.03455437602119691,High
2019-08-19,Elastic_Net,120D,4,0.1367512558425921,0.03455437602119691,High
2019-08-20,Elastic_Net,120D,4,0.1463845198407097,0.03455437602119691,High
2019-08-21,Elastic_Net,120D,4,0.1446133933885598,0.03455437602119691,High
2019-08-22,Elastic_Net,120D,4,0.1434878199878498,0.03455437602119691,High
2019-08-23,Elastic_Net,120D,4,0.171618537209173,0.03455437602119691,High
2019-08-26,Elastic_Net,120D,4,0.1577712104922273,0.03455437602119691,High
2019-08-27,Elastic_Net,120D,4,0.1656742805770685,0.03455437602119691,High
2019-08-28,Elastic_Net,120D,4,0.1553273116185086,0.03455437602119691,High
2019-08-29,Elastic_Net,120D,4,0.1321460199445942,0.03455437602119691,High
2019-08-30,Elastic_Net,120D,4,0.0974153597642767,0.03455437602119691,High
2019-09-03,Elastic_Net,120D,4,0.0735904647216089,0.03455437602119691,High
2019-09-04,Elastic_Net,120D,4,0.0590210421196575,0.03455437602119691,High
2019-09-05,Elastic_Net,120D,4,0.0009269928456367,0.03455437602119691,High
2019-09-06,Elastic_Net,120D,4,-0.0082556610683931,0.03455437602119691,High
2019-09-09,Elastic_Net,120D,4,0.0368492223799199,0.03455437602119691,High
2019-09-10,Elastic_Net,120D,4,0.0080164850310742,0.03455437602119691,High
2019-09-11,Elastic_Net,120D,4,0.0421491620653202,0.03455437602119691,High
2019-09-12,Elastic_Net,120D,4,0.0047633633471059,0.03455437602119691,Normal
2019-09-13,Elastic_Net,120D,4,-0.011712903428314,0.03455437602119691,Normal
2019-09-16,Elastic_Net,120D,4,-0.0875828034523296,0.03455437602119691,Normal
2019-09-17,Elastic_Net,120D,4,-0.0419461763989326,0.03455437602119691,Normal
2019-09-18,Elastic_Net,120D,4,-0.0923917024918051,0.03455437602119691,Normal
2019-09-19,Elastic_Net,120D,4,-0.1923565294162082,0.03455437602119691,Normal
2019-09-20,Elastic_Net,120D,4,-0.0986405233620917,0.03455437602119691,Normal
2019-09-23,Elastic_Net,120D,4,-0.2261957802170816,0.03455437602119691,Low
2019-09-24,Elastic_Net,120D,4,-0.1595174786178383,0.03455437602119691,Low
2019-09-25,Elastic_Net,120D,4,-0.2188794361918824,0.03455437602119691,Low
2019-09-26,Elastic_Net,120D,4,-0.2117508042118681,0.03455437602119691,Low
2019-09-27,Elastic_Net,120D,4,-0.2507478936861064,0.03455437602119691,Low
2019-09-30,Elastic_Net,120D,4,-0.2855143049109316,0.03455437602119691,Low
2019-10-01,Elastic_Net,120D,4,-0.1834969454475557,0.03455437602119691,Low
2019-10-02,Elastic_Net,120D,4,-0.1539625508390896,0.03455437602119691,Normal
2019-10-03,Elastic_Net,120D,4,-0.1013590245387099,0.03455437602119691,Low
2019-10-04,Elastic_Net,120D,5,-0.1497436553195954,0.03527890943659794,Normal
2019-10-07,Elastic_Net,120D,5,-0.1122887124759391,0.03527890943659794,Normal
2019-10-08,Elastic_Net,120D,5,-0.1127478637122449,0.03527890943659794,Normal
2019-10-09,Elastic_Net,120D,5,-0.1669575229598777,0.03527890943659794,Normal
2019-10-10,Elastic_Net,120D,5,-0.1507800683146999,0.03527890943659794,Normal
2019-10-11,Elastic_Net,120D,5,-0.1769125088144333,0.03527890943659794,Normal
2019-10-14,Elastic_Net,120D,5,-0.1075561829963839,0.03527890943659794,Normal
2019-10-15,Elastic_Net,120D,5,-0.1190669674212355,0.03527890943659794,Normal
2019-10-16,Elastic_Net,120D,5,-0.0835760516767569,0.03527890943659794,Normal
2019-10-17,Elastic_Net,120D,5,-0.0719516033428329,0.03527890943659794,Normal
2019-10-18,Elastic_Net,120D,5,-0.0781806170777103,0.03527890943659794,Normal
2019-10-21,Elastic_Net,120D,5,-0.0549141716107363,0.03527890943659794,Normal
2019-10-22,Elastic_Net,120D,5,-0.0736158550247287,0.03527890943659794,Normal
2019-10-23,Elastic_Net,120D,5,-0.0706591205310183,0.03527890943659794,Normal
2019-10-24,Elastic_Net,120D,5,-0.046136793168869,0.03527890943659794,Normal
2019-10-25,Elastic_Net,120D,5,-0.0682440682948727,0.03527890943659794,Normal
2019-10-28,Elastic_Net,120D,5,-0.1049650034473212,0.03527890943659794,Normal
2019-10-29,Elastic_Net,120D,5,-0.0814609509087036,0.03527890943659794,Normal
2019-10-30,Elastic_Net,120D,5,-0.0852486079697566,0.03527890943659794,Normal
2019-10-31,Elastic_Net,120D,5,-0.0683990787683783,0.03527890943659794,Normal
2019-11-01,Elastic_Net,120D,5,-0.0634081411462899,0.03527890943659794,Low
2019-11-04,Elastic_Net,120D,5,-0.072361557142086,0.03527890943659794,Low
2019-11-05,Elastic_Net,120D,5,-0.0449384503851923,0.03527890943659794,Low
2019-11-06,Elastic_Net,120D,5,-0.0548958442965368,0.03527890943659794,Low
2019-11-07,Elastic_Net,120D,5,-0.0860824305555934,0.03527890943659794,Low
2019-11-08,Elastic_Net,120D,5,-0.0843990111218598,0.03527890943659794,Low
2019-11-11,Elastic_Net,120D,5,-0.0734346805107427,0.03527890943659794,Low
2019-11-12,Elastic_Net,120D,5,-0.0820019842110484,0.03527890943659794,Low
2019-11-13,Elastic_Net,120D,5,-0.0712743100262739,0.03527890943659794,Low
2019-11-14,Elastic_Net,120D,5,-0.0553802075755043,0.03527890943659794,Low
2019-11-15,Elastic_Net,120D,5,-0.0629131669866867,0.03527890943659794,Low
2019-11-18,Elastic_Net,120D,5,-0.0841295590815441,0.03527890943659794,Low
2019-11-19,Elastic_Net,120D,5,-0.1011537856061315,0.03527890943659794,Low
2019-11-20,Elastic_Net,120D,5,-0.085931611381119,0.03527890943659794,Low
2019-11-21,Elastic_Net,120D,5,-0.0804289300912065,0.03527890943659794,Low
2019-11-22,Elastic_Net,120D,5,-0.0515862952635092,0.03527890943659794,Low
2019-11-25,Elastic_Net,120D,5,-0.0696052948625757,0.03527890943659794,Low
2019-11-26,Elastic_Net,120D,5,-0.0552844678941003,0.03527890943659794,Low
2019-11-27,Elastic_Net,120D,5,-0.0672541718293537,0.03527890943659794,Low
2019-11-29,Elastic_Net,120D,5,-0.0608839399125522,0.03527890943659794,Low
2019-12-02,Elastic_Net,120D,5,-0.0400011711971282,0.03527890943659794,Low
2019-12-03,Elastic_Net,120D,5,-0.0186224984487687,0.03527890943659794,Low
2019-12-04,Elastic_Net,120D,5,-0.0270362953824583,0.03527890943659794,Low
2019-12-05,Elastic_Net,120D,5,-0.0237346287567804,0.03527890943659794,Low
2019-12-06,Elastic_Net,120D,5,-0.0290846583088421,0.03527890943659794,Low
2019-12-09,Elastic_Net,120D,5,-0.0177395173419688,0.03527890943659794,Low
2019-12-10,Elastic_Net,120D,5,-0.0030853103604208,0.03527890943659794,Low
2019-12-11,Elastic_Net,120D,5,-0.0093636369733804,0.03527890943659794,Low
2019-12-12,Elastic_Net,120D,5,0.0079717084727002,0.03527890943659794,Low
2019-12-13,Elastic_Net,120D,5,0.0198687857282914,0.03527890943659794,Low
2019-12-16,Elastic_Net,120D,5,0.0049166813660266,0.03527890943659794,Low
2019-12-17,Elastic_Net,120D,5,-0.0007458103976164,0.03527890943659794,Low
2019-12-18,Elastic_Net,120D,5,-0.0610661097533826,0.03527890943659794,Low
2019-12-19,Elastic_Net,120D,5,-0.0525392019700352,0.03527890943659794,Low
2019-12-20,Elastic_Net,120D,5,-0.049193936956194,0.03527890943659794,Low
2019-12-23,Elastic_Net,120D,5,-0.0312748528037819,0.03527890943659794,Low
2019-12-24,Elastic_Net,120D,5,-0.0346861817339432,0.03527890943659794,Low
2019-12-26,Elastic_Net,120D,5,-0.0392072007401953,0.03527890943659794,Low
2019-12-27,Elastic_Net,120D,5,-0.0449066984455271,0.03527890943659794,Low
2019-12-30,Elastic_Net,120D,5,-0.0326350090695189,0.03527890943659794,Low
2019-12-31,Elastic_Net,120D,5,-0.0312785305222258,0.03527890943659794,Low
2020-01-02,Elastic_Net,120D,5,-0.0658176914802049,0.03527890943659794,Low
2020-01-03,Elastic_Net,120D,5,-0.0478329543870323,0.03527890943659794,Low
2020-01-06,Elastic_Net,120D,5,-0.0758853038561361,0.03527890943659794,Low
2020-01-07,Elastic_Net,120D,5,-0.0584992406580076,0.03527890943659794,Low
2020-01-08,Elastic_Net,120D,5,-0.0480973647078929,0.03527890943659794,Low
2020-01-09,Elastic_Net,120D,5,-0.0497210148489288,0.03527890943659794,Low
2020-01-10,Elastic_Net,120D,5,-0.042330781884607,0.03527890943659794,Low
2020-01-13,Elastic_Net,120D,5,-0.0335258450983769,0.03527890943659794,Low
2020-01-14,Elastic_Net,120D,5,-0.0428876421311248,0.03527890943659794,Low
2020-01-15,Elastic_Net,120D,5,-0.0369591061113824,0.03527890943659794,Low
2020-01-16,Elastic_Net,120D,5,-0.0509504450098089,0.03527890943659794,Low
2020-01-17,Elastic_Net,120D,5,-0.044393358482851,0.03527890943659794,Low
2020-01-21,Elastic_Net,120D,5,-0.0511445033293245,0.03527890943659794,Low
2020-01-22,Elastic_Net,120D,5,-0.0381162370431015,0.03527890943659794,Low
2020-01-23,Elastic_Net,120D,5,-0.0302155063001047,0.03527890943659794,Low
2020-01-24,Elastic_Net,120D,5,-0.0245441320880262,0.03527890943659794,Low
2020-01-27,Elastic_Net,120D,5,-0.0058438171435987,0.03527890943659794,Low
2020-01-28,Elastic_Net,120D,5,-0.007475403388811,0.03527890943659794,Normal
2020-01-29,Elastic_Net,120D,5,-0.0049305239106663,0.03527890943659794,Low
2020-01-30,Elastic_Net,120D,5,-0.0023293502464037,0.03527890943659794,Low
2020-01-31,Elastic_Net,120D,5,0.0031387149127125,0.03527890943659794,Normal
2020-02-03,Elastic_Net,120D,5,-0.0102993508727963,0.03527890943659794,Normal
2020-02-04,Elastic_Net,120D,5,-0.01780073796882,0.03527890943659794,Normal
2020-02-05,Elastic_Net,120D,5,-0.0354829520464391,0.03527890943659794,Normal
2020-02-06,Elastic_Net,120D,5,-0.0264513237516986,0.03527890943659794,Normal
2020-02-07,Elastic_Net,120D,5,-0.0247931345056951,0.03527890943659794,Normal
2020-02-10,Elastic_Net,120D,5,-0.0244515883840919,0.03527890943659794,Normal
2020-02-11,Elastic_Net,120D,5,-0.0189832744057354,0.03527890943659794,Normal
2020-02-12,Elastic_Net,120D,5,-0.0218197044848047,0.03527890943659794,Normal
2020-02-13,Elastic_Net,120D,5,-0.0137787676892982,0.03527890943659794,Normal
2020-02-14,Elastic_Net,120D,5,-0.0092134777671187,0.03527890943659794,Normal
2020-02-18,Elastic_Net,120D,5,-0.0056564345110144,0.03527890943659794,Normal
2020-02-19,Elastic_Net,120D,5,-0.0076127175219075,0.03527890943659794,Normal
2020-02-20,Elastic_Net,120D,5,-0.0117909554952872,0.03527890943659794,Normal
2020-02-21,Elastic_Net,120D,5,0.0126823560311461,0.03527890943659794,Normal
2020-02-24,Elastic_Net,120D,5,0.04472116277543,0.03527890943659794,High
2020-02-25,Elastic_Net,120D,5,0.0752971697545043,0.03527890943659794,High
2020-02-26,Elastic_Net,120D,5,0.0817890445854577,0.03527890943659794,High
2020-02-27,Elastic_Net,120D,5,0.1292579213575359,0.03527890943659794,High
2020-02-28,Elastic_Net,120D,5,0.1331162611220068,0.03527890943659794,High
2020-03-02,Elastic_Net,120D,5,0.0912590471209397,0.03527890943659794,High
2020-03-03,Elastic_Net,120D,5,0.1232047320268267,0.03527890943659794,High
2020-03-04,Elastic_Net,120D,5,0.0918619980310969,0.03527890943659794,High
2020-03-05,Elastic_Net,120D,5,0.1299626802166181,0.03527890943659794,High
2020-03-06,Elastic_Net,120D,5,0.1573076252138458,0.03527890943659794,High
2020-03-09,Elastic_Net,120D,5,0.2379896841860266,0.03527890943659794,High
2020-03-10,Elastic_Net,120D,5,0.1964846346097379,0.03527890943659794,High
2020-03-11,Elastic_Net,120D,5,0.2443901522428347,0.03527890943659794,High
2020-03-12,Elastic_Net,120D,5,0.3518318360660141,0.03527890943659794,High
2020-03-13,Elastic_Net,120D,5,0.2782724792606479,0.03527890943659794,High
2020-03-16,Elastic_Net,120D,5,0.3701670825912799,0.03527890943659794,High
2020-03-17,Elastic_Net,120D,5,0.303774489201313,0.03527890943659794,High
2020-03-18,Elastic_Net,120D,5,0.3288479324469264,0.03527890943659794,High
2020-03-19,Elastic_Net,120D,5,0.3440959321387059,0.03527890943659794,High
2020-03-20,Elastic_Net,120D,5,0.3706823102666773,0.03527890943659794,High
2020-03-23,Elastic_Net,120D,5,0.4009467414343414,0.03527890943659794,High
2020-03-24,Elastic_Net,120D,5,0.323924843941401,0.03527890943659794,High
2020-03-25,Elastic_Net,120D,5,0.3176616394510785,0.03527890943659794,High
2020-03-26,Elastic_Net,120D,5,0.2524881614846802,0.03527890943659794,High
2020-03-27,Elastic_Net,120D,5,0.2783080574977539,0.03527890943659794,High
2020-03-30,Elastic_Net,120D,5,0.2340958899799508,0.03527890943659794,High
2020-03-31,Elastic_Net,120D,5,0.2385996367410688,0.03527890943659794,High
2020-04-01,Elastic_Net,120D,5,0.2942090158722318,0.03527890943659794,High
2020-04-02,Elastic_Net,120D,5,0.2476290199008973,0.03527890943659794,High
2020-04-03,Elastic_Net,120D,5,0.2658648862814707,0.03527890943659794,High
2020-04-06,Elastic_Net,120D,5,0.2137470813608287,0.03527890943659794,High
2020-04-07,Elastic_Net,120D,5,0.2313336122630454,0.03527890943659794,High
2020-04-08,Elastic_Net,120D,5,0.1930199583673166,0.03527890943659794,High
2020-04-09,Elastic_Net,120D,5,0.1868563306319969,0.03527890943659794,High
2020-04-13,Elastic_Net,120D,5,0.2022913396409689,0.03527890943659794,High
2020-04-14,Elastic_Net,120D,5,0.1625529672022905,0.03527890943659794,High
2020-04-15,Elastic_Net,120D,5,0.2026428088775606,0.03527890943659794,High
2020-04-16,Elastic_Net,120D,5,0.1827709066504961,0.03527890943659794,High
2020-04-17,Elastic_Net,120D,5,0.1735771383994171,0.03527890943659794,High
2020-04-20,Elastic_Net,120D,5,0.1995981969096343,0.03527890943659794,High
2020-04-21,Elastic_Net,120D,5,0.2395084073267178,0.03527890943659794,High
2020-04-22,Elastic_Net,120D,5,0.2331196369029052,0.03527890943659794,High
2020-04-23,Elastic_Net,120D,5,0.2273323129339375,0.03527890943659794,High
2020-04-24,Elastic_Net,120D,5,0.2068650502830389,0.03527890943659794,High
2020-04-27,Elastic_Net,120D,5,0.1907292585870899,0.03527890943659794,High
2020-04-28,Elastic_Net,120D,5,0.1961203392342041,0.03527890943659794,High
2020-04-29,Elastic_Net,120D,5,0.1534189716741884,0.03527890943659794,High
2020-04-30,Elastic_Net,120D,5,0.1673903103132445,0.03527890943659794,High
2020-05-01,Elastic_Net,120D,5,0.1936524073164501,0.03527890943659794,High
2020-05-04,Elastic_Net,120D,5,0.1946169387410919,0.03527890943659794,High
2020-05-05,Elastic_Net,120D,5,0.1890568418637016,0.03527890943659794,High
2020-05-06,Elastic_Net,120D,5,0.1772962492774221,0.03527890943659794,High
2020-05-07,Elastic_Net,120D,5,0.1628270881720859,0.03527890943659794,High
2020-05-08,Elastic_Net,120D,5,0.1101707509982819,0.03527890943659794,High
2020-05-11,Elastic_Net,120D,5,0.1219142065714886,0.03527890943659794,High
2020-05-12,Elastic_Net,120D,5,0.130423858898276,0.03527890943659794,High
2020-05-13,Elastic_Net,120D,5,0.1602838064131478,0.03527890943659794,High
2020-05-14,Elastic_Net,120D,5,0.1664676262931541,0.03527890943659794,High
2020-05-15,Elastic_Net,120D,5,0.1843564767445228,0.03527890943659794,High
2020-05-18,Elastic_Net,120D,5,0.1726145337511509,0.03527890943659794,High
2020-05-19,Elastic_Net,120D,5,0.1828665248773762,0.03527890943659794,High
2020-05-20,Elastic_Net,120D,5,0.177984509010305,0.03527890943659794,High
2020-05-21,Elastic_Net,120D,5,0.1843877020993909,0.03527890943659794,High
2020-05-22,Elastic_Net,120D,5,0.1896594847755699,0.03527890943659794,High
2020-05-26,Elastic_Net,120D,5,0.1674165482070401,0.03527890943659794,High
2020-05-27,Elastic_Net,120D,5,0.1662166474230197,0.03527890943659794,High
2020-05-28,Elastic_Net,120D,5,0.179907521670772,0.03527890943659794,High
2020-05-29,Elastic_Net,120D,5,0.1703032843338163,0.03527890943659794,High
2020-06-01,Elastic_Net,120D,5,0.1549278572079706,0.03527890943659794,High
2020-06-02,Elastic_Net,120D,5,0.1506892256163046,0.03527890943659794,High
2020-06-03,Elastic_Net,120D,5,0.130316817430822,0.03527890943659794,High
2020-06-04,Elastic_Net,120D,5,0.1393113146962808,0.03527890943659794,High
2020-06-05,Elastic_Net,120D,5,0.1294697606886765,0.03527890943659794,High
2020-06-08,Elastic_Net,120D,5,0.1159144295273613,0.03527890943659794,High
2020-06-09,Elastic_Net,120D,5,0.1261382839729841,0.03527890943659794,High
2020-06-10,Elastic_Net,120D,5,0.1268593990711943,0.03527890943659794,High
2020-06-11,Elastic_Net,120D,5,0.1988202327290761,0.03527890943659794,High
2020-06-12,Elastic_Net,120D,5,0.1876335106524687,0.03527890943659794,High
2020-06-15,Elastic_Net,120D,5,0.1787312977539992,0.03527890943659794,High
2020-06-16,Elastic_Net,120D,5,0.1687439086024756,0.03527890943659794,High
2020-06-17,Elastic_Net,120D,5,0.1704131913961417,0.03527890943659794,High
2020-06-18,Elastic_Net,120D,5,0.1726024191625103,0.03527890943659794,High
2020-06-19,Elastic_Net,120D,5,0.1702869677797125,0.03527890943659794,High
2020-06-22,Elastic_Net,120D,5,0.1625269399552823,0.03527890943659794,High
2020-06-23,Elastic_Net,120D,5,0.1569629726795657,0.03527890943659794,High
2020-06-24,Elastic_Net,120D,5,0.1787894500300811,0.03527890943659794,High
2020-06-25,Elastic_Net,120D,5,0.1807281043240817,0.03527890943659794,High
2020-06-26,Elastic_Net,120D,5,0.2070245342192359,0.03527890943659794,High
2020-06-29,Elastic_Net,120D,5,0.1981867889146856,0.03527890943659794,High
2020-06-30,Elastic_Net,120D,5,0.1793771425267813,0.03527890943659794,High
2020-07-01,Elastic_Net,120D,5,0.1704536500640011,0.03527890943659794,High
2020-07-02,Elastic_Net,120D,5,0.1638474348954138,0.03527890943659794,High
2020-07-06,Elastic_Net,120D,5,0.1488360373350691,0.03527890943659794,High
2020-07-07,Elastic_Net,120D,5,0.1632438651841996,0.03527890943659794,High
2020-07-08,Elastic_Net,120D,5,0.1641315864591808,0.03527890943659794,High
2020-07-09,Elastic_Net,120D,5,0.1675613131080968,0.03527890943659794,High
2020-07-10,Elastic_Net,120D,5,0.1584901514287329,0.03527890943659794,High
2020-07-13,Elastic_Net,120D,5,0.1743150013564955,0.03527890943659794,High
2020-07-14,Elastic_Net,120D,5,0.1461329380615657,0.03527890943659794,High
2020-07-15,Elastic_Net,120D,5,0.1441495125085727,0.03527890943659794,High
2020-07-16,Elastic_Net,120D,5,0.1532550311051622,0.03527890943659794,High
2020-07-17,Elastic_Net,120D,5,0.1651487286253314,0.03527890943659794,High
2020-07-20,Elastic_Net,120D,5,0.1622537687637066,0.03527890943659794,High
2020-07-21,Elastic_Net,120D,5,0.1539998118125251,0.03527890943659794,High
2020-07-22,Elastic_Net,120D,5,0.1486848832486209,0.03527890943659794,High
2020-07-23,Elastic_Net,120D,5,0.1633543180475938,0.03527890943659794,High
2020-07-24,Elastic_Net,120D,5,0.1658034450031268,0.03527890943659794,High
2020-07-27,Elastic_Net,120D,5,0.1512195153833661,0.03527890943659794,Normal
2020-07-28,Elastic_Net,120D,5,0.165817408437774,0.03527890943659794,Normal
2020-07-29,Elastic_Net,120D,5,0.1673050424625422,0.03527890943659794,Normal
2020-07-30,Elastic_Net,120D,5,0.1713790173873104,0.03527890943659794,Normal
2020-07-31,Elastic_Net,120D,5,0.1607226284821964,0.03527890943659794,Normal
2020-08-03,Elastic_Net,120D,5,0.1571765833308549,0.03527890943659794,Normal
2020-08-04,Elastic_Net,120D,5,0.1520812171435677,0.03527890943659794,Normal
2020-08-05,Elastic_Net,120D,5,0.1196587415819495,0.03527890943659794,Normal
2020-08-06,Elastic_Net,120D,5,0.122964914340045,0.03527890943659794,Normal
2020-08-07,Elastic_Net,120D,5,0.1028317074152965,0.03527890943659794,Normal
2020-08-10,Elastic_Net,120D,5,0.1160175423765833,0.03527890943659794,Normal
2020-08-11,Elastic_Net,120D,5,0.1378211265922712,0.03527890943659794,Normal
2020-08-12,Elastic_Net,120D,5,0.1249298849140025,0.03527890943659794,Normal
2020-08-13,Elastic_Net,120D,5,0.137774005234081,0.03527890943659794,Normal
2020-08-14,Elastic_Net,120D,5,0.1418358222381239,0.03527890943659794,Normal
2020-08-17,Elastic_Net,120D,5,0.1465017522069896,0.03527890943659794,Normal
2020-08-18,Elastic_Net,120D,5,0.1430868663654514,0.03527890943659794,Normal
2020-08-19,Elastic_Net,120D,5,0.1471557451882419,0.03527890943659794,Normal
2020-08-20,Elastic_Net,120D,5,0.1456631652344834,0.03527890943659794,Low
2020-08-21,Elastic_Net,120D,5,0.1469279361776734,0.03527890943659794,Low
2020-08-24,Elastic_Net,120D,5,0.1363648862973545,0.03527890943659794,Low
2020-08-25,Elastic_Net,120D,5,0.1324545332028974,0.03527890943659794,Low
2020-08-26,Elastic_Net,120D,5,0.1178849176308125,0.03527890943659794,Low
2020-08-27,Elastic_Net,120D,5,0.1143566525033385,0.03527890943659794,Low
2020-08-28,Elastic_Net,120D,5,0.0998837567600575,0.03527890943659794,Low
2020-08-31,Elastic_Net,120D,5,0.1033366615470924,0.03527890943659794,Low
2020-09-01,Elastic_Net,120D,5,0.1071274977973724,0.03527890943659794,Low
2020-09-02,Elastic_Net,120D,5,0.0670950532293308,0.03527890943659794,Low
2020-09-03,Elastic_Net,120D,5,0.0980911150777175,0.03527890943659794,High
2020-09-04,Elastic_Net,120D,5,0.129769569057686,0.03527890943659794,High
2020-09-08,Elastic_Net,120D,5,0.1498047194046441,0.03527890943659794,High
2020-09-09,Elastic_Net,120D,5,0.1167076228476626,0.03527890943659794,High
2020-09-10,Elastic_Net,120D,5,0.1209408307086675,0.03527890943659794,High
2020-09-11,Elastic_Net,120D,5,0.1397162568892893,0.03527890943659794,High
2020-09-14,Elastic_Net,120D,5,0.1216812786402409,0.03527890943659794,High
2020-09-15,Elastic_Net,120D,5,0.1305308934536718,0.03527890943659794,High
2020-09-16,Elastic_Net,120D,5,0.1411727441168119,0.03527890943659794,High
2020-09-17,Elastic_Net,120D,5,0.1599625191460221,0.03527890943659794,High
2020-09-18,Elastic_Net,120D,5,0.1722229794213815,0.03527890943659794,High
2020-09-21,Elastic_Net,120D,5,0.1903324829880924,0.03527890943659794,High
2020-09-22,Elastic_Net,120D,5,0.1782985496111204,0.03527890943659794,High
2020-09-23,Elastic_Net,120D,5,0.2051811331756537,0.03527890943659794,High
2020-09-24,Elastic_Net,120D,5,0.1873275675550769,0.03527890943659794,High
2020-09-25,Elastic_Net,120D,5,0.1708742426571335,0.03527890943659794,High
2020-09-28,Elastic_Net,120D,5,0.1618926077016218,0.03527890943659794,High
2020-09-29,Elastic_Net,120D,5,0.1590567722867318,0.03527890943659794,High
2020-09-30,Elastic_Net,120D,5,0.1453545931180034,0.03527890943659794,High
2020-10-01,Elastic_Net,120D,5,0.1453022269864379,0.03527890943659794,High
2020-10-02,Elastic_Net,120D,5,0.1714204585115253,0.03527890943659794,High
2020-10-05,Elastic_Net,120D,5,0.1527389598822376,0.03527890943659794,High
2020-10-06,Elastic_Net,120D,5,0.1636481948601107,0.03527890943659794,High
2020-10-07,Elastic_Net,120D,5,0.150016984682289,0.03527890943659794,High
2020-10-08,Elastic_Net,120D,5,0.153794602215094,0.03527890943659794,High
2020-10-09,Elastic_Net,120D,5,0.1593744947965849,0.03527890943659794,High
2020-10-12,Elastic_Net,120D,5,0.1421179596974639,0.03527890943659794,High
2020-10-13,Elastic_Net,120D,5,0.1499189970247339,0.03527890943659794,High
2020-10-14,Elastic_Net,120D,5,0.1607759200493851,0.03527890943659794,High
2020-10-15,Elastic_Net,120D,5,0.1699951316992854,0.03527890943659794,High
2020-10-16,Elastic_Net,120D,5,0.1696641231679154,0.03527890943659794,High
2020-10-19,Elastic_Net,120D,5,0.1894178585599206,0.03527890943659794,High
2020-10-20,Elastic_Net,120D,5,0.1806055589191893,0.03527890943659794,High
2020-10-21,Elastic_Net,120D,5,0.1938367743318788,0.03527890943659794,High
2020-10-22,Elastic_Net,120D,5,0.1922337437189057,0.03527890943659794,High
2020-10-23,Elastic_Net,120D,5,0.1834732155047582,0.03527890943659794,High
2020-10-26,Elastic_Net,120D,5,0.1954121274850024,0.03527890943659794,High
2020-10-27,Elastic_Net,120D,5,0.2077053537553012,0.03527890943659794,High
2020-10-28,Elastic_Net,120D,5,0.2343775580033245,0.03527890943659794,High
2020-10-29,Elastic_Net,120D,5,0.2333704429588582,0.03527890943659794,High
2020-10-30,Elastic_Net,120D,5,0.2473548409687007,0.03527890943659794,High
