Date,Model,Horizon,Fold,Actual,Prediction,Regime
2015-06-10,ARIMA,1D,1,0.0017371167565281,-0.00027781988218885864,Low
2015-06-11,ARIMA,1D,1,-0.0070188746531027,-8.114882108032023e-05,Low
2015-06-12,ARIMA,1D,1,-0.0046332896217713,0.0005400692381478208,Low
2015-06-15,ARIMA,1D,1,0.0056737305157538,0.0007045133300596602,Low
2015-06-16,ARIMA,1D,1,0.0019776843950728,0.00016905609012205349,Low
2015-06-17,ARIMA,1D,1,0.0098540000540088,0.00012544012807591315,Low
2015-06-18,ARIMA,1D,1,-0.0053176152379496,-0.00036745048808638984,Low
2015-06-19,ARIMA,1D,1,0.0060763679815421,0.0002966861231685007,Low
2015-06-22,ARIMA,1D,1,0.0006356664251933,-5.671252339190739e-05,Low
2015-06-23,ARIMA,1D,1,-0.0073804657183052,9.410222773325303e-05,Low
2015-06-24,ARIMA,1D,1,-0.0029780041565964,0.0006483703908823215,Low
2015-06-25,ARIMA,1D,1,-0.0003901557449223,0.0006590163405180825,Low
2015-06-26,ARIMA,1D,1,-0.0210869695086115,0.0005094229159006564,Low
2015-06-29,ARIMA,1D,1,0.0026549623524674,0.0016739536408700833,Normal
2015-06-30,ARIMA,1D,1,0.006912096434637,0.000829098354064742,Normal
2015-07-01,ARIMA,1D,1,-0.0003080701895465,0.00015656028059190228,Normal
2015-07-02,ARIMA,1D,1,-0.0038692326988974,0.00025604135508790004,Normal
2015-07-06,ARIMA,1D,1,0.0060625605938687,0.0005183372207711339,Normal
2015-07-07,ARIMA,1D,1,-0.0167929649121416,5.37223920166228e-05,Normal
2015-07-08,ARIMA,1D,1,0.0022596476448199,0.001191650126396433,Normal
2015-07-09,ARIMA,1D,1,0.0122629863850077,0.0006142502630649399,Normal
2015-07-10,ARIMA,1D,1,0.0110052685073551,-0.00026988377726595576,Normal
2015-07-13,ARIMA,1D,1,0.0044432732365001,-0.0006318344920580127,Normal
2015-07-14,ARIMA,1D,1,-0.0007352563007372,-0.00041815012971265885,Normal
2015-07-15,ARIMA,1D,1,0.0079827334444757,-2.5956679039790156e-06,Normal
2015-07-16,ARIMA,1D,1,0.0011055716244507,-0.0003187880723888478,Normal
2015-07-17,ARIMA,1D,1,0.0007709366240016,-6.361606910725628e-05,Normal
2015-07-20,ARIMA,1D,1,-0.004270796242723,8.259372922333989e-05,Normal
2015-07-21,ARIMA,1D,1,-0.0023905650201902,0.0004565953759592319,Normal
2015-07-22,ARIMA,1D,1,-0.0056922102113794,0.000529029077049752,Normal
2015-07-23,ARIMA,1D,1,-0.0107610206966611,0.0007624201201777899,Normal
2015-07-24,ARIMA,1D,1,-0.0057917550650641,0.0011811540970474424,Normal
2015-07-27,ARIMA,1D,1,0.0123100738018893,0.0010908592443277026,Normal
2015-07-28,ARIMA,1D,1,0.0072921429273836,-3.701362004875856e-05,Normal
2015-07-29,ARIMA,1D,1,2.836690402236809e-05,-0.0002944828614323225,Normal
2015-07-30,ARIMA,1D,1,-0.0022741038010517,1.2863489723791469e-05,Normal
2015-07-31,ARIMA,1D,1,-0.0027606939449045,0.00030263015064638905,Normal
2015-08-03,ARIMA,1D,1,-0.0022522391669328,0.00047504041234274613,Normal
2015-08-04,ARIMA,1D,1,0.0031098381854906,0.0005298728531976431,Normal
2015-08-05,ARIMA,1D,1,-0.0077831959225621,0.00023611904548772775,Low
2015-08-06,ARIMA,1D,1,-0.0028790228563377,0.0007426986689684983,Low
2015-08-07,ARIMA,1D,1,0.012726835632025,0.0006997395303288428,Low
2015-08-10,ARIMA,1D,1,-0.0096030646801822,-0.00025536541990547966,Low
2015-08-11,ARIMA,1D,1,0.0009496036382146,0.000608556428259655,Low
2015-08-12,ARIMA,1D,1,-0.0012760258683812,0.00040429821376757025,Low
2015-08-13,ARIMA,1D,1,0.0039043322743591,0.00043647311123107724,Low
2015-08-14,ARIMA,1D,1,0.0051978917094029,0.00014238907765775613,Low
2015-08-17,ARIMA,1D,1,-0.0026289829356331,-8.044555439686051e-05,Low
2015-08-18,ARIMA,1D,1,-0.0082891364095971,0.0002777240177370637,Low
2015-08-19,ARIMA,1D,1,-0.0213259604541461,0.0007935484366797886,Low
2015-08-20,ARIMA,1D,1,-0.0323692425218784,0.0018287578609432927,Normal
2015-08-21,ARIMA,1D,1,-0.0402114443465191,0.0030015139412897397,High
2015-08-24,ARIMA,1D,1,-0.0136142497426558,0.004050734205952641,High
2015-08-25,ARIMA,1D,1,0.0382912994345316,0.0029779966076360284,High
2015-08-26,ARIMA,1D,1,0.02400725448969,-0.0006585330213453414,High
2015-08-27,ARIMA,1D,1,0.0006085511568762,-0.0016020698011664555,High
2015-08-28,ARIMA,1D,1,-0.0084270786639841,-0.0006684697488825804,High
2015-08-31,ARIMA,1D,1,-0.0300226498424279,0.0003339007182010524,High
2015-09-01,ARIMA,1D,1,0.0181276714232146,0.0021218710883857406,High
2015-09-02,ARIMA,1D,1,0.0011641156994188,0.00012470448282693198,High
2015-09-03,ARIMA,1D,1,-0.0154483087542762,0.00015219211427890746,High
2015-09-04,ARIMA,1D,1,0.0247736371970385,0.0011598795868057697,High
2015-09-08,ARIMA,1D,1,-0.0139950357690847,-0.0007487073228803451,High
2015-09-09,ARIMA,1D,1,0.0052640754449356,0.0006274113667470153,High
2015-09-10,ARIMA,1D,1,0.0044770064449862,0.00015544233548505997,High
2015-09-11,ARIMA,1D,1,-0.0040980412230438,-3.085250668765076e-05,High
2015-09-14,ARIMA,1D,1,0.0127496876314323,0.00039015734829796927,High
2015-09-15,ARIMA,1D,1,0.0086677407153759,-0.0004098243657938062,High
2015-09-16,ARIMA,1D,1,-0.00256434444256,-0.0005611578468172781,High
2015-09-17,ARIMA,1D,1,-0.0162962309543835,3.6139006176793046e-05,High
2015-09-18,ARIMA,1D,1,0.0045553920336726,0.0011532301950618372,High
2015-09-21,ARIMA,1D,1,-0.0123949300193783,0.0004578729009210588,High
2015-09-22,ARIMA,1D,1,-0.0020507442295939,0.0011283262945728772,High
2015-09-23,ARIMA,1D,1,-0.0033686518713064,0.000840871685786738,High
2015-09-24,ARIMA,1D,1,-0.0004659018012205,0.0007775866740594436,High
2015-09-25,ARIMA,1D,1,-0.0260012111628091,0.0005725898031310028,High
2015-09-28,ARIMA,1D,1,0.0012320939129817,0.001999260612411376,High
2015-09-29,ARIMA,1D,1,0.0188958986035651,0.0010751109459092843,High
2015-09-30,ARIMA,1D,1,0.0019719386783371,-0.0004388998756507909,High
2015-10-01,ARIMA,1D,1,0.0142137930164055,-0.0001748563261863036,High
2015-10-02,ARIMA,1D,1,0.0181245935185021,-0.000776841946163175,High
2015-10-05,ARIMA,1D,1,-0.0035946893441432,-0.0013085538012200266,High
2015-10-06,ARIMA,1D,1,0.0080035198575527,-0.0002717994590622528,High
2015-10-07,ARIMA,1D,1,0.0087797801445584,-0.000453155896249131,High
2015-10-08,ARIMA,1D,1,0.0007248485605153,-0.0005892902074459988,High
2015-10-09,ARIMA,1D,1,0.001274664477333,-0.00017459943859728685,High
2015-10-12,ARIMA,1D,1,-0.006848823690127,-2.4319419975828605e-06,High
2015-10-13,ARIMA,1D,1,-0.0047274309119391,0.0005688195967293587,High
2015-10-14,ARIMA,1D,1,0.014743551351355,0.0007243641236935337,High
2015-10-15,ARIMA,1D,1,0.004560061373697,-0.000363869442055035,High
2015-10-16,ARIMA,1D,1,0.000270508943873,-0.0002926273954596605,High
2015-10-19,ARIMA,1D,1,-0.0014221010558937,-7.088468173340086e-07,High
2015-10-20,ARIMA,1D,1,-0.0058424489111342,0.00024493428737010323,Normal
2015-10-21,ARIMA,1D,1,0.0164908470125941,0.0006309227649312859,Normal
2015-10-22,ARIMA,1D,1,0.0109699539690427,-0.0005146360422933247,High
2015-10-23,ARIMA,1D,1,-0.0019149330011001,-0.0007507536878460559,High
2015-10-26,ARIMA,1D,1,-0.0025573858650877,-9.647908326332983e-05,Normal
2015-10-27,ARIMA,1D,1,0.0117704884881434,0.0002655108787766933,Normal
2015-10-28,ARIMA,1D,1,-0.0004498753806607,-0.00041286759207717703,Normal
2015-10-29,ARIMA,1D,1,-0.0048214816884254,-1.7060716409080608e-05,Normal
2015-10-30,ARIMA,1D,1,0.0118038763388146,0.00044026851197582573,Normal
2015-11-02,ARIMA,1D,1,0.0027243529250675,-0.0003284461450744294,Normal
2015-11-03,ARIMA,1D,1,-0.0035516669396471,-0.00016526064573244676,Normal
2015-11-04,ARIMA,1D,1,-0.0011327897564983,0.00029099591465312966,Normal
2015-11-05,ARIMA,1D,1,-0.0003476817800236,0.0003718726857825462,Normal
2015-11-06,ARIMA,1D,1,-0.0098712906565025,0.00036488585846644475,Normal
2015-11-09,ARIMA,1D,1,0.0015094551534496,0.0009313276200345724,Normal
2015-11-10,ARIMA,1D,1,-0.0032333073215689,0.0005304100294824793,Normal
2015-11-11,ARIMA,1D,1,-0.0140891633366326,0.0006159612171901234,Normal
2015-11-12,ARIMA,1D,1,-0.0112706404321554,0.0013078861858944737,Normal
2015-11-13,ARIMA,1D,1,0.0147933027942343,0.0014813883618034675,Normal
2015-11-16,ARIMA,1D,1,-0.0013402770182465,7.509436196867091e-06,Normal
2015-11-17,ARIMA,1D,1,0.0160332298771722,0.00024410192486274188,Normal
2015-11-18,ARIMA,1D,1,-0.0011237403289792,-0.000678538795926985,Normal
2015-11-19,ARIMA,1D,1,0.0038029552801494,-0.0001081134069052627,Normal
2015-11-20,ARIMA,1D,1,-0.001235623841684,-0.00012084793714593875,Normal
2015-11-23,ARIMA,1D,1,0.0012212499449607,0.0001743654345639288,Normal
2015-11-24,ARIMA,1D,1,-0.0001291406149671,0.0001733310119203306,Normal
2015-11-25,ARIMA,1D,1,0.0005934415594808,0.00025362742670715385,Normal
2015-11-27,ARIMA,1D,1,-0.0046518001396184,0.00025009517806157225,Normal
2015-11-30,ARIMA,1D,1,0.0106239389467392,0.0005622259464474535,Normal
2015-12-01,ARIMA,1D,1,-0.0110565926394489,-0.00019752902219530896,Normal
2015-12-02,ARIMA,1D,1,-0.01447782644415,0.0007241368360406962,Normal
2015-12-03,ARIMA,1D,1,0.0203178563638512,0.001384637872990607,Normal
2015-12-04,ARIMA,1D,1,-0.0070140439603977,-0.0003709262861589616,Normal
2015-12-07,ARIMA,1D,1,-0.0065110526255945,0.00039648232472984477,Normal
2015-12-08,ARIMA,1D,1,-0.0077690863656927,0.0007458743102979533,Normal
2015-12-09,ARIMA,1D,1,0.0022488565785946,0.0009939334027507553,Normal
2015-12-10,ARIMA,1D,1,-0.0196138677558153,0.0005171231159411433,Normal
2015-12-11,ARIMA,1D,1,0.004744288064068,0.0015896104292769594,High
2015-12-14,ARIMA,1D,1,0.0105625801059143,0.0006623636541209862,Normal
2015-12-15,ARIMA,1D,1,0.0144106356507714,-0.00014433818915866425,Normal
2015-12-16,ARIMA,1D,1,-0.0151547766358764,-0.0007735295706376163,High
2015-12-17,ARIMA,1D,1,-0.0179574950071068,0.0006845359061300869,Normal
2015-12-18,ARIMA,1D,1,0.0077483067271562,0.0015732796697064955,High
2015-12-21,ARIMA,1D,1,0.0087780955915688,0.00047452617275584605,High
2015-12-22,ARIMA,1D,1,0.0123415965275538,-0.00013044138010852725,High
2015-12-23,ARIMA,1D,1,-0.0015999154038633,-0.0006428452765091986,High
2015-12-24,ARIMA,1D,1,-0.002180936456306,-6.196808645701058e-05,High
2015-12-28,ARIMA,1D,1,0.0105736641730229,0.00026005001724368506,High
2015-12-29,ARIMA,1D,1,-0.0072433987837785,-0.00034394956499888315,High
2015-12-30,ARIMA,1D,1,-0.0094564850414678,0.00042354727249311133,High
2015-12-31,ARIMA,1D,1,-0.0154220417978059,0.0009355141286163878,High
2016-01-04,ARIMA,1D,1,0.0020102041393599,0.0015456682990153108,High
2016-01-05,ARIMA,1D,1,-0.013202163002626,0.0008042425812578955,High
2016-01-06,ARIMA,1D,1,-0.0239858165193447,0.0013479147174166092,High
2016-01-07,ARIMA,1D,1,-0.0108975374458479,0.002262064429782258,High
2016-01-08,ARIMA,1D,1,0.0008529082958226,0.0019309123653167845,High
2016-01-11,ARIMA,1D,1,0.0077725141177746,0.001064002686027302,High
2016-01-12,ARIMA,1D,1,-0.0252823750779089,0.00022123505127566586,High
2016-01-13,ARIMA,1D,1,0.0165580609343839,0.0017824967301507,High
2016-01-14,ARIMA,1D,1,-0.0218357726981623,5.0806643599247384e-05,High
2016-01-15,ARIMA,1D,1,0.0005316801874288,0.001491972028583,High
2016-01-19,ARIMA,1D,1,-0.0117627660258983,0.0008661647446238305,High
2016-01-20,ARIMA,1D,1,0.005181988635948,0.0012924017149223812,High
2016-01-21,ARIMA,1D,1,0.0200807268822134,0.0004891987957182875,High
2016-01-22,ARIMA,1D,1,-0.0157615451728214,-0.0007995398992465974,High
2016-01-25,ARIMA,1D,1,0.0140452378303679,0.0007079828276216668,High
2016-01-26,ARIMA,1D,1,-0.0109229223005284,-0.00033018277717563455,High
2016-01-27,ARIMA,1D,1,0.0055133507175915,0.0006505393428573887,High
2016-01-28,ARIMA,1D,1,0.0244586509945564,0.0001519626113906542,High
2016-01-29,ARIMA,1D,1,-0.0004433348455418,-0.0012282833975119384,High
2016-02-01,ARIMA,1D,1,-0.0189209687182314,-0.00042068334226499427,High
2016-02-02,ARIMA,1D,1,0.004979620021574,0.001084392421057876,High
2016-02-03,ARIMA,1D,1,0.0015255682925234,0.00039844595230045636,High
2016-02-04,ARIMA,1D,1,-0.0186541582763518,0.0002659305200959991,High
2016-02-05,ARIMA,1D,1,-0.0142550579230573,0.001407963764122411,High
2016-02-08,ARIMA,1D,1,-0.0006638406467602,0.0017094665366208309,High
2016-02-09,ARIMA,1D,1,-0.0001889681307609,0.0010452584217671235,High
2016-02-10,ARIMA,1D,1,-0.0123774473292562,0.0006883843194604586,High
2016-02-11,ARIMA,1D,1,0.0193300152070459,0.0012412703153332786,High
2016-02-12,ARIMA,1D,1,0.0163817377416849,-0.0003827101352154148,High
2016-02-16,ARIMA,1D,1,0.0163461106256413,-0.0010093584620339572,High
2016-02-17,ARIMA,1D,1,-0.0046766321239347,-0.001317110359331966,High
2016-02-18,ARIMA,1D,1,-2.60332818018429e-05,-0.00021128684485023327,High
2016-02-19,ARIMA,1D,1,0.014350731099076,5.7260078890758676e-05,High
2016-02-22,ARIMA,1D,1,-0.0125325775707884,-0.0006702525052153153,High
2016-02-23,ARIMA,1D,1,0.0044299600346319,0.0005786939331363252,High
2016-02-24,ARIMA,1D,1,0.0112843667304508,0.00018126490125916744,High
2016-02-25,ARIMA,1D,1,-0.0018718653295646,-0.00042543833373604324,High
2016-02-26,ARIMA,1D,1,-0.0081541310915717,6.181541169687711e-05,High
2016-02-29,ARIMA,1D,1,0.0235883854016187,0.0006787007046982,High
2016-03-01,ARIMA,1D,1,0.0040859498611019,-0.0009157290997100948,High
2016-03-02,ARIMA,1D,1,0.0034926343203169,-0.0005371564576345278,High
2016-03-03,ARIMA,1D,1,0.0033004398659416,-0.0003144442604639273,High
2016-03-04,ARIMA,1D,1,0.0008846228008639,-0.00019280986259160064,High
2016-03-07,ARIMA,1D,1,-0.0113037560560061,1.190308224289431e-05,High
2016-03-08,ARIMA,1D,1,0.0050396727828142,0.0008424934619280755,High
2016-03-09,ARIMA,1D,1,0.0001557927971226,0.0002752309248159275,High
2016-03-10,ARIMA,1D,1,0.0162625455888514,0.00028696741165975815,High
2016-03-11,ARIMA,1D,1,-0.0012617686166118,-0.0006710637357562574,Normal
2016-03-14,ARIMA,1D,1,-0.0018386309343179,-9.615724359314818e-05,Normal
2016-03-15,ARIMA,1D,1,0.0055847278817799,0.00022265943007193948,Normal
2016-03-16,ARIMA,1D,1,0.0065735830685963,-6.38995071759028e-05,Normal
2016-03-17,ARIMA,1D,1,0.0043959672510261,-0.0002647792719673571,Normal
2016-03-18,ARIMA,1D,1,0.0009850919042923,-0.00023380685710758166,Normal
2016-03-21,ARIMA,1D,1,-0.0008777728967722,-1.4382453883305085e-05,Normal
2016-03-22,ARIMA,1D,1,-0.0064065095306671,0.00020559972327123066,Normal
2016-03-23,ARIMA,1D,1,-0.0003781417793768,0.0006452250592677225,Normal
2016-03-24,ARIMA,1D,1,0.0005451068880723,0.0005018840691366844,Normal
2016-03-28,ARIMA,1D,1,0.0087780120542374,0.00037575292776760984,Normal
2016-03-29,ARIMA,1D,1,0.0043408799935662,-0.0001792807346412097,Normal
2016-03-30,ARIMA,1D,1,-0.0020418423596207,-0.00018823053383950868,Low
2016-03-31,ARIMA,1D,1,0.0063109590665997,0.00018928852934779782,Low
2016-04-01,ARIMA,1D,1,-0.0032134800458546,-0.0001238597338213196,Low
2016-04-04,ARIMA,1D,1,-0.0101962984117945,0.0002912318299810151,Low
2016-04-05,ARIMA,1D,1,0.0104527979320131,0.0009143535720459182,Low
2016-04-06,ARIMA,1D,1,-0.0120480739700048,-1.3157252777880736e-05,Low
2016-04-07,ARIMA,1D,1,0.0027827026046162,0.000874641178102811,Normal
2016-04-08,ARIMA,1D,1,-0.0027435458896038,0.00042618634878719374,Normal
2016-04-11,ARIMA,1D,1,0.0096157538813899,0.0005351140360173079,Low
2016-04-12,ARIMA,1D,1,0.0099900697685578,-0.00015060590761062614,Low
2016-04-13,ARIMA,1D,1,0.0001729124301324,-0.0005121004719474061,Low
2016-04-14,ARIMA,1D,1,-0.0009847695761459,-0.00010340025211352284,Low
2016-04-15,ARIMA,1D,1,0.0065197256137979,0.00016798226234741024,Low
2016-04-18,ARIMA,1D,1,0.0030797379028665,-0.00014688857429582256,Low
2016-04-19,ARIMA,1D,1,0.0007612550492345,-9.674500729680744e-05,Low
2016-04-20,ARIMA,1D,1,-0.005207562857292,6.679048888321695e-05,Low
2016-04-21,ARIMA,1D,1,4.785857954074228e-05,0.0005048370299826434,Low
2016-04-22,ARIMA,1D,1,-0.0018136896207629,0.00040696874719129523,Low
2016-04-25,ARIMA,1D,1,0.0018710001742369,0.00046996774487981,Low
2016-04-26,ARIMA,1D,1,0.0016479941117468,0.0002806279677551784,Low
2016-04-27,ARIMA,1D,1,-0.0092736360615616,0.00020034234001399293,Low
2016-04-28,ARIMA,1D,1,-0.0050759492305571,0.000814195305404635,Low
2016-04-29,ARIMA,1D,1,0.0077796066972441,0.0008665603404496895,Low
2016-05-02,ARIMA,1D,1,-0.0087144993883958,0.000123173421853098,Low
2016-05-03,ARIMA,1D,1,-0.0059545827054725,0.0007425755297503354,Low
2016-05-04,ARIMA,1D,1,-0.0002390366927941,0.0008837214499472719,Low
2016-05-05,ARIMA,1D,1,0.0031696105535526,0.0006114988020721407,Low
2016-05-06,ARIMA,1D,1,0.0007532133076099,0.00027290708621271543,Low
2016-05-09,ARIMA,1D,1,0.0124063652360373,0.0002500683521598575,Low
2016-05-10,ARIMA,1D,1,-0.0096075228778687,-0.0004585552111129285,Low
2016-05-11,ARIMA,1D,1,-0.0001694792679642,0.0005083438331595168,Low
2016-05-12,ARIMA,1D,1,-0.0085144341617524,0.0004217084857861497,Low
2016-05-13,ARIMA,1D,1,0.0097489763896127,0.0008782321038208453,Low
2016-05-16,ARIMA,1D,1,-0.0094558635521628,1.109730270754648e-05,Low
2016-05-17,ARIMA,1D,1,0.0002051576864012,0.0007315163203120814,Low
2016-05-18,ARIMA,1D,1,-0.0037135945227206,0.0005096510683699225,Low
2016-05-19,ARIMA,1D,1,0.0060014592228046,0.0006344362951311958,Low
2016-05-20,ARIMA,1D,1,-0.0020876365681016,0.00011479087275693067,Low
2016-05-23,ARIMA,1D,1,0.0135886375339901,0.0003418759780140281,Low
2016-05-24,ARIMA,1D,1,0.0069505296515834,-0.0004839031042942033,Normal
2016-05-25,ARIMA,1D,1,-0.0002104660499285,-0.0004950318783424789,Normal
2016-05-26,ARIMA,1D,1,0.0042776949394394,-7.201813080131192e-05,Normal
2016-05-27,ARIMA,1D,1,-0.0010057686205899,-0.00013140708730069938,Normal
2016-05-31,ARIMA,1D,1,0.0011343986539261,0.00015538919517153163,Normal
2016-06-01,ARIMA,1D,1,0.0028206961669861,0.00016914429083487369,Low
2016-06-02,ARIMA,1D,1,-0.0029160622366948,7.503756020646945e-05,Low
2016-06-03,ARIMA,1D,1,0.0048853285193636,0.00037179091436553987,Low
2016-06-06,ARIMA,1D,1,0.0012886156291976,5.169985333927619e-05,Low
2016-06-07,ARIMA,1D,1,0.0033041019719547,0.00010864046895996983,Low
2016-06-08,ARIMA,1D,1,-0.0017192355978938,1.619060810666422e-05,Low
2016-06-09,ARIMA,1D,1,-0.0092175324101661,0.00027107189388083383,Low
2016-06-10,ARIMA,1D,1,-0.0081482987897094,0.0008458145078388321,Low
2016-06-13,ARIMA,1D,1,-0.0018005050719719,0.0010660470590516048,Low
2016-06-14,ARIMA,1D,1,-0.0018424090638101,0.0007950995655850348,Low
2016-06-15,ARIMA,1D,1,0.0031280931110455,0.0006636208841351905,Low
2016-06-16,ARIMA,1D,1,-0.0032632841446089,0.0003011663964042566,Low
2016-06-17,ARIMA,1D,1,0.0057913827784231,0.0005043917832105166,Low
2016-06-20,ARIMA,1D,1,0.0027083906042097,6.30536303858803e-05,Low
2016-06-21,ARIMA,1D,1,-0.0016529289965758,2.929508471454466e-05,Low
2016-06-22,ARIMA,1D,1,0.0132755670719551,0.00027358437278130745,Low
2016-06-23,ARIMA,1D,1,-0.0365807928055826,-0.0004989397132939987,Low
2016-06-24,ARIMA,1D,1,-0.0182622465117027,0.0021024652719571282,Normal
2016-06-27,ARIMA,1D,1,0.0176141216040879,0.0022926963239061765,Normal
2016-06-28,ARIMA,1D,1,0.0168892429712539,0.00023991030345591705,High
2016-06-29,ARIMA,1D,1,0.0134738631494661,-0.0007318357831262305,High
2016-06-30,ARIMA,1D,1,0.001946706293032,-0.0010079961163750855,High
2016-07-01,ARIMA,1D,1,-0.0068710289855987,-0.00045477016880480863,High
2016-07-05,ARIMA,1D,1,0.0053386870582759,0.00034646261257246516,High
2016-07-06,ARIMA,1D,1,-0.000871957886733,1.204558748995482e-05,High
2016-07-07,ARIMA,1D,1,0.0151381865659924,0.00021832068027633427,High
2016-07-08,ARIMA,1D,2,0.0034028193119982,-0.0006019330479617723,High
2016-07-11,ARIMA,1D,2,0.0069848423073457,-0.00035566679063078397,High
2016-07-12,ARIMA,1D,2,0.0001347586749817,-0.0004296182053823344,High
2016-07-13,ARIMA,1D,2,0.0052454228016969,-8.27309572506951e-05,High
2016-07-14,ARIMA,1D,2,-0.0009293790598711,-0.00019055694034982105,High
2016-07-15,ARIMA,1D,2,0.0023794618218687,0.00010082924577515357,High
2016-07-18,ARIMA,1D,2,-0.0014362045004153,6.559002074754054e-05,High
2016-07-19,ARIMA,1D,2,0.0042612083157639,0.00026189608507953626,High
2016-07-20,ARIMA,1D,2,-0.0036190698565249,4.314522107806034e-05,High
2016-07-21,ARIMA,1D,2,0.0045436267895102,0.0003730161186483945,High
2016-07-22,ARIMA,1D,2,-0.0030160187399297,8.477605978636385e-05,High
2016-07-25,ARIMA,1D,2,0.0003227321607194,0.00036065438609713047,Normal
2016-07-26,ARIMA,1D,2,-0.0011992609468086,0.0003157072750238254,Normal
2016-07-27,ARIMA,1D,2,0.0016049204480924,0.0003780221921308503,Low
2016-07-28,ARIMA,1D,2,0.0016299801176578,0.00025260217522607615,Low
2016-07-29,ARIMA,1D,2,-0.001270594147491,0.00018628171315459533,Low
2016-08-01,ARIMA,1D,2,-0.0063819408126676,0.0003150485513359158,Low
2016-08-02,ARIMA,1D,2,0.003129042716071,0.000669088812034432,Low
2016-08-03,ARIMA,1D,2,0.000212549299489,0.0003175472768658325,Low
2016-08-04,ARIMA,1D,2,0.00856669728938,0.00029959236147733434,Low
2016-08-05,ARIMA,1D,2,-0.0009075772915415,-0.0001794305435106517,Low
2016-08-08,ARIMA,1D,2,0.0003897179865559,0.00010536188659779713,Low
2016-08-09,ARIMA,1D,2,-0.0028687970634882,0.00017981361149170403,Low
2016-08-10,ARIMA,1D,2,0.0047234151024436,0.00040156343466663327,Low
2016-08-11,ARIMA,1D,2,-0.000796363386914,8.944179862228386e-05,Low
2016-08-12,ARIMA,1D,2,0.0027890162945217,0.00023826415915447207,Low
2016-08-15,ARIMA,1D,2,-0.0054941422164782,0.00011369168748972473,Low
2016-08-16,ARIMA,1D,2,0.0018668460061555,0.0005149576661374994,Low
2016-08-17,ARIMA,1D,2,0.0021972016963824,0.00030874611549032026,Low
2016-08-18,ARIMA,1D,2,-0.0014413095687681,0.00018344586509174722,Low
2016-08-19,ARIMA,1D,2,-0.0005634818833231,0.0003231797004794466,Low
2016-08-22,ARIMA,1D,2,0.0019498671783617,0.0003461414911903373,Low
2016-08-23,ARIMA,1D,2,-0.0052540552596718,0.00021670685628345104,Low
2016-08-24,ARIMA,1D,2,-0.0013661603966454,0.0005547739952570008,Low
2016-08-25,ARIMA,1D,2,-0.0015800642387132,0.0005111360277992585,Low
2016-08-26,ARIMA,1D,2,0.0052144284286743,0.0005005783069831908,Low
2016-08-29,ARIMA,1D,2,-0.0019555914071227,0.00011307887927369169,Low
2016-08-30,ARIMA,1D,2,-0.0023786911055626,0.00031567772455807954,Low
2016-08-31,ARIMA,1D,2,-4.138538941144249e-05,0.000444322946028796,Low
2016-09-01,ARIMA,1D,2,0.0041922415990346,0.0003794834446002005,Low
2016-09-02,ARIMA,1D,2,0.0029772423700053,0.00010788064278434266,Low
2016-09-06,ARIMA,1D,2,-0.0001463959382934,3.562796541314048e-05,Low
2016-09-07,ARIMA,1D,2,-0.0022254881924702,0.00017386683662553004,Low
2016-09-08,ARIMA,1D,2,-0.0248277424108364,0.00036231421483065714,Low
2016-09-09,ARIMA,1D,2,0.0145703872334344,0.0017307069248578858,Low
2016-09-12,ARIMA,1D,2,-0.0149417482782108,0.0002236755561506712,Normal
2016-09-13,ARIMA,1D,2,-0.0005878493998128,0.001103092452777908,Normal
2016-09-14,ARIMA,1D,2,0.0100585164494398,0.0007511573027587683,Normal
2016-09-15,ARIMA,1D,2,-0.0037794277955721,-2.960284192150039e-05,Normal
2016-09-16,ARIMA,1D,2,-1.8603233824686035e-05,0.0003443816629977453,Normal
2016-09-19,ARIMA,1D,2,0.0002990934842341,0.00032647761988675254,Normal
2016-09-20,ARIMA,1D,2,0.0108580003336359,0.00029934814505993467,Normal
2016-09-21,ARIMA,1D,2,0.0064787519176421,-0.00030839047804111133,Normal
2016-09-22,ARIMA,1D,2,-0.0057532929597187,-0.0003766941953923401,Normal
2016-09-23,ARIMA,1D,2,-0.008624850117916,0.00027572860850778836,Normal
2016-09-26,ARIMA,1D,2,0.0064234951652981,0.000774851177991965,Normal
2016-09-27,ARIMA,1D,2,0.0052825766036424,0.000187047024686415,Normal
2016-09-28,ARIMA,1D,2,-0.0093651277300811,-5.302176003716536e-05,Normal
2016-09-29,ARIMA,1D,2,0.0079363925880277,0.0006463293777031676,Normal
2016-09-30,ARIMA,1D,2,-0.0032660231815271,3.546428595482961e-05,Normal
2016-10-03,ARIMA,1D,2,-0.004967881786362,0.00034919000873388534,Normal
2016-10-04,ARIMA,1D,2,0.0042874862311969,0.0006072502337175269,Normal
2016-10-05,ARIMA,1D,2,0.0004814438526045,0.00022040654627034442,Normal
2016-10-06,ARIMA,1D,2,-0.0032587874416142,0.00023419775990818223,Normal
2016-10-07,ARIMA,1D,2,0.0045953303173243,0.00045163814412311164,Normal
2016-10-10,ARIMA,1D,2,-0.0125245776977559,0.00012255993125618854,Normal
2016-10-11,ARIMA,1D,2,0.0011459322063988,0.000914849103256065,Low
2016-10-12,ARIMA,1D,2,-0.0031040764122339,0.0005562458368567955,Low
2016-10-13,ARIMA,1D,2,0.0002015841591211,0.0006096159230868137,Low
2016-10-14,ARIMA,1D,2,-0.0030426181118402,0.00045136972103479434,Low
2016-10-17,ARIMA,1D,2,0.0061415056056986,0.000551881412879817,Low
2016-10-18,ARIMA,1D,2,0.0021895721553504,8.750397552931158e-05,Low
2016-10-19,ARIMA,1D,2,-0.0013766711313809,6.937045856306515e-05,Low
2016-10-20,ARIMA,1D,2,-8.414514015477906e-05,0.0002605052653729987,Low
2016-10-21,ARIMA,1D,2,0.0047385946474273,0.0002867524288372187,Low
2016-10-24,ARIMA,1D,2,-0.0038049574647063,2.9167587069078003e-05,Low
2016-10-25,ARIMA,1D,2,-0.0017419279211872,0.0003762338995425403,Low
2016-10-26,ARIMA,1D,2,-0.0029911959060088,0.0004398605311884339,Low
2016-10-27,ARIMA,1D,2,-0.003113140139625,0.0005430334780610742,Low
2016-10-28,ARIMA,1D,2,-0.0001222838841985,0.000603287463413471,Low
2016-10-31,ARIMA,1D,2,-0.006810019108735,0.0004663046028784744,Low
2016-11-01,ARIMA,1D,2,-0.006546884453454,0.0007714413814178569,Low
2016-11-02,ARIMA,1D,2,-0.0044332130226093,0.0009145703215863926,Low
2016-11-03,ARIMA,1D,2,-0.0016675202716929,0.0008698012313614552,Low
2016-11-04,ARIMA,1D,2,0.0219801997294649,0.0006911237409487274,Low
2016-11-07,ARIMA,1D,2,0.0037648783971575,-0.0007309961473983298,Normal
2016-11-08,ARIMA,1D,2,0.011016119879656,-0.0004428212700719646,Low
2016-11-09,ARIMA,1D,2,0.0019488457160953,-0.0007013926372030033,Low
2016-11-10,ARIMA,1D,2,-0.0013989283477976,-0.00032538948212015146,Low
2016-11-11,ARIMA,1D,2,-0.0001155094571832,5.7447782720889914e-05,Low
2016-11-14,ARIMA,1D,2,0.0074529550220894,0.00018342307466712572,Low
2016-11-15,ARIMA,1D,2,-0.0015835165223759,-0.00017693163136829734,Low
2016-11-16,ARIMA,1D,2,0.0046654693611979,0.00014466137046141895,Low
2016-11-17,ARIMA,1D,2,-0.0023896513655484,-4.0260347537947826e-05,Low
2016-11-18,ARIMA,1D,2,0.0074337020708738,0.0002607226173736843,Low
2016-11-21,ARIMA,1D,2,0.002163091103593,-0.0001358425303115547,Normal
2016-11-22,ARIMA,1D,2,0.0008076981569088,-4.473409997499383e-05,Normal
2016-11-23,ARIMA,1D,2,0.0039067456134237,7.862922575346977e-05,Low
2016-11-25,ARIMA,1D,2,-0.0052683892547352,-3.17745336108102e-05,Low
2016-11-28,ARIMA,1D,2,0.0013344023532619,0.00042697782296237613,Normal
2016-11-29,ARIMA,1D,2,-0.0026569305551563,0.0002931497513364488,Low
2016-11-30,ARIMA,1D,2,-0.0035217229667638,0.000448308163447967,Low
2016-12-01,ARIMA,1D,2,0.0003969277200846,0.0005772356178974739,Low
2016-12-02,ARIMA,1D,2,0.0058044269267436,0.00042362759708420515,Low
2016-12-05,ARIMA,1D,2,0.0034050844688746,4.0078897134660754e-05,Low
2016-12-06,ARIMA,1D,2,0.0130773587447233,-2.3519349339321742e-05,Low
2016-12-07,ARIMA,1D,2,0.0021570150168711,-0.0006002796103731083,Low
2016-12-08,ARIMA,1D,2,0.0059214185329697,-0.00028476297086172666,Low
2016-12-09,ARIMA,1D,2,-0.0011380822905995,-0.0003331284309291536,Low
2016-12-12,ARIMA,1D,2,0.0065184832012369,3.87758296679189e-05,Low
2016-12-13,ARIMA,1D,2,-0.0081502954618586,-0.00019925142811082805,Low
2016-12-14,ARIMA,1D,2,0.0038757076875535,0.0005023412571377269,Low
2016-12-15,ARIMA,1D,2,-0.0017521567509802,0.00018926380852352196,Low
2016-12-16,ARIMA,1D,2,0.0019731727152112,0.00034366885557753665,Low
2016-12-19,ARIMA,1D,2,0.0036309124011527,0.00021411673292707448,Low
2016-12-20,ARIMA,1D,2,-0.0024603857246776,5.3856674446398274e-05,Low
2016-12-21,ARIMA,1D,2,-0.0018647112223965,0.00031341029979986177,Low
2016-12-22,ARIMA,1D,2,0.0012509325350792,0.0004142497885979132,Low
2016-12-23,ARIMA,1D,2,0.0022458489045486,0.00029125560058909563,Low
2016-12-27,ARIMA,1D,2,-0.0083916407097715,0.00017165831163705838,Low
2016-12-28,ARIMA,1D,2,-0.0002933477318683,0.0007078766385167488,Low
2016-12-29,ARIMA,1D,2,-0.0046478346968542,0.0005300534185565518,Low
2016-12-30,ARIMA,1D,2,0.0084507667531571,0.0006828611707399417,Low
2017-01-03,ARIMA,1D,2,0.0057059637705494,2.5449586337197958e-05,Low
2017-01-04,ARIMA,1D,2,-0.0007709676024811,-0.00016046276965955137,Low
2017-01-05,ARIMA,1D,2,0.003510789180579,0.00010749752350899106,Low
2017-01-06,ARIMA,1D,2,-0.0035549054715596,5.42984133904557e-06,Low
2017-01-09,ARIMA,1D,2,0.0,0.00034988865113078093,Low
2017-01-10,ARIMA,1D,2,0.0028256423891019,0.00032828176702587514,Low
2017-01-11,ARIMA,1D,2,-0.0021471123937296,0.00015822113141002907,Low
2017-01-12,ARIMA,1D,2,0.0018481313951466,0.00034980989178764056,Low
2017-01-13,ARIMA,1D,2,-0.0029719144562184,0.00022432576328564112,Low
2017-01-17,ARIMA,1D,2,0.0017622004698093,0.0004303988059865461,Low
2017-01-18,ARIMA,1D,2,-0.0036158376243193,0.00027086640171520996,Low
2017-01-19,ARIMA,1D,2,0.0033605840612999,0.0004906920163784216,Low
2017-01-20,ARIMA,1D,2,-0.0026937496460698,0.00021219867217661355,Low
2017-01-23,ARIMA,1D,2,0.0065431405289623,0.0004084819746056461,Low
2017-01-24,ARIMA,1D,2,0.0079940527959686,-9.295548384556282e-06,Low
2017-01-25,ARIMA,1D,2,-0.0007356549352631,-0.0003070980210176038,Low
2017-01-26,ARIMA,1D,2,-0.0008668394897415,2.9620569251181e-05,Low
2017-01-27,ARIMA,1D,2,-0.0060276734960966,0.00021126621350251172,Low
2017-01-30,ARIMA,1D,2,-0.0008903016080325,0.0005954565599943681,Low
2017-01-31,ARIMA,1D,2,0.0002983189881162,0.0005054351814486896,Low
2017-02-01,ARIMA,1D,2,0.000570146838691,0.0003920116031843904,Low
2017-02-02,ARIMA,1D,2,0.0072384968545536,0.0003180248441057608,Low
2017-02-03,ARIMA,1D,2,-0.0021175975137091,-9.520978549562391e-05,Low
2017-02-06,ARIMA,1D,2,0.0002268034638457,0.0002169865808643814,Low
2017-02-07,ARIMA,1D,2,0.0006930821486096,0.00024674546312558837,Low
2017-02-08,ARIMA,1D,2,0.0057360637359602,0.00023592970135746626,Low
2017-02-09,ARIMA,1D,2,0.003559706822009,-5.322072356154963e-05,Low
2017-02-10,ARIMA,1D,2,0.0052321335840112,-8.050077026558044e-05,Low
2017-02-13,ARIMA,1D,2,0.0039993271956725,-0.000188655486371919,Low
2017-02-14,ARIMA,1D,2,0.0049798886657344,-0.00017531397277666366,Low
2017-02-15,ARIMA,1D,2,-0.0008644916015501,-0.00022354326033827436,Low
2017-02-16,ARIMA,1D,2,0.0016771493272371,8.010865796081139e-05,Low
2017-02-17,ARIMA,1D,2,0.0060298500200691,9.435509195190113e-05,Low
2017-02-21,ARIMA,1D,2,-0.001082786146804,-0.00014301177665936797,Low
2017-02-22,ARIMA,1D,2,0.0004188989712592,0.00013406200796420726,Low
2017-02-23,ARIMA,1D,2,0.0014922502320316,0.0001930266624919536,Low
2017-02-24,ARIMA,1D,2,0.0010174652677336,0.0001631924301930157,Low
2017-02-27,ARIMA,1D,2,-0.0025817061151949,0.0001744474785961485,Low
2017-02-28,ARIMA,1D,2,0.0135812110837253,0.00038264386154552796,Low
2017-03-01,ARIMA,1D,2,-0.0058771169721052,-0.000418399080354426,Low
2017-03-02,ARIMA,1D,2,0.0005037503685347,0.0002611064231034392,Low
2017-03-03,ARIMA,1D,2,-0.0032826227635658,0.0002540078448936785,Low
2017-03-06,ARIMA,1D,2,-0.0029176259020898,0.0004632310938472807,Low
2017-03-07,ARIMA,1D,2,-0.0022868279640638,0.0005509923333384545,Low
2017-03-08,ARIMA,1D,2,0.0007995756127663,0.0005609453732109544,Low
2017-03-09,ARIMA,1D,2,0.0032633397058585,0.0003925567813214925,Low
2017-03-10,ARIMA,1D,2,0.0003665656191696,0.00016687632574155108,Low
2017-03-13,ARIMA,1D,2,-0.003384748980891,0.00021295234799315136,Low
2017-03-14,ARIMA,1D,2,0.0083398791246863,0.0004477249946517476,Low
2017-03-15,ARIMA,1D,2,-0.0016280347991836,-9.001079907086423e-05,Low
2017-03-16,ARIMA,1D,2,-0.0013151792642314,0.00019215059111474925,Low
2017-03-17,ARIMA,1D,2,-0.0020119160803802,0.0003205928990304256,Low
2017-03-20,ARIMA,1D,2,-0.0124855945901021,0.0004262440759040348,Low
2017-03-21,ARIMA,1D,2,0.0018881028474626,0.0010698296417614587,Low
2017-03-22,ARIMA,1D,2,-0.00106083214483,0.0005947262098140098,Low
2017-03-23,ARIMA,1D,2,-0.0008443522139384,0.0005146456404790388,Low
2017-03-24,ARIMA,1D,2,-0.0010201075858456,0.00046102769293664516,Low
2017-03-27,ARIMA,1D,2,0.0072253088296239,0.0004431598283451591,Low
2017-03-28,ARIMA,1D,2,0.0010847362038301,-2.9704352016712734e-05,Low
2017-03-29,ARIMA,1D,2,0.002930810911705,7.083083556792163e-05,Low
2017-03-30,ARIMA,1D,2,-0.0022575939382668,1.9063460417791177e-05,Low
2017-03-31,ARIMA,1D,2,-0.0016434753080133,0.00028400057634352766,Low
2017-04-03,ARIMA,1D,2,0.0005593660746613,0.00038658924190080755,Low
2017-04-04,ARIMA,1D,2,-0.0030595368115221,0.0003158246602700845,Low
2017-04-05,ARIMA,1D,2,0.0019276502937349,0.00048268103623970947,Low
2017-04-06,ARIMA,1D,2,-0.0008274724629448,0.00028862241469699364,Low
2017-04-07,ARIMA,1D,2,0.0006874501357832,0.00034309973539659196,Low
2017-04-10,ARIMA,1D,2,-0.0014349082919582,0.00028611475574916677,Low
2017-04-11,ARIMA,1D,2,-0.0037670374189869,0.0003759563024866629,Low
2017-04-12,ARIMA,1D,2,-0.0068380202898042,0.0005535830838607408,Low
2017-04-13,ARIMA,1D,2,0.0085764656911072,0.0008181869940572557,Low
2017-04-17,ARIMA,1D,2,-0.0029076028458332,8.842008860527998e-05,Low
2017-04-18,ARIMA,1D,2,-0.0017178253968685,0.00035644444039316804,Low
2017-04-19,ARIMA,1D,2,0.0075288503629738,0.00042826323237545364,Low
2017-04-20,ARIMA,1D,2,-0.0030396881071153,-5.4481409133123426e-05,Low
2017-04-21,ARIMA,1D,2,0.0107817365881118,0.00028991221490090515,Low
2017-04-24,ARIMA,1D,2,0.0060722142117511,-0.0003089859696918609,Low
2017-04-25,ARIMA,1D,2,-0.0004858214756873,-0.0003541439192350494,Low
2017-04-26,ARIMA,1D,2,0.0005527670002992,-8.775581225956832e-06,Low
2017-04-27,ARIMA,1D,2,-0.00191497947149,0.00011157370589095632,Low
2017-04-28,ARIMA,1D,2,0.0017307918268938,0.0003126152233392077,Low
2017-05-01,ARIMA,1D,2,0.0011883435858115,0.00021167324903848775,Low
2017-05-02,ARIMA,1D,2,-0.0012721693958273,0.0001899308330975252,Low
2017-05-03,ARIMA,1D,2,0.0005819332878695,0.0003170257338092978,Low
2017-05-04,ARIMA,1D,2,0.0040803594074783,0.0002785530106237167,Low
2017-05-05,ARIMA,1D,2,3.7445271907879016e-05,6.193467896403943e-05,Low
2017-05-08,ARIMA,1D,2,-0.0010257745567932,0.00017714506330181808,Low
2017-05-09,ARIMA,1D,2,0.0011299627174494,0.00029655433802690224,Low
2017-05-10,ARIMA,1D,2,-0.0021651513741066,0.00023714383438244865,Low
2017-05-11,ARIMA,1D,2,-0.0014795353407942,0.00039167080511597573,Low
2017-05-12,ARIMA,1D,2,0.0047651423030152,0.0004330963398732513,Low
2017-05-15,ARIMA,1D,2,-0.000687133036986,0.00010341552510902314,Low
2017-05-16,ARIMA,1D,2,-0.018345468171115,0.00023935457840952823,Low
2017-05-17,ARIMA,1D,2,0.0036800386272159,0.001302588785129029,Low
2017-05-18,ARIMA,1D,2,0.0067447032082007,0.0006144357365362297,Low
2017-05-19,ARIMA,1D,2,0.0051468632960084,8.596300574120763e-05,Low
2017-05-22,ARIMA,1D,2,0.0018361851723804,-9.770725534611116e-05,Low
2017-05-23,ARIMA,1D,2,0.0024860338045762,-6.616094913450884e-06,Low
2017-05-24,ARIMA,1D,2,0.0044321120419781,3.9891863708769884e-06,Low
2017-05-25,ARIMA,1D,2,0.0003105017853024,-9.994454286239992e-05,Low
2017-05-26,ARIMA,1D,2,-0.0012053507295338,7.801088672366199e-05,Low
2017-05-30,ARIMA,1D,2,-0.0004600746199513,0.00025534427406492355,Low
2017-05-31,ARIMA,1D,2,0.0075425955848472,0.0003052188051671041,Low
2017-06-01,ARIMA,1D,2,0.003700874618046,-0.0001189361994832905,Low
2017-06-02,ARIMA,1D,2,-0.0012184071404286,-0.0001224494396624545,Low
2017-06-05,ARIMA,1D,2,-0.002782908666204,0.00015232968209779132,Low
2017-06-06,ARIMA,1D,2,0.0015670287963475,0.0003825097982935705,Low
2017-06-07,ARIMA,1D,2,0.0002671690356647,0.0002570552876743577,Low
2017-06-08,ARIMA,1D,2,-0.0008303338661872,0.0002652134745380724,Low
2017-06-09,ARIMA,1D,2,-0.0009792424797181,0.00033114527157734744,Low
2017-06-12,ARIMA,1D,2,0.0045013588432301,0.0003736411429250458,Low
2017-06-13,ARIMA,1D,2,-0.0009963269653176,8.747615057931016e-05,Low
2017-06-14,ARIMA,1D,2,-0.0022421097968403,0.0002484902241736022,Low
2017-06-15,ARIMA,1D,2,0.0002835991500596,0.00040187031219029534,Low
2017-06-16,ARIMA,1D,2,0.0083125832068939,0.0003392390146806927,Low
2017-06-19,ARIMA,1D,2,-0.0067191604469316,-0.00014462320242486363,Low
2017-06-20,ARIMA,1D,2,-0.0005828141932715,0.0004501455194150886,Low
2017-06-21,ARIMA,1D,2,-0.000455885972438,0.0004129399534110392,Low
2017-06-22,ARIMA,1D,2,0.001559698555409,0.00038654730685385087,Low
2017-06-23,ARIMA,1D,2,0.0003157519397323,0.00025955706868061295,Low
2017-06-26,ARIMA,1D,2,-0.0081055865756729,0.00026377659688070276,Low
2017-06-27,ARIMA,1D,2,0.008769501646551,0.0007394686543386993,Low
2017-06-28,ARIMA,1D,2,-0.0086372168441413,3.682535517638395e-05,Low
2017-06-29,ARIMA,1D,2,0.0015320576108735,0.0006519015789841228,Low
2017-06-30,ARIMA,1D,2,0.0023081679791475,0.00039844597424320725,Low
2017-07-03,ARIMA,1D,2,0.0014522240362887,0.00022363091705282555,Low
2017-07-05,ARIMA,1D,2,-0.0094129873068661,0.00018128229537347877,Low
2017-07-06,ARIMA,1D,2,0.0063827125696158,0.0007702850069161838,Low
2017-07-07,ARIMA,1D,2,0.0009273361035125,0.00018697688291832682,Low
2017-07-10,ARIMA,1D,2,-0.0007829870660821,0.00019182488846947675,Low
2017-07-11,ARIMA,1D,2,0.0072790509478214,0.00029050065712435885,Low
2017-07-12,ARIMA,1D,2,0.001872829473473,-0.0001117352365923081,Low
2017-07-13,ARIMA,1D,2,0.0046626161700092,-1.5936716084482432e-05,Low
2017-07-14,ARIMA,1D,2,-5.291423670686425e-05,-0.00012321784115234006,Low
2017-07-17,ARIMA,1D,2,0.0005976786981109,8.639959900909338e-05,Low
2017-07-18,ARIMA,1D,2,0.0053582582160534,0.00015830658740261351,Low
2017-07-19,ARIMA,1D,2,-0.000153671088607,-7.215180617986875e-05,Low
2017-07-20,ARIMA,1D,2,-0.0003679393292088,0.00011849422152435636,Low
2017-07-21,ARIMA,1D,2,-0.0010643009954088,0.00022921122711195652,Low
2017-07-24,ARIMA,1D,2,0.002918907519898,0.0003256675381016225,Low
2017-07-25,ARIMA,1D,2,0.0002826240061194,0.000151624094470211,Low
2017-07-26,ARIMA,1D,2,-0.0009731616373937,0.0002097783208518814,Low
2017-07-27,ARIMA,1D,2,-0.001342015678116,0.00031048548105902366,Low
2017-07-28,ARIMA,1D,2,-0.0007284108345598,0.00038334633818795573,Low
2017-07-31,ARIMA,1D,2,0.0024461207749384,0.00038655436928329025,Low
2017-08-01,ARIMA,1D,2,0.0004925274073474,0.0002097196901557711,Low
2017-08-02,ARIMA,1D,2,-0.0021860418349456,0.00022804355500465986,Low
2017-08-03,ARIMA,1D,2,0.0018873214175395,0.00038813554592771933,Low
2017-08-04,ARIMA,1D,2,0.0016458446442804,0.00024195775150030394,Low
2017-08-07,ARIMA,1D,3,-0.0024173522303853,0.00019105084180721037,Low
2017-08-08,ARIMA,1D,3,-0.0003636747927123,0.00039078804718437125,Low
2017-08-09,ARIMA,1D,3,-0.0145802184007415,0.00037614916944062954,Low
2017-08-10,ARIMA,1D,3,0.0012747571279871,0.001180198017326991,Low
2017-08-11,ARIMA,1D,3,0.0099936512460494,0.000688108541886834,Low
2017-08-14,ARIMA,1D,3,-0.0004989323268834,-6.238837995657486e-05,Low
2017-08-15,ARIMA,1D,3,0.0014190955233323,0.00015109024819192788,Low
2017-08-16,ARIMA,1D,3,-0.0155573424871914,0.0001512535579526767,Low
2017-08-17,ARIMA,1D,3,-0.0018370536613519,0.0011204576073301203,Low
2017-08-18,ARIMA,1D,3,0.0011619757145661,0.0008350634861904892,Low
2017-08-21,ARIMA,1D,3,0.009891695260625,0.0005172637394023267,Low
2017-08-22,ARIMA,1D,3,-0.003459570132639,-0.000144324866370153,Low
2017-08-23,ARIMA,1D,3,-0.0020766167471384,0.00027801398518580573,Low
2017-08-24,ARIMA,1D,3,0.0016714716689374,0.00041600656251109767,Low
2017-08-25,ARIMA,1D,3,0.000486953473296,0.00027292424685537053,Low
2017-08-28,ARIMA,1D,3,0.0008424667620097,0.0002670476926591107,Low
2017-08-29,ARIMA,1D,3,0.004604531788061,0.00024373422127961335,Low
2017-08-30,ARIMA,1D,3,0.0057046735847135,1.6996980161670657e-05,Low
2017-08-31,ARIMA,1D,3,0.0019805780423351,-0.00016227260258899707,Low
2017-09-01,ARIMA,1D,3,-0.0075794585521449,-4.176244602242465e-05,Low
2017-09-05,ARIMA,1D,3,0.0031238424931441,0.0005658853050085114,Low
2017-09-06,ARIMA,1D,3,-0.0001784520448537,0.0002670011924793897,Low
2017-09-07,ARIMA,1D,3,-0.0014899601434577,0.0003019907006481318,Low
2017-09-08,ARIMA,1D,3,0.010780975197147,0.0003948325394870507,Low
2017-09-11,ARIMA,1D,3,0.0033583025948831,-0.0002579789269034696,Low
2017-09-12,ARIMA,1D,3,0.0007568342480825,-0.00016957235143514373,Low
2017-09-13,ARIMA,1D,3,-0.0011013238508279,2.4346808882491384e-05,Low
2017-09-14,ARIMA,1D,3,0.0018454775461593,0.00023003119893392614,Low
2017-09-15,ARIMA,1D,3,0.0014548619291293,0.00016746212989573783,Low
2017-09-18,ARIMA,1D,3,0.0011095796167313,0.00015762143066593704,Low
2017-09-19,ARIMA,1D,3,0.0006341467023094,0.00017227747279649675,Low
2017-09-20,ARIMA,1D,3,-0.0030505659469148,0.00020694640252898522,Low
2017-09-21,ARIMA,1D,3,0.000647583995167,0.0004351007773853741,Low
2017-09-22,ARIMA,1D,3,-0.0022245226998538,0.00034118209711843443,Low
2017-09-25,ARIMA,1D,3,7.216412589487934e-05,0.0004568971128655552,Low
2017-09-26,ARIMA,1D,3,0.0040768224019879,0.0003852266102947349,Low
2017-09-27,ARIMA,1D,3,0.001203890628938,0.000119801395613868,Low
2017-09-28,ARIMA,1D,3,0.0036982630684988,0.00014746683912962328,Low
2017-09-29,ARIMA,1D,3,0.0038665188297123,1.9283353259025966e-05,Low
2017-10-02,ARIMA,1D,3,0.0021565111846609,-5.616492453342615e-05,Low
2017-10-03,ARIMA,1D,3,0.0012459436611136,2.6978586204996964e-06,Low
2017-10-04,ARIMA,1D,3,0.0056309040312927,8.491436128863742e-05,Low
2017-10-05,ARIMA,1D,3,-0.0010742111652397,-0.00012317468984054724,Low
2017-10-06,ARIMA,1D,3,-0.0018060638680135,0.00015270700724899288,Low
2017-10-09,ARIMA,1D,3,0.002319719630478,0.0003361960895953856,Low
2017-10-10,ARIMA,1D,3,0.0018018829296635,0.00019492250168092292,Low
2017-10-11,ARIMA,1D,3,-0.0016881771203513,0.0001519167188045025,Low
2017-10-12,ARIMA,1D,3,0.0008777220048463,0.00032906044189017256,Low
2017-10-13,ARIMA,1D,3,0.0017492225323057,0.0002735753290287619,Low
2017-10-16,ARIMA,1D,3,0.0006723529054339,0.000195323998773187,Low
2017-10-17,ARIMA,1D,3,0.0007420595113295,0.00021660351866119909,Low
2017-10-18,ARIMA,1D,3,0.0003279441150104,0.00022355475002031408,Low
2017-10-19,ARIMA,1D,3,0.0051037961850303,0.0002507656150357338,Low
2017-10-20,ARIMA,1D,3,-0.0039803953129971,-7.892350589731466e-06,Low
2017-10-23,ARIMA,1D,3,0.001616600874558,0.00037782633459974916,Low
2017-10-24,ARIMA,1D,3,-0.0046739556872599,0.000256444816140578,Low
2017-10-25,ARIMA,1D,3,0.0012701392506023,0.0005531994481874831,Low
2017-10-26,ARIMA,1D,3,0.008040609979727,0.0003663057841494253,Low
2017-10-27,ARIMA,1D,3,-0.0031975773767407,-0.00011619507519238561,Low
2017-10-30,ARIMA,1D,3,0.0009440129366793,0.00027750706824933503,Low
2017-10-31,ARIMA,1D,3,0.0015908441079038,0.00024330993813712222,Low
2017-11-01,ARIMA,1D,3,0.0001899477696667,0.0001888189883635948,Low
2017-11-02,ARIMA,1D,3,0.0030922893263143,0.00024080080241912154,Low
2017-11-03,ARIMA,1D,3,0.0012704438847764,0.00010181834977382025,Low
2017-11-06,ARIMA,1D,3,-0.0001891208050819,0.00013443033033376235,Low
2017-11-07,ARIMA,1D,3,0.0014426139320604,0.00023450290633416848,Low
2017-11-08,ARIMA,1D,3,-0.0037689813393701,0.00019275703220359108,Low
2017-11-09,ARIMA,1D,3,-0.0008980469760537,0.00046882381108407837,Low
2017-11-10,ARIMA,1D,3,0.000983150911293,0.0004467385768083017,Low
2017-11-13,ARIMA,1D,3,-0.0023122805602819,0.0003280037749918747,Low
2017-11-14,ARIMA,1D,3,-0.0055409987421236,0.00045513764967648735,Low
2017-11-15,ARIMA,1D,3,0.0081626527829724,0.0007047569190986869,Low
2017-11-16,ARIMA,1D,3,-0.0026294169788973,5.0688012141759996e-05,Low
2017-11-17,ARIMA,1D,3,0.0012748698887901,0.0003307947319990074,Low
2017-11-20,ARIMA,1D,3,0.0065198388797526,0.0002517945113218379,Low
2017-11-21,ARIMA,1D,3,-0.0007505427033295,-8.820032605957824e-05,Low
2017-11-22,ARIMA,1D,3,0.0020539842782319,0.00015219506740964068,Low
2017-11-24,ARIMA,1D,3,-0.0003843315868032,0.00011557768343675197,Low
2017-11-27,ARIMA,1D,3,0.0098003321967936,0.00023596282662531652,Low
2017-11-28,ARIMA,1D,3,-0.0003692938827907,-0.0002836033513046584,Low
2017-11-29,ARIMA,1D,3,0.0081575866628111,3.00595933234046e-05,Low
2017-11-30,ARIMA,1D,3,-0.0020265829358053,-0.00029559027464820135,Low
2017-12-01,ARIMA,1D,3,-0.0010527105492864,0.00011851066400514601,Low
2017-12-04,ARIMA,1D,3,-0.0037463905259553,0.00027562460047295335,Low
2017-12-05,ARIMA,1D,3,-0.0001141121705303,0.0005101002453624247,Low
2017-12-06,ARIMA,1D,3,0.0029280670101093,0.000423188929646351,Low
2017-12-07,ARIMA,1D,3,0.0054912020355181,0.0002048793275881711,Low
2017-12-08,ARIMA,1D,3,0.0031968421216958,-5.3577992498722875e-05,Low
2017-12-11,ARIMA,1D,3,0.0015477237220895,-5.536185779216133e-05,Low
2017-12-12,ARIMA,1D,3,-0.0004730689701501,3.7863721476590615e-05,Low
2017-12-13,ARIMA,1D,3,-0.0040791677307626,0.00020110966823268863,Low
2017-12-14,ARIMA,1D,3,0.0089343134101427,0.0004908216158348703,Low
2017-12-15,ARIMA,1D,3,0.0053484785795975,-0.0001032539420591253,Low
2017-12-18,ARIMA,1D,3,-0.0032354980431185,-0.00020370731475929628,Low
2017-12-19,ARIMA,1D,3,-0.0008282360735725,0.00023471995804687603,Low
2017-12-20,ARIMA,1D,3,0.0019836870126583,0.0003225026983005363,Low
2017-12-21,ARIMA,1D,3,-0.0004582716381137,0.00020707152611502386,Low
2017-12-22,ARIMA,1D,3,-0.0010589757000585,0.00028718084378807034,Low
2017-12-26,ARIMA,1D,3,0.0007906283102422,0.00036262199457382497,Low
2017-12-27,ARIMA,1D,3,0.0018323190029195,0.00029578652592790434,Low
2017-12-28,ARIMA,1D,3,-0.0051966322927482,0.00020198942238898796,Low
2017-12-29,ARIMA,1D,3,0.0082690782183981,0.0005550653076934497,Low
2018-01-02,ARIMA,1D,3,0.006378433243936,-3.227855024257254e-05,Low
2018-01-03,ARIMA,1D,3,0.0040205428553269,-0.00022604602329937034,Low
2018-01-04,ARIMA,1D,3,0.0070091458885853,-0.00019097435278189674,Low
2018-01-05,ARIMA,1D,3,0.0016609637672969,-0.0003435672705409181,Low
2018-01-08,ARIMA,1D,3,0.0013020835172984,-0.00011664136605257742,Low
2018-01-09,ARIMA,1D,3,-0.0011128458115206,2.0409328839933352e-05,Low
2018-01-10,ARIMA,1D,3,0.007009025768882,0.00022866640339141037,Low
2018-01-11,ARIMA,1D,3,0.006726926399094,-0.00012800621006121138,Low
2018-01-12,ARIMA,1D,3,-0.0035307132616026,-0.00029511198904355645,Low
2018-01-16,ARIMA,1D,3,0.009371006206502,0.00020462141125925142,Low
2018-01-17,ARIMA,1D,3,-0.0016176974974736,-0.00027519371219203963,Low
2018-01-18,ARIMA,1D,3,0.0043756479869901,0.00010564592500691305,Low
2018-01-19,ARIMA,1D,3,0.0080343643822132,-4.086785426747722e-05,Low
2018-01-22,ARIMA,1D,3,0.0021720049682223,-0.0003249888358950992,Low
2018-01-23,ARIMA,1D,3,-0.000560132547232,-0.00013627169447825424,Low
2018-01-24,ARIMA,1D,3,0.0006024393988328,0.00011663276243710732,Low
2018-01-25,ARIMA,1D,3,0.0117716381060841,0.0001801737865422747,Low
2018-01-26,ARIMA,1D,3,-0.006754736284863,-0.000424794496741954,Low
2018-01-29,ARIMA,1D,3,-0.010958642805337,0.00032205541112384717,Low
2018-01-30,ARIMA,1D,3,0.0004888658586947,0.000945670067922736,Low
2018-01-31,ARIMA,1D,3,-0.0006482983520233,0.0006125035971154629,Low
2018-02-01,ARIMA,1D,3,-0.0214366805166988,0.0005062844630420156,Low
2018-02-02,ARIMA,1D,3,-0.0418425409383814,0.0016384530854676093,Normal
2018-02-05,ARIMA,1D,3,0.017290573348937,0.0033848997765303377,High
2018-02-06,ARIMA,1D,3,-0.0050141382237526,0.0009063017736327342,High
2018-02-07,ARIMA,1D,3,-0.0382590522458017,0.0009064270710465393,High
2018-02-08,ARIMA,1D,3,0.0148256451995243,0.002804316904877491,High
2018-02-09,ARIMA,1D,3,0.0138186656781862,0.0007487908118282297,High
2018-02-12,ARIMA,1D,3,0.0026095219802775,-0.00024957360358944953,High
2018-02-13,ARIMA,1D,3,0.013313439808897,-0.00012250981005174766,High
2018-02-14,ARIMA,1D,3,0.0119968617767752,-0.0006682876430433686,High
2018-02-15,ARIMA,1D,3,0.0003733996499216,-0.0008734754543838815,High
2018-02-16,ARIMA,1D,3,-0.0058585171068373,-0.0003153338093022072,High
2018-02-20,ARIMA,1D,3,-0.0055116644833109,0.00032711964943827216,High
2018-02-21,ARIMA,1D,3,0.0009730774855778,0.000637324144519523,High
2018-02-22,ARIMA,1D,3,0.015901278245121,0.0004264757071952446,High
2018-02-23,ARIMA,1D,3,0.0116884386206273,-0.0005340235736597601,High
2018-02-26,ARIMA,1D,3,-0.0127883114414675,-0.0007869021793417176,High
2018-02-27,ARIMA,1D,3,-0.011157806083656,0.000480487673306009,High
2018-02-28,ARIMA,1D,3,-0.0134139658548764,0.0010384204350099898,High
2018-03-01,ARIMA,1D,3,0.0050587854851985,0.0014538057799145182,High
2018-03-02,ARIMA,1D,3,0.0109716176105265,0.0006126351432439406,High
2018-03-05,ARIMA,1D,3,0.0026353829319968,-0.0001569846950655092,High
2018-03-06,ARIMA,1D,3,-0.0004839918257163,-7.642655637289485e-05,High
2018-03-07,ARIMA,1D,3,0.0044531482088846,0.00014302645094191378,High
2018-03-08,ARIMA,1D,3,0.0172295467412075,-2.6091029185405345e-05,High
2018-03-09,ARIMA,1D,3,-0.0012747973379984,-0.0008423164437262364,Normal
2018-03-12,ARIMA,1D,3,-0.0063839104143147,-0.00020523927195066415,Normal
2018-03-13,ARIMA,1D,3,-0.0057409698251887,0.00041366391364063096,Normal
2018-03-14,ARIMA,1D,3,-0.0007822363990965,0.0006948689555989528,Normal
2018-03-15,ARIMA,1D,3,0.0017019979472317,0.0005562385666531117,Normal
2018-03-16,ARIMA,1D,3,-0.0143060405413734,0.0003432137012988605,Normal
2018-03-19,ARIMA,1D,3,0.0014807086617189,0.0011476284951541082,Normal
2018-03-20,ARIMA,1D,3,-0.0018456921256294,0.0006596217738341419,Normal
2018-03-21,ARIMA,1D,3,-0.0254848869728544,0.000598842006040637,Normal
2018-03-22,ARIMA,1D,3,-0.0211898073117506,0.0019170932132863512,High
2018-03-23,ARIMA,1D,3,0.0267950407060353,0.002349041209611228,High
2018-03-26,ARIMA,1D,3,-0.0174272856453219,-0.0001683549485894551,High
2018-03-27,ARIMA,1D,3,-0.0029209188994626,0.0010630342647968164,High
2018-03-28,ARIMA,1D,3,0.0136757774938434,0.0008674409391049597,High
2018-03-29,ARIMA,1D,3,-0.0225906823434958,-0.00018047040389627082,High
2018-04-02,ARIMA,1D,3,0.012535961315741,0.0013515696399147613,High
2018-04-03,ARIMA,1D,3,0.0115001023464467,0.00013327667527975132,High
2018-04-04,ARIMA,1D,3,0.0068394214016512,-0.00043338289625355955,High
2018-04-05,ARIMA,1D,3,-0.0221640670570649,-0.00045839480395142446,High
2018-04-06,ARIMA,1D,3,0.0033309949675928,0.0011844561363991675,High
2018-04-09,ARIMA,1D,3,0.016588598996314,0.0005729129992101184,High
2018-04-10,ARIMA,1D,3,-0.0055406857724611,-0.0004980405823526712,High
2018-04-11,ARIMA,1D,3,0.008216898697657,0.0002151260412741139,High
2018-04-12,ARIMA,1D,3,-0.0028907998267066,-0.00020391426523009253,High
2018-04-13,ARIMA,1D,3,0.008076336801563,0.00021493614729240857,High
2018-04-16,ARIMA,1D,3,0.0106050716138667,-0.00019598766378140338,High
2018-04-17,ARIMA,1D,3,0.0008310204075532,-0.0005514201247838867,High
2018-04-18,ARIMA,1D,3,-0.0057425817958325,-0.0001760295180301423,High
2018-04-19,ARIMA,1D,3,-0.0085731771883527,0.00039205689524563506,High
2018-04-20,ARIMA,1D,3,5.623011118453955e-05,0.0008454501428255276,High
2018-04-23,ARIMA,1D,3,-0.0134708880064751,0.000585721790810819,High
2018-04-24,ARIMA,1D,3,0.0018353742328236,0.0012245204098757278,High
2018-04-25,ARIMA,1D,3,0.0103801441873769,0.0006788718494298212,High
2018-04-26,ARIMA,1D,3,0.0011130052713638,-8.919634255630417e-05,High
2018-04-27,ARIMA,1D,3,-0.0082211925489212,4.530059647779426e-05,High
2018-04-30,ARIMA,1D,3,0.0025458021710273,0.0006472405741322707,Normal
2018-05-01,ARIMA,1D,3,-0.0072319512014023,0.000341788556683088,Normal
2018-05-02,ARIMA,1D,3,-0.002256217585064,0.0007430636431539025,Normal
2018-05-03,ARIMA,1D,3,0.0127298100283349,0.0006651383956688443,Normal
2018-05-04,ARIMA,1D,3,0.0034519805549899,-0.00023038418882778943,Normal
2018-05-07,ARIMA,1D,3,-0.0002656766117338,-0.00016074565531642553,Normal
2018-05-08,ARIMA,1D,3,0.0096356479348687,8.725201090282846e-05,Normal
2018-05-09,ARIMA,1D,3,0.0093270116038483,-0.0003505894949461822,Normal
2018-05-10,ARIMA,1D,3,0.0017061392709612,-0.0005578738896111065,Normal
2018-05-11,ARIMA,1D,3,0.0008830995101265,-0.00022930178400959342,Normal
2018-05-14,ARIMA,1D,3,-0.0068656550439908,-1.3542032299165689e-05,Normal
2018-05-15,ARIMA,1D,3,0.0040523398475144,0.000539632783204313,Normal
2018-05-16,ARIMA,1D,3,-0.0008562387886101,0.0002005118500195047,Normal
2018-05-17,ARIMA,1D,3,-0.0026356652545503,0.0003065298049131822,Normal
2018-05-18,ARIMA,1D,3,0.0073596045479333,0.0004625680518336156,Normal
2018-05-21,ARIMA,1D,3,-0.0031406885928751,-2.7872641871221884e-05,Normal
2018-05-22,ARIMA,1D,3,0.0032431452068987,0.00031962752797852213,Low
2018-05-23,ARIMA,1D,3,-0.0020252629577225,0.00013369698605461365,Low
2018-05-24,ARIMA,1D,3,-0.0023600030541859,0.00033894457353397697,Low
2018-05-25,ARIMA,1D,3,-0.0116315725117922,0.00046348183555704414,Low
2018-05-29,ARIMA,1D,3,0.0126158753519238,0.0010567306745449595,Low
2018-05-30,ARIMA,1D,3,-0.0069033332434342,-2.273337223602194e-05,Normal
2018-05-31,ARIMA,1D,3,0.0107907997092398,0.0005370624308127471,Normal
2018-06-01,ARIMA,1D,3,0.0044695948983522,-0.00018548144547770017,Normal
2018-06-04,ARIMA,1D,3,0.0007023462695756,-0.00019577247377663623,Low
2018-06-05,ARIMA,1D,3,0.0085309006373119,1.3999269445328624e-05,Low
2018-06-06,ARIMA,1D,3,-0.0007144436219845,-0.000325150951680743,Normal
2018-06-07,ARIMA,1D,3,0.0031210289077513,2.842138472151863e-05,Low
2018-06-08,ARIMA,1D,3,0.0010681370069403,-8.91387071172352e-06,Low
2018-06-11,ARIMA,1D,3,0.0017418672787038,8.91001424100274e-05,Low
2018-06-12,ARIMA,1D,3,-0.0040342545414114,0.00010098568413247647,Low
2018-06-13,ARIMA,1D,3,0.0024685005225036,0.0004368276416651706,Low
2018-06-14,ARIMA,1D,3,-0.001017620315494,0.00023811993796694718,Low
2018-06-15,ARIMA,1D,3,-0.0021283911808865,0.00033506036918986545,Low
2018-06-18,ARIMA,1D,3,-0.0040315179513912,0.00044826482160035516,Low
2018-06-19,ARIMA,1D,3,0.0017106902241125,0.0006150560901494032,Low
2018-06-20,ARIMA,1D,3,-0.0063657288432202,0.0003729299162457185,Low
2018-06-21,ARIMA,1D,3,0.0018602032551338,0.0007096104936485533,Low
2018-06-22,ARIMA,1D,3,-0.0138197229677706,0.0004129639471780921,Low
2018-06-25,ARIMA,1D,3,0.0022021505056967,0.0011556946438439934,Normal
2018-06-26,ARIMA,1D,3,-0.0086415863131411,0.0006225806951625707,Low
2018-06-27,ARIMA,1D,3,0.0061596800190312,0.0009677670560260419,Low
2018-06-28,ARIMA,1D,3,0.000758115887517,0.00030012884301180255,Low
2018-06-29,ARIMA,1D,3,0.0030632608342934,0.00026554207581347313,Low
2018-07-02,ARIMA,1D,3,-0.0049596292805336,0.00011618416862460291,Low
2018-07-03,ARIMA,1D,3,0.0085838567455378,0.0004974606687442062,Low
2018-07-05,ARIMA,1D,3,0.0084455176005801,-7.983746620992665e-05,Low
2018-07-06,ARIMA,1D,3,0.0087842907853415,-0.0003684772797560684,Low
2018-07-09,ARIMA,1D,3,0.0034672493188218,-0.0005360803308051823,Low
2018-07-10,ARIMA,1D,3,-0.0071194863719165,-0.0003186422875280812,Low
2018-07-11,ARIMA,1D,3,0.0087109915801719,0.00039740413528025284,Low
2018-07-12,ARIMA,1D,3,0.0010786555366086,-0.000138490513891126,Low
2018-07-13,ARIMA,1D,3,-0.0010286646208985,2.1940867891610057e-05,Low
2018-07-16,ARIMA,1D,3,0.0039658243434434,0.0002246475159048495,Low
2018-07-17,ARIMA,1D,3,0.0021581820767374,4.365420781223683e-05,Low
2018-07-18,ARIMA,1D,3,-0.0039608268490495,5.3875933808727767e-05,Low
2018-07-19,ARIMA,1D,3,-0.0009488977712743,0.0004084373680878686,Low
2018-07-20,ARIMA,1D,3,0.0018363623432315,0.00041862313412292584,Low
2018-07-23,ARIMA,1D,3,0.0047695188860535,0.0002648553042492385,Low
2018-07-24,ARIMA,1D,3,0.0090604350703727,1.842762797472187e-05,Low
2018-07-25,ARIMA,1D,3,-0.0030369027488673,-0.00035310536803954696,Low
2018-07-26,ARIMA,1D,3,-0.0065838346448454,0.00014664255974255748,Low
2018-07-27,ARIMA,1D,3,-0.0057707893155871,0.0006058257329245105,Low
2018-07-30,ARIMA,1D,3,0.004872837219303,0.000795277778538567,Low
2018-07-31,ARIMA,1D,3,-0.0010408930675711,0.000284988323183944,Low
2018-08-01,ARIMA,1D,3,0.0049143495822087,0.0003604635078424386,Low
2018-08-02,ARIMA,1D,3,0.0046334320653479,5.9270254368846075e-05,Low
2018-08-03,ARIMA,1D,3,0.0035319826508016,-7.940526144196855e-05,Low
2018-08-06,ARIMA,1D,3,0.0028202017464857,-8.776028294412238e-05,Low
2018-08-07,ARIMA,1D,3,-0.0002624143932951,-5.1419093971816416e-05,Low
2018-08-08,ARIMA,1D,3,-0.0014427146770399,0.0001432228640320569,Low
2018-08-09,ARIMA,1D,3,-0.0071393122632444,0.0003105822090609781,Low
2018-08-10,ARIMA,1D,3,-0.0040140376659802,0.0007217456726614281,Low
2018-08-13,ARIMA,1D,3,0.0063689300164174,0.0007545353799396637,Low
2018-08-14,ARIMA,1D,3,-0.0076312085813788,0.00017865419649679707,Low
2018-08-15,ARIMA,1D,3,0.0078882145526381,0.0006820595345383533,Low
2018-08-16,ARIMA,1D,3,0.003317606375263,5.46958236162794e-05,Low
2018-08-17,ARIMA,1D,3,0.0024250749021282,-6.6395051061225794e-06,Low
2018-08-20,ARIMA,1D,3,0.002066399954627,1.2805987065890514e-05,Low
2018-08-21,ARIMA,1D,3,-0.0003982310542435,4.326981573222051e-05,Low
2018-08-22,ARIMA,1D,3,-0.0016926939235351,0.00019961437087583585,Low
2018-08-23,ARIMA,1D,3,0.0061797059282853,0.0003538188391243794,Low
2018-08-24,ARIMA,1D,3,0.0076411414071104,-1.6377243018952275e-05,Low
2018-08-27,ARIMA,1D,3,0.0002692420775983,-0.0002899612976773502,Low
2018-08-28,ARIMA,1D,3,0.0056852424689116,-9.657837683943417e-06,Low
2018-08-29,ARIMA,1D,3,-0.004440172044458,-0.0001748549652989114,Low
2018-08-30,ARIMA,1D,3,0.0001344684673049,0.00031831060997343687,Low
2018-08-31,ARIMA,1D,3,-0.0016556920488793,0.00031048304365299806,Low
2018-09-04,ARIMA,1D,3,-0.0028070628012659,0.0004086557504237223,Low
2018-09-05,ARIMA,1D,4,-0.0036589910366181,0.0005343842218020021,Low
2018-09-06,ARIMA,1D,4,-0.0022157978950144,0.000637374012449091,Low
2018-09-07,ARIMA,1D,4,0.0018960282146933,0.0006057232566777588,Low
2018-09-10,ARIMA,1D,4,0.0037328656897154,0.0003561817816962573,Low
2018-09-11,ARIMA,1D,4,0.0003566083498935,0.0001293048037012219,Low
2018-09-12,ARIMA,1D,4,0.0052683521593913,0.0002102428500472717,Low
2018-09-13,ARIMA,1D,4,0.0002754439007663,-2.9631513063755992e-05,Low
2018-09-14,ARIMA,1D,4,-0.0055852909915492,0.00013694676887399622,Low
2018-09-17,ARIMA,1D,4,0.0053546528676252,0.0005521733913242473,Low
2018-09-18,ARIMA,1D,4,0.0012524880331719,0.0001330817478963583,Low
2018-09-19,ARIMA,1D,4,0.007810014185329,0.00016110528227925215,Low
2018-09-20,ARIMA,1D,4,-0.000368600937007,-0.00019837941649064475,Low
2018-09-21,ARIMA,1D,4,-0.0035218823140138,9.087717296771085e-05,Low
2018-09-24,ARIMA,1D,4,-0.0013059484931179,0.00041214937451916536,Low
2018-09-25,ARIMA,1D,4,-0.0032946996811599,0.00044352683883563124,Low
2018-09-26,ARIMA,1D,4,0.0027594762285113,0.0005720991680319067,Low
2018-09-27,ARIMA,1D,4,-6.870144138179519e-06,0.0002905549080358225,Low
2018-09-28,ARIMA,1D,4,0.0036344923421985,0.00030998015111492825,Low
2018-10-01,ARIMA,1D,4,-0.000396768910279,0.00011225425045722939,Low
2018-10-02,ARIMA,1D,4,0.0007112667367183,0.00024476272854745754,Low
2018-10-03,ARIMA,1D,4,-0.0082030354210098,0.0002466585053246946,Low
2018-10-04,ARIMA,1D,4,-0.0055433145846221,0.0007549468958528227,Low
2018-10-05,ARIMA,1D,4,-0.0003951947083496,0.0008527473508400177,Low
2018-10-08,ARIMA,1D,4,-0.0014189098341542,0.0006076860855679452,Low
2018-10-09,ARIMA,1D,4,-0.033416389042602,0.0005458142840500093,Low
2018-10-10,ARIMA,1D,4,-0.0207875799725415,0.002336624748969221,Normal
2018-10-11,ARIMA,1D,4,0.0141062354083762,0.002495765417866038,Normal
2018-10-12,ARIMA,1D,4,-0.0059224822913,0.000587793738682283,Normal
2018-10-15,ARIMA,1D,4,0.0212678280349012,0.0007923840226868595,Normal
2018-10-16,ARIMA,1D,4,-0.0002526942626648,-0.0006548605305408141,High
2018-10-17,ARIMA,1D,4,-0.0144964905753411,-0.00013950104065340603,High
2018-10-18,ARIMA,1D,4,-0.0003612351352793,0.0009238324384618544,High
2018-10-19,ARIMA,1D,4,-0.0043087970964778,0.0006406014111583226,High
2018-10-22,ARIMA,1D,4,-0.0055270761806941,0.000726428833809795,High
2018-10-23,ARIMA,1D,4,-0.0313507738611408,0.0008378426904697314,High
2018-10-24,ARIMA,1D,4,0.0184537179787141,0.0023622213981934538,High
2018-10-25,ARIMA,1D,4,-0.0174791380100031,0.00027488856105141153,High
2018-10-26,ARIMA,1D,4,-0.0065812082951939,0.0012967371092304342,High
2018-10-29,ARIMA,1D,4,0.0155453229718774,0.0011774218105318093,High
2018-10-30,ARIMA,1D,4,0.010792878754571,-0.00014040557768565725,High
2018-10-31,ARIMA,1D,4,0.0105024988685292,-0.000515959744402108,High
2018-11-01,ARIMA,1D,4,-0.0063367210558797,-0.0006835411605296466,High
2018-11-02,ARIMA,1D,4,0.0055846936971941,0.00019271223280123385,High
2018-11-05,ARIMA,1D,4,0.0062397877444086,-5.623020406311102e-05,High
2018-11-06,ARIMA,1D,4,0.020987078560774,-0.0002155543868816185,High
2018-11-07,ARIMA,1D,4,-0.0025120689884914,-0.001133004661988781,High
2018-11-08,ARIMA,1D,4,-0.0092415859153724,-0.0002453096008486372,High
2018-11-09,ARIMA,1D,4,-0.0198981509854674,0.0005728779710064418,High
2018-11-12,ARIMA,1D,4,-0.0014830188221738,0.0015804994026295317,High
2018-11-13,ARIMA,1D,4,-0.0075961888184505,0.0010263666709384666,High
2018-11-14,ARIMA,1D,4,0.0105380327426419,0.0011026455268611556,High
2018-11-15,ARIMA,1D,4,0.0022208375374839,0.00010792751553904143,High
2018-11-16,ARIMA,1D,4,-0.0167831612357214,9.366011179110423e-05,High
2018-11-19,ARIMA,1D,4,-0.0183179955565859,0.0011682816005097207,High
2018-11-20,ARIMA,1D,4,0.0030386693107672,0.0017824501297792447,High
2018-11-21,ARIMA,1D,4,-0.0065764197118556,0.0008680166061680193,High
2018-11-23,ARIMA,1D,4,0.0154129758453664,0.0009669770245101968,High
2018-11-26,ARIMA,1D,4,0.0032563843646126,-0.00023603965594472297,High
2018-11-27,ARIMA,1D,4,0.0227140513031137,-0.00013390171220570464,High
2018-11-28,ARIMA,1D,4,-0.0021854945453934,-0.0011912669056964912,High
2018-11-29,ARIMA,1D,4,0.0081375477166175,-0.00029245862075873716,High
2018-11-30,ARIMA,1D,4,0.0108820017943624,-0.0004393723002420946,High
2018-12-03,ARIMA,1D,4,-0.0329002288385561,-0.0006675950657191875,High
2018-12-04,ARIMA,1D,4,-0.0015233879141442,0.0017123960656940753,High
2018-12-06,ARIMA,1D,4,-0.0235963354563222,0.0010933241675500829,High
2018-12-07,ARIMA,1D,4,0.0017606032229163,0.002046121255968618,High
2018-12-10,ARIMA,1D,4,-0.0003564096753056,0.0010700178141454643,High
2018-12-11,ARIMA,1D,4,0.0054048710103512,0.0007119914274473381,High
2018-12-12,ARIMA,1D,4,-0.000199950312415,0.00020857138985014506,High
2018-12-13,ARIMA,1D,4,-0.0192712122686998,0.00028077844859174326,High
2018-12-14,ARIMA,1D,4,-0.0209922848285766,0.0014016207277059074,High
2018-12-17,ARIMA,1D,4,8.639685378910398e-05,0.002049047919745825,High
2018-12-18,ARIMA,1D,4,-0.0155154591759368,0.0011667402963993323,High
2018-12-19,ARIMA,1D,4,-0.0158978094841039,0.0016221877000683203,High
2018-12-20,ARIMA,1D,4,-0.0208031204985406,0.0018672238410953877,High
2018-12-21,ARIMA,1D,4,-0.0274865728783144,0.0022665348556471757,High
2018-12-24,ARIMA,1D,4,0.048403177670805,0.002842679471834321,High
2018-12-26,ARIMA,1D,4,0.0085262289688169,-0.0011941544002799175,High
2018-12-27,ARIMA,1D,4,-0.0012423539102312,-0.0009035337242425403,High
2018-12-28,ARIMA,1D,4,0.0084566258622068,-0.0002050817961503366,High
2018-12-31,ARIMA,1D,4,0.0012676930626261,-0.00041469782595697936,High
2019-01-02,ARIMA,1D,4,-0.0250683318189151,-0.00010829884987782995,High
2019-01-03,ARIMA,1D,4,0.0337593990603464,0.0015408268712870745,High
2019-01-04,ARIMA,1D,4,0.0069859759952297,-0.0009989102479441877,High
2019-01-07,ARIMA,1D,4,0.0096485873364973,-0.0007201551548187066,High
2019-01-08,ARIMA,1D,4,0.0040896713328221,-0.0007350436380873016,High
2019-01-09,ARIMA,1D,4,0.0045082413744622,-0.0004259557913093631,High
2019-01-10,ARIMA,1D,4,-0.0001463085444824,-0.00029825421527204994,High
2019-01-11,ARIMA,1D,4,-0.0052713945872494,2.9263603461377407e-05,High
2019-01-14,ARIMA,1D,4,0.010664618879761,0.00048151825759672586,High
2019-01-15,ARIMA,1D,4,0.0022195205290883,-0.0002037732330707454,High
2019-01-16,ARIMA,1D,4,0.0075627307062357,-5.9070417962997696e-05,High
2019-01-17,ARIMA,1D,4,0.0130969128398557,-0.0002922422722097472,High
2019-01-18,ARIMA,1D,4,-0.0142584768279724,-0.0007215293476569343,High
2019-01-22,ARIMA,1D,4,0.0022004899194508,0.0006249573066374509,High
2019-01-23,ARIMA,1D,4,0.0013747801109775,0.00034828242687779017,High
2019-01-24,ARIMA,1D,4,0.008452867700518,0.0002596431333023339,High
2019-01-25,ARIMA,1D,4,-0.0078777758487088,-0.00018666118699561677,High
2019-01-28,ARIMA,1D,4,-0.0014573079351148,0.0005240077821797341,High
2019-01-29,ARIMA,1D,4,0.01542960989156,0.0005069779885098853,High
2019-01-30,ARIMA,1D,4,0.0085606488097677,-0.00046249234680007965,High
2019-01-31,ARIMA,1D,4,0.0008982065848071,-0.0005468090386375919,High
2019-02-01,ARIMA,1D,4,0.0067533811174796,-0.00015203452608105508,Normal
2019-02-04,ARIMA,1D,4,0.0046973704373502,-0.0002917519257359916,Normal
2019-02-05,ARIMA,1D,4,-0.0022269157175087,-0.00024322758205578654,Normal
2019-02-06,ARIMA,1D,4,-0.0094011932022302,0.000174657496301381,Normal
2019-02-07,ARIMA,1D,4,0.0006759725660127,0.0007878430955899633,Normal
2019-02-08,ARIMA,1D,4,0.0007088518038183,0.0005149023157376155,Normal
2019-02-11,ARIMA,1D,4,0.0128078529028386,0.00037922685371795714,Normal
2019-02-12,ARIMA,1D,4,0.0030194315937109,-0.00037590221736976846,Normal
2019-02-13,ARIMA,1D,4,-0.0026551633836986,-0.00018898052122321264,Normal
2019-02-14,ARIMA,1D,4,0.0108200046649575,0.00022562489633766447,Normal
2019-02-15,ARIMA,1D,4,0.001497621326592,-0.0003380639965329265,Normal
2019-02-19,ARIMA,1D,4,0.0017755335607409,-8.381694827229338e-05,Normal
2019-02-20,ARIMA,1D,4,-0.0035326693258413,2.500551053992255e-05,Low
2019-02-21,ARIMA,1D,4,0.0063906386947104,0.00038047096328705705,Low
2019-02-22,ARIMA,1D,4,0.0012311044497517,-1.0055479299110083e-05,Normal
2019-02-25,ARIMA,1D,4,-0.0007907696728402,9.215197243199182e-05,Low
2019-02-26,ARIMA,1D,4,-0.000544197436298,0.00025733258140669507,Low
2019-02-27,ARIMA,1D,4,-0.0028295075989504,0.0003242755982417673,Low
2019-02-28,ARIMA,1D,4,0.006871656588713,0.0004871619816641144,Low
2019-03-01,ARIMA,1D,4,-0.0038881073952551,1.487059052797e-05,Low
2019-03-04,ARIMA,1D,4,-0.0011321734897068,0.0003957323255702656,Low
2019-03-05,ARIMA,1D,4,-0.006545473604125,0.00042558825247473466,Low
2019-03-06,ARIMA,1D,4,-0.0081589111383311,0.0007483234600413236,Low
2019-03-07,ARIMA,1D,4,-0.0021339641314536,0.0009983674568489333,Low
2019-03-08,ARIMA,1D,4,0.0145595355634894,0.0007780359878189441,Low
2019-03-11,ARIMA,1D,4,0.0029489657278051,-0.00028009078213327024,Low
2019-03-12,ARIMA,1D,4,0.0069255467570192,-0.00013800017257470658,Low
2019-03-13,ARIMA,1D,4,-0.0008683993315961,-0.00029467068189153794,Low
2019-03-14,ARIMA,1D,4,0.0049725194084307,7.211828375332577e-05,Low
2019-03-15,ARIMA,1D,4,0.003699096798908,-8.050713826828534e-05,Low
2019-03-18,ARIMA,1D,4,-0.0001305700799267,-8.285184512929196e-05,Low
2019-03-19,ARIMA,1D,4,-0.0029486967407696,0.00013396484681503891,Low
2019-03-20,ARIMA,1D,4,0.0107940154946893,0.00040064934999552333,Low
2019-03-21,ARIMA,1D,4,-0.0191568271342732,-0.000250782339395099,Low
2019-03-22,ARIMA,1D,4,-0.00083937283331,0.0011345227007746946,Normal
2019-03-25,ARIMA,1D,4,0.007157052947934,0.0007711016770682884,Normal
2019-03-26,ARIMA,1D,4,-0.0046551432765988,0.00013782335641590723,Normal
2019-03-27,ARIMA,1D,4,0.0035830547152617,0.0004996636068749448,Normal
2019-03-28,ARIMA,1D,4,0.0067117060433246,0.00020817061362884233,Normal
2019-03-29,ARIMA,1D,4,0.0115021955180444,-0.00011279611981453207,Normal
2019-04-01,ARIMA,1D,4,1.7455554858152623e-05,-0.000542795605884262,Normal
2019-04-02,ARIMA,1D,4,0.0021460724200891,-9.993892096016755e-05,Normal
2019-04-03,ARIMA,1D,4,0.0020824652429942,-3.987268456940056e-06,Normal
2019-04-04,ARIMA,1D,4,0.0046257176230991,4.6671455656935876e-05,Normal
2019-04-05,ARIMA,1D,4,0.0010469117505236,-7.324368936020387e-05,Normal
2019-04-08,ARIMA,1D,4,-0.0060859764356695,7.165848790010519e-05,Low
2019-04-09,ARIMA,1D,4,0.0034718377544999,0.000548663624461947,Normal
2019-04-10,ARIMA,1D,4,3.8122340342693696e-05,0.0002385218919821882,Normal
2019-04-11,ARIMA,1D,4,0.0065875783895457,0.00028191117905860527,Normal
2019-04-12,ARIMA,1D,4,-0.0006295672443571,-6.9581434314318e-05,Normal
2019-04-15,ARIMA,1D,4,0.0005092283251399,0.00016887092695598452,Normal
2019-04-16,ARIMA,1D,4,-0.0022764008207388,0.0002209530133607251,Normal
2019-04-17,ARIMA,1D,4,0.0015778468242496,0.00040502984228196347,Normal
2019-04-18,ARIMA,1D,4,0.0010115058169329,0.00027590492047944635,Low
2019-04-22,ARIMA,1D,4,0.0088023511749953,0.0002448372267475815,Low
2019-04-23,ARIMA,1D,4,-0.0021941686030362,-0.00021381041827265093,Low
2019-04-24,ARIMA,1D,4,-0.0003690417402728,0.00018721490545745847,Low
2019-04-25,ARIMA,1D,4,0.0046743503233048,0.0002799326971530988,Low
2019-04-26,ARIMA,1D,4,0.0010709485042338,3.834035209772553e-05,Low
2019-04-29,ARIMA,1D,4,0.0009509646987914,0.00012499243038571007,Low
2019-04-30,ARIMA,1D,4,-0.0075304458502913,0.00017430089679446774,Low
2019-05-01,ARIMA,1D,4,-0.0021262446486827,0.0006811943760686007,Low
2019-05-02,ARIMA,1D,4,0.0095921274789174,0.0006221084356946194,Low
2019-05-03,ARIMA,1D,4,-0.0044810131890725,-7.381048610492205e-05,Low
2019-05-06,ARIMA,1D,4,-0.0166494880889055,0.0003860034131223204,Low
2019-05-07,ARIMA,1D,4,-0.0016067153894199,0.0013039894301132573,Low
2019-05-08,ARIMA,1D,4,-0.0030259986619282,0.0008978530172174159,Low
2019-05-09,ARIMA,1D,4,0.0037133940699186,0.0007795309523712891,Low
2019-05-10,ARIMA,1D,4,-0.0244264691384975,0.00033795208155866724,Low
2019-05-13,ARIMA,1D,4,0.007983987523216,0.0017230613568666301,Normal
2019-05-14,ARIMA,1D,4,0.005821994327723,0.0005574387402371987,Normal
2019-05-15,ARIMA,1D,4,0.008855957116499,0.00010906416857720414,Normal
2019-05-16,ARIMA,1D,4,-0.0058544371740438,-0.0002834216229378899,Normal
2019-05-17,ARIMA,1D,4,-0.0067722579754053,0.00036141411603113306,Normal
2019-05-20,ARIMA,1D,4,0.0084599490931906,0.0007297707557087476,Normal
2019-05-21,ARIMA,1D,4,-0.0028283923638994,4.3407086499888496e-05,Normal
2019-05-22,ARIMA,1D,4,-0.0119856922412819,0.00034940795032735146,Normal
2019-05-23,ARIMA,1D,4,0.0013526437720373,0.001020608453216635,Normal
2019-05-24,ARIMA,1D,4,-0.0084109500002602,0.0005904983411413745,Normal
2019-05-28,ARIMA,1D,4,-0.0069359101672313,0.0009353414659612983,Normal
2019-05-29,ARIMA,1D,4,0.002096272674997,0.001020442243621166,Normal
2019-05-30,ARIMA,1D,4,-0.0132832052504529,0.0005480930946762983,Normal
2019-05-31,ARIMA,1D,4,-0.0027690706543079,0.0011918583185962961,Normal
2019-06-03,ARIMA,1D,4,0.0212059270810777,0.0009090384752127548,Normal
2019-06-04,ARIMA,1D,4,0.0081287269788136,-0.0005941497542309017,High
2019-06-05,ARIMA,1D,4,0.0061168406760044,-0.0005867687265404915,Normal
2019-06-06,ARIMA,1D,4,0.01044297924726,-0.0004686434645520647,High
2019-06-07,ARIMA,1D,4,0.0046492200747654,-0.0006569576661044911,High
2019-06-10,ARIMA,1D,4,-0.0003499414579512,-0.00041952240934134085,High
2019-06-11,ARIMA,1D,4,-0.0020396578272374,-1.859606856918582e-05,Normal
2019-06-12,ARIMA,1D,4,0.0040890105028501,0.0002741210980695564,Normal
2019-06-13,ARIMA,1D,4,-0.0016128117861529,6.880603916297173e-05,Normal
2019-06-14,ARIMA,1D,4,0.0009313154323528,0.00029267433886041817,Normal
2019-06-17,ARIMA,1D,4,0.0096704895929706,0.00025762217118602726,Normal
2019-06-18,ARIMA,1D,4,0.0029807167930238,-0.0002569530828423253,Normal
2019-06-19,ARIMA,1D,4,0.0094276053358731,-0.00012846446363721327,Normal
2019-06-20,ARIMA,1D,4,-0.0012600162797279,-0.00043240106711123954,Normal
2019-06-21,ARIMA,1D,4,-0.001733388460587,2.6887472329493458e-05,Normal
2019-06-24,ARIMA,1D,4,-0.0095417756403875,0.00027898718398193273,Normal
2019-06-25,ARIMA,1D,4,-0.0012346956788039,0.0008469900554900918,Normal
2019-06-26,ARIMA,1D,4,0.0038158857925908,0.0006526440190450001,Normal
2019-06-27,ARIMA,1D,4,0.0057409418405996,0.0002699147915829984,Normal
2019-06-28,ARIMA,1D,4,0.0076430186109539,-2.7275976905693708e-05,Normal
2019-07-01,ARIMA,1D,4,0.0029238472769886,-0.00028122523929061333,Low
2019-07-02,ARIMA,1D,4,0.0076430956606841,-0.00013712669817600876,Low
2019-07-03,ARIMA,1D,4,-0.0018075342045486,-0.00033508189505032605,Low
2019-07-05,ARIMA,1D,4,-0.0048471730101237,0.00010575845983228137,Low
2019-07-08,ARIMA,1D,4,0.0012357930584538,0.0004948737933346482,Low
2019-07-09,ARIMA,1D,4,0.0045005469360826,0.0003394172925807348,Low
2019-07-10,ARIMA,1D,4,0.0022826195789485,7.739361658484984e-05,Low
2019-07-11,ARIMA,1D,4,0.0046095343020665,7.517510104876823e-05,Low
2019-07-12,ARIMA,1D,4,0.0001758537283841,-5.834923153704569e-05,Low
2019-07-15,ARIMA,1D,4,-0.0034095845550103,0.00012853663374920243,Low
2019-07-16,ARIMA,1D,4,-0.0065526654660931,0.00042421977784657273,Low
2019-07-17,ARIMA,1D,4,0.003575597708819,0.0007480619168839619,Low
2019-07-18,ARIMA,1D,4,-0.0061958894648446,0.0003303676762223956,Low
2019-07-19,ARIMA,1D,4,0.0028247016862503,0.0006817467050736921,Low
2019-07-22,ARIMA,1D,4,0.0068241451392764,0.00034059525320794654,Low
2019-07-23,ARIMA,1D,4,0.0046771928134757,-5.427689651638654e-05,Low
2019-07-24,ARIMA,1D,4,-0.0052762964835995,-0.0001256614583542324,Low
2019-07-25,ARIMA,1D,4,0.007360535770783,0.000405848123321389,Low
2019-07-26,ARIMA,1D,4,-0.0016174219290574,-5.281665597307557e-05,Low
2019-07-29,ARIMA,1D,4,-0.0025819853720443,0.00023331346449573156,Low
2019-07-30,ARIMA,1D,4,-0.0109452069521399,0.00042848171991088013,Low
2019-07-31,ARIMA,1D,4,-0.009039527568806,0.0010001534993000281,Low
2019-08-01,ARIMA,1D,4,-0.0073093885395651,0.0011719428777131331,Low
2019-08-02,ARIMA,1D,4,-0.0302301821696947,0.0011576882647290018,Low
2019-08-05,ARIMA,1D,4,0.0129330239111666,0.0024552410683714968,Normal
2019-08-06,ARIMA,1D,4,0.0007665823338588,0.000634700962603423,Normal
2019-08-07,ARIMA,1D,4,0.018588462466865,0.00043467016653007056,Normal
2019-08-08,ARIMA,1D,4,-0.0066385931336571,-0.0006777265408152342,High
2019-08-09,ARIMA,1D,4,-0.0123938091159153,0.00021274384241140153,High
2019-08-12,ARIMA,1D,4,0.0150183462673018,0.000976839460503838,High
2019-08-13,ARIMA,1D,4,-0.0297303524545356,-0.00020874437089984715,High
2019-08-14,ARIMA,1D,4,0.0024612366981802,0.0017569250213537277,High
2019-08-15,ARIMA,1D,4,0.014323058172245,0.0008883680723048766,High
2019-08-16,ARIMA,1D,4,0.0120331755643975,-0.00021254338143475568,High
2019-08-19,ARIMA,1D,4,-0.0079462153121154,-0.000621915662915896,High
2019-08-20,ARIMA,1D,4,0.0082129795573529,0.0003145276243574392,High
2019-08-21,ARIMA,1D,4,-0.0005062029592785,-0.00014610181290593792,High
2019-08-22,ARIMA,1D,4,-0.0262888811228378,0.00012433693707811054,High
2019-08-23,ARIMA,1D,4,0.0109231127307978,0.0017243400046201844,High
2019-08-26,ARIMA,1D,4,-0.0032083218005562,0.00039078476313197637,High
2019-08-27,ARIMA,1D,4,0.0065241515305625,0.0005413271358372658,High
2019-08-28,ARIMA,1D,4,0.0126074824410943,6.12023581002671e-05,High
2019-08-29,ARIMA,1D,4,0.0006425807598767,-0.0005204036852300433,High
2019-08-30,ARIMA,1D,4,-0.0069230093326854,-0.00012454080605374667,High
2019-09-03,ARIMA,1D,4,0.0107837252784214,0.0005001204437178547,High
2019-09-04,ARIMA,1D,4,0.0129259129217597,-0.00020143281864318458,High
2019-09-05,ARIMA,1D,4,0.0009101908043767,-0.0006672792147205549,High
2019-09-06,ARIMA,1D,4,-9.401467889992668e-05,-0.00021177487040070623,High
2019-09-09,ARIMA,1D,4,0.000322252425931,6.868217762413754e-05,High
2019-09-10,ARIMA,1D,4,0.0072036723263872,0.00018247910977545997,High
2019-09-11,ARIMA,1D,4,0.0028750162782333,-0.0001533912457046668,High
2019-09-12,ARIMA,1D,4,-0.000724676876966,-7.16792387594025e-05,Normal
2019-09-13,ARIMA,1D,4,-0.0031405129163559,0.00017325569828498895,Normal
2019-09-16,ARIMA,1D,4,0.0025784253724619,0.0004308282084644927,Normal
2019-09-17,ARIMA,1D,4,0.0003426332842671,0.0002316039910783144,Normal
2019-09-18,ARIMA,1D,4,1.9974521929475905e-05,0.0002611885148756923,Normal
2019-09-19,ARIMA,1D,4,-0.0049075991048803,0.00029405595500112385,Normal
2019-09-20,ARIMA,1D,4,-9.694061782751376e-05,0.0005906222953083332,Normal
2019-09-23,ARIMA,1D,4,-0.0084519889635514,0.000462208976173678,Low
2019-09-24,ARIMA,1D,4,0.0061396852419639,0.0008747857333576484,Low
2019-09-25,ARIMA,1D,4,-0.0024318710096131,0.0002465561899757211,Low
2019-09-26,ARIMA,1D,4,-0.0053305345791285,0.00042642993503881946,Low
2019-09-27,ARIMA,1D,4,0.0050349102152483,0.0006795876182978792,Low
2019-09-30,ARIMA,1D,4,-0.0123341269454128,0.0002137424073242896,Low
2019-10-01,ARIMA,1D,4,-0.0180654041876438,0.0009739321674868307,Low
2019-10-02,ARIMA,1D,4,0.0079403047738667,0.0016727976587552489,Normal
2019-10-03,ARIMA,1D,4,0.0141167852392592,0.0005352841093473931,Low
2019-10-04,ARIMA,1D,5,-0.0044883522736815,-0.0003743739457211627,Normal
2019-10-07,ARIMA,1D,5,-0.0156831595521099,0.00023252439438773044,Normal
2019-10-08,ARIMA,1D,5,0.0090632965148459,0.0011489379940749812,Normal
2019-10-09,ARIMA,1D,5,0.0063952024117826,0.00021586007443728106,Normal
2019-10-10,ARIMA,1D,5,0.010879579673789,-8.72592541236341e-05,Normal
2019-10-11,ARIMA,1D,5,-0.0013880816732189,-0.00048339312651205115,Normal
2019-10-14,ARIMA,1D,5,0.0099064453764891,7.311896331586778e-06,Normal
2019-10-15,ARIMA,1D,5,-0.0020015445531937,-0.0003834966033069153,Normal
2019-10-16,ARIMA,1D,5,0.0027590219697752,8.977835714538981e-05,Normal
2019-10-17,ARIMA,1D,5,-0.0039270457097998,5.399380986687545e-05,Normal
2019-10-18,ARIMA,1D,5,0.0068481141053337,0.00040859678841587106,Normal
2019-10-21,ARIMA,1D,5,-0.0035750492583768,-1.918382941562064e-05,Normal
2019-10-22,ARIMA,1D,5,0.0028431033458307,0.00035360448382464857,Normal
2019-10-23,ARIMA,1D,5,0.0019186046591713,0.00017698740697214091,Normal
2019-10-24,ARIMA,1D,5,0.004064429510656,0.00014294513833111746,Normal
2019-10-25,ARIMA,1D,5,0.0055658199161177,7.107550469844144e-06,Normal
2019-10-28,ARIMA,1D,5,-0.0008327519564807,-0.000142143447707231,Normal
2019-10-29,ARIMA,1D,5,0.0032480894008573,0.00014155858707940973,Normal
2019-10-30,ARIMA,1D,5,-0.003027438634539,5.1846382913286126e-05,Normal
2019-10-31,ARIMA,1D,5,0.0096159305596475,0.00035751597745387796,Normal
2019-11-01,ARIMA,1D,5,0.0036972458053124,-0.00019786567091758985,Low
2019-11-04,ARIMA,1D,5,-0.0011864027118206,-0.00013739259039644702,Low
2019-11-05,ARIMA,1D,5,0.0007022505922896,0.00016352983190946567,Low
2019-11-06,ARIMA,1D,5,0.0027263752442806,0.0002040937762405695,Low
2019-11-07,ARIMA,1D,5,0.0025574031451158,0.00011112932711920739,Low
2019-11-08,ARIMA,1D,5,-0.0019643954133371,7.554123717245571e-05,Low
2019-11-11,ARIMA,1D,5,0.001563423301263,0.0003098494463901824,Low
2019-11-12,ARIMA,1D,5,0.0007112815701162,0.0002269970764210444,Low
2019-11-13,ARIMA,1D,5,0.0008366926144567,0.00023430448151548066,Low
2019-11-14,ARIMA,1D,5,0.0076660287779731,0.0002308645537162104,Low
2019-11-15,ARIMA,1D,5,0.0005030263228096,-0.00015068939555905753,Low
2019-11-18,ARIMA,1D,5,-0.0005927700996925,6.311890378303198e-05,Low
2019-11-19,ARIMA,1D,5,-0.003763256420941,0.00022753987242491006,Low
2019-11-20,ARIMA,1D,5,-0.0015840060861895,0.0004834682250447701,Low
2019-11-21,ARIMA,1D,5,0.0021725739423759,0.00048609386526040477,Low
2019-11-22,ARIMA,1D,5,0.0074792518874672,0.0002784005886688505,Low
2019-11-25,ARIMA,1D,5,0.0021931636449402,-0.00011729609277867252,Low
2019-11-26,ARIMA,1D,5,0.0041657356252997,-1.4737150740374357e-05,Low
2019-11-27,ARIMA,1D,5,-0.004019286229989,-7.483331231101365e-05,Low
2019-11-29,ARIMA,1D,5,-0.0086684836939636,0.00035138575884937213,Low
2019-12-02,ARIMA,1D,5,-0.0066602252580451,0.0008162583518471385,Low
2019-12-03,ARIMA,1D,5,0.0063036576087699,0.0009295078817727386,Low
2019-12-04,ARIMA,1D,5,0.0014991269266302,0.00026318140901333186,Low
2019-12-05,ARIMA,1D,5,0.009094246030426,0.0002079900401568611,Low
2019-12-06,ARIMA,1D,5,-0.0031678336844743,-0.000241204976163414,Low
2019-12-09,ARIMA,1D,5,-0.0010975361689841,0.00022351221824646927,Low
2019-12-10,ARIMA,1D,5,0.0029039375293507,0.00033323555599000027,Low
2019-12-11,ARIMA,1D,5,0.008538667375555,0.00016374650918202167,Low
2019-12-12,ARIMA,1D,5,7.25791502146863e-05,-0.0002317106308931185,Low
2019-12-13,ARIMA,1D,5,0.0071223609425427,4.785520996592355e-05,Low
2019-12-16,ARIMA,1D,5,0.0003352360284609,-0.00020900914239714352,Low
2019-12-17,ARIMA,1D,5,-0.0004323936405227,4.423033588801182e-05,Low
2019-12-18,ARIMA,1D,5,0.0044493788218642,0.00020947820223929928,Low
2019-12-19,ARIMA,1D,5,0.004932595804334,1.78909980061873e-05,Low
2019-12-20,ARIMA,1D,5,0.0008657687142985,-0.0001017013383706054,Low
2019-12-23,ARIMA,1D,5,-0.0001954673024681,6.664725745059586e-05,Low
2019-12-24,ARIMA,1D,5,0.0051150624100539,0.0002071469100200587,Low
2019-12-26,ARIMA,1D,5,3.3984139657930306e-05,-2.0266538989743962e-05,Low
2019-12-27,ARIMA,1D,5,-0.0057975960793499,0.00015232410576653414,Low
2019-12-30,ARIMA,1D,5,0.0029416906441907,0.0005602321883104978,Low
2019-12-31,ARIMA,1D,5,0.0083438953623167,0.0002714946409053709,Low
2020-01-02,ARIMA,1D,5,-0.0070849093649545,-0.00016873475816124318,Low
2020-01-03,ARIMA,1D,5,0.0035271451942725,0.00047647362216930034,Low
2020-01-06,ARIMA,1D,5,-0.0028071750845948,0.00019839565284346042,Low
2020-01-07,ARIMA,1D,5,0.0048904734856411,0.00041618168601114406,Low
2020-01-08,ARIMA,1D,5,0.0066332141169064,9.338255592309573e-05,Low
2020-01-09,ARIMA,1D,5,-0.0028592624875049,-0.0001597682255901058,Low
2020-01-10,ARIMA,1D,5,0.0069519940459332,0.00024575647271488397,Low
2020-01-13,ARIMA,1D,5,-0.0015156808368957,-0.00010376393586906556,Low
2020-01-14,ARIMA,1D,5,0.0018684502436879,0.00019811986355479323,Low
2020-01-15,ARIMA,1D,5,0.008331747422232,0.00015596144909737938,Low
2020-01-16,ARIMA,1D,5,0.0038547232474851,-0.0002239678275694949,Low
2020-01-17,ARIMA,1D,5,-0.0026555003695853,-0.00015878379881593827,Low
2020-01-21,ARIMA,1D,5,0.000289034296681,0.0002348983655773281,Low
2020-01-22,ARIMA,1D,5,0.0011403261933582,0.0002616160394503167,Low
2020-01-23,ARIMA,1D,5,-0.0090832894261937,0.00022719121020143407,Low
2020-01-24,ARIMA,1D,5,-0.015855752356844,0.0007792321598607179,Low
2020-01-27,ARIMA,1D,5,0.0100033835003525,0.0014231014308602507,Low
2020-01-28,ARIMA,1D,5,-0.0008672501435846,0.0002962398526879995,Normal
2020-01-29,ARIMA,1D,5,0.003129456930211,0.00035561999411907796,Low
2020-01-30,ARIMA,1D,5,-0.0178644435713629,0.00016203402095039526,Low
2020-01-31,ARIMA,1D,5,0.0072284257612325,0.001236162610128981,Normal
2020-02-03,ARIMA,1D,5,0.014869315917506,0.00036013649703912177,Normal
2020-02-04,ARIMA,1D,5,0.0111877786589729,-0.0004888228603805965,Normal
2020-02-05,ARIMA,1D,5,0.0033201550570019,-0.0006948616569445055,Normal
2020-02-06,ARIMA,1D,5,-0.0054154910094583,-0.0003569227579663556,Normal
2020-02-07,ARIMA,1D,5,0.0072996901205732,0.0002925424786647054,Normal
2020-02-10,ARIMA,1D,5,0.0016870486860021,-0.00010046423079551999,Normal
2020-02-11,ARIMA,1D,5,0.006441853105203,2.1561321010691952e-05,Normal
2020-02-12,ARIMA,1D,5,-0.0016317763599886,-0.000183879285435411,Normal
2020-02-13,ARIMA,1D,5,0.0018418360984854,0.00016580839129392216,Normal
2020-02-14,ARIMA,1D,5,-0.0029242139861477,0.00014180572528304944,Normal
2020-02-18,ARIMA,1D,5,0.0046947482842849,0.00039530711032817516,Normal
2020-02-19,ARIMA,1D,5,-0.0038228174279975,9.416836169377887e-05,Normal
2020-02-20,ARIMA,1D,5,-0.0105738092328197,0.0004222402416848672,Normal
2020-02-21,ARIMA,1D,5,-0.0340880794204407,0.0009565320655936125,Normal
2020-02-24,ARIMA,1D,5,-0.0307479043753532,0.0025230935360695643,High
2020-02-25,ARIMA,1D,5,-0.00378569732353,0.0030953829299561215,High
2020-02-26,ARIMA,1D,5,-0.0451681363522611,0.0018725228813762716,High
2020-02-27,ARIMA,1D,5,-0.008272463109653,0.003582700025371007,High
2020-02-28,ARIMA,1D,5,0.0450108687694132,0.002357926584936937,High
2020-03-02,ARIMA,1D,5,-0.0285104849229145,-0.0011987093306341286,High
2020-03-03,ARIMA,1D,5,0.0413363493606331,0.0011698695125245892,High
2020-03-04,ARIMA,1D,5,-0.0345107824399811,-0.0015692346387608715,High
2020-03-05,ARIMA,1D,5,-0.0172009436523861,0.0013243380559890099,High
2020-03-06,ARIMA,1D,5,-0.0790104129403714,0.0017617167657929126,High
2020-03-09,ARIMA,1D,5,0.0482150524258591,0.0054115924199348246,High
2020-03-10,ARIMA,1D,5,-0.0501028928086054,0.00010078414452143093,High
2020-03-11,ARIMA,1D,5,-0.0999448524024735,0.0029998216035269625,High
2020-03-12,ARIMA,1D,5,0.0888084069492359,0.007175237113195699,High
2020-03-13,ARIMA,1D,5,-0.1276521974728174,-0.0013038028530932885,High
2020-03-16,ARIMA,1D,5,0.0582263126356917,0.00663387894902351,High
2020-03-17,ARIMA,1D,5,-0.0532222723320802,0.0001353856247967179,High
2020-03-18,ARIMA,1D,5,0.004696760970401,0.003190084849348235,High
2020-03-19,ARIMA,1D,5,-0.0443276240533668,0.0014465049979700572,High
2020-03-20,ARIMA,1D,5,-0.0297315010095767,0.0033297870725584686,High
2020-03-23,ARIMA,1D,5,0.0896832325179632,0.003429219444357404,High
2020-03-24,ARIMA,1D,5,0.0114689904208222,-0.0031652385190900894,High
2020-03-25,ARIMA,1D,5,0.0605438310742465,-0.002005675195821251,High
2020-03-26,ARIMA,1D,5,-0.0342678455416263,-0.004174381146222367,High
2020-03-27,ARIMA,1D,5,0.0329665905699747,5.014215960513947e-05,High
2020-03-30,ARIMA,1D,5,-0.0161423107884158,-0.0016455160049390384,High
2020-03-31,ARIMA,1D,5,-0.0451463627327869,0.00026565764169486384,High
2020-04-01,ARIMA,1D,5,0.0225726570569603,0.0028038947605153203,High
2020-04-02,ARIMA,1D,5,-0.0152528608259442,0.00026525363724935405,High
2020-04-03,ARIMA,1D,5,0.0679682441448303,0.001140840488698073,High
2020-04-06,ARIMA,1D,5,-0.0016043390483624,-0.003064710660939012,High
2020-04-07,ARIMA,1D,5,0.0334893711912846,-0.0012298095014340264,High
2020-04-08,ARIMA,1D,5,0.0143834703036993,-0.0022939903428786917,High
2020-04-09,ARIMA,1D,5,-0.0101560594446771,-0.0017461819898878439,High
2020-04-13,ARIMA,1D,5,0.0301145595723075,-0.00011604841651294181,High
2020-04-14,ARIMA,1D,5,-0.0222767326723692,-0.001567291587531926,High
2020-04-15,ARIMA,1D,5,0.0057998378395412,0.00064474592703191,High
2020-04-16,ARIMA,1D,5,0.0264409320213205,0.0001534049554405156,High
2020-04-17,ARIMA,1D,5,-0.0180428456153477,-0.001232548182011588,High
2020-04-20,ARIMA,1D,5,-0.0311551152363306,0.0005712203238638653,High
2020-04-21,ARIMA,1D,5,0.0226713005821367,0.002173484169120889,High
2020-04-22,ARIMA,1D,5,-0.0005395676601955,-4.530175396587859e-05,High
2020-04-23,ARIMA,1D,5,0.0138220905668392,0.0001721135134650191,High
2020-04-24,ARIMA,1D,5,0.0146068681817359,-0.0005215578693585805,High
2020-04-27,ARIMA,1D,5,-0.0052561701904836,-0.0009008933769253562,High
2020-04-28,ARIMA,1D,5,0.026236704045073,2.0441870312142235e-05,High
2020-04-29,ARIMA,1D,5,-0.0092551433190548,-0.0012855312615715556,High
2020-04-30,ARIMA,1D,5,-0.0284602110147759,5.6755197177781015e-05,High
2020-05-01,ARIMA,1D,5,0.0042408225788494,0.0017746172536516613,High
2020-05-04,ARIMA,1D,5,0.0089999351977798,0.0007868941174502266,High
2020-05-05,ARIMA,1D,5,-0.0070038803990425,4.418437657821708e-05,High
2020-05-06,ARIMA,1D,5,0.0114389557548908,0.0005750021059319739,High
2020-05-07,ARIMA,1D,5,0.0167307950652262,-0.00019402757505779326,High
2020-05-08,ARIMA,1D,5,0.0001330693667907,-0.0008605407039437392,High
2020-05-11,ARIMA,1D,5,-0.0207133657720476,-0.0002598130173985511,High
2020-05-12,ARIMA,1D,5,-0.01761699662428,0.0011904968449052804,High
2020-05-13,ARIMA,1D,5,0.0114589178040714,0.0017200917408527099,High
2020-05-14,ARIMA,1D,5,0.003918675203723,0.00035899368808286087,High
2020-05-15,ARIMA,1D,5,0.0310152087700734,0.00011976548826284859,High
2020-05-18,ARIMA,1D,5,-0.0105397477115992,-0.0015032761412770435,High
2020-05-19,ARIMA,1D,5,0.0165139906134157,2.2841639923078998e-05,High
2020-05-20,ARIMA,1D,5,-0.0078039683099536,-0.0007435333878235278,High
2020-05-21,ARIMA,1D,5,0.0023509456868123,0.00023831556150306915,High
2020-05-22,ARIMA,1D,5,0.0122142850214605,0.0001485736104827751,High
2020-05-26,ARIMA,1D,5,0.0147184474903143,-0.00044351335368889364,High
2020-05-27,ARIMA,1D,5,-0.0021101393249195,-0.0008693328030430448,High
2020-05-28,ARIMA,1D,5,0.0048007935523079,-0.00013928675024068676,High
2020-05-29,ARIMA,1D,5,0.0037442164783643,-0.0001704311357361926,High
2020-06-01,ARIMA,1D,5,0.0081773072823986,-0.00012672926768312248,High
2020-06-02,ARIMA,1D,5,0.0135566708125639,-0.0003521765921813803,High
2020-06-03,ARIMA,1D,5,-0.0033743890836089,-0.0007605080261419567,High
2020-06-04,ARIMA,1D,5,0.0258740128216358,-1.629899719265878e-05,High
2020-06-05,ARIMA,1D,5,0.011969656405806,-0.001283135802578864,High
2020-06-08,ARIMA,1D,5,-0.0078297434197219,-0.00112273831061031,High
2020-06-09,ARIMA,1D,5,-0.005327255735182,5.624451779212e-05,High
2020-06-10,ARIMA,1D,5,-0.0607526929962889,0.00048757416617413934,High
2020-06-11,ARIMA,1D,5,0.0129762866052117,0.003779403789376584,High
2020-06-12,ARIMA,1D,5,0.0082778608181752,0.0012711304903660018,High
2020-06-15,ARIMA,1D,5,0.0187848528667105,0.00031868217673384445,High
2020-06-16,ARIMA,1D,5,-0.0036067962326294,-0.0007266894602453132,High
2020-06-17,ARIMA,1D,5,0.0005940434038017,1.29943822642057e-05,High
2020-06-18,ARIMA,1D,5,-0.0056655135656737,0.00013726581818443757,High
2020-06-19,ARIMA,1D,5,0.0064740932966583,0.0005455979487218243,High
2020-06-22,ARIMA,1D,5,0.0042981691914837,6.791907675636396e-05,High
2020-06-23,ARIMA,1D,5,-0.0261952655956623,-4.220108015986389e-05,High
2020-06-24,ARIMA,1D,5,0.0108998277282181,0.0016007402725250718,High
2020-06-25,ARIMA,1D,5,-0.0245252042748311,0.00033233713364562526,High
2020-06-26,ARIMA,1D,5,0.0145788881135335,0.0016890877824595769,High
2020-06-29,ARIMA,1D,5,0.0152923494357555,0.00017043849161263019,High
2020-06-30,ARIMA,1D,5,0.0050095639758705,-0.0006041532047632841,High
2020-07-01,ARIMA,1D,5,0.0045309704768169,-0.0004070023522760061,High
2020-07-02,ARIMA,1D,5,0.0157569308321632,-0.00028497484205843975,High
2020-07-06,ARIMA,1D,5,-0.0108774778696435,-0.0008503796332879239,High
2020-07-07,ARIMA,1D,5,0.0077969862634302,0.00035757786955656264,High
2020-07-08,ARIMA,1D,5,-0.0056595914761946,-9.665495254079342e-05,High
2020-07-09,ARIMA,1D,5,0.010411809774443,0.0004320696075107299,High
2020-07-10,ARIMA,1D,5,-0.0094066452160588,-0.00020605933743112615,High
2020-07-13,ARIMA,1D,5,0.0133173005829039,0.0005875606132682227,High
2020-07-14,ARIMA,1D,5,0.009041056936355,-0.0002924352504669689,High
2020-07-15,ARIMA,1D,5,-0.0034119152141152,-0.00048041203657888,High
2020-07-16,ARIMA,1D,5,0.0028445625875835,0.00012133246117616419,High
2020-07-17,ARIMA,1D,5,0.0083717972551403,6.450517857322318e-05,High
2020-07-20,ARIMA,1D,5,0.00167762933456,-0.0002704531536381828,High
2020-07-21,ARIMA,1D,5,0.0057306305944738,-6.017574163191586e-05,High
2020-07-22,ARIMA,1D,5,-0.0123963784122468,-0.00018387094680976382,High
2020-07-23,ARIMA,1D,5,-0.0062096400242761,0.0007646051989808854,High
2020-07-24,ARIMA,1D,5,0.0073679288214823,0.000879447595791203,High
2020-07-27,ARIMA,1D,5,-0.0064944354186463,0.00017975498869207213,Normal
2020-07-28,ARIMA,1D,5,0.0123517833517425,0.0006122689897613532,Normal
2020-07-29,ARIMA,1D,5,-0.0037573017634548,-0.0002267704222469711,Normal
2020-07-30,ARIMA,1D,5,0.0076412362421762,0.0002632871934353037,Normal
2020-07-31,ARIMA,1D,5,0.0071553626643586,-0.00013362032269615196,Normal
2020-08-03,ARIMA,1D,5,0.0036054230261335,-0.00029866452287438146,Normal
2020-08-04,ARIMA,1D,5,0.0064091604355179,-0.0001810634192389243,Normal
2020-08-05,ARIMA,1D,5,0.0064071260206648,-0.0002801148661231121,Normal
2020-08-06,ARIMA,1D,5,0.0006328292699566,-0.00032793466690979057,Normal
2020-08-07,ARIMA,1D,5,0.0027384652733919,-2.987404313879125e-05,Normal
2020-08-10,ARIMA,1D,5,-0.0080010554013772,-2.7648802660756237e-06,Normal
2020-08-11,ARIMA,1D,5,0.0138995022936135,0.0006077513767950974,Normal
2020-08-12,ARIMA,1D,5,-0.0020492726761566,-0.000315050145438471,Normal
2020-08-13,ARIMA,1D,5,-0.000171897396279,0.00012555589001563727,Normal
2020-08-14,ARIMA,1D,5,0.0027061775074234,0.00023434286840350063,Normal
2020-08-17,ARIMA,1D,5,0.0023007404198168,0.00012689098632199153,Normal
2020-08-18,ARIMA,1D,5,-0.004414123345182,9.74457629343614e-05,Normal
2020-08-19,ARIMA,1D,5,0.0031536547683461,0.00045671828030798657,Normal
2020-08-20,ARIMA,1D,5,0.0034351999829724,0.00020961146334991032,Low
2020-08-21,ARIMA,1D,5,0.0099936153649035,7.437029377929178e-05,Low
2020-08-24,ARIMA,1D,5,0.0035898997455401,-0.00035589463562111194,Low
2020-08-25,ARIMA,1D,5,0.0101440013448414,-0.00020789471081850353,Low
2020-08-26,ARIMA,1D,5,0.0016716460318091,-0.0005008536762169374,Low
2020-08-27,ARIMA,1D,5,0.0067100028495702,-0.0001713383141991632,Low
2020-08-28,ARIMA,1D,5,-0.0021973751755085,-0.00029214338275394515,Low
2020-08-31,ARIMA,1D,5,0.0074968314207059,0.0001448792922149541,Low
2020-09-01,ARIMA,1D,5,0.0152490501438697,-0.0001828875874267791,Low
2020-09-02,ARIMA,1D,5,-0.0357575941421853,-0.0007727261589037977,Low
2020-09-03,ARIMA,1D,5,-0.0081662807542751,0.001779139634242994,High
2020-09-04,ARIMA,1D,5,-0.0281488290864667,0.001479241291609029,High
2020-09-08,ARIMA,1D,5,0.0199447606621803,0.002445665636957384,High
2020-09-09,ARIMA,1D,5,-0.0177412459253955,0.00023807904528008224,High
2020-09-10,ARIMA,1D,5,0.0005329301580873,0.0012661093076053185,High
2020-09-11,ARIMA,1D,5,0.0126613350250229,0.0007470725722547268,High
2020-09-14,ARIMA,1D,5,0.0052057859304996,-0.00017875543530471242,High
2020-09-15,ARIMA,1D,5,-0.0046296468921518,-0.00021205896264685692,High
2020-09-16,ARIMA,1D,5,-0.0084479495285524,0.000318931514335292,High
2020-09-17,ARIMA,1D,5,-0.0112455769478285,0.0007882856423818566,High
2020-09-18,ARIMA,1D,5,-0.0116385640272977,0.00117103653773139,High
2020-09-21,ARIMA,1D,5,0.0104630163983761,0.0013781176533363814,High
2020-09-22,ARIMA,1D,5,-0.0240073389143741,0.00024890372399912977,High
2020-09-23,ARIMA,1D,5,0.002983005554629,0.0016199058667579046,High
2020-09-24,ARIMA,1D,5,0.0158504392241884,0.0007819936457283676,High
2020-09-25,ARIMA,1D,5,0.0159821918538544,-0.00033925384452622264,High
2020-09-28,ARIMA,1D,5,-0.0048242827044439,-0.0008891767142299315,High
2020-09-29,ARIMA,1D,5,0.0082198425683796,2.0875825086355743e-06,High
2020-09-30,ARIMA,1D,5,0.005278949564295,-0.00029220562537160495,High
2020-10-01,ARIMA,1D,5,-0.0096238128663708,-0.0002710295757204386,High
2020-10-02,ARIMA,1D,5,0.0178131090029009,0.0005682004096190232,High
2020-10-05,ARIMA,1D,5,-0.0140720643875232,-0.0005518883031184075,High
2020-10-06,ARIMA,1D,5,0.0172471637702415,0.0006797261393849813,High
2020-10-07,ARIMA,1D,5,0.0079782128948692,-0.00046643745884949924,High
2020-10-08,ARIMA,1D,5,0.0087550951807528,-0.0005054933065033892,High
2020-10-09,ARIMA,1D,5,0.0162825301583242,-0.0005676081363701975,High
2020-10-12,ARIMA,1D,5,-0.0063268916291632,-0.0010163885497143522,High
2020-10-13,ARIMA,1D,5,-0.0066451720840594,2.411150867442192e-05,High
2020-10-14,ARIMA,1D,5,-0.001528923514213,0.0005453349028112916,High
2020-10-15,ARIMA,1D,5,0.0001349104566304,0.0005129683540845897,High
2020-10-16,ARIMA,1D,5,-0.0164646635149426,0.000404752950794208,High
2020-10-19,ARIMA,1D,5,0.0047161953200011,0.001275754835120351,High
2020-10-20,ARIMA,1D,5,-0.0021981140115702,0.0005190415312921472,High
2020-10-21,ARIMA,1D,5,0.0052053540034913,0.0005374689220190717,High
2020-10-22,ARIMA,1D,5,0.0034398383203894,0.00013456029086757762,High
2020-10-23,ARIMA,1D,5,-0.018764472985322,3.779352449084767e-05,High
2020-10-26,ARIMA,1D,5,-0.0030302053504455,0.0012261052815203451,High
2020-10-27,ARIMA,1D,5,-0.0359255421085777,0.0009259171405130854,High
2020-10-28,ARIMA,1D,5,0.0118765249399974,0.0026104892376331394,High
2020-10-29,ARIMA,1D,5,-0.0122037134452599,0.0007666449112295427,High
2020-10-30,ARIMA,1D,5,0.0122429508905916,0.0012138615485214705,High
2015-06-10,ARIMA,5D,1,-0.0022636326075193,0.0064422496248175195,Low
2015-06-11,ARIMA,5D,1,0.0058532506899613,-0.002007454333124687,Low
2015-06-12,ARIMA,5D,1,0.0075545101051144,0.0053171343630987284,Low
2015-06-15,ARIMA,5D,1,0.018264167708428,0.006036340603589726,Low
2015-06-16,ARIMA,5D,1,0.0132261036178678,0.014635910087613663,Low
2015-06-17,ARIMA,5D,1,0.0038679535044897,0.00978863508850072,Low
2015-06-18,ARIMA,5D,1,-0.0089640507061154,0.002652772967435454,Low
2015-06-19,ARIMA,5D,1,-0.0040365912130882,-0.007088114625145827,Low
2015-06-22,ARIMA,5D,1,-0.031199928703242,-0.0022279277039031703,Low
2015-06-23,ARIMA,5D,1,-0.029180632775968,-0.02463903400980335,Low
2015-06-24,ARIMA,5D,1,-0.0148880706230257,-0.020994865036768486,Low
2015-06-25,ARIMA,5D,1,-0.0122181366559759,-0.009759139508928785,Low
2015-06-26,ARIMA,5D,1,-0.0156972136099509,-0.008607156457132193,Low
2015-06-29,ARIMA,5D,1,0.0114523164925293,-0.011525070320816688,Normal
2015-06-30,ARIMA,5D,1,-0.0079956107720796,0.010700619122680088,Normal
2015-07-01,ARIMA,5D,1,-0.0126480595618967,-0.007026643308466857,Normal
2015-07-02,ARIMA,5D,1,-7.700298734244507e-05,-0.009200103051562462,Normal
2015-07-06,ARIMA,5D,1,0.0147974982189101,0.0011648435628008014,Normal
2015-07-07,ARIMA,5D,1,0.0131782108615416,0.012268416975962967,Normal
2015-07-08,ARIMA,5D,1,0.0292359194729459,0.009962284331156453,Normal
2015-07-09,ARIMA,5D,1,0.0349590052726014,0.023159827889818976,Normal
2015-07-10,ARIMA,5D,1,0.0238015905120445,0.026605804489919962,Normal
2015-07-13,ARIMA,5D,1,0.0135672586286908,0.017270330238101594,Normal
2015-07-14,ARIMA,5D,1,0.0048531891494675,0.00982828765383303,Normal
2015-07-15,ARIMA,5D,1,0.0031978804300145,0.003446269282055287,Normal
2015-07-16,ARIMA,5D,1,-0.0104770632258404,0.0026796764588354846,Normal
2015-07-17,ARIMA,5D,1,-0.0223436555469523,-0.008314552299404447,Normal
2015-07-20,ARIMA,5D,1,-0.0289063472360181,-0.016928278820538663,Normal
2015-07-21,ARIMA,5D,1,-0.0123254771914058,-0.021464721862318237,Normal
2015-07-22,ARIMA,5D,1,-0.0026427692438319,-0.0076438544120553745,Normal
2015-07-23,ARIMA,5D,1,0.0030778078715698,-0.0010504715717042068,Normal
2015-07-24,ARIMA,5D,1,0.0115647247671792,0.002985953118737936,Normal
2015-07-27,ARIMA,5D,1,0.014595785887339,0.009489732952345835,Normal
2015-07-28,ARIMA,5D,1,3.347291851688715e-05,0.011358383143342341,Normal
2015-07-29,ARIMA,5D,1,-0.004148831823376,-0.0005901405795520395,Normal
2015-07-30,ARIMA,5D,1,-0.0119603946499605,-0.0029016814413808083,Normal
2015-07-31,ARIMA,5D,1,-0.0125653137052465,-0.009013845312298705,Normal
2015-08-03,ARIMA,5D,1,0.0029222158716832,-0.008954884405697507,Normal
2015-08-04,ARIMA,5D,1,-0.0044286096415662,0.0035692063451022264,Normal
2015-08-05,ARIMA,5D,1,-0.0065888441888422,-0.0035011677052854805,Low
2015-08-06,ARIMA,5D,1,-8.167413466134306e-05,-0.004614490207452321,Low
2015-08-07,ARIMA,5D,1,0.0067016809960354,0.0007496765424445146,Low
2015-08-10,ARIMA,5D,1,-0.0008272629265866,0.00575616290250114,Low
2015-08-11,ARIMA,5D,1,0.0061468188179625,-0.0007838834018943476,Low
2015-08-12,ARIMA,5D,1,-0.0030919212298493,0.00544486044005768,Low
2015-08-13,ARIMA,5D,1,-0.0231418558156142,-0.0025880596082299267,Low
2015-08-14,ARIMA,5D,1,-0.0594154306118518,-0.018087760806617295,Low
2015-08-17,ARIMA,5D,1,-0.1048247666677739,-0.046042488638530846,Low
2015-08-18,ARIMA,5D,1,-0.1158100334747966,-0.08027065391497527,Low
2015-08-19,ARIMA,5D,1,-0.0692295976306679,-0.0860870088550312,Low
2015-08-20,ARIMA,5D,1,-0.0238963826868317,-0.047881728519270354,Normal
2015-08-21,ARIMA,5D,1,0.0090814109919228,-0.014634750620683519,High
2015-08-24,ARIMA,5D,1,0.0408657766744578,0.00906153939967869,High
2015-08-25,ARIMA,5D,1,0.0244573765746859,0.03264916732061781,High
2015-08-26,ARIMA,5D,1,0.0042937485633687,0.01725869297072225,High
2015-08-27,ARIMA,5D,1,-0.0185493902269022,0.002327080662470525,High
2015-08-28,ARIMA,5D,1,-0.0346062501380548,-0.014813416269023662,High
2015-08-31,ARIMA,5D,1,-0.0014055342770321,-0.02626566204983411,High
2015-09-01,ARIMA,5D,1,0.0146220797963109,0.0016210631423641576,High
2015-09-02,ARIMA,5D,1,0.001758483818032,0.012085575098366727,High
2015-09-03,ARIMA,5D,1,0.0050713745635994,0.0007401513597233061,High
2015-09-04,ARIMA,5D,1,0.0164216420948319,0.004438102806211665,High
2015-09-08,ARIMA,5D,1,0.0043976925292259,0.013288692923988207,High
2015-09-09,ARIMA,5D,1,0.0270604690136864,0.0027673308586572236,High
2015-09-10,ARIMA,5D,1,0.0192320491261907,0.02204537211160284,High
2015-09-11,ARIMA,5D,1,-0.001541188273179,0.01398270950379097,High
2015-09-14,ARIMA,5D,1,0.0071122449835374,-0.002099473929284916,High
2015-09-15,ARIMA,5D,1,-0.0180323726672733,0.006343913549697416,High
2015-09-16,ARIMA,5D,1,-0.028750857612243,-0.014755511343501644,High
2015-09-17,ARIMA,5D,1,-0.0295551650409894,-0.021533856077659508,High
2015-09-18,ARIMA,5D,1,-0.0137248358878264,-0.0215764350278708,High
2015-09-21,ARIMA,5D,1,-0.0442814390843083,-0.00876591068619861,High
2015-09-22,ARIMA,5D,1,-0.0306544151519483,-0.034635408991809065,High
2015-09-23,ARIMA,5D,1,-0.0097077723187892,-0.021290349437266737,High
2015-09-24,ARIMA,5D,1,-0.0043671817691455,-0.0055417798665610436,High
2015-09-25,ARIMA,5D,1,0.0103125130484805,-0.0026341007876854233,High
2015-09-28,ARIMA,5D,1,0.0544383177297917,0.008980886842835809,High
2015-09-29,ARIMA,5D,1,0.0496115344726668,0.043636561318389,High
2015-09-30,ARIMA,5D,1,0.0387191557266546,0.03662264650070353,High
2015-10-01,ARIMA,5D,1,0.0455269971928758,0.02843997177882808,High
2015-10-02,ARIMA,5D,1,0.0320380527369856,0.034681592329919235,High
2015-10-05,ARIMA,5D,1,0.0151881236958162,0.02320911025310638,High
2015-10-06,ARIMA,5D,1,0.0119339893498324,0.010606779776287977,High
2015-10-07,ARIMA,5D,1,-0.0007969614196595,0.0091047817199234,High
2015-10-08,ARIMA,5D,1,0.005166809787137,-0.0010597834435472461,High
2015-10-09,ARIMA,5D,1,0.0090020226003187,0.004676786863408854,High
2015-10-12,ARIMA,5D,1,0.0079978670668588,0.007264822656398435,High
2015-10-13,ARIMA,5D,1,0.0134245897010922,0.0062202829651114636,High
2015-10-14,ARIMA,5D,1,0.0123095717018971,0.010704199226875462,High
2015-10-15,ARIMA,5D,1,0.014056867363136,0.00939988731817913,High
2015-10-16,ARIMA,5D,1,0.020466759958482,0.010930459442016167,High
2015-10-19,ARIMA,5D,1,0.0182813180135086,0.015978737789019693,High
2015-10-20,ARIMA,5D,1,0.0171460332043147,0.01375782456873912,Normal
2015-10-21,ARIMA,5D,1,0.0347589706035925,0.013038625736901161,Normal
2015-10-22,ARIMA,5D,1,0.0178182482103378,0.027351978016505157,High
2015-10-23,ARIMA,5D,1,0.0020268125528695,0.012362877041953654,High
2015-10-26,ARIMA,5D,1,0.0157456218927844,0.0009323512388869737,Normal
2015-10-27,ARIMA,5D,1,0.0210273606829396,0.013056304654854712,Normal
2015-10-28,ARIMA,5D,1,0.0057052052551488,0.016241547166568712,Normal
2015-10-29,ARIMA,5D,1,0.0050222908793113,0.003560197265789538,Normal
2015-10-30,ARIMA,5D,1,0.009496090787713,0.004145400049201506,Normal
2015-11-02,ARIMA,5D,1,-0.0121790762076041,0.007712195014731404,Normal
2015-11-03,ARIMA,5D,1,-0.0133939739792219,-0.010142958605491059,Normal
2015-11-04,ARIMA,5D,1,-0.0130756143611437,-0.009523973010410913,Normal
2015-11-05,ARIMA,5D,1,-0.0260319879412781,-0.009321951637175262,Normal
2015-11-06,ARIMA,5D,1,-0.0369549465934099,-0.01982175571981535,Normal
2015-11-09,ARIMA,5D,1,-0.0122903531426731,-0.027716440711105295,Normal
2015-11-10,ARIMA,5D,1,-0.0151400853143694,-0.0070545800559138425,Normal
2015-11-11,ARIMA,5D,1,0.0041264518843719,-0.011213640593056679,Normal
2015-11-12,ARIMA,5D,1,0.0170918748920252,0.0047460701534386696,Normal
2015-11-13,ARIMA,5D,1,0.03216547060433,0.013803281303185803,Normal
2015-11-16,ARIMA,5D,1,0.0161365439684118,0.02518524235426084,Normal
2015-11-17,ARIMA,5D,1,0.018698070931619,0.011196765568056538,Normal
2015-11-18,ARIMA,5D,1,0.0025357004394796,0.014523980858751487,Normal
2015-11-19,ARIMA,5D,1,0.0042528823279398,0.001150161887216818,Normal
2015-11-20,ARIMA,5D,1,-0.004201873091828,0.0037391610489121907,Normal
2015-11-23,ARIMA,5D,1,0.0076576896965952,-0.003332985401070205,Normal
2015-11-24,ARIMA,5D,1,-0.0046201528878142,0.006895838968245216,Normal
2015-11-25,ARIMA,5D,1,-0.0189688387169972,-0.003954567263757982,Normal
2015-11-27,ARIMA,5D,1,0.000755576087373,-0.01458920516238696,Normal
2015-11-30,ARIMA,5D,1,-0.0016066677334062,0.002321869687310517,Normal
2015-12-01,ARIMA,5D,1,-0.0187416593057401,-0.0011063203358351189,Normal
2015-12-02,ARIMA,5D,1,-0.0154541530319839,-0.014660941622434582,Normal
2015-12-03,ARIMA,5D,1,0.0012725299907608,-0.010785332911278835,Normal
2015-12-04,ARIMA,5D,1,-0.0386591941289057,0.0023988284055406657,Normal
2015-12-07,ARIMA,5D,1,-0.0269008621044398,-0.031088643894169682,Normal
2015-12-08,ARIMA,5D,1,-0.0098272293729309,-0.018571922719820208,Normal
2015-12-09,ARIMA,5D,1,0.0123524926435332,-0.0058822979985226845,Normal
2015-12-10,ARIMA,5D,1,-0.0050511405709378,0.010922631033299768,Normal
2015-12-11,ARIMA,5D,1,-0.0033947678222293,-0.004664490139638012,High
2015-12-14,ARIMA,5D,1,-0.0003907491591411,-0.0019261239585675483,Normal
2015-12-15,ARIMA,5D,1,-0.0021752336734865,0.0002584546617862638,Normal
2015-12-16,ARIMA,5D,1,-0.004244272796704,-0.001381174342408819,High
2015-12-17,ARIMA,5D,1,0.009310588435309,-0.0029079271598337923,Normal
2015-12-18,ARIMA,5D,1,0.0250871469861096,0.00819489756946576,High
2015-12-21,ARIMA,5D,1,0.0279125044319764,0.019962036464980945,High
2015-12-22,ARIMA,5D,1,0.0118910100566289,0.021192082228736628,High
2015-12-23,ARIMA,5D,1,-0.0099070715123927,0.00812037465877424,High
2015-12-24,ARIMA,5D,1,-0.0237291979063353,-0.008341530304016213,High
2015-12-28,ARIMA,5D,1,-0.0195380573106694,-0.018046759532554697,High
2015-12-29,ARIMA,5D,1,-0.0433138844863185,-0.013785452130198017,High
2015-12-30,ARIMA,5D,1,-0.0600563022218847,-0.033402342254695135,High
2015-12-31,ARIMA,5D,1,-0.0614973546262648,-0.045187038822287626,High
2016-01-04,ARIMA,5D,1,-0.0452224045326363,-0.0452956094423989,High
2016-01-05,ARIMA,5D,1,-0.0394600945542214,-0.032119467357488364,High
2016-01-06,ARIMA,5D,1,-0.0515403066295043,-0.028639838489927662,High
2016-01-07,ARIMA,5D,1,-0.0109964291757757,-0.0387248729529564,High
2016-01-08,ARIMA,5D,1,-0.0219346644280901,-0.005020201118886997,High
2016-01-11,ARIMA,5D,1,-0.0222558925364839,-0.016892951226792234,High
2016-01-12,ARIMA,5D,1,-0.0417911726801569,-0.01608768671451296,High
2016-01-13,ARIMA,5D,1,-0.0113268089662999,-0.03196393160176355,High
2016-01-14,ARIMA,5D,1,-0.0078041430184702,-0.005894020542478805,High
2016-01-15,ARIMA,5D,1,-0.0017299154931293,-0.005382995040142419,High
2016-01-19,ARIMA,5D,1,0.0117836421498097,-0.0005148026993685613,High
2016-01-20,ARIMA,5D,1,0.0126234858751796,0.00998089920783416,High
2016-01-21,ARIMA,5D,1,0.0129548479568229,0.00971873250813609,High
2016-01-22,ARIMA,5D,1,0.0173327720691659,0.010010323469328558,High
2016-01-25,ARIMA,5D,1,0.0326509823964456,0.013525895841070912,High
2016-01-26,ARIMA,5D,1,-0.0003152241521535,0.025602905438851326,High
2016-01-27,ARIMA,5D,1,0.0155873181699488,-0.0021501514891888516,High
2016-01-28,ARIMA,5D,1,0.0115995357448807,0.013204777147217758,High
2016-01-29,ARIMA,5D,1,-0.0315132735260274,0.00860113586184916,High
2016-02-01,ARIMA,5D,1,-0.0453249966035429,-0.025864034727827064,High
2016-02-02,ARIMA,5D,1,-0.0270678685320718,-0.03394572470421181,High
2016-02-03,ARIMA,5D,1,-0.0322364566844068,-0.01845071392485434,High
2016-02-04,ARIMA,5D,1,-0.0461394723061865,-0.024022191828474974,High
2016-02-05,ARIMA,5D,1,-0.0081552988227887,-0.034769870755485356,High
2016-02-08,ARIMA,5D,1,0.0224814968419535,-0.003076546612033805,High
2016-02-09,ARIMA,5D,1,0.0394914481143551,0.01886526331637514,High
2016-02-10,ARIMA,5D,1,0.0350037841211813,0.03065781896101033,High
2016-02-11,ARIMA,5D,1,0.0473551981686357,0.02596936487266284,High
2016-02-12,ARIMA,5D,1,0.0423759140606659,0.03638224825591453,High
2016-02-16,ARIMA,5D,1,0.0134615987481924,0.03141984871550866,High
2016-02-17,ARIMA,5D,1,0.001545448157183,0.008473416399072644,High
2016-02-18,ARIMA,5D,1,0.0175064470115685,0.0008918627333260018,High
2016-02-19,ARIMA,5D,1,0.0156606149638058,0.014484440973018146,High
2016-02-22,ARIMA,5D,1,-0.0068442472268421,0.011771738589161994,High
2016-02-23,ARIMA,5D,1,0.0292767157455651,-0.0061912856185827765,High
2016-02-24,ARIMA,5D,1,0.028932705572035,0.024642013642980624,High
2016-02-25,ARIMA,5D,1,0.0211409731619011,0.021597569142231217,High
2016-02-26,ARIMA,5D,1,0.0263132783574074,0.015567198860533427,High
2016-02-29,ARIMA,5D,1,0.0353520322498431,0.020292584643531356,High
2016-03-01,ARIMA,5D,1,0.0004598907922181,0.02718099088415034,High
2016-03-02,ARIMA,5D,1,0.0014136137139306,-0.0016646594879474708,High
2016-03-03,ARIMA,5D,1,-0.0019232278092637,0.0016947238950428478,High
2016-03-04,ARIMA,5D,1,0.0110388779136459,-0.001306153809064623,High
2016-03-07,ARIMA,5D,1,0.00889248649617,0.009449380744962831,High
2016-03-08,ARIMA,5D,1,0.0183576116178584,0.006748045508261531,High
2016-03-09,ARIMA,5D,1,0.0189026667168239,0.014647656997708574,High
2016-03-10,ARIMA,5D,1,0.0253204569882976,0.014379909377634842,High
2016-03-11,ARIMA,5D,1,0.0134538786504724,0.019595909190469274,Normal
2016-03-14,ARIMA,5D,1,0.0157007391713767,0.009527929328799024,Normal
2016-03-15,ARIMA,5D,1,0.0166615972089223,0.012248861426078544,Normal
2016-03-16,ARIMA,5D,1,0.0046703597964754,0.012782091267256058,Normal
2016-03-17,ARIMA,5D,1,-0.0022813650514975,0.0030333667722575197,Normal
2016-03-18,ARIMA,5D,1,-0.0061322254144514,-0.0017159794907454606,Normal
2016-03-21,ARIMA,5D,1,0.0016606947354934,-0.00440524073250633,Normal
2016-03-22,ARIMA,5D,1,0.0068793476258319,0.002140477104316376,Normal
2016-03-23,ARIMA,5D,1,0.0112440147968782,0.005775122265483755,Normal
2016-03-24,ARIMA,5D,1,0.0179331156428548,0.008980055115808412,Normal
2016-03-28,ARIMA,5D,1,0.0141745287089277,0.014104000822573974,Normal
2016-03-29,ARIMA,5D,1,-0.004799781757104,0.010603628139151387,Normal
2016-03-30,ARIMA,5D,1,0.0013121361813431,-0.004432522728345028,Low
2016-03-31,ARIMA,5D,1,-0.008694095429041,0.001860941478279189,Low
2016-04-01,ARIMA,5D,1,-0.0122223518910245,-0.0067986839452317226,Low
2016-04-04,ARIMA,5D,1,-0.0117524177347737,-0.008876157269475288,Low
2016-04-05,ARIMA,5D,1,0.0080596345584107,-0.008309605576471233,Low
2016-04-06,ARIMA,5D,1,0.0075969063949554,0.007667477979394503,Low
2016-04-07,ARIMA,5D,1,0.0198178927950928,0.005859783259481809,Normal
2016-04-08,ARIMA,5D,1,0.0160504206143304,0.015908710009705,Normal
2016-04-11,ARIMA,5D,1,0.0253136921177322,0.011959315443627381,Low
2016-04-12,ARIMA,5D,1,0.0187776761392088,0.019807594632377523,Low
2016-04-13,ARIMA,5D,1,0.0095488614198854,0.013815879907015445,Low
2016-04-14,ARIMA,5D,1,0.0041683861324609,0.006887320727989592,Low
2016-04-15,ARIMA,5D,1,0.0052010142881477,0.0031561073335618335,Low
2016-04-18,ARIMA,5D,1,-0.0031324009464132,0.004326238958490925,Low
2016-04-19,ARIMA,5D,1,-0.0043411386750426,-0.002520452975828978,Low
2016-04-20,ARIMA,5D,1,-0.0034543996125304,-0.0028840836084730436,Low
2016-04-21,ARIMA,5D,1,-0.0075204728168001,-0.0021340911746825764,Low
2016-04-22,ARIMA,5D,1,-0.0126442806268981,-0.005490820129520103,Low
2016-04-25,ARIMA,5D,1,-0.0030509843088911,-0.009334828866147131,Low
2016-04-26,ARIMA,5D,1,-0.0136364838715239,-0.0012290147213608982,Low
2016-04-27,ARIMA,5D,1,-0.0212390606887432,-0.010519857703338133,Low
2016-04-28,ARIMA,5D,1,-0.0122044613199757,-0.01583681972421576,Low
2016-04-29,ARIMA,5D,1,-0.003958901535866,-0.008050847555939943,Low
2016-05-02,ARIMA,5D,1,-0.0109852949255001,-0.0020787074645521606,Low
2016-05-03,ARIMA,5D,1,0.010135569698933,-0.008298822877662758,Low
2016-05-04,ARIMA,5D,1,0.0064826295265367,0.009345937989542974,Low
2016-05-05,ARIMA,5D,1,0.0065521869513666,0.004807756200728782,Low
2016-05-06,ARIMA,5D,1,-0.0051318577639383,0.005271160917388652,Low
2016-05-09,ARIMA,5D,1,0.0038639053180645,-0.004222781097120694,Low
2016-05-10,ARIMA,5D,1,-0.0179983234701355,0.003906501076190037,Low
2016-05-11,ARIMA,5D,1,-0.0081856429058654,-0.01450929856494146,Low
2016-05-12,ARIMA,5D,1,-0.0117297581606217,-0.004918727149157906,Low
2016-05-13,ARIMA,5D,1,0.0027861352239352,-0.008646306080235004,Low
2016-05-16,ARIMA,5D,1,-0.0090504777337792,0.003431433955488372,Low
2016-05-17,ARIMA,5D,1,0.0139940233523738,-0.0072278897579266185,Low
2016-05-18,ARIMA,5D,1,0.0207393953175558,0.012371342853358426,Low
2016-05-19,ARIMA,5D,1,0.0242425237903479,0.016070033591494004,Low
2016-05-20,ARIMA,5D,1,0.0225187595069829,0.018572237659944917,Low
2016-05-23,ARIMA,5D,1,0.0236006274544946,0.016953236138941386,Low
2016-05-24,ARIMA,5D,1,0.0111463885744306,0.017973710259527986,Normal
2016-05-25,ARIMA,5D,1,0.0070165550898335,0.007806706469519596,Normal
2016-05-26,ARIMA,5D,1,0.0043109589030671,0.005377789645390452,Normal
2016-05-27,ARIMA,5D,1,0.0049185924829913,0.0034068726467832676,Normal
2016-05-31,ARIMA,5D,1,0.0072129767327786,0.004075263432670737,Normal
2016-06-01,ARIMA,5D,1,0.0093826800508072,0.005871452484158228,Low
2016-06-02,ARIMA,5D,1,0.0048427482859273,0.007465596995929323,Low
2016-06-03,ARIMA,5D,1,-0.0014587218875439,0.0036497861892245014,Low
2016-06-06,ARIMA,5D,1,-0.0144923491966169,-0.0011057635235438065,Low
2016-06-07,ARIMA,5D,1,-0.0175814698977863,-0.011223308238505526,Low
2016-06-08,ARIMA,5D,1,-0.0227279809335513,-0.012814727623757254,Low
2016-06-09,ARIMA,5D,1,-0.017880652224612,-0.016835474051559864,Low
2016-06-10,ARIMA,5D,1,-0.0119264039590548,-0.012553282533621597,Low
2016-06-13,ARIMA,5D,1,0.0020132776090776,-0.008120474956101452,Low
2016-06-14,ARIMA,5D,1,0.0065221732852592,0.0027590199271039593,Low
2016-06-15,ARIMA,5D,1,0.0067116533524935,0.005430677746336487,Low
2016-06-16,ARIMA,5D,1,0.016859127313403,0.0053442848924285715,Low
2016-06-17,ARIMA,5D,1,-0.0164583813475706,0.013561321473245729,Low
2016-06-20,ARIMA,5D,1,-0.0405120106376963,-0.014129649251449604,Low
2016-06-21,ARIMA,5D,1,-0.0256062796378182,-0.031104753062702085,Low
2016-06-22,ARIMA,5D,1,-0.0070641076699884,-0.017523162908176376,Low
2016-06-23,ARIMA,5D,1,-0.0068658115924774,-0.003741025251939493,Low
2016-06-24,ARIMA,5D,1,0.0316616875061371,-0.004817037993215504,Normal
2016-06-27,ARIMA,5D,1,0.0430529050322411,0.026448163429980076,Normal
2016-06-28,ARIMA,5D,1,0.0307774704864295,0.032858747407093734,High
2016-06-29,ARIMA,5D,1,0.0130162696284423,0.02235283422986812,High
2016-06-30,ARIMA,5D,1,0.0146805930449686,0.008926573102857287,High
2016-07-01,ARIMA,5D,1,0.016136706063935,0.011477514598507798,High
2016-07-05,ARIMA,5D,1,0.0299925773568792,0.012426655053457558,High
2016-07-06,ARIMA,5D,1,0.0247886489735848,0.023550877051097187,High
2016-07-07,ARIMA,5D,1,0.0309060296620149,0.018342924579600482,High
2016-07-08,ARIMA,5D,2,0.0148384640361515,0.02378385580573879,High
2016-07-11,ARIMA,5D,2,0.0138151065460218,0.010206387169973064,High
2016-07-12,ARIMA,5D,2,0.0053940597382608,0.010657071791410021,High
2016-07-13,ARIMA,5D,2,0.0095205093790432,0.003769409988395375,High
2016-07-14,ARIMA,5D,2,0.0006560167208211,0.007774222930136852,High
2016-07-15,ARIMA,5D,2,0.0061290225702025,0.00019038144779626436,High
2016-07-18,ARIMA,5D,2,0.0007335420084042,0.005355510407607738,High
2016-07-19,ARIMA,5D,2,0.002492478669539,0.000481869533163649,High
2016-07-20,ARIMA,5D,2,-0.0029679905930336,0.002371993506997831,High
2016-07-21,ARIMA,5D,2,0.0022559997115835,-0.0022451172201057423,High
2016-07-22,ARIMA,5D,2,-0.0006576469602687,0.002437361207457493,High
2016-07-25,ARIMA,5D,2,0.0010877776321697,-0.00037331741868702013,Normal
2016-07-26,ARIMA,5D,2,-0.0056168953412171,0.0013109560602626766,Normal
2016-07-27,ARIMA,5D,2,-0.0012885916783373,-0.004298067291686599,Low
2016-07-28,ARIMA,5D,2,-0.0026809628269407,-0.0002499563137577446,Low
2016-07-29,ARIMA,5D,2,0.0042557543447815,-0.0017641362244438224,Low
2016-08-01,ARIMA,5D,2,0.0046187712007311,0.004017438403551763,Low
2016-08-02,ARIMA,5D,2,0.0113904299999548,0.0037663917011151117,Low
2016-08-03,ARIMA,5D,2,0.0053925902203953,0.009294482405694915,Low
2016-08-04,ARIMA,5D,2,0.0099034560233499,0.0038969254971390433,Low
2016-08-05,ARIMA,5D,2,0.0005403953470558,0.008073457935199462,Low
2016-08-08,ARIMA,5D,2,0.0042369889331191,6.813233428819743e-05,Low
2016-08-09,ARIMA,5D,2,-0.0016468712699151,0.0038291089979523092,Low
2016-08-10,ARIMA,5D,2,0.0030887717997286,-0.0013088776800367617,Low
2016-08-11,ARIMA,5D,2,0.0005625583936675,0.003025847118458569,Low
2016-08-12,ARIMA,5D,2,-8.238778818661723e-05,0.0005629443302795935,Low
2016-08-15,ARIMA,5D,2,-0.0034348859660313,0.00027134205970894736,Low
2016-08-16,ARIMA,5D,2,0.0040091234288084,-0.0024262082103212327,Low
2016-08-17,ARIMA,5D,2,-0.0031117778370189,0.0038795024572726012,Low
2016-08-18,ARIMA,5D,2,-0.0066751399300468,-0.002504394500245083,Low
2016-08-19,ARIMA,5D,2,-0.0068138945999919,-0.004797869209934816,Low
2016-08-22,ARIMA,5D,2,-0.0010359842879945,-0.004694015321616854,Low
2016-08-23,ARIMA,5D,2,-0.0049414428734789,-7.221929073336023e-06,Low
2016-08-24,ARIMA,5D,2,-0.0020660787193697,-0.003624507441694565,Low
2016-08-25,ARIMA,5D,2,-0.0007413037121357,-0.0009455649346775748,Low
2016-08-26,ARIMA,5D,2,0.0050310021256121,-0.0001217674722574526,Low
2016-08-29,ARIMA,5D,2,0.0027938160669431,0.004492464520156005,Low
2016-08-30,ARIMA,5D,2,0.0046030115357724,0.002238096850283199,Low
2016-08-31,ARIMA,5D,2,0.0047562144488648,0.0039216577468202275,Low
2016-09-01,ARIMA,5D,2,-0.0200301425725601,0.0038871605638871867,Low
2016-09-02,ARIMA,5D,2,-0.0096519969381603,-0.016257295633162035,Low
2016-09-06,ARIMA,5D,2,-0.0275709875863765,-0.0059185251527538035,Low
2016-09-07,ARIMA,5D,2,-0.028012441047896,-0.021460665597218383,Low
2016-09-08,ARIMA,5D,2,-0.0157284364059858,-0.020351394723450603,Low
2016-09-09,ARIMA,5D,2,0.0053198782092784,-0.010471061433323107,Low
2016-09-12,ARIMA,5D,2,-0.0092691122579805,0.005704871838707848,Normal
2016-09-13,ARIMA,5D,2,0.0059717295044644,-0.007681838861147946,Normal
2016-09-14,ARIMA,5D,2,0.0174175792379131,0.0059712628415598025,Normal
2016-09-15,ARIMA,5D,2,0.0138378147061153,0.01398540909840574,Normal
2016-09-16,ARIMA,5D,2,0.0118639495419685,0.010318564320288347,Normal
2016-09-19,ARIMA,5D,2,0.0032577026578772,0.009060467781988723,Normal
2016-09-20,ARIMA,5D,2,0.0093821043389412,0.002183676409797396,Normal
2016-09-21,ARIMA,5D,2,0.0038066806089478,0.007811507882899393,Normal
2016-09-22,ARIMA,5D,2,-0.0120371990387755,0.002747892482008904,Normal
2016-09-23,ARIMA,5D,2,0.0016524865089707,-0.00965257622369766,Normal
2016-09-26,ARIMA,5D,2,0.0070113134453597,0.0026465000703470585,Normal
2016-09-27,ARIMA,5D,2,-0.0043800635063002,0.005840680335603983,Normal
2016-09-28,ARIMA,5D,2,-0.0053751538787457,-0.003720579480402324,Normal
2016-09-29,ARIMA,5D,2,0.00447141770394,-0.0036262883459714785,Normal
2016-09-30,ARIMA,5D,2,-0.0067237623257017,0.004368640092111327,Normal
2016-10-03,ARIMA,5D,2,0.0011375911731497,-0.005486618109858369,Normal
2016-10-04,ARIMA,5D,2,-0.0064191047382442,0.0018344489563559402,Normal
2016-10-05,ARIMA,5D,2,-0.0095606587630423,-0.004999596299167396,Normal
2016-10-06,ARIMA,5D,2,-0.013146179027881,-0.006907681253151559,Normal
2016-10-07,ARIMA,5D,2,-0.0096858074271456,-0.009641951955820648,Normal
2016-10-10,ARIMA,5D,2,-0.0173237558563101,-0.006570892670090374,Normal
2016-10-11,ARIMA,5D,2,0.0013423274471444,-0.013069529268187033,Low
2016-10-12,ARIMA,5D,2,0.0023859673960959,0.0027171506532096008,Low
2016-10-13,ARIMA,5D,2,0.0041133726769491,0.002074270923533317,Low
2016-10-14,ARIMA,5D,2,0.0038276433776732,0.0035391273166147453,Low
2016-10-17,ARIMA,5D,2,0.0116088561369409,0.00316850067884556,Low
2016-10-18,ARIMA,5D,2,0.0016623930665358,0.009528507895340953,Low
2016-10-19,ARIMA,5D,2,-0.0022691070100018,0.0008427099885031018,Low
2016-10-20,ARIMA,5D,2,-0.0038836317846298,-0.001532570269911869,Low
2016-10-21,ARIMA,5D,2,-0.0069126267841001,-0.002620576182016472,Low
2016-10-24,ARIMA,5D,2,-0.0117735053157261,-0.004979937085707551,Low
2016-10-25,ARIMA,5D,2,-0.0147785669597547,-0.008708261694417484,Low
2016-10-26,ARIMA,5D,2,-0.0195835234920215,-0.010798764093967095,Low
2016-10-27,ARIMA,5D,2,-0.0210255406086221,-0.014507028563478052,Low
2016-10-28,ARIMA,5D,2,-0.0195799207406899,-0.015328897246490806,Low
2016-10-31,ARIMA,5D,2,0.0025225628729735,-0.014076184268659822,Low
2016-11-01,ARIMA,5D,2,0.0130974603788661,0.0037715994455454578,Low
2016-11-02,ARIMA,5D,2,0.0306604647119761,0.010681558700042467,Low
2016-11-03,ARIMA,5D,2,0.0370425234506808,0.024305021143735145,Low
2016-11-04,ARIMA,5D,2,0.0373111153745763,0.02820583917769155,Low
2016-11-07,ARIMA,5D,2,0.0152154061879279,0.028055694714878617,Normal
2016-11-08,ARIMA,5D,2,0.0189034828128601,0.010109269151139272,Low
2016-11-09,ARIMA,5D,2,0.006303846410828,0.014802357751956017,Low
2016-11-10,ARIMA,5D,2,0.0090204700559304,0.004117371489380772,Low
2016-11-11,ARIMA,5D,2,0.0080297470381797,0.007334895057350181,Low
2016-11-14,ARIMA,5D,2,0.0155789585662366,0.006225654024373164,Low
2016-11-15,ARIMA,5D,2,0.0102890946477403,0.012466847293220704,Low
2016-11-16,ARIMA,5D,2,0.012680309327025,0.007577412544997237,Low
2016-11-17,ARIMA,5D,2,0.0119215855792511,0.00998297876878822,Low
2016-11-18,ARIMA,5D,2,0.0090428476900643,0.009139016891324441,Low
2016-11-21,ARIMA,5D,2,0.0029435479724523,0.006878740867070399,Normal
2016-11-22,ARIMA,5D,2,-0.001876473686297,0.002134399832610963,Normal
2016-11-23,ARIMA,5D,2,-0.0062058948099697,-0.0013354291530740478,Low
2016-11-25,ARIMA,5D,2,-0.0097157127033087,-0.004526861269826861,Low
2016-11-28,ARIMA,5D,2,0.0013571034781701,-0.007078372115811232,Normal
2016-11-29,ARIMA,5D,2,0.0034277855937826,0.0021632375095449667,Low
2016-11-30,ARIMA,5D,2,0.0191620748936624,0.0029734406406601356,Low
2016-12-01,ARIMA,5D,2,0.0248408128772973,0.015686605043899102,Low
2016-12-02,ARIMA,5D,2,0.0303653036901823,0.01910171190249141,Low
2016-12-05,ARIMA,5D,2,0.0234227944728392,0.023269731463367378,Low
2016-12-06,ARIMA,5D,2,0.0265361932052016,0.017232767398541494,Low
2016-12-07,ARIMA,5D,2,0.0053085389986196,0.020333760025054076,Low
2016-12-08,ARIMA,5D,2,0.0070272316693024,0.0027858353309346694,Low
2016-12-09,ARIMA,5D,2,-0.0006463436146477,0.00584045795354223,Low
2016-12-12,ARIMA,5D,2,0.0024649113911628,-0.0006855855073742904,Low
2016-12-13,ARIMA,5D,2,-0.0004226594089212,0.0024598629555146394,Low
2016-12-14,ARIMA,5D,2,0.0052672503282597,-0.00018443211948441455,Low
2016-12-15,ARIMA,5D,2,-0.0004731685816905,0.00469041935256923,Low
2016-12-16,ARIMA,5D,2,0.0025299207043691,-0.0004361868174302067,Low
2016-12-19,ARIMA,5D,2,0.0028025968937065,0.002489147934899387,Low
2016-12-20,ARIMA,5D,2,-0.0092199562172178,0.00243446740993245,Low
2016-12-21,ARIMA,5D,2,-0.0070529182244085,-0.007332960155374366,Low
2016-12-22,ARIMA,5D,2,-0.0098360416988662,-0.004648842518777629,Low
2016-12-23,ARIMA,5D,2,-0.0026362074807884,-0.007164659811519479,Low
2016-12-27,ARIMA,5D,2,0.0008239073852123,-0.0010745946358203672,Low
2016-12-28,ARIMA,5D,2,0.0084445804925025,0.0011627103581823017,Low
2016-12-29,ARIMA,5D,2,0.01224871740495,0.007145877234154678,Low
2016-12-30,ARIMA,5D,2,0.0133416466302447,0.009672919875788884,Low
2017-01-03,ARIMA,5D,2,0.0048908798770876,0.01032260877115149,Low
2017-01-04,ARIMA,5D,2,0.0020105584956402,0.0033919910437738175,Low
2017-01-05,ARIMA,5D,2,0.0006344137043918,0.0017053725789584794,Low
2017-01-06,ARIMA,5D,2,-0.0010282440810405,0.0007460841314017618,Low
2017-01-09,ARIMA,5D,2,-0.0004452530656993,-0.0005148013400466504,Low
2017-01-10,ARIMA,5D,2,0.00131694740411,7.81889102833425e-05,Low
2017-01-11,ARIMA,5D,2,-0.0051245326093112,0.0014545886321037358,Low
2017-01-12,ARIMA,5D,2,0.0003831638457182,-0.00391141528592279,Low
2017-01-13,ARIMA,5D,2,-0.0041587171954981,0.0010724154630160816,Low
2017-01-17,ARIMA,5D,2,0.0053563377896824,-0.003090247348753071,Low
2017-01-18,ARIMA,5D,2,0.0115881901158417,0.00503731746646973,Low
2017-01-19,ARIMA,5D,2,0.014468372804898,0.009335181228932447,Low
2017-01-20,ARIMA,5D,2,0.0102409492538567,0.011270376549346414,Low
2017-01-23,ARIMA,5D,2,0.0069070254038297,0.007651295788480084,Low
2017-01-24,ARIMA,5D,2,-0.000526416733165,0.005283156933583103,Low
2017-01-25,ARIMA,5D,2,-0.0082221505410175,-0.000535459758551453,Low
2017-01-26,ARIMA,5D,2,-0.0069163487670634,-0.006241349871153922,Low
2017-01-27,ARIMA,5D,2,0.0011889875772318,-0.004640944712965224,Low
2017-01-30,ARIMA,5D,2,0.0050990635596193,0.0017963445839856993,Low
2017-01-31,ARIMA,5D,2,0.0062161686314978,0.004366603986697424,Low
2017-02-01,ARIMA,5D,2,0.0066109317919909,0.005031862090827481,Low
2017-02-02,ARIMA,5D,2,0.0117768486892601,0.005289907115761156,Low
2017-02-03,ARIMA,5D,2,0.0080980586567157,0.009464673712920039,Low
2017-02-06,ARIMA,5D,2,0.0154477897544361,0.006080002855600581,Low
2017-02-07,ARIMA,5D,2,0.0192203134862629,0.012373984255941021,Low
2017-02-08,ARIMA,5D,2,0.0235071200033878,0.014845970465936005,Low
2017-02-09,ARIMA,5D,2,0.0169065646658773,0.01809701918275021,Low
2017-02-10,ARIMA,5D,2,0.0150240071711055,0.012424630991668281,Low
2017-02-13,ARIMA,5D,2,0.0158217236071632,0.011430197717384356,Low
2017-02-14,ARIMA,5D,2,0.0107396102646865,0.012172559565006753,Low
2017-02-15,ARIMA,5D,2,0.0061786205702113,0.007971414806990193,Low
2017-02-16,ARIMA,5D,2,0.008535362403793,0.004660831005820895,Low
2017-02-17,ARIMA,5D,2,0.0078756783442895,0.006889237751547386,Low
2017-02-21,ARIMA,5D,2,-0.0007358777909744,0.006142515243069293,Low
2017-02-22,ARIMA,5D,2,0.0139281194395549,-0.0007868961040376795,Low
2017-02-23,ARIMA,5D,2,0.0076321034961904,0.011787358978167402,Low
2017-02-24,ARIMA,5D,2,0.0066436036326937,0.0054818483191527885,Low
2017-02-27,ARIMA,5D,2,0.0023435156013942,0.005273958945775153,Low
2017-02-28,ARIMA,5D,2,0.0020075958144993,0.0017982479947839705,Low
2017-03-01,ARIMA,5D,2,-0.0138604432332898,0.0018535091069902332,Low
2017-03-02,ARIMA,5D,2,-0.0071837506484183,-0.011050126088921352,Low
2017-03-03,ARIMA,5D,2,-0.0044241613110946,-0.004404067307764787,Low
2017-03-06,ARIMA,5D,2,-0.0007749729283591,-0.0027887070908602916,Low
2017-03-07,ARIMA,5D,2,-0.0012420960071603,2.4967301289301105e-05,Low
2017-03-08,ARIMA,5D,2,0.0093846110815899,-0.000620515351586799,Low
2017-03-09,ARIMA,5D,2,0.0069570006696399,0.008078429085307976,Low
2017-03-10,ARIMA,5D,2,0.00237848169955,0.005283432624499697,Low
2017-03-13,ARIMA,5D,2,0.0,0.0018257754808467975,Low
2017-03-14,ARIMA,5D,2,-0.0091008456092111,0.00021902452315378132,Low
2017-03-15,ARIMA,5D,2,-0.0155526218864349,-0.007026870056427442,Low
2017-03-16,ARIMA,5D,2,-0.0149854192320813,-0.011586782561312424,Low
2017-03-17,ARIMA,5D,2,-0.0145145921817883,-0.010695000300897735,Low
2017-03-20,ARIMA,5D,2,-0.0135227836872537,-0.010396523803039143,Low
2017-03-21,ARIMA,5D,2,0.0061881197324724,-0.00961852133745072,Low
2017-03-22,ARIMA,5D,2,0.00538475308884,0.006330095496599899,Low
2017-03-23,ARIMA,5D,2,0.0093763961453749,0.0041705706419794646,Low
2017-03-24,ARIMA,5D,2,0.0079631544210467,0.007619186181883144,Low
2017-03-27,ARIMA,5D,2,0.007339786698879,0.006144669778929185,Low
2017-03-28,ARIMA,5D,2,0.0006738439439163,0.00577724482006161,Low
2017-03-29,ARIMA,5D,2,-0.003470429071436,0.0003935066846101709,Low
2017-03-30,ARIMA,5D,2,-0.0044735896894059,-0.002466639256428778,Low
2017-03-31,ARIMA,5D,2,-0.003043468214084,-0.0030118943947140156,Low
2017-04-03,ARIMA,5D,2,-0.0007125427702875,-0.0017979082421225884,Low
2017-04-04,ARIMA,5D,2,-0.002706817136907,-1.7876759779521202e-05,Low
2017-04-05,ARIMA,5D,2,-0.0034143177443718,-0.0018070742342251524,Low
2017-04-06,ARIMA,5D,2,-0.012179988327911,-0.0022131622989475085,Low
2017-04-07,ARIMA,5D,2,-0.002776050173859,-0.009300022634033227,Low
2017-04-10,ARIMA,5D,2,-0.0063711031554755,-0.0009865603805807297,Low
2017-04-11,ARIMA,5D,2,-0.0066540202603857,-0.004694105801496318,Low
2017-04-12,ARIMA,5D,2,0.004641867521575,-0.004573862139566027,Low
2017-04-13,ARIMA,5D,2,0.0084401997042637,0.004596698778082532,Low
2017-04-17,ARIMA,5D,2,0.0106454706012683,0.006817942195048965,Low
2017-04-18,ARIMA,5D,2,0.0196252876588527,0.008400689359532764,Low
2017-04-19,ARIMA,5D,2,0.020857291580034,0.015550472668189994,Low
2017-04-20,ARIMA,5D,2,0.0138812082173594,0.015876545654705417,Low
2017-04-21,ARIMA,5D,2,0.0150059168529848,0.010175200444083113,Low
2017-04-24,ARIMA,5D,2,0.0059549720917668,0.011627973824384194,Low
2017-04-25,ARIMA,5D,2,0.0010711014658271,0.004133639134147295,Low
2017-04-26,ARIMA,5D,2,0.0002847535456871,0.000871674232941339,Low
2017-04-27,ARIMA,5D,2,0.0003139198332574,0.0005406121510456846,Low
2017-04-28,ARIMA,5D,2,0.0063092587122258,0.0005955921949936459,Low
2017-05-01,ARIMA,5D,2,0.00461591215724,0.0054637401071478894,Low
2017-05-02,ARIMA,5D,2,0.0024017940146353,0.0036274502450223435,Low
2017-05-03,ARIMA,5D,2,0.0048039261279122,0.0020011488904811527,Low
2017-05-04,ARIMA,5D,2,0.0020568414659359,0.004107354255193318,Low
2017-05-05,ARIMA,5D,2,-0.0035030532823366,0.0016754208091911591,Low
2017-05-08,ARIMA,5D,2,0.0012246437487705,-0.002614247449308611,Low
2017-05-09,ARIMA,5D,2,0.0015632852685779,0.0016338863257958297,Low
2017-05-10,ARIMA,5D,2,-0.0179121456199867,0.0015078746297334644,Low
2017-05-11,ARIMA,5D,2,-0.012066955618664,-0.014310924136808642,Low
2017-05-12,ARIMA,5D,2,-0.0038427170696693,-0.008065390440454083,Low
2017-05-15,ARIMA,5D,2,-0.0034609960766761,-0.0019702291184861705,Low
2017-05-16,ARIMA,5D,2,-0.0009376778673096,-0.002235693426951033,Low
2017-05-17,ARIMA,5D,2,0.0198938241083818,-0.00015952582331538634,Low
2017-05-18,ARIMA,5D,2,0.0206458975231438,0.01657735066747004,Low
2017-05-19,ARIMA,5D,2,0.0142116961002456,0.01560771417339674,Low
2017-05-22,ARIMA,5D,2,0.0078594820747036,0.010469232965869796,Low
2017-05-23,ARIMA,5D,2,0.0055632222823716,0.005791184148055784,Low
2017-05-24,ARIMA,5D,2,0.0106197840626428,0.0043665457172476305,Low
2017-05-25,ARIMA,5D,2,0.0098885466387106,0.00861136851568226,Low
2017-05-26,ARIMA,5D,2,0.0083596377129795,0.007616013101065048,Low
2017-05-30,ARIMA,5D,2,0.0067820797763092,0.006467252942942722,Low
2017-05-31,ARIMA,5D,2,0.0088091831926082,0.005293438783780319,Low
2017-06-01,ARIMA,5D,2,0.0015337566434255,0.007052058307724809,Low
2017-06-02,ARIMA,5D,2,-0.0029974518408077,0.0009720723274247183,Low
2017-06-05,ARIMA,5D,2,-0.0027582871800972,-0.002136828573283321,Low
2017-06-06,ARIMA,5D,2,0.0045259803293369,-0.001648756008418602,Low
2017-06-07,ARIMA,5D,2,0.001962624567672,0.004226194152336844,Low
2017-06-08,ARIMA,5D,2,-0.0005466542648332,0.0015876105292096548,Low
2017-06-09,ARIMA,5D,2,0.0005672787514136,-0.00020282911170197934,Low
2017-06-12,ARIMA,5D,2,0.0098591044380257,0.0008717616277918025,Low
2017-06-13,ARIMA,5D,2,-0.001361414852136,0.008323163106549123,Low
2017-06-14,ARIMA,5D,2,-0.00094790208009,-0.0015013507556872678,Low
2017-06-15,ARIMA,5D,2,0.0008383217443122,-0.0002372025379326374,Low
2017-06-16,ARIMA,5D,2,0.0021144211496616,0.001095327195215076,Low
2017-06-19,ARIMA,5D,2,-0.0058824101175,0.0020067404232653467,Low
2017-06-20,ARIMA,5D,2,-0.007268836246241,-0.004579616010350352,Low
2017-06-21,ARIMA,5D,2,0.0020834795935815,-0.005084433092209347,Low
2017-06-22,ARIMA,5D,2,-0.0060978512781217,0.002565328765966767,Low
2017-06-23,ARIMA,5D,2,-0.0061254922226571,-0.004807502621036229,Low
2017-06-26,ARIMA,5D,2,-0.0041330761832419,-0.004133534020899679,Low
2017-06-27,ARIMA,5D,2,0.0054247344287195,-0.0025776516212943023,Low
2017-06-28,ARIMA,5D,2,-0.0127577545246977,0.005044494293207254,Low
2017-06-29,ARIMA,5D,2,0.0022621748890593,-0.010455220073765144,Low
2017-06-30,ARIMA,5D,2,0.0016574533816982,0.003217905964563816,Low
2017-07-03,ARIMA,5D,2,-0.0014337016635313,0.0014347933672205738,Low
2017-07-05,ARIMA,5D,2,0.0043931252480014,-0.000909434956029903,Low
2017-07-06,ARIMA,5D,2,0.0156789420283407,0.004048366063066187,Low
2017-07-07,ARIMA,5D,2,0.0139588456287342,0.012753785686323573,Low
2017-07-10,ARIMA,5D,2,0.0129785952885148,0.010533283898746484,Low
2017-07-11,ARIMA,5D,2,0.0143592610527079,0.009946230792398626,Low
2017-07-12,ARIMA,5D,2,0.0124384683209401,0.011123964852355856,Low
2017-07-13,ARIMA,5D,2,0.0104119677588599,0.009451390228974536,Low
2017-07-14,ARIMA,5D,2,0.0053814122596416,0.007962130247221129,Low
2017-07-17,ARIMA,5D,2,0.0043700255009398,0.004013693244821049,Low
2017-07-18,ARIMA,5D,2,0.0066912543227269,0.003564551276893745,Low
2017-07-19,ARIMA,5D,2,0.0016156201127928,0.005493799674320239,Low
2017-07-20,ARIMA,5D,2,0.000796129564006,0.0011858083647257693,Low
2017-07-21,ARIMA,5D,2,-0.000177946784901,0.0009266136472939653,Low
2017-07-24,ARIMA,5D,2,0.0001579433759479,0.00015931429354017548,Low
2017-07-25,ARIMA,5D,2,-0.0003148433690117,0.0005048232936119325,Low
2017-07-26,ARIMA,5D,2,-0.0001049399677836,8.78794787683762e-05,Low
2017-07-27,ARIMA,5D,2,-0.0013178201653356,0.0002978849704912514,Low
2017-07-28,ARIMA,5D,2,0.0019115169303198,-0.0007078478809399197,Low
2017-07-31,ARIMA,5D,2,0.0042857724091601,0.002012136389420577,Low
2017-08-01,ARIMA,5D,2,-0.0005777005961637,0.003685132524734463,Low
2017-08-02,ARIMA,5D,2,-0.0014339027962235,-0.00042619692920218156,Low
2017-08-03,ARIMA,5D,2,-0.0138280793620194,-0.0007338095497147357,Low
2017-08-04,ARIMA,5D,2,-0.0144406436515716,-0.01077942117442666,Low
2017-08-07,ARIMA,5D,3,-0.0060928370498025,-0.010317763142776593,Low
2017-08-08,ARIMA,5D,3,-0.0041744171463007,-0.003580238478289876,Low
2017-08-09,ARIMA,5D,3,-0.002391646830256,-0.00265175894231976,Low
2017-08-10,ARIMA,5D,3,-0.0033687709167059,-0.0012908324352032556,Low
2017-08-11,ARIMA,5D,3,-0.0064805817060451,-0.0022113985773310474,Low
2017-08-14,ARIMA,5D,3,-0.0153122572375284,-0.004652276599560175,Low
2017-08-15,ARIMA,5D,3,-0.0049216296500197,-0.01159581461633991,Low
2017-08-16,ARIMA,5D,3,-0.009800295305991,-0.0025098130830116597,Low
2017-08-17,ARIMA,5D,3,0.0036804304340618,-0.007320089110368703,Low
2017-08-18,ARIMA,5D,3,0.0071889557643515,0.004075886622651665,Low
2017-08-21,ARIMA,5D,3,0.0065139335230812,0.005860443785093809,Low
2017-08-22,ARIMA,5D,3,-0.0025352949755339,0.0051456220025562875,Low
2017-08-23,ARIMA,5D,3,0.005528806945166,-0.0021357975883699422,Low
2017-08-24,ARIMA,5D,3,0.0133100972770179,0.005092570019319817,Low
2017-08-25,ARIMA,5D,3,0.0136192036504155,0.010735991773730148,Low
2017-08-28,ARIMA,5D,3,0.0055527916249745,0.01045986598260915,Low
2017-08-29,ARIMA,5D,3,0.0078341673561089,0.0039355399729661305,Low
2017-08-30,ARIMA,5D,3,0.0030511835231943,0.0063974800579656215,Low
2017-08-31,ARIMA,5D,3,-0.004143450204977,0.002283624720258018,Low
2017-09-01,ARIMA,5D,3,0.0046569469498348,-0.0031743310204559484,Low
2017-09-05,ARIMA,5D,3,0.0155947080968629,0.004481603934998453,Low
2017-09-06,ARIMA,5D,3,0.0132276998518014,0.012648217585031218,Low
2017-09-07,ARIMA,5D,3,0.0123048280458272,0.009963342920765082,Low
2017-09-08,ARIMA,5D,3,0.0156402657354442,0.009464731614401832,Low
2017-09-11,ARIMA,5D,3,0.0063141524674265,0.012219759174693846,Low
2017-09-12,ARIMA,5D,3,0.0040654294892745,0.004389399047501301,Low
2017-09-13,ARIMA,5D,3,0.0039427419435017,0.003294782597010237,Low
2017-09-14,ARIMA,5D,3,0.0019934998474148,0.0032974007662556534,Low
2017-09-15,ARIMA,5D,3,0.0007956062964223,0.0017143254400484912,Low
2017-09-18,ARIMA,5D,3,-0.0028837783325608,0.0008894756732577788,Low
2017-09-19,ARIMA,5D,3,-0.0039211938233972,-0.0020212262074003253,Low
2017-09-20,ARIMA,5D,3,-0.0004785181237189,-0.002591756161779892,Low
2017-09-21,ARIMA,5D,3,0.0037759384521338,0.0002570688122125115,Low
2017-09-22,ARIMA,5D,3,0.0068266175254656,0.003445692016651262,Low
2017-09-25,ARIMA,5D,3,0.0129176590550319,0.005625080286954855,Low
2017-09-26,ARIMA,5D,3,0.0150020061137978,0.010367583168609114,Low
2017-09-27,ARIMA,5D,3,0.0121711273729236,0.011617145798142617,Low
2017-09-28,ARIMA,5D,3,0.0165981407752782,0.009201688962721076,Low
2017-09-29,ARIMA,5D,3,0.0118256665415398,0.013022146076907774,Low
2017-10-02,ARIMA,5D,3,0.0061530838438138,0.008789931613216303,Low
2017-10-03,ARIMA,5D,3,0.0063162922896308,0.004578972789588654,Low
2017-10-04,ARIMA,5D,3,0.0068722315581807,0.005104829271887174,Low
2017-10-05,ARIMA,5D,3,-0.0004468495934632,0.0055071471645217005,Low
2017-10-06,ARIMA,5D,3,0.0015050835766228,-0.00047369894062046524,Low
2017-10-09,ARIMA,5D,3,0.005060369976942,0.0016699618826965588,Low
2017-10-10,ARIMA,5D,3,0.0034130032518981,0.004356708653566136,Low
2017-10-11,ARIMA,5D,3,0.0023531798335641,0.002768050498895028,Low
2017-10-12,ARIMA,5D,3,0.004369301068926,0.002055838419490659,Low
2017-10-13,ARIMA,5D,3,0.0085953752491101,0.0037595012738656586,Low
2017-10-16,ARIMA,5D,3,0.0028657574038072,0.007032041915447725,Low
2017-10-17,ARIMA,5D,3,0.0038100053729312,0.0020737826527991326,Low
2017-10-18,ARIMA,5D,3,-0.0016060098256582,0.0033036638219258304,Low
2017-10-19,ARIMA,5D,3,-0.0006638146900663,-0.0012091467190626958,Low
2017-10-20,ARIMA,5D,3,0.0022729991046303,-2.253992792103864e-05,Low
2017-10-23,ARIMA,5D,3,0.0030558170408866,0.0022513866872305626,Low
2017-10-24,ARIMA,5D,3,0.002383229103008,0.0026746558031193026,Low
2017-10-25,ARIMA,5D,3,0.0086480288981718,0.0020889627308755578,Low
2017-10-26,ARIMA,5D,3,0.0075678374172363,0.007230835668914999,Low
2017-10-27,ARIMA,5D,3,0.0026195167638237,0.005873414591500108,Low
2017-10-30,ARIMA,5D,3,0.0070875380253408,0.0019820517590359156,Low
2017-10-31,ARIMA,5D,3,0.0059544042835794,0.005973666189359001,Low
2017-11-01,ARIMA,5D,3,0.005806174107736,0.004680695388025471,Low
2017-11-02,ARIMA,5D,3,0.001847244998699,0.004681099753924409,Low
2017-11-03,ARIMA,5D,3,-0.002143091303669,0.0014663177301700273,Low
2017-11-06,ARIMA,5D,3,-0.0024303842771522,-0.0014736510961536854,Low
2017-11-07,ARIMA,5D,3,-0.0045535440323522,-0.0014323300921749427,Low
2017-11-08,ARIMA,5D,3,-0.0115371567065363,-0.003160245742547239,Low
2017-11-09,ARIMA,5D,3,0.0003944774158062,-0.008669707640091957,Low
2017-11-10,ARIMA,5D,3,-0.0013368925870375,0.0015336769020154297,Low
2017-11-13,ARIMA,5D,3,-0.0010451736095404,-0.000825290360665873,Low
2017-11-14,ARIMA,5D,3,0.007786945830494,-0.0003680667614577582,Low
2017-11-15,ARIMA,5D,3,0.0125774018692881,0.006761116255336472,Low
2017-11-16,ARIMA,5D,3,0.0064687333645478,0.009985174089593268,Low
2017-11-17,ARIMA,5D,3,0.0087138187566419,0.004723645277141132,Low
2017-11-20,ARIMA,5D,3,0.0172392810646454,0.007038164350644779,Low
2017-11-21,ARIMA,5D,3,0.010350148302102,0.013744852613494668,Low
2017-11-22,ARIMA,5D,3,0.0192582776682427,0.007524270960909365,Low
2017-11-24,ARIMA,5D,3,0.0151777104542054,0.015338920595883765,Low
2017-11-27,ARIMA,5D,3,0.0145093314917221,0.011295470870047336,Low
2017-11-28,ARIMA,5D,3,0.0009626087689731,0.011130412373590625,Low
2017-11-29,ARIMA,5D,3,0.0012177904812336,0.00014556989433971612,Low
2017-11-30,ARIMA,5D,3,-0.0040117291714681,0.0013788298714677827,Low
2017-12-01,ARIMA,5D,3,0.0035060557998552,-0.0029828574665274263,Low
2017-12-04,ARIMA,5D,3,0.0077556084708376,0.003529168335601545,Low
2017-12-05,ARIMA,5D,3,0.0130497227188825,0.006371645789420176,Low
2017-12-06,ARIMA,5D,3,0.0126907659192625,0.010405088555344123,Low
2017-12-07,ARIMA,5D,3,0.0056835311783907,0.009736860774191678,Low
2017-12-08,ARIMA,5D,3,0.0091266425530152,0.004109236361820715,Low
2017-12-11,ARIMA,5D,3,0.0112782790109169,0.00743077632188503,Low
2017-12-12,ARIMA,5D,3,0.006495057245709,0.00886770550700893,Low
2017-12-13,ARIMA,5D,3,0.0061398901422865,0.0048493987745811375,Low
2017-12-14,ARIMA,5D,3,0.0122027448857075,0.004936327232348515,Low
2017-12-15,ARIMA,5D,3,0.002810159837451,0.009851389349849863,Low
2017-12-18,ARIMA,5D,3,-0.0035972944422051,0.0017652931246047161,Low
2017-12-19,ARIMA,5D,3,0.0004288319111557,-0.0026824244975868104,Low
2017-12-20,ARIMA,5D,3,0.0030893869876478,0.001002327477626125,Low
2017-12-21,ARIMA,5D,3,-0.0040909323177587,0.002818584585922934,Low
2017-12-22,ARIMA,5D,3,0.0046364175387529,-0.0031816535268093986,Low
2017-12-26,ARIMA,5D,3,0.0120738264827477,0.004465617530185991,Low
2017-12-27,ARIMA,5D,3,0.0153037410278324,0.009790671498465338,Low
2017-12-28,ARIMA,5D,3,0.0204805679134982,0.01191604850972957,Low
2017-12-29,ARIMA,5D,3,0.0273381639735433,0.015921232392728944,Low
2018-01-02,ARIMA,5D,3,0.0203711692724436,0.021115656088074468,Low
2018-01-03,ARIMA,5D,3,0.0128798902169869,0.014973102754946423,Low
2018-01-04,ARIMA,5D,3,0.0158683731305417,0.00946375583871473,Low
2018-01-05,ARIMA,5D,3,0.0155861536410508,0.012405078928077733,Low
2018-01-08,ARIMA,5D,3,0.0103944766121511,0.011901173812257256,Low
2018-01-09,ARIMA,5D,3,0.018463399301355,0.00773247662060641,Low
2018-01-10,ARIMA,5D,3,0.0179585476154019,0.01467401293975206,Low
2018-01-11,ARIMA,5D,3,0.0153251698335101,0.0136156826776166,Low
2018-01-12,ARIMA,5D,3,0.0166326078166292,0.011576171542676109,Low
2018-01-16,ARIMA,5D,3,0.022335326046454,0.012828344036499215,Low
2018-01-17,ARIMA,5D,3,0.0124041872927199,0.017342126391056145,Low
2018-01-18,ARIMA,5D,3,0.0146243241890266,0.008856193592627707,Low
2018-01-19,ARIMA,5D,3,0.0220203143081206,0.01145163145462231,Low
2018-01-22,ARIMA,5D,3,0.0072312136410444,0.017214922131543506,Low
2018-01-23,ARIMA,5D,3,-0.0058994341325149,0.004667497997220918,Low
2018-01-24,ARIMA,5D,3,-0.0048504357265881,-0.004822898821191629,Low
2018-01-25,ARIMA,5D,3,-0.0061011734774444,-0.0030846305493510808,Low
2018-01-26,ARIMA,5D,3,-0.0393094921002275,-0.004262623324722757,Low
2018-01-29,ARIMA,5D,3,-0.0743972967537459,-0.03111853382034193,Low
2018-01-30,ARIMA,5D,3,-0.0461480805994716,-0.05710216885229451,Low
2018-01-31,ARIMA,5D,3,-0.051651084681919,-0.03173611751119815,Low
2018-02-01,ARIMA,5D,3,-0.0892618385756973,-0.03857401981149336,Low
2018-02-02,ARIMA,5D,3,-0.0529995128594741,-0.06847614453198683,Normal
2018-02-05,ARIMA,5D,3,0.0026616937570934,-0.036237249248806315,High
2018-02-06,ARIMA,5D,3,-0.012019357611566,0.005949674511012264,High
2018-02-07,ARIMA,5D,3,0.0063082204210834,-0.00991218424765057,High
2018-02-08,ARIMA,5D,3,0.0565641344436604,0.006451830702139079,High
2018-02-09,ARIMA,5D,3,0.0421118888940577,0.04573233233930179,High
2018-02-12,ARIMA,5D,3,0.0224347061090342,0.030327745582721798,High
2018-02-13,ARIMA,5D,3,0.0143135196454458,0.015788282336851124,High
2018-02-14,ARIMA,5D,3,0.0019731573221267,0.01055175452744686,High
2018-02-15,ARIMA,5D,3,0.0058775737904723,0.0010202091807887457,High
2018-02-16,ARIMA,5D,3,0.0171926127611782,0.005080988091026205,High
2018-02-20,ARIMA,5D,3,0.010262818426548,0.01388976817077344,High
2018-02-21,ARIMA,5D,3,0.0046166768262027,0.007439821100262681,High
2018-02-22,ARIMA,5D,3,-0.0097703665142515,0.0034574818355481707,High
2018-02-23,ARIMA,5D,3,-0.020612859274174,-0.007853165297867648,High
2018-02-26,ARIMA,5D,3,-0.0213296802842749,-0.01560104798419163,High
2018-02-27,ARIMA,5D,3,-0.0059059859108106,-0.01545942759339301,High
2018-02-28,ARIMA,5D,3,0.0047678283471291,-0.002948250402467465,High
2018-03-01,ARIMA,5D,3,0.0226349424108902,0.004550525049580701,High
2018-03-02,ARIMA,5D,3,0.0348057036668992,0.0183586170630645,High
2018-03-05,ARIMA,5D,3,0.0225592887183742,0.026951809776349575,High
2018-03-06,ARIMA,5D,3,0.0135399953720628,0.016204777854796487,High
2018-03-07,ARIMA,5D,3,0.0082830173725903,0.009884731451159482,High
2018-03-08,ARIMA,5D,3,0.0030476327646091,0.0062062687960489004,High
2018-03-09,ARIMA,5D,3,-0.0124799160293667,0.0022986016328303653,Normal
2018-03-12,ARIMA,5D,3,-0.0255111592327417,-0.009945137752462833,Normal
2018-03-13,ARIMA,5D,3,-0.0176465401567079,-0.019383181576377747,Normal
2018-03-14,ARIMA,5D,3,-0.0137512624571486,-0.012115357872106108,Normal
2018-03-15,ARIMA,5D,3,-0.0384539130309065,-0.009631155886773898,Normal
2018-03-16,ARIMA,5D,3,-0.0613457182898889,-0.029922332053855027,Normal
2018-03-19,ARIMA,5D,3,-0.0202446370424801,-0.04661570985497531,Normal
2018-03-20,ARIMA,5D,3,-0.0391526313495209,-0.011681402038475616,Normal
2018-03-21,ARIMA,5D,3,-0.0402278581233542,-0.030298203306902603,Normal
2018-03-22,ARIMA,5D,3,-0.0010671936566562,-0.029432398457293965,High
2018-03-23,ARIMA,5D,3,-0.0024680686884014,0.0022861180368649358,High
2018-03-26,ARIMA,5D,3,-0.0167271480786958,-0.0018141144163243792,High
2018-03-27,ARIMA,5D,3,0.0122002399130728,-0.013009839899573876,High
2018-03-28,ARIMA,5D,3,0.0219605802141867,0.01152562870385331,High
2018-03-29,ARIMA,5D,3,-0.0138792643367217,0.017159504870365036,High
2018-04-02,ARIMA,5D,3,0.0120424129743669,-0.012469534103145536,High
2018-04-03,ARIMA,5D,3,0.0160950506549399,0.01134700187402862,High
2018-04-04,ARIMA,5D,3,-0.0009457374639679,0.012413240624825083,High
2018-04-05,ARIMA,5D,3,0.0004317398320378,-0.001523875879926409,High
2018-04-06,ARIMA,5D,3,0.019705007062396,0.0008964737886873867,High
2018-04-09,ARIMA,5D,3,0.0244503488963662,0.01632074916997974,High
2018-04-10,ARIMA,5D,3,0.0184668215139188,0.01873336468582214,High
2018-04-11,ARIMA,5D,3,0.0248385276939331,0.013649246729449055,High
2018-04-12,ARIMA,5D,3,0.0108790472004436,0.019298108497015756,High
2018-04-13,ARIMA,5D,3,0.0051966698387975,0.007435043910605515,High
2018-04-16,ARIMA,5D,3,-0.0028234368515809,0.003928896122740146,High
2018-04-17,ARIMA,5D,3,-0.0268993964719227,-0.002256126545254625,High
2018-04-18,ARIMA,5D,3,-0.0258950426466523,-0.02122866022151996,High
2018-04-19,ARIMA,5D,3,-0.0097723166634425,-0.018640959226674598,High
2018-04-20,ARIMA,5D,3,-8.613420372609898e-05,-0.0057906295581889545,High
2018-04-23,ARIMA,5D,3,-0.0083635568638318,0.000874486710719886,High
2018-04-24,ARIMA,5D,3,0.0076531333136708,-0.006469536178617231,High
2018-04-25,ARIMA,5D,3,-0.0014141921205552,0.007222369052864412,High
2018-04-26,ARIMA,5D,3,-0.0140505538929963,-0.0014194154160174263,High
2018-04-27,ARIMA,5D,3,-0.0024337491360252,-0.010873249109573994,High
2018-04-30,ARIMA,5D,3,0.009239423967886,-0.0005570868514735404,Normal
2018-05-01,ARIMA,5D,3,0.0064279451851247,0.007958218468005183,Normal
2018-05-02,ARIMA,5D,3,0.0232955443213959,0.004879853421325609,Normal
2018-05-03,ARIMA,5D,3,0.0348787735103083,0.018864280337625827,Normal
2018-05-04,ARIMA,5D,3,0.0238551027529346,0.026963912412663844,Normal
2018-05-07,ARIMA,5D,3,0.0212862217080712,0.01725587910391227,Normal
2018-05-08,ARIMA,5D,3,0.0146862432758141,0.016076672005008803,Normal
2018-05-09,ARIMA,5D,3,0.0091029351884598,0.010827477722831368,Normal
2018-05-10,ARIMA,5D,3,-0.0010803152039986,0.006784003661963159,Normal
2018-05-11,ARIMA,5D,3,-0.0054221197295101,-0.0011073536423105072,Normal
2018-05-14,ARIMA,5D,3,0.0010543853082964,-0.003895904429159462,Normal
2018-05-15,ARIMA,5D,3,0.0047793517594122,0.0016236375450498339,Normal
2018-05-16,ARIMA,5D,3,0.0039701571187966,0.004132842156457316,Normal
2018-05-17,ARIMA,5D,3,0.0028011329496839,0.0032413830382705747,Normal
2018-05-18,ARIMA,5D,3,0.0030767951500483,0.0023753750304997935,Normal
2018-05-21,ARIMA,5D,3,-0.0159143819096771,0.0026801093127820177,Normal
2018-05-22,ARIMA,5D,3,-0.0001578179648782,-0.012769640409692135,Low
2018-05-23,ARIMA,5D,3,-0.010304296415211,0.0014681568604417328,Low
2018-05-24,ARIMA,5D,3,0.0025117662517512,-0.008100914832939897,Low
2018-05-25,ARIMA,5D,3,0.0093413642042894,0.003199837148187326,Low
2018-05-29,ARIMA,5D,3,0.0216752829856573,0.007690078418057797,Low
2018-05-30,ARIMA,5D,3,0.0175903082710454,0.017286098837145155,Normal
2018-05-31,ARIMA,5D,3,0.0237791978924951,0.013072680015929303,Normal
2018-06-01,ARIMA,5D,3,0.0161094270910067,0.018491762184760396,Normal
2018-06-04,ARIMA,5D,3,0.0127079691995946,0.011757553632693705,Low
2018-06-05,ARIMA,5D,3,0.0137474902087229,0.00962450236244104,Low
2018-06-06,ARIMA,5D,3,0.0011823350299995,0.010667857101767219,Normal
2018-06-07,ARIMA,5D,3,0.0043652791744877,0.00036719810227032004,Low
2018-06-08,ARIMA,5D,3,0.0002266299512422,0.003913963950969739,Low
2018-06-11,ARIMA,5D,3,-0.0029698982365844,0.00022199472717720418,Low
2018-06-12,ARIMA,5D,3,-0.0087432834666798,-0.002028811116991704,Low
2018-06-13,ARIMA,5D,3,-0.0029983387011558,-0.00650669875069258,Low
2018-06-14,ARIMA,5D,3,-0.0118325680668798,-0.0014234074433042657,Low
2018-06-15,ARIMA,5D,3,-0.0089547444962517,-0.009071819179892027,Low
2018-06-18,ARIMA,5D,3,-0.0206460762831359,-0.006020553354024876,Low
2018-06-19,ARIMA,5D,3,-0.0144124078260477,-0.015799197297058323,Low
2018-06-20,ARIMA,5D,3,-0.0247646843633013,-0.009823930168627454,Low
2018-06-21,ARIMA,5D,3,-0.0122392755010497,-0.018788347766180463,Low
2018-06-22,ARIMA,5D,3,-0.0133413628686667,-0.007780091672646815,Low
2018-06-25,ARIMA,5D,3,0.0035416209333973,-0.009703246075483654,Normal
2018-06-26,ARIMA,5D,3,-0.0036201588528331,0.004185770350036868,Low
2018-06-27,ARIMA,5D,3,0.0136052842058458,-0.0029270771954937724,Low
2018-06-28,ARIMA,5D,3,0.0158911217873946,0.011724770936222473,Low
2018-06-29,ARIMA,5D,3,0.0239172966852191,0.01221235978599652,Low
2018-07-02,ARIMA,5D,3,0.0243212851697478,0.01868426044951438,Low
2018-07-03,ARIMA,5D,3,0.022161428078365,0.018407796568008897,Low
2018-07-05,ARIMA,5D,3,0.022288562912999,0.016679764715605873,Low
2018-07-06,ARIMA,5D,3,0.0149217008490275,0.016944409156865,Low
2018-07-09,ARIMA,5D,3,0.0051087454427876,0.010937623297179476,Low
2018-07-10,ARIMA,5D,3,0.0056073204674089,0.0035303387164849513,Low
2018-07-11,ARIMA,5D,3,0.0148849889160629,0.004627075701155967,Low
2018-07-12,ARIMA,5D,3,0.0022131704868413,0.012058320906332874,Low
2018-07-13,ARIMA,5D,3,0.0001856171789584,0.0010743837425945088,Low
2018-07-16,ARIMA,5D,3,0.0030506441430882,0.00045392422641706747,Low
2018-07-17,ARIMA,5D,3,0.0038543386856985,0.0028383484415496225,Low
2018-07-18,ARIMA,5D,3,0.0107565916793336,0.003268248756095638,Low
2018-07-19,ARIMA,5D,3,0.0116805157795157,0.008832886634425167,Low
2018-07-20,ARIMA,5D,3,0.0060455789059447,0.009063366266516708,Low
2018-07-23,ARIMA,5D,3,-0.0015615727528739,0.004466135890216507,Low
2018-07-24,ARIMA,5D,3,-0.0014582544196243,-0.0012816442249814683,Low
2018-07-25,ARIMA,5D,3,-0.0115595825575681,-0.0006608721377983106,Low
2018-07-26,ARIMA,5D,3,-0.0036083302264919,-0.008921373585005339,Low
2018-07-27,ARIMA,5D,3,0.0076089364837016,-0.001693190738701602,Low
2018-07-30,ARIMA,5D,3,0.0169117084500903,0.006740342517106072,Low
2018-07-31,ARIMA,5D,3,0.0148590729772732,0.013506674130483688,Low
2018-08-01,ARIMA,5D,3,0.0156375516515492,0.011207871864505432,Low
2018-08-02,ARIMA,5D,3,0.0092804873923004,0.012054736121763422,Low
2018-08-03,ARIMA,5D,3,-0.002492256936292,0.006813547387484713,Low
2018-08-06,ARIMA,5D,3,-0.010038277253074,-0.0022566433395365577,Low
2018-08-07,ARIMA,5D,3,-0.0064895489831425,-0.007536983576090298,Low
2018-08-08,ARIMA,5D,3,-0.0138583431712261,-0.004162118499219965,Low
2018-08-09,ARIMA,5D,3,-0.0045274139415481,-0.010460985477413788,Low
2018-08-10,ARIMA,5D,3,0.0059295046969593,-0.0022957000419800665,Low
2018-08-13,ARIMA,5D,3,0.0123686172650679,0.005432881882373386,Low
2018-08-14,ARIMA,5D,3,0.0080660872032776,0.009939700641573209,Low
2018-08-15,ARIMA,5D,3,0.0152990647304129,0.0060249819247416144,Low
2018-08-16,ARIMA,5D,3,0.0057181562542397,0.012263987937219743,Low
2018-08-17,ARIMA,5D,3,0.0085802558072619,0.00390130478228438,Low
2018-08-20,ARIMA,5D,3,0.0137963223122442,0.007006519321139244,Low
2018-08-21,ARIMA,5D,3,0.0119991644352154,0.010952044341283083,Low
2018-08-22,ARIMA,5D,3,0.0180826379583704,0.009124175217759769,Low
2018-08-23,ARIMA,5D,3,0.0153351598374476,0.014234833190540232,Low
2018-08-24,ARIMA,5D,3,0.0092899223764673,0.011526451504946415,Low
2018-08-27,ARIMA,5D,3,-6.911079522445216e-06,0.006870553587563538,Low
2018-08-28,ARIMA,5D,3,-0.0030832159583867,-0.0002438083084002321,Low
2018-08-29,ARIMA,5D,3,-0.0124274494639165,-0.0020773191559715553,Low
2018-08-30,ARIMA,5D,3,-0.0102030753144729,-0.009493797921342315,Low
2018-08-31,ARIMA,5D,3,-0.0084415155670846,-0.006994812361182966,Low
2018-09-04,ARIMA,5D,3,-0.0030529578284898,-0.005797803478427236,Low
2018-09-05,ARIMA,5D,4,0.0001107133226698,-0.001517703711531392,Low
2018-09-06,ARIMA,5D,4,0.0090380565186791,0.0006517858461084383,Low
2018-09-07,ARIMA,5D,4,0.01152929831446,0.007699642785834232,Low
2018-09-10,ARIMA,5D,4,0.0040479791082175,0.0090617100114871,Low
2018-09-11,ARIMA,5D,4,0.0056697662861272,0.0028569537436338877,Low
2018-09-12,ARIMA,5D,4,0.0065656459694056,0.004756676433977529,Low
2018-09-13,ARIMA,5D,4,0.0091073079953435,0.005306071363766762,Low
2018-09-14,ARIMA,5D,4,0.0084632631575701,0.00731904153872569,Low
2018-09-17,ARIMA,5D,4,0.0105266718351056,0.006606959965582947,Low
2018-09-18,ARIMA,5D,4,0.0038660704743622,0.00834985797327967,Low
2018-09-19,ARIMA,5D,4,-0.0006811172399696,0.002776007990250444,Low
2018-09-20,ARIMA,5D,4,-0.0057316551967875,-0.0003944099641881734,Low
2018-09-21,ARIMA,5D,4,-0.0053699244039186,-0.0041992752175780915,Low
2018-09-24,ARIMA,5D,4,0.0017864502522938,-0.003548323339474015,Low
2018-09-25,ARIMA,5D,4,0.0026956298351326,0.002203544957709437,Low
2018-09-26,ARIMA,5D,4,0.0067015962530107,0.002402179501696592,Low
2018-09-27,ARIMA,5D,4,-0.0042609153965102,0.005637494636116652,Low
2018-09-28,ARIMA,5D,4,-0.0097973598369942,-0.0035707818686937128,Low
2018-10-01,ARIMA,5D,4,-0.0138270468875424,-0.007203623035893216,Low
2018-10-02,ARIMA,5D,4,-0.0148491878114176,-0.010135870203492141,Low
2018-10-03,ARIMA,5D,4,-0.048976843590738,-0.01069091130795001,Low
2018-10-04,ARIMA,5D,4,-0.0615613881422696,-0.03835996445475475,Low
2018-10-05,ARIMA,5D,4,-0.0419118381492711,-0.04598508909126274,Low
2018-10-08,ARIMA,5D,4,-0.0474391257322215,-0.02930849214826726,Low
2018-10-09,ARIMA,5D,4,-0.0247523878631661,-0.03536345780031782,Low
2018-10-10,ARIMA,5D,4,0.008411306916771,-0.016367195092720475,Normal
2018-10-11,ARIMA,5D,4,0.0147023963139714,0.008787954699844985,Normal
2018-10-12,ARIMA,5D,4,0.0002349257703155,0.011536998919521889,Normal
2018-10-15,ARIMA,5D,4,0.001848610965138,-0.0004726376089691179,Normal
2018-10-16,ARIMA,5D,4,-0.0249462932504573,0.001965351912791726,High
2018-10-17,ARIMA,5D,4,-0.0560443728489332,-0.02002839407801674,High
2018-10-18,ARIMA,5D,4,-0.023094164294878,-0.04322434504134448,High
2018-10-19,ARIMA,5D,4,-0.0402120671696018,-0.014282430941798013,High
2018-10-22,ARIMA,5D,4,-0.0424844783683179,-0.03090342681305521,High
2018-10-23,ARIMA,5D,4,-0.0214120792157463,-0.031189204878935735,High
2018-10-24,ARIMA,5D,4,0.0207315733999656,-0.014045732025049103,High
2018-10-25,ARIMA,5D,4,0.0127803542897808,0.01857754484648576,High
2018-10-26,ARIMA,5D,4,0.0239227712439042,0.009056912134262688,High
2018-10-29,ARIMA,5D,4,0.0360886732362923,0.01900126368280002,High
2018-10-30,ARIMA,5D,4,0.0267831380088234,0.027949980203405028,High
2018-10-31,ARIMA,5D,4,0.0369773378150262,0.019551367800459764,High
2018-11-01,ARIMA,5D,4,0.0239627699580054,0.028620190086992476,High
2018-11-02,ARIMA,5D,4,0.0210579050985128,0.01719753831499127,High
2018-11-05,ARIMA,5D,4,-0.0044249395841488,0.015910113732937062,High
2018-11-06,ARIMA,5D,4,-0.0121477461507313,-0.004668206408316844,High
2018-11-07,ARIMA,5D,4,-0.0407310135299559,-0.00900978589474474,High
2018-11-08,ARIMA,5D,4,-0.0276809117988224,-0.03181984773840248,High
2018-11-09,ARIMA,5D,4,-0.0162184883459659,-0.019078575490042462,High
2018-11-12,ARIMA,5D,4,-0.01310349859622,-0.010963799084510038,High
2018-11-13,ARIMA,5D,4,-0.0299384753306319,-0.00919521641595794,High
2018-11-14,ARIMA,5D,4,-0.0193036172014141,-0.023035900088579635,High
2018-11-15,ARIMA,5D,4,-0.0364180696559117,-0.013098346140921868,High
2018-11-16,ARIMA,5D,4,-0.0232259313480293,-0.027932784062815467,High
2018-11-19,ARIMA,5D,4,-0.0031863857476951,-0.0158247331863102,High
2018-11-20,ARIMA,5D,4,0.0378456611120046,-0.0006835134169724533,High
2018-11-21,ARIMA,5D,4,0.032621497255844,0.031224762482299367,High
2018-11-23,ARIMA,5D,4,0.0473354646843172,0.02398636741428988,High
2018-11-26,ARIMA,5D,4,0.0428044906333132,0.03661759986816008,High
2018-11-27,ARIMA,5D,4,0.0066478774301444,0.03175161712885169,High
2018-11-28,ARIMA,5D,4,-0.0175895617871137,0.0028391125206923703,High
2018-11-29,ARIMA,5D,4,-0.0390004026980424,-0.014134693219742197,High
2018-11-30,ARIMA,5D,4,-0.0453773471917438,-0.029933084933456207,High
2018-12-03,ARIMA,5D,4,-0.056615758661412,-0.03363009564263262,High
2018-12-04,ARIMA,5D,4,-0.0183106588125046,-0.04241180925203071,High
2018-12-06,ARIMA,5D,4,-0.0169872212107754,-0.010473158770711088,High
2018-12-07,ARIMA,5D,4,-0.012662098023153,-0.012395931134536239,High
2018-12-10,ARIMA,5D,4,-0.035414986074646,-0.008702256003439778,High
2018-12-11,ARIMA,5D,4,-0.0349721795455512,-0.02753061958522937,High
2018-12-12,ARIMA,5D,4,-0.0558925097318393,-0.02540370135734744,High
2018-12-13,ARIMA,5D,4,-0.0715903689035281,-0.04259646190825753,High
2018-12-14,ARIMA,5D,4,-0.073122277133369,-0.053733772152539286,High
2018-12-17,ARIMA,5D,4,-0.0796165651831067,-0.05393275629409007,High
2018-12-18,ARIMA,5D,4,-0.0312997843660908,-0.059189247934608946,High
2018-12-19,ARIMA,5D,4,-0.007258096221337,-0.0194492060944633,High
2018-12-20,ARIMA,5D,4,0.0073973593525356,-0.003650680740844562,High
2018-12-21,ARIMA,5D,4,0.036657105713283,0.006770771181976176,High
2018-12-24,ARIMA,5D,4,0.0654113716542236,0.02955966338094883,High
2018-12-26,ARIMA,5D,4,-0.0080601378354963,0.05077715302216508,High
2018-12-27,ARIMA,5D,4,0.0171730322560332,-0.01089362988335927,High
2018-12-28,ARIMA,5D,4,0.0254013621614943,0.015391162286833564,High
2018-12-31,ARIMA,5D,4,0.0265933236357848,0.019607756073754992,High
2019-01-02,ARIMA,5D,4,0.0294153019059809,0.0201801895231424,High
2019-01-03,ARIMA,5D,4,0.0589918750993581,0.02241869205879473,High
2019-01-04,ARIMA,5D,4,0.025086167494529,0.04623298998969212,High
2019-01-07,ARIMA,5D,4,0.0128287969120497,0.016456906636472333,High
2019-01-08,ARIMA,5D,4,0.0138448284553133,0.009295304790816566,High
2019-01-09,ARIMA,5D,4,0.0119746776515793,0.01079279523640548,High
2019-01-10,ARIMA,5D,4,0.015029166983353,0.009133157654143714,High
2019-01-11,ARIMA,5D,4,0.0282723883676913,0.011770026739600797,High
2019-01-14,ARIMA,5D,4,0.0192853061269683,0.022279708887668812,High
2019-01-15,ARIMA,5D,4,0.0108211771666582,0.013993256164217493,High
2019-01-16,ARIMA,5D,4,0.0099764367485474,0.007895798127500863,High
2019-01-17,ARIMA,5D,4,0.0108665737428296,0.007781943271887148,High
2019-01-18,ARIMA,5D,4,-0.010108114945735,0.008515668565480788,High
2019-01-22,ARIMA,5D,4,0.0026930539471225,-0.008590480680702738,High
2019-01-23,ARIMA,5D,4,0.0159221739192316,0.0034132178209615137,High
2019-01-24,ARIMA,5D,4,0.0231080426180221,0.013032272131338608,High
2019-01-25,ARIMA,5D,4,0.0155533815023111,0.017966348867387412,High
2019-01-28,ARIMA,5D,4,0.0301845384684998,0.01136674862693926,High
2019-01-29,ARIMA,5D,4,0.0363392168409647,0.023870758466437422,High
2019-01-30,ARIMA,5D,4,0.0186826912318958,0.027696438982961768,High
2019-01-31,ARIMA,5D,4,0.0007208492198978,0.012995349247192312,High
2019-02-01,ARIMA,5D,4,0.0004986152011035,-0.00021481382541788932,Normal
2019-02-04,ARIMA,5D,4,-0.0055459141125577,0.0008445804142585662,Normal
2019-02-05,ARIMA,5D,4,0.0025645683529307,-0.004164693819618344,Normal
2019-02-06,ARIMA,5D,4,0.0078109156641504,0.002893446025651075,Normal
2019-02-07,ARIMA,5D,4,0.0145569454826821,0.006492460136351162,Normal
2019-02-08,ARIMA,5D,4,0.0247009775816269,0.011634308230747913,Normal
2019-02-11,ARIMA,5D,4,0.0254897471044006,0.01939146848383246,Normal
2019-02-12,ARIMA,5D,4,0.0144574277623027,0.019304079229086262,Normal
2019-02-13,ARIMA,5D,4,0.0079053268427506,0.010350969543906602,Normal
2019-02-14,ARIMA,5D,4,0.0169511289211595,0.005869182761234328,Normal
2019-02-15,ARIMA,5D,4,0.0073622287059535,0.013637552162927235,Normal
2019-02-19,ARIMA,5D,4,0.0050738377065212,0.005119556322330082,Normal
2019-02-20,ARIMA,5D,4,0.0027541067094823,0.004060248070252415,Low
2019-02-21,ARIMA,5D,4,0.0034572684363733,0.0022754082488854587,Low
2019-02-22,ARIMA,5D,4,0.003938286330376,0.0030140967929456752,Normal
2019-02-25,ARIMA,5D,4,-0.0011809255146309,0.0033354835832213126,Low
2019-02-26,ARIMA,5D,4,-0.0015223293314974,-0.0008529058663745677,Low
2019-02-27,ARIMA,5D,4,-0.0075236054993244,-0.0007370971738639167,Low
2019-02-28,ARIMA,5D,4,-0.0128530090387051,-0.005622672584392397,Low
2019-03-01,ARIMA,5D,4,-0.0218586297588718,-0.009493069039649853,Low
2019-03-04,ARIMA,5D,4,-0.0034109868001272,-0.016444861443936958,Low
2019-03-05,ARIMA,5D,4,0.0006701524173848,-0.0008077465126376492,Low
2019-03-06,ARIMA,5D,4,0.0141411727785291,0.0010395691982276942,Low
2019-03-07,ARIMA,5D,4,0.0214316845852642,0.011808395209485897,Low
2019-03-08,ARIMA,5D,4,0.0285381681251485,0.016719553321711163,Low
2019-03-11,ARIMA,5D,4,0.0176777293605669,0.022031031851501272,Low
2019-03-12,ARIMA,5D,4,0.0145981935528351,0.012710797569708682,Low
2019-03-13,ARIMA,5D,4,0.004723950055046,0.01108415802111622,Low
2019-03-14,ARIMA,5D,4,0.0163863648813315,0.0032162025721185813,Low
2019-03-15,ARIMA,5D,4,-0.0077429816613723,0.013427816225952318,Low
2019-03-18,ARIMA,5D,4,-0.0122814512935903,-0.00713039029707047,Low
2019-03-19,ARIMA,5D,4,-0.0049938282657296,-0.00888729030458419,Low
2019-03-20,ARIMA,5D,4,-0.0067002748015589,-0.0028028100826709996,Low
2019-03-21,ARIMA,5D,4,-0.0139112355809866,-0.004760010572914676,Low
2019-03-22,ARIMA,5D,4,0.0119572975966112,-0.010433613078436488,Normal
2019-03-25,ARIMA,5D,4,0.0242988659479659,0.011111357606061578,Normal
2019-03-26,ARIMA,5D,4,0.0171592685548901,0.019113926296333357,Normal
2019-03-27,ARIMA,5D,4,0.0239604842515781,0.012563463628933874,Normal
2019-03-28,ARIMA,5D,4,0.0224598947793108,0.018702771104124057,Normal
2019-03-29,ARIMA,5D,4,0.020373906359085,0.016907637707611455,Normal
2019-04-01,ARIMA,5D,4,0.0099186225915643,0.015381726657260782,Normal
2019-04-02,ARIMA,5D,4,0.0038151906010365,0.00703235047775023,Normal
2019-04-03,ARIMA,5D,4,0.0051409559354472,0.0028583410501093784,Normal
2019-04-04,ARIMA,5D,4,0.0030966130327957,0.0043270051217144945,Normal
2019-04-05,ARIMA,5D,4,0.0050584737992424,0.002528580754229908,Normal
2019-04-08,ARIMA,5D,4,0.0033819948043615,0.004290958089352122,Low
2019-04-09,ARIMA,5D,4,0.0099771995651713,0.0027637735207052577,Normal
2019-04-10,ARIMA,5D,4,0.0042289609899325,0.008264256342251183,Normal
2019-04-11,ARIMA,5D,4,0.0057686854738393,0.0030788106270653623,Normal
2019-04-12,ARIMA,5D,4,0.0001926129012265,0.004816202772697641,Normal
2019-04-15,ARIMA,5D,4,0.009624531320579,0.0001238086213408774,Normal
2019-04-16,ARIMA,5D,4,0.0069211343924027,0.008225579568606246,Normal
2019-04-17,ARIMA,5D,4,0.0088284934728688,0.005269234502071842,Normal
2019-04-18,ARIMA,5D,4,0.0119249969719239,0.007096024110589969,Low
2019-04-22,ARIMA,5D,4,0.011984439659225,0.009439783228909416,Low
2019-04-23,ARIMA,5D,4,0.0041330531830212,0.009268081254276792,Low
2019-04-24,ARIMA,5D,4,-0.0012032240642338,0.002906687486623465,Low
2019-04-25,ARIMA,5D,4,-0.0029604269726438,-0.0008307715541352851,Low
2019-04-26,ARIMA,5D,4,0.0019573501829687,-0.0019073100148855144,Low
2019-04-29,ARIMA,5D,4,-0.0035946115103377,0.002188337210004729,Low
2019-04-30,ARIMA,5D,4,-0.0211950642980348,-0.002705818767485885,Low
2019-05-01,ARIMA,5D,4,-0.0152713338371634,-0.01654291516662308,Low
2019-05-02,ARIMA,5D,4,-0.0161710878504088,-0.010432444040899398,Low
2019-05-03,ARIMA,5D,4,-0.0220498212594077,-0.011736825326741758,Low
2019-05-06,ARIMA,5D,4,-0.0419952772088326,-0.016389562450385614,Low
2019-05-07,ARIMA,5D,4,-0.0173618015967111,-0.032154113355483634,Low
2019-05-08,ARIMA,5D,4,-0.0099330918795681,-0.010665213354101585,Low
2019-05-09,ARIMA,5D,4,0.0019488638988593,-0.006647989629105003,Low
2019-05-10,ARIMA,5D,4,-0.0076189673451031,0.002626405673182619,Low
2019-05-13,ARIMA,5D,4,0.0100352438179889,-0.006015832369061101,Normal
2019-05-14,ARIMA,5D,4,0.0105112053879637,0.009135461003962668,Normal
2019-05-15,ARIMA,5D,4,0.0018608186963412,0.008099969009682672,Normal
2019-05-16,ARIMA,5D,4,-0.0189808306614396,0.0011706404204658064,Normal
2019-05-17,ARIMA,5D,4,-0.0117737497153587,-0.01510818722413413,Normal
2019-05-20,ARIMA,5D,4,-0.0134124417402136,-0.007726096860019367,Normal
2019-05-21,ARIMA,5D,4,-0.0288083010006357,-0.009750055938612882,Normal
2019-05-22,ARIMA,5D,4,-0.0238836359617393,-0.022065806749149226,Normal
2019-05-23,ARIMA,5D,4,-0.0251811489709104,-0.016909648624861728,Normal
2019-05-24,ARIMA,5D,4,-0.0293028633972555,-0.01844754873665491,Normal
2019-05-28,ARIMA,5D,4,0.0003140136840822,-0.021651179561206355,Normal
2019-05-29,ARIMA,5D,4,0.0153786508301275,0.0027066566943447414,Normal
2019-05-30,ARIMA,5D,4,0.0193992188311347,0.012657098246572653,Normal
2019-05-31,ARIMA,5D,4,0.0431254033288479,0.014988966241166836,Normal
2019-06-03,ARIMA,5D,4,0.0505436940579213,0.03404235788895626,Normal
2019-06-04,ARIMA,5D,4,0.0289878255188922,0.038279716081060525,High
2019-06-05,ARIMA,5D,4,0.0188194407128411,0.02037263504381126,Normal
2019-06-06,ARIMA,5D,4,0.016791610539687,0.013793842415827179,High
2019-06-07,ARIMA,5D,4,0.0047358195062741,0.01276416780634668,High
2019-06-10,ARIMA,5D,4,0.0010179148638613,0.0030681576188876275,High
2019-06-11,ARIMA,5D,4,0.0110383459147834,0.0009582554523691971,Normal
2019-06-12,ARIMA,5D,4,0.0160587205350446,0.009295668844163408,Normal
2019-06-13,ARIMA,5D,4,0.0213973153680675,0.01259105725371635,Normal
2019-06-14,ARIMA,5D,4,0.0217501108744924,0.016618175050410047,Normal
2019-06-17,ARIMA,5D,4,0.0190854069815525,0.016526756586841985,Normal
2019-06-18,ARIMA,5D,4,-0.0001268582518056,0.014370856374593,Normal
2019-06-19,ARIMA,5D,4,-0.0043422707236335,-0.0010324936252879193,Normal
2019-06-20,ARIMA,5D,4,-0.0099539902669158,-0.00301081781858043,Normal
2019-06-21,ARIMA,5D,4,-0.0029530321465882,-0.007383408916154271,Normal
2019-06-24,ARIMA,5D,4,0.0064233749249528,-0.0012862707460415852,Normal
2019-06-25,ARIMA,5D,4,0.0188889978423289,0.005757700633008271,Normal
2019-06-26,ARIMA,5D,4,0.0277667891818173,0.015222104514511798,Normal
2019-06-27,ARIMA,5D,4,0.0221433691846778,0.021545008600044047,Normal
2019-06-28,ARIMA,5D,4,0.0115552543339544,0.01638375757026671,Normal
2019-07-01,ARIMA,5D,4,0.0051480287814544,0.008267699761821427,Low
2019-07-02,ARIMA,5D,4,0.0067247284405483,0.0038250261222713324,Low
2019-07-03,ARIMA,5D,4,0.0013642523588127,0.0055227355735109306,Low
2019-07-05,ARIMA,5D,4,0.0077813208654278,0.0010091903735444385,Low
2019-07-08,ARIMA,5D,4,0.0128043476039357,0.006645277758511197,Low
2019-07-09,ARIMA,5D,4,0.0081589699904715,0.010196367738293289,Low
2019-07-10,ARIMA,5D,4,-0.0028942424117043,0.006089722525171255,Low
2019-07-11,ARIMA,5D,4,-0.0016012642818338,-0.002503109502274256,Low
2019-07-12,ARIMA,5D,4,-0.0124066880487449,-0.0006463256755177504,Low
2019-07-15,ARIMA,5D,4,-0.0097578400908788,-0.009597613739815103,Low
2019-07-16,ARIMA,5D,4,0.0004758896034078,-0.0066058416655627354,Low
2019-07-17,ARIMA,5D,4,0.0117057478829768,0.0014259847999008725,Low
2019-07-18,ARIMA,5D,4,0.0028538536905583,0.009793883663284222,Low
2019-07-19,ARIMA,5D,4,0.0164102789261859,0.0018182696949232812,Low
2019-07-22,ARIMA,5D,4,0.0119681553108781,0.013578451503868487,Low
2019-07-23,ARIMA,5D,4,0.0025620247995576,0.008866397121828276,Low
2019-07-24,ARIMA,5D,4,-0.0130603749660582,0.00166827763979998,Low
2019-07-25,ARIMA,5D,4,-0.0168236060512647,-0.010345838745452411,Low
2019-07-26,ARIMA,5D,4,-0.0314935303616128,-0.012274980411433357,Low
2019-07-29,ARIMA,5D,4,-0.0601062906022502,-0.024009969707926564,Low
2019-07-30,ARIMA,5D,4,-0.0445912813190392,-0.04615004017806632,Low
2019-07-31,ARIMA,5D,4,-0.0328794920330404,-0.03146946295794486,Low
2019-08-01,ARIMA,5D,4,-0.0052515019973693,-0.023334155909399416,Low
2019-08-02,ARIMA,5D,4,-0.0045807065914613,-0.0016561254573613732,Low
2019-08-05,ARIMA,5D,4,0.0132556664623181,-0.0031459597860503345,Normal
2019-08-06,ARIMA,5D,4,0.0153409888184535,0.011481972840182129,Normal
2019-08-07,ARIMA,5D,4,-0.0151559459699411,0.011802852270937615,Normal
2019-08-08,ARIMA,5D,4,-0.0312831717386259,-0.012999259683953747,High
2019-08-09,ARIMA,5D,4,-0.0103215204327238,-0.023771118911110136,High
2019-08-12,ARIMA,5D,4,0.014105464247589,-0.005733377223545118,High
2019-08-13,ARIMA,5D,4,-0.0088590973318284,0.012415100840726764,High
2019-08-14,ARIMA,5D,4,0.0290842346800602,-0.007941932895452138,High
2019-08-15,ARIMA,5D,4,0.0261167950226014,0.024789324676829223,High
2019-08-16,ARIMA,5D,4,-0.0144951442724813,0.019306772071274257,High
2019-08-19,ARIMA,5D,4,-0.0156052071060809,-0.013166825179622876,High
2019-08-20,ARIMA,5D,4,-0.0108673135945216,-0.011020522878697727,High
2019-08-21,ARIMA,5D,4,-0.0125561416213122,-0.007373488061578588,High
2019-08-22,ARIMA,5D,4,0.0005575437790607,-0.009087598025882864,High
2019-08-23,ARIMA,5D,4,0.0274890056617754,0.0017252491396505549,High
2019-08-26,ARIMA,5D,4,0.0096428835982921,0.022586190223066165,High
2019-08-27,ARIMA,5D,4,0.0236349306772696,0.006132160488773859,High
2019-08-28,ARIMA,5D,4,0.0300366920684668,0.019041975190168002,High
2019-08-29,ARIMA,5D,4,0.0183394004317492,0.02303026687424225,High
2019-08-30,ARIMA,5D,4,0.0176028049929726,0.013154470015736983,High
2019-09-03,ARIMA,5D,4,0.024848066751589,0.013483095040668497,High
2019-09-04,ARIMA,5D,4,0.021268013799555,0.019337418090220552,High
2019-09-05,ARIMA,5D,4,0.0112171171560286,0.01587993065045044,High
2019-09-06,ARIMA,5D,4,0.0095822494746856,0.00804032767060513,High
2019-09-09,ARIMA,5D,4,0.0065357512372295,0.007448187969351794,High
2019-09-10,ARIMA,5D,4,0.0087919241837605,0.005029162402582081,High
2019-09-11,ARIMA,5D,4,0.0019308851416402,0.007088852918789045,High
2019-09-12,ARIMA,5D,4,-0.0009241566146634,0.0013224575395683004,Normal
2019-09-13,ARIMA,5D,4,-0.0051070788425777,-0.0004553948359909258,Normal
2019-09-16,ARIMA,5D,4,-0.0020635065440492,-0.0036862214257570025,Normal
2019-09-17,ARIMA,5D,4,-0.0130939208800627,-0.00091074771132096,Normal
2019-09-18,ARIMA,5D,4,-0.007296868922366,-0.010131019224482972,Normal
2019-09-19,ARIMA,5D,4,-0.0097487144539087,-0.004556782922876908,Normal
2019-09-20,ARIMA,5D,4,-0.0101716499281569,-0.007071563083095883,Normal
2019-09-23,ARIMA,5D,4,-0.0050397990950809,-0.0071790662720025425,Low
2019-09-24,ARIMA,5D,4,-0.0089219370769422,-0.0030004856308212535,Low
2019-09-25,ARIMA,5D,4,-0.0331270265065499,-0.006546064431217726,Low
2019-09-26,ARIMA,5D,4,-0.0227548507230698,-0.025874540816734515,Low
2019-09-27,ARIMA,5D,4,-0.0033075309046822,-0.015635272043910416,Low
2019-09-30,ARIMA,5D,4,-0.0128307933936121,-0.0007996998650069333,Low
2019-10-01,ARIMA,5D,4,-0.0161798260003093,-0.009927709499586185,Low
2019-10-02,ARIMA,5D,4,0.0109488747021802,-0.011791297678595391,Normal
2019-10-03,ARIMA,5D,4,0.0094037723400961,0.010419670417265162,Low
2019-10-04,ARIMA,5D,5,0.006166566774626,0.007064163801814514,Normal
2019-10-07,ARIMA,5D,5,0.0092668373750884,0.004752361372276023,Normal
2019-10-08,ARIMA,5D,5,0.0348564423036876,0.007497984731907718,Normal
2019-10-09,ARIMA,5D,5,0.023791601235648,0.028072171525192993,Normal
2019-10-10,ARIMA,5D,5,0.0201554207936407,0.017094112172815566,Normal
2019-10-11,ARIMA,5D,5,0.0053487954100518,0.015183525826658903,Normal
2019-10-14,ARIMA,5D,5,0.0135849911886045,0.003309712570806808,Normal
2019-10-15,ARIMA,5D,5,0.0001034965537386,0.011152144135048687,Normal
2019-10-16,ARIMA,5D,5,0.0049481444527631,-0.0005757047687519512,Normal
2019-10-17,ARIMA,5D,5,0.0041077271421593,0.004491126071976985,Normal
2019-10-18,ARIMA,5D,5,0.012099202362615,0.003322066437099388,Normal
2019-10-21,ARIMA,5D,5,0.0108169081733991,0.009941128589735726,Normal
2019-10-22,ARIMA,5D,5,0.0135592054752952,0.008263763118741128,Normal
2019-10-23,ARIMA,5D,5,0.0139641915303217,0.010657204243628302,Normal
2019-10-24,ARIMA,5D,5,0.0090181482366112,0.010757996990310135,Normal
2019-10-25,ARIMA,5D,5,0.0145696492856028,0.006720938326989768,Normal
2019-10-28,ARIMA,5D,5,0.0127010751747975,0.01162757733064633,Normal
2019-10-29,ARIMA,5D,5,0.0123474244194576,0.00963664538244048,Normal
2019-10-30,ARIMA,5D,5,0.0098015856108898,0.009539146257939566,Normal
2019-10-31,ARIMA,5D,5,0.0155553994897095,0.007475472919818692,Normal
2019-11-01,ARIMA,5D,5,0.0084968720751778,0.012358059721241063,Low
2019-11-04,ARIMA,5D,5,0.0028352308565282,0.0061434040860370905,Low
2019-11-05,ARIMA,5D,5,0.005585056869612,0.00212784065449267,Low
2019-11-06,ARIMA,5D,5,0.0055940878474386,0.004751102550653408,Low
2019-11-07,ARIMA,5D,5,0.0037044052176145,0.0045074943888514865,Low
2019-11-08,ARIMA,5D,5,0.008813030850472,0.0029920874606157504,Low
2019-11-11,ARIMA,5D,5,0.0112804525866188,0.007296865183680577,Low
2019-11-12,ARIMA,5D,5,0.0091242591856633,0.008894184543916106,Low
2019-11-13,ARIMA,5D,5,0.0046497211946059,0.006985648243356964,Low
2019-11-14,ARIMA,5D,5,0.0022290224939598,0.0035247505175394662,Low
2019-11-15,ARIMA,5D,5,-0.0032644323416373,0.0018847441535714696,Low
2019-11-18,ARIMA,5D,5,0.0037117932230201,-0.002431516953520078,Low
2019-11-19,ARIMA,5D,5,0.0064977269676528,0.003661943571596844,Low
2019-11-20,ARIMA,5D,5,0.0144267190138937,0.0053474983596702805,Low
2019-11-21,ARIMA,5D,5,0.0119914388700941,0.011642587503964838,Low
2019-11-22,ARIMA,5D,5,0.0011503812337543,0.009057373641731625,Low
2019-11-25,ARIMA,5D,5,-0.0129890959117578,0.00047714449241983026,Low
2019-11-26,ARIMA,5D,5,-0.008878601947928,-0.010215359413942223,Low
2019-11-27,ARIMA,5D,5,-0.0115452106465976,-0.0058453775278585925,Low
2019-11-29,ARIMA,5D,5,0.0015683216138172,-0.008434784489040264,Low
2019-12-02,ARIMA,5D,5,0.0070689716233066,0.002490898034743885,Low
2019-12-03,ARIMA,5D,5,0.0126316607123676,0.005924677308778043,Low
2019-12-04,ARIMA,5D,5,0.0092319406329482,0.010125707417631495,Low
2019-12-05,ARIMA,5D,5,0.0162714810818732,0.006955512902889054,Low
2019-12-06,ARIMA,5D,5,0.0072498142016621,0.012990887132501582,Low
2019-12-09,ARIMA,5D,5,0.0175400088286793,0.005067420690923773,Low
2019-12-10,ARIMA,5D,5,0.0189727810261245,0.014204441288589047,Low
2019-12-11,ARIMA,5D,5,0.0156364498562511,0.014496986009683271,Low
2019-12-12,ARIMA,5D,5,0.0115471613025602,0.0117523235832162,Low
2019-12-13,ARIMA,5D,5,0.0164071779566796,0.0086851134096873,Low
2019-12-16,ARIMA,5D,5,0.0101505857284352,0.012935913906971458,Low
2019-12-17,ARIMA,5D,5,0.0096198823975058,0.007434691892989597,Low
2019-12-18,ARIMA,5D,5,0.0151673384480825,0.007528846013010102,Low
2019-12-19,ARIMA,5D,5,0.0107519437658763,0.012036967060812486,Low
2019-12-20,ARIMA,5D,5,2.1751882192300326e-05,0.00801036017779644,Low
2019-12-23,ARIMA,5D,5,0.0020976738120846,-0.0003416993170271712,Low
2019-12-24,ARIMA,5D,5,0.0106370364768695,0.002147685758633713,Low
2019-12-26,ARIMA,5D,5,-0.0015629352981388,0.008862880841755674,Low
2019-12-27,ARIMA,5D,5,0.0019302257564756,-0.0017136218015703975,Low
2019-12-30,ARIMA,5D,5,0.0049206467512307,0.0021425866549768776,Low
2019-12-31,ARIMA,5D,5,0.0068694295926811,0.004208682422012975,Low
2020-01-02,ARIMA,5D,5,0.0051587483472708,0.00559785942989212,Low
2020-01-03,ARIMA,5D,5,0.0093843952247204,0.004072002966010627,Low
2020-01-06,ARIMA,5D,5,0.0128092440763811,0.007658797018727468,Low
2020-01-07,ARIMA,5D,5,0.0141007383240802,0.010104408772794433,Low
2020-01-08,ARIMA,5D,5,0.0110787150821269,0.01092206773847315,Low
2020-01-09,ARIMA,5D,5,0.0127772483874523,0.008383100365858187,Low
2020-01-10,ARIMA,5D,5,0.0194912341224423,0.010009063092297535,Low
2020-01-13,ARIMA,5D,5,0.0098837397069237,0.015320509756359435,Low
2020-01-14,ARIMA,5D,5,0.0116884548405006,0.006989277957703061,Low
2020-01-15,ARIMA,5D,5,0.0109603307901708,0.009255834859599132,Low
2020-01-16,ARIMA,5D,5,-0.0064547060582548,0.00844610846845085,Low
2020-01-17,ARIMA,5D,5,-0.0261651816625839,-0.005656973613091367,Low
2020-01-21,ARIMA,5D,5,-0.0135062977926458,-0.020357416521301526,Low
2020-01-22,ARIMA,5D,5,-0.0146625822329115,-0.008643303929857595,Low
2020-01-23,ARIMA,5D,5,-0.0126734514960586,-0.010705495915347302,Low
2020-01-24,ARIMA,5D,5,-0.0214546056412278,-0.008888520413063265,Low
2020-01-27,ARIMA,5D,5,0.0016295724768487,-0.01621257935802282,Low
2020-01-28,ARIMA,5D,5,0.0064955048940021,0.0032848576840474727,Normal
2020-01-29,ARIMA,5D,5,0.0185505336965597,0.0053817639862687346,Low
2020-01-30,ARIMA,5D,5,0.0187412318233504,0.01499720910534159,Low
2020-01-31,ARIMA,5D,5,0.0311901843852553,0.014232599985949185,Normal
2020-02-03,ARIMA,5D,5,0.0312614487445959,0.024442560533806612,Normal
2020-02-04,ARIMA,5D,5,0.018079181513092,0.023523824036339527,Normal
2020-02-05,ARIMA,5D,5,0.013333255959322,0.012877789201513501,Normal
2020-02-06,ARIMA,5D,5,0.0083813245423315,0.010031806325978153,Normal
2020-02-07,ARIMA,5D,5,0.0156386516502752,0.006271864819255188,Normal
2020-02-10,ARIMA,5D,5,0.0054147475435542,0.012540996077027923,Normal
2020-02-11,ARIMA,5D,5,0.008422447141837,0.003616220565435422,Normal
2020-02-12,ARIMA,5D,5,-0.0018422233913635,0.006919115008831781,Normal
2020-02-13,ARIMA,5D,5,-0.0107842562641946,-0.0017550819013778841,Normal
2020-02-14,ARIMA,5D,5,-0.0467141717831207,-0.008206471731567357,Normal
2020-02-18,ARIMA,5D,5,-0.0745378621723262,-0.03684594338289927,Normal
2020-02-19,ARIMA,5D,5,-0.0830183077801412,-0.056762070835585515,Normal
2020-02-20,ARIMA,5D,5,-0.1243636267044048,-0.061762112581136445,Normal
2020-02-21,ARIMA,5D,5,-0.1220622805812382,-0.09495003360535233,Normal
2020-02-24,ARIMA,5D,5,-0.0429633323913842,-0.08990109890029538,High
2020-02-25,ARIMA,5D,5,-0.0407259129389455,-0.025976197235573047,High
2020-02-26,ARIMA,5D,5,0.0043961337452176,-0.03026989081392262,High
2020-02-27,ARIMA,5D,5,0.0150534876574977,0.006882419018151762,High
2020-02-28,ARIMA,5D,5,0.0061250071147647,0.01200610402519173,High
2020-03-02,ARIMA,5D,5,-0.1178962745950201,0.004245735793722991,High
2020-03-03,ARIMA,5D,5,-0.0411707372462464,-0.0959986897792569,High
2020-03-04,ARIMA,5D,5,-0.1326099794154851,-0.023933196898522906,High
2020-03-05,ARIMA,5D,5,-0.1980440493779775,-0.1052838044344576,High
2020-03-06,ARIMA,5D,5,-0.0920346987763553,-0.15078218514450745,High
2020-03-09,ARIMA,5D,5,-0.1406764833088012,-0.060109189824344315,High
2020-03-10,ARIMA,5D,5,-0.1306652230989684,-0.1083912394180439,High
2020-03-11,ARIMA,5D,5,-0.1337846026224432,-0.09562032805348221,High
2020-03-12,ARIMA,5D,5,-0.0291429892495688,-0.09938211167801975,High
2020-03-13,ARIMA,5D,5,-0.1622790202521715,-0.013815674527090488,High
2020-03-16,ARIMA,5D,5,-0.064358323788931,-0.1304103440929143,High
2020-03-17,ARIMA,5D,5,-0.0329014039066596,-0.0395220705024714,High
2020-03-18,ARIMA,5D,5,0.0317898588462429,-0.02260272114834024,High
2020-03-19,ARIMA,5D,5,0.0876369289500884,0.028454813501634313,High
2020-03-20,ARIMA,5D,5,0.0976967074618287,0.06904485826237024,High
2020-03-23,ARIMA,5D,5,0.1603947990413803,0.0733530746826964,High
2020-03-24,ARIMA,5D,5,0.0545692557350013,0.12399410923136682,High
2020-03-25,ARIMA,5D,5,-0.0020460974186078,0.0329787961058986,High
2020-03-26,ARIMA,5D,5,-0.0400172714358939,-0.004414164054701112,High
2020-03-27,ARIMA,5D,5,-0.0210022867202119,-0.03175565840024733,High
2020-03-30,ARIMA,5D,5,0.0139993668546436,-0.013656619639317105,High
2020-03-31,ARIMA,5D,5,0.0285373385946971,0.013112690402797469,High
2020-04-01,ARIMA,5D,5,0.1071730725187686,0.022389566398594286,High
2020-04-02,ARIMA,5D,5,0.0989838857655076,0.08553280841328162,High
2020-04-03,ARIMA,5D,5,0.1040806871467748,0.07282381901742598,High
2020-04-06,ARIMA,5D,5,0.066227002574252,0.07818983454256362,High
2020-04-07,ARIMA,5D,5,0.0455546089502452,0.04685334920140007,High
2020-04-08,ARIMA,5D,5,0.0178650755985019,0.033018327633910056,High
2020-04-09,ARIMA,5D,5,0.0299225373161231,0.011795130398608111,High
2020-04-13,ARIMA,5D,5,0.0220357511454526,0.02364354067323969,High
2020-04-14,ARIMA,5D,5,-0.0392339236631857,0.016088053215398492,High
2020-04-15,ARIMA,5D,5,0.0057141095913203,-0.03307920458499632,High
2020-04-16,ARIMA,5D,5,-0.0006252959084167,0.008224368575185962,High
2020-04-17,ARIMA,5D,5,-0.013244137362898,-0.0008890448228066343,High
2020-04-20,ARIMA,5D,5,0.0194055764341857,-0.010292331695927016,High
2020-04-21,ARIMA,5D,5,0.0453045214800325,0.01719295198424723,High
2020-04-22,ARIMA,5D,5,0.0488699249429688,0.03565223519345886,High
2020-04-23,ARIMA,5D,5,0.0401543492841097,0.036789477367489734,High
2020-04-24,ARIMA,5D,5,-0.0021279522975054,0.02958384565896008,High
2020-04-27,ARIMA,5D,5,-0.0124939979003919,-0.004156028448460254,High
2020-04-28,ARIMA,5D,5,0.0017621074878715,-0.0093689701379467,High
2020-04-29,ARIMA,5D,5,-0.0314784769562441,0.0027380636419534156,High
2020-04-30,ARIMA,5D,5,-0.0107843778822984,-0.025487010089419334,High
2020-05-01,ARIMA,5D,5,0.0344066281977036,-0.0059361882786402,High
2020-05-04,ARIMA,5D,5,0.030298874985645,0.0289911196816215,High
2020-05-05,ARIMA,5D,5,0.0005855740158176,0.022304877973740145,High
2020-05-06,ARIMA,5D,5,-0.0100275422094197,-0.001250121458901575,High
2020-05-07,ARIMA,5D,5,-0.0100075801602392,-0.007638610447803281,High
2020-05-08,ARIMA,5D,5,-0.0228197000217424,-0.007011182955194307,High
2020-05-11,ARIMA,5D,5,0.0080624393815401,-0.01750373596942609,High
2020-05-12,ARIMA,5D,5,0.0182360574419885,0.008646472168033957,High
2020-05-13,ARIMA,5D,5,0.0523670446796841,0.014428812834778,High
2020-05-14,ARIMA,5D,5,0.0331041585656589,0.041667477151154556,High
2020-05-15,ARIMA,5D,5,0.0315364290487484,0.02337641717768997,High
2020-05-18,ARIMA,5D,5,0.0127355053001353,0.023849727964348845,High
2020-05-19,ARIMA,5D,5,0.037993700502049,0.008495413969135125,High
2020-05-20,ARIMA,5D,5,0.0193695705637139,0.030531325716474208,High
2020-05-21,ARIMA,5D,5,0.0319743324259755,0.013258122049042446,High
2020-05-22,ARIMA,5D,5,0.0333676032175275,0.02517429518190509,High
2020-05-26,ARIMA,5D,5,0.0293306254784657,0.025168799541850792,High
2020-05-27,ARIMA,5D,5,0.0281688488007154,0.021882134319834972,High
2020-05-28,ARIMA,5D,5,0.0269045990420261,0.021250562290424418,High
2020-05-29,ARIMA,5D,5,0.047977818311354,0.02028154242688925,High
2020-06-01,ARIMA,5D,5,0.0562032582387956,0.03753354254335611,High
2020-06-02,ARIMA,5D,5,0.0401962075366748,0.04258081207044117,High
2020-06-03,ARIMA,5D,5,0.0213122809889289,0.029063885065585778,High
2020-06-04,ARIMA,5D,5,-0.0360660229237511,0.014980400291471078,High
2020-06-05,ARIMA,5D,5,-0.0489637491401752,-0.030393710404508303,High
2020-06-08,ARIMA,5D,5,-0.0526555447278059,-0.03655510199624761,High
2020-06-09,ARIMA,5D,5,-0.0260409484413734,-0.03897177433838809,High
2020-06-10,ARIMA,5D,5,-0.0243204889388208,-0.01706910183208007,High
2020-06-11,ARIMA,5D,5,0.0370262474612698,-0.01776356432760288,High
2020-06-12,ARIMA,5D,5,0.0183844472903844,0.03225569738882413,High
2020-06-15,ARIMA,5D,5,0.0165806797688676,0.012290998523401958,High
2020-06-16,ARIMA,5D,5,0.0020939960936407,0.012732224008902367,High
2020-06-17,ARIMA,5D,5,-0.020494473269392,0.0008939370009650434,High
2020-06-18,ARIMA,5D,5,-0.0101886889449758,-0.016366638749022933,High
2020-06-19,ARIMA,5D,5,-0.0290483796541332,-0.006323662776255902,High
2020-06-22,ARIMA,5D,5,-0.0209435848372578,-0.02264133822875781,High
2020-06-23,ARIMA,5D,5,-0.0099494045929859,-0.014480767831635634,High
2020-06-24,ARIMA,5D,5,0.0212554249785469,-0.0063092378519262506,High
2020-06-25,ARIMA,5D,5,0.0148865677271457,0.018318174655348247,High
2020-06-26,ARIMA,5D,5,0.0551687028341401,0.010776151962926615,High
2020-06-29,ARIMA,5D,5,0.0297123368509628,0.04429822631270033,High
2020-06-30,ARIMA,5D,5,0.0222169736786375,0.020362879464516342,High
2020-07-01,ARIMA,5D,5,0.0115478182265723,0.016549471133209277,High
2020-07-02,ARIMA,5D,5,0.0174286575241983,0.008226715543912548,High
2020-07-06,ARIMA,5D,5,-0.0077349185240238,0.01381152829345666,High
2020-07-07,ARIMA,5D,5,0.0164598599285238,-0.007212710735743727,High
2020-07-08,ARIMA,5D,5,0.0177039306014485,0.014499721884083158,High
2020-07-09,ARIMA,5D,5,0.0199516068635278,0.01343554996516064,High
2020-07-10,ARIMA,5D,5,0.0123843596766684,0.015367572972278355,High
2020-07-13,ARIMA,5D,5,0.0301628021478675,0.009020956034254523,High
2020-07-14,ARIMA,5D,5,0.0185231308995236,0.024104580473692298,High
2020-07-15,ARIMA,5D,5,0.0152127045576424,0.013183724272774418,High
2020-07-16,ARIMA,5D,5,0.0062282413595109,0.01153291730529689,High
2020-07-17,ARIMA,5D,5,-0.0028259612523487,0.004375065125573587,High
2020-07-20,ARIMA,5D,5,-0.0038298296860066,-0.0023127266251694086,High
2020-07-21,ARIMA,5D,5,-0.0120018944392131,-0.002490340211541209,High
2020-07-22,ARIMA,5D,5,-0.0053807416819443,-0.009127617724720783,High
2020-07-23,ARIMA,5D,5,0.0032583349668476,-0.003101235789293677,High
2020-07-24,ARIMA,5D,5,0.0171092112333001,0.003356776551497864,High
2020-07-27,ARIMA,5D,5,0.0168966450761765,0.014017309254050384,Normal
2020-07-28,ARIMA,5D,5,0.0269965035209565,0.012824352735475029,Normal
2020-07-29,ARIMA,5D,5,0.0210538806047319,0.021162494841662247,Normal
2020-07-30,ARIMA,5D,5,0.0312183083888514,0.015525901532996373,Normal
2020-07-31,ARIMA,5D,5,0.0242099014166318,0.024341733699013827,Normal
2020-08-03,ARIMA,5D,5,0.0197930040256648,0.017791604533124356,Normal
2020-08-04,ARIMA,5D,5,0.008186525598154,0.01482169303230163,Normal
2020-08-05,ARIMA,5D,5,0.0156768674562496,0.005655007679014145,Normal
2020-08-06,ARIMA,5D,5,0.0072204687594281,0.012631127466630936,Normal
2020-08-07,ARIMA,5D,5,0.0064157420931924,0.005077943002367479,Normal
2020-08-10,ARIMA,5D,5,0.0063834543272239,0.005145274895936033,Normal
2020-08-11,ARIMA,5D,5,0.0166852501484181,0.005112542430512309,Normal
2020-08-12,ARIMA,5D,5,-0.0016283754903773,0.013504120002345944,Normal
2020-08-13,ARIMA,5D,5,0.0035745519541253,-0.0022109251644457533,Normal
2020-08-14,ARIMA,5D,5,0.0071816493333768,0.003529088544084622,Normal
2020-08-17,ARIMA,5D,5,0.0144690871908568,0.0059171059677081556,Normal
2020-08-18,ARIMA,5D,5,0.0157582465165802,0.011622593517428684,Normal
2020-08-19,ARIMA,5D,5,0.0303163712066038,0.012126485925585647,Normal
2020-08-20,ARIMA,5D,5,0.0288343624700669,0.023932527833997123,Low
2020-08-21,ARIMA,5D,5,0.0321091653366645,0.02159631355599879,Low
2020-08-24,ARIMA,5D,5,0.0199181747962527,0.024486388781151006,Low
2020-08-25,ARIMA,5D,5,0.0238251064714183,0.014283140272821744,Low
2020-08-26,ARIMA,5D,5,0.0289301552704466,0.0184405614271892,Low
2020-08-27,ARIMA,5D,5,-0.0084990849035479,0.02219971938980227,Low
2020-08-28,ARIMA,5D,5,-0.0233753685073933,-0.008637428889809971,Low
2020-08-31,ARIMA,5D,5,-0.0493268224183516,-0.01780062085283266,Low
2020-09-01,ARIMA,5D,5,-0.036878893176877,-0.03805549554344721,Low
2020-09-02,ARIMA,5D,5,-0.0698691892461422,-0.025981776503750876,Low
2020-09-03,ARIMA,5D,5,-0.0335786649458695,-0.053999860701557455,High
2020-09-04,ARIMA,5D,5,-0.0127510491665715,-0.021769135659148037,High
2020-09-08,ARIMA,5D,5,0.0206035658503948,-0.007893271291639591,High
2020-09-09,ARIMA,5D,5,-0.0039708417039374,0.017938926212398915,High
2020-09-10,ARIMA,5D,5,0.0053224546929055,-0.00454259413832098,High
2020-09-11,ARIMA,5D,5,-0.0064560524130101,0.005175419541168491,High
2020-09-14,ARIMA,5D,5,-0.0307559514653309,-0.005345170140763741,High
2020-09-15,ARIMA,5D,5,-0.0254987209974544,-0.024125373482942903,High
2020-09-16,ARIMA,5D,5,-0.0448764130196767,-0.018047905352188157,High
2020-09-17,ARIMA,5D,5,-0.0334454579364953,-0.03440800227803547,High
2020-09-18,ARIMA,5D,5,-0.0063494417644783,-0.023534980071583275,High
2020-09-21,ARIMA,5D,5,0.0212713141166736,-0.002511698131381098,High
2020-09-22,ARIMA,5D,5,0.0059840150138535,0.017967810257991396,High
2020-09-23,ARIMA,5D,5,0.0382111964966071,0.00356058651503597,High
2020-09-24,ARIMA,5D,5,0.0405071405062733,0.031180530559525903,High
2020-09-25,ARIMA,5D,5,0.0150328884157139,0.030407708931778122,High
2020-09-28,ARIMA,5D,5,0.0168638055647606,0.00973871683085448,High
2020-09-29,ARIMA,5D,5,0.0076160238816814,0.013206936224213019,High
2020-09-30,ARIMA,5D,5,0.0166433450835435,0.005344945396648764,High
2020-10-01,ARIMA,5D,5,0.0193426084141179,0.013447764462116539,High
2020-10-02,ARIMA,5D,5,0.0377215164612414,0.014870515102121777,High
2020-10-05,ARIMA,5D,5,0.0361909376166647,0.029699802140468277,High
2020-10-06,ARIMA,5D,5,0.0439361103750245,0.027034811313631165,High
2020-10-07,ARIMA,5D,5,0.0200437745207237,0.03359642920936104,High
2020-10-08,ARIMA,5D,5,0.0105366381116412,0.013513874438210303,High
2020-10-09,ARIMA,5D,5,0.001916453387519,0.007693750633769727,High
2020-10-12,ARIMA,5D,5,-0.0308307402857478,0.0012313891543069763,High
2020-10-13,ARIMA,5D,5,-0.0197876533365833,-0.024815437067041927,High
2020-10-14,ARIMA,5D,5,-0.0153405952640942,-0.013331535813705686,High
2020-10-15,ARIMA,5D,5,-0.0086063177463899,-0.01080906872127675,High
2020-10-16,ARIMA,5D,5,-0.005301389882631,-0.00556686570452565,High
2020-10-19,ARIMA,5D,5,-0.0076011993530103,-0.0033772714584374077,High
2020-10-20,ARIMA,5D,5,-0.015347600023457,-0.00545941171885618,High
2020-10-21,ARIMA,5D,5,-0.0490750281204645,-0.011567881654750135,High
2020-10-22,ARIMA,5D,5,-0.0424038571839583,-0.038446739673094955,High
2020-10-23,ARIMA,5D,5,-0.0580474089496077,-0.03044316098740019,High
2020-10-26,ARIMA,5D,5,-0.0270399850736941,-0.04394692534617462,High
2020-10-27,ARIMA,5D,5,-0.0063670420391708,-0.017406625679385418,High
2020-10-28,ARIMA,5D,5,0.0513660257244986,-0.003112315984340875,High
2020-10-29,ARIMA,5D,5,0.0587627665612024,0.04253049920417229,High
2020-10-30,ARIMA,5D,5,0.0706787234210885,0.04418689553174537,High
2015-06-10,ARIMA,20D,1,-0.0259318092879521,-0.014783953103740533,Low
2015-06-11,ARIMA,20D,1,-0.0154059396594725,-0.02385882607056482,Low
2015-06-12,ARIMA,20D,1,0.0026182035009852,-0.014022304272411433,Low
2015-06-15,ARIMA,20D,1,0.0116947663592569,0.00282142297756105,Low
2015-06-16,ARIMA,20D,1,0.0052857795427658,0.011303554293925766,Low
2015-06-17,ARIMA,20D,1,0.0112908285921687,0.005314297277676885,Low
2015-06-18,ARIMA,20D,1,0.0025424001626107,0.010926070742323539,Low
2015-06-19,ARIMA,20D,1,0.0086309520245618,0.0027505840619548656,Low
2015-06-22,ARIMA,20D,1,-0.0017162121997034,0.008440391671506287,Low
2015-06-23,ARIMA,20D,1,-0.0047424436450872,-0.001229128285844647,Low
2015-06-24,ARIMA,20D,1,-0.0030541881381614,-0.004057169353181595,Low
2015-06-25,ARIMA,20D,1,-0.0108372046782262,-0.0024794790833158028,Low
2015-06-26,ARIMA,20D,1,-0.016238803998368,-0.009752779490209987,Low
2015-06-29,ARIMA,20D,1,0.0171582393121328,-0.014800623643029889,Normal
2015-06-30,ARIMA,20D,1,0.0217954198870488,0.016409219924552423,Normal
2015-07-01,ARIMA,20D,1,0.0149116903564342,0.02074270774238732,Normal
2015-07-02,ARIMA,20D,1,0.012945656744929,0.014309799301523103,Normal
2015-07-06,ARIMA,20D,1,0.0140541954989217,0.01247252284284949,Normal
2015-07-07,ARIMA,20D,1,0.0057393957381201,0.013508462485142213,Normal
2015-07-08,ARIMA,20D,1,0.0256421988357525,0.005738205776555234,Normal
2015-07-09,ARIMA,20D,1,0.0155993552683704,0.02433755798442544,Normal
2015-07-10,ARIMA,20D,1,0.0004573460270249,0.01495242847467796,Normal
2015-07-13,ARIMA,20D,1,0.0021789131516949,0.0008020818308872276,Normal
2015-07-14,ARIMA,20D,1,-0.0118674247649875,0.002410902113344664,Normal
2015-07-15,ARIMA,20D,1,-0.0101825648260356,-0.010715529618988348,Normal
2015-07-16,ARIMA,20D,1,-0.0194413241388925,-0.009141012538566404,Normal
2015-07-17,ARIMA,20D,1,-0.0166425634889839,-0.017793408114353874,Normal
2015-07-20,ARIMA,20D,1,-0.0122156084035826,-0.015177940593632127,Normal
2015-07-21,ARIMA,20D,1,-0.0105737950964927,-0.011040910425675749,Normal
2015-07-22,ARIMA,20D,1,-0.0164723664858995,-0.009506620817908599,Normal
2015-07-23,ARIMA,20D,1,-0.0321061167286663,-0.015018889931795086,Normal
2015-07-24,ARIMA,20D,1,-0.0537143385538834,-0.029628773055729845,Normal
2015-07-27,ARIMA,20D,1,-0.0881340278353384,-0.04982185472073461,Normal
2015-07-28,ARIMA,20D,1,-0.1140583513798836,-0.0819873703363411,Normal
2015-07-29,ARIMA,20D,1,-0.0830591948727354,-0.10621388868104287,Normal
2015-07-30,ARIMA,20D,1,-0.0590803072870678,-0.07724489234444504,Normal
2015-07-31,ARIMA,20D,1,-0.0561976523291399,-0.05483640176294437,Normal
2015-08-03,ARIMA,20D,1,-0.0618640370482194,-0.052142534241206066,Normal
2015-08-04,ARIMA,20D,1,-0.0896344477237146,-0.057437822780135046,Normal
2015-08-05,ARIMA,20D,1,-0.0746166144859907,-0.08338952649629035,Low
2015-08-06,ARIMA,20D,1,-0.0656693028640096,-0.06935522346785342,Low
2015-08-07,ARIMA,20D,1,-0.0782385887619482,-0.06099387861836369,Low
2015-08-10,ARIMA,20D,1,-0.0661917871969348,-0.07273999167944231,Low
2015-08-11,ARIMA,20D,1,-0.0705837582858374,-0.06148214502403023,Low
2015-08-12,ARIMA,20D,1,-0.0662692864791163,-0.065586482326096,Low
2015-08-13,ARIMA,20D,1,-0.0605162541657488,-0.06155456881469328,Low
2015-08-14,ARIMA,20D,1,-0.0685186276631518,-0.056178307303453724,Low
2015-08-17,ARIMA,20D,1,-0.0609668317411222,-0.06365659880073682,Low
2015-08-18,ARIMA,20D,1,-0.0496701080901133,-0.056599376184064576,Low
2015-08-19,ARIMA,20D,1,-0.0439453161230762,-0.04604248422520846,Low
2015-08-20,ARIMA,20D,1,-0.0389155866233136,-0.0406926135768687,Normal
2015-08-21,ARIMA,20D,1,-0.0019909520677624,-0.03599228518505901,High
2015-08-24,ARIMA,20D,1,0.0258255622593784,-0.0014858752147323146,High
2015-08-25,ARIMA,20D,1,0.0373890677724402,0.024508912787129827,High
2015-08-26,ARIMA,20D,1,-0.0042708835333978,0.03531511484520425,High
2015-08-27,ARIMA,20D,1,-0.0287440398243084,-0.0036164920997580783,High
2015-08-28,ARIMA,20D,1,-0.0553538021439936,-0.026486881323829158,High
2015-08-31,ARIMA,20D,1,-0.0456946295670278,-0.05135394849641319,High
2015-09-01,ARIMA,20D,1,0.0032239188789652,-0.042327363049413536,High
2015-09-02,ARIMA,20D,1,-0.0129318138659121,0.0033874695589148815,High
2015-09-03,ARIMA,20D,1,0.0001178634510745,-0.011710211005183137,High
2015-09-04,ARIMA,20D,1,0.0336907657238529,0.0004848322471194171,High
2015-09-08,ARIMA,20D,1,0.0053224391826711,0.03185901762938313,High
2015-09-09,ARIMA,20D,1,0.0273209948093088,0.005348556047713831,High
2015-09-10,ARIMA,20D,1,0.0308366995089315,0.02590640823351635,High
2015-09-11,ARIMA,20D,1,0.0270845416244606,0.029191866550436832,High
2015-09-14,ARIMA,20D,1,0.0324572473248373,0.025685440561571314,High
2015-09-15,ARIMA,20D,1,0.0128587360032778,0.03070628336146946,High
2015-09-16,ARIMA,20D,1,-0.0005364356240372,0.01239129461182045,High
2015-09-17,ARIMA,20D,1,0.0167714601698779,-0.0001266162452155089,High
2015-09-18,ARIMA,20D,1,0.0376277524979583,0.016047771265377746,High
2015-09-21,ARIMA,20D,1,0.0333428694081588,0.035538167912391457,High
2015-09-22,ARIMA,20D,1,0.0443156983716433,0.031533905328584425,High
2015-09-23,ARIMA,20D,1,0.0405239936901029,0.041788114728507866,High
2015-09-24,ARIMA,20D,1,0.0603834925740035,0.03824473189473057,High
2015-09-25,ARIMA,20D,1,0.0718193483442668,0.056803615917323975,High
2015-09-28,ARIMA,20D,1,0.0959056265059758,0.06749052811889394,High
2015-09-29,ARIMA,20D,1,0.0921161467279064,0.08999937617957991,High
2015-09-30,ARIMA,20D,1,0.0849907366124848,0.08645807253852149,High
2015-10-01,ARIMA,20D,1,0.0825689225534869,0.07979931137246178,High
2015-10-02,ARIMA,20D,1,0.0635336478486558,0.07753610390141806,High
2015-10-05,ARIMA,20D,1,0.0572129306689683,0.05974746494076671,High
2015-10-06,ARIMA,20D,1,0.063531972938179,0.05384069671045002,High
2015-10-07,ARIMA,20D,1,0.0519767861409791,0.05974589972155001,High
2015-10-08,ARIMA,20D,1,0.0420642162399224,0.048947471579816604,High
2015-10-09,ARIMA,20D,1,0.0409916858993833,0.03968408400719782,High
2015-10-12,ARIMA,20D,1,0.0298457307655479,0.038681794557844484,High
2015-10-13,ARIMA,20D,1,0.0382040096091247,0.028265797162382915,High
2015-10-14,ARIMA,20D,1,0.0396981331994949,0.036076685472973095,High
2015-10-15,ARIMA,20D,1,0.0108654185115071,0.037472957684634,High
2015-10-16,ARIMA,20D,1,-0.0049652832943452,0.010528521116565309,High
2015-10-19,ARIMA,20D,1,0.0095575105560159,-0.0042654150511416385,High
2015-10-20,ARIMA,20D,1,0.0096393345936631,0.009306269125208868,Normal
2015-10-21,ARIMA,20D,1,0.0315150133819696,0.009382734439557045,Normal
2015-10-22,ARIMA,20D,1,0.0139004260403963,0.029825757091896343,High
2015-10-23,ARIMA,20D,1,0.0067334273515029,0.013364763514504874,High
2015-10-26,ARIMA,20D,1,0.007412736510919,0.006667137444741386,Normal
2015-10-27,ARIMA,20D,1,0.0111913723209673,0.007301958090458133,Normal
2015-10-28,ARIMA,20D,1,-0.0007082567821432,0.010833127943850274,Normal
2015-10-29,ARIMA,20D,1,0.0003350601579984,-0.00028718469483041825,Normal
2015-10-30,ARIMA,20D,1,0.0005047417068051,0.0006878045636645042,Normal
2015-11-02,ARIMA,20D,1,-0.0006751956852701,0.0008463735287470237,Normal
2015-11-03,ARIMA,20D,1,-0.0144561412497865,-0.00025628879629266584,Normal
2015-11-04,ARIMA,20D,1,-0.0253823007542894,-0.01313470893915275,Normal
2015-11-05,ARIMA,20D,1,-0.0039316546339399,-0.02334530530121959,Normal
2015-11-06,ARIMA,20D,1,-0.010598016814314,-0.003299479579001333,Normal
2015-11-09,ARIMA,20D,1,-0.0072377787834061,-0.009529256235574546,Normal
2015-11-10,ARIMA,20D,1,-0.0165163203025484,-0.006389082947794246,Normal
2015-11-11,ARIMA,20D,1,-0.0110341564023848,-0.015059965176961447,Normal
2015-11-12,ARIMA,20D,1,-0.0165588608215675,-0.009936832684506468,Normal
2015-11-13,ARIMA,20D,1,-0.0005439323253439,-0.0150997196825183,Normal
2015-11-16,ARIMA,20D,1,-0.0047746550136639,-0.00013362198140837254,Normal
2015-11-17,ARIMA,20D,1,0.0109762576553539,-0.004087271172825626,Normal
2015-11-18,ARIMA,20D,1,-0.0202117488576946,0.010632101314023552,Normal
2015-11-19,ARIMA,20D,1,-0.0370455035358221,-0.01851337708678239,Normal
2015-11-20,ARIMA,20D,1,-0.0331001520888153,-0.03424467537192805,Normal
2015-11-23,ARIMA,20D,1,-0.0230864326555622,-0.030557708225303407,Normal
2015-11-24,ARIMA,20D,1,-0.0119660860729691,-0.02119979548626693,Normal
2015-11-25,ARIMA,20D,1,-0.0134368608618654,-0.010807729517034733,Normal
2015-11-27,ARIMA,20D,1,-0.0162112388776523,-0.012182182059369957,Normal
2015-11-30,ARIMA,20D,1,-0.0009857745650108,-0.014774863784665783,Normal
2015-12-01,ARIMA,20D,1,-0.0188531122955285,-0.0005465276106087378,Normal
2015-12-02,ARIMA,20D,1,-0.0172530046975476,-0.01724371874678589,Normal
2015-12-03,ARIMA,20D,1,-0.0181972200512034,-0.01574840350705083,Normal
2015-12-04,ARIMA,20D,1,-0.0365048722756948,-0.01663078142319532,Normal
2015-12-07,ARIMA,20D,1,-0.042692991317923,-0.03373945049619743,Normal
2015-12-08,ARIMA,20D,1,-0.0601677552116733,-0.03952230454977153,Normal
2015-12-09,ARIMA,20D,1,-0.0632962062918285,-0.05585263183155521,Normal
2015-12-10,ARIMA,20D,1,-0.0646921545746006,-0.058776198085990015,Normal
2015-12-11,ARIMA,20D,1,-0.0373057727010106,-0.06008072457142454,High
2015-12-14,ARIMA,20D,1,-0.0673324358429877,-0.034487899296138255,Normal
2015-12-15,ARIMA,20D,1,-0.0613369550145181,-0.06254809165523073,Normal
2015-12-16,ARIMA,20D,1,-0.0975833633634519,-0.056945259780885125,High
2015-12-17,ARIMA,20D,1,-0.0818969065401467,-0.09081786113482723,Normal
2015-12-18,ARIMA,20D,1,-0.0757021775589383,-0.07615872322751863,High
2015-12-21,ARIMA,20D,1,-0.0782684956501463,-0.0703696921252865,High
2015-12-22,ARIMA,20D,1,-0.0669658643595018,-0.0727679399410168,High
2015-12-23,ARIMA,20D,1,-0.095069006059877,-0.062205527238687476,High
2015-12-24,ARIMA,20D,1,-0.0794238528256458,-0.0884681711521542,High
2015-12-28,ARIMA,20D,1,-0.0881658386698681,-0.07384763182801343,High
2015-12-29,ARIMA,20D,1,-0.0932261521252997,-0.08201709785324121,High
2015-12-30,ARIMA,20D,1,-0.0615241023469646,-0.08674600723239258,High
2015-12-31,ARIMA,20D,1,-0.0525109521510386,-0.05712015068111966,High
2016-01-04,ARIMA,20D,1,-0.056009879071464,-0.04869727907986244,High
2016-01-05,ARIMA,20D,1,-0.0530404631892498,-0.05196705840809848,High
2016-01-06,ARIMA,20D,1,-0.0383127318941003,-0.04919211200612581,High
2016-01-07,ARIMA,20D,1,-0.0329810736511075,-0.035428911906239195,High
2016-01-08,ARIMA,20D,1,-0.0363385941283168,-0.030446428332093097,High
2016-01-11,ARIMA,20D,1,-0.0378553430708996,-0.033584062040994185,High
2016-01-12,ARIMA,20D,1,-0.0458168253194352,-0.03500147785200464,High
2016-01-13,ARIMA,20D,1,-0.0329118975707825,-0.04244155610182841,High
2016-01-14,ARIMA,20D,1,-0.0301399432981203,-0.030381782649974192,High
2016-01-15,ARIMA,20D,1,0.0080775671417269,-0.027791365934879023,High
2016-01-19,ARIMA,20D,1,0.0238919975799392,0.007923248418273694,High
2016-01-20,ARIMA,20D,1,0.0309781314819031,0.02270197884354549,High
2016-01-21,ARIMA,20D,1,0.0257701095641531,0.02932403602756268,High
2016-01-22,ARIMA,20D,1,0.0200401137810157,0.02445709173437099,High
2016-01-25,ARIMA,20D,1,0.0232690813830488,0.019102358072113062,High
2016-01-26,ARIMA,20D,1,0.0136538035873126,0.02211985793901171,High
2016-01-27,ARIMA,20D,1,0.0358610926182919,0.013134292568037121,High
2016-01-28,ARIMA,20D,1,0.0284758765711358,0.033887208036426156,High
2016-01-29,ARIMA,20D,1,-0.0041369055149924,0.02698565584207161,High
2016-02-01,ARIMA,20D,1,0.019894814732168,-0.003491288411603669,High
2016-02-02,ARIMA,20D,1,0.0429017333115012,0.018966574777080192,High
2016-02-03,ARIMA,20D,1,0.0414147476102441,0.04046675139922216,High
2016-02-04,ARIMA,20D,1,0.0431896191836626,0.039077149610465205,High
2016-02-05,ARIMA,20D,1,0.0627284002608782,0.04073578338962741,High
2016-02-08,ARIMA,20D,1,0.0656797021279293,0.058994953677597196,High
2016-02-09,ARIMA,20D,1,0.0713832155575037,0.061752972366108376,High
2016-02-10,ARIMA,20D,1,0.0717279764853873,0.0670829580258465,High
2016-02-11,ARIMA,20D,1,0.1003679694034948,0.06740514027795258,High
2016-02-12,ARIMA,20D,1,0.0797761855798369,0.09416947658283,High
2016-02-16,ARIMA,20D,1,0.0615558169038342,0.07492626556145897,High
2016-02-17,ARIMA,20D,1,0.0507944341599727,0.0578991637658062,High
2016-02-18,ARIMA,20D,1,0.0620446493525036,0.047842552799254125,High
2016-02-19,ARIMA,20D,1,0.0664666498853316,0.05835598217670228,High
2016-02-22,ARIMA,20D,1,0.0531010106905478,0.06248838226979477,High
2016-02-23,ARIMA,20D,1,0.0647558153645641,0.049998069742074956,High
2016-02-24,ARIMA,20D,1,0.0539193457992649,0.060889591704212424,High
2016-02-25,ARIMA,20D,1,0.0422568372894374,0.050762811413709426,High
2016-02-26,ARIMA,20D,1,0.0446738095070744,0.03986409014628309,High
2016-02-29,ARIMA,20D,1,0.0616059526528835,0.04212277287212562,High
2016-03-01,ARIMA,20D,1,0.0423584472448309,0.05794601608355255,High
2016-03-02,ARIMA,20D,1,0.0362306550241083,0.03995904558240527,High
2016-03-03,ARIMA,20D,1,0.0390489797703912,0.03423256749734474,High
2016-03-04,ARIMA,20D,1,0.0325350598585948,0.03686631784573199,High
2016-03-07,ARIMA,20D,1,0.0214541386459363,0.03077899988860602,High
2016-03-08,ARIMA,20D,1,0.0432106926339557,0.020423777289513296,High
2016-03-09,ARIMA,20D,1,0.0261229458811367,0.0407554767223863,High
2016-03-10,ARIMA,20D,1,0.0287498556886304,0.024786820511725295,High
2016-03-11,ARIMA,20D,1,0.0097437642101751,0.027241691842572954,Normal
2016-03-14,ARIMA,20D,1,0.020621286708177,0.009480324874879726,Normal
2016-03-15,ARIMA,20D,1,0.0324499874110528,0.01964546950787046,Normal
2016-03-16,ARIMA,20D,1,0.0270381719594053,0.030699498905389873,Normal
2016-03-17,ARIMA,20D,1,0.0194798193146631,0.025642107683891028,Normal
2016-03-18,ARIMA,20D,1,0.021603577677435,0.018578757749651332,Normal
2016-03-21,ARIMA,20D,1,0.0236982236760091,0.020563429436339688,Normal
2016-03-22,ARIMA,20D,1,0.0253372516220157,0.0225208953514258,Normal
2016-03-23,ARIMA,20D,1,0.0265361982953909,0.024052582013690236,Normal
2016-03-24,ARIMA,20D,1,0.0269621986543086,0.025173008686615133,Normal
2016-03-28,ARIMA,20D,1,0.0246034021454731,0.025571109932822605,Normal
2016-03-29,ARIMA,20D,1,0.0176963902654728,0.02336679294092386,Normal
2016-03-30,ARIMA,20D,1,0.0150035043836535,0.01691212693082042,Low
2016-03-31,ARIMA,20D,1,0.0077717106817125,0.014395600352837223,Low
2016-04-01,ARIMA,20D,1,-0.0036151976154444,0.007637422748544947,Low
2016-04-04,ARIMA,20D,1,0.0073778891276541,-0.003003747590055987,Low
2016-04-05,ARIMA,20D,1,0.0088596881510527,0.0072693928908886506,Low
2016-04-06,ARIMA,20D,1,-0.0075476924864328,0.00865414768157174,Low
2016-04-07,ARIMA,20D,1,0.0042613447907777,-0.006678700148364581,Normal
2016-04-08,ARIMA,20D,1,0.0046482527397141,0.004356953597355018,Normal
2016-04-11,ARIMA,20D,1,0.0081450119369279,0.0047185226275560386,Low
2016-04-12,ARIMA,20D,1,0.010935623291575,0.007986276198550551,Low
2016-04-13,ARIMA,20D,1,-0.0086619693548514,0.010594128128037688,Low
2016-04-14,ARIMA,20D,1,-0.0090043610529482,-0.0077200021112657545,Low
2016-04-15,ARIMA,20D,1,-0.0165340256385547,-0.008039970296385906,Low
2016-04-18,ARIMA,20D,1,-0.0133047748627399,-0.01507651097599912,Low
2016-04-19,ARIMA,20D,1,-0.0258403763177692,-0.01205874648060187,Low
2016-04-20,ARIMA,20D,1,-0.0263964736806022,-0.02377338112054943,Low
2016-04-21,ARIMA,20D,1,-0.0249025053460309,-0.024293059211241544,Low
2016-04-22,ARIMA,20D,1,-0.0189489047027671,-0.02289693208754999,Low
2016-04-25,ARIMA,20D,1,-0.0192228516501059,-0.017333237630750654,Low
2016-04-26,ARIMA,20D,1,-0.0075052142903526,-0.01758924356794607,Low
2016-04-27,ARIMA,20D,1,-0.002202678750516,-0.006639003884166268,Low
2016-04-28,ARIMA,20D,1,0.0068604912611171,-0.0016837357434739556,Low
2016-04-29,ARIMA,20D,1,0.0162141354311139,0.00678587983475702,Low
2016-05-02,ARIMA,20D,1,0.0074287601132798,0.015526946180610464,Low
2016-05-03,ARIMA,20D,1,0.0172776581556018,0.007316932293965319,Low
2016-05-04,ARIMA,20D,1,0.0260529370280607,0.016520817930071586,Low
2016-05-05,ARIMA,20D,1,0.02337591148416,0.024721396595825503,Low
2016-05-06,ARIMA,20D,1,0.025091629449971,0.02221969164922944,Low
2016-05-09,ARIMA,20D,1,0.0256270317715587,0.023823045839036276,Low
2016-05-10,ARIMA,20D,1,0.0165247685074763,0.024323384223698567,Low
2016-05-11,ARIMA,20D,1,0.0244130557874512,0.01581723564216705,Low
2016-05-12,ARIMA,20D,1,0.0153650026452495,0.023188912521921182,Low
2016-05-13,ARIMA,20D,1,0.0157311380172925,0.01473342379695081,Low
2016-05-16,ARIMA,20D,1,0.0041816565557078,0.015075580663347056,Low
2016-05-17,ARIMA,20D,1,0.0117951110440604,0.004282484210122578,Low
2016-05-18,ARIMA,20D,1,0.0147180464687046,0.01139732732306607,Low
2016-05-19,ARIMA,20D,1,0.0151683568468163,0.014128837310736359,Low
2016-05-20,ARIMA,20D,1,0.0149582804024347,0.0145496564930532,Low
2016-05-23,ARIMA,20D,1,0.0197543075747462,0.014353338127219836,Low
2016-05-24,ARIMA,20D,1,0.0045127410441802,0.018835269548575694,Normal
2016-05-25,ARIMA,20D,1,0.0108377784645518,0.004591885704045477,Normal
2016-05-26,ARIMA,20D,1,-0.0255325482911022,0.010502691238942447,Normal
2016-05-27,ARIMA,20D,1,-0.0480724897422444,-0.023485713003684305,Normal
2016-05-31,ARIMA,20D,1,-0.0294525995175666,-0.04454949521255505,Normal
2016-06-01,ARIMA,20D,1,-0.0136977552002388,-0.02714903686194919,Low
2016-06-02,ARIMA,20D,1,-0.0030445882177591,-0.012425990213660715,Low
2016-06-03,ARIMA,20D,1,0.0018181803119677,-0.0024705078695699796,Low
2016-06-06,ARIMA,20D,1,-0.0099381771929945,0.002073793962994248,Low
2016-06-07,ARIMA,20D,1,-0.0058881057639159,-0.00891263005194471,Low
2016-06-08,ARIMA,20D,1,-0.0100641656226037,-0.005127801120716125,Low
2016-06-09,ARIMA,20D,1,0.0067932565412822,-0.009030367396022476,Low
2016-06-10,ARIMA,20D,1,0.0194136082634467,0.006723048371838333,Low
2016-06-13,ARIMA,20D,1,0.0345467493605018,0.01851688291445419,Low
2016-06-14,ARIMA,20D,1,0.0364820131074552,0.03265894219599357,Low
2016-06-15,ARIMA,20D,1,0.0435698449729624,0.034467463933767824,Low
2016-06-16,ARIMA,20D,1,0.0395123728020458,0.041091107880303984,Low
2016-06-17,ARIMA,20D,1,0.0451551187685234,0.037299362887886975,Low
2016-06-20,ARIMA,20D,1,0.0379275314896849,0.04257256079549933,Low
2016-06-21,ARIMA,20D,1,0.0394803492012393,0.035818314132212446,Low
2016-06-22,ARIMA,20D,1,0.0375142083412901,0.03726943653894795,Low
2016-06-23,ARIMA,20D,1,0.0287822680588454,0.035432059855618855,Low
2016-06-24,ARIMA,20D,1,0.0623470421244983,0.027271981500093228,Normal
2016-06-27,ARIMA,20D,1,0.0809320207969203,0.05863857099817902,Normal
2016-06-28,ARIMA,20D,1,0.0621186382460239,0.07600640418270431,High
2016-06-29,ARIMA,20D,1,0.0468343157228623,0.058425125476935104,High
2016-06-30,ARIMA,20D,1,0.034990432691054,0.04414178576481269,High
2016-07-01,ARIMA,20D,1,0.0317731322505308,0.03307356834152797,High
2016-07-05,ARIMA,20D,1,0.0322622204234618,0.03006697154416803,High
2016-07-06,ARIMA,20D,1,0.0300525760812569,0.030524028931734185,High
2016-07-07,ARIMA,20D,1,0.031137083267479,0.028459096008809096,High
2016-07-08,ARIMA,20D,2,0.0245655939908669,0.029468098216234084,High
2016-07-11,ARIMA,20D,2,0.0202551973873269,0.023325843857388066,High
2016-07-12,ARIMA,20D,2,0.0136600730665374,0.019296992677386143,High
2016-07-13,ARIMA,20D,2,0.0106565173280673,0.013132647062356112,High
2016-07-14,ARIMA,20D,2,0.0101345096288141,0.01032527683772325,High
2016-07-15,ARIMA,20D,2,0.010267525301771,0.009837365508779845,High
2016-07-18,ARIMA,20D,2,0.0106770797744241,0.009961692896777282,High
2016-07-19,ARIMA,20D,2,0.0066191420583614,0.010344496191274217,High
2016-07-20,ARIMA,20D,2,0.004224779748753,0.006551613851327423,High
2016-07-21,ARIMA,20D,2,0.0100410513016603,0.0043136459092370065,High
2016-07-22,ARIMA,20D,2,0.0040561149433819,0.009750011669616794,High
2016-07-25,ARIMA,20D,2,0.0065086517999886,0.004155997910074684,Normal
2016-07-26,ARIMA,20D,2,0.0081357868176308,0.0064483405684331325,Normal
2016-07-27,ARIMA,20D,2,0.0040809925047676,0.00796919478181721,Low
2016-07-28,ARIMA,20D,2,0.0011099116600298,0.004179250525034067,Low
2016-07-29,ARIMA,20D,2,-0.0021001326963411,0.0014022340070244822,Low
2016-08-01,ARIMA,20D,2,0.0043848898798241,-0.0015981374628310048,Low
2016-08-02,ARIMA,20D,2,0.0088112392853691,0.0044632980062079206,Low
2016-08-03,ARIMA,20D,2,0.0033035054637354,0.008600528211656992,Low
2016-08-04,ARIMA,20D,2,0.0030495707748348,0.0034525471910238623,Low
2016-08-05,ARIMA,20D,2,-0.0013248849155106,0.0032151989455792575,Low
2016-08-08,ARIMA,20D,2,0.0025599347460361,-0.0008735271255762584,Low
2016-08-09,ARIMA,20D,2,0.0020238208211868,0.002757544842293958,Low
2016-08-10,ARIMA,20D,2,0.0026671296922049,0.0022564486747230477,Low
2016-08-11,ARIMA,20D,2,-0.0268840278210751,0.0028577380553750304,Low
2016-08-12,ARIMA,20D,2,-0.0115172772007267,-0.024763204231008234,Low
2016-08-15,ARIMA,20D,2,-0.0292480417734594,-0.010400175242274157,Low
2016-08-16,ARIMA,20D,2,-0.024341748956794,-0.026972806102395774,Low
2016-08-17,ARIMA,20D,2,-0.0161500785135097,-0.02238698131132585,Low
2016-08-18,ARIMA,20D,2,-0.0221267080054643,-0.014730372380141087,Low
2016-08-19,ARIMA,20D,2,-0.0207040016705207,-0.020316621859207646,Low
2016-08-22,ARIMA,20D,2,-0.0198414263029635,-0.018986843506184094,Low
2016-08-23,ARIMA,20D,2,-0.0109332931476893,-0.01818060962400041,Low
2016-08-24,ARIMA,20D,2,0.0007995140296244,-0.009854335715755938,Low
2016-08-25,ARIMA,20D,2,-0.0035876185334487,0.001112110852579353,Low
2016-08-26,ARIMA,20D,2,-0.0106324044126515,-0.002988464066453823,Low
2016-08-29,ARIMA,20D,2,-0.0094233376760278,-0.00957310035699318,Low
2016-08-30,ARIMA,20D,2,-0.0021851696652625,-0.008443007143633897,Low
2016-08-31,ARIMA,20D,2,-0.0091716062897812,-0.0016776200079641843,Low
2016-09-01,ARIMA,20D,2,-0.0011938283123421,-0.008207718286063294,Low
2016-09-02,ARIMA,20D,2,-0.0086520930929038,-0.0007510308453293748,Low
2016-09-06,ARIMA,20D,2,-0.0165972172492712,-0.007722138524203998,Low
2016-09-07,ARIMA,20D,2,-0.0121633350797807,-0.015148305018107117,Low
2016-09-08,ARIMA,20D,2,-0.0094564030347059,-0.011004034071932338,Low
2016-09-09,ARIMA,20D,2,0.0121125519345162,-0.008473912747359097,Low
2016-09-12,ARIMA,20D,2,0.0021374950184061,0.01168620653442392,Normal
2016-09-13,ARIMA,20D,2,0.004554665598861,0.002362697928730585,Normal
2016-09-14,ARIMA,20D,2,0.0062884472050729,0.004621984356650879,Normal
2016-09-15,ARIMA,20D,2,-0.006874145656601,0.006242519243003505,Normal
2016-09-16,ARIMA,20D,2,-0.0028931337019078,-0.00606032262057065,Normal
2016-09-19,ARIMA,20D,2,-0.0059171485799234,-0.0023393414240619158,Normal
2016-09-20,ARIMA,20D,2,-7.473645845881343e-05,-0.005165834443203293,Normal
2016-09-21,ARIMA,20D,2,-0.0087431646367442,0.00029496444251615565,Normal
2016-09-22,ARIMA,20D,2,-0.0165985876857672,-0.007807261479378156,Normal
2016-09-23,ARIMA,20D,2,-0.0109294398662032,-0.015149585940769664,Normal
2016-09-26,ARIMA,20D,2,0.0024340048991402,-0.00985073412196074,Normal
2016-09-27,ARIMA,20D,2,-0.0077944477308641,0.0026398404501163718,Normal
2016-09-28,ARIMA,20D,2,-0.0148189522556939,-0.0069205126306518625,Normal
2016-09-29,ARIMA,20D,2,-0.0084450204316215,-0.013486192299327102,Normal
2016-09-30,ARIMA,20D,2,-0.0194945531592741,-0.007528591384001589,Normal
2016-10-03,ARIMA,20D,2,-0.0163508138619457,-0.01785639345486268,Normal
2016-10-04,ARIMA,20D,2,-0.0181929511843186,-0.014917996146536574,Normal
2016-10-05,ARIMA,20D,2,-0.0290273218689698,-0.016639809197074064,Normal
2016-10-06,ARIMA,20D,2,-0.0339419787441838,-0.026766503126256058,Normal
2016-10-07,ARIMA,20D,2,-0.0323507115742625,-0.03136014565435869,Normal
2016-10-10,ARIMA,20D,2,-0.0149658421621217,-0.029872816481453672,Normal
2016-10-11,ARIMA,20D,2,0.0013236139327915,-0.013623487687031331,Low
2016-10-12,ARIMA,20D,2,0.0111938016060487,0.0016019777273767986,Low
2016-10-13,ARIMA,20D,2,0.0162467237343781,0.010827466913588681,Low
2016-10-14,ARIMA,20D,2,0.0146462112274593,0.015550343519063627,Low
2016-10-17,ARIMA,20D,2,0.0175733198821164,0.014054372893805638,Low
2016-10-18,ARIMA,20D,2,0.0188847692985071,0.01679028938641422,Low
2016-10-19,ARIMA,20D,2,0.0151116806207807,0.018016077872884166,Low
2016-10-20,ARIMA,20D,2,0.0211538211133594,0.014489438871956594,Low
2016-10-21,ARIMA,20D,2,0.0188483148879658,0.020136920320246297,Low
2016-10-24,ARIMA,20D,2,0.0215434223114122,0.017982004582550518,Low
2016-10-25,ARIMA,20D,2,0.0275114708797117,0.020501073643218036,Low
2016-10-26,ARIMA,20D,2,0.0300610969578077,0.026079302685286992,Low
2016-10-27,ARIMA,20D,2,0.0369590384772404,0.02846239291528221,Low
2016-10-28,ARIMA,20D,2,0.0348037893621302,0.03490977638976967,Low
2016-10-31,ARIMA,20D,2,0.0362604755995908,0.032895303305441756,Low
2016-11-01,ARIMA,20D,2,0.0404135641531693,0.034256842070080215,Low
2016-11-02,ARIMA,20D,2,0.0434387256398595,0.03813866020857717,Low
2016-11-03,ARIMA,20D,2,0.0482688663825537,0.04096622494249019,Low
2016-11-04,ARIMA,20D,2,0.0557408135809902,0.04548087174199746,Low
2016-11-07,ARIMA,20D,2,0.0371656983203999,0.05246476813394663,Normal
2016-11-08,ARIMA,20D,2,0.0464781786679658,0.035102937676201734,Low
2016-11-09,ARIMA,20D,2,0.0376190738051806,0.04380714772643764,Low
2016-11-10,ARIMA,20D,2,0.0415916466220552,0.035526699692750865,Low
2016-11-11,ARIMA,20D,2,0.0418524926792532,0.03923979297696617,Low
2016-11-14,ARIMA,20D,2,0.0484864853376734,0.039483601155656245,Low
2016-11-15,ARIMA,20D,2,0.0328832348537253,0.04568427631581434,Low
2016-11-16,ARIMA,20D,2,0.0383424590636551,0.031100195103312415,Low
2016-11-17,ARIMA,20D,2,0.0319248329514769,0.03620283505110918,Low
2016-11-18,ARIMA,20D,2,0.0362876570322365,0.030204393860424825,Low
2016-11-21,ARIMA,20D,2,0.0324848673625155,0.03428224807260417,Normal
2016-11-22,ARIMA,20D,2,0.0278613905342448,0.030727848081760635,Normal
2016-11-23,ARIMA,20D,2,0.0251889811549393,0.026406366374023604,Low
2016-11-25,ARIMA,20D,2,0.0225331680765949,0.023908512772241167,Low
2016-11-28,ARIMA,20D,2,0.0300474062358788,0.021426171438321942,Normal
2016-11-29,ARIMA,20D,2,0.0203213631728453,0.028449596440555724,Low
2016-11-30,ARIMA,20D,2,0.0226849459961333,0.01935883666242516,Low
2016-12-01,ARIMA,20D,2,0.0215588342660429,0.021568035565100514,Low
2016-12-02,ARIMA,20D,2,0.0296126732991153,0.020515478923592706,Low
2016-12-05,ARIMA,20D,2,0.0295142101429209,0.028043259282664757,Low
2016-12-06,ARIMA,20D,2,0.0253381580715653,0.027951227518651502,Low
2016-12-07,ARIMA,20D,2,0.0157715885074208,0.024047945787774843,Low
2016-12-08,ARIMA,20D,2,0.0100596680189903,0.01510624305781714,Low
2016-12-09,ARIMA,20D,2,0.0041382494860205,0.009767412384790227,Low
2016-12-12,ARIMA,20D,2,0.0081019741657218,0.004232767608890027,Low
2016-12-13,ARIMA,20D,2,-0.0005636214292446,0.007937590696376281,Low
2016-12-14,ARIMA,20D,2,0.0094348054277607,-0.00016198766017850447,Low
2016-12-15,ARIMA,20D,2,0.0025871832839886,0.009183364414367528,Low
2016-12-16,ARIMA,20D,2,0.0061015405047782,0.0027830135669568113,Low
2016-12-19,ARIMA,20D,2,0.0005125301652477,0.0060678208685165415,Low
2016-12-20,ARIMA,20D,2,0.0002422018253947,0.0008438721295611473,Low
2016-12-21,ARIMA,20D,2,8.837904002783037e-06,0.000591201029618682,Low
2016-12-22,ARIMA,20D,2,0.0084166896553614,0.0003730799153579779,Low
2016-12-23,ARIMA,20D,2,0.0151598099162512,0.0082317496771898,Low
2016-12-27,ARIMA,20D,2,0.0121783060764394,0.0145344244699616,Low
2016-12-28,ARIMA,20D,2,0.0197031072964692,0.011747665763502686,Low
2016-12-29,ARIMA,20D,2,0.0139687815322409,0.01878096387108264,Low
2016-12-30,ARIMA,20D,2,0.0177263146210628,0.013421191384543235,Low
2017-01-03,ARIMA,20D,2,0.0095738668560221,0.016933290852690443,Low
2017-01-04,ARIMA,20D,2,0.0044380499241636,0.009313342662513782,Low
2017-01-05,ARIMA,20D,2,0.0124475143811984,0.004512985755866561,Low
2017-01-06,ARIMA,20D,2,0.0068191276869103,0.011999289986527514,Low
2017-01-09,ARIMA,20D,2,0.0106008366223156,0.006738536867854707,Low
2017-01-10,ARIMA,20D,2,0.0112939187709253,0.0102732330705936,Low
2017-01-11,ARIMA,20D,2,0.0142043401177834,0.010921044650152471,Low
2017-01-12,ARIMA,20D,2,0.0199111593335223,0.013641363812422161,Low
2017-01-13,ARIMA,20D,2,0.0232951615223869,0.01897542641643051,Low
2017-01-17,ARIMA,20D,2,0.030266403174278,0.022138393183929194,Low
2017-01-18,ARIMA,20D,2,0.0334840913702031,0.028654288990879705,Low
2017-01-19,ARIMA,20D,2,0.0362354373929721,0.03166180502186035,Low
2017-01-20,ARIMA,20D,2,0.0345520026589097,0.03423343930287359,Low
2017-01-23,ARIMA,20D,2,0.0432756023250485,0.03265996274407773,Low
2017-01-24,ARIMA,20D,2,0.0356496756492821,0.040813756476172636,Low
2017-01-25,ARIMA,20D,2,0.0280745218245724,0.033685938200462895,Low
2017-01-26,ARIMA,20D,2,0.0303024269918673,0.0266055764072318,Low
2017-01-27,ARIMA,20D,2,0.0321867317493426,0.02868795981362572,Low
2017-01-30,ARIMA,20D,2,0.0356326991302444,0.030449186017127008,Low
2017-01-31,ARIMA,20D,2,0.0501042118220022,0.03367007054951376,Low
2017-02-01,ARIMA,20D,2,0.0439287758617805,0.047196336540146315,Low
2017-02-02,ARIMA,20D,2,0.0438623793916245,0.04142426618473345,Low
2017-02-03,ARIMA,20D,2,0.033341259773505,0.04136220658285917,Low
2017-02-06,ARIMA,20D,2,0.0325412313851243,0.031528302864210614,Low
2017-02-07,ARIMA,20D,2,0.0300275999572145,0.030780530533025242,Low
2017-02-08,ARIMA,20D,2,0.0301340934213712,0.028431083863522194,Low
2017-02-09,ARIMA,20D,2,0.0276613693912696,0.02853062141382043,Low
2017-02-10,ARIMA,20D,2,0.0244682281884301,0.026219410162792566,Low
2017-02-13,ARIMA,20D,2,0.0158513456235278,0.023234837770449993,Low
2017-02-14,ARIMA,20D,2,0.0201918975525416,0.015180790618261426,Low
2017-02-15,ARIMA,20D,2,0.0135839740876235,0.01923782744561623,Low
2017-02-16,ARIMA,20D,2,0.0131332864249421,0.013061518697800888,Low
2017-02-17,ARIMA,20D,2,0.0094442210173245,0.012640268940849273,Low
2017-02-21,ARIMA,20D,2,-0.0090712235928466,0.009192164998771611,Low
2017-02-22,ARIMA,20D,2,-0.0061003345985798,-0.008113892361399054,Low
2017-02-23,ARIMA,20D,2,-0.007580065714669,-0.005337055162618664,Low
2017-02-24,ARIMA,20D,2,-0.0099166681606391,-0.006720133566180285,Low
2017-02-27,ARIMA,20D,2,-0.0119542410142186,-0.00890411438917711,Low
2017-02-28,ARIMA,20D,2,-0.0021472260693997,-0.010808597561036932,Low
2017-03-01,ARIMA,20D,2,-0.0146437009492948,-0.0016421548025490245,Low
2017-03-02,ARIMA,20D,2,-0.0058357730654845,-0.013322388014588425,Low
2017-03-03,ARIMA,20D,2,-0.0085971173722863,-0.005089774194570679,Low
2017-03-06,ARIMA,20D,2,-0.0069579699167338,-0.007670753694163214,Low
2017-03-07,ARIMA,20D,2,-0.0034809779399827,-0.006138671668329147,Low
2017-03-08,ARIMA,20D,2,-0.004253686787441,-0.0028887889970022687,Low
2017-03-09,ARIMA,20D,2,-0.0031256121064722,-0.003611026238309386,Low
2017-03-10,ARIMA,20D,2,-0.0072164242752756,-0.002556634861465108,Low
2017-03-13,ARIMA,20D,2,-0.0068955397586622,-0.006380244368746691,Low
2017-03-14,ARIMA,20D,2,-0.0049456990697295,-0.0060803193079435845,Low
2017-03-15,ARIMA,20D,2,-0.0170526156134027,-0.004257837832811881,Low
2017-03-16,ARIMA,20D,2,-0.0222626011040233,-0.015573957784071928,Low
2017-03-17,ARIMA,20D,2,-0.0123709561486847,-0.020443638725830524,Low
2017-03-20,ARIMA,20D,2,-0.0132666429141377,-0.011198093799002502,Low
2017-03-21,ARIMA,20D,2,-0.0024988737209041,-0.012035276316950803,Low
2017-03-22,ARIMA,20D,2,0.0031418737946071,-0.0019708336193764303,Low
2017-03-23,ARIMA,20D,2,0.0011630178323216,0.003301472939443757,Low
2017-03-24,ARIMA,20D,2,0.012789106634372,0.001451871403436564,Low
2017-03-27,ARIMA,20D,2,0.0198814284319686,0.012318570201055274,Low
2017-03-28,ARIMA,20D,2,0.0121702981266575,0.01894763747058066,Low
2017-03-29,ARIMA,20D,2,0.0116383289231265,0.011740180875011979,Low
2017-03-30,ARIMA,20D,2,0.0067925385399315,0.011242958704873303,Low
2017-03-31,ARIMA,20D,2,0.0107809243050921,0.006713684464228367,Low
2017-04-03,ARIMA,20D,2,0.013612743198917,0.010441557830468837,Low
2017-04-04,ARIMA,20D,2,0.0117812077284283,0.013088408675369824,Low
2017-04-05,ARIMA,20D,2,0.0154226778278199,0.011376504987566795,Low
2017-04-06,ARIMA,20D,2,0.0175753869415633,0.014780122440036656,Low
2017-04-07,ARIMA,20D,2,0.0184403046764161,0.01679222143018136,Low
2017-04-10,ARIMA,20D,2,0.0167270799838398,0.017600644681490644,Low
2017-04-11,ARIMA,20D,2,0.0192919509932476,0.0159993239773527,Low
2017-04-12,ARIMA,20D,2,0.0208938370381279,0.018396663373991692,Low
2017-04-13,ARIMA,20D,2,0.0262523219871379,0.019893917820796962,Low
2017-04-17,ARIMA,20D,2,0.0224409985990458,0.02490239856990285,Low
2017-04-18,ARIMA,20D,2,0.0246614684078932,0.021340022264002605,Low
2017-04-19,ARIMA,20D,2,0.0080338256336465,0.0234154559728605,Low
2017-04-20,ARIMA,20D,2,0.0041850138978888,0.007873893473331542,Low
2017-04-21,ARIMA,20D,2,0.0139694052132046,0.004276477474423739,Low
2017-04-24,ARIMA,20D,2,0.0083345319211012,0.013421774328067383,Low
2017-04-25,ARIMA,20D,2,0.0040985028817307,0.008154958301577486,Low
2017-04-26,ARIMA,20D,2,0.0070703581619944,0.004195617163508152,Low
2017-04-27,ARIMA,20D,2,0.0109497032036732,0.006973357532654729,Low
2017-04-28,ARIMA,20D,2,0.0131751844604657,0.010599312470528973,Low
2017-05-01,ARIMA,20D,2,0.0102390419040379,0.012679430290809597,Low
2017-05-02,ARIMA,20D,2,0.0085906236982751,0.009935069970600785,Low
2017-05-03,ARIMA,20D,2,0.0174053886789501,0.008394322739134924,Low
2017-05-04,ARIMA,20D,2,0.0205243300091266,0.016633327072208597,Low
2017-05-05,ARIMA,20D,2,0.0152255634612194,0.019548546160892563,Low
2017-05-08,ARIMA,20D,2,0.0124052095231075,0.014595883141077126,Low
2017-05-09,ARIMA,20D,2,0.0149980128762481,0.011959748386736125,Low
2017-05-10,ARIMA,20D,2,0.0141352191944633,0.014383195649160758,Low
2017-05-11,ARIMA,20D,2,0.0154700367023827,0.013576757712544414,Low
2017-05-12,ARIMA,20D,2,0.0159703295634589,0.014824387939297027,Low
2017-05-15,ARIMA,20D,2,0.0157065461036737,0.015292002794514299,Low
2017-05-16,ARIMA,20D,2,0.0153973521753423,0.015045449077775615,Low
2017-05-17,ARIMA,20D,2,0.0315007105496168,0.014756451002288931,Low
2017-05-18,ARIMA,20D,2,0.0281042710724604,0.029807974181132207,Low
2017-05-19,ARIMA,20D,2,0.029672151071154,0.0266333825010746,Low
2017-05-22,ARIMA,20D,2,0.017806127328214,0.02809885210024103,Low
2017-05-23,ARIMA,20D,2,0.0153871279625619,0.017007890373096798,Low
2017-05-24,ARIMA,20D,2,0.0124452081855474,0.014746894612120318,Low
2017-05-25,ARIMA,20D,2,0.0095727946989782,0.011997134426395942,Low
2017-05-26,ARIMA,20D,2,0.0095780448534083,0.009312340536359567,Low
2017-05-30,ARIMA,20D,2,0.0026778090072692,0.009317247762495907,Low
2017-05-31,ARIMA,20D,2,0.0119073852737716,0.002867719821568675,Low
2017-06-01,ARIMA,20D,2,-0.004272427155217,0.01149444089908561,Low
2017-06-02,ARIMA,20D,2,-0.0064412441623894,-0.0036285425273594463,Low
2017-06-05,ARIMA,20D,2,-0.0029146690428132,-0.005655697279518129,Low
2017-06-06,ARIMA,20D,2,0.0013204636596794,-0.0023594701248750172,Low
2017-06-07,ARIMA,20D,2,-0.0096595524435342,0.0015990332230278051,Low
2017-06-08,ARIMA,20D,2,-0.0035440089095833,-0.00866379289314485,Low
2017-06-09,ARIMA,20D,2,-0.0017863389398834,-0.002947702925257383,Low
2017-06-12,ARIMA,20D,2,-0.0015900835262475,-0.0013048400096584674,Low
2017-06-13,ARIMA,20D,2,0.0011876085783438,-0.0011214035587853851,Low
2017-06-14,ARIMA,20D,2,0.0040567650171345,0.001474855937167706,Low
2017-06-15,ARIMA,20D,2,0.0109614909839841,0.004156605522470049,Low
2017-06-16,ARIMA,20D,2,0.0106249775972177,0.010610330299509297,Low
2017-06-19,ARIMA,20D,2,0.0029100730884346,0.010295797211243869,Low
2017-06-20,ARIMA,20D,2,0.0149874917514198,0.0030848129346958473,Low
2017-06-21,ARIMA,20D,2,0.0154166348560844,0.014373361740572245,Low
2017-06-22,ARIMA,20D,2,0.0155045814993135,0.014774474181640365,Low
2017-06-23,ARIMA,20D,2,0.0128805819484959,0.014856676347691576,Low
2017-06-26,ARIMA,20D,2,0.0154837375286614,0.012404070553145019,Low
2017-06-27,ARIMA,20D,2,0.0238719481104537,0.014837193858379881,Low
2017-06-28,ARIMA,20D,2,0.0141292848265089,0.022677505367720764,Low
2017-06-29,ARIMA,20D,2,0.0214244859925343,0.013571210964174203,Low
2017-06-30,ARIMA,20D,2,0.0191640175471008,0.020389905977518136,Low
2017-07-03,ARIMA,20D,2,0.0193019703428917,0.018277086253165514,Low
2017-07-05,ARIMA,20D,2,0.0183422737139506,0.01840602828222388,Low
2017-07-06,ARIMA,20D,2,0.0255692191858709,0.017509016881282764,Low
2017-07-07,ARIMA,20D,2,0.0210738280337947,0.024263914509135228,Low
2017-07-10,ARIMA,20D,2,0.0217923365745625,0.020062152208947314,Low
2017-07-11,ARIMA,20D,2,0.0201579714102593,0.02073372938584478,Low
2017-07-12,ARIMA,20D,2,0.0125152456697256,0.01920611728273825,Low
2017-07-13,ARIMA,20D,2,-0.003937802204489,0.012062597219435447,Low
2017-07-14,ARIMA,20D,2,-0.007325661246511,-0.003315774526732448,Low
2017-07-17,ARIMA,20D,2,0.0027209042362451,-0.006482346226404092,Low
2017-07-18,ARIMA,20D,2,0.0016242932112507,0.0029080001669942943,Low
2017-07-19,ARIMA,20D,2,-0.0023148694814704,0.0018830173107941559,Low
2017-07-20,ARIMA,20D,2,-0.0177185408800548,-0.0017988481235269322,Low
2017-07-21,ARIMA,20D,2,-0.0191876552121979,-0.016196386308199157,Low
2017-07-24,ARIMA,20D,2,-0.0169613785022229,-0.017569541392293157,Low
2017-07-25,ARIMA,20D,2,-0.0099885907614958,-0.01548868007604506,Low
2017-07-26,ARIMA,20D,2,-0.0137307849002542,-0.008971339167308282,Low
2017-07-27,ARIMA,20D,2,-0.0148342400099989,-0.012469101591153681,Low
2017-07-28,ARIMA,20D,2,-0.0118207526629454,-0.013500481491862355,Low
2017-07-31,ARIMA,20D,2,-0.0106053883550895,-0.01068382836900902,Low
2017-08-01,ARIMA,20D,2,-0.0122090423680181,-0.009547848927623951,Low
2017-08-02,ARIMA,20D,2,-0.0080970379873045,-0.01104675586277606,Low
2017-08-03,ARIMA,20D,2,-0.0002063225676454,-0.0072033383712613915,Low
2017-08-04,ARIMA,20D,2,-0.0001130659428496,0.00017197324239483659,Low
2017-08-07,ARIMA,20D,3,-0.0093383691392749,0.0002691973340773852,Low
2017-08-08,ARIMA,20D,3,-0.0037971744157455,-0.008352703752657122,Low
2017-08-09,ARIMA,20D,3,-0.0036119516678868,-0.0031739435762850148,Low
2017-08-10,ARIMA,20D,3,0.0094783065893968,-0.0030008357469759814,Low
2017-08-11,ARIMA,20D,3,0.0189845246585567,0.009233224152306456,Low
2017-08-14,ARIMA,20D,3,0.0123491760073906,0.018117666230371077,Low
2017-08-15,ARIMA,20D,3,0.0136049425823564,0.011916317772954595,Low
2017-08-16,ARIMA,20D,3,0.0110845232081963,0.0130899480555428,Low
2017-08-17,ARIMA,20D,3,0.028487343241547,0.010734382490010158,Low
2017-08-18,ARIMA,20D,3,0.0317792588320284,0.026998931173454224,Low
2017-08-21,ARIMA,20D,3,0.0317268627341936,0.030075531476196342,Low
2017-08-22,ARIMA,20D,3,0.022469314175878,0.030026562465287565,Low
2017-08-23,ARIMA,20D,3,0.022878318361602,0.021374525098497583,Low
2017-08-24,ARIMA,20D,3,0.0256025191039075,0.021756777427585167,Low
2017-08-25,ARIMA,20D,3,0.0217065247351162,0.024302795573597758,Low
2017-08-28,ARIMA,20D,3,0.0212917353877149,0.020661627650227027,Low
2017-08-29,ARIMA,20D,3,0.024526091027693,0.020273968551227345,Low
2017-08-30,ARIMA,20D,3,0.02112544986857,0.023296773744016962,Low
2017-08-31,ARIMA,20D,3,0.0191190393523553,0.020118559317763976,Low
2017-09-01,ARIMA,20D,3,0.0210049801397325,0.01824338268217217,Low
2017-09-05,ARIMA,20D,3,0.0307409498765382,0.020005969187784817,Low
2017-09-06,ARIMA,20D,3,0.0288630510445079,0.029105135498839627,Low
2017-09-07,ARIMA,20D,3,0.0346724071206541,0.027350064946043775,Low
2017-09-08,ARIMA,20D,3,0.0350881560988721,0.03277944676685602,Low
2017-09-11,ARIMA,20D,3,0.0225011170337114,0.03316800272981836,Low
2017-09-12,ARIMA,20D,3,0.0214625340693062,0.02140424781748868,Low
2017-09-13,ARIMA,20D,3,0.0225075827508873,0.020433595753398377,Low
2017-09-14,ARIMA,20D,3,0.0219207294813639,0.021410290629606442,Low
2017-09-15,ARIMA,20D,3,0.0209529739400508,0.02086182184386311,Low
2017-09-18,ARIMA,20D,3,0.021247334543227,0.01995736457284638,Low
2017-09-19,ARIMA,20D,3,0.0208101078319297,0.020232471845786755,Low
2017-09-20,ARIMA,20D,3,0.0209180206409498,0.019823842950126798,Low
2017-09-21,ARIMA,20D,3,0.0242965307028752,0.019924697474422923,Low
2017-09-22,ARIMA,20D,3,0.0287527428927385,0.023082228338638343,Low
2017-09-25,ARIMA,20D,3,0.0269968702795951,0.02724697175188352,Low
2017-09-26,ARIMA,20D,3,0.0285413070282584,0.025605946013315426,Low
2017-09-27,ARIMA,20D,3,0.0197905289390104,0.02704936533495383,Low
2017-09-28,ARIMA,20D,3,0.0198567775606747,0.01887095195264947,Low
2017-09-29,ARIMA,20D,3,0.0241991244719031,0.018932867431302076,Low
2017-10-02,ARIMA,20D,3,0.0171350282654499,0.022991193185560827,Low
2017-10-03,ARIMA,20D,3,0.0159225300174684,0.016389140389852574,Low
2017-10-04,ARIMA,20D,3,0.0162674304642586,0.015255948370105599,Low
2017-10-05,ARIMA,20D,3,0.0108264742026328,0.015578289812297757,Low
2017-10-06,ARIMA,20D,3,0.014992974694187,0.010493211771376128,Low
2017-10-09,ARIMA,20D,3,0.0180694824469768,0.014387192744264999,Low
2017-10-10,ARIMA,20D,3,0.0155606420114168,0.017262474452881774,Low
2017-10-11,ARIMA,20D,3,0.0152013730138137,0.014917730478918945,Low
2017-10-12,ARIMA,20D,3,0.013120568794795,0.014581960293927686,Low
2017-10-13,ARIMA,20D,3,0.011344799813895,0.012637255846252641,Low
2017-10-16,ARIMA,20D,3,0.0105787281928825,0.010977635107484533,Low
2017-10-17,ARIMA,20D,3,0.0075940947271664,0.010261670157488799,Low
2017-10-18,ARIMA,20D,3,0.0013110364737133,0.007472253487526867,Low
2017-10-19,ARIMA,20D,3,0.0091457451416753,0.001600153066539673,Low
2017-10-20,ARIMA,20D,3,0.0014125319777474,0.008922414648654908,Low
2017-10-23,ARIMA,20D,3,0.0066677971795348,0.0016950100243976378,Low
2017-10-24,ARIMA,20D,3,0.0115710351847293,0.006606542555049432,Low
2017-10-25,ARIMA,20D,3,0.0154944481686596,0.011189073035119245,Low
2017-10-26,ARIMA,20D,3,0.0162782931962895,0.014855866196233407,Low
2017-10-27,ARIMA,20D,3,0.0078533516297591,0.015588442042431334,Low
2017-10-30,ARIMA,20D,3,0.0208512612032935,0.007714553097915126,Low
2017-10-31,ARIMA,20D,3,0.0195379543838234,0.0198623045908696,Low
2017-11-01,ARIMA,20D,3,0.0261046969387306,0.01863489761541185,Low
2017-11-02,ARIMA,20D,3,0.0238881662332583,0.024772127315612798,Low
2017-11-03,ARIMA,20D,3,0.0197431663576575,0.02270057388355897,Low
2017-11-06,ARIMA,20D,3,0.0147263319469258,0.01882668722953497,Low
2017-11-07,ARIMA,20D,3,0.0148013405814775,0.01413799037731493,Low
2017-11-08,ARIMA,20D,3,0.0162867936595262,0.014208092900124845,Low
2017-11-09,ARIMA,20D,3,0.0255469770344146,0.015596386513378004,Low
2017-11-10,ARIMA,20D,3,0.0296418661321643,0.024250886360521067,Low
2017-11-13,ARIMA,20D,3,0.0302064389429607,0.02807793984702609,Low
2017-11-14,ARIMA,20D,3,0.0320456505330924,0.02860558547853579,Low
2017-11-15,ARIMA,20D,3,0.0335074815444534,0.030324499217201397,Low
2017-11-16,ARIMA,20D,3,0.0342791421716238,0.03169071581920527,Low
2017-11-17,ARIMA,20D,3,0.0422570377301188,0.032411904213595244,Low
2017-11-20,ARIMA,20D,3,0.0377466697982101,0.03986798721933273,Low
2017-11-21,ARIMA,20D,3,0.030398594844885,0.035652630244532746,Low
2017-11-22,ARIMA,20D,3,0.0331328245608727,0.028785172983070654,Low
2017-11-24,ARIMA,20D,3,0.0306205686445271,0.03134056413474477,Low
2017-11-27,ARIMA,20D,3,0.0299459245312717,0.028992628077349012,Low
2017-11-28,ARIMA,20D,3,0.0209362206447204,0.028362110609317207,Low
2017-11-29,ARIMA,20D,3,0.0231378335304307,0.019941707065213296,Low
2017-11-30,ARIMA,20D,3,0.0097836145748712,0.021999318411714038,Low
2017-12-01,ARIMA,20D,3,0.0200792757290746,0.00951856276890287,Low
2017-12-04,ARIMA,20D,3,0.0275104195222974,0.019140812596797223,Low
2017-12-05,ARIMA,20D,3,0.0352773529035796,0.026085905390202068,Low
2017-12-06,ARIMA,20D,3,0.0424006109626952,0.033344824683675264,Low
2017-12-07,ARIMA,20D,3,0.0411335077198828,0.04000216971541114,Low
2017-12-08,ARIMA,20D,3,0.0369443892016631,0.03881794426573245,Low
2017-12-11,ARIMA,20D,3,0.0326347012684465,0.03490282465007651,Low
2017-12-12,ARIMA,20D,3,0.0380960033152389,0.03087502173848387,Low
2017-12-13,ARIMA,20D,3,0.0452959986844834,0.03597911480183927,Low
2017-12-14,ARIMA,20D,3,0.0458444531536434,0.04270817796397219,Low
2017-12-15,ARIMA,20D,3,0.0462811459500027,0.04322075951094046,Low
2017-12-18,ARIMA,20D,3,0.0393149698729314,0.04362888941359323,Low
2017-12-19,ARIMA,20D,3,0.04692611590304,0.0371183520566684,Low
2017-12-20,ARIMA,20D,3,0.0557887163588261,0.04423167362790049,Low
2017-12-21,ARIMA,20D,3,0.05597703431439,0.052514595378444676,Low
2017-12-22,ARIMA,20D,3,0.0558751734052716,0.05269059596630147,Low
2017-12-26,ARIMA,20D,3,0.0575365885041631,0.05259539750351663,Low
2017-12-27,ARIMA,20D,3,0.0685175983000053,0.05414814393814876,Low
2017-12-28,ARIMA,20D,3,0.0599305430122226,0.06441091560823332,Low
2017-12-29,ARIMA,20D,3,0.0541685324996338,0.056385516362139024,Low
2018-01-02,ARIMA,20D,3,0.0463883201399304,0.05100038335973371,Low
2018-01-03,ARIMA,20D,3,0.039361588543971,0.04372905362987239,Low
2018-01-04,ARIMA,20D,3,0.0139043651719451,0.03716192152662948,Low
2018-01-05,ARIMA,20D,3,-0.0349473216550215,0.013369786224066958,Low
2018-01-08,ARIMA,20D,3,-0.0193177120733813,-0.032286644006371996,Low
2018-01-09,ARIMA,20D,3,-0.0256339338144322,-0.017679324878975028,Low
2018-01-10,ARIMA,20D,3,-0.0627801402487133,-0.023582419653607984,Low
2018-01-11,ARIMA,20D,3,-0.0549635208180707,-0.05829899327775662,Low
2018-01-12,ARIMA,20D,3,-0.0478717815389788,-0.05099363776491429,Low
2018-01-16,ARIMA,20D,3,-0.0417315462970986,-0.044365749955120354,Low
2018-01-17,ARIMA,20D,3,-0.0377891126947037,-0.038627130879133095,Low
2018-01-18,ARIMA,20D,3,-0.0241745534204547,-0.03494256118672034,Low
2018-01-19,ARIMA,20D,3,-0.0281768017575231,-0.022218493380738245,Low
2018-01-22,ARIMA,20D,3,-0.0420696832465737,-0.025958965487944706,Low
2018-01-23,ARIMA,20D,3,-0.0497533526981069,-0.03894315120606112,Low
2018-01-24,ARIMA,20D,3,-0.0482201426652969,-0.04612425263803933,Low
2018-01-25,ARIMA,20D,3,-0.0329213038190088,-0.04469132572316036,Low
2018-01-26,ARIMA,20D,3,-0.0330045033044656,-0.030393142512694253,Low
2018-01-29,ARIMA,20D,3,-0.0390380784610701,-0.030470900145023752,Low
2018-01-30,ARIMA,20D,3,-0.0392372417393891,-0.03610983548319022,Low
2018-01-31,ARIMA,20D,3,-0.0531400734529603,-0.03629597203059839,Low
2018-02-01,ARIMA,20D,3,-0.0474329896157383,-0.04928945715598422,Low
2018-02-02,ARIMA,20D,3,-0.015024691488513,-0.04395565822379346,Normal
2018-02-05,ARIMA,20D,3,0.0294532323818651,-0.013667099149592812,High
2018-02-06,ARIMA,20D,3,0.0116786672072114,0.027901644119712795,High
2018-02-07,ARIMA,20D,3,0.0211459536398489,0.011289665138364744,High
2018-02-08,ARIMA,20D,3,0.0766345526268581,0.0201377219928661,High
2018-02-09,ARIMA,20D,3,0.0605341100893354,0.07199696192471476,High
2018-02-12,ARIMA,20D,3,0.0403315339968343,0.05694960575056069,High
2018-02-13,ARIMA,20D,3,0.0319810421913682,0.03806842547300988,High
2018-02-14,ARIMA,20D,3,0.0178853659833746,0.030264116732218158,High
2018-02-15,ARIMA,20D,3,0.0075905021538308,0.017090400548770673,High
2018-02-16,ARIMA,20D,3,-0.0070889380374641,0.00746889589468825,High
2018-02-20,ARIMA,20D,3,0.0002502877310922,-0.006250401850129731,High
2018-02-21,ARIMA,20D,3,0.0039162600887736,0.0006087850277850249,High
2018-02-22,ARIMA,20D,3,-0.0225417043696586,0.004034976057135642,High
2018-02-23,ARIMA,20D,3,-0.0596327899265303,-0.02069244456632232,High
2018-02-26,ARIMA,20D,3,-0.0445261878411224,-0.05535750262044372,High
2018-02-27,ARIMA,20D,3,-0.0491651620449768,-0.041238982484702966,High
2018-02-28,ARIMA,20D,3,-0.0409282748607833,-0.04557453394333078,High
2018-03-01,ARIMA,20D,3,-0.0138385315120634,-0.037876399253055665,High
2018-03-02,ARIMA,20D,3,-0.0414879993407579,-0.012558522686333087,High
2018-03-05,ARIMA,20D,3,-0.0399236556355433,-0.038399513669938455,High
2018-03-06,ARIMA,20D,3,-0.0310589362210933,-0.03693748945188974,High
2018-03-07,ARIMA,20D,3,-0.0237355229937258,-0.02865258733803195,High
2018-03-08,ARIMA,20D,3,-0.0503527382596754,-0.021808178745790514,High
2018-03-09,ARIMA,20D,3,-0.0642512900332901,-0.046684434012529315,Normal
2018-03-12,ARIMA,20D,3,-0.0463878936989777,-0.05967391913724564,Normal
2018-03-13,ARIMA,20D,3,-0.0455446690571241,-0.042978919201931115,Normal
2018-03-14,ARIMA,20D,3,-0.0315868005342784,-0.04219084760133852,Normal
2018-03-15,ARIMA,20D,3,-0.0336953639618884,-0.029145925475391216,Normal
2018-03-16,ARIMA,20D,3,-0.0273210251075571,-0.031116573476966253,Normal
2018-03-19,ARIMA,20D,3,-0.0024099129523171,-0.02515916287211275,Normal
2018-03-20,ARIMA,20D,3,-0.0030596012064829,-0.0018774191299391306,Normal
2018-03-21,ARIMA,20D,3,-0.0069564908766861,-0.0024846130340702485,Normal
2018-03-22,ARIMA,20D,3,0.0099552189078154,-0.006126617699611054,High
2018-03-23,ARIMA,20D,3,0.0312012563307508,0.00967894292695266,High
2018-03-26,ARIMA,20D,3,-0.0090646723817597,0.029535334553906386,High
2018-03-27,ARIMA,20D,3,0.0101979874963856,-0.008096908759168945,High
2018-03-28,ARIMA,20D,3,0.0234990505832253,0.009905832679305676,High
2018-03-29,ARIMA,20D,3,0.0109362783607458,0.022336909234880003,High
2018-04-02,ARIMA,20D,3,0.0253057681553204,0.01059583393674076,High
2018-04-03,ARIMA,20D,3,0.0153156090106067,0.024025454301269275,High
2018-04-04,ARIMA,20D,3,-0.0034164445372424,0.014688724423401004,High
2018-04-05,ARIMA,20D,3,-0.0125120835239576,-0.0028181162085200006,High
2018-04-06,ARIMA,20D,3,0.0223817935614422,-0.011318834070507676,High
2018-04-09,ARIMA,20D,3,0.0225027791488394,0.02129272897053855,High
2018-04-10,ARIMA,20D,3,0.0056485035407914,0.021405801218165415,High
2018-04-11,ARIMA,20D,3,0.0208248372481214,0.00565391815404453,High
2018-04-12,ARIMA,20D,3,0.021934950154313,0.019837608955077118,High
2018-04-13,ARIMA,20D,3,0.0265318892519808,0.02087511238108919,High
2018-04-16,ARIMA,20D,3,0.0193386519605443,0.025171378136039358,High
2018-04-17,ARIMA,20D,3,0.001867925302687,0.018448631024138757,High
2018-04-18,ARIMA,20D,3,0.0050892447426481,0.002120617304677575,High
2018-04-19,ARIMA,20D,3,0.0099755877498706,0.005131238960005031,High
2018-04-20,ARIMA,20D,3,0.0159130996836729,0.009697979498186364,High
2018-04-23,ARIMA,20D,3,0.0232164741204219,0.01524713484891627,High
2018-04-24,ARIMA,20D,3,0.0335466735340219,0.02207281533358966,High
2018-04-25,ARIMA,20D,3,0.0349544445080969,0.03172734436682665,High
2018-04-26,ARIMA,20D,3,0.0225490373629974,0.033043036852245855,High
2018-04-27,ARIMA,20D,3,0.0190760290374474,0.021449033807753773,High
2018-04-30,ARIMA,20D,3,0.0156656490745765,0.018203185555535847,Normal
2018-05-01,ARIMA,20D,3,0.0257357222554729,0.015015869314325704,Normal
2018-05-02,ARIMA,20D,3,0.0260643402134411,0.024427286267592854,Normal
2018-05-03,ARIMA,20D,3,0.0391113575077448,0.024734410214481056,Normal
2018-05-04,ARIMA,20D,3,0.0308511423777621,0.0369280574251212,Normal
2018-05-07,ARIMA,20D,3,0.0281015080923478,0.0292081206068435,Normal
2018-05-08,ARIMA,20D,3,0.0368980853413935,0.026638332456929658,Normal
2018-05-09,ARIMA,20D,3,0.0265479937845404,0.034859549399965155,Normal
2018-05-10,ARIMA,20D,3,0.0203420110884432,0.025186429314718317,Normal
2018-05-11,ARIMA,20D,3,0.0197040088244222,0.01938636314751966,Normal
2018-05-14,ARIMA,20D,3,0.0205627765929996,0.018790090884551303,Normal
2018-05-15,ARIMA,20D,3,0.023394177095579,0.01959268897802308,Normal
2018-05-16,ARIMA,20D,3,0.0218103377705682,0.0222388952381739,Normal
2018-05-17,ARIMA,20D,3,0.0216489562436842,0.02075865055604628,Normal
2018-05-18,ARIMA,20D,3,0.022156230317348,0.02060782455798486,Normal
2018-05-21,ARIMA,20D,3,0.0107651078180232,0.021081919207653278,Normal
2018-05-22,ARIMA,20D,3,0.0156164866350109,0.010435859195868421,Low
2018-05-23,ARIMA,20D,3,0.0060076125848917,0.014969922456852074,Low
2018-05-24,ARIMA,20D,3,0.0098930787977484,0.00598953884765862,Low
2018-05-25,ARIMA,20D,3,-0.0015666411158363,0.00962086723327529,Low
2018-05-29,ARIMA,20D,3,0.0122670819016528,-0.0010893034215921455,Low
2018-05-30,ARIMA,20D,3,-0.0089903797634122,0.011839593220448886,Normal
2018-05-31,ARIMA,20D,3,0.0040726334990533,-0.008027475419881537,Normal
2018-06-01,ARIMA,20D,3,-0.0059600503226695,0.004181121505943151,Normal
2018-06-04,ARIMA,20D,3,-0.0073663843867284,-0.00519535162492301,Low
2018-06-05,ARIMA,20D,3,-0.0130283599368378,-0.006509701184720631,Low
2018-06-06,ARIMA,20D,3,-0.0129754038286118,-0.01180134224075318,Normal
2018-06-07,ARIMA,20D,3,-0.0038154426060472,-0.011751849848216981,Low
2018-06-08,ARIMA,20D,3,0.001847819271543,-0.0031910168937100674,Low
2018-06-11,ARIMA,20D,3,0.0042469315834245,0.0021018263546047863,Low
2018-06-12,ARIMA,20D,3,-0.0046144220671957,0.004344019224430941,Low
2018-06-13,ARIMA,20D,3,0.0081308240543877,-0.003937737271098215,Low
2018-06-14,ARIMA,20D,3,0.0067409790684926,0.007973876802351332,Low
2018-06-15,ARIMA,20D,3,0.0067299347630881,0.006674937814749842,Low
2018-06-18,ARIMA,20D,3,0.0128241502874182,0.006664615887465525,Low
2018-06-19,ARIMA,20D,3,0.0190138503155469,0.012360225271054792,Low
2018-06-20,ARIMA,20D,3,0.0133423332423849,0.018145073775520486,Low
2018-06-21,ARIMA,20D,3,0.0187591643143309,0.012844515281629824,Low
2018-06-22,ARIMA,20D,3,0.0187353234024283,0.017907046096223053,Low
2018-06-25,ARIMA,20D,3,0.0373245652562525,0.017884764553831964,Normal
2018-06-26,ARIMA,20D,3,0.0441828498209282,0.035258134418050854,Low
2018-06-27,ARIMA,20D,3,0.049787533385202,0.0416678371543495,Low
2018-06-28,ARIMA,20D,3,0.0370440187213252,0.04690593353825371,Low
2018-06-29,ARIMA,20D,3,0.0305151135182212,0.03499593767254913,Low
2018-07-02,ARIMA,20D,3,0.0323246899032308,0.028894070485393566,Low
2018-07-03,ARIMA,20D,3,0.0362434261161934,0.030585287377483242,Low
2018-07-05,ARIMA,20D,3,0.0325739189528643,0.03424770966255894,Low
2018-07-06,ARIMA,20D,3,0.0287618334176322,0.030818215029629524,Low
2018-07-09,ARIMA,20D,3,0.0235095252830925,0.027255467690151473,Low
2018-07-10,ARIMA,20D,3,0.0228624777107563,0.022346698812983328,Low
2018-07-11,ARIMA,20D,3,0.0297195496893777,0.021741972870831516,Low
2018-07-12,ARIMA,20D,3,0.0195658434321655,0.02815054233304727,Low
2018-07-13,ARIMA,20D,3,0.0113478756323125,0.018660962516596012,Low
2018-07-16,ARIMA,20D,3,0.0083625025872308,0.010980509744945414,Low
2018-07-17,ARIMA,20D,3,0.0107656082602048,0.008190401869502187,Low
2018-07-18,ARIMA,20D,3,0.0009762176020885,0.01043632690548159,Low
2018-07-19,ARIMA,20D,3,0.0128252590037763,0.001287233790971616,Low
2018-07-20,ARIMA,20D,3,0.0170917631503138,0.012361261469277143,Low
2018-07-23,ARIMA,20D,3,0.0176804757092106,0.01634870512878124,Low
2018-07-24,ARIMA,20D,3,0.0149773567777839,0.016898911592813058,Low
2018-07-25,ARIMA,20D,3,0.005518690653168,0.01437259635349699,Low
2018-07-26,ARIMA,20D,3,0.0068628994785001,0.00553259597600424,Low
2018-07-27,ARIMA,20D,3,0.0196264400516309,0.006788883740770584,Low
2018-07-30,ARIMA,20D,3,0.0330383707743287,0.01871759567521389,Low
2018-07-31,ARIMA,20D,3,0.0284347756326238,0.031252288314697424,Low
2018-08-01,ARIMA,20D,3,0.0351609111691065,0.026949801869533073,Low
2018-08-02,ARIMA,20D,3,0.0258063895424396,0.03323599908785269,Low
2018-08-03,ARIMA,20D,3,0.0213074259443966,0.024493331398611512,Low
2018-08-06,ARIMA,20D,3,0.0161197512447158,0.020288632831069964,Low
2018-08-07,ARIMA,20D,3,0.0104924866969639,0.015440269890745744,Low
2018-08-08,ARIMA,20D,3,0.0070959100536409,0.010181069484367256,Low
2018-08-09,ARIMA,20D,3,0.0063228268356664,0.007006653724938212,Low
2018-08-10,ARIMA,20D,3,0.015358167313604,0.006284135787557752,Low
2018-08-13,ARIMA,20D,3,0.0231050706692999,0.014728499103002233,Low
2018-08-14,ARIMA,20D,3,0.0170927490027761,0.02196869848064255,Low
2018-08-15,ARIMA,20D,3,0.0299923097435463,0.016349626499302633,Low
2018-08-16,ARIMA,20D,3,0.0223795390916744,0.028405461890419138,Low
2018-08-17,ARIMA,20D,3,0.0134766417248621,0.021290621959535534,Low
2018-08-20,ARIMA,20D,3,0.0164062196903592,0.012970039009833855,Low
2018-08-21,ARIMA,20D,3,0.0155923077689042,0.015708001210813904,Low
2018-08-22,ARIMA,20D,3,0.0238005530084767,0.014947325064926555,Low
2018-08-23,ARIMA,20D,3,0.0251246459950049,0.022618691202646164,Low
2018-08-24,ARIMA,20D,3,0.0154230577527057,0.0238561788511723,Low
2018-08-27,ARIMA,20D,3,0.0064759678524773,0.014789145234137132,Low
2018-08-28,ARIMA,20D,3,0.0029120260937189,0.0064272602650033445,Low
2018-08-29,ARIMA,20D,3,-1.374014668132074e-05,0.003096426289291385,Low
2018-08-30,ARIMA,20D,3,0.0044195617536386,0.0003620264987877547,Low
2018-08-31,ARIMA,20D,3,0.0079195856285321,0.0045053581225116945,Low
2018-09-04,ARIMA,20D,3,0.0091785087671323,0.007776454910120169,Low
2018-09-05,ARIMA,20D,4,0.0126968383051167,0.008968290976655946,Low
2018-09-06,ARIMA,20D,4,0.0081527939207249,0.012255065350724568,Low
2018-09-07,ARIMA,20D,4,0.0048252772311172,0.008010082475753286,Low
2018-09-10,ARIMA,20D,4,0.0025340543080742,0.004901562802819585,Low
2018-09-11,ARIMA,20D,4,-0.0026177212157953,0.0027611343104247013,Low
2018-09-12,ARIMA,20D,4,-0.0363907186082911,-0.0020515825172630047,Low
2018-09-13,ARIMA,20D,4,-0.0624466507402238,-0.03360184555167289,Low
2018-09-14,ARIMA,20D,4,-0.0486158592326138,-0.057942933871890194,Low
2018-09-17,ARIMA,20D,4,-0.0489530505323646,-0.0450224013835261,Low
2018-09-18,ARIMA,20D,4,-0.0330398753650887,-0.04533740079197115,Low
2018-09-19,ARIMA,20D,4,-0.0345450576609258,-0.030471534537773924,Low
2018-09-20,ARIMA,20D,4,-0.056851562421596,-0.03187765484141476,Low
2018-09-21,ARIMA,20D,4,-0.0568441966198684,-0.05271608041550481,Low
2018-09-24,ARIMA,20D,4,-0.0576311114023323,-0.05270919938628303,Low
2018-09-25,ARIMA,20D,4,-0.0618522390899085,-0.05344432419868472,Low
2018-09-26,ARIMA,20D,4,-0.0899083132698894,-0.05738764280014385,Low
2018-09-27,ARIMA,20D,4,-0.0742140715196865,-0.08359723591988262,Low
2018-09-28,ARIMA,20D,4,-0.0916863393855515,-0.06893589420981751,Low
2018-10-01,ARIMA,20D,4,-0.101902040022944,-0.08525824311386221,Low
2018-10-02,ARIMA,20D,4,-0.0859599481407874,-0.09480160814139564,Low
2018-10-03,ARIMA,20D,4,-0.0758783361229346,-0.07990872829554191,Low
2018-10-04,ARIMA,20D,4,-0.0571728018333954,-0.07049062698586073,Low
2018-10-05,ARIMA,20D,4,-0.057966208304653,-0.05301617779275277,Low
2018-10-08,ARIMA,20D,4,-0.0519863198991092,-0.0537573670502672,Low
2018-10-09,ARIMA,20D,4,-0.0443276223205464,-0.04817103872060446,Low
2018-10-10,ARIMA,20D,4,0.0100758452828294,-0.04101639028071371,Normal
2018-10-11,ARIMA,20D,4,0.0283513562668796,0.009806570231872867,Normal
2018-10-12,ARIMA,20D,4,0.0050035349431308,0.026879297651771585,Normal
2018-10-15,ARIMA,20D,4,-0.0089721337510366,0.005068088670706892,Normal
2018-10-16,ARIMA,20D,4,-0.0317229806081116,-0.007987786064318051,High
2018-10-17,ARIMA,20D,4,-0.0390664751638974,-0.029241309826345298,High
2018-10-18,ARIMA,20D,4,-0.0140319518459142,-0.03610149999940584,High
2018-10-19,ARIMA,20D,4,-0.0114498791731509,-0.012714597544637706,High
2018-10-22,ARIMA,20D,4,-0.0239242433123945,-0.010302461273376659,High
2018-10-23,ARIMA,20D,4,-0.0367151626882863,-0.02195583823622791,High
2018-10-24,ARIMA,20D,4,-0.0023257195163782,-0.033904936685244594,High
2018-10-25,ARIMA,20D,4,-0.0273558572069479,-0.0017787986030596637,High
2018-10-26,ARIMA,20D,4,0.0055362566484217,-0.025161604065877134,High
2018-10-29,ARIMA,20D,4,0.0153738493082283,0.005565749856379503,High
2018-10-30,ARIMA,20D,4,0.0225425776394646,0.014755891685817561,High
2018-10-31,ARIMA,20D,4,0.0095642043395,0.021452817689873886,High
2018-11-01,ARIMA,20D,4,0.0071992531875884,0.009328602399950345,High
2018-11-02,ARIMA,20D,4,0.0244179760378307,0.00711929802464723,High
2018-11-05,ARIMA,20D,4,-0.0140669464979195,0.023204788712022743,High
2018-11-06,ARIMA,20D,4,-0.0218301221564725,-0.012747289060369453,High
2018-11-07,ARIMA,20D,4,-0.0664135361735685,-0.019999539465129133,High
2018-11-08,ARIMA,20D,4,-0.0621408639621609,-0.06164874290609821,High
2018-11-09,ARIMA,20D,4,-0.053255687722094,-0.0576572721295163,High
2018-11-12,ARIMA,20D,4,-0.0279526657262753,-0.04935686443329306,High
2018-11-13,ARIMA,20D,4,-0.0266695972165164,-0.025719134259218512,High
2018-11-14,ARIMA,20D,4,-0.0383446206667657,-0.02452050955606864,High
2018-11-15,ARIMA,20D,4,-0.0698749382379844,-0.035427153597977545,High
2018-11-16,ARIMA,20D,4,-0.0720093789216792,-0.06488233642849123,High
2018-11-19,ARIMA,20D,4,-0.0707416768618947,-0.06687630113998232,High
2018-11-20,ARIMA,20D,4,-0.0683214907894127,-0.06569203156003821,High
2018-11-21,ARIMA,20D,4,-0.0921632805987205,-0.0634311274924594,High
2018-11-23,ARIMA,20D,4,-0.1130734337651793,-0.08570379494192637,High
2018-11-26,ARIMA,20D,4,-0.0800832319397408,-0.10523776833565779,High
2018-11-27,ARIMA,20D,4,-0.0748133873355366,-0.07441878200007937,High
2018-11-28,ARIMA,20D,4,-0.0987697925488818,-0.06949576668459388,High
2018-11-29,ARIMA,20D,4,-0.0881276721412815,-0.09187550624564012,High
2018-11-30,ARIMA,20D,4,-0.0949975267952728,-0.08193378581728822,High
2018-12-03,ARIMA,20D,4,-0.1309478604085503,-0.08835150820131774,High
2018-12-04,ARIMA,20D,4,-0.0642882325096478,-0.12193580835957717,High
2018-12-06,ARIMA,20D,4,-0.0557788686002737,-0.05966331387101966,High
2018-12-07,ARIMA,20D,4,-0.0225339458074541,-0.05171398481158827,High
2018-12-10,ARIMA,20D,4,-0.0202048776975481,-0.02065704170161236,High
2018-12-11,ARIMA,20D,4,-0.0153402266477803,-0.01848125876358632,High
2018-12-12,ARIMA,20D,4,-0.020891406202614,-0.013936769614249079,High
2018-12-13,ARIMA,20D,4,-0.0259628504774484,-0.01912260411602052,High
2018-12-14,ARIMA,20D,4,0.0039729806710124,-0.023860276611471866,High
2018-12-17,ARIMA,20D,4,0.0271847860286772,0.004105359245814478,High
2018-12-18,ARIMA,20D,4,0.0346611198811239,0.02578950400877151,High
2018-12-19,ARIMA,20D,4,0.0632734918969165,0.03277379079967885,High
2018-12-20,ARIMA,20D,4,0.0649128245530479,0.05950306959733829,High
2018-12-21,ARIMA,20D,4,0.0879164349710394,0.061034511296183036,High
2018-12-24,ARIMA,20D,4,0.1167777879603313,0.08252416325079417,High
2018-12-26,ARIMA,20D,4,0.0768274779900443,0.10948603660063899,High
2018-12-27,ARIMA,20D,4,0.0604234731725184,0.0721650143288987,High
2018-12-28,ARIMA,20D,4,0.0602085191476349,0.05684062186245843,High
2018-12-31,ARIMA,20D,4,0.0671815031769881,0.05663981481099766,High
2019-01-02,ARIMA,20D,4,0.0744744589241297,0.06315387921884662,High
2019-01-03,ARIMA,20D,4,0.1004409973278518,0.06996685674188266,High
2019-01-04,ARIMA,20D,4,0.073434979384985,0.09422443468823848,High
2019-01-07,ARIMA,20D,4,0.0711463738271054,0.0689957894570408,High
2019-01-08,ARIMA,20D,4,0.0592708707730993,0.0668578060706696,High
2019-01-09,ARIMA,20D,4,0.0457800062380468,0.05576387677959988,High
2019-01-10,ARIMA,20D,4,0.0419477374295972,0.04316089932705451,High
2019-01-11,ARIMA,20D,4,0.0428028977778981,0.03958084726593615,High
2019-01-14,ARIMA,20D,4,0.0608821452679864,0.040379726133924515,High
2019-01-15,ARIMA,20D,4,0.0532369579819362,0.057269106935618534,High
2019-01-16,ARIMA,20D,4,0.0483622740691493,0.05012707962252594,High
2019-01-17,ARIMA,20D,4,0.0516195480278712,0.0455732179125136,High
2019-01-18,ARIMA,20D,4,0.0400202565146074,0.04861611780613228,High
2019-01-22,ARIMA,20D,4,0.0560542669033209,0.037780221483302914,High
2019-01-23,ARIMA,20D,4,0.0503211076580286,0.052758970315728876,High
2019-01-24,ARIMA,20D,4,0.0553369662417615,0.047403132925728,High
2019-01-25,ARIMA,20D,4,0.0481152029909952,0.05208887804396671,High
2019-01-28,ARIMA,20D,4,0.0552022091668639,0.045342407557916846,High
2019-01-29,ARIMA,20D,4,0.0561153196656806,0.05196298986444398,High
2019-01-30,ARIMA,20D,4,0.03785620217517,0.052816004954645876,High
2019-01-31,ARIMA,20D,4,0.0361672099541154,0.0357585921077244,High
2019-02-01,ARIMA,20D,4,0.0313808959740531,0.034180759136073935,Normal
2019-02-04,ARIMA,20D,4,0.0234953413668666,0.02970945138446192,Normal
2019-02-05,ARIMA,20D,4,0.0122524973253914,0.022342876273061918,Normal
2019-02-06,ARIMA,20D,4,0.006320501904569,0.011839968205973788,Normal
2019-02-07,ARIMA,20D,4,0.0135877309753457,0.006298380834535832,Normal
2019-02-08,ARIMA,20D,4,0.0274712939728225,0.013087324855396137,Normal
2019-02-11,ARIMA,20D,4,0.0297114078968091,0.026057155733437226,Normal
2019-02-12,ARIMA,20D,4,0.0238291017509899,0.02814983891187863,Normal
2019-02-13,ARIMA,20D,4,0.0199412708256828,0.022654670567988658,Normal
2019-02-14,ARIMA,20D,4,0.027568953617812,0.01902271315238754,Normal
2019-02-15,ARIMA,20D,4,0.0204480457517624,0.026148388011444937,Normal
2019-02-19,ARIMA,20D,4,0.0188198543452436,0.019496135218875714,Normal
2019-02-20,ARIMA,20D,4,0.0140956240437331,0.017975101519999814,Low
2019-02-21,ARIMA,20D,4,0.0284223088642638,0.013561791474830293,Low
2019-02-22,ARIMA,20D,4,0.0028748430352802,0.02694558057846684,Normal
2019-02-25,ARIMA,20D,4,0.0008043657522184,0.0030794943854146745,Low
2019-02-26,ARIMA,20D,4,0.0087521883729928,0.00114528339051243,Low
2019-02-27,ARIMA,20D,4,0.0046412425326918,0.008570028411574199,Low
2019-02-28,ARIMA,20D,4,0.011053804846904,0.004729640154814708,Low
2019-03-01,ARIMA,20D,4,0.0108938543015157,0.010720166414201246,Low
2019-03-04,ARIMA,20D,4,0.0262841572148151,0.010570742845992296,Low
2019-03-05,ARIMA,20D,4,0.0274337862593803,0.024948149134536045,Low
2019-03-06,ARIMA,20D,4,0.0361253322835944,0.026022116550768068,Low
2019-03-07,ARIMA,20D,4,0.0463667086649199,0.034141637600462196,Low
2019-03-08,ARIMA,20D,4,0.0531263904194727,0.04370898854980398,Low
2019-03-11,ARIMA,20D,4,0.0396137666065069,0.05002378894807807,Low
2019-03-12,ARIMA,20D,4,0.030578824443032,0.03740048428164566,Low
2019-03-13,ARIMA,20D,4,0.0271251154405126,0.028960167348993093,Low
2019-03-14,ARIMA,20D,4,0.0280316371124515,0.02573376057770639,Low
2019-03-15,ARIMA,20D,4,0.0296466960935665,0.026580620477752462,Low
2019-03-18,ARIMA,20D,4,0.0253180320503014,0.028089386048012047,Low
2019-03-19,ARIMA,20D,4,0.0259578304553682,0.024045608483188874,Low
2019-03-20,ARIMA,20D,4,0.0266301263753991,0.02464329922808374,Low
2019-03-21,ARIMA,20D,4,0.0174139577049594,0.025271348698121268,Low
2019-03-22,ARIMA,20D,4,0.0375822906561655,0.01666173249075234,Normal
2019-03-25,ARIMA,20D,4,0.0472240146644707,0.03550270778770645,Normal
2019-03-26,ARIMA,20D,4,0.0378727931135006,0.0445098718552584,Normal
2019-03-27,ARIMA,20D,4,0.0421588946498267,0.035774091130871044,Normal
2019-03-28,ARIMA,20D,4,0.0432501902578701,0.039778107395454176,Normal
2019-03-29,ARIMA,20D,4,0.0376094327187791,0.04079758052903266,Normal
2019-04-01,ARIMA,20D,4,0.0270582018995264,0.03552806352397123,Normal
2019-04-02,ARIMA,20D,4,0.0195103004943767,0.02567125088115374,Normal
2019-04-03,ARIMA,20D,4,0.0152379834256046,0.018620106680870878,Normal
2019-04-04,ARIMA,20D,4,0.0227476456615279,0.014628967673584863,Normal
2019-04-05,ARIMA,20D,4,0.0136409148493564,0.021644389375408697,Normal
2019-04-08,ARIMA,20D,4,-0.0040554849900728,0.013137008488587646,Low
2019-04-09,ARIMA,20D,4,0.0004237760561768,-0.0033947213785439478,Normal
2019-04-10,ARIMA,20D,4,-0.0060740603602514,0.0007897418056554504,Normal
2019-04-11,ARIMA,20D,4,-0.0023987886306755,-0.0052804463304567725,Normal
2019-04-12,ARIMA,20D,4,-0.0334128361587187,-0.0018470587503299635,Normal
2019-04-15,ARIMA,20D,4,-0.0247992813911455,-0.03081994930842035,Normal
2019-04-16,ARIMA,20D,4,-0.0194865153885625,-0.02277328660271056,Normal
2019-04-17,ARIMA,20D,4,-0.0083541574513246,-0.017810174715608466,Normal
2019-04-18,ARIMA,20D,4,-0.015786441449618,-0.007410481225829624,Low
2019-04-22,ARIMA,20D,4,-0.0235702052419562,-0.014353617257477648,Low
2019-04-23,ARIMA,20D,4,-0.0239126073237608,-0.021625100809617222,Low
2019-04-24,ARIMA,20D,4,-0.0245468310846241,-0.021944968057967085,Low
2019-04-25,ARIMA,20D,4,-0.0361634815856332,-0.022537451048012733,Low
2019-04-26,ARIMA,20D,4,-0.0394851881369008,-0.03338956389503776,Low
2019-04-29,ARIMA,20D,4,-0.048967086641395,-0.03649265581778494,Low
2019-04-30,ARIMA,20D,4,-0.0568539615074179,-0.045350513129225146,Low
2019-05-01,ARIMA,20D,4,-0.0472272429821296,-0.052718321608012646,Low
2019-05-02,ARIMA,20D,4,-0.0583842035838998,-0.04372517545337022,Low
2019-05-03,ARIMA,20D,4,-0.0707454017171252,-0.054147852409150626,Low
2019-05-06,ARIMA,20D,4,-0.0450584614469749,-0.0656955112678332,Low
2019-05-07,ARIMA,20D,4,-0.0202802463792557,-0.04169912999749648,Low
2019-05-08,ARIMA,20D,4,-0.0125566903138314,-0.01855166713465261,Low
2019-05-09,ARIMA,20D,4,0.0009122875953569,-0.011336428801104718,Low
2019-05-10,ARIMA,20D,4,0.0018481136002037,0.00124610247087438,Low
2019-05-13,ARIMA,20D,4,0.02592464128075,0.0021203380699307424,Normal
2019-05-14,ARIMA,20D,4,0.0159009959302964,0.02461229436414082,Normal
2019-05-15,ARIMA,20D,4,0.0141680121054237,0.015248344706515234,Normal
2019-05-16,ARIMA,20D,4,0.0036992432027717,0.013629415392256022,Normal
2019-05-17,ARIMA,20D,4,0.0104849958091685,0.003849637521592088,Normal
2019-05-20,ARIMA,20D,4,0.0269277433775444,0.010188792945973277,Normal
2019-05-21,ARIMA,20D,4,0.0214485110773774,0.025549378349800422,Normal
2019-05-22,ARIMA,20D,4,0.0337045087771499,0.02043075596968219,Normal
2019-05-23,ARIMA,20D,4,0.0444301847387039,0.031880138050967746,Normal
2019-05-24,ARIMA,20D,4,0.0413441525060796,0.041899914912232245,Normal
2019-05-28,ARIMA,20D,4,0.0402133268659524,0.03901698665033039,Normal
2019-05-29,ARIMA,20D,4,0.0459145413543796,0.0379605851122189,Normal
2019-05-30,ARIMA,20D,4,0.0476341544719735,0.043286580155982295,Normal
2019-05-31,ARIMA,20D,4,0.0666583015630261,0.04489301874202157,Normal
2019-06-03,ARIMA,20D,4,0.077070390828288,0.06266511156968924,Normal
2019-06-04,ARIMA,20D,4,0.0587883110241991,0.07239194011377814,High
2019-06-05,ARIMA,20D,4,0.0583026797060695,0.05531307619383359,Normal
2019-06-06,ARIMA,20D,4,0.0503783048255164,0.054859406190941276,High
2019-06-07,ARIMA,20D,4,0.0350881525681326,0.04745656572170081,High
2019-06-10,ARIMA,20D,4,0.0316747255518209,0.0331727187788226,High
2019-06-11,ARIMA,20D,4,0.0365252139458551,0.029983942877121778,Normal
2019-06-12,ARIMA,20D,4,0.0408474913520412,0.034515201471040216,Normal
2019-06-13,ARIMA,20D,4,0.0413680151512574,0.03855301272859708,Normal
2019-06-14,ARIMA,20D,4,0.0431566806657945,0.03903927880057417,Normal
2019-06-17,ARIMA,20D,4,0.0388157806784311,0.04071022517256432,Normal
2019-06-18,ARIMA,20D,4,0.0225926256193673,0.03665501695945461,Normal
2019-06-19,ARIMA,20D,4,0.0231875065351626,0.02149957181453508,Normal
2019-06-20,ARIMA,20D,4,0.007564011734445,0.02205530126754663,Normal
2019-06-21,ARIMA,20D,4,0.0116487297004232,0.007460050370778404,Normal
2019-06-24,ARIMA,20D,4,0.0202062633002866,0.01127593691322154,Normal
2019-06-25,ARIMA,20D,4,0.0344252317541499,0.019270265425546062,Normal
2019-06-26,ARIMA,20D,4,0.0303836309493545,0.03255342740207359,Normal
2019-06-27,ARIMA,20D,4,0.0339282809275467,0.02877782031012769,Normal
2019-06-28,ARIMA,20D,4,0.0265699171578897,0.03208918287227114,Normal
2019-07-01,ARIMA,20D,4,0.0163449131748912,0.025215102087036055,Low
2019-07-02,ARIMA,20D,4,0.0024758589457626,0.01566304600381816,Low
2019-07-03,ARIMA,20D,4,-0.0142067642837275,0.0027067690147722138,Low
2019-07-05,ARIMA,20D,4,-0.019708618618744,-0.012877904885428297,Low
2019-07-08,ARIMA,20D,4,-0.045091627778315,-0.018017660454927996,Low
2019-07-09,ARIMA,20D,4,-0.0333943969256022,-0.041730113521567656,Low
2019-07-10,ARIMA,20D,4,-0.037128361527826,-0.03080272363406822,Low
2019-07-11,ARIMA,20D,4,-0.0208225186399096,-0.034290941277063475,Low
2019-07-12,ARIMA,20D,4,-0.0320706460756331,-0.01905825031591611,Low
2019-07-15,ARIMA,20D,4,-0.0446403089199326,-0.029566094056208227,Low
2019-07-16,ARIMA,20D,4,-0.0262123780976204,-0.041308497739916065,Low
2019-07-17,ARIMA,20D,4,-0.0493900650860629,-0.024093381833353238,Low
2019-07-18,ARIMA,20D,4,-0.0505044260967017,-0.04574565369173036,Low
2019-07-19,ARIMA,20D,4,-0.029985478459612,-0.04678667420265359,Low
2019-07-22,ARIMA,20D,4,-0.0207770045814647,-0.02761815955718397,Low
2019-07-23,ARIMA,20D,4,-0.0355473650328567,-0.01901573171743308,Low
2019-07-24,ARIMA,20D,4,-0.0320115782889794,-0.03281399640619321,Low
2019-07-25,ARIMA,20D,4,-0.0272414847646585,-0.029510913753905577,Low
2019-07-26,ARIMA,20D,4,-0.0608909016582793,-0.025054758925773572,Low
2019-07-29,ARIMA,20D,4,-0.048350366998424,-0.056489574782069035,Low
2019-07-30,ARIMA,20D,4,-0.0489767034269359,-0.04477438224193393,Low
2019-07-31,ARIMA,20D,4,-0.0315073449442334,-0.045359496996124335,Low
2019-08-01,ARIMA,20D,4,-0.0098603349343329,-0.029039865997244466,Low
2019-08-02,ARIMA,20D,4,-0.001908365634891,-0.008817531219443042,Low
2019-08-05,ARIMA,20D,4,0.0213988072021183,-0.0013889124290158142,Normal
2019-08-06,ARIMA,20D,4,0.0192495085693729,0.020384323302778826,Normal
2019-08-07,ARIMA,20D,4,0.0314088391572737,0.018376478502551467,Normal
2019-08-08,ARIMA,20D,4,0.0137305674947856,0.029735555516422228,High
2019-08-09,ARIMA,20D,4,0.0202751459495427,0.013220760739302898,High
2019-08-12,ARIMA,20D,4,0.0329912074913891,0.019334614635575603,High
2019-08-13,ARIMA,20D,4,0.0251765335504746,0.03121378194028577,High
2019-08-14,ARIMA,20D,4,0.0577819022832436,0.02391342255853944,High
2019-08-15,ARIMA,20D,4,0.0545959887080972,0.05437290318732602,High
2019-08-16,ARIMA,20D,4,0.0371324176194961,0.051396667168573947,High
2019-08-19,ARIMA,20D,4,0.0276776674275607,0.035082442672530086,High
2019-08-20,ARIMA,20D,4,0.0359665160239432,0.026249946935966287,High
2019-08-21,ARIMA,20D,4,0.0277735109885198,0.03399327366616568,High
2019-08-22,ARIMA,20D,4,0.023372114842918,0.02633948265360697,High
2019-08-23,ARIMA,20D,4,0.0495640553479282,0.022227759773385806,High
2019-08-26,ARIMA,20D,4,0.0301889536535789,0.046695905218430034,High
2019-08-27,ARIMA,20D,4,0.039536960696099,0.028595955496141336,High
2019-08-28,ARIMA,20D,4,0.0305809381559232,0.03732873327157674,High
2019-08-29,ARIMA,20D,4,0.0126429211357002,0.028962141950089983,High
2019-08-30,ARIMA,20D,4,0.0170352505910719,0.01220469668319436,High
2019-09-03,ARIMA,20D,4,0.0116241329783445,0.016307949587881905,High
2019-09-04,ARIMA,20D,4,-0.0172249964877206,0.011252958998577232,High
2019-09-05,ARIMA,20D,4,-0.0222106046356135,-0.015697495306385957,High
2019-09-06,ARIMA,20D,4,-0.0090040102007312,-0.020354980889453235,High
2019-09-09,ARIMA,20D,4,-0.0133983477955128,-0.008017564598949724,High
2019-09-10,ARIMA,20D,4,-0.029403759773554,-0.012122693479460671,High
2019-09-11,ARIMA,20D,4,-0.0275441355850953,-0.02707472607558132,High
2019-09-12,ARIMA,20D,4,-0.024023949451546,-0.025337491100279427,Normal
2019-09-13,ARIMA,20D,4,-0.0124196929007909,-0.02204898232053338,Normal
2019-09-16,ARIMA,20D,4,-0.0106672616576538,-0.011208447728941374,Normal
2019-09-17,ARIMA,20D,4,-0.0033392416536268,-0.009571350907828942,Normal
2019-09-18,ARIMA,20D,4,-0.0056834194910877,-0.0027256168451531455,Normal
2019-09-19,ARIMA,20D,4,-0.002944372043242,-0.004915515079881905,Normal
2019-09-20,ARIMA,20D,4,-0.0019638186481614,-0.0023567351635200087,Normal
2019-09-23,ARIMA,20D,4,0.0049812360749999,-0.0014407158604494872,Low
2019-09-24,ARIMA,20D,4,0.0098581757801744,0.005047257379165805,Low
2019-09-25,ARIMA,20D,4,0.0065615938840416,0.009603226418958577,Low
2019-09-26,ARIMA,20D,4,0.0109120695528261,0.006523605598552105,Low
2019-09-27,ARIMA,20D,4,0.0203070336426105,0.010587759279665689,Low
2019-09-30,ARIMA,20D,4,0.0208379433434799,0.019364403673609677,Low
2019-10-01,ARIMA,20D,4,0.032339318332412,0.01986037211002898,Low
2019-10-02,ARIMA,20D,4,0.053652811920913,0.030604796181752596,Normal
2019-10-03,ARIMA,20D,4,0.0426850685125073,0.05051556457120061,Low
2019-10-04,ARIMA,20D,5,0.0381842138328956,0.04026795220401201,Normal
2019-10-07,ARIMA,20D,5,0.0463698119118897,0.03606237548439021,Normal
2019-10-08,ARIMA,20D,5,0.0608665687521789,0.043710958513106996,Normal
2019-10-09,ARIMA,20D,5,0.0525055228296226,0.05725665758970952,Normal
2019-10-10,ARIMA,20D,5,0.0488366956621207,0.04944413694937967,Normal
2019-10-11,ARIMA,20D,5,0.0405145191334476,0.04601600268993428,Normal
2019-10-14,ARIMA,20D,5,0.0399382053933295,0.03823980142218082,Normal
2019-10-15,ARIMA,20D,5,0.0315951833181033,0.03770129666671337,Normal
2019-10-16,ARIMA,20D,5,0.0343080094414133,0.02990561742165737,Normal
2019-10-17,ARIMA,20D,5,0.0323856800860948,0.032440468955579525,Normal
2019-10-18,ARIMA,20D,5,0.0439787545738678,0.030644253756543026,Normal
2019-10-21,ARIMA,20D,5,0.0376336667913437,0.04147676616701389,Normal
2019-10-22,ARIMA,20D,5,0.0406159459500279,0.035547947006728926,Normal
2019-10-23,ARIMA,20D,5,0.034009586183256,0.03833457414623426,Normal
2019-10-24,ARIMA,20D,5,0.0305069754378953,0.03216162371474444,Normal
2019-10-25,ARIMA,20D,5,0.0286151198696154,0.02888880127163971,Normal
2019-10-28,ARIMA,20D,5,0.0305285518409648,0.027121060630981825,Normal
2019-10-29,ARIMA,20D,5,0.0335544674423856,0.02890896215771615,Normal
2019-10-30,ARIMA,20D,5,0.0344721136668282,0.03173636297705867,Normal
2019-10-31,ARIMA,20D,5,0.0334802660713781,0.03259380714557325,Normal
2019-11-01,ARIMA,20D,5,0.0151958518177669,0.03166702957691874,Low
2019-11-04,ARIMA,20D,5,0.0048383807544094,0.014582161837189283,Low
2019-11-05,ARIMA,20D,5,0.0123284410749999,0.004904191256283808,Low
2019-11-06,ARIMA,20D,5,0.0131253174093405,0.011902867186775303,Low
2019-11-07,ARIMA,20D,5,0.0194931881954859,0.01264746455742614,Low
2019-11-08,ARIMA,20D,5,0.0137679513658956,0.018597572045474013,Low
2019-11-11,ARIMA,20D,5,0.0146348106102488,0.013247938600538267,Low
2019-11-12,ARIMA,20D,5,0.0159753248383363,0.014057927661894783,Low
2019-11-13,ARIMA,20D,5,0.0238027106437753,0.015310497636105317,Low
2019-11-14,ARIMA,20D,5,0.0230385971795332,0.022624368858824368,Low
2019-11-15,ARIMA,20D,5,0.0224949293441031,0.021910384954628784,Low
2019-11-18,ARIMA,20D,5,0.0223271390497544,0.02140238437370595,Low
2019-11-19,ARIMA,20D,5,0.0224875155089241,0.021245601938830214,Low
2019-11-20,ARIMA,20D,5,0.0307001507517295,0.021395456922176988,Low
2019-11-21,ARIMA,20D,5,0.0372167526422531,0.029069303345245167,Low
2019-11-22,ARIMA,20D,5,0.0359099474141755,0.03515838445376784,Low
2019-11-25,ARIMA,20D,5,0.0282352282242403,0.033937312005199616,Low
2019-11-26,ARIMA,20D,5,0.031157126989354,0.026766091725408055,Low
2019-11-27,ARIMA,20D,5,0.027025375503712,0.029496299718862758,Low
2019-11-29,ARIMA,20D,5,0.0252470656543512,0.025635611228298584,Low
2019-12-02,ARIMA,20D,5,0.0368572399925058,0.023973967155090883,Low
2019-12-03,ARIMA,20D,5,0.0518613606128676,0.03482245758258141,Low
2019-12-04,ARIMA,20D,5,0.038472793639143,0.0488422349073705,Low
2019-12-05,ARIMA,20D,5,0.0405008119067856,0.03633202305164109,Low
2019-12-06,ARIMA,20D,5,0.0285993907917648,0.0382269934562624,Low
2019-12-09,ARIMA,20D,5,0.0366576979618803,0.027106363457147425,Low
2019-12-10,ARIMA,20D,5,0.0443884482477709,0.03463600647977507,Low
2019-12-11,ARIMA,20D,5,0.0386252482309152,0.041859581943081516,Low
2019-12-12,ARIMA,20D,5,0.0370385749012934,0.0364744758806251,Low
2019-12-13,ARIMA,20D,5,0.0354503149141827,0.03499189603930528,Low
2019-12-16,ARIMA,20D,5,0.0301964042153279,0.03350783363294565,Low
2019-12-17,ARIMA,20D,5,0.0381929156090987,0.028598605031949824,Low
2019-12-18,ARIMA,20D,5,0.0424800324971065,0.0360705063817473,Low
2019-12-19,ARIMA,20D,5,0.0353751533056569,0.04007636754855542,Low
2019-12-20,ARIMA,20D,5,0.0307315917980038,0.0334376029915394,Low
2019-12-23,ARIMA,20D,5,0.0310061492770636,0.029098681705948686,Low
2019-12-24,ARIMA,20D,5,0.022118327153338,0.02935522687888272,Low
2019-12-26,ARIMA,20D,5,0.00114751238644,0.021050489118519235,Low
2019-12-27,ARIMA,20D,5,0.0111169117471346,0.0014554618063341452,Low
2019-12-30,ARIMA,20D,5,0.0160472576828999,0.010770820075925475,Low
2019-12-31,ARIMA,20D,5,0.0162350239689205,0.0153777113361706,Low
2020-01-02,ARIMA,20D,5,-0.0099733149647593,0.015553159240497563,Low
2020-01-03,ARIMA,20D,5,0.0043400201614277,-0.008935785176821528,Low
2020-01-06,ARIMA,20D,5,0.0156821908846612,0.004438525542321773,Low
2020-01-07,ARIMA,20D,5,0.0296771446282289,0.015036594695650229,Low
2020-01-08,ARIMA,20D,5,0.0281068261995899,0.028113411399541235,Low
2020-01-09,ARIMA,20D,5,0.016058121073225,0.026646113498146426,Low
2020-01-10,ARIMA,20D,5,0.0262170736813031,0.015387862035248792,Low
2020-01-13,ARIMA,20D,5,0.020952128321372,0.024880337937172464,Low
2020-01-14,ARIMA,20D,5,0.0289096622634708,0.01996079860254162,Low
2020-01-15,ARIMA,20D,5,0.0254094356597943,0.02739627961109047,Low
2020-01-16,ARIMA,20D,5,0.0189195243360479,0.024125684898378536,Low
2020-01-17,ARIMA,20D,5,0.0121405871024149,0.018061543325624523,Low
2020-01-21,ARIMA,20D,5,0.0194908357562853,0.011727337348549086,Low
2020-01-22,ARIMA,20D,5,0.0153789840316069,0.01859537393772768,Low
2020-01-23,ARIMA,20D,5,0.0036648486054288,0.014753279687011699,Low
2020-01-24,ARIMA,20D,5,-0.021339941388818,0.0038076485245583857,Low
2020-01-27,ARIMA,20D,5,-0.0362320934073272,-0.0195567056180439,Low
2020-01-28,ARIMA,20D,5,-0.0500211742312099,-0.03347186002589836,Normal
2020-01-29,ARIMA,20D,5,-0.0943220604398864,-0.04635631007504048,Low
2020-01-30,ARIMA,20D,5,-0.1057239804797507,-0.08775084266054888,Low
2020-01-31,ARIMA,20D,5,-0.0428486681389744,-0.09840474128470518,Normal
2020-02-03,ARIMA,20D,5,-0.0785875788231217,-0.03965435527088013,Normal
2020-02-04,ARIMA,20D,5,-0.0521205453799945,-0.07304861957333476,Normal
2020-02-05,ARIMA,20D,5,-0.0978191064789484,-0.04831795226472696,Normal
2020-02-06,ARIMA,20D,5,-0.1183402051883365,-0.09101846546915589,Normal
2020-02-07,ARIMA,20D,5,-0.1919351271192498,-0.11019328028470757,Normal
2020-02-10,ARIMA,20D,5,-0.151019764813964,-0.17896001735735065,Normal
2020-02-11,ARIMA,20D,5,-0.2028097063085716,-0.14072890183934275,Normal
2020-02-12,ARIMA,20D,5,-0.3091964118162481,-0.18912117125584554,Normal
2020-02-13,ARIMA,20D,5,-0.2187562285070234,-0.28852839139718656,Normal
2020-02-14,ARIMA,20D,5,-0.3482502620783263,-0.20402152403118262,Normal
2020-02-18,ARIMA,20D,5,-0.2870997354564867,-0.3250201191167675,Normal
2020-02-19,ARIMA,20D,5,-0.3450167560728519,-0.2678813644890333,Normal
2020-02-20,ARIMA,20D,5,-0.3364971776744535,-0.3219987468336362,Normal
2020-02-21,ARIMA,20D,5,-0.3702509924950005,-0.31403809421901135,Normal
2020-02-24,ARIMA,20D,5,-0.3658944140841366,-0.3455774946023991,High
2020-02-25,ARIMA,20D,5,-0.2454632771908201,-0.34150672892650824,High
2020-02-26,ARIMA,20D,5,-0.2302085894464678,-0.2289764604131925,High
2020-02-27,ARIMA,20D,5,-0.1244966220199602,-0.21472255438655255,High
2020-02-28,ARIMA,20D,5,-0.1504920044519335,-0.11594580622620236,High
2020-03-02,ARIMA,20D,5,-0.1625362826513719,-0.1402357651241875,High
2020-03-03,ARIMA,20D,5,-0.1501681085168731,-0.15148988008809847,High
2020-03-04,ARIMA,20D,5,-0.2366508206102934,-0.1399331183379581,High
2020-03-05,ARIMA,20D,5,-0.179567381113352,-0.2207421438498019,High
2020-03-06,ARIMA,20D,5,-0.1776192982869101,-0.16740365564849258,High
2020-03-09,ARIMA,20D,5,-0.0306406412017082,-0.1655833765313081,High
2020-03-10,ARIMA,20D,5,-0.0804600326759297,-0.02824723428284773,High
2020-03-11,ARIMA,20D,5,0.0031322313239605,-0.07479823134542932,High
2020-03-12,ARIMA,20D,5,0.1174605540301331,0.0033099735275054767,High
2020-03-13,ARIMA,20D,5,0.01849608763622,0.11013780214959495,High
2020-03-16,ARIMA,20D,5,0.176262844681345,0.01766588613298143,High
2020-03-17,ARIMA,20D,5,0.095759799373284,0.16508237650863794,High
2020-03-18,ARIMA,20D,5,0.1547819095449057,0.08986072255480505,High
2020-03-19,ARIMA,20D,5,0.1765260805958252,0.14501069520447527,High
2020-03-20,ARIMA,20D,5,0.2028108590338443,0.16532834286669898,High
2020-03-23,ARIMA,20D,5,0.2013872448070904,0.18988871198505652,High
2020-03-24,ARIMA,20D,5,0.1343753128712639,0.1885584937763062,High
2020-03-25,ARIMA,20D,5,0.1223667547902461,0.12594287053416536,High
2020-03-26,ARIMA,20D,5,0.0756450142828389,0.11472213227515726,High
2020-03-27,ARIMA,20D,5,0.1245197280062011,0.07106556520840752,High
2020-03-30,ARIMA,20D,5,0.0862969672457426,0.1167338599756772,High
2020-03-31,ARIMA,20D,5,0.1286759820792315,0.08101869824383337,High
2020-04-01,ARIMA,20D,5,0.1645672014929636,0.1206174435647119,High
2020-04-02,ARIMA,20D,5,0.1135343334212274,0.15415402440323214,High
2020-04-03,ARIMA,20D,5,0.1330280168260212,0.10646916071051216,High
2020-04-06,ARIMA,20D,5,0.0740597078789705,0.12468396366299306,High
2020-04-07,ARIMA,20D,5,0.0686601665282903,0.06958426261586269,High
2020-04-08,ARIMA,20D,5,0.0466097510918963,0.06453895744217622,High
2020-04-09,ARIMA,20D,5,0.0489570758534234,0.04393515651579566,High
2020-04-13,ARIMA,20D,5,0.0592462046648912,0.04612848535513553,High
2020-04-14,ARIMA,20D,5,0.008418279320536,0.0557425972683049,High
2020-04-15,ARIMA,20D,5,0.0130780153686251,0.008249231063169635,High
2020-04-16,ARIMA,20D,5,0.0187370953331553,0.01260326576066773,High
2020-04-17,ARIMA,20D,5,-0.0037851614844422,0.01789108255269081,High
2020-04-20,ARIMA,20D,5,0.0452728929009789,-0.0031536046651606956,High
2020-04-21,ARIMA,20D,5,0.0658882604257102,0.04268600272493322,High
2020-04-22,ARIMA,20D,5,0.0597309504569891,0.06194890186300027,High
2020-04-23,ARIMA,20D,5,0.052466549807231,0.05619554137854607,High
2020-04-24,ARIMA,20D,5,0.0409954049272041,0.0494077207468291,High
2020-04-27,ARIMA,20D,5,0.0386028217669288,0.03868913876874756,High
2020-04-28,ARIMA,20D,5,0.0585774394477266,0.03645352070176276,High
2020-04-29,ARIMA,20D,5,0.030230596077734,0.055117706302386646,High
2020-04-30,ARIMA,20D,5,0.0442865329490969,0.028630553741866405,High
2020-05-01,ARIMA,20D,5,0.0764909604422373,0.04176435278373581,High
2020-05-04,ARIMA,20D,5,0.0804274451457866,0.07185601318490746,High
2020-05-05,ARIMA,20D,5,0.0849841807605707,0.07553424534409874,High
2020-05-06,ARIMA,20D,5,0.0886136720760043,0.0797920369377302,High
2020-05-07,ARIMA,20D,5,0.1030487291427495,0.08318341596833999,High
2020-05-08,ARIMA,20D,5,0.0982875904833291,0.09667146307666236,High
2020-05-11,ARIMA,20D,5,0.0903247776968165,0.09222267827237775,High
2020-05-12,ARIMA,20D,5,0.105710887733682,0.08478226473728595,High
2020-05-13,ARIMA,20D,5,0.062575191361673,0.09915897111478741,High
2020-05-14,ARIMA,20D,5,0.0640925601628134,0.058853186244957674,High
2020-05-15,ARIMA,20D,5,0.0684517457772656,0.06027100827197478,High
2020-05-18,ARIMA,20D,5,0.0562213898739027,0.06434421010621663,High
2020-05-19,ARIMA,20D,5,0.0631543413528727,0.052916225040875765,High
2020-05-20,ARIMA,20D,5,0.047234394143259,0.059394341179639716,High
2020-05-21,ARIMA,20D,5,0.0493728488875387,0.04451881994460717,High
2020-05-22,ARIMA,20D,5,0.0534959964973848,0.04651698165581429,High
2020-05-26,ARIMA,20D,5,0.045579880667408,0.05036963072668565,High
2020-05-27,ARIMA,20D,5,0.0046661675814313,0.042972850600638074,High
2020-05-28,ARIMA,20D,5,0.0176761346345691,0.004743276105130471,High
2020-05-29,ARIMA,20D,5,-0.01164986319257,0.016899726036645114,High
2020-06-01,ARIMA,20D,5,-0.0008151915574007,-0.010502343685840562,High
2020-06-02,ARIMA,20D,5,0.0062998505959561,-0.0003784792118278679,High
2020-06-03,ARIMA,20D,5,-0.0022472562407371,0.006269781567359664,High
2020-06-04,ARIMA,20D,5,0.0056581033196887,-0.0017165934861042668,High
2020-06-05,ARIMA,20D,5,-0.0044589786697838,0.005670136033995383,High
2020-06-08,ARIMA,20D,5,-0.0273061129452333,-0.0037832161655698146,High
2020-06-09,ARIMA,20D,5,-0.0116793832620811,-0.0251314672997729,High
2020-06-10,ARIMA,20D,5,-0.0120117190030936,-0.01052992709520054,High
2020-06-11,ARIMA,20D,5,0.0591527837676382,-0.010840459995058803,High
2020-06-12,ARIMA,20D,5,0.0367698519463675,0.05565530523632859,High
2020-06-15,ARIMA,20D,5,0.0418092917110964,0.034740802617341734,High
2020-06-16,ARIMA,20D,5,0.0320654957807409,0.03944963062071747,High
2020-06-17,ARIMA,20D,5,0.0322603767992549,0.030345075099057286,High
2020-06-18,ARIMA,20D,5,0.0345108959830365,0.03052717097481868,High
2020-06-19,ARIMA,20D,5,0.0485482068038507,0.03263004515319378,High
2020-06-22,ARIMA,20D,5,0.0437517428417525,0.04574644010403109,High
2020-06-23,ARIMA,20D,5,0.0451842042447426,0.04126464750875329,High
2020-06-24,ARIMA,20D,5,0.058983091428158,0.04260313247594439,High
2020-06-25,ARIMA,20D,5,0.0418736236756638,0.055496745539733876,High
2020-06-26,ARIMA,20D,5,0.0737667567719773,0.03950974209548642,High
2020-06-29,ARIMA,20D,5,0.0526934332397973,0.06931053052645776,High
2020-06-30,ARIMA,20D,5,0.0497528671557842,0.04961971952261519,High
2020-07-01,ARIMA,20D,5,0.0409860014164588,0.04687206887718224,High
2020-07-02,ARIMA,20D,5,0.0440962671818181,0.038680352174047604,High
2020-07-06,ARIMA,20D,5,0.0354946990140135,0.041586569376279116,High
2020-07-07,ARIMA,20D,5,0.0499775999097908,0.03354930591993491,High
2020-07-08,ARIMA,20D,5,0.0485897740818786,0.047082058069383446,High
2020-07-09,ARIMA,20D,5,0.0606564915787381,0.04578528036642927,High
2020-07-10,ARIMA,20D,5,0.0508775110742516,0.057060362500701484,High
2020-07-13,ARIMA,20D,5,0.0630226215637023,0.047922930684117716,High
2020-07-14,ARIMA,20D,5,0.041704265579421,0.05927126284934882,High
2020-07-15,ARIMA,20D,5,0.0465627109366796,0.03935149471414691,High
2020-07-16,ARIMA,20D,5,0.0479253534746383,0.043891202423573375,High
2020-07-17,ARIMA,20D,5,0.0449088934907757,0.04516444898289127,High
2020-07-20,ARIMA,20D,5,0.0392432737430587,0.042345883446601236,High
2020-07-21,ARIMA,20D,5,0.0398663848283156,0.03705195591297915,High
2020-07-22,ARIMA,20D,5,0.0297216308886598,0.03763418788011318,High
2020-07-23,ARIMA,20D,5,0.0452716640692526,0.028154979144898295,High
2020-07-24,ARIMA,20D,5,0.0549165040765014,0.04268485451054543,High
2020-07-27,ARIMA,20D,5,0.0575421906199225,0.05169694609899501,Normal
2020-07-28,ARIMA,20D,5,0.0676265257841089,0.05415037483333234,Normal
2020-07-29,ARIMA,20D,5,0.065418743777208,0.06357312855863695,Normal
2020-07-30,ARIMA,20D,5,0.0708476915724718,0.06151018779045747,Normal
2020-07-31,ARIMA,20D,5,0.0699164581798658,0.06658297020292438,Normal
2020-08-03,ARIMA,20D,5,0.0605637203399985,0.06571283025056845,Normal
2020-08-04,ARIMA,20D,5,0.0644551287345707,0.05697367750648004,Normal
2020-08-05,ARIMA,20D,5,0.0732950184429225,0.060609790581822774,Normal
2020-08-06,ARIMA,20D,5,0.0311302982800724,0.06886974052641329,Normal
2020-08-07,ARIMA,20D,5,0.0223311882558405,0.02947123110340994,Normal
2020-08-10,ARIMA,20D,5,-0.008556106104018,0.02124938549730096,Normal
2020-08-11,ARIMA,20D,5,0.0193897099595396,-0.0076115521109164684,Normal
2020-08-12,ARIMA,20D,5,-0.0122510382594692,0.018500882485143474,Normal
2020-08-13,ARIMA,20D,5,-0.0096688354252253,-0.011064078744122088,Normal
2020-08-14,ARIMA,20D,5,0.0031643969960766,-0.008651280976126951,Normal
2020-08-17,ARIMA,20D,5,0.0056640054191528,0.003340028975070853,Normal
2020-08-18,ARIMA,20D,5,-0.0012663818928157,0.005675650927025711,Normal
2020-08-19,ARIMA,20D,5,-0.0053002080761863,-0.0008000692665646233,Normal
2020-08-20,ARIMA,20D,5,-0.0196994397923609,-0.0045692568310135686,Low
2020-08-21,ARIMA,20D,5,-0.0347732038026311,-0.018023828906024046,Low
2020-08-24,ARIMA,20D,5,-0.0343038027691586,-0.03210868067558494,Low
2020-08-25,ARIMA,20D,5,-0.0619010414290728,-0.031670074633163535,Low
2020-08-26,ARIMA,20D,5,-0.0690620372192853,-0.057456800198805426,Low
2020-08-27,ARIMA,20D,5,-0.0548832440269061,-0.06414799983274376,Low
2020-08-28,ARIMA,20D,5,-0.0456110550226221,-0.05089940444211307,Low
2020-08-31,ARIMA,20D,5,-0.0482379625515576,-0.04223551613818894,Low
2020-09-01,ARIMA,20D,5,-0.0475149514038839,-0.044690085755451824,Low
2020-09-02,ARIMA,20D,5,-0.0574850519834588,-0.04401450765592832,Low
2020-09-03,ARIMA,20D,5,-0.0313512707076442,-0.05333052114103054,High
2020-09-04,ARIMA,20D,5,-0.0053718809504681,-0.028911243036558166,High
2020-09-08,ARIMA,20D,5,0.0087048837484754,-0.004636227616112079,High
2020-09-09,ARIMA,20D,5,0.0060072868565365,0.008517032846538134,High
2020-09-10,ARIMA,20D,5,0.0317267456768014,0.005996411432331284,High
2020-09-11,ARIMA,20D,5,0.0399489106994668,0.030028548649680718,High
2020-09-14,ARIMA,20D,5,0.0435701058327681,0.03771129965269543,High
2020-09-15,ARIMA,20D,5,0.0320374282731051,0.041094926771075,High
2020-09-16,ARIMA,20D,5,0.0300219030811976,0.03031884895644805,High
2020-09-17,ARIMA,20D,5,0.0369409290955371,0.028435552021024952,High
2020-09-18,ARIMA,20D,5,0.048321416499996,0.03490065627337425,High
2020-09-21,ARIMA,20D,5,0.0434953170123512,0.04553452834726014,High
2020-09-22,ARIMA,20D,5,0.0377484959339762,0.0410250444610644,High
2020-09-23,ARIMA,20D,5,0.0595577208367801,0.03565524279905409,High
2020-09-24,ARIMA,20D,5,0.0617800692856423,0.056033676464044384,High
2020-09-25,ARIMA,20D,5,0.0493694683818433,0.05811022804473856,High
2020-09-28,ARIMA,20D,5,0.0146228035426671,0.046513822927735926,High
2020-09-29,ARIMA,20D,5,0.0164168808966656,0.01404670831635109,High
2020-09-30,ARIMA,20D,5,-0.0277285037802916,0.015723085469196138,High
2020-10-01,ARIMA,20D,5,-0.0211309284045891,-0.02552614724146256,High
2020-10-02,ARIMA,20D,5,-0.0237108289834782,-0.01936140490225905,High
2020-10-05,ARIMA,20D,5,-0.0292809870957875,-0.02177205145404927,High
2020-10-06,ARIMA,20D,5,0.0024338149758133,-0.02697678009988982,High
2020-10-07,ARIMA,20D,5,0.0069941768606635,0.002657376689025782,High
2020-10-08,ARIMA,20D,5,0.0182892297424955,0.006918556651768149,High
2020-10-09,ARIMA,20D,5,0.0092463779763688,0.017472599123281123,High
2020-10-12,ARIMA,20D,5,0.0045958225643888,0.009023002419151516,High
2020-10-13,ARIMA,20D,5,0.0095219389726844,0.004677546063377414,High
2020-10-14,ARIMA,20D,5,0.0237898394197352,0.009280485273728073,High
2020-10-15,ARIMA,20D,5,0.0152901113868789,0.022612342049689368,High
2020-10-16,ARIMA,20D,5,0.0286737476365424,0.014670237520071187,High
2020-10-19,ARIMA,20D,5,0.0567191460743175,0.02717584213122188,High
2020-10-20,ARIMA,20D,5,0.0471995069696688,0.05338132601336317,High
2020-10-21,ARIMA,20D,5,0.0377664103337578,0.04448622153930229,High
2020-10-22,ARIMA,20D,5,0.0364997320209992,0.03567198192707099,High
2020-10-23,ARIMA,20D,5,0.0262441563276912,0.03448840387299195,High
2020-10-26,ARIMA,20D,5,0.0506287374948629,0.024905643830222392,High
2020-10-27,ARIMA,20D,5,0.0696914016593401,0.0476904778616186,High
2020-10-28,ARIMA,20D,5,0.1040312690124084,0.06550253853250666,High
2020-10-29,ARIMA,20D,5,0.0945488550983121,0.0975895435516121,High
2020-10-30,ARIMA,20D,5,0.1021464279066001,0.08872922211453302,High
2015-06-10,ARIMA,60D,1,-0.0760017568835913,-0.06393309912644336,Low
2015-06-11,ARIMA,60D,1,-0.0931871823943958,-0.07360773654664887,Low
2015-06-12,ARIMA,60D,1,-0.0613946705442546,-0.09017266050361157,Low
2015-06-15,ARIMA,60D,1,-0.0707564166915679,-0.060686327474049895,Low
2015-06-16,ARIMA,60D,1,-0.071166071762386,-0.0685419090107742,Low
2015-06-17,ARIMA,60D,1,-0.0686667497124726,-0.06919304320169832,Low
2015-06-18,ARIMA,60D,1,-0.0826187909895252,-0.066853135210725,Low
2015-06-19,ARIMA,60D,1,-0.0645514881201432,-0.07995879660844615,Low
2015-06-22,ARIMA,60D,1,-0.0619601153863095,-0.06332615374690076,Low
2015-06-23,ARIMA,60D,1,-0.0651601262540631,-0.06031836345989264,Low
2015-06-24,ARIMA,60D,1,-0.0740758914901413,-0.06324119783346469,Low
2015-06-25,ARIMA,60D,1,-0.0665424952998722,-0.0717645911144676,Low
2015-06-26,ARIMA,60D,1,-0.078547269574328,-0.06493219995903832,Low
2015-06-29,ARIMA,60D,1,-0.0595110442953105,-0.07604675681331463,Normal
2015-06-30,ARIMA,60D,1,-0.0655346585190844,-0.0584315885304707,Normal
2015-07-01,ARIMA,60D,1,-0.072912656754942,-0.06353170744510395,Normal
2015-07-02,ARIMA,60D,1,-0.0986057977282045,-0.07067512938128175,Normal
2015-07-06,ARIMA,60D,1,-0.0935044711163255,-0.095194543359826,Normal
2015-07-07,ARIMA,60D,1,-0.0806711331066291,-0.0911980088182525,Normal
2015-07-08,ARIMA,60D,1,-0.0619062295161503,-0.07893652811121876,Normal
2015-07-09,ARIMA,60D,1,-0.0499520841445647,-0.06079209762090755,Normal
2015-07-10,ARIMA,60D,1,-0.0440904770110702,-0.04888592845894395,Normal
2015-07-13,ARIMA,60D,1,-0.0586904348625687,-0.042946708315183865,Normal
2015-07-14,ARIMA,60D,1,-0.055130188241516,-0.05654366285481341,Normal
2015-07-15,ARIMA,60D,1,-0.0456151517962204,-0.05363631051905167,Normal
2015-07-16,ARIMA,60D,1,-0.0528730366801808,-0.04454714238425281,Normal
2015-07-17,ARIMA,60D,1,-0.0527039438272984,-0.05110016741901677,Normal
2015-07-20,ARIMA,60D,1,-0.0603237041414271,-0.051160622263615146,Normal
2015-07-21,ARIMA,60D,1,-0.0607803388106433,-0.05836312293104569,Normal
2015-07-22,ARIMA,60D,1,-0.0436462224390979,-0.05903670194339013,Normal
2015-07-23,ARIMA,60D,1,-0.0333939508540215,-0.04286806078832772,Normal
2015-07-24,ARIMA,60D,1,-0.0223624212134872,-0.0326365216760732,Normal
2015-07-27,ARIMA,60D,1,-0.0179927672043168,-0.02186814689773604,Normal
2015-07-28,ARIMA,60D,1,-0.0361452899173403,-0.01737702293363282,Normal
2015-07-29,ARIMA,60D,1,-0.0269465858321299,-0.03437972544144427,Normal
2015-07-30,ARIMA,60D,1,-0.0160049987671093,-0.026258647306290826,Normal
2015-07-31,ARIMA,60D,1,-0.0156458279671577,-0.015646197111424013,Normal
2015-08-03,ARIMA,60D,1,-0.015442519887341,-0.014950112579311923,Normal
2015-08-04,ARIMA,60D,1,-0.0014197922322646,-0.014734596941887963,Normal
2015-08-05,ARIMA,60D,1,-0.004979505798416,-0.0014762526353184098,Low
2015-08-06,ARIMA,60D,1,-0.0020177915642793,-0.004394481725407972,Low
2015-08-07,ARIMA,60D,1,0.012665107630873,-0.001693821174103105,Low
2015-08-10,ARIMA,60D,1,0.0026626249239154,0.01227189166158029,Low
2015-08-11,ARIMA,60D,1,0.0087140226644506,0.003289193007522735,Low
2015-08-12,ARIMA,60D,1,0.0066316292697374,0.008705698472147335,Low
2015-08-13,ARIMA,60D,1,0.0075599733580951,0.006919937991276638,Low
2015-08-14,ARIMA,60D,1,-0.0062156495727666,0.007737179931775596,Low
2015-08-17,ARIMA,60D,1,-0.0099040861287198,-0.005252946715614208,Low
2015-08-18,ARIMA,60D,1,-0.0105084105146556,-0.009175010167462777,Low
2015-08-19,ARIMA,60D,1,-0.0163084374416912,-0.009877898564056117,Low
2015-08-20,ARIMA,60D,1,-0.0062531174197004,-0.015382391849061,Normal
2015-08-21,ARIMA,60D,1,0.0409094278964122,-0.006065387086009837,High
2015-08-24,ARIMA,60D,1,0.0797805952246848,0.038815090045922554,High
2015-08-25,ARIMA,60D,1,0.1094280748445129,0.07705570362972611,High
2015-08-26,ARIMA,60D,1,0.0700130350810018,0.1063570184554954,High
2015-08-27,ARIMA,60D,1,0.0498087358714612,0.07009566338464016,High
2015-08-28,ARIMA,60D,1,0.047964560872901,0.04978442202129388,High
2015-08-31,ARIMA,60D,1,0.0576128894818458,0.04735907814202256,High
2015-09-01,ARIMA,60D,1,0.0875063987093067,0.05639497522640119,High
2015-09-02,ARIMA,60D,1,0.0699721688455729,0.08494722927573296,High
2015-09-03,ARIMA,60D,1,0.0641562530065355,0.06933747634588645,High
2015-09-04,ARIMA,60D,1,0.090228500707551,0.06331695812778167,High
2015-09-08,ARIMA,60D,1,0.0543982708710637,0.08775218603437915,High
2015-09-09,ARIMA,60D,1,0.0539154801959983,0.054714833931171464,High
2015-09-10,ARIMA,60D,1,0.0689692611149139,0.053148245093563654,High
2015-09-11,ARIMA,60D,1,0.0574782107095299,0.06732101162858867,High
2015-09-14,ARIMA,60D,1,0.055065199306979,0.05693861542934457,High
2015-09-15,ARIMA,60D,1,0.0345464253098539,0.05430943866720628,High
2015-09-16,ARIMA,60D,1,0.0281275411730727,0.034831383429586624,High
2015-09-17,ARIMA,60D,1,0.0110780178598174,0.02811106516003096,High
2015-09-18,ARIMA,60D,1,0.0321185368782691,0.01177385793710006,High
2015-09-21,ARIMA,60D,1,0.0381257249505107,0.031107499972263628,High
2015-09-22,ARIMA,60D,1,0.0649312906206604,0.037433922882756765,High
2015-09-23,ARIMA,60D,1,0.0518272582143779,0.06297708949516284,High
2015-09-24,ARIMA,60D,1,0.0372384150785774,0.05145262062501904,High
2015-09-25,ARIMA,60D,1,0.0454526236069543,0.03727922559298037,High
2015-09-28,ARIMA,60D,1,0.0802319303613323,0.044565073116175316,High
2015-09-29,ARIMA,60D,1,0.0913414329759045,0.07767545652358153,High
2015-09-30,ARIMA,60D,1,0.0708456189684761,0.08928645723006029,High
2015-10-01,ARIMA,60D,1,0.0666927438338328,0.0703087019712369,High
2015-10-02,ARIMA,60D,1,0.0630526149904501,0.06574651610766126,High
2015-10-05,ARIMA,60D,1,0.0376846226881696,0.06215335993373487,High
2015-10-06,ARIMA,60D,1,0.0318228269908449,0.038060524913825514,High
2015-10-07,ARIMA,60D,1,0.0083972653354861,0.03171154041027027,High
2015-10-08,ARIMA,60D,1,0.0016276893302875,0.009361628518685189,High
2015-10-09,ARIMA,60D,1,-0.0122993222328538,0.0022133945583455404,High
2015-10-12,ARIMA,60D,1,-0.0375598032295314,-0.011187504913427088,High
2015-10-13,ARIMA,60D,1,-0.0416085169852523,-0.035508376718998716,High
2015-10-14,ARIMA,60D,1,-0.0360281777774905,-0.040151711662855666,High
2015-10-15,ARIMA,60D,1,-0.0429992150110709,-0.03503450057421448,High
2015-10-16,ARIMA,60D,1,-0.0728416514626769,-0.041449957261845194,High
2015-10-19,ARIMA,60D,1,-0.0565540994721662,-0.06986587755684817,High
2015-10-20,ARIMA,60D,1,-0.0769677711144347,-0.055429619637768365,Normal
2015-10-21,ARIMA,60D,1,-0.0705936420158716,-0.07423479745063076,Normal
2015-10-22,ARIMA,60D,1,-0.0988472550543641,-0.06884344686629044,High
2015-10-23,ARIMA,60D,1,-0.1046352203874588,-0.09536115235022923,High
2015-10-26,ARIMA,60D,1,-0.0826395605041452,-0.10172186751343468,Normal
2015-10-27,ARIMA,60D,1,-0.0958437198118788,-0.08115033939630777,Normal
2015-10-28,ARIMA,60D,1,-0.0935689704696545,-0.092936519140594,Normal
2015-10-29,ARIMA,60D,1,-0.1040420173895221,-0.09118306820125997,Normal
2015-10-30,ARIMA,60D,1,-0.0937071849835053,-0.10102088383521204,Normal
2015-11-02,ARIMA,60D,1,-0.0810524103277635,-0.09158538761516312,Normal
2015-11-03,ARIMA,60D,1,-0.0842200980983728,-0.07930984440112498,Normal
2015-11-04,ARIMA,60D,1,-0.099589399876957,-0.08189065097122915,Normal
2015-11-05,ARIMA,60D,1,-0.0934769900988847,-0.09650096759350582,Normal
2015-11-06,ARIMA,60D,1,-0.0916037400263375,-0.09121594809148947,Normal
2015-11-09,ARIMA,60D,1,-0.1003866076461869,-0.0892681509110628,Normal
2015-11-10,ARIMA,60D,1,-0.1161511207226939,-0.09750226065247738,Normal
2015-11-11,ARIMA,60D,1,-0.1135816540478851,-0.11267604529801328,Normal
2015-11-12,ARIMA,60D,1,-0.0996814588420133,-0.11075794966531932,Normal
2015-11-13,ARIMA,60D,1,-0.1007882657391141,-0.09755817258940003,Normal
2015-11-16,ARIMA,60D,1,-0.0962515533263025,-0.09816043917393032,Normal
2015-11-17,ARIMA,60D,1,-0.0785295385663709,-0.09389360960801349,Normal
2015-11-18,ARIMA,60D,1,-0.0782166578179019,-0.07700337624382421,Normal
2015-11-19,ARIMA,60D,1,-0.0817695496128573,-0.07614004222439125,Normal
2015-11-20,ARIMA,60D,1,-0.0855985381748085,-0.07946841342116652,Normal
2015-11-23,ARIMA,60D,1,-0.0700121832340483,-0.08319856922139593,Normal
2015-11-24,ARIMA,60D,1,-0.0837660107497975,-0.06859525066587055,Normal
2015-11-25,ARIMA,60D,1,-0.0792069101001984,-0.08110143987014791,Normal
2015-11-27,ARIMA,60D,1,-0.0685159849292285,-0.07721353737154757,Normal
2015-11-30,ARIMA,60D,1,-0.0657360501191747,-0.0669802303031583,Normal
2015-12-01,ARIMA,60D,1,-0.0845141201574857,-0.06400933156895404,Normal
2015-12-02,ARIMA,60D,1,-0.0498691421164181,-0.08165425330948174,Normal
2015-12-03,ARIMA,60D,1,-0.0313053658111662,-0.049508714397216866,Normal
2015-12-04,ARIMA,60D,1,-0.0481305878547005,-0.03088605310296103,Normal
2015-12-07,ARIMA,60D,1,-0.0378161040283609,-0.046159540052909565,Normal
2015-12-08,ARIMA,60D,1,-0.0304204286019025,-0.03692596218704787,Normal
2015-12-09,ARIMA,60D,1,-0.033955098292216,-0.029626912825873503,Normal
2015-12-10,ARIMA,60D,1,-0.0311642820879965,-0.03272176427973858,Normal
2015-12-11,ARIMA,60D,1,-0.0113946215350586,-0.030188533942637954,High
2015-12-14,ARIMA,60D,1,0.0001236359897248,-0.01142159548639252,Normal
2015-12-15,ARIMA,60D,1,-0.0117007127328014,9.359347004790283e-05,Normal
2015-12-16,ARIMA,60D,1,-0.0279499793178908,-0.010693080196336868,High
2015-12-17,ARIMA,60D,1,-0.0072104748002345,-0.02641073395377357,Normal
2015-12-18,ARIMA,60D,1,0.0173206032754685,-0.007340719733967275,High
2015-12-21,ARIMA,60D,1,0.0139682637993383,0.016481421284052684,High
2015-12-22,ARIMA,60D,1,0.0061752601120617,0.014114197699722192,High
2015-12-23,ARIMA,60D,1,-0.0070441093122642,0.006670457652255352,High
2015-12-24,ARIMA,60D,1,-0.011850703439068,-0.006071670780380088,High
2015-12-28,ARIMA,60D,1,-0.0100479087621388,-0.011042028037250882,High
2015-12-29,ARIMA,60D,1,-0.0200764660470894,-0.009505486073665033,High
2015-12-30,ARIMA,60D,1,-0.0040550552090735,-0.018930561116512198,High
2015-12-31,ARIMA,60D,1,0.0097423098259603,-0.00410752907705449,High
2016-01-04,ARIMA,60D,1,0.0231225092641454,0.00942880304287709,High
2016-01-05,ARIMA,60D,1,0.0274232641913855,0.022527679704762327,High
2016-01-06,ARIMA,60D,1,0.0374119471481569,0.027032022589210586,High
2016-01-07,ARIMA,60D,1,0.0512014652557071,0.03662244780203399,High
2016-01-08,ARIMA,60D,1,0.0725518006335682,0.04997550016301336,High
2016-01-11,ARIMA,60D,1,0.0596508183677408,0.07059978128015691,High
2016-01-12,ARIMA,60D,1,0.0546610068545824,0.05910186869180134,High
2016-01-13,ARIMA,60D,1,0.0771998360428875,0.05400019323803881,High
2016-01-14,ARIMA,60D,1,0.0702575289898937,0.07512731729049178,High
2016-01-15,ARIMA,60D,1,0.1020833714566139,0.06927709295358665,High
2016-01-19,ARIMA,60D,1,0.1017246036993174,0.09915503683340038,High
2016-01-20,ARIMA,60D,1,0.1125026001490699,0.09982018983541177,High
2016-01-21,ARIMA,60D,1,0.1138403371269197,0.11002746234044593,High
2016-01-22,ARIMA,60D,1,0.0968393481475727,0.11163464785761866,High
2016-01-25,ARIMA,60D,1,0.1133621483696285,0.09562318643940633,High
2016-01-26,ARIMA,60D,1,0.0941093476819688,0.11069865367653581,High
2016-01-27,ARIMA,60D,1,0.1050801285620379,0.09301195115597473,High
2016-01-28,ARIMA,60D,1,0.0977530882236836,0.10278460545142938,High
2016-01-29,ARIMA,60D,1,0.075165437403364,0.09618920190972,High
2016-02-01,ARIMA,60D,1,0.0772567663606524,0.07462281126081417,High
2016-02-02,ARIMA,60D,1,0.0869040990173222,0.07587422812822212,High
2016-02-03,ARIMA,60D,1,0.0768485297651908,0.08503275767985405,High
2016-02-04,ARIMA,60D,1,0.0831025681699116,0.07583832726093796,High
2016-02-05,ARIMA,60D,1,0.0930422270578675,0.08143920653856962,High
2016-02-08,ARIMA,60D,1,0.1013427022754523,0.09102015922149641,High
2016-02-09,ARIMA,60D,1,0.1017675062294184,0.09918589512998877,High
2016-02-10,ARIMA,60D,1,0.1051260849137318,0.0998617687018613,High
2016-02-11,ARIMA,60D,1,0.1182567455505979,0.10305825102736031,High
2016-02-12,ARIMA,60D,1,0.1113330955795893,0.11557380437890134,High
2016-02-16,ARIMA,60D,1,0.0853438349600355,0.10945178101016997,High
2016-02-17,ARIMA,60D,1,0.06882824506643,0.0846868704833404,High
2016-02-18,ARIMA,60D,1,0.064990443028612,0.06824774860697987,High
2016-02-19,ARIMA,60D,1,0.0747654527000267,0.06406862022730753,High
2016-02-22,ARIMA,60D,1,0.0509588580487877,0.07316528391923262,High
2016-02-23,ARIMA,60D,1,0.0636965933059777,0.05097442459964656,High
2016-02-24,ARIMA,60D,1,0.0555530387486249,0.062265421442165236,High
2016-02-25,ARIMA,60D,1,0.0502701312409788,0.05494946443407091,High
2016-02-26,ARIMA,60D,1,0.0500543600024416,0.049711374034440786,High
2016-02-29,ARIMA,60D,1,0.0717971286280036,0.04933142708727767,High
2016-03-01,ARIMA,60D,1,0.0551592728779684,0.06986498961572583,High
2016-03-02,ARIMA,60D,1,0.0508628569669381,0.05483278296838717,High
2016-03-03,ARIMA,60D,1,0.0516479175860607,0.05026756233328024,High
2016-03-04,ARIMA,60D,1,0.0473417090995288,0.050855989337130716,High
2016-03-07,ARIMA,60D,1,0.0475914849525912,0.04680651465025201,High
2016-03-08,ARIMA,60D,1,0.0617159371755837,0.04690644582559365,High
2016-03-09,ARIMA,60D,1,0.0537602021560745,0.0602570323953138,High
2016-03-10,ARIMA,60D,1,0.0584897378783156,0.05318778132026021,High
2016-03-11,ARIMA,60D,1,0.0435158079186617,0.05741947245413649,Normal
2016-03-14,ARIMA,60D,1,0.0480816785072284,0.043411735342075645,Normal
2016-03-15,ARIMA,60D,1,0.0482010738436525,0.047255569170692596,Normal
2016-03-16,ARIMA,60D,1,0.0333988135517065,0.0474975833930348,Normal
2016-03-17,ARIMA,60D,1,0.0186769316934008,0.0335179789748168,Normal
2016-03-18,ARIMA,60D,1,0.0124804593704028,0.01913635036255829,Normal
2016-03-21,ARIMA,60D,1,0.0096529584023002,0.01279749297507388,Normal
2016-03-22,ARIMA,60D,1,0.0136588244101182,0.009912535502732089,Normal
2016-03-23,ARIMA,60D,1,0.0168020497961763,0.01360100967075074,Normal
2016-03-24,ARIMA,60D,1,0.0229715743539761,0.0166952405247342,Normal
2016-03-28,ARIMA,60D,1,0.0251348580701135,0.02262927066096517,Normal
2016-03-29,ARIMA,60D,1,0.0147039170193004,0.02487295468290612,Normal
2016-03-30,ARIMA,60D,1,0.0236386040976892,0.01509140438964894,Low
2016-03-31,ARIMA,60D,1,-0.0109003463482725,0.02320569192788919,Low
2016-04-01,ARIMA,60D,1,-0.0354735519265749,-0.009159972374248919,Low
2016-04-04,ARIMA,60D,1,-0.0146459502766325,-0.03346878118470088,Low
2016-04-05,ARIMA,60D,1,0.0124395911064158,-0.014604260857374176,Low
2016-04-06,ARIMA,60D,1,0.0154606563238687,0.011624872848760256,Low
2016-04-07,ARIMA,60D,1,0.0294554365869058,0.015361243010068307,Normal
2016-04-08,ARIMA,60D,1,0.0198017049966907,0.02871151148721468,Normal
2016-04-11,ARIMA,60D,1,0.0278839379445707,0.02003768857280355,Low
2016-04-12,ARIMA,60D,1,0.0173962261764476,0.027383659876225597,Low
2016-04-13,ARIMA,60D,1,0.022544342973882,0.01771994744540209,Low
2016-04-14,ARIMA,60D,1,0.0257742498557478,0.022259988237773268,Low
2016-04-15,ARIMA,60D,1,0.0337438617392394,0.02546475139536117,Low
2016-04-18,ARIMA,60D,1,0.0273588948004232,0.03310353062238321,Low
2016-04-19,ARIMA,60D,1,0.0295245796992537,0.027326642939181592,Low
2016-04-20,ARIMA,60D,1,0.0278339455901481,0.029178999434476847,Low
2016-04-21,ARIMA,60D,1,0.0354209702693087,0.027643652150821367,Low
2016-04-22,ARIMA,60D,1,0.0339369071893524,0.03476158461703256,Low
2016-04-25,ARIMA,60D,1,0.0400118051258796,0.03359841410255858,Low
2016-04-26,ARIMA,60D,1,0.0345217350951175,0.039299936042127885,Low
2016-04-27,ARIMA,60D,1,0.0374173677728813,0.034303591900129576,Low
2016-04-28,ARIMA,60D,1,0.0436749850945131,0.0368719630163025,Low
2016-04-29,ARIMA,60D,1,0.0490736664857897,0.042871564633110565,Low
2016-05-02,ARIMA,60D,1,0.0400947988417371,0.04817481636640934,Low
2016-05-03,ARIMA,60D,1,0.0504142186782251,0.03986826658337239,Low
2016-05-04,ARIMA,60D,1,0.0579987815013557,0.0493406632210501,Low
2016-05-05,ARIMA,60D,1,0.0569672240466586,0.056826232646931915,Low
2016-05-06,ARIMA,60D,1,0.0474156726804386,0.05610302384022671,Low
2016-05-09,ARIMA,60D,1,0.0497915020888998,0.04705275777582347,Low
2016-05-10,ARIMA,60D,1,0.0375976861523515,0.04899367900001726,Low
2016-05-11,ARIMA,60D,1,0.0557719063196005,0.0375360836261804,Low
2016-05-12,ARIMA,60D,1,0.0550338082960231,0.054325150924398255,Low
2016-05-13,ARIMA,60D,1,0.0639379604443315,0.05419193810735842,Low
2016-05-16,ARIMA,60D,1,0.0513201869912305,0.06260164550905144,Low
2016-05-17,ARIMA,60D,1,0.0654994656458371,0.05096083350371669,Low
2016-05-18,ARIMA,60D,1,0.0644979445725215,0.0639686305871708,Low
2016-05-19,ARIMA,60D,1,0.0710005553897639,0.06345940395121587,Low
2016-05-20,ARIMA,60D,1,0.0595049539504812,0.06958708171633955,Low
2016-05-23,ARIMA,60D,1,0.0634594365247384,0.058929994540455014,Low
2016-05-24,ARIMA,60D,1,0.0520680006871307,0.06230869635462774,Normal
2016-05-25,ARIMA,60D,1,0.0436761614667791,0.051657651522127424,Normal
2016-05-26,ARIMA,60D,1,0.0433231456333847,0.04336961396132008,Normal
2016-05-27,ARIMA,60D,1,0.0409953178723068,0.04275746775346012,Normal
2016-05-31,ARIMA,60D,1,0.0367470312332248,0.04053715919944168,Normal
2016-06-01,ARIMA,60D,1,0.0342464721826533,0.0364480192675945,Low
2016-06-02,ARIMA,60D,1,0.0298457117769537,0.03394762471338353,Low
2016-06-03,ARIMA,60D,1,0.0379762024423229,0.02970498765352153,Low
2016-06-06,ARIMA,60D,1,0.0311352825158365,0.03724549057230954,Low
2016-06-07,ARIMA,60D,1,0.0274679757810764,0.03103443655848433,Low
2016-06-08,ARIMA,60D,1,0.0241224884197101,0.027360180586130184,Low
2016-06-09,ARIMA,60D,1,0.0300339656166386,0.02407529546316501,Low
2016-06-10,ARIMA,60D,1,0.04222874039681,0.029551079700471758,Low
2016-06-13,ARIMA,60D,1,0.0502306432482259,0.04125885195999303,Low
2016-06-14,ARIMA,60D,1,0.0498056601277276,0.049213926070422964,Low
2016-06-15,ARIMA,60D,1,0.0268203267807013,0.04907969347304868,Low
2016-06-16,ARIMA,60D,1,0.0382626209030902,0.027354659409066603,Low
2016-06-17,ARIMA,60D,1,0.0265841567694881,0.03743715527053783,Low
2016-06-20,ARIMA,60D,1,0.0202049245912523,0.02674018670847842,Low
2016-06-21,ARIMA,60D,1,0.0275550504364826,0.020352465273032253,Low
2016-06-22,ARIMA,60D,1,0.0254285516374863,0.02708344946236425,Low
2016-06-23,ARIMA,60D,1,0.0121343813317065,0.025300189362097478,Low
2016-06-24,ARIMA,60D,1,0.0490142676215232,0.012677621275396761,Normal
2016-06-27,ARIMA,60D,1,0.0781345144668618,0.0471038865959963,Normal
2016-06-28,ARIMA,60D,1,0.066999144780416,0.07577878276690692,High
2016-06-29,ARIMA,60D,1,0.0443566088494433,0.06621990274572202,High
2016-06-30,ARIMA,60D,1,0.0222578955820611,0.044502046561594816,High
2016-07-01,ARIMA,60D,1,0.0267346844543272,0.022889432647817932,High
2016-07-05,ARIMA,60D,1,0.0388882900435684,0.026393491522835284,High
2016-07-06,ARIMA,60D,1,0.0241844752552112,0.03799609155391403,High
2016-07-07,ARIMA,60D,1,0.0329928257299719,0.024491337633515717,High
2016-07-08,ARIMA,60D,2,0.0145886159824522,0.032361348126460285,High
2016-07-11,ARIMA,60D,2,0.0062179148840921,0.015204115461029583,High
2016-07-12,ARIMA,60D,2,0.0035205588079433,0.0067318725279824285,High
2016-07-13,ARIMA,60D,2,0.0038672439855662,0.003906931764554011,High
2016-07-14,ARIMA,60D,2,-0.0046369662577448,0.004143879469484657,High
2016-07-15,ARIMA,60D,2,0.0008877431194504,-0.003894094244019781,High
2016-07-18,ARIMA,60D,2,-0.014016296400174,0.0010736408705882671,High
2016-07-19,ARIMA,60D,2,-0.0114341596933597,-0.012866579743377116,High
2016-07-20,ARIMA,60D,2,-0.0187994444213578,-0.01087295267939924,High
2016-07-21,ARIMA,60D,2,-0.0149787904057116,-0.017776804694276883,High
2016-07-22,ARIMA,60D,2,-0.0225650353070622,-0.014384681207359681,High
2016-07-25,ARIMA,60D,2,-0.0134075109614338,-0.02145250717333747,Normal
2016-07-26,ARIMA,60D,2,-0.0115406709668027,-0.01301659531899219,Normal
2016-07-27,ARIMA,60D,2,-0.0117180811513749,-0.010978554892943877,Low
2016-07-28,ARIMA,60D,2,-0.013407146739622,-0.011080716152972608,Low
2016-07-29,ARIMA,60D,2,-0.0102985322098524,-0.012681989210873396,Low
2016-08-01,ARIMA,60D,2,-0.0128328955270677,-0.009792616356874815,Low
2016-08-02,ARIMA,60D,2,-0.0081928826355873,-0.01209719240292512,Low
2016-08-03,ARIMA,60D,2,-0.0143131212576673,-0.007781669773638419,Low
2016-08-04,ARIMA,60D,2,-0.0176388106967816,-0.013432786427357207,Low
2016-08-05,ARIMA,60D,2,-0.0263277918703602,-0.01676125778279303,Low
2016-08-08,ARIMA,60D,2,-0.0322302336875536,-0.025088944557839495,Low
2016-08-09,ARIMA,60D,2,-0.0391668361275638,-0.030941474050109868,Low
2016-08-10,ARIMA,60D,2,-0.0407312520866849,-0.03769262652116853,Low
2016-08-11,ARIMA,60D,2,-0.0471221874608214,-0.03939025517122895,Low
2016-08-12,ARIMA,60D,2,-0.0243456243444424,-0.04549126243399608,Low
2016-08-15,ARIMA,60D,2,-0.0233697622418066,-0.02413957695557863,Low
2016-08-16,ARIMA,60D,2,-0.0068595001456724,-0.022528218459448236,Low
2016-08-17,ARIMA,60D,2,-0.0067775004357326,-0.006856362156020583,Low
2016-08-18,ARIMA,60D,2,-0.0103736304799127,-0.006273712634688622,Low
2016-08-19,ARIMA,60D,2,-0.0090478303683277,-0.009657139263171195,Low
2016-08-22,ARIMA,60D,2,-0.0010313934629152,-0.00851187547642113,Low
2016-08-23,ARIMA,60D,2,-0.0045647771636528,-0.0008908254742848627,Low
2016-08-24,ARIMA,60D,2,0.0053547474572168,-0.003988056239475849,Low
2016-08-25,ARIMA,60D,2,0.0043312564883138,0.005296728200806832,Low
2016-08-26,ARIMA,60D,2,0.0133450227979009,0.004627659802055461,Low
2016-08-29,ARIMA,60D,2,0.0102936854728195,0.013133784769911212,Low
2016-08-30,ARIMA,60D,2,0.0130569750368511,0.010521129574395858,Low
2016-08-31,ARIMA,60D,2,0.0193424117558375,0.013051204774522214,Low
2016-09-01,ARIMA,60D,2,0.0141154078905138,0.019079230572276427,Low
2016-09-02,ARIMA,60D,2,0.0112575686447411,0.014328370332683015,Low
2016-09-06,ARIMA,60D,2,0.0056233957195792,0.011471533178434076,Low
2016-09-07,ARIMA,60D,2,0.002248068691109,0.006049120091673478,Low
2016-09-08,ARIMA,60D,2,0.004870484603664,0.002681058562425124,Low
2016-09-09,ARIMA,60D,2,0.035502653941244,0.005053511704218659,Low
2016-09-12,ARIMA,60D,2,0.0243373511766841,0.034110262226169315,Normal
2016-09-13,ARIMA,60D,2,0.0523564581996184,0.024483501806528304,Normal
2016-09-14,ARIMA,60D,2,0.0551013226163023,0.050681392658693106,Normal
2016-09-15,ARIMA,60D,2,0.0509642246998321,0.05412254105092844,Normal
2016-09-16,ARIMA,60D,2,0.0536055702048048,0.050319442469460435,Normal
2016-09-19,ARIMA,60D,2,0.0601426566398665,0.05269578405078529,Normal
2016-09-20,ARIMA,60D,2,0.0516932676937737,0.058956934519536194,Normal
2016-09-21,ARIMA,60D,2,0.0447109750476914,0.051164973481253956,Normal
2016-09-22,ARIMA,60D,2,0.0364800663790691,0.0443080908093779,Normal
2016-09-23,ARIMA,60D,2,0.0442065320539991,0.03630006095398239,Normal
2016-09-26,ARIMA,60D,2,0.0564622945730681,0.043351784928573764,Normal
2016-09-27,ARIMA,60D,2,0.0475784136830922,0.05517390268312143,Normal
2016-09-28,ARIMA,60D,2,0.0404311258570532,0.04715009878025841,Normal
2016-09-29,ARIMA,60D,2,0.0510471861222136,0.04012964668075261,Normal
2016-09-30,ARIMA,60D,2,0.0453566424387347,0.04994696784029139,Normal
2016-10-03,ARIMA,60D,2,0.0402310249104903,0.04487968595665112,Normal
2016-10-04,ARIMA,60D,2,0.0449055589649839,0.039867165685129255,Normal
2016-10-05,ARIMA,60D,2,0.0359702380369326,0.04412807639849828,Normal
2016-10-06,ARIMA,60D,2,0.0439395609374851,0.03581192424910512,Normal
2016-10-07,ARIMA,60D,2,0.0529043121496487,0.04308347892031976,Normal
2016-10-10,ARIMA,60D,2,0.0475380142298433,0.05179914196776808,Normal
2016-10-11,ARIMA,60D,2,0.0635733811081783,0.047003116309928886,Low
2016-10-12,ARIMA,60D,2,0.0588725434302196,0.06201918988061776,Low
2016-10-13,ARIMA,60D,2,0.0619766198424537,0.058055787981433266,Low
2016-10-14,ARIMA,60D,2,0.0646006780724345,0.060864740879348414,Low
2016-10-17,ARIMA,60D,2,0.0654961837905452,0.06343782026581214,Low
2016-10-18,ARIMA,60D,2,0.0612028095799932,0.06436795978127725,Low
2016-10-19,ARIMA,60D,2,0.0560413229684243,0.060336087640616654,Low
2016-10-20,ARIMA,60D,2,0.0591801945696146,0.055323001700960134,Low
2016-10-21,ARIMA,60D,2,0.05564850208545,0.05813104425244317,Low
2016-10-24,ARIMA,60D,2,0.0542704914993225,0.05488030015562052,Low
2016-10-25,ARIMA,60D,2,0.0553816993179592,0.05347183570953368,Low
2016-10-26,ARIMA,60D,2,0.0636667677681089,0.05447772833738675,Low
2016-10-27,ARIMA,60D,2,0.0746520164700863,0.06234843194538667,Low
2016-10-28,ARIMA,60D,2,0.0770295016744483,0.07299494396409853,Low
2016-10-31,ARIMA,60D,2,0.0762849460689052,0.07558733552129376,Low
2016-11-01,ARIMA,60D,2,0.0770672916815436,0.07496647846633157,Low
2016-11-02,ARIMA,60D,2,0.0827238745269653,0.07568662616362154,Low
2016-11-03,ARIMA,60D,2,0.087455406537691,0.08106137957383973,Low
2016-11-04,ARIMA,60D,2,0.0896930736480749,0.08571097505905043,Low
2016-11-07,ARIMA,60D,2,0.0749513707731635,0.08797782008219092,Normal
2016-11-08,ARIMA,60D,2,0.069068894862297,0.07410413776427831,Low
2016-11-09,ARIMA,60D,2,0.0582795784464868,0.06809176144347626,Low
2016-11-10,ARIMA,60D,2,0.0570238148790011,0.05769050588955364,Low
2016-11-11,ARIMA,60D,2,0.0641588069627588,0.05616724983688101,Low
2016-11-14,ARIMA,60D,2,0.0678340232419513,0.06286838711872661,Low
2016-11-15,ARIMA,60D,2,0.0656132018038731,0.06656137665024672,Low
2016-11-16,ARIMA,60D,2,0.0711960455219217,0.06457933326007326,Low
2016-11-17,ARIMA,60D,2,0.0715104648264584,0.06979723794760444,Low
2016-11-18,ARIMA,60D,2,0.0730356245904566,0.07026286415099708,Low
2016-11-21,ARIMA,60D,2,0.0672790718468201,0.07172078394036531,Normal
2016-11-22,ARIMA,60D,2,0.071145830763296,0.06632164627664895,Normal
2016-11-23,ARIMA,60D,2,0.0692553464595832,0.06980588225365358,Low
2016-11-25,ARIMA,60D,2,0.0657674998174185,0.068129634455601,Low
2016-11-28,ARIMA,60D,2,0.0725281393041854,0.06477585228877428,Normal
2016-11-29,ARIMA,60D,2,0.0722112022186572,0.07106383030852201,Low
2016-11-30,ARIMA,60D,2,0.0722864266586187,0.07096663307241204,Low
2016-12-01,ARIMA,60D,2,0.0893893607091078,0.07103466847286655,Low
2016-12-02,ARIMA,60D,2,0.0831153160169178,0.08721749801863031,Low
2016-12-05,ARIMA,60D,2,0.0778146394587091,0.08180332841373054,Low
2016-12-06,ARIMA,60D,2,0.0711269322262688,0.07661400991079075,Low
2016-12-07,ARIMA,60D,2,0.0551319475794554,0.07011970458977314,Low
2016-12-08,ARIMA,60D,2,0.0506881045985206,0.0547779714039974,Low
2016-12-09,ARIMA,60D,2,0.0455662616783172,0.05007933566498357,Low
2016-12-12,ARIMA,60D,2,0.0499676836747751,0.04508226715930817,Low
2016-12-13,ARIMA,60D,2,0.0438157660927078,0.04908529170322283,Low
2016-12-14,ARIMA,60D,2,0.0485813125736756,0.043394133245506616,Low
2016-12-15,ARIMA,60D,2,0.0530454840108083,0.047719277310984534,Low
2016-12-16,ARIMA,60D,2,0.0531696059626048,0.05208210322255345,Low
2016-12-19,ARIMA,60D,2,0.0498812539831622,0.0523401366632122,Low
2016-12-20,ARIMA,60D,2,0.0442384255016291,0.049237429072006275,Low
2016-12-21,ARIMA,60D,2,0.0342132166362046,0.04379890329127659,Low
2016-12-22,ARIMA,60D,2,0.0379660307060637,0.034139043855354614,Low
2016-12-23,ARIMA,60D,2,0.0356542660261545,0.037378165290486765,Low
2016-12-27,ARIMA,60D,2,0.0325640649076675,0.0352954556499499,Low
2016-12-28,ARIMA,60D,2,0.0399355980315933,0.03230477604318355,Low
2016-12-29,ARIMA,60D,2,0.0474542545930855,0.03918240654527752,Low
2016-12-30,ARIMA,60D,2,0.05318682549377,0.04651726204072554,Low
2017-01-03,ARIMA,60D,2,0.047666869652318,0.05217708420499359,Low
2017-01-04,ARIMA,60D,2,0.0397033119435019,0.04713720334456006,Low
2017-01-05,ARIMA,60D,2,0.0388308042379696,0.039440665450913404,Low
2017-01-06,ARIMA,60D,2,0.035879381132052,0.038367165204073406,Low
2017-01-09,ARIMA,60D,2,0.0363747497920893,0.03554030457815638,Low
2017-01-10,ARIMA,60D,2,0.0383024000858243,0.03591785594920921,Low
2017-01-11,ARIMA,60D,2,0.0346492852337775,0.037753722991244576,Low
2017-01-12,ARIMA,60D,2,0.0374838477632903,0.03435677315942109,Low
2017-01-13,ARIMA,60D,2,0.0342008080761853,0.03692900163539285,Low
2017-01-17,ARIMA,60D,2,0.0334056851134167,0.03390590161858589,Low
2017-01-18,ARIMA,60D,2,0.0248054643538033,0.03305622835176164,Low
2017-01-19,ARIMA,60D,2,0.0369977676692296,0.024892402046651763,Low
2017-01-20,ARIMA,60D,2,0.0307295807620965,0.03616411677231209,Low
2017-01-23,ARIMA,60D,2,0.0317055050112978,0.030597213917772724,Low
2017-01-24,ARIMA,60D,2,0.0326912148453094,0.031341100381084605,Low
2017-01-25,ARIMA,60D,2,0.0216574739422251,0.03229762851059226,Low
2017-01-26,ARIMA,60D,2,0.0331748654656,0.021889722846766626,Low
2017-01-27,ARIMA,60D,2,0.0401139191670928,0.03245059917452296,Low
2017-01-30,ARIMA,60D,2,0.0456557711875022,0.039355811070230354,Low
2017-01-31,ARIMA,60D,2,0.0470988397958337,0.04482135257778232,Low
2017-02-01,ARIMA,60D,2,0.0448855413362274,0.04636274508345954,Low
2017-02-02,ARIMA,60D,2,0.0460461863244302,0.044318477431608376,Low
2017-02-03,ARIMA,60D,2,0.039996033055688,0.04535065063594136,Low
2017-02-06,ARIMA,60D,2,0.0408414611735698,0.039660024285052387,Low
2017-02-07,ARIMA,60D,2,0.0411965909975935,0.04027646443018067,Low
2017-02-08,ARIMA,60D,2,0.0445838682564623,0.04063231003361721,Low
2017-02-09,ARIMA,60D,2,0.0388852497924102,0.04384839229568652,Low
2017-02-10,ARIMA,60D,2,0.0342997684136078,0.03856072669927611,Low
2017-02-13,ARIMA,60D,2,0.0301975975470459,0.03405211254409882,Low
2017-02-14,ARIMA,60D,2,0.0240331189772667,0.030025853004544086,Low
2017-02-15,ARIMA,60D,2,0.0175736949707379,0.024064043587225033,Low
2017-02-16,ARIMA,60D,2,0.0232033288753034,0.01776081523720038,Low
2017-02-17,ARIMA,60D,2,0.0208390465110801,0.02288372397357085,Low
2017-02-21,ARIMA,60D,2,-0.0035362716801041,0.020812039327242793,Low
2017-02-22,ARIMA,60D,2,0.0012265530939161,-0.0023155754342207256,Low
2017-02-23,ARIMA,60D,2,0.0075523573308573,0.001445052512655854,Low
2017-02-24,ARIMA,60D,2,0.0112069703948341,0.007550927147628192,Low
2017-02-27,ARIMA,60D,2,0.0120256902994809,0.011205240425313606,Low
2017-02-28,ARIMA,60D,2,0.017093430219252,0.012097580846643453,Low
2017-03-01,ARIMA,60D,2,0.0079443311775048,0.016920794841624853,Low
2017-03-02,ARIMA,60D,2,0.0141319499349125,0.008420514711295126,Low
2017-03-03,ARIMA,60D,2,0.0124228488368438,0.014000511800739229,Low
2017-03-06,ARIMA,60D,2,0.0152453969804584,0.012563407968994916,Low
2017-03-07,ARIMA,60D,2,0.0257056184673955,0.015187431762166711,Low
2017-03-08,ARIMA,60D,2,0.0316933210495054,0.025168139599148383,Low
2017-03-09,ARIMA,60D,2,0.0296753382963105,0.031154605537325075,Low
2017-03-10,ARIMA,60D,2,0.0236290899242478,0.029438376537049997,Low
2017-03-13,ARIMA,60D,2,0.0248295531014258,0.023662869146836858,Low
2017-03-14,ARIMA,60D,2,0.0284814711179815,0.024612463099280342,Low
2017-03-15,ARIMA,60D,2,0.0193112581271077,0.028098050324726027,Low
2017-03-16,ARIMA,60D,2,0.0199600504465733,0.019534685877294195,Low
2017-03-17,ARIMA,60D,2,0.0257765885540348,0.019872511605742826,Low
2017-03-20,ARIMA,60D,2,0.0267921776690977,0.025386273038090417,Low
2017-03-21,ARIMA,60D,2,0.0370356624623593,0.026524792446901292,Low
2017-03-22,ARIMA,60D,2,0.0354311587649565,0.036252576631938704,Low
2017-03-23,ARIMA,60D,2,0.0448045741166804,0.03504810431611961,Low
2017-03-24,ARIMA,60D,2,0.0389297658836872,0.043877228832068,Low
2017-03-27,ARIMA,60D,2,0.0393670592762612,0.03860377154691468,Low
2017-03-28,ARIMA,60D,2,0.0316858644741992,0.03884753064551122,Low
2017-03-29,ARIMA,60D,2,0.0321608268257779,0.03158840975170804,Low
2017-03-30,ARIMA,60D,2,0.0295457678538055,0.031803812602704075,Low
2017-03-31,ARIMA,60D,2,0.0236977752163994,0.029336715953641138,Low
2017-04-03,ARIMA,60D,2,0.0341107521709638,0.02372457418670112,Low
2017-04-04,ARIMA,60D,2,0.0249141692521613,0.03339515050783083,Low
2017-04-05,ARIMA,60D,2,0.0295057636745569,0.02500616766233183,Low
2017-04-06,ARIMA,60D,2,0.0298862813599694,0.02907979491155397,Low
2017-04-07,ARIMA,60D,2,0.032165977859203,0.02957107734561511,Low
2017-04-10,ARIMA,60D,2,0.0220655404165536,0.031743671379087006,Low
2017-04-11,ARIMA,60D,2,0.0298831612781277,0.022257930924355882,Low
2017-04-12,ARIMA,60D,2,0.0345775348006271,0.029348270849623707,Low
2017-04-13,ARIMA,60D,2,0.0406325680243491,0.03401800149527949,Low
2017-04-17,ARIMA,60D,2,0.0393351532810635,0.039897005296408466,Low
2017-04-18,ARIMA,60D,2,0.0441155856003699,0.03885902348933194,Low
2017-04-19,ARIMA,60D,2,0.0504960271672477,0.04334821298440644,Low
2017-04-20,ARIMA,60D,2,0.042914262567567,0.04952925860553588,Low
2017-04-21,ARIMA,60D,2,0.0465516293727935,0.0425555525690339,Low
2017-04-24,ARIMA,60D,2,0.0411281510007351,0.045772021586303,Low
2017-04-25,ARIMA,60D,2,0.034902265700377,0.040744671272043884,Low
2017-04-26,ARIMA,60D,2,0.0350201478468554,0.0346925034589701,Low
2017-04-27,ARIMA,60D,2,0.0334030798511475,0.03460897972175795,Low
2017-04-28,ARIMA,60D,2,0.0382369668425355,0.03307642234510752,Low
2017-05-01,ARIMA,60D,2,0.036788799021761,0.037600244747042315,Low
2017-05-02,ARIMA,60D,2,0.0346272937985559,0.03637596469724823,Low
2017-05-03,ARIMA,60D,2,0.0345574475162673,0.034291565319132654,Low
2017-05-04,ARIMA,60D,2,0.0332471033938379,0.03415830967321694,Low
2017-05-05,ARIMA,60D,2,0.0316128647612978,0.03291433294340201,Low
2017-05-08,ARIMA,60D,2,0.0320679468967374,0.03132813186091463,Low
2017-05-09,ARIMA,60D,2,0.0309076796185849,0.03170755311822861,Low
2017-05-10,ARIMA,60D,2,0.0316650383186747,0.030622082674713953,Low
2017-05-11,ARIMA,60D,2,0.0354760343370618,0.03130361737453102,Low
2017-05-12,ARIMA,60D,2,0.0345382174474707,0.03493106512197308,Low
2017-05-15,ARIMA,60D,2,0.0294094003517431,0.03416072637548601,Low
2017-05-16,ARIMA,60D,2,0.0155163149879877,0.0292836607312469,Low
2017-05-17,ARIMA,60D,2,0.0351365402870899,0.015982599590323814,Low
2017-05-18,ARIMA,60D,2,0.0414501529059233,0.0341161137705674,Low
2017-05-19,ARIMA,60D,2,0.0342065173708394,0.04067366284610889,Low
2017-05-22,ARIMA,60D,2,0.0304787495981632,0.03403198577400583,Low
2017-05-23,ARIMA,60D,2,0.0130852219385914,0.030291194934592917,Low
2017-05-24,ARIMA,60D,2,0.0087621344726631,0.013715077037926111,Low
2017-05-25,ARIMA,60D,2,0.0054919981452512,0.009090903236905205,Low
2017-05-26,ARIMA,60D,2,0.0150731916205738,0.005848085481468965,Low
2017-05-30,ARIMA,60D,2,0.0128189722174686,0.01480809173735327,Low
2017-05-31,ARIMA,60D,2,0.0112024300902816,0.012964196543132498,Low
2017-06-01,ARIMA,60D,2,0.0053313061743717,0.011375403519525037,Low
2017-06-02,ARIMA,60D,2,0.0021173850296218,0.005769683779617375,Low
2017-06-05,ARIMA,60D,2,0.0041782589320601,0.002548416522559431,Low
2017-06-06,ARIMA,60D,2,0.0115656993863253,0.004394340388625526,Low
2017-06-07,ARIMA,60D,2,0.0157033441746913,0.011442894196916456,Low
2017-06-08,ARIMA,60D,2,0.0174167531813618,0.015584571722173543,Low
2017-06-09,ARIMA,60D,2,0.0106676284954042,0.017339060763753,Low
2017-06-12,ARIMA,60D,2,0.0147707134682662,0.01101043466127425,Low
2017-06-13,ARIMA,60D,2,0.0100909025801826,0.01468829701220039,Low
2017-06-14,ARIMA,60D,2,0.0095972694020424,0.010379380740874307,Low
2017-06-15,ARIMA,60D,2,0.0226203543960299,0.00977349982670072,Low
2017-06-16,ARIMA,60D,2,0.0256950578408534,0.022074772348730395,Low
2017-06-19,ARIMA,60D,2,0.0181393088820419,0.02538011331244501,Low
2017-06-20,ARIMA,60D,2,0.0237571454781457,0.01833834193457236,Low
2017-06-21,ARIMA,60D,2,0.0261854372175766,0.02342628782183733,Low
2017-06-22,ARIMA,60D,2,0.0280961851191442,0.025887604935441625,Low
2017-06-23,ARIMA,60D,2,0.0276460661804665,0.027774636559116155,Low
2017-06-26,ARIMA,60D,2,0.0279644609430436,0.027409606002585546,Low
2017-06-27,ARIMA,60D,2,0.0330194815718015,0.027699066743398858,Low
2017-06-28,ARIMA,60D,2,0.0248975639204175,0.03249081777690439,Low
2017-06-29,ARIMA,60D,2,0.0313102580647049,0.0249613130069214,Low
2017-06-30,ARIMA,60D,2,0.0298503645797264,0.03078553410752287,Low
2017-07-03,ARIMA,60D,2,0.0316190190025666,0.029592069894511082,Low
2017-07-05,ARIMA,60D,2,0.031370685595216,0.03122688451079418,Low
2017-07-06,ARIMA,60D,2,0.0444819359705808,0.0310446295117556,Low
2017-07-07,ARIMA,60D,2,0.0419657422306776,0.04344296557989688,Low
2017-07-10,ARIMA,60D,2,0.0431949173118259,0.04146203365287629,Low
2017-07-11,ARIMA,60D,2,0.0452238480390217,0.042561082559394545,Low
2017-07-12,ARIMA,60D,2,0.0435757011224929,0.04451602074469183,Low
2017-07-13,ARIMA,60D,2,0.04062866048378,0.0430197558590014,Low
2017-07-14,ARIMA,60D,2,0.0341599804457572,0.040183416534038105,Low
2017-07-17,ARIMA,60D,2,0.036532614312942,0.03397215877893299,Low
2017-07-18,ARIMA,60D,2,0.0377368185444946,0.036016669308875524,Low
2017-07-19,ARIMA,60D,2,0.0306903832080897,0.03722182569479779,Low
2017-07-20,ARIMA,60D,2,0.031721776301543,0.030594217927674302,Low
2017-07-21,ARIMA,60D,2,0.0338389381630575,0.031356397667008956,Low
2017-07-24,ARIMA,60D,2,0.0355755920639004,0.03338395241062689,Low
2017-07-25,ARIMA,60D,2,0.033398744055332,0.03509229900016995,Low
2017-07-26,ARIMA,60D,2,0.0334440641642229,0.03308789675042162,Low
2017-07-27,ARIMA,60D,2,0.039521021986647,0.033066175146938825,Low
2017-07-28,ARIMA,60D,2,0.0368826423517659,0.03881472536263124,Low
2017-07-31,ARIMA,60D,2,0.0392276540608836,0.036503887624569575,Low
2017-08-01,ARIMA,60D,2,0.0321075775986853,0.038647968084054865,Low
2017-08-02,ARIMA,60D,2,0.0328851894419401,0.031980949976036246,Low
2017-08-03,ARIMA,60D,2,0.0431118412566128,0.03250176382267478,Low
2017-08-04,ARIMA,60D,2,0.0380269424623326,0.04219371538669426,Low
2017-08-07,ARIMA,60D,3,0.0373251107547317,0.037711034586121725,Low
2017-08-08,ARIMA,60D,3,0.041333307093021,0.036900106733711316,Low
2017-08-09,ARIMA,60D,3,0.0418869296554,0.04066314841197306,Low
2017-08-10,ARIMA,60D,3,0.0595594373824559,0.041310096211624917,Low
2017-08-11,ARIMA,60D,3,0.0595551241392451,0.058040281894687344,Low
2017-08-14,ARIMA,60D,3,0.0493723520881137,0.05858532101285775,Low
2017-08-15,ARIMA,60D,3,0.0513138983470578,0.0489756323258669,Low
2017-08-16,ARIMA,60D,3,0.0461258214843552,0.05049591123049764,Low
2017-08-17,ARIMA,60D,3,0.0607851169954929,0.04564060179874835,Low
2017-08-18,ARIMA,60D,3,0.0636053215681381,0.05934126952264759,Low
2017-08-21,ARIMA,60D,3,0.0601310652932899,0.06245739092930126,Low
2017-08-22,ARIMA,60D,3,0.0446983712905412,0.05927483829124129,Low
2017-08-23,ARIMA,60D,3,0.0563205942061525,0.0445791217477514,Low
2017-08-24,ARIMA,60D,3,0.0557677939743935,0.055085325564124696,Low
2017-08-25,ARIMA,60D,3,0.055371192194246,0.054907499613040145,Low
2017-08-28,ARIMA,60D,3,0.0614040776007025,0.05452668511348796,Low
2017-08-29,ARIMA,60D,3,0.0598110681353632,0.060218141123987524,Low
2017-08-30,ARIMA,60D,3,0.0572605206255343,0.058898791773795714,Low
2017-08-31,ARIMA,60D,3,0.0511715154540175,0.05644400386717171,Low
2017-09-01,ARIMA,60D,3,0.058991269608476,0.05060641792431631,Low
2017-09-05,ARIMA,60D,3,0.06620143427783,0.05780821560341361,Low
2017-09-06,ARIMA,60D,3,0.0712351784474971,0.06486163827375752,Low
2017-09-07,ARIMA,60D,3,0.0693870475565453,0.06985243521561887,Low
2017-09-08,ARIMA,60D,3,0.0698242971507167,0.06826887740467039,Low
2017-09-11,ARIMA,60D,3,0.0552969314276142,0.0686303114457184,Low
2017-09-12,ARIMA,60D,3,0.0518245166622006,0.05490688259778852,Low
2017-09-13,ARIMA,60D,3,0.0539957494242275,0.05117336431617371,Low
2017-09-14,ARIMA,60D,3,0.0605882753105736,0.05310367387942789,Low
2017-09-15,ARIMA,60D,3,0.0619396398861102,0.05940011273650726,Low
2017-09-18,ARIMA,60D,3,0.0620325016790703,0.060884458368619866,Low
2017-09-19,ARIMA,60D,3,0.0604498530921886,0.061020976175457584,Low
2017-09-20,ARIMA,60D,3,0.0557365386591166,0.05952909893694316,Low
2017-09-21,ARIMA,60D,3,0.0677214180161742,0.05502380170146379,Low
2017-09-22,ARIMA,60D,3,0.0724223126006048,0.0662073582390112,Low
2017-09-25,ARIMA,60D,3,0.0714113372573401,0.07101901253160256,Low
2017-09-26,ARIMA,60D,3,0.0705109370578726,0.07022108632197856,Low
2017-09-27,ARIMA,60D,3,0.0684178016685429,0.0693435890520123,Low
2017-09-28,ARIMA,60D,3,0.0667556394014913,0.06733577628043036,Low
2017-09-29,ARIMA,60D,3,0.0619984006329339,0.06569833958233817,Low
2017-10-02,ARIMA,60D,3,0.0589225101134639,0.06114673534871911,Low
2017-10-03,ARIMA,60D,3,0.0585983179317225,0.05808915876595519,Low
2017-10-04,ARIMA,60D,3,0.0521557419778605,0.05768228687514307,Low
2017-10-05,ARIMA,60D,3,0.0547939161649659,0.05157762443098777,Low
2017-10-06,ARIMA,60D,3,0.0622465605741419,0.053871590868009064,Low
2017-10-09,ARIMA,60D,3,0.0680731672974825,0.06099318802855807,Low
2017-10-10,ARIMA,60D,3,0.0727625935555897,0.06673585598850933,Low
2017-10-11,ARIMA,60D,3,0.0726216743932232,0.07135808670950289,Low
2017-10-12,ARIMA,60D,3,0.075611935030873,0.071376561457094,Low
2017-10-13,ARIMA,60D,3,0.0736213672145059,0.07420439083143396,Low
2017-10-16,ARIMA,60D,3,0.0788811704510823,0.07241516937041836,Low
2017-10-17,ARIMA,60D,3,0.0849357439447422,0.07732946723002634,Low
2017-10-18,ARIMA,60D,3,0.0806629711718101,0.08321522470349889,Low
2017-10-19,ARIMA,60D,3,0.0897060332633019,0.07936859782696482,Low
2017-10-20,ARIMA,60D,3,0.0829845395807977,0.08779235230748016,Low
2017-10-23,ARIMA,60D,3,0.0913405828807851,0.0817138178444153,Low
2017-10-24,ARIMA,60D,3,0.0977583463884403,0.0894147562385445,Low
2017-10-25,ARIMA,60D,3,0.1046043070439226,0.09573536451334279,Low
2017-10-26,ARIMA,60D,3,0.1027740352460883,0.1024155182759359,Low
2017-10-27,ARIMA,60D,3,0.0953358646651941,0.10090429380107485,Low
2017-10-30,ARIMA,60D,3,0.1103050801480191,0.09382207242551548,Low
2017-10-31,ARIMA,60D,3,0.1026063309264767,0.10774267081419864,Low
2017-11-01,ARIMA,60D,3,0.0900568440132356,0.10092058069878714,Low
2017-11-02,ARIMA,60D,3,0.0903557621022637,0.08883141378335267,Low
2017-11-03,ARIMA,60D,3,0.0866151744239259,0.08871724405521249,Low
2017-11-06,ARIMA,60D,3,0.0639080500224508,0.08517685674088575,Low
2017-11-07,ARIMA,60D,3,0.0222546298891511,0.06359158791022781,Low
2017-11-08,ARIMA,60D,3,0.0381025893060279,0.02350076201173419,Low
2017-11-09,ARIMA,60D,3,0.0368574324216455,0.03716878616244933,Low
2017-11-10,ARIMA,60D,3,-0.0005035728481023,0.036440129926620435,Low
2017-11-13,ARIMA,60D,3,0.0133389214401289,0.0010922385819613079,Low
2017-11-14,ARIMA,60D,3,0.0294698676785971,0.013019813675744858,Low
2017-11-15,ARIMA,60D,3,0.037620388400998,0.028662740351148616,Low
2017-11-16,ARIMA,60D,3,0.0427711754269228,0.0368823023982344,Low
2017-11-17,ARIMA,60D,3,0.0573974541825955,0.04202203564148238,Low
2017-11-20,ARIMA,60D,3,0.0564959839437271,0.05601954349373021,Low
2017-11-21,ARIMA,60D,3,0.0441176279571371,0.055626649410633555,Low
2017-11-22,ARIMA,60D,3,0.0393565061771558,0.04391030157169595,Low
2017-11-24,ARIMA,60D,3,0.0382755993845018,0.03902421659867412,Low
2017-11-27,ARIMA,60D,3,0.0545612092164261,0.03784187316448309,Low
2017-11-28,ARIMA,60D,3,0.0564493156402598,0.05320073773698197,Low
2017-11-29,ARIMA,60D,3,0.0440302980815831,0.05549000691756612,Low
2017-11-30,ARIMA,60D,3,0.0247149053351159,0.043823248300969855,Low
2017-12-01,ARIMA,60D,3,0.0133275224160449,0.025178060835478647,Low
2017-12-04,ARIMA,60D,3,0.0194390184505298,0.01379957963013289,Low
2017-12-05,ARIMA,60D,3,0.0341570265870116,0.019204395407130197,Low
2017-12-06,ARIMA,60D,3,0.0369065216895389,0.033297331813252666,Low
2017-12-07,ARIMA,60D,3,0.0334944628537132,0.03635947405427508,Low
2017-12-08,ARIMA,60D,3,0.0324564090270798,0.03323395597028335,Low
2017-12-11,ARIMA,60D,3,0.0464891136465915,0.03214991425975557,Low
2017-12-12,ARIMA,60D,3,0.0436665925865035,0.04538193496783708,Low
2017-12-13,ARIMA,60D,3,0.037755751142339,0.04314760652384503,Low
2017-12-14,ARIMA,60D,3,0.0360939490479129,0.037485706215498245,Low
2017-12-15,ARIMA,60D,3,0.0263773992386735,0.03572867580170641,Low
2017-12-18,ARIMA,60D,3,0.0227309186063077,0.026484231180785685,Low
2017-12-19,ARIMA,60D,3,0.0116603761080529,0.02273314656800255,Low
2017-12-20,ARIMA,60D,3,0.0139693208433445,0.012143084115273936,Low
2017-12-21,ARIMA,60D,3,0.0101399417050566,0.013978552099667281,Low
2017-12-22,ARIMA,60D,3,-0.0148866736296839,0.010418205388766708,Low
2017-12-26,ARIMA,60D,3,-0.035017505241376,-0.01336074414115894,Low
2017-12-27,ARIMA,60D,3,-0.0090130928455829,-0.03317445602398954,Low
2017-12-28,ARIMA,60D,3,-0.0282726974938243,-0.009238203755815338,Low
2017-12-29,ARIMA,60D,3,-0.0259969841005387,-0.02666208487851033,Low
2018-01-02,ARIMA,60D,3,-0.0205902848250933,-0.025082335570236078,Low
2018-01-03,ARIMA,60D,3,-0.0495594004125253,-0.01991857470321405,Low
2018-01-04,ARIMA,60D,3,-0.0410439819521111,-0.04713872583681124,Low
2018-01-05,ARIMA,60D,3,-0.0365530254942496,-0.039981010800694355,Low
2018-01-08,ARIMA,60D,3,-0.0313745678598954,-0.035499984139982343,Low
2018-01-09,ARIMA,60D,3,-0.0548407184342588,-0.030456794962869217,Low
2018-01-10,ARIMA,60D,3,-0.0503968776551452,-0.05247797601554935,Low
2018-01-11,ARIMA,60D,3,-0.0408173044277131,-0.048999204197659976,Low
2018-01-12,ARIMA,60D,3,-0.0530849165992685,-0.03982775690276521,Low
2018-01-16,ARIMA,60D,3,-0.0413373046400088,-0.05112547873724198,Low
2018-01-17,ARIMA,60D,3,-0.0535991106732176,-0.04038919366314467,Low
2018-01-18,ARIMA,60D,3,-0.043905076374181,-0.05163006491123309,Low
2018-01-19,ARIMA,60D,3,-0.0376756527473044,-0.04283352456964559,Low
2018-01-22,ARIMA,60D,3,-0.0448789967219645,-0.03665502755772389,Low
2018-01-23,ARIMA,60D,3,-0.0527935834860193,-0.04326283415562536,Low
2018-01-24,ARIMA,60D,3,-0.06080662812714,-0.0509627758539182,Low
2018-01-25,ARIMA,60D,3,-0.0613528374147885,-0.058791653217015016,Low
2018-01-26,ARIMA,60D,3,-0.0865953635273479,-0.05956504055974615,Low
2018-01-29,ARIMA,60D,3,-0.0780052530096611,-0.08345665536885866,Low
2018-01-30,ARIMA,60D,3,-0.0566664660169471,-0.076119071674472,Low
2018-01-31,ARIMA,60D,3,-0.0560423266042779,-0.055702903186887726,Low
2018-02-01,ARIMA,60D,3,-0.0636152208011759,-0.05444269535015135,Low
2018-02-02,ARIMA,60D,3,-0.0396327381134496,-0.06156133102962237,Normal
2018-02-05,ARIMA,60D,3,-0.0050221483764706,-0.039120089966194885,High
2018-02-06,ARIMA,60D,3,-0.0245689393104717,-0.005660004352576242,High
2018-02-07,ARIMA,60D,3,-0.0068249910583842,-0.023042822826320537,High
2018-02-08,ARIMA,60D,3,0.0348860417424073,-0.006836863712040786,High
2018-02-09,ARIMA,60D,3,0.0197947199311493,0.03313187425134316,High
2018-02-12,ARIMA,60D,3,0.0156117021878317,0.020175226477017562,High
2018-02-13,ARIMA,60D,3,0.0223291918114027,0.015795016587021003,High
2018-02-14,ARIMA,60D,3,0.0107218912734667,0.02200248229166376,High
2018-02-15,ARIMA,60D,3,-0.0003918709931818,0.011231786361715292,High
2018-02-16,ARIMA,60D,3,-0.0076309256870942,0.0003704633287493764,High
2018-02-20,ARIMA,60D,3,0.0022799312672574,-0.006830386929025944,High
2018-02-21,ARIMA,60D,3,0.0069353569619581,0.0023037556071770077,High
2018-02-22,ARIMA,60D,3,0.00332661422183,0.007005154356822302,High
2018-02-23,ARIMA,60D,3,-0.0052150594753577,0.003747479725369802,High
2018-02-26,ARIMA,60D,3,-0.0200441866888604,-0.00443540047812083,High
2018-02-27,ARIMA,60D,3,-0.004012730040494,-0.018724578899078193,High
2018-02-28,ARIMA,60D,3,0.0051198130854393,-0.004036202128082405,High
2018-03-01,ARIMA,60D,3,0.0161737758861299,0.00508050944481141,High
2018-03-02,ARIMA,60D,3,-0.0005165821108609,0.015831006471989966,High
2018-03-05,ARIMA,60D,3,0.0011276756305362,0.00040350715871237397,High
2018-03-06,ARIMA,60D,3,-0.0084110405448946,0.0014517547285040205,High
2018-03-07,ARIMA,60D,3,0.0028637509900616,-0.007532477589177317,High
2018-03-08,ARIMA,60D,3,0.0028801976795291,0.0028326998144714757,High
2018-03-09,ARIMA,60D,3,-0.0136470027921029,0.003188455038720001,Normal
2018-03-12,ARIMA,60D,3,-0.0038413048167924,-0.012425958185153654,Normal
2018-03-13,ARIMA,60D,3,0.0018281619755377,-0.0036673905360393375,Normal
2018-03-14,ARIMA,60D,3,0.0106901607084777,0.001980433766569263,Normal
2018-03-15,ARIMA,60D,3,0.0125405341145145,0.010544623315191291,Normal
2018-03-16,ARIMA,60D,3,0.0125804034459868,0.012575202358719685,Normal
2018-03-19,ARIMA,60D,3,0.0228521894459487,0.012679545447585091,Normal
2018-03-20,ARIMA,60D,3,0.0238399813067334,0.02239470877140353,Normal
2018-03-21,ARIMA,60D,3,0.0246680531168687,0.023647513900056254,Normal
2018-03-22,ARIMA,60D,3,0.0480245489088366,0.024471556342911406,High
2018-03-23,ARIMA,60D,3,0.0651828382691959,0.046581635246723,High
2018-03-26,ARIMA,60D,3,0.040098487787273,0.06353010088549993,High
2018-03-27,ARIMA,60D,3,0.0511600445893745,0.04036970315298434,High
2018-03-28,ARIMA,60D,3,0.055941166743971,0.050067982712080815,High
2018-03-29,ARIMA,60D,3,0.028445666282357,0.054906740660718975,High
2018-04-02,ARIMA,60D,3,0.0532384991315497,0.02906919167608513,High
2018-04-03,ARIMA,60D,3,0.0320609515026674,0.05166220917697095,High
2018-04-04,ARIMA,60D,3,0.026720529175252,0.032380869286310426,High
2018-04-05,ARIMA,60D,3,0.0206392236611176,0.026698771170254286,High
2018-04-06,ARIMA,60D,3,0.0458665515524761,0.02076253848742148,High
2018-04-09,ARIMA,60D,3,0.0375759273043493,0.044419560964180115,High
2018-04-10,ARIMA,60D,3,0.0295711850535734,0.037357434907542994,High
2018-04-11,ARIMA,60D,3,0.0435573884266146,0.029557341612762505,High
2018-04-12,ARIMA,60D,3,0.0441247805142991,0.04252496259825571,High
2018-04-13,ARIMA,60D,3,0.0504828296598276,0.043487041340835156,High
2018-04-16,ARIMA,60D,3,0.0352870064863483,0.04953000858951883,High
2018-04-17,ARIMA,60D,3,0.0333929264526536,0.03536104747641128,High
2018-04-18,ARIMA,60D,3,0.0336405615817091,0.03310518532722824,High
2018-04-19,ARIMA,60D,3,0.0383544787566431,0.033265276896792886,High
2018-04-20,ARIMA,60D,3,0.0508934802884391,0.0377274322183864,High
2018-04-23,ARIMA,60D,3,0.0529954322539921,0.049729227801752915,High
2018-04-24,ARIMA,60D,3,0.0625054934114177,0.052110497522913406,High
2018-04-25,ARIMA,60D,3,0.0597212214073196,0.06118020059587507,High
2018-04-26,ARIMA,60D,3,0.0511774395631741,0.058845420409255736,High
2018-04-27,ARIMA,60D,3,0.0548339531778637,0.05069083818937804,High
2018-04-30,ARIMA,60D,3,0.0721155807971577,0.05388033890046187,Normal
2018-05-01,ARIMA,60D,3,0.0665328758772627,0.07032440791261044,Normal
2018-05-02,ARIMA,60D,3,0.0671809924338197,0.06558581446368819,Normal
2018-05-03,ARIMA,60D,3,0.0636664207032965,0.06604306399373647,Normal
2018-05-04,ARIMA,60D,3,0.0558094478942646,0.06273512467540687,Normal
2018-05-07,ARIMA,60D,3,0.0513165742717036,0.055197963706818384,Normal
2018-05-08,ARIMA,60D,3,0.056496600465646,0.05070267025821824,Normal
2018-05-09,ARIMA,60D,3,0.0514943845961254,0.055452722210887984,Normal
2018-05-10,ARIMA,60D,3,0.0456993556430785,0.05087914751950673,Normal
2018-05-11,ARIMA,60D,3,0.0468134181186031,0.045249966665402847,Normal
2018-05-14,ARIMA,60D,3,0.0456679042151813,0.046118526589590925,Normal
2018-05-15,ARIMA,60D,3,0.0510908445821324,0.04506397723415607,Normal
2018-05-16,ARIMA,60D,3,0.0398991924713735,0.05015663088248257,Normal
2018-05-17,ARIMA,60D,3,0.0367413935940033,0.0397423307307184,Normal
2018-05-18,ARIMA,60D,3,0.0457459888649708,0.036414886602367,Normal
2018-05-21,ARIMA,60D,3,0.0307551757356588,0.04481931217069385,Normal
2018-05-22,ARIMA,60D,3,0.0417840788811721,0.03092169101140747,Low
2018-05-23,ARIMA,60D,3,0.0418585400495365,0.0408931196047133,Low
2018-05-24,ARIMA,60D,3,0.0463088779093874,0.04129080259025365,Low
2018-05-25,ARIMA,60D,3,0.0507352809182002,0.045511547913532194,Low
2018-05-29,ARIMA,60D,3,0.061968622375749,0.0498351437147912,Low
2018-05-30,ARIMA,60D,3,0.0476600531002901,0.060597919786939444,Normal
2018-05-31,ARIMA,60D,3,0.0607430922720095,0.047422750221918816,Normal
2018-06-01,ARIMA,60D,3,0.0575934339698802,0.0593600296812819,Normal
2018-06-04,ARIMA,60D,3,0.0533930811491263,0.05677390453916871,Low
2018-06-05,ARIMA,60D,3,0.0583759773484622,0.052717685426732955,Low
2018-06-06,ARIMA,60D,3,0.0454049046666922,0.057295766753628914,Normal
2018-06-07,ARIMA,60D,3,0.0462538167559818,0.045182175913025674,Low
2018-06-08,ARIMA,60D,3,0.0414770957993511,0.045587211284202914,Low
2018-06-11,ARIMA,60D,3,0.0376018959911447,0.04108422498825464,Low
2018-06-12,ARIMA,60D,3,0.0322010376758227,0.03727251550128109,Low
2018-06-13,ARIMA,60D,3,0.0340194943222197,0.03204101985994318,Low
2018-06-14,ARIMA,60D,3,0.0334470220144094,0.03358862115294422,Low
2018-06-15,ARIMA,60D,3,0.038197508019619,0.033098156968121545,Low
2018-06-18,ARIMA,60D,3,0.0406825075503991,0.03757353477831794,Low
2018-06-19,ARIMA,60D,3,0.0499823776611817,0.040069935555236955,Low
2018-06-20,ARIMA,60D,3,0.0485471313378356,0.048944686628950046,Low
2018-06-21,ARIMA,60D,3,0.0493275691895067,0.047878980646138845,Low
2018-06-22,ARIMA,60D,3,0.0528220188019981,0.04858188823326014,Low
2018-06-25,ARIMA,60D,3,0.0678942298029406,0.05190888115958957,Normal
2018-06-26,ARIMA,60D,3,0.0735020934825729,0.06626851008577503,Low
2018-06-27,ARIMA,60D,3,0.0817750788587071,0.0720419277658304,Low
2018-06-28,ARIMA,60D,3,0.072093516525662,0.0800533408844624,Low
2018-06-29,ARIMA,60D,3,0.0700294521450272,0.07116259541256012,Low
2018-07-02,ARIMA,60D,3,0.0636714916295737,0.06891925824341469,Low
2018-07-03,ARIMA,60D,3,0.0713905971386187,0.062834321402156,Low
2018-07-05,ARIMA,60D,3,0.0627998702489427,0.06993283955353718,Low
2018-07-06,ARIMA,60D,3,0.057988844990561,0.0620434910422414,Low
2018-07-09,ARIMA,60D,3,0.0488077852949404,0.05723583302400763,Low
2018-07-10,ARIMA,60D,3,0.0460518027128368,0.048397554526655714,Low
2018-07-11,ARIMA,60D,3,0.0449682536637435,0.045501746601406615,Low
2018-07-12,ARIMA,60D,3,0.0307139474989493,0.044382229732855175,Low
2018-07-13,ARIMA,60D,3,0.0292400972539911,0.030868364762554782,Low
2018-07-16,ARIMA,60D,3,0.0288498520407353,0.029031321789034125,Low
2018-07-17,ARIMA,60D,3,-0.0085323613453101,0.028602058552452868,Low
2018-07-18,ARIMA,60D,3,-0.031478123394589,-0.0067560579210150275,Low
2018-07-19,ARIMA,60D,3,-0.0134110611371631,-0.029611272860081604,Low
2018-07-20,ARIMA,60D,3,-0.0183846456571888,-0.013279431530202938,Low
2018-07-23,ARIMA,60D,3,0.0010468200344808,-0.01744579911201486,Low
2018-07-24,ARIMA,60D,3,-0.0039753931142375,0.0007894587105248124,Low
2018-07-25,ARIMA,60D,3,-0.0275323187599513,-0.00336041230029753,Low
2018-07-26,ARIMA,60D,3,-0.0248566511463633,-0.02576915319745742,Low
2018-07-27,ARIMA,60D,3,-0.0225816135979956,-0.023974869107727607,Low
2018-07-30,ARIMA,60D,3,-0.0223379004631026,-0.021764981283625917,Low
2018-07-31,ARIMA,60D,3,-0.0585615115435465,-0.021462023281364644,Low
2018-08-01,ARIMA,60D,3,-0.0390669004972612,-0.05570067486754454,Low
2018-08-02,ARIMA,60D,3,-0.0614603880894731,-0.038392745330946776,Low
2018-08-03,ARIMA,60D,3,-0.0726750284500152,-0.05899719548147664,Low
2018-08-06,ARIMA,60D,3,-0.0606616881289393,-0.07027665935815591,Low
2018-08-07,ARIMA,60D,3,-0.052689011120854,-0.05928853493783069,Low
2018-08-08,ARIMA,60D,3,-0.0419240978590295,-0.051389899703988426,Low
2018-08-09,ARIMA,60D,3,-0.0468181042378694,-0.04095267203201155,Low
2018-08-10,ARIMA,60D,3,-0.0340940982774308,-0.0452372729725511,Low
2018-08-13,ARIMA,60D,3,-0.0238402728670419,-0.03334764546621396,Low
2018-08-14,ARIMA,60D,3,-0.0092221243226853,-0.023262647542411946,Low
2018-08-15,ARIMA,60D,3,-0.004102984729798,-0.009110513426371921,Low
2018-08-16,ARIMA,60D,3,-0.0212327851978086,-0.003805983568011817,Low
2018-08-17,ARIMA,60D,3,-0.0444485425585392,-0.01982771290123063,Low
2018-08-20,ARIMA,60D,3,-0.0483566362828414,-0.042303544443076206,Low
2018-08-21,ARIMA,60D,3,-0.058019225055919,-0.046736258066414835,Low
2018-08-22,ARIMA,60D,3,-0.0470829612590335,-0.05601750488280434,Low
2018-08-23,ARIMA,60D,3,-0.0431694297980144,-0.04598214630066283,Low
2018-08-24,ARIMA,60D,3,-0.0661322969620212,-0.04195261190868037,Low
2018-08-27,ARIMA,60D,3,-0.0920914339257175,-0.06353122013408177,Low
2018-08-28,ARIMA,60D,3,-0.0893220066925486,-0.08878324186398738,Low
2018-08-29,ARIMA,60D,3,-0.1015836688733159,-0.08699363219947714,Low
2018-08-30,ARIMA,60D,3,-0.0817305209834912,-0.09852801470338306,Low
2018-08-31,ARIMA,60D,3,-0.0786086050861836,-0.080135898574596,Low
2018-09-04,ARIMA,60D,3,-0.0542388617341905,-0.07658053356615462,Low
2018-09-05,ARIMA,60D,4,-0.0536172934783179,-0.05342876028216498,Low
2018-09-06,ARIMA,60D,4,-0.0418207547250821,-0.05206388375222411,Low
2018-09-07,ARIMA,60D,4,-0.0287229550357051,-0.04087477650860849,Low
2018-09-10,ARIMA,60D,4,-0.0635192120889545,-0.028126282625457796,Low
2018-09-11,ARIMA,60D,4,-0.0687754656928142,-0.060567011172997856,Low
2018-09-12,ARIMA,60D,4,-0.0927284094990301,-0.0666224958783452,Low
2018-09-13,ARIMA,60D,4,-0.0962361584355051,-0.08945242422734907,Low
2018-09-14,ARIMA,60D,4,-0.096868012011577,-0.0935332207606007,Low
2018-09-17,ARIMA,60D,4,-0.0858778500096767,-0.09426723657233414,Low
2018-09-18,ARIMA,60D,4,-0.091432453189717,-0.08391039153676826,Low
2018-09-19,ARIMA,60D,4,-0.1119561534915889,-0.08880928291417346,Low
2018-09-20,ARIMA,60D,4,-0.1407584525054947,-0.10836100996706008,Low
2018-09-21,ARIMA,60D,4,-0.1403034547146985,-0.13622533776723394,Low
2018-09-24,ARIMA,60D,4,-0.1522970315766216,-0.1367320540875956,Low
2018-09-25,ARIMA,60D,4,-0.1668888925676075,-0.1480784446257345,Low
2018-09-26,ARIMA,60D,4,-0.1843973133849882,-0.16224354338181055,Low
2018-09-27,ARIMA,60D,4,-0.2146433624918139,-0.1792584161514514,Low
2018-09-28,ARIMA,60D,4,-0.1662333146768707,-0.20840127434649017,Low
2018-10-01,ARIMA,60D,4,-0.1613415780502523,-0.1636517132911434,Low
2018-10-02,ARIMA,60D,4,-0.1621871630502045,-0.15752686022412865,Low
2018-10-03,ARIMA,60D,4,-0.154441803924716,-0.15811976044449086,Low
2018-10-04,ARIMA,60D,4,-0.1449710754410799,-0.15082327479341384,Low
2018-10-05,ARIMA,60D,4,-0.1644960926753728,-0.14163181149728563,Low
2018-10-08,ARIMA,60D,4,-0.1303414989066766,-0.15976658891412174,Low
2018-10-09,ARIMA,60D,4,-0.1219366130772926,-0.128113019835806,Low
2018-10-10,ARIMA,60D,4,-0.0788716366981932,-0.11910973380163478,Normal
2018-10-11,ARIMA,60D,4,-0.0539943853928294,-0.07812714231758927,Normal
2018-10-12,ARIMA,60D,4,-0.0635923794267435,-0.053250200809853265,Normal
2018-10-15,ARIMA,60D,4,-0.057816205679926,-0.061480537524434886,Normal
2018-10-16,ARIMA,60D,4,-0.0843554283020767,-0.05630087476907378,High
2018-10-17,ARIMA,60D,4,-0.0734381151596507,-0.08119623946493673,High
2018-10-18,ARIMA,60D,4,-0.0567221040552213,-0.07172026813125637,High
2018-10-19,ARIMA,60D,4,-0.0487981382137061,-0.055611521450775483,High
2018-10-22,ARIMA,60D,4,-0.0313924282773726,-0.04758498068108864,High
2018-10-23,ARIMA,60D,4,-0.0401238289246509,-0.030873446562615144,High
2018-10-24,ARIMA,60D,4,-0.0065725651440592,-0.038559620859638113,High
2018-10-25,ARIMA,60D,4,-0.0236515030117958,-0.007124792742142044,High
2018-10-26,ARIMA,60D,4,0.0022805026987253,-0.022201361122630502,High
2018-10-29,ARIMA,60D,4,0.0009839351452102,0.00178778147262168,High
2018-10-30,ARIMA,60D,4,-0.016018695761782,0.0013692906647344155,High
2018-10-31,ARIMA,60D,4,-0.0113819646247932,-0.014705781956789652,High
2018-11-01,ARIMA,60D,4,-0.0133238146835545,-0.010866118663168205,High
2018-11-02,ARIMA,60D,4,-0.0060888870428677,-0.012571376506276998,High
2018-11-05,ARIMA,60D,4,-0.0049201996225822,-0.005794440275852571,High
2018-11-06,ARIMA,60D,4,-0.0064626169296406,-0.0044627041981839775,High
2018-11-07,ARIMA,60D,4,-0.0296766112079234,-0.00587494135342382,High
2018-11-08,ARIMA,60D,4,-0.0365657354216622,-0.027850785132230497,High
2018-11-09,ARIMA,60D,4,-0.0266481769402771,-0.035096987146919084,High
2018-11-12,ARIMA,60D,4,-0.0060411741509911,-0.025972217308868773,High
2018-11-13,ARIMA,60D,4,0.0082496975740215,-0.006199770011245963,High
2018-11-14,ARIMA,60D,4,0.0188653179861828,0.007964207078985423,High
2018-11-15,ARIMA,60D,4,0.0056721218598423,0.018467972327443242,High
2018-11-16,ARIMA,60D,4,0.0142712889873158,0.006358459333384702,High
2018-11-19,ARIMA,60D,4,0.0325520715496294,0.014074396578326697,High
2018-11-20,ARIMA,60D,4,0.0526456006669561,0.03160210153682693,High
2018-11-21,ARIMA,60D,4,0.0460742620303475,0.05117193325915714,High
2018-11-23,ARIMA,60D,4,0.0590413204369134,0.04562226140311153,High
2018-11-26,ARIMA,60D,4,0.0448594490412989,0.057684666754908936,High
2018-11-27,ARIMA,60D,4,0.0408122950038459,0.04469361803321602,High
2018-11-28,ARIMA,60D,4,0.017554046264434,0.040433972483793795,High
2018-11-29,ARIMA,60D,4,0.0169100332108768,0.018320624136388325,High
2018-11-30,ARIMA,60D,4,0.0156441420829723,0.01696905090705226,High
2018-12-03,ARIMA,60D,4,0.0008740328933546,0.01572783999761705,High
2018-12-04,ARIMA,60D,4,0.0326420882422039,0.0017339981790039719,High
2018-12-06,ARIMA,60D,4,0.0276200025522231,0.03127237408198978,High
2018-12-07,ARIMA,60D,4,0.0430574268702142,0.027521197169748754,High
2018-12-10,ARIMA,60D,4,0.0391628595158443,0.04197760409732193,High
2018-12-11,ARIMA,60D,4,0.0540788047546393,0.03878459966072319,High
2018-12-12,ARIMA,60D,4,0.0516228994720933,0.052767167665198414,High
2018-12-13,ARIMA,60D,4,0.0587483965415277,0.05091722501725024,High
2018-12-14,ARIMA,60D,4,0.0771512094786313,0.05758592822284617,High
2018-12-17,ARIMA,60D,4,0.1031160137156387,0.07519370800679577,High
2018-12-18,ARIMA,60D,4,0.1067287136607577,0.10031234872023284,High
2018-12-19,ARIMA,60D,4,0.1221136027567677,0.10456920724130746,High
2018-12-20,ARIMA,60D,4,0.1350627155001021,0.11924513726538086,High
2018-12-21,ARIMA,60D,4,0.166659851493332,0.13197037023034972,High
2018-12-24,ARIMA,60D,4,0.1749895972373731,0.1622453165433761,High
2018-12-26,ARIMA,60D,4,0.1257470467332581,0.1711312885266046,High
2018-12-27,ARIMA,60D,4,0.1243778707123752,0.12491449877404462,High
2018-12-28,ARIMA,60D,4,0.1209650813460074,0.12206780984242285,High
2018-12-31,ARIMA,60D,4,0.1160915101990622,0.11874834757854608,High
2019-01-02,ARIMA,60D,4,0.1215355231797607,0.1140331133351197,High
2019-01-03,ARIMA,60D,4,0.1581060505167203,0.11901715280273714,High
2019-01-04,ARIMA,60D,4,0.124364107011232,0.1537298784370388,High
2019-01-07,ARIMA,60D,4,0.1195242034360916,0.12302328895103755,High
2019-01-08,ARIMA,60D,4,0.1119580813425883,0.1174193805212049,High
2019-01-09,ARIMA,60D,4,0.1124941276328651,0.1100839317620845,High
2019-01-10,ARIMA,60D,4,0.1090327980089265,0.11034374791568759,High
2019-01-11,ARIMA,60D,4,0.1030931301177395,0.1070828427721433,High
2019-01-14,ARIMA,60D,4,0.111836362459489,0.1013625214467017,High
2019-01-15,ARIMA,60D,4,0.1012098659200706,0.10942928518952054,High
2019-01-16,ARIMA,60D,4,0.105577923780528,0.09966241798939854,High
2019-01-17,ARIMA,60D,4,0.0973856258299352,0.10346030524908333,High
2019-01-18,ARIMA,60D,4,0.0847979413152196,0.09584935184882756,High
2019-01-22,ARIMA,60D,4,0.096780017322453,0.08370298363259608,High
2019-01-23,ARIMA,60D,4,0.0961573742272519,0.09461324198398557,High
2019-01-24,ARIMA,60D,4,0.0957940999332072,0.0943917736590414,High
2019-01-25,ARIMA,60D,4,0.0961435834076845,0.09404117436298207,High
2019-01-28,ARIMA,60D,4,0.1018271906533572,0.09435951948325963,High
2019-01-29,ARIMA,60D,4,0.1029154568481992,0.0997390620745309,High
2019-01-30,ARIMA,60D,4,0.0921601972799442,0.10094786455004798,High
2019-01-31,ARIMA,60D,4,0.0846704969744102,0.09082887031079902,High
2019-02-01,ARIMA,60D,4,0.0847232550883948,0.0834138596675307,Normal
2019-02-04,ARIMA,60D,4,0.0704394281206238,0.0832144785927282,Normal
2019-02-05,ARIMA,60D,4,0.0636158130345906,0.06971500391524534,Normal
2019-02-06,ARIMA,60D,4,0.075434856231017,0.06281557254959502,Normal
2019-02-07,ARIMA,60D,4,0.0803550362441747,0.07374817577546114,Normal
2019-02-08,ARIMA,60D,4,0.0630295755892564,0.07876331415544417,Normal
2019-02-11,ARIMA,60D,4,0.0607140083960181,0.06256591389609308,Normal
2019-02-12,ARIMA,60D,4,0.0448801568312512,0.059834193087169404,Normal
2019-02-13,ARIMA,60D,4,0.0455741193074588,0.04478542425944284,Normal
2019-02-14,ARIMA,60D,4,0.0238028135526599,0.04493516751008419,Normal
2019-02-15,ARIMA,60D,4,0.0209667964109183,0.02437461256281716,Normal
2019-02-19,ARIMA,60D,4,0.0252911694120492,0.021004619903941237,Normal
2019-02-20,ARIMA,60D,4,0.0323715929678076,0.024976239605915412,Low
2019-02-21,ARIMA,60D,4,0.0300498251196051,0.03179802734867955,Low
2019-02-22,ARIMA,60D,4,0.0168869284494894,0.029834120718132955,Normal
2019-02-25,ARIMA,60D,4,0.0241157730929283,0.01733419259420944,Low
2019-02-26,ARIMA,60D,4,0.0220781504018693,0.023742575471295397,Low
2019-02-27,ARIMA,60D,4,0.0106366555968854,0.022033183263156918,Low
2019-02-28,ARIMA,60D,4,0.0148188069678731,0.011167878138147753,Low
2019-03-01,ARIMA,60D,4,-0.0004637996211001,0.01475323627367736,Low
2019-03-04,ARIMA,60D,4,-0.0035116023930763,0.00043749996134281183,Low
2019-03-05,ARIMA,60D,4,-0.0002831562283725,-0.0029226620035716702,Low
2019-03-06,ARIMA,60D,4,-0.0070208878747004,1.4054858448749041e-05,Low
2019-03-07,ARIMA,60D,4,-0.0016310473906772,-0.006251831466344924,Low
2019-03-08,ARIMA,60D,4,0.0217088438218541,-0.001371081547608264,Low
2019-03-11,ARIMA,60D,4,0.0152780352371783,0.02084026305044021,Low
2019-03-12,ARIMA,60D,4,0.0184459101853776,0.015512119392362345,Low
2019-03-13,ARIMA,60D,4,0.0219633426756181,0.01832547596828487,Low
2019-03-14,ARIMA,60D,4,0.02748096208198,0.021742665813616387,Low
2019-03-15,ARIMA,60D,4,0.0221585012155978,0.027069564851335992,Low
2019-03-18,ARIMA,60D,4,0.0164197465894525,0.022220903774689466,Low
2019-03-19,ARIMA,60D,4,0.0206393271722294,0.01663700468771343,Low
2019-03-20,ARIMA,60D,4,0.0219752121268462,0.0204352264254863,Low
2019-03-21,ARIMA,60D,4,0.0121125120645098,0.021824786316516256,Low
2019-03-22,ARIMA,60D,4,0.0409398287917537,0.012554995922351996,Normal
2019-03-25,ARIMA,60D,4,0.0447599184180874,0.03947426907700161,Normal
2019-03-26,ARIMA,60D,4,0.0470304708060264,0.04398755080378851,Normal
2019-03-27,ARIMA,60D,4,0.0504255978028975,0.04628404831456638,Normal
2019-03-28,ARIMA,60D,4,0.0451091546270488,0.04956833451905117,Normal
2019-03-29,ARIMA,60D,4,0.0288556729433365,0.04465670595782911,Normal
2019-04-01,ARIMA,60D,4,0.016118781746488,0.029138280200813396,Normal
2019-04-02,ARIMA,60D,4,0.0199172119842205,0.016585199574003708,Normal
2019-04-03,ARIMA,60D,4,0.023512081404731,0.019751361578956704,Normal
2019-04-04,ARIMA,60D,4,0.0290726347726908,0.023253557552607704,Normal
2019-04-05,ARIMA,60D,4,0.0273707644265805,0.028623869866825663,Normal
2019-04-08,ARIMA,60D,4,0.033966948336741,0.02719674628840641,Low
2019-04-09,ARIMA,60D,4,0.0382453905678618,0.03337966114292351,Normal
2019-04-10,ARIMA,60D,4,0.0299263798032381,0.03762896554927393,Normal
2019-04-11,ARIMA,60D,4,0.0311240505213493,0.02991348888693242,Normal
2019-04-12,ARIMA,60D,4,0.0290370190678863,0.03078551532670043,Normal
2019-04-15,ARIMA,60D,4,0.0319492058911921,0.028843374561457573,Normal
2019-04-16,ARIMA,60D,4,0.0360495118681185,0.031529006337695516,Normal
2019-04-17,ARIMA,60D,4,0.0385017664172414,0.03549249670775902,Normal
2019-04-18,ARIMA,60D,4,0.0335143350379816,0.03794215511716682,Low
2019-04-22,ARIMA,60D,4,0.0259501637549556,0.03331326561672798,Low
2019-04-23,ARIMA,60D,4,0.0207234102887792,0.026012429869194595,Low
2019-04-24,ARIMA,60D,4,0.0167216894269708,0.02082975955536555,Low
2019-04-25,ARIMA,60D,4,0.0199154328534938,0.016875469464009293,Low
2019-04-26,ARIMA,60D,4,0.0220652276694654,0.01975943690556617,Low
2019-04-29,ARIMA,60D,4,0.0256714719787072,0.021887103519327315,Low
2019-04-30,ARIMA,60D,4,0.0194442107963161,0.02536514075497072,Low
2019-05-01,ARIMA,60D,4,0.0343351924173905,0.01959964819550159,Low
2019-05-02,ARIMA,60D,4,0.034844015137016,0.03347217415628313,Low
2019-05-03,ARIMA,60D,4,0.0226699022860542,0.034419071238849554,Low
2019-05-06,ARIMA,60D,4,0.0162057085229867,0.022950998712938715,Low
2019-05-07,ARIMA,60D,4,0.0238156690430862,0.0164593586566286,Low
2019-05-08,ARIMA,60D,4,0.0181129958929411,0.023429688464814254,Low
2019-05-09,ARIMA,60D,4,-0.0090911876148254,0.018277107123321874,Low
2019-05-10,ARIMA,60D,4,0.0001284422264226,-0.007593657385061622,Low
2019-05-13,ARIMA,60D,4,0.0253214936987788,0.0002458671053186083,Normal
2019-05-14,ARIMA,60D,4,0.035925968642428,0.024307185953065524,Normal
2019-05-15,ARIMA,60D,4,0.0234653811810478,0.035133071143537545,Normal
2019-05-16,ARIMA,60D,4,0.0022156149486334,0.023726420573679352,Normal
2019-05-17,ARIMA,60D,4,0.0230883983899792,0.0032701130858325198,Normal
2019-05-20,ARIMA,60D,4,0.0001303039108487,0.02229940627734936,Normal
2019-05-21,ARIMA,60D,4,-0.0058684084841615,0.0012523270456764185,Normal
2019-05-22,ARIMA,60D,4,0.0112830420519829,-0.005121559463128981,Normal
2019-05-23,ARIMA,60D,4,0.0353019098576621,0.010865800222494166,Normal
2019-05-24,ARIMA,60D,4,0.0260030507735096,0.0340918104491715,Normal
2019-05-28,ARIMA,60D,4,0.0426269803311228,0.026088554722989685,Normal
2019-05-29,ARIMA,60D,4,0.0490566875390756,0.041522845246820296,Normal
2019-05-30,ARIMA,60D,4,0.0206715337412407,0.048115212638240666,Normal
2019-05-31,ARIMA,60D,4,0.0448778517224916,0.021523627178878877,Normal
2019-06-03,ARIMA,60D,4,0.0444386005762435,0.04349563447201536,Normal
2019-06-04,ARIMA,60D,4,0.0297568250257282,0.04381918536815696,High
2019-06-05,ARIMA,60D,4,0.0342355804880089,0.029961376586322797,Normal
2019-06-06,ARIMA,60D,4,0.0287613205718813,0.0337263349683364,High
2019-06-07,ARIMA,60D,4,0.0113953319919359,0.02868178504431425,High
2019-06-10,ARIMA,60D,4,0.0175298371955919,0.012107996733719803,High
2019-06-11,ARIMA,60D,4,0.0308056915753027,0.017345724021635905,Normal
2019-06-12,ARIMA,60D,4,0.0337555402069171,0.030062386755803985,Normal
2019-06-13,ARIMA,60D,4,0.0295725150251668,0.03327627476272588,Normal
2019-06-14,ARIMA,60D,4,0.0315075792372509,0.02943292823447475,Normal
2019-06-17,ARIMA,60D,4,0.0377799361312853,0.031131652245318733,Normal
2019-06-18,ARIMA,60D,4,0.030984462816548,0.03711373323235767,Normal
2019-06-19,ARIMA,60D,4,0.027279069146558,0.03089565726248597,Normal
2019-06-20,ARIMA,60D,4,0.0147109508943291,0.02718648362155006,Normal
2019-06-21,ARIMA,60D,4,0.0185493925465191,0.015189736296298172,Normal
2019-06-24,ARIMA,60D,4,0.0206254142913732,0.018412392119519474,Normal
2019-06-25,ARIMA,60D,4,0.0301871644536902,0.020481754558326775,Normal
2019-06-26,ARIMA,60D,4,0.0265142610276139,0.029583515833972503,Normal
2019-06-27,ARIMA,60D,4,0.0226014346171957,0.026419930510474345,Normal
2019-06-28,ARIMA,60D,4,0.0084085038130445,0.022617472943476033,Normal
2019-07-01,ARIMA,60D,4,0.0069051704440544,0.00908276164675371,Low
2019-07-02,ARIMA,60D,4,0.0015494521574525,0.007207784867231818,Low
2019-07-03,ARIMA,60D,4,-0.0114241780823603,0.002085654242252157,Low
2019-07-05,ARIMA,60D,4,-0.0045817336625631,-0.010341636658420916,Low
2019-07-08,ARIMA,60D,4,-0.0120686875978521,-0.004295813425443464,Low
2019-07-09,ARIMA,60D,4,-0.0313698848439499,-0.011164932719844211,Low
2019-07-10,ARIMA,60D,4,-0.0279301270061657,-0.02962807929323605,Low
2019-07-11,ARIMA,60D,4,-0.0160959613458552,-0.026999362455505754,Low
2019-07-12,ARIMA,60D,4,-0.0251938479216032,-0.01573223464076492,Low
2019-07-15,ARIMA,60D,4,-0.0410528612020973,-0.0239475841617362,Low
2019-07-16,ARIMA,60D,4,-0.0285799801322411,-0.039204425156114636,Low
2019-07-17,ARIMA,60D,4,-0.0156321122543654,-0.027935085566644594,Low
2019-07-18,ARIMA,60D,4,-0.0083281302893955,-0.015325523515523843,Low
2019-07-19,ARIMA,60D,4,-0.0035203224977698,-0.008002238326260572,Low
2019-07-22,ARIMA,60D,4,0.003561421192469,-0.0032145575096877294,Low
2019-07-23,ARIMA,60D,4,-0.0052642685000011,0.003635904948006804,Low
2019-07-24,ARIMA,60D,4,-0.0071824393437015,-0.004470765697276818,Low
2019-07-25,ARIMA,60D,4,-0.0058331885699018,-0.0065551701859686215,Low
2019-07-26,ARIMA,60D,4,-0.006345610235351,-0.005350698868587987,Low
2019-07-29,ARIMA,60D,4,-0.0083032375646705,-0.005794259980574309,Low
2019-07-30,ARIMA,60D,4,-0.0028781488467953,-0.007658379858109143,Low
2019-07-31,ARIMA,60D,4,0.009985662764516,-0.0025963910840829697,Low
2019-08-01,ARIMA,60D,4,0.0230896198439779,0.009725141701453928,Low
2019-08-02,ARIMA,60D,4,0.0359648282996607,0.02251751262345749,Low
2019-08-05,ARIMA,60D,4,0.0653622585128747,0.03510962806132057,Normal
2019-08-06,ARIMA,60D,4,0.0556773240025654,0.06330221656900903,Normal
2019-08-07,ARIMA,60D,4,0.0518833030341676,0.05510119262889246,Normal
2019-08-08,ARIMA,60D,4,0.04291077112695,0.05124165338115702,High
2019-08-09,ARIMA,60D,4,0.0532466100659196,0.04263631125754586,High
2019-08-12,ARIMA,60D,4,0.0644540164700142,0.05211051624472597,High
2019-08-13,ARIMA,60D,4,0.0501379207950019,0.06301567121786356,High
2019-08-14,ARIMA,60D,4,0.0825946484938183,0.049858936688888716,High
2019-08-15,ARIMA,60D,4,0.0826908149407538,0.08007598058774384,High
2019-08-16,ARIMA,60D,4,0.0664033613551717,0.08118241151988279,High
2019-08-19,ARIMA,60D,4,0.0559336090920372,0.06583416133216168,High
2019-08-20,ARIMA,60D,4,0.064591105974269,0.055428382660157344,High
2019-08-21,ARIMA,60D,4,0.0572148190313726,0.06325668154971473,High
2019-08-22,ARIMA,60D,4,0.0653870507686243,0.056552009130309194,High
2019-08-23,ARIMA,60D,4,0.0921789582142719,0.06404631099485825,High
2019-08-26,ARIMA,60D,4,0.0806630753837815,0.0896063365992204,High
2019-08-27,ARIMA,60D,4,0.0801081407633966,0.0795872841532561,High
2019-08-28,ARIMA,60D,4,0.0719999831466448,0.0787263435590427,High
2019-08-29,ARIMA,60D,4,0.0615650746479262,0.07103828821084934,High
2019-08-30,ARIMA,60D,4,0.0684017457755166,0.06092288161111924,High
2019-09-03,ARIMA,60D,4,0.0775179187531423,0.06704095336534988,High
2019-09-04,ARIMA,60D,4,0.0708999291000208,0.07585789050150062,High
2019-09-05,ARIMA,60D,4,0.0539547299482719,0.06990274804749469,High
2019-09-06,ARIMA,60D,4,0.0443760554499313,0.05369584052362322,High
2019-09-09,ARIMA,60D,4,0.0378098448707861,0.044102931443044585,High
2019-09-10,ARIMA,60D,4,0.0437912500536252,0.037577948330307115,High
2019-09-11,ARIMA,60D,4,0.038086704653868,0.043008793264679976,High
2019-09-12,ARIMA,60D,4,0.0443059344060605,0.037802701506483856,Normal
2019-09-13,ARIMA,60D,4,0.0418627775985523,0.043502527773169986,Normal
2019-09-16,ARIMA,60D,4,0.0439057543459242,0.04138624587650925,Normal
2019-09-17,ARIMA,60D,4,0.0442312665028129,0.043244952493807116,Normal
2019-09-18,ARIMA,60D,4,0.052427300594101,0.04361490829174109,Normal
2019-09-19,ARIMA,60D,4,0.052479905222386,0.05136947149738676,Normal
2019-09-20,ARIMA,60D,4,0.0645098652698094,0.05167979252462998,Normal
2019-09-23,ARIMA,60D,4,0.064942041916098,0.06305395049278135,Low
2019-09-24,ARIMA,60D,4,0.0729616372391268,0.06384447647153063,Low
2019-09-25,ARIMA,60D,4,0.0712713308190273,0.0714465075749799,Low
2019-09-26,ARIMA,60D,4,0.0786357976329745,0.07010531523178425,Low
2019-09-27,ARIMA,60D,4,0.0848321009264014,0.07701685280543001,Low
2019-09-30,ARIMA,60D,4,0.0796017234086848,0.08310229399785724,Low
2019-10-01,ARIMA,60D,4,0.0970509127641516,0.07836611108388344,Low
2019-10-02,ARIMA,60D,4,0.1151503010914535,0.09468976346847963,Normal
2019-10-03,ARIMA,60D,4,0.1014124002382368,0.11233542400342075,Low
2019-10-04,ARIMA,60D,5,0.0902373056431684,0.09994875825549725,Normal
2019-10-07,ARIMA,60D,5,0.1030695532791667,0.08897636618253742,Normal
2019-10-08,ARIMA,60D,5,0.1116678034663222,0.10074498747701865,Normal
2019-10-09,ARIMA,60D,5,0.1061316521457489,0.10926056219133942,Normal
2019-10-10,ARIMA,60D,5,0.0969292746493716,0.10430789276830567,Normal
2019-10-11,ARIMA,60D,5,0.0909401684612235,0.09544582360568893,Normal
2019-10-14,ARIMA,60D,5,0.0989614642513489,0.08949240563809398,Normal
2019-10-15,ARIMA,60D,5,0.086195756387355,0.09687866923044783,Normal
2019-10-16,ARIMA,60D,5,0.0951492949864821,0.08505478765269116,Normal
2019-10-17,ARIMA,60D,5,0.0908745921798109,0.0931288617727697,Normal
2019-10-18,ARIMA,60D,5,0.0966700881332987,0.08935407563093671,Normal
2019-10-21,ARIMA,60D,5,0.0981537214501969,0.09470810440043521,Normal
2019-10-22,ARIMA,60D,5,0.1055834939560589,0.09628697302100188,Normal
2019-10-23,ARIMA,60D,5,0.1000848902406426,0.10336225910999931,Normal
2019-10-24,ARIMA,60D,5,0.0984553198781523,0.09839762682789235,Normal
2019-10-25,ARIMA,60D,5,0.0955312165608546,0.09669363611740826,Normal
2019-10-28,ARIMA,60D,5,0.080882107218543,0.09387337579327196,Normal
2019-10-29,ARIMA,60D,5,0.0658591068181796,0.07993284515515761,Normal
2019-10-30,ARIMA,60D,5,0.0726144009176749,0.06527247827948512,Normal
2019-10-31,ARIMA,60D,5,0.0747745894086294,0.07117512205068366,Normal
2019-11-01,ARIMA,60D,5,0.0682881157791931,0.07341160549646916,Low
2019-11-04,ARIMA,60D,5,0.0467264264025176,0.06735371926119936,Low
2019-11-05,ARIMA,60D,5,0.0551412548755708,0.04677214317948196,Low
2019-11-06,ARIMA,60D,5,0.0693083202007874,0.05404842438361811,Low
2019-11-07,ARIMA,60D,5,0.0777697236154795,0.06768010684249019,Low
2019-11-08,ARIMA,60D,5,0.0785324755273658,0.07612770819266808,Low
2019-11-11,ARIMA,60D,5,0.0750813799312446,0.07712706752523833,Low
2019-11-12,ARIMA,60D,5,0.0808176467505549,0.07389772124159227,Low
2019-11-13,ARIMA,60D,5,0.0817934138664408,0.07921373321910918,Low
2019-11-14,ARIMA,60D,5,0.087398574357187,0.08031127014202442,Low
2019-11-15,ARIMA,60D,5,0.0781007692192253,0.08564591565161395,Low
2019-11-18,ARIMA,60D,5,0.0794395789949009,0.07703259701216275,Low
2019-11-19,ARIMA,60D,5,0.0771081351084458,0.07801435542259119,Low
2019-11-20,ARIMA,60D,5,0.0855661398136718,0.07584282089089965,Low
2019-11-21,ARIMA,60D,5,0.0833273284718638,0.08376650890900562,Low
2019-11-22,ARIMA,60D,5,0.0705809452966679,0.0819112684805566,Low
2019-11-25,ARIMA,60D,5,0.0290136139887602,0.06980115573204045,Low
2019-11-26,ARIMA,60D,5,-0.0039274540315333,0.03010910074909636,Low
2019-11-27,ARIMA,60D,5,-0.011878886980363,-0.0023374617796592667,Low
2019-11-29,ARIMA,60D,5,-0.0530277371026352,-0.010922926852367572,Low
2019-12-02,ARIMA,60D,5,-0.0526317165183246,-0.050103263504052156,Low
2019-12-03,ARIMA,60D,5,-0.0009606224908662,-0.0510198644353954,Low
2019-12-04,ARIMA,60D,5,-0.0357747650225508,-0.0022060761029181683,Low
2019-12-05,ARIMA,60D,5,0.0040624574114522,-0.033507049580498494,Low
2019-12-06,ARIMA,60D,5,-0.0395425710589547,0.0031192038525781583,Low
2019-12-09,ARIMA,60D,5,-0.0535756810268664,-0.03689324311593241,Low
2019-12-10,ARIMA,60D,5,-0.1314885577982538,-0.05147692409456567,Low
2019-12-11,ARIMA,60D,5,-0.0861774429017455,-0.12560743547471803,Low
2019-12-12,ARIMA,60D,5,-0.144819003085906,-0.08521797667953226,Low
2019-12-13,ARIMA,60D,5,-0.2448364346385943,-0.13932026066760111,Low
2019-12-16,ARIMA,60D,5,-0.1631503886319012,-0.235648009450866,Low
2019-12-17,ARIMA,60D,5,-0.2911378221331797,-0.16160519537215579,Low
2019-12-18,ARIMA,60D,5,-0.2324791158569651,-0.2801503544575751,Low
2019-12-19,ARIMA,60D,5,-0.2901507670109097,-0.22860701655344282,Low
2019-12-20,ARIMA,60D,5,-0.2903866018448428,-0.28142494916318594,Low
2019-12-23,ARIMA,60D,5,-0.3355799946125081,-0.2833881799916772,Low
2019-12-24,ARIMA,60D,5,-0.3651160283196166,-0.32617357219090576,Low
2019-12-26,ARIMA,60D,5,-0.2805478582117074,-0.35550332407435964,Low
2019-12-27,ARIMA,60D,5,-0.2691128519305432,-0.27652855827448397,Low
2019-12-30,ARIMA,60D,5,-0.2027714247769467,-0.2631170593448591,Low
2019-12-31,ARIMA,60D,5,-0.2399809609627638,-0.1999635057347378,Low
2020-01-02,ARIMA,60D,5,-0.2153582657551059,-0.23305633130787157,Low
2020-01-03,ARIMA,60D,5,-0.2244156671785671,-0.2108712053778702,Low
2020-01-06,ARIMA,60D,5,-0.2730891751056266,-0.21870206673722756,Low
2020-01-07,ARIMA,60D,5,-0.2477093429640714,-0.2649704976371529,Low
2020-01-08,ARIMA,60D,5,-0.267852677275657,-0.24250378369599473,Low
2020-01-09,ARIMA,60D,5,-0.2065176472477329,-0.260804750093482,Low
2020-01-10,ARIMA,60D,5,-0.2052627238085905,-0.20342857106061288,Low
2020-01-13,ARIMA,60D,5,-0.1787253466632389,-0.200351819724196,Low
2020-01-14,ARIMA,60D,5,-0.1628261955226439,-0.17516501847751043,Low
2020-01-15,ARIMA,60D,5,-0.1748507052110091,-0.15930588446284005,Low
2020-01-16,ARIMA,60D,5,-0.1530678930609332,-0.17014994857342478,Low
2020-01-17,ARIMA,60D,5,-0.1791993489807876,-0.14991625088100574,Low
2020-01-21,ARIMA,60D,5,-0.1707440107716609,-0.1739512837116412,Low
2020-01-22,ARIMA,60D,5,-0.1445921130470213,-0.16675049722916718,Low
2020-01-23,ARIMA,60D,5,-0.1637752848557273,-0.14179220155494934,Low
2020-01-24,ARIMA,60D,5,-0.1858471106658642,-0.1591034440803284,Low
2020-01-27,ARIMA,60D,5,-0.1473200577268835,-0.18053803237148736,Low
2020-01-28,ARIMA,60D,5,-0.1578630088874316,-0.14482517675729717,Normal
2020-01-29,ARIMA,60D,5,-0.1431736681770078,-0.1536145827887251,Low
2020-01-30,ARIMA,60D,5,-0.131696256925483,-0.14001854915680595,Low
2020-01-31,ARIMA,60D,5,-0.1190879835446038,-0.1287211308027364,Normal
2020-02-03,ARIMA,60D,5,-0.1000797052607633,-0.1164304608349496,Normal
2020-02-04,ARIMA,60D,5,-0.1242041644973242,-0.09805722573636518,Normal
2020-02-05,ARIMA,60D,5,-0.1638521541710731,-0.12025637205314488,Normal
2020-02-06,ARIMA,60D,5,-0.1629314866492255,-0.15846652304341463,Normal
2020-02-07,ARIMA,60D,5,-0.1485160604419874,-0.1588552156182586,Normal
2020-02-10,ARIMA,60D,5,-0.1628196309616034,-0.14524131436767668,Normal
2020-02-11,ARIMA,60D,5,-0.1530677238927147,-0.1583137222232406,Normal
2020-02-12,ARIMA,60D,5,-0.1427787819326914,-0.14952609886107876,Normal
2020-02-13,ARIMA,60D,5,-0.141013936205912,-0.13951055695161124,Normal
2020-02-14,ARIMA,60D,5,-0.1635691380764451,-0.13751226971759845,Normal
2020-02-18,ARIMA,60D,5,-0.1782619207145773,-0.1587675567282805,Normal
2020-02-19,ARIMA,60D,5,-0.171497751194791,-0.17335678728380385,Normal
2020-02-20,ARIMA,60D,5,-0.1637562585630704,-0.16744340982498246,Normal
2020-02-21,ARIMA,60D,5,-0.1221672405601772,-0.15993064106203259,Normal
2020-02-24,ARIMA,60D,5,-0.0986189088513358,-0.12036956393619047,High
2020-02-25,ARIMA,60D,5,-0.051357013862567,-0.09680614416308239,High
2020-02-26,ARIMA,60D,5,-0.0553752848489906,-0.051353719519888125,High
2020-02-27,ARIMA,60D,5,-0.0078562028099171,-0.05365452394195942,High
2020-02-28,ARIMA,60D,5,0.0126305453211963,-0.008811184789928091,High
2020-03-02,ARIMA,60D,5,-0.0176618759579024,0.01203220662993594,High
2020-03-03,ARIMA,60D,5,0.0087384696400924,-0.015916041914530676,High
2020-03-04,ARIMA,60D,5,-0.0277970861682327,0.008118981786191682,High
2020-03-05,ARIMA,60D,5,0.0104579127501126,-0.025625656596646142,High
2020-03-06,ARIMA,60D,5,0.0358361636848974,0.009424425877639836,High
2020-03-09,ARIMA,60D,5,0.128403247437833,0.03456901078380119,High
2020-03-10,ARIMA,60D,5,0.076813805928365,0.12289991818458235,High
2020-03-11,ARIMA,60D,5,0.1527907115586064,0.0770435309701097,High
2020-03-12,ARIMA,60D,5,0.2647052203668858,0.14735255363353406,High
2020-03-13,ARIMA,60D,5,0.1680670699979278,0.2554604455772,High
2020-03-16,ARIMA,60D,5,0.2903920117355631,0.1676717527943638,High
2020-03-17,ARIMA,60D,5,0.1714130061035825,0.28041132137147123,High
2020-03-18,ARIMA,60D,5,0.2376115650408744,0.17165672815071564,High
2020-03-19,ARIMA,60D,5,0.2411926648886486,0.2306499768429055,High
2020-03-20,ARIMA,60D,5,0.304305141808726,0.2359789122839044,High
2020-03-23,ARIMA,60D,5,0.3304298465856734,0.2958138701364043,High
2020-03-24,ARIMA,60D,5,0.241340657471512,0.3224807052652631,High
2020-03-25,ARIMA,60D,5,0.224206153485016,0.23914454056541748,High
2020-03-26,ARIMA,60D,5,0.1701364157074279,0.22020167936049295,High
2020-03-27,ARIMA,60D,5,0.2087024304405379,0.16846613549157274,High
2020-03-30,ARIMA,60D,5,0.1495405742749009,0.20321743424898264,High
2020-03-31,ARIMA,60D,5,0.1765827127915347,0.1484375496042807,High
2020-04-01,ARIMA,60D,5,0.1972038712494905,0.17219517528430917,High
2020-04-02,ARIMA,60D,5,0.1892101023060638,0.19247086929456608,High
2020-04-03,ARIMA,60D,5,0.2197553125677639,0.18558253147851647,High
2020-04-06,ARIMA,60D,5,0.1567966323988042,0.2142295434422322,High
2020-04-07,ARIMA,60D,5,0.1629319419239835,0.15565944189820513,High
2020-04-08,ARIMA,60D,5,0.1451995015648621,0.15952923969268745,High
2020-04-09,ARIMA,60D,5,0.1199385533915191,0.14289450864739567,High
2020-04-13,ARIMA,60D,5,0.1378915990996266,0.11846757632054694,High
2020-04-14,ARIMA,60D,5,0.1021174480511244,0.13463350511028854,High
2020-04-15,ARIMA,60D,5,0.1348059904979366,0.10134933339666652,High
2020-04-16,ARIMA,60D,5,0.1195995074423363,0.13115269144751418,High
2020-04-17,ARIMA,60D,5,0.1064758760039197,0.11776019933188259,High
2020-04-20,ARIMA,60D,5,0.1335597785556226,0.10491333769564373,High
2020-04-21,ARIMA,60D,5,0.1613029785778379,0.13009209454215528,High
2020-04-22,ARIMA,60D,5,0.1414762405832847,0.15714698343069639,High
2020-04-23,ARIMA,60D,5,0.1503876054986206,0.13929646715576852,High
2020-04-24,ARIMA,60D,5,0.1382431442663414,0.14713210332843077,High
2020-04-27,ARIMA,60D,5,0.1293669066790793,0.13591028421460477,High
2020-04-28,ARIMA,60D,5,0.1222266984573162,0.127149948352271,High
2020-04-29,ARIMA,60D,5,0.0897803543879671,0.12011176114472422,High
2020-04-30,ARIMA,60D,5,0.1064034265285042,0.08920876758229772,High
2020-05-01,ARIMA,60D,5,0.1283692021246338,0.103904110368714,High
2020-05-04,ARIMA,60D,5,0.1364801628975269,0.12515225947693462,High
2020-05-05,ARIMA,60D,5,0.1237229259362923,0.1335195472598202,High
2020-05-06,ARIMA,60D,5,0.1383680425775113,0.12173599690209715,High
2020-05-07,ARIMA,60D,5,0.1340844494869794,0.13519157198324688,High
2020-05-08,ARIMA,60D,5,0.1209590774478866,0.13158569718074872,High
2020-05-11,ARIMA,60D,5,0.1272351685166139,0.1190596496680196,High
2020-05-12,ARIMA,60D,5,0.1543556603093262,0.12457963300681507,High
2020-05-13,ARIMA,60D,5,0.172605486203563,0.15039814678825156,High
2020-05-14,ARIMA,60D,5,0.1638850336728834,0.1685001563075113,High
2020-05-15,ARIMA,60D,5,0.1519653030677831,0.160853273498424,High
2020-05-18,ARIMA,60D,5,0.1348495965913232,0.14933375532914792,High
2020-05-19,ARIMA,60D,5,0.143340071626766,0.13277495157602168,High
2020-05-20,ARIMA,60D,5,0.1266541836170713,0.14025528687949146,High
2020-05-21,ARIMA,60D,5,0.1371643294344483,0.12472881136586818,High
2020-05-22,ARIMA,60D,5,0.1371141241674528,0.13415232847292177,High
2020-05-26,ARIMA,60D,5,0.1204857158008104,0.1344153658024835,High
2020-05-27,ARIMA,60D,5,0.1089209230788422,0.11870542209646573,High
2020-05-28,ARIMA,60D,5,0.1144662623867342,0.10725575194095129,High
2020-05-29,ARIMA,60D,5,0.1196590841993297,0.1121204310632234,High
2020-06-01,ARIMA,60D,5,0.1195047674665055,0.11718942203163672,High
2020-06-02,ARIMA,60D,5,0.1214714615289484,0.11721056680763176,High
2020-06-03,ARIMA,60D,5,0.1095864367481935,0.11907035292327835,High
2020-06-04,ARIMA,60D,5,0.1196708286813728,0.10789687716613651,High
2020-06-05,ARIMA,60D,5,0.0915994406842282,0.11706136195315174,High
2020-06-08,ARIMA,60D,5,0.0871266156991282,0.09082781768782532,High
2020-06-09,ARIMA,60D,5,0.1102054092627199,0.08573534677277699,High
2020-06-10,ARIMA,60D,5,0.0797750708557166,0.10738362762806941,High
2020-06-11,ARIMA,60D,5,0.1323614830977306,0.07933152820105414,High
2020-06-12,ARIMA,60D,5,0.091236367406052,0.12811646632268398,High
2020-06-15,ARIMA,60D,5,0.1029032672500572,0.09084886430721394,High
2020-06-16,ARIMA,60D,5,0.0663771684579512,0.10064949651859657,High
2020-06-17,ARIMA,60D,5,0.070516894848668,0.06644478841735423,High
2020-06-18,ARIMA,60D,5,0.0825841864698891,0.06923100428134273,High
2020-06-19,ARIMA,60D,5,0.0934554859660624,0.08072985565985773,High
2020-06-22,ARIMA,60D,5,0.0823517457772523,0.09138522462417134,High
2020-06-23,ARIMA,60D,5,0.0696056270572161,0.08124009254330523,High
2020-06-24,ARIMA,60D,5,0.0845553157050498,0.06885708594069288,High
2020-06-25,ARIMA,60D,5,0.062016923949534,0.08258081734039656,High
2020-06-26,ARIMA,60D,5,0.0970051446227411,0.06172776264771315,High
2020-06-29,ARIMA,60D,5,0.0584189175948333,0.09411456873560914,High
2020-06-30,ARIMA,60D,5,0.0461095737137068,0.05870664154026774,High
2020-07-01,ARIMA,60D,5,0.0569504489620244,0.045904127866217205,High
2020-07-02,ARIMA,60D,5,0.0684016703390619,0.055730030935455005,High
2020-07-06,ARIMA,60D,5,0.0478204568024545,0.0668784702309746,High
2020-07-07,ARIMA,60D,5,0.0669177772404776,0.04779065639378638,High
2020-07-08,ARIMA,60D,5,0.0643997405413424,0.06521417142207529,High
2020-07-09,ARIMA,60D,5,0.0604355191511662,0.06340799305236597,High
2020-07-10,ARIMA,60D,5,0.0678368183796241,0.059601156135362335,High
2020-07-13,ARIMA,60D,5,0.0631713992081599,0.06647207307696498,High
2020-07-14,ARIMA,60D,5,0.0671012623954973,0.06228830516155286,High
2020-07-15,ARIMA,60D,5,0.0660384183540117,0.06586530084742351,High
2020-07-16,ARIMA,60D,5,0.0782054287488797,0.06497846720320959,High
2020-07-17,ARIMA,60D,5,0.0916433963196205,0.07645055799891556,High
2020-07-20,ARIMA,60D,5,0.0769447074353169,0.0895312819991317,High
2020-07-21,ARIMA,60D,5,0.0686219060166973,0.07606780640357114,High
2020-07-22,ARIMA,60D,5,0.0613623519080105,0.06775676590601647,High
2020-07-23,ARIMA,60D,5,0.0738936407768879,0.060620566482350285,High
2020-07-24,ARIMA,60D,5,0.0636386172862214,0.07223109431077414,High
2020-07-27,ARIMA,60D,5,0.0609868837847403,0.0629197142492389,Normal
2020-07-28,ARIMA,60D,5,0.0652832051918163,0.06010626538935605,Normal
2020-07-29,ARIMA,60D,5,0.0581367758435649,0.06407481977163786,Normal
2020-07-30,ARIMA,60D,5,0.0653339159274092,0.05745015632866396,Normal
2020-07-31,ARIMA,60D,5,0.0389282066999108,0.06403523974567654,Normal
2020-08-03,ARIMA,60D,5,0.0287426386851066,0.03929125043516658,Normal
2020-08-04,ARIMA,60D,5,-0.0107883264496048,0.02884767983771549,Normal
2020-08-05,ARIMA,60D,5,-0.0053209619451252,-0.008864514683617791,Normal
2020-08-06,ARIMA,60D,5,-0.0239318014110501,-0.0049388686418395215,Normal
2020-08-07,ARIMA,60D,5,-0.012321679790415,-0.022402098390000073,Normal
2020-08-10,ARIMA,60D,5,0.0025825926202708,-0.012002603129163413,Normal
2020-08-11,ARIMA,60D,5,0.0323911736767398,0.0024288581164744194,Normal
2020-08-12,ARIMA,60D,5,0.0377649371598274,0.031082010984606456,Normal
2020-08-13,ARIMA,60D,5,0.0395264532506104,0.03710585067297857,Normal
2020-08-14,ARIMA,60D,5,0.0513303253932337,0.03896946775415917,Normal
2020-08-17,ARIMA,60D,5,0.0472233726649423,0.05018891351692267,Normal
2020-08-18,ARIMA,60D,5,0.052545360608117,0.04667633619156355,Normal
2020-08-19,ARIMA,60D,5,0.0469308324062297,0.05159140373926349,Normal
2020-08-20,ARIMA,60D,5,0.0572957243441774,0.0464460125081866,Low
2020-08-21,ARIMA,60D,5,0.0654412592840376,0.05607426967524781,Low
2020-08-24,ARIMA,60D,5,0.0506442001344866,0.06409137585280296,Low
2020-08-25,ARIMA,60D,5,0.0354230897414651,0.050368070904281345,Low
2020-08-26,ARIMA,60D,5,0.0292177640873564,0.03552759069456361,Low
2020-08-27,ARIMA,60D,5,0.0207303806826285,0.02917280056738386,Low
2020-08-28,ARIMA,60D,5,0.0196404860149079,0.020940407183389683,Low
2020-08-31,ARIMA,60D,5,0.0378703200044482,0.019638895101138122,Low
2020-09-01,ARIMA,60D,5,0.0287878138282328,0.03682842815579174,Low
2020-09-02,ARIMA,60D,5,0.0159328747102643,0.028809235701550993,Low
2020-09-03,ARIMA,60D,5,0.0470843282154775,0.016393410278060502,High
2020-09-04,ARIMA,60D,5,0.0664587496313456,0.04543137049437792,High
2020-09-08,ARIMA,60D,5,0.0963971432464166,0.06470252263591532,High
2020-09-09,ARIMA,60D,5,0.0758280305039419,0.09363784865983885,High
2020-09-10,ARIMA,60D,5,0.1023667401445244,0.07514753410022111,High
2020-09-11,ARIMA,60D,5,0.0998962965474738,0.09962498116232615,High
2020-09-14,ARIMA,60D,5,0.0900182326926214,0.09809621208789625,High
2020-09-15,ARIMA,60D,5,0.07683148181365,0.08870823988382057,High
2020-09-16,ARIMA,60D,5,0.0801751941780301,0.07593365731347154,High
2020-09-17,ARIMA,60D,5,0.0873573456223497,0.07867351355959001,High
2020-09-18,ARIMA,60D,5,0.0942341343250311,0.08555298020257719,High
2020-09-21,ARIMA,60D,5,0.1187111803745477,0.09228018768037773,High
2020-09-22,ARIMA,60D,5,0.1100193895964948,0.1156396646517446,High
2020-09-23,ARIMA,60D,5,0.1397678713198521,0.1081931038333713,High
2020-09-24,ARIMA,60D,5,0.1332675688130745,0.13606858613448478,High
2020-09-25,ARIMA,60D,5,0.1135032011019767,0.13084240763933475,High
2020-09-28,ARIMA,60D,5,0.0954457645563518,0.11198721948574232,High
2020-09-29,ARIMA,60D,5,0.1010155805326146,0.09429650781128333,High
2020-09-30,ARIMA,60D,5,0.096326087943722,0.09897868817105661,High
2020-10-01,ARIMA,60D,5,0.0997318459178384,0.09470004724387088,High
2020-10-02,ARIMA,60D,5,0.1071257939569304,0.09777848735554848,High
2020-10-05,ARIMA,60D,5,0.0906533330491087,0.10486931847570916,High
2020-10-06,ARIMA,60D,5,0.1111436021483357,0.08953175894498423,High
2020-10-07,ARIMA,60D,5,0.0790316756660683,0.10839557680640705,High
2020-10-08,ARIMA,60D,5,0.078111094154561,0.07866214947589649,High
2020-10-09,ARIMA,60D,5,0.0750496023562823,0.07681224875434767,High
2020-10-12,ARIMA,60D,5,0.0735053323057111,0.07385730935658676,High
2020-10-13,ARIMA,60D,5,0.0853090613283895,0.07230016930171837,High
2020-10-14,ARIMA,60D,5,0.0853779057958277,0.0834067691657448,High
2020-10-15,ARIMA,60D,5,0.0873225313406104,0.08383779854062882,High
2020-10-16,ARIMA,60D,5,0.089460677270706,0.08569022888121607,High
2020-10-19,ARIMA,60D,5,0.1021648277169054,0.08777242521101074,High
2020-10-20,ARIMA,60D,5,0.0902326315986257,0.09985009390493281,High
2020-10-21,ARIMA,60D,5,0.1005342032459577,0.08896869697710029,High
2020-10-22,ARIMA,60D,5,0.1091682666189773,0.09834810253599507,High
2020-10-23,ARIMA,60D,5,0.1060451014599013,0.10681880864579578,High
2020-10-26,ARIMA,60D,5,0.1217944217822854,0.10414562417390491,High
2020-10-27,ARIMA,60D,5,0.1284339446457484,0.11894516579218474,High
2020-10-28,ARIMA,60D,5,0.1628695435931726,0.12570904780831368,High
2020-10-29,ARIMA,60D,5,0.1249797035270748,0.15848341913352285,High
2020-10-30,ARIMA,60D,5,0.1468967157510952,0.12374654705275996,High
2015-06-10,ARIMA,120D,1,-0.0118455038770558,0.005042586641015621,Low
2015-06-11,ARIMA,120D,1,-0.0029586816868445,-0.010574917018780487,Low
2015-06-12,ARIMA,120D,1,-0.0069963996731908,-0.0029857267343409988,Low
2015-06-15,ARIMA,120D,1,-0.0168409364955695,-0.00640945160645727,Low
2015-06-16,ARIMA,120D,1,-0.0021968106474721,-0.01584204856339739,Low
2015-06-17,ARIMA,120D,1,-0.0111885390029427,-0.0025294897602259198,Low
2015-06-18,ARIMA,120D,1,-0.0275535916825461,-0.010331450520874003,Low
2015-06-19,ARIMA,120D,1,-0.0300050628102892,-0.026116154733232394,Low
2015-06-22,ARIMA,120D,1,-0.0338325742132368,-0.029203957146335453,Low
2015-06-23,ARIMA,120D,1,-0.0540821083942456,-0.03295823663241474,Low
2015-06-24,ARIMA,120D,1,-0.0419573546118723,-0.052197728950971196,Low
2015-06-25,ARIMA,120D,1,-0.0284167703493615,-0.04174105368077601,Low
2015-06-26,ARIMA,120D,1,-0.0136159789536676,-0.028482653294756265,Low
2015-06-29,ARIMA,120D,1,-0.0076837860809325,-0.013899823890935685,Normal
2015-06-30,ARIMA,120D,1,-0.0282962434405068,-0.0075963255635363505,Normal
2015-07-01,ARIMA,120D,1,-0.0274600331479877,-0.02667960295076901,Normal
2015-07-02,ARIMA,120D,1,-0.0183738673668721,-0.026837104376306244,Normal
2015-07-06,ARIMA,120D,1,-0.0021630381404209,-0.01829530927198684,Normal
2015-07-07,ARIMA,120D,1,-0.009825514138153,-0.002619110493054605,Normal
2015-07-08,ARIMA,120D,1,0.0047865143176825,-0.009053352930255387,Normal
2015-07-09,ARIMA,120D,1,0.0131005308458854,0.004377376592567154,Normal
2015-07-10,ARIMA,120D,1,-0.0064058543229008,0.012865030451397853,Normal
2015-07-13,ARIMA,120D,1,-0.0268676078717238,-0.00506941077132636,Normal
2015-07-14,ARIMA,120D,1,-0.0467329229060299,-0.025210290815351026,Normal
2015-07-15,ARIMA,120D,1,-0.0439874624659328,-0.04489913950475372,Normal
2015-07-16,ARIMA,120D,1,-0.0651723589130346,-0.04329010663567618,Normal
2015-07-17,ARIMA,120D,1,-0.09026374705683,-0.06314432228262623,Normal
2015-07-20,ARIMA,120D,1,-0.1019322211266795,-0.08773643672039416,Normal
2015-07-21,ARIMA,120D,1,-0.0968085165881338,-0.09993277072263923,Normal
2015-07-22,ARIMA,120D,1,-0.0866454374501689,-0.0957151744756658,Normal
2015-07-23,ARIMA,120D,1,-0.1062356023166985,-0.08594356200920908,Normal
2015-07-24,ARIMA,120D,1,-0.0789165206856534,-0.10389329909662595,Normal
2015-07-27,ARIMA,120D,1,-0.0949605383187515,-0.07907576258918794,Normal
2015-07-28,ARIMA,120D,1,-0.106738931933212,-0.09294422474473721,Normal
2015-07-29,ARIMA,120D,1,-0.125793840886494,-0.10471333053601031,Normal
2015-07-30,ARIMA,120D,1,-0.1206402191545682,-0.1232253564745559,Normal
2015-07-31,ARIMA,120D,1,-0.098285388471303,-0.11929213978802711,Normal
2015-08-03,ARIMA,120D,1,-0.1112862396992198,-0.09806282303706665,Normal
2015-08-04,ARIMA,120D,1,-0.0949887627019191,-0.10924539263700686,Normal
2015-08-05,ARIMA,120D,1,-0.1090215231879382,-0.09446371695047964,Low
2015-08-06,ARIMA,120D,1,-0.0957249765477846,-0.10693631665109476,Low
2015-08-07,ARIMA,120D,1,-0.0683873026968904,-0.09504219034051883,Low
2015-08-10,ARIMA,120D,1,-0.0815574731744574,-0.0687303454299528,Low
2015-08-11,ARIMA,120D,1,-0.0908753772125065,-0.0798207279599947,Low
2015-08-12,ARIMA,120D,1,-0.0868453608291471,-0.08913717416764141,Low
2015-08-13,ARIMA,120D,1,-0.0840437666682424,-0.08580616879865777,Low
2015-08-14,ARIMA,120D,1,-0.1066022572189535,-0.08300518695292905,Low
2015-08-17,ARIMA,120D,1,-0.1260552068514137,-0.10409289690657508,Low
2015-08-18,ARIMA,120D,1,-0.1240900645625408,-0.12344058570487773,Low
2015-08-19,ARIMA,120D,1,-0.1159898962837046,-0.12254890768921434,Low
2015-08-20,ARIMA,120D,1,-0.1070413831588146,-0.11488296442481113,Normal
2015-08-21,ARIMA,120D,1,-0.0553421254298903,-0.10608355231746222,High
2015-08-24,ARIMA,120D,1,0.0012510566583137,-0.05700191971529247,High
2015-08-25,ARIMA,120D,1,0.0312114170266108,-0.0013220168907640065,High
2015-08-26,ARIMA,120D,1,-0.0117565145318553,0.02962435902389981,High
2015-08-27,ARIMA,120D,1,-0.0357898023033472,-0.009274761648367366,High
2015-08-28,ARIMA,120D,1,-0.0220476223611473,-0.033813692141489125,High
2015-08-31,ARIMA,120D,1,-0.0261531212679516,-0.022097347631988,High
2015-09-01,ARIMA,120D,1,0.0082994886091083,-0.025380619752316806,High
2015-09-02,ARIMA,120D,1,0.0014561839163443,0.00687494516737195,High
2015-09-03,ARIMA,120D,1,-0.0015797971126392,0.002031923167603908,High
2015-09-04,ARIMA,120D,1,0.0057143805500653,-0.0010644256682103975,High
2015-09-08,ARIMA,120D,1,0.0045291287546455,0.005645777910681972,High
2015-09-09,ARIMA,120D,1,0.0226101143848321,0.00486257257927291,High
2015-09-10,ARIMA,120D,1,0.0208386732602132,0.021837042370481015,High
2015-09-11,ARIMA,120D,1,0.0196621066811688,0.021010188649438447,High
2015-09-14,ARIMA,120D,1,0.0246447707050765,0.019862186740815985,High
2015-09-15,ARIMA,120D,1,0.0005913270176379,0.024493794732182675,High
2015-09-16,ARIMA,120D,1,-0.0030367409149237,0.0020900029437763215,High
2015-09-17,ARIMA,120D,1,-0.000316603675241,-0.002432456677513406,High
2015-09-18,ARIMA,120D,1,0.0322421728679938,-9.67476040367038e-05,High
2015-09-21,ARIMA,120D,1,0.0264250122177092,0.03065487640777415,High
2015-09-22,ARIMA,120D,1,0.0369813113027695,0.026702978236801022,High
2015-09-23,ARIMA,120D,1,0.0446167834141434,0.03644032449339186,High
2015-09-24,ARIMA,120D,1,0.0545590183540461,0.044106738969960015,High
2015-09-25,ARIMA,120D,1,0.0594208874062928,0.05384121270671864,High
2015-09-28,ARIMA,120D,1,0.0864071904733942,0.05889767504612034,High
2015-09-29,ARIMA,120D,1,0.0842973236636403,0.08454053947632734,High
2015-09-30,ARIMA,120D,1,0.058994915529408,0.08382419831219562,High
2015-10-01,ARIMA,120D,1,0.056644835071694,0.05998055717330543,High
2015-10-02,ARIMA,120D,1,0.0429761489433608,0.056589363936844925,High
2015-10-05,ARIMA,120D,1,0.0336295674790959,0.043560059787322455,High
2015-10-06,ARIMA,120D,1,0.0415651368168053,0.034120682754992554,High
2015-10-07,ARIMA,120D,1,0.0315197745996317,0.04112051835773341,High
2015-10-08,ARIMA,120D,1,0.029050953521673,0.032014762190923717,High
2015-10-09,ARIMA,120D,1,0.0251126249153031,0.029241140045798364,High
2015-10-12,ARIMA,120D,1,0.0136416620261755,0.025398134695006076,High
2015-10-13,ARIMA,120D,1,0.0309432836483158,0.014414411092390403,High
2015-10-14,ARIMA,120D,1,0.0236226405902501,0.0301507722203117,High
2015-10-15,ARIMA,120D,1,0.0116617918435115,0.024041153147323677,High
2015-10-16,ARIMA,120D,1,0.0043581845802106,0.012484310869868703,High
2015-10-19,ARIMA,120D,1,0.0137034295177276,0.005040126024746287,High
2015-10-20,ARIMA,120D,1,0.0251156003421791,0.013465121336020347,Normal
2015-10-21,ARIMA,120D,1,0.0311309616834458,0.02462026311839291,Normal
2015-10-22,ARIMA,120D,1,0.0136553450947057,0.03083240042532056,High
2015-10-23,ARIMA,120D,1,0.009205116739461,0.014696199036893176,High
2015-10-26,ARIMA,120D,1,0.0141997876434275,0.009710280792666996,Normal
2015-10-27,ARIMA,120D,1,0.0175184285577498,0.014163268531759133,Normal
2015-10-28,ARIMA,120D,1,0.0005403772123141,0.017506284261495603,Normal
2015-10-29,ARIMA,120D,1,0.0010381111725156,0.0016962871976407903,Normal
2015-10-30,ARIMA,120D,1,0.0040459032401782,0.0013822751487088322,Normal
2015-11-02,ARIMA,120D,1,-0.0058869729243995,0.004196905503955076,Normal
2015-11-03,ARIMA,120D,1,-0.0069633317377203,-0.005010110947332565,Normal
2015-11-04,ARIMA,120D,1,-0.0126853008596348,-0.006478512485294095,Normal
2015-11-05,ARIMA,120D,1,-0.0166284603336937,-0.011935238357771945,Normal
2015-11-06,ARIMA,120D,1,-0.008501171856426,-0.015915561831547964,Normal
2015-11-09,ARIMA,120D,1,-0.0073443805883193,-0.008465189383325113,Normal
2015-11-10,ARIMA,120D,1,-0.0148084184472416,-0.007008032241844812,Normal
2015-11-11,ARIMA,120D,1,-0.0118141478184668,-0.013959179931382917,Normal
2015-11-12,ARIMA,120D,1,0.0054446260717184,-0.011485709072651007,Normal
2015-11-13,ARIMA,120D,1,0.0174684798114836,0.004876259672256432,Normal
2015-11-16,ARIMA,120D,1,0.0150815422532867,0.01699972050776748,Normal
2015-11-17,ARIMA,120D,1,0.0068142963936645,0.015353667395120812,Normal
2015-11-18,ARIMA,120D,1,-0.0093884127514719,0.0074931831794432975,Normal
2015-11-19,ARIMA,120D,1,-0.0167791065842452,-0.008141660589890805,Normal
2015-11-20,ARIMA,120D,1,-0.0108330854747818,-0.015869587784747556,Normal
2015-11-23,ARIMA,120D,1,-0.0190533251852606,-0.010657118564554743,Normal
2015-11-24,ARIMA,120D,1,-0.0200694174438199,-0.01813398073776125,Normal
2015-11-25,ARIMA,120D,1,-0.0236538713515734,-0.019460058580810097,Normal
2015-11-27,ARIMA,120D,1,-0.0182458536882498,-0.022898455768801666,Normal
2015-11-30,ARIMA,120D,1,-0.0156816901167329,-0.017979952566492367,Normal
2015-12-01,ARIMA,120D,1,-0.0127169915294821,-0.015323823195370248,Normal
2015-12-02,ARIMA,120D,1,0.0052901307615502,-0.012402764959114847,Normal
2015-12-03,ARIMA,120D,1,0.0195574911557718,0.004685507747588028,Normal
2015-12-04,ARIMA,120D,1,0.0035173297313601,0.018955927540776865,Normal
2015-12-07,ARIMA,120D,1,0.0095256050711679,0.0045691731365198884,Normal
2015-12-08,ARIMA,120D,1,0.0171710563506887,0.009510710253174945,Normal
2015-12-09,ARIMA,120D,1,0.0277608388833675,0.01694919548838086,Normal
2015-12-10,ARIMA,120D,1,0.0225959200680782,0.027281697369636246,Normal
2015-12-11,ARIMA,120D,1,0.0470951163432571,0.022933089581906853,High
2015-12-14,ARIMA,120D,1,0.0436394439083865,0.04577031454569839,Normal
2015-12-15,ARIMA,120D,1,0.0363809657744268,0.04364880712676846,Normal
2015-12-16,ARIMA,120D,1,0.0202510945257618,0.036713990902453586,High
2015-12-17,ARIMA,120D,1,0.0261883387514721,0.021193490029265086,Normal
2015-12-18,ARIMA,120D,1,0.0359975349688694,0.02601208763636383,High
2015-12-21,ARIMA,120D,1,0.0264487231697412,0.03548045583722525,High
2015-12-22,ARIMA,120D,1,0.0158282185143621,0.026964081226681584,High
2015-12-23,ARIMA,120D,1,0.0066147150978537,0.016549332480326848,High
2015-12-24,ARIMA,120D,1,0.0049513463571084,0.0073645551170020696,High
2015-12-28,ARIMA,120D,1,0.0129236655918372,0.005344909580922742,High
2015-12-29,ARIMA,120D,1,0.0050583920230241,0.012746487907156233,High
2015-12-30,ARIMA,120D,1,0.0106488618102269,0.005711956985019136,High
2015-12-31,ARIMA,120D,1,0.0333809139236497,0.010624184197147519,High
2016-01-04,ARIMA,120D,1,0.0122221629158731,0.03225689187295482,High
2016-01-05,ARIMA,120D,1,-0.0080502877351894,0.013418142875042487,High
2016-01-06,ARIMA,120D,1,0.0227659968715243,-0.006589362797176451,High
2016-01-07,ARIMA,120D,1,0.063641056362123,0.021417023935823037,High
2016-01-08,ARIMA,120D,1,0.088012456957437,0.061264124342846324,High
2016-01-11,ARIMA,120D,1,0.0891062549546465,0.08616811113530454,High
2016-01-12,ARIMA,120D,1,0.0744627118512731,0.08842968160747722,High
2016-01-13,ARIMA,120D,1,0.1050837739874581,0.07476281515990313,High
2016-01-14,ARIMA,120D,1,0.0876537551663411,0.10289927266517498,High
2016-01-15,ARIMA,120D,1,0.124627714430496,0.08789089434683392,High
2016-01-19,ARIMA,120D,1,0.1274988535550655,0.12193869907052354,High
2016-01-20,ARIMA,120D,1,0.1462464618883094,0.12632513004625615,High
2016-01-21,ARIMA,120D,1,0.141199231927343,0.14418267344831656,High
2016-01-22,ARIMA,120D,1,0.1263639278468265,0.14031717878463104,High
2016-01-25,ARIMA,120D,1,0.1411960939597767,0.1261666797832376,High
2016-01-26,ARIMA,120D,1,0.1295303179512776,0.13942271038395537,High
2016-01-27,ARIMA,120D,1,0.1390170357513906,0.1291018185872388,High
2016-01-28,ARIMA,120D,1,0.1377648933495631,0.13751757925346958,High
2016-01-29,ARIMA,120D,1,0.1096871724984815,0.13675583244327358,High
2016-02-01,ARIMA,120D,1,0.1146741341335336,0.11029852573377369,High
2016-02-02,ARIMA,120D,1,0.1305790841118354,0.1136817546077834,High
2016-02-03,ARIMA,120D,1,0.1259221962509806,0.12881486759334443,High
2016-02-04,ARIMA,120D,1,0.1231973670116485,0.1251818460903705,High
2016-02-05,ARIMA,120D,1,0.1434564457360928,0.12243815069802647,High
2016-02-08,ARIMA,120D,1,0.1593414837768079,0.14136507368420978,High
2016-02-09,ARIMA,120D,1,0.158734730276077,0.1572486253995596,High
2016-02-10,ARIMA,120D,1,0.1525417575941703,0.15746369580456485,High
2016-02-11,ARIMA,120D,1,0.1680482476394977,0.15164708721353007,High
2016-02-12,ARIMA,120D,1,0.1489307817319408,0.16595001997668032,High
2016-02-16,ARIMA,120D,1,0.141115741279636,0.14866929791292596,High
2016-02-17,ARIMA,120D,1,0.123862053362453,0.1404606378064506,High
2016-02-18,ARIMA,120D,1,0.1289284034729436,0.12381965066177072,High
2016-02-19,ARIMA,120D,1,0.1260856396912573,0.1277633372500465,High
2016-02-22,ARIMA,120D,1,0.1164583236946248,0.12528360285356016,High
2016-02-23,ARIMA,120D,1,0.1281945378784992,0.11610211197777157,High
2016-02-24,ARIMA,120D,1,0.1265535941383889,0.1266909095842263,High
2016-02-25,ARIMA,120D,1,0.1097750851914601,0.12567085385497584,High
2016-02-26,ARIMA,120D,1,0.1135137965271801,0.10983271015156351,High
2016-02-29,ARIMA,120D,1,0.1238651293151345,0.1125668891399402,High
2016-03-01,ARIMA,120D,1,0.0988354343447477,0.12244223164351298,High
2016-03-02,ARIMA,120D,1,0.0941860026003227,0.09937932490865975,High
2016-03-03,ARIMA,120D,1,0.0926432354583673,0.09386320126200029,High
2016-03-04,ARIMA,120D,1,0.0840887403327538,0.09213857745474514,High
2016-03-07,ARIMA,120D,1,0.0818379571352444,0.08400391921908447,High
2016-03-08,ARIMA,120D,1,0.0915616489525374,0.08148351336311072,High
2016-03-09,ARIMA,120D,1,0.0917364045983975,0.09050825829951353,High
2016-03-10,ARIMA,120D,1,0.0896250203941523,0.09111928052690593,High
2016-03-11,ARIMA,120D,1,0.0709837836997382,0.0891628187894512,Normal
2016-03-14,ARIMA,120D,1,0.0722041669269385,0.07152561158666612,Normal
2016-03-15,ARIMA,120D,1,0.0782350394602912,0.07180115437393284,Normal
2016-03-16,ARIMA,120D,1,0.0756275539485165,0.07748951335874908,Normal
2016-03-17,ARIMA,120D,1,0.0689075749416268,0.07531749761002819,Normal
2016-03-18,ARIMA,120D,1,0.0622861194981306,0.06888688045826188,Normal
2016-03-21,ARIMA,120D,1,0.0364732851830017,0.062338233091716606,Normal
2016-03-22,ARIMA,120D,1,0.0519214453132084,0.03772569878458679,Normal
2016-03-23,ARIMA,120D,1,0.0433862065656645,0.05104363582830601,Normal
2016-03-24,ARIMA,120D,1,0.0431764989452286,0.04367147316151997,Normal
2016-03-28,ARIMA,120D,1,0.052689908506596,0.043109340532916623,Normal
2016-03-29,ARIMA,120D,1,0.0401324686567868,0.05203312580651859,Normal
2016-03-30,ARIMA,120D,1,0.0357729854293958,0.0406588469254625,Low
2016-03-31,ARIMA,120D,1,0.0381139212732507,0.03599395715085786,Low
2016-04-01,ARIMA,120D,1,0.0426609625402868,0.03796581017411718,Low
2016-04-04,ARIMA,120D,1,0.0523531945037834,0.042341905820520775,Low
2016-04-05,ARIMA,120D,1,0.0567961999558592,0.051678319935135296,Low
2016-04-06,ARIMA,120D,1,0.03771855190593,0.05632095649863841,Low
2016-04-07,ARIMA,120D,1,0.056190121041233,0.038599664179098284,Normal
2016-04-08,ARIMA,120D,1,0.0586899950402592,0.05510347598399526,Normal
2016-04-11,ARIMA,120D,1,0.0520684131997818,0.05827240768436338,Low
2016-04-12,ARIMA,120D,1,0.0503890519064194,0.0521986720212734,Low
2016-04-13,ARIMA,120D,1,0.0371329589563343,0.05031792727460668,Low
2016-04-14,ARIMA,120D,1,0.03199216473984,0.03775159498515003,Low
2016-04-15,ARIMA,120D,1,0.0372644205471829,0.03229254557577693,Low
2016-04-18,ARIMA,120D,1,0.0312261387859896,0.036983312902104645,Low
2016-04-19,ARIMA,120D,1,0.0248876134415088,0.03153373851975025,Low
2016-04-20,ARIMA,120D,1,0.0287216887095988,0.025299859616347602,Low
2016-04-21,ARIMA,120D,1,0.0214046738691347,0.02859903489427402,Low
2016-04-22,ARIMA,120D,1,0.0225027474959928,0.021877379572467257,Low
2016-04-25,ARIMA,120D,1,0.0212123607045218,0.022577988291407163,Low
2016-04-26,ARIMA,120D,1,0.019542944689406,0.021398473733743095,Low
2016-04-27,ARIMA,120D,1,0.0148523324658188,0.019769275936414872,Low
2016-04-28,ARIMA,120D,1,0.0302674741330793,0.015275043995002825,Low
2016-04-29,ARIMA,120D,1,0.037532995518987,0.029557460280576132,Low
2016-05-02,ARIMA,120D,1,0.028376717690362,0.037100682548490554,Low
2016-05-03,ARIMA,120D,1,0.0370070719386031,0.028858395869423334,Low
2016-05-04,ARIMA,120D,1,0.047700249291503,0.036571224013258824,Low
2016-05-05,ARIMA,120D,1,0.0441343285195908,0.047014590582444754,Low
2016-05-06,ARIMA,120D,1,0.039222790044851,0.04417603930078429,Low
2016-05-09,ARIMA,120D,1,0.0354783808312324,0.03941408326947482,Low
2016-05-10,ARIMA,120D,1,0.01995887545557,0.03565515347284966,Low
2016-05-11,ARIMA,120D,1,0.02944411444924,0.02086613150410331,Low
2016-05-12,ARIMA,120D,1,0.0228035746084694,0.029059396686555605,Low
2016-05-13,ARIMA,120D,1,0.0247711243167678,0.023216450125672666,Low
2016-05-16,ARIMA,120D,1,0.0105889349045457,0.024778671287012922,Low
2016-05-17,ARIMA,120D,1,0.0183772781850155,0.011511306551910395,Low
2016-05-18,ARIMA,120D,1,0.0401523202280791,0.01818318366312305,Low
2016-05-19,ARIMA,120D,1,0.0476307931479571,0.0390024725053867,Low
2016-05-20,ARIMA,120D,1,0.0526454538048088,0.04706954568185324,Low
2016-05-23,ARIMA,120D,1,0.0566819360890057,0.05218726584228271,Low
2016-05-24,ARIMA,120D,1,0.0416943702072181,0.05623862542664221,Normal
2016-05-25,ARIMA,120D,1,0.0346283310984513,0.04233661935785136,Normal
2016-05-26,ARIMA,120D,1,0.0422917521704694,0.03499992356858564,Normal
2016-05-27,ARIMA,120D,1,0.0364305407086539,0.041847732934939784,Normal
2016-05-31,ARIMA,120D,1,0.0421017786904416,0.03667151263953472,Normal
2016-06-01,ARIMA,120D,1,0.0385777286709671,0.04175169625363778,Low
2016-06-02,ARIMA,120D,1,0.0431907345748545,0.038687147667455866,Low
2016-06-03,ARIMA,120D,1,0.0482698879151424,0.04287608771875542,Low
2016-06-06,ARIMA,120D,1,0.0441922575526877,0.04786258380506887,Low
2016-06-07,ARIMA,120D,1,0.0468103875369139,0.04427251005406109,Low
2016-06-08,ARIMA,120D,1,0.0382378963102239,0.04655837465439338,Low
2016-06-09,ARIMA,120D,1,0.0412915342613796,0.03860524081333987,Low
2016-06-10,ARIMA,120D,1,0.0478521361163893,0.04108499013381972,Low
2016-06-13,ARIMA,120D,1,0.0524787119393349,0.047380870131366756,Low
2016-06-14,ARIMA,120D,1,0.0546761447313915,0.05204577658560736,Low
2016-06-15,ARIMA,120D,1,0.0623229807219455,0.05434428303614548,Low
2016-06-16,ARIMA,120D,1,0.0625999720797743,0.06165328167345689,Low
2016-06-17,ARIMA,120D,1,0.0789406149691067,0.06227559899633382,Low
2016-06-20,ARIMA,120D,1,0.0753062472075547,0.07768205253768606,Low
2016-06-21,ARIMA,120D,1,0.0785192751363147,0.07502469314022311,Low
2016-06-22,ARIMA,120D,1,0.079034121842291,0.07791647950355053,Low
2016-06-23,ARIMA,120D,1,0.0722770379715729,0.07854402145264688,Low
2016-06-24,ARIMA,120D,1,0.100707535315297,0.07221702586367508,Normal
2016-06-27,ARIMA,120D,1,0.1228454895145533,0.09865549193853798,Normal
2016-06-28,ARIMA,120D,1,0.1034792111594852,0.12079440482691828,High
2016-06-29,ARIMA,120D,1,0.0885631409034424,0.10366732474583065,High
2016-06-30,ARIMA,120D,1,0.0787201901551292,0.08878458379904153,High
2016-07-01,ARIMA,120D,1,0.0743130981374196,0.07878643346870229,High
2016-07-05,ARIMA,120D,1,0.0793194159006217,0.074144843691226,High
2016-07-06,ARIMA,120D,1,0.0752316613774247,0.07862582947811395,High
2016-07-07,ARIMA,120D,1,0.0783494681687065,0.07500121442400864,High
2016-07-08,ARIMA,120D,2,0.0548196408929428,0.07775437331693193,High
2016-07-11,ARIMA,120D,2,0.051123473849076,0.055650553329410504,High
2016-07-12,ARIMA,120D,2,0.0394907968448761,0.051154549707927294,High
2016-07-13,ARIMA,120D,2,0.0478068049230514,0.03996022711390677,High
2016-07-14,ARIMA,120D,2,0.0482673458919038,0.04730839732844595,High
2016-07-15,ARIMA,120D,2,0.0484257573492938,0.04807726994268849,High
2016-07-18,ARIMA,120D,2,0.0495570847080042,0.048261854979726404,High
2016-07-19,ARIMA,120D,2,0.04743838373686,0.049339073614844506,High
2016-07-20,ARIMA,120D,2,0.043177175421096,0.04738633668265313,High
2016-07-21,ARIMA,120D,2,0.0496218876667229,0.0432718138865459,High
2016-07-22,ARIMA,120D,2,0.0429311484834829,0.049173637446554244,High
2016-07-25,ARIMA,120D,2,0.0477952986185594,0.04312056058712364,Normal
2016-07-26,ARIMA,120D,2,0.0445006520016216,0.047441076456493134,Normal
2016-07-27,ARIMA,120D,2,0.0474621134182397,0.04452466979715037,Low
2016-07-28,ARIMA,120D,2,0.0422413553458279,0.04719007393155095,Low
2016-07-29,ARIMA,120D,2,0.04397195928947,0.042378772543959775,Low
2016-08-01,ARIMA,120D,2,0.0425488037908914,0.04379523951828513,Low
2016-08-02,ARIMA,120D,2,0.0554738851325214,0.04251503651884067,Low
2016-08-03,ARIMA,120D,2,0.0603388952124188,0.054668003758953046,Low
2016-08-04,ARIMA,120D,2,0.0593906909776669,0.05981629376121442,Low
2016-08-05,ARIMA,120D,2,0.0499571541985452,0.059154314601799374,Low
2016-08-08,ARIMA,120D,2,0.0448370579939901,0.050211805143088546,Low
2016-08-09,ARIMA,120D,2,0.0435570383994015,0.044968346237862195,Low
2016-08-10,ARIMA,120D,2,0.046724154451006,0.043520862881668745,Low
2016-08-11,ARIMA,120D,2,0.0425708861872533,0.046447283542754216,Low
2016-08-12,ARIMA,120D,2,0.050605746428721,0.04265636124079074,Low
2016-08-15,ARIMA,120D,2,0.0456991326204902,0.050075193844983414,Low
2016-08-16,ARIMA,120D,2,0.0514200783008143,0.045776595803290174,Low
2016-08-17,ARIMA,120D,2,0.0502463144432683,0.0509862715631525,Low
2016-08-18,ARIMA,120D,2,0.053785176482846,0.05011398068017438,Low
2016-08-19,ARIMA,120D,2,0.0587861928736235,0.05341773918285969,Low
2016-08-22,ARIMA,120D,2,0.0645818083409579,0.05829257064618796,Low
2016-08-23,ARIMA,120D,2,0.0666312683582688,0.06398947045236084,Low
2016-08-24,ARIMA,120D,2,0.0768652122836752,0.0661844877299273,Low
2016-08-25,ARIMA,120D,2,0.0773668810787704,0.07595282513846102,Low
2016-08-26,ARIMA,120D,2,0.0806240946447208,0.07687048346497286,Low
2016-08-29,ARIMA,120D,2,0.0814395162361157,0.07998945511701537,Low
2016-08-30,ARIMA,120D,2,0.0823123214964343,0.08090150499545862,Low
2016-08-31,ARIMA,120D,2,0.0851099115732561,0.08176752512586939,Low
2016-09-01,ARIMA,120D,2,0.0866435471946991,0.0844499167476904,Low
2016-09-02,ARIMA,120D,2,0.0834687708633984,0.08602067697143684,Low
2016-09-06,ARIMA,120D,2,0.0779098223781981,0.08309261870190233,Low
2016-09-07,ARIMA,120D,2,0.0916374294002167,0.07770773976392366,Low
2016-09-08,ARIMA,120D,2,0.0879858006205819,0.09043245812326099,Low
2016-09-09,ARIMA,120D,2,0.1133172933999531,0.08756052732332739,Low
2016-09-12,ARIMA,120D,2,0.0954642834029529,0.11136229233793096,Normal
2016-09-13,ARIMA,120D,2,0.1074884057790739,0.0955765913917334,Normal
2016-09-14,ARIMA,120D,2,0.105789427214823,0.10621949332746736,Normal
2016-09-15,ARIMA,120D,2,0.0965304863781493,0.10509778991263674,Normal
2016-09-16,ARIMA,120D,2,0.1035732538795801,0.09629935018379088,Normal
2016-09-19,ARIMA,120D,2,0.1039584227325743,0.102553438612484,Normal
2016-09-20,ARIMA,120D,2,0.1002745802674493,0.10320140677714482,Normal
2016-09-21,ARIMA,120D,2,0.0977564590584997,0.09975048710441087,Normal
2016-09-22,ARIMA,120D,2,0.089649672341674,0.09721471459701397,Normal
2016-09-23,ARIMA,120D,2,0.0940877860371614,0.08944055516088925,Normal
2016-09-26,ARIMA,120D,2,0.1007007200746971,0.09328039262369198,Normal
2016-09-27,ARIMA,120D,2,0.0817916303192969,0.09970245153137475,Normal
2016-09-28,ARIMA,120D,2,0.078397156563117,0.08212957980401153,Normal
2016-09-29,ARIMA,120D,2,0.0867014521483683,0.07812441074862767,Normal
2016-09-30,ARIMA,120D,2,0.0779207073464022,0.08578806385222418,Normal
2016-10-03,ARIMA,120D,2,0.0801666229420837,0.07784045697074742,Normal
2016-10-04,ARIMA,120D,2,0.0923598135580695,0.07960131203725321,Normal
2016-10-05,ARIMA,120D,2,0.0891570635307028,0.0912009492865872,Normal
2016-10-06,ARIMA,120D,2,0.0916064305898032,0.08870199792400803,Normal
2016-10-07,ARIMA,120D,2,0.0926076240931506,0.09090255691923556,Normal
2016-10-10,ARIMA,120D,2,0.086368818467813,0.0919484004366457,Normal
2016-10-11,ARIMA,120D,2,0.0994527622402301,0.08610172280118478,Low
2016-10-12,ARIMA,120D,2,0.095247293222309,0.09819735701813051,Low
2016-10-13,ARIMA,120D,2,0.1002790199282782,0.09477360488228832,Low
2016-10-14,ARIMA,120D,2,0.0992499633062122,0.09937187077957305,Low
2016-10-17,ARIMA,120D,2,0.1029800315538355,0.09860852201185072,Low
2016-10-18,ARIMA,120D,2,0.0954036176561787,0.10209787315597904,Low
2016-10-19,ARIMA,120D,2,0.0894470080818413,0.09509846485429713,Low
2016-10-20,ARIMA,120D,2,0.083985658923418,0.08915296072330242,Low
2016-10-21,ARIMA,120D,2,0.0926462697546798,0.08372323031001286,Low
2016-10-24,ARIMA,120D,2,0.0850000722614192,0.09165880932633394,Low
2016-10-25,ARIMA,120D,2,0.087087204329257,0.0847954303938919,Low
2016-10-26,ARIMA,120D,2,0.0963579826134181,0.0864555211269426,Low
2016-10-27,ARIMA,120D,2,0.0963094904123115,0.09528959924700466,Low
2016-10-28,ARIMA,120D,2,0.1102043671400483,0.09564505046455163,Low
2016-10-31,ARIMA,120D,2,0.1163988652359981,0.10878853818049197,Low
2016-11-01,ARIMA,120D,2,0.1227230628690458,0.11523786884346643,Low
2016-11-02,ARIMA,120D,2,0.1298227143227991,0.12150567012871724,Low
2016-11-03,ARIMA,120D,2,0.1323409478739185,0.12849784470564646,Low
2016-11-04,ARIMA,120D,2,0.1357392599725053,0.13119457554379016,Low
2016-11-07,ARIMA,120D,2,0.1149474038288517,0.13452766132554236,Normal
2016-11-08,ARIMA,120D,2,0.1099103560358668,0.11503571622935707,Low
2016-11-09,ARIMA,120D,2,0.0994761694440803,0.10939153787247011,Low
2016-11-10,ARIMA,120D,2,0.1016076831354634,0.09927734986091546,Low
2016-11-11,ARIMA,120D,2,0.1030440567551689,0.10083171117967604,Low
2016-11-14,ARIMA,120D,2,0.1021337916555589,0.10225934421390198,Low
2016-11-15,ARIMA,120D,2,0.0958107993509191,0.10146420742111242,Low
2016-11-16,ARIMA,120D,2,0.0952291644991884,0.09545437177544508,Low
2016-11-17,ARIMA,120D,2,0.0890841597971964,0.09463188467218885,Low
2016-11-18,ARIMA,120D,2,0.0962389534657599,0.08878896251555853,Low
2016-11-21,ARIMA,120D,2,0.0881181183579002,0.09528313555118441,Normal
2016-11-22,ARIMA,120D,2,0.0676095590831918,0.08790586527533378,Normal
2016-11-23,ARIMA,120D,2,0.0704818995534991,0.06819507834026123,Low
2016-11-25,ARIMA,120D,2,0.0733198571482759,0.07001344387821554,Low
2016-11-28,ARIMA,120D,2,0.0837351096990196,0.0727772309566273,Normal
2016-11-29,ARIMA,120D,2,0.0842368925181381,0.08274269661690672,Low
2016-11-30,ARIMA,120D,2,0.0893798568778708,0.08366941670150038,Low
2016-12-01,ARIMA,120D,2,0.0973336918866129,0.08857038439639159,Low
2016-12-02,ARIMA,120D,2,0.0972472659518307,0.09630747374607634,Low
2016-12-05,ARIMA,120D,2,0.0902374882955531,0.09657725880782081,Low
2016-12-06,ARIMA,120D,2,0.0863723292067272,0.08996694619248857,Low
2016-12-07,ARIMA,120D,2,0.0808375660468511,0.08601503726168759,Low
2016-12-08,ARIMA,120D,2,0.0823814256480261,0.08060650195930907,Low
2016-12-09,ARIMA,120D,2,0.0752415999746277,0.08181941231897483,Low
2016-12-12,ARIMA,120D,2,0.073596773599023,0.07512907435266948,Low
2016-12-13,ARIMA,120D,2,0.0686453191941336,0.0732712149776755,Low
2016-12-14,ARIMA,120D,2,0.0770627836916571,0.06850888392893684,Low
2016-12-15,ARIMA,120D,2,0.072356742137916,0.07624506255210589,Low
2016-12-16,ARIMA,120D,2,0.0731296564091782,0.07215037202983354,Low
2016-12-19,ARIMA,120D,2,0.0756578425371972,0.07269460099594076,Low
2016-12-20,ARIMA,120D,2,0.0710306031707268,0.07510785366593108,Low
2016-12-21,ARIMA,120D,2,0.071248879098564,0.07084583248559134,Low
2016-12-22,ARIMA,120D,2,0.0733971894710203,0.07085846003500851,Low
2016-12-23,ARIMA,120D,2,0.0804588401428351,0.07288867418246617,Low
2016-12-27,ARIMA,120D,2,0.0714938307913548,0.0796524658346516,Low
2016-12-28,ARIMA,120D,2,0.0793026573078545,0.07148989909075879,Low
2016-12-29,ARIMA,120D,2,0.0791401190672848,0.07849661331542762,Low
2016-12-30,ARIMA,120D,2,0.0853476523195481,0.0786613150436633,Low
2017-01-03,ARIMA,120D,2,0.0772126375061235,0.08453343358551765,Low
2017-01-04,ARIMA,120D,2,0.0634010871599011,0.07711451168209218,Low
2017-01-05,ARIMA,120D,2,0.0729415564089336,0.0637289079232134,Low
2017-01-06,ARIMA,120D,2,0.0607935503842131,0.07213436852134789,Low
2017-01-09,ARIMA,120D,2,0.0658805134666462,0.06103919808899036,Low
2017-01-10,ARIMA,120D,2,0.068188681445794,0.06534119517073764,Low
2017-01-11,ARIMA,120D,2,0.0668152630929806,0.0677172699384386,Low
2017-01-12,ARIMA,120D,2,0.059549388179844,0.06652764433244172,Low
2017-01-13,ARIMA,120D,2,0.0640839693543129,0.05960909103812782,Low
2017-01-17,ARIMA,120D,2,0.0679832199140441,0.06357893090473905,Low
2017-01-18,ARIMA,120D,2,0.0654380323781526,0.06744311160616909,Low
2017-01-19,ARIMA,120D,2,0.0763329209502931,0.06521403708300909,Low
2017-01-20,ARIMA,120D,2,0.0748451663624665,0.07540585669867546,Low
2017-01-23,ARIMA,120D,2,0.0822015321785455,0.07446322030116018,Low
2017-01-24,ARIMA,120D,2,0.0756054774128763,0.08137041350581067,Low
2017-01-25,ARIMA,120D,2,0.0682091033150185,0.07545245709610487,Low
2017-01-26,ARIMA,120D,2,0.0743030164663353,0.06819584122172358,Low
2017-01-27,ARIMA,120D,2,0.0750161848674697,0.07362352204363315,Low
2017-01-30,ARIMA,120D,2,0.0806759190343575,0.07454383410613666,Low
2017-01-31,ARIMA,120D,2,0.0805019196469813,0.07993273486606486,Low
2017-02-01,ARIMA,120D,2,0.083122508178763,0.08001312362247938,Low
2017-02-02,ARIMA,120D,2,0.0828349853461913,0.08249260578864354,Low
2017-02-03,ARIMA,120D,2,0.0746233268542439,0.08233358929260853,Low
2017-02-06,ARIMA,120D,2,0.075398908689837,0.07456830895169883,Low
2017-02-07,ARIMA,120D,2,0.0744436943914314,0.07494833123676206,Low
2017-02-08,ARIMA,120D,2,0.0761967330177601,0.07406314321478255,Low
2017-02-09,ARIMA,120D,2,0.0709531966891476,0.07567913898790135,Low
2017-02-10,ARIMA,120D,2,0.0652074480321926,0.07079865096862678,Low
2017-02-13,ARIMA,120D,2,0.0618626358657208,0.06514860646258806,Low
2017-02-14,ARIMA,120D,2,0.0595091533143285,0.06173191883886891,Low
2017-02-15,ARIMA,120D,2,0.0521119124182087,0.05935324547011425,Low
2017-02-16,ARIMA,120D,2,0.0526127292270466,0.05225657330575493,Low
2017-02-17,ARIMA,120D,2,0.0363553614990677,0.05240737798616612,Low
2017-02-21,ARIMA,120D,2,0.0316002686069859,0.03705489546352865,Low
2017-02-22,ARIMA,120D,2,0.0426767059998393,0.03186512139998955,Low
2017-02-23,ARIMA,120D,2,0.0417588747016968,0.042093979328710826,Low
2017-02-24,ARIMA,120D,2,0.0416857199929973,0.041691466786870884,Low
2017-02-27,ARIMA,120D,2,0.0251109122380723,0.04160406997263704,Low
2017-02-28,ARIMA,120D,2,0.0258555646919152,0.025940862709872503,Low
2017-03-01,ARIMA,120D,2,0.013436329322756,0.02593292154386278,Low
2017-03-02,ARIMA,120D,2,0.0292051415554865,0.014199347457473806,Low
2017-03-03,ARIMA,120D,2,0.0252418210543125,0.028564144788845038,Low
2017-03-06,ARIMA,120D,2,0.0264478270707399,0.02547223597774747,Low
2017-03-07,ARIMA,120D,2,0.0310369246417673,0.026471182001899685,Low
2017-03-08,ARIMA,120D,2,0.0338107060791273,0.030852158443830064,Low
2017-03-09,ARIMA,120D,2,0.0338535972283708,0.033671714233436685,Low
2017-03-10,ARIMA,120D,2,0.0351947893105732,0.033840307042076495,Low
2017-03-13,ARIMA,120D,2,0.040532897276117,0.0351150713484758,Low
2017-03-14,ARIMA,120D,2,0.0458982242993432,0.04021621217057743,Low
2017-03-15,ARIMA,120D,2,0.029978886622512,0.04551687159977484,Low
2017-03-16,ARIMA,120D,2,0.0347307639148396,0.030717665412538363,Low
2017-03-17,ARIMA,120D,2,0.0358674911342175,0.034534840309674894,Low
2017-03-20,ARIMA,120D,2,0.0363894470711402,0.03578216136882749,Low
2017-03-21,ARIMA,120D,2,0.0596560168583893,0.036331941436257106,Low
2017-03-22,ARIMA,120D,2,0.0611262166058098,0.05833826926996785,Low
2017-03-23,ARIMA,120D,2,0.0629438829987224,0.06072683673330892,Low
2017-03-24,ARIMA,120D,2,0.062686911361833,0.06255259205777709,Low
2017-03-27,ARIMA,120D,2,0.0655524964938378,0.06239274532698004,Low
2017-03-28,ARIMA,120D,2,0.0597820495933434,0.06509277874266119,Low
2017-03-29,ARIMA,120D,2,0.0598068930062445,0.05976372554840001,Low
2017-03-30,ARIMA,120D,2,0.057510228796849,0.0595451384128378,Low
2017-03-31,ARIMA,120D,2,0.0567172567882009,0.05736541012368634,Low
2017-04-03,ARIMA,120D,2,0.0590083160913812,0.05651723240352293,Low
2017-04-04,ARIMA,120D,2,0.0562244273168662,0.05864321040490915,Low
2017-04-05,ARIMA,120D,2,0.0593561282542834,0.05610966689303476,Low
2017-04-06,ARIMA,120D,2,0.0615053003625362,0.05895329729621809,Low
2017-04-07,ARIMA,120D,2,0.063536663454419,0.061112916440378244,Low
2017-04-10,ARIMA,120D,2,0.0665474763871345,0.06313016476782289,Low
2017-04-11,ARIMA,120D,2,0.0718489035088052,0.06606629261382449,Low
2017-04-12,ARIMA,120D,2,0.077772452112453,0.07120824186405057,Low
2017-04-13,ARIMA,120D,2,0.0858564160633709,0.07703814107403108,Low
2017-04-17,ARIMA,120D,2,0.0829108544035563,0.08494036548872196,Low
2017-04-18,ARIMA,120D,2,0.0847442460841498,0.08251645049380141,Low
2017-04-19,ARIMA,120D,2,0.0846560076130049,0.08413846809819635,Low
2017-04-20,ARIMA,120D,2,0.0794468768805091,0.08412877968791224,Low
2017-04-21,ARIMA,120D,2,0.084288447917288,0.07920695431536254,Low
2017-04-24,ARIMA,120D,2,0.0718185342088248,0.08355752245047209,Low
2017-04-25,ARIMA,120D,2,0.0666240420019199,0.07197404325527665,Low
2017-04-26,ARIMA,120D,2,0.068859086009913,0.06654033877631679,Low
2017-04-27,ARIMA,120D,2,0.0689786719150479,0.06840511019481849,Low
2017-04-28,ARIMA,120D,2,0.0716357108978673,0.06860279267340866,Low
2017-05-01,ARIMA,120D,2,0.070232863185984,0.0711220395753047,Low
2017-05-02,ARIMA,120D,2,0.0741483157852029,0.06991111346656405,Low
2017-05-03,ARIMA,120D,2,0.0714400898680332,0.07355527855403256,Low
2017-05-04,ARIMA,120D,2,0.0724747574547217,0.07116217804136293,Low
2017-05-05,ARIMA,120D,2,0.0637204423599832,0.07203099167181579,Low
2017-05-08,ARIMA,120D,2,0.0649531363386776,0.06379971683609552,Low
2017-05-09,ARIMA,120D,2,0.0740195208751979,0.06459043442460684,Low
2017-05-10,ARIMA,120D,2,0.0696919807810075,0.07319192024535717,Low
2017-05-11,ARIMA,120D,2,0.0728011450917936,0.06949412757168141,Low
2017-05-12,ARIMA,120D,2,0.0758715245404917,0.07226358328400417,Low
2017-05-15,ARIMA,120D,2,0.0712963300071433,0.07529015431406763,Low
2017-05-16,ARIMA,120D,2,0.0750757523704437,0.07110516145383511,Low
2017-05-17,ARIMA,120D,2,0.0946916644263351,0.07448572127060979,Low
2017-05-18,ARIMA,120D,2,0.0908225049940373,0.09317162956265461,Low
2017-05-19,ARIMA,120D,2,0.085520415717897,0.09036495559400298,Low
2017-05-22,ARIMA,120D,2,0.0766045710825185,0.08522826086788624,Low
2017-05-23,ARIMA,120D,2,0.0738703389340843,0.07657159473894228,Low
2017-05-24,ARIMA,120D,2,0.0723674560408011,0.07359519162489739,Low
2017-05-25,ARIMA,120D,2,0.0656230634385411,0.0720401306905541,Low
2017-05-26,ARIMA,120D,2,0.0597715629111149,0.065597654781063,Low
2017-05-30,ARIMA,120D,2,0.0691395664236211,0.05977675080325013,Low
2017-05-31,ARIMA,120D,2,0.0669702240646751,0.06836287904227104,Low
2017-06-01,ARIMA,120D,2,0.060702498368618,0.06670337056310391,Low
2017-06-02,ARIMA,120D,2,0.0635214626303244,0.06070648686085402,Low
2017-06-05,ARIMA,120D,2,0.0639893270674236,0.06309734262180393,Low
2017-06-06,ARIMA,120D,2,0.0688262200118597,0.06364796118920281,Low
2017-06-07,ARIMA,120D,2,0.0668748596287088,0.0682426810226886,Low
2017-06-08,ARIMA,120D,2,0.0764080227898377,0.06660781425228068,Low
2017-06-09,ARIMA,120D,2,0.0768690627732342,0.07554011867655164,Low
2017-06-12,ARIMA,120D,2,0.0860058919157635,0.07638141787229369,Low
2017-06-13,ARIMA,120D,2,0.079477950136728,0.085051754569551,Low
2017-06-14,ARIMA,120D,2,0.0794215665527591,0.07927823483390775,Low
2017-06-15,ARIMA,120D,2,0.0779172858236442,0.0789627188482341,Low
2017-06-16,ARIMA,120D,2,0.0775195745030542,0.07752720109508782,Low
2017-06-19,ARIMA,120D,2,0.0721350583062694,0.07708625419711554,Low
2017-06-20,ARIMA,120D,2,0.0843454207887192,0.07197914263624462,Low
2017-06-21,ARIMA,120D,2,0.0881250771036869,0.08328304387260876,Low
2017-06-22,ARIMA,120D,2,0.0901286867982143,0.08736736701254072,Low
2017-06-23,ARIMA,120D,2,0.0880959192726552,0.08944581962230502,Low
2017-06-26,ARIMA,120D,2,0.0837009996021602,0.08761974770793071,Low
2017-06-27,ARIMA,120D,2,0.1007408995879757,0.08338465301933837,Low
2017-06-28,ARIMA,120D,2,0.0973198765210222,0.09929092362592354,Low
2017-06-29,ARIMA,120D,2,0.1027215953220452,0.09678137383348709,Low
2017-06-30,ARIMA,120D,2,0.1003613016375989,0.10177071919426703,Low
2017-07-03,ARIMA,120D,2,0.1000368206711096,0.09976743287956283,Low
2017-07-05,ARIMA,120D,2,0.0981263249967072,0.09936988179438211,Low
2017-07-06,ARIMA,120D,2,0.1064803366035148,0.09754686163873788,Low
2017-07-07,ARIMA,120D,2,0.1008882523441415,0.1053566028941921,Low
2017-07-10,ARIMA,120D,2,0.1017932352435483,0.10042815487217507,Low
2017-07-11,ARIMA,120D,2,0.0973795900168823,0.10105928592913122,Low
2017-07-12,ARIMA,120D,2,0.098369617287459,0.09691811204418951,Low
2017-07-13,ARIMA,120D,2,0.1028752210579219,0.09766534959270184,Low
2017-07-14,ARIMA,120D,2,0.1022331477432396,0.10195601112442076,Low
2017-07-17,ARIMA,120D,2,0.1092952078685318,0.10154429710295268,Low
2017-07-18,ARIMA,120D,2,0.1103584929377178,0.10819755742360776,Low
2017-07-19,ARIMA,120D,2,0.1063023182389626,0.10950431490335319,Low
2017-07-20,ARIMA,120D,2,0.1053431435160489,0.10573155390543604,Low
2017-07-21,ARIMA,120D,2,0.1127201086141397,0.10465399496438163,Low
2017-07-24,ARIMA,120D,2,0.1205113360086427,0.11157452107235921,Low
2017-07-25,ARIMA,120D,2,0.114061715227142,0.119249718167007,Low
2017-07-26,ARIMA,120D,2,0.1231500974275248,0.11350499148124041,Low
2017-07-27,ARIMA,120D,2,0.1225055615674448,0.12183040446951252,Low
2017-07-28,ARIMA,120D,2,0.128223225232551,0.12159963190808554,Low
2017-07-31,ARIMA,120D,2,0.136986000449324,0.12699097722516509,Low
2017-08-01,ARIMA,120D,2,0.1367118846426079,0.13551459611955746,Low
2017-08-02,ARIMA,120D,2,0.1356592246880283,0.1356427850842515,Low
2017-08-03,ARIMA,120D,2,0.1384477059218071,0.1346540953075937,Low
2017-08-04,ARIMA,120D,2,0.1483320226103518,0.13724363592513442,Low
2017-08-07,ARIMA,120D,3,0.1399314416812084,0.14671697701918351,Low
2017-08-08,ARIMA,120D,3,0.1313901511062567,0.139225610427955,Low
2017-08-09,ARIMA,120D,3,0.1322426917576639,0.13081608532657174,Low
2017-08-10,ARIMA,120D,3,0.1461746118063819,0.1312309721199431,Low
2017-08-11,ARIMA,120D,3,0.1234631741616959,0.14440074821755297,Low
2017-08-14,ARIMA,120D,3,0.0716269819772651,0.12357359866464941,Low
2017-08-15,ARIMA,120D,3,0.0894164876530856,0.07367917775565266,Low
2017-08-16,ARIMA,120D,3,0.0829832539060009,0.08815800607872915,Low
2017-08-17,ARIMA,120D,3,0.0602815441473906,0.08275677495518455,Low
2017-08-18,ARIMA,120D,3,0.076944243008267,0.06107791493374229,Low
2017-08-21,ARIMA,120D,3,0.0896009329718869,0.07580111737143144,Low
2017-08-22,ARIMA,120D,3,0.0823187596915393,0.08843047307911647,Low
2017-08-23,ARIMA,120D,3,0.0990917696330754,0.08214217984198033,Low
2017-08-24,ARIMA,120D,3,0.1131652481569891,0.0976829641942456,Low
2017-08-25,ARIMA,120D,3,0.1118671761379732,0.11168754785697425,Low
2017-08-28,ARIMA,120D,3,0.1055217055578397,0.1111114865837186,Low
2017-08-29,ARIMA,120D,3,0.0991675743125192,0.1050951996528935,Low
2017-08-30,ARIMA,120D,3,0.0955361200100361,0.09881854625422953,Low
2017-08-31,ARIMA,120D,3,0.1057327246704436,0.0950997977155504,Low
2017-09-01,ARIMA,120D,3,0.1154405852487358,0.10455213276922684,Low
2017-09-05,ARIMA,120D,3,0.1102317323594131,0.11415370462677964,Low
2017-09-06,ARIMA,120D,3,0.095950083782613,0.10968209043713308,Low
2017-09-07,ARIMA,120D,3,0.0827145699725902,0.09599414349758767,Low
2017-09-08,ARIMA,120D,3,0.0892633156012466,0.08286641863708819,Low
2017-09-11,ARIMA,120D,3,0.089453958014626,0.08843931597095032,Low
2017-09-12,ARIMA,120D,3,0.0887310383517395,0.08887760791119537,Low
2017-09-13,ARIMA,120D,3,0.0874902122779407,0.0882155512782083,Low
2017-09-14,ARIMA,120D,3,0.0930446843376534,0.08701362654671894,Low
2017-09-15,ARIMA,120D,3,0.1084287535327017,0.09220085662575239,Low
2017-09-18,ARIMA,120D,3,0.1056990942655738,0.10696256819792689,Low
2017-09-19,ARIMA,120D,3,0.0982056042345278,0.10507030880496428,Low
2017-09-20,ARIMA,120D,3,0.0918304877070294,0.0979093747560144,Low
2017-09-21,ARIMA,120D,3,0.0940988172548478,0.09155985084661261,Low
2017-09-22,ARIMA,120D,3,0.0951532312069125,0.09340661659935398,Low
2017-09-25,ARIMA,120D,3,0.083071713365393,0.09448750354301651,Low
2017-09-26,ARIMA,120D,3,0.0844802579012169,0.08313368848237211,Low
2017-09-27,ARIMA,120D,3,0.0785577433735997,0.08393690757336737,Low
2017-09-28,ARIMA,120D,3,0.0518689657718073,0.0783837940975699,Low
2017-09-29,ARIMA,120D,3,0.0269808953915578,0.05293444159472881,Low
2017-10-02,ARIMA,120D,3,0.0499094172678808,0.028262476707294544,Low
2017-10-03,ARIMA,120D,3,0.030325620437898,0.04876133039604435,Low
2017-10-04,ARIMA,120D,3,0.0261587578773218,0.031226159490500012,Low
2017-10-05,ARIMA,120D,3,0.0342036313398726,0.02648012223656223,Low
2017-10-06,ARIMA,120D,3,0.0126871601616165,0.03385378488209217,Low
2017-10-09,ARIMA,120D,3,0.0270291853453714,0.013885892304392786,Low
2017-10-10,ARIMA,120D,3,0.0362095680613399,0.02649789189142411,Low
2017-10-11,ARIMA,120D,3,0.0412471065333276,0.03574804166064355,Low
2017-10-12,ARIMA,120D,3,0.0207712165966141,0.04093185545271695,Low
2017-10-13,ARIMA,120D,3,0.0232244895593608,0.02184466832062834,Low
2017-10-16,ARIMA,120D,3,0.038063866023369,0.02327552736103495,Low
2017-10-17,ARIMA,120D,3,0.0318508273454738,0.03734896209062323,Low
2017-10-18,ARIMA,120D,3,0.0393256665318013,0.03213678355988689,Low
2017-10-19,ARIMA,120D,3,0.0361069225900841,0.03895077368268461,Low
2017-10-20,ARIMA,120D,3,0.0390794632066169,0.036228429046288334,Low
2017-10-23,ARIMA,120D,3,0.0536649301334808,0.038908054416654174,Low
2017-10-24,ARIMA,120D,3,0.0528793496664756,0.0527997090482947,Low
2017-10-25,ARIMA,120D,3,0.051810723557903,0.0527021610224382,Low
2017-10-26,ARIMA,120D,3,0.0419674071189481,0.05168894718032565,Low
2017-10-27,ARIMA,120D,3,0.0339830272504056,0.042350727341373524,Low
2017-10-30,ARIMA,120D,3,0.0237097166206711,0.0343812641717519,Low
2017-10-31,ARIMA,120D,3,0.0246010779168154,0.024314696952601154,Low
2017-11-01,ARIMA,120D,3,0.0333903779962884,0.024689411924417946,Low
2017-11-02,ARIMA,120D,3,0.0343134354979856,0.03300313151857911,Low
2017-11-03,ARIMA,120D,3,0.02299995362275,0.03425981657454883,Low
2017-11-06,ARIMA,120D,3,0.024275311909001,0.023639111345577262,Low
2017-11-07,ARIMA,120D,3,0.0172324815126806,0.024350598623536727,Low
2017-11-08,ARIMA,120D,3,0.0135336499955562,0.017735750205520918,Low
2017-11-09,ARIMA,120D,3,0.0300324413632614,0.013937725683440105,Low
2017-11-10,ARIMA,120D,3,0.034382468894305,0.029335112038239193,Low
2017-11-13,ARIMA,120D,3,0.033133641371278,0.0341549405041104,Low
2017-11-14,ARIMA,120D,3,0.0450815698664288,0.0331995858258162,Low
2017-11-15,ARIMA,120D,3,0.0599495802124009,0.04443312322308007,Low
2017-11-16,ARIMA,120D,3,0.0534930667003897,0.05898800684878705,Low
2017-11-17,ARIMA,120D,3,0.0570055831894136,0.05356832729602469,Low
2017-11-20,ARIMA,120D,3,0.0488650582566329,0.056632603938398696,Low
2017-11-21,ARIMA,120D,3,0.0463975592243946,0.049090693402952315,Low
2017-11-22,ARIMA,120D,3,0.0462918631391141,0.04641196598948388,Low
2017-11-24,ARIMA,120D,3,0.0416022136063316,0.04618802063390787,Low
2017-11-27,ARIMA,120D,3,0.0493461497410682,0.04175101040005394,Low
2017-11-28,ARIMA,120D,3,0.0364051289513994,0.04885493940546814,Low
2017-11-29,ARIMA,120D,3,0.040017568041089,0.036969035982757276,Low
2017-11-30,ARIMA,120D,3,0.0298347184205552,0.03982787748112065,Low
2017-12-01,ARIMA,120D,3,0.0295012983021747,0.030348663458576296,Low
2017-12-04,ARIMA,120D,3,0.018922436339669,0.029594517149090057,Low
2017-12-05,ARIMA,120D,3,0.035284702217548,0.019574014669588198,Low
2017-12-06,ARIMA,120D,3,0.0284954811446442,0.034554078351067295,Low
2017-12-07,ARIMA,120D,3,0.0363582138437746,0.028840061255029747,Low
2017-12-08,ARIMA,120D,3,0.0353366067066089,0.03599692610450031,Low
2017-12-11,ARIMA,120D,3,0.0328421108544885,0.03536438563978899,Low
2017-12-12,ARIMA,120D,3,0.0398252877697111,0.03298047192912847,Low
2017-12-13,ARIMA,120D,3,0.0395839131178768,0.039461484188912696,Low
2017-12-14,ARIMA,120D,3,0.0467841097563907,0.0395340862139406,Low
2017-12-15,ARIMA,120D,3,0.0389179333531882,0.04633382281491962,Low
2017-12-18,ARIMA,120D,3,0.0353113220522946,0.039224037901963354,Low
2017-12-19,ARIMA,120D,3,0.0345125655540016,0.035490117711913606,Low
2017-12-20,ARIMA,120D,3,0.0378093021500779,0.034563067110331844,Low
2017-12-21,ARIMA,120D,3,0.0348079948219254,0.03763192992634723,Low
2017-12-22,ARIMA,120D,3,0.0331378752791525,0.03494121471525598,Low
2017-12-26,ARIMA,120D,3,0.0301653330278199,0.03324003144227745,Low
2017-12-27,ARIMA,120D,3,0.03108539494169,0.030355343859931074,Low
2017-12-28,ARIMA,120D,3,0.0228873470955503,0.03109007883698482,Low
2017-12-29,ARIMA,120D,3,0.0299441826434324,0.023385881447526832,Low
2018-01-02,ARIMA,120D,3,0.0078553814572638,0.029689789757911672,Low
2018-01-03,ARIMA,120D,3,0.0036790987190242,0.009132076103320931,Low
2018-01-04,ARIMA,120D,3,-0.0089830304494437,0.004237031548065498,Low
2018-01-05,ARIMA,120D,3,-0.0098324963189976,-0.007941856199222226,Low
2018-01-08,ARIMA,120D,3,-0.0107353441987777,-0.009308253924840429,Low
2018-01-09,ARIMA,120D,3,-0.0089741668817827,-0.010223807102085002,Low
2018-01-10,ARIMA,120D,3,-0.0128209503507957,-0.00860384818285078,Low
2018-01-11,ARIMA,120D,3,-0.0112461193741397,-0.012159787270409443,Low
2018-01-12,ARIMA,120D,3,-0.0095275281726538,-0.010838123273042247,Low
2018-01-16,ARIMA,120D,3,0.0027874758742903,-0.0091546517469406,Low
2018-01-17,ARIMA,120D,3,-0.0031162810133898,0.0025477012173635155,Low
2018-01-18,ARIMA,120D,3,-0.0086180698878327,-0.002482457505225806,Low
2018-01-19,ARIMA,120D,3,-0.0042827262946508,-0.007908858699793783,Low
2018-01-22,ARIMA,120D,3,-0.0112384351402554,-0.00406821510332208,Low
2018-01-23,ARIMA,120D,3,-0.0144391047293763,-0.010455770491006544,Low
2018-01-24,ARIMA,120D,3,-0.0099131478387008,-0.013773036096080861,Low
2018-01-25,ARIMA,120D,3,-0.0083574051607964,-0.009654697007737523,Low
2018-01-26,ARIMA,120D,3,-0.0240898701159302,-0.007995295634501576,Low
2018-01-29,ARIMA,120D,3,-0.0182840316023415,-0.022768475030691064,Low
2018-01-30,ARIMA,120D,3,-0.0054890264537729,-0.01797309663024417,Low
2018-01-31,ARIMA,120D,3,-0.0012083734264141,-0.005673405505913477,Low
2018-02-01,ARIMA,120D,3,0.0085003599959818,-0.001062659937036893,Low
2018-02-02,ARIMA,120D,3,0.026900137763813,0.008315295138491122,Normal
2018-02-05,ARIMA,120D,3,0.0621588440573491,0.026117846843011574,High
2018-02-06,ARIMA,120D,3,0.0390974813928248,0.0602243254357554,High
2018-02-07,ARIMA,120D,3,0.0489844568358804,0.040037435397350114,High
2018-02-08,ARIMA,120D,3,0.086202616014111,0.04843409629695579,High
2018-02-09,ARIMA,120D,3,0.0762913203967954,0.08395410400137686,High
2018-02-12,ARIMA,120D,3,0.0671060867839572,0.07624528144592113,High
2018-02-13,ARIMA,120D,3,0.0680285474544814,0.06721784851905747,High
2018-02-14,ARIMA,120D,3,0.05753530939207,0.06767008960264867,High
2018-02-15,ARIMA,120D,3,0.0452760332219996,0.05778633305406315,High
2018-02-16,ARIMA,120D,3,0.0434599188950381,0.045756443345460626,High
2018-02-20,ARIMA,120D,3,0.0421791237386308,0.04348451906591675,High
2018-02-21,ARIMA,120D,3,0.0436767505559615,0.04217023859419798,High
2018-02-22,ARIMA,120D,3,0.0490726030868008,0.0435229446112151,High
2018-02-23,ARIMA,120D,3,0.025540116260301,0.04867887594237056,High
2018-02-26,ARIMA,120D,3,0.0217398921923116,0.026705229721991963,High
2018-02-27,ARIMA,120D,3,0.0378458100090423,0.022099514325002963,High
2018-02-28,ARIMA,120D,3,0.0514286909948266,0.037088619607042794,High
2018-03-01,ARIMA,120D,3,0.0669090568043301,0.05060454698716536,High
2018-03-02,ARIMA,120D,3,0.061452040264888,0.0658432462306677,High
2018-03-05,ARIMA,120D,3,0.0487877287308265,0.06139870601546482,High
2018-03-06,ARIMA,120D,3,0.0523320517271149,0.04923864224809666,High
2018-03-07,ARIMA,120D,3,0.0604571849599417,0.05202047876820656,High
2018-03-08,ARIMA,120D,3,0.0562732788286555,0.05981886804429758,High
2018-03-09,ARIMA,120D,3,0.0447289745563593,0.05623112629960649,Normal
2018-03-12,ARIMA,120D,3,0.0415635998498997,0.04516797223003308,Normal
2018-03-13,ARIMA,120D,3,0.0480819787315196,0.04166727611408168,Normal
2018-03-14,ARIMA,120D,3,0.0521672565078288,0.04765778822996991,Normal
2018-03-15,ARIMA,120D,3,0.0501424301056594,0.051791642789816086,Normal
2018-03-16,ARIMA,120D,3,0.0447814411218096,0.05007201184450248,Normal
2018-03-19,ARIMA,120D,3,0.0568716837681685,0.04493197925433107,Normal
2018-03-20,ARIMA,120D,3,0.0572870033211427,0.056105860718578815,Normal
2018-03-21,ARIMA,120D,3,0.0628655611364876,0.05701587248979316,Normal
2018-03-22,ARIMA,120D,3,0.0887070564592358,0.06232374011775317,High
2018-03-23,ARIMA,120D,3,0.1151652159303776,0.08696196165842396,High
2018-03-26,ARIMA,120D,3,0.0886456191251086,0.11307835517275797,High
2018-03-27,ARIMA,120D,3,0.1004876137788812,0.08925679240498971,High
2018-03-28,ARIMA,120D,3,0.1087631855459692,0.09933033270028221,High
2018-03-29,ARIMA,120D,3,0.0963398960852977,0.1076087432803684,High
2018-04-02,ARIMA,120D,3,0.1267405926141228,0.0962659792636764,High
2018-04-03,ARIMA,120D,3,0.1138360303613745,0.12443582729396191,High
2018-04-04,ARIMA,120D,3,0.098814045700914,0.11356088654766539,High
2018-04-05,ARIMA,120D,3,0.0906686758061449,0.09887728771159143,High
2018-04-06,ARIMA,120D,3,0.1095380431820499,0.09050806894965192,High
2018-04-09,ARIMA,120D,3,0.1089665244429683,0.10793117068889027,High
2018-04-10,ARIMA,120D,3,0.092371055302516,0.10819938530480194,High
2018-04-11,ARIMA,120D,3,0.1015462334171757,0.09254711263721616,High
2018-04-12,ARIMA,120D,3,0.0929325658092397,0.10048210804196847,High
2018-04-13,ARIMA,120D,3,0.0965346323726646,0.09271938222257439,High
2018-04-16,ARIMA,120D,3,0.0802552601500917,0.09575957032659468,High
2018-04-17,ARIMA,120D,3,0.064106873951603,0.08053416603139876,High
2018-04-18,ARIMA,120D,3,0.0628806588357001,0.06458566665775506,High
2018-04-19,ARIMA,120D,3,0.0672043307973784,0.06268890261158941,High
2018-04-20,ARIMA,120D,3,0.0423611189431291,0.06668215192367657,High
2018-04-23,ARIMA,120D,3,0.0215173088594031,0.04341739492715499,High
2018-04-24,ARIMA,120D,3,0.0490944322742546,0.0226641374244369,High
2018-04-25,ARIMA,120D,3,0.0413365757501307,0.04773253294754495,High
2018-04-26,ARIMA,120D,3,0.0522242595976549,0.04157186961218652,High
2018-04-27,ARIMA,120D,3,0.0508585600636261,0.05156332503183163,High
2018-04-30,ARIMA,120D,3,0.0445832620372062,0.050737393310137505,Normal
2018-05-01,ARIMA,120D,3,0.0416762247308995,0.044775760081561804,Normal
2018-05-02,ARIMA,120D,3,0.044599378835824,0.04175540268148446,Normal
2018-05-03,ARIMA,120D,3,0.041328520240194,0.04437459647781423,Normal
2018-05-04,ARIMA,120D,3,-0.0027520636492819,0.0414086026557522,Normal
2018-05-07,ARIMA,120D,3,0.0122496737744422,-0.00033719975068607216,Normal
2018-05-08,ARIMA,120D,3,-0.004963787623827,0.011887957320050609,Normal
2018-05-09,ARIMA,120D,3,-0.0211806438538897,-0.0037933615057892597,Normal
2018-05-10,ARIMA,120D,3,-0.0149623324858607,-0.019827625490445207,Normal
2018-05-11,ARIMA,120D,3,-0.0058755930022508,-0.01470136779107531,Normal
2018-05-14,ARIMA,120D,3,0.0037438063561517,-0.005886624398081214,Normal
2018-05-15,ARIMA,120D,3,0.0042727403442628,0.00360189089991253,Normal
2018-05-16,ARIMA,120D,3,0.0058050941939425,0.00454101679044774,Normal
2018-05-17,ARIMA,120D,3,0.0129011207269614,0.006030962905482339,Normal
2018-05-18,ARIMA,120D,3,0.0365238645422855,0.012798075378091415,Normal
2018-05-21,ARIMA,120D,3,0.0266521910058607,0.03540963083781912,Normal
2018-05-22,ARIMA,120D,3,0.0205512936833635,0.027139813400394376,Low
2018-05-23,ARIMA,120D,3,-0.0025900025090028,0.02099772470948397,Low
2018-05-24,ARIMA,120D,3,-0.0020477583734541,-0.0011304111792168267,Low
2018-05-25,ARIMA,120D,3,-0.0072839441377187,-0.0016443689237316261,Low
2018-05-29,ARIMA,120D,3,0.0148856611167155,-0.006610706757499384,Low
2018-05-30,ARIMA,120D,3,0.0044906233022757,0.014085284548244006,Normal
2018-05-31,ARIMA,120D,3,-0.0053892046900115,0.005232656453081727,Normal
2018-06-01,ARIMA,120D,3,-0.0344979999558372,-0.0045034374587064815,Normal
2018-06-04,ARIMA,120D,3,-0.0359289255434223,-0.0324309897123434,Low
2018-06-05,ARIMA,120D,3,-0.0432076915248535,-0.03507629371811194,Low
2018-06-06,ARIMA,120D,3,-0.0363256163167991,-0.042069455344009604,Normal
2018-06-07,ARIMA,120D,3,-0.0323547883302018,-0.03589754452251748,Low
2018-06-08,ARIMA,120D,3,-0.0127617659348392,-0.0318633117280778,Low
2018-06-11,ARIMA,120D,3,-0.016015397487173,-0.013182156903070556,Low
2018-06-12,ARIMA,120D,3,-0.0096197170492593,-0.015387308496596794,Low
2018-06-13,ARIMA,120D,3,0.0052965392865146,-0.009452555918860114,Low
2018-06-14,ARIMA,120D,3,-0.0300721900745451,0.004902233010529403,Low
2018-06-15,ARIMA,120D,3,-0.0305779576731953,-0.027817386046942852,Low
2018-06-18,ARIMA,120D,3,-0.0520459019486309,-0.029811564843207183,Low
2018-06-19,ARIMA,120D,3,-0.0462537807743233,-0.05016791546798889,Low
2018-06-20,ARIMA,120D,3,-0.0483208806737415,-0.04564430310559481,Low
2018-06-21,ARIMA,120D,3,-0.0365502808201699,-0.047385768693059854,Low
2018-06-22,ARIMA,120D,3,-0.0386104343877189,-0.03635605599497098,Low
2018-06-25,ARIMA,120D,3,-0.0440619236886482,-0.0377893627426967,Normal
2018-06-26,ARIMA,120D,3,-0.0672563590229216,-0.04300154682877497,Low
2018-06-27,ARIMA,120D,3,-0.0585283758559914,-0.0651367341148037,Low
2018-06-28,ARIMA,120D,3,-0.0802035150509596,-0.057924379846555143,Low
2018-06-29,ARIMA,120D,3,-0.0968594404225804,-0.07804951923052963,Low
2018-07-02,ARIMA,120D,3,-0.1207258217554144,-0.09470422837636863,Low
2018-07-03,ARIMA,120D,3,-0.1432527653531951,-0.11800411435374883,Low
2018-07-05,ARIMA,120D,3,-0.1034334444279281,-0.14034773468548564,Low
2018-07-06,ARIMA,120D,3,-0.1033527330596912,-0.10379747389007901,Low
2018-07-09,ARIMA,120D,3,-0.113379377755264,-0.10202693553782091,Low
2018-07-10,ARIMA,120D,3,-0.1083900012118791,-0.11140915571376911,Low
2018-07-11,ARIMA,120D,3,-0.1000028217773364,-0.10713454001418957,Low
2018-07-12,ARIMA,120D,3,-0.1337821451764235,-0.09901960100293022,Low
2018-07-13,ARIMA,120D,3,-0.1011014016526856,-0.1305282160812808,Low
2018-07-16,ARIMA,120D,3,-0.0930867610365572,-0.1011410229624653,Low
2018-07-17,ARIMA,120D,3,-0.0874039980435033,-0.09221358966717355,Low
2018-07-18,ARIMA,120D,3,-0.0854725087874184,-0.0864356991131515,Low
2018-07-19,ARIMA,120D,3,-0.0770034405639067,-0.08434469352290977,Low
2018-07-20,ARIMA,120D,3,-0.0762008513371148,-0.07625368369687843,Low
2018-07-23,ARIMA,120D,3,-0.0833086082675958,-0.07512103452470226,Low
2018-07-24,ARIMA,120D,3,-0.0774135082738883,-0.08177764432430602,Low
2018-07-25,ARIMA,120D,3,-0.0842544228151726,-0.07652175238375276,Low
2018-07-26,ARIMA,120D,3,-0.0736547893600695,-0.082735345340329,Low
2018-07-27,ARIMA,120D,3,-0.0539740418753683,-0.0730182385512256,Low
2018-07-30,ARIMA,120D,3,-0.0624617293877536,-0.0539908387868039,Low
2018-07-31,ARIMA,120D,3,-0.0651340766876058,-0.06112044160328042,Low
2018-08-01,ARIMA,120D,3,-0.0627184035090572,-0.0639734150220642,Low
2018-08-02,ARIMA,120D,3,-0.059179885390748,-0.06182548051215145,Low
2018-08-03,ARIMA,120D,3,-0.0716910933048049,-0.05838585005947512,Low
2018-08-06,ARIMA,120D,3,-0.0766803838907214,-0.07003591203073954,Low
2018-08-07,ARIMA,120D,3,-0.0640709757456472,-0.07528543622500339,Low
2018-08-08,ARIMA,120D,3,-0.0552479125425841,-0.06362658252919959,Low
2018-08-09,ARIMA,120D,3,-0.0529069912807372,-0.054757896687183866,Low
2018-08-10,ARIMA,120D,3,-0.0390142979000131,-0.05213714280539941,Low
2018-08-13,ARIMA,120D,3,-0.0303028897966826,-0.038902136359411546,Low
2018-08-14,ARIMA,120D,3,-0.0388987355306088,-0.030065777977569402,Low
2018-08-15,ARIMA,120D,3,-0.0406687201514602,-0.0377698971516353,Low
2018-08-16,ARIMA,120D,3,-0.0478809621380858,-0.03979774997810148,Low
2018-08-17,ARIMA,120D,3,-0.0504897167095303,-0.04669949556089735,Low
2018-08-20,ARIMA,120D,3,-0.04010693870882,-0.04948188013664781,Low
2018-08-21,ARIMA,120D,3,-0.0391539070697361,-0.039810406490054406,Low
2018-08-22,ARIMA,120D,3,-0.0414108393991912,-0.03846248725241996,Low
2018-08-23,ARIMA,120D,3,-0.0288981408106984,-0.04053035347083006,Low
2018-08-24,ARIMA,120D,3,-0.0335802254123918,-0.028815293808096137,Low
2018-08-27,ARIMA,120D,3,-0.0394458332587613,-0.03269170913524461,Low
2018-08-28,ARIMA,120D,3,-0.0432477446622011,-0.03840804051276639,Low
2018-08-29,ARIMA,120D,3,-0.0425423484364022,-0.04226171125938691,Low
2018-08-30,ARIMA,120D,3,-0.0368710719421924,-0.041774521341685716,Low
2018-08-31,ARIMA,120D,3,-0.0377963100823378,-0.03639873587036245,Low
2018-09-04,ARIMA,120D,3,-0.0366848154697564,-0.03702287739696852,Low
2018-09-05,ARIMA,120D,4,-0.0367072602674409,-0.03599587609726023,Low
2018-09-06,ARIMA,120D,4,-0.0261766126421097,-0.03596888937789564,Low
2018-09-07,ARIMA,120D,4,-0.0278489221423504,-0.026038823114184616,Low
2018-09-10,ARIMA,120D,4,-0.0308771238467506,-0.027146227834860676,Low
2018-09-11,ARIMA,120D,4,-0.0411554631405911,-0.030053698666301497,Low
2018-09-12,ARIMA,120D,4,-0.0496709826288159,-0.03988201786559364,Low
2018-09-13,ARIMA,120D,4,-0.0570732989196609,-0.048375369463739264,Low
2018-09-14,ARIMA,120D,4,-0.0427892072569377,-0.05575604568964911,Low
2018-09-17,ARIMA,120D,4,-0.0342549505375833,-0.04263716595365181,Low
2018-09-18,ARIMA,120D,4,-0.0326840566481893,-0.033970625336127,Low
2018-09-19,ARIMA,120D,4,-0.0348049440129574,-0.03207990344497729,Low
2018-09-20,ARIMA,120D,4,-0.0376424387898559,-0.03399021427525998,Low
2018-09-21,ARIMA,120D,4,-0.0335747410539408,-0.036755825603454036,Low
2018-09-24,ARIMA,120D,4,-0.0301834288198538,-0.033051320364018776,Low
2018-09-25,ARIMA,120D,4,-0.0318261770675055,-0.0296787443336212,Low
2018-09-26,ARIMA,120D,4,-0.0177374618916561,-0.03106820579144163,Low
2018-09-27,ARIMA,120D,4,-0.0396537652544406,-0.017850371768676737,Low
2018-09-28,ARIMA,120D,4,-0.0404862679436125,-0.03788937711624817,Low
2018-10-01,ARIMA,120D,4,-0.0369637073378772,-0.039621408944628726,Low
2018-10-02,ARIMA,120D,4,-0.0412220817041969,-0.03638203432379956,Low
2018-10-03,ARIMA,120D,4,-0.0383502937256536,-0.04024392686916641,Low
2018-10-04,ARIMA,120D,4,-0.023435552261319,-0.03771879554309874,Low
2018-10-05,ARIMA,120D,4,-0.0063900421586525,-0.023537128529285196,Low
2018-10-08,ARIMA,120D,4,-0.0059773918954445,-0.006795546363851095,Low
2018-10-09,ARIMA,120D,4,-0.0024124096412011,-0.005615218212111105,Low
2018-10-10,ARIMA,120D,4,0.033086444644395,-0.0021981987849583745,Normal
2018-10-11,ARIMA,120D,4,0.0584997422400357,0.031433293270113585,Normal
2018-10-12,ARIMA,120D,4,0.0454404185821831,0.05698368224570792,Normal
2018-10-15,ARIMA,120D,4,0.0452769244378134,0.04587833166685766,Normal
2018-10-16,ARIMA,120D,4,0.0274809341574122,0.04519930642029811,High
2018-10-17,ARIMA,120D,4,0.0277717507604199,0.028388315282381334,High
2018-10-18,ARIMA,120D,4,0.0488558197253068,0.02786796834379958,High
2018-10-19,ARIMA,120D,4,0.0485874876162289,0.04772242873885781,High
2018-10-22,ARIMA,120D,4,0.0534055130378468,0.04840781944910323,High
2018-10-23,ARIMA,120D,4,0.0566561883978022,0.052982874652047,High
2018-10-24,ARIMA,120D,4,0.0895848090831925,0.05626399665502646,High
2018-10-25,ARIMA,120D,4,0.0721425969214114,0.08746572840535768,High
2018-10-26,ARIMA,120D,4,0.0984240861064098,0.07249508500471719,High
2018-10-29,ARIMA,120D,4,0.1028111257985676,0.09656694971644209,High
2018-10-30,ARIMA,120D,4,0.0868967610864173,0.10184097267048747,High
2018-10-31,ARIMA,120D,4,0.080778232655151,0.08708542734771883,High
2018-11-01,ARIMA,120D,4,0.0713466822908556,0.08061919500937348,High
2018-11-02,ARIMA,120D,4,0.0786343680455268,0.07142106958156938,High
2018-11-05,ARIMA,120D,4,0.0655192284980415,0.07785750955285242,High
2018-11-06,ARIMA,120D,4,0.05715319610495,0.06579614525196413,High
2018-11-07,ARIMA,120D,4,0.0457582450230934,0.057338196101145184,High
2018-11-08,ARIMA,120D,4,0.0437893008225125,0.04619474889789921,High
2018-11-09,ARIMA,120D,4,0.0363813986489794,0.04381165969462153,High
2018-11-12,ARIMA,120D,4,0.0546728342450269,0.0367145078609873,High
2018-11-13,ARIMA,120D,4,0.0531298544052725,0.05362510057442936,High
2018-11-14,ARIMA,120D,4,0.0644394372936418,0.05296955650863529,High
2018-11-15,ARIMA,120D,4,0.0294749354125023,0.06360178099985801,High
2018-11-16,ARIMA,120D,4,0.0352380853982343,0.031138114880833363,High
2018-11-19,ARIMA,120D,4,0.0578432409616788,0.03503754499316283,High
2018-11-20,ARIMA,120D,4,0.0850171936347638,0.056535050654769575,High
2018-11-21,ARIMA,120D,4,0.0761240871499528,0.08317197623590719,High
2018-11-23,ARIMA,120D,4,0.075928248886403,0.07604608479985461,High
2018-11-26,ARIMA,120D,4,0.0689752221342272,0.075524646274482,High
2018-11-27,ARIMA,120D,4,0.0628904454057151,0.06894436013387589,High
2018-11-28,ARIMA,120D,4,0.0281907018613194,0.06289634003263134,High
2018-11-29,ARIMA,120D,4,0.0317288401787501,0.02989393752395962,High
2018-11-30,ARIMA,120D,4,0.0151803424618722,0.03167005934601276,High
2018-12-03,ARIMA,120D,4,-0.0026375694997216,0.016151301275164637,High
2018-12-04,ARIMA,120D,4,0.0323589320138314,-0.001381733063614117,High
2018-12-06,ARIMA,120D,4,0.0205991146775226,0.030785948927545034,High
2018-12-07,ARIMA,120D,4,0.041426379479537,0.021218589095575162,High
2018-12-10,ARIMA,120D,4,0.0608717033376984,0.04040333094659811,High
2018-12-11,ARIMA,120D,4,0.0693568399918177,0.05964403231256436,High
2018-12-12,ARIMA,120D,4,0.0700688096574708,0.068553597571072,High
2018-12-13,ARIMA,120D,4,0.080711739217146,0.0696459713727494,High
2018-12-14,ARIMA,120D,4,0.1046321715606113,0.07973225601991647,High
2018-12-17,ARIMA,120D,4,0.1252745149312366,0.10276227762649967,High
2018-12-18,ARIMA,120D,4,0.1231484602502102,0.12331332591532365,High
2018-12-19,ARIMA,120D,4,0.1427529299289973,0.12228009127602266,High
2018-12-20,ARIMA,120D,4,0.1570379276269483,0.14071527499215958,High
2018-12-21,ARIMA,120D,4,0.1787723635578418,0.15505515112692153,High
2018-12-24,ARIMA,120D,4,0.2159294260291269,0.1762251509858871,High
2018-12-26,ARIMA,120D,4,0.1705069651513456,0.21225914388910425,High
2018-12-27,ARIMA,120D,4,0.1714083415184017,0.17113579207463356,High
2018-12-28,ARIMA,120D,4,0.171390679148905,0.17004202780761593,High
2018-12-31,ARIMA,120D,4,0.1612006648261111,0.16997368000960209,High
2019-01-02,ARIMA,120D,4,0.1503911961230974,0.16036282401396007,High
2019-01-03,ARIMA,120D,4,0.1742248322632083,0.1497169070294273,High
2019-01-04,ARIMA,120D,4,0.1442813189954526,0.17168522129181066,High
2019-01-07,ARIMA,120D,4,0.1430362848408226,0.14449136057919976,High
2019-01-08,ARIMA,120D,4,0.1410307161152791,0.1420322127339463,High
2019-01-09,ARIMA,120D,4,0.1398648920594456,0.14002504065113103,High
2019-01-10,ARIMA,120D,4,0.1429997463456675,0.13883098126727186,High
2019-01-11,ARIMA,120D,4,0.1413385206856015,0.14173023444223098,High
2019-01-14,ARIMA,120D,4,0.1417627422627272,0.14030098081998632,High
2019-01-15,ARIMA,120D,4,0.13233391644142,0.14063340570190758,High
2019-01-16,ARIMA,120D,4,0.1346149428484143,0.131759175922787,High
2019-01-17,ARIMA,120D,4,0.1293348317211273,0.13349040991826303,High
2019-01-18,ARIMA,120D,4,0.1208474531833381,0.12859389614213165,High
2019-01-22,ARIMA,120D,4,0.1352817837396946,0.12036017044514266,High
2019-01-23,ARIMA,120D,4,0.1296717092652333,0.13358038457561508,High
2019-01-24,ARIMA,120D,4,0.1217442636881626,0.12891577266148543,High
2019-01-25,ARIMA,120D,4,0.116866993696464,0.12122093858577723,High
2019-01-28,ARIMA,120D,4,0.1185488800803282,0.11625873554537391,High
2019-01-29,ARIMA,120D,4,0.1228308897016931,0.11760996730008713,High
2019-01-30,ARIMA,120D,4,0.1142254249494094,0.12171111137950186,High
2019-01-31,ARIMA,120D,4,0.1103419689531174,0.11379130723317868,High
2019-02-01,ARIMA,120D,4,0.1041674658847108,0.10975548603311491,Normal
2019-02-04,ARIMA,120D,4,0.1047746205380143,0.10374312746268752,Normal
2019-02-05,ARIMA,120D,4,0.0984598281716068,0.10403141770873237,Normal
2019-02-06,ARIMA,120D,4,0.0981047585170711,0.0980911594559156,Normal
2019-02-07,ARIMA,120D,4,0.0965607447671614,0.09747562698203807,Normal
2019-02-08,ARIMA,120D,4,0.0868452446323428,0.09599076598306902,Normal
2019-02-11,ARIMA,120D,4,0.0788270042889593,0.08676035526669751,Normal
2019-02-12,ARIMA,120D,4,0.0357889692164258,0.07876412099239219,Normal
2019-02-13,ARIMA,120D,4,0.0457025615338814,0.0378079053459528,Normal
2019-02-14,ARIMA,120D,4,0.0491243072514389,0.04521918233361106,Normal
2019-02-15,ARIMA,120D,4,0.0568927650533463,0.0487956466671069,Normal
2019-02-19,ARIMA,120D,4,0.0487565505930973,0.05628915015612326,Normal
2019-02-20,ARIMA,120D,4,0.0345872079164411,0.0489721113194289,Low
2019-02-21,ARIMA,120D,4,0.0531382235095843,0.03526676015239893,Low
2019-02-22,ARIMA,120D,4,0.0170172323603382,0.05210977196119245,Normal
2019-02-25,ARIMA,120D,4,0.0182473646087669,0.01884925542965494,Low
2019-02-26,ARIMA,120D,4,0.0333611924538521,0.018437081062499253,Low
2019-02-27,ARIMA,120D,4,0.0459385654545477,0.03266762940362364,Low
2019-02-28,ARIMA,120D,4,0.0408218577413828,0.045198751663428974,Low
2019-03-01,ARIMA,120D,4,0.0421631807100225,0.040966740439041825,Low
2019-03-04,ARIMA,120D,4,0.0455450851459993,0.04203138421686069,Low
2019-03-05,ARIMA,120D,4,0.0203883775128682,0.04527032162772712,Low
2019-03-06,ARIMA,120D,4,0.0378569638477912,0.02170447508966846,Low
2019-03-07,ARIMA,120D,4,0.0428075531855663,0.03706088226337983,Low
2019-03-08,ARIMA,120D,4,0.0514656688475823,0.04245432529160814,Low
2019-03-11,ARIMA,120D,4,0.0495136157251872,0.05087251649943188,Low
2019-03-12,ARIMA,120D,4,0.0472072307572589,0.04942990014038823,Low
2019-03-13,ARIMA,120D,4,0.0333586746675541,0.04718714893933168,Low
2019-03-14,ARIMA,120D,4,0.0450107992775717,0.034024077945274483,Low
2019-03-15,ARIMA,120D,4,0.0529641927909007,0.04438812019915069,Low
2019-03-18,ARIMA,120D,4,0.0501752867963696,0.05237679296817653,Low
2019-03-19,ARIMA,120D,4,0.0502118421973964,0.05012485183990409,Low
2019-03-20,ARIMA,120D,4,0.053482791364097,0.05005288387656324,Low
2019-03-21,ARIMA,120D,4,0.049892448195795,0.05313348743551313,Low
2019-03-22,ARIMA,120D,4,0.0719242916083016,0.04989394214039936,Normal
2019-03-25,ARIMA,120D,4,0.0720389875646456,0.07051349071775181,Normal
2019-03-26,ARIMA,120D,4,0.0617414217003556,0.0715961789111589,Normal
2019-03-27,ARIMA,120D,4,0.0689749903494166,0.06193831998758477,Normal
2019-03-28,ARIMA,120D,4,0.065734568918422,0.06830200729003794,Normal
2019-03-29,ARIMA,120D,4,0.0590428373970268,0.06554755399431715,Normal
2019-04-01,ARIMA,120D,4,0.042633042774102,0.0591080897132544,Normal
2019-04-02,ARIMA,120D,4,0.0425186466014162,0.043331811931226455,Normal
2019-04-03,ARIMA,120D,4,0.0319205852177755,0.04247831523840649,Normal
2019-04-04,ARIMA,120D,4,0.0359778052167452,0.03244562453680931,Normal
2019-04-05,ARIMA,120D,4,0.0289202165840329,0.03579678488487262,Normal
2019-04-08,ARIMA,120D,4,0.0225427702543807,0.029300944590623372,Low
2019-04-09,ARIMA,120D,4,0.0336636569052986,0.022980972986347648,Normal
2019-04-10,ARIMA,120D,4,0.017857692205386,0.033167566364325454,Normal
2019-04-11,ARIMA,120D,4,-0.0002458343226004,0.018746409858867875,Normal
2019-04-12,ARIMA,120D,4,0.0011068920617204,0.0009959608959023841,Normal
2019-04-15,ARIMA,120D,4,0.0158532445453367,0.001432430680436636,Normal
2019-04-16,ARIMA,120D,4,0.0108556639465151,0.015356615639245261,Normal
2019-04-17,ARIMA,120D,4,-0.0025510947848559,0.011302763780082707,Normal
2019-04-18,ARIMA,120D,4,0.0049343549057403,-0.0015293583996889085,Low
2019-04-22,ARIMA,120D,4,0.0103180515005901,0.004921788132938448,Low
2019-04-23,ARIMA,120D,4,0.0123952799993839,0.010302693288331145,Low
2019-04-24,ARIMA,120D,4,0.013201366929201,0.01251552140778496,Low
2019-04-25,ARIMA,120D,4,0.0234768540459629,0.013380123656782521,Low
2019-04-26,ARIMA,120D,4,0.0168009591694643,0.02310920102492012,Low
2019-04-29,ARIMA,120D,4,0.0184890326350056,0.017274680849792806,Low
2019-04-30,ARIMA,120D,4,0.0136110222264142,0.018590517510050888,Low
2019-05-01,ARIMA,120D,4,0.0279895821820395,0.014053490198975099,Low
2019-05-02,ARIMA,120D,4,0.0265407775723454,0.027395839259927612,Low
2019-05-03,ARIMA,120D,4,0.0197917534392588,0.026660441149483193,Low
2019-05-06,ARIMA,120D,4,0.0261913712875027,0.020262385859520983,Low
2019-05-07,ARIMA,120D,4,0.046905288887064,0.02599385405432711,Low
2019-05-08,ARIMA,120D,4,0.0540778241926018,0.04579479957271383,Low
2019-05-09,ARIMA,120D,4,0.0562710708980494,0.053493261405005585,Low
2019-05-10,ARIMA,120D,4,0.0558057662289881,0.0559250122802227,Low
2019-05-13,ARIMA,120D,4,0.0772047967329466,0.055601233629014764,Normal
2019-05-14,ARIMA,120D,4,0.0788367397693781,0.07576194506549264,Normal
2019-05-15,ARIMA,120D,4,0.0767119912469675,0.07825347915134283,Normal
2019-05-16,ARIMA,120D,4,0.0666696314186479,0.07636792419303522,Normal
2019-05-17,ARIMA,120D,4,0.0732263191849812,0.06681039664638042,Normal
2019-05-20,ARIMA,120D,4,0.0827249524046672,0.0725406307478077,Normal
2019-05-21,ARIMA,120D,4,0.0768224064565924,0.0817672193638713,Normal
2019-05-22,ARIMA,120D,4,0.0776864034071545,0.07663809973328198,Normal
2019-05-23,ARIMA,120D,4,0.0912355189496995,0.07721029776643103,Normal
2019-05-24,ARIMA,120D,4,0.0905941567477786,0.09001208628550789,Normal
2019-05-28,ARIMA,120D,4,0.0998417993624955,0.09001243426085213,Normal
2019-05-29,ARIMA,120D,4,0.1144437383077,0.09873156391130389,Normal
2019-05-30,ARIMA,120D,4,0.1128504919555128,0.11291105463102971,Normal
2019-05-31,ARIMA,120D,4,0.1255409271062732,0.11207903609802208,Normal
2019-06-03,ARIMA,120D,4,0.12454674133964,0.12400485240600273,Normal
2019-06-04,ARIMA,120D,4,0.101756808172373,0.123631140382087,High
2019-06-05,ARIMA,120D,4,0.0958006551359353,0.10212605468045871,Normal
2019-06-06,ARIMA,120D,4,0.097163066347398,0.09549391211716891,High
2019-06-07,ARIMA,120D,4,0.0889132507450781,0.09646500081107162,High
2019-06-10,ARIMA,120D,4,0.0884297662956126,0.08873258276592823,High
2019-06-11,ARIMA,120D,4,0.0847604215235747,0.08791127142736166,Normal
2019-06-12,ARIMA,120D,4,0.0781315956568486,0.08441282241207469,Normal
2019-06-13,ARIMA,120D,4,0.0673823598959531,0.07799750487036267,Normal
2019-06-14,ARIMA,120D,4,0.0752988292908761,0.06755940996175402,Normal
2019-06-17,ARIMA,120D,4,0.0758666407851532,0.07453009175584921,Normal
2019-06-18,ARIMA,120D,4,0.0752903972226087,0.07539490845410582,Normal
2019-06-19,ARIMA,120D,4,0.0691418467451105,0.0748924729422576,Normal
2019-06-20,ARIMA,120D,4,0.0586167052402532,0.0690715830848557,Normal
2019-06-21,ARIMA,120D,4,0.0627806590493319,0.05887286940056341,Normal
2019-06-24,ARIMA,120D,4,0.0730527148854741,0.06231681662380854,Normal
2019-06-25,ARIMA,120D,4,0.0826670696760763,0.0721645671155551,Normal
2019-06-26,ARIMA,120D,4,0.0910241262974234,0.08169487080021734,Normal
2019-06-27,ARIMA,120D,4,0.0875434765332937,0.09002473095084124,Normal
2019-06-28,ARIMA,120D,4,0.0813701410521712,0.08713670683559321,Normal
2019-07-01,ARIMA,120D,4,0.0781765012630816,0.08117969777332774,Low
2019-07-02,ARIMA,120D,4,0.0801852497904271,0.07788703592565481,Low
2019-07-03,ARIMA,120D,4,0.0734079228440412,0.07962535669919632,Low
2019-07-05,ARIMA,120D,4,0.0750199897461218,0.07331753224470217,Low
2019-07-08,ARIMA,120D,4,0.0849822251662995,0.07453933642413482,Low
2019-07-09,ARIMA,120D,4,0.0837804162475036,0.08398994786625807,Low
2019-07-10,ARIMA,120D,4,0.0734822732320709,0.08330349265748507,Low
2019-07-11,ARIMA,120D,4,0.074141344297313,0.07356147405349438,Low
2019-07-12,ARIMA,120D,4,0.0778757053575634,0.07372243758276528,Low
2019-07-15,ARIMA,120D,4,0.0706149422642247,0.07725097681653528,Low
2019-07-16,ARIMA,120D,4,0.0775516720135077,0.0705719575747272,Low
2019-07-17,ARIMA,120D,4,0.081297162395006,0.07679656090126981,Low
2019-07-18,ARIMA,120D,4,0.0826120381718281,0.08062218087244637,Low
2019-07-19,ARIMA,120D,4,0.0954411417535791,0.0820427190488616,Low
2019-07-22,ARIMA,120D,4,0.0897571775798241,0.09420574169989925,Low
2019-07-23,ARIMA,120D,4,0.0898850264864809,0.08942149676160357,Low
2019-07-24,ARIMA,120D,4,0.0836921528361095,0.08931591964002898,Low
2019-07-25,ARIMA,120D,4,0.0908368995633967,0.08347199663487542,Low
2019-07-26,ARIMA,120D,4,0.0918081112148457,0.08993219755496264,Low
2019-07-29,ARIMA,120D,4,0.0972802563913882,0.0911532319304432,Low
2019-07-30,ARIMA,120D,4,0.0972067413938471,0.09637033833536646,Low
2019-07-31,ARIMA,120D,4,0.1084409826426683,0.09654760247816788,Low
2019-08-01,ARIMA,120D,4,0.1186208364048324,0.10714815256680799,Low
2019-08-02,ARIMA,120D,4,0.1168469355182038,0.11724721510410988,Low
2019-08-05,ARIMA,120D,4,0.1312213653310546,0.11605201255511807,Normal
2019-08-06,ARIMA,120D,4,0.1282917249202405,0.1295484131131249,Normal
2019-08-07,ARIMA,120D,4,0.1266578924427971,0.12742409421135148,Normal
2019-08-08,ARIMA,120D,4,0.1111988869061432,0.1257832376925627,High
2019-08-09,ARIMA,120D,4,0.0999730364684374,0.11113020659115325,High
2019-08-12,ARIMA,120D,4,0.1195952713455851,0.0998533955673386,High
2019-08-13,ARIMA,120D,4,0.1194462409957893,0.11782118415882112,High
2019-08-14,ARIMA,120D,4,0.160364372109298,0.11852988789664509,High
2019-08-15,ARIMA,120D,4,0.1612232904681195,0.15714292562485588,High
2019-08-16,ARIMA,120D,4,0.1414847412864163,0.15977773303346252,High
2019-08-19,ARIMA,120D,4,0.1367512558425921,0.1412918284220227,High
2019-08-20,ARIMA,120D,4,0.1463845198407097,0.13595517086982462,High
2019-08-21,ARIMA,120D,4,0.1446133933885598,0.14478563815897097,High
2019-08-22,ARIMA,120D,4,0.1434878199878498,0.1435330935085964,High
2019-08-23,ARIMA,120D,4,0.171618537209173,0.14241265050455434,High
2019-08-26,ARIMA,120D,4,0.1577712104922273,0.16888266040554026,High
2019-08-27,ARIMA,120D,4,0.1656742805770685,0.1570778077108178,High
2019-08-28,ARIMA,120D,4,0.1553273116185086,0.16397125855180766,High
2019-08-29,ARIMA,120D,4,0.1321460199445942,0.1545414557491784,High
2019-08-30,ARIMA,120D,4,0.0974153597642767,0.1322393582774224,High
2019-09-03,ARIMA,120D,4,0.0735904647216089,0.09843958514230519,High
2019-09-04,ARIMA,120D,4,0.0590210421196575,0.07437886342348177,High
2019-09-05,ARIMA,120D,4,0.0009269928456367,0.05950493672485191,High
2019-09-06,ARIMA,120D,4,-0.0082556610683931,0.004028139169308335,High
2019-09-09,ARIMA,120D,4,0.0368492223799199,-0.007251714889605944,High
2019-09-10,ARIMA,120D,4,0.0080164850310742,0.034742171687632745,High
2019-09-11,ARIMA,120D,4,0.0421491620653202,0.009542077027421866,High
2019-09-12,ARIMA,120D,4,0.0047633633471059,0.04053293419855979,Normal
2019-09-13,ARIMA,120D,4,-0.011712903428314,0.006748571031495322,Normal
2019-09-16,ARIMA,120D,4,-0.0875828034523296,-0.010382789365661942,Normal
2019-09-17,ARIMA,120D,4,-0.0419461763989326,-0.08272619031717454,Normal
2019-09-18,ARIMA,120D,4,-0.0923917024918051,-0.043117014160482615,Normal
2019-09-19,ARIMA,120D,4,-0.1923565294162082,-0.08880737366809294,Normal
2019-09-20,ARIMA,120D,4,-0.0986405233620917,-0.18521839894196043,Normal
2019-09-23,ARIMA,120D,4,-0.2261957802170816,-0.10141523357511437,Low
2019-09-24,ARIMA,120D,4,-0.1595174786178383,-0.2177195278733143,Low
2019-09-25,ARIMA,120D,4,-0.2188794361918824,-0.16034900536651758,Low
2019-09-26,ARIMA,120D,4,-0.2117508042118681,-0.21360673717782744,Low
2019-09-27,ARIMA,120D,4,-0.2507478936861064,-0.20940266199219135,Low
2019-09-30,ARIMA,120D,4,-0.2855143049109316,-0.2459722571114876,Low
2019-10-01,ARIMA,120D,4,-0.1834969454475557,-0.2804800667130221,Low
2019-10-02,ARIMA,120D,4,-0.1539625508390896,-0.1859242453486201,Normal
2019-10-03,ARIMA,120D,4,-0.1013590245387099,-0.15360880845634692,Low
2019-10-04,ARIMA,120D,5,-0.1497436553195954,-0.10324949116626225,Normal
2019-10-07,ARIMA,120D,5,-0.1122887124759391,-0.1450368589833527,Normal
2019-10-08,ARIMA,120D,5,-0.1127478637122449,-0.1128368310259438,Normal
2019-10-09,ARIMA,120D,5,-0.1669575229598777,-0.1112793470286981,Normal
2019-10-10,ARIMA,120D,5,-0.1507800683146999,-0.16151350935295747,Normal
2019-10-11,ARIMA,120D,5,-0.1769125088144333,-0.14958862382843008,Normal
2019-10-14,ARIMA,120D,5,-0.1075561829963839,-0.17311621502039132,Normal
2019-10-15,ARIMA,120D,5,-0.1190669674212355,-0.1101728974996129,Normal
2019-10-16,ARIMA,120D,5,-0.0835760516767569,-0.1169821013314993,Normal
2019-10-17,ARIMA,120D,5,-0.0719516033428329,-0.08445061288090626,Normal
2019-10-18,ARIMA,120D,5,-0.0781806170777103,-0.07165387807781161,Normal
2019-10-21,ARIMA,120D,5,-0.0549141716107363,-0.07664872922325985,Normal
2019-10-22,ARIMA,120D,5,-0.0736158550247287,-0.05535508177192747,Normal
2019-10-23,ARIMA,120D,5,-0.0706591205310183,-0.07140651236501788,Normal
2019-10-24,ARIMA,120D,5,-0.046136793168869,-0.06965027296981074,Normal
2019-10-25,ARIMA,120D,5,-0.0682440682948727,-0.046774701038069896,Normal
2019-10-28,ARIMA,120D,5,-0.1049650034473212,-0.0658905412965363,Normal
2019-10-29,ARIMA,120D,5,-0.0814609509087036,-0.10116120945195839,Normal
2019-10-30,ARIMA,120D,5,-0.0852486079697566,-0.08151218865527146,Normal
2019-10-31,ARIMA,120D,5,-0.0683990787683783,-0.08381824524764715,Normal
2019-11-01,ARIMA,120D,5,-0.0634081411462899,-0.06831663301170601,Low
2019-11-04,ARIMA,120D,5,-0.072361557142086,-0.06272785289936968,Low
2019-11-05,ARIMA,120D,5,-0.0449384503851923,-0.07069619987275925,Low
2019-11-06,ARIMA,120D,5,-0.0548958442965368,-0.045726555655693335,Low
2019-11-07,ARIMA,120D,5,-0.0860824305555934,-0.05343301614971879,Low
2019-11-08,ARIMA,120D,5,-0.0843990111218598,-0.08286249625722955,Low
2019-11-11,ARIMA,120D,5,-0.0734346805107427,-0.08311263986237231,Low
2019-11-12,ARIMA,120D,5,-0.0820019842110484,-0.07294838832864735,Low
2019-11-13,ARIMA,120D,5,-0.0712743100262739,-0.08027637019544541,Low
2019-11-14,ARIMA,120D,5,-0.0553802075755043,-0.07076788933400231,Low
2019-11-15,ARIMA,120D,5,-0.0629131669866867,-0.055425459475059405,Low
2019-11-18,ARIMA,120D,5,-0.0841295590815441,-0.06147410381377223,Low
2019-11-19,ARIMA,120D,5,-0.1011537856061315,-0.0815447775435416,Low
2019-11-20,ARIMA,120D,5,-0.085931611381119,-0.09858716796658004,Low
2019-11-21,ARIMA,120D,5,-0.0804289300912065,-0.08550432262174719,Low
2019-11-22,ARIMA,120D,5,-0.0515862952635092,-0.07958943718232253,Low
2019-11-25,ARIMA,120D,5,-0.0696052948625757,-0.05244653751421287,Low
2019-11-26,ARIMA,120D,5,-0.0552844678941003,-0.06750378083369893,Low
2019-11-27,ARIMA,120D,5,-0.0672541718293537,-0.055135476613669535,Low
2019-11-29,ARIMA,120D,5,-0.0608839399125522,-0.0654865770615949,Low
2019-12-02,ARIMA,120D,5,-0.0400011711971282,-0.06020994371403099,Low
2019-12-03,ARIMA,120D,5,-0.0186224984487687,-0.04049657939522179,Low
2019-12-04,ARIMA,120D,5,-0.0270362953824583,-0.019433384129729635,Low
2019-12-05,ARIMA,120D,5,-0.0237346287567804,-0.02594738408257341,Low
2019-12-06,ARIMA,120D,5,-0.0290846583088421,-0.023283316818721637,Low
2019-12-09,ARIMA,120D,5,-0.0177395173419688,-0.028086341042097396,Low
2019-12-10,ARIMA,120D,5,-0.0030853103604208,-0.017849025426790815,Low
2019-12-11,ARIMA,120D,5,-0.0093636369733804,-0.0036128552740243916,Low
2019-12-12,ARIMA,120D,5,0.0079717084727002,-0.008564809617977745,Low
2019-12-13,ARIMA,120D,5,0.0198687857282914,0.007224842978611243,Low
2019-12-16,ARIMA,120D,5,0.0049166813660266,0.019243266661202272,Low
2019-12-17,ARIMA,120D,5,-0.0007458103976164,0.006101647485614894,Low
2019-12-18,ARIMA,120D,5,-0.0610661097533826,3.476756376443596e-05,Low
2019-12-19,ARIMA,120D,5,-0.0525392019700352,-0.05634244458501496,Low
2019-12-20,ARIMA,120D,5,-0.049193936956194,-0.05189905074009926,Low
2019-12-23,ARIMA,120D,5,-0.0312748528037819,-0.048519443302806955,Low
2019-12-24,ARIMA,120D,5,-0.0346861817339432,-0.03167453762277009,Low
2019-12-26,ARIMA,120D,5,-0.0392072007401953,-0.03380395383040734,Low
2019-12-27,ARIMA,120D,5,-0.0449066984455271,-0.03813261250591078,Low
2019-12-30,ARIMA,120D,5,-0.0326350090695189,-0.043690902105459006,Low
2019-12-31,ARIMA,120D,5,-0.0312785305222258,-0.03263987732694129,Low
2020-01-02,ARIMA,120D,5,-0.0658176914802049,-0.030699645566580266,Low
2020-01-03,ARIMA,120D,5,-0.0478329543870323,-0.06264745918013738,Low
2020-01-06,ARIMA,120D,5,-0.0758853038561361,-0.04791804696847744,Low
2020-01-07,ARIMA,120D,5,-0.0584992406580076,-0.07305536682911808,Low
2020-01-08,ARIMA,120D,5,-0.0480973647078929,-0.05846220393125601,Low
2020-01-09,ARIMA,120D,5,-0.0497210148489288,-0.04790568987053567,Low
2020-01-10,ARIMA,120D,5,-0.042330781884607,-0.04876277803781341,Low
2020-01-13,ARIMA,120D,5,-0.0335258450983769,-0.0419542344921251,Low
2020-01-14,ARIMA,120D,5,-0.0428876421311248,-0.03335996776322421,Low
2020-01-15,ARIMA,120D,5,-0.0369591061113824,-0.04152230807032824,Low
2020-01-16,ARIMA,120D,5,-0.0509504450098089,-0.036520915516634625,Low
2020-01-17,ARIMA,120D,5,-0.044393358482851,-0.04920283142105904,Low
2020-01-21,ARIMA,120D,5,-0.0511445033293245,-0.04389631244030125,Low
2020-01-22,ARIMA,120D,5,-0.0381162370431015,-0.049837384504841306,Low
2020-01-23,ARIMA,120D,5,-0.0302155063001047,-0.03810751007291899,Low
2020-01-24,ARIMA,120D,5,-0.0245441320880262,-0.030049546573174712,Low
2020-01-27,ARIMA,120D,5,-0.0058438171435987,-0.024287613187105768,Low
2020-01-28,ARIMA,120D,5,-0.007475403388811,-0.006570615841295341,Normal
2020-01-29,ARIMA,120D,5,-0.0049305239106663,-0.006993929884286126,Low
2020-01-30,ARIMA,120D,5,-0.0023293502464037,-0.004657255569640882,Low
2020-01-31,ARIMA,120D,5,0.0031387149127125,-0.0020982787296832603,Normal
2020-02-03,ARIMA,120D,5,-0.0102993508727963,0.003136114552735117,Normal
2020-02-04,ARIMA,120D,5,-0.01780073796882,-0.009017768845092332,Normal
2020-02-05,ARIMA,120D,5,-0.0354829520464391,-0.016731090240542187,Normal
2020-02-06,ARIMA,120D,5,-0.0264513237516986,-0.03362306856000975,Normal
2020-02-07,ARIMA,120D,5,-0.0247931345056951,-0.026278472801247177,Normal
2020-02-10,ARIMA,120D,5,-0.0244515883840919,-0.024286467708375302,Normal
2020-02-11,ARIMA,120D,5,-0.0189832744057354,-0.023846641286405033,Normal
2020-02-12,ARIMA,120D,5,-0.0218197044848047,-0.018742573380521925,Normal
2020-02-13,ARIMA,120D,5,-0.0137787676892982,-0.02106156194363068,Normal
2020-02-14,ARIMA,120D,5,-0.0092134777671187,-0.013738947139669097,Normal
2020-02-18,ARIMA,120D,5,-0.0056564345110144,-0.009049243804971394,Normal
2020-02-19,ARIMA,120D,5,-0.0076127175219075,-0.005457839541693939,Normal
2020-02-20,ARIMA,120D,5,-0.0117909554952872,-0.007052861255632065,Normal
2020-02-21,ARIMA,120D,5,0.0126823560311461,-0.01103034729054226,Normal
2020-02-24,ARIMA,120D,5,0.04472116277543,0.011446473916474142,High
2020-02-25,ARIMA,120D,5,0.0752971697545043,0.04257715566801746,High
2020-02-26,ARIMA,120D,5,0.0817890445854577,0.07288286981259398,High
2020-02-27,ARIMA,120D,5,0.1292579213575359,0.0807772212529144,High
2020-02-28,ARIMA,120D,5,0.1331162611220068,0.12533531650111335,High
2020-03-02,ARIMA,120D,5,0.0912590471209397,0.1316626623857953,High
2020-03-03,ARIMA,120D,5,0.1232047320268267,0.09319079700856989,High
2020-03-04,ARIMA,120D,5,0.0918619980310969,0.12048010117014278,High
2020-03-05,ARIMA,120D,5,0.1299626802166181,0.09306166339297497,High
2020-03-06,ARIMA,120D,5,0.1573076252138458,0.12674645748856123,High
2020-03-09,ARIMA,120D,5,0.2379896841860266,0.15420969582764016,High
2020-03-10,ARIMA,120D,5,0.1964846346097379,0.23080965176661455,High
2020-03-11,ARIMA,120D,5,0.2443901522428347,0.1969940953076942,High
2020-03-12,ARIMA,120D,5,0.3518318360660141,0.23938792349951332,High
2020-03-13,ARIMA,120D,5,0.2782724792606479,0.34175227940555364,High
2020-03-16,ARIMA,120D,5,0.3701670825912799,0.27976368992780787,High
2020-03-17,ARIMA,120D,5,0.303774489201313,0.36126281991961706,High
2020-03-18,ARIMA,120D,5,0.3288479324469264,0.3046426379797251,High
2020-03-19,ARIMA,120D,5,0.3440959321387059,0.3244334366601581,High
2020-03-20,ARIMA,120D,5,0.3706823102666773,0.33980947437384207,High
2020-03-23,ARIMA,120D,5,0.4009467414343414,0.3654404692168849,High
2020-03-24,ARIMA,120D,5,0.323924843941401,0.39511808152771044,High
2020-03-25,ARIMA,120D,5,0.3176616394510785,0.32543667295326045,High
2020-03-26,ARIMA,120D,5,0.2524881614846802,0.3153287734290929,High
2020-03-27,ARIMA,120D,5,0.2783080574977539,0.2541967443279688,High
2020-03-30,ARIMA,120D,5,0.2340958899799508,0.2744026100892643,High
2020-03-31,ARIMA,120D,5,0.2385996367410688,0.23459935106480226,High
2020-04-01,ARIMA,120D,5,0.2942090158722318,0.23632858988934832,High
2020-04-02,ARIMA,120D,5,0.2476290199008973,0.2880647884485221,High
2020-04-03,ARIMA,120D,5,0.2658648862814707,0.24800567321598657,High
2020-04-06,ARIMA,120D,5,0.2137470813608287,0.2624685223220471,High
2020-04-07,ARIMA,120D,5,0.2313336122630454,0.2149715819697274,High
2020-04-08,ARIMA,120D,5,0.1930199583673166,0.22837333692003858,High
2020-04-09,ARIMA,120D,5,0.1868563306319969,0.19362727427609278,High
2020-04-13,ARIMA,120D,5,0.2022913396409689,0.18576411824196715,High
2020-04-14,ARIMA,120D,5,0.1625529672022905,0.19961008000991132,High
2020-04-15,ARIMA,120D,5,0.2026428088775606,0.16356862622241783,High
2020-04-16,ARIMA,120D,5,0.1827709066504961,0.19856897869751647,High
2020-04-17,ARIMA,120D,5,0.1735771383994171,0.1822755178294552,High
2020-04-20,ARIMA,120D,5,0.1995981969096343,0.17273590081334383,High
2020-04-21,ARIMA,120D,5,0.2395084073267178,0.19630703249149817,High
2020-04-22,ARIMA,120D,5,0.2331196369029052,0.23481321481037107,High
2020-04-23,ARIMA,120D,5,0.2273323129339375,0.23125394490141882,High
2020-04-24,ARIMA,120D,5,0.2068650502830389,0.22566151479195257,High
2020-04-27,ARIMA,120D,5,0.1907292585870899,0.20631446504854253,High
2020-04-28,ARIMA,120D,5,0.1961203392342041,0.1901415090825408,High
2020-04-29,ARIMA,120D,5,0.1534189716741884,0.19415039240851417,High
2020-04-30,ARIMA,120D,5,0.1673903103132445,0.15475195018927212,High
2020-05-01,ARIMA,120D,5,0.1936524073164501,0.16529616746213943,High
2020-05-04,ARIMA,120D,5,0.1946169387410919,0.19032841026554195,High
2020-05-05,ARIMA,120D,5,0.1890568418637016,0.1927660981735684,High
2020-05-06,ARIMA,120D,5,0.1772962492774221,0.1877540934519743,High
2020-05-07,ARIMA,120D,5,0.1628270881720859,0.17652637499966822,High
2020-05-08,ARIMA,120D,5,0.1101707509982819,0.1624009911843193,High
2020-05-11,ARIMA,120D,5,0.1219142065714886,0.11264279818092493,High
2020-05-12,ARIMA,120D,5,0.130423858898276,0.12048032964430594,High
2020-05-13,ARIMA,120D,5,0.1602838064131478,0.12886383788192352,High
2020-05-14,ARIMA,120D,5,0.1664676262931541,0.15710333234923174,High
2020-05-15,ARIMA,120D,5,0.1843564767445228,0.16458437952041602,High
2020-05-18,ARIMA,120D,5,0.1726145337511509,0.1816538962444607,High
2020-05-19,ARIMA,120D,5,0.1828665248773762,0.17180388869285335,High
2020-05-20,ARIMA,120D,5,0.177984509010305,0.18071535232681932,High
2020-05-21,ARIMA,120D,5,0.1843877020993909,0.17673173705297976,High
2020-05-22,ARIMA,120D,5,0.1896594847755699,0.1824312600240226,High
2020-05-26,ARIMA,120D,5,0.1674165482070401,0.18767690031078088,High
2020-05-27,ARIMA,120D,5,0.1662166474230197,0.16734896437954147,High
2020-05-28,ARIMA,120D,5,0.179907521670772,0.1649825738748626,High
2020-05-29,ARIMA,120D,5,0.1703032843338163,0.17754786496421293,High
2020-06-01,ARIMA,120D,5,0.1549278572079706,0.16940508116224787,High
2020-06-02,ARIMA,120D,5,0.1506892256163046,0.15462834506391754,High
2020-06-03,ARIMA,120D,5,0.130316817430822,0.14978268988395782,High
2020-06-04,ARIMA,120D,5,0.1393113146962808,0.13056971352356855,High
2020-06-05,ARIMA,120D,5,0.1294697606886765,0.1377368437599336,High
2020-06-08,ARIMA,120D,5,0.1159144295273613,0.12904115767556598,High
2020-06-09,ARIMA,120D,5,0.1261382839729841,0.11592019824470037,High
2020-06-10,ARIMA,120D,5,0.1268593990711943,0.1246040223665712,High
2020-06-11,ARIMA,120D,5,0.1988202327290761,0.12580852256606315,High
2020-06-12,ARIMA,120D,5,0.1876335106524687,0.19269364691426297,High
2020-06-15,ARIMA,120D,5,0.1787312977539992,0.18642816014028318,High
2020-06-16,ARIMA,120D,5,0.1687439086024756,0.17777703549942594,High
2020-06-17,ARIMA,120D,5,0.1704131913961417,0.16797142171296997,High
2020-06-18,ARIMA,120D,5,0.1726024191625103,0.16891713818996013,High
2020-06-19,ARIMA,120D,5,0.1702869677797125,0.17100795628381654,High
2020-06-22,ARIMA,120D,5,0.1625269399552823,0.1689870223271783,High
2020-06-23,ARIMA,120D,5,0.1569629726795657,0.16165783961622157,High
2020-06-24,ARIMA,120D,5,0.1787894500300811,0.156040525178671,High
2020-06-25,ARIMA,120D,5,0.1807281043240817,0.17595890796061184,High
2020-06-26,ARIMA,120D,5,0.2070245342192359,0.17898595097433728,High
2020-06-29,ARIMA,120D,5,0.1981867889146856,0.2035869523620081,High
2020-06-30,ARIMA,120D,5,0.1793771425267813,0.196897300908534,High
2020-07-01,ARIMA,120D,5,0.1704536500640011,0.17902164172922,High
2020-07-02,ARIMA,120D,5,0.1638474348954138,0.1696354821664718,High
2020-07-06,ARIMA,120D,5,0.1488360373350691,0.16292378286430123,High
2020-07-07,ARIMA,120D,5,0.1632438651841996,0.14857319045699816,High
2020-07-08,ARIMA,120D,5,0.1641315864591808,0.1610658045652302,High
2020-07-09,ARIMA,120D,5,0.1675613131080968,0.16265963920022544,High
2020-07-10,ARIMA,120D,5,0.1584901514287329,0.16594210839549223,High
2020-07-13,ARIMA,120D,5,0.1743150013564955,0.15772235531953732,High
2020-07-14,ARIMA,120D,5,0.1461329380615657,0.17190828963798163,High
2020-07-15,ARIMA,120D,5,0.1441495125085727,0.1466170564646555,High
2020-07-16,ARIMA,120D,5,0.1532550311051622,0.14321743628770645,High
2020-07-17,ARIMA,120D,5,0.1651487286253314,0.15146187008454026,High
2020-07-20,ARIMA,120D,5,0.1622537687637066,0.16301231088361443,High
2020-07-21,ARIMA,120D,5,0.1539998118125251,0.16103612869490425,High
2020-07-22,ARIMA,120D,5,0.1486848832486209,0.1532511222246728,High
2020-07-23,ARIMA,120D,5,0.1633543180475938,0.1478369415679942,High
2020-07-24,ARIMA,120D,5,0.1658034450031268,0.16112299406802086,High
2020-07-27,ARIMA,120D,5,0.1512195153833661,0.164215373606849,Normal
2020-07-28,ARIMA,120D,5,0.165817408437774,0.1508656657903747,Normal
2020-07-29,ARIMA,120D,5,0.1673050424625422,0.1635964053737626,Normal
2020-07-30,ARIMA,120D,5,0.1713790173873104,0.16576189008617814,Normal
2020-07-31,ARIMA,120D,5,0.1607226284821964,0.16967771973648824,Normal
2020-08-03,ARIMA,120D,5,0.1571765833308549,0.16002520708174317,Normal
2020-08-04,ARIMA,120D,5,0.1520812171435677,0.15613826562008937,Normal
2020-08-05,ARIMA,120D,5,0.1196587415819495,0.15116808580551933,Normal
2020-08-06,ARIMA,120D,5,0.122964914340045,0.12075973996565703,Normal
2020-08-07,ARIMA,120D,5,0.1028317074152965,0.12195591061073324,Normal
2020-08-10,ARIMA,120D,5,0.1160175423765833,0.10333724109284262,Normal
2020-08-11,ARIMA,120D,5,0.1378211265922712,0.11443236766467582,Normal
2020-08-12,ARIMA,120D,5,0.1249298849140025,0.13535911392274771,Normal
2020-08-13,ARIMA,120D,5,0.137774005234081,0.12467969364735183,Normal
2020-08-14,ARIMA,120D,5,0.1418358222381239,0.13594668097674173,Normal
2020-08-17,ARIMA,120D,5,0.1465017522069896,0.14041194717965486,Normal
2020-08-18,ARIMA,120D,5,0.1430868663654514,0.14501905297918793,Normal
2020-08-19,ARIMA,120D,5,0.1471557451882419,0.1421323893659859,Normal
2020-08-20,ARIMA,120D,5,0.1456631652344834,0.14573223541404315,Low
2020-08-21,ARIMA,120D,5,0.1469279361776734,0.1445682516774228,Low
2020-08-24,ARIMA,120D,5,0.1363648862973545,0.1456707980195142,Low
2020-08-25,ARIMA,120D,5,0.1324545332028974,0.13593162407907536,Low
2020-08-26,ARIMA,120D,5,0.1178849176308125,0.13170110755044528,Low
2020-08-27,ARIMA,120D,5,0.1143566525033385,0.11791354120313902,Low
2020-08-28,ARIMA,120D,5,0.0998837567600575,0.11378835538933567,Low
2020-08-31,ARIMA,120D,5,0.1033366615470924,0.10009707626715567,Low
2020-09-01,ARIMA,120D,5,0.1071274977973724,0.10245938121556827,Low
2020-09-02,ARIMA,120D,5,0.0670950532293308,0.1061244608436804,Low
2020-09-03,ARIMA,120D,5,0.0980911150777175,0.0691827576763877,High
2020-09-04,ARIMA,120D,5,0.129769569057686,0.09568466913609897,High
2020-09-08,ARIMA,120D,5,0.1498047194046441,0.12672876428735028,High
2020-09-09,ARIMA,120D,5,0.1167076228476626,0.14724264949464588,High
2020-09-10,ARIMA,120D,5,0.1209408307086675,0.11777798178752094,High
2020-09-11,ARIMA,120D,5,0.1397162568892893,0.11989298178633526,High
2020-09-14,ARIMA,120D,5,0.1216812786402409,0.13745503511584617,High
2020-09-15,ARIMA,120D,5,0.1305308934536718,0.1217927009260051,High
2020-09-16,ARIMA,120D,5,0.1411727441168119,0.12904406487885278,High
2020-09-17,ARIMA,120D,5,0.1599625191460221,0.13937106697995238,High
2020-09-18,ARIMA,120D,5,0.1722229794213815,0.1574523664089379,High
2020-09-21,ARIMA,120D,5,0.1903324829880924,0.16994935093798128,High
2020-09-22,ARIMA,120D,5,0.1782985496111204,0.1875327509418882,High
2020-09-23,ARIMA,120D,5,0.2051811331756537,0.1774433087219121,High
2020-09-24,ARIMA,120D,5,0.1873275675550769,0.20178043637588874,High
2020-09-25,ARIMA,120D,5,0.1708742426571335,0.18670392996499385,High
2020-09-28,ARIMA,120D,5,0.1618926077016218,0.1704992644025517,High
2020-09-29,ARIMA,120D,5,0.1590567722867318,0.16116206973938987,High
2020-09-30,ARIMA,120D,5,0.1453545931180034,0.15795393754641673,High
2020-10-01,ARIMA,120D,5,0.1453022269864379,0.14503471598970658,High
2020-10-02,ARIMA,120D,5,0.1714204585115253,0.14419017146957486,High
2020-10-05,ARIMA,120D,5,0.1527389598822376,0.1683872070055483,High
2020-10-06,ARIMA,120D,5,0.1636481948601107,0.1525333882800358,High
2020-10-07,ARIMA,120D,5,0.150016984682289,0.1616851776064962,High
2020-10-08,ARIMA,120D,5,0.153794602215094,0.1495933148095791,High
2020-10-09,ARIMA,120D,5,0.1593744947965849,0.15235563092761095,High
2020-10-12,ARIMA,120D,5,0.1421179596974639,0.15770637594653641,High
2020-10-13,ARIMA,120D,5,0.1499189970247339,0.14201446224436148,High
2020-10-14,ARIMA,120D,5,0.1607759200493851,0.14829046839526097,High
2020-10-15,ARIMA,120D,5,0.1699951316992854,0.15875706135028383,High
2020-10-16,ARIMA,120D,5,0.1696641231679154,0.16796131984879298,High
2020-10-19,ARIMA,120D,5,0.1894178585599206,0.16822105508055252,High
2020-10-20,ARIMA,120D,5,0.1806055589191893,0.1865771054426267,High
2020-10-21,ARIMA,120D,5,0.1938367743318788,0.1795263403554418,High
2020-10-22,ARIMA,120D,5,0.1922337437189057,0.19137627390243042,High
2020-10-23,ARIMA,120D,5,0.1834732155047582,0.19061801446281798,High
2020-10-26,ARIMA,120D,5,0.1954121274850024,0.18243772342886702,High
2020-10-27,ARIMA,120D,5,0.2077053537553012,0.19301825022642544,High
2020-10-28,ARIMA,120D,5,0.2343775580033245,0.20508354904826057,High
2020-10-29,ARIMA,120D,5,0.2333704429588582,0.23059026017637108,High
2020-10-30,ARIMA,120D,5,0.2473548409687007,0.23122663455552855,High
