Date,Model,Horizon,Fold,Actual,Prediction,Regime
2015-06-10,SVR,1D,1,0.0017371167565281,4.1123906084289744e-05,Low
2015-06-11,SVR,1D,1,-0.0070188746531027,0.00024775336802345706,Low
2015-06-12,SVR,1D,1,-0.0046332896217713,-0.00048818535490426605,Low
2015-06-15,SVR,1D,1,0.0056737305157538,-0.0005162040196867498,Low
2015-06-16,SVR,1D,1,0.0019776843950728,7.52623148406132e-05,Low
2015-06-17,SVR,1D,1,0.0098540000540088,-0.000635313155856054,Low
2015-06-18,SVR,1D,1,-0.0053176152379496,3.6072816058422066e-05,Low
2015-06-19,SVR,1D,1,0.0060763679815421,-0.0007068120627300358,Low
2015-06-22,SVR,1D,1,0.0006356664251933,0.0006343947350167193,Low
2015-06-23,SVR,1D,1,-0.0073804657183052,-0.0003614430193425635,Low
2015-06-24,SVR,1D,1,-0.0029780041565964,-0.0008056356655368382,Low
2015-06-25,SVR,1D,1,-0.0003901557449223,-0.0006416925828597788,Low
2015-06-26,SVR,1D,1,-0.0210869695086115,-0.0005344428276045279,Low
2015-06-29,SVR,1D,1,0.0026549623524674,0.0013126855642008831,Normal
2015-06-30,SVR,1D,1,0.006912096434637,0.0006192064620065083,Normal
2015-07-01,SVR,1D,1,-0.0003080701895465,0.0011673804148310072,Normal
2015-07-02,SVR,1D,1,-0.0038692326988974,0.00031982661739658226,Normal
2015-07-06,SVR,1D,1,0.0060625605938687,3.020691229233853e-05,Normal
2015-07-07,SVR,1D,1,-0.0167929649121416,0.0003170126280733713,Normal
2015-07-08,SVR,1D,1,0.0022596476448199,2.4754005364478054e-06,Normal
2015-07-09,SVR,1D,1,0.0122629863850077,0.00023973833059688122,Normal
2015-07-10,SVR,1D,1,0.0110052685073551,0.001238531368253271,Normal
2015-07-13,SVR,1D,1,0.0044432732365001,0.0011379894469789684,Normal
2015-07-14,SVR,1D,1,-0.0007352563007372,-0.00041333320887765833,Normal
2015-07-15,SVR,1D,1,0.0079827334444757,-0.0002376001623107856,Normal
2015-07-16,SVR,1D,1,0.0011055716244507,-0.00021930793446771867,Normal
2015-07-17,SVR,1D,1,0.0007709366240016,-0.0012076022488102574,Normal
2015-07-20,SVR,1D,1,-0.004270796242723,-0.0011889813112073901,Normal
2015-07-21,SVR,1D,1,-0.0023905650201902,-0.0008564986754089256,Normal
2015-07-22,SVR,1D,1,-0.0056922102113794,-0.0007075689958952382,Normal
2015-07-23,SVR,1D,1,-0.0107610206966611,-0.0009059839187868426,Normal
2015-07-24,SVR,1D,1,-0.0057917550650641,-0.0004134380070612339,Normal
2015-07-27,SVR,1D,1,0.0123100738018893,-0.00017414372302410573,Normal
2015-07-28,SVR,1D,1,0.0072921429273836,0.0007758427569231289,Normal
2015-07-29,SVR,1D,1,2.836690402236809e-05,0.0001388541057985946,Normal
2015-07-30,SVR,1D,1,-0.0022741038010517,-3.465905404107482e-05,Normal
2015-07-31,SVR,1D,1,-0.0027606939449045,-0.00027150115896733794,Normal
2015-08-03,SVR,1D,1,-0.0022522391669328,-0.000502079518663592,Normal
2015-08-04,SVR,1D,1,0.0031098381854906,-0.0010294516454457166,Normal
2015-08-05,SVR,1D,1,-0.0077831959225621,-0.00043810045047955846,Low
2015-08-06,SVR,1D,1,-0.0028790228563377,-0.0005351744209271588,Low
2015-08-07,SVR,1D,1,0.012726835632025,0.00013800009001999937,Low
2015-08-10,SVR,1D,1,-0.0096030646801822,6.641485746913291e-05,Low
2015-08-11,SVR,1D,1,0.0009496036382146,-0.0009749611419142181,Low
2015-08-12,SVR,1D,1,-0.0012760258683812,-0.0005946292062919464,Low
2015-08-13,SVR,1D,1,0.0039043322743591,1.6272160576544584e-05,Low
2015-08-14,SVR,1D,1,0.0051978917094029,-4.7279238559063894e-05,Low
2015-08-17,SVR,1D,1,-0.0026289829356331,-0.001138274097624922,Low
2015-08-18,SVR,1D,1,-0.0082891364095971,-0.0005281365933594347,Low
2015-08-19,SVR,1D,1,-0.0213259604541461,-0.0007910992662921498,Low
2015-08-20,SVR,1D,1,-0.0323692425218784,0.000953641061326985,Normal
2015-08-21,SVR,1D,1,-0.0402114443465191,0.007378190192265053,High
2015-08-24,SVR,1D,1,-0.0136142497426558,0.015479804855590496,High
2015-08-25,SVR,1D,1,0.0382912994345316,0.0025385608842528,High
2015-08-26,SVR,1D,1,0.02400725448969,0.00027132378719114426,High
2015-08-27,SVR,1D,1,0.0006085511568762,0.0006831898988226229,High
2015-08-28,SVR,1D,1,-0.0084270786639841,0.00041816221837112123,High
2015-08-31,SVR,1D,1,-0.0300226498424279,-0.000174563323915777,High
2015-09-01,SVR,1D,1,0.0181276714232146,0.001704162436614096,High
2015-09-02,SVR,1D,1,0.0011641156994188,-0.00013144725178305082,High
2015-09-03,SVR,1D,1,-0.0154483087542762,-0.0008643061281180305,High
2015-09-04,SVR,1D,1,0.0247736371970385,0.0005864637682012151,High
2015-09-08,SVR,1D,1,-0.0139950357690847,-0.0007279881165170917,High
2015-09-09,SVR,1D,1,0.0052640754449356,-0.0006304505033389637,High
2015-09-10,SVR,1D,1,0.0044770064449862,-0.000599463889734744,High
2015-09-11,SVR,1D,1,-0.0040980412230438,-0.0005871691788984414,High
2015-09-14,SVR,1D,1,0.0127496876314323,-0.0010955046343389448,High
2015-09-15,SVR,1D,1,0.0086677407153759,-0.0015995395650782226,High
2015-09-16,SVR,1D,1,-0.00256434444256,-0.0009034696032274355,High
2015-09-17,SVR,1D,1,-0.0162962309543835,-0.0015637232922694807,High
2015-09-18,SVR,1D,1,0.0045553920336726,-0.0006349802556735919,High
2015-09-21,SVR,1D,1,-0.0123949300193783,0.0013171337856392688,High
2015-09-22,SVR,1D,1,-0.0020507442295939,0.00025783431832741323,High
2015-09-23,SVR,1D,1,-0.0033686518713064,0.000760493345078975,High
2015-09-24,SVR,1D,1,-0.0004659018012205,-0.0013382616880859618,High
2015-09-25,SVR,1D,1,-0.0260012111628091,-0.0005000025542786831,High
2015-09-28,SVR,1D,1,0.0012320939129817,0.0014160463687513756,High
2015-09-29,SVR,1D,1,0.0188958986035651,0.0014444453803146105,High
2015-09-30,SVR,1D,1,0.0019719386783371,0.0014527234311998236,High
2015-10-01,SVR,1D,1,0.0142137930164055,9.928934473055553e-06,High
2015-10-02,SVR,1D,1,0.0181245935185021,-0.0005313213270564023,High
2015-10-05,SVR,1D,1,-0.0035946893441432,0.00025073160194500656,High
2015-10-06,SVR,1D,1,0.0080035198575527,-0.0013473733688399766,High
2015-10-07,SVR,1D,1,0.0087797801445584,-0.0010147586295233043,High
2015-10-08,SVR,1D,1,0.0007248485605153,-0.0006911374536347683,High
2015-10-09,SVR,1D,1,0.001274664477333,-0.0013626712825177602,High
2015-10-12,SVR,1D,1,-0.006848823690127,-0.0009216048060385115,High
2015-10-13,SVR,1D,1,-0.0047274309119391,-0.0017197806109745303,High
2015-10-14,SVR,1D,1,0.014743551351355,-0.0012361973929073313,High
2015-10-15,SVR,1D,1,0.004560061373697,-0.0006285054051424124,High
2015-10-16,SVR,1D,1,0.000270508943873,-0.0005693024415932887,High
2015-10-19,SVR,1D,1,-0.0014221010558937,-0.0010167510587091224,High
2015-10-20,SVR,1D,1,-0.0058424489111342,-0.0008997018200452202,Normal
2015-10-21,SVR,1D,1,0.0164908470125941,-0.0010067597749875198,Normal
2015-10-22,SVR,1D,1,0.0109699539690427,-0.0008366887279254633,High
2015-10-23,SVR,1D,1,-0.0019149330011001,-0.0012995416369289466,High
2015-10-26,SVR,1D,1,-0.0025573858650877,-0.0008152213103346569,Normal
2015-10-27,SVR,1D,1,0.0117704884881434,-0.0007737411838609261,Normal
2015-10-28,SVR,1D,1,-0.0004498753806607,-0.00040068970796255064,Normal
2015-10-29,SVR,1D,1,-0.0048214816884254,-0.0013392016987546409,Normal
2015-10-30,SVR,1D,1,0.0118038763388146,-0.0011199202351823059,Normal
2015-11-02,SVR,1D,1,0.0027243529250675,-0.0003757725167320338,Normal
2015-11-03,SVR,1D,1,-0.0035516669396471,-0.0012215416604729797,Normal
2015-11-04,SVR,1D,1,-0.0011327897564983,-0.0012814807407612924,Normal
2015-11-05,SVR,1D,1,-0.0003476817800236,-0.0005561762195545657,Normal
2015-11-06,SVR,1D,1,-0.0098712906565025,-0.0005628376707403678,Normal
2015-11-09,SVR,1D,1,0.0015094551534496,-0.0010280279276029727,Normal
2015-11-10,SVR,1D,1,-0.0032333073215689,-0.00013114223716679217,Normal
2015-11-11,SVR,1D,1,-0.0140891633366326,-0.0004952420760704814,Normal
2015-11-12,SVR,1D,1,-0.0112706404321554,-0.0005641047134181312,Normal
2015-11-13,SVR,1D,1,0.0147933027942343,0.0001308802499255194,Normal
2015-11-16,SVR,1D,1,-0.0013402770182465,0.000516714704403726,Normal
2015-11-17,SVR,1D,1,0.0160332298771722,-0.0005178972636792952,Normal
2015-11-18,SVR,1D,1,-0.0011237403289792,0.0005643702678735044,Normal
2015-11-19,SVR,1D,1,0.0038029552801494,-3.132263134994137e-06,Normal
2015-11-20,SVR,1D,1,-0.001235623841684,0.00019973337428994854,Normal
2015-11-23,SVR,1D,1,0.0012212499449607,-0.001100586269585235,Normal
2015-11-24,SVR,1D,1,-0.0001291406149671,-0.000739338860859395,Normal
2015-11-25,SVR,1D,1,0.0005934415594808,-0.0003411921289545924,Normal
2015-11-27,SVR,1D,1,-0.0046518001396184,0.00020687367692676963,Normal
2015-11-30,SVR,1D,1,0.0106239389467392,-0.0027441576000831105,Normal
2015-12-01,SVR,1D,1,-0.0110565926394489,0.00028229637216200566,Normal
2015-12-02,SVR,1D,1,-0.01447782644415,-0.0008119158928927613,Normal
2015-12-03,SVR,1D,1,0.0203178563638512,0.00031922576047443453,Normal
2015-12-04,SVR,1D,1,-0.0070140439603977,0.000293028945099064,Normal
2015-12-07,SVR,1D,1,-0.0065110526255945,-0.0007462932256481532,Normal
2015-12-08,SVR,1D,1,-0.0077690863656927,-0.0003218066541359251,Normal
2015-12-09,SVR,1D,1,0.0022488565785946,0.00026890217216651337,Normal
2015-12-10,SVR,1D,1,-0.0196138677558153,0.0006992395249682624,Normal
2015-12-11,SVR,1D,1,0.004744288064068,0.0011250092941294202,High
2015-12-14,SVR,1D,1,0.0105625801059143,0.0015281365725511118,Normal
2015-12-15,SVR,1D,1,0.0144106356507714,0.0008565037262021711,Normal
2015-12-16,SVR,1D,1,-0.0151547766358764,0.0010852051574716196,High
2015-12-17,SVR,1D,1,-0.0179574950071068,-0.0005060918813109879,Normal
2015-12-18,SVR,1D,1,0.0077483067271562,-4.840200634475232e-05,High
2015-12-21,SVR,1D,1,0.0087780955915688,0.0006475934265812531,High
2015-12-22,SVR,1D,1,0.0123415965275538,-7.356447352644367e-05,High
2015-12-23,SVR,1D,1,-0.0015999154038633,-0.0007934476270928439,High
2015-12-24,SVR,1D,1,-0.002180936456306,0.00040579799525490047,High
2015-12-28,SVR,1D,1,0.0105736641730229,-0.001491580124157751,High
2015-12-29,SVR,1D,1,-0.0072433987837785,-0.0006250636348457735,High
2015-12-30,SVR,1D,1,-0.0094564850414678,-0.0013155330199290573,High
2015-12-31,SVR,1D,1,-0.0154220417978059,-0.0006188357737902297,High
2016-01-04,SVR,1D,1,0.0020102041393599,0.00035145171346536754,High
2016-01-05,SVR,1D,1,-0.013202163002626,0.00022311709577593243,High
2016-01-06,SVR,1D,1,-0.0239858165193447,-3.699064370717674e-05,High
2016-01-07,SVR,1D,1,-0.0108975374458479,0.0026850407520220363,High
2016-01-08,SVR,1D,1,0.0008529082958226,0.002718190421155323,High
2016-01-11,SVR,1D,1,0.0077725141177746,0.0011167858340319307,High
2016-01-12,SVR,1D,1,-0.0252823750779089,0.0011186043831404539,High
2016-01-13,SVR,1D,1,0.0165580609343839,0.0013793434964989113,High
2016-01-14,SVR,1D,1,-0.0218357726981623,-4.439429787601e-05,High
2016-01-15,SVR,1D,1,0.0005316801874288,-0.00025382960266072917,High
2016-01-19,SVR,1D,1,-0.0117627660258983,0.001653756080585803,High
2016-01-20,SVR,1D,1,0.005181988635948,0.0017523903485076407,High
2016-01-21,SVR,1D,1,0.0200807268822134,0.0007792862019897987,High
2016-01-22,SVR,1D,1,-0.0157615451728214,0.0001547168165573435,High
2016-01-25,SVR,1D,1,0.0140452378303679,-0.000966201078528536,High
2016-01-26,SVR,1D,1,-0.0109229223005284,7.187549968539798e-05,High
2016-01-27,SVR,1D,1,0.0055133507175915,-0.0007029417664910411,High
2016-01-28,SVR,1D,1,0.0244586509945564,-0.000779763978260203,High
2016-01-29,SVR,1D,1,-0.0004433348455418,-0.001092773849211989,High
2016-02-01,SVR,1D,1,-0.0189209687182314,-0.0005120758055092347,High
2016-02-02,SVR,1D,1,0.004979620021574,-0.0002349279703581838,High
2016-02-03,SVR,1D,1,0.0015255682925234,-0.0006118579496236006,High
2016-02-04,SVR,1D,1,-0.0186541582763518,-0.0005090165882756705,High
2016-02-05,SVR,1D,1,-0.0142550579230573,0.0006523731085072929,High
2016-02-08,SVR,1D,1,-0.0006638406467602,0.0018915719111511301,High
2016-02-09,SVR,1D,1,-0.0001889681307609,0.0008472464835590169,High
2016-02-10,SVR,1D,1,-0.0123774473292562,0.00030128600135732354,High
2016-02-11,SVR,1D,1,0.0193300152070459,0.0018721158994893464,High
2016-02-12,SVR,1D,1,0.0163817377416849,0.0006888205552453373,High
2016-02-16,SVR,1D,1,0.0163461106256413,0.001012532116417478,High
2016-02-17,SVR,1D,1,-0.0046766321239347,1.8329848536858054e-05,High
2016-02-18,SVR,1D,1,-2.60332818018429e-05,9.970428006672062e-05,High
2016-02-19,SVR,1D,1,0.014350731099076,0.00010457181240416426,High
2016-02-22,SVR,1D,1,-0.0125325775707884,-0.0010224970908968758,High
2016-02-23,SVR,1D,1,0.0044299600346319,-0.0011563352585499589,High
2016-02-24,SVR,1D,1,0.0112843667304508,-0.000905608458361273,High
2016-02-25,SVR,1D,1,-0.0018718653295646,0.0002982567423575281,High
2016-02-26,SVR,1D,1,-0.0081541310915717,-0.0010709062088339796,High
2016-02-29,SVR,1D,1,0.0235883854016187,-0.0012562713730868338,High
2016-03-01,SVR,1D,1,0.0040859498611019,0.00013654879802614019,High
2016-03-02,SVR,1D,1,0.0034926343203169,-0.0007880226428366634,High
2016-03-03,SVR,1D,1,0.0033004398659416,-0.0011478030742954112,High
2016-03-04,SVR,1D,1,0.0008846228008639,-0.0011580684040721403,High
2016-03-07,SVR,1D,1,-0.0113037560560061,-0.000369107360698109,High
2016-03-08,SVR,1D,1,0.0050396727828142,-0.0009539420822915253,High
2016-03-09,SVR,1D,1,0.0001557927971226,0.0001924046284466855,High
2016-03-10,SVR,1D,1,0.0162625455888514,-0.0002500116621234529,High
2016-03-11,SVR,1D,1,-0.0012617686166118,0.0004219011624879924,Normal
2016-03-14,SVR,1D,1,-0.0018386309343179,-0.00048116148099987786,Normal
2016-03-15,SVR,1D,1,0.0055847278817799,-0.00024013892324241913,Normal
2016-03-16,SVR,1D,1,0.0065735830685963,-0.00024623445135159815,Normal
2016-03-17,SVR,1D,1,0.0043959672510261,-0.0006946203818730175,Normal
2016-03-18,SVR,1D,1,0.0009850919042923,-0.001539075077291929,Normal
2016-03-21,SVR,1D,1,-0.0008777728967722,-8.218289891945806e-05,Normal
2016-03-22,SVR,1D,1,-0.0064065095306671,-0.0007774848402841063,Normal
2016-03-23,SVR,1D,1,-0.0003781417793768,-0.0009859280163346303,Normal
2016-03-24,SVR,1D,1,0.0005451068880723,-0.0005488726926788558,Normal
2016-03-28,SVR,1D,1,0.0087780120542374,-0.0004924560182273854,Normal
2016-03-29,SVR,1D,1,0.0043408799935662,-0.0004455178039966031,Normal
2016-03-30,SVR,1D,1,-0.0020418423596207,-0.0003905670826805704,Low
2016-03-31,SVR,1D,1,0.0063109590665997,-0.0006425599812014595,Low
2016-04-01,SVR,1D,1,-0.0032134800458546,-0.0005140015189374399,Low
2016-04-04,SVR,1D,1,-0.0101962984117945,-0.0010297616785889165,Low
2016-04-05,SVR,1D,1,0.0104527979320131,-0.001013490768617292,Low
2016-04-06,SVR,1D,1,-0.0120480739700048,0.0001304486014149179,Low
2016-04-07,SVR,1D,1,0.0027827026046162,-0.0005776153536243608,Normal
2016-04-08,SVR,1D,1,-0.0027435458896038,6.528402661485667e-05,Normal
2016-04-11,SVR,1D,1,0.0096157538813899,-0.00032949842332201905,Low
2016-04-12,SVR,1D,1,0.0099900697685578,0.00018035456409710472,Low
2016-04-13,SVR,1D,1,0.0001729124301324,-0.0002835353164805706,Low
2016-04-14,SVR,1D,1,-0.0009847695761459,0.00011239720942558297,Low
2016-04-15,SVR,1D,1,0.0065197256137979,-0.0004503869977762944,Low
2016-04-18,SVR,1D,1,0.0030797379028665,-0.00031805916933278465,Low
2016-04-19,SVR,1D,1,0.0007612550492345,-0.0010558449333144867,Low
2016-04-20,SVR,1D,1,-0.005207562857292,-0.0008853988455988695,Low
2016-04-21,SVR,1D,1,4.785857954074228e-05,-0.0005047718338755443,Low
2016-04-22,SVR,1D,1,-0.0018136896207629,0.00012278431247541612,Low
2016-04-25,SVR,1D,1,0.0018710001742369,-0.0005541670019799019,Low
2016-04-26,SVR,1D,1,0.0016479941117468,-0.0002797776195396836,Low
2016-04-27,SVR,1D,1,-0.0092736360615616,-0.0003716143055121548,Low
2016-04-28,SVR,1D,1,-0.0050759492305571,-0.0002527096822936333,Low
2016-04-29,SVR,1D,1,0.0077796066972441,-0.00020997210568230416,Low
2016-05-02,SVR,1D,1,-0.0087144993883958,0.0005169480984538125,Low
2016-05-03,SVR,1D,1,-0.0059545827054725,-0.00024028386444568083,Low
2016-05-04,SVR,1D,1,-0.0002390366927941,0.00014631033199642186,Low
2016-05-05,SVR,1D,1,0.0031696105535526,0.0006615289311740023,Low
2016-05-06,SVR,1D,1,0.0007532133076099,0.0006735481860787682,Low
2016-05-09,SVR,1D,1,0.0124063652360373,-0.00010294037668945842,Low
2016-05-10,SVR,1D,1,-0.0096075228778687,0.0005568858684828152,Low
2016-05-11,SVR,1D,1,-0.0001694792679642,-0.000483882954465378,Low
2016-05-12,SVR,1D,1,-0.0085144341617524,-0.0001172276971359628,Low
2016-05-13,SVR,1D,1,0.0097489763896127,-0.00029746190393400117,Low
2016-05-16,SVR,1D,1,-0.0094558635521628,-0.00015161619778144252,Low
2016-05-17,SVR,1D,1,0.0002051576864012,-0.000917580287546493,Low
2016-05-18,SVR,1D,1,-0.0037135945227206,0.00013586367870290807,Low
2016-05-19,SVR,1D,1,0.0060014592228046,6.74923704319045e-05,Low
2016-05-20,SVR,1D,1,-0.0020876365681016,0.0006241939253647608,Low
2016-05-23,SVR,1D,1,0.0135886375339901,-0.0004559711169368121,Low
2016-05-24,SVR,1D,1,0.0069505296515834,0.00024974072117916503,Normal
2016-05-25,SVR,1D,1,-0.0002104660499285,-0.0002080441718664474,Normal
2016-05-26,SVR,1D,1,0.0042776949394394,0.0001646647848938896,Normal
2016-05-27,SVR,1D,1,-0.0010057686205899,-0.00036260852005544873,Normal
2016-05-31,SVR,1D,1,0.0011343986539261,-0.001246733413414849,Normal
2016-06-01,SVR,1D,1,0.0028206961669861,-0.00041693763533496263,Low
2016-06-02,SVR,1D,1,-0.0029160622366948,-9.974918126543462e-05,Low
2016-06-03,SVR,1D,1,0.0048853285193636,-1.943369791110837e-05,Low
2016-06-06,SVR,1D,1,0.0012886156291976,-0.0001688484387573127,Low
2016-06-07,SVR,1D,1,0.0033041019719547,-0.00015280251307141744,Low
2016-06-08,SVR,1D,1,-0.0017192355978938,-3.256388360009174e-06,Low
2016-06-09,SVR,1D,1,-0.0092175324101661,-0.00012042783811071732,Low
2016-06-10,SVR,1D,1,-0.0081482987897094,-0.00017324117470496857,Low
2016-06-13,SVR,1D,1,-0.0018005050719719,0.0006162909473735132,Low
2016-06-14,SVR,1D,1,-0.0018424090638101,0.0009833724628841387,Low
2016-06-15,SVR,1D,1,0.0031280931110455,0.0012852266355276813,Low
2016-06-16,SVR,1D,1,-0.0032632841446089,0.0012031726204918079,Low
2016-06-17,SVR,1D,1,0.0057913827784231,0.000756055475507245,Low
2016-06-20,SVR,1D,1,0.0027083906042097,0.0015418260538751592,Low
2016-06-21,SVR,1D,1,-0.0016529289965758,0.0007187406982570813,Low
2016-06-22,SVR,1D,1,0.0132755670719551,-8.48650166533401e-05,Low
2016-06-23,SVR,1D,1,-0.0365807928055826,0.0019776493058512676,Low
2016-06-24,SVR,1D,1,-0.0182622465117027,0.002747068599832656,Normal
2016-06-27,SVR,1D,1,0.0176141216040879,0.0017996604247739138,Normal
2016-06-28,SVR,1D,1,0.0168892429712539,0.0012752827492869632,High
2016-06-29,SVR,1D,1,0.0134738631494661,0.0002510664608995992,High
2016-06-30,SVR,1D,1,0.001946706293032,-0.0008974611430957093,High
2016-07-01,SVR,1D,1,-0.0068710289855987,0.0008638157723079801,High
2016-07-05,SVR,1D,1,0.0053386870582759,-0.0009312003701922363,High
2016-07-06,SVR,1D,1,-0.000871957886733,-0.0012898062591761347,High
2016-07-07,SVR,1D,1,0.0151381865659924,-0.001304382633617018,High
2016-07-08,SVR,1D,2,0.0034028193119982,-0.0009981062378271839,High
2016-07-11,SVR,1D,2,0.0069848423073457,-0.0012527155871535879,High
2016-07-12,SVR,1D,2,0.0001347586749817,-0.0011774383475952994,High
2016-07-13,SVR,1D,2,0.0052454228016969,-0.0007766959477431524,High
2016-07-14,SVR,1D,2,-0.0009293790598711,-0.000938467698202255,High
2016-07-15,SVR,1D,2,0.0023794618218687,-0.0012574041207997872,High
2016-07-18,SVR,1D,2,-0.0014362045004153,-0.0008523091133670719,High
2016-07-19,SVR,1D,2,0.0042612083157639,-0.0007704148439249654,High
2016-07-20,SVR,1D,2,-0.0036190698565249,-0.0009132078328003524,High
2016-07-21,SVR,1D,2,0.0045436267895102,-0.0014374397880057117,High
2016-07-22,SVR,1D,2,-0.0030160187399297,-0.00037933641467105214,High
2016-07-25,SVR,1D,2,0.0003227321607194,-0.0012049402184780256,Normal
2016-07-26,SVR,1D,2,-0.0011992609468086,-0.00046953397062670884,Normal
2016-07-27,SVR,1D,2,0.0016049204480924,-0.00015367812213766215,Low
2016-07-28,SVR,1D,2,0.0016299801176578,7.503211043586081e-05,Low
2016-07-29,SVR,1D,2,-0.001270594147491,-0.0001310364918121166,Low
2016-08-01,SVR,1D,2,-0.0063819408126676,-0.0004625431517680074,Low
2016-08-02,SVR,1D,2,0.003129042716071,-0.0007400917014188208,Low
2016-08-03,SVR,1D,2,0.000212549299489,-3.9996036475444885e-05,Low
2016-08-04,SVR,1D,2,0.00856669728938,-0.00020699985501867698,Low
2016-08-05,SVR,1D,2,-0.0009075772915415,-3.142576711802022e-05,Low
2016-08-08,SVR,1D,2,0.0003897179865559,-0.0004937692236980341,Low
2016-08-09,SVR,1D,2,-0.0028687970634882,-0.0005288313457320582,Low
2016-08-10,SVR,1D,2,0.0047234151024436,-0.000900623721956439,Low
2016-08-11,SVR,1D,2,-0.000796363386914,-0.0005565356148800017,Low
2016-08-12,SVR,1D,2,0.0027890162945217,-0.00073560026315948,Low
2016-08-15,SVR,1D,2,-0.0054941422164782,-0.0007024471423135138,Low
2016-08-16,SVR,1D,2,0.0018668460061555,-0.0008968982208974569,Low
2016-08-17,SVR,1D,2,0.0021972016963824,-0.00036140293733528625,Low
2016-08-18,SVR,1D,2,-0.0014413095687681,-0.00043104629655727985,Low
2016-08-19,SVR,1D,2,-0.0005634818833231,-0.0004886003931800049,Low
2016-08-22,SVR,1D,2,0.0019498671783617,-0.0010099515408368393,Low
2016-08-23,SVR,1D,2,-0.0052540552596718,-0.0005054147902309426,Low
2016-08-24,SVR,1D,2,-0.0013661603966454,-0.00096444676864765,Low
2016-08-25,SVR,1D,2,-0.0015800642387132,-0.0003767084008005734,Low
2016-08-26,SVR,1D,2,0.0052144284286743,-0.00042243369611426004,Low
2016-08-29,SVR,1D,2,-0.0019555914071227,5.3945005156961134e-05,Low
2016-08-30,SVR,1D,2,-0.0023786911055626,-0.0006768701547442103,Low
2016-08-31,SVR,1D,2,-4.138538941144249e-05,-0.000594688115374425,Low
2016-09-01,SVR,1D,2,0.0041922415990346,-0.00031132413291390056,Low
2016-09-02,SVR,1D,2,0.0029772423700053,0.00021422426326682723,Low
2016-09-06,SVR,1D,2,-0.0001463959382934,-0.0009744110828591968,Low
2016-09-07,SVR,1D,2,-0.0022254881924702,-0.0004702516560011439,Low
2016-09-08,SVR,1D,2,-0.0248277424108364,-0.0009078227664425754,Low
2016-09-09,SVR,1D,2,0.0145703872334344,-0.001303265276191245,Low
2016-09-12,SVR,1D,2,-0.0149417482782108,2.8132900788516635e-05,Normal
2016-09-13,SVR,1D,2,-0.0005878493998128,-0.000874932756664556,Normal
2016-09-14,SVR,1D,2,0.0100585164494398,0.0005517561713548646,Normal
2016-09-15,SVR,1D,2,-0.0037794277955721,0.00048366413090645036,Normal
2016-09-16,SVR,1D,2,-1.8603233824686035e-05,1.7981903383844974e-06,Normal
2016-09-19,SVR,1D,2,0.0002990934842341,-0.0005314532963283625,Normal
2016-09-20,SVR,1D,2,0.0108580003336359,5.742886989959983e-06,Normal
2016-09-21,SVR,1D,2,0.0064787519176421,0.00011223871125541954,Normal
2016-09-22,SVR,1D,2,-0.0057532929597187,-0.0004984044875778993,Normal
2016-09-23,SVR,1D,2,-0.008624850117916,-0.0006682379713733278,Normal
2016-09-26,SVR,1D,2,0.0064234951652981,-0.0013929160691551724,Normal
2016-09-27,SVR,1D,2,0.0052825766036424,-0.00021583455925316638,Normal
2016-09-28,SVR,1D,2,-0.0093651277300811,-0.000914265070496686,Normal
2016-09-29,SVR,1D,2,0.0079363925880277,-0.0012330436862220651,Normal
2016-09-30,SVR,1D,2,-0.0032660231815271,-8.003739906884918e-05,Normal
2016-10-03,SVR,1D,2,-0.004967881786362,-0.00018783531001731143,Normal
2016-10-04,SVR,1D,2,0.0042874862311969,-0.0008540817532427492,Normal
2016-10-05,SVR,1D,2,0.0004814438526045,-0.00048789638972470913,Normal
2016-10-06,SVR,1D,2,-0.0032587874416142,-0.00021900810650573818,Normal
2016-10-07,SVR,1D,2,0.0045953303173243,-0.0009478277172756367,Normal
2016-10-10,SVR,1D,2,-0.0125245776977559,8.89110519915518e-06,Normal
2016-10-11,SVR,1D,2,0.0011459322063988,-0.0008192024981874791,Low
2016-10-12,SVR,1D,2,-0.0031040764122339,-6.396833847413194e-05,Low
2016-10-13,SVR,1D,2,0.0002015841591211,-0.00040903505457102704,Low
2016-10-14,SVR,1D,2,-0.0030426181118402,0.0006038312638065623,Low
2016-10-17,SVR,1D,2,0.0061415056056986,0.00017558142876101016,Low
2016-10-18,SVR,1D,2,0.0021895721553504,0.0005268813497443824,Low
2016-10-19,SVR,1D,2,-0.0013766711313809,3.8199399985869775e-05,Low
2016-10-20,SVR,1D,2,-8.414514015477906e-05,-7.215543685571931e-05,Low
2016-10-21,SVR,1D,2,0.0047385946474273,-0.00042701962906946064,Low
2016-10-24,SVR,1D,2,-0.0038049574647063,-0.00035823379996280055,Low
2016-10-25,SVR,1D,2,-0.0017419279211872,-0.0009766823234857553,Low
2016-10-26,SVR,1D,2,-0.0029911959060088,-0.0007953158562937596,Low
2016-10-27,SVR,1D,2,-0.003113140139625,-0.0006736024779848938,Low
2016-10-28,SVR,1D,2,-0.0001222838841985,-0.0003010322372746894,Low
2016-10-31,SVR,1D,2,-0.006810019108735,-0.0002634043225618716,Low
2016-11-01,SVR,1D,2,-0.006546884453454,-3.815724804344064e-05,Low
2016-11-02,SVR,1D,2,-0.0044332130226093,0.0004928846395656249,Low
2016-11-03,SVR,1D,2,-0.0016675202716929,0.00018945862288813667,Low
2016-11-04,SVR,1D,2,0.0219801997294649,0.0011014927617126779,Low
2016-11-07,SVR,1D,2,0.0037648783971575,0.0014077709685064754,Normal
2016-11-08,SVR,1D,2,0.011016119879656,0.00017353289461219715,Low
2016-11-09,SVR,1D,2,0.0019488457160953,0.00043158488008728283,Low
2016-11-10,SVR,1D,2,-0.0013989283477976,-0.0008885429584817412,Low
2016-11-11,SVR,1D,2,-0.0001155094571832,-0.00016972754859360625,Low
2016-11-14,SVR,1D,2,0.0074529550220894,-0.0015079092320873062,Low
2016-11-15,SVR,1D,2,-0.0015835165223759,-3.913018029201251e-05,Low
2016-11-16,SVR,1D,2,0.0046654693611979,-0.0009020403275715012,Low
2016-11-17,SVR,1D,2,-0.0023896513655484,-0.0003936582305288478,Low
2016-11-18,SVR,1D,2,0.0074337020708738,-0.00017469059936267247,Low
2016-11-21,SVR,1D,2,0.002163091103593,-0.0004942315186693936,Normal
2016-11-22,SVR,1D,2,0.0008076981569088,-0.0010163307149364915,Normal
2016-11-23,SVR,1D,2,0.0039067456134237,-0.00047179372138911,Low
2016-11-25,SVR,1D,2,-0.0052683892547352,-0.00019612344281111035,Low
2016-11-28,SVR,1D,2,0.0013344023532619,-0.0019770576699349555,Normal
2016-11-29,SVR,1D,2,-0.0026569305551563,-0.0005551829909547607,Low
2016-11-30,SVR,1D,2,-0.0035217229667638,-0.0010233487945691645,Low
2016-12-01,SVR,1D,2,0.0003969277200846,-0.00030218581287999265,Low
2016-12-02,SVR,1D,2,0.0058044269267436,0.00019309871211132027,Low
2016-12-05,SVR,1D,2,0.0034050844688746,0.0009338265165747016,Low
2016-12-06,SVR,1D,2,0.0130773587447233,0.00013580112893142918,Low
2016-12-07,SVR,1D,2,0.0021570150168711,-0.0009071454744938696,Low
2016-12-08,SVR,1D,2,0.0059214185329697,-0.0003624693962093579,Low
2016-12-09,SVR,1D,2,-0.0011380822905995,1.747170983443561e-05,Low
2016-12-12,SVR,1D,2,0.0065184832012369,-0.0011837831370106434,Low
2016-12-13,SVR,1D,2,-0.0081502954618586,-0.0005098439629636043,Low
2016-12-14,SVR,1D,2,0.0038757076875535,-0.0008309873167079258,Low
2016-12-15,SVR,1D,2,-0.0017521567509802,-6.715671363048356e-05,Low
2016-12-16,SVR,1D,2,0.0019731727152112,-0.0004321084644223867,Low
2016-12-19,SVR,1D,2,0.0036309124011527,0.0004419836909483087,Low
2016-12-20,SVR,1D,2,-0.0024603857246776,-0.00022652747710233075,Low
2016-12-21,SVR,1D,2,-0.0018647112223965,0.000187978195710276,Low
2016-12-22,SVR,1D,2,0.0012509325350792,-0.0005381221655825464,Low
2016-12-23,SVR,1D,2,0.0022458489045486,5.85091425574951e-05,Low
2016-12-27,SVR,1D,2,-0.0083916407097715,-0.0006571450039262567,Low
2016-12-28,SVR,1D,2,-0.0002933477318683,-0.0007000564720147896,Low
2016-12-29,SVR,1D,2,-0.0046478346968542,-4.8031184762955615e-05,Low
2016-12-30,SVR,1D,2,0.0084507667531571,-0.00019538665189072443,Low
2017-01-03,SVR,1D,2,0.0057059637705494,-2.5679205549907847e-05,Low
2017-01-04,SVR,1D,2,-0.0007709676024811,0.0002890353284963514,Low
2017-01-05,SVR,1D,2,0.003510789180579,1.636472631029776e-05,Low
2017-01-06,SVR,1D,2,-0.0035549054715596,-8.989684851066723e-05,Low
2017-01-09,SVR,1D,2,0.0,-0.00040417212195922544,Low
2017-01-10,SVR,1D,2,0.0028256423891019,-0.0008032134580251533,Low
2017-01-11,SVR,1D,2,-0.0021471123937296,-0.0005598202893690974,Low
2017-01-12,SVR,1D,2,0.0018481313951466,-0.0004355312469054818,Low
2017-01-13,SVR,1D,2,-0.0029719144562184,-0.00033403196992247094,Low
2017-01-17,SVR,1D,2,0.0017622004698093,-0.0006476206424359499,Low
2017-01-18,SVR,1D,2,-0.0036158376243193,-0.0005139192570264679,Low
2017-01-19,SVR,1D,2,0.0033605840612999,-0.0003078481971397313,Low
2017-01-20,SVR,1D,2,-0.0026937496460698,0.00014727407633240478,Low
2017-01-23,SVR,1D,2,0.0065431405289623,-0.0004194749889042499,Low
2017-01-24,SVR,1D,2,0.0079940527959686,-0.0003420066742330608,Low
2017-01-25,SVR,1D,2,-0.0007356549352631,-0.0004524222420137331,Low
2017-01-26,SVR,1D,2,-0.0008668394897415,-0.00022989593448811637,Low
2017-01-27,SVR,1D,2,-0.0060276734960966,-0.0006109559321730957,Low
2017-01-30,SVR,1D,2,-0.0008903016080325,-0.0011162470617847554,Low
2017-01-31,SVR,1D,2,0.0002983189881162,-0.0006739349923901401,Low
2017-02-01,SVR,1D,2,0.000570146838691,-0.00013260952040512427,Low
2017-02-02,SVR,1D,2,0.0072384968545536,-5.426514251535516e-05,Low
2017-02-03,SVR,1D,2,-0.0021175975137091,0.00026984039618660797,Low
2017-02-06,SVR,1D,2,0.0002268034638457,-0.0001253442286308882,Low
2017-02-07,SVR,1D,2,0.0006930821486096,-0.00042147420117675757,Low
2017-02-08,SVR,1D,2,0.0057360637359602,-0.0004811179419549861,Low
2017-02-09,SVR,1D,2,0.003559706822009,-0.00016966845796334237,Low
2017-02-10,SVR,1D,2,0.0052321335840112,-0.0005905831827470976,Low
2017-02-13,SVR,1D,2,0.0039993271956725,-0.00039669889743506833,Low
2017-02-14,SVR,1D,2,0.0049798886657344,-0.00037641925980997867,Low
2017-02-15,SVR,1D,2,-0.0008644916015501,-0.0012566221736090395,Low
2017-02-16,SVR,1D,2,0.0016771493272371,-0.0003281475761263803,Low
2017-02-17,SVR,1D,2,0.0060298500200691,-0.00014219037229290196,Low
2017-02-21,SVR,1D,2,-0.001082786146804,-0.0005088045014541127,Low
2017-02-22,SVR,1D,2,0.0004188989712592,-0.00020108598852503997,Low
2017-02-23,SVR,1D,2,0.0014922502320316,-0.00031257713379727,Low
2017-02-24,SVR,1D,2,0.0010174652677336,4.695574095259702e-06,Low
2017-02-27,SVR,1D,2,-0.0025817061151949,-0.0004234829931445245,Low
2017-02-28,SVR,1D,2,0.0135812110837253,-0.0006859755381739519,Low
2017-03-01,SVR,1D,2,-0.0058771169721052,0.00016759880044990897,Low
2017-03-02,SVR,1D,2,0.0005037503685347,0.0005537332345065848,Low
2017-03-03,SVR,1D,2,-0.0032826227635658,0.0003082831558467063,Low
2017-03-06,SVR,1D,2,-0.0029176259020898,-0.00013552186918798178,Low
2017-03-07,SVR,1D,2,-0.0022868279640638,-0.0002465160340509554,Low
2017-03-08,SVR,1D,2,0.0007995756127663,-0.0006073762335620759,Low
2017-03-09,SVR,1D,2,0.0032633397058585,9.648893132093209e-05,Low
2017-03-10,SVR,1D,2,0.0003665656191696,0.00042968824097778017,Low
2017-03-13,SVR,1D,2,-0.003384748980891,0.0002962217937843186,Low
2017-03-14,SVR,1D,2,0.0083398791246863,-0.0004121246986413497,Low
2017-03-15,SVR,1D,2,-0.0016280347991836,-0.00013867879972958804,Low
2017-03-16,SVR,1D,2,-0.0013151792642314,0.00010530843625885015,Low
2017-03-17,SVR,1D,2,-0.0020119160803802,-0.0009584075606894722,Low
2017-03-20,SVR,1D,2,-0.0124855945901021,9.781803909869927e-05,Low
2017-03-21,SVR,1D,2,0.0018881028474626,-0.000766848001439332,Low
2017-03-22,SVR,1D,2,-0.00106083214483,-0.0003181071253641305,Low
2017-03-23,SVR,1D,2,-0.0008443522139384,7.932808873945462e-06,Low
2017-03-24,SVR,1D,2,-0.0010201075858456,0.0001821748330711919,Low
2017-03-27,SVR,1D,2,0.0072253088296239,8.375127134505533e-06,Low
2017-03-28,SVR,1D,2,0.0010847362038301,0.00022258678731418616,Low
2017-03-29,SVR,1D,2,0.002930810911705,-0.00025467709349793707,Low
2017-03-30,SVR,1D,2,-0.0022575939382668,-0.000623073263478668,Low
2017-03-31,SVR,1D,2,-0.0016434753080133,-0.0008608067976012374,Low
2017-04-03,SVR,1D,2,0.0005593660746613,-0.0004170328401417562,Low
2017-04-04,SVR,1D,2,-0.0030595368115221,-0.0002912258274366498,Low
2017-04-05,SVR,1D,2,0.0019276502937349,-0.0008874392634799467,Low
2017-04-06,SVR,1D,2,-0.0008274724629448,0.00010742804401990872,Low
2017-04-07,SVR,1D,2,0.0006874501357832,-0.0002369282220390063,Low
2017-04-10,SVR,1D,2,-0.0014349082919582,-0.0004848236584738231,Low
2017-04-11,SVR,1D,2,-0.0037670374189869,-0.0004886035398256573,Low
2017-04-12,SVR,1D,2,-0.0068380202898042,6.61042793831145e-05,Low
2017-04-13,SVR,1D,2,0.0085764656911072,0.00025641694634919213,Low
2017-04-17,SVR,1D,2,-0.0029076028458332,0.0006945562899498302,Low
2017-04-18,SVR,1D,2,-0.0017178253968685,-7.746820888494214e-07,Low
2017-04-19,SVR,1D,2,0.0075288503629738,-6.017514040649826e-05,Low
2017-04-20,SVR,1D,2,-0.0030396881071153,0.0004058872444721339,Low
2017-04-21,SVR,1D,2,0.0107817365881118,1.1763571052123478e-05,Low
2017-04-24,SVR,1D,2,0.0060722142117511,0.0007571389259822152,Low
2017-04-25,SVR,1D,2,-0.0004858214756873,-0.0005465419933988437,Low
2017-04-26,SVR,1D,2,0.0005527670002992,-0.0005570203568636379,Low
2017-04-27,SVR,1D,2,-0.00191497947149,-0.0006193371065921183,Low
2017-04-28,SVR,1D,2,0.0017307918268938,-0.0006522358507250854,Low
2017-05-01,SVR,1D,2,0.0011883435858115,-0.0005237550160225558,Low
2017-05-02,SVR,1D,2,-0.0012721693958273,-0.0011409488076751485,Low
2017-05-03,SVR,1D,2,0.0005819332878695,-0.00043489421148405435,Low
2017-05-04,SVR,1D,2,0.0040803594074783,-0.00047548098989303963,Low
2017-05-05,SVR,1D,2,3.7445271907879016e-05,-0.00026024559392074883,Low
2017-05-08,SVR,1D,2,-0.0010257745567932,-0.00010888464854364962,Low
2017-05-09,SVR,1D,2,0.0011299627174494,-0.000723403546680237,Low
2017-05-10,SVR,1D,2,-0.0021651513741066,-0.0006196355357281187,Low
2017-05-11,SVR,1D,2,-0.0014795353407942,-0.000738690128161631,Low
2017-05-12,SVR,1D,2,0.0047651423030152,-0.0003247568690275921,Low
2017-05-15,SVR,1D,2,-0.000687133036986,-0.00035790654618490466,Low
2017-05-16,SVR,1D,2,-0.018345468171115,-0.00045233903637291136,Low
2017-05-17,SVR,1D,2,0.0036800386272159,-0.0022272819717103036,Low
2017-05-18,SVR,1D,2,0.0067447032082007,0.0005099242296395833,Low
2017-05-19,SVR,1D,2,0.0051468632960084,0.0010078835354497583,Low
2017-05-22,SVR,1D,2,0.0018361851723804,0.00023190987770917485,Low
2017-05-23,SVR,1D,2,0.0024860338045762,-0.0003584365897191628,Low
2017-05-24,SVR,1D,2,0.0044321120419781,4.6962654222732414e-05,Low
2017-05-25,SVR,1D,2,0.0003105017853024,-0.001079539280492533,Low
2017-05-26,SVR,1D,2,-0.0012053507295338,-0.0007738621298263133,Low
2017-05-30,SVR,1D,2,-0.0004600746199513,-0.0013227367711713368,Low
2017-05-31,SVR,1D,2,0.0075425955848472,-0.0011123797973266148,Low
2017-06-01,SVR,1D,2,0.003700874618046,-0.00044372953172791226,Low
2017-06-02,SVR,1D,2,-0.0012184071404286,-0.0006832902783248768,Low
2017-06-05,SVR,1D,2,-0.002782908666204,-0.0006419310053195732,Low
2017-06-06,SVR,1D,2,0.0015670287963475,-0.0009494686299134742,Low
2017-06-07,SVR,1D,2,0.0002671690356647,-0.0006756778098828099,Low
2017-06-08,SVR,1D,2,-0.0008303338661872,-0.0007492824266389609,Low
2017-06-09,SVR,1D,2,-0.0009792424797181,-0.0009880407335510733,Low
2017-06-12,SVR,1D,2,0.0045013588432301,-0.0007185833045457691,Low
2017-06-13,SVR,1D,2,-0.0009963269653176,0.0003406043923275847,Low
2017-06-14,SVR,1D,2,-0.0022421097968403,-0.0007592453619285312,Low
2017-06-15,SVR,1D,2,0.0002835991500596,-0.0005882929825370665,Low
2017-06-16,SVR,1D,2,0.0083125832068939,-0.0005049984564461619,Low
2017-06-19,SVR,1D,2,-0.0067191604469316,5.223455767643429e-05,Low
2017-06-20,SVR,1D,2,-0.0005828141932715,-0.0006877161658467407,Low
2017-06-21,SVR,1D,2,-0.000455885972438,-0.00029636729503315314,Low
2017-06-22,SVR,1D,2,0.001559698555409,-0.0001289723848380659,Low
2017-06-23,SVR,1D,2,0.0003157519397323,-0.0007510981977635718,Low
2017-06-26,SVR,1D,2,-0.0081055865756729,-0.00032722099812312563,Low
2017-06-27,SVR,1D,2,0.008769501646551,-0.0008201496792562791,Low
2017-06-28,SVR,1D,2,-0.0086372168441413,-8.815068279646406e-05,Low
2017-06-29,SVR,1D,2,0.0015320576108735,-0.001149426864463104,Low
2017-06-30,SVR,1D,2,0.0023081679791475,-0.00019576688979134845,Low
2017-07-03,SVR,1D,2,0.0014522240362887,-3.4851739252574976e-05,Low
2017-07-05,SVR,1D,2,-0.0094129873068661,-0.0009973307610659338,Low
2017-07-06,SVR,1D,2,0.0063827125696158,-0.0012084885418315562,Low
2017-07-07,SVR,1D,2,0.0009273361035125,0.0003996328172335727,Low
2017-07-10,SVR,1D,2,-0.0007829870660821,-0.0005849024966702971,Low
2017-07-11,SVR,1D,2,0.0072790509478214,-0.0005404214329478958,Low
2017-07-12,SVR,1D,2,0.001872829473473,-0.00038064341709667334,Low
2017-07-13,SVR,1D,2,0.0046626161700092,-0.00019069775290937404,Low
2017-07-14,SVR,1D,2,-5.291423670686425e-05,-0.0008207123062466649,Low
2017-07-17,SVR,1D,2,0.0005976786981109,-0.0009935010657028227,Low
2017-07-18,SVR,1D,2,0.0053582582160534,-0.0007942980325092548,Low
2017-07-19,SVR,1D,2,-0.000153671088607,-0.0010953264939098895,Low
2017-07-20,SVR,1D,2,-0.0003679393292088,-0.0006990647671105377,Low
2017-07-21,SVR,1D,2,-0.0010643009954088,-0.0006908993451944479,Low
2017-07-24,SVR,1D,2,0.002918907519898,-0.0006710069682311882,Low
2017-07-25,SVR,1D,2,0.0002826240061194,-0.0010396079767257505,Low
2017-07-26,SVR,1D,2,-0.0009731616373937,-0.000827514760777578,Low
2017-07-27,SVR,1D,2,-0.001342015678116,-0.0008335611630921026,Low
2017-07-28,SVR,1D,2,-0.0007284108345598,-0.000437310764099152,Low
2017-07-31,SVR,1D,2,0.0024461207749384,-0.00038631252422774106,Low
2017-08-01,SVR,1D,2,0.0004925274073474,-0.0004026805782636584,Low
2017-08-02,SVR,1D,2,-0.0021860418349456,-0.0005296094691639409,Low
2017-08-03,SVR,1D,2,0.0018873214175395,-0.000540848342219385,Low
2017-08-04,SVR,1D,2,0.0016458446442804,4.282065003991301e-05,Low
2017-08-07,SVR,1D,3,-0.0024173522303853,0.00015030620268357284,Low
2017-08-08,SVR,1D,3,-0.0003636747927123,-0.000658918142301229,Low
2017-08-09,SVR,1D,3,-0.0145802184007415,5.7197810187764684e-05,Low
2017-08-10,SVR,1D,3,0.0012747571279871,-0.0012423616672786963,Low
2017-08-11,SVR,1D,3,0.0099936512460494,0.0009727968398489024,Low
2017-08-14,SVR,1D,3,-0.0004989323268834,0.0014764159155220336,Low
2017-08-15,SVR,1D,3,0.0014190955233323,0.0004780726348550175,Low
2017-08-16,SVR,1D,3,-0.0155573424871914,0.0002502798145591818,Low
2017-08-17,SVR,1D,3,-0.0018370536613519,-0.0008029635217545682,Low
2017-08-18,SVR,1D,3,0.0011619757145661,0.0004087333370128899,Low
2017-08-21,SVR,1D,3,0.009891695260625,0.00039977402092328815,Low
2017-08-22,SVR,1D,3,-0.003459570132639,0.0005355870138169573,Low
2017-08-23,SVR,1D,3,-0.0020766167471384,-0.00039410586654301796,Low
2017-08-24,SVR,1D,3,0.0016714716689374,0.00015968585618496853,Low
2017-08-25,SVR,1D,3,0.000486953473296,0.00012694849580905396,Low
2017-08-28,SVR,1D,3,0.0008424667620097,-0.0004371523555419059,Low
2017-08-29,SVR,1D,3,0.004604531788061,-0.0008082004176460877,Low
2017-08-30,SVR,1D,3,0.0057046735847135,-1.724736330733492e-05,Low
2017-08-31,SVR,1D,3,0.0019805780423351,-0.0003025839936886764,Low
2017-09-01,SVR,1D,3,-0.0075794585521449,-0.00011265249671681956,Low
2017-09-05,SVR,1D,3,0.0031238424931441,-0.001539475884995417,Low
2017-09-06,SVR,1D,3,-0.0001784520448537,-0.00010113457409569862,Low
2017-09-07,SVR,1D,3,-0.0014899601434577,-0.0003192158160513713,Low
2017-09-08,SVR,1D,3,0.010780975197147,-0.00043563460005138213,Low
2017-09-11,SVR,1D,3,0.0033583025948831,0.0003649207757927737,Low
2017-09-12,SVR,1D,3,0.0007568342480825,0.0001894916770496997,Low
2017-09-13,SVR,1D,3,-0.0011013238508279,-0.0003947547805190437,Low
2017-09-14,SVR,1D,3,0.0018454775461593,-0.0002795206395121096,Low
2017-09-15,SVR,1D,3,0.0014548619291293,-0.0005665161415368352,Low
2017-09-18,SVR,1D,3,0.0011095796167313,-0.00023469068267730755,Low
2017-09-19,SVR,1D,3,0.0006341467023094,-0.00013657261045941496,Low
2017-09-20,SVR,1D,3,-0.0030505659469148,-4.673639330870973e-06,Low
2017-09-21,SVR,1D,3,0.000647583995167,4.5730646756536684e-05,Low
2017-09-22,SVR,1D,3,-0.0022245226998538,-0.00013421266048579397,Low
2017-09-25,SVR,1D,3,7.216412589487934e-05,-0.0004618900435006067,Low
2017-09-26,SVR,1D,3,0.0040768224019879,5.9287987523587524e-05,Low
2017-09-27,SVR,1D,3,0.001203890628938,-7.595707677692789e-05,Low
2017-09-28,SVR,1D,3,0.0036982630684988,0.0002869573550328742,Low
2017-09-29,SVR,1D,3,0.0038665188297123,-0.00013019376552153008,Low
2017-10-02,SVR,1D,3,0.0021565111846609,-9.06458196027137e-05,Low
2017-10-03,SVR,1D,3,0.0012459436611136,-0.000249458705467978,Low
2017-10-04,SVR,1D,3,0.0056309040312927,-0.0002795278520927951,Low
2017-10-05,SVR,1D,3,-0.0010742111652397,-5.859504062241108e-05,Low
2017-10-06,SVR,1D,3,-0.0018060638680135,-0.00038981904089186717,Low
2017-10-09,SVR,1D,3,0.002319719630478,-0.00026975150908880577,Low
2017-10-10,SVR,1D,3,0.0018018829296635,-0.00015487308159328186,Low
2017-10-11,SVR,1D,3,-0.0016881771203513,3.622138549543583e-05,Low
2017-10-12,SVR,1D,3,0.0008777220048463,-0.0002542245327223163,Low
2017-10-13,SVR,1D,3,0.0017492225323057,0.00014371466054670943,Low
2017-10-16,SVR,1D,3,0.0006723529054339,-5.595397217041933e-05,Low
2017-10-17,SVR,1D,3,0.0007420595113295,-0.00020339548936952048,Low
2017-10-18,SVR,1D,3,0.0003279441150104,6.466696105183198e-05,Low
2017-10-19,SVR,1D,3,0.0051037961850303,-2.452240572149147e-05,Low
2017-10-20,SVR,1D,3,-0.0039803953129971,-9.130467338684103e-05,Low
2017-10-23,SVR,1D,3,0.001616600874558,-0.00043647133673714025,Low
2017-10-24,SVR,1D,3,-0.0046739556872599,6.919309340321653e-05,Low
2017-10-25,SVR,1D,3,0.0012701392506023,-4.653490209159108e-05,Low
2017-10-26,SVR,1D,3,0.008040609979727,0.00014521761204198133,Low
2017-10-27,SVR,1D,3,-0.0031975773767407,0.0004652782679191226,Low
2017-10-30,SVR,1D,3,0.0009440129366793,-0.0001126559723588715,Low
2017-10-31,SVR,1D,3,0.0015908441079038,1.550020790207782e-05,Low
2017-11-01,SVR,1D,3,0.0001899477696667,-2.4539887999533352e-05,Low
2017-11-02,SVR,1D,3,0.0030922893263143,-0.0001405407216709064,Low
2017-11-03,SVR,1D,3,0.0012704438847764,-7.694832752710903e-06,Low
2017-11-06,SVR,1D,3,-0.0001891208050819,-0.0001241675984284484,Low
2017-11-07,SVR,1D,3,0.0014426139320604,-0.0004093274107691085,Low
2017-11-08,SVR,1D,3,-0.0037689813393701,-8.808914056781516e-05,Low
2017-11-09,SVR,1D,3,-0.0008980469760537,-0.0003963081087104219,Low
2017-11-10,SVR,1D,3,0.000983150911293,-0.00010083670057912377,Low
2017-11-13,SVR,1D,3,-0.0023122805602819,0.00021286679787880245,Low
2017-11-14,SVR,1D,3,-0.0055409987421236,0.00024715040458301316,Low
2017-11-15,SVR,1D,3,0.0081626527829724,-0.00013457495811365064,Low
2017-11-16,SVR,1D,3,-0.0026294169788973,0.0009280218351229081,Low
2017-11-17,SVR,1D,3,0.0012748698887901,0.0005715835270790949,Low
2017-11-20,SVR,1D,3,0.0065198388797526,0.00048190014188661265,Low
2017-11-21,SVR,1D,3,-0.0007505427033295,0.0003795008751542651,Low
2017-11-22,SVR,1D,3,0.0020539842782319,0.00019777393799475526,Low
2017-11-24,SVR,1D,3,-0.0003843315868032,0.00020713009829583526,Low
2017-11-27,SVR,1D,3,0.0098003321967936,-0.0009179692161888158,Low
2017-11-28,SVR,1D,3,-0.0003692938827907,-0.0005006897851408481,Low
2017-11-29,SVR,1D,3,0.0081575866628111,-0.0005813649263049585,Low
2017-11-30,SVR,1D,3,-0.0020265829358053,-0.00044167447443387844,Low
2017-12-01,SVR,1D,3,-0.0010527105492864,-6.898189067037477e-05,Low
2017-12-04,SVR,1D,3,-0.0037463905259553,-6.084124979229824e-05,Low
2017-12-05,SVR,1D,3,-0.0001141121705303,7.338802690179955e-05,Low
2017-12-06,SVR,1D,3,0.0029280670101093,0.0004071293258842202,Low
2017-12-07,SVR,1D,3,0.0054912020355181,0.00023491684089431983,Low
2017-12-08,SVR,1D,3,0.0031968421216958,0.0004815591388138891,Low
2017-12-11,SVR,1D,3,0.0015477237220895,0.00024312993920352086,Low
2017-12-12,SVR,1D,3,-0.0004730689701501,-0.00022960697965809232,Low
2017-12-13,SVR,1D,3,-0.0040791677307626,-8.171812754829413e-05,Low
2017-12-14,SVR,1D,3,0.0089343134101427,-0.00013329524659015093,Low
2017-12-15,SVR,1D,3,0.0053484785795975,-0.00019322275385132972,Low
2017-12-18,SVR,1D,3,-0.0032354980431185,0.0002432973685565277,Low
2017-12-19,SVR,1D,3,-0.0008282360735725,-9.623773885797295e-06,Low
2017-12-20,SVR,1D,3,0.0019836870126583,0.00029890543813736745,Low
2017-12-21,SVR,1D,3,-0.0004582716381137,0.0001705049888251959,Low
2017-12-22,SVR,1D,3,-0.0010589757000585,-3.353625887440306e-05,Low
2017-12-26,SVR,1D,3,0.0007906283102422,0.0001108171337445619,Low
2017-12-27,SVR,1D,3,0.0018323190029195,0.0002410707968308807,Low
2017-12-28,SVR,1D,3,-0.0051966322927482,0.00035148750763246703,Low
2017-12-29,SVR,1D,3,0.0082690782183981,-0.0003069032917661029,Low
2018-01-02,SVR,1D,3,0.006378433243936,0.00013569507551560453,Low
2018-01-03,SVR,1D,3,0.0040205428553269,0.00023486441155239632,Low
2018-01-04,SVR,1D,3,0.0070091458885853,-0.0001747187955571188,Low
2018-01-05,SVR,1D,3,0.0016609637672969,-6.227151151886592e-05,Low
2018-01-08,SVR,1D,3,0.0013020835172984,-6.31686918430934e-05,Low
2018-01-09,SVR,1D,3,-0.0011128458115206,-0.0005857579171238219,Low
2018-01-10,SVR,1D,3,0.007009025768882,-9.69809952220623e-05,Low
2018-01-11,SVR,1D,3,0.006726926399094,-0.0001766426129598069,Low
2018-01-12,SVR,1D,3,-0.0035307132616026,-0.0002702961954626575,Low
2018-01-16,SVR,1D,3,0.009371006206502,-0.0007274090591058934,Low
2018-01-17,SVR,1D,3,-0.0016176974974736,0.00020879720523658005,Low
2018-01-18,SVR,1D,3,0.0043756479869901,0.0003431890814274475,Low
2018-01-19,SVR,1D,3,0.0080343643822132,0.0004380353732807347,Low
2018-01-22,SVR,1D,3,0.0021720049682223,0.0002004074004735624,Low
2018-01-23,SVR,1D,3,-0.000560132547232,0.00047231377580029274,Low
2018-01-24,SVR,1D,3,0.0006024393988328,-0.000264685369083703,Low
2018-01-25,SVR,1D,3,0.0117716381060841,0.0004193169059320185,Low
2018-01-26,SVR,1D,3,-0.006754736284863,0.0004822360647590896,Low
2018-01-29,SVR,1D,3,-0.010958642805337,-0.0008672439615263149,Low
2018-01-30,SVR,1D,3,0.0004888658586947,0.0005188192238521129,Low
2018-01-31,SVR,1D,3,-0.0006482983520233,0.0011410203542301573,Low
2018-02-01,SVR,1D,3,-0.0214366805166988,0.0008448383491784423,Low
2018-02-02,SVR,1D,3,-0.0418425409383814,0.00019763194025053952,Normal
2018-02-05,SVR,1D,3,0.017290573348937,0.004792450569110712,High
2018-02-06,SVR,1D,3,-0.0050141382237526,0.0016197219232280875,High
2018-02-07,SVR,1D,3,-0.0382590522458017,0.0028226726772907413,High
2018-02-08,SVR,1D,3,0.0148256451995243,0.00598830101214908,High
2018-02-09,SVR,1D,3,0.0138186656781862,0.0016020808415773886,High
2018-02-12,SVR,1D,3,0.0026095219802775,0.0019038927663639683,High
2018-02-13,SVR,1D,3,0.013313439808897,0.00037573498260995994,High
2018-02-14,SVR,1D,3,0.0119968617767752,0.0004265613502819122,High
2018-02-15,SVR,1D,3,0.0003733996499216,-0.00035592757992692617,High
2018-02-16,SVR,1D,3,-0.0058585171068373,-0.0015256531686170748,High
2018-02-20,SVR,1D,3,-0.0055116644833109,-0.0014296198811306559,High
2018-02-21,SVR,1D,3,0.0009730774855778,-0.0005013697488529477,High
2018-02-22,SVR,1D,3,0.015901278245121,-0.0006069462092413796,High
2018-02-23,SVR,1D,3,0.0116884386206273,-0.0005971017845429415,High
2018-02-26,SVR,1D,3,-0.0127883114414675,-0.0010591775892710375,High
2018-02-27,SVR,1D,3,-0.011157806083656,-0.001426358340040798,High
2018-02-28,SVR,1D,3,-0.0134139658548764,-0.00015817744034674888,High
2018-03-01,SVR,1D,3,0.0050587854851985,-0.0001014553729765332,High
2018-03-02,SVR,1D,3,0.0109716176105265,-0.0002322061887736148,High
2018-03-05,SVR,1D,3,0.0026353829319968,-0.00020504348444710377,High
2018-03-06,SVR,1D,3,-0.0004839918257163,0.0011431324616629408,High
2018-03-07,SVR,1D,3,0.0044531482088846,-1.9729388732272948e-05,High
2018-03-08,SVR,1D,3,0.0172295467412075,0.0003262257457993579,High
2018-03-09,SVR,1D,3,-0.0012747973379984,-0.00010179146529682706,Normal
2018-03-12,SVR,1D,3,-0.0063839104143147,-0.0010084876087875587,Normal
2018-03-13,SVR,1D,3,-0.0057409698251887,-0.0004930084324632849,Normal
2018-03-14,SVR,1D,3,-0.0007822363990965,-0.0002673298657973832,Normal
2018-03-15,SVR,1D,3,0.0017019979472317,-9.041779201488789e-05,Normal
2018-03-16,SVR,1D,3,-0.0143060405413734,-0.0008126188559661545,Normal
2018-03-19,SVR,1D,3,0.0014807086617189,-0.00013046394930003305,Normal
2018-03-20,SVR,1D,3,-0.0018456921256294,0.0007304211434998932,Normal
2018-03-21,SVR,1D,3,-0.0254848869728544,0.0003539292259554989,Normal
2018-03-22,SVR,1D,3,-0.0211898073117506,0.00013178806708106236,High
2018-03-23,SVR,1D,3,0.0267950407060353,0.0017518012886830387,High
2018-03-26,SVR,1D,3,-0.0174272856453219,0.00021542044907456879,High
2018-03-27,SVR,1D,3,-0.0029209188994626,0.0005765724998966272,High
2018-03-28,SVR,1D,3,0.0136757774938434,0.001294569468900475,High
2018-03-29,SVR,1D,3,-0.0225906823434958,0.0011504668492550358,High
2018-04-02,SVR,1D,3,0.012535961315741,-0.000647809936255414,High
2018-04-03,SVR,1D,3,0.0115001023464467,-0.0005040163421737658,High
2018-04-04,SVR,1D,3,0.0068394214016512,-0.0009026669513136298,High
2018-04-05,SVR,1D,3,-0.0221640670570649,-0.0003836868040073215,High
2018-04-06,SVR,1D,3,0.0033309949675928,-0.001058159197194633,High
2018-04-09,SVR,1D,3,0.016588598996314,-0.0009816737935709001,High
2018-04-10,SVR,1D,3,-0.0055406857724611,-0.0010141734577579996,High
2018-04-11,SVR,1D,3,0.008216898697657,-0.0008940906598721514,High
2018-04-12,SVR,1D,3,-0.0028907998267066,-0.0004268503414607077,High
2018-04-13,SVR,1D,3,0.008076336801563,-0.0005577574197722728,High
2018-04-16,SVR,1D,3,0.0106050716138667,-0.0013163307222230024,High
2018-04-17,SVR,1D,3,0.0008310204075532,-0.00153087463150669,High
2018-04-18,SVR,1D,3,-0.0057425817958325,-0.0015699348074380225,High
2018-04-19,SVR,1D,3,-0.0085731771883527,-0.001631884866341715,High
2018-04-20,SVR,1D,3,5.623011118453955e-05,-0.0006220881737637684,High
2018-04-23,SVR,1D,3,-0.0134708880064751,-0.0002954496728317462,High
2018-04-24,SVR,1D,3,0.0018353742328236,-0.0014564955511781551,High
2018-04-25,SVR,1D,3,0.0103801441873769,0.0002978643263426479,High
2018-04-26,SVR,1D,3,0.0011130052713638,4.218302269647653e-05,High
2018-04-27,SVR,1D,3,-0.0082211925489212,-0.0003814999464502532,High
2018-04-30,SVR,1D,3,0.0025458021710273,-0.0004487543227374379,Normal
2018-05-01,SVR,1D,3,-0.0072319512014023,-0.0006308912782720193,Normal
2018-05-02,SVR,1D,3,-0.002256217585064,-0.0010068204095253718,Normal
2018-05-03,SVR,1D,3,0.0127298100283349,-0.0008890555623667306,Normal
2018-05-04,SVR,1D,3,0.0034519805549899,-0.00015437162044635569,Normal
2018-05-07,SVR,1D,3,-0.0002656766117338,-0.0001470688585342799,Normal
2018-05-08,SVR,1D,3,0.0096356479348687,-0.0007284184038333029,Normal
2018-05-09,SVR,1D,3,0.0093270116038483,-0.0002262361742474627,Normal
2018-05-10,SVR,1D,3,0.0017061392709612,-0.0007124392874668594,Normal
2018-05-11,SVR,1D,3,0.0008830995101265,-0.0009387197733436519,Normal
2018-05-14,SVR,1D,3,-0.0068656550439908,-0.0011226548583533834,Normal
2018-05-15,SVR,1D,3,0.0040523398475144,-0.0015412671359906426,Normal
2018-05-16,SVR,1D,3,-0.0008562387886101,-0.0006015522461925381,Normal
2018-05-17,SVR,1D,3,-0.0026356652545503,-0.0009619184455131129,Normal
2018-05-18,SVR,1D,3,0.0073596045479333,-0.00041696339857765765,Normal
2018-05-21,SVR,1D,3,-0.0031406885928751,-0.0002942692067174012,Normal
2018-05-22,SVR,1D,3,0.0032431452068987,-0.00041446592288564,Low
2018-05-23,SVR,1D,3,-0.0020252629577225,-0.00038727381376298933,Low
2018-05-24,SVR,1D,3,-0.0023600030541859,-0.0005035525584805938,Low
2018-05-25,SVR,1D,3,-0.0116315725117922,-0.000544411521451718,Low
2018-05-29,SVR,1D,3,0.0126158753519238,-0.0013658110604072792,Low
2018-05-30,SVR,1D,3,-0.0069033332434342,0.0005547018929691256,Normal
2018-05-31,SVR,1D,3,0.0107907997092398,-0.00037060413033474784,Normal
2018-06-01,SVR,1D,3,0.0044695948983522,0.0005870408078553547,Normal
2018-06-04,SVR,1D,3,0.0007023462695756,0.0001172416979589642,Low
2018-06-05,SVR,1D,3,0.0085309006373119,-0.0002764526451446091,Low
2018-06-06,SVR,1D,3,-0.0007144436219845,-0.0009202747355839063,Normal
2018-06-07,SVR,1D,3,0.0031210289077513,-0.0009104663918280769,Low
2018-06-08,SVR,1D,3,0.0010681370069403,-0.000986242323511488,Low
2018-06-11,SVR,1D,3,0.0017418672787038,-0.0009058782857002761,Low
2018-06-12,SVR,1D,3,-0.0040342545414114,-0.0007389766388281815,Low
2018-06-13,SVR,1D,3,0.0024685005225036,-0.0010405970627111404,Low
2018-06-14,SVR,1D,3,-0.001017620315494,-0.0001350888674108929,Low
2018-06-15,SVR,1D,3,-0.0021283911808865,-0.0010452464979400305,Low
2018-06-18,SVR,1D,3,-0.0040315179513912,-0.00018458939050828562,Low
2018-06-19,SVR,1D,3,0.0017106902241125,-0.0006490991294918562,Low
2018-06-20,SVR,1D,3,-0.0063657288432202,0.0002539649306192494,Low
2018-06-21,SVR,1D,3,0.0018602032551338,-0.0005675564958381118,Low
2018-06-22,SVR,1D,3,-0.0138197229677706,-0.0001478264577923021,Low
2018-06-25,SVR,1D,3,0.0022021505056967,-0.0002153690088361692,Normal
2018-06-26,SVR,1D,3,-0.0086415863131411,0.0010837232333244851,Low
2018-06-27,SVR,1D,3,0.0061596800190312,2.3041368719339903e-05,Low
2018-06-28,SVR,1D,3,0.000758115887517,0.0010971838259136225,Low
2018-06-29,SVR,1D,3,0.0030632608342934,0.0005914012833622474,Low
2018-07-02,SVR,1D,3,-0.0049596292805336,0.0007793575050374286,Low
2018-07-03,SVR,1D,3,0.0085838567455378,0.0003481264724966211,Low
2018-07-05,SVR,1D,3,0.0084455176005801,2.8087315904540364e-05,Low
2018-07-06,SVR,1D,3,0.0087842907853415,0.0002699684020672278,Low
2018-07-09,SVR,1D,3,0.0034672493188218,-0.00015022850863318773,Low
2018-07-10,SVR,1D,3,-0.0071194863719165,-0.00036298321978157346,Low
2018-07-11,SVR,1D,3,0.0087109915801719,-0.0006188706374912283,Low
2018-07-12,SVR,1D,3,0.0010786555366086,-0.0002666074065515666,Low
2018-07-13,SVR,1D,3,-0.0010286646208985,-0.0003167176461594894,Low
2018-07-16,SVR,1D,3,0.0039658243434434,-0.0007373476773833514,Low
2018-07-17,SVR,1D,3,0.0021581820767374,-0.00011865820993715295,Low
2018-07-18,SVR,1D,3,-0.0039608268490495,-2.6069332988792014e-06,Low
2018-07-19,SVR,1D,3,-0.0009488977712743,-0.0005940244450881953,Low
2018-07-20,SVR,1D,3,0.0018363623432315,7.944738821532302e-05,Low
2018-07-23,SVR,1D,3,0.0047695188860535,0.0002936152005651089,Low
2018-07-24,SVR,1D,3,0.0090604350703727,-0.00013696003850185426,Low
2018-07-25,SVR,1D,3,-0.0030369027488673,5.878863805296739e-05,Low
2018-07-26,SVR,1D,3,-0.0065838346448454,0.0003893004831118847,Low
2018-07-27,SVR,1D,3,-0.0057707893155871,-4.4194662413310406e-05,Low
2018-07-30,SVR,1D,3,0.004872837219303,5.7265324084122306e-06,Low
2018-07-31,SVR,1D,3,-0.0010408930675711,0.0005444588941792062,Low
2018-08-01,SVR,1D,3,0.0049143495822087,0.00014572802042295838,Low
2018-08-02,SVR,1D,3,0.0046334320653479,0.0006416973390173442,Low
2018-08-03,SVR,1D,3,0.0035319826508016,0.0007210300528491171,Low
2018-08-06,SVR,1D,3,0.0028202017464857,0.00027526097605088404,Low
2018-08-07,SVR,1D,3,-0.0002624143932951,-0.0002113540593822543,Low
2018-08-08,SVR,1D,3,-0.0014427146770399,-0.00012053736879665813,Low
2018-08-09,SVR,1D,3,-0.0071393122632444,-0.00039273511558504106,Low
2018-08-10,SVR,1D,3,-0.0040140376659802,-0.0008322744059840958,Low
2018-08-13,SVR,1D,3,0.0063689300164174,-0.0002061015044160868,Low
2018-08-14,SVR,1D,3,-0.0076312085813788,0.0008101942382156614,Low
2018-08-15,SVR,1D,3,0.0078882145526381,-0.00026469667329438165,Low
2018-08-16,SVR,1D,3,0.003317606375263,0.0007867256341723334,Low
2018-08-17,SVR,1D,3,0.0024250749021282,0.0006929799249946245,Low
2018-08-20,SVR,1D,3,0.002066399954627,0.00031556789144847894,Low
2018-08-21,SVR,1D,3,-0.0003982310542435,-0.0003802610825993035,Low
2018-08-22,SVR,1D,3,-0.0016926939235351,0.0005844115885512758,Low
2018-08-23,SVR,1D,3,0.0061797059282853,-0.00041619429881421246,Low
2018-08-24,SVR,1D,3,0.0076411414071104,7.242225105425501e-05,Low
2018-08-27,SVR,1D,3,0.0002692420775983,-0.00015065386835090002,Low
2018-08-28,SVR,1D,3,0.0056852424689116,8.188372688098253e-05,Low
2018-08-29,SVR,1D,3,-0.004440172044458,0.0001424363158900239,Low
2018-08-30,SVR,1D,3,0.0001344684673049,-0.0003554123170258854,Low
2018-08-31,SVR,1D,3,-0.0016556920488793,0.00023798719713518388,Low
2018-09-04,SVR,1D,3,-0.0028070628012659,-0.00013954356544452476,Low
2018-09-05,SVR,1D,4,-0.0036589910366181,-8.866260129729037e-05,Low
2018-09-06,SVR,1D,4,-0.0022157978950144,-2.854446517673321e-05,Low
2018-09-07,SVR,1D,4,0.0018960282146933,0.00041701029544660966,Low
2018-09-10,SVR,1D,4,0.0037328656897154,0.0005466990844457979,Low
2018-09-11,SVR,1D,4,0.0003566083498935,0.0004383818525571818,Low
2018-09-12,SVR,1D,4,0.0052683521593913,0.00018326503135868404,Low
2018-09-13,SVR,1D,4,0.0002754439007663,0.0003359885932654348,Low
2018-09-14,SVR,1D,4,-0.0055852909915492,0.0002467505960488279,Low
2018-09-17,SVR,1D,4,0.0053546528676252,-0.00034244263048990604,Low
2018-09-18,SVR,1D,4,0.0012524880331719,0.00013824383861249772,Low
2018-09-19,SVR,1D,4,0.007810014185329,0.0003675914347109092,Low
2018-09-20,SVR,1D,4,-0.000368600937007,-0.00023434106580925724,Low
2018-09-21,SVR,1D,4,-0.0035218823140138,-0.00038714140121950697,Low
2018-09-24,SVR,1D,4,-0.0013059484931179,0.0003388781173900039,Low
2018-09-25,SVR,1D,4,-0.0032946996811599,-0.00012404596529551077,Low
2018-09-26,SVR,1D,4,0.0027594762285113,-0.0001407741341450915,Low
2018-09-27,SVR,1D,4,-6.870144138179519e-06,6.623529986231596e-05,Low
2018-09-28,SVR,1D,4,0.0036344923421985,5.174404129232573e-05,Low
2018-10-01,SVR,1D,4,-0.000396768910279,0.00012381361599022016,Low
2018-10-02,SVR,1D,4,0.0007112667367183,1.7389032695466593e-05,Low
2018-10-03,SVR,1D,4,-0.0082030354210098,2.8621568209308106e-05,Low
2018-10-04,SVR,1D,4,-0.0055433145846221,-0.00042522778039269255,Low
2018-10-05,SVR,1D,4,-0.0003951947083496,0.0003109143540455132,Low
2018-10-08,SVR,1D,4,-0.0014189098341542,0.00019746264510387117,Low
2018-10-09,SVR,1D,4,-0.033416389042602,0.000532767157550784,Low
2018-10-10,SVR,1D,4,-0.0207875799725415,0.00223081607735372,Normal
2018-10-11,SVR,1D,4,0.0141062354083762,0.0030465877805863515,Normal
2018-10-12,SVR,1D,4,-0.0059224822913,0.0022830463359463397,Normal
2018-10-15,SVR,1D,4,0.0212678280349012,0.0013163013232033336,Normal
2018-10-16,SVR,1D,4,-0.0002526942626648,0.001037801518411016,High
2018-10-17,SVR,1D,4,-0.0144964905753411,0.0005742057321306724,High
2018-10-18,SVR,1D,4,-0.0003612351352793,-0.0004434178703871085,High
2018-10-19,SVR,1D,4,-0.0043087970964778,4.2509974142903965e-05,High
2018-10-22,SVR,1D,4,-0.0055270761806941,0.000506535899666846,High
2018-10-23,SVR,1D,4,-0.0313507738611408,-0.0007075625505636425,High
2018-10-24,SVR,1D,4,0.0184537179787141,0.0025506063532111543,High
2018-10-25,SVR,1D,4,-0.0174791380100031,0.0011998173815789435,High
2018-10-26,SVR,1D,4,-0.0065812082951939,0.0005763084151372442,High
2018-10-29,SVR,1D,4,0.0155453229718774,0.0020761500466711684,High
2018-10-30,SVR,1D,4,0.010792878754571,0.0006618344229397275,High
2018-10-31,SVR,1D,4,0.0105024988685292,0.0009364171066380709,High
2018-11-01,SVR,1D,4,-0.0063367210558797,-0.0003786139512895583,High
2018-11-02,SVR,1D,4,0.0055846936971941,-0.00018406638480243393,High
2018-11-05,SVR,1D,4,0.0062397877444086,-0.0005964334212684554,High
2018-11-06,SVR,1D,4,0.020987078560774,-0.0010657221633703197,High
2018-11-07,SVR,1D,4,-0.0025120689884914,9.139033810575108e-05,High
2018-11-08,SVR,1D,4,-0.0092415859153724,-0.0010542890119420696,High
2018-11-09,SVR,1D,4,-0.0198981509854674,-0.0007513591706683033,High
2018-11-12,SVR,1D,4,-0.0014830188221738,0.00013811221749955842,High
2018-11-13,SVR,1D,4,-0.0075961888184505,-0.00016578975234765331,High
2018-11-14,SVR,1D,4,0.0105380327426419,2.383812480362662e-05,High
2018-11-15,SVR,1D,4,0.0022208375374839,0.0008204626787685796,High
2018-11-16,SVR,1D,4,-0.0167831612357214,0.0004891611388797594,High
2018-11-19,SVR,1D,4,-0.0183179955565859,0.0001471774746972963,High
2018-11-20,SVR,1D,4,0.0030386693107672,0.00034550821330223396,High
2018-11-21,SVR,1D,4,-0.0065764197118556,0.0019825061891263927,High
2018-11-23,SVR,1D,4,0.0154129758453664,1.4533228228796706e-05,High
2018-11-26,SVR,1D,4,0.0032563843646126,-6.590555457837172e-05,High
2018-11-27,SVR,1D,4,0.0227140513031137,0.00011091405853543273,High
2018-11-28,SVR,1D,4,-0.0021854945453934,-0.0009073671299711207,High
2018-11-29,SVR,1D,4,0.0081375477166175,-0.0009012152598026598,High
2018-11-30,SVR,1D,4,0.0108820017943624,-0.0007520361985442038,High
2018-12-03,SVR,1D,4,-0.0329002288385561,-0.0005813804659261347,High
2018-12-04,SVR,1D,4,-0.0015233879141442,-0.00019666223089620256,High
2018-12-06,SVR,1D,4,-0.0235963354563222,-0.00011052198732916258,High
2018-12-07,SVR,1D,4,0.0017606032229163,0.0005745539854099839,High
2018-12-10,SVR,1D,4,-0.0003564096753056,0.0010629014530995377,High
2018-12-11,SVR,1D,4,0.0054048710103512,0.0009297221999821385,High
2018-12-12,SVR,1D,4,-0.000199950312415,0.0010241118831879363,High
2018-12-13,SVR,1D,4,-0.0192712122686998,8.126610023359831e-05,High
2018-12-14,SVR,1D,4,-0.0209922848285766,0.0002022760624341034,High
2018-12-17,SVR,1D,4,8.639685378910398e-05,0.0006018335938903384,High
2018-12-18,SVR,1D,4,-0.0155154591759368,0.0008616652946006774,High
2018-12-19,SVR,1D,4,-0.0158978094841039,0.002245821823412794,High
2018-12-20,SVR,1D,4,-0.0208031204985406,0.0030941398797668827,High
2018-12-21,SVR,1D,4,-0.0274865728783144,0.0026342054328181734,High
2018-12-24,SVR,1D,4,0.048403177670805,0.004690638116128343,High
2018-12-26,SVR,1D,4,0.0085262289688169,-0.0006472649563061652,High
2018-12-27,SVR,1D,4,-0.0012423539102312,-0.0012918786135460826,High
2018-12-28,SVR,1D,4,0.0084566258622068,-0.0001068759230215795,High
2018-12-31,SVR,1D,4,0.0012676930626261,0.0009235990372214896,High
2019-01-02,SVR,1D,4,-0.0250683318189151,-0.0007650997989664928,High
2019-01-03,SVR,1D,4,0.0337593990603464,-0.0022129569849782234,High
2019-01-04,SVR,1D,4,0.0069859759952297,0.0005314808822206472,High
2019-01-07,SVR,1D,4,0.0096485873364973,-0.0019926426661999426,High
2019-01-08,SVR,1D,4,0.0040896713328221,-0.0007205746330453651,High
2019-01-09,SVR,1D,4,0.0045082413744622,-0.0012912238315024418,High
2019-01-10,SVR,1D,4,-0.0001463085444824,-0.0012886943020166382,High
2019-01-11,SVR,1D,4,-0.0052713945872494,-0.0024128463201520374,High
2019-01-14,SVR,1D,4,0.010664618879761,-0.0020682311421566764,High
2019-01-15,SVR,1D,4,0.0022195205290883,-0.001246106801953137,High
2019-01-16,SVR,1D,4,0.0075627307062357,-0.001358483933063437,High
2019-01-17,SVR,1D,4,0.0130969128398557,-0.0012396603410024494,High
2019-01-18,SVR,1D,4,-0.0142584768279724,-0.001237480823524384,High
2019-01-22,SVR,1D,4,0.0022004899194508,-0.001409805010302437,High
2019-01-23,SVR,1D,4,0.0013747801109775,0.00021177610014033992,High
2019-01-24,SVR,1D,4,0.008452867700518,-2.9664386193337285e-05,High
2019-01-25,SVR,1D,4,-0.0078777758487088,-1.0932978560873781e-05,High
2019-01-28,SVR,1D,4,-0.0014573079351148,-0.0010647353969314268,High
2019-01-29,SVR,1D,4,0.01542960989156,-5.180558247132056e-05,High
2019-01-30,SVR,1D,4,0.0085606488097677,-0.0004686257286673186,High
2019-01-31,SVR,1D,4,0.0008982065848071,-0.0007739344324252636,High
2019-02-01,SVR,1D,4,0.0067533811174796,-0.0005159274232651003,Normal
2019-02-04,SVR,1D,4,0.0046973704373502,-0.0004083610354907426,Normal
2019-02-05,SVR,1D,4,-0.0022269157175087,-0.0007989107093204469,Normal
2019-02-06,SVR,1D,4,-0.0094011932022302,-0.0010962684050335987,Normal
2019-02-07,SVR,1D,4,0.0006759725660127,-0.0011811167289780935,Normal
2019-02-08,SVR,1D,4,0.0007088518038183,-0.00046760577900660256,Normal
2019-02-11,SVR,1D,4,0.0128078529028386,-0.0007119880723085144,Normal
2019-02-12,SVR,1D,4,0.0030194315937109,-0.0006901059567766795,Normal
2019-02-13,SVR,1D,4,-0.0026551633836986,-0.0005492511681690323,Normal
2019-02-14,SVR,1D,4,0.0108200046649575,-0.0007340446974475863,Normal
2019-02-15,SVR,1D,4,0.001497621326592,-0.000403904516280207,Normal
2019-02-19,SVR,1D,4,0.0017755335607409,-0.0008608182711460468,Normal
2019-02-20,SVR,1D,4,-0.0035326693258413,-0.001067501612897659,Low
2019-02-21,SVR,1D,4,0.0063906386947104,-0.0007916530088720149,Low
2019-02-22,SVR,1D,4,0.0012311044497517,-0.0004477959323779786,Normal
2019-02-25,SVR,1D,4,-0.0007907696728402,-0.001387778559990502,Low
2019-02-26,SVR,1D,4,-0.000544197436298,-0.000638716517763563,Low
2019-02-27,SVR,1D,4,-0.0028295075989504,-0.0004705964656369051,Low
2019-02-28,SVR,1D,4,0.006871656588713,-0.0006045435777495391,Low
2019-03-01,SVR,1D,4,-0.0038881073952551,-0.0004980982560958804,Low
2019-03-04,SVR,1D,4,-0.0011321734897068,-0.0009191571879782175,Low
2019-03-05,SVR,1D,4,-0.006545473604125,-0.0004429087274158529,Low
2019-03-06,SVR,1D,4,-0.0081589111383311,-0.0006323267935568313,Low
2019-03-07,SVR,1D,4,-0.0021339641314536,-0.0002735545218509579,Low
2019-03-08,SVR,1D,4,0.0145595355634894,-0.00010220639933143389,Low
2019-03-11,SVR,1D,4,0.0029489657278051,-0.00014441544282142466,Low
2019-03-12,SVR,1D,4,0.0069255467570192,-0.00021903343690589123,Low
2019-03-13,SVR,1D,4,-0.0008683993315961,-0.0005449829529173113,Low
2019-03-14,SVR,1D,4,0.0049725194084307,-0.00046569023826957285,Low
2019-03-15,SVR,1D,4,0.003699096798908,-0.001172586103231535,Low
2019-03-18,SVR,1D,4,-0.0001305700799267,-0.0008842396900778067,Low
2019-03-19,SVR,1D,4,-0.0029486967407696,-0.0008305429199438026,Low
2019-03-20,SVR,1D,4,0.0107940154946893,-0.0007773881608241608,Low
2019-03-21,SVR,1D,4,-0.0191568271342732,-0.000541524195221907,Low
2019-03-22,SVR,1D,4,-0.00083937283331,-0.00035528734109882294,Normal
2019-03-25,SVR,1D,4,0.007157052947934,0.000368067722624185,Normal
2019-03-26,SVR,1D,4,-0.0046551432765988,0.0004919242960335383,Normal
2019-03-27,SVR,1D,4,0.0035830547152617,4.9692164745224025e-05,Normal
2019-03-28,SVR,1D,4,0.0067117060433246,-4.1136160649266236e-05,Normal
2019-03-29,SVR,1D,4,0.0115021955180444,0.0003297333869752587,Normal
2019-04-01,SVR,1D,4,1.7455554858152623e-05,-8.609961619214252e-05,Normal
2019-04-02,SVR,1D,4,0.0021460724200891,-0.00017673898286761375,Normal
2019-04-03,SVR,1D,4,0.0020824652429942,-0.00022065924643805985,Normal
2019-04-04,SVR,1D,4,0.0046257176230991,-3.929196706228561e-05,Normal
2019-04-05,SVR,1D,4,0.0010469117505236,2.54219413741456e-05,Normal
2019-04-08,SVR,1D,4,-0.0060859764356695,-0.0002071832721658425,Low
2019-04-09,SVR,1D,4,0.0034718377544999,-0.00011671474013602318,Normal
2019-04-10,SVR,1D,4,3.8122340342693696e-05,0.00032321366869009476,Normal
2019-04-11,SVR,1D,4,0.0065875783895457,0.00010212213937573194,Normal
2019-04-12,SVR,1D,4,-0.0006295672443571,-4.74102001209566e-05,Normal
2019-04-15,SVR,1D,4,0.0005092283251399,-2.2916927820787643e-05,Normal
2019-04-16,SVR,1D,4,-0.0022764008207388,-6.993228525417356e-05,Normal
2019-04-17,SVR,1D,4,0.0015778468242496,-0.00034124242455862725,Normal
2019-04-18,SVR,1D,4,0.0010115058169329,0.00012964653406309905,Low
2019-04-22,SVR,1D,4,0.0088023511749953,-0.00037876008759769614,Low
2019-04-23,SVR,1D,4,-0.0021941686030362,-0.0001170318261474847,Low
2019-04-24,SVR,1D,4,-0.0003690417402728,9.0759543343563e-05,Low
2019-04-25,SVR,1D,4,0.0046743503233048,0.0001397359899501403,Low
2019-04-26,SVR,1D,4,0.0010709485042338,0.0002989808896073807,Low
2019-04-29,SVR,1D,4,0.0009509646987914,0.00013805998794736134,Low
2019-04-30,SVR,1D,4,-0.0075304458502913,-0.0001933628927049515,Low
2019-05-01,SVR,1D,4,-0.0021262446486827,2.014326713628816e-05,Low
2019-05-02,SVR,1D,4,0.0095921274789174,0.0003034687374429577,Low
2019-05-03,SVR,1D,4,-0.0044810131890725,0.000543952751921181,Low
2019-05-06,SVR,1D,4,-0.0166494880889055,-0.00048483611292002033,Low
2019-05-07,SVR,1D,4,-0.0016067153894199,0.00020291238586338505,Low
2019-05-08,SVR,1D,4,-0.0030259986619282,0.0012103885267549823,Low
2019-05-09,SVR,1D,4,0.0037133940699186,0.0009577424125583487,Low
2019-05-10,SVR,1D,4,-0.0244264691384975,0.0009531341962343036,Low
2019-05-13,SVR,1D,4,0.007983987523216,0.00025377947162128194,Normal
2019-05-14,SVR,1D,4,0.005821994327723,0.0014268762977763692,Normal
2019-05-15,SVR,1D,4,0.008855957116499,0.0006786608878924126,Normal
2019-05-16,SVR,1D,4,-0.0058544371740438,0.0003072563671749516,Normal
2019-05-17,SVR,1D,4,-0.0067722579754053,-0.0002325622922351835,Normal
2019-05-20,SVR,1D,4,0.0084599490931906,0.00021002369256158376,Normal
2019-05-21,SVR,1D,4,-0.0028283923638994,-6.611302473788234e-05,Normal
2019-05-22,SVR,1D,4,-0.0119856922412819,-0.0003736345791383851,Normal
2019-05-23,SVR,1D,4,0.0013526437720373,-0.0007735379209536904,Normal
2019-05-24,SVR,1D,4,-0.0084109500002602,0.0005261500561116765,Normal
2019-05-28,SVR,1D,4,-0.0069359101672313,-0.00046934243104518065,Normal
2019-05-29,SVR,1D,4,0.002096272674997,3.678195649613452e-05,Normal
2019-05-30,SVR,1D,4,-0.0132832052504529,0.0005686658376162943,Normal
2019-05-31,SVR,1D,4,-0.0027690706543079,6.749222015527395e-05,Normal
2019-06-03,SVR,1D,4,0.0212059270810777,0.0001978888225295265,Normal
2019-06-04,SVR,1D,4,0.0081287269788136,0.00048213083743093004,High
2019-06-05,SVR,1D,4,0.0061168406760044,0.0003487503058017148,Normal
2019-06-06,SVR,1D,4,0.01044297924726,-0.0003350756126993511,High
2019-06-07,SVR,1D,4,0.0046492200747654,-0.00032614594057546204,High
2019-06-10,SVR,1D,4,-0.0003499414579512,-0.00021771896500133187,High
2019-06-11,SVR,1D,4,-0.0020396578272374,-0.0011690731303096143,Normal
2019-06-12,SVR,1D,4,0.0040890105028501,-0.00021749701916112547,Normal
2019-06-13,SVR,1D,4,-0.0016128117861529,-0.0003044158854278974,Normal
2019-06-14,SVR,1D,4,0.0009313154323528,-0.00023329657668857712,Normal
2019-06-17,SVR,1D,4,0.0096704895929706,-0.0002343183134997347,Normal
2019-06-18,SVR,1D,4,0.0029807167930238,-0.00020700901145906132,Normal
2019-06-19,SVR,1D,4,0.0094276053358731,0.0002785066671688067,Normal
2019-06-20,SVR,1D,4,-0.0012600162797279,-0.0006267978865259734,Normal
2019-06-21,SVR,1D,4,-0.001733388460587,-0.00044536190790746017,Normal
2019-06-24,SVR,1D,4,-0.0095417756403875,0.0003643536909118004,Normal
2019-06-25,SVR,1D,4,-0.0012346956788039,-0.0003055249587728794,Normal
2019-06-26,SVR,1D,4,0.0038158857925908,0.0003937451859334388,Normal
2019-06-27,SVR,1D,4,0.0057409418405996,0.0004029077553030251,Normal
2019-06-28,SVR,1D,4,0.0076430186109539,3.9090420092052595e-05,Normal
2019-07-01,SVR,1D,4,0.0029238472769886,0.0009079289772904479,Low
2019-07-02,SVR,1D,4,0.0076430956606841,0.0008984282112540791,Low
2019-07-03,SVR,1D,4,-0.0018075342045486,0.00026220637425436715,Low
2019-07-05,SVR,1D,4,-0.0048471730101237,-0.0006913876609859456,Low
2019-07-08,SVR,1D,4,0.0012357930584538,-0.0005119907455818752,Low
2019-07-09,SVR,1D,4,0.0045005469360826,-0.00031125511341078844,Low
2019-07-10,SVR,1D,4,0.0022826195789485,0.00010131081016667969,Low
2019-07-11,SVR,1D,4,0.0046095343020665,-0.00028298840979971724,Low
2019-07-12,SVR,1D,4,0.0001758537283841,0.00015095028580859853,Low
2019-07-15,SVR,1D,4,-0.0034095845550103,-0.0001260164023244555,Low
2019-07-16,SVR,1D,4,-0.0065526654660931,-0.0003704755056103794,Low
2019-07-17,SVR,1D,4,0.003575597708819,-0.0003649587815969359,Low
2019-07-18,SVR,1D,4,-0.0061958894648446,-0.00011418213531038963,Low
2019-07-19,SVR,1D,4,0.0028247016862503,-0.0002479986423351817,Low
2019-07-22,SVR,1D,4,0.0068241451392764,0.00023826521395093041,Low
2019-07-23,SVR,1D,4,0.0046771928134757,5.983665492313977e-05,Low
2019-07-24,SVR,1D,4,-0.0052762964835995,-6.856588825200367e-05,Low
2019-07-25,SVR,1D,4,0.007360535770783,-0.0005699228913532946,Low
2019-07-26,SVR,1D,4,-0.0016174219290574,4.606422625698641e-05,Low
2019-07-29,SVR,1D,4,-0.0025819853720443,-0.0004993055384157037,Low
2019-07-30,SVR,1D,4,-0.0109452069521399,-0.0007362870422906011,Low
2019-07-31,SVR,1D,4,-0.009039527568806,-0.0003864927065241998,Low
2019-08-01,SVR,1D,4,-0.0073093885395651,0.0003196312093026619,Low
2019-08-02,SVR,1D,4,-0.0302301821696947,0.0006506171247200902,Low
2019-08-05,SVR,1D,4,0.0129330239111666,0.001973437565515562,Normal
2019-08-06,SVR,1D,4,0.0007665823338588,0.0018035319523344888,Normal
2019-08-07,SVR,1D,4,0.018588462466865,0.0006641576843326473,Normal
2019-08-08,SVR,1D,4,-0.0066385931336571,0.0009009095553647066,High
2019-08-09,SVR,1D,4,-0.0123938091159153,2.47646948549644e-05,High
2019-08-12,SVR,1D,4,0.0150183462673018,-0.00012069050110510588,High
2019-08-13,SVR,1D,4,-0.0297303524545356,9.89929430554341e-05,High
2019-08-14,SVR,1D,4,0.0024612366981802,-0.00025937760008781525,High
2019-08-15,SVR,1D,4,0.014323058172245,0.00068539359928359,High
2019-08-16,SVR,1D,4,0.0120331755643975,0.0010397582430325706,High
2019-08-19,SVR,1D,4,-0.0079462153121154,0.0005501982395451103,High
2019-08-20,SVR,1D,4,0.0082129795573529,-0.0008675273642154537,High
2019-08-21,SVR,1D,4,-0.0005062029592785,0.00026407035518906646,High
2019-08-22,SVR,1D,4,-0.0262888811228378,-0.0010229038040917128,High
2019-08-23,SVR,1D,4,0.0109231127307978,-0.0003216871196656092,High
2019-08-26,SVR,1D,4,-0.0032083218005562,0.00017270109911214897,High
2019-08-27,SVR,1D,4,0.0065241515305625,-0.0002091009744329105,High
2019-08-28,SVR,1D,4,0.0126074824410943,0.00017203422449996435,High
2019-08-29,SVR,1D,4,0.0006425807598767,0.00022424064771746615,High
2019-08-30,SVR,1D,4,-0.0069230093326854,-0.00017843113290399743,High
2019-09-03,SVR,1D,4,0.0107837252784214,-0.0004552278875409573,High
2019-09-04,SVR,1D,4,0.0129259129217597,0.0005720515235310445,High
2019-09-05,SVR,1D,4,0.0009101908043767,-0.0005041667804168539,High
2019-09-06,SVR,1D,4,-9.401467889992668e-05,-0.0002561060070976036,High
2019-09-09,SVR,1D,4,0.000322252425931,-0.0008679854869313832,High
2019-09-10,SVR,1D,4,0.0072036723263872,-0.000510015516006321,High
2019-09-11,SVR,1D,4,0.0028750162782333,-0.0006691670288625886,High
2019-09-12,SVR,1D,4,-0.000724676876966,-0.0008496799767254122,Normal
2019-09-13,SVR,1D,4,-0.0031405129163559,-0.00017526854127147568,Normal
2019-09-16,SVR,1D,4,0.0025784253724619,-0.0007648131225354128,Normal
2019-09-17,SVR,1D,4,0.0003426332842671,-0.0002331938792925316,Normal
2019-09-18,SVR,1D,4,1.9974521929475905e-05,-0.0004884079020630984,Normal
2019-09-19,SVR,1D,4,-0.0049075991048803,-0.00040521917675656344,Normal
2019-09-20,SVR,1D,4,-9.694061782751376e-05,-0.001180144384739454,Normal
2019-09-23,SVR,1D,4,-0.0084519889635514,0.00044998787058164996,Low
2019-09-24,SVR,1D,4,0.0061396852419639,-0.0003925927032815109,Low
2019-09-25,SVR,1D,4,-0.0024318710096131,0.0004731354119580115,Low
2019-09-26,SVR,1D,4,-0.0053305345791285,0.00012439636333887432,Low
2019-09-27,SVR,1D,4,0.0050349102152483,-0.00011180503363558431,Low
2019-09-30,SVR,1D,4,-0.0123341269454128,0.00029383029590314674,Low
2019-10-01,SVR,1D,4,-0.0180654041876438,3.605223395772555e-05,Low
2019-10-02,SVR,1D,4,0.0079403047738667,0.0003344083872748064,Normal
2019-10-03,SVR,1D,4,0.0141167852392592,0.0005903378901488425,Low
2019-10-04,SVR,1D,5,-0.0044883522736815,0.0010161830073958118,Normal
2019-10-07,SVR,1D,5,-0.0156831595521099,0.00047118729120804344,Normal
2019-10-08,SVR,1D,5,0.0090632965148459,0.0015329009234085634,Normal
2019-10-09,SVR,1D,5,0.0063952024117826,0.0010862905437501753,Normal
2019-10-10,SVR,1D,5,0.010879579673789,0.0004923127763420011,Normal
2019-10-11,SVR,1D,5,-0.0013880816732189,0.0006118539036384391,Normal
2019-10-14,SVR,1D,5,0.0099064453764891,0.0006887079779801537,Normal
2019-10-15,SVR,1D,5,-0.0020015445531937,0.00027663991526316774,Normal
2019-10-16,SVR,1D,5,0.0027590219697752,-0.00021844030761684723,Normal
2019-10-17,SVR,1D,5,-0.0039270457097998,1.900965924411975e-05,Normal
2019-10-18,SVR,1D,5,0.0068481141053337,0.00010513288989469523,Normal
2019-10-21,SVR,1D,5,-0.0035750492583768,0.00022585602301103576,Normal
2019-10-22,SVR,1D,5,0.0028431033458307,0.00015253135647723577,Normal
2019-10-23,SVR,1D,5,0.0019186046591713,0.0003377152601870149,Normal
2019-10-24,SVR,1D,5,0.004064429510656,0.00031911126699577137,Normal
2019-10-25,SVR,1D,5,0.0055658199161177,0.000315238738267375,Normal
2019-10-28,SVR,1D,5,-0.0008327519564807,-0.00020983366980810263,Normal
2019-10-29,SVR,1D,5,0.0032480894008573,0.00012072396057280672,Normal
2019-10-30,SVR,1D,5,-0.003027438634539,0.0002118584365575927,Normal
2019-10-31,SVR,1D,5,0.0096159305596475,-1.0039242010538227e-05,Normal
2019-11-01,SVR,1D,5,0.0036972458053124,0.0002709254732068279,Low
2019-11-04,SVR,1D,5,-0.0011864027118206,-0.0002122652388280421,Low
2019-11-05,SVR,1D,5,0.0007022505922896,8.910435573540772e-05,Low
2019-11-06,SVR,1D,5,0.0027263752442806,0.00034867333523300355,Low
2019-11-07,SVR,1D,5,0.0025574031451158,0.00024241430439427177,Low
2019-11-08,SVR,1D,5,-0.0019643954133371,0.00030866852361925885,Low
2019-11-11,SVR,1D,5,0.001563423301263,7.241196168969628e-05,Low
2019-11-12,SVR,1D,5,0.0007112815701162,0.0005325157821916161,Low
2019-11-13,SVR,1D,5,0.0008366926144567,0.00025354537169750176,Low
2019-11-14,SVR,1D,5,0.0076660287779731,0.00037851976744685163,Low
2019-11-15,SVR,1D,5,0.0005030263228096,0.0005352969437270195,Low
2019-11-18,SVR,1D,5,-0.0005927700996925,0.00028129826265709153,Low
2019-11-19,SVR,1D,5,-0.003763256420941,0.0003348982653829675,Low
2019-11-20,SVR,1D,5,-0.0015840060861895,0.0006023601853070316,Low
2019-11-21,SVR,1D,5,0.0021725739423759,0.0005390869017805212,Low
2019-11-22,SVR,1D,5,0.0074792518874672,0.0007343091497983723,Low
2019-11-25,SVR,1D,5,0.0021931636449402,0.0005874655337930763,Low
2019-11-26,SVR,1D,5,0.0041657356252997,0.0005890071700296751,Low
2019-11-27,SVR,1D,5,-0.004019286229989,0.00015767667378534418,Low
2019-11-29,SVR,1D,5,-0.0086684836939636,-4.914029543094493e-05,Low
2019-12-02,SVR,1D,5,-0.0066602252580451,0.0008152092555532026,Low
2019-12-03,SVR,1D,5,0.0063036576087699,0.0007914135123394828,Low
2019-12-04,SVR,1D,5,0.0014991269266302,0.0011044894515289134,Low
2019-12-05,SVR,1D,5,0.009094246030426,0.0008092131958547955,Low
2019-12-06,SVR,1D,5,-0.0031678336844743,0.0008999185227960161,Low
2019-12-09,SVR,1D,5,-0.0010975361689841,0.00010842949185835456,Low
2019-12-10,SVR,1D,5,0.0029039375293507,0.0007900790339708686,Low
2019-12-11,SVR,1D,5,0.008538667375555,0.0006789347670582719,Low
2019-12-12,SVR,1D,5,7.25791502146863e-05,0.0005519609836757717,Low
2019-12-13,SVR,1D,5,0.0071223609425427,0.00063739994713795,Low
2019-12-16,SVR,1D,5,0.0003352360284609,0.0005446179588260037,Low
2019-12-17,SVR,1D,5,-0.0004323936405227,0.00021552485760526104,Low
2019-12-18,SVR,1D,5,0.0044493788218642,0.00026985061413191576,Low
2019-12-19,SVR,1D,5,0.004932595804334,0.0001610045970200525,Low
2019-12-20,SVR,1D,5,0.0008657687142985,0.0004900125847532039,Low
2019-12-23,SVR,1D,5,-0.0001954673024681,3.336926583312645e-05,Low
2019-12-24,SVR,1D,5,0.0051150624100539,0.0002793973573313197,Low
2019-12-26,SVR,1D,5,3.3984139657930306e-05,0.0005451719402907746,Low
2019-12-27,SVR,1D,5,-0.0057975960793499,0.00030617198924221163,Low
2019-12-30,SVR,1D,5,0.0029416906441907,0.00057290422737938,Low
2019-12-31,SVR,1D,5,0.0083438953623167,0.0008452463309255327,Low
2020-01-02,SVR,1D,5,-0.0070849093649545,0.0008063703591684474,Low
2020-01-03,SVR,1D,5,0.0035271451942725,7.490350214627191e-05,Low
2020-01-06,SVR,1D,5,-0.0028071750845948,0.000570436661556999,Low
2020-01-07,SVR,1D,5,0.0048904734856411,0.0008584087397120344,Low
2020-01-08,SVR,1D,5,0.0066332141169064,0.0005609339372126144,Low
2020-01-09,SVR,1D,5,-0.0028592624875049,0.0006484962287932623,Low
2020-01-10,SVR,1D,5,0.0069519940459332,0.000644853241003775,Low
2020-01-13,SVR,1D,5,-0.0015156808368957,0.0004728968972242415,Low
2020-01-14,SVR,1D,5,0.0018684502436879,0.00045825744308088286,Low
2020-01-15,SVR,1D,5,0.008331747422232,0.0004377810693502338,Low
2020-01-16,SVR,1D,5,0.0038547232474851,0.0002721219904082573,Low
2020-01-17,SVR,1D,5,-0.0026555003695853,0.00044894243312188116,Low
2020-01-21,SVR,1D,5,0.000289034296681,0.00019732355132729036,Low
2020-01-22,SVR,1D,5,0.0011403261933582,0.0005939684081441039,Low
2020-01-23,SVR,1D,5,-0.0090832894261937,0.00042374692206617777,Low
2020-01-24,SVR,1D,5,-0.015855752356844,0.000750625866141998,Low
2020-01-27,SVR,1D,5,0.0100033835003525,0.001267259369670858,Low
2020-01-28,SVR,1D,5,-0.0008672501435846,0.0012579746007514454,Normal
2020-01-29,SVR,1D,5,0.003129456930211,0.0010650491139757873,Low
2020-01-30,SVR,1D,5,-0.0178644435713629,0.0008859376609042669,Low
2020-01-31,SVR,1D,5,0.0072284257612325,0.0017706713081045173,Normal
2020-02-03,SVR,1D,5,0.014869315917506,0.0012738688467904703,Normal
2020-02-04,SVR,1D,5,0.0111877786589729,0.0008927537931829616,Normal
2020-02-05,SVR,1D,5,0.0033201550570019,0.0006498904383931709,Normal
2020-02-06,SVR,1D,5,-0.0054154910094583,0.0003788854801751885,Normal
2020-02-07,SVR,1D,5,0.0072996901205732,0.00038810015468077226,Normal
2020-02-10,SVR,1D,5,0.0016870486860021,8.260783046824989e-05,Normal
2020-02-11,SVR,1D,5,0.006441853105203,0.00016640924198069347,Normal
2020-02-12,SVR,1D,5,-0.0016317763599886,0.0006390426476287087,Normal
2020-02-13,SVR,1D,5,0.0018418360984854,0.0001314321541463232,Normal
2020-02-14,SVR,1D,5,-0.0029242139861477,0.0006141736296727141,Normal
2020-02-18,SVR,1D,5,0.0046947482842849,0.00014035542466434188,Normal
2020-02-19,SVR,1D,5,-0.0038228174279975,0.0006045823605144735,Normal
2020-02-20,SVR,1D,5,-0.0105738092328197,0.0003082898131468465,Normal
2020-02-21,SVR,1D,5,-0.0340880794204407,0.0009698783695632641,Normal
2020-02-24,SVR,1D,5,-0.0307479043753532,0.0038696957639996633,High
2020-02-25,SVR,1D,5,-0.00378569732353,0.00696975513778249,High
2020-02-26,SVR,1D,5,-0.0451681363522611,0.0030711788350865233,High
2020-02-27,SVR,1D,5,-0.008272463109653,0.010708314727739367,High
2020-02-28,SVR,1D,5,0.0450108687694132,0.004569620140180393,High
2020-03-02,SVR,1D,5,-0.0285104849229145,0.00019751489679267938,High
2020-03-03,SVR,1D,5,0.0413363493606331,0.002687329602778331,High
2020-03-04,SVR,1D,5,-0.0345107824399811,-0.0003424895861508775,High
2020-03-05,SVR,1D,5,-0.0172009436523861,0.0012521986537038388,High
2020-03-06,SVR,1D,5,-0.0790104129403714,0.0036924132585773334,High
2020-03-09,SVR,1D,5,0.0482150524258591,0.018923216468174534,High
2020-03-10,SVR,1D,5,-0.0501028928086054,-0.003459738079193043,High
2020-03-11,SVR,1D,5,-0.0999448524024735,0.00679471597526961,High
2020-03-12,SVR,1D,5,0.0888084069492359,0.03253060821011895,High
2020-03-13,SVR,1D,5,-0.1276521974728174,-0.014452567726370156,High
2020-03-16,SVR,1D,5,0.0582263126356917,0.017650069003503993,High
2020-03-17,SVR,1D,5,-0.0532222723320802,0.003264977501005484,High
2020-03-18,SVR,1D,5,0.004696760970401,0.005528524216324529,High
2020-03-19,SVR,1D,5,-0.0443276240533668,0.001969018708019953,High
2020-03-20,SVR,1D,5,-0.0297315010095767,0.008038468569598176,High
2020-03-23,SVR,1D,5,0.0896832325179632,0.00035676181034995265,High
2020-03-24,SVR,1D,5,0.0114689904208222,0.007876423278348784,High
2020-03-25,SVR,1D,5,0.0605438310742465,-0.0003707754596423262,High
2020-03-26,SVR,1D,5,-0.0342678455416263,0.007876098068765382,High
2020-03-27,SVR,1D,5,0.0329665905699747,0.003241853736818125,High
2020-03-30,SVR,1D,5,-0.0161423107884158,-0.0032369440744508243,High
2020-03-31,SVR,1D,5,-0.0451463627327869,0.005042991858909317,High
2020-04-01,SVR,1D,5,0.0225726570569603,-0.0010046071046948806,High
2020-04-02,SVR,1D,5,-0.0152528608259442,0.00010590111265995801,High
2020-04-03,SVR,1D,5,0.0679682441448303,-0.0030418159423707247,High
2020-04-06,SVR,1D,5,-0.0016043390483624,0.005766892613574813,High
2020-04-07,SVR,1D,5,0.0334893711912846,-0.007402428982745386,High
2020-04-08,SVR,1D,5,0.0143834703036993,-0.0005660547913631363,High
2020-04-09,SVR,1D,5,-0.0101560594446771,0.005239971007224205,High
2020-04-13,SVR,1D,5,0.0301145595723075,-0.008000660839097949,High
2020-04-14,SVR,1D,5,-0.0222767326723692,0.005566165724723031,High
2020-04-15,SVR,1D,5,0.0057998378395412,-0.006287704683785573,High
2020-04-16,SVR,1D,5,0.0264409320213205,0.002634717569770061,High
2020-04-17,SVR,1D,5,-0.0180428456153477,-0.0032626877122796504,High
2020-04-20,SVR,1D,5,-0.0311551152363306,0.0004416788267748734,High
2020-04-21,SVR,1D,5,0.0226713005821367,0.004837818459862532,High
2020-04-22,SVR,1D,5,-0.0005395676601955,-0.007125735900045614,High
2020-04-23,SVR,1D,5,0.0138220905668392,-0.0018529422273807338,High
2020-04-24,SVR,1D,5,0.0146068681817359,-0.004587693746664094,High
2020-04-27,SVR,1D,5,-0.0052561701904836,-0.0006151356850672401,High
2020-04-28,SVR,1D,5,0.026236704045073,-0.004432189977587873,High
2020-04-29,SVR,1D,5,-0.0092551433190548,-0.0017099287657511546,High
2020-04-30,SVR,1D,5,-0.0284602110147759,-0.00047532530476272587,High
2020-05-01,SVR,1D,5,0.0042408225788494,1.1593355274704467e-05,High
2020-05-04,SVR,1D,5,0.0089999351977798,6.553671301852589e-05,High
2020-05-05,SVR,1D,5,-0.0070038803990425,-0.00377606933934793,High
2020-05-06,SVR,1D,5,0.0114389557548908,0.000657046624814377,High
2020-05-07,SVR,1D,5,0.0167307950652262,-0.0025689335848966387,High
2020-05-08,SVR,1D,5,0.0001330693667907,-0.002390274426670903,High
2020-05-11,SVR,1D,5,-0.0207133657720476,-0.0014690685994085111,High
2020-05-12,SVR,1D,5,-0.01761699662428,0.0005081783165690763,High
2020-05-13,SVR,1D,5,0.0114589178040714,0.0029965975627217496,High
2020-05-14,SVR,1D,5,0.003918675203723,-0.001370654675422368,High
2020-05-15,SVR,1D,5,0.0310152087700734,-0.0020476539168627333,High
2020-05-18,SVR,1D,5,-0.0105397477115992,-0.0005782011333110553,High
2020-05-19,SVR,1D,5,0.0165139906134157,0.0004764631438092682,High
2020-05-20,SVR,1D,5,-0.0078039683099536,-0.0026353635886116177,High
2020-05-21,SVR,1D,5,0.0023509456868123,-0.0007709645550391508,High
2020-05-22,SVR,1D,5,0.0122142850214605,-0.0015762164184454624,High
2020-05-26,SVR,1D,5,0.0147184474903143,-0.0014949708227984092,High
2020-05-27,SVR,1D,5,-0.0021101393249195,-0.0018290205038386641,High
2020-05-28,SVR,1D,5,0.0048007935523079,-0.001720800567829443,High
2020-05-29,SVR,1D,5,0.0037442164783643,-0.0016419966507389815,High
2020-06-01,SVR,1D,5,0.0081773072823986,-0.000724898700039998,High
2020-06-02,SVR,1D,5,0.0135566708125639,-0.0016593092409493675,High
2020-06-03,SVR,1D,5,-0.0033743890836089,-0.0018083758382995956,High
2020-06-04,SVR,1D,5,0.0258740128216358,-0.0014435473779774843,High
2020-06-05,SVR,1D,5,0.011969656405806,-0.0023160728235875182,High
2020-06-08,SVR,1D,5,-0.0078297434197219,-0.0018908538111699468,High
2020-06-09,SVR,1D,5,-0.005327255735182,-0.0010903052142623975,High
2020-06-10,SVR,1D,5,-0.0607526929962889,5.5854965229669776e-05,High
2020-06-11,SVR,1D,5,0.0129762866052117,0.011261290718004581,High
2020-06-12,SVR,1D,5,0.0082778608181752,-0.0011128430206202421,High
2020-06-15,SVR,1D,5,0.0187848528667105,-0.0012947593679790547,High
2020-06-16,SVR,1D,5,-0.0036067962326294,-0.0003109326167378811,High
2020-06-17,SVR,1D,5,0.0005940434038017,0.0014424052177817743,High
2020-06-18,SVR,1D,5,-0.0056655135656737,-0.0006449320062188162,High
2020-06-19,SVR,1D,5,0.0064740932966583,0.0008887654718624256,High
2020-06-22,SVR,1D,5,0.0042981691914837,0.00015497849739108845,High
2020-06-23,SVR,1D,5,-0.0261952655956623,0.0001563995669702379,High
2020-06-24,SVR,1D,5,0.0108998277282181,0.0014047835740341064,High
2020-06-25,SVR,1D,5,-0.0245252042748311,-6.111063730205972e-05,High
2020-06-26,SVR,1D,5,0.0145788881135335,0.0017270304142928423,High
2020-06-29,SVR,1D,5,0.0152923494357555,-9.262803569606674e-05,High
2020-06-30,SVR,1D,5,0.0050095639758705,-0.0004772029593029647,High
2020-07-01,SVR,1D,5,0.0045309704768169,0.0003995822431347596,High
2020-07-02,SVR,1D,5,0.0157569308321632,0.0005090271829194682,High
2020-07-06,SVR,1D,5,-0.0108774778696435,-0.0006439807327455176,High
2020-07-07,SVR,1D,5,0.0077969862634302,-9.116204469773563e-05,High
2020-07-08,SVR,1D,5,-0.0056595914761946,0.0003055373966937853,High
2020-07-09,SVR,1D,5,0.010411809774443,0.0006228347908766325,High
2020-07-10,SVR,1D,5,-0.0094066452160588,0.00144574597001443,High
2020-07-13,SVR,1D,5,0.0133173005829039,0.001386714244547409,High
2020-07-14,SVR,1D,5,0.009041056936355,9.986482021894123e-05,High
2020-07-15,SVR,1D,5,-0.0034119152141152,0.0005527262163852065,High
2020-07-16,SVR,1D,5,0.0028445625875835,0.0006505350353326906,High
2020-07-17,SVR,1D,5,0.0083717972551403,0.0007203645139538407,High
2020-07-20,SVR,1D,5,0.00167762933456,0.00023445053500066766,High
2020-07-21,SVR,1D,5,0.0057306305944738,0.00013194925050234903,High
2020-07-22,SVR,1D,5,-0.0123963784122468,0.0001276649717901774,High
2020-07-23,SVR,1D,5,-0.0062096400242761,0.0010957147491956632,High
2020-07-24,SVR,1D,5,0.0073679288214823,0.0007926002897216834,High
2020-07-27,SVR,1D,5,-0.0064944354186463,0.0009101206499803078,Normal
2020-07-28,SVR,1D,5,0.0123517833517425,0.0008711670418547635,Normal
2020-07-29,SVR,1D,5,-0.0037573017634548,0.00048548604411312486,Normal
2020-07-30,SVR,1D,5,0.0076412362421762,0.00047527021387455855,Normal
2020-07-31,SVR,1D,5,0.0071553626643586,0.00047146325261589357,Normal
2020-08-03,SVR,1D,5,0.0036054230261335,0.00042163534087300177,Normal
2020-08-04,SVR,1D,5,0.0064091604355179,0.0005419779842677237,Normal
2020-08-05,SVR,1D,5,0.0064071260206648,0.0003711272364726754,Normal
2020-08-06,SVR,1D,5,0.0006328292699566,0.00014163166734317174,Normal
2020-08-07,SVR,1D,5,0.0027384652733919,0.0003057269722725065,Normal
2020-08-10,SVR,1D,5,-0.0080010554013772,0.0002776976562047801,Normal
2020-08-11,SVR,1D,5,0.0138995022936135,0.0007403227571579091,Normal
2020-08-12,SVR,1D,5,-0.0020492726761566,0.0005434225651623648,Normal
2020-08-13,SVR,1D,5,-0.000171897396279,0.0005211954773589617,Normal
2020-08-14,SVR,1D,5,0.0027061775074234,0.0006663134918401415,Normal
2020-08-17,SVR,1D,5,0.0023007404198168,0.000777776783572522,Normal
2020-08-18,SVR,1D,5,-0.004414123345182,0.0005317490594709141,Normal
2020-08-19,SVR,1D,5,0.0031536547683461,0.0005868139139734458,Normal
2020-08-20,SVR,1D,5,0.0034351999829724,0.0006402346609614296,Low
2020-08-21,SVR,1D,5,0.0099936153649035,0.0006525697702791811,Low
2020-08-24,SVR,1D,5,0.0035898997455401,0.0004651901234797185,Low
2020-08-25,SVR,1D,5,0.0101440013448414,0.0004667096295115792,Low
2020-08-26,SVR,1D,5,0.0016716460318091,-0.00015050140282740591,Low
2020-08-27,SVR,1D,5,0.0067100028495702,4.0726750933100034e-05,Low
2020-08-28,SVR,1D,5,-0.0021973751755085,0.0006164714651011611,Low
2020-08-31,SVR,1D,5,0.0074968314207059,-0.00016058076046741691,Low
2020-09-01,SVR,1D,5,0.0152490501438697,0.0006216760680225909,Low
2020-09-02,SVR,1D,5,-0.0357575941421853,0.00015364830135944536,Low
2020-09-03,SVR,1D,5,-0.0081662807542751,0.0037988047187804703,High
2020-09-04,SVR,1D,5,-0.0281488290864667,0.0014981843609299817,High
2020-09-08,SVR,1D,5,0.0199447606621803,0.002972033406238585,High
2020-09-09,SVR,1D,5,-0.0177412459253955,0.0015309802297952414,High
2020-09-10,SVR,1D,5,0.0005329301580873,0.002238219954969258,High
2020-09-11,SVR,1D,5,0.0126613350250229,0.0016299416021025182,High
2020-09-14,SVR,1D,5,0.0052057859304996,0.001177249040152555,High
2020-09-15,SVR,1D,5,-0.0046296468921518,0.0009813032542434642,High
2020-09-16,SVR,1D,5,-0.0084479495285524,0.0008934197657901339,High
2020-09-17,SVR,1D,5,-0.0112455769478285,0.0009751690185520485,High
2020-09-18,SVR,1D,5,-0.0116385640272977,0.0010623446179004754,High
2020-09-21,SVR,1D,5,0.0104630163983761,0.0015926030736526115,High
2020-09-22,SVR,1D,5,-0.0240073389143741,0.0010528081471087875,High
2020-09-23,SVR,1D,5,0.002983005554629,0.0023756852603891033,High
2020-09-24,SVR,1D,5,0.0158504392241884,0.0012589183005053146,High
2020-09-25,SVR,1D,5,0.0159821918538544,0.0008361759365064936,High
2020-09-28,SVR,1D,5,-0.0048242827044439,0.0008217928070451703,High
2020-09-29,SVR,1D,5,0.0082198425683796,0.0009668766081730885,High
2020-09-30,SVR,1D,5,0.005278949564295,0.00032467614462966705,High
2020-10-01,SVR,1D,5,-0.0096238128663708,0.0004391359288617742,High
2020-10-02,SVR,1D,5,0.0178131090029009,0.0015020946469310754,High
2020-10-05,SVR,1D,5,-0.0140720643875232,0.0007932642101331506,High
2020-10-06,SVR,1D,5,0.0172471637702415,0.001933849037628681,High
2020-10-07,SVR,1D,5,0.0079782128948692,0.0007209510647835527,High
2020-10-08,SVR,1D,5,0.0087550951807528,0.00140339024755347,High
2020-10-09,SVR,1D,5,0.0162825301583242,0.0008694184206322637,High
2020-10-12,SVR,1D,5,-0.0063268916291632,1.1534861622686937e-06,High
2020-10-13,SVR,1D,5,-0.0066451720840594,0.0002249330539606676,High
2020-10-14,SVR,1D,5,-0.001528923514213,0.0010141630198205898,High
2020-10-15,SVR,1D,5,0.0001349104566304,0.0007079768425065792,High
2020-10-16,SVR,1D,5,-0.0164646635149426,0.0011263261288062144,High
2020-10-19,SVR,1D,5,0.0047161953200011,0.0026635077829712684,High
2020-10-20,SVR,1D,5,-0.0021981140115702,0.0014610964564350393,High
2020-10-21,SVR,1D,5,0.0052053540034913,0.001918172328326433,High
2020-10-22,SVR,1D,5,0.0034398383203894,0.0011278397856923934,High
2020-10-23,SVR,1D,5,-0.018764472985322,0.001058670974974656,High
2020-10-26,SVR,1D,5,-0.0030302053504455,0.0013633595572123004,High
2020-10-27,SVR,1D,5,-0.0359255421085777,0.0025026085605470306,High
2020-10-28,SVR,1D,5,0.0118765249399974,0.004732017567326026,High
2020-10-29,SVR,1D,5,-0.0122037134452599,0.0020623066257796103,High
2020-10-30,SVR,1D,5,0.0122429508905916,0.00335363069867055,High
2015-06-10,SVR,5D,1,-0.0022636326075193,0.00243401648131575,Low
2015-06-11,SVR,5D,1,0.0058532506899613,0.0015255449798761717,Low
2015-06-12,SVR,5D,1,0.0075545101051144,0.000596745258789529,Low
2015-06-15,SVR,5D,1,0.018264167708428,0.0023553920767247095,Low
2015-06-16,SVR,5D,1,0.0132261036178678,0.0015266220427796063,Low
2015-06-17,SVR,5D,1,0.0038679535044897,0.0021996815755217797,Low
2015-06-18,SVR,5D,1,-0.0089640507061154,0.0014511826888831698,Low
2015-06-19,SVR,5D,1,-0.0040365912130882,0.001881354955090746,Low
2015-06-22,SVR,5D,1,-0.031199928703242,0.00021780804789625803,Low
2015-06-23,SVR,5D,1,-0.029180632775968,0.0009024368643186249,Low
2015-06-24,SVR,5D,1,-0.0148880706230257,0.0003796717473753281,Low
2015-06-25,SVR,5D,1,-0.0122181366559759,0.0027220197049397255,Low
2015-06-26,SVR,5D,1,-0.0156972136099509,0.003618254865872821,Low
2015-06-29,SVR,5D,1,0.0114523164925293,0.006085948670285545,Normal
2015-06-30,SVR,5D,1,-0.0079956107720796,0.006395186777527486,Normal
2015-07-01,SVR,5D,1,-0.0126480595618967,0.004109044489445048,Normal
2015-07-02,SVR,5D,1,-7.700298734244507e-05,0.005158290561587233,Normal
2015-07-06,SVR,5D,1,0.0147974982189101,0.004659643101459209,Normal
2015-07-07,SVR,5D,1,0.0131782108615416,0.002429442938163955,Normal
2015-07-08,SVR,5D,1,0.0292359194729459,0.00488373093567117,Normal
2015-07-09,SVR,5D,1,0.0349590052726014,0.004712228002183948,Normal
2015-07-10,SVR,5D,1,0.0238015905120445,0.002539413439366341,Normal
2015-07-13,SVR,5D,1,0.0135672586286908,0.000779145984743242,Normal
2015-07-14,SVR,5D,1,0.0048531891494675,0.0008668442782218833,Normal
2015-07-15,SVR,5D,1,0.0031978804300145,-0.0004737681514293806,Normal
2015-07-16,SVR,5D,1,-0.0104770632258404,-0.0015424540381259715,Normal
2015-07-17,SVR,5D,1,-0.0223436555469523,-0.0015558912317121792,Normal
2015-07-20,SVR,5D,1,-0.0289063472360181,0.0005572186232167004,Normal
2015-07-21,SVR,5D,1,-0.0123254771914058,0.00031578105730270707,Normal
2015-07-22,SVR,5D,1,-0.0026427692438319,0.0012274383578230758,Normal
2015-07-23,SVR,5D,1,0.0030778078715698,0.0025330854468446646,Normal
2015-07-24,SVR,5D,1,0.0115647247671792,0.003475526263855862,Normal
2015-07-27,SVR,5D,1,0.014595785887339,0.005838886935998074,Normal
2015-07-28,SVR,5D,1,3.347291851688715e-05,0.003978342346507806,Normal
2015-07-29,SVR,5D,1,-0.004148831823376,0.0016577460340817824,Normal
2015-07-30,SVR,5D,1,-0.0119603946499605,0.000510513305478676,Normal
2015-07-31,SVR,5D,1,-0.0125653137052465,0.0003019497640101166,Normal
2015-08-03,SVR,5D,1,0.0029222158716832,0.00013512773159948983,Normal
2015-08-04,SVR,5D,1,-0.0044286096415662,0.0008672366192915299,Normal
2015-08-05,SVR,5D,1,-0.0065888441888422,0.002705487902153707,Low
2015-08-06,SVR,5D,1,-8.167413466134306e-05,0.002224413998787091,Low
2015-08-07,SVR,5D,1,0.0067016809960354,0.0017316214709543216,Low
2015-08-10,SVR,5D,1,-0.0008272629265866,0.0005244771840371577,Low
2015-08-11,SVR,5D,1,0.0061468188179625,0.0012719504364736584,Low
2015-08-12,SVR,5D,1,-0.0030919212298493,0.001627731365796985,Low
2015-08-13,SVR,5D,1,-0.0231418558156142,0.0009420630179179813,Low
2015-08-14,SVR,5D,1,-0.0594154306118518,0.0007634282010944588,Low
2015-08-17,SVR,5D,1,-0.1048247666677739,0.0013479310750563068,Low
2015-08-18,SVR,5D,1,-0.1158100334747966,0.002169894102389507,Low
2015-08-19,SVR,5D,1,-0.0692295976306679,0.0024987336547223227,Low
2015-08-20,SVR,5D,1,-0.0238963826868317,0.0057784409748305055,Normal
2015-08-21,SVR,5D,1,0.0090814109919228,0.014964620929394283,High
2015-08-24,SVR,5D,1,0.0408657766744578,0.027303737617032142,High
2015-08-25,SVR,5D,1,0.0244573765746859,0.019018978867783212,High
2015-08-26,SVR,5D,1,0.0042937485633687,0.01251971108551238,High
2015-08-27,SVR,5D,1,-0.0185493902269022,0.0055220802538589065,High
2015-08-28,SVR,5D,1,-0.0346062501380548,0.0040493525370295675,High
2015-08-31,SVR,5D,1,-0.0014055342770321,0.003303223282728628,High
2015-09-01,SVR,5D,1,0.0146220797963109,0.003078291680698996,High
2015-09-02,SVR,5D,1,0.001758483818032,0.0025478978780266743,High
2015-09-03,SVR,5D,1,0.0050713745635994,0.007119785528756516,High
2015-09-04,SVR,5D,1,0.0164216420948319,0.010202660970713916,High
2015-09-08,SVR,5D,1,0.0043976925292259,0.003716466095674305,High
2015-09-09,SVR,5D,1,0.0270604690136864,0.0041004623104036065,High
2015-09-10,SVR,5D,1,0.0192320491261907,0.0037064582668757135,High
2015-09-11,SVR,5D,1,-0.001541188273179,0.0036536276763038684,High
2015-09-14,SVR,5D,1,0.0071122449835374,0.004067175593629834,High
2015-09-15,SVR,5D,1,-0.0180323726672733,0.003933612927962198,High
2015-09-16,SVR,5D,1,-0.028750857612243,0.0027998803567033676,High
2015-09-17,SVR,5D,1,-0.0295551650409894,0.0024937226180147282,High
2015-09-18,SVR,5D,1,-0.0137248358878264,0.00483482928506797,High
2015-09-21,SVR,5D,1,-0.0442814390843083,0.0017164055540965662,High
2015-09-22,SVR,5D,1,-0.0306544151519483,0.007716497675454586,High
2015-09-23,SVR,5D,1,-0.0097077723187892,0.006326057468880169,High
2015-09-24,SVR,5D,1,-0.0043671817691455,0.0054469425717073045,High
2015-09-25,SVR,5D,1,0.0103125130484805,0.003975272666900178,High
2015-09-28,SVR,5D,1,0.0544383177297917,0.010154604259937293,High
2015-09-29,SVR,5D,1,0.0496115344726668,0.007605019836029821,High
2015-09-30,SVR,5D,1,0.0387191557266546,0.0050697828714701704,High
2015-10-01,SVR,5D,1,0.0455269971928758,0.0011388506437785707,High
2015-10-02,SVR,5D,1,0.0320380527369856,-4.3432482847020545e-05,High
2015-10-05,SVR,5D,1,0.0151881236958162,-0.002121156851293547,High
2015-10-06,SVR,5D,1,0.0119339893498324,-0.00472977049280046,High
2015-10-07,SVR,5D,1,-0.0007969614196595,-0.002676863475492673,High
2015-10-08,SVR,5D,1,0.005166809787137,-0.004101514814508404,High
2015-10-09,SVR,5D,1,0.0090020226003187,-0.003250745012311358,High
2015-10-12,SVR,5D,1,0.0079978670668588,-0.0018817090502708089,High
2015-10-13,SVR,5D,1,0.0134245897010922,-0.0009961669161522285,High
2015-10-14,SVR,5D,1,0.0123095717018971,-6.309296823585157e-05,High
2015-10-15,SVR,5D,1,0.014056867363136,-0.0006884077548357775,High
2015-10-16,SVR,5D,1,0.020466759958482,-0.00047471719337480005,High
2015-10-19,SVR,5D,1,0.0182813180135086,-0.0016772878992886275,High
2015-10-20,SVR,5D,1,0.0171460332043147,-0.0005424201346380091,Normal
2015-10-21,SVR,5D,1,0.0347589706035925,-0.0013090999870532787,Normal
2015-10-22,SVR,5D,1,0.0178182482103378,-0.0023868055340015,High
2015-10-23,SVR,5D,1,0.0020268125528695,-0.0024079187226010417,High
2015-10-26,SVR,5D,1,0.0157456218927844,-0.0006962533442583223,Normal
2015-10-27,SVR,5D,1,0.0210273606829396,-0.0026398933504608296,Normal
2015-10-28,SVR,5D,1,0.0057052052551488,-0.0055381361161300335,Normal
2015-10-29,SVR,5D,1,0.0050222908793113,-0.003409477470119158,Normal
2015-10-30,SVR,5D,1,0.009496090787713,-0.0028118752921457834,Normal
2015-11-02,SVR,5D,1,-0.0121790762076041,-0.004047008986254553,Normal
2015-11-03,SVR,5D,1,-0.0133939739792219,-0.0026396607119832365,Normal
2015-11-04,SVR,5D,1,-0.0130756143611437,-0.002543106176888214,Normal
2015-11-05,SVR,5D,1,-0.0260319879412781,-0.0026422959130097522,Normal
2015-11-06,SVR,5D,1,-0.0369549465934099,-0.002608783586884723,Normal
2015-11-09,SVR,5D,1,-0.0122903531426731,-0.000114355186861188,Normal
2015-11-10,SVR,5D,1,-0.0151400853143694,0.0001933420119672475,Normal
2015-11-11,SVR,5D,1,0.0041264518843719,0.0009458647593602754,Normal
2015-11-12,SVR,5D,1,0.0170918748920252,0.0013914118232312579,Normal
2015-11-13,SVR,5D,1,0.03216547060433,0.00411192998262855,Normal
2015-11-16,SVR,5D,1,0.0161365439684118,0.001432483050271648,Normal
2015-11-17,SVR,5D,1,0.018698070931619,0.0034023925895985286,Normal
2015-11-18,SVR,5D,1,0.0025357004394796,0.0003117393268455993,Normal
2015-11-19,SVR,5D,1,0.0042528823279398,-0.0005907425715633834,Normal
2015-11-20,SVR,5D,1,-0.004201873091828,-0.0027385110978913312,Normal
2015-11-23,SVR,5D,1,0.0076576896965952,-0.0009691088755322385,Normal
2015-11-24,SVR,5D,1,-0.0046201528878142,-0.0003739493633320278,Normal
2015-11-25,SVR,5D,1,-0.0189688387169972,-0.00015814282061646194,Normal
2015-11-27,SVR,5D,1,0.000755576087373,0.001255829094257076,Normal
2015-11-30,SVR,5D,1,-0.0016066677334062,0.004570729051258675,Normal
2015-12-01,SVR,5D,1,-0.0187416593057401,1.9660749156881832e-05,Normal
2015-12-02,SVR,5D,1,-0.0154541530319839,0.0016561550504021073,Normal
2015-12-03,SVR,5D,1,0.0012725299907608,0.003762373586488484,Normal
2015-12-04,SVR,5D,1,-0.0386591941289057,0.0007554212163639624,Normal
2015-12-07,SVR,5D,1,-0.0269008621044398,0.0019390897005205233,Normal
2015-12-08,SVR,5D,1,-0.0098272293729309,0.004493191022277939,Normal
2015-12-09,SVR,5D,1,0.0123524926435332,0.004176064293785047,Normal
2015-12-10,SVR,5D,1,-0.0050511405709378,0.003075076790158964,Normal
2015-12-11,SVR,5D,1,-0.0033947678222293,0.01079504014605179,High
2015-12-14,SVR,5D,1,-0.0003907491591411,0.006942509154884662,Normal
2015-12-15,SVR,5D,1,-0.0021752336734865,0.0036787828805266588,Normal
2015-12-16,SVR,5D,1,-0.004244272796704,0.0009712291887729336,High
2015-12-17,SVR,5D,1,0.009310588435309,0.0010365624264930557,Normal
2015-12-18,SVR,5D,1,0.0250871469861096,0.0031432706948332934,High
2015-12-21,SVR,5D,1,0.0279125044319764,0.0013858341089618992,High
2015-12-22,SVR,5D,1,0.0118910100566289,0.0018120679629056047,High
2015-12-23,SVR,5D,1,-0.0099070715123927,0.0021401276840861145,High
2015-12-24,SVR,5D,1,-0.0237291979063353,0.001921310183524651,High
2015-12-28,SVR,5D,1,-0.0195380573106694,0.0022203232958976932,High
2015-12-29,SVR,5D,1,-0.0433138844863185,0.00037265512015540077,High
2015-12-30,SVR,5D,1,-0.0600563022218847,0.001247661706313354,High
2015-12-31,SVR,5D,1,-0.0614973546262648,0.004516579796855895,High
2016-01-04,SVR,5D,1,-0.0452224045326363,0.0073001994374704855,High
2016-01-05,SVR,5D,1,-0.0394600945542214,0.0038741301501595566,High
2016-01-06,SVR,5D,1,-0.0515403066295043,0.00836853664169586,High
2016-01-07,SVR,5D,1,-0.0109964291757757,0.012505843333083482,High
2016-01-08,SVR,5D,1,-0.0219346644280901,0.01294490185288197,High
2016-01-11,SVR,5D,1,-0.0222558925364839,0.008383263276032131,High
2016-01-12,SVR,5D,1,-0.0417911726801569,0.008718744254600288,High
2016-01-13,SVR,5D,1,-0.0113268089662999,0.009244448332591611,High
2016-01-14,SVR,5D,1,-0.0078041430184702,0.004655297293685594,High
2016-01-15,SVR,5D,1,-0.0017299154931293,0.007185167036258976,High
2016-01-19,SVR,5D,1,0.0117836421498097,0.006527579957243875,High
2016-01-20,SVR,5D,1,0.0126234858751796,0.01105943177933365,High
2016-01-21,SVR,5D,1,0.0129548479568229,0.005916877833123767,High
2016-01-22,SVR,5D,1,0.0173327720691659,0.0033898557188892803,High
2016-01-25,SVR,5D,1,0.0326509823964456,0.004679862165511738,High
2016-01-26,SVR,5D,1,-0.0003152241521535,0.002874648838596632,High
2016-01-27,SVR,5D,1,0.0155873181699488,0.002597953569443161,High
2016-01-28,SVR,5D,1,0.0115995357448807,0.0020946485691067263,High
2016-01-29,SVR,5D,1,-0.0315132735260274,0.0021138821609962433,High
2016-02-01,SVR,5D,1,-0.0453249966035429,0.0008159247325048875,High
2016-02-02,SVR,5D,1,-0.0270678685320718,0.003496063097447143,High
2016-02-03,SVR,5D,1,-0.0322364566844068,0.0008503725058314777,High
2016-02-04,SVR,5D,1,-0.0461394723061865,0.002980399355291043,High
2016-02-05,SVR,5D,1,-0.0081552988227887,0.00734117294558158,High
2016-02-08,SVR,5D,1,0.0224814968419535,0.010492479757450894,High
2016-02-09,SVR,5D,1,0.0394914481143551,0.008426354401093948,High
2016-02-10,SVR,5D,1,0.0350037841211813,0.008216941846675251,High
2016-02-11,SVR,5D,1,0.0473551981686357,0.012811402110765995,High
2016-02-12,SVR,5D,1,0.0423759140606659,0.004651167538104449,High
2016-02-16,SVR,5D,1,0.0134615987481924,0.0035197333652293872,High
2016-02-17,SVR,5D,1,0.001545448157183,-0.0003398345204766017,High
2016-02-18,SVR,5D,1,0.0175064470115685,-0.0004422605349260044,High
2016-02-19,SVR,5D,1,0.0156606149638058,-0.0026808035553244885,High
2016-02-22,SVR,5D,1,-0.0068442472268421,-0.002862846764798919,High
2016-02-23,SVR,5D,1,0.0292767157455651,0.001763252452986615,High
2016-02-24,SVR,5D,1,0.028932705572035,0.0012668267860116034,High
2016-02-25,SVR,5D,1,0.0211409731619011,0.00032361058815265527,High
2016-02-26,SVR,5D,1,0.0263132783574074,0.0004292234550618574,High
2016-02-29,SVR,5D,1,0.0353520322498431,0.0009293016111406888,High
2016-03-01,SVR,5D,1,0.0004598907922181,-0.0021386975210976305,High
2016-03-02,SVR,5D,1,0.0014136137139306,-0.000708604345021539,High
2016-03-03,SVR,5D,1,-0.0019232278092637,-0.0018437456969966886,High
2016-03-04,SVR,5D,1,0.0110388779136459,-0.001699776641848087,High
2016-03-07,SVR,5D,1,0.00889248649617,-0.00099955629401814,High
2016-03-08,SVR,5D,1,0.0183576116178584,0.001331075385355195,High
2016-03-09,SVR,5D,1,0.0189026667168239,0.0009920832818568637,High
2016-03-10,SVR,5D,1,0.0253204569882976,0.0008007357446614006,High
2016-03-11,SVR,5D,1,0.0134538786504724,-0.000123898920654451,Normal
2016-03-14,SVR,5D,1,0.0157007391713767,-0.0012421705061745735,Normal
2016-03-15,SVR,5D,1,0.0166615972089223,-0.0017809301940601967,Normal
2016-03-16,SVR,5D,1,0.0046703597964754,-0.0031853564311278126,Normal
2016-03-17,SVR,5D,1,-0.0022813650514975,-0.0021292380678119126,Normal
2016-03-18,SVR,5D,1,-0.0061322254144514,-0.0013643024843360534,Normal
2016-03-21,SVR,5D,1,0.0016606947354934,-0.00268047044492954,Normal
2016-03-22,SVR,5D,1,0.0068793476258319,-0.0009303415017407179,Normal
2016-03-23,SVR,5D,1,0.0112440147968782,-0.0011519770288521535,Normal
2016-03-24,SVR,5D,1,0.0179331156428548,-0.0008434604409402035,Normal
2016-03-28,SVR,5D,1,0.0141745287089277,0.0007423502719040454,Normal
2016-03-29,SVR,5D,1,-0.004799781757104,-0.00015119037072540246,Normal
2016-03-30,SVR,5D,1,0.0013121361813431,-0.002963478626771791,Low
2016-03-31,SVR,5D,1,-0.008694095429041,-0.0015974583436216116,Low
2016-04-01,SVR,5D,1,-0.0122223518910245,-0.002969058109739643,Low
2016-04-04,SVR,5D,1,-0.0117524177347737,-0.0018505566424661928,Low
2016-04-05,SVR,5D,1,0.0080596345584107,0.00018626898769677665,Low
2016-04-06,SVR,5D,1,0.0075969063949554,-5.747097051185188e-06,Low
2016-04-07,SVR,5D,1,0.0198178927950928,0.0007421355782801804,Normal
2016-04-08,SVR,5D,1,0.0160504206143304,0.0005716965908943595,Normal
2016-04-11,SVR,5D,1,0.0253136921177322,0.0007178675501742799,Low
2016-04-12,SVR,5D,1,0.0187776761392088,-0.0002169757381194331,Low
2016-04-13,SVR,5D,1,0.0095488614198854,-0.00035455747958097576,Low
2016-04-14,SVR,5D,1,0.0041683861324609,-0.0011067232940378518,Low
2016-04-15,SVR,5D,1,0.0052010142881477,-0.0014298263400665794,Low
2016-04-18,SVR,5D,1,-0.0031324009464132,-0.0019134870086681115,Low
2016-04-19,SVR,5D,1,-0.0043411386750426,-0.001232546975080363,Low
2016-04-20,SVR,5D,1,-0.0034543996125304,-0.0002869806202574054,Low
2016-04-21,SVR,5D,1,-0.0075204728168001,0.000815592180239107,Low
2016-04-22,SVR,5D,1,-0.0126442806268981,4.54688577346974e-05,Low
2016-04-25,SVR,5D,1,-0.0030509843088911,0.0012835234010999137,Low
2016-04-26,SVR,5D,1,-0.0136364838715239,0.0010647614302730524,Low
2016-04-27,SVR,5D,1,-0.0212390606887432,0.0012217866587345572,Low
2016-04-28,SVR,5D,1,-0.0122044613199757,0.0025481619946488027,Low
2016-04-29,SVR,5D,1,-0.003958901535866,0.002496370481286663,Low
2016-05-02,SVR,5D,1,-0.0109852949255001,0.002074376411321426,Low
2016-05-03,SVR,5D,1,0.010135569698933,0.003859088123727263,Low
2016-05-04,SVR,5D,1,0.0064826295265367,0.0033156925053261805,Low
2016-05-05,SVR,5D,1,0.0065521869513666,0.004208213660492054,Low
2016-05-06,SVR,5D,1,-0.0051318577639383,0.0019182342794220753,Low
2016-05-09,SVR,5D,1,0.0038639053180645,0.002984332121499166,Low
2016-05-10,SVR,5D,1,-0.0179983234701355,0.0005691560000166285,Low
2016-05-11,SVR,5D,1,-0.0081856429058654,0.0005968417054499093,Low
2016-05-12,SVR,5D,1,-0.0117297581606217,0.0007125978218297264,Low
2016-05-13,SVR,5D,1,0.0027861352239352,0.001853751109629419,Low
2016-05-16,SVR,5D,1,-0.0090504777337792,0.0013147343781590454,Low
2016-05-17,SVR,5D,1,0.0139940233523738,0.0030765001765905176,Low
2016-05-18,SVR,5D,1,0.0207393953175558,0.003479010441533469,Low
2016-05-19,SVR,5D,1,0.0242425237903479,0.004202161261084374,Low
2016-05-20,SVR,5D,1,0.0225187595069829,0.0023660550458477914,Low
2016-05-23,SVR,5D,1,0.0236006274544946,0.0036899001550112515,Low
2016-05-24,SVR,5D,1,0.0111463885744306,0.0014041810915783482,Normal
2016-05-25,SVR,5D,1,0.0070165550898335,0.0009184885535177423,Normal
2016-05-26,SVR,5D,1,0.0043109589030671,0.0007934858315785543,Normal
2016-05-27,SVR,5D,1,0.0049185924829913,0.0004262656118724246,Normal
2016-05-31,SVR,5D,1,0.0072129767327786,0.0003744156952413414,Normal
2016-06-01,SVR,5D,1,0.0093826800508072,0.001504552748671036,Low
2016-06-02,SVR,5D,1,0.0048427482859273,0.0019865347485420615,Low
2016-06-03,SVR,5D,1,-0.0014587218875439,0.0015932293015167732,Low
2016-06-06,SVR,5D,1,-0.0144923491966169,0.0018102092189654796,Low
2016-06-07,SVR,5D,1,-0.0175814698977863,0.0023475267575280307,Low
2016-06-08,SVR,5D,1,-0.0227279809335513,0.0012335212737580054,Low
2016-06-09,SVR,5D,1,-0.017880652224612,0.003048124333639048,Low
2016-06-10,SVR,5D,1,-0.0119264039590548,0.00393070181638955,Low
2016-06-13,SVR,5D,1,0.0020132776090776,0.007663403273406229,Low
2016-06-14,SVR,5D,1,0.0065221732852592,0.005670612030534499,Low
2016-06-15,SVR,5D,1,0.0067116533524935,0.006960358071171917,Low
2016-06-16,SVR,5D,1,0.016859127313403,0.005846986939354761,Low
2016-06-17,SVR,5D,1,-0.0164583813475706,0.006110790200050205,Low
2016-06-20,SVR,5D,1,-0.0405120106376963,0.0030614819370990715,Low
2016-06-21,SVR,5D,1,-0.0256062796378182,0.003927480874400107,Low
2016-06-22,SVR,5D,1,-0.0070641076699884,0.004349668862924346,Low
2016-06-23,SVR,5D,1,-0.0068658115924774,0.0005868266730564582,Low
2016-06-24,SVR,5D,1,0.0316616875061371,0.010741533797233029,Normal
2016-06-27,SVR,5D,1,0.0430529050322411,0.005855038930815461,Normal
2016-06-28,SVR,5D,1,0.0307774704864295,0.0036294262436687864,High
2016-06-29,SVR,5D,1,0.0130162696284423,0.0024889098359717355,High
2016-06-30,SVR,5D,1,0.0146805930449686,0.0020939482278132405,High
2016-07-01,SVR,5D,1,0.016136706063935,5.654890349171722e-05,High
2016-07-05,SVR,5D,1,0.0299925773568792,-0.0010283843014857307,High
2016-07-06,SVR,5D,1,0.0247886489735848,-0.0008812863917633373,High
2016-07-07,SVR,5D,1,0.0309060296620149,0.00034943230089268425,High
2016-07-08,SVR,5D,2,0.0148384640361515,0.00035038678835789053,High
2016-07-11,SVR,5D,2,0.0138151065460218,0.0011640097249741056,High
2016-07-12,SVR,5D,2,0.0053940597382608,0.00029923022809593205,High
2016-07-13,SVR,5D,2,0.0095205093790432,-0.0005825126612121583,High
2016-07-14,SVR,5D,2,0.0006560167208211,-0.0008071401528149912,High
2016-07-15,SVR,5D,2,0.0061290225702025,-0.0005355187707486407,High
2016-07-18,SVR,5D,2,0.0007335420084042,0.0004623842981952321,High
2016-07-19,SVR,5D,2,0.002492478669539,0.0004203516707974482,High
2016-07-20,SVR,5D,2,-0.0029679905930336,0.0004435112407887888,High
2016-07-21,SVR,5D,2,0.0022559997115835,0.001324781964399644,High
2016-07-22,SVR,5D,2,-0.0006576469602687,0.00014528673710272402,High
2016-07-25,SVR,5D,2,0.0010877776321697,0.0029848721560999276,Normal
2016-07-26,SVR,5D,2,-0.0056168953412171,0.0018942660394083467,Normal
2016-07-27,SVR,5D,2,-0.0012885916783373,-0.000171914937713704,Low
2016-07-28,SVR,5D,2,-0.0026809628269407,-0.000517406761681282,Low
2016-07-29,SVR,5D,2,0.0042557543447815,-0.000617190448638557,Low
2016-08-01,SVR,5D,2,0.0046187712007311,-2.764624802858648e-05,Low
2016-08-02,SVR,5D,2,0.0113904299999548,0.0010048910295277248,Low
2016-08-03,SVR,5D,2,0.0053925902203953,0.000284089263300525,Low
2016-08-04,SVR,5D,2,0.0099034560233499,0.0005754090520181006,Low
2016-08-05,SVR,5D,2,0.0005403953470558,-0.0011330485793946236,Low
2016-08-08,SVR,5D,2,0.0042369889331191,-0.0007358053822356624,Low
2016-08-09,SVR,5D,2,-0.0016468712699151,-0.0014085304829724136,Low
2016-08-10,SVR,5D,2,0.0030887717997286,-0.0008915520516206248,Low
2016-08-11,SVR,5D,2,0.0005625583936675,-0.001104844423236214,Low
2016-08-12,SVR,5D,2,-8.238778818661723e-05,-0.0004987932538719035,Low
2016-08-15,SVR,5D,2,-0.0034348859660313,-0.0004561402932331225,Low
2016-08-16,SVR,5D,2,0.0040091234288084,0.00034811120911568474,Low
2016-08-17,SVR,5D,2,-0.0031117778370189,-0.0003663665851744123,Low
2016-08-18,SVR,5D,2,-0.0066751399300468,7.771963482630997e-05,Low
2016-08-19,SVR,5D,2,-0.0068138945999919,-0.0004643928816466074,Low
2016-08-22,SVR,5D,2,-0.0010359842879945,0.00030784720627062903,Low
2016-08-23,SVR,5D,2,-0.0049414428734789,7.259938486287379e-05,Low
2016-08-24,SVR,5D,2,-0.0020660787193697,0.000600079588670966,Low
2016-08-25,SVR,5D,2,-0.0007413037121357,0.0009518533884806425,Low
2016-08-26,SVR,5D,2,0.0050310021256121,0.0008507627642238176,Low
2016-08-29,SVR,5D,2,0.0027938160669431,0.0006958242485496126,Low
2016-08-30,SVR,5D,2,0.0046030115357724,0.0012538778239742261,Low
2016-08-31,SVR,5D,2,0.0047562144488648,0.0007731764660410013,Low
2016-09-01,SVR,5D,2,-0.0200301425725601,0.00045788922802112234,Low
2016-09-02,SVR,5D,2,-0.0096519969381603,-0.0007992030719554503,Low
2016-09-06,SVR,5D,2,-0.0275709875863765,-0.0001759819815866058,Low
2016-09-07,SVR,5D,2,-0.028012441047896,-0.00027930675380865785,Low
2016-09-08,SVR,5D,2,-0.0157284364059858,9.978388505793925e-05,Low
2016-09-09,SVR,5D,2,0.0053198782092784,0.003716554273348247,Low
2016-09-12,SVR,5D,2,-0.0092691122579805,0.002296727664351062,Normal
2016-09-13,SVR,5D,2,0.0059717295044644,0.004778802832493257,Normal
2016-09-14,SVR,5D,2,0.0174175792379131,0.004813725572456743,Normal
2016-09-15,SVR,5D,2,0.0138378147061153,0.0030861135463100854,Normal
2016-09-16,SVR,5D,2,0.0118639495419685,0.0015354247869044553,Normal
2016-09-19,SVR,5D,2,0.0032577026578772,0.001622627020130555,Normal
2016-09-20,SVR,5D,2,0.0093821043389412,0.0024192530849589285,Normal
2016-09-21,SVR,5D,2,0.0038066806089478,0.0004101501146992932,Normal
2016-09-22,SVR,5D,2,-0.0120371990387755,0.0005457778542655757,Normal
2016-09-23,SVR,5D,2,0.0016524865089707,0.0007749962290650621,Normal
2016-09-26,SVR,5D,2,0.0070113134453597,0.0020967695728479514,Normal
2016-09-27,SVR,5D,2,-0.0043800635063002,0.001099036045025082,Normal
2016-09-28,SVR,5D,2,-0.0053751538787457,0.0015414126167208782,Normal
2016-09-29,SVR,5D,2,0.00447141770394,0.0029949919646114244,Normal
2016-09-30,SVR,5D,2,-0.0067237623257017,0.0021269778254833817,Normal
2016-10-03,SVR,5D,2,0.0011375911731497,0.0018176463025571417,Normal
2016-10-04,SVR,5D,2,-0.0064191047382442,0.002064244726516149,Normal
2016-10-05,SVR,5D,2,-0.0095606587630423,0.002632349608798188,Normal
2016-10-06,SVR,5D,2,-0.013146179027881,0.0021976229004458427,Normal
2016-10-07,SVR,5D,2,-0.0096858074271456,0.0033825876661406386,Normal
2016-10-10,SVR,5D,2,-0.0173237558563101,0.001216188780022668,Normal
2016-10-11,SVR,5D,2,0.0013423274471444,0.0036844361729774823,Low
2016-10-12,SVR,5D,2,0.0023859673960959,0.0034103857993570165,Low
2016-10-13,SVR,5D,2,0.0041133726769491,0.003923807659941773,Low
2016-10-14,SVR,5D,2,0.0038276433776732,0.0035928156616126007,Low
2016-10-17,SVR,5D,2,0.0116088561369409,0.004137133889882561,Low
2016-10-18,SVR,5D,2,0.0016623930665358,0.0027812066226251576,Low
2016-10-19,SVR,5D,2,-0.0022691070100018,0.0015245820578691262,Low
2016-10-20,SVR,5D,2,-0.0038836317846298,0.0011479102373790524,Low
2016-10-21,SVR,5D,2,-0.0069126267841001,0.0015599441359890644,Low
2016-10-24,SVR,5D,2,-0.0117735053157261,0.00108424487835743,Low
2016-10-25,SVR,5D,2,-0.0147785669597547,0.000869736059220725,Low
2016-10-26,SVR,5D,2,-0.0195835234920215,0.0016710233232985518,Low
2016-10-27,SVR,5D,2,-0.0210255406086221,0.002940365408567531,Low
2016-10-28,SVR,5D,2,-0.0195799207406899,0.002441809901962109,Low
2016-10-31,SVR,5D,2,0.0025225628729735,0.0039878987805128975,Low
2016-11-01,SVR,5D,2,0.0130974603788661,0.004961273787186044,Low
2016-11-02,SVR,5D,2,0.0306604647119761,0.005173823519367644,Low
2016-11-03,SVR,5D,2,0.0370425234506808,0.007294314406273265,Low
2016-11-04,SVR,5D,2,0.0373111153745763,0.007403217287072456,Low
2016-11-07,SVR,5D,2,0.0152154061879279,0.0031269985035914695,Normal
2016-11-08,SVR,5D,2,0.0189034828128601,0.0038894733297517754,Low
2016-11-09,SVR,5D,2,0.006303846410828,-0.00033376870778259113,Low
2016-11-10,SVR,5D,2,0.0090204700559304,-0.0009172998780013313,Low
2016-11-11,SVR,5D,2,0.0080297470381797,-0.0014790593010320617,Low
2016-11-14,SVR,5D,2,0.0155789585662366,-1.2877164758406251e-05,Low
2016-11-15,SVR,5D,2,0.0102890946477403,-0.0003665549776524467,Low
2016-11-16,SVR,5D,2,0.012680309327025,0.0006250004779831154,Low
2016-11-17,SVR,5D,2,0.0119215855792511,0.000912321272616038,Low
2016-11-18,SVR,5D,2,0.0090428476900643,0.0006320158486940071,Low
2016-11-21,SVR,5D,2,0.0029435479724523,-0.00018378227610254746,Normal
2016-11-22,SVR,5D,2,-0.001876473686297,0.0004497676423745496,Normal
2016-11-23,SVR,5D,2,-0.0062058948099697,0.0003440822223867747,Low
2016-11-25,SVR,5D,2,-0.0097157127033087,7.722838768866105e-05,Low
2016-11-28,SVR,5D,2,0.0013571034781701,0.0019732917882915625,Normal
2016-11-29,SVR,5D,2,0.0034277855937826,0.000919928189827713,Low
2016-11-30,SVR,5D,2,0.0191620748936624,0.0021907899912047453,Low
2016-12-01,SVR,5D,2,0.0248408128772973,0.002308858560294492,Low
2016-12-02,SVR,5D,2,0.0303653036901823,0.0026063934915075727,Low
2016-12-05,SVR,5D,2,0.0234227944728392,0.0017919740608624175,Low
2016-12-06,SVR,5D,2,0.0265361932052016,-0.00038768040056192873,Low
2016-12-07,SVR,5D,2,0.0053085389986196,0.00011283111417568006,Low
2016-12-08,SVR,5D,2,0.0070272316693024,-0.0009238363169136281,Low
2016-12-09,SVR,5D,2,-0.0006463436146477,-0.001206721986295397,Low
2016-12-12,SVR,5D,2,0.0024649113911628,-0.0005254067241320763,Low
2016-12-13,SVR,5D,2,-0.0004226594089212,-0.0006925910418156232,Low
2016-12-14,SVR,5D,2,0.0052672503282597,-7.995281873572277e-05,Low
2016-12-15,SVR,5D,2,-0.0004731685816905,0.0009309084512425549,Low
2016-12-16,SVR,5D,2,0.0025299207043691,0.0010854682110821752,Low
2016-12-19,SVR,5D,2,0.0028025968937065,0.001072642101097105,Low
2016-12-20,SVR,5D,2,-0.0092199562172178,0.0007430190257378157,Low
2016-12-21,SVR,5D,2,-0.0070529182244085,0.000770089716556583,Low
2016-12-22,SVR,5D,2,-0.0098360416988662,0.0009205975516126709,Low
2016-12-23,SVR,5D,2,-0.0026362074807884,0.0007868679041800226,Low
2016-12-27,SVR,5D,2,0.0008239073852123,0.001460757267924915,Low
2016-12-28,SVR,5D,2,0.0084445804925025,0.001942794390192324,Low
2016-12-29,SVR,5D,2,0.01224871740495,0.002663027317881334,Low
2016-12-30,SVR,5D,2,0.0133416466302447,0.0030613771744886116,Low
2017-01-03,SVR,5D,2,0.0048908798770876,0.0022167641860213645,Low
2017-01-04,SVR,5D,2,0.0020105584956402,0.0013752148645537789,Low
2017-01-05,SVR,5D,2,0.0006344137043918,0.0008675301185849006,Low
2017-01-06,SVR,5D,2,-0.0010282440810405,-0.0006334515552310037,Low
2017-01-09,SVR,5D,2,-0.0004452530656993,0.0001484995533468543,Low
2017-01-10,SVR,5D,2,0.00131694740411,6.740274708443364e-05,Low
2017-01-11,SVR,5D,2,-0.0051245326093112,0.0008824805110429941,Low
2017-01-12,SVR,5D,2,0.0003831638457182,0.0005683349488166019,Low
2017-01-13,SVR,5D,2,-0.0041587171954981,0.0014386671552297677,Low
2017-01-17,SVR,5D,2,0.0053563377896824,0.0012055017320637997,Low
2017-01-18,SVR,5D,2,0.0115881901158417,0.0013656716638794815,Low
2017-01-19,SVR,5D,2,0.014468372804898,0.0014793358103229355,Low
2017-01-20,SVR,5D,2,0.0102409492538567,0.001071505032167814,Low
2017-01-23,SVR,5D,2,0.0069070254038297,0.0014164147616788116,Low
2017-01-24,SVR,5D,2,-0.000526416733165,0.001046958343009153,Low
2017-01-25,SVR,5D,2,-0.0082221505410175,0.0001979887118924474,Low
2017-01-26,SVR,5D,2,-0.0069163487670634,-0.00017276075639595032,Low
2017-01-27,SVR,5D,2,0.0011889875772318,0.00014746873151655696,Low
2017-01-30,SVR,5D,2,0.0050990635596193,0.0005832951875825339,Low
2017-01-31,SVR,5D,2,0.0062161686314978,0.0015437408162177375,Low
2017-02-01,SVR,5D,2,0.0066109317919909,0.0008810713764273205,Low
2017-02-02,SVR,5D,2,0.0117768486892601,0.0015624509061244359,Low
2017-02-03,SVR,5D,2,0.0080980586567157,0.001591702292280759,Low
2017-02-06,SVR,5D,2,0.0154477897544361,0.0009957292141532827,Low
2017-02-07,SVR,5D,2,0.0192203134862629,0.0011349819493858306,Low
2017-02-08,SVR,5D,2,0.0235071200033878,0.0010384581559894253,Low
2017-02-09,SVR,5D,2,0.0169065646658773,0.0004341841283567495,Low
2017-02-10,SVR,5D,2,0.0150240071711055,0.0006348114386227378,Low
2017-02-13,SVR,5D,2,0.0158217236071632,0.000255818848336465,Low
2017-02-14,SVR,5D,2,0.0107396102646865,0.0002404126861101398,Low
2017-02-15,SVR,5D,2,0.0061786205702113,-0.00013647814429248659,Low
2017-02-16,SVR,5D,2,0.008535362403793,0.00032589345628786584,Low
2017-02-17,SVR,5D,2,0.0078756783442895,0.00022173119382951426,Low
2017-02-21,SVR,5D,2,-0.0007358777909744,0.0005820815010896298,Low
2017-02-22,SVR,5D,2,0.0139281194395549,0.00043402557780284137,Low
2017-02-23,SVR,5D,2,0.0076321034961904,0.00041501312940648086,Low
2017-02-24,SVR,5D,2,0.0066436036326937,0.001135722102165438,Low
2017-02-27,SVR,5D,2,0.0023435156013942,0.0011656615105507424,Low
2017-02-28,SVR,5D,2,0.0020075958144993,0.002353383582286931,Low
2017-03-01,SVR,5D,2,-0.0138604432332898,0.0012044590345113328,Low
2017-03-02,SVR,5D,2,-0.0071837506484183,0.001057993829839319,Low
2017-03-03,SVR,5D,2,-0.0044241613110946,0.0009616684772546964,Low
2017-03-06,SVR,5D,2,-0.0007749729283591,0.000823175269834487,Low
2017-03-07,SVR,5D,2,-0.0012420960071603,0.0017377273323819255,Low
2017-03-08,SVR,5D,2,0.0093846110815899,0.002290923934124462,Low
2017-03-09,SVR,5D,2,0.0069570006696399,0.002706412236117329,Low
2017-03-10,SVR,5D,2,0.00237848169955,0.001819826120816815,Low
2017-03-13,SVR,5D,2,0.0,0.00183376336593866,Low
2017-03-14,SVR,5D,2,-0.0091008456092111,0.0018269164160418967,Low
2017-03-15,SVR,5D,2,-0.0155526218864349,0.0012271046339124465,Low
2017-03-16,SVR,5D,2,-0.0149854192320813,0.000702047657670183,Low
2017-03-17,SVR,5D,2,-0.0145145921817883,0.0016703733638534397,Low
2017-03-20,SVR,5D,2,-0.0135227836872537,0.0012159103921657206,Low
2017-03-21,SVR,5D,2,0.0061881197324724,0.001623259114446069,Low
2017-03-22,SVR,5D,2,0.00538475308884,0.0030719953774954213,Low
2017-03-23,SVR,5D,2,0.0093763961453749,0.003526189560381702,Low
2017-03-24,SVR,5D,2,0.0079631544210467,0.003121239148924277,Low
2017-03-27,SVR,5D,2,0.007339786698879,0.0035185620489561927,Low
2017-03-28,SVR,5D,2,0.0006738439439163,0.0020327019014407706,Low
2017-03-29,SVR,5D,2,-0.003470429071436,0.00038729165446390115,Low
2017-03-30,SVR,5D,2,-0.0044735896894059,0.001312626130810405,Low
2017-03-31,SVR,5D,2,-0.003043468214084,0.0012940488160458653,Low
2017-04-03,SVR,5D,2,-0.0007125427702875,0.0012527902007489107,Low
2017-04-04,SVR,5D,2,-0.002706817136907,0.0016933235574935653,Low
2017-04-05,SVR,5D,2,-0.0034143177443718,0.002073788472379618,Low
2017-04-06,SVR,5D,2,-0.012179988327911,0.0021477506185481506,Low
2017-04-07,SVR,5D,2,-0.002776050173859,0.002200616376054374,Low
2017-04-10,SVR,5D,2,-0.0063711031554755,0.0025472022227560516,Low
2017-04-11,SVR,5D,2,-0.0066540202603857,0.0034627875570948964,Low
2017-04-12,SVR,5D,2,0.004641867521575,0.003031759242985616,Low
2017-04-13,SVR,5D,2,0.0084401997042637,0.0039232866718635385,Low
2017-04-17,SVR,5D,2,0.0106454706012683,0.003282421726575783,Low
2017-04-18,SVR,5D,2,0.0196252876588527,0.003560516629016037,Low
2017-04-19,SVR,5D,2,0.020857291580034,0.003833526819675682,Low
2017-04-20,SVR,5D,2,0.0138812082173594,0.002309210644191099,Low
2017-04-21,SVR,5D,2,0.0150059168529848,0.0023696037062559856,Low
2017-04-24,SVR,5D,2,0.0059549720917668,0.0007114899029916251,Low
2017-04-25,SVR,5D,2,0.0010711014658271,0.00029218531933417405,Low
2017-04-26,SVR,5D,2,0.0002847535456871,-0.0006893148478566806,Low
2017-04-27,SVR,5D,2,0.0003139198332574,-0.0002707489394688199,Low
2017-04-28,SVR,5D,2,0.0063092587122258,-0.0003663948820801059,Low
2017-05-01,SVR,5D,2,0.00461591215724,0.0002941617282352267,Low
2017-05-02,SVR,5D,2,0.0024017940146353,0.0011067419803774022,Low
2017-05-03,SVR,5D,2,0.0048039261279122,0.0012831657439549733,Low
2017-05-04,SVR,5D,2,0.0020568414659359,0.0014011483535507803,Low
2017-05-05,SVR,5D,2,-0.0035030532823366,0.000698207866542417,Low
2017-05-08,SVR,5D,2,0.0012246437487705,0.0008347139841778824,Low
2017-05-09,SVR,5D,2,0.0015632852685779,0.0006118245916278166,Low
2017-05-10,SVR,5D,2,-0.0179121456199867,0.0008957033205966199,Low
2017-05-11,SVR,5D,2,-0.012066955618664,0.0011905389178941302,Low
2017-05-12,SVR,5D,2,-0.0038427170696693,0.0017004206471310963,Low
2017-05-15,SVR,5D,2,-0.0034609960766761,0.0007222174799359944,Low
2017-05-16,SVR,5D,2,-0.0009376778673096,0.0012360457804132426,Low
2017-05-17,SVR,5D,2,0.0198938241083818,0.004696361376817327,Low
2017-05-18,SVR,5D,2,0.0206458975231438,0.0034071386548448247,Low
2017-05-19,SVR,5D,2,0.0142116961002456,0.0025551666779224692,Low
2017-05-22,SVR,5D,2,0.0078594820747036,0.0011688934476349784,Low
2017-05-23,SVR,5D,2,0.0055632222823716,0.0011104393190760516,Low
2017-05-24,SVR,5D,2,0.0106197840626428,9.339031919787869e-05,Low
2017-05-25,SVR,5D,2,0.0098885466387106,-0.0007748958884563305,Low
2017-05-26,SVR,5D,2,0.0083596377129795,-0.00033207380495691927,Low
2017-05-30,SVR,5D,2,0.0067820797763092,0.00021670700297645243,Low
2017-05-31,SVR,5D,2,0.0088091831926082,0.0006840778578104702,Low
2017-06-01,SVR,5D,2,0.0015337566434255,0.0003609759646155987,Low
2017-06-02,SVR,5D,2,-0.0029974518408077,0.00016344130252911662,Low
2017-06-05,SVR,5D,2,-0.0027582871800972,5.181153820230447e-05,Low
2017-06-06,SVR,5D,2,0.0045259803293369,0.0006608778177784776,Low
2017-06-07,SVR,5D,2,0.001962624567672,0.0005383882603933222,Low
2017-06-08,SVR,5D,2,-0.0005466542648332,0.0007008051073809814,Low
2017-06-09,SVR,5D,2,0.0005672787514136,0.001142594815685117,Low
2017-06-12,SVR,5D,2,0.0098591044380257,0.0019502275533115794,Low
2017-06-13,SVR,5D,2,-0.001361414852136,0.0009648922551407403,Low
2017-06-14,SVR,5D,2,-0.00094790208009,0.0010322195277522213,Low
2017-06-15,SVR,5D,2,0.0008383217443122,0.0023277999313995913,Low
2017-06-16,SVR,5D,2,0.0021144211496616,0.00127182309233859,Low
2017-06-19,SVR,5D,2,-0.0058824101175,-0.0001673436830416479,Low
2017-06-20,SVR,5D,2,-0.007268836246241,0.000558587997746874,Low
2017-06-21,SVR,5D,2,0.0020834795935815,0.001007650322384871,Low
2017-06-22,SVR,5D,2,-0.0060978512781217,0.0009302905425532006,Low
2017-06-23,SVR,5D,2,-0.0061254922226571,0.0009295846839553652,Low
2017-06-26,SVR,5D,2,-0.0041330761832419,0.0006227874085002923,Low
2017-06-27,SVR,5D,2,0.0054247344287195,0.0015196494660630507,Low
2017-06-28,SVR,5D,2,-0.0127577545246977,0.0011016772789546499,Low
2017-06-29,SVR,5D,2,0.0022621748890593,0.0006011171988039334,Low
2017-06-30,SVR,5D,2,0.0016574533816982,0.0012543381817977824,Low
2017-07-03,SVR,5D,2,-0.0014337016635313,0.0014178445658905477,Low
2017-07-05,SVR,5D,2,0.0043931252480014,0.0018020085149360633,Low
2017-07-06,SVR,5D,2,0.0156789420283407,0.00197343798138375,Low
2017-07-07,SVR,5D,2,0.0139588456287342,0.0015251211181052694,Low
2017-07-10,SVR,5D,2,0.0129785952885148,0.0013351407866256,Low
2017-07-11,SVR,5D,2,0.0143592610527079,0.0012651920049688882,Low
2017-07-12,SVR,5D,2,0.0124384683209401,0.0006925419387458949,Low
2017-07-13,SVR,5D,2,0.0104119677588599,0.0003158352714229297,Low
2017-07-14,SVR,5D,2,0.0053814122596416,-0.00031611639777202535,Low
2017-07-17,SVR,5D,2,0.0043700255009398,-0.00012150986261772953,Low
2017-07-18,SVR,5D,2,0.0066912543227269,-0.0006487755244027303,Low
2017-07-19,SVR,5D,2,0.0016156201127928,0.00023955252356555948,Low
2017-07-20,SVR,5D,2,0.000796129564006,0.00011038295664516154,Low
2017-07-21,SVR,5D,2,-0.000177946784901,0.0003664221737848007,Low
2017-07-24,SVR,5D,2,0.0001579433759479,0.0003231018818403049,Low
2017-07-25,SVR,5D,2,-0.0003148433690117,0.0004924912656810616,Low
2017-07-26,SVR,5D,2,-0.0001049399677836,0.0008676495134627045,Low
2017-07-27,SVR,5D,2,-0.0013178201653356,-8.090772282033296e-05,Low
2017-07-28,SVR,5D,2,0.0019115169303198,0.0013521875819112912,Low
2017-07-31,SVR,5D,2,0.0042857724091601,0.0007558279118407875,Low
2017-08-01,SVR,5D,2,-0.0005777005961637,0.0006807909597043062,Low
2017-08-02,SVR,5D,2,-0.0014339027962235,0.0006985194613771291,Low
2017-08-03,SVR,5D,2,-0.0138280793620194,0.0015241996779540752,Low
2017-08-04,SVR,5D,2,-0.0144406436515716,0.00019945819354490538,Low
2017-08-07,SVR,5D,3,-0.0060928370498025,0.0007109743801958536,Low
2017-08-08,SVR,5D,3,-0.0041744171463007,0.0009153204251863035,Low
2017-08-09,SVR,5D,3,-0.002391646830256,0.0010026015072098111,Low
2017-08-10,SVR,5D,3,-0.0033687709167059,0.004503002530433151,Low
2017-08-11,SVR,5D,3,-0.0064805817060451,0.004217735236954349,Low
2017-08-14,SVR,5D,3,-0.0153122572375284,0.00312454681032372,Low
2017-08-15,SVR,5D,3,-0.0049216296500197,0.0028416458853991085,Low
2017-08-16,SVR,5D,3,-0.009800295305991,0.001968899429669938,Low
2017-08-17,SVR,5D,3,0.0036804304340618,0.0036485629322945863,Low
2017-08-18,SVR,5D,3,0.0071889557643515,0.003091709366560256,Low
2017-08-21,SVR,5D,3,0.0065139335230812,0.0036339824597153604,Low
2017-08-22,SVR,5D,3,-0.0025352949755339,0.0026723400354564004,Low
2017-08-23,SVR,5D,3,0.005528806945166,0.003162611022361237,Low
2017-08-24,SVR,5D,3,0.0133100972770179,0.0020158892087980586,Low
2017-08-25,SVR,5D,3,0.0136192036504155,0.0012904424640841107,Low
2017-08-28,SVR,5D,3,0.0055527916249745,0.0012155548159911746,Low
2017-08-29,SVR,5D,3,0.0078341673561089,0.0017283986623252874,Low
2017-08-30,SVR,5D,3,0.0030511835231943,0.0015975110821493561,Low
2017-08-31,SVR,5D,3,-0.004143450204977,0.0010712701480947058,Low
2017-09-01,SVR,5D,3,0.0046569469498348,0.00022099293430867875,Low
2017-09-05,SVR,5D,3,0.0155947080968629,0.0010550341098244133,Low
2017-09-06,SVR,5D,3,0.0132276998518014,0.0013244251733957081,Low
2017-09-07,SVR,5D,3,0.0123048280458272,0.0015607011184799492,Low
2017-09-08,SVR,5D,3,0.0156402657354442,0.003024573931319805,Low
2017-09-11,SVR,5D,3,0.0063141524674265,0.0015181847702135133,Low
2017-09-12,SVR,5D,3,0.0040654294892745,0.00017674929229883132,Low
2017-09-13,SVR,5D,3,0.0039427419435017,0.0004514570687103904,Low
2017-09-14,SVR,5D,3,0.0019934998474148,0.00040027158075680094,Low
2017-09-15,SVR,5D,3,0.0007956062964223,0.0012049562840306845,Low
2017-09-18,SVR,5D,3,-0.0028837783325608,0.00013488123487688866,Low
2017-09-19,SVR,5D,3,-0.0039211938233972,0.000737445286968081,Low
2017-09-20,SVR,5D,3,-0.0004785181237189,5.404568032284576e-05,Low
2017-09-21,SVR,5D,3,0.0037759384521338,0.0008343835386046723,Low
2017-09-22,SVR,5D,3,0.0068266175254656,0.0010149640475332102,Low
2017-09-25,SVR,5D,3,0.0129176590550319,0.0010804524986969717,Low
2017-09-26,SVR,5D,3,0.0150020061137978,0.001364480044962025,Low
2017-09-27,SVR,5D,3,0.0121711273729236,0.0012084899305351317,Low
2017-09-28,SVR,5D,3,0.0165981407752782,0.000780730441718034,Low
2017-09-29,SVR,5D,3,0.0118256665415398,0.00018062972810454006,Low
2017-10-02,SVR,5D,3,0.0061530838438138,6.5837121712823e-05,Low
2017-10-03,SVR,5D,3,0.0063162922896308,0.0002625293067798802,Low
2017-10-04,SVR,5D,3,0.0068722315581807,-0.0004075295364683422,Low
2017-10-05,SVR,5D,3,-0.0004468495934632,-0.0002705359835226233,Low
2017-10-06,SVR,5D,3,0.0015050835766228,1.382563720976962e-05,Low
2017-10-09,SVR,5D,3,0.005060369976942,-0.0006831780163284,Low
2017-10-10,SVR,5D,3,0.0034130032518981,0.0003215728137111913,Low
2017-10-11,SVR,5D,3,0.0023531798335641,0.0005045706296373555,Low
2017-10-12,SVR,5D,3,0.004369301068926,0.0008945402751326693,Low
2017-10-13,SVR,5D,3,0.0085953752491101,0.0007698305541369611,Low
2017-10-16,SVR,5D,3,0.0028657574038072,0.0004785486781314248,Low
2017-10-17,SVR,5D,3,0.0038100053729312,0.0006885167609489741,Low
2017-10-18,SVR,5D,3,-0.0016060098256582,0.0008749248299824881,Low
2017-10-19,SVR,5D,3,-0.0006638146900663,0.0009513142292773592,Low
2017-10-20,SVR,5D,3,0.0022729991046303,0.0004690988215214943,Low
2017-10-23,SVR,5D,3,0.0030558170408866,0.0008185004000322467,Low
2017-10-24,SVR,5D,3,0.002383229103008,0.001199150794974322,Low
2017-10-25,SVR,5D,3,0.0086480288981718,0.0010585142306621283,Low
2017-10-26,SVR,5D,3,0.0075678374172363,0.0015402046703616203,Low
2017-10-27,SVR,5D,3,0.0026195167638237,0.0009806012572306545,Low
2017-10-30,SVR,5D,3,0.0070875380253408,0.0007732914954089766,Low
2017-10-31,SVR,5D,3,0.0059544042835794,0.0008742843565083848,Low
2017-11-01,SVR,5D,3,0.005806174107736,0.00034941141074673956,Low
2017-11-02,SVR,5D,3,0.001847244998699,-6.814490885634003e-05,Low
2017-11-03,SVR,5D,3,-0.002143091303669,0.0006694146795094592,Low
2017-11-06,SVR,5D,3,-0.0024303842771522,0.0006519837365537191,Low
2017-11-07,SVR,5D,3,-0.0045535440323522,0.0003054934809302613,Low
2017-11-08,SVR,5D,3,-0.0115371567065363,0.0006042579969818447,Low
2017-11-09,SVR,5D,3,0.0003944774158062,0.001019803544648968,Low
2017-11-10,SVR,5D,3,-0.0013368925870375,0.0018463854069690512,Low
2017-11-13,SVR,5D,3,-0.0010451736095404,0.0022384213166458562,Low
2017-11-14,SVR,5D,3,0.007786945830494,0.002556722990979258,Low
2017-11-15,SVR,5D,3,0.0125774018692881,0.003439504817551054,Low
2017-11-16,SVR,5D,3,0.0064687333645478,0.002723142554009673,Low
2017-11-17,SVR,5D,3,0.0087138187566419,0.002278846348120204,Low
2017-11-20,SVR,5D,3,0.0172392810646454,0.002451968149608231,Low
2017-11-21,SVR,5D,3,0.010350148302102,0.0014187350386707133,Low
2017-11-22,SVR,5D,3,0.0192582776682427,0.0011139187262061735,Low
2017-11-24,SVR,5D,3,0.0151777104542054,0.000527596633637304,Low
2017-11-27,SVR,5D,3,0.0145093314917221,0.0012061256783368925,Low
2017-11-28,SVR,5D,3,0.0009626087689731,0.000508111462554129,Low
2017-11-29,SVR,5D,3,0.0012177904812336,0.0007965917387348399,Low
2017-11-30,SVR,5D,3,-0.0040117291714681,0.0005312892057879361,Low
2017-12-01,SVR,5D,3,0.0035060557998552,0.0001529802855015673,Low
2017-12-04,SVR,5D,3,0.0077556084708376,0.0002483732565860576,Low
2017-12-05,SVR,5D,3,0.0130497227188825,0.001383912014820344,Low
2017-12-06,SVR,5D,3,0.0126907659192625,0.0022266564684328034,Low
2017-12-07,SVR,5D,3,0.0056835311783907,0.002173608427779212,Low
2017-12-08,SVR,5D,3,0.0091266425530152,0.0021182705279769627,Low
2017-12-11,SVR,5D,3,0.0112782790109169,0.0014473684446403325,Low
2017-12-12,SVR,5D,3,0.006495057245709,0.0008301651255982513,Low
2017-12-13,SVR,5D,3,0.0061398901422865,0.0008840628995348855,Low
2017-12-14,SVR,5D,3,0.0122027448857075,0.0013159001882085165,Low
2017-12-15,SVR,5D,3,0.002810159837451,0.0008591242274077517,Low
2017-12-18,SVR,5D,3,-0.0035972944422051,0.0008151469904697263,Low
2017-12-19,SVR,5D,3,0.0004288319111557,0.0008459467168966291,Low
2017-12-20,SVR,5D,3,0.0030893869876478,0.0005387895016537199,Low
2017-12-21,SVR,5D,3,-0.0040909323177587,0.000871809037014299,Low
2017-12-22,SVR,5D,3,0.0046364175387529,0.0007898918581290028,Low
2017-12-26,SVR,5D,3,0.0120738264827477,0.0019005647992463189,Low
2017-12-27,SVR,5D,3,0.0153037410278324,0.0013595137385505225,Low
2017-12-28,SVR,5D,3,0.0204805679134982,0.0017017764329785752,Low
2017-12-29,SVR,5D,3,0.0273381639735433,0.0011685025315805765,Low
2018-01-02,SVR,5D,3,0.0203711692724436,0.0018891058738247125,Low
2018-01-03,SVR,5D,3,0.0128798902169869,0.0009657066106940511,Low
2018-01-04,SVR,5D,3,0.0158683731305417,0.0004957056158267671,Low
2018-01-05,SVR,5D,3,0.0155861536410508,-0.00029352300145603014,Low
2018-01-08,SVR,5D,3,0.0103944766121511,-0.0007005419694670993,Low
2018-01-09,SVR,5D,3,0.018463399301355,-0.0009385684899362555,Low
2018-01-10,SVR,5D,3,0.0179585476154019,1.838221317338254e-05,Low
2018-01-11,SVR,5D,3,0.0153251698335101,0.00011025294688041601,Low
2018-01-12,SVR,5D,3,0.0166326078166292,0.0003192444120480066,Low
2018-01-16,SVR,5D,3,0.022335326046454,0.0008921076634645676,Low
2018-01-17,SVR,5D,3,0.0124041872927199,-6.0911509351762455e-05,Low
2018-01-18,SVR,5D,3,0.0146243241890266,0.0006748225031278955,Low
2018-01-19,SVR,5D,3,0.0220203143081206,0.0009412754898632837,Low
2018-01-22,SVR,5D,3,0.0072312136410444,0.0006959952958413458,Low
2018-01-23,SVR,5D,3,-0.0058994341325149,0.000509342372975178,Low
2018-01-24,SVR,5D,3,-0.0048504357265881,0.0004903784786582828,Low
2018-01-25,SVR,5D,3,-0.0061011734774444,0.0009496104854269556,Low
2018-01-26,SVR,5D,3,-0.0393094921002275,0.00032599096014013576,Low
2018-01-29,SVR,5D,3,-0.0743972967537459,0.002371425507189596,Low
2018-01-30,SVR,5D,3,-0.0461480805994716,0.0041820811090009825,Low
2018-01-31,SVR,5D,3,-0.051651084681919,0.0024793072933334583,Low
2018-02-01,SVR,5D,3,-0.0892618385756973,0.003010803320770878,Low
2018-02-02,SVR,5D,3,-0.0529995128594741,0.006810957664236051,Normal
2018-02-05,SVR,5D,3,0.0026616937570934,0.026256831543749495,High
2018-02-06,SVR,5D,3,-0.012019357611566,0.009906244879128865,High
2018-02-07,SVR,5D,3,0.0063082204210834,0.010581367691605507,High
2018-02-08,SVR,5D,3,0.0565641344436604,0.019067341304236794,High
2018-02-09,SVR,5D,3,0.0421118888940577,0.007703235679998217,High
2018-02-12,SVR,5D,3,0.0224347061090342,0.003265197472537607,High
2018-02-13,SVR,5D,3,0.0143135196454458,0.006452283335028956,High
2018-02-14,SVR,5D,3,0.0019731573221267,0.0009387285300638017,High
2018-02-15,SVR,5D,3,0.0058775737904723,-0.0004203617204598907,High
2018-02-16,SVR,5D,3,0.0171926127611782,-0.00031416016963222923,High
2018-02-20,SVR,5D,3,0.010262818426548,0.001628826094285097,High
2018-02-21,SVR,5D,3,0.0046166768262027,0.0012833061101765637,High
2018-02-22,SVR,5D,3,-0.0097703665142515,0.002161914826391279,High
2018-02-23,SVR,5D,3,-0.020612859274174,0.0015505405485816866,High
2018-02-26,SVR,5D,3,-0.0213296802842749,0.0005847502852938287,High
2018-02-27,SVR,5D,3,-0.0059059859108106,0.0030333270554262805,High
2018-02-28,SVR,5D,3,0.0047678283471291,0.002708630675739305,High
2018-03-01,SVR,5D,3,0.0226349424108902,0.004968760238187531,High
2018-03-02,SVR,5D,3,0.0348057036668992,0.004695020309446841,High
2018-03-05,SVR,5D,3,0.0225592887183742,0.006104475415307276,High
2018-03-06,SVR,5D,3,0.0135399953720628,0.0058005348144383635,High
2018-03-07,SVR,5D,3,0.0082830173725903,0.0016235560028110309,High
2018-03-08,SVR,5D,3,0.0030476327646091,0.0005431571399718872,High
2018-03-09,SVR,5D,3,-0.0124799160293667,5.903618176468853e-05,Normal
2018-03-12,SVR,5D,3,-0.0255111592327417,-0.0012924239468220904,Normal
2018-03-13,SVR,5D,3,-0.0176465401567079,-0.0013411718589810655,Normal
2018-03-14,SVR,5D,3,-0.0137512624571486,0.00035547110388888317,Normal
2018-03-15,SVR,5D,3,-0.0384539130309065,7.195724258607719e-05,Normal
2018-03-16,SVR,5D,3,-0.0613457182898889,0.0015022675404720472,Normal
2018-03-19,SVR,5D,3,-0.0202446370424801,0.00449616110535685,Normal
2018-03-20,SVR,5D,3,-0.0391526313495209,0.003824856445975345,Normal
2018-03-21,SVR,5D,3,-0.0402278581233542,0.0034080774244066615,Normal
2018-03-22,SVR,5D,3,-0.0010671936566562,0.008949814256608808,High
2018-03-23,SVR,5D,3,-0.0024680686884014,0.008677003660479039,High
2018-03-26,SVR,5D,3,-0.0167271480786958,0.0026430079468069308,High
2018-03-27,SVR,5D,3,0.0122002399130728,0.006360074788781842,High
2018-03-28,SVR,5D,3,0.0219605802141867,0.0067795898363789305,High
2018-03-29,SVR,5D,3,-0.0138792643367217,0.00137478223203032,High
2018-04-02,SVR,5D,3,0.0120424129743669,0.0034296967036962257,High
2018-04-03,SVR,5D,3,0.0160950506549399,0.0028898742085153757,High
2018-04-04,SVR,5D,3,-0.0009457374639679,0.0014260881504085145,High
2018-04-05,SVR,5D,3,0.0004317398320378,-0.000408290490248122,High
2018-04-06,SVR,5D,3,0.019705007062396,0.003077295595730476,High
2018-04-09,SVR,5D,3,0.0244503488963662,9.410312053853911e-05,High
2018-04-10,SVR,5D,3,0.0184668215139188,0.0004046761219074664,High
2018-04-11,SVR,5D,3,0.0248385276939331,0.0022061755299693266,High
2018-04-12,SVR,5D,3,0.0108790472004436,0.0009651983124721077,High
2018-04-13,SVR,5D,3,0.0051966698387975,-0.0011559184611858696,High
2018-04-16,SVR,5D,3,-0.0028234368515809,-0.0016542285994280113,High
2018-04-17,SVR,5D,3,-0.0268993964719227,-0.0009868475790253371,High
2018-04-18,SVR,5D,3,-0.0258950426466523,-0.0010841014678689524,High
2018-04-19,SVR,5D,3,-0.0097723166634425,-0.0004640347424003065,High
2018-04-20,SVR,5D,3,-8.613420372609898e-05,0.001020673852578289,High
2018-04-23,SVR,5D,3,-0.0083635568638318,0.0012113108942375973,High
2018-04-24,SVR,5D,3,0.0076531333136708,0.0015127452794858227,High
2018-04-25,SVR,5D,3,-0.0014141921205552,0.003977913400019729,High
2018-04-26,SVR,5D,3,-0.0140505538929963,0.0016039511430119315,High
2018-04-27,SVR,5D,3,-0.0024337491360252,-0.0003988985255179399,High
2018-04-30,SVR,5D,3,0.009239423967886,0.0012516915045887068,Normal
2018-05-01,SVR,5D,3,0.0064279451851247,-0.0012166691363401753,Normal
2018-05-02,SVR,5D,3,0.0232955443213959,-0.00031500392333595403,Normal
2018-05-03,SVR,5D,3,0.0348787735103083,0.0009201326251934462,Normal
2018-05-04,SVR,5D,3,0.0238551027529346,0.0013822823662031393,Normal
2018-05-07,SVR,5D,3,0.0212862217080712,-0.00011618894238387897,Normal
2018-05-08,SVR,5D,3,0.0146862432758141,-0.0010506544759765722,Normal
2018-05-09,SVR,5D,3,0.0091029351884598,-0.0014744581818428408,Normal
2018-05-10,SVR,5D,3,-0.0010803152039986,-0.0031671267557743903,Normal
2018-05-11,SVR,5D,3,-0.0054221197295101,-0.002468782712616576,Normal
2018-05-14,SVR,5D,3,0.0010543853082964,-0.0026564236223793718,Normal
2018-05-15,SVR,5D,3,0.0047793517594122,-0.0012988294707908625,Normal
2018-05-16,SVR,5D,3,0.0039701571187966,-0.0010952044791659003,Normal
2018-05-17,SVR,5D,3,0.0028011329496839,0.0001284142733438444,Normal
2018-05-18,SVR,5D,3,0.0030767951500483,0.0008985269382823964,Normal
2018-05-21,SVR,5D,3,-0.0159143819096771,-0.00017543145883077912,Normal
2018-05-22,SVR,5D,3,-0.0001578179648782,0.0005407489422133184,Low
2018-05-23,SVR,5D,3,-0.010304296415211,-0.0004640283922067272,Low
2018-05-24,SVR,5D,3,0.0025117662517512,-0.0012021636102876425,Low
2018-05-25,SVR,5D,3,0.0093413642042894,-0.00021702679300837288,Low
2018-05-29,SVR,5D,3,0.0216752829856573,0.0037189741037408804,Low
2018-05-30,SVR,5D,3,0.0175903082710454,0.0007733705446960788,Normal
2018-05-31,SVR,5D,3,0.0237791978924951,0.0024385271267799748,Normal
2018-06-01,SVR,5D,3,0.0161094270910067,0.0003495754000771602,Normal
2018-06-04,SVR,5D,3,0.0127079691995946,-0.0010350115139116899,Low
2018-06-05,SVR,5D,3,0.0137474902087229,-0.0016149942433773788,Low
2018-06-06,SVR,5D,3,0.0011823350299995,-0.0019411659534430657,Normal
2018-06-07,SVR,5D,3,0.0043652791744877,-0.002616053565556175,Low
2018-06-08,SVR,5D,3,0.0002266299512422,-0.0024810638455154237,Low
2018-06-11,SVR,5D,3,-0.0029698982365844,-0.0014011429342153069,Low
2018-06-12,SVR,5D,3,-0.0087432834666798,-0.0013558925519686175,Low
2018-06-13,SVR,5D,3,-0.0029983387011558,-0.00010137351969924033,Low
2018-06-14,SVR,5D,3,-0.0118325680668798,-0.0008267906780949318,Low
2018-06-15,SVR,5D,3,-0.0089547444962517,-4.205632261627609e-05,Low
2018-06-18,SVR,5D,3,-0.0206460762831359,0.0003130184132976062,Low
2018-06-19,SVR,5D,3,-0.0144124078260477,0.0010168335024486087,Low
2018-06-20,SVR,5D,3,-0.0247646843633013,0.0012871907735711348,Low
2018-06-21,SVR,5D,3,-0.0122392755010497,0.0020556543123754385,Low
2018-06-22,SVR,5D,3,-0.0133413628686667,0.0024280257436295367,Low
2018-06-25,SVR,5D,3,0.0035416209333973,0.0044278822038937606,Normal
2018-06-26,SVR,5D,3,-0.0036201588528331,0.004049111932092998,Low
2018-06-27,SVR,5D,3,0.0136052842058458,0.004153726253730481,Low
2018-06-28,SVR,5D,3,0.0158911217873946,0.004232386552876322,Low
2018-06-29,SVR,5D,3,0.0239172966852191,0.0027091253959461332,Low
2018-07-02,SVR,5D,3,0.0243212851697478,0.0024153963613448466,Low
2018-07-03,SVR,5D,3,0.022161428078365,0.002214217695129559,Low
2018-07-05,SVR,5D,3,0.022288562912999,0.0011256306309976906,Low
2018-07-06,SVR,5D,3,0.0149217008490275,0.0003974254346750701,Low
2018-07-09,SVR,5D,3,0.0051087454427876,-0.0003376779738132017,Low
2018-07-10,SVR,5D,3,0.0056073204674089,-0.0004272398173401047,Low
2018-07-11,SVR,5D,3,0.0148849889160629,-3.7065492303860192e-06,Low
2018-07-12,SVR,5D,3,0.0022131704868413,-0.0003111745298724454,Low
2018-07-13,SVR,5D,3,0.0001856171789584,-7.845439640596572e-05,Low
2018-07-16,SVR,5D,3,0.0030506441430882,0.0012128037313417252,Low
2018-07-17,SVR,5D,3,0.0038543386856985,0.0013400687732908374,Low
2018-07-18,SVR,5D,3,0.0107565916793336,0.0009919857328936667,Low
2018-07-19,SVR,5D,3,0.0116805157795157,0.0013040650425706103,Low
2018-07-20,SVR,5D,3,0.0060455789059447,0.0022411009555209395,Low
2018-07-23,SVR,5D,3,-0.0015615727528739,0.0017155259350090275,Low
2018-07-24,SVR,5D,3,-0.0014582544196243,0.00218603396996191,Low
2018-07-25,SVR,5D,3,-0.0115595825575681,0.0010493835021933608,Low
2018-07-26,SVR,5D,3,-0.0036083302264919,0.0017931324822824703,Low
2018-07-27,SVR,5D,3,0.0076089364837016,0.00029382331299942013,Low
2018-07-30,SVR,5D,3,0.0169117084500903,0.0020530313179107536,Low
2018-07-31,SVR,5D,3,0.0148590729772732,0.002052314744265541,Low
2018-08-01,SVR,5D,3,0.0156375516515492,0.0029999273284740287,Low
2018-08-02,SVR,5D,3,0.0092804873923004,0.0019699092085539334,Low
2018-08-03,SVR,5D,3,-0.002492256936292,0.0009391542672284904,Low
2018-08-06,SVR,5D,3,-0.010038277253074,-0.00024801053531761305,Low
2018-08-07,SVR,5D,3,-0.0064895489831425,-0.00021745594756508377,Low
2018-08-08,SVR,5D,3,-0.0138583431712261,0.0003383515460772153,Low
2018-08-09,SVR,5D,3,-0.0045274139415481,-0.0004205630534630765,Low
2018-08-10,SVR,5D,3,0.0059295046969593,0.0017483906531727857,Low
2018-08-13,SVR,5D,3,0.0123686172650679,0.002999710595779765,Low
2018-08-14,SVR,5D,3,0.0080660872032776,0.0025119550383322954,Low
2018-08-15,SVR,5D,3,0.0152990647304129,0.0037682568000276147,Low
2018-08-16,SVR,5D,3,0.0057181562542397,0.0027947785430260975,Low
2018-08-17,SVR,5D,3,0.0085802558072619,0.0019176986299338818,Low
2018-08-20,SVR,5D,3,0.0137963223122442,0.000949599088899012,Low
2018-08-21,SVR,5D,3,0.0119991644352154,0.0008777806241533383,Low
2018-08-22,SVR,5D,3,0.0180826379583704,0.00012470221616693936,Low
2018-08-23,SVR,5D,3,0.0153351598374476,0.0010407247036283186,Low
2018-08-24,SVR,5D,3,0.0092899223764673,0.0014211627199806655,Low
2018-08-27,SVR,5D,3,-6.911079522445216e-06,0.001358623693179243,Low
2018-08-28,SVR,5D,3,-0.0030832159583867,0.0006869523745500657,Low
2018-08-29,SVR,5D,3,-0.0124274494639165,0.0006485447443246896,Low
2018-08-30,SVR,5D,3,-0.0102030753144729,0.0008324758731281974,Low
2018-08-31,SVR,5D,3,-0.0084415155670846,0.0008792329011597273,Low
2018-09-04,SVR,5D,3,-0.0030529578284898,0.0017694679003796739,Low
2018-09-05,SVR,5D,4,0.0001107133226698,0.002715918075200277,Low
2018-09-06,SVR,5D,4,0.0090380565186791,0.003444644903820601,Low
2018-09-07,SVR,5D,4,0.01152929831446,0.00397615521256674,Low
2018-09-10,SVR,5D,4,0.0040479791082175,0.003674432203449071,Low
2018-09-11,SVR,5D,4,0.0056697662861272,0.003028976446718126,Low
2018-09-12,SVR,5D,4,0.0065656459694056,0.0021295104960621673,Low
2018-09-13,SVR,5D,4,0.0091073079953435,0.0019604636288866354,Low
2018-09-14,SVR,5D,4,0.0084632631575701,0.00046282854394261424,Low
2018-09-17,SVR,5D,4,0.0105266718351056,0.001488053969980102,Low
2018-09-18,SVR,5D,4,0.0038660704743622,0.0014356635304122482,Low
2018-09-19,SVR,5D,4,-0.0006811172399696,0.0014416556054900219,Low
2018-09-20,SVR,5D,4,-0.0057316551967875,0.0012939045091226618,Low
2018-09-21,SVR,5D,4,-0.0053699244039186,0.0019172419766971009,Low
2018-09-24,SVR,5D,4,0.0017864502522938,0.0008609590372323254,Low
2018-09-25,SVR,5D,4,0.0026956298351326,0.001069684780720964,Low
2018-09-26,SVR,5D,4,0.0067015962530107,0.0018761356481212825,Low
2018-09-27,SVR,5D,4,-0.0042609153965102,0.0017910299267207995,Low
2018-09-28,SVR,5D,4,-0.0097973598369942,0.0029250786188760062,Low
2018-10-01,SVR,5D,4,-0.0138270468875424,0.0018446416105118877,Low
2018-10-02,SVR,5D,4,-0.0148491878114176,0.0021490813639251398,Low
2018-10-03,SVR,5D,4,-0.048976843590738,0.0014681741426591675,Low
2018-10-04,SVR,5D,4,-0.0615613881422696,0.0028270256124890312,Low
2018-10-05,SVR,5D,4,-0.0419118381492711,0.0035115977855720735,Low
2018-10-08,SVR,5D,4,-0.0474391257322215,0.004624580246357412,Low
2018-10-09,SVR,5D,4,-0.0247523878631661,0.004795020453569029,Low
2018-10-10,SVR,5D,4,0.008411306916771,0.010273444859981915,Normal
2018-10-11,SVR,5D,4,0.0147023963139714,0.011347964848696174,Normal
2018-10-12,SVR,5D,4,0.0002349257703155,0.007144735991246254,Normal
2018-10-15,SVR,5D,4,0.001848610965138,0.009957132669452185,Normal
2018-10-16,SVR,5D,4,-0.0249462932504573,0.005062945315607084,High
2018-10-17,SVR,5D,4,-0.0560443728489332,0.0034641566680852663,High
2018-10-18,SVR,5D,4,-0.023094164294878,0.0029725428288282394,High
2018-10-19,SVR,5D,4,-0.0402120671696018,0.0039978935589966595,High
2018-10-22,SVR,5D,4,-0.0424844783683179,0.004088015669412875,High
2018-10-23,SVR,5D,4,-0.0214120792157463,0.007810857614358807,High
2018-10-24,SVR,5D,4,0.0207315733999656,0.01181132930144169,High
2018-10-25,SVR,5D,4,0.0127803542897808,0.007362064414918465,High
2018-10-26,SVR,5D,4,0.0239227712439042,0.00953737809597351,High
2018-10-29,SVR,5D,4,0.0360886732362923,0.00848396894870843,High
2018-10-30,SVR,5D,4,0.0267831380088234,0.007747879480819053,High
2018-10-31,SVR,5D,4,0.0369773378150262,0.0023910005462998594,High
2018-11-01,SVR,5D,4,0.0239627699580054,0.002579651696081711,High
2018-11-02,SVR,5D,4,0.0210579050985128,0.0014303314878213068,High
2018-11-05,SVR,5D,4,-0.0044249395841488,0.0013406251847462467,High
2018-11-06,SVR,5D,4,-0.0121477461507313,0.0021791381865345376,High
2018-11-07,SVR,5D,4,-0.0407310135299559,-0.0003344198319236548,High
2018-11-08,SVR,5D,4,-0.0276809117988224,0.001966598479610479,High
2018-11-09,SVR,5D,4,-0.0162184883459659,0.0003254641709865584,High
2018-11-12,SVR,5D,4,-0.01310349859622,0.004106586355766387,High
2018-11-13,SVR,5D,4,-0.0299384753306319,0.0034528318528593447,High
2018-11-14,SVR,5D,4,-0.0193036172014141,0.007296204784130125,High
2018-11-15,SVR,5D,4,-0.0364180696559117,0.006519532329080926,High
2018-11-16,SVR,5D,4,-0.0232259313480293,0.0043045327374028495,High
2018-11-19,SVR,5D,4,-0.0031863857476951,0.004694176970366395,High
2018-11-20,SVR,5D,4,0.0378456611120046,0.008163244832469944,High
2018-11-21,SVR,5D,4,0.032621497255844,0.005295616578028714,High
2018-11-23,SVR,5D,4,0.0473354646843172,0.006914648583369448,High
2018-11-26,SVR,5D,4,0.0428044906333132,0.005694297788593569,High
2018-11-27,SVR,5D,4,0.0066478774301444,0.004578370229934225,High
2018-11-28,SVR,5D,4,-0.0175895617871137,-0.0009016256618096909,High
2018-11-29,SVR,5D,4,-0.0390004026980424,-0.00033451176601159444,High
2018-11-30,SVR,5D,4,-0.0453773471917438,-0.0018606375100502616,High
2018-12-03,SVR,5D,4,-0.056615758661412,-0.0026346114886982965,High
2018-12-04,SVR,5D,4,-0.0183106588125046,0.0014043946892486085,High
2018-12-06,SVR,5D,4,-0.0169872212107754,0.005070439706688956,High
2018-12-07,SVR,5D,4,-0.012662098023153,0.005372753811866904,High
2018-12-10,SVR,5D,4,-0.035414986074646,0.007569946687723181,High
2018-12-11,SVR,5D,4,-0.0349721795455512,0.007819532697861554,High
2018-12-12,SVR,5D,4,-0.0558925097318393,0.005166353462509712,High
2018-12-13,SVR,5D,4,-0.0715903689035281,0.00415233165994851,High
2018-12-14,SVR,5D,4,-0.073122277133369,0.0044560064375662204,High
2018-12-17,SVR,5D,4,-0.0796165651831067,0.007497507925032887,High
2018-12-18,SVR,5D,4,-0.0312997843660908,0.008392564690215255,High
2018-12-19,SVR,5D,4,-0.007258096221337,0.010035788705734992,High
2018-12-20,SVR,5D,4,0.0073973593525356,0.014557527744359009,High
2018-12-21,SVR,5D,4,0.036657105713283,0.013630160479062143,High
2018-12-24,SVR,5D,4,0.0654113716542236,0.019225714844143652,High
2018-12-26,SVR,5D,4,-0.0080601378354963,0.008879513594590788,High
2018-12-27,SVR,5D,4,0.0171730322560332,0.007020202488268709,High
2018-12-28,SVR,5D,4,0.0254013621614943,0.0019617212172562846,High
2018-12-31,SVR,5D,4,0.0265933236357848,-0.0017254026060002483,High
2019-01-02,SVR,5D,4,0.0294153019059809,-0.00390579640282204,High
2019-01-03,SVR,5D,4,0.0589918750993581,0.004931655773968163,High
2019-01-04,SVR,5D,4,0.025086167494529,-0.001028400785589187,High
2019-01-07,SVR,5D,4,0.0128287969120497,0.00023749760429697935,High
2019-01-08,SVR,5D,4,0.0138448284553133,-0.0009235364162004213,High
2019-01-09,SVR,5D,4,0.0119746776515793,-0.001497676574950463,High
2019-01-10,SVR,5D,4,0.015029166983353,-0.00374179788433304,High
2019-01-11,SVR,5D,4,0.0282723883676913,-0.002201791901258088,High
2019-01-14,SVR,5D,4,0.0192853061269683,0.0009454827628922911,High
2019-01-15,SVR,5D,4,0.0108211771666582,0.0007615143124111044,High
2019-01-16,SVR,5D,4,0.0099764367485474,0.001855170162003125,High
2019-01-17,SVR,5D,4,0.0108665737428296,-0.00030242774154442837,High
2019-01-18,SVR,5D,4,-0.010108114945735,-0.0004830967354608308,High
2019-01-22,SVR,5D,4,0.0026930539471225,0.00213206785763215,High
2019-01-23,SVR,5D,4,0.0159221739192316,0.00011779390544987538,High
2019-01-24,SVR,5D,4,0.0231080426180221,0.0019253874777442918,High
2019-01-25,SVR,5D,4,0.0155533815023111,-0.0027714099351726197,High
2019-01-28,SVR,5D,4,0.0301845384684998,0.0017614021223382762,High
2019-01-29,SVR,5D,4,0.0363392168409647,0.0010459016815668213,High
2019-01-30,SVR,5D,4,0.0186826912318958,-0.0013873308530616248,High
2019-01-31,SVR,5D,4,0.0007208492198978,-0.001414478813991882,High
2019-02-01,SVR,5D,4,0.0004986152011035,-0.0001774479840724293,Normal
2019-02-04,SVR,5D,4,-0.0055459141125577,-0.004595114082532753,Normal
2019-02-05,SVR,5D,4,0.0025645683529307,-0.003615015595762977,Normal
2019-02-06,SVR,5D,4,0.0078109156641504,-0.003079098616633258,Normal
2019-02-07,SVR,5D,4,0.0145569454826821,-0.0008288148301381195,Normal
2019-02-08,SVR,5D,4,0.0247009775816269,-0.000985280376371714,Normal
2019-02-11,SVR,5D,4,0.0254897471044006,-1.0348534465004673e-05,Normal
2019-02-12,SVR,5D,4,0.0144574277623027,-0.00031851622551292997,Normal
2019-02-13,SVR,5D,4,0.0079053268427506,-0.001251539770532645,Normal
2019-02-14,SVR,5D,4,0.0169511289211595,-0.0013713617727083406,Normal
2019-02-15,SVR,5D,4,0.0073622287059535,-0.003269883079139527,Normal
2019-02-19,SVR,5D,4,0.0050738377065212,-0.0034027047119750383,Normal
2019-02-20,SVR,5D,4,0.0027541067094823,-0.0020149111406840116,Low
2019-02-21,SVR,5D,4,0.0034572684363733,-0.001928203373182208,Low
2019-02-22,SVR,5D,4,0.003938286330376,-0.0028097441708311273,Normal
2019-02-25,SVR,5D,4,-0.0011809255146309,-0.002054144780748943,Low
2019-02-26,SVR,5D,4,-0.0015223293314974,-0.0006234618124304732,Low
2019-02-27,SVR,5D,4,-0.0075236054993244,-0.0009809566647845077,Low
2019-02-28,SVR,5D,4,-0.0128530090387051,-0.0017622458521987074,Low
2019-03-01,SVR,5D,4,-0.0218586297588718,-0.002520940636203753,Low
2019-03-04,SVR,5D,4,-0.0034109868001272,-0.001604462766355991,Low
2019-03-05,SVR,5D,4,0.0006701524173848,-0.0009286043627906694,Low
2019-03-06,SVR,5D,4,0.0141411727785291,-3.9945407519751015e-05,Low
2019-03-07,SVR,5D,4,0.0214316845852642,0.0011583147218707538,Low
2019-03-08,SVR,5D,4,0.0285381681251485,0.0020692320414337937,Low
2019-03-11,SVR,5D,4,0.0176777293605669,-0.00012201871747066512,Low
2019-03-12,SVR,5D,4,0.0145981935528351,-0.00038570335218404434,Low
2019-03-13,SVR,5D,4,0.004723950055046,-0.002487986122440761,Low
2019-03-14,SVR,5D,4,0.0163863648813315,-0.0023434225937182503,Low
2019-03-15,SVR,5D,4,-0.0077429816613723,-0.002573805797169382,Low
2019-03-18,SVR,5D,4,-0.0122814512935903,-0.003550349156663313,Low
2019-03-19,SVR,5D,4,-0.0049938282657296,-0.002405223708789814,Low
2019-03-20,SVR,5D,4,-0.0067002748015589,-0.0015902334164617617,Low
2019-03-21,SVR,5D,4,-0.0139112355809866,-0.0014986860660461373,Low
2019-03-22,SVR,5D,4,0.0119572975966112,0.0010959435532058746,Normal
2019-03-25,SVR,5D,4,0.0242988659479659,0.0024205576922450454,Normal
2019-03-26,SVR,5D,4,0.0171592685548901,0.0014811697267425343,Normal
2019-03-27,SVR,5D,4,0.0239604842515781,0.0019923144973470084,Normal
2019-03-28,SVR,5D,4,0.0224598947793108,0.0022960079526946784,Normal
2019-03-29,SVR,5D,4,0.020373906359085,0.00030768430427871845,Normal
2019-04-01,SVR,5D,4,0.0099186225915643,-4.748650449569198e-05,Normal
2019-04-02,SVR,5D,4,0.0038151906010365,0.000599150598227116,Normal
2019-04-03,SVR,5D,4,0.0051409559354472,0.0007059983115756006,Normal
2019-04-04,SVR,5D,4,0.0030966130327957,0.0007349140544035846,Normal
2019-04-05,SVR,5D,4,0.0050584737992424,0.0003488495256716321,Normal
2019-04-08,SVR,5D,4,0.0033819948043615,-0.00018543976935922208,Low
2019-04-09,SVR,5D,4,0.0099771995651713,0.0018165306788703898,Normal
2019-04-10,SVR,5D,4,0.0042289609899325,0.000970850401073131,Normal
2019-04-11,SVR,5D,4,0.0057686854738393,0.0015808163537858353,Normal
2019-04-12,SVR,5D,4,0.0001926129012265,0.0008221731784622431,Normal
2019-04-15,SVR,5D,4,0.009624531320579,0.0010712566584779202,Normal
2019-04-16,SVR,5D,4,0.0069211343924027,0.0008815655667130133,Normal
2019-04-17,SVR,5D,4,0.0088284934728688,0.0012976565515592812,Normal
2019-04-18,SVR,5D,4,0.0119249969719239,0.00036553316576526645,Low
2019-04-22,SVR,5D,4,0.011984439659225,0.0025362933308950867,Low
2019-04-23,SVR,5D,4,0.0041330531830212,0.0011724884126920075,Low
2019-04-24,SVR,5D,4,-0.0012032240642338,0.0010247578113876275,Low
2019-04-25,SVR,5D,4,-0.0029604269726438,0.001384324427621225,Low
2019-04-26,SVR,5D,4,0.0019573501829687,0.0006718313419609183,Low
2019-04-29,SVR,5D,4,-0.0035946115103377,0.000822819345943279,Low
2019-04-30,SVR,5D,4,-0.0211950642980348,0.0005912249667817558,Low
2019-05-01,SVR,5D,4,-0.0152713338371634,0.0021074856994703238,Low
2019-05-02,SVR,5D,4,-0.0161710878504088,0.0020351504381340172,Low
2019-05-03,SVR,5D,4,-0.0220498212594077,0.0015020735431861163,Low
2019-05-06,SVR,5D,4,-0.0419952772088326,0.0031705670226654546,Low
2019-05-07,SVR,5D,4,-0.0173618015967111,0.006090905730877424,Low
2019-05-08,SVR,5D,4,-0.0099330918795681,0.005810216148706182,Low
2019-05-09,SVR,5D,4,0.0019488638988593,0.005547658089992291,Low
2019-05-10,SVR,5D,4,-0.0076189673451031,0.003937117572368437,Low
2019-05-13,SVR,5D,4,0.0100352438179889,0.008721957219196833,Normal
2019-05-14,SVR,5D,4,0.0105112053879637,0.004487350399377576,Normal
2019-05-15,SVR,5D,4,0.0018608186963412,0.004166035879679303,Normal
2019-05-16,SVR,5D,4,-0.0189808306614396,0.0028753495879658445,Normal
2019-05-17,SVR,5D,4,-0.0117737497153587,0.003750710602746804,Normal
2019-05-20,SVR,5D,4,-0.0134124417402136,0.0024991210987140326,Normal
2019-05-21,SVR,5D,4,-0.0288083010006357,0.00105244619834276,Normal
2019-05-22,SVR,5D,4,-0.0238836359617393,0.0025011648226073878,Normal
2019-05-23,SVR,5D,4,-0.0251811489709104,0.004942176286794708,Normal
2019-05-24,SVR,5D,4,-0.0293028633972555,0.00318303683377025,Normal
2019-05-28,SVR,5D,4,0.0003140136840822,0.004758360393891328,Normal
2019-05-29,SVR,5D,4,0.0153786508301275,0.005823284361302239,Normal
2019-05-30,SVR,5D,4,0.0193992188311347,0.005726544452875282,Normal
2019-05-31,SVR,5D,4,0.0431254033288479,0.006986726251745459,Normal
2019-06-03,SVR,5D,4,0.0505436940579213,0.005823770249154428,Normal
2019-06-04,SVR,5D,4,0.0289878255188922,0.003347843597423977,High
2019-06-05,SVR,5D,4,0.0188194407128411,0.0028194281921581797,Normal
2019-06-06,SVR,5D,4,0.016791610539687,0.0014941796401854194,High
2019-06-07,SVR,5D,4,0.0047358195062741,0.00014451065317614125,High
2019-06-10,SVR,5D,4,0.0010179148638613,-0.0012821476454878801,High
2019-06-11,SVR,5D,4,0.0110383459147834,0.0005906619815354867,Normal
2019-06-12,SVR,5D,4,0.0160587205350446,0.0004404018460220675,Normal
2019-06-13,SVR,5D,4,0.0213973153680675,0.0009398671125346756,Normal
2019-06-14,SVR,5D,4,0.0217501108744924,0.0011622740633308202,Normal
2019-06-17,SVR,5D,4,0.0190854069815525,0.0026276057506107063,Normal
2019-06-18,SVR,5D,4,-0.0001268582518056,0.0022194341352880674,Normal
2019-06-19,SVR,5D,4,-0.0043422707236335,0.000516938491238769,Normal
2019-06-20,SVR,5D,4,-0.0099539902669158,0.0008910156374842297,Normal
2019-06-21,SVR,5D,4,-0.0029530321465882,0.0021699155618555037,Normal
2019-06-24,SVR,5D,4,0.0064233749249528,0.0007545729936091787,Normal
2019-06-25,SVR,5D,4,0.0188889978423289,0.0029644099140485073,Normal
2019-06-26,SVR,5D,4,0.0277667891818173,0.003417150372632324,Normal
2019-06-27,SVR,5D,4,0.0221433691846778,0.003535874965058974,Normal
2019-06-28,SVR,5D,4,0.0115552543339544,0.004273537599317245,Normal
2019-07-01,SVR,5D,4,0.0051480287814544,0.0015002092087672723,Low
2019-07-02,SVR,5D,4,0.0067247284405483,-0.0009248862977794233,Low
2019-07-03,SVR,5D,4,0.0013642523588127,-0.0013611059736638705,Low
2019-07-05,SVR,5D,4,0.0077813208654278,-0.0005047470543774442,Low
2019-07-08,SVR,5D,4,0.0128043476039357,0.00023704272419385313,Low
2019-07-09,SVR,5D,4,0.0081589699904715,0.001020529672120937,Low
2019-07-10,SVR,5D,4,-0.0028942424117043,0.0007356086902008977,Low
2019-07-11,SVR,5D,4,-0.0016012642818338,0.0012063796451193985,Low
2019-07-12,SVR,5D,4,-0.0124066880487449,0.0005342411822955332,Low
2019-07-15,SVR,5D,4,-0.0097578400908788,0.0005215884947054909,Low
2019-07-16,SVR,5D,4,0.0004758896034078,0.000517150769559954,Low
2019-07-17,SVR,5D,4,0.0117057478829768,0.0007523443823009455,Low
2019-07-18,SVR,5D,4,0.0028538536905583,0.0014873147899518739,Low
2019-07-19,SVR,5D,4,0.0164102789261859,0.0015540215609254919,Low
2019-07-22,SVR,5D,4,0.0119681553108781,0.0022285929696548466,Low
2019-07-23,SVR,5D,4,0.0025620247995576,0.0015283920309877462,Low
2019-07-24,SVR,5D,4,-0.0130603749660582,0.0010344522857631431,Low
2019-07-25,SVR,5D,4,-0.0168236060512647,0.0008053574187583843,Low
2019-07-26,SVR,5D,4,-0.0314935303616128,-0.00039791764898581845,Low
2019-07-29,SVR,5D,4,-0.0601062906022502,-5.7475941034956964e-05,Low
2019-07-30,SVR,5D,4,-0.0445912813190392,0.0009559230378890391,Low
2019-07-31,SVR,5D,4,-0.0328794920330404,0.0025491986099070467,Low
2019-08-01,SVR,5D,4,-0.0052515019973693,0.0032377298280642256,Low
2019-08-02,SVR,5D,4,-0.0045807065914613,0.005142956811047555,Low
2019-08-05,SVR,5D,4,0.0132556664623181,0.012028730401548147,Normal
2019-08-06,SVR,5D,4,0.0153409888184535,0.00646311942420279,Normal
2019-08-07,SVR,5D,4,-0.0151559459699411,0.006838473708074988,Normal
2019-08-08,SVR,5D,4,-0.0312831717386259,0.0030386434217479245,High
2019-08-09,SVR,5D,4,-0.0103215204327238,0.003795028557165003,High
2019-08-12,SVR,5D,4,0.014105464247589,0.003916777022591622,High
2019-08-13,SVR,5D,4,-0.0088590973318284,0.0009374347598193359,High
2019-08-14,SVR,5D,4,0.0290842346800602,0.007281899665465055,High
2019-08-15,SVR,5D,4,0.0261167950226014,0.006503528888341772,High
2019-08-16,SVR,5D,4,-0.0144951442724813,0.0037777122118051202,High
2019-08-19,SVR,5D,4,-0.0156052071060809,0.001467302563937181,High
2019-08-20,SVR,5D,4,-0.0108673135945216,0.002982542114695191,High
2019-08-21,SVR,5D,4,-0.0125561416213122,-0.000547246027948309,High
2019-08-22,SVR,5D,4,0.0005575437790607,0.0005739602272777254,High
2019-08-23,SVR,5D,4,0.0274890056617754,0.0037991564619492433,High
2019-08-26,SVR,5D,4,0.0096428835982921,0.004315049828034839,High
2019-08-27,SVR,5D,4,0.0236349306772696,0.005186769570032226,High
2019-08-28,SVR,5D,4,0.0300366920684668,0.005006219058484906,High
2019-08-29,SVR,5D,4,0.0183394004317492,0.0032366914500990994,High
2019-08-30,SVR,5D,4,0.0176028049929726,0.0025808578616542425,High
2019-09-03,SVR,5D,4,0.024848066751589,0.004529813947306521,High
2019-09-04,SVR,5D,4,0.021268013799555,-0.0001298513512229234,High
2019-09-05,SVR,5D,4,0.0112171171560286,-1.2844847632223662e-05,High
2019-09-06,SVR,5D,4,0.0095822494746856,-0.0010925091293366414,High
2019-09-09,SVR,5D,4,0.0065357512372295,0.0008876976743947022,High
2019-09-10,SVR,5D,4,0.0087919241837605,0.0006923115417023255,High
2019-09-11,SVR,5D,4,0.0019308851416402,-0.0011033288251114217,High
2019-09-12,SVR,5D,4,-0.0009241566146634,0.0015657794816172936,Normal
2019-09-13,SVR,5D,4,-0.0051070788425777,0.00012679998431135413,Normal
2019-09-16,SVR,5D,4,-0.0020635065440492,0.0005371671180489672,Normal
2019-09-17,SVR,5D,4,-0.0130939208800627,2.129080113359976e-05,Normal
2019-09-18,SVR,5D,4,-0.007296868922366,0.0009219242627742817,Normal
2019-09-19,SVR,5D,4,-0.0097487144539087,0.0004847789881412849,Normal
2019-09-20,SVR,5D,4,-0.0101716499281569,0.0025014053633321013,Normal
2019-09-23,SVR,5D,4,-0.0050397990950809,0.002492409715734045,Low
2019-09-24,SVR,5D,4,-0.0089219370769422,0.0017952446153355643,Low
2019-09-25,SVR,5D,4,-0.0331270265065499,0.0019578337233339153,Low
2019-09-26,SVR,5D,4,-0.0227548507230698,0.001950226305025021,Low
2019-09-27,SVR,5D,4,-0.0033075309046822,0.0016754489655064512,Low
2019-09-30,SVR,5D,4,-0.0128307933936121,0.0019405381833452221,Low
2019-10-01,SVR,5D,4,-0.0161798260003093,0.003384315286575043,Low
2019-10-02,SVR,5D,4,0.0109488747021802,0.005176796000993386,Normal
2019-10-03,SVR,5D,4,0.0094037723400961,0.0036201056752110964,Low
2019-10-04,SVR,5D,5,0.006166566774626,0.002187876093766628,Normal
2019-10-07,SVR,5D,5,0.0092668373750884,0.0036348249361275765,Normal
2019-10-08,SVR,5D,5,0.0348564423036876,0.004887212743276737,Normal
2019-10-09,SVR,5D,5,0.023791601235648,0.0008489542773614002,Normal
2019-10-10,SVR,5D,5,0.0201554207936407,0.00131737072792679,Normal
2019-10-11,SVR,5D,5,0.0053487954100518,0.00041247839923962484,Normal
2019-10-14,SVR,5D,5,0.0135849911886045,0.0008849196076948264,Normal
2019-10-15,SVR,5D,5,0.0001034965537386,-0.0017230593100900464,Normal
2019-10-16,SVR,5D,5,0.0049481444527631,-0.0009226762432924494,Normal
2019-10-17,SVR,5D,5,0.0041077271421593,-0.00081405899675897,Normal
2019-10-18,SVR,5D,5,0.012099202362615,0.000562453671274183,Normal
2019-10-21,SVR,5D,5,0.0108169081733991,0.00033392128306821214,Normal
2019-10-22,SVR,5D,5,0.0135592054752952,0.001421852800972321,Normal
2019-10-23,SVR,5D,5,0.0139641915303217,0.000622462135390859,Normal
2019-10-24,SVR,5D,5,0.0090181482366112,0.000816721363416973,Normal
2019-10-25,SVR,5D,5,0.0145696492856028,9.248274612791776e-05,Normal
2019-10-28,SVR,5D,5,0.0127010751747975,-0.00016701491839157465,Normal
2019-10-29,SVR,5D,5,0.0123474244194576,0.0011319097707568095,Normal
2019-10-30,SVR,5D,5,0.0098015856108898,0.0004981313989307103,Normal
2019-10-31,SVR,5D,5,0.0155553994897095,-0.0004871311604552585,Normal
2019-11-01,SVR,5D,5,0.0084968720751778,-0.0011112153600812656,Low
2019-11-04,SVR,5D,5,0.0028352308565282,0.0004146888896917923,Low
2019-11-05,SVR,5D,5,0.005585056869612,0.0011467906050078615,Low
2019-11-06,SVR,5D,5,0.0055940878474386,-0.0005623592205000159,Low
2019-11-07,SVR,5D,5,0.0037044052176145,-0.0005497503360813553,Low
2019-11-08,SVR,5D,5,0.008813030850472,-0.000947249245485459,Low
2019-11-11,SVR,5D,5,0.0112804525866188,0.0008341565033653693,Low
2019-11-12,SVR,5D,5,0.0091242591856633,-4.905324111975293e-05,Low
2019-11-13,SVR,5D,5,0.0046497211946059,0.0007932301518091579,Low
2019-11-14,SVR,5D,5,0.0022290224939598,0.0006051179762860161,Low
2019-11-15,SVR,5D,5,-0.0032644323416373,0.0005721777442708915,Low
2019-11-18,SVR,5D,5,0.0037117932230201,0.0002899808927577137,Low
2019-11-19,SVR,5D,5,0.0064977269676528,0.0009271242742189163,Low
2019-11-20,SVR,5D,5,0.0144267190138937,0.0006028209604044162,Low
2019-11-21,SVR,5D,5,0.0119914388700941,0.0011392850706985931,Low
2019-11-22,SVR,5D,5,0.0011503812337543,0.001094806352347339,Low
2019-11-25,SVR,5D,5,-0.0129890959117578,0.0009760542976412802,Low
2019-11-26,SVR,5D,5,-0.008878601947928,0.0013635917055315507,Low
2019-11-27,SVR,5D,5,-0.0115452106465976,8.892895637680268e-05,Low
2019-11-29,SVR,5D,5,0.0015683216138172,0.000730294344401864,Low
2019-12-02,SVR,5D,5,0.0070689716233066,0.0018518424625812331,Low
2019-12-03,SVR,5D,5,0.0126316607123676,0.003491350624697801,Low
2019-12-04,SVR,5D,5,0.0092319406329482,0.003209325094733862,Low
2019-12-05,SVR,5D,5,0.0162714810818732,0.0032061612614242042,Low
2019-12-06,SVR,5D,5,0.0072498142016621,0.0022084975209532044,Low
2019-12-09,SVR,5D,5,0.0175400088286793,0.002757966661721279,Low
2019-12-10,SVR,5D,5,0.0189727810261245,0.0019470831033117676,Low
2019-12-11,SVR,5D,5,0.0156364498562511,0.0016819253369162492,Low
2019-12-12,SVR,5D,5,0.0115471613025602,0.0009009162866172073,Low
2019-12-13,SVR,5D,5,0.0164071779566796,0.0006846765058953798,Low
2019-12-16,SVR,5D,5,0.0101505857284352,8.165947024034795e-05,Low
2019-12-17,SVR,5D,5,0.0096198823975058,0.0004220691637151809,Low
2019-12-18,SVR,5D,5,0.0151673384480825,0.0007369180094911644,Low
2019-12-19,SVR,5D,5,0.0107519437658763,0.00103751104722297,Low
2019-12-20,SVR,5D,5,2.1751882192300326e-05,0.001455810932850233,Low
2019-12-23,SVR,5D,5,0.0020976738120846,0.0005869360869930097,Low
2019-12-24,SVR,5D,5,0.0106370364768695,0.0004432815353394466,Low
2019-12-26,SVR,5D,5,-0.0015629352981388,0.0014279063250128045,Low
2019-12-27,SVR,5D,5,0.0019302257564756,0.00130985805160393,Low
2019-12-30,SVR,5D,5,0.0049206467512307,0.002987382384203572,Low
2019-12-31,SVR,5D,5,0.0068694295926811,0.0029681563439932952,Low
2020-01-02,SVR,5D,5,0.0051587483472708,0.002041422325745338,Low
2020-01-03,SVR,5D,5,0.0093843952247204,0.0025778671613413857,Low
2020-01-06,SVR,5D,5,0.0128092440763811,0.0027009210607904545,Low
2020-01-07,SVR,5D,5,0.0141007383240802,0.0021272454394325215,Low
2020-01-08,SVR,5D,5,0.0110787150821269,0.002301229879420042,Low
2020-01-09,SVR,5D,5,0.0127772483874523,0.002241051038884407,Low
2020-01-10,SVR,5D,5,0.0194912341224423,0.0015207351638195817,Low
2020-01-13,SVR,5D,5,0.0098837397069237,0.0009714181226518799,Low
2020-01-14,SVR,5D,5,0.0116884548405006,0.0015775377569530215,Low
2020-01-15,SVR,5D,5,0.0109603307901708,0.0009896191330024014,Low
2020-01-16,SVR,5D,5,-0.0064547060582548,0.00149573794750971,Low
2020-01-17,SVR,5D,5,-0.0261651816625839,0.0014486180182319876,Low
2020-01-21,SVR,5D,5,-0.0135062977926458,0.001543387774042202,Low
2020-01-22,SVR,5D,5,-0.0146625822329115,0.0011829665216019393,Low
2020-01-23,SVR,5D,5,-0.0126734514960586,0.0016404868954345599,Low
2020-01-24,SVR,5D,5,-0.0214546056412278,0.002316689830201852,Low
2020-01-27,SVR,5D,5,0.0016295724768487,0.006410487516696959,Low
2020-01-28,SVR,5D,5,0.0064955048940021,0.004483451768909411,Normal
2020-01-29,SVR,5D,5,0.0185505336965597,0.005473435186808307,Low
2020-01-30,SVR,5D,5,0.0187412318233504,0.004305736752164727,Low
2020-01-31,SVR,5D,5,0.0311901843852553,0.00533717331996653,Normal
2020-02-03,SVR,5D,5,0.0312614487445959,0.004061084766814164,Normal
2020-02-04,SVR,5D,5,0.018079181513092,0.00257093543199401,Normal
2020-02-05,SVR,5D,5,0.013333255959322,0.0023477221361117608,Normal
2020-02-06,SVR,5D,5,0.0083813245423315,0.0018335501420555546,Normal
2020-02-07,SVR,5D,5,0.0156386516502752,0.0009690222887154161,Normal
2020-02-10,SVR,5D,5,0.0054147475435542,0.0007128471153424777,Normal
2020-02-11,SVR,5D,5,0.008422447141837,0.0009789054290707429,Normal
2020-02-12,SVR,5D,5,-0.0018422233913635,0.0016975826852262989,Normal
2020-02-13,SVR,5D,5,-0.0107842562641946,0.002135658842558095,Normal
2020-02-14,SVR,5D,5,-0.0467141717831207,0.001216162377191788,Normal
2020-02-18,SVR,5D,5,-0.0745378621723262,0.0024449106606622036,Normal
2020-02-19,SVR,5D,5,-0.0830183077801412,0.002512845993548136,Normal
2020-02-20,SVR,5D,5,-0.1243636267044048,0.002914522626642841,Normal
2020-02-21,SVR,5D,5,-0.1220622805812382,0.004461451773363479,Normal
2020-02-24,SVR,5D,5,-0.0429633323913842,0.012818341237326756,High
2020-02-25,SVR,5D,5,-0.0407259129389455,0.013176955755973805,High
2020-02-26,SVR,5D,5,0.0043961337452176,0.013540853073733709,High
2020-02-27,SVR,5D,5,0.0150534876574977,0.028107508724964345,High
2020-02-28,SVR,5D,5,0.0061250071147647,0.02468413427948413,High
2020-03-02,SVR,5D,5,-0.1178962745950201,0.005922664453551902,High
2020-03-03,SVR,5D,5,-0.0411707372462464,0.010984954780698473,High
2020-03-04,SVR,5D,5,-0.1326099794154851,0.0011713265977363087,High
2020-03-05,SVR,5D,5,-0.1980440493779775,0.012116526910202197,High
2020-03-06,SVR,5D,5,-0.0920346987763553,0.00966628766422652,High
2020-03-09,SVR,5D,5,-0.1406764833088012,0.037253138299393515,High
2020-03-10,SVR,5D,5,-0.1306652230989684,0.0017850010064270234,High
2020-03-11,SVR,5D,5,-0.1337846026224432,0.03096413200202872,High
2020-03-12,SVR,5D,5,-0.0291429892495688,0.047696552975686604,High
2020-03-13,SVR,5D,5,-0.1622790202521715,-0.0029539489705729984,High
2020-03-16,SVR,5D,5,-0.064358323788931,0.033664618133477875,High
2020-03-17,SVR,5D,5,-0.0329014039066596,0.017888696529454993,High
2020-03-18,SVR,5D,5,0.0317898588462429,0.00945571982399249,High
2020-03-19,SVR,5D,5,0.0876369289500884,-0.015365664041229906,High
2020-03-20,SVR,5D,5,0.0976967074618287,0.021332229045416398,High
2020-03-23,SVR,5D,5,0.1603947990413803,-0.005208009334052539,High
2020-03-24,SVR,5D,5,0.0545692557350013,0.016077720987652106,High
2020-03-25,SVR,5D,5,-0.0020460974186078,0.003350059371413059,High
2020-03-26,SVR,5D,5,-0.0400172714358939,-0.010463050240008747,High
2020-03-27,SVR,5D,5,-0.0210022867202119,-0.0019590575852174684,High
2020-03-30,SVR,5D,5,0.0139993668546436,-0.020359494267825722,High
2020-03-31,SVR,5D,5,0.0285373385946971,-0.0031433730698785904,High
2020-04-01,SVR,5D,5,0.1071730725187686,0.013019358869626383,High
2020-04-02,SVR,5D,5,0.0989838857655076,0.006352651890784964,High
2020-04-03,SVR,5D,5,0.1040806871467748,-0.0034446409529589987,High
2020-04-06,SVR,5D,5,0.066227002574252,-0.006121235220058623,High
2020-04-07,SVR,5D,5,0.0455546089502452,-0.003829668782555664,High
2020-04-08,SVR,5D,5,0.0178650755985019,-0.021148079878427258,High
2020-04-09,SVR,5D,5,0.0299225373161231,-0.01180812215538533,High
2020-04-13,SVR,5D,5,0.0220357511454526,-0.01018133424027252,High
2020-04-14,SVR,5D,5,-0.0392339236631857,-0.009360831016129553,High
2020-04-15,SVR,5D,5,0.0057141095913203,-0.0015366328674714623,High
2020-04-16,SVR,5D,5,-0.0006252959084167,-0.002836812874988808,High
2020-04-17,SVR,5D,5,-0.013244137362898,-0.005148441372737216,High
2020-04-20,SVR,5D,5,0.0194055764341857,0.004653102646999894,High
2020-04-21,SVR,5D,5,0.0453045214800325,0.005934896733555437,High
2020-04-22,SVR,5D,5,0.0488699249429688,-0.004358127861520147,High
2020-04-23,SVR,5D,5,0.0401543492841097,-0.0017550719782537076,High
2020-04-24,SVR,5D,5,-0.0021279522975054,-0.00445382128730706,High
2020-04-27,SVR,5D,5,-0.0124939979003919,-0.007640498002702969,High
2020-04-28,SVR,5D,5,0.0017621074878715,-0.00922384013246141,High
2020-04-29,SVR,5D,5,-0.0314784769562441,-0.009398597317080353,High
2020-04-30,SVR,5D,5,-0.0107843778822984,-0.002346913236691197,High
2020-05-01,SVR,5D,5,0.0344066281977036,-0.0008290131288610052,High
2020-05-04,SVR,5D,5,0.030298874985645,-0.0024140526369743724,High
2020-05-05,SVR,5D,5,0.0005855740158176,-0.006453166828271777,High
2020-05-06,SVR,5D,5,-0.0100275422094197,-0.000621306723625311,High
2020-05-07,SVR,5D,5,-0.0100075801602392,-0.00591928681716165,High
2020-05-08,SVR,5D,5,-0.0228197000217424,-0.010922890666760426,High
2020-05-11,SVR,5D,5,0.0080624393815401,-0.008182393250967656,High
2020-05-12,SVR,5D,5,0.0182360574419885,-0.002257713911647554,High
2020-05-13,SVR,5D,5,0.0523670446796841,-0.0026572581128859844,High
2020-05-14,SVR,5D,5,0.0331041585656589,-0.0048661544293675495,High
2020-05-15,SVR,5D,5,0.0315364290487484,-0.0024636908001198603,High
2020-05-18,SVR,5D,5,0.0127355053001353,-0.008592338764855403,High
2020-05-19,SVR,5D,5,0.037993700502049,-0.0058760302769547655,High
2020-05-20,SVR,5D,5,0.0193695705637139,-0.013430208860309555,High
2020-05-21,SVR,5D,5,0.0319743324259755,-0.008236207193422145,High
2020-05-22,SVR,5D,5,0.0333676032175275,-0.010891852774287749,High
2020-05-26,SVR,5D,5,0.0293306254784657,-0.008013775849024792,High
2020-05-27,SVR,5D,5,0.0281688488007154,-0.010242632571157508,High
2020-05-28,SVR,5D,5,0.0269045990420261,-0.008588933724086544,High
2020-05-29,SVR,5D,5,0.047977818311354,-0.009591684797580224,High
2020-06-01,SVR,5D,5,0.0562032582387956,-0.007534901232522397,High
2020-06-02,SVR,5D,5,0.0401962075366748,-0.009695489053344896,High
2020-06-03,SVR,5D,5,0.0213122809889289,-0.009481487841240487,High
2020-06-04,SVR,5D,5,-0.0360660229237511,-0.007856100206411833,High
2020-06-05,SVR,5D,5,-0.0489637491401752,-0.01137816976084793,High
2020-06-08,SVR,5D,5,-0.0526555447278059,-0.008405163170726978,High
2020-06-09,SVR,5D,5,-0.0260409484413734,-0.005749470980048601,High
2020-06-10,SVR,5D,5,-0.0243204889388208,-0.0028763932220872944,High
2020-06-11,SVR,5D,5,0.0370262474612698,0.013938684482639577,High
2020-06-12,SVR,5D,5,0.0183844472903844,-0.00048490095180339296,High
2020-06-15,SVR,5D,5,0.0165806797688676,0.0031731359751098927,High
2020-06-16,SVR,5D,5,0.0020939960936407,-0.0009525088979123707,High
2020-06-17,SVR,5D,5,-0.020494473269392,0.0027270055712500553,High
2020-06-18,SVR,5D,5,-0.0101886889449758,-0.0016845917739435716,High
2020-06-19,SVR,5D,5,-0.0290483796541332,0.003941314022253995,High
2020-06-22,SVR,5D,5,-0.0209435848372578,-0.0010547006222664211,High
2020-06-23,SVR,5D,5,-0.0099494045929859,0.0021110702088800205,High
2020-06-24,SVR,5D,5,0.0212554249785469,0.005498588412471545,High
2020-06-25,SVR,5D,5,0.0148865677271457,0.0026180620864754874,High
2020-06-26,SVR,5D,5,0.0551687028341401,0.008407810164156444,High
2020-06-29,SVR,5D,5,0.0297123368509628,0.002565446986990034,High
2020-06-30,SVR,5D,5,0.0222169736786375,0.002834852201716715,High
2020-07-01,SVR,5D,5,0.0115478182265723,0.0007213666972311107,High
2020-07-02,SVR,5D,5,0.0174286575241983,0.001082767395789292,High
2020-07-06,SVR,5D,5,-0.0077349185240238,-0.000698883190934637,High
2020-07-07,SVR,5D,5,0.0164598599285238,0.0020037059753448584,High
2020-07-08,SVR,5D,5,0.0177039306014485,0.0014712759052892856,High
2020-07-09,SVR,5D,5,0.0199516068635278,0.003773542248210849,High
2020-07-10,SVR,5D,5,0.0123843596766684,0.002942694978870262,High
2020-07-13,SVR,5D,5,0.0301628021478675,0.006428458544577662,High
2020-07-14,SVR,5D,5,0.0185231308995236,0.000515269969259425,High
2020-07-15,SVR,5D,5,0.0152127045576424,4.733167904651461e-05,High
2020-07-16,SVR,5D,5,0.0062282413595109,0.0030216394983538404,High
2020-07-17,SVR,5D,5,-0.0028259612523487,0.0006995361786791589,High
2020-07-20,SVR,5D,5,-0.0038298296860066,0.0001773097761251126,High
2020-07-21,SVR,5D,5,-0.0120018944392131,0.001201194182301902,High
2020-07-22,SVR,5D,5,-0.0053807416819443,0.0013549085269928991,High
2020-07-23,SVR,5D,5,0.0032583349668476,0.004467771279632608,High
2020-07-24,SVR,5D,5,0.0171092112333001,0.0027385380652691256,High
2020-07-27,SVR,5D,5,0.0168966450761765,0.003989925088093028,Normal
2020-07-28,SVR,5D,5,0.0269965035209565,0.003639324977790629,Normal
2020-07-29,SVR,5D,5,0.0210538806047319,0.0018231006082457292,Normal
2020-07-30,SVR,5D,5,0.0312183083888514,0.002788041287606253,Normal
2020-07-31,SVR,5D,5,0.0242099014166318,0.000511001872272588,Normal
2020-08-03,SVR,5D,5,0.0197930040256648,0.0004866056455832303,Normal
2020-08-04,SVR,5D,5,0.008186525598154,0.0013112538513500756,Normal
2020-08-05,SVR,5D,5,0.0156768674562496,-3.477721616155713e-05,Normal
2020-08-06,SVR,5D,5,0.0072204687594281,0.0001833563708360554,Normal
2020-08-07,SVR,5D,5,0.0064157420931924,-0.0006115701502801794,Normal
2020-08-10,SVR,5D,5,0.0063834543272239,0.0008739187417196627,Normal
2020-08-11,SVR,5D,5,0.0166852501484181,0.0010133689771192923,Normal
2020-08-12,SVR,5D,5,-0.0016283754903773,-0.00034362079509783414,Normal
2020-08-13,SVR,5D,5,0.0035745519541253,0.0019632089843219826,Normal
2020-08-14,SVR,5D,5,0.0071816493333768,0.0018533036901747409,Normal
2020-08-17,SVR,5D,5,0.0144690871908568,0.001306705417938609,Normal
2020-08-18,SVR,5D,5,0.0157582465165802,0.001094535404089051,Normal
2020-08-19,SVR,5D,5,0.0303163712066038,0.0020895388623630336,Normal
2020-08-20,SVR,5D,5,0.0288343624700669,0.0030334176244478962,Low
2020-08-21,SVR,5D,5,0.0321091653366645,0.0025021786124931784,Low
2020-08-24,SVR,5D,5,0.0199181747962527,0.00112839357155212,Low
2020-08-25,SVR,5D,5,0.0238251064714183,0.0016419743434535929,Low
2020-08-26,SVR,5D,5,0.0289301552704466,0.00014621134159259822,Low
2020-08-27,SVR,5D,5,-0.0084990849035479,0.0015356852316566229,Low
2020-08-28,SVR,5D,5,-0.0233753685073933,-0.0009839299640659153,Low
2020-08-31,SVR,5D,5,-0.0493268224183516,0.003431934751632979,Low
2020-09-01,SVR,5D,5,-0.036878893176877,0.001567060288546352,Low
2020-09-02,SVR,5D,5,-0.0698691892461422,0.0015341693900168853,Low
2020-09-03,SVR,5D,5,-0.0335786649458695,0.00897936612067982,High
2020-09-04,SVR,5D,5,-0.0127510491665715,0.0044875231153640345,High
2020-09-08,SVR,5D,5,0.0206035658503948,0.010972776553910397,High
2020-09-09,SVR,5D,5,-0.0039708417039374,0.0073433938940339095,High
2020-09-10,SVR,5D,5,0.0053224546929055,0.010511282179479445,High
2020-09-11,SVR,5D,5,-0.0064560524130101,0.005519624097694176,High
2020-09-14,SVR,5D,5,-0.0307559514653309,0.005908467232459014,High
2020-09-15,SVR,5D,5,-0.0254987209974544,0.003689439607650811,High
2020-09-16,SVR,5D,5,-0.0448764130196767,0.0052275624494470575,High
2020-09-17,SVR,5D,5,-0.0334454579364953,0.005388413360174402,High
2020-09-18,SVR,5D,5,-0.0063494417644783,0.004839575569171171,High
2020-09-21,SVR,5D,5,0.0212713141166736,0.00913199274697352,High
2020-09-22,SVR,5D,5,0.0059840150138535,0.007325113001321135,High
2020-09-23,SVR,5D,5,0.0382111964966071,0.0099285697664297,High
2020-09-24,SVR,5D,5,0.0405071405062733,0.00904352477634596,High
2020-09-25,SVR,5D,5,0.0150328884157139,0.0054658549631553845,High
2020-09-28,SVR,5D,5,0.0168638055647606,0.004513613425160299,High
2020-09-29,SVR,5D,5,0.0076160238816814,0.005518367472100067,High
2020-09-30,SVR,5D,5,0.0166433450835435,0.002599773906658543,High
2020-10-01,SVR,5D,5,0.0193426084141179,0.0022878177791957645,High
2020-10-02,SVR,5D,5,0.0377215164612414,0.006892977179625285,High
2020-10-05,SVR,5D,5,0.0361909376166647,0.005508356991637226,High
2020-10-06,SVR,5D,5,0.0439361103750245,0.007649384621951059,High
2020-10-07,SVR,5D,5,0.0200437745207237,0.003058602582930881,High
2020-10-08,SVR,5D,5,0.0105366381116412,0.004284765140759945,High
2020-10-09,SVR,5D,5,0.001916453387519,0.001716137634198634,High
2020-10-12,SVR,5D,5,-0.0308307402857478,0.0010703092977402164,High
2020-10-13,SVR,5D,5,-0.0197876533365833,0.0022432376737813627,High
2020-10-14,SVR,5D,5,-0.0153405952640942,0.0031892897995440712,High
2020-10-15,SVR,5D,5,-0.0086063177463899,0.005269977320828834,High
2020-10-16,SVR,5D,5,-0.005301389882631,0.006366128587184387,High
2020-10-19,SVR,5D,5,-0.0076011993530103,0.00884144191740505,High
2020-10-20,SVR,5D,5,-0.015347600023457,0.007507623121972163,High
2020-10-21,SVR,5D,5,-0.0490750281204645,0.008379371464312047,High
2020-10-22,SVR,5D,5,-0.0424038571839583,0.006134695076055147,High
2020-10-23,SVR,5D,5,-0.0580474089496077,0.005045269289543731,High
2020-10-26,SVR,5D,5,-0.0270399850736941,0.008751057302360022,High
2020-10-27,SVR,5D,5,-0.0063670420391708,0.00974990851274431,High
2020-10-28,SVR,5D,5,0.0513660257244986,0.018363526298757957,High
2020-10-29,SVR,5D,5,0.0587627665612024,0.011032579962083542,High
2020-10-30,SVR,5D,5,0.0706787234210885,0.015104789876991865,High
2015-06-10,SVR,20D,1,-0.0259318092879521,-0.0038151304669631347,Low
2015-06-11,SVR,20D,1,-0.0154059396594725,-0.005133515258696653,Low
2015-06-12,SVR,20D,1,0.0026182035009852,-0.0047423281818600865,Low
2015-06-15,SVR,20D,1,0.0116947663592569,-0.0026230289058235545,Low
2015-06-16,SVR,20D,1,0.0052857795427658,-0.002000561943066123,Low
2015-06-17,SVR,20D,1,0.0112908285921687,-0.0026177700704556606,Low
2015-06-18,SVR,20D,1,0.0025424001626107,-0.003837325135892758,Low
2015-06-19,SVR,20D,1,0.0086309520245618,-0.0034009723152673282,Low
2015-06-22,SVR,20D,1,-0.0017162121997034,-0.004281520222600407,Low
2015-06-23,SVR,20D,1,-0.0047424436450872,-0.006150059463151711,Low
2015-06-24,SVR,20D,1,-0.0030541881381614,-0.005636877016781061,Low
2015-06-25,SVR,20D,1,-0.0108372046782262,-0.00342405887377277,Low
2015-06-26,SVR,20D,1,-0.016238803998368,-0.00210468498931235,Low
2015-06-29,SVR,20D,1,0.0171582393121328,-0.002394713707604676,Normal
2015-06-30,SVR,20D,1,0.0217954198870488,0.005488169533787071,Normal
2015-07-01,SVR,20D,1,0.0149116903564342,0.002507070821665444,Normal
2015-07-02,SVR,20D,1,0.012945656744929,0.0014962093480062333,Normal
2015-07-06,SVR,20D,1,0.0140541954989217,0.0027352566052848276,Normal
2015-07-07,SVR,20D,1,0.0057393957381201,0.0014726079874871206,Normal
2015-07-08,SVR,20D,1,0.0256421988357525,0.000988534394882154,Normal
2015-07-09,SVR,20D,1,0.0155993552683704,0.00556430709658863,Normal
2015-07-10,SVR,20D,1,0.0004573460270249,0.0019627776289871807,Normal
2015-07-13,SVR,20D,1,0.0021789131516949,-0.003261209882144192,Normal
2015-07-14,SVR,20D,1,-0.0118674247649875,-0.005580295411858727,Normal
2015-07-15,SVR,20D,1,-0.0101825648260356,-0.006547533408059081,Normal
2015-07-16,SVR,20D,1,-0.0194413241388925,-0.00901913988483892,Normal
2015-07-17,SVR,20D,1,-0.0166425634889839,-0.010193786664992446,Normal
2015-07-20,SVR,20D,1,-0.0122156084035826,-0.009709282975058672,Normal
2015-07-21,SVR,20D,1,-0.0105737950964927,-0.008215413205637165,Normal
2015-07-22,SVR,20D,1,-0.0164723664858995,-0.008000885215407247,Normal
2015-07-23,SVR,20D,1,-0.0321061167286663,-0.007135649709273273,Normal
2015-07-24,SVR,20D,1,-0.0537143385538834,-0.0045660837274495575,Normal
2015-07-27,SVR,20D,1,-0.0881340278353384,-0.003982159251310652,Normal
2015-07-28,SVR,20D,1,-0.1140583513798836,-0.0036471489084189818,Normal
2015-07-29,SVR,20D,1,-0.0830591948727354,-0.00712280790319024,Normal
2015-07-30,SVR,20D,1,-0.0590803072870678,-0.007287544758707354,Normal
2015-07-31,SVR,20D,1,-0.0561976523291399,-0.007353015553432388,Normal
2015-08-03,SVR,20D,1,-0.0618640370482194,-0.0074420107592491486,Normal
2015-08-04,SVR,20D,1,-0.0896344477237146,-0.008191153116750297,Normal
2015-08-05,SVR,20D,1,-0.0746166144859907,-0.007395426967315044,Low
2015-08-06,SVR,20D,1,-0.0656693028640096,-0.006115056826294221,Low
2015-08-07,SVR,20D,1,-0.0782385887619482,-0.0055436350289204545,Low
2015-08-10,SVR,20D,1,-0.0661917871969348,-0.0072271489433198,Low
2015-08-11,SVR,20D,1,-0.0705837582858374,-0.00583965553028408,Low
2015-08-12,SVR,20D,1,-0.0662692864791163,-0.0035898849043167896,Low
2015-08-13,SVR,20D,1,-0.0605162541657488,-0.004615898243933006,Low
2015-08-14,SVR,20D,1,-0.0685186276631518,-0.005834026908064796,Low
2015-08-17,SVR,20D,1,-0.0609668317411222,-0.007060816119716512,Low
2015-08-18,SVR,20D,1,-0.0496701080901133,-0.006094610567355316,Low
2015-08-19,SVR,20D,1,-0.0439453161230762,-0.002894097837036688,Low
2015-08-20,SVR,20D,1,-0.0389155866233136,0.0006314342456885391,Normal
2015-08-21,SVR,20D,1,-0.0019909520677624,0.002613550788870489,High
2015-08-24,SVR,20D,1,0.0258255622593784,0.014141068336825047,High
2015-08-25,SVR,20D,1,0.0373890677724402,0.04014083468881295,High
2015-08-26,SVR,20D,1,-0.0042708835333978,0.01688841488794686,High
2015-08-27,SVR,20D,1,-0.0287440398243084,0.008075793106596993,High
2015-08-28,SVR,20D,1,-0.0553538021439936,0.007467844581730582,High
2015-08-31,SVR,20D,1,-0.0456946295670278,0.00798497543183023,High
2015-09-01,SVR,20D,1,0.0032239188789652,0.01602879187928448,High
2015-09-02,SVR,20D,1,-0.0129318138659121,0.0022163704029180414,High
2015-09-03,SVR,20D,1,0.0001178634510745,0.007353746150067092,High
2015-09-04,SVR,20D,1,0.0336907657238529,0.011925015133688238,High
2015-09-08,SVR,20D,1,0.0053224391826711,0.004828174681975855,High
2015-09-09,SVR,20D,1,0.0273209948093088,0.006113645096033543,High
2015-09-10,SVR,20D,1,0.0308366995089315,0.0038053017937053624,High
2015-09-11,SVR,20D,1,0.0270845416244606,0.0019187563003463803,High
2015-09-14,SVR,20D,1,0.0324572473248373,0.0016261524620418133,High
2015-09-15,SVR,20D,1,0.0128587360032778,-0.0013753690528665596,High
2015-09-16,SVR,20D,1,-0.0005364356240372,-0.0029113943235972023,High
2015-09-17,SVR,20D,1,0.0167714601698779,-0.0021476093635018345,High
2015-09-18,SVR,20D,1,0.0376277524979583,0.001472386334212178,High
2015-09-21,SVR,20D,1,0.0333428694081588,-0.00327508644368657,High
2015-09-22,SVR,20D,1,0.0443156983716433,-0.0014557316489251931,High
2015-09-23,SVR,20D,1,0.0405239936901029,-0.000594581907038913,High
2015-09-24,SVR,20D,1,0.0603834925740035,-0.0010939668184041657,High
2015-09-25,SVR,20D,1,0.0718193483442668,0.0027785369397761855,High
2015-09-28,SVR,20D,1,0.0959056265059758,0.009344712885076503,High
2015-09-29,SVR,20D,1,0.0921161467279064,0.011198523088428267,High
2015-09-30,SVR,20D,1,0.0849907366124848,0.004280484835335191,High
2015-10-01,SVR,20D,1,0.0825689225534869,0.0014061307335933443,High
2015-10-02,SVR,20D,1,0.0635336478486558,-0.0008538044978460557,High
2015-10-05,SVR,20D,1,0.0572129306689683,-0.006282883850552881,High
2015-10-06,SVR,20D,1,0.063531972938179,-0.008419734368388138,High
2015-10-07,SVR,20D,1,0.0519767861409791,-0.009584350815871404,High
2015-10-08,SVR,20D,1,0.0420642162399224,-0.010975097887254898,High
2015-10-09,SVR,20D,1,0.0409916858993833,-0.0123214753391519,High
2015-10-12,SVR,20D,1,0.0298457307655479,-0.013778048189322517,High
2015-10-13,SVR,20D,1,0.0382040096091247,-0.011609688039433491,High
2015-10-14,SVR,20D,1,0.0396981331994949,-0.008562833693000399,High
2015-10-15,SVR,20D,1,0.0108654185115071,-0.011703224671569631,High
2015-10-16,SVR,20D,1,-0.0049652832943452,-0.013126724940881185,High
2015-10-19,SVR,20D,1,0.0095575105560159,-0.014025068607357805,High
2015-10-20,SVR,20D,1,0.0096393345936631,-0.013017374899282036,Normal
2015-10-21,SVR,20D,1,0.0315150133819696,-0.01128099922122261,Normal
2015-10-22,SVR,20D,1,0.0139004260403963,-0.01587465888817939,High
2015-10-23,SVR,20D,1,0.0067334273515029,-0.016807787357326937,High
2015-10-26,SVR,20D,1,0.007412736510919,-0.015552242033896116,Normal
2015-10-27,SVR,20D,1,0.0111913723209673,-0.014986509712732701,Normal
2015-10-28,SVR,20D,1,-0.0007082567821432,-0.016701638706946367,Normal
2015-10-29,SVR,20D,1,0.0003350601579984,-0.017554939206030948,Normal
2015-10-30,SVR,20D,1,0.0005047417068051,-0.015259025140756735,Normal
2015-11-02,SVR,20D,1,-0.0006751956852701,-0.01569834778963447,Normal
2015-11-03,SVR,20D,1,-0.0144561412497865,-0.015274565775166657,Normal
2015-11-04,SVR,20D,1,-0.0253823007542894,-0.014069237632690593,Normal
2015-11-05,SVR,20D,1,-0.0039316546339399,-0.012512440353595972,Normal
2015-11-06,SVR,20D,1,-0.010598016814314,-0.013073619545064516,Normal
2015-11-09,SVR,20D,1,-0.0072377787834061,-0.012365753083080702,Normal
2015-11-10,SVR,20D,1,-0.0165163203025484,-0.011756413029812632,Normal
2015-11-11,SVR,20D,1,-0.0110341564023848,-0.011702982503656825,Normal
2015-11-12,SVR,20D,1,-0.0165588608215675,-0.008463612428882508,Normal
2015-11-13,SVR,20D,1,-0.0005439323253439,-0.002425921487676813,Normal
2015-11-16,SVR,20D,1,-0.0047746550136639,-0.0029094472100225505,Normal
2015-11-17,SVR,20D,1,0.0109762576553539,-0.0008967968464533016,Normal
2015-11-18,SVR,20D,1,-0.0202117488576946,-0.003239136846620763,Normal
2015-11-19,SVR,20D,1,-0.0370455035358221,-0.004519876338805989,Normal
2015-11-20,SVR,20D,1,-0.0331001520888153,-0.005595655373348968,Normal
2015-11-23,SVR,20D,1,-0.0230864326555622,-0.006802104091487682,Normal
2015-11-24,SVR,20D,1,-0.0119660860729691,-0.005404688152830239,Normal
2015-11-25,SVR,20D,1,-0.0134368608618654,-0.006414426603812293,Normal
2015-11-27,SVR,20D,1,-0.0162112388776523,-0.005584748403267045,Normal
2015-11-30,SVR,20D,1,-0.0009857745650108,-0.005380259489989964,Normal
2015-12-01,SVR,20D,1,-0.0188531122955285,-0.004837330466971268,Normal
2015-12-02,SVR,20D,1,-0.0172530046975476,-0.002309965667569913,Normal
2015-12-03,SVR,20D,1,-0.0181972200512034,0.002283872591796854,Normal
2015-12-04,SVR,20D,1,-0.0365048722756948,-0.0034723386853108273,Normal
2015-12-07,SVR,20D,1,-0.042692991317923,-0.0027768725600973293,Normal
2015-12-08,SVR,20D,1,-0.0601677552116733,-0.00043397457016620955,Normal
2015-12-09,SVR,20D,1,-0.0632962062918285,0.0031044786763355647,Normal
2015-12-10,SVR,20D,1,-0.0646921545746006,0.003671684840093073,Normal
2015-12-11,SVR,20D,1,-0.0373057727010106,0.005492884104621787,High
2015-12-14,SVR,20D,1,-0.0673324358429877,0.010620033153431518,Normal
2015-12-15,SVR,20D,1,-0.0613369550145181,0.005921486594385586,Normal
2015-12-16,SVR,20D,1,-0.0975833633634519,0.0016204578154064564,High
2015-12-17,SVR,20D,1,-0.0818969065401467,0.0024559896646740437,Normal
2015-12-18,SVR,20D,1,-0.0757021775589383,0.00548446066717638,High
2015-12-21,SVR,20D,1,-0.0782684956501463,0.0017094658298775212,High
2015-12-22,SVR,20D,1,-0.0669658643595018,-0.00020473763914122256,High
2015-12-23,SVR,20D,1,-0.095069006059877,-0.003273906169663679,High
2015-12-24,SVR,20D,1,-0.0794238528256458,-0.0029898600803403286,High
2015-12-28,SVR,20D,1,-0.0881658386698681,-0.0035718341462465247,High
2015-12-29,SVR,20D,1,-0.0932261521252997,-0.00416967635847923,High
2015-12-30,SVR,20D,1,-0.0615241023469646,-0.0029848873576447665,High
2015-12-31,SVR,20D,1,-0.0525109521510386,0.0009635669632269417,High
2016-01-04,SVR,20D,1,-0.056009879071464,0.004902416047546543,High
2016-01-05,SVR,20D,1,-0.0530404631892498,0.0031295256447107234,High
2016-01-06,SVR,20D,1,-0.0383127318941003,0.006356999056047988,High
2016-01-07,SVR,20D,1,-0.0329810736511075,0.009680057555048402,High
2016-01-08,SVR,20D,1,-0.0363385941283168,0.01781463529021657,High
2016-01-11,SVR,20D,1,-0.0378553430708996,0.015200492377049526,High
2016-01-12,SVR,20D,1,-0.0458168253194352,0.010112983845414397,High
2016-01-13,SVR,20D,1,-0.0329118975707825,0.01228313799714835,High
2016-01-14,SVR,20D,1,-0.0301399432981203,0.009783945950820355,High
2016-01-15,SVR,20D,1,0.0080775671417269,0.011376124754006386,High
2016-01-19,SVR,20D,1,0.0238919975799392,0.01602706153473195,High
2016-01-20,SVR,20D,1,0.0309781314819031,0.018216190531534032,High
2016-01-21,SVR,20D,1,0.0257701095641531,0.014535460444467505,High
2016-01-22,SVR,20D,1,0.0200401137810157,0.00327720348048198,High
2016-01-25,SVR,20D,1,0.0232690813830488,0.005743670727457503,High
2016-01-26,SVR,20D,1,0.0136538035873126,0.004397598636801725,High
2016-01-27,SVR,20D,1,0.0358610926182919,0.0065448596952618066,High
2016-01-28,SVR,20D,1,0.0284758765711358,0.0043532480895902975,High
2016-01-29,SVR,20D,1,-0.0041369055149924,-0.0020725625962979694,High
2016-02-01,SVR,20D,1,0.019894814732168,-0.0017131591340010383,High
2016-02-02,SVR,20D,1,0.0429017333115012,0.002850626507716253,High
2016-02-03,SVR,20D,1,0.0414147476102441,0.002484011771996225,High
2016-02-04,SVR,20D,1,0.0431896191836626,0.0011934969492823772,High
2016-02-05,SVR,20D,1,0.0627284002608782,0.006499592139168411,High
2016-02-08,SVR,20D,1,0.0656797021279293,0.009396001358130193,High
2016-02-09,SVR,20D,1,0.0713832155575037,0.00967298111944044,High
2016-02-10,SVR,20D,1,0.0717279764853873,0.010311256531126106,High
2016-02-11,SVR,20D,1,0.1003679694034948,0.014191620481563083,High
2016-02-12,SVR,20D,1,0.0797761855798369,0.006993613876066784,High
2016-02-16,SVR,20D,1,0.0615558169038342,0.003126547394252971,High
2016-02-17,SVR,20D,1,0.0507944341599727,-0.0014735186646308573,High
2016-02-18,SVR,20D,1,0.0620446493525036,-0.0019875366650182885,High
2016-02-19,SVR,20D,1,0.0664666498853316,-0.004511232970913659,High
2016-02-22,SVR,20D,1,0.0531010106905478,-0.009169245654339908,High
2016-02-23,SVR,20D,1,0.0647558153645641,-0.003962526679101228,High
2016-02-24,SVR,20D,1,0.0539193457992649,-0.0037145788871314755,High
2016-02-25,SVR,20D,1,0.0422568372894374,-0.005648308052429746,High
2016-02-26,SVR,20D,1,0.0446738095070744,-0.006292394852395189,High
2016-02-29,SVR,20D,1,0.0616059526528835,-0.003990902995628973,High
2016-03-01,SVR,20D,1,0.0423584472448309,-0.007429832045895771,High
2016-03-02,SVR,20D,1,0.0362306550241083,-0.009657519605332149,High
2016-03-03,SVR,20D,1,0.0390489797703912,-0.01122553927931251,High
2016-03-04,SVR,20D,1,0.0325350598585948,-0.010243316655474663,High
2016-03-07,SVR,20D,1,0.0214541386459363,-0.010098404728174318,High
2016-03-08,SVR,20D,1,0.0432106926339557,-0.008238968951314249,High
2016-03-09,SVR,20D,1,0.0261229458811367,-0.008902366008216825,High
2016-03-10,SVR,20D,1,0.0287498556886304,-0.006404541317440907,High
2016-03-11,SVR,20D,1,0.0097437642101751,-0.01068796578515857,Normal
2016-03-14,SVR,20D,1,0.020621286708177,-0.011850873924305685,Normal
2016-03-15,SVR,20D,1,0.0324499874110528,-0.01090244679858067,Normal
2016-03-16,SVR,20D,1,0.0270381719594053,-0.012071854035655472,Normal
2016-03-17,SVR,20D,1,0.0194798193146631,-0.01202954001575729,Normal
2016-03-18,SVR,20D,1,0.021603577677435,-0.01502166164788972,Normal
2016-03-21,SVR,20D,1,0.0236982236760091,-0.014960683427714616,Normal
2016-03-22,SVR,20D,1,0.0253372516220157,-0.013811908508156626,Normal
2016-03-23,SVR,20D,1,0.0265361982953909,-0.012760346438602688,Normal
2016-03-24,SVR,20D,1,0.0269621986543086,-0.012694662409179713,Normal
2016-03-28,SVR,20D,1,0.0246034021454731,-0.012004059915882062,Normal
2016-03-29,SVR,20D,1,0.0176963902654728,-0.01208224699141823,Normal
2016-03-30,SVR,20D,1,0.0150035043836535,-0.013983005827280667,Low
2016-03-31,SVR,20D,1,0.0077717106817125,-0.012027036334293875,Low
2016-04-01,SVR,20D,1,-0.0036151976154444,-0.012278885067356568,Low
2016-04-04,SVR,20D,1,0.0073778891276541,-0.012103910953912736,Low
2016-04-05,SVR,20D,1,0.0088596881510527,-0.007586152854863401,Low
2016-04-06,SVR,20D,1,-0.0075476924864328,-0.008384108755433231,Low
2016-04-07,SVR,20D,1,0.0042613447907777,-0.006948948834840429,Normal
2016-04-08,SVR,20D,1,0.0046482527397141,-0.005974728090700959,Normal
2016-04-11,SVR,20D,1,0.0081450119369279,-0.004230886448286245,Low
2016-04-12,SVR,20D,1,0.010935623291575,-0.004656098865983671,Low
2016-04-13,SVR,20D,1,-0.0086619693548514,-0.007360591949792147,Low
2016-04-14,SVR,20D,1,-0.0090043610529482,-0.007726083487999788,Low
2016-04-15,SVR,20D,1,-0.0165340256385547,-0.007913553241495036,Low
2016-04-18,SVR,20D,1,-0.0133047748627399,-0.008309109903806677,Low
2016-04-19,SVR,20D,1,-0.0258403763177692,-0.00908907076704045,Low
2016-04-20,SVR,20D,1,-0.0263964736806022,-0.00820592201301279,Low
2016-04-21,SVR,20D,1,-0.0249025053460309,-0.006613035279794496,Low
2016-04-22,SVR,20D,1,-0.0189489047027671,-0.006750684195695231,Low
2016-04-25,SVR,20D,1,-0.0192228516501059,-0.007673684308728793,Low
2016-04-26,SVR,20D,1,-0.0075052142903526,-0.006751883472959963,Low
2016-04-27,SVR,20D,1,-0.002202678750516,-0.0060246409189154,Low
2016-04-28,SVR,20D,1,0.0068604912611171,-0.003096376958896044,Low
2016-04-29,SVR,20D,1,0.0162141354311139,-0.0016736759619729452,Low
2016-05-02,SVR,20D,1,0.0074287601132798,-0.0028223204291495246,Low
2016-05-03,SVR,20D,1,0.0172776581556018,-0.0005600467378106266,Low
2016-05-04,SVR,20D,1,0.0260529370280607,0.00025809643982276087,Low
2016-05-05,SVR,20D,1,0.02337591148416,0.0014106291770651924,Low
2016-05-06,SVR,20D,1,0.025091629449971,-0.0008717035580020072,Low
2016-05-09,SVR,20D,1,0.0256270317715587,-0.0021758328605467475,Low
2016-05-10,SVR,20D,1,0.0165247685074763,-0.0032961081829917666,Low
2016-05-11,SVR,20D,1,0.0244130557874512,-0.0023500187977950338,Low
2016-05-12,SVR,20D,1,0.0153650026452495,-0.0011943860399104,Low
2016-05-13,SVR,20D,1,0.0157311380172925,7.823855340388652e-05,Low
2016-05-16,SVR,20D,1,0.0041816565557078,-0.0016478901442028154,Low
2016-05-17,SVR,20D,1,0.0117951110440604,0.00034972460049094434,Low
2016-05-18,SVR,20D,1,0.0147180464687046,0.0018298455395049928,Low
2016-05-19,SVR,20D,1,0.0151683568468163,0.002367217942092742,Low
2016-05-20,SVR,20D,1,0.0149582804024347,0.000577598617267,Low
2016-05-23,SVR,20D,1,0.0197543075747462,-0.0007150569450420918,Low
2016-05-24,SVR,20D,1,0.0045127410441802,-0.0010331699808181077,Normal
2016-05-25,SVR,20D,1,0.0108377784645518,-0.003089785275512319,Normal
2016-05-26,SVR,20D,1,-0.0255325482911022,-0.0037907276246293142,Normal
2016-05-27,SVR,20D,1,-0.0480724897422444,-0.005898818961191252,Normal
2016-05-31,SVR,20D,1,-0.0294525995175666,-0.005287765423157981,Normal
2016-06-01,SVR,20D,1,-0.0136977552002388,-0.004510644421474669,Low
2016-06-02,SVR,20D,1,-0.0030445882177591,-0.00436528221358623,Low
2016-06-03,SVR,20D,1,0.0018181803119677,-0.004012618566106477,Low
2016-06-06,SVR,20D,1,-0.0099381771929945,-0.005651205578119212,Low
2016-06-07,SVR,20D,1,-0.0058881057639159,-0.004752105549283778,Low
2016-06-08,SVR,20D,1,-0.0100641656226037,-0.004855712374530224,Low
2016-06-09,SVR,20D,1,0.0067932565412822,-0.0031312022544766477,Low
2016-06-10,SVR,20D,1,0.0194136082634467,-0.0013451940833828085,Low
2016-06-13,SVR,20D,1,0.0345467493605018,0.002388148840323262,Low
2016-06-14,SVR,20D,1,0.0364820131074552,0.007923274950467477,Low
2016-06-15,SVR,20D,1,0.0435698449729624,0.008027125675610744,Low
2016-06-16,SVR,20D,1,0.0395123728020458,0.006819760816152057,Low
2016-06-17,SVR,20D,1,0.0451551187685234,0.006451011908950907,Low
2016-06-20,SVR,20D,1,0.0379275314896849,0.004692843627764662,Low
2016-06-21,SVR,20D,1,0.0394803492012393,0.003036537189280139,Low
2016-06-22,SVR,20D,1,0.0375142083412901,0.0034199299918536152,Low
2016-06-23,SVR,20D,1,0.0287822680588454,0.0020035066132842727,Low
2016-06-24,SVR,20D,1,0.0623470421244983,-0.005619237547194761,Normal
2016-06-27,SVR,20D,1,0.0809320207969203,0.01717406584629219,Normal
2016-06-28,SVR,20D,1,0.0621186382460239,0.003174460984635266,High
2016-06-29,SVR,20D,1,0.0468343157228623,5.313189386667305e-05,High
2016-06-30,SVR,20D,1,0.034990432691054,-0.003377753143774989,High
2016-07-01,SVR,20D,1,0.0317731322505308,-0.0037185273349299858,High
2016-07-05,SVR,20D,1,0.0322622204234618,-0.005491028668769854,High
2016-07-06,SVR,20D,1,0.0300525760812569,-0.006266627426560908,High
2016-07-07,SVR,20D,1,0.031137083267479,-0.005961720236847337,High
2016-07-08,SVR,20D,2,0.0245655939908669,-0.00974370387638987,High
2016-07-11,SVR,20D,2,0.0202551973873269,-0.010253924457742133,High
2016-07-12,SVR,20D,2,0.0136600730665374,-0.01003487875556515,High
2016-07-13,SVR,20D,2,0.0106565173280673,-0.010734027305529026,High
2016-07-14,SVR,20D,2,0.0101345096288141,-0.01174906215045482,High
2016-07-15,SVR,20D,2,0.010267525301771,-0.012553226886381275,High
2016-07-18,SVR,20D,2,0.0106770797744241,-0.012850885145888613,High
2016-07-19,SVR,20D,2,0.0066191420583614,-0.013877787642612119,High
2016-07-20,SVR,20D,2,0.004224779748753,-0.014017837511010378,High
2016-07-21,SVR,20D,2,0.0100410513016603,-0.012969855392718985,High
2016-07-22,SVR,20D,2,0.0040561149433819,-0.01323601994820374,High
2016-07-25,SVR,20D,2,0.0065086517999886,-0.010964436260139557,Normal
2016-07-26,SVR,20D,2,0.0081357868176308,-0.010245428329484399,Normal
2016-07-27,SVR,20D,2,0.0040809925047676,-0.011123937336671094,Low
2016-07-28,SVR,20D,2,0.0011099116600298,-0.01085727797934842,Low
2016-07-29,SVR,20D,2,-0.0021001326963411,-0.011122334541612933,Low
2016-08-01,SVR,20D,2,0.0043848898798241,-0.010767447472481345,Low
2016-08-02,SVR,20D,2,0.0088112392853691,-0.008076206756643889,Low
2016-08-03,SVR,20D,2,0.0033035054637354,-0.009257943386288645,Low
2016-08-04,SVR,20D,2,0.0030495707748348,-0.009594988564489315,Low
2016-08-05,SVR,20D,2,-0.0013248849155106,-0.01111025239504361,Low
2016-08-08,SVR,20D,2,0.0025599347460361,-0.01089742509234809,Low
2016-08-09,SVR,20D,2,0.0020238208211868,-0.010591426960900277,Low
2016-08-10,SVR,20D,2,0.0026671296922049,-0.009629491238939025,Low
2016-08-11,SVR,20D,2,-0.0268840278210751,-0.009932832668545943,Low
2016-08-12,SVR,20D,2,-0.0115172772007267,-0.010562785355243048,Low
2016-08-15,SVR,20D,2,-0.0292480417734594,-0.010471431932292358,Low
2016-08-16,SVR,20D,2,-0.024341748956794,-0.009078263667334996,Low
2016-08-17,SVR,20D,2,-0.0161500785135097,-0.008373473193906841,Low
2016-08-18,SVR,20D,2,-0.0221267080054643,-0.009964252683345373,Low
2016-08-19,SVR,20D,2,-0.0207040016705207,-0.010391494424133035,Low
2016-08-22,SVR,20D,2,-0.0198414263029635,-0.010323619165852574,Low
2016-08-23,SVR,20D,2,-0.0109332931476893,-0.009052554377751917,Low
2016-08-24,SVR,20D,2,0.0007995140296244,-0.0075795206908557955,Low
2016-08-25,SVR,20D,2,-0.0035876185334487,-0.007037762387061927,Low
2016-08-26,SVR,20D,2,-0.0106324044126515,-0.004944839994066155,Low
2016-08-29,SVR,20D,2,-0.0094233376760278,-0.0070344106973246195,Low
2016-08-30,SVR,20D,2,-0.0021851696652625,-0.0070996807888215885,Low
2016-08-31,SVR,20D,2,-0.0091716062897812,-0.007108201416467688,Low
2016-09-01,SVR,20D,2,-0.0011938283123421,-0.006407642852649428,Low
2016-09-02,SVR,20D,2,-0.0086520930929038,-0.00803175097676502,Low
2016-09-06,SVR,20D,2,-0.0165972172492712,-0.009293864747736427,Low
2016-09-07,SVR,20D,2,-0.0121633350797807,-0.008909892228968097,Low
2016-09-08,SVR,20D,2,-0.0094564030347059,-0.00875236465656691,Low
2016-09-09,SVR,20D,2,0.0121125519345162,-0.008066930999725552,Low
2016-09-12,SVR,20D,2,0.0021374950184061,-0.002901393356939966,Normal
2016-09-13,SVR,20D,2,0.004554665598861,-0.002081626588193164,Normal
2016-09-14,SVR,20D,2,0.0062884472050729,0.0017298440803035359,Normal
2016-09-15,SVR,20D,2,-0.006874145656601,-0.0009114475198643279,Normal
2016-09-16,SVR,20D,2,-0.0028931337019078,-0.0025685744907271713,Normal
2016-09-19,SVR,20D,2,-0.0059171485799234,-0.0042157065062516375,Normal
2016-09-20,SVR,20D,2,-7.473645845881343e-05,-0.0016691299850175173,Normal
2016-09-21,SVR,20D,2,-0.0087431646367442,-0.0036364500158911767,Normal
2016-09-22,SVR,20D,2,-0.0165985876857672,-0.007501454996904744,Normal
2016-09-23,SVR,20D,2,-0.0109294398662032,-0.007361464268239665,Normal
2016-09-26,SVR,20D,2,0.0024340048991402,-0.0067100822108251135,Normal
2016-09-27,SVR,20D,2,-0.0077944477308641,-0.005043675828426353,Normal
2016-09-28,SVR,20D,2,-0.0148189522556939,-0.00661485215943057,Normal
2016-09-29,SVR,20D,2,-0.0084450204316215,-0.005308511616013076,Normal
2016-09-30,SVR,20D,2,-0.0194945531592741,-0.005167247717367429,Normal
2016-10-03,SVR,20D,2,-0.0163508138619457,-0.005699065249094415,Normal
2016-10-04,SVR,20D,2,-0.0181929511843186,-0.0042504219265873805,Normal
2016-10-05,SVR,20D,2,-0.0290273218689698,-0.006400527725893057,Normal
2016-10-06,SVR,20D,2,-0.0339419787441838,-0.006318745285212202,Normal
2016-10-07,SVR,20D,2,-0.0323507115742625,-0.004941052913952332,Normal
2016-10-10,SVR,20D,2,-0.0149658421621217,-0.00673189061313717,Normal
2016-10-11,SVR,20D,2,0.0013236139327915,-0.0024124130749364064,Low
2016-10-12,SVR,20D,2,0.0111938016060487,-0.0024027062365860052,Low
2016-10-13,SVR,20D,2,0.0162467237343781,-0.0005785551582334347,Low
2016-10-14,SVR,20D,2,0.0146462112274593,0.0009537121926031927,Low
2016-10-17,SVR,20D,2,0.0175733198821164,-0.0005817555797552471,Low
2016-10-18,SVR,20D,2,0.0188847692985071,-0.0015032077946288414,Low
2016-10-19,SVR,20D,2,0.0151116806207807,-0.003714285415731919,Low
2016-10-20,SVR,20D,2,0.0211538211133594,-0.0039715224288329465,Low
2016-10-21,SVR,20D,2,0.0188483148879658,-0.004864045734112352,Low
2016-10-24,SVR,20D,2,0.0215434223114122,-0.006016762509489737,Low
2016-10-25,SVR,20D,2,0.0275114708797117,-0.0064721153340985965,Low
2016-10-26,SVR,20D,2,0.0300610969578077,-0.00526420893994374,Low
2016-10-27,SVR,20D,2,0.0369590384772404,-0.0023044619818166773,Low
2016-10-28,SVR,20D,2,0.0348037893621302,-0.0007140231607253578,Low
2016-10-31,SVR,20D,2,0.0362604755995908,-0.00012707136942632924,Low
2016-11-01,SVR,20D,2,0.0404135641531693,0.004500024158679922,Low
2016-11-02,SVR,20D,2,0.0434387256398595,0.005327557608201985,Low
2016-11-03,SVR,20D,2,0.0482688663825537,0.007079136827918123,Low
2016-11-04,SVR,20D,2,0.0557408135809902,0.011190869568942052,Low
2016-11-07,SVR,20D,2,0.0371656983203999,0.0055731513421528045,Normal
2016-11-08,SVR,20D,2,0.0464781786679658,0.0042183890400469826,Low
2016-11-09,SVR,20D,2,0.0376190738051806,-0.0009147933324833435,Low
2016-11-10,SVR,20D,2,0.0415916466220552,-0.0031096179836141435,Low
2016-11-11,SVR,20D,2,0.0418524926792532,-0.004524127546765205,Low
2016-11-14,SVR,20D,2,0.0484864853376734,-0.006104116620804775,Low
2016-11-15,SVR,20D,2,0.0328832348537253,-0.006836331860536074,Low
2016-11-16,SVR,20D,2,0.0383424590636551,-0.007967276824199523,Low
2016-11-17,SVR,20D,2,0.0319248329514769,-0.007354925504888296,Low
2016-11-18,SVR,20D,2,0.0362876570322365,-0.007382971413670322,Low
2016-11-21,SVR,20D,2,0.0324848673625155,-0.009160296445122826,Normal
2016-11-22,SVR,20D,2,0.0278613905342448,-0.009314768532467349,Normal
2016-11-23,SVR,20D,2,0.0251889811549393,-0.00941458078772199,Low
2016-11-25,SVR,20D,2,0.0225331680765949,-0.01014216528127912,Low
2016-11-28,SVR,20D,2,0.0300474062358788,-0.009129776088305772,Normal
2016-11-29,SVR,20D,2,0.0203213631728453,-0.008876405166769213,Low
2016-11-30,SVR,20D,2,0.0226849459961333,-0.0078223154223733,Low
2016-12-01,SVR,20D,2,0.0215588342660429,-0.006865987163716364,Low
2016-12-02,SVR,20D,2,0.0296126732991153,-0.007149365939481053,Low
2016-12-05,SVR,20D,2,0.0295142101429209,-0.007313887866931629,Low
2016-12-06,SVR,20D,2,0.0253381580715653,-0.009777738383734982,Low
2016-12-07,SVR,20D,2,0.0157715885074208,-0.008078459384883316,Low
2016-12-08,SVR,20D,2,0.0100596680189903,-0.007359415851859646,Low
2016-12-09,SVR,20D,2,0.0041382494860205,-0.00765709857892595,Low
2016-12-12,SVR,20D,2,0.0081019741657218,-0.0077004835232400565,Low
2016-12-13,SVR,20D,2,-0.0005636214292446,-0.006870731776701625,Low
2016-12-14,SVR,20D,2,0.0094348054277607,-0.005215233776198133,Low
2016-12-15,SVR,20D,2,0.0025871832839886,-0.0059364736903645965,Low
2016-12-16,SVR,20D,2,0.0061015405047782,-0.006568723408109711,Low
2016-12-19,SVR,20D,2,0.0005125301652477,-0.007770505350169654,Low
2016-12-20,SVR,20D,2,0.0002422018253947,-0.00912868352467043,Low
2016-12-21,SVR,20D,2,8.837904002783037e-06,-0.008450015534853014,Low
2016-12-22,SVR,20D,2,0.0084166896553614,-0.009251659653621902,Low
2016-12-23,SVR,20D,2,0.0151598099162512,-0.009003081757567186,Low
2016-12-27,SVR,20D,2,0.0121783060764394,-0.008284346916726151,Low
2016-12-28,SVR,20D,2,0.0197031072964692,-0.005484562165020371,Low
2016-12-29,SVR,20D,2,0.0139687815322409,-0.005316652960850751,Low
2016-12-30,SVR,20D,2,0.0177263146210628,-0.003129099381807332,Low
2017-01-03,SVR,20D,2,0.0095738668560221,-0.0044515940050667835,Low
2017-01-04,SVR,20D,2,0.0044380499241636,-0.006896957916630891,Low
2017-01-05,SVR,20D,2,0.0124475143811984,-0.007336444366508654,Low
2017-01-06,SVR,20D,2,0.0068191276869103,-0.007485195055080288,Low
2017-01-09,SVR,20D,2,0.0106008366223156,-0.007384786235840046,Low
2017-01-10,SVR,20D,2,0.0112939187709253,-0.007499822670970213,Low
2017-01-11,SVR,20D,2,0.0142043401177834,-0.007627551433374902,Low
2017-01-12,SVR,20D,2,0.0199111593335223,-0.007090150742517967,Low
2017-01-13,SVR,20D,2,0.0232951615223869,-0.007443130290115577,Low
2017-01-17,SVR,20D,2,0.030266403174278,-0.0075936241316920255,Low
2017-01-18,SVR,20D,2,0.0334840913702031,-0.006554629264742207,Low
2017-01-19,SVR,20D,2,0.0362354373929721,-0.0047020265232927405,Low
2017-01-20,SVR,20D,2,0.0345520026589097,-0.005759466642985794,Low
2017-01-23,SVR,20D,2,0.0432756023250485,-0.006328264566326583,Low
2017-01-24,SVR,20D,2,0.0356496756492821,-0.00683098257833871,Low
2017-01-25,SVR,20D,2,0.0280745218245724,-0.008318418244874407,Low
2017-01-26,SVR,20D,2,0.0303024269918673,-0.008258637781352954,Low
2017-01-27,SVR,20D,2,0.0321867317493426,-0.008416266503169345,Low
2017-01-30,SVR,20D,2,0.0356326991302444,-0.007727851364387278,Low
2017-01-31,SVR,20D,2,0.0501042118220022,-0.006476738577822161,Low
2017-02-01,SVR,20D,2,0.0439287758617805,-0.006184269774675136,Low
2017-02-02,SVR,20D,2,0.0438623793916245,-0.006334170823266247,Low
2017-02-03,SVR,20D,2,0.033341259773505,-0.006077463125307644,Low
2017-02-06,SVR,20D,2,0.0325412313851243,-0.006825812045904406,Low
2017-02-07,SVR,20D,2,0.0300275999572145,-0.006036901867216268,Low
2017-02-08,SVR,20D,2,0.0301340934213712,-0.00653561413166083,Low
2017-02-09,SVR,20D,2,0.0276613693912696,-0.00669824784570483,Low
2017-02-10,SVR,20D,2,0.0244682281884301,-0.007735296919973295,Low
2017-02-13,SVR,20D,2,0.0158513456235278,-0.007625373725183293,Low
2017-02-14,SVR,20D,2,0.0201918975525416,-0.00723576075643724,Low
2017-02-15,SVR,20D,2,0.0135839740876235,-0.008175755250309058,Low
2017-02-16,SVR,20D,2,0.0131332864249421,-0.005528490859214405,Low
2017-02-17,SVR,20D,2,0.0094442210173245,-0.0067538554225856084,Low
2017-02-21,SVR,20D,2,-0.0090712235928466,-0.007042988899563854,Low
2017-02-22,SVR,20D,2,-0.0061003345985798,-0.006958923691179397,Low
2017-02-23,SVR,20D,2,-0.007580065714669,-0.0062221670592381845,Low
2017-02-24,SVR,20D,2,-0.0099166681606391,-0.006050872910218816,Low
2017-02-27,SVR,20D,2,-0.0119542410142186,-0.006347847933945369,Low
2017-02-28,SVR,20D,2,-0.0021472260693997,-0.0050864148823530075,Low
2017-03-01,SVR,20D,2,-0.0146437009492948,-0.0040756073215940936,Low
2017-03-02,SVR,20D,2,-0.0058357730654845,-0.004098045360002786,Low
2017-03-03,SVR,20D,2,-0.0085971173722863,-0.006938733940729885,Low
2017-03-06,SVR,20D,2,-0.0069579699167338,-0.007578851866191019,Low
2017-03-07,SVR,20D,2,-0.0034809779399827,-0.00643185627253863,Low
2017-03-08,SVR,20D,2,-0.004253686787441,-0.007151872160385847,Low
2017-03-09,SVR,20D,2,-0.0031256121064722,-0.005928510258125949,Low
2017-03-10,SVR,20D,2,-0.0072164242752756,-0.0057606082841903244,Low
2017-03-13,SVR,20D,2,-0.0068955397586622,-0.006922559820281421,Low
2017-03-14,SVR,20D,2,-0.0049456990697295,-0.0064315606551118565,Low
2017-03-15,SVR,20D,2,-0.0170526156134027,-0.0052515164508410705,Low
2017-03-16,SVR,20D,2,-0.0222626011040233,-0.005810859066384677,Low
2017-03-17,SVR,20D,2,-0.0123709561486847,-0.006657517646503033,Low
2017-03-20,SVR,20D,2,-0.0132666429141377,-0.006399549212643171,Low
2017-03-21,SVR,20D,2,-0.0024988737209041,-0.0032779908065534574,Low
2017-03-22,SVR,20D,2,0.0031418737946071,-0.004779358773768144,Low
2017-03-23,SVR,20D,2,0.0011630178323216,-0.003247289782958851,Low
2017-03-24,SVR,20D,2,0.012789106634372,-0.0024008521472166366,Low
2017-03-27,SVR,20D,2,0.0198814284319686,-0.003193944913345681,Low
2017-03-28,SVR,20D,2,0.0121702981266575,-0.004217164000313509,Low
2017-03-29,SVR,20D,2,0.0116383289231265,-0.006556779788623804,Low
2017-03-30,SVR,20D,2,0.0067925385399315,-0.005682160007665374,Low
2017-03-31,SVR,20D,2,0.0107809243050921,-0.005530498615698001,Low
2017-04-03,SVR,20D,2,0.013612743198917,-0.003162268882872646,Low
2017-04-04,SVR,20D,2,0.0117812077284283,-0.005406392359706774,Low
2017-04-05,SVR,20D,2,0.0154226778278199,-0.003540503352826435,Low
2017-04-06,SVR,20D,2,0.0175753869415633,-0.003979461743428947,Low
2017-04-07,SVR,20D,2,0.0184403046764161,-0.004162571561269743,Low
2017-04-10,SVR,20D,2,0.0167270799838398,-0.0030309588903680434,Low
2017-04-11,SVR,20D,2,0.0192919509932476,-0.0005596288802449806,Low
2017-04-12,SVR,20D,2,0.0208938370381279,0.0008712275106296796,Low
2017-04-13,SVR,20D,2,0.0262523219871379,0.003171490050161277,Low
2017-04-17,SVR,20D,2,0.0224409985990458,0.0008488316079186542,Low
2017-04-18,SVR,20D,2,0.0246614684078932,9.629393578142187e-05,Low
2017-04-19,SVR,20D,2,0.0080338256336465,0.0010749479438818127,Low
2017-04-20,SVR,20D,2,0.0041850138978888,-0.00017507588002815822,Low
2017-04-21,SVR,20D,2,0.0139694052132046,-0.0004821688927268558,Low
2017-04-24,SVR,20D,2,0.0083345319211012,-0.0064954315139075375,Low
2017-04-25,SVR,20D,2,0.0040985028817307,-0.0076782582087854545,Low
2017-04-26,SVR,20D,2,0.0070703581619944,-0.007592761950602711,Low
2017-04-27,SVR,20D,2,0.0109497032036732,-0.00808769102296876,Low
2017-04-28,SVR,20D,2,0.0131751844604657,-0.007749648356850158,Low
2017-05-01,SVR,20D,2,0.0102390419040379,-0.008768171821746204,Low
2017-05-02,SVR,20D,2,0.0085906236982751,-0.00958843224077878,Low
2017-05-03,SVR,20D,2,0.0174053886789501,-0.008474263691174502,Low
2017-05-04,SVR,20D,2,0.0205243300091266,-0.008277025347585745,Low
2017-05-05,SVR,20D,2,0.0152255634612194,-0.009008111024906812,Low
2017-05-08,SVR,20D,2,0.0124052095231075,-0.009128652687400221,Low
2017-05-09,SVR,20D,2,0.0149980128762481,-0.009720873412113445,Low
2017-05-10,SVR,20D,2,0.0141352191944633,-0.009897549931232735,Low
2017-05-11,SVR,20D,2,0.0154700367023827,-0.008754998532273586,Low
2017-05-12,SVR,20D,2,0.0159703295634589,-0.00920392538089318,Low
2017-05-15,SVR,20D,2,0.0157065461036737,-0.00972422754820701,Low
2017-05-16,SVR,20D,2,0.0153973521753423,-0.008421487622167961,Low
2017-05-17,SVR,20D,2,0.0315007105496168,-0.01105705040584759,Low
2017-05-18,SVR,20D,2,0.0281042710724604,-0.0007957302430423446,Low
2017-05-19,SVR,20D,2,0.029672151071154,-0.003781701993864864,Low
2017-05-22,SVR,20D,2,0.017806127328214,-0.007984634823136244,Low
2017-05-23,SVR,20D,2,0.0153871279625619,-0.008484700064060907,Low
2017-05-24,SVR,20D,2,0.0124452081855474,-0.009002298043429599,Low
2017-05-25,SVR,20D,2,0.0095727946989782,-0.010543455543184019,Low
2017-05-26,SVR,20D,2,0.0095780448534083,-0.010858639426713723,Low
2017-05-30,SVR,20D,2,0.0026778090072692,-0.011010422573576581,Low
2017-05-31,SVR,20D,2,0.0119073852737716,-0.009253803044291228,Low
2017-06-01,SVR,20D,2,-0.004272427155217,-0.009813251973317963,Low
2017-06-02,SVR,20D,2,-0.0064412441623894,-0.010562033136156349,Low
2017-06-05,SVR,20D,2,-0.0029146690428132,-0.01075910453708881,Low
2017-06-06,SVR,20D,2,0.0013204636596794,-0.00977154150404265,Low
2017-06-07,SVR,20D,2,-0.0096595524435342,-0.009243124571009925,Low
2017-06-08,SVR,20D,2,-0.0035440089095833,-0.009812532045147107,Low
2017-06-09,SVR,20D,2,-0.0017863389398834,-0.008408256737778314,Low
2017-06-12,SVR,20D,2,-0.0015900835262475,-0.008968669176104366,Low
2017-06-13,SVR,20D,2,0.0011876085783438,-0.008574176420339794,Low
2017-06-14,SVR,20D,2,0.0040567650171345,-0.008643516785797528,Low
2017-06-15,SVR,20D,2,0.0109614909839841,-0.007545445874640219,Low
2017-06-16,SVR,20D,2,0.0106249775972177,-0.00851957263339799,Low
2017-06-19,SVR,20D,2,0.0029100730884346,-0.00924280734735218,Low
2017-06-20,SVR,20D,2,0.0149874917514198,-0.007863294401359175,Low
2017-06-21,SVR,20D,2,0.0154166348560844,-0.007541194697948603,Low
2017-06-22,SVR,20D,2,0.0155045814993135,-0.00781847741149018,Low
2017-06-23,SVR,20D,2,0.0128805819484959,-0.008717600631941463,Low
2017-06-26,SVR,20D,2,0.0154837375286614,-0.009218171591698951,Low
2017-06-27,SVR,20D,2,0.0238719481104537,-0.007964363552608184,Low
2017-06-28,SVR,20D,2,0.0141292848265089,-0.008404708997188537,Low
2017-06-29,SVR,20D,2,0.0214244859925343,-0.007127102130043431,Low
2017-06-30,SVR,20D,2,0.0191640175471008,-0.006657321662101687,Low
2017-07-03,SVR,20D,2,0.0193019703428917,-0.006794393543968533,Low
2017-07-05,SVR,20D,2,0.0183422737139506,-0.0067655348688246825,Low
2017-07-06,SVR,20D,2,0.0255692191858709,-0.006725002823274942,Low
2017-07-07,SVR,20D,2,0.0210738280337947,-0.006135486629943246,Low
2017-07-10,SVR,20D,2,0.0217923365745625,-0.007514136822228568,Low
2017-07-11,SVR,20D,2,0.0201579714102593,-0.007009008084563395,Low
2017-07-12,SVR,20D,2,0.0125152456697256,-0.008688509113599766,Low
2017-07-13,SVR,20D,2,-0.003937802204489,-0.008985598655446639,Low
2017-07-14,SVR,20D,2,-0.007325661246511,-0.010247318799731356,Low
2017-07-17,SVR,20D,2,0.0027209042362451,-0.010795547261942096,Low
2017-07-18,SVR,20D,2,0.0016242932112507,-0.010341972497737509,Low
2017-07-19,SVR,20D,2,-0.0023148694814704,-0.01037096196103332,Low
2017-07-20,SVR,20D,2,-0.0177185408800548,-0.01009228971880205,Low
2017-07-21,SVR,20D,2,-0.0191876552121979,-0.011199002355185533,Low
2017-07-24,SVR,20D,2,-0.0169613785022229,-0.011082500763981845,Low
2017-07-25,SVR,20D,2,-0.0099885907614958,-0.011059308167903098,Low
2017-07-26,SVR,20D,2,-0.0137307849002542,-0.010925317397536605,Low
2017-07-27,SVR,20D,2,-0.0148342400099989,-0.009714198118787543,Low
2017-07-28,SVR,20D,2,-0.0118207526629454,-0.009365887486680019,Low
2017-07-31,SVR,20D,2,-0.0106053883550895,-0.00916760447549883,Low
2017-08-01,SVR,20D,2,-0.0122090423680181,-0.009844086562506668,Low
2017-08-02,SVR,20D,2,-0.0080970379873045,-0.00924159074736075,Low
2017-08-03,SVR,20D,2,-0.0002063225676454,-0.00880091841884599,Low
2017-08-04,SVR,20D,2,-0.0001130659428496,-0.00949029977627254,Low
2017-08-07,SVR,20D,3,-0.0093383691392749,0.005648778268134355,Low
2017-08-08,SVR,20D,3,-0.0037971744157455,0.0068263554146119065,Low
2017-08-09,SVR,20D,3,-0.0036119516678868,0.007455217374456466,Low
2017-08-10,SVR,20D,3,0.0094783065893968,0.009709956213647578,Low
2017-08-11,SVR,20D,3,0.0189845246585567,0.013211257224258324,Low
2017-08-14,SVR,20D,3,0.0123491760073906,0.008926867581257866,Low
2017-08-15,SVR,20D,3,0.0136049425823564,0.00812735030294899,Low
2017-08-16,SVR,20D,3,0.0110845232081963,0.007708476657679361,Low
2017-08-17,SVR,20D,3,0.028487343241547,0.010054103903906972,Low
2017-08-18,SVR,20D,3,0.0317792588320284,0.011581823570964059,Low
2017-08-21,SVR,20D,3,0.0317268627341936,0.009606861620898535,Low
2017-08-22,SVR,20D,3,0.022469314175878,0.007073399110387915,Low
2017-08-23,SVR,20D,3,0.022878318361602,0.00683555724626092,Low
2017-08-24,SVR,20D,3,0.0256025191039075,0.008799129040944778,Low
2017-08-25,SVR,20D,3,0.0217065247351162,0.007899383159499854,Low
2017-08-28,SVR,20D,3,0.0212917353877149,0.0073410781254746454,Low
2017-08-29,SVR,20D,3,0.024526091027693,0.007581091637063941,Low
2017-08-30,SVR,20D,3,0.02112544986857,0.007820561570631837,Low
2017-08-31,SVR,20D,3,0.0191190393523553,0.0064981063502497355,Low
2017-09-01,SVR,20D,3,0.0210049801397325,0.005795170672722921,Low
2017-09-05,SVR,20D,3,0.0307409498765382,0.0071628114047084385,Low
2017-09-06,SVR,20D,3,0.0288630510445079,0.0070920302466197654,Low
2017-09-07,SVR,20D,3,0.0346724071206541,0.006876833061909435,Low
2017-09-08,SVR,20D,3,0.0350881560988721,0.007008162609727156,Low
2017-09-11,SVR,20D,3,0.0225011170337114,0.005535854512648111,Low
2017-09-12,SVR,20D,3,0.0214625340693062,0.006014816566501796,Low
2017-09-13,SVR,20D,3,0.0225075827508873,0.0053094165847925034,Low
2017-09-14,SVR,20D,3,0.0219207294813639,0.0052594829072439425,Low
2017-09-15,SVR,20D,3,0.0209529739400508,0.004620574352069487,Low
2017-09-18,SVR,20D,3,0.021247334543227,0.004834125064693648,Low
2017-09-19,SVR,20D,3,0.0208101078319297,0.004769922447506916,Low
2017-09-20,SVR,20D,3,0.0209180206409498,0.004913946980429407,Low
2017-09-21,SVR,20D,3,0.0242965307028752,0.004681677779968155,Low
2017-09-22,SVR,20D,3,0.0287527428927385,0.00426897089740258,Low
2017-09-25,SVR,20D,3,0.0269968702795951,0.005173300247338711,Low
2017-09-26,SVR,20D,3,0.0285413070282584,0.00532705592943418,Low
2017-09-27,SVR,20D,3,0.0197905289390104,0.005115419216803682,Low
2017-09-28,SVR,20D,3,0.0198567775606747,0.005043831584290892,Low
2017-09-29,SVR,20D,3,0.0241991244719031,0.0045548292055534595,Low
2017-10-02,SVR,20D,3,0.0171350282654499,0.005064088095493385,Low
2017-10-03,SVR,20D,3,0.0159225300174684,0.005041300943813359,Low
2017-10-04,SVR,20D,3,0.0162674304642586,0.004969925033652886,Low
2017-10-05,SVR,20D,3,0.0108264742026328,0.0049377645305939966,Low
2017-10-06,SVR,20D,3,0.014992974694187,0.004794996618563918,Low
2017-10-09,SVR,20D,3,0.0180694824469768,0.006044244975665483,Low
2017-10-10,SVR,20D,3,0.0155606420114168,0.005884457526162887,Low
2017-10-11,SVR,20D,3,0.0152013730138137,0.00570481082260009,Low
2017-10-12,SVR,20D,3,0.013120568794795,0.005424454487398214,Low
2017-10-13,SVR,20D,3,0.011344799813895,0.005376841851475869,Low
2017-10-16,SVR,20D,3,0.0105787281928825,0.005833568453357099,Low
2017-10-17,SVR,20D,3,0.0075940947271664,0.006031299035304999,Low
2017-10-18,SVR,20D,3,0.0013110364737133,0.005999944656743708,Low
2017-10-19,SVR,20D,3,0.0091457451416753,0.006601559892164696,Low
2017-10-20,SVR,20D,3,0.0014125319777474,0.00569403604744019,Low
2017-10-23,SVR,20D,3,0.0066677971795348,0.007114666058663802,Low
2017-10-24,SVR,20D,3,0.0115710351847293,0.006978443533171896,Low
2017-10-25,SVR,20D,3,0.0154944481686596,0.008033417806226073,Low
2017-10-26,SVR,20D,3,0.0162782931962895,0.007165129961437325,Low
2017-10-27,SVR,20D,3,0.0078533516297591,0.005240667698145185,Low
2017-10-30,SVR,20D,3,0.0208512612032935,0.006103431796420658,Low
2017-10-31,SVR,20D,3,0.0195379543838234,0.00517771675261916,Low
2017-11-01,SVR,20D,3,0.0261046969387306,0.0061453816094395874,Low
2017-11-02,SVR,20D,3,0.0238881662332583,0.005679505169580268,Low
2017-11-03,SVR,20D,3,0.0197431663576575,0.0040795268138779095,Low
2017-11-06,SVR,20D,3,0.0147263319469258,0.004749112622851159,Low
2017-11-07,SVR,20D,3,0.0148013405814775,0.005811786007683922,Low
2017-11-08,SVR,20D,3,0.0162867936595262,0.005713552134133715,Low
2017-11-09,SVR,20D,3,0.0255469770344146,0.0067725603679113094,Low
2017-11-10,SVR,20D,3,0.0296418661321643,0.007372343085471245,Low
2017-11-13,SVR,20D,3,0.0302064389429607,0.008333551038544218,Low
2017-11-14,SVR,20D,3,0.0320456505330924,0.00867103031508544,Low
2017-11-15,SVR,20D,3,0.0335074815444534,0.01041858525369617,Low
2017-11-16,SVR,20D,3,0.0342791421716238,0.009621540280998944,Low
2017-11-17,SVR,20D,3,0.0422570377301188,0.008504676549757492,Low
2017-11-20,SVR,20D,3,0.0377466697982101,0.0070341194931009265,Low
2017-11-21,SVR,20D,3,0.030398594844885,0.005876608445725642,Low
2017-11-22,SVR,20D,3,0.0331328245608727,0.006346807835634807,Low
2017-11-24,SVR,20D,3,0.0306205686445271,0.005338861926745972,Low
2017-11-27,SVR,20D,3,0.0299459245312717,0.004872308719408164,Low
2017-11-28,SVR,20D,3,0.0209362206447204,0.006247094975872572,Low
2017-11-29,SVR,20D,3,0.0231378335304307,0.006872013857443071,Low
2017-11-30,SVR,20D,3,0.0097836145748712,0.00775108496936594,Low
2017-12-01,SVR,20D,3,0.0200792757290746,0.009678366072269545,Low
2017-12-04,SVR,20D,3,0.0275104195222974,0.008875065758627135,Low
2017-12-05,SVR,20D,3,0.0352773529035796,0.008279557997727019,Low
2017-12-06,SVR,20D,3,0.0424006109626952,0.007614873025208371,Low
2017-12-07,SVR,20D,3,0.0411335077198828,0.006071194321258605,Low
2017-12-08,SVR,20D,3,0.0369443892016631,0.005435494461999757,Low
2017-12-11,SVR,20D,3,0.0326347012684465,0.005034211171278155,Low
2017-12-12,SVR,20D,3,0.0380960033152389,0.00578168011219056,Low
2017-12-13,SVR,20D,3,0.0452959986844834,0.006359567653397083,Low
2017-12-14,SVR,20D,3,0.0458444531536434,0.006656359280092769,Low
2017-12-15,SVR,20D,3,0.0462811459500027,0.0038392549453618724,Low
2017-12-18,SVR,20D,3,0.0393149698729314,0.0047531098221199886,Low
2017-12-19,SVR,20D,3,0.04692611590304,0.005139155450439484,Low
2017-12-20,SVR,20D,3,0.0557887163588261,0.004914259745303781,Low
2017-12-21,SVR,20D,3,0.05597703431439,0.004978038263939402,Low
2017-12-22,SVR,20D,3,0.0558751734052716,0.004650262160498381,Low
2017-12-26,SVR,20D,3,0.0575365885041631,0.005020070329425946,Low
2017-12-27,SVR,20D,3,0.0685175983000053,0.006146793468532724,Low
2017-12-28,SVR,20D,3,0.0599305430122226,0.006182627530778001,Low
2017-12-29,SVR,20D,3,0.0541685324996338,0.0072584529725922,Low
2018-01-02,SVR,20D,3,0.0463883201399304,0.005103902683031486,Low
2018-01-03,SVR,20D,3,0.039361588543971,0.00483857917386292,Low
2018-01-04,SVR,20D,3,0.0139043651719451,0.004169377505844743,Low
2018-01-05,SVR,20D,3,-0.0349473216550215,0.004323621461779073,Low
2018-01-08,SVR,20D,3,-0.0193177120733813,0.005394942657480695,Low
2018-01-09,SVR,20D,3,-0.0256339338144322,0.005015326204314607,Low
2018-01-10,SVR,20D,3,-0.0627801402487133,0.004947204394750451,Low
2018-01-11,SVR,20D,3,-0.0549635208180707,0.004510730581009259,Low
2018-01-12,SVR,20D,3,-0.0478717815389788,0.00483438566114941,Low
2018-01-16,SVR,20D,3,-0.0417315462970986,0.0071285556862541455,Low
2018-01-17,SVR,20D,3,-0.0377891126947037,0.007487724886570721,Low
2018-01-18,SVR,20D,3,-0.0241745534204547,0.008324230708821198,Low
2018-01-19,SVR,20D,3,-0.0281768017575231,0.006073774303786042,Low
2018-01-22,SVR,20D,3,-0.0420696832465737,0.005772141729505145,Low
2018-01-23,SVR,20D,3,-0.0497533526981069,0.006226971233247183,Low
2018-01-24,SVR,20D,3,-0.0482201426652969,0.006087642283188394,Low
2018-01-25,SVR,20D,3,-0.0329213038190088,0.006960075590019002,Low
2018-01-26,SVR,20D,3,-0.0330045033044656,0.00583966009645101,Low
2018-01-29,SVR,20D,3,-0.0390380784610701,0.0071993756417288585,Low
2018-01-30,SVR,20D,3,-0.0392372417393891,0.00856654841963242,Low
2018-01-31,SVR,20D,3,-0.0531400734529603,0.008245898703186733,Low
2018-02-01,SVR,20D,3,-0.0474329896157383,0.007923792589696471,Low
2018-02-02,SVR,20D,3,-0.015024691488513,0.010183479592641764,Normal
2018-02-05,SVR,20D,3,0.0294532323818651,-0.004935513001745405,High
2018-02-06,SVR,20D,3,0.0116786672072114,0.025717035927153728,High
2018-02-07,SVR,20D,3,0.0211459536398489,0.02201636821576551,High
2018-02-08,SVR,20D,3,0.0766345526268581,0.023118261843237467,High
2018-02-09,SVR,20D,3,0.0605341100893354,0.020793734973821698,High
2018-02-12,SVR,20D,3,0.0403315339968343,0.016488117609526634,High
2018-02-13,SVR,20D,3,0.0319810421913682,0.01324084915260662,High
2018-02-14,SVR,20D,3,0.0178853659833746,0.006406199368805904,High
2018-02-15,SVR,20D,3,0.0075905021538308,0.010149611449383603,High
2018-02-16,SVR,20D,3,-0.0070889380374641,0.009279417168384235,High
2018-02-20,SVR,20D,3,0.0002502877310922,0.00979208779397489,High
2018-02-21,SVR,20D,3,0.0039162600887736,0.010140022163180148,High
2018-02-22,SVR,20D,3,-0.0225417043696586,0.007431401847548716,High
2018-02-23,SVR,20D,3,-0.0596327899265303,0.002885126498569618,High
2018-02-26,SVR,20D,3,-0.0445261878411224,0.0020631821909865566,High
2018-02-27,SVR,20D,3,-0.0491651620449768,0.0037703564356849767,High
2018-02-28,SVR,20D,3,-0.0409282748607833,0.0069145921929922305,High
2018-03-01,SVR,20D,3,-0.0138385315120634,0.0100004458653912,High
2018-03-02,SVR,20D,3,-0.0414879993407579,0.0065717751426847965,High
2018-03-05,SVR,20D,3,-0.0399236556355433,0.004377633469601974,High
2018-03-06,SVR,20D,3,-0.0310589362210933,0.004802325530679261,High
2018-03-07,SVR,20D,3,-0.0237355229937258,0.006763029142467694,High
2018-03-08,SVR,20D,3,-0.0503527382596754,0.0066755889662268725,High
2018-03-09,SVR,20D,3,-0.0642512900332901,0.002781931205934382,Normal
2018-03-12,SVR,20D,3,-0.0463878936989777,0.004589565912822127,Normal
2018-03-13,SVR,20D,3,-0.0455446690571241,0.005909755405900496,Normal
2018-03-14,SVR,20D,3,-0.0315868005342784,0.0061754265698700656,Normal
2018-03-15,SVR,20D,3,-0.0336953639618884,0.005719630276850893,Normal
2018-03-16,SVR,20D,3,-0.0273210251075571,0.0032893639512336925,Normal
2018-03-19,SVR,20D,3,-0.0024099129523171,0.007719026859841313,Normal
2018-03-20,SVR,20D,3,-0.0030596012064829,0.00799665437754539,Normal
2018-03-21,SVR,20D,3,-0.0069564908766861,0.008484119057644804,Normal
2018-03-22,SVR,20D,3,0.0099552189078154,0.010409571089605982,High
2018-03-23,SVR,20D,3,0.0312012563307508,0.01691689417955483,High
2018-03-26,SVR,20D,3,-0.0090646723817597,0.009297397174044347,High
2018-03-27,SVR,20D,3,0.0101979874963856,0.009550721631410769,High
2018-03-28,SVR,20D,3,0.0234990505832253,0.009995980403426252,High
2018-03-29,SVR,20D,3,0.0109362783607458,0.008822868096192302,High
2018-04-02,SVR,20D,3,0.0253057681553204,0.008551938762350025,High
2018-04-03,SVR,20D,3,0.0153156090106067,0.007487752208424958,High
2018-04-04,SVR,20D,3,-0.0034164445372424,0.008988247850151523,High
2018-04-05,SVR,20D,3,-0.0125120835239576,0.00643312869905667,High
2018-04-06,SVR,20D,3,0.0223817935614422,0.007948675947994172,High
2018-04-09,SVR,20D,3,0.0225027791488394,0.008739705386131391,High
2018-04-10,SVR,20D,3,0.0056485035407914,0.007025251910016891,High
2018-04-11,SVR,20D,3,0.0208248372481214,0.006412963475087963,High
2018-04-12,SVR,20D,3,0.021934950154313,0.0035968024902798407,High
2018-04-13,SVR,20D,3,0.0265318892519808,0.005541709100651257,High
2018-04-16,SVR,20D,3,0.0193386519605443,0.002572505822907356,High
2018-04-17,SVR,20D,3,0.001867925302687,-0.00039672314803522457,High
2018-04-18,SVR,20D,3,0.0050892447426481,0.0013940760724372586,High
2018-04-19,SVR,20D,3,0.0099755877498706,0.0011857677738516675,High
2018-04-20,SVR,20D,3,0.0159130996836729,0.0023203645903192155,High
2018-04-23,SVR,20D,3,0.0232164741204219,0.0022513053470248623,High
2018-04-24,SVR,20D,3,0.0335466735340219,0.0062502834280828146,High
2018-04-25,SVR,20D,3,0.0349544445080969,0.005772271482247501,High
2018-04-26,SVR,20D,3,0.0225490373629974,0.003857417583806824,High
2018-04-27,SVR,20D,3,0.0190760290374474,0.0027753207688872295,High
2018-04-30,SVR,20D,3,0.0156656490745765,0.0027431035926010205,Normal
2018-05-01,SVR,20D,3,0.0257357222554729,0.003471542065901223,Normal
2018-05-02,SVR,20D,3,0.0260643402134411,0.003985621529144515,Normal
2018-05-03,SVR,20D,3,0.0391113575077448,0.004999614203872085,Normal
2018-05-04,SVR,20D,3,0.0308511423777621,0.0036567469242958645,Normal
2018-05-07,SVR,20D,3,0.0281015080923478,0.00382730884543335,Normal
2018-05-08,SVR,20D,3,0.0368980853413935,0.003832250855368924,Normal
2018-05-09,SVR,20D,3,0.0265479937845404,0.00405478507661694,Normal
2018-05-10,SVR,20D,3,0.0203420110884432,0.0036924037344578803,Normal
2018-05-11,SVR,20D,3,0.0197040088244222,0.0020456717688210474,Normal
2018-05-14,SVR,20D,3,0.0205627765929996,0.0026511417055230663,Normal
2018-05-15,SVR,20D,3,0.023394177095579,0.003914315758784578,Normal
2018-05-16,SVR,20D,3,0.0218103377705682,0.002697597605107585,Normal
2018-05-17,SVR,20D,3,0.0216489562436842,0.0024757145526472374,Normal
2018-05-18,SVR,20D,3,0.022156230317348,0.002282871576244863,Normal
2018-05-21,SVR,20D,3,0.0107651078180232,0.0026123146204035524,Normal
2018-05-22,SVR,20D,3,0.0156164866350109,0.004123921571872996,Low
2018-05-23,SVR,20D,3,0.0060076125848917,0.0027524206920202104,Low
2018-05-24,SVR,20D,3,0.0098930787977484,0.0029397619467270153,Low
2018-05-25,SVR,20D,3,-0.0015666411158363,0.002800654511200193,Low
2018-05-29,SVR,20D,3,0.0122670819016528,0.00610065729081366,Low
2018-05-30,SVR,20D,3,-0.0089903797634122,0.006593481228665821,Normal
2018-05-31,SVR,20D,3,0.0040726334990533,0.006011167325738961,Normal
2018-06-01,SVR,20D,3,-0.0059600503226695,0.0035061379772824974,Normal
2018-06-04,SVR,20D,3,-0.0073663843867284,0.002379575171854345,Low
2018-06-05,SVR,20D,3,-0.0130283599368378,0.0035286781230814135,Low
2018-06-06,SVR,20D,3,-0.0129754038286118,0.0012134902201751258,Normal
2018-06-07,SVR,20D,3,-0.0038154426060472,0.0028893668688515922,Low
2018-06-08,SVR,20D,3,0.001847819271543,0.001846085504006223,Low
2018-06-11,SVR,20D,3,0.0042469315834245,0.0019873187278902915,Low
2018-06-12,SVR,20D,3,-0.0046144220671957,0.002229144749927664,Low
2018-06-13,SVR,20D,3,0.0081308240543877,0.0022929405393661423,Low
2018-06-14,SVR,20D,3,0.0067409790684926,0.0020413237077479274,Low
2018-06-15,SVR,20D,3,0.0067299347630881,0.0010180577125053075,Low
2018-06-18,SVR,20D,3,0.0128241502874182,0.0017819560478643248,Low
2018-06-19,SVR,20D,3,0.0190138503155469,0.002575010378176118,Low
2018-06-20,SVR,20D,3,0.0133423332423849,0.0045230257745755564,Low
2018-06-21,SVR,20D,3,0.0187591643143309,0.006143063779729549,Low
2018-06-22,SVR,20D,3,0.0187353234024283,0.004788599405064223,Low
2018-06-25,SVR,20D,3,0.0373245652562525,0.008936308976195892,Normal
2018-06-26,SVR,20D,3,0.0441828498209282,0.009382084373291688,Low
2018-06-27,SVR,20D,3,0.049787533385202,0.012528736044342181,Low
2018-06-28,SVR,20D,3,0.0370440187213252,0.012634517164543238,Low
2018-06-29,SVR,20D,3,0.0305151135182212,0.011532207353727397,Low
2018-07-02,SVR,20D,3,0.0323246899032308,0.012064310722753671,Low
2018-07-03,SVR,20D,3,0.0362434261161934,0.012212094967671075,Low
2018-07-05,SVR,20D,3,0.0325739189528643,0.011284186568630922,Low
2018-07-06,SVR,20D,3,0.0287618334176322,0.009293794313893336,Low
2018-07-09,SVR,20D,3,0.0235095252830925,0.007384985237458827,Low
2018-07-10,SVR,20D,3,0.0228624777107563,0.006722922288095082,Low
2018-07-11,SVR,20D,3,0.0297195496893777,0.008056919518604516,Low
2018-07-12,SVR,20D,3,0.0195658434321655,0.006626047606496266,Low
2018-07-13,SVR,20D,3,0.0113478756323125,0.0060228618825170915,Low
2018-07-16,SVR,20D,3,0.0083625025872308,0.0054923954729756835,Low
2018-07-17,SVR,20D,3,0.0107656082602048,0.005426284186481695,Low
2018-07-18,SVR,20D,3,0.0009762176020885,0.0058526611586065674,Low
2018-07-19,SVR,20D,3,0.0128252590037763,0.00572695263086892,Low
2018-07-20,SVR,20D,3,0.0170917631503138,0.00610516460407956,Low
2018-07-23,SVR,20D,3,0.0176804757092106,0.00679498277363183,Low
2018-07-24,SVR,20D,3,0.0149773567777839,0.00618931281508063,Low
2018-07-25,SVR,20D,3,0.005518690653168,0.006272186219366746,Low
2018-07-26,SVR,20D,3,0.0068628994785001,0.0060558643099034165,Low
2018-07-27,SVR,20D,3,0.0196264400516309,0.007102607950802545,Low
2018-07-30,SVR,20D,3,0.0330383707743287,0.007742589357950164,Low
2018-07-31,SVR,20D,3,0.0284347756326238,0.0065403057792001035,Low
2018-08-01,SVR,20D,3,0.0351609111691065,0.006963105289546426,Low
2018-08-02,SVR,20D,3,0.0258063895424396,0.006750770488889779,Low
2018-08-03,SVR,20D,3,0.0213074259443966,0.006421525190284674,Low
2018-08-06,SVR,20D,3,0.0161197512447158,0.0068811746813111085,Low
2018-08-07,SVR,20D,3,0.0104924866969639,0.005171885889592331,Low
2018-08-08,SVR,20D,3,0.0070959100536409,0.00548759870178063,Low
2018-08-09,SVR,20D,3,0.0063228268356664,0.005350453813568759,Low
2018-08-10,SVR,20D,3,0.015358167313604,0.007042494063302443,Low
2018-08-13,SVR,20D,3,0.0231050706692999,0.009891078928044209,Low
2018-08-14,SVR,20D,3,0.0170927490027761,0.008600011795184465,Low
2018-08-15,SVR,20D,3,0.0299923097435463,0.009965105493537754,Low
2018-08-16,SVR,20D,3,0.0223795390916744,0.00864688843201801,Low
2018-08-17,SVR,20D,3,0.0134766417248621,0.008482345157877408,Low
2018-08-20,SVR,20D,3,0.0164062196903592,0.007382790516232113,Low
2018-08-21,SVR,20D,3,0.0155923077689042,0.006924931304587878,Low
2018-08-22,SVR,20D,3,0.0238005530084767,0.008072511452037814,Low
2018-08-23,SVR,20D,3,0.0251246459950049,0.007512558858852825,Low
2018-08-24,SVR,20D,3,0.0154230577527057,0.006783461389071932,Low
2018-08-27,SVR,20D,3,0.0064759678524773,0.007148345878447149,Low
2018-08-28,SVR,20D,3,0.0029120260937189,0.008042014709581005,Low
2018-08-29,SVR,20D,3,-1.374014668132074e-05,0.007892555185500208,Low
2018-08-30,SVR,20D,3,0.0044195617536386,0.009464480276215742,Low
2018-08-31,SVR,20D,3,0.0079195856285321,0.008550574280900239,Low
2018-09-04,SVR,20D,3,0.0091785087671323,0.00858201417810614,Low
2018-09-05,SVR,20D,4,0.0126968383051167,0.010357924189245325,Low
2018-09-06,SVR,20D,4,0.0081527939207249,0.011755151788869773,Low
2018-09-07,SVR,20D,4,0.0048252772311172,0.01239606540352408,Low
2018-09-10,SVR,20D,4,0.0025340543080742,0.012151658542277517,Low
2018-09-11,SVR,20D,4,-0.0026177212157953,0.011013720128172526,Low
2018-09-12,SVR,20D,4,-0.0363907186082911,0.010213795819620251,Low
2018-09-13,SVR,20D,4,-0.0624466507402238,0.009709058644064121,Low
2018-09-14,SVR,20D,4,-0.0486158592326138,0.009509794240010548,Low
2018-09-17,SVR,20D,4,-0.0489530505323646,0.009691571386178661,Low
2018-09-18,SVR,20D,4,-0.0330398753650887,0.00984054686968195,Low
2018-09-19,SVR,20D,4,-0.0345450576609258,0.008814172465359114,Low
2018-09-20,SVR,20D,4,-0.056851562421596,0.007116626453954729,Low
2018-09-21,SVR,20D,4,-0.0568441966198684,0.006949512957724162,Low
2018-09-24,SVR,20D,4,-0.0576311114023323,0.008194358657875593,Low
2018-09-25,SVR,20D,4,-0.0618522390899085,0.008409152227669602,Low
2018-09-26,SVR,20D,4,-0.0899083132698894,0.009550845739111295,Low
2018-09-27,SVR,20D,4,-0.0742140715196865,0.008879551228581743,Low
2018-09-28,SVR,20D,4,-0.0916863393855515,0.008927704653445258,Low
2018-10-01,SVR,20D,4,-0.101902040022944,0.009385202892218232,Low
2018-10-02,SVR,20D,4,-0.0859599481407874,0.009641731173689348,Low
2018-10-03,SVR,20D,4,-0.0758783361229346,0.009961985248954246,Low
2018-10-04,SVR,20D,4,-0.0571728018333954,0.010656994805324484,Low
2018-10-05,SVR,20D,4,-0.057966208304653,0.013812204474915636,Low
2018-10-08,SVR,20D,4,-0.0519863198991092,0.014166417070292571,Low
2018-10-09,SVR,20D,4,-0.0443276223205464,0.01536166550493464,Low
2018-10-10,SVR,20D,4,0.0100758452828294,0.01878564122671026,Normal
2018-10-11,SVR,20D,4,0.0283513562668796,0.02395683271269785,Normal
2018-10-12,SVR,20D,4,0.0050035349431308,0.01923403829765532,Normal
2018-10-15,SVR,20D,4,-0.0089721337510366,0.01720055820176055,Normal
2018-10-16,SVR,20D,4,-0.0317229806081116,0.01055035567859764,High
2018-10-17,SVR,20D,4,-0.0390664751638974,0.010975208734562515,High
2018-10-18,SVR,20D,4,-0.0140319518459142,0.013396111874560947,High
2018-10-19,SVR,20D,4,-0.0114498791731509,0.01593815317788285,High
2018-10-22,SVR,20D,4,-0.0239242433123945,0.01601709112591721,High
2018-10-23,SVR,20D,4,-0.0367151626882863,0.016296943629212766,High
2018-10-24,SVR,20D,4,-0.0023257195163782,0.020687618118920566,High
2018-10-25,SVR,20D,4,-0.0273558572069479,0.017902399706640877,High
2018-10-26,SVR,20D,4,0.0055362566484217,0.018077298460502537,High
2018-10-29,SVR,20D,4,0.0153738493082283,0.020079539463979883,High
2018-10-30,SVR,20D,4,0.0225425776394646,0.015719199565376103,High
2018-10-31,SVR,20D,4,0.0095642043395,0.015412855280728076,High
2018-11-01,SVR,20D,4,0.0071992531875884,0.011394306245450868,High
2018-11-02,SVR,20D,4,0.0244179760378307,0.012614692760216782,High
2018-11-05,SVR,20D,4,-0.0140669464979195,0.01242441998019534,High
2018-11-06,SVR,20D,4,-0.0218301221564725,0.012030100274262052,High
2018-11-07,SVR,20D,4,-0.0664135361735685,0.00797712917992894,High
2018-11-08,SVR,20D,4,-0.0621408639621609,0.006422981269679433,High
2018-11-09,SVR,20D,4,-0.053255687722094,0.00807958026221741,High
2018-11-12,SVR,20D,4,-0.0279526657262753,0.010628050288427456,High
2018-11-13,SVR,20D,4,-0.0266695972165164,0.01149871034663854,High
2018-11-14,SVR,20D,4,-0.0383446206667657,0.014787980587950132,High
2018-11-15,SVR,20D,4,-0.0698749382379844,0.012346397263495047,High
2018-11-16,SVR,20D,4,-0.0720093789216792,0.010274599586452625,High
2018-11-19,SVR,20D,4,-0.0707416768618947,0.01090437135263441,High
2018-11-20,SVR,20D,4,-0.0683214907894127,0.014118325499650732,High
2018-11-21,SVR,20D,4,-0.0921632805987205,0.014829265457937037,High
2018-11-23,SVR,20D,4,-0.1130734337651793,0.01497907020994934,High
2018-11-26,SVR,20D,4,-0.0800832319397408,0.01045111349282652,High
2018-11-27,SVR,20D,4,-0.0748133873355366,0.011375837000341622,High
2018-11-28,SVR,20D,4,-0.0987697925488818,0.011208777739106036,High
2018-11-29,SVR,20D,4,-0.0881276721412815,0.011866823518555884,High
2018-11-30,SVR,20D,4,-0.0949975267952728,0.010764360074109629,High
2018-12-03,SVR,20D,4,-0.1309478604085503,0.008788803869264082,High
2018-12-04,SVR,20D,4,-0.0642882325096478,0.008351141525254839,High
2018-12-06,SVR,20D,4,-0.0557788686002737,0.00991505102863894,High
2018-12-07,SVR,20D,4,-0.0225339458074541,0.01279717301270692,High
2018-12-10,SVR,20D,4,-0.0202048776975481,0.013298688073014604,High
2018-12-11,SVR,20D,4,-0.0153402266477803,0.012838741869996138,High
2018-12-12,SVR,20D,4,-0.020891406202614,0.01193667439437266,High
2018-12-13,SVR,20D,4,-0.0259628504774484,0.012331664238998265,High
2018-12-14,SVR,20D,4,0.0039729806710124,0.012472617912939347,High
2018-12-17,SVR,20D,4,0.0271847860286772,0.01672603003092795,High
2018-12-18,SVR,20D,4,0.0346611198811239,0.01878238745805095,High
2018-12-19,SVR,20D,4,0.0632734918969165,0.02117701679365202,High
2018-12-20,SVR,20D,4,0.0649128245530479,0.02357973978274063,High
2018-12-21,SVR,20D,4,0.0879164349710394,0.025834479244143997,High
2018-12-24,SVR,20D,4,0.1167777879603313,0.0295628760373959,High
2018-12-26,SVR,20D,4,0.0768274779900443,0.015106458589397069,High
2018-12-27,SVR,20D,4,0.0604234731725184,0.013497063460883647,High
2018-12-28,SVR,20D,4,0.0602085191476349,0.014864085320867214,High
2018-12-31,SVR,20D,4,0.0671815031769881,0.012688984741977653,High
2019-01-02,SVR,20D,4,0.0744744589241297,0.011372930375559386,High
2019-01-03,SVR,20D,4,0.1004409973278518,0.014019965350689369,High
2019-01-04,SVR,20D,4,0.073434979384985,0.005102518612051764,High
2019-01-07,SVR,20D,4,0.0711463738271054,0.004141351167867104,High
2019-01-08,SVR,20D,4,0.0592708707730993,0.0027551440192831664,High
2019-01-09,SVR,20D,4,0.0457800062380468,0.0021338489786109846,High
2019-01-10,SVR,20D,4,0.0419477374295972,0.004066845258739744,High
2019-01-11,SVR,20D,4,0.0428028977778981,0.0015753914102127273,High
2019-01-14,SVR,20D,4,0.0608821452679864,0.00269869937983986,High
2019-01-15,SVR,20D,4,0.0532369579819362,0.002073351044792719,High
2019-01-16,SVR,20D,4,0.0483622740691493,0.002101312715380353,High
2019-01-17,SVR,20D,4,0.0516195480278712,0.0024766920248000188,High
2019-01-18,SVR,20D,4,0.0400202565146074,0.0010615901643448236,High
2019-01-22,SVR,20D,4,0.0560542669033209,0.0025774323356302573,High
2019-01-23,SVR,20D,4,0.0503211076580286,0.0037065047222445066,High
2019-01-24,SVR,20D,4,0.0553369662417615,0.0031669773809651844,High
2019-01-25,SVR,20D,4,0.0481152029909952,0.0024386504234415116,High
2019-01-28,SVR,20D,4,0.0552022091668639,0.003203230843917569,High
2019-01-29,SVR,20D,4,0.0561153196656806,0.005498849640561403,High
2019-01-30,SVR,20D,4,0.03785620217517,0.005053375908794781,High
2019-01-31,SVR,20D,4,0.0361672099541154,0.003644588035791353,High
2019-02-01,SVR,20D,4,0.0313808959740531,0.0017066202122873256,Normal
2019-02-04,SVR,20D,4,0.0234953413668666,0.0035814617590227346,Normal
2019-02-05,SVR,20D,4,0.0122524973253914,0.003963589417268647,Normal
2019-02-06,SVR,20D,4,0.006320501904569,0.003799826702966809,Normal
2019-02-07,SVR,20D,4,0.0135877309753457,0.0038769722866655518,Normal
2019-02-08,SVR,20D,4,0.0274712939728225,0.003437515247760252,Normal
2019-02-11,SVR,20D,4,0.0297114078968091,0.002632552411910606,Normal
2019-02-12,SVR,20D,4,0.0238291017509899,0.0016083325399648615,Normal
2019-02-13,SVR,20D,4,0.0199412708256828,0.00202823674802325,Normal
2019-02-14,SVR,20D,4,0.027568953617812,0.003393045928306325,Normal
2019-02-15,SVR,20D,4,0.0204480457517624,0.002640007699835599,Normal
2019-02-19,SVR,20D,4,0.0188198543452436,0.001965249282548563,Normal
2019-02-20,SVR,20D,4,0.0140956240437331,-0.0002562619343493902,Low
2019-02-21,SVR,20D,4,0.0284223088642638,5.728388328892636e-05,Low
2019-02-22,SVR,20D,4,0.0028748430352802,-0.0004232764177801371,Normal
2019-02-25,SVR,20D,4,0.0008043657522184,0.0003316236973905859,Low
2019-02-26,SVR,20D,4,0.0087521883729928,0.0014396202485221846,Low
2019-02-27,SVR,20D,4,0.0046412425326918,0.0026703207031051265,Low
2019-02-28,SVR,20D,4,0.011053804846904,0.0024489607009164846,Low
2019-03-01,SVR,20D,4,0.0108938543015157,0.0021012951425127893,Low
2019-03-04,SVR,20D,4,0.0262841572148151,0.0033423487141213057,Low
2019-03-05,SVR,20D,4,0.0274337862593803,0.0029778150398062572,Low
2019-03-06,SVR,20D,4,0.0361253322835944,0.0040053255735484836,Low
2019-03-07,SVR,20D,4,0.0463667086649199,0.005025795551489319,Low
2019-03-08,SVR,20D,4,0.0531263904194727,0.004654722573867988,Low
2019-03-11,SVR,20D,4,0.0396137666065069,0.002519829648394596,Low
2019-03-12,SVR,20D,4,0.030578824443032,0.0013716565631398739,Low
2019-03-13,SVR,20D,4,0.0271251154405126,0.0009215927004967775,Low
2019-03-14,SVR,20D,4,0.0280316371124515,0.001178296125138291,Low
2019-03-15,SVR,20D,4,0.0296466960935665,-0.0002064748126847024,Low
2019-03-18,SVR,20D,4,0.0253180320503014,-0.000218539649417461,Low
2019-03-19,SVR,20D,4,0.0259578304553682,0.00044106120863795367,Low
2019-03-20,SVR,20D,4,0.0266301263753991,0.0002998310568250104,Low
2019-03-21,SVR,20D,4,0.0174139577049594,-0.0005051443796068936,Low
2019-03-22,SVR,20D,4,0.0375822906561655,0.0009757684060293717,Normal
2019-03-25,SVR,20D,4,0.0472240146644707,0.005061085604285677,Normal
2019-03-26,SVR,20D,4,0.0378727931135006,0.00440461702356041,Normal
2019-03-27,SVR,20D,4,0.0421588946498267,0.004020541259425477,Normal
2019-03-28,SVR,20D,4,0.0432501902578701,0.0028032860144141455,Normal
2019-03-29,SVR,20D,4,0.0376094327187791,0.0036957420943065714,Normal
2019-04-01,SVR,20D,4,0.0270582018995264,0.0025993223739790502,Normal
2019-04-02,SVR,20D,4,0.0195103004943767,0.004665169094233555,Normal
2019-04-03,SVR,20D,4,0.0152379834256046,0.0052487854254111635,Normal
2019-04-04,SVR,20D,4,0.0227476456615279,0.005756799187413376,Normal
2019-04-05,SVR,20D,4,0.0136409148493564,0.004779063809051985,Normal
2019-04-08,SVR,20D,4,-0.0040554849900728,0.004627510648189205,Low
2019-04-09,SVR,20D,4,0.0004237760561768,0.005613185894473162,Normal
2019-04-10,SVR,20D,4,-0.0060740603602514,0.00529522991116959,Normal
2019-04-11,SVR,20D,4,-0.0023987886306755,0.005250254242404918,Normal
2019-04-12,SVR,20D,4,-0.0334128361587187,0.0036208114731211896,Normal
2019-04-15,SVR,20D,4,-0.0247992813911455,0.003996432538674606,Normal
2019-04-16,SVR,20D,4,-0.0194865153885625,0.005057455694654732,Normal
2019-04-17,SVR,20D,4,-0.0083541574513246,0.005029220281209994,Normal
2019-04-18,SVR,20D,4,-0.015786441449618,0.005137198258077395,Low
2019-04-22,SVR,20D,4,-0.0235702052419562,0.004763062381311502,Low
2019-04-23,SVR,20D,4,-0.0239126073237608,0.005490381629971848,Low
2019-04-24,SVR,20D,4,-0.0245468310846241,0.006265292687190095,Low
2019-04-25,SVR,20D,4,-0.0361634815856332,0.00703109958272035,Low
2019-04-26,SVR,20D,4,-0.0394851881369008,0.0075359204078475975,Low
2019-04-29,SVR,20D,4,-0.048967086641395,0.00772909572541277,Low
2019-04-30,SVR,20D,4,-0.0568539615074179,0.007849495212984926,Low
2019-05-01,SVR,20D,4,-0.0472272429821296,0.009960172705520375,Low
2019-05-02,SVR,20D,4,-0.0583842035838998,0.01089974177492712,Low
2019-05-03,SVR,20D,4,-0.0707454017171252,0.008402362681355267,Low
2019-05-06,SVR,20D,4,-0.0450584614469749,0.008767668969839458,Low
2019-05-07,SVR,20D,4,-0.0202802463792557,0.013402625608468853,Low
2019-05-08,SVR,20D,4,-0.0125566903138314,0.015792194183936854,Low
2019-05-09,SVR,20D,4,0.0009122875953569,0.01682720309857496,Low
2019-05-10,SVR,20D,4,0.0018481136002037,0.013964699897106157,Low
2019-05-13,SVR,20D,4,0.02592464128075,0.0137890830751339,Normal
2019-05-14,SVR,20D,4,0.0159009959302964,0.014967886132515353,Normal
2019-05-15,SVR,20D,4,0.0141680121054237,0.012157048817348547,Normal
2019-05-16,SVR,20D,4,0.0036992432027717,0.00995894291481026,Normal
2019-05-17,SVR,20D,4,0.0104849958091685,0.009376711676989273,Normal
2019-05-20,SVR,20D,4,0.0269277433775444,0.01118683798321319,Normal
2019-05-21,SVR,20D,4,0.0214485110773774,0.009923659257947352,Normal
2019-05-22,SVR,20D,4,0.0337045087771499,0.009170612143251329,Normal
2019-05-23,SVR,20D,4,0.0444301847387039,0.010419204573932632,Normal
2019-05-24,SVR,20D,4,0.0413441525060796,0.01111635137196109,Normal
2019-05-28,SVR,20D,4,0.0402133268659524,0.012243761625216253,Normal
2019-05-29,SVR,20D,4,0.0459145413543796,0.013468809981448344,Normal
2019-05-30,SVR,20D,4,0.0476341544719735,0.013127104306318894,Normal
2019-05-31,SVR,20D,4,0.0666583015630261,0.013478145046989125,Normal
2019-06-03,SVR,20D,4,0.077070390828288,0.014885780474282483,Normal
2019-06-04,SVR,20D,4,0.0587883110241991,0.010989906477965043,High
2019-06-05,SVR,20D,4,0.0583026797060695,0.01052503627595907,Normal
2019-06-06,SVR,20D,4,0.0503783048255164,0.009593280262687319,High
2019-06-07,SVR,20D,4,0.0350881525681326,0.01068544386192339,High
2019-06-10,SVR,20D,4,0.0316747255518209,0.011590043750688832,High
2019-06-11,SVR,20D,4,0.0365252139458551,0.01026774041934677,Normal
2019-06-12,SVR,20D,4,0.0408474913520412,0.010685138094101564,Normal
2019-06-13,SVR,20D,4,0.0413680151512574,0.010050919793453052,Normal
2019-06-14,SVR,20D,4,0.0431566806657945,0.009576764412313567,Normal
2019-06-17,SVR,20D,4,0.0388157806784311,0.009416745496367764,Normal
2019-06-18,SVR,20D,4,0.0225926256193673,0.00903246042354685,Normal
2019-06-19,SVR,20D,4,0.0231875065351626,0.009223682848798605,Normal
2019-06-20,SVR,20D,4,0.007564011734445,0.008128133235799938,Normal
2019-06-21,SVR,20D,4,0.0116487297004232,0.008869093549375838,Normal
2019-06-24,SVR,20D,4,0.0202062633002866,0.009722608903596795,Normal
2019-06-25,SVR,20D,4,0.0344252317541499,0.010091445383965468,Normal
2019-06-26,SVR,20D,4,0.0303836309493545,0.010880545087525763,Normal
2019-06-27,SVR,20D,4,0.0339282809275467,0.009887708886810696,Normal
2019-06-28,SVR,20D,4,0.0265699171578897,0.008871369543824288,Normal
2019-07-01,SVR,20D,4,0.0163449131748912,0.009509836362397321,Low
2019-07-02,SVR,20D,4,0.0024758589457626,0.009033846565621374,Low
2019-07-03,SVR,20D,4,-0.0142067642837275,0.007870897040332399,Low
2019-07-05,SVR,20D,4,-0.019708618618744,0.00732690798461396,Low
2019-07-08,SVR,20D,4,-0.045091627778315,0.0076645793830945955,Low
2019-07-09,SVR,20D,4,-0.0333943969256022,0.008051665960565314,Low
2019-07-10,SVR,20D,4,-0.037128361527826,0.008212595760994805,Low
2019-07-11,SVR,20D,4,-0.0208225186399096,0.00678932921303816,Low
2019-07-12,SVR,20D,4,-0.0320706460756331,0.0065824276697222725,Low
2019-07-15,SVR,20D,4,-0.0446403089199326,0.006609542302596284,Low
2019-07-16,SVR,20D,4,-0.0262123780976204,0.006660183779800467,Low
2019-07-17,SVR,20D,4,-0.0493900650860629,0.007631429649681894,Low
2019-07-18,SVR,20D,4,-0.0505044260967017,0.008090651517577062,Low
2019-07-19,SVR,20D,4,-0.029985478459612,0.009348914627696915,Low
2019-07-22,SVR,20D,4,-0.0207770045814647,0.008479616562837917,Low
2019-07-23,SVR,20D,4,-0.0355473650328567,0.007386017877999952,Low
2019-07-24,SVR,20D,4,-0.0320115782889794,0.006958307492045214,Low
2019-07-25,SVR,20D,4,-0.0272414847646585,0.0065312362312559755,Low
2019-07-26,SVR,20D,4,-0.0608909016582793,0.006500436696173138,Low
2019-07-29,SVR,20D,4,-0.048350366998424,0.006416412185274632,Low
2019-07-30,SVR,20D,4,-0.0489767034269359,0.0075019556510684746,Low
2019-07-31,SVR,20D,4,-0.0315073449442334,0.010882709233300487,Low
2019-08-01,SVR,20D,4,-0.0098603349343329,0.013456338970879715,Low
2019-08-02,SVR,20D,4,-0.001908365634891,0.014094462911660756,Low
2019-08-05,SVR,20D,4,0.0213988072021183,0.017807778643542237,Normal
2019-08-06,SVR,20D,4,0.0192495085693729,0.01509655757194673,Normal
2019-08-07,SVR,20D,4,0.0314088391572737,0.013029086650090456,Normal
2019-08-08,SVR,20D,4,0.0137305674947856,0.009463176317694229,High
2019-08-09,SVR,20D,4,0.0202751459495427,0.009474436794064574,High
2019-08-12,SVR,20D,4,0.0329912074913891,0.012135291540088182,High
2019-08-13,SVR,20D,4,0.0251765335504746,0.011440789213610462,High
2019-08-14,SVR,20D,4,0.0577819022832436,0.011267181724044832,High
2019-08-15,SVR,20D,4,0.0545959887080972,0.012508471026148014,High
2019-08-16,SVR,20D,4,0.0371324176194961,0.009263747693332693,High
2019-08-19,SVR,20D,4,0.0276776674275607,0.0065491620275153276,High
2019-08-20,SVR,20D,4,0.0359665160239432,0.005805891951684468,High
2019-08-21,SVR,20D,4,0.0277735109885198,0.00638833426997288,High
2019-08-22,SVR,20D,4,0.023372114842918,0.005991913048875801,High
2019-08-23,SVR,20D,4,0.0495640553479282,0.008631442943594712,High
2019-08-26,SVR,20D,4,0.0301889536535789,0.006221914974376151,High
2019-08-27,SVR,20D,4,0.039536960696099,0.00792948682700289,High
2019-08-28,SVR,20D,4,0.0305809381559232,0.00799460191792286,High
2019-08-29,SVR,20D,4,0.0126429211357002,0.006357724227126667,High
2019-08-30,SVR,20D,4,0.0170352505910719,0.008486391143588394,High
2019-09-03,SVR,20D,4,0.0116241329783445,0.009686097555450433,High
2019-09-04,SVR,20D,4,-0.0172249964877206,0.00974199179971532,High
2019-09-05,SVR,20D,4,-0.0222106046356135,0.006905328184166427,High
2019-09-06,SVR,20D,4,-0.0090040102007312,0.00512941911797838,High
2019-09-09,SVR,20D,4,-0.0133983477955128,0.00411184922260887,High
2019-09-10,SVR,20D,4,-0.029403759773554,0.004751064689373065,High
2019-09-11,SVR,20D,4,-0.0275441355850953,0.004173994718309849,High
2019-09-12,SVR,20D,4,-0.024023949451546,0.003514326737390279,Normal
2019-09-13,SVR,20D,4,-0.0124196929007909,0.004249755661411399,Normal
2019-09-16,SVR,20D,4,-0.0106672616576538,0.00427208451883896,Normal
2019-09-17,SVR,20D,4,-0.0033392416536268,0.005293739203785459,Normal
2019-09-18,SVR,20D,4,-0.0056834194910877,0.005032261499190345,Normal
2019-09-19,SVR,20D,4,-0.002944372043242,0.004443498227102695,Normal
2019-09-20,SVR,20D,4,-0.0019638186481614,0.004957248046880504,Normal
2019-09-23,SVR,20D,4,0.0049812360749999,0.006843373456168068,Low
2019-09-24,SVR,20D,4,0.0098581757801744,0.009481654809433394,Low
2019-09-25,SVR,20D,4,0.0065615938840416,0.009710449260340863,Low
2019-09-26,SVR,20D,4,0.0109120695528261,0.009402409062012736,Low
2019-09-27,SVR,20D,4,0.0203070336426105,0.011157239202586024,Low
2019-09-30,SVR,20D,4,0.0208379433434799,0.010358672248343533,Low
2019-10-01,SVR,20D,4,0.032339318332412,0.012144356417679254,Low
2019-10-02,SVR,20D,4,0.053652811920913,0.015000091348740453,Normal
2019-10-03,SVR,20D,4,0.0426850685125073,0.014015382561077101,Low
2019-10-04,SVR,20D,5,0.0381842138328956,0.012065222610786408,Normal
2019-10-07,SVR,20D,5,0.0463698119118897,0.011423934888177278,Normal
2019-10-08,SVR,20D,5,0.0608665687521789,0.013242384073674465,Normal
2019-10-09,SVR,20D,5,0.0525055228296226,0.013877765956178373,Normal
2019-10-10,SVR,20D,5,0.0488366956621207,0.01185063130296797,Normal
2019-10-11,SVR,20D,5,0.0405145191334476,0.008747890267532199,Normal
2019-10-14,SVR,20D,5,0.0399382053933295,0.0077444487172973475,Normal
2019-10-15,SVR,20D,5,0.0315951833181033,0.007141783898104825,Normal
2019-10-16,SVR,20D,5,0.0343080094414133,0.006196212979438856,Normal
2019-10-17,SVR,20D,5,0.0323856800860948,0.005944416954712872,Normal
2019-10-18,SVR,20D,5,0.0439787545738678,0.005929239720500523,Normal
2019-10-21,SVR,20D,5,0.0376336667913437,0.0059351654935602405,Normal
2019-10-22,SVR,20D,5,0.0406159459500279,0.005987974703888385,Normal
2019-10-23,SVR,20D,5,0.034009586183256,0.005717315887630123,Normal
2019-10-24,SVR,20D,5,0.0305069754378953,0.005081464642579053,Normal
2019-10-25,SVR,20D,5,0.0286151198696154,0.0045976365525779855,Normal
2019-10-28,SVR,20D,5,0.0305285518409648,0.002968319428226965,Normal
2019-10-29,SVR,20D,5,0.0335544674423856,0.003735338355632861,Normal
2019-10-30,SVR,20D,5,0.0344721136668282,0.0036524206006395415,Normal
2019-10-31,SVR,20D,5,0.0334802660713781,0.003697037194582309,Normal
2019-11-01,SVR,20D,5,0.0151958518177669,0.004104830077205732,Low
2019-11-04,SVR,20D,5,0.0048383807544094,0.0038654503982715888,Low
2019-11-05,SVR,20D,5,0.0123284410749999,0.004334327203016616,Low
2019-11-06,SVR,20D,5,0.0131253174093405,0.004703946589067531,Low
2019-11-07,SVR,20D,5,0.0194931881954859,0.005032196917204204,Low
2019-11-08,SVR,20D,5,0.0137679513658956,0.004377568772498383,Low
2019-11-11,SVR,20D,5,0.0146348106102488,0.004894570917092306,Low
2019-11-12,SVR,20D,5,0.0159753248383363,0.00596832556087297,Low
2019-11-13,SVR,20D,5,0.0238027106437753,0.006329697489840025,Low
2019-11-14,SVR,20D,5,0.0230385971795332,0.006706587582523238,Low
2019-11-15,SVR,20D,5,0.0224949293441031,0.005819197510785926,Low
2019-11-18,SVR,20D,5,0.0223271390497544,0.005726616386893854,Low
2019-11-19,SVR,20D,5,0.0224875155089241,0.006468496568269699,Low
2019-11-20,SVR,20D,5,0.0307001507517295,0.0066764299223970175,Low
2019-11-21,SVR,20D,5,0.0372167526422531,0.006819526747370644,Low
2019-11-22,SVR,20D,5,0.0359099474141755,0.006703579854717853,Low
2019-11-25,SVR,20D,5,0.0282352282242403,0.005942492837230473,Low
2019-11-26,SVR,20D,5,0.031157126989354,0.005370261457268086,Low
2019-11-27,SVR,20D,5,0.027025375503712,0.006174540222026223,Low
2019-11-29,SVR,20D,5,0.0252470656543512,0.007457216381504941,Low
2019-12-02,SVR,20D,5,0.0368572399925058,0.008931940409345862,Low
2019-12-03,SVR,20D,5,0.0518613606128676,0.01094923979152397,Low
2019-12-04,SVR,20D,5,0.038472793639143,0.010494591505591344,Low
2019-12-05,SVR,20D,5,0.0405008119067856,0.010190179606293773,Low
2019-12-06,SVR,20D,5,0.0285993907917648,0.009235572761704183,Low
2019-12-09,SVR,20D,5,0.0366576979618803,0.010512892986248273,Low
2019-12-10,SVR,20D,5,0.0443884482477709,0.012272771424295406,Low
2019-12-11,SVR,20D,5,0.0386252482309152,0.011044257572149357,Low
2019-12-12,SVR,20D,5,0.0370385749012934,0.010128853064872073,Low
2019-12-13,SVR,20D,5,0.0354503149141827,0.00820416589372068,Low
2019-12-16,SVR,20D,5,0.0301964042153279,0.006783144262323973,Low
2019-12-17,SVR,20D,5,0.0381929156090987,0.006920786556250003,Low
2019-12-18,SVR,20D,5,0.0424800324971065,0.0064183843862579,Low
2019-12-19,SVR,20D,5,0.0353751533056569,0.006227463080697451,Low
2019-12-20,SVR,20D,5,0.0307315917980038,0.005823883317409906,Low
2019-12-23,SVR,20D,5,0.0310061492770636,0.0061679156350040315,Low
2019-12-24,SVR,20D,5,0.022118327153338,0.006635309675917439,Low
2019-12-26,SVR,20D,5,0.00114751238644,0.0056350013219211015,Low
2019-12-27,SVR,20D,5,0.0111169117471346,0.006633977259126594,Low
2019-12-30,SVR,20D,5,0.0160472576828999,0.008140056780215232,Low
2019-12-31,SVR,20D,5,0.0162350239689205,0.00877823190902749,Low
2020-01-02,SVR,20D,5,-0.0099733149647593,0.007198914299649112,Low
2020-01-03,SVR,20D,5,0.0043400201614277,0.006848147995768453,Low
2020-01-06,SVR,20D,5,0.0156821908846612,0.007770807428149104,Low
2020-01-07,SVR,20D,5,0.0296771446282289,0.008800504284650415,Low
2020-01-08,SVR,20D,5,0.0281068261995899,0.00863218152223437,Low
2020-01-09,SVR,20D,5,0.016058121073225,0.007058435750561004,Low
2020-01-10,SVR,20D,5,0.0262170736813031,0.008144625972838632,Low
2020-01-13,SVR,20D,5,0.020952128321372,0.006790786015480915,Low
2020-01-14,SVR,20D,5,0.0289096622634708,0.007678049128562972,Low
2020-01-15,SVR,20D,5,0.0254094356597943,0.006959462873807679,Low
2020-01-16,SVR,20D,5,0.0189195243360479,0.006773153649170041,Low
2020-01-17,SVR,20D,5,0.0121405871024149,0.007189657969440738,Low
2020-01-21,SVR,20D,5,0.0194908357562853,0.006743521168916328,Low
2020-01-22,SVR,20D,5,0.0153789840316069,0.007796618916424941,Low
2020-01-23,SVR,20D,5,0.0036648486054288,0.007965854981622195,Low
2020-01-24,SVR,20D,5,-0.021339941388818,0.00934902773631982,Low
2020-01-27,SVR,20D,5,-0.0362320934073272,0.011449351293306056,Low
2020-01-28,SVR,20D,5,-0.0500211742312099,0.011581580693757754,Normal
2020-01-29,SVR,20D,5,-0.0943220604398864,0.011167858260563795,Low
2020-01-30,SVR,20D,5,-0.1057239804797507,0.010530183247209488,Low
2020-01-31,SVR,20D,5,-0.0428486681389744,0.01263572341699623,Normal
2020-02-03,SVR,20D,5,-0.0785875788231217,0.014072868909465394,Normal
2020-02-04,SVR,20D,5,-0.0521205453799945,0.010750350958710353,Normal
2020-02-05,SVR,20D,5,-0.0978191064789484,0.0096205671070404,Normal
2020-02-06,SVR,20D,5,-0.1183402051883365,0.008650537167583752,Normal
2020-02-07,SVR,20D,5,-0.1919351271192498,0.009776115896603627,Normal
2020-02-10,SVR,20D,5,-0.151019764813964,0.00918884823921716,Normal
2020-02-11,SVR,20D,5,-0.2028097063085716,0.008734473625941597,Normal
2020-02-12,SVR,20D,5,-0.3091964118162481,0.006793089444857625,Normal
2020-02-13,SVR,20D,5,-0.2187562285070234,0.007105735903008253,Normal
2020-02-14,SVR,20D,5,-0.3482502620783263,0.007317806523408313,Normal
2020-02-18,SVR,20D,5,-0.2870997354564867,0.00737227832932108,Normal
2020-02-19,SVR,20D,5,-0.3450167560728519,0.007556238594731868,Normal
2020-02-20,SVR,20D,5,-0.3364971776744535,0.008377366119199314,Normal
2020-02-21,SVR,20D,5,-0.3702509924950005,0.009862497751885954,Normal
2020-02-24,SVR,20D,5,-0.3658944140841366,0.015064060593809228,High
2020-02-25,SVR,20D,5,-0.2454632771908201,0.021902998888544092,High
2020-02-26,SVR,20D,5,-0.2302085894464678,0.02200138076887452,High
2020-02-27,SVR,20D,5,-0.1244966220199602,0.02857656541383563,High
2020-02-28,SVR,20D,5,-0.1504920044519335,0.0348214776167617,High
2020-03-02,SVR,20D,5,-0.1625362826513719,0.0179320998855335,High
2020-03-03,SVR,20D,5,-0.1501681085168731,0.014161885949861328,High
2020-03-04,SVR,20D,5,-0.2366508206102934,0.012425706077506454,High
2020-03-05,SVR,20D,5,-0.179567381113352,0.007987194354493854,High
2020-03-06,SVR,20D,5,-0.1776192982869101,0.02284368834068118,High
2020-03-09,SVR,20D,5,-0.0306406412017082,0.03178675227836164,High
2020-03-10,SVR,20D,5,-0.0804600326759297,0.010014211417617297,High
2020-03-11,SVR,20D,5,0.0031322313239605,0.018652187598016068,High
2020-03-12,SVR,20D,5,0.1174605540301331,0.0005117722579578987,High
2020-03-13,SVR,20D,5,0.01849608763622,-0.025707705793626467,High
2020-03-16,SVR,20D,5,0.176262844681345,-0.06704474718285727,High
2020-03-17,SVR,20D,5,0.095759799373284,-0.018680979308962987,High
2020-03-18,SVR,20D,5,0.1547819095449057,-0.050380363295730105,High
2020-03-19,SVR,20D,5,0.1765260805958252,-0.04219281985203142,High
2020-03-20,SVR,20D,5,0.2028108590338443,-0.017701620012785975,High
2020-03-23,SVR,20D,5,0.2013872448070904,-0.02795353196742377,High
2020-03-24,SVR,20D,5,0.1343753128712639,-0.021822549821285953,High
2020-03-25,SVR,20D,5,0.1223667547902461,-0.04100907191288307,High
2020-03-26,SVR,20D,5,0.0756450142828389,-0.026612882996086676,High
2020-03-27,SVR,20D,5,0.1245197280062011,-0.03325261755558684,High
2020-03-30,SVR,20D,5,0.0862969672457426,-0.022091609084410324,High
2020-03-31,SVR,20D,5,0.1286759820792315,-0.0229225566531525,High
2020-04-01,SVR,20D,5,0.1645672014929636,-0.023028163141726482,High
2020-04-02,SVR,20D,5,0.1135343334212274,-0.026221480936959696,High
2020-04-03,SVR,20D,5,0.1330280168260212,-0.032192461665944014,High
2020-04-06,SVR,20D,5,0.0740597078789705,-0.033762929861275257,High
2020-04-07,SVR,20D,5,0.0686601665282903,-0.03317807461930837,High
2020-04-08,SVR,20D,5,0.0466097510918963,-0.026788182024664,High
2020-04-09,SVR,20D,5,0.0489570758534234,-0.026471918667680533,High
2020-04-13,SVR,20D,5,0.0592462046648912,-0.015630036945363857,High
2020-04-14,SVR,20D,5,0.008418279320536,-0.02420389007967122,High
2020-04-15,SVR,20D,5,0.0130780153686251,-0.00528531153119495,High
2020-04-16,SVR,20D,5,0.0187370953331553,-0.0062434448704518225,High
2020-04-17,SVR,20D,5,-0.0037851614844422,-0.0034121927748492625,High
2020-04-20,SVR,20D,5,0.0452728929009789,-0.00540109708751893,High
2020-04-21,SVR,20D,5,0.0658882604257102,0.002700489417310159,High
2020-04-22,SVR,20D,5,0.0597309504569891,-0.003500468352063607,High
2020-04-23,SVR,20D,5,0.052466549807231,0.0012775719914694256,High
2020-04-24,SVR,20D,5,0.0409954049272041,-0.006077777536272727,High
2020-04-27,SVR,20D,5,0.0386028217669288,-0.007422532896474376,High
2020-04-28,SVR,20D,5,0.0585774394477266,-0.005904203897712568,High
2020-04-29,SVR,20D,5,0.030230596077734,-0.006329518104157883,High
2020-04-30,SVR,20D,5,0.0442865329490969,-0.006063289666212127,High
2020-05-01,SVR,20D,5,0.0764909604422373,-0.0008511434818889441,High
2020-05-04,SVR,20D,5,0.0804274451457866,-0.001678363775572747,High
2020-05-05,SVR,20D,5,0.0849841807605707,-0.0038251762431540937,High
2020-05-06,SVR,20D,5,0.0886136720760043,-0.0013979023370324223,High
2020-05-07,SVR,20D,5,0.1030487291427495,-0.004930378033430424,High
2020-05-08,SVR,20D,5,0.0982875904833291,-0.0048921371299214395,High
2020-05-11,SVR,20D,5,0.0903247776968165,-0.006916898612866623,High
2020-05-12,SVR,20D,5,0.105710887733682,-0.0042098078539916095,High
2020-05-13,SVR,20D,5,0.062575191361673,-0.0007830342752602748,High
2020-05-14,SVR,20D,5,0.0640925601628134,-0.001378456651314322,High
2020-05-15,SVR,20D,5,0.0684517457772656,-0.0034963656213520544,High
2020-05-18,SVR,20D,5,0.0562213898739027,-0.007606296112368155,High
2020-05-19,SVR,20D,5,0.0631543413528727,-0.008280138771718307,High
2020-05-20,SVR,20D,5,0.047234394143259,-0.0063070599556561,High
2020-05-21,SVR,20D,5,0.0493728488875387,-0.006596901069044522,High
2020-05-22,SVR,20D,5,0.0534959964973848,-0.008445258977997833,High
2020-05-26,SVR,20D,5,0.045579880667408,-0.009749632755750678,High
2020-05-27,SVR,20D,5,0.0046661675814313,-0.007163344543318975,High
2020-05-28,SVR,20D,5,0.0176761346345691,-0.006766558071138379,High
2020-05-29,SVR,20D,5,-0.01164986319257,-0.006214989281708674,High
2020-06-01,SVR,20D,5,-0.0008151915574007,-0.006342358779199281,High
2020-06-02,SVR,20D,5,0.0062998505959561,-0.006622363056888958,High
2020-06-03,SVR,20D,5,-0.0022472562407371,-0.009035363121723011,High
2020-06-04,SVR,20D,5,0.0056581033196887,-0.007700697199109138,High
2020-06-05,SVR,20D,5,-0.0044589786697838,-0.009443912707459909,High
2020-06-08,SVR,20D,5,-0.0273061129452333,-0.007556086156542782,High
2020-06-09,SVR,20D,5,-0.0116793832620811,-0.0035819120095811063,High
2020-06-10,SVR,20D,5,-0.0120117190030936,-0.0032406525449881762,High
2020-06-11,SVR,20D,5,0.0591527837676382,-0.0009223495606436594,High
2020-06-12,SVR,20D,5,0.0367698519463675,0.002582224817237702,High
2020-06-15,SVR,20D,5,0.0418092917110964,-0.0008837274639952736,High
2020-06-16,SVR,20D,5,0.0320654957807409,-0.0021851516112526143,High
2020-06-17,SVR,20D,5,0.0322603767992549,-0.0032899175574596373,High
2020-06-18,SVR,20D,5,0.0345108959830365,0.006205254003679411,High
2020-06-19,SVR,20D,5,0.0485482068038507,0.01042069300567075,High
2020-06-22,SVR,20D,5,0.0437517428417525,0.011215909142615013,High
2020-06-23,SVR,20D,5,0.0451842042447426,0.008816908577293073,High
2020-06-24,SVR,20D,5,0.058983091428158,0.01059287502687721,High
2020-06-25,SVR,20D,5,0.0418736236756638,0.00870195401862929,High
2020-06-26,SVR,20D,5,0.0737667567719773,0.008704506838364101,High
2020-06-29,SVR,20D,5,0.0526934332397973,0.0066561633715754576,High
2020-06-30,SVR,20D,5,0.0497528671557842,0.003787492467833012,High
2020-07-01,SVR,20D,5,0.0409860014164588,0.00825943922698437,High
2020-07-02,SVR,20D,5,0.0440962671818181,0.006607265264185216,High
2020-07-06,SVR,20D,5,0.0354946990140135,0.00992315729963944,High
2020-07-07,SVR,20D,5,0.0499775999097908,0.011906903520579479,High
2020-07-08,SVR,20D,5,0.0485897740818786,0.009102159683439637,High
2020-07-09,SVR,20D,5,0.0606564915787381,0.011828774552363669,High
2020-07-10,SVR,20D,5,0.0508775110742516,0.009145455106778028,High
2020-07-13,SVR,20D,5,0.0630226215637023,0.017004207049703693,High
2020-07-14,SVR,20D,5,0.041704265579421,0.017516604748633938,High
2020-07-15,SVR,20D,5,0.0465627109366796,0.0144020436056118,High
2020-07-16,SVR,20D,5,0.0479253534746383,0.013324354326864019,High
2020-07-17,SVR,20D,5,0.0449088934907757,0.011450095092848459,High
2020-07-20,SVR,20D,5,0.0392432737430587,0.010966191868781464,High
2020-07-21,SVR,20D,5,0.0398663848283156,0.01049689981080136,High
2020-07-22,SVR,20D,5,0.0297216308886598,0.010138294395621888,High
2020-07-23,SVR,20D,5,0.0452716640692526,0.011110466531163363,High
2020-07-24,SVR,20D,5,0.0549165040765014,0.012869499159147771,High
2020-07-27,SVR,20D,5,0.0575421906199225,0.011077181012009163,Normal
2020-07-28,SVR,20D,5,0.0676265257841089,0.012051096835528755,Normal
2020-07-29,SVR,20D,5,0.065418743777208,0.01030047994337567,Normal
2020-07-30,SVR,20D,5,0.0708476915724718,0.01224025462638173,Normal
2020-07-31,SVR,20D,5,0.0699164581798658,0.012283411988061946,Normal
2020-08-03,SVR,20D,5,0.0605637203399985,0.012293069170910526,Normal
2020-08-04,SVR,20D,5,0.0644551287345707,0.013089091369545808,Normal
2020-08-05,SVR,20D,5,0.0732950184429225,0.011273378461424038,Normal
2020-08-06,SVR,20D,5,0.0311302982800724,0.011432431801298479,Normal
2020-08-07,SVR,20D,5,0.0223311882558405,0.009984813459933808,Normal
2020-08-10,SVR,20D,5,-0.008556106104018,0.009523996040837396,Normal
2020-08-11,SVR,20D,5,0.0193897099595396,0.011560843626244877,Normal
2020-08-12,SVR,20D,5,-0.0122510382594692,0.011359320566663986,Normal
2020-08-13,SVR,20D,5,-0.0096688354252253,0.010343275525501378,Normal
2020-08-14,SVR,20D,5,0.0031643969960766,0.010381982225654576,Normal
2020-08-17,SVR,20D,5,0.0056640054191528,0.009315641107495248,Normal
2020-08-18,SVR,20D,5,-0.0012663818928157,0.010202367918650493,Normal
2020-08-19,SVR,20D,5,-0.0053002080761863,0.011138330037937433,Normal
2020-08-20,SVR,20D,5,-0.0196994397923609,0.012475647691464323,Low
2020-08-21,SVR,20D,5,-0.0347732038026311,0.0124908419746355,Low
2020-08-24,SVR,20D,5,-0.0343038027691586,0.012169449988474454,Low
2020-08-25,SVR,20D,5,-0.0619010414290728,0.012187878399722588,Low
2020-08-26,SVR,20D,5,-0.0690620372192853,0.013599475492439395,Low
2020-08-27,SVR,20D,5,-0.0548832440269061,0.016042857148795067,Low
2020-08-28,SVR,20D,5,-0.0456110550226221,0.015146982061346154,Low
2020-08-31,SVR,20D,5,-0.0482379625515576,0.017542424078650767,Low
2020-09-01,SVR,20D,5,-0.0475149514038839,0.019730039337195596,Low
2020-09-02,SVR,20D,5,-0.0574850519834588,0.019411696180472615,Low
2020-09-03,SVR,20D,5,-0.0313512707076442,0.020195421063646968,High
2020-09-04,SVR,20D,5,-0.0053718809504681,0.02184591664058612,High
2020-09-08,SVR,20D,5,0.0087048837484754,0.02050140857886934,High
2020-09-09,SVR,20D,5,0.0060072868565365,0.01588181656569622,High
2020-09-10,SVR,20D,5,0.0317267456768014,0.018108650931400072,High
2020-09-11,SVR,20D,5,0.0399489106994668,0.016014298188146717,High
2020-09-14,SVR,20D,5,0.0435701058327681,0.013898186448202635,High
2020-09-15,SVR,20D,5,0.0320374282731051,0.014789132835159799,High
2020-09-16,SVR,20D,5,0.0300219030811976,0.015464034636167495,High
2020-09-17,SVR,20D,5,0.0369409290955371,0.01656674523226015,High
2020-09-18,SVR,20D,5,0.048321416499996,0.015785288432252492,High
2020-09-21,SVR,20D,5,0.0434953170123512,0.017723746321473194,High
2020-09-22,SVR,20D,5,0.0377484959339762,0.016116263482391813,High
2020-09-23,SVR,20D,5,0.0595577208367801,0.018111039664483672,High
2020-09-24,SVR,20D,5,0.0617800692856423,0.018489218007319203,High
2020-09-25,SVR,20D,5,0.0493694683818433,0.016424500697976255,High
2020-09-28,SVR,20D,5,0.0146228035426671,0.01554202169356364,High
2020-09-29,SVR,20D,5,0.0164168808966656,0.01617635441681274,High
2020-09-30,SVR,20D,5,-0.0277285037802916,0.016785634995610893,High
2020-10-01,SVR,20D,5,-0.0211309284045891,0.018819219509768004,High
2020-10-02,SVR,20D,5,-0.0237108289834782,0.018010084808425558,High
2020-10-05,SVR,20D,5,-0.0292809870957875,0.01866205522275871,High
2020-10-06,SVR,20D,5,0.0024338149758133,0.020231415430786506,High
2020-10-07,SVR,20D,5,0.0069941768606635,0.01946994758980501,High
2020-10-08,SVR,20D,5,0.0182892297424955,0.017996588163821395,High
2020-10-09,SVR,20D,5,0.0092463779763688,0.0175095929596647,High
2020-10-12,SVR,20D,5,0.0045958225643888,0.016223818192885778,High
2020-10-13,SVR,20D,5,0.0095219389726844,0.01792927568306367,High
2020-10-14,SVR,20D,5,0.0237898394197352,0.01772904700065038,High
2020-10-15,SVR,20D,5,0.0152901113868789,0.018023108711156796,High
2020-10-16,SVR,20D,5,0.0286737476365424,0.01814725832319901,High
2020-10-19,SVR,20D,5,0.0567191460743175,0.02043942633253483,High
2020-10-20,SVR,20D,5,0.0471995069696688,0.02024845446076566,High
2020-10-21,SVR,20D,5,0.0377664103337578,0.020333361853588985,High
2020-10-22,SVR,20D,5,0.0364997320209992,0.020588657276870426,High
2020-10-23,SVR,20D,5,0.0262441563276912,0.019836018214299325,High
2020-10-26,SVR,20D,5,0.0506287374948629,0.022702628662128008,High
2020-10-27,SVR,20D,5,0.0696914016593401,0.02731622490549193,High
2020-10-28,SVR,20D,5,0.1040312690124084,0.031443464579031244,High
2020-10-29,SVR,20D,5,0.0945488550983121,0.03092134050783142,High
2020-10-30,SVR,20D,5,0.1021464279066001,0.03181164979745621,High
2015-06-10,SVR,60D,1,-0.0760017568835913,0.01999823639466025,Low
2015-06-11,SVR,60D,1,-0.0931871823943958,0.020084433315444614,Low
2015-06-12,SVR,60D,1,-0.0613946705442546,0.019338464539595868,Low
2015-06-15,SVR,60D,1,-0.0707564166915679,0.02388950082689631,Low
2015-06-16,SVR,60D,1,-0.071166071762386,0.02247740562219766,Low
2015-06-17,SVR,60D,1,-0.0686667497124726,0.022026960155990413,Low
2015-06-18,SVR,60D,1,-0.0826187909895252,0.020403363774843114,Low
2015-06-19,SVR,60D,1,-0.0645514881201432,0.022533168835247697,Low
2015-06-22,SVR,60D,1,-0.0619601153863095,0.020628674307123382,Low
2015-06-23,SVR,60D,1,-0.0651601262540631,0.020332908845289405,Low
2015-06-24,SVR,60D,1,-0.0740758914901413,0.0224571503138509,Low
2015-06-25,SVR,60D,1,-0.0665424952998722,0.027932999355575222,Low
2015-06-26,SVR,60D,1,-0.078547269574328,0.025482394340716405,Low
2015-06-29,SVR,60D,1,-0.0595110442953105,0.03898094079550631,Normal
2015-06-30,SVR,60D,1,-0.0655346585190844,0.030465172407162733,Normal
2015-07-01,SVR,60D,1,-0.072912656754942,0.02189953956294491,Normal
2015-07-02,SVR,60D,1,-0.0986057977282045,0.021301114952954142,Normal
2015-07-06,SVR,60D,1,-0.0935044711163255,0.02121559764698891,Normal
2015-07-07,SVR,60D,1,-0.0806711331066291,0.016287928149809366,Normal
2015-07-08,SVR,60D,1,-0.0619062295161503,0.028832589132851374,Normal
2015-07-09,SVR,60D,1,-0.0499520841445647,0.022741266685931114,Normal
2015-07-10,SVR,60D,1,-0.0440904770110702,0.022159023228675356,Normal
2015-07-13,SVR,60D,1,-0.0586904348625687,0.016546038541928765,Normal
2015-07-14,SVR,60D,1,-0.055130188241516,0.011129082595909112,Normal
2015-07-15,SVR,60D,1,-0.0456151517962204,0.015758079824558874,Normal
2015-07-16,SVR,60D,1,-0.0528730366801808,0.019455045726444326,Normal
2015-07-17,SVR,60D,1,-0.0527039438272984,0.01820111162855763,Normal
2015-07-20,SVR,60D,1,-0.0603237041414271,0.016811961953371923,Normal
2015-07-21,SVR,60D,1,-0.0607803388106433,0.013887308154002354,Normal
2015-07-22,SVR,60D,1,-0.0436462224390979,0.014646659161271447,Normal
2015-07-23,SVR,60D,1,-0.0333939508540215,0.01725356671453046,Normal
2015-07-24,SVR,60D,1,-0.0223624212134872,0.01672922453581288,Normal
2015-07-27,SVR,60D,1,-0.0179927672043168,0.0211345893193033,Normal
2015-07-28,SVR,60D,1,-0.0361452899173403,0.014525066466328604,Normal
2015-07-29,SVR,60D,1,-0.0269465858321299,0.011479065038798072,Normal
2015-07-30,SVR,60D,1,-0.0160049987671093,0.01182052365406587,Normal
2015-07-31,SVR,60D,1,-0.0156458279671577,0.013642694553233817,Normal
2015-08-03,SVR,60D,1,-0.015442519887341,0.014566222791075736,Normal
2015-08-04,SVR,60D,1,-0.0014197922322646,0.01754600191591736,Normal
2015-08-05,SVR,60D,1,-0.004979505798416,0.01905692594864991,Low
2015-08-06,SVR,60D,1,-0.0020177915642793,0.01877799767495736,Low
2015-08-07,SVR,60D,1,0.012665107630873,0.019025304920741476,Low
2015-08-10,SVR,60D,1,0.0026626249239154,0.017958425349427126,Low
2015-08-11,SVR,60D,1,0.0087140226644506,0.01591329434867607,Low
2015-08-12,SVR,60D,1,0.0066316292697374,0.013667774954367079,Low
2015-08-13,SVR,60D,1,0.0075599733580951,0.01521528991145879,Low
2015-08-14,SVR,60D,1,-0.0062156495727666,0.016249224399585788,Low
2015-08-17,SVR,60D,1,-0.0099040861287198,0.01468078426422234,Low
2015-08-18,SVR,60D,1,-0.0105084105146556,0.020408668579730185,Low
2015-08-19,SVR,60D,1,-0.0163084374416912,0.022125555304883596,Low
2015-08-20,SVR,60D,1,-0.0062531174197004,0.03320382148166587,Normal
2015-08-21,SVR,60D,1,0.0409094278964122,0.050692234189237934,High
2015-08-24,SVR,60D,1,0.0797805952246848,0.04258492990576415,High
2015-08-25,SVR,60D,1,0.1094280748445129,0.09926423941021617,High
2015-08-26,SVR,60D,1,0.0700130350810018,0.0644372182305307,High
2015-08-27,SVR,60D,1,0.0498087358714612,0.030610681532055456,High
2015-08-28,SVR,60D,1,0.047964560872901,0.019527394506020077,High
2015-08-31,SVR,60D,1,0.0576128894818458,0.027190332161539488,High
2015-09-01,SVR,60D,1,0.0875063987093067,0.04752804388635623,High
2015-09-02,SVR,60D,1,0.0699721688455729,0.017119893893601835,High
2015-09-03,SVR,60D,1,0.0641562530065355,0.010530177506234986,High
2015-09-04,SVR,60D,1,0.090228500707551,0.020982102380699197,High
2015-09-08,SVR,60D,1,0.0543982708710637,0.013852351446046587,High
2015-09-09,SVR,60D,1,0.0539154801959983,0.012948263030740356,High
2015-09-10,SVR,60D,1,0.0689692611149139,0.0033762615419671155,High
2015-09-11,SVR,60D,1,0.0574782107095299,-0.0063474954660884125,High
2015-09-14,SVR,60D,1,0.055065199306979,-0.0041127501792871946,High
2015-09-15,SVR,60D,1,0.0345464253098539,-0.008845338200206679,High
2015-09-16,SVR,60D,1,0.0281275411730727,-0.009231594842301571,High
2015-09-17,SVR,60D,1,0.0110780178598174,-0.018995122585281507,High
2015-09-18,SVR,60D,1,0.0321185368782691,-0.013746344496735965,High
2015-09-21,SVR,60D,1,0.0381257249505107,-0.02376416195259709,High
2015-09-22,SVR,60D,1,0.0649312906206604,0.0009721775253198478,High
2015-09-23,SVR,60D,1,0.0518272582143779,-0.006817387791761956,High
2015-09-24,SVR,60D,1,0.0372384150785774,-0.02647816999608406,High
2015-09-25,SVR,60D,1,0.0454526236069543,-0.00406292431456709,High
2015-09-28,SVR,60D,1,0.0802319303613323,0.021143959716128605,High
2015-09-29,SVR,60D,1,0.0913414329759045,0.0240938037941007,High
2015-09-30,SVR,60D,1,0.0708456189684761,0.012238406788814424,High
2015-10-01,SVR,60D,1,0.0666927438338328,0.007953399547060785,High
2015-10-02,SVR,60D,1,0.0630526149904501,-0.005280930918282092,High
2015-10-05,SVR,60D,1,0.0376846226881696,0.0016743643562141808,High
2015-10-06,SVR,60D,1,0.0318228269908449,0.011693028713131354,High
2015-10-07,SVR,60D,1,0.0083972653354861,0.0003986175635796313,High
2015-10-08,SVR,60D,1,0.0016276893302875,-8.803161899417766e-05,High
2015-10-09,SVR,60D,1,-0.0122993222328538,-0.006701203467256361,High
2015-10-12,SVR,60D,1,-0.0375598032295314,-0.014175371007011217,High
2015-10-13,SVR,60D,1,-0.0416085169852523,-0.02348224927345058,High
2015-10-14,SVR,60D,1,-0.0360281777774905,-0.018848341645131064,High
2015-10-15,SVR,60D,1,-0.0429992150110709,-0.01617249192436293,High
2015-10-16,SVR,60D,1,-0.0728416514626769,-0.02067871841508656,High
2015-10-19,SVR,60D,1,-0.0565540994721662,-0.022045655693424385,High
2015-10-20,SVR,60D,1,-0.0769677711144347,-0.016845124579259838,Normal
2015-10-21,SVR,60D,1,-0.0705936420158716,-0.018562602654278323,Normal
2015-10-22,SVR,60D,1,-0.0988472550543641,-0.011709620676343263,High
2015-10-23,SVR,60D,1,-0.1046352203874588,-0.023069979821288902,High
2015-10-26,SVR,60D,1,-0.0826395605041452,-0.012311310062447359,Normal
2015-10-27,SVR,60D,1,-0.0958437198118788,-0.014639637057915822,Normal
2015-10-28,SVR,60D,1,-0.0935689704696545,-0.004847041371484645,Normal
2015-10-29,SVR,60D,1,-0.1040420173895221,-0.011204668727491984,Normal
2015-10-30,SVR,60D,1,-0.0937071849835053,-0.014961194310245327,Normal
2015-11-02,SVR,60D,1,-0.0810524103277635,-0.008600220743548673,Normal
2015-11-03,SVR,60D,1,-0.0842200980983728,-0.009332147592633205,Normal
2015-11-04,SVR,60D,1,-0.099589399876957,-0.009604480899224013,Normal
2015-11-05,SVR,60D,1,-0.0934769900988847,-0.009188250504466838,Normal
2015-11-06,SVR,60D,1,-0.0916037400263375,-0.009080842157028188,Normal
2015-11-09,SVR,60D,1,-0.1003866076461869,-0.008240019440619,Normal
2015-11-10,SVR,60D,1,-0.1161511207226939,-0.007027146907597967,Normal
2015-11-11,SVR,60D,1,-0.1135816540478851,-0.009104391836100456,Normal
2015-11-12,SVR,60D,1,-0.0996814588420133,-0.013553325585250381,Normal
2015-11-13,SVR,60D,1,-0.1007882657391141,0.002214472038710405,Normal
2015-11-16,SVR,60D,1,-0.0962515533263025,0.0064990400446676005,Normal
2015-11-17,SVR,60D,1,-0.0785295385663709,0.008943167964619456,Normal
2015-11-18,SVR,60D,1,-0.0782166578179019,0.012005149202120813,Normal
2015-11-19,SVR,60D,1,-0.0817695496128573,0.009258839078938833,Normal
2015-11-20,SVR,60D,1,-0.0855985381748085,0.012681482679393105,Normal
2015-11-23,SVR,60D,1,-0.0700121832340483,0.007153563140811253,Normal
2015-11-24,SVR,60D,1,-0.0837660107497975,0.006338367870952016,Normal
2015-11-25,SVR,60D,1,-0.0792069101001984,0.00941894316249002,Normal
2015-11-27,SVR,60D,1,-0.0685159849292285,0.008635905097890834,Normal
2015-11-30,SVR,60D,1,-0.0657360501191747,0.021724686416940128,Normal
2015-12-01,SVR,60D,1,-0.0845141201574857,0.012175369048737117,Normal
2015-12-02,SVR,60D,1,-0.0498691421164181,0.010097901600086001,Normal
2015-12-03,SVR,60D,1,-0.0313053658111662,0.020294084197737705,Normal
2015-12-04,SVR,60D,1,-0.0481305878547005,0.014625993371345555,Normal
2015-12-07,SVR,60D,1,-0.0378161040283609,0.002857426702614907,Normal
2015-12-08,SVR,60D,1,-0.0304204286019025,0.017127815559748086,Normal
2015-12-09,SVR,60D,1,-0.033955098292216,0.008533257856951457,Normal
2015-12-10,SVR,60D,1,-0.0311642820879965,0.012917044367478453,Normal
2015-12-11,SVR,60D,1,-0.0113946215350586,0.04476064316226325,High
2015-12-14,SVR,60D,1,0.0001236359897248,0.03435588824737473,Normal
2015-12-15,SVR,60D,1,-0.0117007127328014,0.02287821952771682,Normal
2015-12-16,SVR,60D,1,-0.0279499793178908,0.019511785570857892,High
2015-12-17,SVR,60D,1,-0.0072104748002345,0.008327921647285366,Normal
2015-12-18,SVR,60D,1,0.0173206032754685,0.013062366798562527,High
2015-12-21,SVR,60D,1,0.0139682637993383,0.012718613871194717,High
2015-12-22,SVR,60D,1,0.0061752601120617,0.005487058446254009,High
2015-12-23,SVR,60D,1,-0.0070441093122642,-0.000774953287811242,High
2015-12-24,SVR,60D,1,-0.011850703439068,0.0025541970367843753,High
2015-12-28,SVR,60D,1,-0.0100479087621388,0.005479948753019881,High
2015-12-29,SVR,60D,1,-0.0200764660470894,0.00674634525675967,High
2015-12-30,SVR,60D,1,-0.0040550552090735,0.0058226648449858365,High
2015-12-31,SVR,60D,1,0.0097423098259603,0.013877751152188908,High
2016-01-04,SVR,60D,1,0.0231225092641454,0.02014703083446484,High
2016-01-05,SVR,60D,1,0.0274232641913855,0.012392730828294118,High
2016-01-06,SVR,60D,1,0.0374119471481569,0.016601893989775504,High
2016-01-07,SVR,60D,1,0.0512014652557071,0.02897111698213422,High
2016-01-08,SVR,60D,1,0.0725518006335682,0.043489619830636136,High
2016-01-11,SVR,60D,1,0.0596508183677408,0.03433530907332104,High
2016-01-12,SVR,60D,1,0.0546610068545824,0.02163502212952588,High
2016-01-13,SVR,60D,1,0.0771998360428875,0.02600534088603916,High
2016-01-14,SVR,60D,1,0.0702575289898937,0.017352118802849495,High
2016-01-15,SVR,60D,1,0.1020833714566139,0.024009073730410495,High
2016-01-19,SVR,60D,1,0.1017246036993174,0.03537699831229632,High
2016-01-20,SVR,60D,1,0.1125026001490699,0.03862996609921779,High
2016-01-21,SVR,60D,1,0.1138403371269197,0.032163742144351054,High
2016-01-22,SVR,60D,1,0.0968393481475727,0.01649034401389672,High
2016-01-25,SVR,60D,1,0.1133621483696285,0.014714748525965105,High
2016-01-26,SVR,60D,1,0.0941093476819688,0.009217454060576932,High
2016-01-27,SVR,60D,1,0.1050801285620379,0.00963597373906093,High
2016-01-28,SVR,60D,1,0.0977530882236836,0.005319181611929888,High
2016-01-29,SVR,60D,1,0.075165437403364,-0.0011624694408152725,High
2016-02-01,SVR,60D,1,0.0772567663606524,0.00011996771725242272,High
2016-02-02,SVR,60D,1,0.0869040990173222,0.0038355001481975848,High
2016-02-03,SVR,60D,1,0.0768485297651908,-0.010782017326186888,High
2016-02-04,SVR,60D,1,0.0831025681699116,-0.003978311007241983,High
2016-02-05,SVR,60D,1,0.0930422270578675,0.014479904708637734,High
2016-02-08,SVR,60D,1,0.1013427022754523,0.009474256713143128,High
2016-02-09,SVR,60D,1,0.1017675062294184,0.01106772995367386,High
2016-02-10,SVR,60D,1,0.1051260849137318,0.015949027862882062,High
2016-02-11,SVR,60D,1,0.1182567455505979,0.03606783592230668,High
2016-02-12,SVR,60D,1,0.1113330955795893,0.022225002814430586,High
2016-02-16,SVR,60D,1,0.0853438349600355,0.014447187257208713,High
2016-02-17,SVR,60D,1,0.06882824506643,0.017967564548135126,High
2016-02-18,SVR,60D,1,0.064990443028612,0.005792299325348443,High
2016-02-19,SVR,60D,1,0.0747654527000267,0.0015259439684398302,High
2016-02-22,SVR,60D,1,0.0509588580487877,0.007848856614987215,High
2016-02-23,SVR,60D,1,0.0636965933059777,0.00011103355179108154,High
2016-02-24,SVR,60D,1,0.0555530387486249,-0.017177201209259474,High
2016-02-25,SVR,60D,1,0.0502701312409788,-0.011448404068589338,High
2016-02-26,SVR,60D,1,0.0500543600024416,-0.012592177119278875,High
2016-02-29,SVR,60D,1,0.0717971286280036,-0.0186376913703577,High
2016-03-01,SVR,60D,1,0.0551592728779684,-0.002052423741691692,High
2016-03-02,SVR,60D,1,0.0508628569669381,-0.009935510100300388,High
2016-03-03,SVR,60D,1,0.0516479175860607,-0.01472688287803918,High
2016-03-04,SVR,60D,1,0.0473417090995288,-0.01715382745920309,High
2016-03-07,SVR,60D,1,0.0475914849525912,-0.011087318671164456,High
2016-03-08,SVR,60D,1,0.0617159371755837,-6.545788252464158e-05,High
2016-03-09,SVR,60D,1,0.0537602021560745,-0.008152984921869097,High
2016-03-10,SVR,60D,1,0.0584897378783156,-0.011749316828633213,High
2016-03-11,SVR,60D,1,0.0435158079186617,-0.008226415369262607,Normal
2016-03-14,SVR,60D,1,0.0480816785072284,-0.013246333886939382,Normal
2016-03-15,SVR,60D,1,0.0482010738436525,-0.009038410133107758,Normal
2016-03-16,SVR,60D,1,0.0333988135517065,0.0015375262789065758,Normal
2016-03-17,SVR,60D,1,0.0186769316934008,-0.0031645666567450825,Normal
2016-03-18,SVR,60D,1,0.0124804593704028,-0.0006590156923635959,Normal
2016-03-21,SVR,60D,1,0.0096529584023002,-0.0030870161747316577,Normal
2016-03-22,SVR,60D,1,0.0136588244101182,-0.004062232216418299,Normal
2016-03-23,SVR,60D,1,0.0168020497961763,-0.005013908752249108,Normal
2016-03-24,SVR,60D,1,0.0229715743539761,-0.005189576870580109,Normal
2016-03-28,SVR,60D,1,0.0251348580701135,-0.004282895750820595,Normal
2016-03-29,SVR,60D,1,0.0147039170193004,-0.003143597328641584,Normal
2016-03-30,SVR,60D,1,0.0236386040976892,-0.0011776923505884135,Low
2016-03-31,SVR,60D,1,-0.0109003463482725,0.0037188932079681436,Low
2016-04-01,SVR,60D,1,-0.0354735519265749,0.0037755957690678993,Low
2016-04-04,SVR,60D,1,-0.0146459502766325,0.005635074838691662,Low
2016-04-05,SVR,60D,1,0.0124395911064158,0.010918845483246745,Low
2016-04-06,SVR,60D,1,0.0154606563238687,0.009767918050101368,Low
2016-04-07,SVR,60D,1,0.0294554365869058,0.006257567262992064,Normal
2016-04-08,SVR,60D,1,0.0198017049966907,0.010276231094792712,Normal
2016-04-11,SVR,60D,1,0.0278839379445707,0.005617665946685571,Low
2016-04-12,SVR,60D,1,0.0173962261764476,0.010774219126011536,Low
2016-04-13,SVR,60D,1,0.022544342973882,0.01023012907055984,Low
2016-04-14,SVR,60D,1,0.0257742498557478,0.012386889000438467,Low
2016-04-15,SVR,60D,1,0.0337438617392394,0.012064757693103806,Low
2016-04-18,SVR,60D,1,0.0273588948004232,0.011431168619108964,Low
2016-04-19,SVR,60D,1,0.0295245796992537,0.013064158015580418,Low
2016-04-20,SVR,60D,1,0.0278339455901481,0.01300748120161549,Low
2016-04-21,SVR,60D,1,0.0354209702693087,0.015061777210989571,Low
2016-04-22,SVR,60D,1,0.0339369071893524,0.013620272897767544,Low
2016-04-25,SVR,60D,1,0.0400118051258796,0.014190095687169571,Low
2016-04-26,SVR,60D,1,0.0345217350951175,0.014898989329941964,Low
2016-04-27,SVR,60D,1,0.0374173677728813,0.013806234997207706,Low
2016-04-28,SVR,60D,1,0.0436749850945131,0.018333928350261652,Low
2016-04-29,SVR,60D,1,0.0490736664857897,0.01645273251543254,Low
2016-05-02,SVR,60D,1,0.0400947988417371,0.014239312364127177,Low
2016-05-03,SVR,60D,1,0.0504142186782251,0.0211958084153952,Low
2016-05-04,SVR,60D,1,0.0579987815013557,0.020152962802921587,Low
2016-05-05,SVR,60D,1,0.0569672240466586,0.021730273014809343,Low
2016-05-06,SVR,60D,1,0.0474156726804386,0.018084543294900002,Low
2016-05-09,SVR,60D,1,0.0497915020888998,0.01825563178444986,Low
2016-05-10,SVR,60D,1,0.0375976861523515,0.018936102008577732,Low
2016-05-11,SVR,60D,1,0.0557719063196005,0.017615643637688402,Low
2016-05-12,SVR,60D,1,0.0550338082960231,0.019185917349444123,Low
2016-05-13,SVR,60D,1,0.0639379604443315,0.019500554470931214,Low
2016-05-16,SVR,60D,1,0.0513201869912305,0.015155759975090194,Low
2016-05-17,SVR,60D,1,0.0654994656458371,0.017687044096738505,Low
2016-05-18,SVR,60D,1,0.0644979445725215,0.017073719827747386,Low
2016-05-19,SVR,60D,1,0.0710005553897639,0.01993320616078212,Low
2016-05-20,SVR,60D,1,0.0595049539504812,0.017740852704563978,Low
2016-05-23,SVR,60D,1,0.0634594365247384,0.019075627517956856,Low
2016-05-24,SVR,60D,1,0.0520680006871307,0.01713115905649898,Normal
2016-05-25,SVR,60D,1,0.0436761614667791,0.01944640858096368,Normal
2016-05-26,SVR,60D,1,0.0433231456333847,0.017544045639591638,Normal
2016-05-27,SVR,60D,1,0.0409953178723068,0.01993652509146361,Normal
2016-05-31,SVR,60D,1,0.0367470312332248,0.02408969202672019,Normal
2016-06-01,SVR,60D,1,0.0342464721826533,0.021308218246631747,Low
2016-06-02,SVR,60D,1,0.0298457117769537,0.02169954325479019,Low
2016-06-03,SVR,60D,1,0.0379762024423229,0.021882927178099726,Low
2016-06-06,SVR,60D,1,0.0311352825158365,0.022614991159184764,Low
2016-06-07,SVR,60D,1,0.0274679757810764,0.024443450597384675,Low
2016-06-08,SVR,60D,1,0.0241224884197101,0.025435774118522728,Low
2016-06-09,SVR,60D,1,0.0300339656166386,0.027095670652614465,Low
2016-06-10,SVR,60D,1,0.04222874039681,0.030525936817414306,Low
2016-06-13,SVR,60D,1,0.0502306432482259,0.041586859530359,Low
2016-06-14,SVR,60D,1,0.0498056601277276,0.03588591307724272,Low
2016-06-15,SVR,60D,1,0.0268203267807013,0.03838354387068052,Low
2016-06-16,SVR,60D,1,0.0382626209030902,0.03252041328834315,Low
2016-06-17,SVR,60D,1,0.0265841567694881,0.03424114725998369,Low
2016-06-20,SVR,60D,1,0.0202049245912523,0.03185883148034849,Low
2016-06-21,SVR,60D,1,0.0275550504364826,0.03289107581246663,Low
2016-06-22,SVR,60D,1,0.0254285516374863,0.03414643284645405,Low
2016-06-23,SVR,60D,1,0.0121343813317065,0.03514132287355326,Low
2016-06-24,SVR,60D,1,0.0490142676215232,0.05512208291174865,Normal
2016-06-27,SVR,60D,1,0.0781345144668618,0.05087232002546946,Normal
2016-06-28,SVR,60D,1,0.066999144780416,0.024585916991509166,High
2016-06-29,SVR,60D,1,0.0443566088494433,0.00527025917782184,High
2016-06-30,SVR,60D,1,0.0222578955820611,-0.0051235746960463235,High
2016-07-01,SVR,60D,1,0.0267346844543272,0.0022649104423561467,High
2016-07-05,SVR,60D,1,0.0388882900435684,0.003738257913100479,High
2016-07-06,SVR,60D,1,0.0241844752552112,0.007040597448999181,High
2016-07-07,SVR,60D,1,0.0329928257299719,0.0013940602757327725,High
2016-07-08,SVR,60D,2,0.0145886159824522,0.0032501215406199706,High
2016-07-11,SVR,60D,2,0.0062179148840921,-0.004031739110718347,High
2016-07-12,SVR,60D,2,0.0035205588079433,-0.0005559551407491072,High
2016-07-13,SVR,60D,2,0.0038672439855662,0.0011389047767337394,High
2016-07-14,SVR,60D,2,-0.0046369662577448,0.0005885241507828619,High
2016-07-15,SVR,60D,2,0.0008877431194504,-0.00034011360275957095,High
2016-07-18,SVR,60D,2,-0.014016296400174,-0.0021721392124676338,High
2016-07-19,SVR,60D,2,-0.0114341596933597,-0.0019039245483019225,High
2016-07-20,SVR,60D,2,-0.0187994444213578,-0.0035362222975923348,High
2016-07-21,SVR,60D,2,-0.0149787904057116,-0.004652772897260311,High
2016-07-22,SVR,60D,2,-0.0225650353070622,-0.0008039773259786061,High
2016-07-25,SVR,60D,2,-0.0134075109614338,0.0073732650436567175,Normal
2016-07-26,SVR,60D,2,-0.0115406709668027,0.008621506303841963,Normal
2016-07-27,SVR,60D,2,-0.0117180811513749,0.0082247649761889,Low
2016-07-28,SVR,60D,2,-0.013407146739622,0.012864372038931728,Low
2016-07-29,SVR,60D,2,-0.0102985322098524,0.014327479075344703,Low
2016-08-01,SVR,60D,2,-0.0128328955270677,0.01563491324258699,Low
2016-08-02,SVR,60D,2,-0.0081928826355873,0.0174870416713804,Low
2016-08-03,SVR,60D,2,-0.0143131212576673,0.01510318377751901,Low
2016-08-04,SVR,60D,2,-0.0176388106967816,0.01452476617697315,Low
2016-08-05,SVR,60D,2,-0.0263277918703602,0.016443507828909337,Low
2016-08-08,SVR,60D,2,-0.0322302336875536,0.01550443039810517,Low
2016-08-09,SVR,60D,2,-0.0391668361275638,0.01714300167906378,Low
2016-08-10,SVR,60D,2,-0.0407312520866849,0.018375924928183875,Low
2016-08-11,SVR,60D,2,-0.0471221874608214,0.018004076241049407,Low
2016-08-12,SVR,60D,2,-0.0243456243444424,0.01776027791942938,Low
2016-08-15,SVR,60D,2,-0.0233697622418066,0.01794605157846987,Low
2016-08-16,SVR,60D,2,-0.0068595001456724,0.018231126485411527,Low
2016-08-17,SVR,60D,2,-0.0067775004357326,0.016603438741018366,Low
2016-08-18,SVR,60D,2,-0.0103736304799127,0.01736866828613334,Low
2016-08-19,SVR,60D,2,-0.0090478303683277,0.01768332657404786,Low
2016-08-22,SVR,60D,2,-0.0010313934629152,0.019881147617155034,Low
2016-08-23,SVR,60D,2,-0.0045647771636528,0.018942965655179122,Low
2016-08-24,SVR,60D,2,0.0053547474572168,0.020526557484903545,Low
2016-08-25,SVR,60D,2,0.0043312564883138,0.019857829667276113,Low
2016-08-26,SVR,60D,2,0.0133450227979009,0.01755990190829584,Low
2016-08-29,SVR,60D,2,0.0102936854728195,0.01811827201671123,Low
2016-08-30,SVR,60D,2,0.0130569750368511,0.01906080056096594,Low
2016-08-31,SVR,60D,2,0.0193424117558375,0.017694237192904593,Low
2016-09-01,SVR,60D,2,0.0141154078905138,0.019192810036467858,Low
2016-09-02,SVR,60D,2,0.0112575686447411,0.019106199342458313,Low
2016-09-06,SVR,60D,2,0.0056233957195792,0.01960852457105534,Low
2016-09-07,SVR,60D,2,0.002248068691109,0.019442183194009543,Low
2016-09-08,SVR,60D,2,0.004870484603664,0.020667862783162416,Low
2016-09-09,SVR,60D,2,0.035502653941244,0.024479087365232393,Low
2016-09-12,SVR,60D,2,0.0243373511766841,0.018088297050511803,Normal
2016-09-13,SVR,60D,2,0.0523564581996184,0.011328029917872694,Normal
2016-09-14,SVR,60D,2,0.0551013226163023,0.020975814731993624,Normal
2016-09-15,SVR,60D,2,0.0509642246998321,0.014853579084124446,Normal
2016-09-16,SVR,60D,2,0.0536055702048048,0.005861702199143889,Normal
2016-09-19,SVR,60D,2,0.0601426566398665,0.01075791749822953,Normal
2016-09-20,SVR,60D,2,0.0516932676937737,0.015412741018863235,Normal
2016-09-21,SVR,60D,2,0.0447109750476914,0.014925549797327683,Normal
2016-09-22,SVR,60D,2,0.0364800663790691,0.013705155206582092,Normal
2016-09-23,SVR,60D,2,0.0442065320539991,0.014921141932320105,Normal
2016-09-26,SVR,60D,2,0.0564622945730681,0.01611595740315531,Normal
2016-09-27,SVR,60D,2,0.0475784136830922,0.018332598268795016,Normal
2016-09-28,SVR,60D,2,0.0404311258570532,0.015189502734846008,Normal
2016-09-29,SVR,60D,2,0.0510471861222136,0.01609087090306392,Normal
2016-09-30,SVR,60D,2,0.0453566424387347,0.01402002127577556,Normal
2016-10-03,SVR,60D,2,0.0402310249104903,0.015568554753612154,Normal
2016-10-04,SVR,60D,2,0.0449055589649839,0.016602498146603802,Normal
2016-10-05,SVR,60D,2,0.0359702380369326,0.01729230413724991,Normal
2016-10-06,SVR,60D,2,0.0439395609374851,0.015162961980271988,Normal
2016-10-07,SVR,60D,2,0.0529043121496487,0.023585657898430267,Normal
2016-10-10,SVR,60D,2,0.0475380142298433,0.02047926014507045,Normal
2016-10-11,SVR,60D,2,0.0635733811081783,0.026373525420357712,Low
2016-10-12,SVR,60D,2,0.0588725434302196,0.023357372520896588,Low
2016-10-13,SVR,60D,2,0.0619766198424537,0.019671447966030552,Low
2016-10-14,SVR,60D,2,0.0646006780724345,0.024995842539497378,Low
2016-10-17,SVR,60D,2,0.0654961837905452,0.025313811442445083,Low
2016-10-18,SVR,60D,2,0.0612028095799932,0.02141626684250462,Low
2016-10-19,SVR,60D,2,0.0560413229684243,0.023483202016499043,Low
2016-10-20,SVR,60D,2,0.0591801945696146,0.023072255331367832,Low
2016-10-21,SVR,60D,2,0.05564850208545,0.02315643495628104,Low
2016-10-24,SVR,60D,2,0.0542704914993225,0.023602506956852048,Low
2016-10-25,SVR,60D,2,0.0553816993179592,0.023720331813978795,Low
2016-10-26,SVR,60D,2,0.0636667677681089,0.023067261900340513,Low
2016-10-27,SVR,60D,2,0.0746520164700863,0.02838819663186824,Low
2016-10-28,SVR,60D,2,0.0770295016744483,0.025419754359934012,Low
2016-10-31,SVR,60D,2,0.0762849460689052,0.031310171668350276,Low
2016-11-01,SVR,60D,2,0.0770672916815436,0.03218327694430696,Low
2016-11-02,SVR,60D,2,0.0827238745269653,0.03272634497129616,Low
2016-11-03,SVR,60D,2,0.087455406537691,0.03608430668822868,Low
2016-11-04,SVR,60D,2,0.0896930736480749,0.04201850134485033,Low
2016-11-07,SVR,60D,2,0.0749513707731635,0.030887164319824186,Normal
2016-11-08,SVR,60D,2,0.069068894862297,0.029595338158819536,Low
2016-11-09,SVR,60D,2,0.0582795784464868,0.02676015611323426,Low
2016-11-10,SVR,60D,2,0.0570238148790011,0.023496227981894446,Low
2016-11-11,SVR,60D,2,0.0641588069627588,0.02528788138481716,Low
2016-11-14,SVR,60D,2,0.0678340232419513,0.025620643579691082,Low
2016-11-15,SVR,60D,2,0.0656132018038731,0.021708241052127996,Low
2016-11-16,SVR,60D,2,0.0711960455219217,0.01870327860224023,Low
2016-11-17,SVR,60D,2,0.0715104648264584,0.017953670035356386,Low
2016-11-18,SVR,60D,2,0.0730356245904566,0.01682701521575666,Low
2016-11-21,SVR,60D,2,0.0672790718468201,0.017361028960634167,Normal
2016-11-22,SVR,60D,2,0.071145830763296,0.017117412458332853,Normal
2016-11-23,SVR,60D,2,0.0692553464595832,0.016696385979674166,Low
2016-11-25,SVR,60D,2,0.0657674998174185,0.017593544120219667,Low
2016-11-28,SVR,60D,2,0.0725281393041854,0.017580818321549212,Normal
2016-11-29,SVR,60D,2,0.0722112022186572,0.017192211370128035,Low
2016-11-30,SVR,60D,2,0.0722864266586187,0.01681820773790636,Low
2016-12-01,SVR,60D,2,0.0893893607091078,0.017323771281595273,Low
2016-12-02,SVR,60D,2,0.0831153160169178,0.017833077543062164,Low
2016-12-05,SVR,60D,2,0.0778146394587091,0.015865707311733642,Low
2016-12-06,SVR,60D,2,0.0711269322262688,0.022394289650220858,Low
2016-12-07,SVR,60D,2,0.0551319475794554,0.021704761802865468,Low
2016-12-08,SVR,60D,2,0.0506881045985206,0.027533990292950807,Low
2016-12-09,SVR,60D,2,0.0455662616783172,0.029150308681839373,Low
2016-12-12,SVR,60D,2,0.0499676836747751,0.0287671198421147,Low
2016-12-13,SVR,60D,2,0.0438157660927078,0.028373392176541872,Low
2016-12-14,SVR,60D,2,0.0485813125736756,0.02484761405800717,Low
2016-12-15,SVR,60D,2,0.0530454840108083,0.024706180903282023,Low
2016-12-16,SVR,60D,2,0.0531696059626048,0.022409637185498498,Low
2016-12-19,SVR,60D,2,0.0498812539831622,0.024553825520200395,Low
2016-12-20,SVR,60D,2,0.0442384255016291,0.024779389547176883,Low
2016-12-21,SVR,60D,2,0.0342132166362046,0.025134495007239296,Low
2016-12-22,SVR,60D,2,0.0379660307060637,0.02666162152700113,Low
2016-12-23,SVR,60D,2,0.0356542660261545,0.027130220926331366,Low
2016-12-27,SVR,60D,2,0.0325640649076675,0.0281449614085478,Low
2016-12-28,SVR,60D,2,0.0399355980315933,0.02774474139057102,Low
2016-12-29,SVR,60D,2,0.0474542545930855,0.027340517797099808,Low
2016-12-30,SVR,60D,2,0.05318682549377,0.027685063681185434,Low
2017-01-03,SVR,60D,2,0.047666869652318,0.022965459924146666,Low
2017-01-04,SVR,60D,2,0.0397033119435019,0.022414979926801384,Low
2017-01-05,SVR,60D,2,0.0388308042379696,0.02323884202807931,Low
2017-01-06,SVR,60D,2,0.035879381132052,0.02651934727058645,Low
2017-01-09,SVR,60D,2,0.0363747497920893,0.026392398923133716,Low
2017-01-10,SVR,60D,2,0.0383024000858243,0.028151798479225523,Low
2017-01-11,SVR,60D,2,0.0346492852337775,0.026659542869051322,Low
2017-01-12,SVR,60D,2,0.0374838477632903,0.026146620129282035,Low
2017-01-13,SVR,60D,2,0.0342008080761853,0.027781632521181165,Low
2017-01-17,SVR,60D,2,0.0334056851134167,0.027957233299705463,Low
2017-01-18,SVR,60D,2,0.0248054643538033,0.02925817105546871,Low
2017-01-19,SVR,60D,2,0.0369977676692296,0.028725467743242927,Low
2017-01-20,SVR,60D,2,0.0307295807620965,0.02535501171387265,Low
2017-01-23,SVR,60D,2,0.0317055050112978,0.027874665668551426,Low
2017-01-24,SVR,60D,2,0.0326912148453094,0.025125050909995308,Low
2017-01-25,SVR,60D,2,0.0216574739422251,0.02538437956379058,Low
2017-01-26,SVR,60D,2,0.0331748654656,0.02562747322283612,Low
2017-01-27,SVR,60D,2,0.0401139191670928,0.02746911916533459,Low
2017-01-30,SVR,60D,2,0.0456557711875022,0.027646870942883203,Low
2017-01-31,SVR,60D,2,0.0470988397958337,0.029503385771429382,Low
2017-02-01,SVR,60D,2,0.0448855413362274,0.028758068114393447,Low
2017-02-02,SVR,60D,2,0.0460461863244302,0.027894859863090576,Low
2017-02-03,SVR,60D,2,0.039996033055688,0.028528446065238435,Low
2017-02-06,SVR,60D,2,0.0408414611735698,0.03056033600725695,Low
2017-02-07,SVR,60D,2,0.0411965909975935,0.03226534750900288,Low
2017-02-08,SVR,60D,2,0.0445838682564623,0.03263291326608456,Low
2017-02-09,SVR,60D,2,0.0388852497924102,0.03134687989722787,Low
2017-02-10,SVR,60D,2,0.0342997684136078,0.0318236058202058,Low
2017-02-13,SVR,60D,2,0.0301975975470459,0.03293941494281241,Low
2017-02-14,SVR,60D,2,0.0240331189772667,0.03224978369839862,Low
2017-02-15,SVR,60D,2,0.0175736949707379,0.03570357481587064,Low
2017-02-16,SVR,60D,2,0.0232033288753034,0.03311989211813786,Low
2017-02-17,SVR,60D,2,0.0208390465110801,0.03410523326789544,Low
2017-02-21,SVR,60D,2,-0.0035362716801041,0.034028589459289965,Low
2017-02-22,SVR,60D,2,0.0012265530939161,0.03334672737799037,Low
2017-02-23,SVR,60D,2,0.0075523573308573,0.034159824290743365,Low
2017-02-24,SVR,60D,2,0.0112069703948341,0.03298116646999323,Low
2017-02-27,SVR,60D,2,0.0120256902994809,0.03500505327140928,Low
2017-02-28,SVR,60D,2,0.017093430219252,0.03827666730894942,Low
2017-03-01,SVR,60D,2,0.0079443311775048,0.030467915200970887,Low
2017-03-02,SVR,60D,2,0.0141319499349125,0.026660256328230835,Low
2017-03-03,SVR,60D,2,0.0124228488368438,0.02962491121461838,Low
2017-03-06,SVR,60D,2,0.0152453969804584,0.028715476145799692,Low
2017-03-07,SVR,60D,2,0.0257056184673955,0.03062881088666627,Low
2017-03-08,SVR,60D,2,0.0316933210495054,0.0354697940976865,Low
2017-03-09,SVR,60D,2,0.0296753382963105,0.032331024200856096,Low
2017-03-10,SVR,60D,2,0.0236290899242478,0.030957778718056727,Low
2017-03-13,SVR,60D,2,0.0248295531014258,0.0319296607527178,Low
2017-03-14,SVR,60D,2,0.0284814711179815,0.03347028207907317,Low
2017-03-15,SVR,60D,2,0.0193112581271077,0.030277909625714843,Low
2017-03-16,SVR,60D,2,0.0199600504465733,0.030883738584229502,Low
2017-03-17,SVR,60D,2,0.0257765885540348,0.03251989671479279,Low
2017-03-20,SVR,60D,2,0.0267921776690977,0.0327869794195014,Low
2017-03-21,SVR,60D,2,0.0370356624623593,0.029816782964138613,Low
2017-03-22,SVR,60D,2,0.0354311587649565,0.03252926216205265,Low
2017-03-23,SVR,60D,2,0.0448045741166804,0.029489660935829134,Low
2017-03-24,SVR,60D,2,0.0389297658836872,0.030098762525132477,Low
2017-03-27,SVR,60D,2,0.0393670592762612,0.0284378734052451,Low
2017-03-28,SVR,60D,2,0.0316858644741992,0.025976904595647384,Low
2017-03-29,SVR,60D,2,0.0321608268257779,0.029470869509381766,Low
2017-03-30,SVR,60D,2,0.0295457678538055,0.031350668893768086,Low
2017-03-31,SVR,60D,2,0.0236977752163994,0.0327986478116369,Low
2017-04-03,SVR,60D,2,0.0341107521709638,0.0324513328306283,Low
2017-04-04,SVR,60D,2,0.0249141692521613,0.03254636115303235,Low
2017-04-05,SVR,60D,2,0.0295057636745569,0.035519311498292586,Low
2017-04-06,SVR,60D,2,0.0298862813599694,0.03253753941129639,Low
2017-04-07,SVR,60D,2,0.032165977859203,0.03302598706713561,Low
2017-04-10,SVR,60D,2,0.0220655404165536,0.03401078988145102,Low
2017-04-11,SVR,60D,2,0.0298831612781277,0.035479359083963866,Low
2017-04-12,SVR,60D,2,0.0345775348006271,0.03500821527905068,Low
2017-04-13,SVR,60D,2,0.0406325680243491,0.03643501252489065,Low
2017-04-17,SVR,60D,2,0.0393351532810635,0.030971658027904716,Low
2017-04-18,SVR,60D,2,0.0441155856003699,0.030278584845865566,Low
2017-04-19,SVR,60D,2,0.0504960271672477,0.03616810318290038,Low
2017-04-20,SVR,60D,2,0.042914262567567,0.03152050354135427,Low
2017-04-21,SVR,60D,2,0.0465516293727935,0.0339735834358956,Low
2017-04-24,SVR,60D,2,0.0411281510007351,0.024352915352058257,Low
2017-04-25,SVR,60D,2,0.034902265700377,0.029512615343169107,Low
2017-04-26,SVR,60D,2,0.0350201478468554,0.030996766033929476,Low
2017-04-27,SVR,60D,2,0.0334030798511475,0.031678744549021726,Low
2017-04-28,SVR,60D,2,0.0382369668425355,0.030883012000327486,Low
2017-05-01,SVR,60D,2,0.036788799021761,0.0315341632782208,Low
2017-05-02,SVR,60D,2,0.0346272937985559,0.033781267618737426,Low
2017-05-03,SVR,60D,2,0.0345574475162673,0.03171906210008181,Low
2017-05-04,SVR,60D,2,0.0332471033938379,0.031431931448286085,Low
2017-05-05,SVR,60D,2,0.0316128647612978,0.03192453834451052,Low
2017-05-08,SVR,60D,2,0.0320679468967374,0.030281568462470525,Low
2017-05-09,SVR,60D,2,0.0309076796185849,0.032888326544365035,Low
2017-05-10,SVR,60D,2,0.0316650383186747,0.03324779976397545,Low
2017-05-11,SVR,60D,2,0.0354760343370618,0.033404503209404746,Low
2017-05-12,SVR,60D,2,0.0345382174474707,0.03430918982399525,Low
2017-05-15,SVR,60D,2,0.0294094003517431,0.03314317557359793,Low
2017-05-16,SVR,60D,2,0.0155163149879877,0.033968656872558664,Low
2017-05-17,SVR,60D,2,0.0351365402870899,0.036682503877682945,Low
2017-05-18,SVR,60D,2,0.0414501529059233,0.028836276084828704,Low
2017-05-19,SVR,60D,2,0.0342065173708394,0.02537074741670103,Low
2017-05-22,SVR,60D,2,0.0304787495981632,0.02603526411487411,Low
2017-05-23,SVR,60D,2,0.0130852219385914,0.024833696428428084,Low
2017-05-24,SVR,60D,2,0.0087621344726631,0.027414512460245438,Low
2017-05-25,SVR,60D,2,0.0054919981452512,0.03327366285692261,Low
2017-05-26,SVR,60D,2,0.0150731916205738,0.03214145300681785,Low
2017-05-30,SVR,60D,2,0.0128189722174686,0.03239387639950703,Low
2017-05-31,SVR,60D,2,0.0112024300902816,0.030528869905914035,Low
2017-06-01,SVR,60D,2,0.0053313061743717,0.029244536059066444,Low
2017-06-02,SVR,60D,2,0.0021173850296218,0.02854143922763928,Low
2017-06-05,SVR,60D,2,0.0041782589320601,0.02897372341953455,Low
2017-06-06,SVR,60D,2,0.0115656993863253,0.02895899879285797,Low
2017-06-07,SVR,60D,2,0.0157033441746913,0.028908474334703543,Low
2017-06-08,SVR,60D,2,0.0174167531813618,0.02930216510993681,Low
2017-06-09,SVR,60D,2,0.0106676284954042,0.030316712649827642,Low
2017-06-12,SVR,60D,2,0.0147707134682662,0.030396274551660395,Low
2017-06-13,SVR,60D,2,0.0100909025801826,0.029504412291788015,Low
2017-06-14,SVR,60D,2,0.0095972694020424,0.029503154754175778,Low
2017-06-15,SVR,60D,2,0.0226203543960299,0.03436662284607414,Low
2017-06-16,SVR,60D,2,0.0256950578408534,0.03173170975272176,Low
2017-06-19,SVR,60D,2,0.0181393088820419,0.033637241901947404,Low
2017-06-20,SVR,60D,2,0.0237571454781457,0.03134417719095288,Low
2017-06-21,SVR,60D,2,0.0261854372175766,0.03236840899445556,Low
2017-06-22,SVR,60D,2,0.0280961851191442,0.03217668944847499,Low
2017-06-23,SVR,60D,2,0.0276460661804665,0.0309020179654028,Low
2017-06-26,SVR,60D,2,0.0279644609430436,0.0340540402062601,Low
2017-06-27,SVR,60D,2,0.0330194815718015,0.03362801426398182,Low
2017-06-28,SVR,60D,2,0.0248975639204175,0.030134646048190158,Low
2017-06-29,SVR,60D,2,0.0313102580647049,0.027004567018499525,Low
2017-06-30,SVR,60D,2,0.0298503645797264,0.0305736686884898,Low
2017-07-03,SVR,60D,2,0.0316190190025666,0.029088217466629245,Low
2017-07-05,SVR,60D,2,0.031370685595216,0.02557521599588716,Low
2017-07-06,SVR,60D,2,0.0444819359705808,0.029590921348798992,Low
2017-07-07,SVR,60D,2,0.0419657422306776,0.026907854169618325,Low
2017-07-10,SVR,60D,2,0.0431949173118259,0.026127210626831193,Low
2017-07-11,SVR,60D,2,0.0452238480390217,0.027098302036102553,Low
2017-07-12,SVR,60D,2,0.0435757011224929,0.02717501028245296,Low
2017-07-13,SVR,60D,2,0.04062866048378,0.027204942628533454,Low
2017-07-14,SVR,60D,2,0.0341599804457572,0.0285013526667702,Low
2017-07-17,SVR,60D,2,0.036532614312942,0.029119996119937454,Low
2017-07-18,SVR,60D,2,0.0377368185444946,0.02948955625319496,Low
2017-07-19,SVR,60D,2,0.0306903832080897,0.031360846966501627,Low
2017-07-20,SVR,60D,2,0.031721776301543,0.030537539399814708,Low
2017-07-21,SVR,60D,2,0.0338389381630575,0.0314112508686233,Low
2017-07-24,SVR,60D,2,0.0355755920639004,0.031229563604209584,Low
2017-07-25,SVR,60D,2,0.033398744055332,0.030746773542789204,Low
2017-07-26,SVR,60D,2,0.0334440641642229,0.03217868165052143,Low
2017-07-27,SVR,60D,2,0.039521021986647,0.03141941536053253,Low
2017-07-28,SVR,60D,2,0.0368826423517659,0.03349417020500427,Low
2017-07-31,SVR,60D,2,0.0392276540608836,0.033074450909894665,Low
2017-08-01,SVR,60D,2,0.0321075775986853,0.03351576173192976,Low
2017-08-02,SVR,60D,2,0.0328851894419401,0.033365059123553906,Low
2017-08-03,SVR,60D,2,0.0431118412566128,0.03489499239830968,Low
2017-08-04,SVR,60D,2,0.0380269424623326,0.034917006689941604,Low
2017-08-07,SVR,60D,3,0.0373251107547317,0.03532444323773842,Low
2017-08-08,SVR,60D,3,0.041333307093021,0.03855084837827706,Low
2017-08-09,SVR,60D,3,0.0418869296554,0.035008839313791895,Low
2017-08-10,SVR,60D,3,0.0595594373824559,0.03395827789920772,Low
2017-08-11,SVR,60D,3,0.0595551241392451,0.03925819800705932,Low
2017-08-14,SVR,60D,3,0.0493723520881137,0.035499330829987144,Low
2017-08-15,SVR,60D,3,0.0513138983470578,0.032098963150174784,Low
2017-08-16,SVR,60D,3,0.0461258214843552,0.03289796847273374,Low
2017-08-17,SVR,60D,3,0.0607851169954929,0.03410046016654271,Low
2017-08-18,SVR,60D,3,0.0636053215681381,0.035400712712859064,Low
2017-08-21,SVR,60D,3,0.0601310652932899,0.03184228158192885,Low
2017-08-22,SVR,60D,3,0.0446983712905412,0.0312610494324988,Low
2017-08-23,SVR,60D,3,0.0563205942061525,0.02681795454242734,Low
2017-08-24,SVR,60D,3,0.0557677939743935,0.02771360683386721,Low
2017-08-25,SVR,60D,3,0.055371192194246,0.0297522793616798,Low
2017-08-28,SVR,60D,3,0.0614040776007025,0.02965083860511591,Low
2017-08-29,SVR,60D,3,0.0598110681353632,0.027979364565702946,Low
2017-08-30,SVR,60D,3,0.0572605206255343,0.028271244428295133,Low
2017-08-31,SVR,60D,3,0.0511715154540175,0.029032672225990843,Low
2017-09-01,SVR,60D,3,0.058991269608476,0.029322523340797237,Low
2017-09-05,SVR,60D,3,0.06620143427783,0.032296723546063846,Low
2017-09-06,SVR,60D,3,0.0712351784474971,0.02847228772669817,Low
2017-09-07,SVR,60D,3,0.0693870475565453,0.027884051355470823,Low
2017-09-08,SVR,60D,3,0.0698242971507167,0.03215201458075746,Low
2017-09-11,SVR,60D,3,0.0552969314276142,0.02916088879356994,Low
2017-09-12,SVR,60D,3,0.0518245166622006,0.029386291424943308,Low
2017-09-13,SVR,60D,3,0.0539957494242275,0.0291012315660257,Low
2017-09-14,SVR,60D,3,0.0605882753105736,0.029085290893239867,Low
2017-09-15,SVR,60D,3,0.0619396398861102,0.03044156009235106,Low
2017-09-18,SVR,60D,3,0.0620325016790703,0.03037334075404739,Low
2017-09-19,SVR,60D,3,0.0604498530921886,0.0320492893368616,Low
2017-09-20,SVR,60D,3,0.0557365386591166,0.031904648735748484,Low
2017-09-21,SVR,60D,3,0.0677214180161742,0.03257549230607705,Low
2017-09-22,SVR,60D,3,0.0724223126006048,0.03397708694329034,Low
2017-09-25,SVR,60D,3,0.0714113372573401,0.035455599382310576,Low
2017-09-26,SVR,60D,3,0.0705109370578726,0.0344008094291683,Low
2017-09-27,SVR,60D,3,0.0684178016685429,0.033397049280804655,Low
2017-09-28,SVR,60D,3,0.0667556394014913,0.03337512344832641,Low
2017-09-29,SVR,60D,3,0.0619984006329339,0.03403311495064093,Low
2017-10-02,SVR,60D,3,0.0589225101134639,0.034833887768904157,Low
2017-10-03,SVR,60D,3,0.0585983179317225,0.035466482092319326,Low
2017-10-04,SVR,60D,3,0.0521557419778605,0.03635626335305796,Low
2017-10-05,SVR,60D,3,0.0547939161649659,0.03581227311433999,Low
2017-10-06,SVR,60D,3,0.0622465605741419,0.036688897445035756,Low
2017-10-09,SVR,60D,3,0.0680731672974825,0.03567192265043792,Low
2017-10-10,SVR,60D,3,0.0727625935555897,0.03715769609004023,Low
2017-10-11,SVR,60D,3,0.0726216743932232,0.0362231463159218,Low
2017-10-12,SVR,60D,3,0.075611935030873,0.037844034506439334,Low
2017-10-13,SVR,60D,3,0.0736213672145059,0.03715155021493945,Low
2017-10-16,SVR,60D,3,0.0788811704510823,0.03736345101153005,Low
2017-10-17,SVR,60D,3,0.0849357439447422,0.03767208561917275,Low
2017-10-18,SVR,60D,3,0.0806629711718101,0.037010233214081284,Low
2017-10-19,SVR,60D,3,0.0897060332633019,0.03700658473451479,Low
2017-10-20,SVR,60D,3,0.0829845395807977,0.03719774176521952,Low
2017-10-23,SVR,60D,3,0.0913405828807851,0.03940801672680129,Low
2017-10-24,SVR,60D,3,0.0977583463884403,0.03713224623863391,Low
2017-10-25,SVR,60D,3,0.1046043070439226,0.03537198846432797,Low
2017-10-26,SVR,60D,3,0.1027740352460883,0.03616083511411995,Low
2017-10-27,SVR,60D,3,0.0953358646651941,0.034738730742622334,Low
2017-10-30,SVR,60D,3,0.1103050801480191,0.03395029238998959,Low
2017-10-31,SVR,60D,3,0.1026063309264767,0.03469520687764517,Low
2017-11-01,SVR,60D,3,0.0900568440132356,0.03409976349464312,Low
2017-11-02,SVR,60D,3,0.0903557621022637,0.03403875187472018,Low
2017-11-03,SVR,60D,3,0.0866151744239259,0.035003596383848964,Low
2017-11-06,SVR,60D,3,0.0639080500224508,0.03707178894582645,Low
2017-11-07,SVR,60D,3,0.0222546298891511,0.03921652797729712,Low
2017-11-08,SVR,60D,3,0.0381025893060279,0.037532100750982594,Low
2017-11-09,SVR,60D,3,0.0368574324216455,0.038411428519110336,Low
2017-11-10,SVR,60D,3,-0.0005035728481023,0.04075403237865438,Low
2017-11-13,SVR,60D,3,0.0133389214401289,0.038968548016900514,Low
2017-11-14,SVR,60D,3,0.0294698676785971,0.039212687093604565,Low
2017-11-15,SVR,60D,3,0.037620388400998,0.0424356250754889,Low
2017-11-16,SVR,60D,3,0.0427711754269228,0.03758197660752839,Low
2017-11-17,SVR,60D,3,0.0573974541825955,0.036864646499586984,Low
2017-11-20,SVR,60D,3,0.0564959839437271,0.03805990276276877,Low
2017-11-21,SVR,60D,3,0.0441176279571371,0.03725676477574344,Low
2017-11-22,SVR,60D,3,0.0393565061771558,0.03753080772413381,Low
2017-11-24,SVR,60D,3,0.0382755993845018,0.03693839660985933,Low
2017-11-27,SVR,60D,3,0.0545612092164261,0.04073917446135358,Low
2017-11-28,SVR,60D,3,0.0564493156402598,0.037459866638890185,Low
2017-11-29,SVR,60D,3,0.0440302980815831,0.03983914411893816,Low
2017-11-30,SVR,60D,3,0.0247149053351159,0.03774113963777875,Low
2017-12-01,SVR,60D,3,0.0133275224160449,0.035449079841223904,Low
2017-12-04,SVR,60D,3,0.0194390184505298,0.03815073375259592,Low
2017-12-05,SVR,60D,3,0.0341570265870116,0.03844204515737702,Low
2017-12-06,SVR,60D,3,0.0369065216895389,0.03836708600675953,Low
2017-12-07,SVR,60D,3,0.0334944628537132,0.0378618799749106,Low
2017-12-08,SVR,60D,3,0.0324564090270798,0.03689973536948288,Low
2017-12-11,SVR,60D,3,0.0464891136465915,0.037442332426494945,Low
2017-12-12,SVR,60D,3,0.0436665925865035,0.03995687075456347,Low
2017-12-13,SVR,60D,3,0.037755751142339,0.03942027918782573,Low
2017-12-14,SVR,60D,3,0.0360939490479129,0.0402664202537661,Low
2017-12-15,SVR,60D,3,0.0263773992386735,0.03962168283643651,Low
2017-12-18,SVR,60D,3,0.0227309186063077,0.03454891690238274,Low
2017-12-19,SVR,60D,3,0.0116603761080529,0.036936077536842124,Low
2017-12-20,SVR,60D,3,0.0139693208433445,0.03728928991122865,Low
2017-12-21,SVR,60D,3,0.0101399417050566,0.03681240198821116,Low
2017-12-22,SVR,60D,3,-0.0148866736296839,0.03632323300831543,Low
2017-12-26,SVR,60D,3,-0.035017505241376,0.03811029146649207,Low
2017-12-27,SVR,60D,3,-0.0090130928455829,0.03835820685476829,Low
2017-12-28,SVR,60D,3,-0.0282726974938243,0.03774439029236244,Low
2017-12-29,SVR,60D,3,-0.0259969841005387,0.038684374350724665,Low
2018-01-02,SVR,60D,3,-0.0205902848250933,0.03688141287439187,Low
2018-01-03,SVR,60D,3,-0.0495594004125253,0.035106806440055566,Low
2018-01-04,SVR,60D,3,-0.0410439819521111,0.03613357307374768,Low
2018-01-05,SVR,60D,3,-0.0365530254942496,0.03498498694049737,Low
2018-01-08,SVR,60D,3,-0.0313745678598954,0.038111219041651864,Low
2018-01-09,SVR,60D,3,-0.0548407184342588,0.03875116630172494,Low
2018-01-10,SVR,60D,3,-0.0503968776551452,0.036475099449477674,Low
2018-01-11,SVR,60D,3,-0.0408173044277131,0.03546290370409999,Low
2018-01-12,SVR,60D,3,-0.0530849165992685,0.03422407610275169,Low
2018-01-16,SVR,60D,3,-0.0413373046400088,0.04120368852116302,Low
2018-01-17,SVR,60D,3,-0.0535991106732176,0.032033741287193024,Low
2018-01-18,SVR,60D,3,-0.043905076374181,0.034628946246642145,Low
2018-01-19,SVR,60D,3,-0.0376756527473044,0.03394720947400996,Low
2018-01-22,SVR,60D,3,-0.0448789967219645,0.03172063341094,Low
2018-01-23,SVR,60D,3,-0.0527935834860193,0.03448734483302189,Low
2018-01-24,SVR,60D,3,-0.06080662812714,0.03693954438227036,Low
2018-01-25,SVR,60D,3,-0.0613528374147885,0.035270018862623126,Low
2018-01-26,SVR,60D,3,-0.0865953635273479,0.03166890028501944,Low
2018-01-29,SVR,60D,3,-0.0780052530096611,0.03358485302517637,Low
2018-01-30,SVR,60D,3,-0.0566664660169471,0.03644328212556368,Low
2018-01-31,SVR,60D,3,-0.0560423266042779,0.03450199699172565,Low
2018-02-01,SVR,60D,3,-0.0636152208011759,0.029730843808809092,Low
2018-02-02,SVR,60D,3,-0.0396327381134496,0.03469895371053097,Normal
2018-02-05,SVR,60D,3,-0.0050221483764706,0.005262928211074651,High
2018-02-06,SVR,60D,3,-0.0245689393104717,0.07258400902167708,High
2018-02-07,SVR,60D,3,-0.0068249910583842,0.07335703532045695,High
2018-02-08,SVR,60D,3,0.0348860417424073,0.09795829281545528,High
2018-02-09,SVR,60D,3,0.0197947199311493,0.08119716930372081,High
2018-02-12,SVR,60D,3,0.0156117021878317,0.050198457431671825,High
2018-02-13,SVR,60D,3,0.0223291918114027,0.03439743181136887,High
2018-02-14,SVR,60D,3,0.0107218912734667,0.03194929654899843,High
2018-02-15,SVR,60D,3,-0.0003918709931818,0.020305864867715778,High
2018-02-16,SVR,60D,3,-0.0076309256870942,0.01986772406316196,High
2018-02-20,SVR,60D,3,0.0022799312672574,0.01135583131005528,High
2018-02-21,SVR,60D,3,0.0069353569619581,0.011086884017516573,High
2018-02-22,SVR,60D,3,0.00332661422183,0.006065067825414976,High
2018-02-23,SVR,60D,3,-0.0052150594753577,-7.498090252196568e-05,High
2018-02-26,SVR,60D,3,-0.0200441866888604,-0.0009789101933579437,High
2018-02-27,SVR,60D,3,-0.004012730040494,0.0013581134676335198,High
2018-02-28,SVR,60D,3,0.0051198130854393,0.004907244496142018,High
2018-03-01,SVR,60D,3,0.0161737758861299,0.006709157542658755,High
2018-03-02,SVR,60D,3,-0.0005165821108609,0.009396583750055209,High
2018-03-05,SVR,60D,3,0.0011276756305362,-0.005716344808381877,High
2018-03-06,SVR,60D,3,-0.0084110405448946,0.003910560036599436,High
2018-03-07,SVR,60D,3,0.0028637509900616,0.0011511307605815528,High
2018-03-08,SVR,60D,3,0.0028801976795291,0.000572069767121302,High
2018-03-09,SVR,60D,3,-0.0136470027921029,-0.0025107683647809555,Normal
2018-03-12,SVR,60D,3,-0.0038413048167924,0.0032657654673460233,Normal
2018-03-13,SVR,60D,3,0.0018281619755377,-0.0009327731065559182,Normal
2018-03-14,SVR,60D,3,0.0106901607084777,0.002827890803131349,Normal
2018-03-15,SVR,60D,3,0.0125405341145145,0.003854341471899791,Normal
2018-03-16,SVR,60D,3,0.0125804034459868,0.0028489314351286925,Normal
2018-03-19,SVR,60D,3,0.0228521894459487,0.001044744666931937,Normal
2018-03-20,SVR,60D,3,0.0238399813067334,0.007614342695467121,Normal
2018-03-21,SVR,60D,3,0.0246680531168687,0.0024728609222587454,Normal
2018-03-22,SVR,60D,3,0.0480245489088366,0.01307274548132296,High
2018-03-23,SVR,60D,3,0.0651828382691959,0.024773237848978957,High
2018-03-26,SVR,60D,3,0.040098487787273,0.024935033683921654,High
2018-03-27,SVR,60D,3,0.0511600445893745,0.027511341884833066,High
2018-03-28,SVR,60D,3,0.055941166743971,0.023341951512994143,High
2018-03-29,SVR,60D,3,0.028445666282357,0.011251431938316413,High
2018-04-02,SVR,60D,3,0.0532384991315497,0.0027149944854488843,High
2018-04-03,SVR,60D,3,0.0320609515026674,0.01055401151204188,High
2018-04-04,SVR,60D,3,0.026720529175252,-0.0023681591795488323,High
2018-04-05,SVR,60D,3,0.0206392236611176,-0.0008131832881419533,High
2018-04-06,SVR,60D,3,0.0458665515524761,-0.00823905029237618,High
2018-04-09,SVR,60D,3,0.0375759273043493,-0.007593216084370056,High
2018-04-10,SVR,60D,3,0.0295711850535734,0.0031139696698466272,High
2018-04-11,SVR,60D,3,0.0435573884266146,-0.007814830671268955,High
2018-04-12,SVR,60D,3,0.0441247805142991,-0.00842138950072419,High
2018-04-13,SVR,60D,3,0.0504828296598276,-0.015271773103791329,High
2018-04-16,SVR,60D,3,0.0352870064863483,-0.016361997440593554,High
2018-04-17,SVR,60D,3,0.0333929264526536,-0.02072533352606203,High
2018-04-18,SVR,60D,3,0.0336405615817091,-0.022980641669421823,High
2018-04-19,SVR,60D,3,0.0383544787566431,-0.029131512350522974,High
2018-04-20,SVR,60D,3,0.0508934802884391,-0.023314196328124624,High
2018-04-23,SVR,60D,3,0.0529954322539921,-0.024029406099784798,High
2018-04-24,SVR,60D,3,0.0625054934114177,-0.04202467659385219,High
2018-04-25,SVR,60D,3,0.0597212214073196,-0.019437899497816272,High
2018-04-26,SVR,60D,3,0.0511774395631741,-0.021153691052212226,High
2018-04-27,SVR,60D,3,0.0548339531778637,-0.02211741779614421,High
2018-04-30,SVR,60D,3,0.0721155807971577,-0.016900686651964026,Normal
2018-05-01,SVR,60D,3,0.0665328758772627,-0.022198918079239644,Normal
2018-05-02,SVR,60D,3,0.0671809924338197,-0.01402695067295794,Normal
2018-05-03,SVR,60D,3,0.0636664207032965,-0.01626360518337289,Normal
2018-05-04,SVR,60D,3,0.0558094478942646,-0.011111180412198333,Normal
2018-05-07,SVR,60D,3,0.0513165742717036,0.0005141625898975287,Normal
2018-05-08,SVR,60D,3,0.056496600465646,-0.0021157548754133955,Normal
2018-05-09,SVR,60D,3,0.0514943845961254,0.0018793970528733044,Normal
2018-05-10,SVR,60D,3,0.0456993556430785,0.006859610243893557,Normal
2018-05-11,SVR,60D,3,0.0468134181186031,0.002847371820604721,Normal
2018-05-14,SVR,60D,3,0.0456679042151813,0.0002088317324968024,Normal
2018-05-15,SVR,60D,3,0.0510908445821324,-0.0027178731553023534,Normal
2018-05-16,SVR,60D,3,0.0398991924713735,0.003284349730487187,Normal
2018-05-17,SVR,60D,3,0.0367413935940033,-0.0013902951347279126,Normal
2018-05-18,SVR,60D,3,0.0457459888649708,-0.0007568040550221013,Normal
2018-05-21,SVR,60D,3,0.0307551757356588,-0.0014749227396232446,Normal
2018-05-22,SVR,60D,3,0.0417840788811721,0.001291629571044308,Low
2018-05-23,SVR,60D,3,0.0418585400495365,0.0007653944807165074,Low
2018-05-24,SVR,60D,3,0.0463088779093874,-0.0006885911135575164,Low
2018-05-25,SVR,60D,3,0.0507352809182002,0.0025354349302547895,Low
2018-05-29,SVR,60D,3,0.061968622375749,0.01776694532521798,Low
2018-05-30,SVR,60D,3,0.0476600531002901,0.009883117308752309,Normal
2018-05-31,SVR,60D,3,0.0607430922720095,0.005430577228041297,Normal
2018-06-01,SVR,60D,3,0.0575934339698802,0.0074565356806392084,Normal
2018-06-04,SVR,60D,3,0.0533930811491263,0.002792081847166821,Low
2018-06-05,SVR,60D,3,0.0583759773484622,0.003167693216856112,Low
2018-06-06,SVR,60D,3,0.0454049046666922,0.004216122252339551,Normal
2018-06-07,SVR,60D,3,0.0462538167559818,0.003916804242456547,Low
2018-06-08,SVR,60D,3,0.0414770957993511,0.0032184153132099984,Low
2018-06-11,SVR,60D,3,0.0376018959911447,0.003986669517071131,Low
2018-06-12,SVR,60D,3,0.0322010376758227,0.003924706686049186,Low
2018-06-13,SVR,60D,3,0.0340194943222197,0.007368027801626955,Low
2018-06-14,SVR,60D,3,0.0334470220144094,0.004994346332759744,Low
2018-06-15,SVR,60D,3,0.038197508019619,0.004753377152101331,Low
2018-06-18,SVR,60D,3,0.0406825075503991,0.0053442937512556375,Low
2018-06-19,SVR,60D,3,0.0499823776611817,0.0076233339163617846,Low
2018-06-20,SVR,60D,3,0.0485471313378356,0.013040739802108941,Low
2018-06-21,SVR,60D,3,0.0493275691895067,0.016265417884091426,Low
2018-06-22,SVR,60D,3,0.0528220188019981,0.016260478508852618,Low
2018-06-25,SVR,60D,3,0.0678942298029406,0.017844485119461028,Normal
2018-06-26,SVR,60D,3,0.0735020934825729,0.02457265051172487,Low
2018-06-27,SVR,60D,3,0.0817750788587071,0.018066683746000785,Low
2018-06-28,SVR,60D,3,0.072093516525662,0.023268859559431098,Low
2018-06-29,SVR,60D,3,0.0700294521450272,0.02119432598481338,Low
2018-07-02,SVR,60D,3,0.0636714916295737,0.022183843858797677,Low
2018-07-03,SVR,60D,3,0.0713905971386187,0.02391778877417831,Low
2018-07-05,SVR,60D,3,0.0627998702489427,0.024413213119036336,Low
2018-07-06,SVR,60D,3,0.057988844990561,0.02315214179089153,Low
2018-07-09,SVR,60D,3,0.0488077852949404,0.02499251241344821,Low
2018-07-10,SVR,60D,3,0.0460518027128368,0.02343139094304476,Low
2018-07-11,SVR,60D,3,0.0449682536637435,0.022362693297839544,Low
2018-07-12,SVR,60D,3,0.0307139474989493,0.024467808738763832,Low
2018-07-13,SVR,60D,3,0.0292400972539911,0.021592632931134902,Low
2018-07-16,SVR,60D,3,0.0288498520407353,0.022130589838593947,Low
2018-07-17,SVR,60D,3,-0.0085323613453101,0.021028799598558492,Low
2018-07-18,SVR,60D,3,-0.031478123394589,0.021501692189949486,Low
2018-07-19,SVR,60D,3,-0.0134110611371631,0.023966884989641012,Low
2018-07-20,SVR,60D,3,-0.0183846456571888,0.024058524964131158,Low
2018-07-23,SVR,60D,3,0.0010468200344808,0.023395053745505736,Low
2018-07-24,SVR,60D,3,-0.0039753931142375,0.025716840269460497,Low
2018-07-25,SVR,60D,3,-0.0275323187599513,0.023649210961224503,Low
2018-07-26,SVR,60D,3,-0.0248566511463633,0.025028483145148047,Low
2018-07-27,SVR,60D,3,-0.0225816135979956,0.025214455943239535,Low
2018-07-30,SVR,60D,3,-0.0223379004631026,0.027544627711779564,Low
2018-07-31,SVR,60D,3,-0.0585615115435465,0.02867741327873918,Low
2018-08-01,SVR,60D,3,-0.0390669004972612,0.02681774492304145,Low
2018-08-02,SVR,60D,3,-0.0614603880894731,0.024349719936603644,Low
2018-08-03,SVR,60D,3,-0.0726750284500152,0.026615366803627413,Low
2018-08-06,SVR,60D,3,-0.0606616881289393,0.028483188549788898,Low
2018-08-07,SVR,60D,3,-0.052689011120854,0.028572511300718428,Low
2018-08-08,SVR,60D,3,-0.0419240978590295,0.027634026318146068,Low
2018-08-09,SVR,60D,3,-0.0468181042378694,0.0288896658120943,Low
2018-08-10,SVR,60D,3,-0.0340940982774308,0.030213215669519827,Low
2018-08-13,SVR,60D,3,-0.0238402728670419,0.031491822392772525,Low
2018-08-14,SVR,60D,3,-0.0092221243226853,0.02843337175318873,Low
2018-08-15,SVR,60D,3,-0.004102984729798,0.028022697722096156,Low
2018-08-16,SVR,60D,3,-0.0212327851978086,0.02767859591668052,Low
2018-08-17,SVR,60D,3,-0.0444485425585392,0.025436744055605694,Low
2018-08-20,SVR,60D,3,-0.0483566362828414,0.025750874045489616,Low
2018-08-21,SVR,60D,3,-0.058019225055919,0.026755911957288308,Low
2018-08-22,SVR,60D,3,-0.0470829612590335,0.028140371528544646,Low
2018-08-23,SVR,60D,3,-0.0431694297980144,0.02942379980042242,Low
2018-08-24,SVR,60D,3,-0.0661322969620212,0.027598045789528857,Low
2018-08-27,SVR,60D,3,-0.0920914339257175,0.029808768065681095,Low
2018-08-28,SVR,60D,3,-0.0893220066925486,0.03038029915312609,Low
2018-08-29,SVR,60D,3,-0.1015836688733159,0.02984888906114778,Low
2018-08-30,SVR,60D,3,-0.0817305209834912,0.03127967836619634,Low
2018-08-31,SVR,60D,3,-0.0786086050861836,0.03155671032342365,Low
2018-09-04,SVR,60D,3,-0.0542388617341905,0.03055878938828625,Low
2018-09-05,SVR,60D,4,-0.0536172934783179,0.029186162484852708,Low
2018-09-06,SVR,60D,4,-0.0418207547250821,0.03040963745641736,Low
2018-09-07,SVR,60D,4,-0.0287229550357051,0.0295255462319828,Low
2018-09-10,SVR,60D,4,-0.0635192120889545,0.03085275582351673,Low
2018-09-11,SVR,60D,4,-0.0687754656928142,0.02766652732352435,Low
2018-09-12,SVR,60D,4,-0.0927284094990301,0.029450168638988604,Low
2018-09-13,SVR,60D,4,-0.0962361584355051,0.02867435281419519,Low
2018-09-14,SVR,60D,4,-0.096868012011577,0.031336992876048166,Low
2018-09-17,SVR,60D,4,-0.0858778500096767,0.03136189027957615,Low
2018-09-18,SVR,60D,4,-0.091432453189717,0.030338703456087655,Low
2018-09-19,SVR,60D,4,-0.1119561534915889,0.030687227515951425,Low
2018-09-20,SVR,60D,4,-0.1407584525054947,0.028178436031828395,Low
2018-09-21,SVR,60D,4,-0.1403034547146985,0.03093679904126346,Low
2018-09-24,SVR,60D,4,-0.1522970315766216,0.028717302029778673,Low
2018-09-25,SVR,60D,4,-0.1668888925676075,0.030471131229611696,Low
2018-09-26,SVR,60D,4,-0.1843973133849882,0.030352283817023033,Low
2018-09-27,SVR,60D,4,-0.2146433624918139,0.02988615592707338,Low
2018-09-28,SVR,60D,4,-0.1662333146768707,0.030999386454431475,Low
2018-10-01,SVR,60D,4,-0.1613415780502523,0.031400154368511256,Low
2018-10-02,SVR,60D,4,-0.1621871630502045,0.032814820010267386,Low
2018-10-03,SVR,60D,4,-0.154441803924716,0.03293235885277928,Low
2018-10-04,SVR,60D,4,-0.1449710754410799,0.039002540471626844,Low
2018-10-05,SVR,60D,4,-0.1644960926753728,0.033768741088813746,Low
2018-10-08,SVR,60D,4,-0.1303414989066766,0.03262194657361942,Low
2018-10-09,SVR,60D,4,-0.1219366130772926,0.03363573493189948,Low
2018-10-10,SVR,60D,4,-0.0788716366981932,0.04818702921539108,Normal
2018-10-11,SVR,60D,4,-0.0539943853928294,0.04425688133118833,Normal
2018-10-12,SVR,60D,4,-0.0635923794267435,0.04941615416716336,Normal
2018-10-15,SVR,60D,4,-0.057816205679926,0.03929568828980242,Normal
2018-10-16,SVR,60D,4,-0.0843554283020767,0.03250775445611003,High
2018-10-17,SVR,60D,4,-0.0734381151596507,0.01964806218467343,High
2018-10-18,SVR,60D,4,-0.0567221040552213,0.017775266949052425,High
2018-10-19,SVR,60D,4,-0.0487981382137061,0.025729538226871497,High
2018-10-22,SVR,60D,4,-0.0313924282773726,0.023844887124588092,High
2018-10-23,SVR,60D,4,-0.0401238289246509,0.015034731578416678,High
2018-10-24,SVR,60D,4,-0.0065725651440592,0.04112870148374062,High
2018-10-25,SVR,60D,4,-0.0236515030117958,0.03432570382781939,High
2018-10-26,SVR,60D,4,0.0022805026987253,0.034585183477847205,High
2018-10-29,SVR,60D,4,0.0009839351452102,0.032360180335916706,High
2018-10-30,SVR,60D,4,-0.016018695761782,0.029839708431525953,High
2018-10-31,SVR,60D,4,-0.0113819646247932,0.02497906665976176,High
2018-11-01,SVR,60D,4,-0.0133238146835545,0.01566909524492629,High
2018-11-02,SVR,60D,4,-0.0060888870428677,0.01188310751314458,High
2018-11-05,SVR,60D,4,-0.0049201996225822,0.014484435034356237,High
2018-11-06,SVR,60D,4,-0.0064626169296406,0.01647067319140271,High
2018-11-07,SVR,60D,4,-0.0296766112079234,0.0025178478105915073,High
2018-11-08,SVR,60D,4,-0.0365657354216622,0.0004731691888380171,High
2018-11-09,SVR,60D,4,-0.0266481769402771,-0.0012363223805315834,High
2018-11-12,SVR,60D,4,-0.0060411741509911,0.009172202220040303,High
2018-11-13,SVR,60D,4,0.0082496975740215,0.006713223128955871,High
2018-11-14,SVR,60D,4,0.0188653179861828,0.01180248723729748,High
2018-11-15,SVR,60D,4,0.0056721218598423,0.0074321792758320696,High
2018-11-16,SVR,60D,4,0.0142712889873158,0.0068945683159449475,High
2018-11-19,SVR,60D,4,0.0325520715496294,0.004640932412785896,High
2018-11-20,SVR,60D,4,0.0526456006669561,0.00849938512934887,High
2018-11-21,SVR,60D,4,0.0460742620303475,0.01919842704094587,High
2018-11-23,SVR,60D,4,0.0590413204369134,0.003349855322823926,High
2018-11-26,SVR,60D,4,0.0448594490412989,0.016497761603689577,High
2018-11-27,SVR,60D,4,0.0408122950038459,0.0011522621139167175,High
2018-11-28,SVR,60D,4,0.017554046264434,0.0036150551919791538,High
2018-11-29,SVR,60D,4,0.0169100332108768,0.01317037110576317,High
2018-11-30,SVR,60D,4,0.0156441420829723,0.018559080412097896,High
2018-12-03,SVR,60D,4,0.0008740328933546,0.015403783081144727,High
2018-12-04,SVR,60D,4,0.0326420882422039,0.013275472961360647,High
2018-12-06,SVR,60D,4,0.0276200025522231,-0.00704333346044448,High
2018-12-07,SVR,60D,4,0.0430574268702142,0.0023403025633158894,High
2018-12-10,SVR,60D,4,0.0391628595158443,0.015207402231073676,High
2018-12-11,SVR,60D,4,0.0540788047546393,0.019319175330463324,High
2018-12-12,SVR,60D,4,0.0516228994720933,0.00797650770586724,High
2018-12-13,SVR,60D,4,0.0587483965415277,0.0024571592703778247,High
2018-12-14,SVR,60D,4,0.0771512094786313,0.0008079052473514217,High
2018-12-17,SVR,60D,4,0.1031160137156387,-0.00281637732441483,High
2018-12-18,SVR,60D,4,0.1067287136607577,0.013147893122042738,High
2018-12-19,SVR,60D,4,0.1221136027567677,0.024305397295043628,High
2018-12-20,SVR,60D,4,0.1350627155001021,0.030085090863255212,High
2018-12-21,SVR,60D,4,0.166659851493332,0.028787202559737192,High
2018-12-24,SVR,60D,4,0.1749895972373731,0.05083488286712295,High
2018-12-26,SVR,60D,4,0.1257470467332581,0.04882722227042537,High
2018-12-27,SVR,60D,4,0.1243778707123752,0.02517394824353552,High
2018-12-28,SVR,60D,4,0.1209650813460074,0.02701894315021188,High
2018-12-31,SVR,60D,4,0.1160915101990622,0.024537526719750354,High
2019-01-02,SVR,60D,4,0.1215355231797607,0.027511014230153265,High
2019-01-03,SVR,60D,4,0.1581060505167203,0.0031745920156825286,High
2019-01-04,SVR,60D,4,0.124364107011232,0.0014407891916420404,High
2019-01-07,SVR,60D,4,0.1195242034360916,-0.010926190008002969,High
2019-01-08,SVR,60D,4,0.1119580813425883,-0.013874792338752807,High
2019-01-09,SVR,60D,4,0.1124941276328651,-0.013251601130262657,High
2019-01-10,SVR,60D,4,0.1090327980089265,-0.008023835774722536,High
2019-01-11,SVR,60D,4,0.1030931301177395,-0.009870764233063566,High
2019-01-14,SVR,60D,4,0.111836362459489,-0.025339355965388312,High
2019-01-15,SVR,60D,4,0.1012098659200706,-0.029865581473883025,High
2019-01-16,SVR,60D,4,0.105577923780528,-0.026732314216509075,High
2019-01-17,SVR,60D,4,0.0973856258299352,-0.030398585028962803,High
2019-01-18,SVR,60D,4,0.0847979413152196,-0.03206078705230237,High
2019-01-22,SVR,60D,4,0.096780017322453,-0.022441205969371998,High
2019-01-23,SVR,60D,4,0.0961573742272519,-0.013802148727331633,High
2019-01-24,SVR,60D,4,0.0957940999332072,-0.0246675742238271,High
2019-01-25,SVR,60D,4,0.0961435834076845,-0.007730582280191502,High
2019-01-28,SVR,60D,4,0.1018271906533572,-0.017106907087244848,High
2019-01-29,SVR,60D,4,0.1029154568481992,-0.009801885766148467,High
2019-01-30,SVR,60D,4,0.0921601972799442,-0.00797237558746345,High
2019-01-31,SVR,60D,4,0.0846704969744102,-0.006337426209999074,High
2019-02-01,SVR,60D,4,0.0847232550883948,-0.013230358683690761,Normal
2019-02-04,SVR,60D,4,0.0704394281206238,-0.00296721281174072,Normal
2019-02-05,SVR,60D,4,0.0636158130345906,0.0058178724827738434,Normal
2019-02-06,SVR,60D,4,0.075434856231017,-0.0013322874967110557,Normal
2019-02-07,SVR,60D,4,0.0803550362441747,-0.011271268007049175,Normal
2019-02-08,SVR,60D,4,0.0630295755892564,-0.00791525323925308,Normal
2019-02-11,SVR,60D,4,0.0607140083960181,-0.004733157612611873,Normal
2019-02-12,SVR,60D,4,0.0448801568312512,-0.003752932715766842,Normal
2019-02-13,SVR,60D,4,0.0455741193074588,-0.0024987410272407154,Normal
2019-02-14,SVR,60D,4,0.0238028135526599,-0.003700926745339707,Normal
2019-02-15,SVR,60D,4,0.0209667964109183,0.006535094077147634,Normal
2019-02-19,SVR,60D,4,0.0252911694120492,0.0041106679448792635,Normal
2019-02-20,SVR,60D,4,0.0323715929678076,0.006447119564157951,Low
2019-02-21,SVR,60D,4,0.0300498251196051,0.00034734224575284217,Low
2019-02-22,SVR,60D,4,0.0168869284494894,0.005559845096042841,Normal
2019-02-25,SVR,60D,4,0.0241157730929283,0.0012512256673695918,Low
2019-02-26,SVR,60D,4,0.0220781504018693,0.004171267621814696,Low
2019-02-27,SVR,60D,4,0.0106366555968854,0.0023898811849522097,Low
2019-02-28,SVR,60D,4,0.0148188069678731,0.002485856846562877,Low
2019-03-01,SVR,60D,4,-0.0004637996211001,0.0051127712796328675,Low
2019-03-04,SVR,60D,4,-0.0035116023930763,-0.0017959500049249608,Low
2019-03-05,SVR,60D,4,-0.0002831562283725,0.005854092851617511,Low
2019-03-06,SVR,60D,4,-0.0070208878747004,0.005157170311768662,Low
2019-03-07,SVR,60D,4,-0.0016310473906772,0.010000360995735348,Low
2019-03-08,SVR,60D,4,0.0217088438218541,0.01130016009383606,Low
2019-03-11,SVR,60D,4,0.0152780352371783,0.009227442036403154,Low
2019-03-12,SVR,60D,4,0.0184459101853776,0.0062346401447377145,Low
2019-03-13,SVR,60D,4,0.0219633426756181,0.006463293028823876,Low
2019-03-14,SVR,60D,4,0.02748096208198,0.00954819145382612,Low
2019-03-15,SVR,60D,4,0.0221585012155978,0.014752300710028289,Low
2019-03-18,SVR,60D,4,0.0164197465894525,0.006286288626499735,Low
2019-03-19,SVR,60D,4,0.0206393271722294,0.010180346033149025,Low
2019-03-20,SVR,60D,4,0.0219752121268462,0.010123135813840188,Low
2019-03-21,SVR,60D,4,0.0121125120645098,0.008143324402371165,Low
2019-03-22,SVR,60D,4,0.0409398287917537,0.018171052234403552,Normal
2019-03-25,SVR,60D,4,0.0447599184180874,0.023634841313283618,Normal
2019-03-26,SVR,60D,4,0.0470304708060264,0.018812571885051248,Normal
2019-03-27,SVR,60D,4,0.0504255978028975,0.014754330065368935,Normal
2019-03-28,SVR,60D,4,0.0451091546270488,0.018460108820863234,Normal
2019-03-29,SVR,60D,4,0.0288556729433365,0.014303847303296126,Normal
2019-04-01,SVR,60D,4,0.016118781746488,0.011613844276278255,Normal
2019-04-02,SVR,60D,4,0.0199172119842205,0.015513816218631273,Normal
2019-04-03,SVR,60D,4,0.023512081404731,0.01744822960018865,Normal
2019-04-04,SVR,60D,4,0.0290726347726908,0.01704883523766778,Normal
2019-04-05,SVR,60D,4,0.0273707644265805,0.019783751449494257,Normal
2019-04-08,SVR,60D,4,0.033966948336741,0.01766364197765987,Low
2019-04-09,SVR,60D,4,0.0382453905678618,0.019695571189695248,Normal
2019-04-10,SVR,60D,4,0.0299263798032381,0.02242082475346876,Normal
2019-04-11,SVR,60D,4,0.0311240505213493,0.019425032028121368,Normal
2019-04-12,SVR,60D,4,0.0290370190678863,0.021803459444653596,Normal
2019-04-15,SVR,60D,4,0.0319492058911921,0.01736475781102583,Normal
2019-04-16,SVR,60D,4,0.0360495118681185,0.020200185552698195,Normal
2019-04-17,SVR,60D,4,0.0385017664172414,0.021617669991596387,Normal
2019-04-18,SVR,60D,4,0.0335143350379816,0.02177745019195295,Low
2019-04-22,SVR,60D,4,0.0259501637549556,0.023120634186277432,Low
2019-04-23,SVR,60D,4,0.0207234102887792,0.022780721799406344,Low
2019-04-24,SVR,60D,4,0.0167216894269708,0.023741160140001445,Low
2019-04-25,SVR,60D,4,0.0199154328534938,0.025074876142226483,Low
2019-04-26,SVR,60D,4,0.0220652276694654,0.02514636228047811,Low
2019-04-29,SVR,60D,4,0.0256714719787072,0.026183859014191145,Low
2019-04-30,SVR,60D,4,0.0194442107963161,0.027125696981468127,Low
2019-05-01,SVR,60D,4,0.0343351924173905,0.030594364548474397,Low
2019-05-02,SVR,60D,4,0.034844015137016,0.027671277455652184,Low
2019-05-03,SVR,60D,4,0.0226699022860542,0.027519208294949714,Low
2019-05-06,SVR,60D,4,0.0162057085229867,0.02118375882862806,Low
2019-05-07,SVR,60D,4,0.0238156690430862,0.032109264206985864,Low
2019-05-08,SVR,60D,4,0.0181129958929411,0.03502789315461075,Low
2019-05-09,SVR,60D,4,-0.0090911876148254,0.029427276919010113,Low
2019-05-10,SVR,60D,4,0.0001284422264226,0.02496960351438817,Low
2019-05-13,SVR,60D,4,0.0253214936987788,0.02743499786663777,Normal
2019-05-14,SVR,60D,4,0.035925968642428,0.032832070669981735,Normal
2019-05-15,SVR,60D,4,0.0234653811810478,0.021228902870020876,Normal
2019-05-16,SVR,60D,4,0.0022156149486334,0.019416833161593254,Normal
2019-05-17,SVR,60D,4,0.0230883983899792,0.015282863111809174,Normal
2019-05-20,SVR,60D,4,0.0001303039108487,0.018189234201770745,Normal
2019-05-21,SVR,60D,4,-0.0058684084841615,0.024782629555117598,Normal
2019-05-22,SVR,60D,4,0.0112830420519829,0.01763201011632399,Normal
2019-05-23,SVR,60D,4,0.0353019098576621,0.020257950976947582,Normal
2019-05-24,SVR,60D,4,0.0260030507735096,0.022610721909763383,Normal
2019-05-28,SVR,60D,4,0.0426269803311228,0.01974758440153953,Normal
2019-05-29,SVR,60D,4,0.0490566875390756,0.0207008417956556,Normal
2019-05-30,SVR,60D,4,0.0206715337412407,0.022439293148598917,Normal
2019-05-31,SVR,60D,4,0.0448778517224916,0.022244109739082148,Normal
2019-06-03,SVR,60D,4,0.0444386005762435,0.01950067891288875,Normal
2019-06-04,SVR,60D,4,0.0297568250257282,0.01699114610274629,High
2019-06-05,SVR,60D,4,0.0342355804880089,0.015623728712070746,Normal
2019-06-06,SVR,60D,4,0.0287613205718813,0.014666309841183146,High
2019-06-07,SVR,60D,4,0.0113953319919359,0.01789256688090949,High
2019-06-10,SVR,60D,4,0.0175298371955919,0.029155047771434663,High
2019-06-11,SVR,60D,4,0.0308056915753027,0.02292075156038951,Normal
2019-06-12,SVR,60D,4,0.0337555402069171,0.01985289795973858,Normal
2019-06-13,SVR,60D,4,0.0295725150251668,0.01974178770251813,Normal
2019-06-14,SVR,60D,4,0.0315075792372509,0.018093738440633993,Normal
2019-06-17,SVR,60D,4,0.0377799361312853,0.018033353511418736,Normal
2019-06-18,SVR,60D,4,0.030984462816548,0.016736971522351728,Normal
2019-06-19,SVR,60D,4,0.027279069146558,0.020363077169170372,Normal
2019-06-20,SVR,60D,4,0.0147109508943291,0.01783191781592356,Normal
2019-06-21,SVR,60D,4,0.0185493925465191,0.020073575869971376,Normal
2019-06-24,SVR,60D,4,0.0206254142913732,0.019566209104768383,Normal
2019-06-25,SVR,60D,4,0.0301871644536902,0.022752421666617194,Normal
2019-06-26,SVR,60D,4,0.0265142610276139,0.021424791414066287,Normal
2019-06-27,SVR,60D,4,0.0226014346171957,0.018613236822757527,Normal
2019-06-28,SVR,60D,4,0.0084085038130445,0.018643048064217856,Normal
2019-07-01,SVR,60D,4,0.0069051704440544,0.015290588129688774,Low
2019-07-02,SVR,60D,4,0.0015494521574525,0.025508034678299964,Low
2019-07-03,SVR,60D,4,-0.0114241780823603,0.02227237661001224,Low
2019-07-05,SVR,60D,4,-0.0045817336625631,0.022344632793417744,Low
2019-07-08,SVR,60D,4,-0.0120686875978521,0.021915151476900534,Low
2019-07-09,SVR,60D,4,-0.0313698848439499,0.02133902359980728,Low
2019-07-10,SVR,60D,4,-0.0279301270061657,0.02311915626592708,Low
2019-07-11,SVR,60D,4,-0.0160959613458552,0.02126467333428706,Low
2019-07-12,SVR,60D,4,-0.0251938479216032,0.02182558284761823,Low
2019-07-15,SVR,60D,4,-0.0410528612020973,0.02253558205549302,Low
2019-07-16,SVR,60D,4,-0.0285799801322411,0.022331550185678527,Low
2019-07-17,SVR,60D,4,-0.0156321122543654,0.019236918233265142,Low
2019-07-18,SVR,60D,4,-0.0083281302893955,0.021139527518513827,Low
2019-07-19,SVR,60D,4,-0.0035203224977698,0.01912964143397821,Low
2019-07-22,SVR,60D,4,0.003561421192469,0.024684007491543362,Low
2019-07-23,SVR,60D,4,-0.0052642685000011,0.022067773745243026,Low
2019-07-24,SVR,60D,4,-0.0071824393437015,0.020032164696701237,Low
2019-07-25,SVR,60D,4,-0.0058331885699018,0.021692509357789096,Low
2019-07-26,SVR,60D,4,-0.006345610235351,0.022036542303265315,Low
2019-07-29,SVR,60D,4,-0.0083032375646705,0.0209757384749062,Low
2019-07-30,SVR,60D,4,-0.0028781488467953,0.020796698776194493,Low
2019-07-31,SVR,60D,4,0.009985662764516,0.023925462220136966,Low
2019-08-01,SVR,60D,4,0.0230896198439779,0.018532390726068375,Low
2019-08-02,SVR,60D,4,0.0359648282996607,0.028275718497852396,Low
2019-08-05,SVR,60D,4,0.0653622585128747,0.03575189501151189,Normal
2019-08-06,SVR,60D,4,0.0556773240025654,0.0459746559978376,Normal
2019-08-07,SVR,60D,4,0.0518833030341676,0.022403062097436803,Normal
2019-08-08,SVR,60D,4,0.04291077112695,0.0221227621900189,High
2019-08-09,SVR,60D,4,0.0532466100659196,0.013218163948855811,High
2019-08-12,SVR,60D,4,0.0644540164700142,0.02112262891039165,High
2019-08-13,SVR,60D,4,0.0501379207950019,0.024364672206091155,High
2019-08-14,SVR,60D,4,0.0825946484938183,0.031365870629300914,High
2019-08-15,SVR,60D,4,0.0826908149407538,0.03484439037717615,High
2019-08-16,SVR,60D,4,0.0664033613551717,0.019996615345218786,High
2019-08-19,SVR,60D,4,0.0559336090920372,0.013287150891248607,High
2019-08-20,SVR,60D,4,0.064591105974269,0.00299012048204466,High
2019-08-21,SVR,60D,4,0.0572148190313726,0.010638640359743955,High
2019-08-22,SVR,60D,4,0.0653870507686243,0.005695919595186692,High
2019-08-23,SVR,60D,4,0.0921789582142719,0.01410168756360116,High
2019-08-26,SVR,60D,4,0.0806630753837815,0.018864194491111784,High
2019-08-27,SVR,60D,4,0.0801081407633966,0.011600198186276812,High
2019-08-28,SVR,60D,4,0.0719999831466448,0.01019675282732762,High
2019-08-29,SVR,60D,4,0.0615650746479262,0.008488712083767176,High
2019-08-30,SVR,60D,4,0.0684017457755166,0.010151786357425259,High
2019-09-03,SVR,60D,4,0.0775179187531423,0.013816157861162422,High
2019-09-04,SVR,60D,4,0.0708999291000208,0.02020365483615031,High
2019-09-05,SVR,60D,4,0.0539547299482719,0.01179406368262733,High
2019-09-06,SVR,60D,4,0.0443760554499313,0.01132679002405055,High
2019-09-09,SVR,60D,4,0.0378098448707861,0.003260726331824608,High
2019-09-10,SVR,60D,4,0.0437912500536252,0.0006419492380908207,High
2019-09-11,SVR,60D,4,0.038086704653868,0.005239623834476591,High
2019-09-12,SVR,60D,4,0.0443059344060605,0.002346920079277358,Normal
2019-09-13,SVR,60D,4,0.0418627775985523,0.005684341313533563,Normal
2019-09-16,SVR,60D,4,0.0439057543459242,0.004063217176439642,Normal
2019-09-17,SVR,60D,4,0.0442312665028129,0.008464897356277777,Normal
2019-09-18,SVR,60D,4,0.052427300594101,0.005702110140442328,Normal
2019-09-19,SVR,60D,4,0.052479905222386,0.006843455206282538,Normal
2019-09-20,SVR,60D,4,0.0645098652698094,0.012452087626816967,Normal
2019-09-23,SVR,60D,4,0.064942041916098,0.011883719889293383,Low
2019-09-24,SVR,60D,4,0.0729616372391268,0.010278132197347266,Low
2019-09-25,SVR,60D,4,0.0712713308190273,0.013943687609668458,Low
2019-09-26,SVR,60D,4,0.0786357976329745,0.012166352380600397,Low
2019-09-27,SVR,60D,4,0.0848321009264014,0.009095076499372433,Low
2019-09-30,SVR,60D,4,0.0796017234086848,0.01864677408133001,Low
2019-10-01,SVR,60D,4,0.0970509127641516,0.022639554789410092,Low
2019-10-02,SVR,60D,4,0.1151503010914535,0.014437410629394569,Normal
2019-10-03,SVR,60D,4,0.1014124002382368,0.016313522341801688,Low
2019-10-04,SVR,60D,5,0.0902373056431684,0.028606584381226548,Normal
2019-10-07,SVR,60D,5,0.1030695532791667,0.030375801644159324,Normal
2019-10-08,SVR,60D,5,0.1116678034663222,0.03427141696007827,Normal
2019-10-09,SVR,60D,5,0.1061316521457489,0.03262876690664384,Normal
2019-10-10,SVR,60D,5,0.0969292746493716,0.028560032190159075,Normal
2019-10-11,SVR,60D,5,0.0909401684612235,0.024425908736322187,Normal
2019-10-14,SVR,60D,5,0.0989614642513489,0.021395786276067107,Normal
2019-10-15,SVR,60D,5,0.086195756387355,0.014602490658767751,Normal
2019-10-16,SVR,60D,5,0.0951492949864821,0.01649340362784233,Normal
2019-10-17,SVR,60D,5,0.0908745921798109,0.01694992351283977,Normal
2019-10-18,SVR,60D,5,0.0966700881332987,0.017890963127134472,Normal
2019-10-21,SVR,60D,5,0.0981537214501969,0.016415357132997903,Normal
2019-10-22,SVR,60D,5,0.1055834939560589,0.01794530981479448,Normal
2019-10-23,SVR,60D,5,0.1000848902406426,0.01564723979780098,Normal
2019-10-24,SVR,60D,5,0.0984553198781523,0.016425303922849348,Normal
2019-10-25,SVR,60D,5,0.0955312165608546,0.012829510382038119,Normal
2019-10-28,SVR,60D,5,0.080882107218543,0.01327698714428125,Normal
2019-10-29,SVR,60D,5,0.0658591068181796,0.016117516973945027,Normal
2019-10-30,SVR,60D,5,0.0726144009176749,0.016423309136930554,Normal
2019-10-31,SVR,60D,5,0.0747745894086294,0.015931332073150194,Normal
2019-11-01,SVR,60D,5,0.0682881157791931,0.01605861377791746,Low
2019-11-04,SVR,60D,5,0.0467264264025176,0.01826374005699314,Low
2019-11-05,SVR,60D,5,0.0551412548755708,0.022027360106942236,Low
2019-11-06,SVR,60D,5,0.0693083202007874,0.020031681703939118,Low
2019-11-07,SVR,60D,5,0.0777697236154795,0.020629455752410354,Low
2019-11-08,SVR,60D,5,0.0785324755273658,0.01906902031480085,Low
2019-11-11,SVR,60D,5,0.0750813799312446,0.0202646233169999,Low
2019-11-12,SVR,60D,5,0.0808176467505549,0.020722871417284384,Low
2019-11-13,SVR,60D,5,0.0817934138664408,0.022094898678240292,Low
2019-11-14,SVR,60D,5,0.087398574357187,0.022383584809583544,Low
2019-11-15,SVR,60D,5,0.0781007692192253,0.022094276061740782,Low
2019-11-18,SVR,60D,5,0.0794395789949009,0.021741324834035243,Low
2019-11-19,SVR,60D,5,0.0771081351084458,0.02496821526925338,Low
2019-11-20,SVR,60D,5,0.0855661398136718,0.024433366349263637,Low
2019-11-21,SVR,60D,5,0.0833273284718638,0.025152615204176422,Low
2019-11-22,SVR,60D,5,0.0705809452966679,0.02331772862232078,Low
2019-11-25,SVR,60D,5,0.0290136139887602,0.021391315254670328,Low
2019-11-26,SVR,60D,5,-0.0039274540315333,0.021737971940957397,Low
2019-11-27,SVR,60D,5,-0.011878886980363,0.020258493489767777,Low
2019-11-29,SVR,60D,5,-0.0530277371026352,0.022981250802617127,Low
2019-12-02,SVR,60D,5,-0.0526317165183246,0.027959576529284456,Low
2019-12-03,SVR,60D,5,-0.0009606224908662,0.031163426383569538,Low
2019-12-04,SVR,60D,5,-0.0357747650225508,0.030969972025900024,Low
2019-12-05,SVR,60D,5,0.0040624574114522,0.02877278032826517,Low
2019-12-06,SVR,60D,5,-0.0395425710589547,0.02655809508876298,Low
2019-12-09,SVR,60D,5,-0.0535756810268664,0.027634276518810487,Low
2019-12-10,SVR,60D,5,-0.1314885577982538,0.031094976725411762,Low
2019-12-11,SVR,60D,5,-0.0861774429017455,0.029738581955384584,Low
2019-12-12,SVR,60D,5,-0.144819003085906,0.025254364694445912,Low
2019-12-13,SVR,60D,5,-0.2448364346385943,0.0230051057723459,Low
2019-12-16,SVR,60D,5,-0.1631503886319012,0.02081498803358093,Low
2019-12-17,SVR,60D,5,-0.2911378221331797,0.021474176603813587,Low
2019-12-18,SVR,60D,5,-0.2324791158569651,0.0231536698277195,Low
2019-12-19,SVR,60D,5,-0.2901507670109097,0.02214381856744061,Low
2019-12-20,SVR,60D,5,-0.2903866018448428,0.022358615209250886,Low
2019-12-23,SVR,60D,5,-0.3355799946125081,0.021475589139506847,Low
2019-12-24,SVR,60D,5,-0.3651160283196166,0.02123409684929583,Low
2019-12-26,SVR,60D,5,-0.2805478582117074,0.02226527042636394,Low
2019-12-27,SVR,60D,5,-0.2691128519305432,0.024567169965306383,Low
2019-12-30,SVR,60D,5,-0.2027714247769467,0.02865733390248524,Low
2019-12-31,SVR,60D,5,-0.2399809609627638,0.027949159909737432,Low
2020-01-02,SVR,60D,5,-0.2153582657551059,0.025416909119928978,Low
2020-01-03,SVR,60D,5,-0.2244156671785671,0.02520016566385711,Low
2020-01-06,SVR,60D,5,-0.2730891751056266,0.02671552032896208,Low
2020-01-07,SVR,60D,5,-0.2477093429640714,0.027249768653914576,Low
2020-01-08,SVR,60D,5,-0.267852677275657,0.02746746340081512,Low
2020-01-09,SVR,60D,5,-0.2065176472477329,0.025832564991676736,Low
2020-01-10,SVR,60D,5,-0.2052627238085905,0.023423793043006853,Low
2020-01-13,SVR,60D,5,-0.1787253466632389,0.023208576344537983,Low
2020-01-14,SVR,60D,5,-0.1628261955226439,0.023766370577515454,Low
2020-01-15,SVR,60D,5,-0.1748507052110091,0.023970974644570743,Low
2020-01-16,SVR,60D,5,-0.1530678930609332,0.023966095642828998,Low
2020-01-17,SVR,60D,5,-0.1791993489807876,0.02300952479934542,Low
2020-01-21,SVR,60D,5,-0.1707440107716609,0.02425820477187423,Low
2020-01-22,SVR,60D,5,-0.1445921130470213,0.024997709434501518,Low
2020-01-23,SVR,60D,5,-0.1637752848557273,0.024765492505464566,Low
2020-01-24,SVR,60D,5,-0.1858471106658642,0.02800554476047385,Low
2020-01-27,SVR,60D,5,-0.1473200577268835,0.03184668044972825,Low
2020-01-28,SVR,60D,5,-0.1578630088874316,0.03396589154894087,Normal
2020-01-29,SVR,60D,5,-0.1431736681770078,0.03360843222727732,Low
2020-01-30,SVR,60D,5,-0.131696256925483,0.02953499373555201,Low
2020-01-31,SVR,60D,5,-0.1190879835446038,0.03352271606138912,Normal
2020-02-03,SVR,60D,5,-0.1000797052607633,0.03628356679323758,Normal
2020-02-04,SVR,60D,5,-0.1242041644973242,0.031158851674741618,Normal
2020-02-05,SVR,60D,5,-0.1638521541710731,0.027720517629473605,Normal
2020-02-06,SVR,60D,5,-0.1629314866492255,0.027149163140465206,Normal
2020-02-07,SVR,60D,5,-0.1485160604419874,0.024521319337490403,Normal
2020-02-10,SVR,60D,5,-0.1628196309616034,0.02518467958657001,Normal
2020-02-11,SVR,60D,5,-0.1530677238927147,0.025626327213060636,Normal
2020-02-12,SVR,60D,5,-0.1427787819326914,0.023045503344937344,Normal
2020-02-13,SVR,60D,5,-0.141013936205912,0.020592645076356324,Normal
2020-02-14,SVR,60D,5,-0.1635691380764451,0.02021618061452749,Normal
2020-02-18,SVR,60D,5,-0.1782619207145773,0.022090401702466643,Normal
2020-02-19,SVR,60D,5,-0.171497751194791,0.02332348345191155,Normal
2020-02-20,SVR,60D,5,-0.1637562585630704,0.02321184479144337,Normal
2020-02-21,SVR,60D,5,-0.1221672405601772,0.02790252120004543,Normal
2020-02-24,SVR,60D,5,-0.0986189088513358,0.03759722015406739,High
2020-02-25,SVR,60D,5,-0.051357013862567,0.05442928898773201,High
2020-02-26,SVR,60D,5,-0.0553752848489906,0.05208430576665896,High
2020-02-27,SVR,60D,5,-0.0078562028099171,0.05802431429835033,High
2020-02-28,SVR,60D,5,0.0126305453211963,0.0723411742654946,High
2020-03-02,SVR,60D,5,-0.0176618759579024,0.045736440921475836,High
2020-03-03,SVR,60D,5,0.0087384696400924,0.04318693798324059,High
2020-03-04,SVR,60D,5,-0.0277970861682327,0.041463983185054155,High
2020-03-05,SVR,60D,5,0.0104579127501126,0.034123062477010156,High
2020-03-06,SVR,60D,5,0.0358361636848974,0.05812434144289471,High
2020-03-09,SVR,60D,5,0.128403247437833,0.0646392242909268,High
2020-03-10,SVR,60D,5,0.076813805928365,0.04380867217577549,High
2020-03-11,SVR,60D,5,0.1527907115586064,0.04705465100598829,High
2020-03-12,SVR,60D,5,0.2647052203668858,0.02833734210721036,High
2020-03-13,SVR,60D,5,0.1680670699979278,-0.017672991322872124,High
2020-03-16,SVR,60D,5,0.2903920117355631,-0.05792437788069544,High
2020-03-17,SVR,60D,5,0.1714130061035825,-0.035267714992365126,High
2020-03-18,SVR,60D,5,0.2376115650408744,-0.05969535383172774,High
2020-03-19,SVR,60D,5,0.2411926648886486,-0.04598489978659555,High
2020-03-20,SVR,60D,5,0.304305141808726,-0.040939337814995244,High
2020-03-23,SVR,60D,5,0.3304298465856734,-0.031905892219951125,High
2020-03-24,SVR,60D,5,0.241340657471512,-0.06525299647367674,High
2020-03-25,SVR,60D,5,0.224206153485016,-0.0884105569005868,High
2020-03-26,SVR,60D,5,0.1701364157074279,-0.07736885719872627,High
2020-03-27,SVR,60D,5,0.2087024304405379,-0.07512371699267448,High
2020-03-30,SVR,60D,5,0.1495405742749009,-0.062177830569246174,High
2020-03-31,SVR,60D,5,0.1765827127915347,-0.06819104409406221,High
2020-04-01,SVR,60D,5,0.1972038712494905,-0.06289307606980465,High
2020-04-02,SVR,60D,5,0.1892101023060638,-0.06709784799057658,High
2020-04-03,SVR,60D,5,0.2197553125677639,-0.0764642834487129,High
2020-04-06,SVR,60D,5,0.1567966323988042,-0.08575335885645888,High
2020-04-07,SVR,60D,5,0.1629319419239835,-0.08624232266260981,High
2020-04-08,SVR,60D,5,0.1451995015648621,-0.07782656877924315,High
2020-04-09,SVR,60D,5,0.1199385533915191,-0.06795666218471935,High
2020-04-13,SVR,60D,5,0.1378915990996266,-0.06325400882238522,High
2020-04-14,SVR,60D,5,0.1021174480511244,-0.04552213330253826,High
2020-04-15,SVR,60D,5,0.1348059904979366,-0.03752759959498347,High
2020-04-16,SVR,60D,5,0.1195995074423363,-0.020366461915198635,High
2020-04-17,SVR,60D,5,0.1064758760039197,-0.026533848792690516,High
2020-04-20,SVR,60D,5,0.1335597785556226,-0.018245900805049738,High
2020-04-21,SVR,60D,5,0.1613029785778379,-0.006047915585718801,High
2020-04-22,SVR,60D,5,0.1414762405832847,-0.008471329498030207,High
2020-04-23,SVR,60D,5,0.1503876054986206,-0.00713140568181158,High
2020-04-24,SVR,60D,5,0.1382431442663414,-0.012838816885604017,High
2020-04-27,SVR,60D,5,0.1293669066790793,-0.012401219267768306,High
2020-04-28,SVR,60D,5,0.1222266984573162,-0.01543532130301404,High
2020-04-29,SVR,60D,5,0.0897803543879671,-0.011058658989591554,High
2020-04-30,SVR,60D,5,0.1064034265285042,-0.0065516562552642085,High
2020-05-01,SVR,60D,5,0.1283692021246338,-0.0013871920619807424,High
2020-05-04,SVR,60D,5,0.1364801628975269,6.279142189003634e-05,High
2020-05-05,SVR,60D,5,0.1237229259362923,-0.0023173472384956165,High
2020-05-06,SVR,60D,5,0.1383680425775113,0.005848639444876687,High
2020-05-07,SVR,60D,5,0.1340844494869794,0.0020958235018994423,High
2020-05-08,SVR,60D,5,0.1209590774478866,-0.007897178422646915,High
2020-05-11,SVR,60D,5,0.1272351685166139,-0.009042158026278509,High
2020-05-12,SVR,60D,5,0.1543556603093262,9.773430375922126e-05,High
2020-05-13,SVR,60D,5,0.172605486203563,0.012592820532410474,High
2020-05-14,SVR,60D,5,0.1638850336728834,0.001950985711138116,High
2020-05-15,SVR,60D,5,0.1519653030677831,0.0012474696086943113,High
2020-05-18,SVR,60D,5,0.1348495965913232,0.0004367162999738203,High
2020-05-19,SVR,60D,5,0.143340071626766,0.004765188279446671,High
2020-05-20,SVR,60D,5,0.1266541836170713,0.007173010122543712,High
2020-05-21,SVR,60D,5,0.1371643294344483,0.008923497468804588,High
2020-05-22,SVR,60D,5,0.1371141241674528,0.01299885859568966,High
2020-05-26,SVR,60D,5,0.1204857158008104,0.01226011967857641,High
2020-05-27,SVR,60D,5,0.1089209230788422,0.004160364127776768,High
2020-05-28,SVR,60D,5,0.1144662623867342,0.010832245692174662,High
2020-05-29,SVR,60D,5,0.1196590841993297,0.00887553977162215,High
2020-06-01,SVR,60D,5,0.1195047674665055,0.015883290910446747,High
2020-06-02,SVR,60D,5,0.1214714615289484,0.015238126983877352,High
2020-06-03,SVR,60D,5,0.1095864367481935,0.01801998177574813,High
2020-06-04,SVR,60D,5,0.1196708286813728,0.015134504046187693,High
2020-06-05,SVR,60D,5,0.0915994406842282,0.018133038757884128,High
2020-06-08,SVR,60D,5,0.0871266156991282,0.025649388965584143,High
2020-06-09,SVR,60D,5,0.1102054092627199,0.030542608465218828,High
2020-06-10,SVR,60D,5,0.0797750708557166,0.047162815333207285,High
2020-06-11,SVR,60D,5,0.1323614830977306,0.04718685210770739,High
2020-06-12,SVR,60D,5,0.091236367406052,0.06248953564279317,High
2020-06-15,SVR,60D,5,0.1029032672500572,0.04630108254192026,High
2020-06-16,SVR,60D,5,0.0663771684579512,0.05368398200953086,High
2020-06-17,SVR,60D,5,0.070516894848668,0.05998663774408274,High
2020-06-18,SVR,60D,5,0.0825841864698891,0.042700830620105386,High
2020-06-19,SVR,60D,5,0.0934554859660624,0.05493986928483919,High
2020-06-22,SVR,60D,5,0.0823517457772523,0.04696738109041162,High
2020-06-23,SVR,60D,5,0.0696056270572161,0.04508459210297743,High
2020-06-24,SVR,60D,5,0.0845553157050498,0.04701565029505884,High
2020-06-25,SVR,60D,5,0.062016923949534,0.04855139317132256,High
2020-06-26,SVR,60D,5,0.0970051446227411,0.05342856955778893,High
2020-06-29,SVR,60D,5,0.0584189175948333,0.04972652802978555,High
2020-06-30,SVR,60D,5,0.0461095737137068,0.042247069963151355,High
2020-07-01,SVR,60D,5,0.0569504489620244,0.0373154404178672,High
2020-07-02,SVR,60D,5,0.0684016703390619,0.03911297438961652,High
2020-07-06,SVR,60D,5,0.0478204568024545,0.02966457388113982,High
2020-07-07,SVR,60D,5,0.0669177772404776,0.038194764615379025,High
2020-07-08,SVR,60D,5,0.0643997405413424,0.03925083527539303,High
2020-07-09,SVR,60D,5,0.0604355191511662,0.037772068675560204,High
2020-07-10,SVR,60D,5,0.0678368183796241,0.04364705040799959,High
2020-07-13,SVR,60D,5,0.0631713992081599,0.04963009509010998,High
2020-07-14,SVR,60D,5,0.0671012623954973,0.04665474739493456,High
2020-07-15,SVR,60D,5,0.0660384183540117,0.04599707700600985,High
2020-07-16,SVR,60D,5,0.0782054287488797,0.04775337383170789,High
2020-07-17,SVR,60D,5,0.0916433963196205,0.04473979986067409,High
2020-07-20,SVR,60D,5,0.0769447074353169,0.03715617539221563,High
2020-07-21,SVR,60D,5,0.0686219060166973,0.03782986032124188,High
2020-07-22,SVR,60D,5,0.0613623519080105,0.03556046821531344,High
2020-07-23,SVR,60D,5,0.0738936407768879,0.042690571832523776,High
2020-07-24,SVR,60D,5,0.0636386172862214,0.04240891868236866,High
2020-07-27,SVR,60D,5,0.0609868837847403,0.04387779799551162,Normal
2020-07-28,SVR,60D,5,0.0652832051918163,0.04364586034058913,Normal
2020-07-29,SVR,60D,5,0.0581367758435649,0.042582794107026874,Normal
2020-07-30,SVR,60D,5,0.0653339159274092,0.04008990297076135,Normal
2020-07-31,SVR,60D,5,0.0389282066999108,0.04302110033656192,Normal
2020-08-03,SVR,60D,5,0.0287426386851066,0.04312916448245007,Normal
2020-08-04,SVR,60D,5,-0.0107883264496048,0.042486296193103686,Normal
2020-08-05,SVR,60D,5,-0.0053209619451252,0.040800709169792594,Normal
2020-08-06,SVR,60D,5,-0.0239318014110501,0.037889576524304476,Normal
2020-08-07,SVR,60D,5,-0.012321679790415,0.03881595600804453,Normal
2020-08-10,SVR,60D,5,0.0025825926202708,0.040236551512893785,Normal
2020-08-11,SVR,60D,5,0.0323911736767398,0.042948539013979166,Normal
2020-08-12,SVR,60D,5,0.0377649371598274,0.04206078091335919,Normal
2020-08-13,SVR,60D,5,0.0395264532506104,0.04144789385648378,Normal
2020-08-14,SVR,60D,5,0.0513303253932337,0.040944211902790274,Normal
2020-08-17,SVR,60D,5,0.0472233726649423,0.04055341474714203,Normal
2020-08-18,SVR,60D,5,0.052545360608117,0.03846877647438817,Normal
2020-08-19,SVR,60D,5,0.0469308324062297,0.039848030889985515,Normal
2020-08-20,SVR,60D,5,0.0572957243441774,0.04044421691401736,Low
2020-08-21,SVR,60D,5,0.0654412592840376,0.04133009114158193,Low
2020-08-24,SVR,60D,5,0.0506442001344866,0.040818628219076954,Low
2020-08-25,SVR,60D,5,0.0354230897414651,0.041358808845929344,Low
2020-08-26,SVR,60D,5,0.0292177640873564,0.039282541353339175,Low
2020-08-27,SVR,60D,5,0.0207303806826285,0.04581215480617671,Low
2020-08-28,SVR,60D,5,0.0196404860149079,0.04449502562459407,Low
2020-08-31,SVR,60D,5,0.0378703200044482,0.04822666344241109,Low
2020-09-01,SVR,60D,5,0.0287878138282328,0.05094078936592842,Low
2020-09-02,SVR,60D,5,0.0159328747102643,0.049929967809731045,Low
2020-09-03,SVR,60D,5,0.0470843282154775,0.057416765278550295,High
2020-09-04,SVR,60D,5,0.0664587496313456,0.06681759884801372,High
2020-09-08,SVR,60D,5,0.0963971432464166,0.06455493457101438,High
2020-09-09,SVR,60D,5,0.0758280305039419,0.058389919409645365,High
2020-09-10,SVR,60D,5,0.1023667401445244,0.0542579237091109,High
2020-09-11,SVR,60D,5,0.0998962965474738,0.04945057737716672,High
2020-09-14,SVR,60D,5,0.0900182326926214,0.0449503253426062,High
2020-09-15,SVR,60D,5,0.07683148181365,0.04035335024106224,High
2020-09-16,SVR,60D,5,0.0801751941780301,0.04376852343027248,High
2020-09-17,SVR,60D,5,0.0873573456223497,0.040124446089779366,High
2020-09-18,SVR,60D,5,0.0942341343250311,0.043507376404203095,High
2020-09-21,SVR,60D,5,0.1187111803745477,0.04332539000710083,High
2020-09-22,SVR,60D,5,0.1100193895964948,0.04447734674114819,High
2020-09-23,SVR,60D,5,0.1397678713198521,0.04767876527897897,High
2020-09-24,SVR,60D,5,0.1332675688130745,0.047121281128944044,High
2020-09-25,SVR,60D,5,0.1135032011019767,0.03972760131053787,High
2020-09-28,SVR,60D,5,0.0954457645563518,0.03988975434969932,High
2020-09-29,SVR,60D,5,0.1010155805326146,0.04259181214811148,High
2020-09-30,SVR,60D,5,0.096326087943722,0.03672249650417974,High
2020-10-01,SVR,60D,5,0.0997318459178384,0.040260751981397135,High
2020-10-02,SVR,60D,5,0.1071257939569304,0.04758892441099188,High
2020-10-05,SVR,60D,5,0.0906533330491087,0.046299832582408405,High
2020-10-06,SVR,60D,5,0.1111436021483357,0.05171897520552791,High
2020-10-07,SVR,60D,5,0.0790316756660683,0.04928659293949945,High
2020-10-08,SVR,60D,5,0.078111094154561,0.0478787886530501,High
2020-10-09,SVR,60D,5,0.0750496023562823,0.04266674996848271,High
2020-10-12,SVR,60D,5,0.0735053323057111,0.03971092392295631,High
2020-10-13,SVR,60D,5,0.0853090613283895,0.040599687546741474,High
2020-10-14,SVR,60D,5,0.0853779057958277,0.046126733696524626,High
2020-10-15,SVR,60D,5,0.0873225313406104,0.04417257487216946,High
2020-10-16,SVR,60D,5,0.089460677270706,0.04817738810932904,High
2020-10-19,SVR,60D,5,0.1021648277169054,0.05059192022356549,High
2020-10-20,SVR,60D,5,0.0902326315986257,0.04927909634684275,High
2020-10-21,SVR,60D,5,0.1005342032459577,0.05174925249903003,High
2020-10-22,SVR,60D,5,0.1091682666189773,0.04850907595627026,High
2020-10-23,SVR,60D,5,0.1060451014599013,0.048067206397251726,High
2020-10-26,SVR,60D,5,0.1217944217822854,0.05092457618472906,High
2020-10-27,SVR,60D,5,0.1284339446457484,0.06501258056433373,High
2020-10-28,SVR,60D,5,0.1628695435931726,0.07020426234651869,High
2020-10-29,SVR,60D,5,0.1249797035270748,0.0718391605807919,High
2020-10-30,SVR,60D,5,0.1468967157510952,0.07039802963826072,High
2015-06-10,SVR,120D,1,-0.0118455038770558,0.06001521482908448,Low
2015-06-11,SVR,120D,1,-0.0029586816868445,0.05198458062820304,Low
2015-06-12,SVR,120D,1,-0.0069963996731908,0.048180497901673405,Low
2015-06-15,SVR,120D,1,-0.0168409364955695,0.04538692160903594,Low
2015-06-16,SVR,120D,1,-0.0021968106474721,0.056133702470855085,Low
2015-06-17,SVR,120D,1,-0.0111885390029427,0.05963357632588353,Low
2015-06-18,SVR,120D,1,-0.0275535916825461,0.062152293872086775,Low
2015-06-19,SVR,120D,1,-0.0300050628102892,0.05135667459409986,Low
2015-06-22,SVR,120D,1,-0.0338325742132368,0.061385174439411216,Low
2015-06-23,SVR,120D,1,-0.0540821083942456,0.05072627199070068,Low
2015-06-24,SVR,120D,1,-0.0419573546118723,0.05179939504716344,Low
2015-06-25,SVR,120D,1,-0.0284167703493615,0.05207766128245121,Low
2015-06-26,SVR,120D,1,-0.0136159789536676,0.04215923228256269,Low
2015-06-29,SVR,120D,1,-0.0076837860809325,0.02209202692704257,Normal
2015-06-30,SVR,120D,1,-0.0282962434405068,0.027450485670186334,Normal
2015-07-01,SVR,120D,1,-0.0274600331479877,0.04089730869604781,Normal
2015-07-02,SVR,120D,1,-0.0183738673668721,0.04337349154318404,Normal
2015-07-06,SVR,120D,1,-0.0021630381404209,0.03655506726926062,Normal
2015-07-07,SVR,120D,1,-0.009825514138153,0.03379083698616126,Normal
2015-07-08,SVR,120D,1,0.0047865143176825,0.026497305144452546,Normal
2015-07-09,SVR,120D,1,0.0131005308458854,0.04346687402120556,Normal
2015-07-10,SVR,120D,1,-0.0064058543229008,0.04091147371179591,Normal
2015-07-13,SVR,120D,1,-0.0268676078717238,0.05044748790888612,Normal
2015-07-14,SVR,120D,1,-0.0467329229060299,0.03460374741811277,Normal
2015-07-15,SVR,120D,1,-0.0439874624659328,0.043116559457442735,Normal
2015-07-16,SVR,120D,1,-0.0651723589130346,0.05631859164256165,Normal
2015-07-17,SVR,120D,1,-0.09026374705683,0.05394230491756815,Normal
2015-07-20,SVR,120D,1,-0.1019322211266795,0.058602333832112774,Normal
2015-07-21,SVR,120D,1,-0.0968085165881338,0.05639416881330901,Normal
2015-07-22,SVR,120D,1,-0.0866454374501689,0.0515435833049986,Normal
2015-07-23,SVR,120D,1,-0.1062356023166985,0.05499075665123952,Normal
2015-07-24,SVR,120D,1,-0.0789165206856534,0.04236150818662459,Normal
2015-07-27,SVR,120D,1,-0.0949605383187515,0.04460173177187076,Normal
2015-07-28,SVR,120D,1,-0.106738931933212,0.02033630184086556,Normal
2015-07-29,SVR,120D,1,-0.125793840886494,0.044795728545718984,Normal
2015-07-30,SVR,120D,1,-0.1206402191545682,0.04058338514788349,Normal
2015-07-31,SVR,120D,1,-0.098285388471303,0.042870511399233036,Normal
2015-08-03,SVR,120D,1,-0.1112862396992198,0.05217082702077942,Normal
2015-08-04,SVR,120D,1,-0.0949887627019191,0.06018367268431361,Normal
2015-08-05,SVR,120D,1,-0.1090215231879382,0.05199181813191736,Low
2015-08-06,SVR,120D,1,-0.0957249765477846,0.05190367068272672,Low
2015-08-07,SVR,120D,1,-0.0683873026968904,0.046902998340711766,Low
2015-08-10,SVR,120D,1,-0.0815574731744574,0.051664263083571374,Low
2015-08-11,SVR,120D,1,-0.0908753772125065,0.04811423163398067,Low
2015-08-12,SVR,120D,1,-0.0868453608291471,0.05120345512230819,Low
2015-08-13,SVR,120D,1,-0.0840437666682424,0.05651207047168247,Low
2015-08-14,SVR,120D,1,-0.1066022572189535,0.060489596853909346,Low
2015-08-17,SVR,120D,1,-0.1260552068514137,0.062482449542441934,Low
2015-08-18,SVR,120D,1,-0.1240900645625408,0.06057662670089457,Low
2015-08-19,SVR,120D,1,-0.1159898962837046,0.048093998475994604,Low
2015-08-20,SVR,120D,1,-0.1070413831588146,0.03218657699172235,Normal
2015-08-21,SVR,120D,1,-0.0553421254298903,0.012457046422312303,High
2015-08-24,SVR,120D,1,0.0012510566583137,0.06000434093298989,High
2015-08-25,SVR,120D,1,0.0312114170266108,0.08334054855158685,High
2015-08-26,SVR,120D,1,-0.0117565145318553,0.04117170655035156,High
2015-08-27,SVR,120D,1,-0.0357898023033472,0.032330176414137074,High
2015-08-28,SVR,120D,1,-0.0220476223611473,-0.01707799808332887,High
2015-08-31,SVR,120D,1,-0.0261531212679516,0.024572042441033982,High
2015-09-01,SVR,120D,1,0.0082994886091083,0.017298254446818276,High
2015-09-02,SVR,120D,1,0.0014561839163443,0.01734758148815785,High
2015-09-03,SVR,120D,1,-0.0015797971126392,-0.09703981609785263,High
2015-09-04,SVR,120D,1,0.0057143805500653,-0.05758688767869942,High
2015-09-08,SVR,120D,1,0.0045291287546455,-0.07846400148233236,High
2015-09-09,SVR,120D,1,0.0226101143848321,-0.03912364153094418,High
2015-09-10,SVR,120D,1,0.0208386732602132,-0.07577794352551366,High
2015-09-11,SVR,120D,1,0.0196621066811688,-0.11458552576714189,High
2015-09-14,SVR,120D,1,0.0246447707050765,-0.04686547737570432,High
2015-09-15,SVR,120D,1,0.0005913270176379,-0.07609718024872282,High
2015-09-16,SVR,120D,1,-0.0030367409149237,-0.07669901876381092,High
2015-09-17,SVR,120D,1,-0.000316603675241,-0.09567069751564013,High
2015-09-18,SVR,120D,1,0.0322421728679938,-0.08804980039058467,High
2015-09-21,SVR,120D,1,0.0264250122177092,-0.07184740829782042,High
2015-09-22,SVR,120D,1,0.0369813113027695,-0.03207681620783773,High
2015-09-23,SVR,120D,1,0.0446167834141434,-0.05369069804920998,High
2015-09-24,SVR,120D,1,0.0545590183540461,-0.04836351101107317,High
2015-09-25,SVR,120D,1,0.0594208874062928,-0.020668737270156043,High
2015-09-28,SVR,120D,1,0.0864071904733942,-0.010375798565636987,High
2015-09-29,SVR,120D,1,0.0842973236636403,0.01024657981091883,High
2015-09-30,SVR,120D,1,0.058994915529408,0.001584039010240526,High
2015-10-01,SVR,120D,1,0.056644835071694,-0.007961658990028028,High
2015-10-02,SVR,120D,1,0.0429761489433608,-0.05497864037548482,High
2015-10-05,SVR,120D,1,0.0336295674790959,-0.014646173832979642,High
2015-10-06,SVR,120D,1,0.0415651368168053,0.009400769956884984,High
2015-10-07,SVR,120D,1,0.0315197745996317,-0.014232745468521671,High
2015-10-08,SVR,120D,1,0.029050953521673,-0.015620300327258405,High
2015-10-09,SVR,120D,1,0.0251126249153031,-0.02601077660071402,High
2015-10-12,SVR,120D,1,0.0136416620261755,-0.04019405292869356,High
2015-10-13,SVR,120D,1,0.0309432836483158,-0.05667418269279571,High
2015-10-14,SVR,120D,1,0.0236226405902501,-0.06253232854337905,High
2015-10-15,SVR,120D,1,0.0116617918435115,-0.06724097729952906,High
2015-10-16,SVR,120D,1,0.0043581845802106,-0.06343255763148294,High
2015-10-19,SVR,120D,1,0.0137034295177276,-0.08324725180622806,High
2015-10-20,SVR,120D,1,0.0251156003421791,-0.05854009303688158,Normal
2015-10-21,SVR,120D,1,0.0311309616834458,-0.06199932073383917,Normal
2015-10-22,SVR,120D,1,0.0136553450947057,-0.0442932542872614,High
2015-10-23,SVR,120D,1,0.009205116739461,-0.07067919492039672,High
2015-10-26,SVR,120D,1,0.0141997876434275,-0.039507483888522515,Normal
2015-10-27,SVR,120D,1,0.0175184285577498,-0.06322275768677169,Normal
2015-10-28,SVR,120D,1,0.0005403772123141,-0.04121072834132691,Normal
2015-10-29,SVR,120D,1,0.0010381111725156,-0.04659198867865462,Normal
2015-10-30,SVR,120D,1,0.0040459032401782,-0.05184094495105086,Normal
2015-11-02,SVR,120D,1,-0.0058869729243995,-0.0559849157959581,Normal
2015-11-03,SVR,120D,1,-0.0069633317377203,-0.0488345950542443,Normal
2015-11-04,SVR,120D,1,-0.0126853008596348,-0.050488861988293374,Normal
2015-11-05,SVR,120D,1,-0.0166284603336937,-0.06792358933264374,Normal
2015-11-06,SVR,120D,1,-0.008501171856426,-0.06814495713273037,Normal
2015-11-09,SVR,120D,1,-0.0073443805883193,-0.037911719614607695,Normal
2015-11-10,SVR,120D,1,-0.0148084184472416,-0.07420397357474186,Normal
2015-11-11,SVR,120D,1,-0.0118141478184668,-0.05036438315872839,Normal
2015-11-12,SVR,120D,1,0.0054446260717184,-0.0573367521344072,Normal
2015-11-13,SVR,120D,1,0.0174684798114836,-0.04202302892353571,Normal
2015-11-16,SVR,120D,1,0.0150815422532867,-0.041007828992987896,Normal
2015-11-17,SVR,120D,1,0.0068142963936645,-0.014844279883522035,Normal
2015-11-18,SVR,120D,1,-0.0093884127514719,0.0004962182251755792,Normal
2015-11-19,SVR,120D,1,-0.0167791065842452,-0.017820171009226754,Normal
2015-11-20,SVR,120D,1,-0.0108330854747818,-0.015660030423978066,Normal
2015-11-23,SVR,120D,1,-0.0190533251852606,-0.016090823532118367,Normal
2015-11-24,SVR,120D,1,-0.0200694174438199,-0.016702766738167313,Normal
2015-11-25,SVR,120D,1,-0.0236538713515734,-0.010676280297962928,Normal
2015-11-27,SVR,120D,1,-0.0182458536882498,0.007507451858909109,Normal
2015-11-30,SVR,120D,1,-0.0156816901167329,0.044141170105501455,Normal
2015-12-01,SVR,120D,1,-0.0127169915294821,-0.004820576505568677,Normal
2015-12-02,SVR,120D,1,0.0052901307615502,0.0023158146497979856,Normal
2015-12-03,SVR,120D,1,0.0195574911557718,0.017341131704538243,Normal
2015-12-04,SVR,120D,1,0.0035173297313601,-0.0018997752572904245,Normal
2015-12-07,SVR,120D,1,0.0095256050711679,-0.0046024100101235005,Normal
2015-12-08,SVR,120D,1,0.0171710563506887,0.004335177017453756,Normal
2015-12-09,SVR,120D,1,0.0277608388833675,0.004267766715355531,Normal
2015-12-10,SVR,120D,1,0.0225959200680782,-0.010932126797249503,Normal
2015-12-11,SVR,120D,1,0.0470951163432571,0.019711574002972868,High
2015-12-14,SVR,120D,1,0.0436394439083865,-0.0008515300498282974,Normal
2015-12-15,SVR,120D,1,0.0363809657744268,0.010220029322409202,Normal
2015-12-16,SVR,120D,1,0.0202510945257618,0.02684825556905253,High
2015-12-17,SVR,120D,1,0.0261883387514721,-0.01153156290132655,Normal
2015-12-18,SVR,120D,1,0.0359975349688694,0.011197099183496616,High
2015-12-21,SVR,120D,1,0.0264487231697412,0.009658422766382166,High
2015-12-22,SVR,120D,1,0.0158282185143621,0.006687570479598018,High
2015-12-23,SVR,120D,1,0.0066147150978537,0.003944232330155846,High
2015-12-24,SVR,120D,1,0.0049513463571084,0.0278744807392556,High
2015-12-28,SVR,120D,1,0.0129236655918372,0.004312916197897039,High
2015-12-29,SVR,120D,1,0.0050583920230241,0.007953867214823142,High
2015-12-30,SVR,120D,1,0.0106488618102269,0.004314837994321238,High
2015-12-31,SVR,120D,1,0.0333809139236497,-0.006129556516104917,High
2016-01-04,SVR,120D,1,0.0122221629158731,0.032609979570013534,High
2016-01-05,SVR,120D,1,-0.0080502877351894,0.0030711498328348935,High
2016-01-06,SVR,120D,1,0.0227659968715243,-0.01403285069676051,High
2016-01-07,SVR,120D,1,0.063641056362123,0.0072232662462992925,High
2016-01-08,SVR,120D,1,0.088012456957437,0.035464844214354446,High
2016-01-11,SVR,120D,1,0.0891062549546465,0.04152445812218418,High
2016-01-12,SVR,120D,1,0.0744627118512731,0.016497273158930986,High
2016-01-13,SVR,120D,1,0.1050837739874581,-0.04078405678673935,High
2016-01-14,SVR,120D,1,0.0876537551663411,-0.05894051461782021,High
2016-01-15,SVR,120D,1,0.124627714430496,-0.06263518844125472,High
2016-01-19,SVR,120D,1,0.1274988535550655,-0.034488947874160666,High
2016-01-20,SVR,120D,1,0.1462464618883094,-0.00338308978565921,High
2016-01-21,SVR,120D,1,0.141199231927343,-0.0032604428828982845,High
2016-01-22,SVR,120D,1,0.1263639278468265,0.003278731120728108,High
2016-01-25,SVR,120D,1,0.1411960939597767,-0.004079994666156168,High
2016-01-26,SVR,120D,1,0.1295303179512776,-0.06723070114877054,High
2016-01-27,SVR,120D,1,0.1390170357513906,-0.07728054943021591,High
2016-01-28,SVR,120D,1,0.1377648933495631,-0.053823534582766855,High
2016-01-29,SVR,120D,1,0.1096871724984815,-0.053426873408337544,High
2016-02-01,SVR,120D,1,0.1146741341335336,-0.057334060683269086,High
2016-02-02,SVR,120D,1,0.1305790841118354,-0.08605147918869872,High
2016-02-03,SVR,120D,1,0.1259221962509806,-0.10258637644013717,High
2016-02-04,SVR,120D,1,0.1231973670116485,-0.09748475190761625,High
2016-02-05,SVR,120D,1,0.1434564457360928,-0.02570602901549411,High
2016-02-08,SVR,120D,1,0.1593414837768079,0.006951780305502725,High
2016-02-09,SVR,120D,1,0.158734730276077,0.017287855406023185,High
2016-02-10,SVR,120D,1,0.1525417575941703,0.011047997026100126,High
2016-02-11,SVR,120D,1,0.1680482476394977,0.040043378144556295,High
2016-02-12,SVR,120D,1,0.1489307817319408,-0.003078831451228038,High
2016-02-16,SVR,120D,1,0.141115741279636,-0.008639833915922532,High
2016-02-17,SVR,120D,1,0.123862053362453,0.007640035374306062,High
2016-02-18,SVR,120D,1,0.1289284034729436,-0.02496699472866086,High
2016-02-19,SVR,120D,1,0.1260856396912573,-0.01188245404003467,High
2016-02-22,SVR,120D,1,0.1164583236946248,-0.007659866206988997,High
2016-02-23,SVR,120D,1,0.1281945378784992,-0.04778444382054396,High
2016-02-24,SVR,120D,1,0.1265535941383889,-0.04882638396860661,High
2016-02-25,SVR,120D,1,0.1097750851914601,-0.06307291408942946,High
2016-02-26,SVR,120D,1,0.1135137965271801,-0.0458503535059052,High
2016-02-29,SVR,120D,1,0.1238651293151345,-0.05230048391532417,High
2016-03-01,SVR,120D,1,0.0988354343447477,-0.04512792993076159,High
2016-03-02,SVR,120D,1,0.0941860026003227,-0.04504909543952544,High
2016-03-03,SVR,120D,1,0.0926432354583673,-0.058568840765727895,High
2016-03-04,SVR,120D,1,0.0840887403327538,-0.06913771361223868,High
2016-03-07,SVR,120D,1,0.0818379571352444,-0.03757301076624954,High
2016-03-08,SVR,120D,1,0.0915616489525374,-0.021242283318595095,High
2016-03-09,SVR,120D,1,0.0917364045983975,-0.03856189511687837,High
2016-03-10,SVR,120D,1,0.0896250203941523,-0.03153485314198694,High
2016-03-11,SVR,120D,1,0.0709837836997382,-0.04050710340650358,Normal
2016-03-14,SVR,120D,1,0.0722041669269385,-0.036715866502741654,Normal
2016-03-15,SVR,120D,1,0.0782350394602912,-0.047821173148625926,Normal
2016-03-16,SVR,120D,1,0.0756275539485165,-0.027499655801478215,Normal
2016-03-17,SVR,120D,1,0.0689075749416268,-0.031508869707965986,Normal
2016-03-18,SVR,120D,1,0.0622861194981306,-0.0033180106470672432,Normal
2016-03-21,SVR,120D,1,0.0364732851830017,-0.009568581278705732,Normal
2016-03-22,SVR,120D,1,0.0519214453132084,-0.012381865846826753,Normal
2016-03-23,SVR,120D,1,0.0433862065656645,-0.02085138147532932,Normal
2016-03-24,SVR,120D,1,0.0431764989452286,-0.02568801332433214,Normal
2016-03-28,SVR,120D,1,0.052689908506596,-0.010995417800675852,Normal
2016-03-29,SVR,120D,1,0.0401324686567868,-0.021026564427560734,Normal
2016-03-30,SVR,120D,1,0.0357729854293958,-0.03330384060543247,Low
2016-03-31,SVR,120D,1,0.0381139212732507,-0.024619196344168245,Low
2016-04-01,SVR,120D,1,0.0426609625402868,-0.011331866697231546,Low
2016-04-04,SVR,120D,1,0.0523531945037834,-0.02345306603392816,Low
2016-04-05,SVR,120D,1,0.0567961999558592,-0.01843590261008761,Low
2016-04-06,SVR,120D,1,0.03771855190593,-0.031711066488973,Low
2016-04-07,SVR,120D,1,0.056190121041233,-0.021768188282513354,Normal
2016-04-08,SVR,120D,1,0.0586899950402592,-0.034673467767112984,Normal
2016-04-11,SVR,120D,1,0.0520684131997818,-0.02818236192666418,Low
2016-04-12,SVR,120D,1,0.0503890519064194,-0.024545949454216287,Low
2016-04-13,SVR,120D,1,0.0371329589563343,-0.011147835348423993,Low
2016-04-14,SVR,120D,1,0.03199216473984,-0.012093793573760905,Low
2016-04-15,SVR,120D,1,0.0372644205471829,-0.02403744545579159,Low
2016-04-18,SVR,120D,1,0.0312261387859896,-0.011894200183614048,Low
2016-04-19,SVR,120D,1,0.0248876134415088,-0.010356817233514268,Low
2016-04-20,SVR,120D,1,0.0287216887095988,-0.01044240069312491,Low
2016-04-21,SVR,120D,1,0.0214046738691347,-0.002981127736687267,Low
2016-04-22,SVR,120D,1,0.0225027474959928,-0.012070318976662442,Low
2016-04-25,SVR,120D,1,0.0212123607045218,-0.004684615060369657,Low
2016-04-26,SVR,120D,1,0.019542944689406,-0.0028277780966982774,Low
2016-04-27,SVR,120D,1,0.0148523324658188,-0.0009026871410163229,Low
2016-04-28,SVR,120D,1,0.0302674741330793,0.012994458104947829,Low
2016-04-29,SVR,120D,1,0.037532995518987,0.006260113552225527,Low
2016-05-02,SVR,120D,1,0.028376717690362,7.950176046357671e-05,Low
2016-05-03,SVR,120D,1,0.0370070719386031,0.017922790968103827,Low
2016-05-04,SVR,120D,1,0.047700249291503,0.012200002192033592,Low
2016-05-05,SVR,120D,1,0.0441343285195908,-0.0016971894256266468,Low
2016-05-06,SVR,120D,1,0.039222790044851,-0.0024253860122287613,Low
2016-05-09,SVR,120D,1,0.0354783808312324,-0.005315521118301983,Low
2016-05-10,SVR,120D,1,0.01995887545557,0.009629063925175249,Low
2016-05-11,SVR,120D,1,0.02944411444924,0.018262528749983555,Low
2016-05-12,SVR,120D,1,0.0228035746084694,0.023981193158035978,Low
2016-05-13,SVR,120D,1,0.0247711243167678,0.022789267676568775,Low
2016-05-16,SVR,120D,1,0.0105889349045457,0.024836122905785733,Low
2016-05-17,SVR,120D,1,0.0183772781850155,0.019367327299986074,Low
2016-05-18,SVR,120D,1,0.0401523202280791,0.025068186135975057,Low
2016-05-19,SVR,120D,1,0.0476307931479571,0.02061798871223562,Low
2016-05-20,SVR,120D,1,0.0526454538048088,0.022526570375393136,Low
2016-05-23,SVR,120D,1,0.0566819360890057,0.01971009954290509,Low
2016-05-24,SVR,120D,1,0.0416943702072181,0.021045366727542078,Normal
2016-05-25,SVR,120D,1,0.0346283310984513,0.03899964837898566,Normal
2016-05-26,SVR,120D,1,0.0422917521704694,0.03752842743007877,Normal
2016-05-27,SVR,120D,1,0.0364305407086539,0.03711160868741656,Normal
2016-05-31,SVR,120D,1,0.0421017786904416,0.03399619103091851,Normal
2016-06-01,SVR,120D,1,0.0385777286709671,0.03981853893210287,Low
2016-06-02,SVR,120D,1,0.0431907345748545,0.03695023265060722,Low
2016-06-03,SVR,120D,1,0.0482698879151424,0.04398418389374399,Low
2016-06-06,SVR,120D,1,0.0441922575526877,0.038001928993678574,Low
2016-06-07,SVR,120D,1,0.0468103875369139,0.04327747387591026,Low
2016-06-08,SVR,120D,1,0.0382378963102239,0.03340678363665611,Low
2016-06-09,SVR,120D,1,0.0412915342613796,0.04182257283858236,Low
2016-06-10,SVR,120D,1,0.0478521361163893,0.03462123089441181,Low
2016-06-13,SVR,120D,1,0.0524787119393349,0.03260443396752139,Low
2016-06-14,SVR,120D,1,0.0546761447313915,0.03470705807048403,Low
2016-06-15,SVR,120D,1,0.0623229807219455,0.03414617857170249,Low
2016-06-16,SVR,120D,1,0.0625999720797743,0.04503363610949289,Low
2016-06-17,SVR,120D,1,0.0789406149691067,0.03284934381430231,Low
2016-06-20,SVR,120D,1,0.0753062472075547,0.05090187893982015,Low
2016-06-21,SVR,120D,1,0.0785192751363147,0.03994466363255052,Low
2016-06-22,SVR,120D,1,0.079034121842291,0.023215686484253685,Low
2016-06-23,SVR,120D,1,0.0722770379715729,0.04296595265713557,Low
2016-06-24,SVR,120D,1,0.100707535315297,0.035390391377193756,Normal
2016-06-27,SVR,120D,1,0.1228454895145533,0.05426741773228805,Normal
2016-06-28,SVR,120D,1,0.1034792111594852,0.005960254833286507,High
2016-06-29,SVR,120D,1,0.0885631409034424,0.0038593207208265368,High
2016-06-30,SVR,120D,1,0.0787201901551292,-0.01915916085675662,High
2016-07-01,SVR,120D,1,0.0743130981374196,0.01861341438921984,High
2016-07-05,SVR,120D,1,0.0793194159006217,0.019898352494282755,High
2016-07-06,SVR,120D,1,0.0752316613774247,0.027717504377265688,High
2016-07-07,SVR,120D,1,0.0783494681687065,0.01176453098609468,High
2016-07-08,SVR,120D,2,0.0548196408929428,0.010814342212905233,High
2016-07-11,SVR,120D,2,0.051123473849076,0.006697614427586963,High
2016-07-12,SVR,120D,2,0.0394907968448761,0.0028876722484707726,High
2016-07-13,SVR,120D,2,0.0478068049230514,0.0005442891898856592,High
2016-07-14,SVR,120D,2,0.0482673458919038,0.003250701791625586,High
2016-07-15,SVR,120D,2,0.0484257573492938,0.004527999821056242,High
2016-07-18,SVR,120D,2,0.0495570847080042,0.00031311426091722855,High
2016-07-19,SVR,120D,2,0.04743838373686,-0.0009502134905943968,High
2016-07-20,SVR,120D,2,0.043177175421096,-0.0023393533122441842,High
2016-07-21,SVR,120D,2,0.0496218876667229,0.008321566237894061,High
2016-07-22,SVR,120D,2,0.0429311484834829,-0.006073556359279621,High
2016-07-25,SVR,120D,2,0.0477952986185594,0.0316385810389867,Normal
2016-07-26,SVR,120D,2,0.0445006520016216,0.015103167825336133,Normal
2016-07-27,SVR,120D,2,0.0474621134182397,0.02195542673611898,Low
2016-07-28,SVR,120D,2,0.0422413553458279,0.0137192614656255,Low
2016-07-29,SVR,120D,2,0.04397195928947,0.015266822947471587,Low
2016-08-01,SVR,120D,2,0.0425488037908914,0.014104130505131006,Low
2016-08-02,SVR,120D,2,0.0554738851325214,0.014305340220760014,Low
2016-08-03,SVR,120D,2,0.0603388952124188,0.005274821664956457,Low
2016-08-04,SVR,120D,2,0.0593906909776669,0.013268015510780086,Low
2016-08-05,SVR,120D,2,0.0499571541985452,0.012603015923007173,Low
2016-08-08,SVR,120D,2,0.0448370579939901,0.006238138094246289,Low
2016-08-09,SVR,120D,2,0.0435570383994015,0.0032368861252883227,Low
2016-08-10,SVR,120D,2,0.046724154451006,0.008630509078895517,Low
2016-08-11,SVR,120D,2,0.0425708861872533,0.0066493272220004285,Low
2016-08-12,SVR,120D,2,0.050605746428721,0.008430493977802905,Low
2016-08-15,SVR,120D,2,0.0456991326204902,0.0026170775317860065,Low
2016-08-16,SVR,120D,2,0.0514200783008143,0.0027423123322979012,Low
2016-08-17,SVR,120D,2,0.0502463144432683,0.006141056170845954,Low
2016-08-18,SVR,120D,2,0.053785176482846,0.01721971801991607,Low
2016-08-19,SVR,120D,2,0.0587861928736235,0.01658511045363236,Low
2016-08-22,SVR,120D,2,0.0645818083409579,0.013832581962910873,Low
2016-08-23,SVR,120D,2,0.0666312683582688,0.013968866506076018,Low
2016-08-24,SVR,120D,2,0.0768652122836752,0.009768857851695699,Low
2016-08-25,SVR,120D,2,0.0773668810787704,0.012374339103552442,Low
2016-08-26,SVR,120D,2,0.0806240946447208,0.020306489852389566,Low
2016-08-29,SVR,120D,2,0.0814395162361157,0.022885877924356167,Low
2016-08-30,SVR,120D,2,0.0823123214964343,0.019764849055624624,Low
2016-08-31,SVR,120D,2,0.0851099115732561,0.007242429356058677,Low
2016-09-01,SVR,120D,2,0.0866435471946991,0.021533290666590113,Low
2016-09-02,SVR,120D,2,0.0834687708633984,0.028103753688469325,Low
2016-09-06,SVR,120D,2,0.0779098223781981,0.018800453509566557,Low
2016-09-07,SVR,120D,2,0.0916374294002167,0.017024352355545037,Low
2016-09-08,SVR,120D,2,0.0879858006205819,0.009532629880485949,Low
2016-09-09,SVR,120D,2,0.1133172933999531,0.012512794379972707,Low
2016-09-12,SVR,120D,2,0.0954642834029529,0.0035223973627256586,Normal
2016-09-13,SVR,120D,2,0.1074884057790739,-0.009813371058018557,Normal
2016-09-14,SVR,120D,2,0.105789427214823,-0.0014572121479041883,Normal
2016-09-15,SVR,120D,2,0.0965304863781493,0.003681650382509949,Normal
2016-09-16,SVR,120D,2,0.1035732538795801,-0.0039923848414760085,Normal
2016-09-19,SVR,120D,2,0.1039584227325743,0.002435921800409413,Normal
2016-09-20,SVR,120D,2,0.1002745802674493,0.021225243504991956,Normal
2016-09-21,SVR,120D,2,0.0977564590584997,0.03086687556488004,Normal
2016-09-22,SVR,120D,2,0.089649672341674,0.02743462952287367,Normal
2016-09-23,SVR,120D,2,0.0940877860371614,0.04101316396131687,Normal
2016-09-26,SVR,120D,2,0.1007007200746971,0.03573654102163057,Normal
2016-09-27,SVR,120D,2,0.0817916303192969,0.03893733855946332,Normal
2016-09-28,SVR,120D,2,0.078397156563117,0.050787824517803136,Normal
2016-09-29,SVR,120D,2,0.0867014521483683,0.03742665443110635,Normal
2016-09-30,SVR,120D,2,0.0779207073464022,0.025450111827810894,Normal
2016-10-03,SVR,120D,2,0.0801666229420837,0.049747267587866024,Normal
2016-10-04,SVR,120D,2,0.0923598135580695,0.048057462480049384,Normal
2016-10-05,SVR,120D,2,0.0891570635307028,0.04362567368450658,Normal
2016-10-06,SVR,120D,2,0.0916064305898032,0.05538080420606844,Normal
2016-10-07,SVR,120D,2,0.0926076240931506,0.05051168031811065,Normal
2016-10-10,SVR,120D,2,0.086368818467813,0.04819469421805649,Normal
2016-10-11,SVR,120D,2,0.0994527622402301,0.050862436582261104,Low
2016-10-12,SVR,120D,2,0.095247293222309,0.048538856619947605,Low
2016-10-13,SVR,120D,2,0.1002790199282782,0.04074542901921006,Low
2016-10-14,SVR,120D,2,0.0992499633062122,0.04104298654565055,Low
2016-10-17,SVR,120D,2,0.1029800315538355,0.04539784941496934,Low
2016-10-18,SVR,120D,2,0.0954036176561787,0.03408941561792606,Low
2016-10-19,SVR,120D,2,0.0894470080818413,0.04782906398093238,Low
2016-10-20,SVR,120D,2,0.083985658923418,0.055258697693163,Low
2016-10-21,SVR,120D,2,0.0926462697546798,0.05927299358152754,Low
2016-10-24,SVR,120D,2,0.0850000722614192,0.06167943034622601,Low
2016-10-25,SVR,120D,2,0.087087204329257,0.048227092279789587,Low
2016-10-26,SVR,120D,2,0.0963579826134181,0.04329983769492033,Low
2016-10-27,SVR,120D,2,0.0963094904123115,0.04291477765022649,Low
2016-10-28,SVR,120D,2,0.1102043671400483,0.04060719678774221,Low
2016-10-31,SVR,120D,2,0.1163988652359981,0.042722723792069164,Low
2016-11-01,SVR,120D,2,0.1227230628690458,0.03788441510479825,Low
2016-11-02,SVR,120D,2,0.1298227143227991,0.03397467654132419,Low
2016-11-03,SVR,120D,2,0.1323409478739185,0.02739106969614526,Low
2016-11-04,SVR,120D,2,0.1357392599725053,0.04880086057832375,Low
2016-11-07,SVR,120D,2,0.1149474038288517,0.04346135029372749,Normal
2016-11-08,SVR,120D,2,0.1099103560358668,0.059698906233873264,Low
2016-11-09,SVR,120D,2,0.0994761694440803,0.05086905680259074,Low
2016-11-10,SVR,120D,2,0.1016076831354634,0.06316715137820178,Low
2016-11-11,SVR,120D,2,0.1030440567551689,0.06229542012009994,Low
2016-11-14,SVR,120D,2,0.1021337916555589,0.051844575513018326,Low
2016-11-15,SVR,120D,2,0.0958107993509191,0.0530084932445558,Low
2016-11-16,SVR,120D,2,0.0952291644991884,0.042685838328941635,Low
2016-11-17,SVR,120D,2,0.0890841597971964,0.04322856144315087,Low
2016-11-18,SVR,120D,2,0.0962389534657599,0.04239355419596403,Low
2016-11-21,SVR,120D,2,0.0881181183579002,0.038335730212651235,Normal
2016-11-22,SVR,120D,2,0.0676095590831918,0.045674906654725324,Normal
2016-11-23,SVR,120D,2,0.0704818995534991,0.04541000609144096,Low
2016-11-25,SVR,120D,2,0.0733198571482759,0.05071413721550831,Low
2016-11-28,SVR,120D,2,0.0837351096990196,0.053465346692072625,Normal
2016-11-29,SVR,120D,2,0.0842368925181381,0.041894498909063625,Low
2016-11-30,SVR,120D,2,0.0893798568778708,0.050518622954160694,Low
2016-12-01,SVR,120D,2,0.0973336918866129,0.0442217861841141,Low
2016-12-02,SVR,120D,2,0.0972472659518307,0.04912960594027514,Low
2016-12-05,SVR,120D,2,0.0902374882955531,0.021332521143825167,Low
2016-12-06,SVR,120D,2,0.0863723292067272,0.04031308775304459,Low
2016-12-07,SVR,120D,2,0.0808375660468511,0.03283373987905373,Low
2016-12-08,SVR,120D,2,0.0823814256480261,0.031260110145816165,Low
2016-12-09,SVR,120D,2,0.0752415999746277,0.04680624363839352,Low
2016-12-12,SVR,120D,2,0.073596773599023,0.03458690263073413,Low
2016-12-13,SVR,120D,2,0.0686453191941336,0.038464509298720174,Low
2016-12-14,SVR,120D,2,0.0770627836916571,0.04579655079566308,Low
2016-12-15,SVR,120D,2,0.072356742137916,0.0407968891266056,Low
2016-12-16,SVR,120D,2,0.0731296564091782,0.04514204933525112,Low
2016-12-19,SVR,120D,2,0.0756578425371972,0.04786380143940686,Low
2016-12-20,SVR,120D,2,0.0710306031707268,0.03675363981020021,Low
2016-12-21,SVR,120D,2,0.071248879098564,0.048460639574472233,Low
2016-12-22,SVR,120D,2,0.0733971894710203,0.04705533135278362,Low
2016-12-23,SVR,120D,2,0.0804588401428351,0.052226664140666755,Low
2016-12-27,SVR,120D,2,0.0714938307913548,0.04812976884368909,Low
2016-12-28,SVR,120D,2,0.0793026573078545,0.047043082894854656,Low
2016-12-29,SVR,120D,2,0.0791401190672848,0.041150628625199,Low
2016-12-30,SVR,120D,2,0.0853476523195481,0.046236498584549764,Low
2017-01-03,SVR,120D,2,0.0772126375061235,0.03279666043752256,Low
2017-01-04,SVR,120D,2,0.0634010871599011,0.03630911997255073,Low
2017-01-05,SVR,120D,2,0.0729415564089336,0.042048917750745714,Low
2017-01-06,SVR,120D,2,0.0607935503842131,0.04851587147616998,Low
2017-01-09,SVR,120D,2,0.0658805134666462,0.03893442952363744,Low
2017-01-10,SVR,120D,2,0.068188681445794,0.045394528702050935,Low
2017-01-11,SVR,120D,2,0.0668152630929806,0.046203821972593276,Low
2017-01-12,SVR,120D,2,0.059549388179844,0.042371593366413274,Low
2017-01-13,SVR,120D,2,0.0640839693543129,0.043324217910519124,Low
2017-01-17,SVR,120D,2,0.0679832199140441,0.03250246224327047,Low
2017-01-18,SVR,120D,2,0.0654380323781526,0.03689787870839767,Low
2017-01-19,SVR,120D,2,0.0763329209502931,0.039177568579892456,Low
2017-01-20,SVR,120D,2,0.0748451663624665,0.04017925737876479,Low
2017-01-23,SVR,120D,2,0.0822015321785455,0.04528556821569415,Low
2017-01-24,SVR,120D,2,0.0756054774128763,0.04366734008195996,Low
2017-01-25,SVR,120D,2,0.0682091033150185,0.03666007685378284,Low
2017-01-26,SVR,120D,2,0.0743030164663353,0.03724561963546339,Low
2017-01-27,SVR,120D,2,0.0750161848674697,0.03599954581591981,Low
2017-01-30,SVR,120D,2,0.0806759190343575,0.031434054819776576,Low
2017-01-31,SVR,120D,2,0.0805019196469813,0.03402975321137719,Low
2017-02-01,SVR,120D,2,0.083122508178763,0.03924296601127908,Low
2017-02-02,SVR,120D,2,0.0828349853461913,0.03334135868011235,Low
2017-02-03,SVR,120D,2,0.0746233268542439,0.04594305365738626,Low
2017-02-06,SVR,120D,2,0.075398908689837,0.04488628249055144,Low
2017-02-07,SVR,120D,2,0.0744436943914314,0.04974171563851409,Low
2017-02-08,SVR,120D,2,0.0761967330177601,0.05022178515842421,Low
2017-02-09,SVR,120D,2,0.0709531966891476,0.05555604424264602,Low
2017-02-10,SVR,120D,2,0.0652074480321926,0.046355182820377774,Low
2017-02-13,SVR,120D,2,0.0618626358657208,0.049045618180782236,Low
2017-02-14,SVR,120D,2,0.0595091533143285,0.055464658977760706,Low
2017-02-15,SVR,120D,2,0.0521119124182087,0.027360201594737794,Low
2017-02-16,SVR,120D,2,0.0526127292270466,0.046986421108855016,Low
2017-02-17,SVR,120D,2,0.0363553614990677,0.05424511989010678,Low
2017-02-21,SVR,120D,2,0.0316002686069859,0.04845600249885645,Low
2017-02-22,SVR,120D,2,0.0426767059998393,0.043431543046282085,Low
2017-02-23,SVR,120D,2,0.0417588747016968,0.05256450192418662,Low
2017-02-24,SVR,120D,2,0.0416857199929973,0.0528225881359981,Low
2017-02-27,SVR,120D,2,0.0251109122380723,0.04341915272288454,Low
2017-02-28,SVR,120D,2,0.0258555646919152,0.04275036506279642,Low
2017-03-01,SVR,120D,2,0.013436329322756,0.04077872314829609,Low
2017-03-02,SVR,120D,2,0.0292051415554865,0.034017756604951245,Low
2017-03-03,SVR,120D,2,0.0252418210543125,0.03454811414122903,Low
2017-03-06,SVR,120D,2,0.0264478270707399,0.04105308823029469,Low
2017-03-07,SVR,120D,2,0.0310369246417673,0.04618606126427026,Low
2017-03-08,SVR,120D,2,0.0338107060791273,0.05510503054523193,Low
2017-03-09,SVR,120D,2,0.0338535972283708,0.060521904486550336,Low
2017-03-10,SVR,120D,2,0.0351947893105732,0.058846941369952915,Low
2017-03-13,SVR,120D,2,0.040532897276117,0.0603432212117711,Low
2017-03-14,SVR,120D,2,0.0458982242993432,0.048844853345692725,Low
2017-03-15,SVR,120D,2,0.029978886622512,0.0586702654258029,Low
2017-03-16,SVR,120D,2,0.0347307639148396,0.0557133387971326,Low
2017-03-17,SVR,120D,2,0.0358674911342175,0.05526120722143462,Low
2017-03-20,SVR,120D,2,0.0363894470711402,0.0672534761470177,Low
2017-03-21,SVR,120D,2,0.0596560168583893,0.08099997576647347,Low
2017-03-22,SVR,120D,2,0.0611262166058098,0.061687810074638874,Low
2017-03-23,SVR,120D,2,0.0629438829987224,0.0591859406492467,Low
2017-03-24,SVR,120D,2,0.062686911361833,0.06187280064095106,Low
2017-03-27,SVR,120D,2,0.0655524964938378,0.06854993395189532,Low
2017-03-28,SVR,120D,2,0.0597820495933434,0.06560374719155723,Low
2017-03-29,SVR,120D,2,0.0598068930062445,0.04920273067785456,Low
2017-03-30,SVR,120D,2,0.057510228796849,0.059382098633704146,Low
2017-03-31,SVR,120D,2,0.0567172567882009,0.04808036443847244,Low
2017-04-03,SVR,120D,2,0.0590083160913812,0.06678483794245375,Low
2017-04-04,SVR,120D,2,0.0562244273168662,0.06532804121860442,Low
2017-04-05,SVR,120D,2,0.0593561282542834,0.0592286223375905,Low
2017-04-06,SVR,120D,2,0.0615053003625362,0.0672927161199877,Low
2017-04-07,SVR,120D,2,0.063536663454419,0.056259188331751635,Low
2017-04-10,SVR,120D,2,0.0665474763871345,0.04719941750959702,Low
2017-04-11,SVR,120D,2,0.0718489035088052,0.047782580891507685,Low
2017-04-12,SVR,120D,2,0.077772452112453,0.04135621274759221,Low
2017-04-13,SVR,120D,2,0.0858564160633709,0.046040435412992846,Low
2017-04-17,SVR,120D,2,0.0829108544035563,0.05605542620265868,Low
2017-04-18,SVR,120D,2,0.0847442460841498,0.055177963023484496,Low
2017-04-19,SVR,120D,2,0.0846560076130049,0.04890588563931404,Low
2017-04-20,SVR,120D,2,0.0794468768805091,0.05639948802383181,Low
2017-04-21,SVR,120D,2,0.084288447917288,0.05905070370391201,Low
2017-04-24,SVR,120D,2,0.0718185342088248,0.049599921047950114,Low
2017-04-25,SVR,120D,2,0.0666240420019199,0.05921781793290736,Low
2017-04-26,SVR,120D,2,0.068859086009913,0.052962289517995566,Low
2017-04-27,SVR,120D,2,0.0689786719150479,0.057349607314087885,Low
2017-04-28,SVR,120D,2,0.0716357108978673,0.05645129305800085,Low
2017-05-01,SVR,120D,2,0.070232863185984,0.05962778597069802,Low
2017-05-02,SVR,120D,2,0.0741483157852029,0.056207862422092573,Low
2017-05-03,SVR,120D,2,0.0714400898680332,0.061771364937491205,Low
2017-05-04,SVR,120D,2,0.0724747574547217,0.0625820042986775,Low
2017-05-05,SVR,120D,2,0.0637204423599832,0.06411328267557889,Low
2017-05-08,SVR,120D,2,0.0649531363386776,0.06478505252895819,Low
2017-05-09,SVR,120D,2,0.0740195208751979,0.06536218051735905,Low
2017-05-10,SVR,120D,2,0.0696919807810075,0.06578339642786842,Low
2017-05-11,SVR,120D,2,0.0728011450917936,0.07067666056976374,Low
2017-05-12,SVR,120D,2,0.0758715245404917,0.07361039496448954,Low
2017-05-15,SVR,120D,2,0.0712963300071433,0.06481344426238972,Low
2017-05-16,SVR,120D,2,0.0750757523704437,0.07135076559063837,Low
2017-05-17,SVR,120D,2,0.0946916644263351,0.03849049898396935,Low
2017-05-18,SVR,120D,2,0.0908225049940373,0.048959892668588974,Low
2017-05-19,SVR,120D,2,0.085520415717897,0.05212859640738761,Low
2017-05-22,SVR,120D,2,0.0766045710825185,0.05263506685650196,Low
2017-05-23,SVR,120D,2,0.0738703389340843,0.049511407012227955,Low
2017-05-24,SVR,120D,2,0.0723674560408011,0.06246506783584273,Low
2017-05-25,SVR,120D,2,0.0656230634385411,0.07690562593398798,Low
2017-05-26,SVR,120D,2,0.0597715629111149,0.07340448301164827,Low
2017-05-30,SVR,120D,2,0.0691395664236211,0.06236362217372216,Low
2017-05-31,SVR,120D,2,0.0669702240646751,0.06924031806687062,Low
2017-06-01,SVR,120D,2,0.060702498368618,0.07534625278530227,Low
2017-06-02,SVR,120D,2,0.0635214626303244,0.06587063479677291,Low
2017-06-05,SVR,120D,2,0.0639893270674236,0.05958912982735111,Low
2017-06-06,SVR,120D,2,0.0688262200118597,0.05918946750233955,Low
2017-06-07,SVR,120D,2,0.0668748596287088,0.06420656079489029,Low
2017-06-08,SVR,120D,2,0.0764080227898377,0.06614948233352641,Low
2017-06-09,SVR,120D,2,0.0768690627732342,0.0756620395624329,Low
2017-06-12,SVR,120D,2,0.0860058919157635,0.06262346787105785,Low
2017-06-13,SVR,120D,2,0.079477950136728,0.06974683701450327,Low
2017-06-14,SVR,120D,2,0.0794215665527591,0.06854657614270551,Low
2017-06-15,SVR,120D,2,0.0779172858236442,0.06635325727889826,Low
2017-06-16,SVR,120D,2,0.0775195745030542,0.05618528148567835,Low
2017-06-19,SVR,120D,2,0.0721350583062694,0.06560972810300325,Low
2017-06-20,SVR,120D,2,0.0843454207887192,0.05167000864236644,Low
2017-06-21,SVR,120D,2,0.0881250771036869,0.05373801692998071,Low
2017-06-22,SVR,120D,2,0.0901286867982143,0.05864596162602839,Low
2017-06-23,SVR,120D,2,0.0880959192726552,0.056265810359345414,Low
2017-06-26,SVR,120D,2,0.0837009996021602,0.06793994632581299,Low
2017-06-27,SVR,120D,2,0.1007408995879757,0.05799270581726842,Low
2017-06-28,SVR,120D,2,0.0973198765210222,0.05904169297141389,Low
2017-06-29,SVR,120D,2,0.1027215953220452,0.05994240075756945,Low
2017-06-30,SVR,120D,2,0.1003613016375989,0.05718816854971825,Low
2017-07-03,SVR,120D,2,0.1000368206711096,0.06360155529562189,Low
2017-07-05,SVR,120D,2,0.0981263249967072,0.04875827728122838,Low
2017-07-06,SVR,120D,2,0.1064803366035148,0.04426430173422316,Low
2017-07-07,SVR,120D,2,0.1008882523441415,0.05242956856902773,Low
2017-07-10,SVR,120D,2,0.1017932352435483,0.05593671994272308,Low
2017-07-11,SVR,120D,2,0.0973795900168823,0.05928548677524844,Low
2017-07-12,SVR,120D,2,0.098369617287459,0.05587293881857667,Low
2017-07-13,SVR,120D,2,0.1028752210579219,0.06192311507835679,Low
2017-07-14,SVR,120D,2,0.1022331477432396,0.06397917937210332,Low
2017-07-17,SVR,120D,2,0.1092952078685318,0.053910971703484474,Low
2017-07-18,SVR,120D,2,0.1103584929377178,0.052674304967946554,Low
2017-07-19,SVR,120D,2,0.1063023182389626,0.06307957308604431,Low
2017-07-20,SVR,120D,2,0.1053431435160489,0.06634569923212834,Low
2017-07-21,SVR,120D,2,0.1127201086141397,0.06670881392081804,Low
2017-07-24,SVR,120D,2,0.1205113360086427,0.06349264253391845,Low
2017-07-25,SVR,120D,2,0.114061715227142,0.05828881977252031,Low
2017-07-26,SVR,120D,2,0.1231500974275248,0.06512653366078239,Low
2017-07-27,SVR,120D,2,0.1225055615674448,0.06320035831040964,Low
2017-07-28,SVR,120D,2,0.128223225232551,0.06738597350840972,Low
2017-07-31,SVR,120D,2,0.136986000449324,0.06216259080296319,Low
2017-08-01,SVR,120D,2,0.1367118846426079,0.06460266125314457,Low
2017-08-02,SVR,120D,2,0.1356592246880283,0.06482029600722149,Low
2017-08-03,SVR,120D,2,0.1384477059218071,0.06363955198267784,Low
2017-08-04,SVR,120D,2,0.1483320226103518,0.06602311176271802,Low
2017-08-07,SVR,120D,3,0.1399314416812084,0.06352933937818105,Low
2017-08-08,SVR,120D,3,0.1313901511062567,0.05315551650528101,Low
2017-08-09,SVR,120D,3,0.1322426917576639,0.05854074174116776,Low
2017-08-10,SVR,120D,3,0.1461746118063819,0.043538720190849936,Low
2017-08-11,SVR,120D,3,0.1234631741616959,0.051973906644918334,Low
2017-08-14,SVR,120D,3,0.0716269819772651,0.04713207708753871,Low
2017-08-15,SVR,120D,3,0.0894164876530856,0.05111107443241177,Low
2017-08-16,SVR,120D,3,0.0829832539060009,0.05473012244137618,Low
2017-08-17,SVR,120D,3,0.0602815441473906,0.062013807767175105,Low
2017-08-18,SVR,120D,3,0.076944243008267,0.049852361362755095,Low
2017-08-21,SVR,120D,3,0.0896009329718869,0.0675189438516135,Low
2017-08-22,SVR,120D,3,0.0823187596915393,0.06931391695059456,Low
2017-08-23,SVR,120D,3,0.0990917696330754,0.055404426978326704,Low
2017-08-24,SVR,120D,3,0.1131652481569891,0.05789924390369487,Low
2017-08-25,SVR,120D,3,0.1118671761379732,0.07296721480201367,Low
2017-08-28,SVR,120D,3,0.1055217055578397,0.0721962758064212,Low
2017-08-29,SVR,120D,3,0.0991675743125192,0.07099360305238939,Low
2017-08-30,SVR,120D,3,0.0955361200100361,0.07641959932709154,Low
2017-08-31,SVR,120D,3,0.1057327246704436,0.07177453423990787,Low
2017-09-01,SVR,120D,3,0.1154405852487358,0.07244458054753364,Low
2017-09-05,SVR,120D,3,0.1102317323594131,0.05914514204361228,Low
2017-09-06,SVR,120D,3,0.095950083782613,0.06253915372701015,Low
2017-09-07,SVR,120D,3,0.0827145699725902,0.06510862185927505,Low
2017-09-08,SVR,120D,3,0.0892633156012466,0.06560878670600843,Low
2017-09-11,SVR,120D,3,0.089453958014626,0.05585910444627693,Low
2017-09-12,SVR,120D,3,0.0887310383517395,0.05093347945171014,Low
2017-09-13,SVR,120D,3,0.0874902122779407,0.06315796075630065,Low
2017-09-14,SVR,120D,3,0.0930446843376534,0.06020660510170129,Low
2017-09-15,SVR,120D,3,0.1084287535327017,0.05491648323280955,Low
2017-09-18,SVR,120D,3,0.1056990942655738,0.06420993712126961,Low
2017-09-19,SVR,120D,3,0.0982056042345278,0.06446426496873774,Low
2017-09-20,SVR,120D,3,0.0918304877070294,0.06392686765666629,Low
2017-09-21,SVR,120D,3,0.0940988172548478,0.06595958088993702,Low
2017-09-22,SVR,120D,3,0.0951532312069125,0.06821401956839655,Low
2017-09-25,SVR,120D,3,0.083071713365393,0.05858521626410208,Low
2017-09-26,SVR,120D,3,0.0844802579012169,0.0653374301501624,Low
2017-09-27,SVR,120D,3,0.0785577433735997,0.06629196773141574,Low
2017-09-28,SVR,120D,3,0.0518689657718073,0.06610594979926324,Low
2017-09-29,SVR,120D,3,0.0269808953915578,0.059606996459224924,Low
2017-10-02,SVR,120D,3,0.0499094172678808,0.06246190098115018,Low
2017-10-03,SVR,120D,3,0.030325620437898,0.0644898078412824,Low
2017-10-04,SVR,120D,3,0.0261587578773218,0.06022213945263773,Low
2017-10-05,SVR,120D,3,0.0342036313398726,0.06851825853725717,Low
2017-10-06,SVR,120D,3,0.0126871601616165,0.058136591241578064,Low
2017-10-09,SVR,120D,3,0.0270291853453714,0.05633617817417881,Low
2017-10-10,SVR,120D,3,0.0362095680613399,0.060800068219713496,Low
2017-10-11,SVR,120D,3,0.0412471065333276,0.06169273121137592,Low
2017-10-12,SVR,120D,3,0.0207712165966141,0.06336179259965194,Low
2017-10-13,SVR,120D,3,0.0232244895593608,0.0647672417057601,Low
2017-10-16,SVR,120D,3,0.038063866023369,0.06198290601135993,Low
2017-10-17,SVR,120D,3,0.0318508273454738,0.05752004154724854,Low
2017-10-18,SVR,120D,3,0.0393256665318013,0.06360591859585539,Low
2017-10-19,SVR,120D,3,0.0361069225900841,0.0690767029643946,Low
2017-10-20,SVR,120D,3,0.0390794632066169,0.06094730980901088,Low
2017-10-23,SVR,120D,3,0.0536649301334808,0.05457653018564576,Low
2017-10-24,SVR,120D,3,0.0528793496664756,0.055963549978347335,Low
2017-10-25,SVR,120D,3,0.051810723557903,0.06367750599132559,Low
2017-10-26,SVR,120D,3,0.0419674071189481,0.05661699919482863,Low
2017-10-27,SVR,120D,3,0.0339830272504056,0.06094908517438138,Low
2017-10-30,SVR,120D,3,0.0237097166206711,0.051508292035563334,Low
2017-10-31,SVR,120D,3,0.0246010779168154,0.055033226970310545,Low
2017-11-01,SVR,120D,3,0.0333903779962884,0.05880217439340919,Low
2017-11-02,SVR,120D,3,0.0343134354979856,0.06005294241092022,Low
2017-11-03,SVR,120D,3,0.02299995362275,0.062220807534469035,Low
2017-11-06,SVR,120D,3,0.024275311909001,0.056605052205407375,Low
2017-11-07,SVR,120D,3,0.0172324815126806,0.05637333137656747,Low
2017-11-08,SVR,120D,3,0.0135336499955562,0.06285077964142685,Low
2017-11-09,SVR,120D,3,0.0300324413632614,0.058843361739410835,Low
2017-11-10,SVR,120D,3,0.034382468894305,0.053147658817927906,Low
2017-11-13,SVR,120D,3,0.033133641371278,0.05823615046370251,Low
2017-11-14,SVR,120D,3,0.0450815698664288,0.057734630107583194,Low
2017-11-15,SVR,120D,3,0.0599495802124009,0.050582863544190365,Low
2017-11-16,SVR,120D,3,0.0534930667003897,0.05868939726052315,Low
2017-11-17,SVR,120D,3,0.0570055831894136,0.05322551438216923,Low
2017-11-20,SVR,120D,3,0.0488650582566329,0.059598330118535395,Low
2017-11-21,SVR,120D,3,0.0463975592243946,0.06060109720634005,Low
2017-11-22,SVR,120D,3,0.0462918631391141,0.06308120167409431,Low
2017-11-24,SVR,120D,3,0.0416022136063316,0.06700582901433653,Low
2017-11-27,SVR,120D,3,0.0493461497410682,0.05155213069161707,Low
2017-11-28,SVR,120D,3,0.0364051289513994,0.06149917344536779,Low
2017-11-29,SVR,120D,3,0.040017568041089,0.05138887778706869,Low
2017-11-30,SVR,120D,3,0.0298347184205552,0.049616609514956,Low
2017-12-01,SVR,120D,3,0.0295012983021747,0.07635844869835531,Low
2017-12-04,SVR,120D,3,0.018922436339669,0.06718999571806064,Low
2017-12-05,SVR,120D,3,0.035284702217548,0.06524593147195207,Low
2017-12-06,SVR,120D,3,0.0284954811446442,0.06529701529617182,Low
2017-12-07,SVR,120D,3,0.0363582138437746,0.06989716804820201,Low
2017-12-08,SVR,120D,3,0.0353366067066089,0.06354882912624582,Low
2017-12-11,SVR,120D,3,0.0328421108544885,0.06393373941607894,Low
2017-12-12,SVR,120D,3,0.0398252877697111,0.05580656322204651,Low
2017-12-13,SVR,120D,3,0.0395839131178768,0.06340652436268206,Low
2017-12-14,SVR,120D,3,0.0467841097563907,0.06547856227603996,Low
2017-12-15,SVR,120D,3,0.0389179333531882,0.0644379628736721,Low
2017-12-18,SVR,120D,3,0.0353113220522946,0.0526881926340817,Low
2017-12-19,SVR,120D,3,0.0345125655540016,0.05521490138456057,Low
2017-12-20,SVR,120D,3,0.0378093021500779,0.06031398830538248,Low
2017-12-21,SVR,120D,3,0.0348079948219254,0.05672771142389204,Low
2017-12-22,SVR,120D,3,0.0331378752791525,0.056116272078613305,Low
2017-12-26,SVR,120D,3,0.0301653330278199,0.062033798515799946,Low
2017-12-27,SVR,120D,3,0.03108539494169,0.05490806059368178,Low
2017-12-28,SVR,120D,3,0.0228873470955503,0.06230393737942799,Low
2017-12-29,SVR,120D,3,0.0299441826434324,0.05470626913576871,Low
2018-01-02,SVR,120D,3,0.0078553814572638,0.05217729907414913,Low
2018-01-03,SVR,120D,3,0.0036790987190242,0.06468183610953679,Low
2018-01-04,SVR,120D,3,-0.0089830304494437,0.054713184541253186,Low
2018-01-05,SVR,120D,3,-0.0098324963189976,0.05335524268021295,Low
2018-01-08,SVR,120D,3,-0.0107353441987777,0.05261480121997382,Low
2018-01-09,SVR,120D,3,-0.0089741668817827,0.04652443865176744,Low
2018-01-10,SVR,120D,3,-0.0128209503507957,0.05763909454823122,Low
2018-01-11,SVR,120D,3,-0.0112461193741397,0.052167619629668774,Low
2018-01-12,SVR,120D,3,-0.0095275281726538,0.04483707910175573,Low
2018-01-16,SVR,120D,3,0.0027874758742903,0.05971245522878277,Low
2018-01-17,SVR,120D,3,-0.0031162810133898,0.04987433762087773,Low
2018-01-18,SVR,120D,3,-0.0086180698878327,0.04024000670963007,Low
2018-01-19,SVR,120D,3,-0.0042827262946508,0.03589200549410325,Low
2018-01-22,SVR,120D,3,-0.0112384351402554,0.043278915631040034,Low
2018-01-23,SVR,120D,3,-0.0144391047293763,0.040260229926284447,Low
2018-01-24,SVR,120D,3,-0.0099131478387008,0.048508152903231926,Low
2018-01-25,SVR,120D,3,-0.0083574051607964,0.05060368383428766,Low
2018-01-26,SVR,120D,3,-0.0240898701159302,0.044443067213737864,Low
2018-01-29,SVR,120D,3,-0.0182840316023415,0.03870188724081038,Low
2018-01-30,SVR,120D,3,-0.0054890264537729,0.041389035434714325,Low
2018-01-31,SVR,120D,3,-0.0012083734264141,0.029308831206924787,Low
2018-02-01,SVR,120D,3,0.0085003599959818,0.040841064683721964,Low
2018-02-02,SVR,120D,3,0.026900137763813,0.025121969247291383,Normal
2018-02-05,SVR,120D,3,0.0621588440573491,0.058986684804747024,High
2018-02-06,SVR,120D,3,0.0390974813928248,0.027319556091706637,High
2018-02-07,SVR,120D,3,0.0489844568358804,0.09557784545086648,High
2018-02-08,SVR,120D,3,0.086202616014111,0.04608682513730686,High
2018-02-09,SVR,120D,3,0.0762913203967954,0.015279828949496817,High
2018-02-12,SVR,120D,3,0.0671060867839572,0.026126003426839024,High
2018-02-13,SVR,120D,3,0.0680285474544814,-0.006375079750812071,High
2018-02-14,SVR,120D,3,0.05753530939207,0.011314279776853467,High
2018-02-15,SVR,120D,3,0.0452760332219996,0.02061036850806968,High
2018-02-16,SVR,120D,3,0.0434599188950381,0.0234628074075219,High
2018-02-20,SVR,120D,3,0.0421791237386308,0.01827482251530474,High
2018-02-21,SVR,120D,3,0.0436767505559615,0.017184866551648623,High
2018-02-22,SVR,120D,3,0.0490726030868008,-0.014362741144594404,High
2018-02-23,SVR,120D,3,0.025540116260301,-0.013984357879357756,High
2018-02-26,SVR,120D,3,0.0217398921923116,-0.026086484187367878,High
2018-02-27,SVR,120D,3,0.0378458100090423,0.007702455075935512,High
2018-02-28,SVR,120D,3,0.0514286909948266,-0.016229689563141775,High
2018-03-01,SVR,120D,3,0.0669090568043301,-0.01646975707046347,High
2018-03-02,SVR,120D,3,0.061452040264888,-0.014848252684825536,High
2018-03-05,SVR,120D,3,0.0487877287308265,-0.015108731083051427,High
2018-03-06,SVR,120D,3,0.0523320517271149,-0.0006755920968910256,High
2018-03-07,SVR,120D,3,0.0604571849599417,-0.045226979818567895,High
2018-03-08,SVR,120D,3,0.0562732788286555,-0.028047785640844536,High
2018-03-09,SVR,120D,3,0.0447289745563593,0.006374229640969335,Normal
2018-03-12,SVR,120D,3,0.0415635998498997,-0.00824793683896087,Normal
2018-03-13,SVR,120D,3,0.0480819787315196,0.0017975197628362569,Normal
2018-03-14,SVR,120D,3,0.0521672565078288,-0.01478965358719403,Normal
2018-03-15,SVR,120D,3,0.0501424301056594,-0.027336943962948557,Normal
2018-03-16,SVR,120D,3,0.0447814411218096,-0.008758783722664518,Normal
2018-03-19,SVR,120D,3,0.0568716837681685,-0.019870044345653176,Normal
2018-03-20,SVR,120D,3,0.0572870033211427,-0.050777117632526375,Normal
2018-03-21,SVR,120D,3,0.0628655611364876,-0.034308346159577285,Normal
2018-03-22,SVR,120D,3,0.0887070564592358,-0.018637004281371355,High
2018-03-23,SVR,120D,3,0.1151652159303776,0.026166107582217997,High
2018-03-26,SVR,120D,3,0.0886456191251086,-0.013271968178308807,High
2018-03-27,SVR,120D,3,0.1004876137788812,-0.051753050596038616,High
2018-03-28,SVR,120D,3,0.1087631855459692,-0.019179953975800246,High
2018-03-29,SVR,120D,3,0.0963398960852977,-0.042178295852380435,High
2018-04-02,SVR,120D,3,0.1267405926141228,-0.020088523256976257,High
2018-04-03,SVR,120D,3,0.1138360303613745,-0.022718434682379204,High
2018-04-04,SVR,120D,3,0.098814045700914,-0.06404923580097166,High
2018-04-05,SVR,120D,3,0.0906686758061449,-0.04848286709122862,High
2018-04-06,SVR,120D,3,0.1095380431820499,-0.09814521630815903,High
2018-04-09,SVR,120D,3,0.1089665244429683,-0.023522412144852456,High
2018-04-10,SVR,120D,3,0.092371055302516,-0.0414110012017922,High
2018-04-11,SVR,120D,3,0.1015462334171757,-0.08273741575015942,High
2018-04-12,SVR,120D,3,0.0929325658092397,-0.08029145495635051,High
2018-04-13,SVR,120D,3,0.0965346323726646,-0.044465168535434904,High
2018-04-16,SVR,120D,3,0.0802552601500917,-0.062130047118156936,High
2018-04-17,SVR,120D,3,0.064106873951603,-0.04986471450041041,High
2018-04-18,SVR,120D,3,0.0628806588357001,-0.05227605286862616,High
2018-04-19,SVR,120D,3,0.0672043307973784,-0.07905340951333528,High
2018-04-20,SVR,120D,3,0.0423611189431291,-0.07883573136956817,High
2018-04-23,SVR,120D,3,0.0215173088594031,-0.09769915391525547,High
2018-04-24,SVR,120D,3,0.0490944322742546,-0.0535353950608418,High
2018-04-25,SVR,120D,3,0.0413365757501307,-0.08514677434523019,High
2018-04-26,SVR,120D,3,0.0522242595976549,-0.08034690670563854,High
2018-04-27,SVR,120D,3,0.0508585600636261,-0.07169197332205304,High
2018-04-30,SVR,120D,3,0.0445832620372062,-0.06306547440228737,Normal
2018-05-01,SVR,120D,3,0.0416762247308995,-0.07419468299415133,Normal
2018-05-02,SVR,120D,3,0.044599378835824,-0.05837822528610412,Normal
2018-05-03,SVR,120D,3,0.041328520240194,-0.045998692265286426,Normal
2018-05-04,SVR,120D,3,-0.0027520636492819,-0.03384156834358523,Normal
2018-05-07,SVR,120D,3,0.0122496737744422,-0.02322518841560267,Normal
2018-05-08,SVR,120D,3,-0.004963787623827,-0.03421609769902455,Normal
2018-05-09,SVR,120D,3,-0.0211806438538897,-0.014384624460134082,Normal
2018-05-10,SVR,120D,3,-0.0149623324858607,-0.005828029061531001,Normal
2018-05-11,SVR,120D,3,-0.0058755930022508,-0.0005458578466254471,Normal
2018-05-14,SVR,120D,3,0.0037438063561517,-0.0012011587588263914,Normal
2018-05-15,SVR,120D,3,0.0042727403442628,-0.014465617076538442,Normal
2018-05-16,SVR,120D,3,0.0058050941939425,-0.00845665804369515,Normal
2018-05-17,SVR,120D,3,0.0129011207269614,-0.013532209258996161,Normal
2018-05-18,SVR,120D,3,0.0365238645422855,-0.017535038753882903,Normal
2018-05-21,SVR,120D,3,0.0266521910058607,-0.014422840318674815,Normal
2018-05-22,SVR,120D,3,0.0205512936833635,0.013869459257012232,Low
2018-05-23,SVR,120D,3,-0.0025900025090028,0.0026656365069720467,Low
2018-05-24,SVR,120D,3,-0.0020477583734541,-0.008906919239589611,Low
2018-05-25,SVR,120D,3,-0.0072839441377187,-0.008214270436677718,Low
2018-05-29,SVR,120D,3,0.0148856611167155,0.01960256124805644,Low
2018-05-30,SVR,120D,3,0.0044906233022757,-0.021892653792365407,Normal
2018-05-31,SVR,120D,3,-0.0053892046900115,-0.0017713159059653746,Normal
2018-06-01,SVR,120D,3,-0.0344979999558372,-0.02660186977807809,Normal
2018-06-04,SVR,120D,3,-0.0359289255434223,-0.017707604565493945,Low
2018-06-05,SVR,120D,3,-0.0432076915248535,0.0015406584399294265,Low
2018-06-06,SVR,120D,3,-0.0363256163167991,0.01687839683151382,Normal
2018-06-07,SVR,120D,3,-0.0323547883302018,0.002143957958083635,Low
2018-06-08,SVR,120D,3,-0.0127617659348392,0.010553606451861944,Low
2018-06-11,SVR,120D,3,-0.016015397487173,0.00145996487414745,Low
2018-06-12,SVR,120D,3,-0.0096197170492593,0.0009753027068189965,Low
2018-06-13,SVR,120D,3,0.0052965392865146,0.0007330145610438474,Low
2018-06-14,SVR,120D,3,-0.0300721900745451,-0.004571291004700578,Low
2018-06-15,SVR,120D,3,-0.0305779576731953,0.007851518087274398,Low
2018-06-18,SVR,120D,3,-0.0520459019486309,0.010422388339251569,Low
2018-06-19,SVR,120D,3,-0.0462537807743233,-0.007239489315279901,Low
2018-06-20,SVR,120D,3,-0.0483208806737415,0.007922740781951335,Low
2018-06-21,SVR,120D,3,-0.0365502808201699,0.004584827040367889,Low
2018-06-22,SVR,120D,3,-0.0386104343877189,-0.003333011533055971,Low
2018-06-25,SVR,120D,3,-0.0440619236886482,0.018221455647747936,Normal
2018-06-26,SVR,120D,3,-0.0672563590229216,-0.019011139027038437,Low
2018-06-27,SVR,120D,3,-0.0585283758559914,0.009466669742515137,Low
2018-06-28,SVR,120D,3,-0.0802035150509596,0.011743823935606142,Low
2018-06-29,SVR,120D,3,-0.0968594404225804,0.011632421282178305,Low
2018-07-02,SVR,120D,3,-0.1207258217554144,0.03084806973472424,Low
2018-07-03,SVR,120D,3,-0.1432527653531951,0.02718687017409404,Low
2018-07-05,SVR,120D,3,-0.1034334444279281,0.01913853607730237,Low
2018-07-06,SVR,120D,3,-0.1033527330596912,0.05292263146341949,Low
2018-07-09,SVR,120D,3,-0.113379377755264,0.03798629368917694,Low
2018-07-10,SVR,120D,3,-0.1083900012118791,0.030450401298941755,Low
2018-07-11,SVR,120D,3,-0.1000028217773364,0.03477599183965967,Low
2018-07-12,SVR,120D,3,-0.1337821451764235,0.044794173374659865,Low
2018-07-13,SVR,120D,3,-0.1011014016526856,0.0372134047524878,Low
2018-07-16,SVR,120D,3,-0.0930867610365572,0.032889422919914243,Low
2018-07-17,SVR,120D,3,-0.0874039980435033,0.04114665662227769,Low
2018-07-18,SVR,120D,3,-0.0854725087874184,0.03752433329658156,Low
2018-07-19,SVR,120D,3,-0.0770034405639067,0.02882711736727231,Low
2018-07-20,SVR,120D,3,-0.0762008513371148,0.03263458618214217,Low
2018-07-23,SVR,120D,3,-0.0833086082675958,0.04146454890537112,Low
2018-07-24,SVR,120D,3,-0.0774135082738883,0.03944215007407233,Low
2018-07-25,SVR,120D,3,-0.0842544228151726,0.04061627955179127,Low
2018-07-26,SVR,120D,3,-0.0736547893600695,0.03910652903854374,Low
2018-07-27,SVR,120D,3,-0.0539740418753683,0.04521141141041561,Low
2018-07-30,SVR,120D,3,-0.0624617293877536,0.03342329510945352,Low
2018-07-31,SVR,120D,3,-0.0651340766876058,0.024604431180079517,Low
2018-08-01,SVR,120D,3,-0.0627184035090572,0.03945629966743332,Low
2018-08-02,SVR,120D,3,-0.059179885390748,0.04297018139093216,Low
2018-08-03,SVR,120D,3,-0.0716910933048049,0.041030285221751804,Low
2018-08-06,SVR,120D,3,-0.0766803838907214,0.05062683555854393,Low
2018-08-07,SVR,120D,3,-0.0640709757456472,0.047189814641970584,Low
2018-08-08,SVR,120D,3,-0.0552479125425841,0.05269412012509923,Low
2018-08-09,SVR,120D,3,-0.0529069912807372,0.04152154236831687,Low
2018-08-10,SVR,120D,3,-0.0390142979000131,0.03373681272654676,Low
2018-08-13,SVR,120D,3,-0.0303028897966826,0.032589518806832404,Low
2018-08-14,SVR,120D,3,-0.0388987355306088,0.03516841898020251,Low
2018-08-15,SVR,120D,3,-0.0406687201514602,0.037490652817211145,Low
2018-08-16,SVR,120D,3,-0.0478809621380858,0.028579794447130363,Low
2018-08-17,SVR,120D,3,-0.0504897167095303,0.04629785389226356,Low
2018-08-20,SVR,120D,3,-0.04010693870882,0.03844148821757377,Low
2018-08-21,SVR,120D,3,-0.0391539070697361,0.03431885141924737,Low
2018-08-22,SVR,120D,3,-0.0414108393991912,0.04354927909414138,Low
2018-08-23,SVR,120D,3,-0.0288981408106984,0.045004330840165724,Low
2018-08-24,SVR,120D,3,-0.0335802254123918,0.04414549153354286,Low
2018-08-27,SVR,120D,3,-0.0394458332587613,0.045767914821162076,Low
2018-08-28,SVR,120D,3,-0.0432477446622011,0.04118663421967133,Low
2018-08-29,SVR,120D,3,-0.0425423484364022,0.046605030433199614,Low
2018-08-30,SVR,120D,3,-0.0368710719421924,0.03786230052131275,Low
2018-08-31,SVR,120D,3,-0.0377963100823378,0.04907764992341568,Low
2018-09-04,SVR,120D,3,-0.0366848154697564,0.04718643637645584,Low
2018-09-05,SVR,120D,4,-0.0367072602674409,0.023387524859628965,Low
2018-09-06,SVR,120D,4,-0.0261766126421097,0.02669016683589278,Low
2018-09-07,SVR,120D,4,-0.0278489221423504,0.0272962743813634,Low
2018-09-10,SVR,120D,4,-0.0308771238467506,0.02579821776230517,Low
2018-09-11,SVR,120D,4,-0.0411554631405911,0.021936280637857776,Low
2018-09-12,SVR,120D,4,-0.0496709826288159,0.0228626347098057,Low
2018-09-13,SVR,120D,4,-0.0570732989196609,0.021798505641352155,Low
2018-09-14,SVR,120D,4,-0.0427892072569377,0.022752422866648588,Low
2018-09-17,SVR,120D,4,-0.0342549505375833,0.0257775263437136,Low
2018-09-18,SVR,120D,4,-0.0326840566481893,0.021369581498627034,Low
2018-09-19,SVR,120D,4,-0.0348049440129574,0.01984111227306904,Low
2018-09-20,SVR,120D,4,-0.0376424387898559,0.0195160207786615,Low
2018-09-21,SVR,120D,4,-0.0335747410539408,0.01865540332824061,Low
2018-09-24,SVR,120D,4,-0.0301834288198538,0.021933771488050362,Low
2018-09-25,SVR,120D,4,-0.0318261770675055,0.02222178388587815,Low
2018-09-26,SVR,120D,4,-0.0177374618916561,0.021421661512343433,Low
2018-09-27,SVR,120D,4,-0.0396537652544406,0.02252426965838717,Low
2018-09-28,SVR,120D,4,-0.0404862679436125,0.020470875631168887,Low
2018-10-01,SVR,120D,4,-0.0369637073378772,0.02011083796026452,Low
2018-10-02,SVR,120D,4,-0.0412220817041969,0.020838564042893103,Low
2018-10-03,SVR,120D,4,-0.0383502937256536,0.019416661024136063,Low
2018-10-04,SVR,120D,4,-0.023435552261319,0.02647588501386019,Low
2018-10-05,SVR,120D,4,-0.0063900421586525,0.025572791566178886,Low
2018-10-08,SVR,120D,4,-0.0059773918954445,0.030220160671708428,Low
2018-10-09,SVR,120D,4,-0.0024124096412011,0.03176225594978802,Low
2018-10-10,SVR,120D,4,0.033086444644395,0.03347855137474668,Normal
2018-10-11,SVR,120D,4,0.0584997422400357,0.0336323881699352,Normal
2018-10-12,SVR,120D,4,0.0454404185821831,0.022978704310678506,Normal
2018-10-15,SVR,120D,4,0.0452769244378134,0.024302497046211284,Normal
2018-10-16,SVR,120D,4,0.0274809341574122,0.005468898094639345,High
2018-10-17,SVR,120D,4,0.0277717507604199,0.009684441196537184,High
2018-10-18,SVR,120D,4,0.0488558197253068,0.01743776912490177,High
2018-10-19,SVR,120D,4,0.0485874876162289,0.020378953151168173,High
2018-10-22,SVR,120D,4,0.0534055130378468,0.019554945764802108,High
2018-10-23,SVR,120D,4,0.0566561883978022,0.026213163784064734,High
2018-10-24,SVR,120D,4,0.0895848090831925,0.026728551932206142,High
2018-10-25,SVR,120D,4,0.0721425969214114,0.021895827245833534,High
2018-10-26,SVR,120D,4,0.0984240861064098,0.020906108143174958,High
2018-10-29,SVR,120D,4,0.1028111257985676,0.01649992095905648,High
2018-10-30,SVR,120D,4,0.0868967610864173,0.014039354790903215,High
2018-10-31,SVR,120D,4,0.080778232655151,0.015385850070429273,High
2018-11-01,SVR,120D,4,0.0713466822908556,0.01226076348358162,High
2018-11-02,SVR,120D,4,0.0786343680455268,0.011100933095420311,High
2018-11-05,SVR,120D,4,0.0655192284980415,0.01806494332608769,High
2018-11-06,SVR,120D,4,0.05715319610495,0.022387539724193502,High
2018-11-07,SVR,120D,4,0.0457582450230934,0.009551610760732,High
2018-11-08,SVR,120D,4,0.0437893008225125,0.014120724810880357,High
2018-11-09,SVR,120D,4,0.0363813986489794,0.011172348479999684,High
2018-11-12,SVR,120D,4,0.0546728342450269,0.013730541579811607,High
2018-11-13,SVR,120D,4,0.0531298544052725,0.013115524604399194,High
2018-11-14,SVR,120D,4,0.0644394372936418,0.02109555735471965,High
2018-11-15,SVR,120D,4,0.0294749354125023,0.012835006130851916,High
2018-11-16,SVR,120D,4,0.0352380853982343,0.009929806935546272,High
2018-11-19,SVR,120D,4,0.0578432409616788,0.011655953815240531,High
2018-11-20,SVR,120D,4,0.0850171936347638,0.015925972087804864,High
2018-11-21,SVR,120D,4,0.0761240871499528,0.015577249925046381,High
2018-11-23,SVR,120D,4,0.075928248886403,0.024414521261197746,High
2018-11-26,SVR,120D,4,0.0689752221342272,0.007829299153384574,High
2018-11-27,SVR,120D,4,0.0628904454057151,0.013802657338491627,High
2018-11-28,SVR,120D,4,0.0281907018613194,0.01567735743511362,High
2018-11-29,SVR,120D,4,0.0317288401787501,0.020354840457296942,High
2018-11-30,SVR,120D,4,0.0151803424618722,0.017260651004095663,High
2018-12-03,SVR,120D,4,-0.0026375694997216,0.015082769048065929,High
2018-12-04,SVR,120D,4,0.0323589320138314,0.008525837243934832,High
2018-12-06,SVR,120D,4,0.0205991146775226,0.008456810067845592,High
2018-12-07,SVR,120D,4,0.041426379479537,0.01106966335929433,High
2018-12-10,SVR,120D,4,0.0608717033376984,0.007685385402142912,High
2018-12-11,SVR,120D,4,0.0693568399918177,0.009150367303424077,High
2018-12-12,SVR,120D,4,0.0700688096574708,0.012432093491824954,High
2018-12-13,SVR,120D,4,0.080711739217146,0.013848451506173774,High
2018-12-14,SVR,120D,4,0.1046321715606113,0.012325710589229134,High
2018-12-17,SVR,120D,4,0.1252745149312366,0.01646891413260191,High
2018-12-18,SVR,120D,4,0.1231484602502102,0.022303577848268454,High
2018-12-19,SVR,120D,4,0.1427529299289973,0.020312288970637783,High
2018-12-20,SVR,120D,4,0.1570379276269483,0.030360189643036876,High
2018-12-21,SVR,120D,4,0.1787723635578418,0.03169596227768277,High
2018-12-24,SVR,120D,4,0.2159294260291269,0.05031672392805738,High
2018-12-26,SVR,120D,4,0.1705069651513456,0.015030491214867193,High
2018-12-27,SVR,120D,4,0.1714083415184017,0.01932257293796396,High
2018-12-28,SVR,120D,4,0.171390679148905,0.016468487757736995,High
2018-12-31,SVR,120D,4,0.1612006648261111,0.007663576410463523,High
2019-01-02,SVR,120D,4,0.1503911961230974,0.00519144549808314,High
2019-01-03,SVR,120D,4,0.1742248322632083,0.015071544452468881,High
2019-01-04,SVR,120D,4,0.1442813189954526,-0.010112082438550045,High
2019-01-07,SVR,120D,4,0.1430362848408226,-0.002272460670113448,High
2019-01-08,SVR,120D,4,0.1410307161152791,-0.0021199806584546524,High
2019-01-09,SVR,120D,4,0.1398648920594456,-0.0005010481107387901,High
2019-01-10,SVR,120D,4,0.1429997463456675,0.0031463703900571835,High
2019-01-11,SVR,120D,4,0.1413385206856015,0.008116301554346304,High
2019-01-14,SVR,120D,4,0.1417627422627272,0.003058546503781047,High
2019-01-15,SVR,120D,4,0.13233391644142,0.0025441376705657506,High
2019-01-16,SVR,120D,4,0.1346149428484143,0.009157177205846571,High
2019-01-17,SVR,120D,4,0.1293348317211273,0.006211214789758869,High
2019-01-18,SVR,120D,4,0.1208474531833381,0.007889583051213213,High
2019-01-22,SVR,120D,4,0.1352817837396946,0.015771044590582213,High
2019-01-23,SVR,120D,4,0.1296717092652333,0.01622429650210174,High
2019-01-24,SVR,120D,4,0.1217442636881626,0.017292797275991846,High
2019-01-25,SVR,120D,4,0.116866993696464,0.021721588546746474,High
2019-01-28,SVR,120D,4,0.1185488800803282,0.02226037910362156,High
2019-01-29,SVR,120D,4,0.1228308897016931,0.02142378643657083,High
2019-01-30,SVR,120D,4,0.1142254249494094,0.01674664191989713,High
2019-01-31,SVR,120D,4,0.1103419689531174,0.013817545642019223,High
2019-02-01,SVR,120D,4,0.1041674658847108,0.015866471766031308,Normal
2019-02-04,SVR,120D,4,0.1047746205380143,0.020539662607432514,Normal
2019-02-05,SVR,120D,4,0.0984598281716068,0.020068693161128658,Normal
2019-02-06,SVR,120D,4,0.0981047585170711,0.01852306088833538,Normal
2019-02-07,SVR,120D,4,0.0965607447671614,0.014662574038777444,Normal
2019-02-08,SVR,120D,4,0.0868452446323428,0.012000220392018125,Normal
2019-02-11,SVR,120D,4,0.0788270042889593,0.016202123680822557,Normal
2019-02-12,SVR,120D,4,0.0357889692164258,0.013031380704427532,Normal
2019-02-13,SVR,120D,4,0.0457025615338814,0.017270846470792585,Normal
2019-02-14,SVR,120D,4,0.0491243072514389,0.017574807191881557,Normal
2019-02-15,SVR,120D,4,0.0568927650533463,0.014813982859423196,Normal
2019-02-19,SVR,120D,4,0.0487565505930973,0.017050307830265864,Normal
2019-02-20,SVR,120D,4,0.0345872079164411,0.015801386357594906,Low
2019-02-21,SVR,120D,4,0.0531382235095843,0.01589882616472838,Low
2019-02-22,SVR,120D,4,0.0170172323603382,0.013057068661652134,Normal
2019-02-25,SVR,120D,4,0.0182473646087669,0.02018230631754788,Low
2019-02-26,SVR,120D,4,0.0333611924538521,0.020148997608587925,Low
2019-02-27,SVR,120D,4,0.0459385654545477,0.017145261609345784,Low
2019-02-28,SVR,120D,4,0.0408218577413828,0.017996930010299637,Low
2019-03-01,SVR,120D,4,0.0421631807100225,0.013626518665995284,Low
2019-03-04,SVR,120D,4,0.0455450851459993,0.014411422839238346,Low
2019-03-05,SVR,120D,4,0.0203883775128682,0.017764355679553333,Low
2019-03-06,SVR,120D,4,0.0378569638477912,0.019023605515624466,Low
2019-03-07,SVR,120D,4,0.0428075531855663,0.020690829302357376,Low
2019-03-08,SVR,120D,4,0.0514656688475823,0.021653526882567102,Low
2019-03-11,SVR,120D,4,0.0495136157251872,0.011541327433644395,Low
2019-03-12,SVR,120D,4,0.0472072307572589,0.012332344513427997,Low
2019-03-13,SVR,120D,4,0.0333586746675541,0.01125298630860675,Low
2019-03-14,SVR,120D,4,0.0450107992775717,0.015089718556657646,Low
2019-03-15,SVR,120D,4,0.0529641927909007,0.01382304123212328,Low
2019-03-18,SVR,120D,4,0.0501752867963696,0.02169113001395575,Low
2019-03-19,SVR,120D,4,0.0502118421973964,0.020882991266842642,Low
2019-03-20,SVR,120D,4,0.053482791364097,0.022021880670359782,Low
2019-03-21,SVR,120D,4,0.049892448195795,0.021554912649003048,Low
2019-03-22,SVR,120D,4,0.0719242916083016,0.02639915249141845,Normal
2019-03-25,SVR,120D,4,0.0720389875646456,0.022991361688659222,Normal
2019-03-26,SVR,120D,4,0.0617414217003556,0.017679704217867527,Normal
2019-03-27,SVR,120D,4,0.0689749903494166,0.018144128906157152,Normal
2019-03-28,SVR,120D,4,0.065734568918422,0.01676101442004025,Normal
2019-03-29,SVR,120D,4,0.0590428373970268,0.018421361398605625,Normal
2019-04-01,SVR,120D,4,0.042633042774102,0.022493861505967,Normal
2019-04-02,SVR,120D,4,0.0425186466014162,0.02280619234794489,Normal
2019-04-03,SVR,120D,4,0.0319205852177755,0.02355841710866819,Normal
2019-04-04,SVR,120D,4,0.0359778052167452,0.02507797834235167,Normal
2019-04-05,SVR,120D,4,0.0289202165840329,0.02280481196937676,Normal
2019-04-08,SVR,120D,4,0.0225427702543807,0.026797076117575085,Low
2019-04-09,SVR,120D,4,0.0336636569052986,0.0256269948845936,Normal
2019-04-10,SVR,120D,4,0.017857692205386,0.02214544961639301,Normal
2019-04-11,SVR,120D,4,-0.0002458343226004,0.020907027383992104,Normal
2019-04-12,SVR,120D,4,0.0011068920617204,0.016364768211046314,Normal
2019-04-15,SVR,120D,4,0.0158532445453367,0.017862723286080247,Normal
2019-04-16,SVR,120D,4,0.0108556639465151,0.01645488498955603,Normal
2019-04-17,SVR,120D,4,-0.0025510947848559,0.019215655285282428,Normal
2019-04-18,SVR,120D,4,0.0049343549057403,0.01795881859375966,Low
2019-04-22,SVR,120D,4,0.0103180515005901,0.02377270997188973,Low
2019-04-23,SVR,120D,4,0.0123952799993839,0.021359722965117796,Low
2019-04-24,SVR,120D,4,0.013201366929201,0.026937810214219864,Low
2019-04-25,SVR,120D,4,0.0234768540459629,0.026002752075898465,Low
2019-04-26,SVR,120D,4,0.0168009591694643,0.024804593716997274,Low
2019-04-29,SVR,120D,4,0.0184890326350056,0.026858293378461663,Low
2019-04-30,SVR,120D,4,0.0136110222264142,0.027484316427381285,Low
2019-05-01,SVR,120D,4,0.0279895821820395,0.029169350995064104,Low
2019-05-02,SVR,120D,4,0.0265407775723454,0.026087786804681136,Low
2019-05-03,SVR,120D,4,0.0197917534392588,0.02113658707495928,Low
2019-05-06,SVR,120D,4,0.0261913712875027,0.030141224635244053,Low
2019-05-07,SVR,120D,4,0.046905288887064,0.03522368914089149,Low
2019-05-08,SVR,120D,4,0.0540778241926018,0.03651958556353626,Low
2019-05-09,SVR,120D,4,0.0562710708980494,0.03589472903134524,Low
2019-05-10,SVR,120D,4,0.0558057662289881,0.02493499944258947,Low
2019-05-13,SVR,120D,4,0.0772047967329466,0.030305456493928802,Normal
2019-05-14,SVR,120D,4,0.0788367397693781,0.020481106264723374,Normal
2019-05-15,SVR,120D,4,0.0767119912469675,0.016957307484161195,Normal
2019-05-16,SVR,120D,4,0.0666696314186479,0.012376758894702002,Normal
2019-05-17,SVR,120D,4,0.0732263191849812,0.01464299335350771,Normal
2019-05-20,SVR,120D,4,0.0827249524046672,0.0174223327532921,Normal
2019-05-21,SVR,120D,4,0.0768224064565924,0.016271576229307326,Normal
2019-05-22,SVR,120D,4,0.0776864034071545,0.014857529001306179,Normal
2019-05-23,SVR,120D,4,0.0912355189496995,0.018030933811302753,Normal
2019-05-24,SVR,120D,4,0.0905941567477786,0.014506141550257846,Normal
2019-05-28,SVR,120D,4,0.0998417993624955,0.017168830438003192,Normal
2019-05-29,SVR,120D,4,0.1144437383077,0.021626960818955786,Normal
2019-05-30,SVR,120D,4,0.1128504919555128,0.018558401427634853,Normal
2019-05-31,SVR,120D,4,0.1255409271062732,0.021384682234765216,Normal
2019-06-03,SVR,120D,4,0.12454674133964,0.023436242433622197,Normal
2019-06-04,SVR,120D,4,0.101756808172373,0.01182293455519278,High
2019-06-05,SVR,120D,4,0.0958006551359353,0.013632535155526544,Normal
2019-06-06,SVR,120D,4,0.097163066347398,0.013760070294975509,High
2019-06-07,SVR,120D,4,0.0889132507450781,0.01937015462145946,High
2019-06-10,SVR,120D,4,0.0884297662956126,0.023125737366072478,High
2019-06-11,SVR,120D,4,0.0847604215235747,0.026074811142417727,Normal
2019-06-12,SVR,120D,4,0.0781315956568486,0.024761829455087793,Normal
2019-06-13,SVR,120D,4,0.0673823598959531,0.023585099747493822,Normal
2019-06-14,SVR,120D,4,0.0752988292908761,0.022769280524087297,Normal
2019-06-17,SVR,120D,4,0.0758666407851532,0.021392388223575885,Normal
2019-06-18,SVR,120D,4,0.0752903972226087,0.021271303958183434,Normal
2019-06-19,SVR,120D,4,0.0691418467451105,0.021615938730638155,Normal
2019-06-20,SVR,120D,4,0.0586167052402532,0.02183419546626523,Normal
2019-06-21,SVR,120D,4,0.0627806590493319,0.026059278631496006,Normal
2019-06-24,SVR,120D,4,0.0730527148854741,0.026113644335570278,Normal
2019-06-25,SVR,120D,4,0.0826670696760763,0.02482401220711109,Normal
2019-06-26,SVR,120D,4,0.0910241262974234,0.02397711519825905,Normal
2019-06-27,SVR,120D,4,0.0875434765332937,0.02595012166949936,Normal
2019-06-28,SVR,120D,4,0.0813701410521712,0.022064081556138197,Normal
2019-07-01,SVR,120D,4,0.0781765012630816,0.021909593914683022,Low
2019-07-02,SVR,120D,4,0.0801852497904271,0.0225535808057098,Low
2019-07-03,SVR,120D,4,0.0734079228440412,0.022703328928319437,Low
2019-07-05,SVR,120D,4,0.0750199897461218,0.022563479774278437,Low
2019-07-08,SVR,120D,4,0.0849822251662995,0.02209840579912644,Low
2019-07-09,SVR,120D,4,0.0837804162475036,0.022159953934240202,Low
2019-07-10,SVR,120D,4,0.0734822732320709,0.018176879682625068,Low
2019-07-11,SVR,120D,4,0.074141344297313,0.019492885597085903,Low
2019-07-12,SVR,120D,4,0.0778757053575634,0.017400149038244224,Low
2019-07-15,SVR,120D,4,0.0706149422642247,0.020329352129745938,Low
2019-07-16,SVR,120D,4,0.0775516720135077,0.018616573748353245,Low
2019-07-17,SVR,120D,4,0.081297162395006,0.020682457741764533,Low
2019-07-18,SVR,120D,4,0.0826120381718281,0.01722019180010028,Low
2019-07-19,SVR,120D,4,0.0954411417535791,0.02115081613032884,Low
2019-07-22,SVR,120D,4,0.0897571775798241,0.01636355185719853,Low
2019-07-23,SVR,120D,4,0.0898850264864809,0.012804522476354004,Low
2019-07-24,SVR,120D,4,0.0836921528361095,0.013764012536180335,Low
2019-07-25,SVR,120D,4,0.0908368995633967,0.015376976952891884,Low
2019-07-26,SVR,120D,4,0.0918081112148457,0.01456917632016081,Low
2019-07-29,SVR,120D,4,0.0972802563913882,0.01832614857073258,Low
2019-07-30,SVR,120D,4,0.0972067413938471,0.02033765889616814,Low
2019-07-31,SVR,120D,4,0.1084409826426683,0.02247255127467774,Low
2019-08-01,SVR,120D,4,0.1186208364048324,0.027003338500512584,Low
2019-08-02,SVR,120D,4,0.1168469355182038,0.02932389463270397,Low
2019-08-05,SVR,120D,4,0.1312213653310546,0.03726681730450911,Normal
2019-08-06,SVR,120D,4,0.1282917249202405,0.02154395403084635,Normal
2019-08-07,SVR,120D,4,0.1266578924427971,0.020435283151741722,Normal
2019-08-08,SVR,120D,4,0.1111988869061432,0.010188604312740539,High
2019-08-09,SVR,120D,4,0.0999730364684374,0.014211433803769456,High
2019-08-12,SVR,120D,4,0.1195952713455851,0.024786874925032655,High
2019-08-13,SVR,120D,4,0.1194462409957893,0.015081848189957524,High
2019-08-14,SVR,120D,4,0.160364372109298,0.020101591720492536,High
2019-08-15,SVR,120D,4,0.1612232904681195,0.018313425298668674,High
2019-08-16,SVR,120D,4,0.1414847412864163,0.009277686598364442,High
2019-08-19,SVR,120D,4,0.1367512558425921,0.007286481557557921,High
2019-08-20,SVR,120D,4,0.1463845198407097,0.008812552404961364,High
2019-08-21,SVR,120D,4,0.1446133933885598,0.008101670120667086,High
2019-08-22,SVR,120D,4,0.1434878199878498,0.013663810881499573,High
2019-08-23,SVR,120D,4,0.171618537209173,0.011281920357936341,High
2019-08-26,SVR,120D,4,0.1577712104922273,0.012044265431768557,High
2019-08-27,SVR,120D,4,0.1656742805770685,0.01611377950460518,High
2019-08-28,SVR,120D,4,0.1553273116185086,0.013814810971472226,High
2019-08-29,SVR,120D,4,0.1321460199445942,0.009650249923357453,High
2019-08-30,SVR,120D,4,0.0974153597642767,0.021085159968975233,High
2019-09-03,SVR,120D,4,0.0735904647216089,0.02582453761102515,High
2019-09-04,SVR,120D,4,0.0590210421196575,0.02011495117643434,High
2019-09-05,SVR,120D,4,0.0009269928456367,0.016565205834048254,High
2019-09-06,SVR,120D,4,-0.0082556610683931,0.014275873616897868,High
2019-09-09,SVR,120D,4,0.0368492223799199,0.009549880484528712,High
2019-09-10,SVR,120D,4,0.0080164850310742,0.011946819256832504,High
2019-09-11,SVR,120D,4,0.0421491620653202,0.013873199698203657,High
2019-09-12,SVR,120D,4,0.0047633633471059,0.016659000083399232,Normal
2019-09-13,SVR,120D,4,-0.011712903428314,0.01453019769355774,Normal
2019-09-16,SVR,120D,4,-0.0875828034523296,0.015897502192226763,Normal
2019-09-17,SVR,120D,4,-0.0419461763989326,0.015835958337401444,Normal
2019-09-18,SVR,120D,4,-0.0923917024918051,0.01444758430571274,Normal
2019-09-19,SVR,120D,4,-0.1923565294162082,0.015959588958802333,Normal
2019-09-20,SVR,120D,4,-0.0986405233620917,0.016092453205740036,Normal
2019-09-23,SVR,120D,4,-0.2261957802170816,0.02170482233473734,Low
2019-09-24,SVR,120D,4,-0.1595174786178383,0.02693687265087532,Low
2019-09-25,SVR,120D,4,-0.2188794361918824,0.02209979115821207,Low
2019-09-26,SVR,120D,4,-0.2117508042118681,0.023611356110651148,Low
2019-09-27,SVR,120D,4,-0.2507478936861064,0.025071277457943623,Low
2019-09-30,SVR,120D,4,-0.2855143049109316,0.022205065530119063,Low
2019-10-01,SVR,120D,4,-0.1834969454475557,0.026441931580078994,Low
2019-10-02,SVR,120D,4,-0.1539625508390896,0.02885834851643502,Normal
2019-10-03,SVR,120D,4,-0.1013590245387099,0.02229850943199086,Low
2019-10-04,SVR,120D,5,-0.1497436553195954,0.01746060443074724,Normal
2019-10-07,SVR,120D,5,-0.1122887124759391,0.01977076640865797,Normal
2019-10-08,SVR,120D,5,-0.1127478637122449,0.021265043469208954,Normal
2019-10-09,SVR,120D,5,-0.1669575229598777,0.021000446936353452,Normal
2019-10-10,SVR,120D,5,-0.1507800683146999,0.0200084356370479,Normal
2019-10-11,SVR,120D,5,-0.1769125088144333,0.013659779223732495,Normal
2019-10-14,SVR,120D,5,-0.1075561829963839,0.010051980808520135,Normal
2019-10-15,SVR,120D,5,-0.1190669674212355,0.008027168154855747,Normal
2019-10-16,SVR,120D,5,-0.0835760516767569,0.010972911951762164,Normal
2019-10-17,SVR,120D,5,-0.0719516033428329,0.009647960242514332,Normal
2019-10-18,SVR,120D,5,-0.0781806170777103,0.010851569273307805,Normal
2019-10-21,SVR,120D,5,-0.0549141716107363,0.00975039664388639,Normal
2019-10-22,SVR,120D,5,-0.0736158550247287,0.012629821795493372,Normal
2019-10-23,SVR,120D,5,-0.0706591205310183,0.01061604485421893,Normal
2019-10-24,SVR,120D,5,-0.046136793168869,0.010668155481612325,Normal
2019-10-25,SVR,120D,5,-0.0682440682948727,0.0081880510911495,Normal
2019-10-28,SVR,120D,5,-0.1049650034473212,0.012290794074826743,Normal
2019-10-29,SVR,120D,5,-0.0814609509087036,0.015637260356983602,Normal
2019-10-30,SVR,120D,5,-0.0852486079697566,0.014237683190186777,Normal
2019-10-31,SVR,120D,5,-0.0683990787683783,0.01624371685138213,Normal
2019-11-01,SVR,120D,5,-0.0634081411462899,0.013319528216102154,Low
2019-11-04,SVR,120D,5,-0.072361557142086,0.016695073897491218,Low
2019-11-05,SVR,120D,5,-0.0449384503851923,0.0191613315515674,Low
2019-11-06,SVR,120D,5,-0.0548958442965368,0.017490196776319807,Low
2019-11-07,SVR,120D,5,-0.0860824305555934,0.02063079833708744,Low
2019-11-08,SVR,120D,5,-0.0843990111218598,0.020853418926310256,Low
2019-11-11,SVR,120D,5,-0.0734346805107427,0.021022621348470612,Low
2019-11-12,SVR,120D,5,-0.0820019842110484,0.01977453715970747,Low
2019-11-13,SVR,120D,5,-0.0712743100262739,0.0221097336999748,Low
2019-11-14,SVR,120D,5,-0.0553802075755043,0.022618781098064013,Low
2019-11-15,SVR,120D,5,-0.0629131669866867,0.018800150568898964,Low
2019-11-18,SVR,120D,5,-0.0841295590815441,0.023255721357474494,Low
2019-11-19,SVR,120D,5,-0.1011537856061315,0.02379454397777745,Low
2019-11-20,SVR,120D,5,-0.085931611381119,0.0213434208114131,Low
2019-11-21,SVR,120D,5,-0.0804289300912065,0.022407408199829525,Low
2019-11-22,SVR,120D,5,-0.0515862952635092,0.021378049859879227,Low
2019-11-25,SVR,120D,5,-0.0696052948625757,0.017901342653069648,Low
2019-11-26,SVR,120D,5,-0.0552844678941003,0.017429694923148102,Low
2019-11-27,SVR,120D,5,-0.0672541718293537,0.02001057672445216,Low
2019-11-29,SVR,120D,5,-0.0608839399125522,0.02217661486834884,Low
2019-12-02,SVR,120D,5,-0.0400011711971282,0.02313146672957298,Low
2019-12-03,SVR,120D,5,-0.0186224984487687,0.02768167202838758,Low
2019-12-04,SVR,120D,5,-0.0270362953824583,0.02407838761917023,Low
2019-12-05,SVR,120D,5,-0.0237346287567804,0.024147753716173885,Low
2019-12-06,SVR,120D,5,-0.0290846583088421,0.019442510778009424,Low
2019-12-09,SVR,120D,5,-0.0177395173419688,0.028141169936298123,Low
2019-12-10,SVR,120D,5,-0.0030853103604208,0.028827622384851058,Low
2019-12-11,SVR,120D,5,-0.0093636369733804,0.028262987016152243,Low
2019-12-12,SVR,120D,5,0.0079717084727002,0.022715886360127342,Low
2019-12-13,SVR,120D,5,0.0198687857282914,0.019938744008869295,Low
2019-12-16,SVR,120D,5,0.0049166813660266,0.017711614843600253,Low
2019-12-17,SVR,120D,5,-0.0007458103976164,0.01967178388823277,Low
2019-12-18,SVR,120D,5,-0.0610661097533826,0.020358706623371962,Low
2019-12-19,SVR,120D,5,-0.0525392019700352,0.021231047935107848,Low
2019-12-20,SVR,120D,5,-0.049193936956194,0.02040331444327085,Low
2019-12-23,SVR,120D,5,-0.0312748528037819,0.024794246619087183,Low
2019-12-24,SVR,120D,5,-0.0346861817339432,0.02371912362940643,Low
2019-12-26,SVR,120D,5,-0.0392072007401953,0.021968583085183714,Low
2019-12-27,SVR,120D,5,-0.0449066984455271,0.027992247364579233,Low
2019-12-30,SVR,120D,5,-0.0326350090695189,0.02946753276656853,Low
2019-12-31,SVR,120D,5,-0.0312785305222258,0.02686097879793712,Low
2020-01-02,SVR,120D,5,-0.0658176914802049,0.02338440905657963,Low
2020-01-03,SVR,120D,5,-0.0478329543870323,0.028533737818939996,Low
2020-01-06,SVR,120D,5,-0.0758853038561361,0.025876910156517656,Low
2020-01-07,SVR,120D,5,-0.0584992406580076,0.027036722030662284,Low
2020-01-08,SVR,120D,5,-0.0480973647078929,0.025148963371006576,Low
2020-01-09,SVR,120D,5,-0.0497210148489288,0.02486925898316312,Low
2020-01-10,SVR,120D,5,-0.042330781884607,0.023237155166335295,Low
2020-01-13,SVR,120D,5,-0.0335258450983769,0.02296145602266659,Low
2020-01-14,SVR,120D,5,-0.0428876421311248,0.02316838620097452,Low
2020-01-15,SVR,120D,5,-0.0369591061113824,0.023819645883901473,Low
2020-01-16,SVR,120D,5,-0.0509504450098089,0.024045092157668,Low
2020-01-17,SVR,120D,5,-0.044393358482851,0.024467850343251614,Low
2020-01-21,SVR,120D,5,-0.0511445033293245,0.02597386008049913,Low
2020-01-22,SVR,120D,5,-0.0381162370431015,0.025263294476604532,Low
2020-01-23,SVR,120D,5,-0.0302155063001047,0.02518712811211061,Low
2020-01-24,SVR,120D,5,-0.0245441320880262,0.02700230561246187,Low
2020-01-27,SVR,120D,5,-0.0058438171435987,0.034178390113561906,Low
2020-01-28,SVR,120D,5,-0.007475403388811,0.026436630458601097,Normal
2020-01-29,SVR,120D,5,-0.0049305239106663,0.02884421320556519,Low
2020-01-30,SVR,120D,5,-0.0023293502464037,0.02393145646187316,Low
2020-01-31,SVR,120D,5,0.0031387149127125,0.027364462801092372,Normal
2020-02-03,SVR,120D,5,-0.0102993508727963,0.02900496908746871,Normal
2020-02-04,SVR,120D,5,-0.01780073796882,0.026615064451422123,Normal
2020-02-05,SVR,120D,5,-0.0354829520464391,0.023162662579722472,Normal
2020-02-06,SVR,120D,5,-0.0264513237516986,0.023125771912839342,Normal
2020-02-07,SVR,120D,5,-0.0247931345056951,0.02474828558684073,Normal
2020-02-10,SVR,120D,5,-0.0244515883840919,0.025387285407833242,Normal
2020-02-11,SVR,120D,5,-0.0189832744057354,0.027910076838221422,Normal
2020-02-12,SVR,120D,5,-0.0218197044848047,0.023101749059448486,Normal
2020-02-13,SVR,120D,5,-0.0137787676892982,0.022285611172128135,Normal
2020-02-14,SVR,120D,5,-0.0092134777671187,0.021153732242742106,Normal
2020-02-18,SVR,120D,5,-0.0056564345110144,0.024918431757736427,Normal
2020-02-19,SVR,120D,5,-0.0076127175219075,0.023738194301322492,Normal
2020-02-20,SVR,120D,5,-0.0117909554952872,0.02637868463935481,Normal
2020-02-21,SVR,120D,5,0.0126823560311461,0.027728708483187252,Normal
2020-02-24,SVR,120D,5,0.04472116277543,0.039826431676680006,High
2020-02-25,SVR,120D,5,0.0752971697545043,0.038336399325035485,High
2020-02-26,SVR,120D,5,0.0817890445854577,0.04391574778165718,High
2020-02-27,SVR,120D,5,0.1292579213575359,0.06322042592143931,High
2020-02-28,SVR,120D,5,0.1331162611220068,0.07305353847908047,High
2020-03-02,SVR,120D,5,0.0912590471209397,0.045058015036285266,High
2020-03-03,SVR,120D,5,0.1232047320268267,0.04545838979142671,High
2020-03-04,SVR,120D,5,0.0918619980310969,0.037914957094599196,High
2020-03-05,SVR,120D,5,0.1299626802166181,0.04914625925792065,High
2020-03-06,SVR,120D,5,0.1573076252138458,0.06345474310927204,High
2020-03-09,SVR,120D,5,0.2379896841860266,0.07449215156761421,High
2020-03-10,SVR,120D,5,0.1964846346097379,0.04864477711357023,High
2020-03-11,SVR,120D,5,0.2443901522428347,0.07042089863351145,High
2020-03-12,SVR,120D,5,0.3518318360660141,0.057071325661510984,High
2020-03-13,SVR,120D,5,0.2782724792606479,0.019163132273093443,High
2020-03-16,SVR,120D,5,0.3701670825912799,0.012376852926918452,High
2020-03-17,SVR,120D,5,0.303774489201313,0.032402914735910546,High
2020-03-18,SVR,120D,5,0.3288479324469264,0.021280577753187202,High
2020-03-19,SVR,120D,5,0.3440959321387059,0.022015126730992055,High
2020-03-20,SVR,120D,5,0.3706823102666773,0.02743927053495125,High
2020-03-23,SVR,120D,5,0.4009467414343414,0.016710408706312206,High
2020-03-24,SVR,120D,5,0.323924843941401,0.034408212590809485,High
2020-03-25,SVR,120D,5,0.3176616394510785,0.03613386393776107,High
2020-03-26,SVR,120D,5,0.2524881614846802,0.05504027184001715,High
2020-03-27,SVR,120D,5,0.2783080574977539,0.062347381374015444,High
2020-03-30,SVR,120D,5,0.2340958899799508,0.06233269466999151,High
2020-03-31,SVR,120D,5,0.2385996367410688,0.0545230691243321,High
2020-04-01,SVR,120D,5,0.2942090158722318,0.039937128039318544,High
2020-04-02,SVR,120D,5,0.2476290199008973,0.02678256621982892,High
2020-04-03,SVR,120D,5,0.2658648862814707,0.011388513497441986,High
2020-04-06,SVR,120D,5,0.2137470813608287,0.01297245993068815,High
2020-04-07,SVR,120D,5,0.2313336122630454,0.025046512210516868,High
2020-04-08,SVR,120D,5,0.1930199583673166,0.026892430956967354,High
2020-04-09,SVR,120D,5,0.1868563306319969,0.04050042844528801,High
2020-04-13,SVR,120D,5,0.2022913396409689,0.04706104029163969,High
2020-04-14,SVR,120D,5,0.1625529672022905,0.04715079902047949,High
2020-04-15,SVR,120D,5,0.2026428088775606,0.05951986908687434,High
2020-04-16,SVR,120D,5,0.1827709066504961,0.059032973062595855,High
2020-04-17,SVR,120D,5,0.1735771383994171,0.06023493430853873,High
2020-04-20,SVR,120D,5,0.1995981969096343,0.07111421342577873,High
2020-04-21,SVR,120D,5,0.2395084073267178,0.08121378141913621,High
2020-04-22,SVR,120D,5,0.2331196369029052,0.07642956752624447,High
2020-04-23,SVR,120D,5,0.2273323129339375,0.07072028572213779,High
2020-04-24,SVR,120D,5,0.2068650502830389,0.05554277247743212,High
2020-04-27,SVR,120D,5,0.1907292585870899,0.03948551540099352,High
2020-04-28,SVR,120D,5,0.1961203392342041,0.044942598224245546,High
2020-04-29,SVR,120D,5,0.1534189716741884,0.04343976216426996,High
2020-04-30,SVR,120D,5,0.1673903103132445,0.05095697417327221,High
2020-05-01,SVR,120D,5,0.1936524073164501,0.05557829633564549,High
2020-05-04,SVR,120D,5,0.1946169387410919,0.051495712223668604,High
2020-05-05,SVR,120D,5,0.1890568418637016,0.0498353699972409,High
2020-05-06,SVR,120D,5,0.1772962492774221,0.04777400842267659,High
2020-05-07,SVR,120D,5,0.1628270881720859,0.03746968498770933,High
2020-05-08,SVR,120D,5,0.1101707509982819,0.02897824738643711,High
2020-05-11,SVR,120D,5,0.1219142065714886,0.026060090315376767,High
2020-05-12,SVR,120D,5,0.130423858898276,0.035369807138188665,High
2020-05-13,SVR,120D,5,0.1602838064131478,0.03889684809925074,High
2020-05-14,SVR,120D,5,0.1664676262931541,0.036045428897965574,High
2020-05-15,SVR,120D,5,0.1843564767445228,0.037397387700697345,High
2020-05-18,SVR,120D,5,0.1726145337511509,0.02471438619910083,High
2020-05-19,SVR,120D,5,0.1828665248773762,0.03202934397587231,High
2020-05-20,SVR,120D,5,0.177984509010305,0.034182578903732795,High
2020-05-21,SVR,120D,5,0.1843877020993909,0.036473023273792725,High
2020-05-22,SVR,120D,5,0.1896594847755699,0.03445125513673123,High
2020-05-26,SVR,120D,5,0.1674165482070401,0.03714808848889802,High
2020-05-27,SVR,120D,5,0.1662166474230197,0.0333566108723729,High
2020-05-28,SVR,120D,5,0.179907521670772,0.04203643698361587,High
2020-05-29,SVR,120D,5,0.1703032843338163,0.03393838797421272,High
2020-06-01,SVR,120D,5,0.1549278572079706,0.044131496233088326,High
2020-06-02,SVR,120D,5,0.1506892256163046,0.04353267854109758,High
2020-06-03,SVR,120D,5,0.130316817430822,0.04494295380590425,High
2020-06-04,SVR,120D,5,0.1393113146962808,0.04000556658641798,High
2020-06-05,SVR,120D,5,0.1294697606886765,0.03933462529419859,High
2020-06-08,SVR,120D,5,0.1159144295273613,0.05444576360158384,High
2020-06-09,SVR,120D,5,0.1261382839729841,0.05378744026922117,High
2020-06-10,SVR,120D,5,0.1268593990711943,0.06283369634439082,High
2020-06-11,SVR,120D,5,0.1988202327290761,0.07054221470255348,High
2020-06-12,SVR,120D,5,0.1876335106524687,0.07458150960910481,High
2020-06-15,SVR,120D,5,0.1787312977539992,0.06981353552869371,High
2020-06-16,SVR,120D,5,0.1687439086024756,0.0703388486361613,High
2020-06-17,SVR,120D,5,0.1704131913961417,0.0719272191657423,High
2020-06-18,SVR,120D,5,0.1726024191625103,0.07597198844889663,High
2020-06-19,SVR,120D,5,0.1702869677797125,0.08618447544915869,High
2020-06-22,SVR,120D,5,0.1625269399552823,0.0783024278963694,High
2020-06-23,SVR,120D,5,0.1569629726795657,0.07955915810261624,High
2020-06-24,SVR,120D,5,0.1787894500300811,0.07012683786763421,High
2020-06-25,SVR,120D,5,0.1807281043240817,0.06744400539468223,High
2020-06-26,SVR,120D,5,0.2070245342192359,0.0704642188000171,High
2020-06-29,SVR,120D,5,0.1981867889146856,0.06356615220707662,High
2020-06-30,SVR,120D,5,0.1793771425267813,0.06014970584496051,High
2020-07-01,SVR,120D,5,0.1704536500640011,0.054527325670877196,High
2020-07-02,SVR,120D,5,0.1638474348954138,0.052607035300960135,High
2020-07-06,SVR,120D,5,0.1488360373350691,0.05876002300849895,High
2020-07-07,SVR,120D,5,0.1632438651841996,0.0611288849372456,High
2020-07-08,SVR,120D,5,0.1641315864591808,0.05635579910621961,High
2020-07-09,SVR,120D,5,0.1675613131080968,0.056223591776446986,High
2020-07-10,SVR,120D,5,0.1584901514287329,0.05938854744420719,High
2020-07-13,SVR,120D,5,0.1743150013564955,0.07613796734276937,High
2020-07-14,SVR,120D,5,0.1461329380615657,0.06893229415196167,High
2020-07-15,SVR,120D,5,0.1441495125085727,0.0673560810291596,High
2020-07-16,SVR,120D,5,0.1532550311051622,0.06708754574336431,High
2020-07-17,SVR,120D,5,0.1651487286253314,0.05883830092436489,High
2020-07-20,SVR,120D,5,0.1622537687637066,0.054879485076285726,High
2020-07-21,SVR,120D,5,0.1539998118125251,0.0578084942385183,High
2020-07-22,SVR,120D,5,0.1486848832486209,0.055544358448795635,High
2020-07-23,SVR,120D,5,0.1633543180475938,0.05662848476886822,High
2020-07-24,SVR,120D,5,0.1658034450031268,0.056091401620532076,High
2020-07-27,SVR,120D,5,0.1512195153833661,0.055668244564426074,Normal
2020-07-28,SVR,120D,5,0.165817408437774,0.05918516980320714,Normal
2020-07-29,SVR,120D,5,0.1673050424625422,0.053617003522313016,Normal
2020-07-30,SVR,120D,5,0.1713790173873104,0.05442115198557194,Normal
2020-07-31,SVR,120D,5,0.1607226284821964,0.05512168337010722,Normal
2020-08-03,SVR,120D,5,0.1571765833308549,0.058642758252417,Normal
2020-08-04,SVR,120D,5,0.1520812171435677,0.056639522302199714,Normal
2020-08-05,SVR,120D,5,0.1196587415819495,0.05665993452672253,Normal
2020-08-06,SVR,120D,5,0.122964914340045,0.05764045467871231,Normal
2020-08-07,SVR,120D,5,0.1028317074152965,0.0574481724429828,Normal
2020-08-10,SVR,120D,5,0.1160175423765833,0.05589421587483107,Normal
2020-08-11,SVR,120D,5,0.1378211265922712,0.05735765267606933,Normal
2020-08-12,SVR,120D,5,0.1249298849140025,0.05237895504850514,Normal
2020-08-13,SVR,120D,5,0.137774005234081,0.05192409557986644,Normal
2020-08-14,SVR,120D,5,0.1418358222381239,0.049172749337499176,Normal
2020-08-17,SVR,120D,5,0.1465017522069896,0.04762221092988817,Normal
2020-08-18,SVR,120D,5,0.1430868663654514,0.04791624667835106,Normal
2020-08-19,SVR,120D,5,0.1471557451882419,0.05308004137157125,Normal
2020-08-20,SVR,120D,5,0.1456631652344834,0.05294715134039276,Low
2020-08-21,SVR,120D,5,0.1469279361776734,0.0550618860817868,Low
2020-08-24,SVR,120D,5,0.1363648862973545,0.05488824055896068,Low
2020-08-25,SVR,120D,5,0.1324545332028974,0.05484264578967903,Low
2020-08-26,SVR,120D,5,0.1178849176308125,0.05958964167351192,Low
2020-08-27,SVR,120D,5,0.1143566525033385,0.06526504618118675,Low
2020-08-28,SVR,120D,5,0.0998837567600575,0.062006486028501624,Low
2020-08-31,SVR,120D,5,0.1033366615470924,0.07039653584359476,Low
2020-09-01,SVR,120D,5,0.1071274977973724,0.07086929185980309,Low
2020-09-02,SVR,120D,5,0.0670950532293308,0.0733925089823246,Low
2020-09-03,SVR,120D,5,0.0980911150777175,0.072344279723661,High
2020-09-04,SVR,120D,5,0.129769569057686,0.06999803292845655,High
2020-09-08,SVR,120D,5,0.1498047194046441,0.06509793410956613,High
2020-09-09,SVR,120D,5,0.1167076228476626,0.05548205225010785,High
2020-09-10,SVR,120D,5,0.1209408307086675,0.05601174513510635,High
2020-09-11,SVR,120D,5,0.1397162568892893,0.044784334959201554,High
2020-09-14,SVR,120D,5,0.1216812786402409,0.045178375447951245,High
2020-09-15,SVR,120D,5,0.1305308934536718,0.0490942711242038,High
2020-09-16,SVR,120D,5,0.1411727441168119,0.05387497544078119,High
2020-09-17,SVR,120D,5,0.1599625191460221,0.05225640982797639,High
2020-09-18,SVR,120D,5,0.1722229794213815,0.048284398669240454,High
2020-09-21,SVR,120D,5,0.1903324829880924,0.055863342921249316,High
2020-09-22,SVR,120D,5,0.1782985496111204,0.05476525651098111,High
2020-09-23,SVR,120D,5,0.2051811331756537,0.0493071678009542,High
2020-09-24,SVR,120D,5,0.1873275675550769,0.048175147018332816,High
2020-09-25,SVR,120D,5,0.1708742426571335,0.04291973880489105,High
2020-09-28,SVR,120D,5,0.1618926077016218,0.046400063320557634,High
2020-09-29,SVR,120D,5,0.1590567722867318,0.046648951721186875,High
2020-09-30,SVR,120D,5,0.1453545931180034,0.048651739671941925,High
2020-10-01,SVR,120D,5,0.1453022269864379,0.05627012887630301,High
2020-10-02,SVR,120D,5,0.1714204585115253,0.05784488812758535,High
2020-10-05,SVR,120D,5,0.1527389598822376,0.06117252484597633,High
2020-10-06,SVR,120D,5,0.1636481948601107,0.0629916077082038,High
2020-10-07,SVR,120D,5,0.150016984682289,0.06276440776685194,High
2020-10-08,SVR,120D,5,0.153794602215094,0.05903704632173192,High
2020-10-09,SVR,120D,5,0.1593744947965849,0.05523146938217547,High
2020-10-12,SVR,120D,5,0.1421179596974639,0.05807067106130059,High
2020-10-13,SVR,120D,5,0.1499189970247339,0.059001015528107985,High
2020-10-14,SVR,120D,5,0.1607759200493851,0.05916136585943562,High
2020-10-15,SVR,120D,5,0.1699951316992854,0.059834677946219154,High
2020-10-16,SVR,120D,5,0.1696641231679154,0.06364614232693327,High
2020-10-19,SVR,120D,5,0.1894178585599206,0.06816159451621309,High
2020-10-20,SVR,120D,5,0.1806055589191893,0.06810722555580062,High
2020-10-21,SVR,120D,5,0.1938367743318788,0.06944526020666528,High
2020-10-22,SVR,120D,5,0.1922337437189057,0.0678724956261102,High
2020-10-23,SVR,120D,5,0.1834732155047582,0.06783344377836267,High
2020-10-26,SVR,120D,5,0.1954121274850024,0.07368663991256719,High
2020-10-27,SVR,120D,5,0.2077053537553012,0.08364055565099973,High
2020-10-28,SVR,120D,5,0.2343775580033245,0.08923456038930636,High
2020-10-29,SVR,120D,5,0.2333704429588582,0.08494059273912674,High
2020-10-30,SVR,120D,5,0.2473548409687007,0.08631628532717575,High
