Date,Model,Horizon,Fold,Actual,Prediction,Regime
2015-06-10,Ridge,1D,1,0.0017371167565281,0.0006888636783879064,Low
2015-06-11,Ridge,1D,1,-0.0070188746531027,-0.00013981770040233534,Low
2015-06-12,Ridge,1D,1,-0.0046332896217713,-0.0004020477649245939,Low
2015-06-15,Ridge,1D,1,0.0056737305157538,2.574880224545786e-05,Low
2015-06-16,Ridge,1D,1,0.0019776843950728,0.00036881465490943335,Low
2015-06-17,Ridge,1D,1,0.0098540000540088,0.0003193953584566792,Low
2015-06-18,Ridge,1D,1,-0.0053176152379496,0.00042360827600298415,Low
2015-06-19,Ridge,1D,1,0.0060763679815421,-0.0006312146299494194,Low
2015-06-22,Ridge,1D,1,0.0006356664251933,0.0005972141214367725,Low
2015-06-23,Ridge,1D,1,-0.0073804657183052,0.0003184361974152085,Low
2015-06-24,Ridge,1D,1,-0.0029780041565964,-0.0006564967197544278,Low
2015-06-25,Ridge,1D,1,-0.0003901557449223,0.00031956098437214975,Low
2015-06-26,Ridge,1D,1,-0.0210869695086115,0.00035126797680130726,Low
2015-06-29,Ridge,1D,1,0.0026549623524674,0.0002878048489936024,Normal
2015-06-30,Ridge,1D,1,0.006912096434637,0.0015023619672791015,Normal
2015-07-01,Ridge,1D,1,-0.0003080701895465,0.0005662121992659774,Normal
2015-07-02,Ridge,1D,1,-0.0038692326988974,0.0007711750951841906,Normal
2015-07-06,Ridge,1D,1,0.0060625605938687,0.0007797670012315123,Normal
2015-07-07,Ridge,1D,1,-0.0167929649121416,0.0009645136962526707,Normal
2015-07-08,Ridge,1D,1,0.0022596476448199,0.0006044301701780281,Normal
2015-07-09,Ridge,1D,1,0.0122629863850077,0.000981868362367747,Normal
2015-07-10,Ridge,1D,1,0.0110052685073551,0.0004352193097860884,Normal
2015-07-13,Ridge,1D,1,0.0044432732365001,0.00021583590273787262,Normal
2015-07-14,Ridge,1D,1,-0.0007352563007372,-0.00024137708635911455,Normal
2015-07-15,Ridge,1D,1,0.0079827334444757,-0.0009101184780960548,Normal
2015-07-16,Ridge,1D,1,0.0011055716244507,-0.0005210774777819165,Normal
2015-07-17,Ridge,1D,1,0.0007709366240016,-0.0013110881402574265,Normal
2015-07-20,Ridge,1D,1,-0.004270796242723,-0.0005778330373801192,Normal
2015-07-21,Ridge,1D,1,-0.0023905650201902,-0.0006481120837841632,Normal
2015-07-22,Ridge,1D,1,-0.0056922102113794,-0.0004573676955541125,Normal
2015-07-23,Ridge,1D,1,-0.0107610206966611,4.270763756400689e-05,Normal
2015-07-24,Ridge,1D,1,-0.0057917550650641,0.0002166372507981207,Normal
2015-07-27,Ridge,1D,1,0.0123100738018893,-5.0998126678816e-05,Normal
2015-07-28,Ridge,1D,1,0.0072921429273836,0.001648131505590481,Normal
2015-07-29,Ridge,1D,1,2.836690402236809e-05,-0.0001881171930973038,Normal
2015-07-30,Ridge,1D,1,-0.0022741038010517,-0.00042830658402291574,Normal
2015-07-31,Ridge,1D,1,-0.0027606939449045,-0.00033099383119893907,Normal
2015-08-03,Ridge,1D,1,-0.0022522391669328,-0.00017696729767400262,Normal
2015-08-04,Ridge,1D,1,0.0031098381854906,-0.0004771265770847,Normal
2015-08-05,Ridge,1D,1,-0.0077831959225621,0.0009777936961917436,Low
2015-08-06,Ridge,1D,1,-0.0028790228563377,-0.00011587480681055762,Low
2015-08-07,Ridge,1D,1,0.012726835632025,0.0002032813948916234,Low
2015-08-10,Ridge,1D,1,-0.0096030646801822,-1.3925535597403803e-06,Low
2015-08-11,Ridge,1D,1,0.0009496036382146,-0.0007133506041328561,Low
2015-08-12,Ridge,1D,1,-0.0012760258683812,0.0007430997024063442,Low
2015-08-13,Ridge,1D,1,0.0039043322743591,-6.142819198760055e-05,Low
2015-08-14,Ridge,1D,1,0.0051978917094029,8.195964303316328e-05,Low
2015-08-17,Ridge,1D,1,-0.0026289829356331,-0.00020754311262457435,Low
2015-08-18,Ridge,1D,1,-0.0082891364095971,-0.0003739873807751313,Low
2015-08-19,Ridge,1D,1,-0.0213259604541461,0.00012193408126209176,Low
2015-08-20,Ridge,1D,1,-0.0323692425218784,0.001026201538895218,Normal
2015-08-21,Ridge,1D,1,-0.0402114443465191,0.0036789706792880357,High
2015-08-24,Ridge,1D,1,-0.0136142497426558,0.009005632149488975,High
2015-08-25,Ridge,1D,1,0.0382912994345316,0.003833602457026502,High
2015-08-26,Ridge,1D,1,0.02400725448969,0.00028221152934670155,High
2015-08-27,Ridge,1D,1,0.0006085511568762,-0.0012350690863568417,High
2015-08-28,Ridge,1D,1,-0.0084270786639841,-0.00045210565192790663,High
2015-08-31,Ridge,1D,1,-0.0300226498424279,0.00035445850028848066,High
2015-09-01,Ridge,1D,1,0.0181276714232146,0.0024662829677842618,High
2015-09-02,Ridge,1D,1,0.0011641156994188,-0.0010978758662080518,High
2015-09-03,Ridge,1D,1,-0.0154483087542762,-0.0001866471032659679,High
2015-09-04,Ridge,1D,1,0.0247736371970385,0.0011563242150188135,High
2015-09-08,Ridge,1D,1,-0.0139950357690847,-0.0014033934478205278,High
2015-09-09,Ridge,1D,1,0.0052640754449356,8.913189973337908e-05,High
2015-09-10,Ridge,1D,1,0.0044770064449862,-0.00083283058684918,High
2015-09-11,Ridge,1D,1,-0.0040980412230438,-0.0012859108446043764,High
2015-09-14,Ridge,1D,1,0.0127496876314323,-0.0012933590000973807,High
2015-09-15,Ridge,1D,1,0.0086677407153759,-0.001682464410561631,High
2015-09-16,Ridge,1D,1,-0.00256434444256,-0.002250128816227149,High
2015-09-17,Ridge,1D,1,-0.0162962309543835,-0.0012706569533145542,High
2015-09-18,Ridge,1D,1,0.0045553920336726,0.0001436294145251303,High
2015-09-21,Ridge,1D,1,-0.0123949300193783,0.000636313445532144,High
2015-09-22,Ridge,1D,1,-0.0020507442295939,0.0015224643791348286,High
2015-09-23,Ridge,1D,1,-0.0033686518713064,0.0007804450545947975,High
2015-09-24,Ridge,1D,1,-0.0004659018012205,-0.001215199826019653,High
2015-09-25,Ridge,1D,1,-0.0260012111628091,-0.0004221420547192019,High
2015-09-28,Ridge,1D,1,0.0012320939129817,0.002112031198268909,High
2015-09-29,Ridge,1D,1,0.0188958986035651,0.0015709603284265363,High
2015-09-30,Ridge,1D,1,0.0019719386783371,0.0011137811360829861,High
2015-10-01,Ridge,1D,1,0.0142137930164055,-0.0011135710157152041,High
2015-10-02,Ridge,1D,1,0.0181245935185021,-0.00010220852946619567,High
2015-10-05,Ridge,1D,1,-0.0035946893441432,-0.0007501751612823697,High
2015-10-06,Ridge,1D,1,0.0080035198575527,-0.0022506302561248882,High
2015-10-07,Ridge,1D,1,0.0087797801445584,-0.00025275314062926413,High
2015-10-08,Ridge,1D,1,0.0007248485605153,-0.0012858955040540249,High
2015-10-09,Ridge,1D,1,0.001274664477333,-0.0014204633160850811,High
2015-10-12,Ridge,1D,1,-0.006848823690127,-0.0007352900103694657,High
2015-10-13,Ridge,1D,1,-0.0047274309119391,-0.0015644786884699185,High
2015-10-14,Ridge,1D,1,0.014743551351355,-0.0007781185466362273,High
2015-10-15,Ridge,1D,1,0.004560061373697,-0.0005871669368791468,High
2015-10-16,Ridge,1D,1,0.000270508943873,-0.0005672244662516589,High
2015-10-19,Ridge,1D,1,-0.0014221010558937,-0.0013485946186112588,High
2015-10-20,Ridge,1D,1,-0.0058424489111342,-0.0006771647084200811,Normal
2015-10-21,Ridge,1D,1,0.0164908470125941,-0.0006658245079328527,Normal
2015-10-22,Ridge,1D,1,0.0109699539690427,-0.0004552255198631959,High
2015-10-23,Ridge,1D,1,-0.0019149330011001,-0.0014990570532068025,High
2015-10-26,Ridge,1D,1,-0.0025573858650877,-3.650906839107042e-05,Normal
2015-10-27,Ridge,1D,1,0.0117704884881434,-0.0008137337041371334,Normal
2015-10-28,Ridge,1D,1,-0.0004498753806607,-0.0014292678697264488,Normal
2015-10-29,Ridge,1D,1,-0.0048214816884254,-0.0012127550563417056,Normal
2015-10-30,Ridge,1D,1,0.0118038763388146,-0.0012289363802824524,Normal
2015-11-02,Ridge,1D,1,0.0027243529250675,-0.0011621001533756532,Normal
2015-11-03,Ridge,1D,1,-0.0035516669396471,-0.001100086250691885,Normal
2015-11-04,Ridge,1D,1,-0.0011327897564983,-0.0010833271701730053,Normal
2015-11-05,Ridge,1D,1,-0.0003476817800236,-0.0006870249395385583,Normal
2015-11-06,Ridge,1D,1,-0.0098712906565025,-0.0005637998602747627,Normal
2015-11-09,Ridge,1D,1,0.0015094551534496,-0.0006365870281283561,Normal
2015-11-10,Ridge,1D,1,-0.0032333073215689,0.0002629531446177942,Normal
2015-11-11,Ridge,1D,1,-0.0140891633366326,-0.0003195306468036035,Normal
2015-11-12,Ridge,1D,1,-0.0112706404321554,-0.0005838983585029838,Normal
2015-11-13,Ridge,1D,1,0.0147933027942343,0.0005539747184675021,Normal
2015-11-16,Ridge,1D,1,-0.0013402770182465,0.00023440777845824498,Normal
2015-11-17,Ridge,1D,1,0.0160332298771722,-0.00032873590524378074,Normal
2015-11-18,Ridge,1D,1,-0.0011237403289792,6.568525039301614e-05,Normal
2015-11-19,Ridge,1D,1,0.0038029552801494,-0.001563439607141448,Normal
2015-11-20,Ridge,1D,1,-0.001235623841684,-0.0010278035581560644,Normal
2015-11-23,Ridge,1D,1,0.0012212499449607,-0.0005481231669282342,Normal
2015-11-24,Ridge,1D,1,-0.0001291406149671,-0.00041119565718472504,Normal
2015-11-25,Ridge,1D,1,0.0005934415594808,-0.0007919163968111932,Normal
2015-11-27,Ridge,1D,1,-0.0046518001396184,-0.00023176414796656643,Normal
2015-11-30,Ridge,1D,1,0.0106239389467392,-0.001306514673272435,Normal
2015-12-01,Ridge,1D,1,-0.0110565926394489,-0.0005477978300419681,Normal
2015-12-02,Ridge,1D,1,-0.01447782644415,-0.00047316246791574587,Normal
2015-12-03,Ridge,1D,1,0.0203178563638512,0.0008872007689330866,Normal
2015-12-04,Ridge,1D,1,-0.0070140439603977,0.0003834502634862614,Normal
2015-12-07,Ridge,1D,1,-0.0065110526255945,-0.0008398683412525274,Normal
2015-12-08,Ridge,1D,1,-0.0077690863656927,0.0003831037044463085,Normal
2015-12-09,Ridge,1D,1,0.0022488565785946,0.000729720081377141,Normal
2015-12-10,Ridge,1D,1,-0.0196138677558153,0.0005795332786198747,Normal
2015-12-11,Ridge,1D,1,0.004744288064068,0.0019438928333519487,High
2015-12-14,Ridge,1D,1,0.0105625801059143,0.001751228917997737,Normal
2015-12-15,Ridge,1D,1,0.0144106356507714,-0.00024549536266780793,Normal
2015-12-16,Ridge,1D,1,-0.0151547766358764,-0.00034816941121535854,High
2015-12-17,Ridge,1D,1,-0.0179574950071068,-0.00042724450839314417,Normal
2015-12-18,Ridge,1D,1,0.0077483067271562,0.0006843796521264037,High
2015-12-21,Ridge,1D,1,0.0087780955915688,0.00015249575805896596,High
2015-12-22,Ridge,1D,1,0.0123415965275538,-0.0004600894981889669,High
2015-12-23,Ridge,1D,1,-0.0015999154038633,-0.0008457880241938527,High
2015-12-24,Ridge,1D,1,-0.002180936456306,-0.0009045413094093634,High
2015-12-28,Ridge,1D,1,0.0105736641730229,-0.0016449967093281296,High
2015-12-29,Ridge,1D,1,-0.0072433987837785,-0.000686715454465956,High
2015-12-30,Ridge,1D,1,-0.0094564850414678,-0.001386122390638735,High
2015-12-31,Ridge,1D,1,-0.0154220417978059,0.0003840894945145593,High
2016-01-04,Ridge,1D,1,0.0020102041393599,0.0013495415443884036,High
2016-01-05,Ridge,1D,1,-0.013202163002626,-0.00020828452991258065,High
2016-01-06,Ridge,1D,1,-0.0239858165193447,0.0011048266474367344,High
2016-01-07,Ridge,1D,1,-0.0108975374458479,0.0025046016049074965,High
2016-01-08,Ridge,1D,1,0.0008529082958226,0.0032671801699961415,High
2016-01-11,Ridge,1D,1,0.0077725141177746,0.001025881210893954,High
2016-01-12,Ridge,1D,1,-0.0252823750779089,0.0015662072816186054,High
2016-01-13,Ridge,1D,1,0.0165580609343839,0.0022518000464280485,High
2016-01-14,Ridge,1D,1,-0.0218357726981623,0.0008007424429948525,High
2016-01-15,Ridge,1D,1,0.0005316801874288,0.0012770202971600301,High
2016-01-19,Ridge,1D,1,-0.0117627660258983,0.002232765140096983,High
2016-01-20,Ridge,1D,1,0.005181988635948,0.003186615703973207,High
2016-01-21,Ridge,1D,1,0.0200807268822134,0.001150252644736796,High
2016-01-22,Ridge,1D,1,-0.0157615451728214,-0.0010440565551775906,High
2016-01-25,Ridge,1D,1,0.0140452378303679,-0.00015212604714705307,High
2016-01-26,Ridge,1D,1,-0.0109229223005284,-4.67002142319617e-05,High
2016-01-27,Ridge,1D,1,0.0055133507175915,0.0002735034226509547,High
2016-01-28,Ridge,1D,1,0.0244586509945564,-0.00041512650325222937,High
2016-01-29,Ridge,1D,1,-0.0004433348455418,-0.000737344362133862,High
2016-02-01,Ridge,1D,1,-0.0189209687182314,-0.0008914371027806099,High
2016-02-02,Ridge,1D,1,0.004979620021574,0.0009012963274497353,High
2016-02-03,Ridge,1D,1,0.0015255682925234,0.00014575555133583746,High
2016-02-04,Ridge,1D,1,-0.0186541582763518,9.484447205960545e-05,High
2016-02-05,Ridge,1D,1,-0.0142550579230573,0.002062843719123414,High
2016-02-08,Ridge,1D,1,-0.0006638406467602,0.002460934883785944,High
2016-02-09,Ridge,1D,1,-0.0001889681307609,0.0012759186246611553,High
2016-02-10,Ridge,1D,1,-0.0123774473292562,0.0006744788327012641,High
2016-02-11,Ridge,1D,1,0.0193300152070459,0.002896154037501158,High
2016-02-12,Ridge,1D,1,0.0163817377416849,-0.0004593388025304344,High
2016-02-16,Ridge,1D,1,0.0163461106256413,0.00018614959731261152,High
2016-02-17,Ridge,1D,1,-0.0046766321239347,-0.0010432864897138606,High
2016-02-18,Ridge,1D,1,-2.60332818018429e-05,-0.00022031890088223578,High
2016-02-19,Ridge,1D,1,0.014350731099076,-0.0008783272674676888,High
2016-02-22,Ridge,1D,1,-0.0125325775707884,-0.0018114813135770881,High
2016-02-23,Ridge,1D,1,0.0044299600346319,0.0002675366290504391,High
2016-02-24,Ridge,1D,1,0.0112843667304508,-0.00022543496699161373,High
2016-02-25,Ridge,1D,1,-0.0018718653295646,-0.00017401633085848024,High
2016-02-26,Ridge,1D,1,-0.0081541310915717,-0.0009765977523531837,High
2016-02-29,Ridge,1D,1,0.0235883854016187,-0.0007763385470245137,High
2016-03-01,Ridge,1D,1,0.0040859498611019,-0.0007053571202216746,High
2016-03-02,Ridge,1D,1,0.0034926343203169,-0.0006473486686296758,High
2016-03-03,Ridge,1D,1,0.0033004398659416,-0.0011979596202119607,High
2016-03-04,Ridge,1D,1,0.0008846228008639,-0.0011095433668884154,High
2016-03-07,Ridge,1D,1,-0.0113037560560061,-9.15343802096107e-05,High
2016-03-08,Ridge,1D,1,0.0050396727828142,0.00047063551673014875,High
2016-03-09,Ridge,1D,1,0.0001557927971226,4.2354516536123696e-05,High
2016-03-10,Ridge,1D,1,0.0162625455888514,9.697513463714796e-05,High
2016-03-11,Ridge,1D,1,-0.0012617686166118,0.0002896110834990982,Normal
2016-03-14,Ridge,1D,1,-0.0018386309343179,-0.001538735365393826,Normal
2016-03-15,Ridge,1D,1,0.0055847278817799,-0.0011847168841781577,Normal
2016-03-16,Ridge,1D,1,0.0065735830685963,-0.0010613995419051286,Normal
2016-03-17,Ridge,1D,1,0.0043959672510261,-0.0006117002459893935,Normal
2016-03-18,Ridge,1D,1,0.0009850919042923,-0.0011669474601358819,Normal
2016-03-21,Ridge,1D,1,-0.0008777728967722,-0.0012469515839289044,Normal
2016-03-22,Ridge,1D,1,-0.0064065095306671,-0.00023804722234101416,Normal
2016-03-23,Ridge,1D,1,-0.0003781417793768,-0.0007764626895793137,Normal
2016-03-24,Ridge,1D,1,0.0005451068880723,-0.0006668691793728703,Normal
2016-03-28,Ridge,1D,1,0.0087780120542374,-0.0002870169556185434,Normal
2016-03-29,Ridge,1D,1,0.0043408799935662,0.0001482926612920614,Normal
2016-03-30,Ridge,1D,1,-0.0020418423596207,-0.0014735480144080508,Low
2016-03-31,Ridge,1D,1,0.0063109590665997,-0.0008999879331108977,Low
2016-04-01,Ridge,1D,1,-0.0032134800458546,-0.00024808519980297716,Low
2016-04-04,Ridge,1D,1,-0.0101962984117945,-0.0011395724698907651,Low
2016-04-05,Ridge,1D,1,0.0104527979320131,-0.00041236067226214126,Low
2016-04-06,Ridge,1D,1,-0.0120480739700048,0.0007993797112766804,Low
2016-04-07,Ridge,1D,1,0.0027827026046162,-0.0007113338182021661,Normal
2016-04-08,Ridge,1D,1,-0.0027435458896038,0.0004955410788487868,Normal
2016-04-11,Ridge,1D,1,0.0096157538813899,-0.000677776948486907,Low
2016-04-12,Ridge,1D,1,0.0099900697685578,7.734316094324591e-05,Low
2016-04-13,Ridge,1D,1,0.0001729124301324,-0.0003294803443564588,Low
2016-04-14,Ridge,1D,1,-0.0009847695761459,-0.0010406205277951471,Low
2016-04-15,Ridge,1D,1,0.0065197256137979,-0.0009313837178437892,Low
2016-04-18,Ridge,1D,1,0.0030797379028665,-0.0007589469061693593,Low
2016-04-19,Ridge,1D,1,0.0007612550492345,-0.0009474151982762661,Low
2016-04-20,Ridge,1D,1,-0.005207562857292,-0.0006101533826512811,Low
2016-04-21,Ridge,1D,1,4.785857954074228e-05,-0.00020677211994414856,Low
2016-04-22,Ridge,1D,1,-0.0018136896207629,2.9003732678360575e-05,Low
2016-04-25,Ridge,1D,1,0.0018710001742369,-0.000558464155136391,Low
2016-04-26,Ridge,1D,1,0.0016479941117468,-0.0005032251395694089,Low
2016-04-27,Ridge,1D,1,-0.0092736360615616,-0.0003496662416000625,Low
2016-04-28,Ridge,1D,1,-0.0050759492305571,-6.73701853267132e-05,Low
2016-04-29,Ridge,1D,1,0.0077796066972441,0.00012918341925143907,Low
2016-05-02,Ridge,1D,1,-0.0087144993883958,0.0004602877384279837,Low
2016-05-03,Ridge,1D,1,-0.0059545827054725,0.0004314920258441996,Low
2016-05-04,Ridge,1D,1,-0.0002390366927941,0.0001352244403471521,Low
2016-05-05,Ridge,1D,1,0.0031696105535526,0.0010650966729372432,Low
2016-05-06,Ridge,1D,1,0.0007532133076099,0.0003086099083030587,Low
2016-05-09,Ridge,1D,1,0.0124063652360373,0.0001711379881895699,Low
2016-05-10,Ridge,1D,1,-0.0096075228778687,-0.00028802071120441643,Low
2016-05-11,Ridge,1D,1,-0.0001694792679642,-0.0008314283977604582,Low
2016-05-12,Ridge,1D,1,-0.0085144341617524,0.000511712241045187,Low
2016-05-13,Ridge,1D,1,0.0097489763896127,0.0004162680547230033,Low
2016-05-16,Ridge,1D,1,-0.0094558635521628,8.437304810872276e-05,Low
2016-05-17,Ridge,1D,1,0.0002051576864012,3.3938436067762587e-06,Low
2016-05-18,Ridge,1D,1,-0.0037135945227206,0.0005680416006055716,Low
2016-05-19,Ridge,1D,1,0.0060014592228046,0.0006749093996121158,Low
2016-05-20,Ridge,1D,1,-0.0020876365681016,0.000413948768224662,Low
2016-05-23,Ridge,1D,1,0.0135886375339901,5.560084527740254e-05,Low
2016-05-24,Ridge,1D,1,0.0069505296515834,-1.6702234017861516e-05,Normal
2016-05-25,Ridge,1D,1,-0.0002104660499285,-0.0005981093844988172,Normal
2016-05-26,Ridge,1D,1,0.0042776949394394,5.999344133988e-05,Normal
2016-05-27,Ridge,1D,1,-0.0010057686205899,-0.00011295839170598918,Normal
2016-05-31,Ridge,1D,1,0.0011343986539261,-0.0012630492133039969,Normal
2016-06-01,Ridge,1D,1,0.0028206961669861,0.0005098757751319681,Low
2016-06-02,Ridge,1D,1,-0.0029160622366948,0.0004202947746020034,Low
2016-06-03,Ridge,1D,1,0.0048853285193636,0.00020261912037113344,Low
2016-06-06,Ridge,1D,1,0.0012886156291976,-0.00015650476677322523,Low
2016-06-07,Ridge,1D,1,0.0033041019719547,-0.00026493310106274565,Low
2016-06-08,Ridge,1D,1,-0.0017192355978938,-0.0005644885070386707,Low
2016-06-09,Ridge,1D,1,-0.0092175324101661,0.0004751529497439181,Low
2016-06-10,Ridge,1D,1,-0.0081482987897094,0.00021434355792628924,Low
2016-06-13,Ridge,1D,1,-0.0018005050719719,0.0015503283188228495,Low
2016-06-14,Ridge,1D,1,-0.0018424090638101,0.001232748647340648,Low
2016-06-15,Ridge,1D,1,0.0031280931110455,0.0020780777417140866,Low
2016-06-16,Ridge,1D,1,-0.0032632841446089,0.0016018593770728516,Low
2016-06-17,Ridge,1D,1,0.0057913827784231,0.0012650842472822742,Low
2016-06-20,Ridge,1D,1,0.0027083906042097,0.0011991873610924413,Low
2016-06-21,Ridge,1D,1,-0.0016529289965758,0.0008468926274862493,Low
2016-06-22,Ridge,1D,1,0.0132755670719551,0.0005911412712237734,Low
2016-06-23,Ridge,1D,1,-0.0365807928055826,0.0003860835212349847,Low
2016-06-24,Ridge,1D,1,-0.0182622465117027,0.0007905914268068893,Normal
2016-06-27,Ridge,1D,1,0.0176141216040879,0.002723875786804924,Normal
2016-06-28,Ridge,1D,1,0.0168892429712539,0.0005555459131844978,High
2016-06-29,Ridge,1D,1,0.0134738631494661,-0.0004083825157338773,High
2016-06-30,Ridge,1D,1,0.001946706293032,-0.0007141721103935653,High
2016-07-01,Ridge,1D,1,-0.0068710289855987,-0.0009575563269368851,High
2016-07-05,Ridge,1D,1,0.0053386870582759,-0.0016086418173632557,High
2016-07-06,Ridge,1D,1,-0.000871957886733,-0.0008043732105054891,High
2016-07-07,Ridge,1D,1,0.0151381865659924,-0.0009765386214889366,High
2016-07-08,Ridge,1D,2,0.0034028193119982,-0.0005398277854836012,High
2016-07-11,Ridge,1D,2,0.0069848423073457,-0.001473845408629199,High
2016-07-12,Ridge,1D,2,0.0001347586749817,-0.0013955920642290062,High
2016-07-13,Ridge,1D,2,0.0052454228016969,-0.001003795494020866,High
2016-07-14,Ridge,1D,2,-0.0009293790598711,-0.0012760409989279185,High
2016-07-15,Ridge,1D,2,0.0023794618218687,-0.0012414444071478044,High
2016-07-18,Ridge,1D,2,-0.0014362045004153,-0.0010990806529470184,High
2016-07-19,Ridge,1D,2,0.0042612083157639,-0.0013150102369964888,High
2016-07-20,Ridge,1D,2,-0.0036190698565249,-0.0014506503795312059,High
2016-07-21,Ridge,1D,2,0.0045436267895102,-0.0017796745587489273,High
2016-07-22,Ridge,1D,2,-0.0030160187399297,-0.0012551897455193484,High
2016-07-25,Ridge,1D,2,0.0003227321607194,0.0001517730626866851,Normal
2016-07-26,Ridge,1D,2,-0.0011992609468086,0.00040384399950302866,Normal
2016-07-27,Ridge,1D,2,0.0016049204480924,-0.00048506300487431725,Low
2016-07-28,Ridge,1D,2,0.0016299801176578,-0.0005731658543392309,Low
2016-07-29,Ridge,1D,2,-0.001270594147491,-0.0001856623945750282,Low
2016-08-01,Ridge,1D,2,-0.0063819408126676,-0.0005712947232554731,Low
2016-08-02,Ridge,1D,2,0.003129042716071,8.278970526828035e-05,Low
2016-08-03,Ridge,1D,2,0.000212549299489,0.00015294825574413185,Low
2016-08-04,Ridge,1D,2,0.00856669728938,0.0001937642266863397,Low
2016-08-05,Ridge,1D,2,-0.0009075772915415,-9.273120165120596e-05,Low
2016-08-08,Ridge,1D,2,0.0003897179865559,-0.000527720605702553,Low
2016-08-09,Ridge,1D,2,-0.0028687970634882,-0.0006215582043429771,Low
2016-08-10,Ridge,1D,2,0.0047234151024436,-0.00028037682444271656,Low
2016-08-11,Ridge,1D,2,-0.000796363386914,-0.00020951877475259748,Low
2016-08-12,Ridge,1D,2,0.0027890162945217,-0.00012941325462494026,Low
2016-08-15,Ridge,1D,2,-0.0054941422164782,-0.0005791636485620675,Low
2016-08-16,Ridge,1D,2,0.0018668460061555,-0.0006032733280900012,Low
2016-08-17,Ridge,1D,2,0.0021972016963824,0.00012994044677336507,Low
2016-08-18,Ridge,1D,2,-0.0014413095687681,0.00036704294769115893,Low
2016-08-19,Ridge,1D,2,-0.0005634818833231,-0.0002296674797097839,Low
2016-08-22,Ridge,1D,2,0.0019498671783617,-0.0005618076274953446,Low
2016-08-23,Ridge,1D,2,-0.0052540552596718,-0.00022400746987926242,Low
2016-08-24,Ridge,1D,2,-0.0013661603966454,-0.0003500850102147603,Low
2016-08-25,Ridge,1D,2,-0.0015800642387132,0.0002040545310897273,Low
2016-08-26,Ridge,1D,2,0.0052144284286743,0.0005501339886168772,Low
2016-08-29,Ridge,1D,2,-0.0019555914071227,0.0005801307042075727,Low
2016-08-30,Ridge,1D,2,-0.0023786911055626,0.00020682837804267127,Low
2016-08-31,Ridge,1D,2,-4.138538941144249e-05,-0.00012514041140784652,Low
2016-09-01,Ridge,1D,2,0.0041922415990346,0.0003868046018183344,Low
2016-09-02,Ridge,1D,2,0.0029772423700053,0.0005990680427687851,Low
2016-09-06,Ridge,1D,2,-0.0001463959382934,-0.0002278456426735793,Low
2016-09-07,Ridge,1D,2,-0.0022254881924702,-0.00011518896108026974,Low
2016-09-08,Ridge,1D,2,-0.0248277424108364,-0.0004194822519305125,Low
2016-09-09,Ridge,1D,2,0.0145703872334344,-0.0018745697509018032,Low
2016-09-12,Ridge,1D,2,-0.0149417482782108,0.0014532814015463325,Normal
2016-09-13,Ridge,1D,2,-0.0005878493998128,-0.000526629461008636,Normal
2016-09-14,Ridge,1D,2,0.0100585164494398,0.001245917888176592,Normal
2016-09-15,Ridge,1D,2,-0.0037794277955721,0.0006532008782724426,Normal
2016-09-16,Ridge,1D,2,-1.8603233824686035e-05,-0.00039620968058588275,Normal
2016-09-19,Ridge,1D,2,0.0002990934842341,0.0003327564065439659,Normal
2016-09-20,Ridge,1D,2,0.0108580003336359,-0.0002852979961170383,Normal
2016-09-21,Ridge,1D,2,0.0064787519176421,0.00020143310463802968,Normal
2016-09-22,Ridge,1D,2,-0.0057532929597187,-0.00013540032024484864,Normal
2016-09-23,Ridge,1D,2,-0.008624850117916,-0.0008091026043070279,Normal
2016-09-26,Ridge,1D,2,0.0064234951652981,-0.0013669181545786042,Normal
2016-09-27,Ridge,1D,2,0.0052825766036424,0.00016147406507644875,Normal
2016-09-28,Ridge,1D,2,-0.0093651277300811,-0.00018978955224186063,Normal
2016-09-29,Ridge,1D,2,0.0079363925880277,-0.0008161864430626712,Normal
2016-09-30,Ridge,1D,2,-0.0032660231815271,0.00014160553908428285,Normal
2016-10-03,Ridge,1D,2,-0.004967881786362,-0.000784179105928802,Normal
2016-10-04,Ridge,1D,2,0.0042874862311969,-9.024680073815215e-05,Normal
2016-10-05,Ridge,1D,2,0.0004814438526045,-3.9422521795862e-05,Normal
2016-10-06,Ridge,1D,2,-0.0032587874416142,-0.0004207632638257792,Normal
2016-10-07,Ridge,1D,2,0.0045953303173243,0.000793649233518493,Normal
2016-10-10,Ridge,1D,2,-0.0125245776977559,-0.0003704659812977016,Normal
2016-10-11,Ridge,1D,2,0.0011459322063988,0.0003419064901802866,Low
2016-10-12,Ridge,1D,2,-0.0031040764122339,0.0006693390492258364,Low
2016-10-13,Ridge,1D,2,0.0002015841591211,9.933878103490936e-05,Low
2016-10-14,Ridge,1D,2,-0.0030426181118402,0.001265772238621617,Low
2016-10-17,Ridge,1D,2,0.0061415056056986,0.0008039728274094194,Low
2016-10-18,Ridge,1D,2,0.0021895721553504,0.0005746546082580383,Low
2016-10-19,Ridge,1D,2,-0.0013766711313809,-2.154207130837261e-05,Low
2016-10-20,Ridge,1D,2,-8.414514015477906e-05,0.00021296306072558853,Low
2016-10-21,Ridge,1D,2,0.0047385946474273,0.0005026684227477534,Low
2016-10-24,Ridge,1D,2,-0.0038049574647063,0.00039987080137405786,Low
2016-10-25,Ridge,1D,2,-0.0017419279211872,-0.00044026597459799103,Low
2016-10-26,Ridge,1D,2,-0.0029911959060088,-0.00025356665213089794,Low
2016-10-27,Ridge,1D,2,-0.003113140139625,0.0004967427751369697,Low
2016-10-28,Ridge,1D,2,-0.0001222838841985,0.00046754616088820207,Low
2016-10-31,Ridge,1D,2,-0.006810019108735,0.0007552363598649092,Low
2016-11-01,Ridge,1D,2,-0.006546884453454,0.001433880123133904,Low
2016-11-02,Ridge,1D,2,-0.0044332130226093,0.0014220105375217981,Low
2016-11-03,Ridge,1D,2,-0.0016675202716929,0.001448446487423573,Low
2016-11-04,Ridge,1D,2,0.0219801997294649,0.0019430178030119733,Low
2016-11-07,Ridge,1D,2,0.0037648783971575,0.0010102704723022806,Normal
2016-11-08,Ridge,1D,2,0.011016119879656,0.0007321837894923895,Low
2016-11-09,Ridge,1D,2,0.0019488457160953,0.0007445764117185981,Low
2016-11-10,Ridge,1D,2,-0.0013989283477976,-9.433449734344877e-05,Low
2016-11-11,Ridge,1D,2,-0.0001155094571832,0.00015393720507467584,Low
2016-11-14,Ridge,1D,2,0.0074529550220894,6.643496094533059e-05,Low
2016-11-15,Ridge,1D,2,-0.0015835165223759,0.00013046074787141242,Low
2016-11-16,Ridge,1D,2,0.0046654693611979,-0.0004873956173755914,Low
2016-11-17,Ridge,1D,2,-0.0023896513655484,4.469949597780333e-05,Low
2016-11-18,Ridge,1D,2,0.0074337020708738,7.803691879656647e-05,Low
2016-11-21,Ridge,1D,2,0.002163091103593,-0.00035424928347375576,Normal
2016-11-22,Ridge,1D,2,0.0008076981569088,-0.00038068784961621185,Normal
2016-11-23,Ridge,1D,2,0.0039067456134237,-0.0003289826314605571,Low
2016-11-25,Ridge,1D,2,-0.0052683892547352,2.3563309586002766e-06,Low
2016-11-28,Ridge,1D,2,0.0013344023532619,-0.0012430949723943514,Normal
2016-11-29,Ridge,1D,2,-0.0026569305551563,0.00012976183894862072,Low
2016-11-30,Ridge,1D,2,-0.0035217229667638,-9.365814932747496e-05,Low
2016-12-01,Ridge,1D,2,0.0003969277200846,0.0003756715146154496,Low
2016-12-02,Ridge,1D,2,0.0058044269267436,0.0006600586621543735,Low
2016-12-05,Ridge,1D,2,0.0034050844688746,0.001063324297817838,Low
2016-12-06,Ridge,1D,2,0.0130773587447233,-0.0004734179207737396,Low
2016-12-07,Ridge,1D,2,0.0021570150168711,-0.0006313985927403581,Low
2016-12-08,Ridge,1D,2,0.0059214185329697,-0.000909620035504262,Low
2016-12-09,Ridge,1D,2,-0.0011380822905995,0.0002518953199400569,Low
2016-12-12,Ridge,1D,2,0.0065184832012369,-0.0006585676466046111,Low
2016-12-13,Ridge,1D,2,-0.0081502954618586,7.797849987238072e-06,Low
2016-12-14,Ridge,1D,2,0.0038757076875535,2.004413611676818e-05,Low
2016-12-15,Ridge,1D,2,-0.0017521567509802,0.0007720569410035634,Low
2016-12-16,Ridge,1D,2,0.0019731727152112,0.00032257084331660676,Low
2016-12-19,Ridge,1D,2,0.0036309124011527,0.0007861140679661384,Low
2016-12-20,Ridge,1D,2,-0.0024603857246776,-0.00012349184549127144,Low
2016-12-21,Ridge,1D,2,-0.0018647112223965,3.020283245304048e-05,Low
2016-12-22,Ridge,1D,2,0.0012509325350792,-8.644700366400391e-05,Low
2016-12-23,Ridge,1D,2,0.0022458489045486,-8.03829796299982e-05,Low
2016-12-27,Ridge,1D,2,-0.0083916407097715,-0.00020096845377491862,Low
2016-12-28,Ridge,1D,2,-0.0002933477318683,-5.241926239878299e-05,Low
2016-12-29,Ridge,1D,2,-0.0046478346968542,0.00040760022382028266,Low
2016-12-30,Ridge,1D,2,0.0084507667531571,0.0005365466155696117,Low
2017-01-03,Ridge,1D,2,0.0057059637705494,0.0008758252642435958,Low
2017-01-04,Ridge,1D,2,-0.0007709676024811,0.00025814416209358007,Low
2017-01-05,Ridge,1D,2,0.003510789180579,-0.00016199845773891204,Low
2017-01-06,Ridge,1D,2,-0.0035549054715596,-0.00010203240471087994,Low
2017-01-09,Ridge,1D,2,0.0,-0.00043190195921611756,Low
2017-01-10,Ridge,1D,2,0.0028256423891019,-8.246584676847759e-05,Low
2017-01-11,Ridge,1D,2,-0.0021471123937296,0.0001718363263701094,Low
2017-01-12,Ridge,1D,2,0.0018481313951466,-0.0003450828709153566,Low
2017-01-13,Ridge,1D,2,-0.0029719144562184,0.000644186486926375,Low
2017-01-17,Ridge,1D,2,0.0017622004698093,-0.0006566843699936809,Low
2017-01-18,Ridge,1D,2,-0.0036158376243193,-0.0001392931089343016,Low
2017-01-19,Ridge,1D,2,0.0033605840612999,0.00025215676699832414,Low
2017-01-20,Ridge,1D,2,-0.0026937496460698,0.000816921068030242,Low
2017-01-23,Ridge,1D,2,0.0065431405289623,0.00017914950925963945,Low
2017-01-24,Ridge,1D,2,0.0079940527959686,0.0004771187887726774,Low
2017-01-25,Ridge,1D,2,-0.0007356549352631,-0.0002602193251294886,Low
2017-01-26,Ridge,1D,2,-0.0008668394897415,-0.00034217633034316165,Low
2017-01-27,Ridge,1D,2,-0.0060276734960966,0.0003438689720221468,Low
2017-01-30,Ridge,1D,2,-0.0008903016080325,-0.000966761447916118,Low
2017-01-31,Ridge,1D,2,0.0002983189881162,0.00029969753489255026,Low
2017-02-01,Ridge,1D,2,0.000570146838691,0.00034778972013612243,Low
2017-02-02,Ridge,1D,2,0.0072384968545536,-6.0144037616176164e-05,Low
2017-02-03,Ridge,1D,2,-0.0021175975137091,0.0008012377730035633,Low
2017-02-06,Ridge,1D,2,0.0002268034638457,-0.00044424197916507596,Low
2017-02-07,Ridge,1D,2,0.0006930821486096,0.0003899978865110444,Low
2017-02-08,Ridge,1D,2,0.0057360637359602,-1.3479432527025424e-05,Low
2017-02-09,Ridge,1D,2,0.003559706822009,0.0003227349369913852,Low
2017-02-10,Ridge,1D,2,0.0052321335840112,2.231813850186922e-05,Low
2017-02-13,Ridge,1D,2,0.0039993271956725,-0.0003547884331572264,Low
2017-02-14,Ridge,1D,2,0.0049798886657344,0.00016439595448475186,Low
2017-02-15,Ridge,1D,2,-0.0008644916015501,-0.001279122817462344,Low
2017-02-16,Ridge,1D,2,0.0016771493272371,0.0004775854016468646,Low
2017-02-17,Ridge,1D,2,0.0060298500200691,0.0002591389759927351,Low
2017-02-21,Ridge,1D,2,-0.001082786146804,0.00010964626469251815,Low
2017-02-22,Ridge,1D,2,0.0004188989712592,-0.00024565820373053277,Low
2017-02-23,Ridge,1D,2,0.0014922502320316,0.00016500400744043467,Low
2017-02-24,Ridge,1D,2,0.0010174652677336,0.00045269895281516587,Low
2017-02-27,Ridge,1D,2,-0.0025817061151949,-0.00011912281760771345,Low
2017-02-28,Ridge,1D,2,0.0135812110837253,0.00017170428376686134,Low
2017-03-01,Ridge,1D,2,-0.0058771169721052,0.0006964419853812587,Low
2017-03-02,Ridge,1D,2,0.0005037503685347,0.0008312843547735747,Low
2017-03-03,Ridge,1D,2,-0.0032826227635658,0.0009632304886534422,Low
2017-03-06,Ridge,1D,2,-0.0029176259020898,-0.000174420538952249,Low
2017-03-07,Ridge,1D,2,-0.0022868279640638,0.00029636633488281045,Low
2017-03-08,Ridge,1D,2,0.0007995756127663,0.0003111714204341956,Low
2017-03-09,Ridge,1D,2,0.0032633397058585,0.00023814618132140972,Low
2017-03-10,Ridge,1D,2,0.0003665656191696,0.0007225475009021312,Low
2017-03-13,Ridge,1D,2,-0.003384748980891,0.0002730695628314298,Low
2017-03-14,Ridge,1D,2,0.0083398791246863,-0.0005343677546181215,Low
2017-03-15,Ridge,1D,2,-0.0016280347991836,0.000441770577755599,Low
2017-03-16,Ridge,1D,2,-0.0013151792642314,0.00027998710159997983,Low
2017-03-17,Ridge,1D,2,-0.0020119160803802,-6.858166956172308e-05,Low
2017-03-20,Ridge,1D,2,-0.0124855945901021,0.0004226981202329388,Low
2017-03-21,Ridge,1D,2,0.0018881028474626,3.7080089381969346e-05,Low
2017-03-22,Ridge,1D,2,-0.00106083214483,0.0005955105140236592,Low
2017-03-23,Ridge,1D,2,-0.0008443522139384,0.00033825891556701193,Low
2017-03-24,Ridge,1D,2,-0.0010201075858456,0.0008070428332839679,Low
2017-03-27,Ridge,1D,2,0.0072253088296239,0.000605331873061668,Low
2017-03-28,Ridge,1D,2,0.0010847362038301,0.0006938848038779824,Low
2017-03-29,Ridge,1D,2,0.002930810911705,-0.0005457420859308025,Low
2017-03-30,Ridge,1D,2,-0.0022575939382668,5.4806394403910833e-05,Low
2017-03-31,Ridge,1D,2,-0.0016434753080133,-0.0006029066543842669,Low
2017-04-03,Ridge,1D,2,0.0005593660746613,0.0006144744219964365,Low
2017-04-04,Ridge,1D,2,-0.0030595368115221,0.0007272068072747969,Low
2017-04-05,Ridge,1D,2,0.0019276502937349,4.647246842138389e-05,Low
2017-04-06,Ridge,1D,2,-0.0008274724629448,0.0008429482906909512,Low
2017-04-07,Ridge,1D,2,0.0006874501357832,-1.138058919209373e-05,Low
2017-04-10,Ridge,1D,2,-0.0014349082919582,-0.00011200928104401243,Low
2017-04-11,Ridge,1D,2,-0.0037670374189869,0.000328611741518732,Low
2017-04-12,Ridge,1D,2,-0.0068380202898042,0.00035604681942552337,Low
2017-04-13,Ridge,1D,2,0.0085764656911072,0.0013390405574525955,Low
2017-04-17,Ridge,1D,2,-0.0029076028458332,0.0012833373907611158,Low
2017-04-18,Ridge,1D,2,-0.0017178253968685,0.0006004452404654421,Low
2017-04-19,Ridge,1D,2,0.0075288503629738,0.0013134228745084074,Low
2017-04-20,Ridge,1D,2,-0.0030396881071153,0.0009555225451116423,Low
2017-04-21,Ridge,1D,2,0.0107817365881118,0.0003845546759371339,Low
2017-04-24,Ridge,1D,2,0.0060722142117511,0.0019379187651483213,Low
2017-04-25,Ridge,1D,2,-0.0004858214756873,-0.0003594910771645206,Low
2017-04-26,Ridge,1D,2,0.0005527670002992,-0.0005430335270292994,Low
2017-04-27,Ridge,1D,2,-0.00191497947149,0.0003145186684571292,Low
2017-04-28,Ridge,1D,2,0.0017307918268938,-0.00043145066851140416,Low
2017-05-01,Ridge,1D,2,0.0011883435858115,0.0007447852704418898,Low
2017-05-02,Ridge,1D,2,-0.0012721693958273,-0.0005882191734087967,Low
2017-05-03,Ridge,1D,2,0.0005819332878695,-0.0001112190222939317,Low
2017-05-04,Ridge,1D,2,0.0040803594074783,0.0003323972268499591,Low
2017-05-05,Ridge,1D,2,3.7445271907879016e-05,-0.0001874922787788759,Low
2017-05-08,Ridge,1D,2,-0.0010257745567932,0.0005851602229085691,Low
2017-05-09,Ridge,1D,2,0.0011299627174494,-0.0001932339240486623,Low
2017-05-10,Ridge,1D,2,-0.0021651513741066,-0.0002691396288510513,Low
2017-05-11,Ridge,1D,2,-0.0014795353407942,-7.973081020114258e-05,Low
2017-05-12,Ridge,1D,2,0.0047651423030152,0.000714426670015028,Low
2017-05-15,Ridge,1D,2,-0.000687133036986,-0.00020000193766093978,Low
2017-05-16,Ridge,1D,2,-0.018345468171115,0.00011388972061183596,Low
2017-05-17,Ridge,1D,2,0.0036800386272159,-0.002983336476018478,Low
2017-05-18,Ridge,1D,2,0.0067447032082007,0.001319523589459055,Low
2017-05-19,Ridge,1D,2,0.0051468632960084,0.0016844897785899988,Low
2017-05-22,Ridge,1D,2,0.0018361851723804,0.0004141140338490158,Low
2017-05-23,Ridge,1D,2,0.0024860338045762,-0.00015040432494986788,Low
2017-05-24,Ridge,1D,2,0.0044321120419781,8.044985143279307e-05,Low
2017-05-25,Ridge,1D,2,0.0003105017853024,-0.00046892616422981767,Low
2017-05-26,Ridge,1D,2,-0.0012053507295338,-0.00012725778467937847,Low
2017-05-30,Ridge,1D,2,-0.0004600746199513,-0.0009724405526756066,Low
2017-05-31,Ridge,1D,2,0.0075425955848472,-0.0002974207036618905,Low
2017-06-01,Ridge,1D,2,0.003700874618046,0.00029845326850929115,Low
2017-06-02,Ridge,1D,2,-0.0012184071404286,-0.00030901440362404053,Low
2017-06-05,Ridge,1D,2,-0.002782908666204,-0.000749367525033669,Low
2017-06-06,Ridge,1D,2,0.0015670287963475,-0.0005970698669752314,Low
2017-06-07,Ridge,1D,2,0.0002671690356647,-6.066678739770581e-05,Low
2017-06-08,Ridge,1D,2,-0.0008303338661872,1.34975186787806e-06,Low
2017-06-09,Ridge,1D,2,-0.0009792424797181,-8.525422271015375e-05,Low
2017-06-12,Ridge,1D,2,0.0045013588432301,-0.0005686245457638139,Low
2017-06-13,Ridge,1D,2,-0.0009963269653176,0.0005921714712693741,Low
2017-06-14,Ridge,1D,2,-0.0022421097968403,-0.000228808808759326,Low
2017-06-15,Ridge,1D,2,0.0002835991500596,0.0008329482850299959,Low
2017-06-16,Ridge,1D,2,0.0083125832068939,0.00036485455380129596,Low
2017-06-19,Ridge,1D,2,-0.0067191604469316,7.279265727395945e-05,Low
2017-06-20,Ridge,1D,2,-0.0005828141932715,-0.0002890422761470212,Low
2017-06-21,Ridge,1D,2,-0.000455885972438,0.0004991855939532829,Low
2017-06-22,Ridge,1D,2,0.001559698555409,0.000420609686609533,Low
2017-06-23,Ridge,1D,2,0.0003157519397323,0.00010037333571875955,Low
2017-06-26,Ridge,1D,2,-0.0081055865756729,0.0006082791258317398,Low
2017-06-27,Ridge,1D,2,0.008769501646551,-0.0005342983556384337,Low
2017-06-28,Ridge,1D,2,-0.0086372168441413,0.001018532297885366,Low
2017-06-29,Ridge,1D,2,0.0015320576108735,-0.0009337438542882956,Low
2017-06-30,Ridge,1D,2,0.0023081679791475,0.0006197832563890205,Low
2017-07-03,Ridge,1D,2,0.0014522240362887,0.00042324029932371243,Low
2017-07-05,Ridge,1D,2,-0.0094129873068661,-0.0002087485579559801,Low
2017-07-06,Ridge,1D,2,0.0063827125696158,-0.0007099537457672281,Low
2017-07-07,Ridge,1D,2,0.0009273361035125,0.001032389383643199,Low
2017-07-10,Ridge,1D,2,-0.0007829870660821,-0.00016715789550316725,Low
2017-07-11,Ridge,1D,2,0.0072790509478214,0.00026762572617806393,Low
2017-07-12,Ridge,1D,2,0.001872829473473,7.872619100923419e-05,Low
2017-07-13,Ridge,1D,2,0.0046626161700092,-0.00023460460971839737,Low
2017-07-14,Ridge,1D,2,-5.291423670686425e-05,3.775001159840585e-05,Low
2017-07-17,Ridge,1D,2,0.0005976786981109,-0.00090570699219338,Low
2017-07-18,Ridge,1D,2,0.0053582582160534,-0.0008202730406078995,Low
2017-07-19,Ridge,1D,2,-0.000153671088607,-9.76573661325028e-05,Low
2017-07-20,Ridge,1D,2,-0.0003679393292088,-0.00014342159970302804,Low
2017-07-21,Ridge,1D,2,-0.0010643009954088,-5.5206605688403756e-05,Low
2017-07-24,Ridge,1D,2,0.002918907519898,-0.0003630699470738026,Low
2017-07-25,Ridge,1D,2,0.0002826240061194,-0.0004880844355889024,Low
2017-07-26,Ridge,1D,2,-0.0009731616373937,-4.975078824670097e-06,Low
2017-07-27,Ridge,1D,2,-0.001342015678116,-0.0005665841043271563,Low
2017-07-28,Ridge,1D,2,-0.0007284108345598,0.0003433242949599125,Low
2017-07-31,Ridge,1D,2,0.0024461207749384,0.00019088897807126531,Low
2017-08-01,Ridge,1D,2,0.0004925274073474,0.00020426655661429555,Low
2017-08-02,Ridge,1D,2,-0.0021860418349456,-4.0011787020470665e-05,Low
2017-08-03,Ridge,1D,2,0.0018873214175395,0.0004706224768866287,Low
2017-08-04,Ridge,1D,2,0.0016458446442804,0.0005154458609705933,Low
2017-08-07,Ridge,1D,3,-0.0024173522303853,0.00018968383449418172,Low
2017-08-08,Ridge,1D,3,-0.0003636747927123,-0.0003766373440601771,Low
2017-08-09,Ridge,1D,3,-0.0145802184007415,0.00011978823035719291,Low
2017-08-10,Ridge,1D,3,0.0012747571279871,-0.0022181787888939995,Low
2017-08-11,Ridge,1D,3,0.0099936512460494,0.001434070408930212,Low
2017-08-14,Ridge,1D,3,-0.0004989323268834,0.0016595930112709573,Low
2017-08-15,Ridge,1D,3,0.0014190955233323,0.0003430929442479738,Low
2017-08-16,Ridge,1D,3,-0.0155573424871914,0.00040602204153402353,Low
2017-08-17,Ridge,1D,3,-0.0018370536613519,-0.001244863955734586,Low
2017-08-18,Ridge,1D,3,0.0011619757145661,0.001498815336458171,Low
2017-08-21,Ridge,1D,3,0.009891695260625,0.0011490566260554038,Low
2017-08-22,Ridge,1D,3,-0.003459570132639,0.000879916448354481,Low
2017-08-23,Ridge,1D,3,-0.0020766167471384,-0.0007440689905173568,Low
2017-08-24,Ridge,1D,3,0.0016714716689374,0.00025164716967181644,Low
2017-08-25,Ridge,1D,3,0.000486953473296,0.0006388839461157623,Low
2017-08-28,Ridge,1D,3,0.0008424667620097,-0.00015580871618368192,Low
2017-08-29,Ridge,1D,3,0.004604531788061,-0.0004260916908412291,Low
2017-08-30,Ridge,1D,3,0.0057046735847135,6.805131295110575e-05,Low
2017-08-31,Ridge,1D,3,0.0019805780423351,-0.00015076345957573336,Low
2017-09-01,Ridge,1D,3,-0.0075794585521449,-0.00022966821742459372,Low
2017-09-05,Ridge,1D,3,0.0031238424931441,-0.0018078846298202843,Low
2017-09-06,Ridge,1D,3,-0.0001784520448537,0.000441375636106589,Low
2017-09-07,Ridge,1D,3,-0.0014899601434577,-0.00011227556710963389,Low
2017-09-08,Ridge,1D,3,0.010780975197147,0.00026644879556327056,Low
2017-09-11,Ridge,1D,3,0.0033583025948831,0.0006890475228467473,Low
2017-09-12,Ridge,1D,3,0.0007568342480825,-0.0008478805254547633,Low
2017-09-13,Ridge,1D,3,-0.0011013238508279,-0.0003630020397487387,Low
2017-09-14,Ridge,1D,3,0.0018454775461593,-0.00032797804564019376,Low
2017-09-15,Ridge,1D,3,0.0014548619291293,0.0003898773256742856,Low
2017-09-18,Ridge,1D,3,0.0011095796167313,0.00022274257958085147,Low
2017-09-19,Ridge,1D,3,0.0006341467023094,-0.00014087734559176986,Low
2017-09-20,Ridge,1D,3,-0.0030505659469148,-1.1643997804984996e-05,Low
2017-09-21,Ridge,1D,3,0.000647583995167,0.0004041245331575995,Low
2017-09-22,Ridge,1D,3,-0.0022245226998538,0.00021602280599287266,Low
2017-09-25,Ridge,1D,3,7.216412589487934e-05,-0.0004371460049579005,Low
2017-09-26,Ridge,1D,3,0.0040768224019879,0.00034831612866800734,Low
2017-09-27,Ridge,1D,3,0.001203890628938,0.00036552022918232897,Low
2017-09-28,Ridge,1D,3,0.0036982630684988,2.3677991037498157e-05,Low
2017-09-29,Ridge,1D,3,0.0038665188297123,-0.0002772705483623707,Low
2017-10-02,Ridge,1D,3,0.0021565111846609,-0.0002811799236812806,Low
2017-10-03,Ridge,1D,3,0.0012459436611136,5.711622235748503e-05,Low
2017-10-04,Ridge,1D,3,0.0056309040312927,-0.00025622906605151063,Low
2017-10-05,Ridge,1D,3,-0.0010742111652397,0.0002904098789587756,Low
2017-10-06,Ridge,1D,3,-0.0018060638680135,-0.0004831985804341536,Low
2017-10-09,Ridge,1D,3,0.002319719630478,-0.00047540366770850605,Low
2017-10-10,Ridge,1D,3,0.0018018829296635,0.0003540097649619892,Low
2017-10-11,Ridge,1D,3,-0.0016881771203513,0.00030053691866111626,Low
2017-10-12,Ridge,1D,3,0.0008777220048463,0.000259705494221383,Low
2017-10-13,Ridge,1D,3,0.0017492225323057,0.000506827737952504,Low
2017-10-16,Ridge,1D,3,0.0006723529054339,-0.00011830661009939195,Low
2017-10-17,Ridge,1D,3,0.0007420595113295,-0.00020227489541377737,Low
2017-10-18,Ridge,1D,3,0.0003279441150104,0.0004233640888916558,Low
2017-10-19,Ridge,1D,3,0.0051037961850303,0.00040005987384244667,Low
2017-10-20,Ridge,1D,3,-0.0039803953129971,0.0001299780212830459,Low
2017-10-23,Ridge,1D,3,0.001616600874558,-0.00029449247993804036,Low
2017-10-24,Ridge,1D,3,-0.0046739556872599,0.00040939765426083804,Low
2017-10-25,Ridge,1D,3,0.0012701392506023,0.0005604884837583041,Low
2017-10-26,Ridge,1D,3,0.008040609979727,0.00046099268110094086,Low
2017-10-27,Ridge,1D,3,-0.0031975773767407,0.0011761511358147109,Low
2017-10-30,Ridge,1D,3,0.0009440129366793,-0.0005793652974553044,Low
2017-10-31,Ridge,1D,3,0.0015908441079038,0.00041358131539921976,Low
2017-11-01,Ridge,1D,3,0.0001899477696667,0.00016110543118407264,Low
2017-11-02,Ridge,1D,3,0.0030922893263143,0.00018236880715012479,Low
2017-11-03,Ridge,1D,3,0.0012704438847764,0.0008679420674291408,Low
2017-11-06,Ridge,1D,3,-0.0001891208050819,-0.00029813508724809025,Low
2017-11-07,Ridge,1D,3,0.0014426139320604,-0.0003951769145504068,Low
2017-11-08,Ridge,1D,3,-0.0037689813393701,0.00013547627071416096,Low
2017-11-09,Ridge,1D,3,-0.0008980469760537,-0.00018873015586184835,Low
2017-11-10,Ridge,1D,3,0.000983150911293,-0.0001333728909226059,Low
2017-11-13,Ridge,1D,3,-0.0023122805602819,0.0002784850747356176,Low
2017-11-14,Ridge,1D,3,-0.0055409987421236,0.0004268986541353354,Low
2017-11-15,Ridge,1D,3,0.0081626527829724,-0.00011161059816773073,Low
2017-11-16,Ridge,1D,3,-0.0026294169788973,0.0013402518641147797,Low
2017-11-17,Ridge,1D,3,0.0012748698887901,0.00030231974710332506,Low
2017-11-20,Ridge,1D,3,0.0065198388797526,0.0010690185108200548,Low
2017-11-21,Ridge,1D,3,-0.0007505427033295,0.0006282141671542204,Low
2017-11-22,Ridge,1D,3,0.0020539842782319,3.0068062391271847e-05,Low
2017-11-24,Ridge,1D,3,-0.0003843315868032,0.0004500271606474442,Low
2017-11-27,Ridge,1D,3,0.0098003321967936,-0.0010038067662270368,Low
2017-11-28,Ridge,1D,3,-0.0003692938827907,-0.00013129761345705994,Low
2017-11-29,Ridge,1D,3,0.0081575866628111,-0.0006088200876785811,Low
2017-11-30,Ridge,1D,3,-0.0020265829358053,-0.0004167922981398011,Low
2017-12-01,Ridge,1D,3,-0.0010527105492864,0.0006561306355012176,Low
2017-12-04,Ridge,1D,3,-0.0037463905259553,0.0004869392883694958,Low
2017-12-05,Ridge,1D,3,-0.0001141121705303,0.0009721010437515536,Low
2017-12-06,Ridge,1D,3,0.0029280670101093,0.0006408794934337175,Low
2017-12-07,Ridge,1D,3,0.0054912020355181,0.0008249381389333085,Low
2017-12-08,Ridge,1D,3,0.0031968421216958,0.0006151694541983339,Low
2017-12-11,Ridge,1D,3,0.0015477237220895,7.704979503440348e-05,Low
2017-12-12,Ridge,1D,3,-0.0004730689701501,-0.0007547375564160767,Low
2017-12-13,Ridge,1D,3,-0.0040791677307626,-4.2557160998062354e-05,Low
2017-12-14,Ridge,1D,3,0.0089343134101427,0.000492230847876539,Low
2017-12-15,Ridge,1D,3,0.0053484785795975,0.00041324200026132696,Low
2017-12-18,Ridge,1D,3,-0.0032354980431185,3.5222319457774154e-09,Low
2017-12-19,Ridge,1D,3,-0.0008282360735725,-0.0002299361536923017,Low
2017-12-20,Ridge,1D,3,0.0019836870126583,0.00046403153979451286,Low
2017-12-21,Ridge,1D,3,-0.0004582716381137,0.00015632487163054216,Low
2017-12-22,Ridge,1D,3,-0.0010589757000585,-0.0001083414692529301,Low
2017-12-26,Ridge,1D,3,0.0007906283102422,-4.49113310777908e-05,Low
2017-12-27,Ridge,1D,3,0.0018323190029195,-0.000361782355068858,Low
2017-12-28,Ridge,1D,3,-0.0051966322927482,0.00036073688691035967,Low
2017-12-29,Ridge,1D,3,0.0082690782183981,-0.0004354502289881851,Low
2018-01-02,Ridge,1D,3,0.006378433243936,0.0009964006021899628,Low
2018-01-03,Ridge,1D,3,0.0040205428553269,0.0002999314709935856,Low
2018-01-04,Ridge,1D,3,0.0070091458885853,-0.00018370331729790097,Low
2018-01-05,Ridge,1D,3,0.0016609637672969,-0.00015670199783863673,Low
2018-01-08,Ridge,1D,3,0.0013020835172984,-0.0007811467485644285,Low
2018-01-09,Ridge,1D,3,-0.0011128458115206,-0.0008094483748098198,Low
2018-01-10,Ridge,1D,3,0.007009025768882,0.00013895469989815107,Low
2018-01-11,Ridge,1D,3,0.006726926399094,-0.00022494593851892533,Low
2018-01-12,Ridge,1D,3,-0.0035307132616026,-0.0004354803613071543,Low
2018-01-16,Ridge,1D,3,0.009371006206502,-0.00044705744150796127,Low
2018-01-17,Ridge,1D,3,-0.0016176974974736,-4.0297953377455877e-05,Low
2018-01-18,Ridge,1D,3,0.0043756479869901,-0.00022735643846893218,Low
2018-01-19,Ridge,1D,3,0.0080343643822132,0.0009020126717773566,Low
2018-01-22,Ridge,1D,3,0.0021720049682223,0.000244641464257622,Low
2018-01-23,Ridge,1D,3,-0.000560132547232,-0.00025436316387233195,Low
2018-01-24,Ridge,1D,3,0.0006024393988328,0.0002067774465133132,Low
2018-01-25,Ridge,1D,3,0.0117716381060841,0.00044339277565915586,Low
2018-01-26,Ridge,1D,3,-0.006754736284863,0.00040265237946751295,Low
2018-01-29,Ridge,1D,3,-0.010958642805337,-0.0016432295669787913,Low
2018-01-30,Ridge,1D,3,0.0004888658586947,0.0007410239104363018,Low
2018-01-31,Ridge,1D,3,-0.0006482983520233,0.0013291991375933411,Low
2018-02-01,Ridge,1D,3,-0.0214366805166988,0.00047301026545671775,Low
2018-02-02,Ridge,1D,3,-0.0418425409383814,-0.00015681389640041348,Normal
2018-02-05,Ridge,1D,3,0.017290573348937,0.000143165286830413,High
2018-02-06,Ridge,1D,3,-0.0050141382237526,0.001959991930540995,High
2018-02-07,Ridge,1D,3,-0.0382590522458017,0.0017943729316166595,High
2018-02-08,Ridge,1D,3,0.0148256451995243,0.00515155139427612,High
2018-02-09,Ridge,1D,3,0.0138186656781862,0.002490431146702198,High
2018-02-12,Ridge,1D,3,0.0026095219802775,-0.0002912267482779746,High
2018-02-13,Ridge,1D,3,0.013313439808897,2.1741891221695056e-05,High
2018-02-14,Ridge,1D,3,0.0119968617767752,-0.0011818998386913416,High
2018-02-15,Ridge,1D,3,0.0003733996499216,-0.0018488718960467264,High
2018-02-16,Ridge,1D,3,-0.0058585171068373,-0.0019104451484070614,High
2018-02-20,Ridge,1D,3,-0.0055116644833109,-0.001414081868884122,High
2018-02-21,Ridge,1D,3,0.0009730774855778,-0.0003812922750352331,High
2018-02-22,Ridge,1D,3,0.015901278245121,-0.0005290558748079833,High
2018-02-23,Ridge,1D,3,0.0116884386206273,-0.0012020726726695663,High
2018-02-26,Ridge,1D,3,-0.0127883114414675,-0.0025252432405631015,High
2018-02-27,Ridge,1D,3,-0.011157806083656,-0.0017017223431371107,High
2018-02-28,Ridge,1D,3,-0.0134139658548764,8.651394328615608e-05,High
2018-03-01,Ridge,1D,3,0.0050587854851985,0.0003210485050208683,High
2018-03-02,Ridge,1D,3,0.0109716176105265,-0.00018883186282800016,High
2018-03-05,Ridge,1D,3,0.0026353829319968,-6.714091845507299e-05,High
2018-03-06,Ridge,1D,3,-0.0004839918257163,0.0008291718000083704,High
2018-03-07,Ridge,1D,3,0.0044531482088846,-0.0013055714095094716,High
2018-03-08,Ridge,1D,3,0.0172295467412075,-0.0006973269608519463,High
2018-03-09,Ridge,1D,3,-0.0012747973379984,0.0008123529734960912,Normal
2018-03-12,Ridge,1D,3,-0.0063839104143147,-0.0018416434033586271,Normal
2018-03-13,Ridge,1D,3,-0.0057409698251887,-0.0004134606286957375,Normal
2018-03-14,Ridge,1D,3,-0.0007822363990965,-7.453828929075587e-05,Normal
2018-03-15,Ridge,1D,3,0.0017019979472317,-0.00035136302488836523,Normal
2018-03-16,Ridge,1D,3,-0.0143060405413734,-0.000852226215985551,Normal
2018-03-19,Ridge,1D,3,0.0014807086617189,-0.0001574187756815188,Normal
2018-03-20,Ridge,1D,3,-0.0018456921256294,0.0005728866965375801,Normal
2018-03-21,Ridge,1D,3,-0.0254848869728544,0.0003414532090182858,Normal
2018-03-22,Ridge,1D,3,-0.0211898073117506,0.0002799761853934614,High
2018-03-23,Ridge,1D,3,0.0267950407060353,0.0024389257843411456,High
2018-03-26,Ridge,1D,3,-0.0174272856453219,0.00024598738196277096,High
2018-03-27,Ridge,1D,3,-0.0029209188994626,0.001503678416035462,High
2018-03-28,Ridge,1D,3,0.0136757774938434,0.0014540514548937815,High
2018-03-29,Ridge,1D,3,-0.0225906823434958,0.0005406592919692589,High
2018-04-02,Ridge,1D,3,0.012535961315741,0.0004423617516037706,High
2018-04-03,Ridge,1D,3,0.0115001023464467,9.18771037316039e-05,High
2018-04-04,Ridge,1D,3,0.0068394214016512,-0.0009782869337659902,High
2018-04-05,Ridge,1D,3,-0.0221640670570649,-0.001168655465905731,High
2018-04-06,Ridge,1D,3,0.0033309949675928,-7.891890885765253e-05,High
2018-04-09,Ridge,1D,3,0.016588598996314,-0.000571246872617929,High
2018-04-10,Ridge,1D,3,-0.0055406857724611,-0.001126214763380937,High
2018-04-11,Ridge,1D,3,0.008216898697657,-0.0008710760695025501,High
2018-04-12,Ridge,1D,3,-0.0028907998267066,-0.0006414708389889364,High
2018-04-13,Ridge,1D,3,0.008076336801563,-0.0009816866300202138,High
2018-04-16,Ridge,1D,3,0.0106050716138667,-0.0015954796245733279,High
2018-04-17,Ridge,1D,3,0.0008310204075532,-0.0012202761983976785,High
2018-04-18,Ridge,1D,3,-0.0057425817958325,-0.002353564834944291,High
2018-04-19,Ridge,1D,3,-0.0085731771883527,-0.0015795853115463233,High
2018-04-20,Ridge,1D,3,5.623011118453955e-05,-5.0126753994783385e-05,High
2018-04-23,Ridge,1D,3,-0.0134708880064751,0.00035773436119549963,High
2018-04-24,Ridge,1D,3,0.0018353742328236,-0.0007141741184414864,High
2018-04-25,Ridge,1D,3,0.0103801441873769,0.0007821005046418405,High
2018-04-26,Ridge,1D,3,0.0011130052713638,-0.00023623462237989506,High
2018-04-27,Ridge,1D,3,-0.0082211925489212,-0.0011939523742411661,High
2018-04-30,Ridge,1D,3,0.0025458021710273,0.000614813364994322,Normal
2018-05-01,Ridge,1D,3,-0.0072319512014023,-0.0008577863658877688,Normal
2018-05-02,Ridge,1D,3,-0.002256217585064,-0.0009213313544649577,Normal
2018-05-03,Ridge,1D,3,0.0127298100283349,-0.00014048797802710864,Normal
2018-05-04,Ridge,1D,3,0.0034519805549899,0.0008806643973037292,Normal
2018-05-07,Ridge,1D,3,-0.0002656766117338,-0.000831947190553026,Normal
2018-05-08,Ridge,1D,3,0.0096356479348687,-0.001114189044590992,Normal
2018-05-09,Ridge,1D,3,0.0093270116038483,-0.00013159103783974145,Normal
2018-05-10,Ridge,1D,3,0.0017061392709612,-0.0014437020709171361,Normal
2018-05-11,Ridge,1D,3,0.0008830995101265,-0.0006440667327138635,Normal
2018-05-14,Ridge,1D,3,-0.0068656550439908,-0.0011822638968204137,Normal
2018-05-15,Ridge,1D,3,0.0040523398475144,-0.001843063772155537,Normal
2018-05-16,Ridge,1D,3,-0.0008562387886101,-8.037789731819172e-05,Normal
2018-05-17,Ridge,1D,3,-0.0026356652545503,-0.00037323022825270455,Normal
2018-05-18,Ridge,1D,3,0.0073596045479333,-9.95883767680064e-05,Normal
2018-05-21,Ridge,1D,3,-0.0031406885928751,-0.00015385673751845198,Normal
2018-05-22,Ridge,1D,3,0.0032431452068987,0.0001221181809882715,Low
2018-05-23,Ridge,1D,3,-0.0020252629577225,-0.00010024536431196541,Low
2018-05-24,Ridge,1D,3,-0.0023600030541859,-0.0005833459131110838,Low
2018-05-25,Ridge,1D,3,-0.0116315725117922,-0.0007290923562996404,Low
2018-05-29,Ridge,1D,3,0.0126158753519238,-0.001072281646695044,Low
2018-05-30,Ridge,1D,3,-0.0069033332434342,0.0006935646805628368,Normal
2018-05-31,Ridge,1D,3,0.0107907997092398,0.00010919930516209268,Normal
2018-06-01,Ridge,1D,3,0.0044695948983522,0.0006820247862357845,Normal
2018-06-04,Ridge,1D,3,0.0007023462695756,-0.0008019848480086749,Low
2018-06-05,Ridge,1D,3,0.0085309006373119,-0.0006573085000511996,Low
2018-06-06,Ridge,1D,3,-0.0007144436219845,-0.00029463556762915826,Normal
2018-06-07,Ridge,1D,3,0.0031210289077513,-0.0014753902132569586,Low
2018-06-08,Ridge,1D,3,0.0010681370069403,-0.001047547530599718,Low
2018-06-11,Ridge,1D,3,0.0017418672787038,-0.0009607590971470034,Low
2018-06-12,Ridge,1D,3,-0.0040342545414114,-0.000772578880473786,Low
2018-06-13,Ridge,1D,3,0.0024685005225036,-0.00043912524008724014,Low
2018-06-14,Ridge,1D,3,-0.001017620315494,-8.609591315559845e-05,Low
2018-06-15,Ridge,1D,3,-0.0021283911808865,-0.0006503807530279786,Low
2018-06-18,Ridge,1D,3,-0.0040315179513912,-0.0003473743377388531,Low
2018-06-19,Ridge,1D,3,0.0017106902241125,-0.0011600139953326218,Low
2018-06-20,Ridge,1D,3,-0.0063657288432202,0.0003355055849408889,Low
2018-06-21,Ridge,1D,3,0.0018602032551338,-0.0007393016917424517,Low
2018-06-22,Ridge,1D,3,-0.0138197229677706,0.00027114571818727135,Low
2018-06-25,Ridge,1D,3,0.0022021505056967,-0.0003156659213756152,Normal
2018-06-26,Ridge,1D,3,-0.0086415863131411,0.0016042246655075308,Low
2018-06-27,Ridge,1D,3,0.0061596800190312,0.00045095859447612783,Low
2018-06-28,Ridge,1D,3,0.000758115887517,0.0014710846790276769,Low
2018-06-29,Ridge,1D,3,0.0030632608342934,0.0006347319703102126,Low
2018-07-02,Ridge,1D,3,-0.0049596292805336,0.0003653003545998143,Low
2018-07-03,Ridge,1D,3,0.0085838567455378,0.0008097284612877955,Low
2018-07-05,Ridge,1D,3,0.0084455176005801,6.293389998716722e-05,Low
2018-07-06,Ridge,1D,3,0.0087842907853415,0.00048373933312718335,Low
2018-07-09,Ridge,1D,3,0.0034672493188218,-0.00042858896010720065,Low
2018-07-10,Ridge,1D,3,-0.0071194863719165,-0.0006605663853491062,Low
2018-07-11,Ridge,1D,3,0.0087109915801719,-0.0008467347713808165,Low
2018-07-12,Ridge,1D,3,0.0010786555366086,0.0004432692186390932,Low
2018-07-13,Ridge,1D,3,-0.0010286646208985,-0.0003290491174073095,Low
2018-07-16,Ridge,1D,3,0.0039658243434434,-0.0006602329489731424,Low
2018-07-17,Ridge,1D,3,0.0021581820767374,0.00022991815330781037,Low
2018-07-18,Ridge,1D,3,-0.0039608268490495,-0.0003868182884960865,Low
2018-07-19,Ridge,1D,3,-0.0009488977712743,-0.0006846351825604529,Low
2018-07-20,Ridge,1D,3,0.0018363623432315,0.00027587321096354366,Low
2018-07-23,Ridge,1D,3,0.0047695188860535,1.689796114905074e-05,Low
2018-07-24,Ridge,1D,3,0.0090604350703727,0.000695986131581541,Low
2018-07-25,Ridge,1D,3,-0.0030369027488673,-0.00016568336181939478,Low
2018-07-26,Ridge,1D,3,-0.0065838346448454,0.00021523715890104116,Low
2018-07-27,Ridge,1D,3,-0.0057707893155871,0.00011165207391707955,Low
2018-07-30,Ridge,1D,3,0.004872837219303,0.000186302322822561,Low
2018-07-31,Ridge,1D,3,-0.0010408930675711,0.0008301922614841377,Low
2018-08-01,Ridge,1D,3,0.0049143495822087,0.0005607249832643285,Low
2018-08-02,Ridge,1D,3,0.0046334320653479,0.00047285006568255664,Low
2018-08-03,Ridge,1D,3,0.0035319826508016,-6.628891185113438e-05,Low
2018-08-06,Ridge,1D,3,0.0028202017464857,-0.0002905462501822035,Low
2018-08-07,Ridge,1D,3,-0.0002624143932951,-0.00025513402721109364,Low
2018-08-08,Ridge,1D,3,-0.0014427146770399,0.00011750948131066484,Low
2018-08-09,Ridge,1D,3,-0.0071393122632444,-0.0005956202481640193,Low
2018-08-10,Ridge,1D,3,-0.0040140376659802,-0.0009758388580962225,Low
2018-08-13,Ridge,1D,3,0.0063689300164174,0.0002460281682909179,Low
2018-08-14,Ridge,1D,3,-0.0076312085813788,0.0009463477670650174,Low
2018-08-15,Ridge,1D,3,0.0078882145526381,-0.00016246708532089506,Low
2018-08-16,Ridge,1D,3,0.003317606375263,0.001239398087979429,Low
2018-08-17,Ridge,1D,3,0.0024250749021282,0.0004621114930007946,Low
2018-08-20,Ridge,1D,3,0.002066399954627,-5.98324612473088e-05,Low
2018-08-21,Ridge,1D,3,-0.0003982310542435,-0.0004391850000060239,Low
2018-08-22,Ridge,1D,3,-0.0016926939235351,-2.5992913767755056e-05,Low
2018-08-23,Ridge,1D,3,0.0061797059282853,0.0001814291793992256,Low
2018-08-24,Ridge,1D,3,0.0076411414071104,0.0005059965885686285,Low
2018-08-27,Ridge,1D,3,0.0002692420775983,-7.716485426575179e-05,Low
2018-08-28,Ridge,1D,3,0.0056852424689116,-0.00028378960868312837,Low
2018-08-29,Ridge,1D,3,-0.004440172044458,0.0002089542557194295,Low
2018-08-30,Ridge,1D,3,0.0001344684673049,-0.0006512043046866067,Low
2018-08-31,Ridge,1D,3,-0.0016556920488793,0.0005557576982040733,Low
2018-09-04,Ridge,1D,3,-0.0028070628012659,9.551685893618018e-05,Low
2018-09-05,Ridge,1D,4,-0.0036589910366181,0.00015676714726057755,Low
2018-09-06,Ridge,1D,4,-0.0022157978950144,0.0007385858086074138,Low
2018-09-07,Ridge,1D,4,0.0018960282146933,0.0007982979574541819,Low
2018-09-10,Ridge,1D,4,0.0037328656897154,0.001256943103615205,Low
2018-09-11,Ridge,1D,4,0.0003566083498935,0.0009940391973983702,Low
2018-09-12,Ridge,1D,4,0.0052683521593913,0.00014932564671079853,Low
2018-09-13,Ridge,1D,4,0.0002754439007663,0.0008750055694180021,Low
2018-09-14,Ridge,1D,4,-0.0055852909915492,0.00010670077018795106,Low
2018-09-17,Ridge,1D,4,0.0053546528676252,-0.000267002775490329,Low
2018-09-18,Ridge,1D,4,0.0012524880331719,0.0008165192176597914,Low
2018-09-19,Ridge,1D,4,0.007810014185329,0.0004979332627821203,Low
2018-09-20,Ridge,1D,4,-0.000368600937007,7.73562128539715e-05,Low
2018-09-21,Ridge,1D,4,-0.0035218823140138,-9.862633768827349e-05,Low
2018-09-24,Ridge,1D,4,-0.0013059484931179,-7.94149519545409e-05,Low
2018-09-25,Ridge,1D,4,-0.0032946996811599,9.581688719289603e-05,Low
2018-09-26,Ridge,1D,4,0.0027594762285113,0.0005369179748027167,Low
2018-09-27,Ridge,1D,4,-6.870144138179519e-06,0.0006761382520251039,Low
2018-09-28,Ridge,1D,4,0.0036344923421985,0.0005850859571805999,Low
2018-10-01,Ridge,1D,4,-0.000396768910279,0.0005717642873956348,Low
2018-10-02,Ridge,1D,4,0.0007112667367183,0.0003399881222180217,Low
2018-10-03,Ridge,1D,4,-0.0082030354210098,0.0008336999397493536,Low
2018-10-04,Ridge,1D,4,-0.0055433145846221,-0.0002719002643253159,Low
2018-10-05,Ridge,1D,4,-0.0003951947083496,0.0015317373811595532,Low
2018-10-08,Ridge,1D,4,-0.0014189098341542,0.0009108301629031181,Low
2018-10-09,Ridge,1D,4,-0.033416389042602,0.0009719613989531612,Low
2018-10-10,Ridge,1D,4,-0.0207875799725415,0.0013468843516336363,Normal
2018-10-11,Ridge,1D,4,0.0141062354083762,0.0038806016623873767,Normal
2018-10-12,Ridge,1D,4,-0.0059224822913,0.002094245986654881,Normal
2018-10-15,Ridge,1D,4,0.0212678280349012,0.0013095764616342879,Normal
2018-10-16,Ridge,1D,4,-0.0002526942626648,0.0004994416152914293,High
2018-10-17,Ridge,1D,4,-0.0144964905753411,-0.00042492487067858535,High
2018-10-18,Ridge,1D,4,-0.0003612351352793,-6.731722122297571e-05,High
2018-10-19,Ridge,1D,4,-0.0043087970964778,0.0009428214187296154,High
2018-10-22,Ridge,1D,4,-0.0055270761806941,0.0006449637701895986,High
2018-10-23,Ridge,1D,4,-0.0313507738611408,0.0007569936737724101,High
2018-10-24,Ridge,1D,4,0.0184537179787141,0.002804039524847363,High
2018-10-25,Ridge,1D,4,-0.0174791380100031,0.001316176276273537,High
2018-10-26,Ridge,1D,4,-0.0065812082951939,0.000938626476579636,High
2018-10-29,Ridge,1D,4,0.0155453229718774,0.00282566344835461,High
2018-10-30,Ridge,1D,4,0.010792878754571,0.00032801539013793506,High
2018-10-31,Ridge,1D,4,0.0105024988685292,-0.000854033400045951,High
2018-11-01,Ridge,1D,4,-0.0063367210558797,-0.0005438617282294698,High
2018-11-02,Ridge,1D,4,0.0055846936971941,-0.00011602435216873504,High
2018-11-05,Ridge,1D,4,0.0062397877444086,-0.0008622574568342385,High
2018-11-06,Ridge,1D,4,0.020987078560774,-0.0011610348365724298,High
2018-11-07,Ridge,1D,4,-0.0025120689884914,0.00012145194751651719,High
2018-11-08,Ridge,1D,4,-0.0092415859153724,-0.0007201891780368211,High
2018-11-09,Ridge,1D,4,-0.0198981509854674,-0.0011017925524645228,High
2018-11-12,Ridge,1D,4,-0.0014830188221738,0.0006027928056352879,High
2018-11-13,Ridge,1D,4,-0.0075961888184505,5.548723427025668e-05,High
2018-11-14,Ridge,1D,4,0.0105380327426419,0.001177908599848401,High
2018-11-15,Ridge,1D,4,0.0022208375374839,0.0011546110742620286,High
2018-11-16,Ridge,1D,4,-0.0167831612357214,-0.0002613302262490687,High
2018-11-19,Ridge,1D,4,-0.0183179955565859,0.00045849574357104014,High
2018-11-20,Ridge,1D,4,0.0030386693107672,0.0008571506832930227,High
2018-11-21,Ridge,1D,4,-0.0065764197118556,0.002064971821922601,High
2018-11-23,Ridge,1D,4,0.0154129758453664,-5.238810014185683e-06,High
2018-11-26,Ridge,1D,4,0.0032563843646126,0.00033350194413537084,High
2018-11-27,Ridge,1D,4,0.0227140513031137,-0.00029203514982036386,High
2018-11-28,Ridge,1D,4,-0.0021854945453934,-0.001173823174467542,High
2018-11-29,Ridge,1D,4,0.0081375477166175,-0.001289239339577477,High
2018-11-30,Ridge,1D,4,0.0108820017943624,-0.0012980829654435488,High
2018-12-03,Ridge,1D,4,-0.0329002288385561,-0.0004546733045739253,High
2018-12-04,Ridge,1D,4,-0.0015233879141442,-9.815181753140313e-05,High
2018-12-06,Ridge,1D,4,-0.0235963354563222,0.0008681040137673265,High
2018-12-07,Ridge,1D,4,0.0017606032229163,0.0011978593209460793,High
2018-12-10,Ridge,1D,4,-0.0003564096753056,0.0015511828863407212,High
2018-12-11,Ridge,1D,4,0.0054048710103512,0.0014342432806784123,High
2018-12-12,Ridge,1D,4,-0.000199950312415,0.0008293919045588128,High
2018-12-13,Ridge,1D,4,-0.0192712122686998,8.973539350365771e-05,High
2018-12-14,Ridge,1D,4,-0.0209922848285766,0.0005542846212759579,High
2018-12-17,Ridge,1D,4,8.639685378910398e-05,0.0014816847680535275,High
2018-12-18,Ridge,1D,4,-0.0155154591759368,0.0014349967542146135,High
2018-12-19,Ridge,1D,4,-0.0158978094841039,0.0029572241988399363,High
2018-12-20,Ridge,1D,4,-0.0208031204985406,0.0033655393149067247,High
2018-12-21,Ridge,1D,4,-0.0274865728783144,0.003457398186031071,High
2018-12-24,Ridge,1D,4,0.048403177670805,0.0049253121190792415,High
2018-12-26,Ridge,1D,4,0.0085262289688169,-0.00039951291237664405,High
2018-12-27,Ridge,1D,4,-0.0012423539102312,-0.0006573444328013409,High
2018-12-28,Ridge,1D,4,0.0084566258622068,-0.0007993556216672684,High
2018-12-31,Ridge,1D,4,0.0012676930626261,-0.0011577686192527463,High
2019-01-02,Ridge,1D,4,-0.0250683318189151,-0.0021416848847176507,High
2019-01-03,Ridge,1D,4,0.0337593990603464,-0.00024323818308602454,High
2019-01-04,Ridge,1D,4,0.0069859759952297,8.581187027359492e-06,High
2019-01-07,Ridge,1D,4,0.0096485873364973,-0.002287916000803623,High
2019-01-08,Ridge,1D,4,0.0040896713328221,-0.0008805392258379069,High
2019-01-09,Ridge,1D,4,0.0045082413744622,-0.002022143330908426,High
2019-01-10,Ridge,1D,4,-0.0001463085444824,-0.0022523736985825046,High
2019-01-11,Ridge,1D,4,-0.0052713945872494,-0.002267823659684459,High
2019-01-14,Ridge,1D,4,0.010664618879761,-0.0021003707075474155,High
2019-01-15,Ridge,1D,4,0.0022195205290883,-0.001088171524928043,High
2019-01-16,Ridge,1D,4,0.0075627307062357,-0.0013942236402943596,High
2019-01-17,Ridge,1D,4,0.0130969128398557,-0.0015847403623707374,High
2019-01-18,Ridge,1D,4,-0.0142584768279724,-0.0015187899130369282,High
2019-01-22,Ridge,1D,4,0.0022004899194508,-0.001072856118097632,High
2019-01-23,Ridge,1D,4,0.0013747801109775,0.0005348185095975469,High
2019-01-24,Ridge,1D,4,0.008452867700518,9.366358115249398e-05,High
2019-01-25,Ridge,1D,4,-0.0078777758487088,-0.0022911722232602594,High
2019-01-28,Ridge,1D,4,-0.0014573079351148,-0.0011831851213723178,High
2019-01-29,Ridge,1D,4,0.01542960989156,-0.0002704312859333534,High
2019-01-30,Ridge,1D,4,0.0085606488097677,-0.0008000190517693117,High
2019-01-31,Ridge,1D,4,0.0008982065848071,-0.0013366752619001715,High
2019-02-01,Ridge,1D,4,0.0067533811174796,0.00021094146928550352,Normal
2019-02-04,Ridge,1D,4,0.0046973704373502,-0.0016744581175414004,Normal
2019-02-05,Ridge,1D,4,-0.0022269157175087,-0.0012653752155903624,Normal
2019-02-06,Ridge,1D,4,-0.0094011932022302,-0.0008986263104937073,Normal
2019-02-07,Ridge,1D,4,0.0006759725660127,-0.00047791533763558375,Normal
2019-02-08,Ridge,1D,4,0.0007088518038183,-0.00015661521798678165,Normal
2019-02-11,Ridge,1D,4,0.0128078529028386,-0.00045642626750384775,Normal
2019-02-12,Ridge,1D,4,0.0030194315937109,-0.00035310606996512555,Normal
2019-02-13,Ridge,1D,4,-0.0026551633836986,-0.0013700687943731587,Normal
2019-02-14,Ridge,1D,4,0.0108200046649575,-0.000807694629824206,Normal
2019-02-15,Ridge,1D,4,0.001497621326592,-0.0008196620240165665,Normal
2019-02-19,Ridge,1D,4,0.0017755335607409,-0.0016122712487459273,Normal
2019-02-20,Ridge,1D,4,-0.0035326693258413,-6.900784747151018e-05,Low
2019-02-21,Ridge,1D,4,0.0063906386947104,-0.0008212499491919754,Low
2019-02-22,Ridge,1D,4,0.0012311044497517,-0.0005643738463665758,Normal
2019-02-25,Ridge,1D,4,-0.0007907696728402,-0.0015638390540865018,Low
2019-02-26,Ridge,1D,4,-0.000544197436298,-0.0003431264976956616,Low
2019-02-27,Ridge,1D,4,-0.0028295075989504,-0.00011464594069657649,Low
2019-02-28,Ridge,1D,4,0.006871656588713,-0.0010107567092343945,Low
2019-03-01,Ridge,1D,4,-0.0038881073952551,-0.00015665467838906757,Low
2019-03-04,Ridge,1D,4,-0.0011321734897068,-0.00020860081971435865,Low
2019-03-05,Ridge,1D,4,-0.006545473604125,-0.00039726070414462355,Low
2019-03-06,Ridge,1D,4,-0.0081589111383311,-0.00038823585235306325,Low
2019-03-07,Ridge,1D,4,-0.0021339641314536,0.00029542406688744764,Low
2019-03-08,Ridge,1D,4,0.0145595355634894,0.0007586636570518442,Low
2019-03-11,Ridge,1D,4,0.0029489657278051,4.7183651952528054e-05,Low
2019-03-12,Ridge,1D,4,0.0069255467570192,-0.0007023359796874538,Low
2019-03-13,Ridge,1D,4,-0.0008683993315961,-0.0010864247402966017,Low
2019-03-14,Ridge,1D,4,0.0049725194084307,-0.0010919986733616649,Low
2019-03-15,Ridge,1D,4,0.003699096798908,-0.0009319726143558546,Low
2019-03-18,Ridge,1D,4,-0.0001305700799267,-0.0012766097477908962,Low
2019-03-19,Ridge,1D,4,-0.0029486967407696,-0.0007608221832801696,Low
2019-03-20,Ridge,1D,4,0.0107940154946893,-0.00048093453728763997,Low
2019-03-21,Ridge,1D,4,-0.0191568271342732,-0.00033960222404215196,Low
2019-03-22,Ridge,1D,4,-0.00083937283331,-0.0012642709462961908,Normal
2019-03-25,Ridge,1D,4,0.007157052947934,0.0007125401601245323,Normal
2019-03-26,Ridge,1D,4,-0.0046551432765988,0.00040963192267642456,Normal
2019-03-27,Ridge,1D,4,0.0035830547152617,-4.086005293347286e-05,Normal
2019-03-28,Ridge,1D,4,0.0067117060433246,0.0003569779657099771,Normal
2019-03-29,Ridge,1D,4,0.0115021955180444,-0.0007911505346287045,Normal
2019-04-01,Ridge,1D,4,1.7455554858152623e-05,-0.0007028341569985257,Normal
2019-04-02,Ridge,1D,4,0.0021460724200891,-0.00060729900816401,Normal
2019-04-03,Ridge,1D,4,0.0020824652429942,-0.00031948045870130505,Normal
2019-04-04,Ridge,1D,4,0.0046257176230991,1.606956969505335e-05,Normal
2019-04-05,Ridge,1D,4,0.0010469117505236,-0.00013115570502509894,Normal
2019-04-08,Ridge,1D,4,-0.0060859764356695,-0.0009998419694022351,Low
2019-04-09,Ridge,1D,4,0.0034718377544999,-0.000627950919769174,Normal
2019-04-10,Ridge,1D,4,3.8122340342693696e-05,7.629904718898205e-06,Normal
2019-04-11,Ridge,1D,4,0.0065875783895457,-5.8300944275669546e-05,Normal
2019-04-12,Ridge,1D,4,-0.0006295672443571,-0.00019127083732208038,Normal
2019-04-15,Ridge,1D,4,0.0005092283251399,-0.0006237134317837086,Normal
2019-04-16,Ridge,1D,4,-0.0022764008207388,-0.00019200756524693824,Normal
2019-04-17,Ridge,1D,4,0.0015778468242496,-7.028654257912174e-05,Normal
2019-04-18,Ridge,1D,4,0.0010115058169329,-0.00020193303780158365,Low
2019-04-22,Ridge,1D,4,0.0088023511749953,0.000572211675407608,Low
2019-04-23,Ridge,1D,4,-0.0021941686030362,4.7204720739838976e-05,Low
2019-04-24,Ridge,1D,4,-0.0003690417402728,-0.0006676386932732969,Low
2019-04-25,Ridge,1D,4,0.0046743503233048,0.0005433049333807706,Low
2019-04-26,Ridge,1D,4,0.0010709485042338,0.000389144589715564,Low
2019-04-29,Ridge,1D,4,0.0009509646987914,-0.00030519895295150884,Low
2019-04-30,Ridge,1D,4,-0.0075304458502913,-5.008680861570751e-05,Low
2019-05-01,Ridge,1D,4,-0.0021262446486827,0.00032966440208526175,Low
2019-05-02,Ridge,1D,4,0.0095921274789174,0.0011303053290712345,Low
2019-05-03,Ridge,1D,4,-0.0044810131890725,0.0008658944473453984,Low
2019-05-06,Ridge,1D,4,-0.0166494880889055,-0.0009487629392222243,Low
2019-05-07,Ridge,1D,4,-0.0016067153894199,0.0005539072252901353,Low
2019-05-08,Ridge,1D,4,-0.0030259986619282,0.001809765917241872,Low
2019-05-09,Ridge,1D,4,0.0037133940699186,0.0012797029547089809,Low
2019-05-10,Ridge,1D,4,-0.0244264691384975,0.0019450837019913815,Low
2019-05-13,Ridge,1D,4,0.007983987523216,1.0094709494367217e-05,Normal
2019-05-14,Ridge,1D,4,0.005821994327723,0.0016167845298797126,Normal
2019-05-15,Ridge,1D,4,0.008855957116499,0.0005576364216157057,Normal
2019-05-16,Ridge,1D,4,-0.0058544371740438,0.000333762891094042,Normal
2019-05-17,Ridge,1D,4,-0.0067722579754053,-0.00011343382360970233,Normal
2019-05-20,Ridge,1D,4,0.0084599490931906,1.867698169136158e-05,Normal
2019-05-21,Ridge,1D,4,-0.0028283923638994,-8.512027747453564e-05,Normal
2019-05-22,Ridge,1D,4,-0.0119856922412819,-0.0002682088717194178,Normal
2019-05-23,Ridge,1D,4,0.0013526437720373,-0.0002658378325150956,Normal
2019-05-24,Ridge,1D,4,-0.0084109500002602,0.0006767123545152715,Normal
2019-05-28,Ridge,1D,4,-0.0069359101672313,2.2237925310373934e-05,Normal
2019-05-29,Ridge,1D,4,0.002096272674997,0.0007316064789075907,Normal
2019-05-30,Ridge,1D,4,-0.0132832052504529,0.000939333882649204,Normal
2019-05-31,Ridge,1D,4,-0.0027690706543079,9.361999841884489e-05,Normal
2019-06-03,Ridge,1D,4,0.0212059270810777,0.0007916771062858798,Normal
2019-06-04,Ridge,1D,4,0.0081287269788136,0.0002695799258690806,High
2019-06-05,Ridge,1D,4,0.0061168406760044,2.4344370686005474e-05,Normal
2019-06-06,Ridge,1D,4,0.01044297924726,-0.0004189482887154574,High
2019-06-07,Ridge,1D,4,0.0046492200747654,-0.0007541192225993012,High
2019-06-10,Ridge,1D,4,-0.0003499414579512,-0.0010048444696653573,High
2019-06-11,Ridge,1D,4,-0.0020396578272374,0.0008476427897218186,Normal
2019-06-12,Ridge,1D,4,0.0040890105028501,-0.00030687411963153,Normal
2019-06-13,Ridge,1D,4,-0.0016128117861529,-0.0003866470705807914,Normal
2019-06-14,Ridge,1D,4,0.0009313154323528,-0.0003512299315906297,Normal
2019-06-17,Ridge,1D,4,0.0096704895929706,0.00011195423022966435,Normal
2019-06-18,Ridge,1D,4,0.0029807167930238,7.982610028187684e-05,Normal
2019-06-19,Ridge,1D,4,0.0094276053358731,-0.00046409662451528876,Normal
2019-06-20,Ridge,1D,4,-0.0012600162797279,-0.00038267128697460034,Normal
2019-06-21,Ridge,1D,4,-0.001733388460587,-0.00023913225865278265,Normal
2019-06-24,Ridge,1D,4,-0.0095417756403875,0.00017084918547703238,Normal
2019-06-25,Ridge,1D,4,-0.0012346956788039,0.0007165003371202099,Normal
2019-06-26,Ridge,1D,4,0.0038158857925908,0.001104616750291034,Normal
2019-06-27,Ridge,1D,4,0.0057409418405996,0.0004215737837996779,Normal
2019-06-28,Ridge,1D,4,0.0076430186109539,0.0005359301506000273,Normal
2019-07-01,Ridge,1D,4,0.0029238472769886,0.0009915979418961144,Low
2019-07-02,Ridge,1D,4,0.0076430956606841,-0.00034816608426194303,Low
2019-07-03,Ridge,1D,4,-0.0018075342045486,-0.00018189801620152742,Low
2019-07-05,Ridge,1D,4,-0.0048471730101237,-0.0007690802961226748,Low
2019-07-08,Ridge,1D,4,0.0012357930584538,-0.0005616809872744554,Low
2019-07-09,Ridge,1D,4,0.0045005469360826,6.64890839088833e-05,Low
2019-07-10,Ridge,1D,4,0.0022826195789485,0.0005701563706312338,Low
2019-07-11,Ridge,1D,4,0.0046095343020665,0.00018176902882336226,Low
2019-07-12,Ridge,1D,4,0.0001758537283841,6.450327395391363e-06,Low
2019-07-15,Ridge,1D,4,-0.0034095845550103,-0.0002483064325879724,Low
2019-07-16,Ridge,1D,4,-0.0065526654660931,-7.044257117175929e-05,Low
2019-07-17,Ridge,1D,4,0.003575597708819,-0.00021478218915640837,Low
2019-07-18,Ridge,1D,4,-0.0061958894648446,0.0004495664528812238,Low
2019-07-19,Ridge,1D,4,0.0028247016862503,0.0001187669500502137,Low
2019-07-22,Ridge,1D,4,0.0068241451392764,0.0008461289698367472,Low
2019-07-23,Ridge,1D,4,0.0046771928134757,0.0003696078040648453,Low
2019-07-24,Ridge,1D,4,-0.0052762964835995,0.00033951937725858194,Low
2019-07-25,Ridge,1D,4,0.007360535770783,-0.00015274327351384514,Low
2019-07-26,Ridge,1D,4,-0.0016174219290574,0.0001430104280900545,Low
2019-07-29,Ridge,1D,4,-0.0025819853720443,-0.0007536772818752512,Low
2019-07-30,Ridge,1D,4,-0.0109452069521399,-0.0006259170653115821,Low
2019-07-31,Ridge,1D,4,-0.009039527568806,0.0004743671960496064,Low
2019-08-01,Ridge,1D,4,-0.0073093885395651,0.001318118153665315,Low
2019-08-02,Ridge,1D,4,-0.0302301821696947,0.0016453166646505746,Low
2019-08-05,Ridge,1D,4,0.0129330239111666,0.0016480703952173555,Normal
2019-08-06,Ridge,1D,4,0.0007665823338588,0.001628884625283252,Normal
2019-08-07,Ridge,1D,4,0.018588462466865,0.0006817982395267911,Normal
2019-08-08,Ridge,1D,4,-0.0066385931336571,0.00021772115351382582,High
2019-08-09,Ridge,1D,4,-0.0123938091159153,-0.00037179550768792627,High
2019-08-12,Ridge,1D,4,0.0150183462673018,8.29752197244589e-05,High
2019-08-13,Ridge,1D,4,-0.0297303524545356,0.0005702704235327155,High
2019-08-14,Ridge,1D,4,0.0024612366981802,3.335811768113929e-05,High
2019-08-15,Ridge,1D,4,0.014323058172245,0.0011323786789403647,High
2019-08-16,Ridge,1D,4,0.0120331755643975,1.2866428201804034e-05,High
2019-08-19,Ridge,1D,4,-0.0079462153121154,-0.0010911624921597792,High
2019-08-20,Ridge,1D,4,0.0082129795573529,-0.0009534368654028654,High
2019-08-21,Ridge,1D,4,-0.0005062029592785,-0.001069850109735713,High
2019-08-22,Ridge,1D,4,-0.0262888811228378,-0.0011046469476867688,High
2019-08-23,Ridge,1D,4,0.0109231127307978,6.270458804256474e-06,High
2019-08-26,Ridge,1D,4,-0.0032083218005562,0.00021800280622152863,High
2019-08-27,Ridge,1D,4,0.0065241515305625,-0.0004983577417738097,High
2019-08-28,Ridge,1D,4,0.0126074824410943,9.7628744791975e-05,High
2019-08-29,Ridge,1D,4,0.0006425807598767,-0.0005041308024920626,High
2019-08-30,Ridge,1D,4,-0.0069230093326854,-0.0010525512289623193,High
2019-09-03,Ridge,1D,4,0.0107837252784214,0.0005559028736243762,High
2019-09-04,Ridge,1D,4,0.0129259129217597,-0.0008374884096586263,High
2019-09-05,Ridge,1D,4,0.0009101908043767,-0.0012153344679868084,High
2019-09-06,Ridge,1D,4,-9.401467889992668e-05,-0.0015758146848985225,High
2019-09-09,Ridge,1D,4,0.000322252425931,-0.0008992645506449402,High
2019-09-10,Ridge,1D,4,0.0072036723263872,-0.0006385091746872955,High
2019-09-11,Ridge,1D,4,0.0028750162782333,-0.0013452824488609794,High
2019-09-12,Ridge,1D,4,-0.000724676876966,0.00047577817317263373,Normal
2019-09-13,Ridge,1D,4,-0.0031405129163559,-0.0005214227860692395,Normal
2019-09-16,Ridge,1D,4,0.0025784253724619,-0.0015448612311260942,Normal
2019-09-17,Ridge,1D,4,0.0003426332842671,-0.0008379018730941455,Normal
2019-09-18,Ridge,1D,4,1.9974521929475905e-05,0.00011989354912048567,Normal
2019-09-19,Ridge,1D,4,-0.0049075991048803,-0.0006716180103044759,Normal
2019-09-20,Ridge,1D,4,-9.694061782751376e-05,-0.000871416633012144,Normal
2019-09-23,Ridge,1D,4,-0.0084519889635514,0.001429398403653167,Low
2019-09-24,Ridge,1D,4,0.0061396852419639,6.604241731540691e-05,Low
2019-09-25,Ridge,1D,4,-0.0024318710096131,0.001130832828165505,Low
2019-09-26,Ridge,1D,4,-0.0053305345791285,0.00017400663473993212,Low
2019-09-27,Ridge,1D,4,0.0050349102152483,0.00038990883485579984,Low
2019-09-30,Ridge,1D,4,-0.0123341269454128,0.0005871576390562563,Low
2019-10-01,Ridge,1D,4,-0.0180654041876438,0.0009585712868773602,Low
2019-10-02,Ridge,1D,4,0.0079403047738667,0.0013187505356328237,Normal
2019-10-03,Ridge,1D,4,0.0141167852392592,0.0012167343707922334,Low
2019-10-04,Ridge,1D,5,-0.0044883522736815,0.0002550461445619172,Normal
2019-10-07,Ridge,1D,5,-0.0156831595521099,8.976288066178009e-05,Normal
2019-10-08,Ridge,1D,5,0.0090632965148459,0.0006590807052151465,Normal
2019-10-09,Ridge,1D,5,0.0063952024117826,0.0003997432795696534,Normal
2019-10-10,Ridge,1D,5,0.010879579673789,-0.00032557775794978195,Normal
2019-10-11,Ridge,1D,5,-0.0013880816732189,-4.6309392330544266e-05,Normal
2019-10-14,Ridge,1D,5,0.0099064453764891,-0.00027029251503933924,Normal
2019-10-15,Ridge,1D,5,-0.0020015445531937,-0.0009539513138688558,Normal
2019-10-16,Ridge,1D,5,0.0027590219697752,-0.0011664146084057365,Normal
2019-10-17,Ridge,1D,5,-0.0039270457097998,-0.0007315159843866786,Normal
2019-10-18,Ridge,1D,5,0.0068481141053337,-0.0005186286695238206,Normal
2019-10-21,Ridge,1D,5,-0.0035750492583768,-0.0006143241538762282,Normal
2019-10-22,Ridge,1D,5,0.0028431033458307,-0.00039745498608988254,Normal
2019-10-23,Ridge,1D,5,0.0019186046591713,-0.0006138496699136596,Normal
2019-10-24,Ridge,1D,5,0.004064429510656,-0.0004805407071845667,Normal
2019-10-25,Ridge,1D,5,0.0055658199161177,-0.00026750938238992184,Normal
2019-10-28,Ridge,1D,5,-0.0008327519564807,-0.0013612553281187412,Normal
2019-10-29,Ridge,1D,5,0.0032480894008573,-0.000504987509508436,Normal
2019-10-30,Ridge,1D,5,-0.003027438634539,0.00048441818073266985,Normal
2019-10-31,Ridge,1D,5,0.0096159305596475,-0.001046747876031315,Normal
2019-11-01,Ridge,1D,5,0.0036972458053124,-0.000483295825637494,Low
2019-11-04,Ridge,1D,5,-0.0011864027118206,-0.0007555035546629304,Low
2019-11-05,Ridge,1D,5,0.0007022505922896,0.0001895478492190502,Low
2019-11-06,Ridge,1D,5,0.0027263752442806,-0.0001145814613224904,Low
2019-11-07,Ridge,1D,5,0.0025574031451158,-0.0002750698360632721,Low
2019-11-08,Ridge,1D,5,-0.0019643954133371,-0.00011992100970829026,Low
2019-11-11,Ridge,1D,5,0.001563423301263,-0.00025443030546448746,Low
2019-11-12,Ridge,1D,5,0.0007112815701162,-0.00020991405942119465,Low
2019-11-13,Ridge,1D,5,0.0008366926144567,8.308369130647167e-06,Low
2019-11-14,Ridge,1D,5,0.0076660287779731,8.350399503301894e-05,Low
2019-11-15,Ridge,1D,5,0.0005030263228096,0.0005610000041164788,Low
2019-11-18,Ridge,1D,5,-0.0005927700996925,-0.0005510587429056395,Low
2019-11-19,Ridge,1D,5,-0.003763256420941,0.0002136228746859761,Low
2019-11-20,Ridge,1D,5,-0.0015840060861895,0.0003695368167967654,Low
2019-11-21,Ridge,1D,5,0.0021725739423759,0.0003149622873169567,Low
2019-11-22,Ridge,1D,5,0.0074792518874672,0.0006944245323644209,Low
2019-11-25,Ridge,1D,5,0.0021931636449402,7.653295873765869e-05,Low
2019-11-26,Ridge,1D,5,0.0041657356252997,-5.7878699946010634e-05,Low
2019-11-27,Ridge,1D,5,-0.004019286229989,-0.00011402128131362735,Low
2019-11-29,Ridge,1D,5,-0.0086684836939636,3.7187367928609287e-06,Low
2019-12-02,Ridge,1D,5,-0.0066602252580451,-0.0007909732658149887,Low
2019-12-03,Ridge,1D,5,0.0063036576087699,0.0005911325501944574,Low
2019-12-04,Ridge,1D,5,0.0014991269266302,0.001110388390075356,Low
2019-12-05,Ridge,1D,5,0.009094246030426,0.0006727762667773775,Low
2019-12-06,Ridge,1D,5,-0.0031678336844743,0.0004916808714384026,Low
2019-12-09,Ridge,1D,5,-0.0010975361689841,-0.0006438699199920364,Low
2019-12-10,Ridge,1D,5,0.0029039375293507,0.0006671864575501457,Low
2019-12-11,Ridge,1D,5,0.008538667375555,0.0005088372584340903,Low
2019-12-12,Ridge,1D,5,7.25791502146863e-05,0.00030557359210074003,Low
2019-12-13,Ridge,1D,5,0.0071223609425427,0.0005206206866798618,Low
2019-12-16,Ridge,1D,5,0.0003352360284609,-0.0002232673092556231,Low
2019-12-17,Ridge,1D,5,-0.0004323936405227,-0.00040384072365291036,Low
2019-12-18,Ridge,1D,5,0.0044493788218642,-0.0002415659199403491,Low
2019-12-19,Ridge,1D,5,0.004932595804334,0.0001309411425072824,Low
2019-12-20,Ridge,1D,5,0.0008657687142985,-0.0004961580043875318,Low
2019-12-23,Ridge,1D,5,-0.0001954673024681,2.8254194564307717e-05,Low
2019-12-24,Ridge,1D,5,0.0051150624100539,1.9438688847901557e-05,Low
2019-12-26,Ridge,1D,5,3.3984139657930306e-05,-0.000542086252220194,Low
2019-12-27,Ridge,1D,5,-0.0057975960793499,-0.0005036868606206925,Low
2019-12-30,Ridge,1D,5,0.0029416906441907,9.978619294700761e-05,Low
2019-12-31,Ridge,1D,5,0.0083438953623167,0.0011992279355315558,Low
2020-01-02,Ridge,1D,5,-0.0070849093649545,0.0008507949188341706,Low
2020-01-03,Ridge,1D,5,0.0035271451942725,-0.0005852080095852127,Low
2020-01-06,Ridge,1D,5,-0.0028071750845948,0.0006572930824603714,Low
2020-01-07,Ridge,1D,5,0.0048904734856411,0.00020171859186047148,Low
2020-01-08,Ridge,1D,5,0.0066332141169064,0.0008108483676403583,Low
2020-01-09,Ridge,1D,5,-0.0028592624875049,0.0006588408632559075,Low
2020-01-10,Ridge,1D,5,0.0069519940459332,0.0003239344343755466,Low
2020-01-13,Ridge,1D,5,-0.0015156808368957,7.367410252636595e-05,Low
2020-01-14,Ridge,1D,5,0.0018684502436879,4.4975203150648426e-05,Low
2020-01-15,Ridge,1D,5,0.008331747422232,6.08366876674727e-05,Low
2020-01-16,Ridge,1D,5,0.0038547232474851,0.00018236903076151927,Low
2020-01-17,Ridge,1D,5,-0.0026555003695853,-3.7566497696921164e-05,Low
2020-01-21,Ridge,1D,5,0.000289034296681,-0.0003836181699269385,Low
2020-01-22,Ridge,1D,5,0.0011403261933582,0.0003175248066232568,Low
2020-01-23,Ridge,1D,5,-0.0090832894261937,0.0002536704969999799,Low
2020-01-24,Ridge,1D,5,-0.015855752356844,0.000492162314587466,Low
2020-01-27,Ridge,1D,5,0.0100033835003525,-2.1322393709530794e-05,Low
2020-01-28,Ridge,1D,5,-0.0008672501435846,0.0014476232674136371,Normal
2020-01-29,Ridge,1D,5,0.003129456930211,0.0008820218214229294,Low
2020-01-30,Ridge,1D,5,-0.0178644435713629,0.0008674176450230906,Low
2020-01-31,Ridge,1D,5,0.0072284257612325,0.00048205982763757383,Normal
2020-02-03,Ridge,1D,5,0.014869315917506,0.0015329466135919976,Normal
2020-02-04,Ridge,1D,5,0.0111877786589729,0.00026479161088974136,Normal
2020-02-05,Ridge,1D,5,0.0033201550570019,-1.3825400398223228e-05,Normal
2020-02-06,Ridge,1D,5,-0.0054154910094583,-0.00034624705878880195,Normal
2020-02-07,Ridge,1D,5,0.0072996901205732,-0.0005800182532157733,Normal
2020-02-10,Ridge,1D,5,0.0016870486860021,6.535333388686546e-05,Normal
2020-02-11,Ridge,1D,5,0.006441853105203,-0.0004618814840216768,Normal
2020-02-12,Ridge,1D,5,-0.0016317763599886,8.963322130025832e-05,Normal
2020-02-13,Ridge,1D,5,0.0018418360984854,-0.00042994834643897596,Normal
2020-02-14,Ridge,1D,5,-0.0029242139861477,-0.00038098719806796893,Normal
2020-02-18,Ridge,1D,5,0.0046947482842849,-0.0007398508349633643,Normal
2020-02-19,Ridge,1D,5,-0.0038228174279975,0.00012007697162534089,Normal
2020-02-20,Ridge,1D,5,-0.0105738092328197,-0.00018303308948223947,Normal
2020-02-21,Ridge,1D,5,-0.0340880794204407,0.0002665215068985419,Normal
2020-02-24,Ridge,1D,5,-0.0307479043753532,0.0006760061050730183,High
2020-02-25,Ridge,1D,5,-0.00378569732353,0.00510473337026879,High
2020-02-26,Ridge,1D,5,-0.0451681363522611,0.0029630351998374497,High
2020-02-27,Ridge,1D,5,-0.008272463109653,0.006155167424002654,High
2020-02-28,Ridge,1D,5,0.0450108687694132,0.004873982159741869,High
2020-03-02,Ridge,1D,5,-0.0285104849229145,0.0005957917430213552,High
2020-03-03,Ridge,1D,5,0.0413363493606331,0.003031101136648454,High
2020-03-04,Ridge,1D,5,-0.0345107824399811,-0.0006392690221311338,High
2020-03-05,Ridge,1D,5,-0.0172009436523861,0.0017418667142056366,High
2020-03-06,Ridge,1D,5,-0.0790104129403714,0.0027855413944231637,High
2020-03-09,Ridge,1D,5,0.0482150524258591,0.009387609295512826,High
2020-03-10,Ridge,1D,5,-0.0501028928086054,0.0007027295324046302,High
2020-03-11,Ridge,1D,5,-0.0999448524024735,0.0053378245058322915,High
2020-03-12,Ridge,1D,5,0.0888084069492359,0.01702511906207996,High
2020-03-13,Ridge,1D,5,-0.1276521974728174,-0.003790318649822791,High
2020-03-16,Ridge,1D,5,0.0582263126356917,0.013896653080032706,High
2020-03-17,Ridge,1D,5,-0.0532222723320802,0.002819571488205243,High
2020-03-18,Ridge,1D,5,0.004696760970401,0.0026992262237509265,High
2020-03-19,Ridge,1D,5,-0.0443276240533668,0.000596746184019684,High
2020-03-20,Ridge,1D,5,-0.0297315010095767,0.0009762231224146514,High
2020-03-23,Ridge,1D,5,0.0896832325179632,0.00019470147570847855,High
2020-03-24,Ridge,1D,5,0.0114689904208222,-0.0006170538377368155,High
2020-03-25,Ridge,1D,5,0.0605438310742465,-0.002606307576824134,High
2020-03-26,Ridge,1D,5,-0.0342678455416263,-0.003871390707251866,High
2020-03-27,Ridge,1D,5,0.0329665905699747,-0.0018625034729030036,High
2020-03-30,Ridge,1D,5,-0.0161423107884158,-0.009633821726017648,High
2020-03-31,Ridge,1D,5,-0.0451463627327869,-0.005215946071850604,High
2020-04-01,Ridge,1D,5,0.0225726570569603,-0.0024400753720864696,High
2020-04-02,Ridge,1D,5,-0.0152528608259442,-0.0044143903071151465,High
2020-04-03,Ridge,1D,5,0.0679682441448303,-0.0054854960187208065,High
2020-04-06,Ridge,1D,5,-0.0016043390483624,-0.0025671810920894905,High
2020-04-07,Ridge,1D,5,0.0334893711912846,-0.006271558884017503,High
2020-04-08,Ridge,1D,5,0.0143834703036993,-0.005547937032273412,High
2020-04-09,Ridge,1D,5,-0.0101560594446771,-0.003543228064854913,High
2020-04-13,Ridge,1D,5,0.0301145595723075,-0.008080502419834558,High
2020-04-14,Ridge,1D,5,-0.0222767326723692,-0.0008627734385907456,High
2020-04-15,Ridge,1D,5,0.0057998378395412,-0.004920923280753565,High
2020-04-16,Ridge,1D,5,0.0264409320213205,-0.0006286371473646351,High
2020-04-17,Ridge,1D,5,-0.0180428456153477,-0.004124314163683612,High
2020-04-20,Ridge,1D,5,-0.0311551152363306,0.0006556471102863001,High
2020-04-21,Ridge,1D,5,0.0226713005821367,0.0014940332072722622,High
2020-04-22,Ridge,1D,5,-0.0005395676601955,-0.0050484026337152856,High
2020-04-23,Ridge,1D,5,0.0138220905668392,-0.002647926926493677,High
2020-04-24,Ridge,1D,5,0.0146068681817359,-0.005711867371072841,High
2020-04-27,Ridge,1D,5,-0.0052561701904836,-0.0027481588484410545,High
2020-04-28,Ridge,1D,5,0.026236704045073,-0.003945810233534712,High
2020-04-29,Ridge,1D,5,-0.0092551433190548,-0.003397471012288298,High
2020-04-30,Ridge,1D,5,-0.0284602110147759,-0.0008732075714974019,High
2020-05-01,Ridge,1D,5,0.0042408225788494,-0.0008693319793039367,High
2020-05-04,Ridge,1D,5,0.0089999351977798,-0.000843266134854268,High
2020-05-05,Ridge,1D,5,-0.0070038803990425,-0.004611588689756662,High
2020-05-06,Ridge,1D,5,0.0114389557548908,-0.0010141515058986964,High
2020-05-07,Ridge,1D,5,0.0167307950652262,-0.003553759489919306,High
2020-05-08,Ridge,1D,5,0.0001330693667907,-0.00460642941673175,High
2020-05-11,Ridge,1D,5,-0.0207133657720476,-0.003113633719537878,High
2020-05-12,Ridge,1D,5,-0.01761699662428,-0.001254738376774183,High
2020-05-13,Ridge,1D,5,0.0114589178040714,0.0009829530388951022,High
2020-05-14,Ridge,1D,5,0.003918675203723,-0.002049502878092628,High
2020-05-15,Ridge,1D,5,0.0310152087700734,-0.0030891183724313653,High
2020-05-18,Ridge,1D,5,-0.0105397477115992,-0.0025446537174675455,High
2020-05-19,Ridge,1D,5,0.0165139906134157,-0.0012865037177274073,High
2020-05-20,Ridge,1D,5,-0.0078039683099536,-0.004077688020141331,High
2020-05-21,Ridge,1D,5,0.0023509456868123,-0.002450653686770195,High
2020-05-22,Ridge,1D,5,0.0122142850214605,-0.0032541089603176456,High
2020-05-26,Ridge,1D,5,0.0147184474903143,-0.003334974341091962,High
2020-05-27,Ridge,1D,5,-0.0021101393249195,-0.002973618319471728,High
2020-05-28,Ridge,1D,5,0.0048007935523079,-0.003307486425410878,High
2020-05-29,Ridge,1D,5,0.0037442164783643,-0.002717659543908159,High
2020-06-01,Ridge,1D,5,0.0081773072823986,-0.0014648245421797757,High
2020-06-02,Ridge,1D,5,0.0135566708125639,-0.003153777715120351,High
2020-06-03,Ridge,1D,5,-0.0033743890836089,-0.003569952944789402,High
2020-06-04,Ridge,1D,5,0.0258740128216358,-0.0025639196218456453,High
2020-06-05,Ridge,1D,5,0.011969656405806,-0.00359372204910635,High
2020-06-08,Ridge,1D,5,-0.0078297434197219,-0.004074228197995006,High
2020-06-09,Ridge,1D,5,-0.005327255735182,-0.0019911671439611835,High
2020-06-10,Ridge,1D,5,-0.0607526929962889,-0.000167295131761682,High
2020-06-11,Ridge,1D,5,0.0129762866052117,0.004698983132784553,High
2020-06-12,Ridge,1D,5,0.0082778608181752,0.0009197598797043513,High
2020-06-15,Ridge,1D,5,0.0187848528667105,-0.0006281741390546354,High
2020-06-16,Ridge,1D,5,-0.0036067962326294,-0.0012592217198885043,High
2020-06-17,Ridge,1D,5,0.0005940434038017,-0.0002457314397115227,High
2020-06-18,Ridge,1D,5,-0.0056655135656737,-0.0018834747020482336,High
2020-06-19,Ridge,1D,5,0.0064740932966583,0.00037899389443518916,High
2020-06-22,Ridge,1D,5,0.0042981691914837,-0.0012341927598154355,High
2020-06-23,Ridge,1D,5,-0.0261952655956623,-0.0012390896851574161,High
2020-06-24,Ridge,1D,5,0.0108998277282181,0.000682938848594941,High
2020-06-25,Ridge,1D,5,-0.0245252042748311,2.7334600095496847e-05,High
2020-06-26,Ridge,1D,5,0.0145788881135335,0.0006058181762353578,High
2020-06-29,Ridge,1D,5,0.0152923494357555,-0.00037090554359269753,High
2020-06-30,Ridge,1D,5,0.0050095639758705,-0.0016384112515657949,High
2020-07-01,Ridge,1D,5,0.0045309704768169,-0.002215489967784668,High
2020-07-02,Ridge,1D,5,0.0157569308321632,-0.0009262198430916432,High
2020-07-06,Ridge,1D,5,-0.0108774778696435,-0.0027567550668204945,High
2020-07-07,Ridge,1D,5,0.0077969862634302,-0.0012589453924140217,High
2020-07-08,Ridge,1D,5,-0.0056595914761946,-0.0008839056436998414,High
2020-07-09,Ridge,1D,5,0.010411809774443,-2.8684863345980168e-05,High
2020-07-10,Ridge,1D,5,-0.0094066452160588,0.0017086151459469502,High
2020-07-13,Ridge,1D,5,0.0133173005829039,0.0015440596393666284,High
2020-07-14,Ridge,1D,5,0.009041056936355,-0.00034183285172427583,High
2020-07-15,Ridge,1D,5,-0.0034119152141152,-0.001150498339441132,High
2020-07-16,Ridge,1D,5,0.0028445625875835,-0.0001421462408799474,High
2020-07-17,Ridge,1D,5,0.0083717972551403,-0.0003968329264864775,High
2020-07-20,Ridge,1D,5,0.00167762933456,-0.0005901745311933401,High
2020-07-21,Ridge,1D,5,0.0057306305944738,-0.0007009224286719975,High
2020-07-22,Ridge,1D,5,-0.0123963784122468,-0.0006939414043232543,High
2020-07-23,Ridge,1D,5,-0.0062096400242761,0.0015332827601753207,High
2020-07-24,Ridge,1D,5,0.0073679288214823,0.00037864196020789213,High
2020-07-27,Ridge,1D,5,-0.0064944354186463,0.0011861339113532422,Normal
2020-07-28,Ridge,1D,5,0.0123517833517425,0.00018357704574998554,Normal
2020-07-29,Ridge,1D,5,-0.0037573017634548,-0.00016863610326461843,Normal
2020-07-30,Ridge,1D,5,0.0076412362421762,4.1337082058880105e-05,Normal
2020-07-31,Ridge,1D,5,0.0071553626643586,0.00019637496092598416,Normal
2020-08-03,Ridge,1D,5,0.0036054230261335,-0.0005723573426279864,Normal
2020-08-04,Ridge,1D,5,0.0064091604355179,7.264595133167523e-05,Normal
2020-08-05,Ridge,1D,5,0.0064071260206648,-0.0005044340661651222,Normal
2020-08-06,Ridge,1D,5,0.0006328292699566,-0.00020572868873085058,Normal
2020-08-07,Ridge,1D,5,0.0027384652733919,-0.0006513371810476832,Normal
2020-08-10,Ridge,1D,5,-0.0080010554013772,0.00031589181563510574,Normal
2020-08-11,Ridge,1D,5,0.0138995022936135,0.0003789814661945658,Normal
2020-08-12,Ridge,1D,5,-0.0020492726761566,7.251640644421531e-05,Normal
2020-08-13,Ridge,1D,5,-0.000171897396279,0.0001288378441193724,Normal
2020-08-14,Ridge,1D,5,0.0027061775074234,0.0002372743150085691,Normal
2020-08-17,Ridge,1D,5,0.0023007404198168,-0.00020840848799523042,Normal
2020-08-18,Ridge,1D,5,-0.004414123345182,-7.786128517524088e-05,Normal
2020-08-19,Ridge,1D,5,0.0031536547683461,0.00030281664965246477,Normal
2020-08-20,Ridge,1D,5,0.0034351999829724,0.0009815750273736935,Low
2020-08-21,Ridge,1D,5,0.0099936153649035,0.0005242805879220776,Low
2020-08-24,Ridge,1D,5,0.0035898997455401,-5.449200170445852e-05,Low
2020-08-25,Ridge,1D,5,0.0101440013448414,0.0003446774890822357,Low
2020-08-26,Ridge,1D,5,0.0016716460318091,-0.00018755663254996994,Low
2020-08-27,Ridge,1D,5,0.0067100028495702,0.0006360237310927561,Low
2020-08-28,Ridge,1D,5,-0.0021973751755085,-2.8331806381634355e-06,Low
2020-08-31,Ridge,1D,5,0.0074968314207059,0.0007136684393418401,Low
2020-09-01,Ridge,1D,5,0.0152490501438697,0.0008945751917557516,Low
2020-09-02,Ridge,1D,5,-0.0357575941421853,0.0005688301103218328,Low
2020-09-03,Ridge,1D,5,-0.0081662807542751,0.0034887031235448954,High
2020-09-04,Ridge,1D,5,-0.0281488290864667,0.0030653584935760934,High
2020-09-08,Ridge,1D,5,0.0199447606621803,0.002524565810242039,High
2020-09-09,Ridge,1D,5,-0.0177412459253955,0.0019880751502125314,High
2020-09-10,Ridge,1D,5,0.0005329301580873,0.0020836220641827167,High
2020-09-11,Ridge,1D,5,0.0126613350250229,0.0013483683417988832,High
2020-09-14,Ridge,1D,5,0.0052057859304996,0.00039931279467129077,High
2020-09-15,Ridge,1D,5,-0.0046296468921518,-0.0003596907033003883,High
2020-09-16,Ridge,1D,5,-0.0084479495285524,0.00044086772932855524,High
2020-09-17,Ridge,1D,5,-0.0112455769478285,0.0006099698425701977,High
2020-09-18,Ridge,1D,5,-0.0116385640272977,0.000610010663171567,High
2020-09-21,Ridge,1D,5,0.0104630163983761,0.001496583078199148,High
2020-09-22,Ridge,1D,5,-0.0240073389143741,0.0005370402021797039,High
2020-09-23,Ridge,1D,5,0.002983005554629,0.0018108708284502398,High
2020-09-24,Ridge,1D,5,0.0158504392241884,0.0012292373539273674,High
2020-09-25,Ridge,1D,5,0.0159821918538544,-0.00011318675317717138,High
2020-09-28,Ridge,1D,5,-0.0048242827044439,-0.0009454322036786056,High
2020-09-29,Ridge,1D,5,0.0082198425683796,-5.600003764261462e-05,High
2020-09-30,Ridge,1D,5,0.005278949564295,-0.0007069660670616245,High
2020-10-01,Ridge,1D,5,-0.0096238128663708,-0.0008960867623816187,High
2020-10-02,Ridge,1D,5,0.0178131090029009,0.001542736222267958,High
2020-10-05,Ridge,1D,5,-0.0140720643875232,0.0007619181949695001,High
2020-10-06,Ridge,1D,5,0.0172471637702415,0.0021670241457788374,High
2020-10-07,Ridge,1D,5,0.0079782128948692,5.285692767442328e-05,High
2020-10-08,Ridge,1D,5,0.0087550951807528,0.00030531423880684073,High
2020-10-09,Ridge,1D,5,0.0162825301583242,-0.00039875895255877717,High
2020-10-12,Ridge,1D,5,-0.0063268916291632,-0.0004737297081937525,High
2020-10-13,Ridge,1D,5,-0.0066451720840594,-0.0003106710613504878,High
2020-10-14,Ridge,1D,5,-0.001528923514213,0.0010131031807090055,High
2020-10-15,Ridge,1D,5,0.0001349104566304,0.0010720186354742137,High
2020-10-16,Ridge,1D,5,-0.0164646635149426,0.00124791738243848,High
2020-10-19,Ridge,1D,5,0.0047161953200011,0.0028860285801988687,High
2020-10-20,Ridge,1D,5,-0.0021981140115702,0.0014044807978247345,High
2020-10-21,Ridge,1D,5,0.0052053540034913,0.001900609136376015,High
2020-10-22,Ridge,1D,5,0.0034398383203894,0.001151792824304357,High
2020-10-23,Ridge,1D,5,-0.018764472985322,0.00047693601549781247,High
2020-10-26,Ridge,1D,5,-0.0030302053504455,0.002236564076640805,High
2020-10-27,Ridge,1D,5,-0.0359255421085777,0.002637102751315318,High
2020-10-28,Ridge,1D,5,0.0118765249399974,0.004745619728061538,High
2020-10-29,Ridge,1D,5,-0.0122037134452599,0.0024988620684896178,High
2020-10-30,Ridge,1D,5,0.0122429508905916,0.003243287208395638,High
2015-06-10,Ridge,5D,1,-0.0022636326075193,0.00196020745982256,Low
2015-06-11,Ridge,5D,1,0.0058532506899613,0.00023685117542961718,Low
2015-06-12,Ridge,5D,1,0.0075545101051144,-0.0003131744805264843,Low
2015-06-15,Ridge,5D,1,0.018264167708428,0.0008336156215350165,Low
2015-06-16,Ridge,5D,1,0.0132261036178678,0.0010443340107560023,Low
2015-06-17,Ridge,5D,1,0.0038679535044897,0.0023581968554443884,Low
2015-06-18,Ridge,5D,1,-0.0089640507061154,0.001303616047606277,Low
2015-06-19,Ridge,5D,1,-0.0040365912130882,-0.00012478866153381603,Low
2015-06-22,Ridge,5D,1,-0.031199928703242,0.00035028316127043305,Low
2015-06-23,Ridge,5D,1,-0.029180632775968,8.263128106538765e-05,Low
2015-06-24,Ridge,5D,1,-0.0148880706230257,-0.0009310699702451664,Low
2015-06-25,Ridge,5D,1,-0.0122181366559759,0.0018092195459225172,Low
2015-06-26,Ridge,5D,1,-0.0156972136099509,0.002107623802793593,Low
2015-06-29,Ridge,5D,1,0.0114523164925293,0.00356290833610557,Normal
2015-06-30,Ridge,5D,1,-0.0079956107720796,0.004288940313401115,Normal
2015-07-01,Ridge,5D,1,-0.0126480595618967,0.0017540075289478275,Normal
2015-07-02,Ridge,5D,1,-7.700298734244507e-05,0.0024166085069875173,Normal
2015-07-06,Ridge,5D,1,0.0147974982189101,0.002466573626626195,Normal
2015-07-07,Ridge,5D,1,0.0131782108615416,0.003210444736623283,Normal
2015-07-08,Ridge,5D,1,0.0292359194729459,0.00325412220568886,Normal
2015-07-09,Ridge,5D,1,0.0349590052726014,0.004076286556822206,Normal
2015-07-10,Ridge,5D,1,0.0238015905120445,0.0009004844183316692,Normal
2015-07-13,Ridge,5D,1,0.0135672586286908,-0.0012351987931924638,Normal
2015-07-14,Ridge,5D,1,0.0048531891494675,-0.001676081369083959,Normal
2015-07-15,Ridge,5D,1,0.0031978804300145,-0.0018386844403084604,Normal
2015-07-16,Ridge,5D,1,-0.0104770632258404,-0.0018801423955148362,Normal
2015-07-17,Ridge,5D,1,-0.0223436555469523,-0.0021219508462371416,Normal
2015-07-20,Ridge,5D,1,-0.0289063472360181,-0.0005278730016491859,Normal
2015-07-21,Ridge,5D,1,-0.0123254771914058,-0.000526891659923547,Normal
2015-07-22,Ridge,5D,1,-0.0026427692438319,-0.0004260695312354567,Normal
2015-07-23,Ridge,5D,1,0.0030778078715698,0.0014554988487637127,Normal
2015-07-24,Ridge,5D,1,0.0115647247671792,0.0020984087274273718,Normal
2015-07-27,Ridge,5D,1,0.014595785887339,0.0035397188170773197,Normal
2015-07-28,Ridge,5D,1,3.347291851688715e-05,0.0024906588562368603,Normal
2015-07-29,Ridge,5D,1,-0.004148831823376,-0.00011492903414783663,Normal
2015-07-30,Ridge,5D,1,-0.0119603946499605,-0.0012001734840648487,Normal
2015-07-31,Ridge,5D,1,-0.0125653137052465,-0.0016194904211524466,Normal
2015-08-03,Ridge,5D,1,0.0029222158716832,-0.0012506391428356322,Normal
2015-08-04,Ridge,5D,1,-0.0044286096415662,0.0004028542856521699,Normal
2015-08-05,Ridge,5D,1,-0.0065888441888422,0.0027908407245146385,Low
2015-08-06,Ridge,5D,1,-8.167413466134306e-05,0.0018303462871323418,Low
2015-08-07,Ridge,5D,1,0.0067016809960354,0.0020130933494786653,Low
2015-08-10,Ridge,5D,1,-0.0008272629265866,0.00040503396388360245,Low
2015-08-11,Ridge,5D,1,0.0061468188179625,-0.000734811646719459,Low
2015-08-12,Ridge,5D,1,-0.0030919212298493,0.0012247023555479297,Low
2015-08-13,Ridge,5D,1,-0.0231418558156142,-5.5074115392168485e-06,Low
2015-08-14,Ridge,5D,1,-0.0594154306118518,-0.00032445464092655343,Low
2015-08-17,Ridge,5D,1,-0.1048247666677739,0.0011026062539006114,Low
2015-08-18,Ridge,5D,1,-0.1158100334747966,0.0008731613568616838,Low
2015-08-19,Ridge,5D,1,-0.0692295976306679,0.0015471651174002094,Low
2015-08-20,Ridge,5D,1,-0.0238963826868317,0.003067490688587644,Normal
2015-08-21,Ridge,5D,1,0.0090814109919228,0.011312959369384213,High
2015-08-24,Ridge,5D,1,0.0408657766744578,0.02802445211364184,High
2015-08-25,Ridge,5D,1,0.0244573765746859,0.012986056900226691,High
2015-08-26,Ridge,5D,1,0.0042937485633687,0.0020125980074456895,High
2015-08-27,Ridge,5D,1,-0.0185493902269022,-0.003724680669525154,High
2015-08-28,Ridge,5D,1,-0.0346062501380548,-0.0038229965161330685,High
2015-08-31,Ridge,5D,1,-0.0014055342770321,-0.0012251518582799097,High
2015-09-01,Ridge,5D,1,0.0146220797963109,0.0007593724458231887,High
2015-09-02,Ridge,5D,1,0.001758483818032,-0.0053098038596171414,High
2015-09-03,Ridge,5D,1,0.0050713745635994,0.00154718771112694,High
2015-09-04,Ridge,5D,1,0.0164216420948319,0.004611586871522898,High
2015-09-08,Ridge,5D,1,0.0043976925292259,-0.0033999647391143007,High
2015-09-09,Ridge,5D,1,0.0270604690136864,0.00014483122620140417,High
2015-09-10,Ridge,5D,1,0.0192320491261907,-0.0020944973508618225,High
2015-09-11,Ridge,5D,1,-0.001541188273179,-0.0023344164929113005,High
2015-09-14,Ridge,5D,1,0.0071122449835374,-0.001592149995137571,High
2015-09-15,Ridge,5D,1,-0.0180323726672733,-0.0009301349128434337,High
2015-09-16,Ridge,5D,1,-0.028750857612243,-0.0015243757370574903,High
2015-09-17,Ridge,5D,1,-0.0295551650409894,-0.0008270680936512302,High
2015-09-18,Ridge,5D,1,-0.0137248358878264,9.991112006512348e-05,High
2015-09-21,Ridge,5D,1,-0.0442814390843083,-0.001631653013175843,High
2015-09-22,Ridge,5D,1,-0.0306544151519483,0.0035447372283157223,High
2015-09-23,Ridge,5D,1,-0.0097077723187892,0.00295304405436036,High
2015-09-24,Ridge,5D,1,-0.0043671817691455,0.0032993657403713153,High
2015-09-25,Ridge,5D,1,0.0103125130484805,0.003328809738020949,High
2015-09-28,Ridge,5D,1,0.0544383177297917,0.00830005303810494,High
2015-09-29,Ridge,5D,1,0.0496115344726668,0.004686636920129354,High
2015-09-30,Ridge,5D,1,0.0387191557266546,0.0015359665702998823,High
2015-10-01,Ridge,5D,1,0.0455269971928758,-0.0018765624202643212,High
2015-10-02,Ridge,5D,1,0.0320380527369856,-0.0018497543618921056,High
2015-10-05,Ridge,5D,1,0.0151881236958162,-0.0027604568317985225,High
2015-10-06,Ridge,5D,1,0.0119339893498324,-0.005388230260342325,High
2015-10-07,Ridge,5D,1,-0.0007969614196595,-0.003206338314123696,High
2015-10-08,Ridge,5D,1,0.005166809787137,-0.0040249362639358435,High
2015-10-09,Ridge,5D,1,0.0090020226003187,-0.004217652953655537,High
2015-10-12,Ridge,5D,1,0.0079978670668588,-0.0023971024162100837,High
2015-10-13,Ridge,5D,1,0.0134245897010922,-0.002308148558703723,High
2015-10-14,Ridge,5D,1,0.0123095717018971,-0.0009780914463647337,High
2015-10-15,Ridge,5D,1,0.014056867363136,-0.001962914363860488,High
2015-10-16,Ridge,5D,1,0.020466759958482,-0.002616890358992805,High
2015-10-19,Ridge,5D,1,0.0182813180135086,-0.0036882804206943786,High
2015-10-20,Ridge,5D,1,0.0171460332043147,-0.002950621299424736,Normal
2015-10-21,Ridge,5D,1,0.0347589706035925,-0.0027616022110117963,Normal
2015-10-22,Ridge,5D,1,0.0178182482103378,-0.002910838141853876,High
2015-10-23,Ridge,5D,1,0.0020268125528695,-0.004099322832854024,High
2015-10-26,Ridge,5D,1,0.0157456218927844,-0.0034720568379018337,Normal
2015-10-27,Ridge,5D,1,0.0210273606829396,-0.004382195025547287,Normal
2015-10-28,Ridge,5D,1,0.0057052052551488,-0.00513566026760303,Normal
2015-10-29,Ridge,5D,1,0.0050222908793113,-0.003883167599923266,Normal
2015-10-30,Ridge,5D,1,0.009496090787713,-0.0031200875133906582,Normal
2015-11-02,Ridge,5D,1,-0.0121790762076041,-0.003695738256059541,Normal
2015-11-03,Ridge,5D,1,-0.0133939739792219,-0.003619703242926016,Normal
2015-11-04,Ridge,5D,1,-0.0130756143611437,-0.002795955125359882,Normal
2015-11-05,Ridge,5D,1,-0.0260319879412781,-0.0026193489184553787,Normal
2015-11-06,Ridge,5D,1,-0.0369549465934099,-0.002704257781142272,Normal
2015-11-09,Ridge,5D,1,-0.0122903531426731,-0.00042702972423449854,Normal
2015-11-10,Ridge,5D,1,-0.0151400853143694,-3.461174546691621e-05,Normal
2015-11-11,Ridge,5D,1,0.0041264518843719,-3.398252197183392e-05,Normal
2015-11-12,Ridge,5D,1,0.0170918748920252,0.0006076454262492378,Normal
2015-11-13,Ridge,5D,1,0.03216547060433,0.0030131904553543556,Normal
2015-11-16,Ridge,5D,1,0.0161365439684118,-0.00016841282839731185,Normal
2015-11-17,Ridge,5D,1,0.018698070931619,0.0004416192483613611,Normal
2015-11-18,Ridge,5D,1,0.0025357004394796,-0.0020922534627016397,Normal
2015-11-19,Ridge,5D,1,0.0042528823279398,-0.003463631108726417,Normal
2015-11-20,Ridge,5D,1,-0.004201873091828,-0.003804742056492945,Normal
2015-11-23,Ridge,5D,1,0.0076576896965952,-0.0019187908214423426,Normal
2015-11-24,Ridge,5D,1,-0.0046201528878142,-0.0013658586081958671,Normal
2015-11-25,Ridge,5D,1,-0.0189688387169972,0.0002965637728995073,Normal
2015-11-27,Ridge,5D,1,0.000755576087373,0.0010408751770238746,Normal
2015-11-30,Ridge,5D,1,-0.0016066677334062,0.0007828294294478962,Normal
2015-12-01,Ridge,5D,1,-0.0187416593057401,-0.00032430770051152815,Normal
2015-12-02,Ridge,5D,1,-0.0154541530319839,-4.293215699005797e-05,Normal
2015-12-03,Ridge,5D,1,0.0012725299907608,0.0019020707599482324,Normal
2015-12-04,Ridge,5D,1,-0.0386591941289057,-0.0018131857425199107,Normal
2015-12-07,Ridge,5D,1,-0.0269008621044398,-0.002514043759473414,Normal
2015-12-08,Ridge,5D,1,-0.0098272293729309,0.00011870753401833304,Normal
2015-12-09,Ridge,5D,1,0.0123524926435332,0.001849098882302773,Normal
2015-12-10,Ridge,5D,1,-0.0050511405709378,0.0006731405090023141,Normal
2015-12-11,Ridge,5D,1,-0.0033947678222293,0.00861286603515063,High
2015-12-14,Ridge,5D,1,-0.0003907491591411,0.0047575748549043085,Normal
2015-12-15,Ridge,5D,1,-0.0021752336734865,0.0014908660012345996,Normal
2015-12-16,Ridge,5D,1,-0.004244272796704,-0.001599775693551955,High
2015-12-17,Ridge,5D,1,0.009310588435309,-0.0012806380863001764,Normal
2015-12-18,Ridge,5D,1,0.0250871469861096,-0.0002518321195930293,High
2015-12-21,Ridge,5D,1,0.0279125044319764,-0.0021433266743376917,High
2015-12-22,Ridge,5D,1,0.0118910100566289,-0.0020124154684520983,High
2015-12-23,Ridge,5D,1,-0.0099070715123927,-0.0019113213080850112,High
2015-12-24,Ridge,5D,1,-0.0237291979063353,-0.0025869421034191964,High
2015-12-28,Ridge,5D,1,-0.0195380573106694,-0.0019997950368934154,High
2015-12-29,Ridge,5D,1,-0.0433138844863185,-0.0014715894326230265,High
2015-12-30,Ridge,5D,1,-0.0600563022218847,-0.0014115587881157027,High
2015-12-31,Ridge,5D,1,-0.0614973546262648,0.0015793330107627063,High
2016-01-04,Ridge,5D,1,-0.0452224045326363,0.0043676712735115615,High
2016-01-05,Ridge,5D,1,-0.0394600945542214,0.0010954463616423128,High
2016-01-06,Ridge,5D,1,-0.0515403066295043,0.006203166393076552,High
2016-01-07,Ridge,5D,1,-0.0109964291757757,0.009673939267484485,High
2016-01-08,Ridge,5D,1,-0.0219346644280901,0.010897084989432556,High
2016-01-11,Ridge,5D,1,-0.0222558925364839,0.004839821862223125,High
2016-01-12,Ridge,5D,1,-0.0417911726801569,0.0050595973284318085,High
2016-01-13,Ridge,5D,1,-0.0113268089662999,0.007524681714110831,High
2016-01-14,Ridge,5D,1,-0.0078041430184702,0.0024114297981707804,High
2016-01-15,Ridge,5D,1,-0.0017299154931293,0.005105845006908859,High
2016-01-19,Ridge,5D,1,0.0117836421498097,0.0029135660344054484,High
2016-01-20,Ridge,5D,1,0.0126234858751796,0.0083594986750626,High
2016-01-21,Ridge,5D,1,0.0129548479568229,0.0038662180469284354,High
2016-01-22,Ridge,5D,1,0.0173327720691659,-0.0015520408591767395,High
2016-01-25,Ridge,5D,1,0.0326509823964456,0.0017579705154823408,High
2016-01-26,Ridge,5D,1,-0.0003152241521535,-0.0010130789288076282,High
2016-01-27,Ridge,5D,1,0.0155873181699488,0.00025336533472731224,High
2016-01-28,Ridge,5D,1,0.0115995357448807,-0.0013773084084119655,High
2016-01-29,Ridge,5D,1,-0.0315132735260274,-0.001963516810643635,High
2016-02-01,Ridge,5D,1,-0.0453249966035429,-0.0025079848376872806,High
2016-02-02,Ridge,5D,1,-0.0270678685320718,-0.00019108988382419176,High
2016-02-03,Ridge,5D,1,-0.0322364566844068,-0.0014545469542849151,High
2016-02-04,Ridge,5D,1,-0.0461394723061865,-0.0007173976891795557,High
2016-02-05,Ridge,5D,1,-0.0081552988227887,0.0048955318812963,High
2016-02-08,Ridge,5D,1,0.0224814968419535,0.007839941057377323,High
2016-02-09,Ridge,5D,1,0.0394914481143551,0.006129086312366559,High
2016-02-10,Ridge,5D,1,0.0350037841211813,0.005733729861887594,High
2016-02-11,Ridge,5D,1,0.0473551981686357,0.01045523920802736,High
2016-02-12,Ridge,5D,1,0.0423759140606659,0.0011329015387193987,High
2016-02-16,Ridge,5D,1,0.0134615987481924,0.0006123648189228868,High
2016-02-17,Ridge,5D,1,0.001545448157183,-0.0025468505670501727,High
2016-02-18,Ridge,5D,1,0.0175064470115685,-0.0032230972396211136,High
2016-02-19,Ridge,5D,1,0.0156606149638058,-0.0042407563479340046,High
2016-02-22,Ridge,5D,1,-0.0068442472268421,-0.004099964289180018,High
2016-02-23,Ridge,5D,1,0.0292767157455651,-0.0006763421051232091,High
2016-02-24,Ridge,5D,1,0.028932705572035,0.0004091895613766844,High
2016-02-25,Ridge,5D,1,0.0211409731619011,-0.00141243813224807,High
2016-02-26,Ridge,5D,1,0.0263132783574074,-0.00187949774734044,High
2016-02-29,Ridge,5D,1,0.0353520322498431,-1.1391382518910129e-05,High
2016-03-01,Ridge,5D,1,0.0004598907922181,-0.003613229992238907,High
2016-03-02,Ridge,5D,1,0.0014136137139306,-0.0035627575873098754,High
2016-03-03,Ridge,5D,1,-0.0019232278092637,-0.004123243368425103,High
2016-03-04,Ridge,5D,1,0.0110388779136459,-0.003976377896124541,High
2016-03-07,Ridge,5D,1,0.00889248649617,-0.002809659730962782,High
2016-03-08,Ridge,5D,1,0.0183576116178584,0.0005866160673607106,High
2016-03-09,Ridge,5D,1,0.0189026667168239,2.767738625598275e-06,High
2016-03-10,Ridge,5D,1,0.0253204569882976,0.0009258168401602514,High
2016-03-11,Ridge,5D,1,0.0134538786504724,-0.001234598232751712,Normal
2016-03-14,Ridge,5D,1,0.0157007391713767,-0.002747054431257822,Normal
2016-03-15,Ridge,5D,1,0.0166615972089223,-0.002761966504578887,Normal
2016-03-16,Ridge,5D,1,0.0046703597964754,-0.003212383360426662,Normal
2016-03-17,Ridge,5D,1,-0.0022813650514975,-0.002718386643881462,Normal
2016-03-18,Ridge,5D,1,-0.0061322254144514,-0.0019469470095509161,Normal
2016-03-21,Ridge,5D,1,0.0016606947354934,-0.002253920797103035,Normal
2016-03-22,Ridge,5D,1,0.0068793476258319,-0.0011806659040322106,Normal
2016-03-23,Ridge,5D,1,0.0112440147968782,-0.0017240016867967633,Normal
2016-03-24,Ridge,5D,1,0.0179331156428548,-0.000591097304376577,Normal
2016-03-28,Ridge,5D,1,0.0141745287089277,0.0005677234802032063,Normal
2016-03-29,Ridge,5D,1,-0.004799781757104,-7.774043895915697e-05,Normal
2016-03-30,Ridge,5D,1,0.0013121361813431,-0.0022898134000274542,Low
2016-03-31,Ridge,5D,1,-0.008694095429041,-0.0019394878848317983,Low
2016-04-01,Ridge,5D,1,-0.0122223518910245,-0.0013086298727621598,Low
2016-04-04,Ridge,5D,1,-0.0117524177347737,-0.002645385929631707,Low
2016-04-05,Ridge,5D,1,0.0080596345584107,-0.0009816185083908586,Low
2016-04-06,Ridge,5D,1,0.0075969063949554,-0.0003959619886565607,Low
2016-04-07,Ridge,5D,1,0.0198178927950928,-0.001323388553267028,Normal
2016-04-08,Ridge,5D,1,0.0160504206143304,-0.00044895963418537226,Normal
2016-04-11,Ridge,5D,1,0.0253136921177322,-0.0005176045425823498,Low
2016-04-12,Ridge,5D,1,0.0187776761392088,-0.001154686267679088,Low
2016-04-13,Ridge,5D,1,0.0095488614198854,-0.001529316380519096,Low
2016-04-14,Ridge,5D,1,0.0041683861324609,-0.002363041713864541,Low
2016-04-15,Ridge,5D,1,0.0052010142881477,-0.0026336475762592597,Low
2016-04-18,Ridge,5D,1,-0.0031324009464132,-0.0020453842718485657,Low
2016-04-19,Ridge,5D,1,-0.0043411386750426,-0.0018326566847803806,Low
2016-04-20,Ridge,5D,1,-0.0034543996125304,-0.0005656474983163147,Low
2016-04-21,Ridge,5D,1,-0.0075204728168001,-0.00043969337881671964,Low
2016-04-22,Ridge,5D,1,-0.0126442806268981,-0.00036578992760761143,Low
2016-04-25,Ridge,5D,1,-0.0030509843088911,0.00040443172585512017,Low
2016-04-26,Ridge,5D,1,-0.0136364838715239,0.0009295066868233674,Low
2016-04-27,Ridge,5D,1,-0.0212390606887432,0.0011563963065872138,Low
2016-04-28,Ridge,5D,1,-0.0122044613199757,0.00140941297168762,Low
2016-04-29,Ridge,5D,1,-0.003958901535866,0.0019663360874529515,Low
2016-05-02,Ridge,5D,1,-0.0109852949255001,0.0011407577392355183,Low
2016-05-03,Ridge,5D,1,0.010135569698933,0.0017786858517230535,Low
2016-05-04,Ridge,5D,1,0.0064826295265367,0.0018930032122938894,Low
2016-05-05,Ridge,5D,1,0.0065521869513666,0.002510062491023055,Low
2016-05-06,Ridge,5D,1,-0.0051318577639383,0.0012393810566908247,Low
2016-05-09,Ridge,5D,1,0.0038639053180645,0.001905040755601722,Low
2016-05-10,Ridge,5D,1,-0.0179983234701355,0.0001686359133902303,Low
2016-05-11,Ridge,5D,1,-0.0081856429058654,-0.0009789437367529559,Low
2016-05-12,Ridge,5D,1,-0.0117297581606217,7.963504877808378e-05,Low
2016-05-13,Ridge,5D,1,0.0027861352239352,0.0005942450033819348,Low
2016-05-16,Ridge,5D,1,-0.0090504777337792,7.937565564805561e-05,Low
2016-05-17,Ridge,5D,1,0.0139940233523738,0.0016820787110294593,Low
2016-05-18,Ridge,5D,1,0.0207393953175558,0.002200027903000455,Low
2016-05-19,Ridge,5D,1,0.0242425237903479,0.002557225324063233,Low
2016-05-20,Ridge,5D,1,0.0225187595069829,0.0011598994930426443,Low
2016-05-23,Ridge,5D,1,0.0236006274544946,0.002321396072946116,Low
2016-05-24,Ridge,5D,1,0.0111463885744306,0.0005393764544146402,Normal
2016-05-25,Ridge,5D,1,0.0070165550898335,-0.0003785380054604241,Normal
2016-05-26,Ridge,5D,1,0.0043109589030671,-0.0007074321973583376,Normal
2016-05-27,Ridge,5D,1,0.0049185924829913,-0.000741792530885342,Normal
2016-05-31,Ridge,5D,1,0.0072129767327786,-0.0014714324410213262,Normal
2016-06-01,Ridge,5D,1,0.0093826800508072,0.0018479158689081745,Low
2016-06-02,Ridge,5D,1,0.0048427482859273,0.002379344053387387,Low
2016-06-03,Ridge,5D,1,-0.0014587218875439,0.0017828931446499782,Low
2016-06-06,Ridge,5D,1,-0.0144923491966169,0.0015610860738663774,Low
2016-06-07,Ridge,5D,1,-0.0175814698977863,0.0016742746002011953,Low
2016-06-08,Ridge,5D,1,-0.0227279809335513,0.0012827915669064581,Low
2016-06-09,Ridge,5D,1,-0.017880652224612,0.0024924476754641946,Low
2016-06-10,Ridge,5D,1,-0.0119264039590548,0.0026389204404801093,Low
2016-06-13,Ridge,5D,1,0.0020132776090776,0.006734685130325711,Low
2016-06-14,Ridge,5D,1,0.0065221732852592,0.006000236771208872,Low
2016-06-15,Ridge,5D,1,0.0067116533524935,0.007401657578643082,Low
2016-06-16,Ridge,5D,1,0.016859127313403,0.006647056655883965,Low
2016-06-17,Ridge,5D,1,-0.0164583813475706,0.005945469146125766,Low
2016-06-20,Ridge,5D,1,-0.0405120106376963,0.004702397339722641,Low
2016-06-21,Ridge,5D,1,-0.0256062796378182,0.004421942339079496,Low
2016-06-22,Ridge,5D,1,-0.0070641076699884,0.00586417162326661,Low
2016-06-23,Ridge,5D,1,-0.0068658115924774,0.0008323319523263499,Low
2016-06-24,Ridge,5D,1,0.0316616875061371,0.004135130758626699,Normal
2016-06-27,Ridge,5D,1,0.0430529050322411,0.002471200947619539,Normal
2016-06-28,Ridge,5D,1,0.0307774704864295,-0.0026203428363892,High
2016-06-29,Ridge,5D,1,0.0130162696284423,-0.003444480882520248,High
2016-06-30,Ridge,5D,1,0.0146805930449686,-0.003968318507472314,High
2016-07-01,Ridge,5D,1,0.016136706063935,-0.004783108541111894,High
2016-07-05,Ridge,5D,1,0.0299925773568792,-0.004815710537037126,High
2016-07-06,Ridge,5D,1,0.0247886489735848,-0.00278262316030195,High
2016-07-07,Ridge,5D,1,0.0309060296620149,-0.001538986138112432,High
2016-07-08,Ridge,5D,2,0.0148384640361515,-0.0020099505753580983,High
2016-07-11,Ridge,5D,2,0.0138151065460218,-0.0028560253138858634,High
2016-07-12,Ridge,5D,2,0.0053940597382608,-0.002919765582977806,High
2016-07-13,Ridge,5D,2,0.0095205093790432,-0.003107820805923799,High
2016-07-14,Ridge,5D,2,0.0006560167208211,-0.003433260870139722,High
2016-07-15,Ridge,5D,2,0.0061290225702025,-0.0020606816483245685,High
2016-07-18,Ridge,5D,2,0.0007335420084042,-0.0019044046258857492,High
2016-07-19,Ridge,5D,2,0.002492478669539,-0.0017280358483139466,High
2016-07-20,Ridge,5D,2,-0.0029679905930336,-0.0020523966065603095,High
2016-07-21,Ridge,5D,2,0.0022559997115835,-0.0018675481856115085,High
2016-07-22,Ridge,5D,2,-0.0006576469602687,-0.0016935040116091357,High
2016-07-25,Ridge,5D,2,0.0010877776321697,-9.765831237316513e-06,Normal
2016-07-26,Ridge,5D,2,-0.0056168953412171,0.0006102509573878899,Normal
2016-07-27,Ridge,5D,2,-0.0012885916783373,0.000431726083537703,Low
2016-07-28,Ridge,5D,2,-0.0026809628269407,0.0002777422376140444,Low
2016-07-29,Ridge,5D,2,0.0042557543447815,0.0007272815871304985,Low
2016-08-01,Ridge,5D,2,0.0046187712007311,0.00030429746414280994,Low
2016-08-02,Ridge,5D,2,0.0113904299999548,0.0009214289445660184,Low
2016-08-03,Ridge,5D,2,0.0053925902203953,0.0007624192747762851,Low
2016-08-04,Ridge,5D,2,0.0099034560233499,0.0008233245630336693,Low
2016-08-05,Ridge,5D,2,0.0005403953470558,-0.00026204041036106897,Low
2016-08-08,Ridge,5D,2,0.0042369889331191,-0.0011862021388559852,Low
2016-08-09,Ridge,5D,2,-0.0016468712699151,-0.001267279318897915,Low
2016-08-10,Ridge,5D,2,0.0030887717997286,-0.0007935145646486017,Low
2016-08-11,Ridge,5D,2,0.0005625583936675,-0.0007368508070644706,Low
2016-08-12,Ridge,5D,2,-8.238778818661723e-05,0.00014925248097374033,Low
2016-08-15,Ridge,5D,2,-0.0034348859660313,-0.00042000509708098907,Low
2016-08-16,Ridge,5D,2,0.0040091234288084,-0.0004204174520568379,Low
2016-08-17,Ridge,5D,2,-0.0031117778370189,0.00023417787860521323,Low
2016-08-18,Ridge,5D,2,-0.0066751399300468,0.0006064761601389527,Low
2016-08-19,Ridge,5D,2,-0.0068138945999919,6.547020680928951e-06,Low
2016-08-22,Ridge,5D,2,-0.0010359842879945,0.00014275966377002387,Low
2016-08-23,Ridge,5D,2,-0.0049414428734789,0.0005873011699461328,Low
2016-08-24,Ridge,5D,2,-0.0020660787193697,0.0007966744331869373,Low
2016-08-25,Ridge,5D,2,-0.0007413037121357,0.0017720358195938899,Low
2016-08-26,Ridge,5D,2,0.0050310021256121,0.002354661914642432,Low
2016-08-29,Ridge,5D,2,0.0027938160669431,0.0015346896574406734,Low
2016-08-30,Ridge,5D,2,0.0046030115357724,0.001358910138237417,Low
2016-08-31,Ridge,5D,2,0.0047562144488648,0.0011227497257033162,Low
2016-09-01,Ridge,5D,2,-0.0200301425725601,0.0016369409180609887,Low
2016-09-02,Ridge,5D,2,-0.0096519969381603,0.000754480533514696,Low
2016-09-06,Ridge,5D,2,-0.0275709875863765,0.0005016130435736286,Low
2016-09-07,Ridge,5D,2,-0.028012441047896,0.00038662122187493094,Low
2016-09-08,Ridge,5D,2,-0.0157284364059858,0.00010833915029947083,Low
2016-09-09,Ridge,5D,2,0.0053198782092784,-0.0015484436012773604,Low
2016-09-12,Ridge,5D,2,-0.0092691122579805,0.0004466158902004479,Normal
2016-09-13,Ridge,5D,2,0.0059717295044644,0.000589391205715497,Normal
2016-09-14,Ridge,5D,2,0.0174175792379131,0.0017522785077918254,Normal
2016-09-15,Ridge,5D,2,0.0138378147061153,-0.00019072299252647328,Normal
2016-09-16,Ridge,5D,2,0.0118639495419685,-0.0018364917413231864,Normal
2016-09-19,Ridge,5D,2,0.0032577026578772,0.0004189072924229776,Normal
2016-09-20,Ridge,5D,2,0.0093821043389412,0.0007073871162808273,Normal
2016-09-21,Ridge,5D,2,0.0038066806089478,-0.0007231212870800851,Normal
2016-09-22,Ridge,5D,2,-0.0120371990387755,-0.0009010190983738731,Normal
2016-09-23,Ridge,5D,2,0.0016524865089707,-0.0017367891536699846,Normal
2016-09-26,Ridge,5D,2,0.0070113134453597,-0.0016769975820680812,Normal
2016-09-27,Ridge,5D,2,-0.0043800635063002,-0.0005473780733973267,Normal
2016-09-28,Ridge,5D,2,-0.0053751538787457,-0.00016198314724844595,Normal
2016-09-29,Ridge,5D,2,0.00447141770394,-3.04780978206277e-05,Normal
2016-09-30,Ridge,5D,2,-0.0067237623257017,-9.41107696095201e-05,Normal
2016-10-03,Ridge,5D,2,0.0011375911731497,-0.0007227822364381186,Normal
2016-10-04,Ridge,5D,2,-0.0064191047382442,0.0001486430726816135,Normal
2016-10-05,Ridge,5D,2,-0.0095606587630423,0.0003298298132270439,Normal
2016-10-06,Ridge,5D,2,-0.013146179027881,0.00016783450895541292,Normal
2016-10-07,Ridge,5D,2,-0.0096858074271456,0.0023319724502061587,Normal
2016-10-10,Ridge,5D,2,-0.0173237558563101,0.001004442955732391,Normal
2016-10-11,Ridge,5D,2,0.0013423274471444,0.0018454011376199723,Low
2016-10-12,Ridge,5D,2,0.0023859673960959,0.002808640057012741,Low
2016-10-13,Ridge,5D,2,0.0041133726769491,0.0036253250005697725,Low
2016-10-14,Ridge,5D,2,0.0038276433776732,0.003273633570068282,Low
2016-10-17,Ridge,5D,2,0.0116088561369409,0.003860640486421145,Low
2016-10-18,Ridge,5D,2,0.0016623930665358,0.002509257432818132,Low
2016-10-19,Ridge,5D,2,-0.0022691070100018,0.0018960324618919118,Low
2016-10-20,Ridge,5D,2,-0.0038836317846298,0.0016686319873354812,Low
2016-10-21,Ridge,5D,2,-0.0069126267841001,0.0017543641794530852,Low
2016-10-24,Ridge,5D,2,-0.0117735053157261,0.0012285881806960545,Low
2016-10-25,Ridge,5D,2,-0.0147785669597547,0.0011069437970175349,Low
2016-10-26,Ridge,5D,2,-0.0195835234920215,0.002044744221192607,Low
2016-10-27,Ridge,5D,2,-0.0210255406086221,0.002973536304916184,Low
2016-10-28,Ridge,5D,2,-0.0195799207406899,0.003822540307167012,Low
2016-10-31,Ridge,5D,2,0.0025225628729735,0.005214062507769461,Low
2016-11-01,Ridge,5D,2,0.0130974603788661,0.006697840468107646,Low
2016-11-02,Ridge,5D,2,0.0306604647119761,0.0067897509566062116,Low
2016-11-03,Ridge,5D,2,0.0370425234506808,0.008928436388422918,Low
2016-11-04,Ridge,5D,2,0.0373111153745763,0.008969827614561464,Low
2016-11-07,Ridge,5D,2,0.0152154061879279,0.0013643350312954154,Normal
2016-11-08,Ridge,5D,2,0.0189034828128601,0.0024488696860486773,Low
2016-11-09,Ridge,5D,2,0.006303846410828,-0.0013041692142611184,Low
2016-11-10,Ridge,5D,2,0.0090204700559304,-0.001365636395315662,Low
2016-11-11,Ridge,5D,2,0.0080297470381797,-0.0019853379421302104,Low
2016-11-14,Ridge,5D,2,0.0155789585662366,0.00046564049293421127,Low
2016-11-15,Ridge,5D,2,0.0102890946477403,7.918940914812371e-05,Low
2016-11-16,Ridge,5D,2,0.012680309327025,0.0006266241497216212,Low
2016-11-17,Ridge,5D,2,0.0119215855792511,0.0007919183996476598,Low
2016-11-18,Ridge,5D,2,0.0090428476900643,0.0003265582981942757,Low
2016-11-21,Ridge,5D,2,0.0029435479724523,-0.0004702067741560829,Normal
2016-11-22,Ridge,5D,2,-0.001876473686297,-0.0001335627052055303,Normal
2016-11-23,Ridge,5D,2,-0.0062058948099697,-3.9849464802067065e-05,Low
2016-11-25,Ridge,5D,2,-0.0097157127033087,0.0001985376260769181,Low
2016-11-28,Ridge,5D,2,0.0013571034781701,-0.0010336702705308893,Normal
2016-11-29,Ridge,5D,2,0.0034277855937826,0.0009808095746392728,Low
2016-11-30,Ridge,5D,2,0.0191620748936624,0.0011863215123425269,Low
2016-12-01,Ridge,5D,2,0.0248408128772973,0.002005433567773865,Low
2016-12-02,Ridge,5D,2,0.0303653036901823,0.00297501839034838,Low
2016-12-05,Ridge,5D,2,0.0234227944728392,0.0017988279187793215,Low
2016-12-06,Ridge,5D,2,0.0265361932052016,0.0008046505891674896,Low
2016-12-07,Ridge,5D,2,0.0053085389986196,0.0001337020660635859,Low
2016-12-08,Ridge,5D,2,0.0070272316693024,-0.0007294171102334187,Low
2016-12-09,Ridge,5D,2,-0.0006463436146477,-0.000372005426034522,Low
2016-12-12,Ridge,5D,2,0.0024649113911628,-0.001112708003952246,Low
2016-12-13,Ridge,5D,2,-0.0004226594089212,-0.00039453772492677283,Low
2016-12-14,Ridge,5D,2,0.0052672503282597,0.0004853006242783578,Low
2016-12-15,Ridge,5D,2,-0.0004731685816905,0.0011367450836768022,Low
2016-12-16,Ridge,5D,2,0.0025299207043691,0.0008498219808708305,Low
2016-12-19,Ridge,5D,2,0.0028025968937065,0.0010371072611725274,Low
2016-12-20,Ridge,5D,2,-0.0092199562172178,0.0005580086911097997,Low
2016-12-21,Ridge,5D,2,-0.0070529182244085,0.0006455434575120873,Low
2016-12-22,Ridge,5D,2,-0.0098360416988662,0.0008870216958586085,Low
2016-12-23,Ridge,5D,2,-0.0026362074807884,0.0009778826455892767,Low
2016-12-27,Ridge,5D,2,0.0008239073852123,0.001130621381377352,Low
2016-12-28,Ridge,5D,2,0.0084445804925025,0.0014509953759227914,Low
2016-12-29,Ridge,5D,2,0.01224871740495,0.002157178940276164,Low
2016-12-30,Ridge,5D,2,0.0133416466302447,0.002683923456975665,Low
2017-01-03,Ridge,5D,2,0.0048908798770876,0.0017555666777880545,Low
2017-01-04,Ridge,5D,2,0.0020105584956402,0.0008305210743519045,Low
2017-01-05,Ridge,5D,2,0.0006344137043918,0.00012017263138118257,Low
2017-01-06,Ridge,5D,2,-0.0010282440810405,-7.20351815543252e-06,Low
2017-01-09,Ridge,5D,2,-0.0004452530656993,-0.0007053437409979902,Low
2017-01-10,Ridge,5D,2,0.00131694740411,0.00045803476372485805,Low
2017-01-11,Ridge,5D,2,-0.0051245326093112,0.0013174869540175267,Low
2017-01-12,Ridge,5D,2,0.0003831638457182,0.0008665421758067804,Low
2017-01-13,Ridge,5D,2,-0.0041587171954981,0.0017112130475352917,Low
2017-01-17,Ridge,5D,2,0.0053563377896824,0.0008108835948476309,Low
2017-01-18,Ridge,5D,2,0.0115881901158417,0.0013825551085186925,Low
2017-01-19,Ridge,5D,2,0.014468372804898,0.002181943215509746,Low
2017-01-20,Ridge,5D,2,0.0102409492538567,0.0018421698865693096,Low
2017-01-23,Ridge,5D,2,0.0069070254038297,0.0016426626580088263,Low
2017-01-24,Ridge,5D,2,-0.000526416733165,0.0011990731558664815,Low
2017-01-25,Ridge,5D,2,-0.0082221505410175,-0.0002933883231830848,Low
2017-01-26,Ridge,5D,2,-0.0069163487670634,-0.0007882962472766869,Low
2017-01-27,Ridge,5D,2,0.0011889875772318,-0.0003660558622302565,Low
2017-01-30,Ridge,5D,2,0.0050990635596193,-0.001222857156633529,Low
2017-01-31,Ridge,5D,2,0.0062161686314978,0.0009890281012176875,Low
2017-02-01,Ridge,5D,2,0.0066109317919909,0.002093646217332043,Low
2017-02-02,Ridge,5D,2,0.0117768486892601,0.0019183428182160973,Low
2017-02-03,Ridge,5D,2,0.0080980586567157,0.0017315983062522633,Low
2017-02-06,Ridge,5D,2,0.0154477897544361,0.0005335404338951453,Low
2017-02-07,Ridge,5D,2,0.0192203134862629,0.0011279023709393327,Low
2017-02-08,Ridge,5D,2,0.0235071200033878,0.0011259470641442665,Low
2017-02-09,Ridge,5D,2,0.0169065646658773,0.0010894666415168861,Low
2017-02-10,Ridge,5D,2,0.0150240071711055,0.0009514467056949185,Low
2017-02-13,Ridge,5D,2,0.0158217236071632,0.0005108350412859978,Low
2017-02-14,Ridge,5D,2,0.0107396102646865,0.001128201464018372,Low
2017-02-15,Ridge,5D,2,0.0061786205702113,0.00011960139827413914,Low
2017-02-16,Ridge,5D,2,0.008535362403793,0.0013260431341235433,Low
2017-02-17,Ridge,5D,2,0.0078756783442895,0.00135481921963723,Low
2017-02-21,Ridge,5D,2,-0.0007358777909744,0.001216113263716443,Low
2017-02-22,Ridge,5D,2,0.0139281194395549,0.0009381883866887501,Low
2017-02-23,Ridge,5D,2,0.0076321034961904,0.0014598120698000698,Low
2017-02-24,Ridge,5D,2,0.0066436036326937,0.002077001469527956,Low
2017-02-27,Ridge,5D,2,0.0023435156013942,0.0014860354524253371,Low
2017-02-28,Ridge,5D,2,0.0020075958144993,0.002690218714625479,Low
2017-03-01,Ridge,5D,2,-0.0138604432332898,0.0014242185757728277,Low
2017-03-02,Ridge,5D,2,-0.0071837506484183,0.0007414040329146572,Low
2017-03-03,Ridge,5D,2,-0.0044241613110946,0.00048018462419574905,Low
2017-03-06,Ridge,5D,2,-0.0007749729283591,-0.00023984132227425326,Low
2017-03-07,Ridge,5D,2,-0.0012420960071603,0.00023359620436186877,Low
2017-03-08,Ridge,5D,2,0.0093846110815899,0.002703501163110759,Low
2017-03-09,Ridge,5D,2,0.0069570006696399,0.002977689568824448,Low
2017-03-10,Ridge,5D,2,0.00237848169955,0.002811614511993828,Low
2017-03-13,Ridge,5D,2,0.0,0.0021912364877333277,Low
2017-03-14,Ridge,5D,2,-0.0091008456092111,0.001511282880264238,Low
2017-03-15,Ridge,5D,2,-0.0155526218864349,0.001714433582188546,Low
2017-03-16,Ridge,5D,2,-0.0149854192320813,0.0009629451540391842,Low
2017-03-17,Ridge,5D,2,-0.0145145921817883,0.0005790319180726741,Low
2017-03-20,Ridge,5D,2,-0.0135227836872537,0.0012322924816340543,Low
2017-03-21,Ridge,5D,2,0.0061881197324724,0.0003973267999749185,Low
2017-03-22,Ridge,5D,2,0.00538475308884,0.0025793316931342846,Low
2017-03-23,Ridge,5D,2,0.0093763961453749,0.0027518651254401154,Low
2017-03-24,Ridge,5D,2,0.0079631544210467,0.0028571606268907694,Low
2017-03-27,Ridge,5D,2,0.007339786698879,0.0030340829109991247,Low
2017-03-28,Ridge,5D,2,0.0006738439439163,0.002341531271111438,Low
2017-03-29,Ridge,5D,2,-0.003470429071436,0.0008041341014899773,Low
2017-03-30,Ridge,5D,2,-0.0044735896894059,0.0010990978803320527,Low
2017-03-31,Ridge,5D,2,-0.003043468214084,0.0005531267440918767,Low
2017-04-03,Ridge,5D,2,-0.0007125427702875,0.0017851114666967856,Low
2017-04-04,Ridge,5D,2,-0.002706817136907,0.002651761556890159,Low
2017-04-05,Ridge,5D,2,-0.0034143177443718,0.0023216825434532115,Low
2017-04-06,Ridge,5D,2,-0.012179988327911,0.0033321537234499024,Low
2017-04-07,Ridge,5D,2,-0.002776050173859,0.002705445557209742,Low
2017-04-10,Ridge,5D,2,-0.0063711031554755,0.002972699455260437,Low
2017-04-11,Ridge,5D,2,-0.0066540202603857,0.004102799733120914,Low
2017-04-12,Ridge,5D,2,0.004641867521575,0.004123171780470502,Low
2017-04-13,Ridge,5D,2,0.0084401997042637,0.005079188973265095,Low
2017-04-17,Ridge,5D,2,0.0106454706012683,0.003454037342416694,Low
2017-04-18,Ridge,5D,2,0.0196252876588527,0.003082509062450599,Low
2017-04-19,Ridge,5D,2,0.020857291580034,0.003629865526508939,Low
2017-04-20,Ridge,5D,2,0.0138812082173594,0.0026467228059255964,Low
2017-04-21,Ridge,5D,2,0.0150059168529848,0.002149622928131571,Low
2017-04-24,Ridge,5D,2,0.0059549720917668,0.0007514077324227903,Low
2017-04-25,Ridge,5D,2,0.0010711014658271,-0.0006393113431375579,Low
2017-04-26,Ridge,5D,2,0.0002847535456871,-0.0011549117101200238,Low
2017-04-27,Ridge,5D,2,0.0003139198332574,-0.0002717120198986668,Low
2017-04-28,Ridge,5D,2,0.0063092587122258,-0.0011275391346985365,Low
2017-05-01,Ridge,5D,2,0.00461591215724,0.0011904646341557713,Low
2017-05-02,Ridge,5D,2,0.0024017940146353,0.0007869892953458219,Low
2017-05-03,Ridge,5D,2,0.0048039261279122,0.0015076527629604573,Low
2017-05-04,Ridge,5D,2,0.0020568414659359,0.0017763834406921831,Low
2017-05-05,Ridge,5D,2,-0.0035030532823366,0.001074404258521855,Low
2017-05-08,Ridge,5D,2,0.0012246437487705,0.001603870751397037,Low
2017-05-09,Ridge,5D,2,0.0015632852685779,0.0006492430484222413,Low
2017-05-10,Ridge,5D,2,-0.0179121456199867,0.0007647484653433459,Low
2017-05-11,Ridge,5D,2,-0.012066955618664,0.0011913660156961843,Low
2017-05-12,Ridge,5D,2,-0.0038427170696693,0.002432611929151245,Low
2017-05-15,Ridge,5D,2,-0.0034609960766761,0.0013183217981251193,Low
2017-05-16,Ridge,5D,2,-0.0009376778673096,0.0013969191756771724,Low
2017-05-17,Ridge,5D,2,0.0198938241083818,-0.001753380473580569,Low
2017-05-18,Ridge,5D,2,0.0206458975231438,0.0028164208976531376,Low
2017-05-19,Ridge,5D,2,0.0142116961002456,0.0014989903945671914,Low
2017-05-22,Ridge,5D,2,0.0078594820747036,0.00015708719310610466,Low
2017-05-23,Ridge,5D,2,0.0055632222823716,-0.0008940174160005903,Low
2017-05-24,Ridge,5D,2,0.0106197840626428,0.00020489388075078138,Low
2017-05-25,Ridge,5D,2,0.0098885466387106,-0.00032464380796722123,Low
2017-05-26,Ridge,5D,2,0.0083596377129795,0.0001683978529920954,Low
2017-05-30,Ridge,5D,2,0.0067820797763092,-0.00035587905959829974,Low
2017-05-31,Ridge,5D,2,0.0088091831926082,0.00047563632059302564,Low
2017-06-01,Ridge,5D,2,0.0015337566434255,0.0007826409693449685,Low
2017-06-02,Ridge,5D,2,-0.0029974518408077,9.608041402446067e-05,Low
2017-06-05,Ridge,5D,2,-0.0027582871800972,-0.0007689114911542958,Low
2017-06-06,Ridge,5D,2,0.0045259803293369,-0.0005911758445958076,Low
2017-06-07,Ridge,5D,2,0.001962624567672,1.721004533562125e-05,Low
2017-06-08,Ridge,5D,2,-0.0005466542648332,0.0009467590734780155,Low
2017-06-09,Ridge,5D,2,0.0005672787514136,0.0015939744246137727,Low
2017-06-12,Ridge,5D,2,0.0098591044380257,0.0014060098135244635,Low
2017-06-13,Ridge,5D,2,-0.001361414852136,0.0018008922631504796,Low
2017-06-14,Ridge,5D,2,-0.00094790208009,0.0008888349444080643,Low
2017-06-15,Ridge,5D,2,0.0008383217443122,0.002512843919407806,Low
2017-06-16,Ridge,5D,2,0.0021144211496616,0.0018268880987563551,Low
2017-06-19,Ridge,5D,2,-0.0058824101175,0.0006756353277253861,Low
2017-06-20,Ridge,5D,2,-0.007268836246241,0.00019589000996484123,Low
2017-06-21,Ridge,5D,2,0.0020834795935815,0.0008441232847016483,Low
2017-06-22,Ridge,5D,2,-0.0060978512781217,0.0008200995694009245,Low
2017-06-23,Ridge,5D,2,-0.0061254922226571,0.0005292987470686635,Low
2017-06-26,Ridge,5D,2,-0.0041330761832419,0.0017455026522003962,Low
2017-06-27,Ridge,5D,2,0.0054247344287195,0.00037001437676071973,Low
2017-06-28,Ridge,5D,2,-0.0127577545246977,0.0011865198694508512,Low
2017-06-29,Ridge,5D,2,0.0022621748890593,-0.0007806783389189185,Low
2017-06-30,Ridge,5D,2,0.0016574533816982,0.0006097653336493117,Low
2017-07-03,Ridge,5D,2,-0.0014337016635313,0.0005871852034481796,Low
2017-07-05,Ridge,5D,2,0.0043931252480014,-1.3059414630050507e-05,Low
2017-07-06,Ridge,5D,2,0.0156789420283407,0.00044431415013297746,Low
2017-07-07,Ridge,5D,2,0.0139588456287342,0.0013076734142118563,Low
2017-07-10,Ridge,5D,2,0.0129785952885148,0.0002623924823959866,Low
2017-07-11,Ridge,5D,2,0.0143592610527079,0.0006207372434932388,Low
2017-07-12,Ridge,5D,2,0.0124384683209401,-0.00015199505255037013,Low
2017-07-13,Ridge,5D,2,0.0104119677588599,-0.0003410414922996798,Low
2017-07-14,Ridge,5D,2,0.0053814122596416,5.4189363279670945e-05,Low
2017-07-17,Ridge,5D,2,0.0043700255009398,-0.0012072519580877796,Low
2017-07-18,Ridge,5D,2,0.0066912543227269,-0.0008617783990929676,Low
2017-07-19,Ridge,5D,2,0.0016156201127928,0.00027068183646006055,Low
2017-07-20,Ridge,5D,2,0.000796129564006,0.00010703516680986096,Low
2017-07-21,Ridge,5D,2,-0.000177946784901,0.0005040152063659142,Low
2017-07-24,Ridge,5D,2,0.0001579433759479,-4.2228426382868956e-05,Low
2017-07-25,Ridge,5D,2,-0.0003148433690117,-0.0003040449551517618,Low
2017-07-26,Ridge,5D,2,-0.0001049399677836,0.000838838280052728,Low
2017-07-27,Ridge,5D,2,-0.0013178201653356,0.0005931892300225629,Low
2017-07-28,Ridge,5D,2,0.0019115169303198,0.0016756006877793753,Low
2017-07-31,Ridge,5D,2,0.0042857724091601,0.0013953229708353703,Low
2017-08-01,Ridge,5D,2,-0.0005777005961637,0.001582460853097018,Low
2017-08-02,Ridge,5D,2,-0.0014339027962235,0.0014368255866225243,Low
2017-08-03,Ridge,5D,2,-0.0138280793620194,0.0018429998590628895,Low
2017-08-04,Ridge,5D,2,-0.0144406436515716,0.0017838749113964188,Low
2017-08-07,Ridge,5D,3,-0.0060928370498025,0.0014525621947978102,Low
2017-08-08,Ridge,5D,3,-0.0041744171463007,0.001181114666170068,Low
2017-08-09,Ridge,5D,3,-0.002391646830256,0.002303061382450515,Low
2017-08-10,Ridge,5D,3,-0.0033687709167059,-0.00020704443880243794,Low
2017-08-11,Ridge,5D,3,-0.0064805817060451,0.004031941559232678,Low
2017-08-14,Ridge,5D,3,-0.0153122572375284,0.001907646261342679,Low
2017-08-15,Ridge,5D,3,-0.0049216296500197,0.0009594572888247565,Low
2017-08-16,Ridge,5D,3,-0.009800295305991,0.0006794560997472232,Low
2017-08-17,Ridge,5D,3,0.0036804304340618,-0.000442106901997405,Low
2017-08-18,Ridge,5D,3,0.0071889557643515,0.0019879461543139045,Low
2017-08-21,Ridge,5D,3,0.0065139335230812,0.002864696898113964,Low
2017-08-22,Ridge,5D,3,-0.0025352949755339,0.001311288859564038,Low
2017-08-23,Ridge,5D,3,0.005528806945166,-9.683343135224141e-05,Low
2017-08-24,Ridge,5D,3,0.0133100972770179,0.0007224362315768084,Low
2017-08-25,Ridge,5D,3,0.0136192036504155,0.0007636340088866106,Low
2017-08-28,Ridge,5D,3,0.0055527916249745,9.334680748112971e-05,Low
2017-08-29,Ridge,5D,3,0.0078341673561089,0.0019178280705960597,Low
2017-08-30,Ridge,5D,3,0.0030511835231943,0.00161475903820782,Low
2017-08-31,Ridge,5D,3,-0.004143450204977,0.0006838597762533203,Low
2017-09-01,Ridge,5D,3,0.0046569469498348,0.00014605809433167107,Low
2017-09-05,Ridge,5D,3,0.0155947080968629,-0.0017847666286250796,Low
2017-09-06,Ridge,5D,3,0.0132276998518014,0.00046113284555926925,Low
2017-09-07,Ridge,5D,3,0.0123048280458272,0.00041195092058057803,Low
2017-09-08,Ridge,5D,3,0.0156402657354442,0.0016100200441924962,Low
2017-09-11,Ridge,5D,3,0.0063141524674265,0.000801100621629706,Low
2017-09-12,Ridge,5D,3,0.0040654294892745,-0.0008068390966854671,Low
2017-09-13,Ridge,5D,3,0.0039427419435017,-0.0005473763069018781,Low
2017-09-14,Ridge,5D,3,0.0019934998474148,-0.0006681063146933191,Low
2017-09-15,Ridge,5D,3,0.0007956062964223,2.731864617140211e-06,Low
2017-09-18,Ridge,5D,3,-0.0028837783325608,0.0011526876581401005,Low
2017-09-19,Ridge,5D,3,-0.0039211938233972,0.0010702213947728825,Low
2017-09-20,Ridge,5D,3,-0.0004785181237189,0.0013237284448695983,Low
2017-09-21,Ridge,5D,3,0.0037759384521338,0.0011198577661513144,Low
2017-09-22,Ridge,5D,3,0.0068266175254656,0.0013328540321394767,Low
2017-09-25,Ridge,5D,3,0.0129176590550319,0.0009306216353219607,Low
2017-09-26,Ridge,5D,3,0.0150020061137978,0.0017936733583093984,Low
2017-09-27,Ridge,5D,3,0.0121711273729236,0.0016545973603879448,Low
2017-09-28,Ridge,5D,3,0.0165981407752782,0.0012287770246636348,Low
2017-09-29,Ridge,5D,3,0.0118256665415398,0.0005979907049381945,Low
2017-10-02,Ridge,5D,3,0.0061530838438138,0.0004393504998034582,Low
2017-10-03,Ridge,5D,3,0.0063162922896308,0.000638388940089775,Low
2017-10-04,Ridge,5D,3,0.0068722315581807,0.0005545689395215704,Low
2017-10-05,Ridge,5D,3,-0.0004468495934632,0.0009634979756907605,Low
2017-10-06,Ridge,5D,3,0.0015050835766228,-0.00010929803223078344,Low
2017-10-09,Ridge,5D,3,0.005060369976942,0.0001145864492229831,Low
2017-10-10,Ridge,5D,3,0.0034130032518981,0.0012273481361662752,Low
2017-10-11,Ridge,5D,3,0.0023531798335641,0.0012150356837038543,Low
2017-10-12,Ridge,5D,3,0.004369301068926,0.0016211530688819119,Low
2017-10-13,Ridge,5D,3,0.0085953752491101,0.001653020741535052,Low
2017-10-16,Ridge,5D,3,0.0028657574038072,0.001076009580506406,Low
2017-10-17,Ridge,5D,3,0.0038100053729312,0.0012728579563492629,Low
2017-10-18,Ridge,5D,3,-0.0016060098256582,0.0019177704339896498,Low
2017-10-19,Ridge,5D,3,-0.0006638146900663,0.0023565806107105447,Low
2017-10-20,Ridge,5D,3,0.0022729991046303,0.001304212101843608,Low
2017-10-23,Ridge,5D,3,0.0030558170408866,0.0005834176730757435,Low
2017-10-24,Ridge,5D,3,0.002383229103008,0.0016123829920787393,Low
2017-10-25,Ridge,5D,3,0.0086480288981718,0.0019519296298062664,Low
2017-10-26,Ridge,5D,3,0.0075678374172363,0.001698404820340577,Low
2017-10-27,Ridge,5D,3,0.0026195167638237,0.001965532866988592,Low
2017-10-30,Ridge,5D,3,0.0070875380253408,-0.00012021311583333824,Low
2017-10-31,Ridge,5D,3,0.0059544042835794,0.0007300466632675194,Low
2017-11-01,Ridge,5D,3,0.005806174107736,0.0004245378921207423,Low
2017-11-02,Ridge,5D,3,0.001847244998699,0.0005965489171030635,Low
2017-11-03,Ridge,5D,3,-0.002143091303669,0.0019478214073344658,Low
2017-11-06,Ridge,5D,3,-0.0024303842771522,0.0007286687481694071,Low
2017-11-07,Ridge,5D,3,-0.0045535440323522,0.0007466737311853199,Low
2017-11-08,Ridge,5D,3,-0.0115371567065363,0.001556206172944334,Low
2017-11-09,Ridge,5D,3,0.0003944774158062,0.0011556568011799502,Low
2017-11-10,Ridge,5D,3,-0.0013368925870375,0.001890509954090789,Low
2017-11-13,Ridge,5D,3,-0.0010451736095404,0.0028809798025611092,Low
2017-11-14,Ridge,5D,3,0.007786945830494,0.003004841710951156,Low
2017-11-15,Ridge,5D,3,0.0125774018692881,0.0031621549471931632,Low
2017-11-16,Ridge,5D,3,0.0064687333645478,0.0029741617715329073,Low
2017-11-17,Ridge,5D,3,0.0087138187566419,0.00177901169473343,Low
2017-11-20,Ridge,5D,3,0.0172392810646454,0.0020608542054444527,Low
2017-11-21,Ridge,5D,3,0.010350148302102,0.0010600310699768263,Low
2017-11-22,Ridge,5D,3,0.0192582776682427,5.033344721145109e-05,Low
2017-11-24,Ridge,5D,3,0.0151777104542054,0.001069817178571132,Low
2017-11-27,Ridge,5D,3,0.0145093314917221,-0.00010048615521354048,Low
2017-11-28,Ridge,5D,3,0.0009626087689731,0.0003513027219336218,Low
2017-11-29,Ridge,5D,3,0.0012177904812336,6.805053380721528e-05,Low
2017-11-30,Ridge,5D,3,-0.0040117291714681,0.000187299799496619,Low
2017-12-01,Ridge,5D,3,0.0035060557998552,0.0013902328456616767,Low
2017-12-04,Ridge,5D,3,0.0077556084708376,0.0004495470198575631,Low
2017-12-05,Ridge,5D,3,0.0130497227188825,0.002096569672513691,Low
2017-12-06,Ridge,5D,3,0.0126907659192625,0.0018783659431159732,Low
2017-12-07,Ridge,5D,3,0.0056835311783907,0.0029511592463078344,Low
2017-12-08,Ridge,5D,3,0.0091266425530152,0.001703539547021376,Low
2017-12-11,Ridge,5D,3,0.0112782790109169,0.000951190856674477,Low
2017-12-12,Ridge,5D,3,0.006495057245709,1.3565028946584384e-05,Low
2017-12-13,Ridge,5D,3,0.0061398901422865,0.0006570833543923734,Low
2017-12-14,Ridge,5D,3,0.0122027448857075,0.0010671733223700974,Low
2017-12-15,Ridge,5D,3,0.002810159837451,0.0011005802086019815,Low
2017-12-18,Ridge,5D,3,-0.0035972944422051,0.00010409885245290791,Low
2017-12-19,Ridge,5D,3,0.0004288319111557,-0.0003704057731575333,Low
2017-12-20,Ridge,5D,3,0.0030893869876478,0.0003021015800887285,Low
2017-12-21,Ridge,5D,3,-0.0040909323177587,7.585445064781267e-05,Low
2017-12-22,Ridge,5D,3,0.0046364175387529,0.0007110684980489016,Low
2017-12-26,Ridge,5D,3,0.0120738264827477,0.0016692020145793111,Low
2017-12-27,Ridge,5D,3,0.0153037410278324,0.0015559309465094154,Low
2017-12-28,Ridge,5D,3,0.0204805679134982,0.0020379826232548373,Low
2017-12-29,Ridge,5D,3,0.0273381639735433,0.0011301817825762484,Low
2018-01-02,Ridge,5D,3,0.0203711692724436,0.001689534752218542,Low
2018-01-03,Ridge,5D,3,0.0128798902169869,0.0006819059061064008,Low
2018-01-04,Ridge,5D,3,0.0158683731305417,-0.0005813089978872988,Low
2018-01-05,Ridge,5D,3,0.0155861536410508,-0.0007195432428522839,Low
2018-01-08,Ridge,5D,3,0.0103944766121511,-0.0010531165618640364,Low
2018-01-09,Ridge,5D,3,0.018463399301355,-0.0008530353084481089,Low
2018-01-10,Ridge,5D,3,0.0179585476154019,0.0006125444087993725,Low
2018-01-11,Ridge,5D,3,0.0153251698335101,7.572321770587002e-05,Low
2018-01-12,Ridge,5D,3,0.0166326078166292,0.00020982980010313124,Low
2018-01-16,Ridge,5D,3,0.022335326046454,-0.00024471894828109156,Low
2018-01-17,Ridge,5D,3,0.0124041872927199,0.000533935994284543,Low
2018-01-18,Ridge,5D,3,0.0146243241890266,9.722742679527064e-05,Low
2018-01-19,Ridge,5D,3,0.0220203143081206,0.0009605219566032898,Low
2018-01-22,Ridge,5D,3,0.0072312136410444,0.0008068084685127542,Low
2018-01-23,Ridge,5D,3,-0.0058994341325149,-0.0001477495185391183,Low
2018-01-24,Ridge,5D,3,-0.0048504357265881,0.0007746516461162151,Low
2018-01-25,Ridge,5D,3,-0.0061011734774444,0.0010507580437023492,Low
2018-01-26,Ridge,5D,3,-0.0393094921002275,0.0007380919719611897,Low
2018-01-29,Ridge,5D,3,-0.0743972967537459,-0.0008614469262472175,Low
2018-01-30,Ridge,5D,3,-0.0461480805994716,0.002029618724708201,Low
2018-01-31,Ridge,5D,3,-0.051651084681919,0.0017285922740838575,Low
2018-02-01,Ridge,5D,3,-0.0892618385756973,0.001803240316666909,Low
2018-02-02,Ridge,5D,3,-0.0529995128594741,0.0034185247596552845,Normal
2018-02-05,Ridge,5D,3,0.0026616937570934,0.016192371163369423,High
2018-02-06,Ridge,5D,3,-0.012019357611566,0.0031884036149735107,High
2018-02-07,Ridge,5D,3,0.0063082204210834,0.005031898046727486,High
2018-02-08,Ridge,5D,3,0.0565641344436604,0.014342390741268812,High
2018-02-09,Ridge,5D,3,0.0421118888940577,0.0022949832860760227,High
2018-02-12,Ridge,5D,3,0.0224347061090342,-0.002092791308581214,High
2018-02-13,Ridge,5D,3,0.0143135196454458,0.0004941115043693218,High
2018-02-14,Ridge,5D,3,0.0019731573221267,-0.006454760031453075,High
2018-02-15,Ridge,5D,3,0.0058775737904723,-0.0027128767450461913,High
2018-02-16,Ridge,5D,3,0.0171926127611782,-0.002753858160781102,High
2018-02-20,Ridge,5D,3,0.010262818426548,-0.001322150157940287,High
2018-02-21,Ridge,5D,3,0.0046166768262027,-0.0015060592421318694,High
2018-02-22,Ridge,5D,3,-0.0097703665142515,-0.0010680117708778535,High
2018-02-23,Ridge,5D,3,-0.020612859274174,-0.0025102007726977705,High
2018-02-26,Ridge,5D,3,-0.0213296802842749,-0.004167262506775871,High
2018-02-27,Ridge,5D,3,-0.0059059859108106,-0.00302048074839953,High
2018-02-28,Ridge,5D,3,0.0047678283471291,-0.0016655072681346574,High
2018-03-01,Ridge,5D,3,0.0226349424108902,0.001113740068038913,High
2018-03-02,Ridge,5D,3,0.0348057036668992,-0.0003374861308137365,High
2018-03-05,Ridge,5D,3,0.0225592887183742,0.001369580608412089,High
2018-03-06,Ridge,5D,3,0.0135399953720628,0.0006620997458031861,High
2018-03-07,Ridge,5D,3,0.0082830173725903,-0.0011767502443986617,High
2018-03-08,Ridge,5D,3,0.0030476327646091,-0.0016620261920816523,High
2018-03-09,Ridge,5D,3,-0.0124799160293667,-0.0015988430997826895,Normal
2018-03-12,Ridge,5D,3,-0.0255111592327417,-0.002891699551521612,Normal
2018-03-13,Ridge,5D,3,-0.0176465401567079,-0.0019953709653527775,Normal
2018-03-14,Ridge,5D,3,-0.0137512624571486,-0.0013887604706974668,Normal
2018-03-15,Ridge,5D,3,-0.0384539130309065,-0.0015995099522492567,Normal
2018-03-16,Ridge,5D,3,-0.0613457182898889,0.00036901734349410764,Normal
2018-03-19,Ridge,5D,3,-0.0202446370424801,0.002988276299806571,Normal
2018-03-20,Ridge,5D,3,-0.0391526313495209,0.0016255805113676546,Normal
2018-03-21,Ridge,5D,3,-0.0402278581233542,0.0017745528644417812,Normal
2018-03-22,Ridge,5D,3,-0.0010671936566562,0.0048474081309351595,High
2018-03-23,Ridge,5D,3,-0.0024680686884014,0.006983494893331785,High
2018-03-26,Ridge,5D,3,-0.0167271480786958,-0.0023454352758148895,High
2018-03-27,Ridge,5D,3,0.0122002399130728,0.002094414910534085,High
2018-03-28,Ridge,5D,3,0.0219605802141867,0.001512517230975429,High
2018-03-29,Ridge,5D,3,-0.0138792643367217,-0.0028429756082973706,High
2018-04-02,Ridge,5D,3,0.0120424129743669,0.00038788760055854057,High
2018-04-03,Ridge,5D,3,0.0160950506549399,-0.0017684866961910706,High
2018-04-04,Ridge,5D,3,-0.0009457374639679,-0.0011547652531558117,High
2018-04-05,Ridge,5D,3,0.0004317398320378,-0.0046738198752297525,High
2018-04-06,Ridge,5D,3,0.019705007062396,-0.0007259727711499782,High
2018-04-09,Ridge,5D,3,0.0244503488963662,-0.002329204577235805,High
2018-04-10,Ridge,5D,3,0.0184668215139188,-0.0038641605966611837,High
2018-04-11,Ridge,5D,3,0.0248385276939331,-0.0022885460977004673,High
2018-04-12,Ridge,5D,3,0.0108790472004436,-0.003907215190855368,High
2018-04-13,Ridge,5D,3,0.0051966698387975,-0.0039024808160664447,High
2018-04-16,Ridge,5D,3,-0.0028234368515809,-0.004911983134940932,High
2018-04-17,Ridge,5D,3,-0.0268993964719227,-0.004034631291530361,High
2018-04-18,Ridge,5D,3,-0.0258950426466523,-0.004593748215859943,High
2018-04-19,Ridge,5D,3,-0.0097723166634425,-0.0036686598356313904,High
2018-04-20,Ridge,5D,3,-8.613420372609898e-05,-0.0020558381645539216,High
2018-04-23,Ridge,5D,3,-0.0083635568638318,-0.0011101020325614214,High
2018-04-24,Ridge,5D,3,0.0076531333136708,0.0009711827755372838,High
2018-04-25,Ridge,5D,3,-0.0014141921205552,0.00212184812512535,High
2018-04-26,Ridge,5D,3,-0.0140505538929963,-0.0010436610410144384,High
2018-04-27,Ridge,5D,3,-0.0024337491360252,-0.0027274363375902094,High
2018-04-30,Ridge,5D,3,0.009239423967886,-0.001133862006394923,Normal
2018-05-01,Ridge,5D,3,0.0064279451851247,-0.0019346278614042894,Normal
2018-05-02,Ridge,5D,3,0.0232955443213959,-0.0017761624294100682,Normal
2018-05-03,Ridge,5D,3,0.0348787735103083,0.0008235380940585789,Normal
2018-05-04,Ridge,5D,3,0.0238551027529346,0.0007208306519298746,Normal
2018-05-07,Ridge,5D,3,0.0212862217080712,-0.0019761916414840807,Normal
2018-05-08,Ridge,5D,3,0.0146862432758141,-0.0019358771628140126,Normal
2018-05-09,Ridge,5D,3,0.0091029351884598,-0.0020376298380785003,Normal
2018-05-10,Ridge,5D,3,-0.0010803152039986,-0.0033703265598998534,Normal
2018-05-11,Ridge,5D,3,-0.0054221197295101,-0.0024818514324257226,Normal
2018-05-14,Ridge,5D,3,0.0010543853082964,-0.0031163929689272123,Normal
2018-05-15,Ridge,5D,3,0.0047793517594122,-0.003112590936887014,Normal
2018-05-16,Ridge,5D,3,0.0039701571187966,-0.0015522133642079587,Normal
2018-05-17,Ridge,5D,3,0.0028011329496839,-0.00044543232590438936,Normal
2018-05-18,Ridge,5D,3,0.0030767951500483,-0.00021347967640538866,Normal
2018-05-21,Ridge,5D,3,-0.0159143819096771,-0.0010161933656942443,Normal
2018-05-22,Ridge,5D,3,-0.0001578179648782,-0.00038640824390991004,Low
2018-05-23,Ridge,5D,3,-0.010304296415211,-0.00017533021954559158,Low
2018-05-24,Ridge,5D,3,0.0025117662517512,-0.0009588119395795148,Low
2018-05-25,Ridge,5D,3,0.0093413642042894,-0.0011380604875944286,Low
2018-05-29,Ridge,5D,3,0.0216752829856573,0.0010919998896588084,Low
2018-05-30,Ridge,5D,3,0.0175903082710454,-0.0001299369579754201,Normal
2018-05-31,Ridge,5D,3,0.0237791978924951,0.00036147896762181854,Normal
2018-06-01,Ridge,5D,3,0.0161094270910067,-0.0014120238582564387,Normal
2018-06-04,Ridge,5D,3,0.0127079691995946,-0.002960654770737144,Low
2018-06-05,Ridge,5D,3,0.0137474902087229,-0.003002711929330822,Low
2018-06-06,Ridge,5D,3,0.0011823350299995,-0.0021635389030855642,Normal
2018-06-07,Ridge,5D,3,0.0043652791744877,-0.003259231268004721,Low
2018-06-08,Ridge,5D,3,0.0002266299512422,-0.001954506307810822,Low
2018-06-11,Ridge,5D,3,-0.0029698982365844,-0.001884656018495419,Low
2018-06-12,Ridge,5D,3,-0.0087432834666798,-0.0017807369699799477,Low
2018-06-13,Ridge,5D,3,-0.0029983387011558,-0.0005873712502269322,Low
2018-06-14,Ridge,5D,3,-0.0118325680668798,-0.0006317475088712418,Low
2018-06-15,Ridge,5D,3,-0.0089547444962517,-0.0005715660376432985,Low
2018-06-18,Ridge,5D,3,-0.0206460762831359,0.00011254102305532877,Low
2018-06-19,Ridge,5D,3,-0.0144124078260477,0.0003404567411328819,Low
2018-06-20,Ridge,5D,3,-0.0247646843633013,0.0009678160144814994,Low
2018-06-21,Ridge,5D,3,-0.0122392755010497,0.0011323518595600906,Low
2018-06-22,Ridge,5D,3,-0.0133413628686667,0.0012058704321610608,Low
2018-06-25,Ridge,5D,3,0.0035416209333973,0.002632551137753742,Normal
2018-06-26,Ridge,5D,3,-0.0036201588528331,0.002630819225562412,Low
2018-06-27,Ridge,5D,3,0.0136052842058458,0.004173092361930548,Low
2018-06-28,Ridge,5D,3,0.0158911217873946,0.00348099579339258,Low
2018-06-29,Ridge,5D,3,0.0239172966852191,0.002345395055917168,Low
2018-07-02,Ridge,5D,3,0.0243212851697478,0.0025545724197188705,Low
2018-07-03,Ridge,5D,3,0.022161428078365,0.002540202154745877,Low
2018-07-05,Ridge,5D,3,0.022288562912999,0.000969954583851738,Low
2018-07-06,Ridge,5D,3,0.0149217008490275,0.0009204806556572606,Low
2018-07-09,Ridge,5D,3,0.0051087454427876,-0.0010262048554623903,Low
2018-07-10,Ridge,5D,3,0.0056073204674089,-0.0014154812644484776,Low
2018-07-11,Ridge,5D,3,0.0148849889160629,-0.0015932127441936977,Low
2018-07-12,Ridge,5D,3,0.0022131704868413,-0.0007068498410347651,Low
2018-07-13,Ridge,5D,3,0.0001856171789584,-0.000848175731569928,Low
2018-07-16,Ridge,5D,3,0.0030506441430882,-0.0004872060052202483,Low
2018-07-17,Ridge,5D,3,0.0038543386856985,0.0006460544982782927,Low
2018-07-18,Ridge,5D,3,0.0107565916793336,-0.00022594513902227413,Low
2018-07-19,Ridge,5D,3,0.0116805157795157,0.0004204556050344593,Low
2018-07-20,Ridge,5D,3,0.0060455789059447,0.0013663907309246683,Low
2018-07-23,Ridge,5D,3,-0.0015615727528739,0.0013870647082119033,Low
2018-07-24,Ridge,5D,3,-0.0014582544196243,0.0017710898964830957,Low
2018-07-25,Ridge,5D,3,-0.0115595825575681,0.0010441876666463254,Low
2018-07-26,Ridge,5D,3,-0.0036083302264919,0.0006142123356847129,Low
2018-07-27,Ridge,5D,3,0.0076089364837016,8.408844272462775e-05,Low
2018-07-30,Ridge,5D,3,0.0169117084500903,0.0008917800956704923,Low
2018-07-31,Ridge,5D,3,0.0148590729772732,0.0012787846336913225,Low
2018-08-01,Ridge,5D,3,0.0156375516515492,0.002536008416157955,Low
2018-08-02,Ridge,5D,3,0.0092804873923004,0.002256744966922214,Low
2018-08-03,Ridge,5D,3,-0.002492256936292,0.0006948614904070771,Low
2018-08-06,Ridge,5D,3,-0.010038277253074,0.0004706969058931522,Low
2018-08-07,Ridge,5D,3,-0.0064895489831425,9.813399985526263e-05,Low
2018-08-08,Ridge,5D,3,-0.0138583431712261,0.0004039124684128209,Low
2018-08-09,Ridge,5D,3,-0.0045274139415481,-6.821892851887625e-05,Low
2018-08-10,Ridge,5D,3,0.0059295046969593,0.000347366093491712,Low
2018-08-13,Ridge,5D,3,0.0123686172650679,0.0028034406932200004,Low
2018-08-14,Ridge,5D,3,0.0080660872032776,0.0025911628000126283,Low
2018-08-15,Ridge,5D,3,0.0152990647304129,0.0025536426375064925,Low
2018-08-16,Ridge,5D,3,0.0057181562542397,0.001980603168555588,Low
2018-08-17,Ridge,5D,3,0.0085802558072619,0.0012117311478873748,Low
2018-08-20,Ridge,5D,3,0.0137963223122442,4.134364286194998e-06,Low
2018-08-21,Ridge,5D,3,0.0119991644352154,8.000973732431773e-05,Low
2018-08-22,Ridge,5D,3,0.0180826379583704,0.0005598975714342831,Low
2018-08-23,Ridge,5D,3,0.0153351598374476,0.0015113210375253929,Low
2018-08-24,Ridge,5D,3,0.0092899223764673,0.001611443732723445,Low
2018-08-27,Ridge,5D,3,-6.911079522445216e-06,0.0008649011721766546,Low
2018-08-28,Ridge,5D,3,-0.0030832159583867,0.0005566525258795293,Low
2018-08-29,Ridge,5D,3,-0.0124274494639165,0.0008834968090342504,Low
2018-08-30,Ridge,5D,3,-0.0102030753144729,0.00016000143504558712,Low
2018-08-31,Ridge,5D,3,-0.0084415155670846,0.0013143605651704288,Low
2018-09-04,Ridge,5D,3,-0.0030529578284898,0.001967565008604037,Low
2018-09-05,Ridge,5D,4,0.0001107133226698,0.002365883158302295,Low
2018-09-06,Ridge,5D,4,0.0090380565186791,0.004194949791668609,Low
2018-09-07,Ridge,5D,4,0.01152929831446,0.004634555632439926,Low
2018-09-10,Ridge,5D,4,0.0040479791082175,0.004255326866390608,Low
2018-09-11,Ridge,5D,4,0.0056697662861272,0.003858407395258799,Low
2018-09-12,Ridge,5D,4,0.0065656459694056,0.002510793890443918,Low
2018-09-13,Ridge,5D,4,0.0091073079953435,0.002424031425689429,Low
2018-09-14,Ridge,5D,4,0.0084632631575701,0.0016388927777459398,Low
2018-09-17,Ridge,5D,4,0.0105266718351056,0.0009114320608429758,Low
2018-09-18,Ridge,5D,4,0.0038660704743622,0.002308926267279702,Low
2018-09-19,Ridge,5D,4,-0.0006811172399696,0.0016615046184795235,Low
2018-09-20,Ridge,5D,4,-0.0057316551967875,0.0008168330722040499,Low
2018-09-21,Ridge,5D,4,-0.0053699244039186,0.0005538289322012386,Low
2018-09-24,Ridge,5D,4,0.0017864502522938,0.0005341233394512082,Low
2018-09-25,Ridge,5D,4,0.0026956298351326,0.0011011854987569604,Low
2018-09-26,Ridge,5D,4,0.0067015962530107,0.002011638692339641,Low
2018-09-27,Ridge,5D,4,-0.0042609153965102,0.0030346172557667865,Low
2018-09-28,Ridge,5D,4,-0.0097973598369942,0.003059043373155059,Low
2018-10-01,Ridge,5D,4,-0.0138270468875424,0.002443529827861953,Low
2018-10-02,Ridge,5D,4,-0.0148491878114176,0.002298843421352923,Low
2018-10-03,Ridge,5D,4,-0.048976843590738,0.002609037799256456,Low
2018-10-04,Ridge,5D,4,-0.0615613881422696,0.0015412582185881014,Low
2018-10-05,Ridge,5D,4,-0.0419118381492711,0.004404683704209543,Low
2018-10-08,Ridge,5D,4,-0.0474391257322215,0.005106937761128584,Low
2018-10-09,Ridge,5D,4,-0.0247523878631661,0.0052909384385891895,Low
2018-10-10,Ridge,5D,4,0.008411306916771,0.006603037753591309,Normal
2018-10-11,Ridge,5D,4,0.0147023963139714,0.010244142961534601,Normal
2018-10-12,Ridge,5D,4,0.0002349257703155,0.002825555672727983,Normal
2018-10-15,Ridge,5D,4,0.001848610965138,0.004836008741937262,Normal
2018-10-16,Ridge,5D,4,-0.0249462932504573,-0.0007049538298996669,High
2018-10-17,Ridge,5D,4,-0.0560443728489332,-0.0007769763291452256,High
2018-10-18,Ridge,5D,4,-0.023094164294878,0.0001121126924385834,High
2018-10-19,Ridge,5D,4,-0.0402120671696018,0.0013339388937662865,High
2018-10-22,Ridge,5D,4,-0.0424844783683179,0.0011051322055083078,High
2018-10-23,Ridge,5D,4,-0.0214120792157463,0.006409520562501507,High
2018-10-24,Ridge,5D,4,0.0207315733999656,0.009353724201800436,High
2018-10-25,Ridge,5D,4,0.0127803542897808,0.003354539715291153,High
2018-10-26,Ridge,5D,4,0.0239227712439042,0.004860789345278174,High
2018-10-29,Ridge,5D,4,0.0360886732362923,0.006049644529506679,High
2018-10-30,Ridge,5D,4,0.0267831380088234,0.0016362785830405227,High
2018-10-31,Ridge,5D,4,0.0369773378150262,-0.0019026316297732296,High
2018-11-01,Ridge,5D,4,0.0239627699580054,-0.0014963747061543474,High
2018-11-02,Ridge,5D,4,0.0210579050985128,-0.0005000230457563491,High
2018-11-05,Ridge,5D,4,-0.0044249395841488,-0.001340026329186393,High
2018-11-06,Ridge,5D,4,-0.0121477461507313,-0.0006922174428732354,High
2018-11-07,Ridge,5D,4,-0.0407310135299559,-0.0026321664468202683,High
2018-11-08,Ridge,5D,4,-0.0276809117988224,-0.002081119492230969,High
2018-11-09,Ridge,5D,4,-0.0162184883459659,-0.0027602277056510555,High
2018-11-12,Ridge,5D,4,-0.01310349859622,4.7734457950146135e-05,High
2018-11-13,Ridge,5D,4,-0.0299384753306319,-0.00021454019353835336,High
2018-11-14,Ridge,5D,4,-0.0193036172014141,0.005508416841829514,High
2018-11-15,Ridge,5D,4,-0.0364180696559117,0.003975203094052645,High
2018-11-16,Ridge,5D,4,-0.0232259313480293,0.0008827062983142813,High
2018-11-19,Ridge,5D,4,-0.0031863857476951,0.0021609807705413615,High
2018-11-20,Ridge,5D,4,0.0378456611120046,0.003983304774292942,High
2018-11-21,Ridge,5D,4,0.032621497255844,0.0022282222722825396,High
2018-11-23,Ridge,5D,4,0.0473354646843172,0.004126659650192146,High
2018-11-26,Ridge,5D,4,0.0428044906333132,0.000576802272234403,High
2018-11-27,Ridge,5D,4,0.0066478774301444,0.0010176787136328901,High
2018-11-28,Ridge,5D,4,-0.0175895617871137,-0.0016955258539680087,High
2018-11-29,Ridge,5D,4,-0.0390004026980424,-0.0024973612534159558,High
2018-11-30,Ridge,5D,4,-0.0453773471917438,-0.003614296408843487,High
2018-12-03,Ridge,5D,4,-0.056615758661412,-0.003770296593155571,High
2018-12-04,Ridge,5D,4,-0.0183106588125046,-0.0028752750904598038,High
2018-12-06,Ridge,5D,4,-0.0169872212107754,0.0011557251200066954,High
2018-12-07,Ridge,5D,4,-0.012662098023153,0.0027444547975415574,High
2018-12-10,Ridge,5D,4,-0.035414986074646,0.002906352081628471,High
2018-12-11,Ridge,5D,4,-0.0349721795455512,0.0034471320352424777,High
2018-12-12,Ridge,5D,4,-0.0558925097318393,0.0023632588702481396,High
2018-12-13,Ridge,5D,4,-0.0715903689035281,0.001085370139733398,High
2018-12-14,Ridge,5D,4,-0.073122277133369,0.002290363635986398,High
2018-12-17,Ridge,5D,4,-0.0796165651831067,0.00511551406900141,High
2018-12-18,Ridge,5D,4,-0.0312997843660908,0.005184185067380071,High
2018-12-19,Ridge,5D,4,-0.007258096221337,0.008447385014173601,High
2018-12-20,Ridge,5D,4,0.0073973593525356,0.012265515233622364,High
2018-12-21,Ridge,5D,4,0.036657105713283,0.012718817327096274,High
2018-12-24,Ridge,5D,4,0.0654113716542236,0.018257127825557492,High
2018-12-26,Ridge,5D,4,-0.0080601378354963,-0.001138541221810629,High
2018-12-27,Ridge,5D,4,0.0171730322560332,0.0010144894461905428,High
2018-12-28,Ridge,5D,4,0.0254013621614943,-0.004285458403763742,High
2018-12-31,Ridge,5D,4,0.0265933236357848,-0.007728946990396852,High
2019-01-02,Ridge,5D,4,0.0294153019059809,-0.007542166801594705,High
2019-01-03,Ridge,5D,4,0.0589918750993581,0.0003462720327350847,High
2019-01-04,Ridge,5D,4,0.025086167494529,-0.0057347841492843355,High
2019-01-07,Ridge,5D,4,0.0128287969120497,-0.005745136372295167,High
2019-01-08,Ridge,5D,4,0.0138448284553133,-0.006437943730461434,High
2019-01-09,Ridge,5D,4,0.0119746776515793,-0.007578813652585448,High
2019-01-10,Ridge,5D,4,0.015029166983353,-0.006890292507246704,High
2019-01-11,Ridge,5D,4,0.0282723883676913,-0.004414375173520239,High
2019-01-14,Ridge,5D,4,0.0192853061269683,-0.003021558993031551,High
2019-01-15,Ridge,5D,4,0.0108211771666582,-0.0022933940813347486,High
2019-01-16,Ridge,5D,4,0.0099764367485474,-0.002217808194596365,High
2019-01-17,Ridge,5D,4,0.0108665737428296,-0.0027137952292562812,High
2019-01-18,Ridge,5D,4,-0.010108114945735,-0.003806478676032324,High
2019-01-22,Ridge,5D,4,0.0026930539471225,-0.0025249005772116327,High
2019-01-23,Ridge,5D,4,0.0159221739192316,-0.0022307271451419185,High
2019-01-24,Ridge,5D,4,0.0231080426180221,-0.0017648005355565576,High
2019-01-25,Ridge,5D,4,0.0155533815023111,-0.004472008485669965,High
2019-01-28,Ridge,5D,4,0.0301845384684998,-0.0008109569896767586,High
2019-01-29,Ridge,5D,4,0.0363392168409647,-0.00033128913610589047,High
2019-01-30,Ridge,5D,4,0.0186826912318958,-0.0023388419850538704,High
2019-01-31,Ridge,5D,4,0.0007208492198978,-0.0034199850354367676,High
2019-02-01,Ridge,5D,4,0.0004986152011035,-0.0021406446590516194,Normal
2019-02-04,Ridge,5D,4,-0.0055459141125577,-0.003632189766857268,Normal
2019-02-05,Ridge,5D,4,0.0025645683529307,-0.0036453075912087447,Normal
2019-02-06,Ridge,5D,4,0.0078109156641504,-0.0023875117927036798,Normal
2019-02-07,Ridge,5D,4,0.0145569454826821,-0.0011814368681390545,Normal
2019-02-08,Ridge,5D,4,0.0247009775816269,-0.0009202858985604115,Normal
2019-02-11,Ridge,5D,4,0.0254897471044006,-0.0007006886540344033,Normal
2019-02-12,Ridge,5D,4,0.0144574277623027,-0.00143721856870113,Normal
2019-02-13,Ridge,5D,4,0.0079053268427506,-0.002676528487168979,Normal
2019-02-14,Ridge,5D,4,0.0169511289211595,-0.0018308997030028215,Normal
2019-02-15,Ridge,5D,4,0.0073622287059535,-0.0034745188117171356,Normal
2019-02-19,Ridge,5D,4,0.0050738377065212,-0.003747103935040288,Normal
2019-02-20,Ridge,5D,4,0.0027541067094823,-0.0021339579739016994,Low
2019-02-21,Ridge,5D,4,0.0034572684363733,-0.0025786382359086783,Low
2019-02-22,Ridge,5D,4,0.003938286330376,-0.0029488578231688144,Normal
2019-02-25,Ridge,5D,4,-0.0011809255146309,-0.0025164163643210226,Low
2019-02-26,Ridge,5D,4,-0.0015223293314974,-0.0009307169520605372,Low
2019-02-27,Ridge,5D,4,-0.0075236054993244,-0.0004388690295000462,Low
2019-02-28,Ridge,5D,4,-0.0128530090387051,-0.001406001884343056,Low
2019-03-01,Ridge,5D,4,-0.0218586297588718,-0.001020907835425614,Low
2019-03-04,Ridge,5D,4,-0.0034109868001272,-0.0004512396569932146,Low
2019-03-05,Ridge,5D,4,0.0006701524173848,-0.0007177180696422254,Low
2019-03-06,Ridge,5D,4,0.0141411727785291,-0.0003370100054143608,Low
2019-03-07,Ridge,5D,4,0.0214316845852642,0.0007597654624582845,Low
2019-03-08,Ridge,5D,4,0.0285381681251485,0.00263842014423382,Low
2019-03-11,Ridge,5D,4,0.0176777293605669,-0.0005914860192802634,Low
2019-03-12,Ridge,5D,4,0.0145981935528351,-0.0021270555472906122,Low
2019-03-13,Ridge,5D,4,0.004723950055046,-0.003296759810858924,Low
2019-03-14,Ridge,5D,4,0.0163863648813315,-0.003560456081445915,Low
2019-03-15,Ridge,5D,4,-0.0077429816613723,-0.003597297564762978,Low
2019-03-18,Ridge,5D,4,-0.0122814512935903,-0.002588518328343956,Low
2019-03-19,Ridge,5D,4,-0.0049938282657296,-0.002079176600990879,Low
2019-03-20,Ridge,5D,4,-0.0067002748015589,-0.0011420853571828926,Low
2019-03-21,Ridge,5D,4,-0.0139112355809866,-0.0012397761963329334,Low
2019-03-22,Ridge,5D,4,0.0119572975966112,-0.002683214912122276,Normal
2019-03-25,Ridge,5D,4,0.0242988659479659,0.000450883789108442,Normal
2019-03-26,Ridge,5D,4,0.0171592685548901,-0.0006323097188476649,Normal
2019-03-27,Ridge,5D,4,0.0239604842515781,-0.0006475786611224884,Normal
2019-03-28,Ridge,5D,4,0.0224598947793108,4.776889195556096e-05,Normal
2019-03-29,Ridge,5D,4,0.020373906359085,-0.0010691628275312432,Normal
2019-04-01,Ridge,5D,4,0.0099186225915643,-0.001738583262347095,Normal
2019-04-02,Ridge,5D,4,0.0038151906010365,-0.0011351749485856114,Normal
2019-04-03,Ridge,5D,4,0.0051409559354472,-0.0009000309832501066,Normal
2019-04-04,Ridge,5D,4,0.0030966130327957,-0.0003179881878558595,Normal
2019-04-05,Ridge,5D,4,0.0050584737992424,-0.0004919598254591701,Normal
2019-04-08,Ridge,5D,4,0.0033819948043615,0.00018499879794829774,Low
2019-04-09,Ridge,5D,4,0.0099771995651713,0.00017207558335941508,Normal
2019-04-10,Ridge,5D,4,0.0042289609899325,0.0005053427552738606,Normal
2019-04-11,Ridge,5D,4,0.0057686854738393,0.0005830852236165789,Normal
2019-04-12,Ridge,5D,4,0.0001926129012265,2.0450962513763552e-05,Normal
2019-04-15,Ridge,5D,4,0.009624531320579,-0.0003567563332125018,Normal
2019-04-16,Ridge,5D,4,0.0069211343924027,8.678546749801125e-05,Normal
2019-04-17,Ridge,5D,4,0.0088284934728688,0.0003642032094359855,Normal
2019-04-18,Ridge,5D,4,0.0119249969719239,0.00042521439926929247,Low
2019-04-22,Ridge,5D,4,0.011984439659225,0.0022054632066747836,Low
2019-04-23,Ridge,5D,4,0.0041330531830212,0.001165715079209984,Low
2019-04-24,Ridge,5D,4,-0.0012032240642338,7.194325199030372e-05,Low
2019-04-25,Ridge,5D,4,-0.0029604269726438,0.0012722038378090127,Low
2019-04-26,Ridge,5D,4,0.0019573501829687,0.0013640774597091288,Low
2019-04-29,Ridge,5D,4,-0.0035946115103377,0.0005609854898716313,Low
2019-04-30,Ridge,5D,4,-0.0211950642980348,0.001995457945809883,Low
2019-05-01,Ridge,5D,4,-0.0152713338371634,0.0018917571227786477,Low
2019-05-02,Ridge,5D,4,-0.0161710878504088,0.003084017908680849,Low
2019-05-03,Ridge,5D,4,-0.0220498212594077,0.0018520679676516645,Low
2019-05-06,Ridge,5D,4,-0.0419952772088326,0.001719335638134112,Low
2019-05-07,Ridge,5D,4,-0.0173618015967111,0.003982998706681431,Low
2019-05-08,Ridge,5D,4,-0.0099330918795681,0.004696898809823589,Low
2019-05-09,Ridge,5D,4,0.0019488638988593,0.005035139115065177,Low
2019-05-10,Ridge,5D,4,-0.0076189673451031,0.004821204823953932,Low
2019-05-13,Ridge,5D,4,0.0100352438179889,0.004742833989477107,Normal
2019-05-14,Ridge,5D,4,0.0105112053879637,0.0024129058534142172,Normal
2019-05-15,Ridge,5D,4,0.0018608186963412,0.0019702598470672057,Normal
2019-05-16,Ridge,5D,4,-0.0189808306614396,0.00015630238760832357,Normal
2019-05-17,Ridge,5D,4,-0.0117737497153587,0.0002634170013646178,Normal
2019-05-20,Ridge,5D,4,-0.0134124417402136,0.0007498072014186277,Normal
2019-05-21,Ridge,5D,4,-0.0288083010006357,-0.00025270670503581326,Normal
2019-05-22,Ridge,5D,4,-0.0238836359617393,0.00037411700354684856,Normal
2019-05-23,Ridge,5D,4,-0.0251811489709104,0.00197184589930311,Normal
2019-05-24,Ridge,5D,4,-0.0293028633972555,0.001667329198588094,Normal
2019-05-28,Ridge,5D,4,0.0003140136840822,0.0022414313511049484,Normal
2019-05-29,Ridge,5D,4,0.0153786508301275,0.0045029563388726945,Normal
2019-05-30,Ridge,5D,4,0.0193992188311347,0.003947477612749318,Normal
2019-05-31,Ridge,5D,4,0.0431254033288479,0.003956326903735753,Normal
2019-06-03,Ridge,5D,4,0.0505436940579213,0.004759008477686253,Normal
2019-06-04,Ridge,5D,4,0.0289878255188922,0.0005106933794474778,High
2019-06-05,Ridge,5D,4,0.0188194407128411,-0.0006133744294137945,Normal
2019-06-06,Ridge,5D,4,0.016791610539687,-0.0014436970350465343,High
2019-06-07,Ridge,5D,4,0.0047358195062741,-0.0017095237975606155,High
2019-06-10,Ridge,5D,4,0.0010179148638613,-0.0025904755984470186,High
2019-06-11,Ridge,5D,4,0.0110383459147834,0.0006541183358327045,Normal
2019-06-12,Ridge,5D,4,0.0160587205350446,5.2677054055586285e-05,Normal
2019-06-13,Ridge,5D,4,0.0213973153680675,0.00019605914409217542,Normal
2019-06-14,Ridge,5D,4,0.0217501108744924,0.0011723474969361385,Normal
2019-06-17,Ridge,5D,4,0.0190854069815525,0.0019380206116099597,Normal
2019-06-18,Ridge,5D,4,-0.0001268582518056,0.001188153243447773,Normal
2019-06-19,Ridge,5D,4,-0.0043422707236335,0.00034342263270917815,Normal
2019-06-20,Ridge,5D,4,-0.0099539902669158,-0.00018852232176970354,Normal
2019-06-21,Ridge,5D,4,-0.0029530321465882,0.00025172419121838796,Normal
2019-06-24,Ridge,5D,4,0.0064233749249528,0.00014899813756467364,Normal
2019-06-25,Ridge,5D,4,0.0188889978423289,0.0015838809026076182,Normal
2019-06-26,Ridge,5D,4,0.0277667891818173,0.0023373211002769984,Normal
2019-06-27,Ridge,5D,4,0.0221433691846778,0.002824283413080615,Normal
2019-06-28,Ridge,5D,4,0.0115552543339544,0.002306213000447682,Normal
2019-07-01,Ridge,5D,4,0.0051480287814544,0.0014353168546275665,Low
2019-07-02,Ridge,5D,4,0.0067247284405483,0.0005067433447454458,Low
2019-07-03,Ridge,5D,4,0.0013642523588127,0.0001689230564102405,Low
2019-07-05,Ridge,5D,4,0.0077813208654278,-0.0005014580597536495,Low
2019-07-08,Ridge,5D,4,0.0128043476039357,-0.00043826658559192443,Low
2019-07-09,Ridge,5D,4,0.0081589699904715,0.0011976745506539887,Low
2019-07-10,Ridge,5D,4,-0.0028942424117043,0.0011732206344434095,Low
2019-07-11,Ridge,5D,4,-0.0016012642818338,0.0013002283801034971,Low
2019-07-12,Ridge,5D,4,-0.0124066880487449,0.0007498446262912814,Low
2019-07-15,Ridge,5D,4,-0.0097578400908788,0.0004097589692329585,Low
2019-07-16,Ridge,5D,4,0.0004758896034078,0.0003901745385655373,Low
2019-07-17,Ridge,5D,4,0.0117057478829768,0.0006124256244912715,Low
2019-07-18,Ridge,5D,4,0.0028538536905583,0.0018949602447585299,Low
2019-07-19,Ridge,5D,4,0.0164102789261859,0.0020041418932521433,Low
2019-07-22,Ridge,5D,4,0.0119681553108781,0.002262321708593576,Low
2019-07-23,Ridge,5D,4,0.0025620247995576,0.0010863806384924946,Low
2019-07-24,Ridge,5D,4,-0.0130603749660582,0.0009077013193421466,Low
2019-07-25,Ridge,5D,4,-0.0168236060512647,-0.00012651864219165722,Low
2019-07-26,Ridge,5D,4,-0.0314935303616128,-0.00019072215184242204,Low
2019-07-29,Ridge,5D,4,-0.0601062906022502,-0.0009598096258638153,Low
2019-07-30,Ridge,5D,4,-0.0445912813190392,0.00023245307703429114,Low
2019-07-31,Ridge,5D,4,-0.0328794920330404,0.0022916962762038998,Low
2019-08-01,Ridge,5D,4,-0.0052515019973693,0.0043249844910585485,Low
2019-08-02,Ridge,5D,4,-0.0045807065914613,0.00573450613429412,Low
2019-08-05,Ridge,5D,4,0.0132556664623181,0.009189167535702316,Normal
2019-08-06,Ridge,5D,4,0.0153409888184535,0.0021593250634179624,Normal
2019-08-07,Ridge,5D,4,-0.0151559459699411,0.0040093820867367356,Normal
2019-08-08,Ridge,5D,4,-0.0312831717386259,-0.0010145590915893044,High
2019-08-09,Ridge,5D,4,-0.0103215204327238,-0.0009475490660829174,High
2019-08-12,Ridge,5D,4,0.014105464247589,0.000887291565554279,High
2019-08-13,Ridge,5D,4,-0.0088590973318284,-0.0010553820344144304,High
2019-08-14,Ridge,5D,4,0.0290842346800602,0.0007942948769117424,High
2019-08-15,Ridge,5D,4,0.0261167950226014,0.0015250250853333911,High
2019-08-16,Ridge,5D,4,-0.0144951442724813,-0.001634249120825901,High
2019-08-19,Ridge,5D,4,-0.0156052071060809,-0.004215347918136243,High
2019-08-20,Ridge,5D,4,-0.0108673135945216,-0.0025684212175707457,High
2019-08-21,Ridge,5D,4,-0.0125561416213122,-0.0037853890203877784,High
2019-08-22,Ridge,5D,4,0.0005575437790607,-0.002705030901679043,High
2019-08-23,Ridge,5D,4,0.0274890056617754,-0.00015616986721940225,High
2019-08-26,Ridge,5D,4,0.0096428835982921,-0.0007869697465079201,High
2019-08-27,Ridge,5D,4,0.0236349306772696,-0.00012977068180958316,High
2019-08-28,Ridge,5D,4,0.0300366920684668,0.00034696164144919217,High
2019-08-29,Ridge,5D,4,0.0183394004317492,-0.0021481065771045927,High
2019-08-30,Ridge,5D,4,0.0176028049929726,-0.0008439214845392241,High
2019-09-03,Ridge,5D,4,0.024848066751589,0.001359650018157933,High
2019-09-04,Ridge,5D,4,0.021268013799555,-0.0023674832177450087,High
2019-09-05,Ridge,5D,4,0.0112171171560286,-0.0027826952115629407,High
2019-09-06,Ridge,5D,4,0.0095822494746856,-0.0031605715102924698,High
2019-09-09,Ridge,5D,4,0.0065357512372295,-0.00267498243041133,High
2019-09-10,Ridge,5D,4,0.0087919241837605,-0.00194907742554672,High
2019-09-11,Ridge,5D,4,0.0019308851416402,-0.002257459152558731,High
2019-09-12,Ridge,5D,4,-0.0009241566146634,0.0004763511987414108,Normal
2019-09-13,Ridge,5D,4,-0.0051070788425777,-0.0006784276742759375,Normal
2019-09-16,Ridge,5D,4,-0.0020635065440492,-0.0012542867014913408,Normal
2019-09-17,Ridge,5D,4,-0.0130939208800627,-0.0006555314964812058,Normal
2019-09-18,Ridge,5D,4,-0.007296868922366,0.0009974293856028177,Normal
2019-09-19,Ridge,5D,4,-0.0097487144539087,0.0002567179423652061,Normal
2019-09-20,Ridge,5D,4,-0.0101716499281569,0.0003954536201092537,Normal
2019-09-23,Ridge,5D,4,-0.0050397990950809,0.0027227343956543453,Low
2019-09-24,Ridge,5D,4,-0.0089219370769422,0.002462574113306036,Low
2019-09-25,Ridge,5D,4,-0.0331270265065499,0.0027224668532599447,Low
2019-09-26,Ridge,5D,4,-0.0227548507230698,0.0020353865840836267,Low
2019-09-27,Ridge,5D,4,-0.0033075309046822,0.002568219595590379,Low
2019-09-30,Ridge,5D,4,-0.0128307933936121,0.0017423645065007278,Low
2019-10-01,Ridge,5D,4,-0.0161798260003093,0.0029849391159633854,Low
2019-10-02,Ridge,5D,4,0.0109488747021802,0.0048346603244056275,Normal
2019-10-03,Ridge,5D,4,0.0094037723400961,0.003293088297146175,Low
2019-10-04,Ridge,5D,5,0.006166566774626,9.475373301860062e-05,Normal
2019-10-07,Ridge,5D,5,0.0092668373750884,0.0007340714942079613,Normal
2019-10-08,Ridge,5D,5,0.0348564423036876,0.00169430749936564,Normal
2019-10-09,Ridge,5D,5,0.023791601235648,-0.0007757603156168511,Normal
2019-10-10,Ridge,5D,5,0.0201554207936407,-0.0006978793074433097,Normal
2019-10-11,Ridge,5D,5,0.0053487954100518,-0.0013084264880698325,Normal
2019-10-14,Ridge,5D,5,0.0135849911886045,-0.0018450824718790476,Normal
2019-10-15,Ridge,5D,5,0.0001034965537386,-0.00246063950611103,Normal
2019-10-16,Ridge,5D,5,0.0049481444527631,-0.00274975946934022,Normal
2019-10-17,Ridge,5D,5,0.0041077271421593,-0.002392424983885948,Normal
2019-10-18,Ridge,5D,5,0.012099202362615,-0.0010518797096480438,Normal
2019-10-21,Ridge,5D,5,0.0108169081733991,-0.001484303860711472,Normal
2019-10-22,Ridge,5D,5,0.0135592054752952,-0.0003007177300575763,Normal
2019-10-23,Ridge,5D,5,0.0139641915303217,-0.0006243570673368105,Normal
2019-10-24,Ridge,5D,5,0.0090181482366112,-0.0006911673946561237,Normal
2019-10-25,Ridge,5D,5,0.0145696492856028,-0.0005300024871104482,Normal
2019-10-28,Ridge,5D,5,0.0127010751747975,-0.0018657594021625123,Normal
2019-10-29,Ridge,5D,5,0.0123474244194576,-0.0006262114243176728,Normal
2019-10-30,Ridge,5D,5,0.0098015856108898,0.00027817910191953177,Normal
2019-10-31,Ridge,5D,5,0.0155553994897095,-0.0014738290376825874,Normal
2019-11-01,Ridge,5D,5,0.0084968720751778,-0.0011363567323670028,Low
2019-11-04,Ridge,5D,5,0.0028352308565282,-0.0014751785996983476,Low
2019-11-05,Ridge,5D,5,0.005585056869612,-0.0005247714878604719,Low
2019-11-06,Ridge,5D,5,0.0055940878474386,-0.0005205662062212233,Low
2019-11-07,Ridge,5D,5,0.0037044052176145,-0.0006271752576933686,Low
2019-11-08,Ridge,5D,5,0.008813030850472,0.000719688701238634,Low
2019-11-11,Ridge,5D,5,0.0112804525866188,0.0006803251259251998,Low
2019-11-12,Ridge,5D,5,0.0091242591856633,0.0008385750894512596,Low
2019-11-13,Ridge,5D,5,0.0046497211946059,0.0012810476624046457,Low
2019-11-14,Ridge,5D,5,0.0022290224939598,0.001526514578977654,Low
2019-11-15,Ridge,5D,5,-0.0032644323416373,0.0011512492497380102,Low
2019-11-18,Ridge,5D,5,0.0037117932230201,0.00012693182984951663,Low
2019-11-19,Ridge,5D,5,0.0064977269676528,0.0007486455489231843,Low
2019-11-20,Ridge,5D,5,0.0144267190138937,0.0011338894828932604,Low
2019-11-21,Ridge,5D,5,0.0119914388700941,0.0010711079601690098,Low
2019-11-22,Ridge,5D,5,0.0011503812337543,0.0024434255915294825,Low
2019-11-25,Ridge,5D,5,-0.0129890959117578,0.001147221662529539,Low
2019-11-26,Ridge,5D,5,-0.008878601947928,0.0006420928527029394,Low
2019-11-27,Ridge,5D,5,-0.0115452106465976,0.00018455364159329114,Low
2019-11-29,Ridge,5D,5,0.0015683216138172,0.0001582782092948618,Low
2019-12-02,Ridge,5D,5,0.0070689716233066,-0.0004256651454404097,Low
2019-12-03,Ridge,5D,5,0.0126316607123676,0.0033069838167915345,Low
2019-12-04,Ridge,5D,5,0.0092319406329482,0.0028978112482287554,Low
2019-12-05,Ridge,5D,5,0.0162714810818732,0.002872250845964627,Low
2019-12-06,Ridge,5D,5,0.0072498142016621,0.0013315911996747405,Low
2019-12-09,Ridge,5D,5,0.0175400088286793,0.0005438566820300721,Low
2019-12-10,Ridge,5D,5,0.0189727810261245,0.0018795632017888568,Low
2019-12-11,Ridge,5D,5,0.0156364498562511,0.001888531138112215,Low
2019-12-12,Ridge,5D,5,0.0115471613025602,0.0013871960182092202,Low
2019-12-13,Ridge,5D,5,0.0164071779566796,0.001552662021568481,Low
2019-12-16,Ridge,5D,5,0.0101505857284352,-7.822141517422687e-05,Low
2019-12-17,Ridge,5D,5,0.0096198823975058,-0.0004611162443025525,Low
2019-12-18,Ridge,5D,5,0.0151673384480825,-0.00036693458011559507,Low
2019-12-19,Ridge,5D,5,0.0107519437658763,0.0008807246588913105,Low
2019-12-20,Ridge,5D,5,2.1751882192300326e-05,-7.2976191857815e-05,Low
2019-12-23,Ridge,5D,5,0.0020976738120846,0.000854490045736038,Low
2019-12-24,Ridge,5D,5,0.0106370364768695,0.0008434601478455112,Low
2019-12-26,Ridge,5D,5,-0.0015629352981388,0.0004190988008756884,Low
2019-12-27,Ridge,5D,5,0.0019302257564756,0.0006167876907746009,Low
2019-12-30,Ridge,5D,5,0.0049206467512307,0.0017227215867350696,Low
2019-12-31,Ridge,5D,5,0.0068694295926811,0.003102813332858227,Low
2020-01-02,Ridge,5D,5,0.0051587483472708,0.0017964813336893844,Low
2020-01-03,Ridge,5D,5,0.0093843952247204,0.0009354512673659304,Low
2020-01-06,Ridge,5D,5,0.0128092440763811,0.002357307294468662,Low
2020-01-07,Ridge,5D,5,0.0141007383240802,0.0014885767771653713,Low
2020-01-08,Ridge,5D,5,0.0110787150821269,0.0021241891861488445,Low
2020-01-09,Ridge,5D,5,0.0127772483874523,0.0018798030888829216,Low
2020-01-10,Ridge,5D,5,0.0194912341224423,0.0013054975905045342,Low
2020-01-13,Ridge,5D,5,0.0098837397069237,0.0009608448991583662,Low
2020-01-14,Ridge,5D,5,0.0116884548405006,0.0008062595503693944,Low
2020-01-15,Ridge,5D,5,0.0109603307901708,0.0009710296334720925,Low
2020-01-16,Ridge,5D,5,-0.0064547060582548,0.0010100621142670938,Low
2020-01-17,Ridge,5D,5,-0.0261651816625839,0.0006965472036532236,Low
2020-01-21,Ridge,5D,5,-0.0135062977926458,0.0005082559588796119,Low
2020-01-22,Ridge,5D,5,-0.0146625822329115,0.0011609308095374344,Low
2020-01-23,Ridge,5D,5,-0.0126734514960586,0.001600918600012303,Low
2020-01-24,Ridge,5D,5,-0.0214546056412278,0.0021662373890640584,Low
2020-01-27,Ridge,5D,5,0.0016295724768487,0.0037122875644685256,Low
2020-01-28,Ridge,5D,5,0.0064955048940021,0.00311949064394681,Normal
2020-01-29,Ridge,5D,5,0.0185505336965597,0.0030182781141470808,Low
2020-01-30,Ridge,5D,5,0.0187412318233504,0.003113166260203671,Low
2020-01-31,Ridge,5D,5,0.0311901843852553,0.0027457814421837584,Normal
2020-02-03,Ridge,5D,5,0.0312614487445959,0.0026000327848994835,Normal
2020-02-04,Ridge,5D,5,0.018079181513092,0.0003750236526181897,Normal
2020-02-05,Ridge,5D,5,0.013333255959322,-0.0008024969155919345,Normal
2020-02-06,Ridge,5D,5,0.0083813245423315,-0.0015032044872794392,Normal
2020-02-07,Ridge,5D,5,0.0156386516502752,-0.0012105960295142465,Normal
2020-02-10,Ridge,5D,5,0.0054147475435542,-0.0003286383099383417,Normal
2020-02-11,Ridge,5D,5,0.008422447141837,-8.793578110025796e-05,Normal
2020-02-12,Ridge,5D,5,-0.0018422233913635,0.0005602498353773137,Normal
2020-02-13,Ridge,5D,5,-0.0107842562641946,0.0005855015802011881,Normal
2020-02-14,Ridge,5D,5,-0.0467141717831207,0.0002661059227620922,Normal
2020-02-18,Ridge,5D,5,-0.0745378621723262,0.0007632491605073738,Normal
2020-02-19,Ridge,5D,5,-0.0830183077801412,0.0012712232478476887,Normal
2020-02-20,Ridge,5D,5,-0.1243636267044048,0.0021827089580685665,Normal
2020-02-21,Ridge,5D,5,-0.1220622805812382,0.002622074755703647,Normal
2020-02-24,Ridge,5D,5,-0.0429633323913842,0.0059143983046970345,High
2020-02-25,Ridge,5D,5,-0.0407259129389455,0.010997650300799407,High
2020-02-26,Ridge,5D,5,0.0043961337452176,0.00975678077738495,High
2020-02-27,Ridge,5D,5,0.0150534876574977,0.02464010802323938,High
2020-02-28,Ridge,5D,5,0.0061250071147647,0.019264162709345417,High
2020-03-02,Ridge,5D,5,-0.1178962745950201,0.0001219553488667883,High
2020-03-03,Ridge,5D,5,-0.0411707372462464,0.008358373244652322,High
2020-03-04,Ridge,5D,5,-0.1326099794154851,-0.0067564114862229425,High
2020-03-05,Ridge,5D,5,-0.1980440493779775,0.005977994666168867,High
2020-03-06,Ridge,5D,5,-0.0920346987763553,0.004212324963146391,High
2020-03-09,Ridge,5D,5,-0.1406764833088012,0.025964782571624153,High
2020-03-10,Ridge,5D,5,-0.1306652230989684,-0.005859539288475863,High
2020-03-11,Ridge,5D,5,-0.1337846026224432,0.01897748448479352,High
2020-03-12,Ridge,5D,5,-0.0291429892495688,0.04826277941184289,High
2020-03-13,Ridge,5D,5,-0.1622790202521715,-0.022490236818114007,High
2020-03-16,Ridge,5D,5,-0.064358323788931,0.04057367418997456,High
2020-03-17,Ridge,5D,5,-0.0329014039066596,-0.004150959309791034,High
2020-03-18,Ridge,5D,5,0.0317898588462429,0.005286512609465966,High
2020-03-19,Ridge,5D,5,0.0876369289500884,-0.008689601260879339,High
2020-03-20,Ridge,5D,5,0.0976967074618287,-0.0023501120692697814,High
2020-03-23,Ridge,5D,5,0.1603947990413803,-0.0017348227194952156,High
2020-03-24,Ridge,5D,5,0.0545692557350013,-0.001299688986980092,High
2020-03-25,Ridge,5D,5,-0.0020460974186078,-0.000302642509004223,High
2020-03-26,Ridge,5D,5,-0.0400172714358939,-0.012790283777099799,High
2020-03-27,Ridge,5D,5,-0.0210022867202119,-0.004206434429206639,High
2020-03-30,Ridge,5D,5,0.0139993668546436,-0.0293679863646448,High
2020-03-31,Ridge,5D,5,0.0285373385946971,-0.014464074974277163,High
2020-04-01,Ridge,5D,5,0.1071730725187686,-0.003742246092117135,High
2020-04-02,Ridge,5D,5,0.0989838857655076,-0.010405614273734973,High
2020-04-03,Ridge,5D,5,0.1040806871467748,-0.011253160953452367,High
2020-04-06,Ridge,5D,5,0.066227002574252,-0.011287388980029582,High
2020-04-07,Ridge,5D,5,0.0455546089502452,-0.01324296443297723,High
2020-04-08,Ridge,5D,5,0.0178650755985019,-0.018625423013726994,High
2020-04-09,Ridge,5D,5,0.0299225373161231,-0.016259713875373775,High
2020-04-13,Ridge,5D,5,0.0220357511454526,-0.020354817084768714,High
2020-04-14,Ridge,5D,5,-0.0392339236631857,-0.011672780900630057,High
2020-04-15,Ridge,5D,5,0.0057141095913203,-0.009113456336754358,High
2020-04-16,Ridge,5D,5,-0.0006252959084167,-0.0068236495499356935,High
2020-04-17,Ridge,5D,5,-0.013244137362898,-0.011542480829178917,High
2020-04-20,Ridge,5D,5,0.0194055764341857,0.0003219645907927497,High
2020-04-21,Ridge,5D,5,0.0453045214800325,0.0008358212169270786,High
2020-04-22,Ridge,5D,5,0.0488699249429688,-0.012485285982672022,High
2020-04-23,Ridge,5D,5,0.0401543492841097,-0.006969569339572311,High
2020-04-24,Ridge,5D,5,-0.0021279522975054,-0.014057094972319602,High
2020-04-27,Ridge,5D,5,-0.0124939979003919,-0.011308340943233665,High
2020-04-28,Ridge,5D,5,0.0017621074878715,-0.010340603714346596,High
2020-04-29,Ridge,5D,5,-0.0314784769562441,-0.012691808177064747,High
2020-04-30,Ridge,5D,5,-0.0107843778822984,-0.005641575863347598,High
2020-05-01,Ridge,5D,5,0.0344066281977036,-0.004702584879696742,High
2020-05-04,Ridge,5D,5,0.030298874985645,-0.006260519299359888,High
2020-05-05,Ridge,5D,5,0.0005855740158176,-0.011912394155251929,High
2020-05-06,Ridge,5D,5,-0.0100275422094197,-0.0036304598409817256,High
2020-05-07,Ridge,5D,5,-0.0100075801602392,-0.010405502460575918,High
2020-05-08,Ridge,5D,5,-0.0228197000217424,-0.012919919992590088,High
2020-05-11,Ridge,5D,5,0.0080624393815401,-0.009755960522486411,High
2020-05-12,Ridge,5D,5,0.0182360574419885,-0.004228936217844365,High
2020-05-13,Ridge,5D,5,0.0523670446796841,-0.0026002751778497865,High
2020-05-14,Ridge,5D,5,0.0331041585656589,-0.007590595530073964,High
2020-05-15,Ridge,5D,5,0.0315364290487484,-0.006038192648648293,High
2020-05-18,Ridge,5D,5,0.0127355053001353,-0.0116524775077234,High
2020-05-19,Ridge,5D,5,0.037993700502049,-0.008226375805494035,High
2020-05-20,Ridge,5D,5,0.0193695705637139,-0.015441306082415833,High
2020-05-21,Ridge,5D,5,0.0319743324259755,-0.010510155799663547,High
2020-05-22,Ridge,5D,5,0.0333676032175275,-0.013523438658213592,High
2020-05-26,Ridge,5D,5,0.0293306254784657,-0.01063199370441864,High
2020-05-27,Ridge,5D,5,0.0281688488007154,-0.010069222271057388,High
2020-05-28,Ridge,5D,5,0.0269045990420261,-0.008942811396626189,High
2020-05-29,Ridge,5D,5,0.047977818311354,-0.009346223612193536,High
2020-06-01,Ridge,5D,5,0.0562032582387956,-0.007033835245846902,High
2020-06-02,Ridge,5D,5,0.0401962075366748,-0.00998509325535618,High
2020-06-03,Ridge,5D,5,0.0213122809889289,-0.010067580337751287,High
2020-06-04,Ridge,5D,5,-0.0360660229237511,-0.008268106069060232,High
2020-06-05,Ridge,5D,5,-0.0489637491401752,-0.012853402156533026,High
2020-06-08,Ridge,5D,5,-0.0526555447278059,-0.010739901892888376,High
2020-06-09,Ridge,5D,5,-0.0260409484413734,-0.007943193698366687,High
2020-06-10,Ridge,5D,5,-0.0243204889388208,-0.005609591177603707,High
2020-06-11,Ridge,5D,5,0.0370262474612698,0.008497267365698528,High
2020-06-12,Ridge,5D,5,0.0183844472903844,-0.00581622874045668,High
2020-06-15,Ridge,5D,5,0.0165806797688676,-0.0011299724171573073,High
2020-06-16,Ridge,5D,5,0.0020939960936407,-0.00533985708932495,High
2020-06-17,Ridge,5D,5,-0.020494473269392,-0.004586802281912739,High
2020-06-18,Ridge,5D,5,-0.0101886889449758,-0.002515962156901561,High
2020-06-19,Ridge,5D,5,-0.0290483796541332,0.0021463031218215286,High
2020-06-22,Ridge,5D,5,-0.0209435848372578,-0.0027592514724341156,High
2020-06-23,Ridge,5D,5,-0.0099494045929859,0.0008604615013413115,High
2020-06-24,Ridge,5D,5,0.0212554249785469,0.0041623015112989565,High
2020-06-25,Ridge,5D,5,0.0148865677271457,0.0001346889918215795,High
2020-06-26,Ridge,5D,5,0.0551687028341401,0.0038876574843623936,High
2020-06-29,Ridge,5D,5,0.0297123368509628,-0.0018933747477099419,High
2020-06-30,Ridge,5D,5,0.0222169736786375,-0.0021840981599170655,High
2020-07-01,Ridge,5D,5,0.0115478182265723,-0.004189844712448217,High
2020-07-02,Ridge,5D,5,0.0174286575241983,-0.003158219528604105,High
2020-07-06,Ridge,5D,5,-0.0077349185240238,-0.002713864369723469,High
2020-07-07,Ridge,5D,5,0.0164598599285238,-0.0005106499255703423,High
2020-07-08,Ridge,5D,5,0.0177039306014485,-0.0016345245158915253,High
2020-07-09,Ridge,5D,5,0.0199516068635278,0.001652089773107975,High
2020-07-10,Ridge,5D,5,0.0123843596766684,0.0010286237733251726,High
2020-07-13,Ridge,5D,5,0.0301628021478675,0.007501872908474252,High
2020-07-14,Ridge,5D,5,0.0185231308995236,0.0005772887194448026,High
2020-07-15,Ridge,5D,5,0.0152127045576424,-0.0010645273678640279,High
2020-07-16,Ridge,5D,5,0.0062282413595109,0.0011188914558684262,High
2020-07-17,Ridge,5D,5,-0.0028259612523487,-0.0011032613342176058,High
2020-07-20,Ridge,5D,5,-0.0038298296860066,-0.0005994015053041404,High
2020-07-21,Ridge,5D,5,-0.0120018944392131,0.0005512178697575722,High
2020-07-22,Ridge,5D,5,-0.0053807416819443,0.0007593661928255457,High
2020-07-23,Ridge,5D,5,0.0032583349668476,0.0035030340452323703,High
2020-07-24,Ridge,5D,5,0.0171092112333001,0.0019414694100485966,High
2020-07-27,Ridge,5D,5,0.0168966450761765,0.002542482566646294,Normal
2020-07-28,Ridge,5D,5,0.0269965035209565,0.003045880638542757,Normal
2020-07-29,Ridge,5D,5,0.0210538806047319,0.0008616709775934722,Normal
2020-07-30,Ridge,5D,5,0.0312183083888514,0.0025525626083153976,Normal
2020-07-31,Ridge,5D,5,0.0242099014166318,0.0008029089213220041,Normal
2020-08-03,Ridge,5D,5,0.0197930040256648,0.00023243383848585387,Normal
2020-08-04,Ridge,5D,5,0.008186525598154,0.0007842350149332181,Normal
2020-08-05,Ridge,5D,5,0.0156768674562496,0.0001851013288706202,Normal
2020-08-06,Ridge,5D,5,0.0072204687594281,0.0013074115974480026,Normal
2020-08-07,Ridge,5D,5,0.0064157420931924,0.0004697625341051658,Normal
2020-08-10,Ridge,5D,5,0.0063834543272239,0.0016074165223238267,Normal
2020-08-11,Ridge,5D,5,0.0166852501484181,0.0024787072068965304,Normal
2020-08-12,Ridge,5D,5,-0.0016283754903773,-0.00010972667713666107,Normal
2020-08-13,Ridge,5D,5,0.0035745519541253,0.0011628547118033706,Normal
2020-08-14,Ridge,5D,5,0.0071816493333768,0.0010283013278441695,Normal
2020-08-17,Ridge,5D,5,0.0144690871908568,6.074620275045746e-05,Normal
2020-08-18,Ridge,5D,5,0.0157582465165802,0.0006835881723521593,Normal
2020-08-19,Ridge,5D,5,0.0303163712066038,0.0032554104526999507,Normal
2020-08-20,Ridge,5D,5,0.0288343624700669,0.004102437294924708,Low
2020-08-21,Ridge,5D,5,0.0321091653366645,0.0030923028033267063,Low
2020-08-24,Ridge,5D,5,0.0199181747962527,0.0015997951762356357,Low
2020-08-25,Ridge,5D,5,0.0238251064714183,0.0017837078101499496,Low
2020-08-26,Ridge,5D,5,0.0289301552704466,0.0022140118377172906,Low
2020-08-27,Ridge,5D,5,-0.0084990849035479,0.0031735992391320614,Low
2020-08-28,Ridge,5D,5,-0.0233753685073933,0.0006449086686025139,Low
2020-08-31,Ridge,5D,5,-0.0493268224183516,0.0050498748197236095,Low
2020-09-01,Ridge,5D,5,-0.036878893176877,0.0036924159277656205,Low
2020-09-02,Ridge,5D,5,-0.0698691892461422,0.003725674643980037,Low
2020-09-03,Ridge,5D,5,-0.0335786649458695,0.009186276851683666,High
2020-09-04,Ridge,5D,5,-0.0127510491665715,0.003913482008982517,High
2020-09-08,Ridge,5D,5,0.0206035658503948,0.006716731001205943,High
2020-09-09,Ridge,5D,5,-0.0039708417039374,0.0021407440805496173,High
2020-09-10,Ridge,5D,5,0.0053224546929055,0.007376994513825641,High
2020-09-11,Ridge,5D,5,-0.0064560524130101,0.002191037828612966,High
2020-09-14,Ridge,5D,5,-0.0307559514653309,0.0010338482038362456,High
2020-09-15,Ridge,5D,5,-0.0254987209974544,0.0001089776854296216,High
2020-09-16,Ridge,5D,5,-0.0448764130196767,0.0029054830103426134,High
2020-09-17,Ridge,5D,5,-0.0334454579364953,0.004027013911252091,High
2020-09-18,Ridge,5D,5,-0.0063494417644783,0.0027962777994880597,High
2020-09-21,Ridge,5D,5,0.0212713141166736,0.00815743362439969,High
2020-09-22,Ridge,5D,5,0.0059840150138535,0.0050591693045523335,High
2020-09-23,Ridge,5D,5,0.0382111964966071,0.007662960605436175,High
2020-09-24,Ridge,5D,5,0.0405071405062733,0.006088411956839575,High
2020-09-25,Ridge,5D,5,0.0150328884157139,0.001956748267830448,High
2020-09-28,Ridge,5D,5,0.0168638055647606,-0.0003701406395181801,High
2020-09-29,Ridge,5D,5,0.0076160238816814,0.0009555721740388456,High
2020-09-30,Ridge,5D,5,0.0166433450835435,0.0009454512266714531,High
2020-10-01,Ridge,5D,5,0.0193426084141179,0.0005852994278886328,High
2020-10-02,Ridge,5D,5,0.0377215164612414,0.004776736734628819,High
2020-10-05,Ridge,5D,5,0.0361909376166647,0.003700168327618556,High
2020-10-06,Ridge,5D,5,0.0439361103750245,0.005772875850411099,High
2020-10-07,Ridge,5D,5,0.0200437745207237,0.0009219052883083349,High
2020-10-08,Ridge,5D,5,0.0105366381116412,0.0005301261347732885,High
2020-10-09,Ridge,5D,5,0.001916453387519,-0.0010355834686638847,High
2020-10-12,Ridge,5D,5,-0.0308307402857478,6.227304348846831e-06,High
2020-10-13,Ridge,5D,5,-0.0197876533365833,0.0007187582921888446,High
2020-10-14,Ridge,5D,5,-0.0153405952640942,0.0022481934909687716,High
2020-10-15,Ridge,5D,5,-0.0086063177463899,0.004212929858571806,High
2020-10-16,Ridge,5D,5,-0.005301389882631,0.004614793306735963,High
2020-10-19,Ridge,5D,5,-0.0076011993530103,0.009487228729991243,High
2020-10-20,Ridge,5D,5,-0.015347600023457,0.0068989049486112685,High
2020-10-21,Ridge,5D,5,-0.0490750281204645,0.006772465170671061,High
2020-10-22,Ridge,5D,5,-0.0424038571839583,0.005642986060975564,High
2020-10-23,Ridge,5D,5,-0.0580474089496077,0.004341909507024533,High
2020-10-26,Ridge,5D,5,-0.0270399850736941,0.010309421468933827,High
2020-10-27,Ridge,5D,5,-0.0063670420391708,0.009030808369580999,High
2020-10-28,Ridge,5D,5,0.0513660257244986,0.017033053432880123,High
2020-10-29,Ridge,5D,5,0.0587627665612024,0.007464281708351337,High
2020-10-30,Ridge,5D,5,0.0706787234210885,0.012103005829718691,High
2015-06-10,Ridge,20D,1,-0.0259318092879521,0.002742578194502125,Low
2015-06-11,Ridge,20D,1,-0.0154059396594725,0.0022992664356703495,Low
2015-06-12,Ridge,20D,1,0.0026182035009852,0.0018034370980079427,Low
2015-06-15,Ridge,20D,1,0.0116947663592569,0.0036928096504661423,Low
2015-06-16,Ridge,20D,1,0.0052857795427658,0.006703149130014312,Low
2015-06-17,Ridge,20D,1,0.0112908285921687,0.007366061602448596,Low
2015-06-18,Ridge,20D,1,0.0025424001626107,0.003961278048074035,Low
2015-06-19,Ridge,20D,1,0.0086309520245618,0.0031899613376346,Low
2015-06-22,Ridge,20D,1,-0.0017162121997034,0.004781249946703042,Low
2015-06-23,Ridge,20D,1,-0.0047424436450872,0.002922958465062448,Low
2015-06-24,Ridge,20D,1,-0.0030541881381614,0.0006997724565328718,Low
2015-06-25,Ridge,20D,1,-0.0108372046782262,0.0041953053391286296,Low
2015-06-26,Ridge,20D,1,-0.016238803998368,0.005980251488924386,Low
2015-06-29,Ridge,20D,1,0.0171582393121328,0.0038574638067654316,Normal
2015-06-30,Ridge,20D,1,0.0217954198870488,0.011506868141616161,Normal
2015-07-01,Ridge,20D,1,0.0149116903564342,0.00869941914584059,Normal
2015-07-02,Ridge,20D,1,0.012945656744929,0.0057899518192158555,Normal
2015-07-06,Ridge,20D,1,0.0140541954989217,0.007234945248042506,Normal
2015-07-07,Ridge,20D,1,0.0057393957381201,0.011139292178017965,Normal
2015-07-08,Ridge,20D,1,0.0256421988357525,0.008087522302326417,Normal
2015-07-09,Ridge,20D,1,0.0155993552683704,0.01397235581001986,Normal
2015-07-10,Ridge,20D,1,0.0004573460270249,0.010533737629338326,Normal
2015-07-13,Ridge,20D,1,0.0021789131516949,0.003160573551044873,Normal
2015-07-14,Ridge,20D,1,-0.0118674247649875,-0.002545816080072077,Normal
2015-07-15,Ridge,20D,1,-0.0101825648260356,0.00042763302118593947,Normal
2015-07-16,Ridge,20D,1,-0.0194413241388925,-0.0005783601647144088,Normal
2015-07-17,Ridge,20D,1,-0.0166425634889839,-0.0024477612326978034,Normal
2015-07-20,Ridge,20D,1,-0.0122156084035826,-0.0023644609433898945,Normal
2015-07-21,Ridge,20D,1,-0.0105737950964927,-0.0021075235791240664,Normal
2015-07-22,Ridge,20D,1,-0.0164723664858995,-0.0030250383804017768,Normal
2015-07-23,Ridge,20D,1,-0.0321061167286663,-0.001744606625959955,Normal
2015-07-24,Ridge,20D,1,-0.0537143385538834,-0.0015521187839145113,Normal
2015-07-27,Ridge,20D,1,-0.0881340278353384,0.0006060861402153363,Normal
2015-07-28,Ridge,20D,1,-0.1140583513798836,0.0020774852078455906,Normal
2015-07-29,Ridge,20D,1,-0.0830591948727354,-0.002912267661934283,Normal
2015-07-30,Ridge,20D,1,-0.0590803072870678,-0.003820372203539004,Normal
2015-07-31,Ridge,20D,1,-0.0561976523291399,-0.0030347975755521187,Normal
2015-08-03,Ridge,20D,1,-0.0618640370482194,-0.00233574270865043,Normal
2015-08-04,Ridge,20D,1,-0.0896344477237146,-7.883470010162149e-05,Normal
2015-08-05,Ridge,20D,1,-0.0746166144859907,0.0032520044948109086,Low
2015-08-06,Ridge,20D,1,-0.0656693028640096,0.0016565609524529824,Low
2015-08-07,Ridge,20D,1,-0.0782385887619482,0.00386319276384921,Low
2015-08-10,Ridge,20D,1,-0.0661917871969348,-0.0010057791398756137,Low
2015-08-11,Ridge,20D,1,-0.0705837582858374,-0.0025632772962250316,Low
2015-08-12,Ridge,20D,1,-0.0662692864791163,-0.0003689244275804672,Low
2015-08-13,Ridge,20D,1,-0.0605162541657488,0.0006340426167544197,Low
2015-08-14,Ridge,20D,1,-0.0685186276631518,-0.0004006794846437541,Low
2015-08-17,Ridge,20D,1,-0.0609668317411222,-0.001144636763446838,Low
2015-08-18,Ridge,20D,1,-0.0496701080901133,0.0019809672805235967,Low
2015-08-19,Ridge,20D,1,-0.0439453161230762,0.0032361338042225514,Low
2015-08-20,Ridge,20D,1,-0.0389155866233136,0.0033863797468715634,Normal
2015-08-21,Ridge,20D,1,-0.0019909520677624,0.00976904696145883,High
2015-08-24,Ridge,20D,1,0.0258255622593784,0.0316413220901791,High
2015-08-25,Ridge,20D,1,0.0373890677724402,0.047783929825676065,High
2015-08-26,Ridge,20D,1,-0.0042708835333978,0.012341090064757327,High
2015-08-27,Ridge,20D,1,-0.0287440398243084,-0.00034012766063833046,High
2015-08-28,Ridge,20D,1,-0.0553538021439936,-0.002178527775392701,High
2015-08-31,Ridge,20D,1,-0.0456946295670278,0.006025017423491451,High
2015-09-01,Ridge,20D,1,0.0032239188789652,0.011052180464637004,High
2015-09-02,Ridge,20D,1,-0.0129318138659121,0.005584308917780725,High
2015-09-03,Ridge,20D,1,0.0001178634510745,0.0014421028568221963,High
2015-09-04,Ridge,20D,1,0.0336907657238529,0.001992405509864445,High
2015-09-08,Ridge,20D,1,0.0053224391826711,-0.0055443551927606485,High
2015-09-09,Ridge,20D,1,0.0273209948093088,-7.943229837369462e-05,High
2015-09-10,Ridge,20D,1,0.0308366995089315,-0.00249785903657755,High
2015-09-11,Ridge,20D,1,0.0270845416244606,-0.006418488290410624,High
2015-09-14,Ridge,20D,1,0.0324572473248373,-0.00520379656323623,High
2015-09-15,Ridge,20D,1,0.0128587360032778,-0.0049223273782965996,High
2015-09-16,Ridge,20D,1,-0.0005364356240372,-0.005582390674809817,High
2015-09-17,Ridge,20D,1,0.0167714601698779,-0.006509668598247883,High
2015-09-18,Ridge,20D,1,0.0376277524979583,-0.007784347568926587,High
2015-09-21,Ridge,20D,1,0.0333428694081588,-0.00698741203259934,High
2015-09-22,Ridge,20D,1,0.0443156983716433,-0.005623131296297093,High
2015-09-23,Ridge,20D,1,0.0405239936901029,-0.0008099880463038741,High
2015-09-24,Ridge,20D,1,0.0603834925740035,-4.388528389649357e-05,High
2015-09-25,Ridge,20D,1,0.0718193483442668,0.006073243063113363,High
2015-09-28,Ridge,20D,1,0.0959056265059758,0.007005547165493983,High
2015-09-29,Ridge,20D,1,0.0921161467279064,0.009707529161374729,High
2015-09-30,Ridge,20D,1,0.0849907366124848,0.004469984536031054,High
2015-10-01,Ridge,20D,1,0.0825689225534869,0.0017243225693879365,High
2015-10-02,Ridge,20D,1,0.0635336478486558,-0.005619555300254172,High
2015-10-05,Ridge,20D,1,0.0572129306689683,-0.0029316549613311524,High
2015-10-06,Ridge,20D,1,0.063531972938179,-0.0035164446290020437,High
2015-10-07,Ridge,20D,1,0.0519767861409791,-0.0046100640009299875,High
2015-10-08,Ridge,20D,1,0.0420642162399224,-0.00702301137804235,High
2015-10-09,Ridge,20D,1,0.0409916858993833,-0.008707049820253982,High
2015-10-12,Ridge,20D,1,0.0298457307655479,-0.008493023225805942,High
2015-10-13,Ridge,20D,1,0.0382040096091247,-0.010892578608655503,High
2015-10-14,Ridge,20D,1,0.0396981331994949,-0.007768158192464122,High
2015-10-15,Ridge,20D,1,0.0108654185115071,-0.01172899511594319,High
2015-10-16,Ridge,20D,1,-0.0049652832943452,-0.013430689262649382,High
2015-10-19,Ridge,20D,1,0.0095575105560159,-0.015879913877381066,High
2015-10-20,Ridge,20D,1,0.0096393345936631,-0.014080518674879675,Normal
2015-10-21,Ridge,20D,1,0.0315150133819696,-0.011208149018554362,Normal
2015-10-22,Ridge,20D,1,0.0139004260403963,-0.013398011854308856,High
2015-10-23,Ridge,20D,1,0.0067334273515029,-0.01749112067768755,High
2015-10-26,Ridge,20D,1,0.007412736510919,-0.0131041553667665,Normal
2015-10-27,Ridge,20D,1,0.0111913723209673,-0.01245545219706824,Normal
2015-10-28,Ridge,20D,1,-0.0007082567821432,-0.012817782349338601,Normal
2015-10-29,Ridge,20D,1,0.0003350601579984,-0.012887385382020765,Normal
2015-10-30,Ridge,20D,1,0.0005047417068051,-0.012379399087797656,Normal
2015-11-02,Ridge,20D,1,-0.0006751956852701,-0.01404560334720477,Normal
2015-11-03,Ridge,20D,1,-0.0144561412497865,-0.013631132092206394,Normal
2015-11-04,Ridge,20D,1,-0.0253823007542894,-0.011786914191379958,Normal
2015-11-05,Ridge,20D,1,-0.0039316546339399,-0.010405188411708325,Normal
2015-11-06,Ridge,20D,1,-0.010598016814314,-0.011246264789128902,Normal
2015-11-09,Ridge,20D,1,-0.0072377787834061,-0.011770452396183262,Normal
2015-11-10,Ridge,20D,1,-0.0165163203025484,-0.008192245923580628,Normal
2015-11-11,Ridge,20D,1,-0.0110341564023848,-0.009727057107470231,Normal
2015-11-12,Ridge,20D,1,-0.0165588608215675,-0.008830342860808206,Normal
2015-11-13,Ridge,20D,1,-0.0005439323253439,-0.0036552990446846925,Normal
2015-11-16,Ridge,20D,1,-0.0047746550136639,-0.005549393870629823,Normal
2015-11-17,Ridge,20D,1,0.0109762576553539,-0.003810940807319389,Normal
2015-11-18,Ridge,20D,1,-0.0202117488576946,-0.006647000980229216,Normal
2015-11-19,Ridge,20D,1,-0.0370455035358221,-0.004311813897044348,Normal
2015-11-20,Ridge,20D,1,-0.0331001520888153,-0.0018364970014570067,Normal
2015-11-23,Ridge,20D,1,-0.0230864326555622,-0.003916125336159435,Normal
2015-11-24,Ridge,20D,1,-0.0119660860729691,-0.0037956858213958142,Normal
2015-11-25,Ridge,20D,1,-0.0134368608618654,0.001630041515722859,Normal
2015-11-27,Ridge,20D,1,-0.0162112388776523,0.0007153211110336585,Normal
2015-11-30,Ridge,20D,1,-0.0009857745650108,-0.001045140421136675,Normal
2015-12-01,Ridge,20D,1,-0.0188531122955285,-0.0005364404927780762,Normal
2015-12-02,Ridge,20D,1,-0.0172530046975476,-0.0017519561491384818,Normal
2015-12-03,Ridge,20D,1,-0.0181972200512034,-0.00012860872943698445,Normal
2015-12-04,Ridge,20D,1,-0.0365048722756948,-0.00522521025171681,Normal
2015-12-07,Ridge,20D,1,-0.042692991317923,-0.008625168638375067,Normal
2015-12-08,Ridge,20D,1,-0.0601677552116733,-0.006198560408930607,Normal
2015-12-09,Ridge,20D,1,-0.0632962062918285,-0.0006351807334291238,Normal
2015-12-10,Ridge,20D,1,-0.0646921545746006,0.004023527444786394,Normal
2015-12-11,Ridge,20D,1,-0.0373057727010106,0.009186830384572891,High
2015-12-14,Ridge,20D,1,-0.0673324358429877,0.015258174923569156,Normal
2015-12-15,Ridge,20D,1,-0.0613369550145181,0.009860862136089305,Normal
2015-12-16,Ridge,20D,1,-0.0975833633634519,0.004077492564700882,High
2015-12-17,Ridge,20D,1,-0.0818969065401467,-0.0005405907104280919,Normal
2015-12-18,Ridge,20D,1,-0.0757021775589383,0.0002487232911186103,High
2015-12-21,Ridge,20D,1,-0.0782684956501463,-3.4530008405256156e-05,High
2015-12-22,Ridge,20D,1,-0.0669658643595018,-0.003551519088253234,High
2015-12-23,Ridge,20D,1,-0.095069006059877,-0.009249546971277311,High
2015-12-24,Ridge,20D,1,-0.0794238528256458,-0.007305271389053545,High
2015-12-28,Ridge,20D,1,-0.0881658386698681,-0.004502187558678889,High
2015-12-29,Ridge,20D,1,-0.0932261521252997,-0.0019162974384836764,High
2015-12-30,Ridge,20D,1,-0.0615241023469646,-0.002275900356278426,High
2015-12-31,Ridge,20D,1,-0.0525109521510386,0.0005233996296022895,High
2016-01-04,Ridge,20D,1,-0.056009879071464,0.0022149389122926456,High
2016-01-05,Ridge,20D,1,-0.0530404631892498,0.005065892711576825,High
2016-01-06,Ridge,20D,1,-0.0383127318941003,0.0060776532803942605,High
2016-01-07,Ridge,20D,1,-0.0329810736511075,0.0077403362167190095,High
2016-01-08,Ridge,20D,1,-0.0363385941283168,0.01671266922961541,High
2016-01-11,Ridge,20D,1,-0.0378553430708996,0.01663031010888503,High
2016-01-12,Ridge,20D,1,-0.0458168253194352,0.010542061395040637,High
2016-01-13,Ridge,20D,1,-0.0329118975707825,0.00939959822736768,High
2016-01-14,Ridge,20D,1,-0.0301399432981203,0.005931038808209239,High
2016-01-15,Ridge,20D,1,0.0080775671417269,0.009120311211811005,High
2016-01-19,Ridge,20D,1,0.0238919975799392,0.011846879627721848,High
2016-01-20,Ridge,20D,1,0.0309781314819031,0.013816668728440843,High
2016-01-21,Ridge,20D,1,0.0257701095641531,0.015599432253770468,High
2016-01-22,Ridge,20D,1,0.0200401137810157,0.007291998352775719,High
2016-01-25,Ridge,20D,1,0.0232690813830488,0.005380498193467186,High
2016-01-26,Ridge,20D,1,0.0136538035873126,0.002152360559965649,High
2016-01-27,Ridge,20D,1,0.0358610926182919,0.0036172464871564378,High
2016-01-28,Ridge,20D,1,0.0284758765711358,0.0012725555280656926,High
2016-01-29,Ridge,20D,1,-0.0041369055149924,-0.005810359987672908,High
2016-02-01,Ridge,20D,1,0.019894814732168,-0.004058482341160356,High
2016-02-02,Ridge,20D,1,0.0429017333115012,-0.00469694875394616,High
2016-02-03,Ridge,20D,1,0.0414147476102441,-0.0034428663742543473,High
2016-02-04,Ridge,20D,1,0.0431896191836626,-0.0027451438821039717,High
2016-02-05,Ridge,20D,1,0.0627284002608782,0.0030089758812657354,High
2016-02-08,Ridge,20D,1,0.0656797021279293,0.00486228710054168,High
2016-02-09,Ridge,20D,1,0.0713832155575037,0.009508497414379933,High
2016-02-10,Ridge,20D,1,0.0717279764853873,0.012353008358955017,High
2016-02-11,Ridge,20D,1,0.1003679694034948,0.015651531938567408,High
2016-02-12,Ridge,20D,1,0.0797761855798369,0.009948328023453194,High
2016-02-16,Ridge,20D,1,0.0615558169038342,0.007608488813270713,High
2016-02-17,Ridge,20D,1,0.0507944341599727,0.0036556062071311382,High
2016-02-18,Ridge,20D,1,0.0620446493525036,0.002531457158564816,High
2016-02-19,Ridge,20D,1,0.0664666498853316,0.001126586652584612,High
2016-02-22,Ridge,20D,1,0.0531010106905478,-0.00289408583804039,High
2016-02-23,Ridge,20D,1,0.0647558153645641,-0.002670711910705689,High
2016-02-24,Ridge,20D,1,0.0539193457992649,-0.001895832851652378,High
2016-02-25,Ridge,20D,1,0.0422568372894374,-0.002958870019287827,High
2016-02-26,Ridge,20D,1,0.0446738095070744,-0.004541841839189901,High
2016-02-29,Ridge,20D,1,0.0616059526528835,-0.0018242804661803523,High
2016-03-01,Ridge,20D,1,0.0423584472448309,-0.007795071891009189,High
2016-03-02,Ridge,20D,1,0.0362306550241083,-0.009093144555525503,High
2016-03-03,Ridge,20D,1,0.0390489797703912,-0.010740206272379064,High
2016-03-04,Ridge,20D,1,0.0325350598585948,-0.01104983179427931,High
2016-03-07,Ridge,20D,1,0.0214541386459363,-0.0069782365630958795,High
2016-03-08,Ridge,20D,1,0.0432106926339557,-0.002796532119028609,High
2016-03-09,Ridge,20D,1,0.0261229458811367,-0.0026622767010957265,High
2016-03-10,Ridge,20D,1,0.0287498556886304,-0.001443588017824047,High
2016-03-11,Ridge,20D,1,0.0097437642101751,-0.005973041086176193,Normal
2016-03-14,Ridge,20D,1,0.020621286708177,-0.007484950821841339,Normal
2016-03-15,Ridge,20D,1,0.0324499874110528,-0.005142344340740979,Normal
2016-03-16,Ridge,20D,1,0.0270381719594053,-0.005986124593460346,Normal
2016-03-17,Ridge,20D,1,0.0194798193146631,-0.008813040167429294,Normal
2016-03-18,Ridge,20D,1,0.021603577677435,-0.008531455783626967,Normal
2016-03-21,Ridge,20D,1,0.0236982236760091,-0.008314216291905107,Normal
2016-03-22,Ridge,20D,1,0.0253372516220157,-0.007247360444622519,Normal
2016-03-23,Ridge,20D,1,0.0265361982953909,-0.007612130756188962,Normal
2016-03-24,Ridge,20D,1,0.0269621986543086,-0.006578135479950125,Normal
2016-03-28,Ridge,20D,1,0.0246034021454731,-0.005608191671672135,Normal
2016-03-29,Ridge,20D,1,0.0176963902654728,-0.0067530546994605655,Normal
2016-03-30,Ridge,20D,1,0.0150035043836535,-0.007900973386292722,Low
2016-03-31,Ridge,20D,1,0.0077717106817125,-0.006793485410197192,Low
2016-04-01,Ridge,20D,1,-0.0036151976154444,-0.006784817436872403,Low
2016-04-04,Ridge,20D,1,0.0073778891276541,-0.008028114708293536,Low
2016-04-05,Ridge,20D,1,0.0088596881510527,-0.006001474697017674,Low
2016-04-06,Ridge,20D,1,-0.0075476924864328,-0.005301259297321217,Low
2016-04-07,Ridge,20D,1,0.0042613447907777,-0.007788825975815291,Normal
2016-04-08,Ridge,20D,1,0.0046482527397141,-0.004533380044814191,Normal
2016-04-11,Ridge,20D,1,0.0081450119369279,-0.00382972136771334,Low
2016-04-12,Ridge,20D,1,0.010935623291575,-0.0029975219413172823,Low
2016-04-13,Ridge,20D,1,-0.0086619693548514,-0.004881635380697099,Low
2016-04-14,Ridge,20D,1,-0.0090043610529482,-0.004174706823392769,Low
2016-04-15,Ridge,20D,1,-0.0165340256385547,-0.004676340227156822,Low
2016-04-18,Ridge,20D,1,-0.0133047748627399,-0.005146560851193681,Low
2016-04-19,Ridge,20D,1,-0.0258403763177692,-0.004180072730503094,Low
2016-04-20,Ridge,20D,1,-0.0263964736806022,-0.0028689710605317564,Low
2016-04-21,Ridge,20D,1,-0.0249025053460309,-0.0025996129948686816,Low
2016-04-22,Ridge,20D,1,-0.0189489047027671,-0.001424618561577831,Low
2016-04-25,Ridge,20D,1,-0.0192228516501059,-0.002701992988076732,Low
2016-04-26,Ridge,20D,1,-0.0075052142903526,0.0004705366523544679,Low
2016-04-27,Ridge,20D,1,-0.002202678750516,0.00020886884736632041,Low
2016-04-28,Ridge,20D,1,0.0068604912611171,0.00046796669009035487,Low
2016-04-29,Ridge,20D,1,0.0162141354311139,0.0026875083015398963,Low
2016-05-02,Ridge,20D,1,0.0074287601132798,0.001665273798751389,Low
2016-05-03,Ridge,20D,1,0.0172776581556018,0.0018450613157193789,Low
2016-05-04,Ridge,20D,1,0.0260529370280607,0.003469521086315855,Low
2016-05-05,Ridge,20D,1,0.02337591148416,0.005788558430160342,Low
2016-05-06,Ridge,20D,1,0.025091629449971,0.0045913617864364025,Low
2016-05-09,Ridge,20D,1,0.0256270317715587,0.003768617229866237,Low
2016-05-10,Ridge,20D,1,0.0165247685074763,0.001703495374532426,Low
2016-05-11,Ridge,20D,1,0.0244130557874512,0.0016297173642101231,Low
2016-05-12,Ridge,20D,1,0.0153650026452495,0.0036313598431000427,Low
2016-05-13,Ridge,20D,1,0.0157311380172925,0.002749993457631996,Low
2016-05-16,Ridge,20D,1,0.0041816565557078,0.00040179202166008843,Low
2016-05-17,Ridge,20D,1,0.0117951110440604,0.0028913906256293484,Low
2016-05-18,Ridge,20D,1,0.0147180464687046,0.004286651768482202,Low
2016-05-19,Ridge,20D,1,0.0151683568468163,0.00615932289193746,Low
2016-05-20,Ridge,20D,1,0.0149582804024347,0.0062085451072966605,Low
2016-05-23,Ridge,20D,1,0.0197543075747462,0.0057866831961884465,Low
2016-05-24,Ridge,20D,1,0.0045127410441802,0.0038167416935686663,Normal
2016-05-25,Ridge,20D,1,0.0108377784645518,0.003373484284877268,Normal
2016-05-26,Ridge,20D,1,-0.0255325482911022,0.004131582709049418,Normal
2016-05-27,Ridge,20D,1,-0.0480724897422444,0.002141531618554235,Normal
2016-05-31,Ridge,20D,1,-0.0294525995175666,0.0018624973056475917,Normal
2016-06-01,Ridge,20D,1,-0.0136977552002388,0.006675608769635922,Low
2016-06-02,Ridge,20D,1,-0.0030445882177591,0.007560138272749284,Low
2016-06-03,Ridge,20D,1,0.0018181803119677,0.006346008471129962,Low
2016-06-06,Ridge,20D,1,-0.0099381771929945,0.004529065072931433,Low
2016-06-07,Ridge,20D,1,-0.0058881057639159,0.006610251664517481,Low
2016-06-08,Ridge,20D,1,-0.0100641656226037,0.007413844696706425,Low
2016-06-09,Ridge,20D,1,0.0067932565412822,0.008826142265707748,Low
2016-06-10,Ridge,20D,1,0.0194136082634467,0.00883653143839897,Low
2016-06-13,Ridge,20D,1,0.0345467493605018,0.01566812468906694,Low
2016-06-14,Ridge,20D,1,0.0364820131074552,0.02365629514966383,Low
2016-06-15,Ridge,20D,1,0.0435698449729624,0.02463499777178821,Low
2016-06-16,Ridge,20D,1,0.0395123728020458,0.02158199222591787,Low
2016-06-17,Ridge,20D,1,0.0451551187685234,0.021789437174056306,Low
2016-06-20,Ridge,20D,1,0.0379275314896849,0.021347644970104926,Low
2016-06-21,Ridge,20D,1,0.0394803492012393,0.019656734192845048,Low
2016-06-22,Ridge,20D,1,0.0375142083412901,0.022218403911217523,Low
2016-06-23,Ridge,20D,1,0.0287822680588454,0.02197678365579874,Low
2016-06-24,Ridge,20D,1,0.0623470421244983,0.0052197414662710365,Normal
2016-06-27,Ridge,20D,1,0.0809320207969203,0.01786731618610302,Normal
2016-06-28,Ridge,20D,1,0.0621186382460239,0.0037758000106016738,High
2016-06-29,Ridge,20D,1,0.0468343157228623,-0.007875292350445613,High
2016-06-30,Ridge,20D,1,0.034990432691054,-0.013030176966864463,High
2016-07-01,Ridge,20D,1,0.0317731322505308,-0.007181044916206461,High
2016-07-05,Ridge,20D,1,0.0322622204234618,-0.006239075702268608,High
2016-07-06,Ridge,20D,1,0.0300525760812569,-0.005192161466230014,High
2016-07-07,Ridge,20D,1,0.031137083267479,-0.004546061915416077,High
2016-07-08,Ridge,20D,2,0.0245655939908669,-0.007850563765339099,High
2016-07-11,Ridge,20D,2,0.0202551973873269,-0.009955633181704697,High
2016-07-12,Ridge,20D,2,0.0136600730665374,-0.00791992886545666,High
2016-07-13,Ridge,20D,2,0.0106565173280673,-0.0064988871560618874,High
2016-07-14,Ridge,20D,2,0.0101345096288141,-0.007887322010040337,High
2016-07-15,Ridge,20D,2,0.010267525301771,-0.006686084549786742,High
2016-07-18,Ridge,20D,2,0.0106770797744241,-0.00814226718030554,High
2016-07-19,Ridge,20D,2,0.0066191420583614,-0.008590355492192487,High
2016-07-20,Ridge,20D,2,0.004224779748753,-0.010668155649551911,High
2016-07-21,Ridge,20D,2,0.0100410513016603,-0.010608919726468574,High
2016-07-22,Ridge,20D,2,0.0040561149433819,-0.009302759935852967,High
2016-07-25,Ridge,20D,2,0.0065086517999886,-0.00528742341741424,Normal
2016-07-26,Ridge,20D,2,0.0081357868176308,-0.0012710934994837548,Normal
2016-07-27,Ridge,20D,2,0.0040809925047676,-9.93035032470415e-06,Low
2016-07-28,Ridge,20D,2,0.0011099116600298,-0.0002695895909889815,Low
2016-07-29,Ridge,20D,2,-0.0021001326963411,0.00035141043097832933,Low
2016-08-01,Ridge,20D,2,0.0043848898798241,-0.0013837054430740573,Low
2016-08-02,Ridge,20D,2,0.0088112392853691,-0.00032223926601887554,Low
2016-08-03,Ridge,20D,2,0.0033035054637354,0.0003358037895840795,Low
2016-08-04,Ridge,20D,2,0.0030495707748348,0.00040121100214824366,Low
2016-08-05,Ridge,20D,2,-0.0013248849155106,-0.0019442796655940878,Low
2016-08-08,Ridge,20D,2,0.0025599347460361,-0.003621887806741747,Low
2016-08-09,Ridge,20D,2,0.0020238208211868,-0.0025336377584079667,Low
2016-08-10,Ridge,20D,2,0.0026671296922049,-0.0017322589806836822,Low
2016-08-11,Ridge,20D,2,-0.0268840278210751,-0.0017658410663766756,Low
2016-08-12,Ridge,20D,2,-0.0115172772007267,-0.0010728702026515597,Low
2016-08-15,Ridge,20D,2,-0.0292480417734594,-0.002336686080006145,Low
2016-08-16,Ridge,20D,2,-0.024341748956794,-0.001972720228569351,Low
2016-08-17,Ridge,20D,2,-0.0161500785135097,-0.00026369087963744667,Low
2016-08-18,Ridge,20D,2,-0.0221267080054643,2.2313451229690265e-05,Low
2016-08-19,Ridge,20D,2,-0.0207040016705207,-0.0017706126833006196,Low
2016-08-22,Ridge,20D,2,-0.0198414263029635,-0.0022196726702731857,Low
2016-08-23,Ridge,20D,2,-0.0109332931476893,0.0015964539034728827,Low
2016-08-24,Ridge,20D,2,0.0007995140296244,0.001335583879757113,Low
2016-08-25,Ridge,20D,2,-0.0035876185334487,0.003496070011333545,Low
2016-08-26,Ridge,20D,2,-0.0106324044126515,0.004602369576056875,Low
2016-08-29,Ridge,20D,2,-0.0094233376760278,0.002842068107560148,Low
2016-08-30,Ridge,20D,2,-0.0021851696652625,0.0023455180565898617,Low
2016-08-31,Ridge,20D,2,-0.0091716062897812,0.002580890025184202,Low
2016-09-01,Ridge,20D,2,-0.0011938283123421,0.00393427428735659,Low
2016-09-02,Ridge,20D,2,-0.0086520930929038,0.00411980335520667,Low
2016-09-06,Ridge,20D,2,-0.0165972172492712,0.0003523204047343846,Low
2016-09-07,Ridge,20D,2,-0.0121633350797807,0.0009500201446188336,Low
2016-09-08,Ridge,20D,2,-0.0094564030347059,0.0005666656388377961,Low
2016-09-09,Ridge,20D,2,0.0121125519345162,-0.00741552291160583,Low
2016-09-12,Ridge,20D,2,0.0021374950184061,-0.002170855307522308,Normal
2016-09-13,Ridge,20D,2,0.004554665598861,-0.0049012430932688245,Normal
2016-09-14,Ridge,20D,2,0.0062884472050729,-0.00010584126424602585,Normal
2016-09-15,Ridge,20D,2,-0.006874145656601,-0.002254218678624029,Normal
2016-09-16,Ridge,20D,2,-0.0028931337019078,-0.001865097555474024,Normal
2016-09-19,Ridge,20D,2,-0.0059171485799234,-0.0012484171949024804,Normal
2016-09-20,Ridge,20D,2,-7.473645845881343e-05,0.004144723521587945,Normal
2016-09-21,Ridge,20D,2,-0.0087431646367442,0.0032823268634517384,Normal
2016-09-22,Ridge,20D,2,-0.0165985876857672,-0.00019617624717828148,Normal
2016-09-23,Ridge,20D,2,-0.0109294398662032,-0.0028533931198920486,Normal
2016-09-26,Ridge,20D,2,0.0024340048991402,-0.0037518571950735605,Normal
2016-09-27,Ridge,20D,2,-0.0077944477308641,0.0004214363247741753,Normal
2016-09-28,Ridge,20D,2,-0.0148189522556939,-0.0015894234545024031,Normal
2016-09-29,Ridge,20D,2,-0.0084450204316215,-0.0032930325633172604,Normal
2016-09-30,Ridge,20D,2,-0.0194945531592741,-0.0017740199642111102,Normal
2016-10-03,Ridge,20D,2,-0.0163508138619457,-0.000545531685441648,Normal
2016-10-04,Ridge,20D,2,-0.0181929511843186,0.00023330486555898054,Normal
2016-10-05,Ridge,20D,2,-0.0290273218689698,-0.0008030220378784786,Normal
2016-10-06,Ridge,20D,2,-0.0339419787441838,-0.0006379213716142494,Normal
2016-10-07,Ridge,20D,2,-0.0323507115742625,0.0036720223993474735,Normal
2016-10-10,Ridge,20D,2,-0.0149658421621217,0.003974093338186859,Normal
2016-10-11,Ridge,20D,2,0.0013236139327915,0.004318663131290626,Low
2016-10-12,Ridge,20D,2,0.0111938016060487,0.007510976429758253,Low
2016-10-13,Ridge,20D,2,0.0162467237343781,0.009180363502870426,Low
2016-10-14,Ridge,20D,2,0.0146462112274593,0.011892913184764395,Low
2016-10-17,Ridge,20D,2,0.0175733198821164,0.011011949835915358,Low
2016-10-18,Ridge,20D,2,0.0188847692985071,0.01127452694799786,Low
2016-10-19,Ridge,20D,2,0.0151116806207807,0.009539125292851048,Low
2016-10-20,Ridge,20D,2,0.0211538211133594,0.007842109528332825,Low
2016-10-21,Ridge,20D,2,0.0188483148879658,0.006228014797222279,Low
2016-10-24,Ridge,20D,2,0.0215434223114122,0.006179943360815454,Low
2016-10-25,Ridge,20D,2,0.0275114708797117,0.00538667023372471,Low
2016-10-26,Ridge,20D,2,0.0300610969578077,0.005586418844377116,Low
2016-10-27,Ridge,20D,2,0.0369590384772404,0.009277232044153046,Low
2016-10-28,Ridge,20D,2,0.0348037893621302,0.012016112995742526,Low
2016-10-31,Ridge,20D,2,0.0362604755995908,0.01552079054230914,Low
2016-11-01,Ridge,20D,2,0.0404135641531693,0.018442005731627006,Low
2016-11-02,Ridge,20D,2,0.0434387256398595,0.020736450319900554,Low
2016-11-03,Ridge,20D,2,0.0482688663825537,0.02336129614548327,Low
2016-11-04,Ridge,20D,2,0.0557408135809902,0.029067740345061127,Low
2016-11-07,Ridge,20D,2,0.0371656983203999,0.01764037085357944,Normal
2016-11-08,Ridge,20D,2,0.0464781786679658,0.013808964785545835,Low
2016-11-09,Ridge,20D,2,0.0376190738051806,0.010487880558142908,Low
2016-11-10,Ridge,20D,2,0.0415916466220552,0.004800047509729619,Low
2016-11-11,Ridge,20D,2,0.0418524926792532,0.0052337471965001325,Low
2016-11-14,Ridge,20D,2,0.0484864853376734,0.006005244918390261,Low
2016-11-15,Ridge,20D,2,0.0328832348537253,0.005079631352061225,Low
2016-11-16,Ridge,20D,2,0.0383424590636551,0.0035624169254192864,Low
2016-11-17,Ridge,20D,2,0.0319248329514769,0.0033292683601104326,Low
2016-11-18,Ridge,20D,2,0.0362876570322365,0.003159149411101559,Low
2016-11-21,Ridge,20D,2,0.0324848673625155,0.00015044701257144015,Normal
2016-11-22,Ridge,20D,2,0.0278613905342448,0.0006713209134323475,Normal
2016-11-23,Ridge,20D,2,0.0251889811549393,0.0005454415964309652,Low
2016-11-25,Ridge,20D,2,0.0225331680765949,0.0011984592296399163,Low
2016-11-28,Ridge,20D,2,0.0300474062358788,-0.0006600237670269429,Normal
2016-11-29,Ridge,20D,2,0.0203213631728453,0.0024383005695404513,Low
2016-11-30,Ridge,20D,2,0.0226849459961333,0.00233814709910874,Low
2016-12-01,Ridge,20D,2,0.0215588342660429,0.004074697140872739,Low
2016-12-02,Ridge,20D,2,0.0296126732991153,0.006210937774181604,Low
2016-12-05,Ridge,20D,2,0.0295142101429209,0.0073075337975406236,Low
2016-12-06,Ridge,20D,2,0.0253381580715653,0.0044864918765187695,Low
2016-12-07,Ridge,20D,2,0.0157715885074208,0.0006019990480837598,Low
2016-12-08,Ridge,20D,2,0.0100596680189903,0.0048465003852600705,Low
2016-12-09,Ridge,20D,2,0.0041382494860205,0.006655846665047963,Low
2016-12-12,Ridge,20D,2,0.0081019741657218,0.003922115832398218,Low
2016-12-13,Ridge,20D,2,-0.0005636214292446,0.005779074387610651,Low
2016-12-14,Ridge,20D,2,0.0094348054277607,0.005610620178037893,Low
2016-12-15,Ridge,20D,2,0.0025871832839886,0.0052811696695155685,Low
2016-12-16,Ridge,20D,2,0.0061015405047782,0.00524051068533105,Low
2016-12-19,Ridge,20D,2,0.0005125301652477,0.0036189043703996615,Low
2016-12-20,Ridge,20D,2,0.0002422018253947,0.0023507397036615805,Low
2016-12-21,Ridge,20D,2,8.837904002783037e-06,0.003604738087938844,Low
2016-12-22,Ridge,20D,2,0.0084166896553614,0.002684493886449388,Low
2016-12-23,Ridge,20D,2,0.0151598099162512,0.003247437280166437,Low
2016-12-27,Ridge,20D,2,0.0121783060764394,0.003967712922331892,Low
2016-12-28,Ridge,20D,2,0.0197031072964692,0.004612746676250877,Low
2016-12-29,Ridge,20D,2,0.0139687815322409,0.00572908210286376,Low
2016-12-30,Ridge,20D,2,0.0177263146210628,0.007776124018467369,Low
2017-01-03,Ridge,20D,2,0.0095738668560221,0.006721159841691585,Low
2017-01-04,Ridge,20D,2,0.0044380499241636,0.003757305218639552,Low
2017-01-05,Ridge,20D,2,0.0124475143811984,0.0025944577059347908,Low
2017-01-06,Ridge,20D,2,0.0068191276869103,0.0031396375867058374,Low
2017-01-09,Ridge,20D,2,0.0106008366223156,0.002472779573565782,Low
2017-01-10,Ridge,20D,2,0.0112939187709253,0.0033733218755015748,Low
2017-01-11,Ridge,20D,2,0.0142043401177834,0.0033047565670096595,Low
2017-01-12,Ridge,20D,2,0.0199111593335223,0.0027352824321646547,Low
2017-01-13,Ridge,20D,2,0.0232951615223869,0.004529211889343271,Low
2017-01-17,Ridge,20D,2,0.030266403174278,0.003152399483167606,Low
2017-01-18,Ridge,20D,2,0.0334840913702031,0.004955921567474527,Low
2017-01-19,Ridge,20D,2,0.0362354373929721,0.007192613821167721,Low
2017-01-20,Ridge,20D,2,0.0345520026589097,0.007051974349191179,Low
2017-01-23,Ridge,20D,2,0.0432756023250485,0.004133098620779562,Low
2017-01-24,Ridge,20D,2,0.0356496756492821,0.0031107317762644375,Low
2017-01-25,Ridge,20D,2,0.0280745218245724,0.0010210375442156897,Low
2017-01-26,Ridge,20D,2,0.0303024269918673,0.001459261947812312,Low
2017-01-27,Ridge,20D,2,0.0321867317493426,0.0015844889329358824,Low
2017-01-30,Ridge,20D,2,0.0356326991302444,-0.0006328029239077004,Low
2017-01-31,Ridge,20D,2,0.0501042118220022,0.0033016008234673985,Low
2017-02-01,Ridge,20D,2,0.0439287758617805,0.0061687331120365025,Low
2017-02-02,Ridge,20D,2,0.0438623793916245,0.004592520494278163,Low
2017-02-03,Ridge,20D,2,0.033341259773505,0.005927153567735201,Low
2017-02-06,Ridge,20D,2,0.0325412313851243,0.0044460515772190585,Low
2017-02-07,Ridge,20D,2,0.0300275999572145,0.006519091754452564,Low
2017-02-08,Ridge,20D,2,0.0301340934213712,0.0059028051723023015,Low
2017-02-09,Ridge,20D,2,0.0276613693912696,0.006020422976263739,Low
2017-02-10,Ridge,20D,2,0.0244682281884301,0.005588780384589174,Low
2017-02-13,Ridge,20D,2,0.0158513456235278,0.005715984461645583,Low
2017-02-14,Ridge,20D,2,0.0201918975525416,0.007127877438919394,Low
2017-02-15,Ridge,20D,2,0.0135839740876235,0.006165797552452923,Low
2017-02-16,Ridge,20D,2,0.0131332864249421,0.010442602192214288,Low
2017-02-17,Ridge,20D,2,0.0094442210173245,0.008983328226424671,Low
2017-02-21,Ridge,20D,2,-0.0090712235928466,0.008188959709729871,Low
2017-02-22,Ridge,20D,2,-0.0061003345985798,0.008232769826730994,Low
2017-02-23,Ridge,20D,2,-0.007580065714669,0.0090306226021723,Low
2017-02-24,Ridge,20D,2,-0.0099166681606391,0.008603295688181576,Low
2017-02-27,Ridge,20D,2,-0.0119542410142186,0.008242412808554863,Low
2017-02-28,Ridge,20D,2,-0.0021472260693997,0.01094725015487618,Low
2017-03-01,Ridge,20D,2,-0.0146437009492948,0.00887308626288291,Low
2017-03-02,Ridge,20D,2,-0.0058357730654845,0.00862766686181305,Low
2017-03-03,Ridge,20D,2,-0.0085971173722863,0.005169306434400804,Low
2017-03-06,Ridge,20D,2,-0.0069579699167338,0.002148116895060382,Low
2017-03-07,Ridge,20D,2,-0.0034809779399827,0.003526288122384791,Low
2017-03-08,Ridge,20D,2,-0.004253686787441,0.007113689908767693,Low
2017-03-09,Ridge,20D,2,-0.0031256121064722,0.008058107007726573,Low
2017-03-10,Ridge,20D,2,-0.0072164242752756,0.009397672763784148,Low
2017-03-13,Ridge,20D,2,-0.0068955397586622,0.007883116348432823,Low
2017-03-14,Ridge,20D,2,-0.0049456990697295,0.006705166767632078,Low
2017-03-15,Ridge,20D,2,-0.0170526156134027,0.007522466877505931,Low
2017-03-16,Ridge,20D,2,-0.0222626011040233,0.007267480251859398,Low
2017-03-17,Ridge,20D,2,-0.0123709561486847,0.0048399144835725855,Low
2017-03-20,Ridge,20D,2,-0.0132666429141377,0.005540464789533687,Low
2017-03-21,Ridge,20D,2,-0.0024988737209041,0.0031526801990465767,Low
2017-03-22,Ridge,20D,2,0.0031418737946071,0.004656974507117795,Low
2017-03-23,Ridge,20D,2,0.0011630178323216,0.006045090115518737,Low
2017-03-24,Ridge,20D,2,0.012789106634372,0.007363267712763516,Low
2017-03-27,Ridge,20D,2,0.0198814284319686,0.005758318139916159,Low
2017-03-28,Ridge,20D,2,0.0121702981266575,0.0060069034870867555,Low
2017-03-29,Ridge,20D,2,0.0116383289231265,0.0052299773223555895,Low
2017-03-30,Ridge,20D,2,0.0067925385399315,0.00556152059230072,Low
2017-03-31,Ridge,20D,2,0.0107809243050921,0.00596403204258836,Low
2017-04-03,Ridge,20D,2,0.013612743198917,0.008750836630514795,Low
2017-04-04,Ridge,20D,2,0.0117812077284283,0.009315547809810162,Low
2017-04-05,Ridge,20D,2,0.0154226778278199,0.008206149094986542,Low
2017-04-06,Ridge,20D,2,0.0175753869415633,0.010468674641841409,Low
2017-04-07,Ridge,20D,2,0.0184403046764161,0.009296770486474327,Low
2017-04-10,Ridge,20D,2,0.0167270799838398,0.010603832963478426,Low
2017-04-11,Ridge,20D,2,0.0192919509932476,0.013995693175279673,Low
2017-04-12,Ridge,20D,2,0.0208938370381279,0.01686981030929445,Low
2017-04-13,Ridge,20D,2,0.0262523219871379,0.017999281057994615,Low
2017-04-17,Ridge,20D,2,0.0224409985990458,0.014121283335535972,Low
2017-04-18,Ridge,20D,2,0.0246614684078932,0.012071881577699298,Low
2017-04-19,Ridge,20D,2,0.0080338256336465,0.013230860214216392,Low
2017-04-20,Ridge,20D,2,0.0041850138978888,0.01270034150336107,Low
2017-04-21,Ridge,20D,2,0.0139694052132046,0.013107900668222693,Low
2017-04-24,Ridge,20D,2,0.0083345319211012,0.01212468300222369,Low
2017-04-25,Ridge,20D,2,0.0040985028817307,0.0028225671168563894,Low
2017-04-26,Ridge,20D,2,0.0070703581619944,0.003308865948618612,Low
2017-04-27,Ridge,20D,2,0.0109497032036732,0.0035946975443759857,Low
2017-04-28,Ridge,20D,2,0.0131751844604657,0.002288645012292927,Low
2017-05-01,Ridge,20D,2,0.0102390419040379,0.004870754097643403,Low
2017-05-02,Ridge,20D,2,0.0085906236982751,0.003052486411812591,Low
2017-05-03,Ridge,20D,2,0.0174053886789501,0.004324470036180652,Low
2017-05-04,Ridge,20D,2,0.0205243300091266,0.004955325798606905,Low
2017-05-05,Ridge,20D,2,0.0152255634612194,0.003919447120091554,Low
2017-05-08,Ridge,20D,2,0.0124052095231075,0.005358564232772199,Low
2017-05-09,Ridge,20D,2,0.0149980128762481,0.0026073494213619216,Low
2017-05-10,Ridge,20D,2,0.0141352191944633,0.003012830260957108,Low
2017-05-11,Ridge,20D,2,0.0154700367023827,0.003927367416708162,Low
2017-05-12,Ridge,20D,2,0.0159703295634589,0.006467288463472243,Low
2017-05-15,Ridge,20D,2,0.0157065461036737,0.0042348267392844354,Low
2017-05-16,Ridge,20D,2,0.0153973521753423,0.005537958432726744,Low
2017-05-17,Ridge,20D,2,0.0315007105496168,-0.0028447355570407704,Low
2017-05-18,Ridge,20D,2,0.0281042710724604,0.009444451047292572,Low
2017-05-19,Ridge,20D,2,0.029672151071154,0.007541121004060495,Low
2017-05-22,Ridge,20D,2,0.017806127328214,0.001331082436620056,Low
2017-05-23,Ridge,20D,2,0.0153871279625619,-0.0017450385272030234,Low
2017-05-24,Ridge,20D,2,0.0124452081855474,0.0032557778769283863,Low
2017-05-25,Ridge,20D,2,0.0095727946989782,0.002476031253030589,Low
2017-05-26,Ridge,20D,2,0.0095780448534083,0.002911978170174088,Low
2017-05-30,Ridge,20D,2,0.0026778090072692,0.0009359231186881955,Low
2017-05-31,Ridge,20D,2,0.0119073852737716,0.0026714570956490246,Low
2017-06-01,Ridge,20D,2,-0.004272427155217,0.0016162875499881497,Low
2017-06-02,Ridge,20D,2,-0.0064412441623894,0.0006173258643168518,Low
2017-06-05,Ridge,20D,2,-0.0029146690428132,-0.00013359207864845069,Low
2017-06-06,Ridge,20D,2,0.0013204636596794,1.9772874789001152e-05,Low
2017-06-07,Ridge,20D,2,-0.0096595524435342,0.0014308226996620054,Low
2017-06-08,Ridge,20D,2,-0.0035440089095833,0.0023913614871083995,Low
2017-06-09,Ridge,20D,2,-0.0017863389398834,0.00262463573919465,Low
2017-06-12,Ridge,20D,2,-0.0015900835262475,0.003021285246193852,Low
2017-06-13,Ridge,20D,2,0.0011876085783438,0.005527713881676965,Low
2017-06-14,Ridge,20D,2,0.0040567650171345,0.0030194596992915964,Low
2017-06-15,Ridge,20D,2,0.0109614909839841,0.005991369923585416,Low
2017-06-16,Ridge,20D,2,0.0106249775972177,0.006617374686079644,Low
2017-06-19,Ridge,20D,2,0.0029100730884346,0.00425156670761519,Low
2017-06-20,Ridge,20D,2,0.0149874917514198,0.003441923067932747,Low
2017-06-21,Ridge,20D,2,0.0154166348560844,0.003734532165257305,Low
2017-06-22,Ridge,20D,2,0.0155045814993135,0.004009863286478031,Low
2017-06-23,Ridge,20D,2,0.0128805819484959,0.0026028474854862494,Low
2017-06-26,Ridge,20D,2,0.0154837375286614,0.003888710765535695,Low
2017-06-27,Ridge,20D,2,0.0238719481104537,0.0014510309017033837,Low
2017-06-28,Ridge,20D,2,0.0141292848265089,0.002300615043338693,Low
2017-06-29,Ridge,20D,2,0.0214244859925343,-0.000800049149255363,Low
2017-06-30,Ridge,20D,2,0.0191640175471008,0.002076988923511312,Low
2017-07-03,Ridge,20D,2,0.0193019703428917,0.0016894896179955854,Low
2017-07-05,Ridge,20D,2,0.0183422737139506,0.0016801157056957525,Low
2017-07-06,Ridge,20D,2,0.0255692191858709,0.0009802404589568676,Low
2017-07-07,Ridge,20D,2,0.0210738280337947,0.003851083431502776,Low
2017-07-10,Ridge,20D,2,0.0217923365745625,0.0011702758410091236,Low
2017-07-11,Ridge,20D,2,0.0201579714102593,0.00137424728504368,Low
2017-07-12,Ridge,20D,2,0.0125152456697256,-0.00014327947194981393,Low
2017-07-13,Ridge,20D,2,-0.003937802204489,0.0010442652285333736,Low
2017-07-14,Ridge,20D,2,-0.007325661246511,0.0002024074126374311,Low
2017-07-17,Ridge,20D,2,0.0027209042362451,-0.0009209406702002489,Low
2017-07-18,Ridge,20D,2,0.0016242932112507,-8.628648229272017e-05,Low
2017-07-19,Ridge,20D,2,-0.0023148694814704,0.0015107083996612012,Low
2017-07-20,Ridge,20D,2,-0.0177185408800548,0.002015407902830994,Low
2017-07-21,Ridge,20D,2,-0.0191876552121979,0.0008899850507399576,Low
2017-07-24,Ridge,20D,2,-0.0169613785022229,0.00013559742526018676,Low
2017-07-25,Ridge,20D,2,-0.0099885907614958,-4.254864581261335e-05,Low
2017-07-26,Ridge,20D,2,-0.0137307849002542,0.001928973081291834,Low
2017-07-27,Ridge,20D,2,-0.0148342400099989,0.0022251500833790575,Low
2017-07-28,Ridge,20D,2,-0.0118207526629454,0.0039658693937286715,Low
2017-07-31,Ridge,20D,2,-0.0106053883550895,0.0047965471025465676,Low
2017-08-01,Ridge,20D,2,-0.0122090423680181,0.0047679568263989626,Low
2017-08-02,Ridge,20D,2,-0.0080970379873045,0.0043462519667885734,Low
2017-08-03,Ridge,20D,2,-0.0002063225676454,0.0056603766900674025,Low
2017-08-04,Ridge,20D,2,-0.0001130659428496,0.006349489077254441,Low
2017-08-07,Ridge,20D,3,-0.0093383691392749,0.00563924401239015,Low
2017-08-08,Ridge,20D,3,-0.0037971744157455,0.005064835399127834,Low
2017-08-09,Ridge,20D,3,-0.0036119516678868,0.007338541108518933,Low
2017-08-10,Ridge,20D,3,0.0094783065893968,0.002818871489510551,Low
2017-08-11,Ridge,20D,3,0.0189845246585567,0.014800768659239289,Low
2017-08-14,Ridge,20D,3,0.0123491760073906,0.011086593575557075,Low
2017-08-15,Ridge,20D,3,0.0136049425823564,0.005293883546820014,Low
2017-08-16,Ridge,20D,3,0.0110845232081963,0.00444484652794209,Low
2017-08-17,Ridge,20D,3,0.028487343241547,0.002649015445629397,Low
2017-08-18,Ridge,20D,3,0.0317792588320284,0.009777216363492935,Low
2017-08-21,Ridge,20D,3,0.0317268627341936,0.008234394286640771,Low
2017-08-22,Ridge,20D,3,0.022469314175878,0.0030174671566649586,Low
2017-08-23,Ridge,20D,3,0.022878318361602,-0.000603416217084307,Low
2017-08-24,Ridge,20D,3,0.0256025191039075,0.004308319224595089,Low
2017-08-25,Ridge,20D,3,0.0217065247351162,0.0048614028722820226,Low
2017-08-28,Ridge,20D,3,0.0212917353877149,0.002695729263953618,Low
2017-08-29,Ridge,20D,3,0.024526091027693,0.003423061065432864,Low
2017-08-30,Ridge,20D,3,0.02112544986857,0.004375147536362732,Low
2017-08-31,Ridge,20D,3,0.0191190393523553,0.0034971815178175703,Low
2017-09-01,Ridge,20D,3,0.0210049801397325,0.002734847493086095,Low
2017-09-05,Ridge,20D,3,0.0307409498765382,-0.001187983424647045,Low
2017-09-06,Ridge,20D,3,0.0288630510445079,0.0037396953687432195,Low
2017-09-07,Ridge,20D,3,0.0346724071206541,0.002923511119880996,Low
2017-09-08,Ridge,20D,3,0.0350881560988721,0.004060060249432111,Low
2017-09-11,Ridge,20D,3,0.0225011170337114,0.0027245461385113382,Low
2017-09-12,Ridge,20D,3,0.0214625340693062,0.0013642734056052552,Low
2017-09-13,Ridge,20D,3,0.0225075827508873,0.0013034641261929544,Low
2017-09-14,Ridge,20D,3,0.0219207294813639,0.0010845457751140599,Low
2017-09-15,Ridge,20D,3,0.0209529739400508,0.0027623704245016236,Low
2017-09-18,Ridge,20D,3,0.021247334543227,0.004560057226783882,Low
2017-09-19,Ridge,20D,3,0.0208101078319297,0.004201042726913313,Low
2017-09-20,Ridge,20D,3,0.0209180206409498,0.004481136046218208,Low
2017-09-21,Ridge,20D,3,0.0242965307028752,0.003758549661403676,Low
2017-09-22,Ridge,20D,3,0.0287527428927385,0.0032091799470667644,Low
2017-09-25,Ridge,20D,3,0.0269968702795951,0.0029963728406099876,Low
2017-09-26,Ridge,20D,3,0.0285413070282584,0.004962456357127091,Low
2017-09-27,Ridge,20D,3,0.0197905289390104,0.003978611594156253,Low
2017-09-28,Ridge,20D,3,0.0198567775606747,0.0036122369779051236,Low
2017-09-29,Ridge,20D,3,0.0241991244719031,0.0026929875267806343,Low
2017-10-02,Ridge,20D,3,0.0171350282654499,0.0035136050363789076,Low
2017-10-03,Ridge,20D,3,0.0159225300174684,0.004905178397518251,Low
2017-10-04,Ridge,20D,3,0.0162674304642586,0.004798507768578925,Low
2017-10-05,Ridge,20D,3,0.0108264742026328,0.005020454260973492,Low
2017-10-06,Ridge,20D,3,0.014992974694187,0.003537068410826225,Low
2017-10-09,Ridge,20D,3,0.0180694824469768,0.005013198615154588,Low
2017-10-10,Ridge,20D,3,0.0155606420114168,0.006342043531119264,Low
2017-10-11,Ridge,20D,3,0.0152013730138137,0.005745744530008823,Low
2017-10-12,Ridge,20D,3,0.013120568794795,0.005931155229222936,Low
2017-10-13,Ridge,20D,3,0.011344799813895,0.006087504806329999,Low
2017-10-16,Ridge,20D,3,0.0105787281928825,0.005288444069464432,Low
2017-10-17,Ridge,20D,3,0.0075940947271664,0.006018647264714007,Low
2017-10-18,Ridge,20D,3,0.0013110364737133,0.007458631971980667,Low
2017-10-19,Ridge,20D,3,0.0091457451416753,0.007181971683005136,Low
2017-10-20,Ridge,20D,3,0.0014125319777474,0.00613518158090721,Low
2017-10-23,Ridge,20D,3,0.0066677971795348,0.005848845878296851,Low
2017-10-24,Ridge,20D,3,0.0115710351847293,0.007700710656787922,Low
2017-10-25,Ridge,20D,3,0.0154944481686596,0.00763271293159897,Low
2017-10-26,Ridge,20D,3,0.0162782931962895,0.006950921207920797,Low
2017-10-27,Ridge,20D,3,0.0078533516297591,0.0061470924743177125,Low
2017-10-30,Ridge,20D,3,0.0208512612032935,0.0026494752531701533,Low
2017-10-31,Ridge,20D,3,0.0195379543838234,0.004150562156259871,Low
2017-11-01,Ridge,20D,3,0.0261046969387306,0.0043477662631715985,Low
2017-11-02,Ridge,20D,3,0.0238881662332583,0.004319309911209323,Low
2017-11-03,Ridge,20D,3,0.0197431663576575,0.0055240468678691085,Low
2017-11-06,Ridge,20D,3,0.0147263319469258,0.00401852025135388,Low
2017-11-07,Ridge,20D,3,0.0148013405814775,0.005132526471737972,Low
2017-11-08,Ridge,20D,3,0.0162867936595262,0.006172820225128787,Low
2017-11-09,Ridge,20D,3,0.0255469770344146,0.004958989222883272,Low
2017-11-10,Ridge,20D,3,0.0296418661321643,0.007675325651943061,Low
2017-11-13,Ridge,20D,3,0.0302064389429607,0.00949825989662437,Low
2017-11-14,Ridge,20D,3,0.0320456505330924,0.010059856027219465,Low
2017-11-15,Ridge,20D,3,0.0335074815444534,0.010025319414415687,Low
2017-11-16,Ridge,20D,3,0.0342791421716238,0.011168496446767037,Low
2017-11-17,Ridge,20D,3,0.0422570377301188,0.008750645371883728,Low
2017-11-20,Ridge,20D,3,0.0377466697982101,0.007866726990878153,Low
2017-11-21,Ridge,20D,3,0.030398594844885,0.0052577239006988035,Low
2017-11-22,Ridge,20D,3,0.0331328245608727,0.004858267977695715,Low
2017-11-24,Ridge,20D,3,0.0306205686445271,0.005956680154795155,Low
2017-11-27,Ridge,20D,3,0.0299459245312717,0.004676927837447783,Low
2017-11-28,Ridge,20D,3,0.0209362206447204,0.00383810784666598,Low
2017-11-29,Ridge,20D,3,0.0231378335304307,0.005528802592626912,Low
2017-11-30,Ridge,20D,3,0.0097836145748712,0.0057603089408791875,Low
2017-12-01,Ridge,20D,3,0.0200792757290746,0.008475007188193646,Low
2017-12-04,Ridge,20D,3,0.0275104195222974,0.008599073312987648,Low
2017-12-05,Ridge,20D,3,0.0352773529035796,0.009587676005591189,Low
2017-12-06,Ridge,20D,3,0.0424006109626952,0.007650671117153114,Low
2017-12-07,Ridge,20D,3,0.0411335077198828,0.008006112105912792,Low
2017-12-08,Ridge,20D,3,0.0369443892016631,0.0057090200694223546,Low
2017-12-11,Ridge,20D,3,0.0326347012684465,0.004358264640608183,Low
2017-12-12,Ridge,20D,3,0.0380960033152389,0.004519368600460861,Low
2017-12-13,Ridge,20D,3,0.0452959986844834,0.006694652127078432,Low
2017-12-14,Ridge,20D,3,0.0458444531536434,0.006967251957385456,Low
2017-12-15,Ridge,20D,3,0.0462811459500027,0.00489354515483579,Low
2017-12-18,Ridge,20D,3,0.0393149698729314,0.003617966729689343,Low
2017-12-19,Ridge,20D,3,0.04692611590304,0.0033853563717709217,Low
2017-12-20,Ridge,20D,3,0.0557887163588261,0.004373941606199548,Low
2017-12-21,Ridge,20D,3,0.05597703431439,0.0038131553874625685,Low
2017-12-22,Ridge,20D,3,0.0558751734052716,0.004527032778288224,Low
2017-12-26,Ridge,20D,3,0.0575365885041631,0.005451432352036956,Low
2017-12-27,Ridge,20D,3,0.0685175983000053,0.006692924050400844,Low
2017-12-28,Ridge,20D,3,0.0599305430122226,0.0077518436207264264,Low
2017-12-29,Ridge,20D,3,0.0541685324996338,0.00627992711242117,Low
2018-01-02,Ridge,20D,3,0.0463883201399304,0.005827254968005103,Low
2018-01-03,Ridge,20D,3,0.039361588543971,0.0031365467077304433,Low
2018-01-04,Ridge,20D,3,0.0139043651719451,0.0022332205557316857,Low
2018-01-05,Ridge,20D,3,-0.0349473216550215,0.002112825427680336,Low
2018-01-08,Ridge,20D,3,-0.0193177120733813,0.0038796639365312607,Low
2018-01-09,Ridge,20D,3,-0.0256339338144322,0.004534938821628803,Low
2018-01-10,Ridge,20D,3,-0.0627801402487133,0.005475983320684415,Low
2018-01-11,Ridge,20D,3,-0.0549635208180707,0.003540254258784432,Low
2018-01-12,Ridge,20D,3,-0.0478717815389788,0.0038006071136389946,Low
2018-01-16,Ridge,20D,3,-0.0417315462970986,0.005234548643123839,Low
2018-01-17,Ridge,20D,3,-0.0377891126947037,0.006331319531331584,Low
2018-01-18,Ridge,20D,3,-0.0241745534204547,0.007865148359433742,Low
2018-01-19,Ridge,20D,3,-0.0281768017575231,0.008425191077839211,Low
2018-01-22,Ridge,20D,3,-0.0420696832465737,0.00541931493706587,Low
2018-01-23,Ridge,20D,3,-0.0497533526981069,0.006419672967008567,Low
2018-01-24,Ridge,20D,3,-0.0482201426652969,0.0073603247166290145,Low
2018-01-25,Ridge,20D,3,-0.0329213038190088,0.008740365113990182,Low
2018-01-26,Ridge,20D,3,-0.0330045033044656,0.0063001543815619,Low
2018-01-29,Ridge,20D,3,-0.0390380784610701,0.004186400603617855,Low
2018-01-30,Ridge,20D,3,-0.0392372417393891,0.007938685910172497,Low
2018-01-31,Ridge,20D,3,-0.0531400734529603,0.00960987223559929,Low
2018-02-01,Ridge,20D,3,-0.0474329896157383,0.006387347266658922,Low
2018-02-02,Ridge,20D,3,-0.015024691488513,0.004033666765250722,Normal
2018-02-05,Ridge,20D,3,0.0294532323818651,0.006398944398485107,High
2018-02-06,Ridge,20D,3,0.0116786672072114,0.027696978500434066,High
2018-02-07,Ridge,20D,3,0.0211459536398489,0.020661571829929358,High
2018-02-08,Ridge,20D,3,0.0766345526268581,0.01785840668690563,High
2018-02-09,Ridge,20D,3,0.0605341100893354,0.014334722500920102,High
2018-02-12,Ridge,20D,3,0.0403315339968343,0.009275726320360396,High
2018-02-13,Ridge,20D,3,0.0319810421913682,0.004791328358273663,High
2018-02-14,Ridge,20D,3,0.0178853659833746,-0.0027377014921011814,High
2018-02-15,Ridge,20D,3,0.0075905021538308,0.00039782838867389973,High
2018-02-16,Ridge,20D,3,-0.0070889380374641,0.0003143240454656672,High
2018-02-20,Ridge,20D,3,0.0002502877310922,-3.146823203937447e-05,High
2018-02-21,Ridge,20D,3,0.0039162600887736,0.0012343056759931224,High
2018-02-22,Ridge,20D,3,-0.0225417043696586,-0.0002756332437256759,High
2018-02-23,Ridge,20D,3,-0.0596327899265303,-0.006997139814598664,High
2018-02-26,Ridge,20D,3,-0.0445261878411224,-0.011701601748694486,High
2018-02-27,Ridge,20D,3,-0.0491651620449768,-0.01103390146743743,High
2018-02-28,Ridge,20D,3,-0.0409282748607833,-0.005572098082347281,High
2018-03-01,Ridge,20D,3,-0.0138385315120634,-0.0035198637637020684,High
2018-03-02,Ridge,20D,3,-0.0414879993407579,-0.0026380559248110457,High
2018-03-05,Ridge,20D,3,-0.0399236556355433,-0.0071623047173666535,High
2018-03-06,Ridge,20D,3,-0.0310589362210933,-0.0022400168375524103,High
2018-03-07,Ridge,20D,3,-0.0237355229937258,-0.0035488044078490523,High
2018-03-08,Ridge,20D,3,-0.0503527382596754,-0.0008505092361788405,High
2018-03-09,Ridge,20D,3,-0.0642512900332901,-0.001578817471888201,Normal
2018-03-12,Ridge,20D,3,-0.0463878936989777,-0.0043024693691254695,Normal
2018-03-13,Ridge,20D,3,-0.0455446690571241,-0.002524830268976711,Normal
2018-03-14,Ridge,20D,3,-0.0315868005342784,-0.002396130092921906,Normal
2018-03-15,Ridge,20D,3,-0.0336953639618884,-0.0017285838365999097,Normal
2018-03-16,Ridge,20D,3,-0.0273210251075571,-0.0006788215687867786,Normal
2018-03-19,Ridge,20D,3,-0.0024099129523171,-0.0020500650176400216,Normal
2018-03-20,Ridge,20D,3,-0.0030596012064829,0.0018557561697893853,Normal
2018-03-21,Ridge,20D,3,-0.0069564908766861,0.0013882329293582784,Normal
2018-03-22,Ridge,20D,3,0.0099552189078154,-0.0014464199769124268,High
2018-03-23,Ridge,20D,3,0.0312012563307508,0.008611429578043213,High
2018-03-26,Ridge,20D,3,-0.0090646723817597,-0.0030667362422465375,High
2018-03-27,Ridge,20D,3,0.0101979874963856,-0.0033787456768474416,High
2018-03-28,Ridge,20D,3,0.0234990505832253,-0.0044459907995491165,High
2018-03-29,Ridge,20D,3,0.0109362783607458,-0.004925337413753934,High
2018-04-02,Ridge,20D,3,0.0253057681553204,-0.0052866899890034215,High
2018-04-03,Ridge,20D,3,0.0153156090106067,-0.002976465786851486,High
2018-04-04,Ridge,20D,3,-0.0034164445372424,-0.008151655447827465,High
2018-04-05,Ridge,20D,3,-0.0125120835239576,-0.007678149958007124,High
2018-04-06,Ridge,20D,3,0.0223817935614422,-0.009817758084048462,High
2018-04-09,Ridge,20D,3,0.0225027791488394,-0.005307716650073456,High
2018-04-10,Ridge,20D,3,0.0056485035407914,-0.006551824359608223,High
2018-04-11,Ridge,20D,3,0.0208248372481214,-0.007612250357474494,High
2018-04-12,Ridge,20D,3,0.021934950154313,-0.010454516719807039,High
2018-04-13,Ridge,20D,3,0.0265318892519808,-0.00824224699558859,High
2018-04-16,Ridge,20D,3,0.0193386519605443,-0.012353631414517107,High
2018-04-17,Ridge,20D,3,0.001867925302687,-0.012863220594822146,High
2018-04-18,Ridge,20D,3,0.0050892447426481,-0.013997794452969043,High
2018-04-19,Ridge,20D,3,0.0099755877498706,-0.01388876425092087,High
2018-04-20,Ridge,20D,3,0.0159130996836729,-0.011593318911045833,High
2018-04-23,Ridge,20D,3,0.0232164741204219,-0.008868020960225166,High
2018-04-24,Ridge,20D,3,0.0335466735340219,-0.006909428202977573,High
2018-04-25,Ridge,20D,3,0.0349544445080969,-0.0056196875905995675,High
2018-04-26,Ridge,20D,3,0.0225490373629974,-0.00853807916405858,High
2018-04-27,Ridge,20D,3,0.0190760290374474,-0.010122364581298145,High
2018-04-30,Ridge,20D,3,0.0156656490745765,-0.009064751220580963,Normal
2018-05-01,Ridge,20D,3,0.0257357222554729,-0.008842376998827861,Normal
2018-05-02,Ridge,20D,3,0.0260643402134411,-0.006966924194446063,Normal
2018-05-03,Ridge,20D,3,0.0391113575077448,-0.004880008151826414,Normal
2018-05-04,Ridge,20D,3,0.0308511423777621,-0.0072956125294556685,Normal
2018-05-07,Ridge,20D,3,0.0281015080923478,-0.004983111855752415,Normal
2018-05-08,Ridge,20D,3,0.0368980853413935,-0.004964105269712459,Normal
2018-05-09,Ridge,20D,3,0.0265479937845404,-0.004401978946053072,Normal
2018-05-10,Ridge,20D,3,0.0203420110884432,-0.006078856590384428,Normal
2018-05-11,Ridge,20D,3,0.0197040088244222,-0.004864857345432693,Normal
2018-05-14,Ridge,20D,3,0.0205627765929996,-0.006089687983426613,Normal
2018-05-15,Ridge,20D,3,0.023394177095579,-0.007328325044871187,Normal
2018-05-16,Ridge,20D,3,0.0218103377705682,-0.0038793289498801724,Normal
2018-05-17,Ridge,20D,3,0.0216489562436842,-0.0048640958102898185,Normal
2018-05-18,Ridge,20D,3,0.022156230317348,-0.004585019296224936,Normal
2018-05-21,Ridge,20D,3,0.0107651078180232,-0.004916057547655129,Normal
2018-05-22,Ridge,20D,3,0.0156164866350109,-0.0027079966046911347,Low
2018-05-23,Ridge,20D,3,0.0060076125848917,-0.004074572233253951,Low
2018-05-24,Ridge,20D,3,0.0098930787977484,-0.004493991283511701,Low
2018-05-25,Ridge,20D,3,-0.0015666411158363,-0.004839794972021952,Low
2018-05-29,Ridge,20D,3,0.0122670819016528,-0.0035188331315448088,Low
2018-05-30,Ridge,20D,3,-0.0089903797634122,0.0005793787636375067,Normal
2018-05-31,Ridge,20D,3,0.0040726334990533,-0.0015093404389726114,Normal
2018-06-01,Ridge,20D,3,-0.0059600503226695,-0.0037518170051308187,Normal
2018-06-04,Ridge,20D,3,-0.0073663843867284,-0.006946044136458756,Low
2018-06-05,Ridge,20D,3,-0.0130283599368378,-0.005831873698846933,Low
2018-06-06,Ridge,20D,3,-0.0129754038286118,-0.0068059863670103145,Normal
2018-06-07,Ridge,20D,3,-0.0038154426060472,-0.006501289561873425,Low
2018-06-08,Ridge,20D,3,0.001847819271543,-0.00543516694421578,Low
2018-06-11,Ridge,20D,3,0.0042469315834245,-0.00513442966572062,Low
2018-06-12,Ridge,20D,3,-0.0046144220671957,-0.004683196243651062,Low
2018-06-13,Ridge,20D,3,0.0081308240543877,-0.003335126610605532,Low
2018-06-14,Ridge,20D,3,0.0067409790684926,-0.0027902994439567425,Low
2018-06-15,Ridge,20D,3,0.0067299347630881,-0.00499607582172653,Low
2018-06-18,Ridge,20D,3,0.0128241502874182,-0.004274458245477376,Low
2018-06-19,Ridge,20D,3,0.0190138503155469,-0.0038558902930454653,Low
2018-06-20,Ridge,20D,3,0.0133423332423849,0.0014668280475009475,Low
2018-06-21,Ridge,20D,3,0.0187591643143309,0.000880509708389059,Low
2018-06-22,Ridge,20D,3,0.0187353234024283,0.003407813866406489,Low
2018-06-25,Ridge,20D,3,0.0373245652562525,0.0014293657041709231,Normal
2018-06-26,Ridge,20D,3,0.0441828498209282,0.00847116122833436,Low
2018-06-27,Ridge,20D,3,0.049787533385202,0.008251931643794527,Low
2018-06-28,Ridge,20D,3,0.0370440187213252,0.009595089700963783,Low
2018-06-29,Ridge,20D,3,0.0305151135182212,0.009252129448778193,Low
2018-07-02,Ridge,20D,3,0.0323246899032308,0.008921885093389745,Low
2018-07-03,Ridge,20D,3,0.0362434261161934,0.01009902344903072,Low
2018-07-05,Ridge,20D,3,0.0325739189528643,0.009649104983102738,Low
2018-07-06,Ridge,20D,3,0.0287618334176322,0.007234076149727123,Low
2018-07-09,Ridge,20D,3,0.0235095252830925,0.0036593370060898083,Low
2018-07-10,Ridge,20D,3,0.0228624777107563,0.0023690549209589486,Low
2018-07-11,Ridge,20D,3,0.0297195496893777,0.0017588729682402587,Low
2018-07-12,Ridge,20D,3,0.0195658434321655,0.003362754321734054,Low
2018-07-13,Ridge,20D,3,0.0113478756323125,0.0016264688128070724,Low
2018-07-16,Ridge,20D,3,0.0083625025872308,0.0005291812734652549,Low
2018-07-17,Ridge,20D,3,0.0107656082602048,0.0014302425095371113,Low
2018-07-18,Ridge,20D,3,0.0009762176020885,0.002002451367581353,Low
2018-07-19,Ridge,20D,3,0.0128252590037763,0.002795716058726539,Low
2018-07-20,Ridge,20D,3,0.0170917631503138,0.0046564792142670475,Low
2018-07-23,Ridge,20D,3,0.0176804757092106,0.004662698466140182,Low
2018-07-24,Ridge,20D,3,0.0149773567777839,0.005961443033741961,Low
2018-07-25,Ridge,20D,3,0.005518690653168,0.003183918159535394,Low
2018-07-26,Ridge,20D,3,0.0068628994785001,0.004861983361858663,Low
2018-07-27,Ridge,20D,3,0.0196264400516309,0.004108706282013817,Low
2018-07-30,Ridge,20D,3,0.0330383707743287,0.004649739038587316,Low
2018-07-31,Ridge,20D,3,0.0284347756326238,0.006466488821214256,Low
2018-08-01,Ridge,20D,3,0.0351609111691065,0.006020718464288219,Low
2018-08-02,Ridge,20D,3,0.0258063895424396,0.004270363419953629,Low
2018-08-03,Ridge,20D,3,0.0213074259443966,0.003943844122855302,Low
2018-08-06,Ridge,20D,3,0.0161197512447158,0.004761817047565346,Low
2018-08-07,Ridge,20D,3,0.0104924866969639,0.004213972017966411,Low
2018-08-08,Ridge,20D,3,0.0070959100536409,0.004358508800620507,Low
2018-08-09,Ridge,20D,3,0.0063228268356664,0.003684821978473769,Low
2018-08-10,Ridge,20D,3,0.015358167313604,0.002627319630527905,Low
2018-08-13,Ridge,20D,3,0.0231050706692999,0.00781667010544923,Low
2018-08-14,Ridge,20D,3,0.0170927490027761,0.009175318485625094,Low
2018-08-15,Ridge,20D,3,0.0299923097435463,0.006086612501487399,Low
2018-08-16,Ridge,20D,3,0.0223795390916744,0.007087032424126151,Low
2018-08-17,Ridge,20D,3,0.0134766417248621,0.005404772555660633,Low
2018-08-20,Ridge,20D,3,0.0164062196903592,0.004296032993706863,Low
2018-08-21,Ridge,20D,3,0.0155923077689042,0.004040347783930055,Low
2018-08-22,Ridge,20D,3,0.0238005530084767,0.007151629708578102,Low
2018-08-23,Ridge,20D,3,0.0251246459950049,0.007097880766582729,Low
2018-08-24,Ridge,20D,3,0.0154230577527057,0.006622843916207679,Low
2018-08-27,Ridge,20D,3,0.0064759678524773,0.005875979977321295,Low
2018-08-28,Ridge,20D,3,0.0029120260937189,0.006951786513675704,Low
2018-08-29,Ridge,20D,3,-1.374014668132074e-05,0.007075839643363248,Low
2018-08-30,Ridge,20D,3,0.0044195617536386,0.006744933712240478,Low
2018-08-31,Ridge,20D,3,0.0079195856285321,0.009010490791719842,Low
2018-09-04,Ridge,20D,3,0.0091785087671323,0.007979809353082802,Low
2018-09-05,Ridge,20D,4,0.0126968383051167,0.009141788749572607,Low
2018-09-06,Ridge,20D,4,0.0081527939207249,0.012410441378493852,Low
2018-09-07,Ridge,20D,4,0.0048252772311172,0.013493379958609946,Low
2018-09-10,Ridge,20D,4,0.0025340543080742,0.014669944012033568,Low
2018-09-11,Ridge,20D,4,-0.0026177212157953,0.011663988173138538,Low
2018-09-12,Ridge,20D,4,-0.0363907186082911,0.010310630226471836,Low
2018-09-13,Ridge,20D,4,-0.0624466507402238,0.010842608625822113,Low
2018-09-14,Ridge,20D,4,-0.0486158592326138,0.010185455129644071,Low
2018-09-17,Ridge,20D,4,-0.0489530505323646,0.008149415009043749,Low
2018-09-18,Ridge,20D,4,-0.0330398753650887,0.010148647459851896,Low
2018-09-19,Ridge,20D,4,-0.0345450576609258,0.009305587551418179,Low
2018-09-20,Ridge,20D,4,-0.056851562421596,0.005667199964729115,Low
2018-09-21,Ridge,20D,4,-0.0568441966198684,0.006531570936750314,Low
2018-09-24,Ridge,20D,4,-0.0576311114023323,0.0068686122059249365,Low
2018-09-25,Ridge,20D,4,-0.0618522390899085,0.0081492006274592,Low
2018-09-26,Ridge,20D,4,-0.0899083132698894,0.0086135111881134,Low
2018-09-27,Ridge,20D,4,-0.0742140715196865,0.010185040406975873,Low
2018-09-28,Ridge,20D,4,-0.0916863393855515,0.009453648134786653,Low
2018-10-01,Ridge,20D,4,-0.101902040022944,0.00951096312756317,Low
2018-10-02,Ridge,20D,4,-0.0859599481407874,0.00981122675825176,Low
2018-10-03,Ridge,20D,4,-0.0758783361229346,0.01117603155020635,Low
2018-10-04,Ridge,20D,4,-0.0571728018333954,0.008173879017035077,Low
2018-10-05,Ridge,20D,4,-0.057966208304653,0.014513021156766923,Low
2018-10-08,Ridge,20D,4,-0.0519863198991092,0.015130369801694523,Low
2018-10-09,Ridge,20D,4,-0.0443276223205464,0.01760485814338665,Low
2018-10-10,Ridge,20D,4,0.0100758452828294,0.009180778390955133,Normal
2018-10-11,Ridge,20D,4,0.0283513562668796,0.019617105563171765,Normal
2018-10-12,Ridge,20D,4,0.0050035349431308,0.015484041608477914,Normal
2018-10-15,Ridge,20D,4,-0.0089721337510366,0.010275979288979824,Normal
2018-10-16,Ridge,20D,4,-0.0317229806081116,0.00010724900110392621,High
2018-10-17,Ridge,20D,4,-0.0390664751638974,0.0006838297317261063,High
2018-10-18,Ridge,20D,4,-0.0140319518459142,0.003521506548294688,High
2018-10-19,Ridge,20D,4,-0.0114498791731509,0.008156122321516478,High
2018-10-22,Ridge,20D,4,-0.0239242433123945,0.008363563652629363,High
2018-10-23,Ridge,20D,4,-0.0367151626882863,0.009671289143735506,High
2018-10-24,Ridge,20D,4,-0.0023257195163782,0.010986873622131757,High
2018-10-25,Ridge,20D,4,-0.0273558572069479,0.007920219353325986,High
2018-10-26,Ridge,20D,4,0.0055362566484217,0.008120375695108996,High
2018-10-29,Ridge,20D,4,0.0153738493082283,0.009652563778093388,High
2018-10-30,Ridge,20D,4,0.0225425776394646,0.002531125773224884,High
2018-10-31,Ridge,20D,4,0.0095642043395,0.005328287918479999,High
2018-11-01,Ridge,20D,4,0.0071992531875884,0.000642074710955406,High
2018-11-02,Ridge,20D,4,0.0244179760378307,0.0016413448144909307,High
2018-11-05,Ridge,20D,4,-0.0140669464979195,0.0012538033977752185,High
2018-11-06,Ridge,20D,4,-0.0218301221564725,0.0026864446945784686,High
2018-11-07,Ridge,20D,4,-0.0664135361735685,2.588817521380956e-05,High
2018-11-08,Ridge,20D,4,-0.0621408639621609,-0.003991568776220792,High
2018-11-09,Ridge,20D,4,-0.053255687722094,-0.004288776528419082,High
2018-11-12,Ridge,20D,4,-0.0279526657262753,-0.003956763068869246,High
2018-11-13,Ridge,20D,4,-0.0266695972165164,-0.00021013681863957853,High
2018-11-14,Ridge,20D,4,-0.0383446206667657,0.005466405984716856,High
2018-11-15,Ridge,20D,4,-0.0698749382379844,0.0013174925751454495,High
2018-11-16,Ridge,20D,4,-0.0720093789216792,-0.0007959300879034183,High
2018-11-19,Ridge,20D,4,-0.0707416768618947,-0.0005480681861062724,High
2018-11-20,Ridge,20D,4,-0.0683214907894127,0.00018357982053040286,High
2018-11-21,Ridge,20D,4,-0.0921632805987205,0.006679416343371148,High
2018-11-23,Ridge,20D,4,-0.1130734337651793,0.005532306402566169,High
2018-11-26,Ridge,20D,4,-0.0800832319397408,0.0008047212443577333,High
2018-11-27,Ridge,20D,4,-0.0748133873355366,-0.0006780787192799172,High
2018-11-28,Ridge,20D,4,-0.0987697925488818,-0.0024459407831038497,High
2018-11-29,Ridge,20D,4,-0.0881276721412815,-0.0003719094575436498,High
2018-11-30,Ridge,20D,4,-0.0949975267952728,-0.0009001625079356392,High
2018-12-03,Ridge,20D,4,-0.1309478604085503,-0.0006830852834766388,High
2018-12-04,Ridge,20D,4,-0.0642882325096478,-0.010449532511942975,High
2018-12-06,Ridge,20D,4,-0.0557788686002737,-0.007157809884637101,High
2018-12-07,Ridge,20D,4,-0.0225339458074541,-0.0027540656519487155,High
2018-12-10,Ridge,20D,4,-0.0202048776975481,-0.002952894690955518,High
2018-12-11,Ridge,20D,4,-0.0153402266477803,-0.000601676696747825,High
2018-12-12,Ridge,20D,4,-0.020891406202614,0.00040064903060190154,High
2018-12-13,Ridge,20D,4,-0.0259628504774484,0.0003112584685991916,High
2018-12-14,Ridge,20D,4,0.0039729806710124,0.0003935552960628499,High
2018-12-17,Ridge,20D,4,0.0271847860286772,0.0016582411926265618,High
2018-12-18,Ridge,20D,4,0.0346611198811239,0.005893023872915523,High
2018-12-19,Ridge,20D,4,0.0632734918969165,0.010998537534897029,High
2018-12-20,Ridge,20D,4,0.0649128245530479,0.01234657346330411,High
2018-12-21,Ridge,20D,4,0.0879164349710394,0.018084689039117918,High
2018-12-24,Ridge,20D,4,0.1167777879603313,0.023658250951683918,High
2018-12-26,Ridge,20D,4,0.0768274779900443,0.0006675627098988012,High
2018-12-27,Ridge,20D,4,0.0604234731725184,-0.00201564812399806,High
2018-12-28,Ridge,20D,4,0.0602085191476349,-0.0005060727284727689,High
2018-12-31,Ridge,20D,4,0.0671815031769881,-0.0048122939364776615,High
2019-01-02,Ridge,20D,4,0.0744744589241297,-0.007673837397014577,High
2019-01-03,Ridge,20D,4,0.1004409973278518,-0.0049164158988737345,High
2019-01-04,Ridge,20D,4,0.073434979384985,-0.015718978297585433,High
2019-01-07,Ridge,20D,4,0.0711463738271054,-0.018982448086525907,High
2019-01-08,Ridge,20D,4,0.0592708707730993,-0.017892883825371204,High
2019-01-09,Ridge,20D,4,0.0457800062380468,-0.02004508234239862,High
2019-01-10,Ridge,20D,4,0.0419477374295972,-0.016177338366303518,High
2019-01-11,Ridge,20D,4,0.0428028977778981,-0.012506101179634247,High
2019-01-14,Ridge,20D,4,0.0608821452679864,-0.01580509728189186,High
2019-01-15,Ridge,20D,4,0.0532369579819362,-0.014680027982750612,High
2019-01-16,Ridge,20D,4,0.0483622740691493,-0.012708447664773137,High
2019-01-17,Ridge,20D,4,0.0516195480278712,-0.013965676157395534,High
2019-01-18,Ridge,20D,4,0.0400202565146074,-0.015114113379656038,High
2019-01-22,Ridge,20D,4,0.0560542669033209,-0.013846935957265126,High
2019-01-23,Ridge,20D,4,0.0503211076580286,-0.007525020803059321,High
2019-01-24,Ridge,20D,4,0.0553369662417615,-0.007395220857936894,High
2019-01-25,Ridge,20D,4,0.0481152029909952,-0.007563444321833713,High
2019-01-28,Ridge,20D,4,0.0552022091668639,-0.009536620637719357,High
2019-01-29,Ridge,20D,4,0.0561153196656806,-0.004124786056767896,High
2019-01-30,Ridge,20D,4,0.03785620217517,-0.007175475759662932,High
2019-01-31,Ridge,20D,4,0.0361672099541154,-0.00943956765012305,High
2019-02-01,Ridge,20D,4,0.0313808959740531,-0.00793697867528522,Normal
2019-02-04,Ridge,20D,4,0.0234953413668666,-0.00677083417170136,Normal
2019-02-05,Ridge,20D,4,0.0122524973253914,-0.005983474029472097,Normal
2019-02-06,Ridge,20D,4,0.006320501904569,-0.004724036906998248,Normal
2019-02-07,Ridge,20D,4,0.0135877309753457,-0.0075036664621903355,Normal
2019-02-08,Ridge,20D,4,0.0274712939728225,-0.007409079553345847,Normal
2019-02-11,Ridge,20D,4,0.0297114078968091,-0.006950310846130955,Normal
2019-02-12,Ridge,20D,4,0.0238291017509899,-0.009406697047438982,Normal
2019-02-13,Ridge,20D,4,0.0199412708256828,-0.009209732292563362,Normal
2019-02-14,Ridge,20D,4,0.027568953617812,-0.007189053159216677,Normal
2019-02-15,Ridge,20D,4,0.0204480457517624,-0.007498448145467044,Normal
2019-02-19,Ridge,20D,4,0.0188198543452436,-0.009516955049658375,Normal
2019-02-20,Ridge,20D,4,0.0140956240437331,-0.007354365960740633,Low
2019-02-21,Ridge,20D,4,0.0284223088642638,-0.009722227878743814,Low
2019-02-22,Ridge,20D,4,0.0028748430352802,-0.009747435735760177,Normal
2019-02-25,Ridge,20D,4,0.0008043657522184,-0.009075375725434558,Low
2019-02-26,Ridge,20D,4,0.0087521883729928,-0.005857174253164808,Low
2019-02-27,Ridge,20D,4,0.0046412425326918,-0.004360276780042334,Low
2019-02-28,Ridge,20D,4,0.011053804846904,-0.005057153218726882,Low
2019-03-01,Ridge,20D,4,0.0108938543015157,-0.005097204720665695,Low
2019-03-04,Ridge,20D,4,0.0262841572148151,-0.006203245382653511,Low
2019-03-05,Ridge,20D,4,0.0274337862593803,-0.0043652845046713365,Low
2019-03-06,Ridge,20D,4,0.0361253322835944,-0.00430175539159274,Low
2019-03-07,Ridge,20D,4,0.0463667086649199,-0.0026060561128354795,Low
2019-03-08,Ridge,20D,4,0.0531263904194727,-0.0002181426188907808,Low
2019-03-11,Ridge,20D,4,0.0396137666065069,-0.0072252999194502895,Low
2019-03-12,Ridge,20D,4,0.030578824443032,-0.008721766985746265,Low
2019-03-13,Ridge,20D,4,0.0271251154405126,-0.010077776167889439,Low
2019-03-14,Ridge,20D,4,0.0280316371124515,-0.008453929637974563,Low
2019-03-15,Ridge,20D,4,0.0296466960935665,-0.008294608418701194,Low
2019-03-18,Ridge,20D,4,0.0253180320503014,-0.007076254944053853,Low
2019-03-19,Ridge,20D,4,0.0259578304553682,-0.0061449259408497894,Low
2019-03-20,Ridge,20D,4,0.0266301263753991,-0.005417355757247324,Low
2019-03-21,Ridge,20D,4,0.0174139577049594,-0.007317272086592946,Low
2019-03-22,Ridge,20D,4,0.0375822906561655,-0.009214645686177471,Normal
2019-03-25,Ridge,20D,4,0.0472240146644707,-0.00035946136264585794,Normal
2019-03-26,Ridge,20D,4,0.0378727931135006,-0.001193501292799457,Normal
2019-03-27,Ridge,20D,4,0.0421588946498267,-0.003724708129190275,Normal
2019-03-28,Ridge,20D,4,0.0432501902578701,-0.0030999405025685343,Normal
2019-03-29,Ridge,20D,4,0.0376094327187791,-0.0017136371032651443,Normal
2019-04-01,Ridge,20D,4,0.0270582018995264,-0.00240922278600683,Normal
2019-04-02,Ridge,20D,4,0.0195103004943767,0.0010882324467152166,Normal
2019-04-03,Ridge,20D,4,0.0152379834256046,0.0024524313578491936,Normal
2019-04-04,Ridge,20D,4,0.0227476456615279,0.004197241285834353,Normal
2019-04-05,Ridge,20D,4,0.0136409148493564,0.0036223968150447764,Normal
2019-04-08,Ridge,20D,4,-0.0040554849900728,0.0034923865836792023,Low
2019-04-09,Ridge,20D,4,0.0004237760561768,0.002843218298677495,Normal
2019-04-10,Ridge,20D,4,-0.0060740603602514,0.004239777989001767,Normal
2019-04-11,Ridge,20D,4,-0.0023987886306755,0.003261381434523724,Normal
2019-04-12,Ridge,20D,4,-0.0334128361587187,0.0012535434544081537,Normal
2019-04-15,Ridge,20D,4,-0.0247992813911455,-0.000239637994741939,Normal
2019-04-16,Ridge,20D,4,-0.0194865153885625,0.002144308836205862,Normal
2019-04-17,Ridge,20D,4,-0.0083541574513246,0.002727402202032603,Normal
2019-04-18,Ridge,20D,4,-0.015786441449618,0.0029868561526620895,Low
2019-04-22,Ridge,20D,4,-0.0235702052419562,0.005430217149225453,Low
2019-04-23,Ridge,20D,4,-0.0239126073237608,0.003997991485356444,Low
2019-04-24,Ridge,20D,4,-0.0245468310846241,0.005033424830178452,Low
2019-04-25,Ridge,20D,4,-0.0361634815856332,0.0074484317743185695,Low
2019-04-26,Ridge,20D,4,-0.0394851881369008,0.007772590557899826,Low
2019-04-29,Ridge,20D,4,-0.048967086641395,0.007407839778998741,Low
2019-04-30,Ridge,20D,4,-0.0568539615074179,0.009139172899791439,Low
2019-05-01,Ridge,20D,4,-0.0472272429821296,0.0093817212653363,Low
2019-05-02,Ridge,20D,4,-0.0583842035838998,0.011726858219221127,Low
2019-05-03,Ridge,20D,4,-0.0707454017171252,0.008224709602271195,Low
2019-05-06,Ridge,20D,4,-0.0450584614469749,0.0041133994806284435,Low
2019-05-07,Ridge,20D,4,-0.0202802463792557,0.008674369784949511,Low
2019-05-08,Ridge,20D,4,-0.0125566903138314,0.01607413497272671,Low
2019-05-09,Ridge,20D,4,0.0009122875953569,0.01656396688566733,Low
2019-05-10,Ridge,20D,4,0.0018481136002037,0.015389170349995296,Low
2019-05-13,Ridge,20D,4,0.02592464128075,0.004928608141955214,Normal
2019-05-14,Ridge,20D,4,0.0159009959302964,0.011040434635725306,Normal
2019-05-15,Ridge,20D,4,0.0141680121054237,0.005533517467298847,Normal
2019-05-16,Ridge,20D,4,0.0036992432027717,0.001778242374097243,Normal
2019-05-17,Ridge,20D,4,0.0104849958091685,-6.53789790329316e-05,Normal
2019-05-20,Ridge,20D,4,0.0269277433775444,0.004977778394657767,Normal
2019-05-21,Ridge,20D,4,0.0214485110773774,0.004804532117860531,Normal
2019-05-22,Ridge,20D,4,0.0337045087771499,0.0024247043915567395,Normal
2019-05-23,Ridge,20D,4,0.0444301847387039,0.0012706536999436855,Normal
2019-05-24,Ridge,20D,4,0.0413441525060796,0.005282076701394116,Normal
2019-05-28,Ridge,20D,4,0.0402133268659524,0.004265630245975423,Normal
2019-05-29,Ridge,20D,4,0.0459145413543796,0.008112134578806374,Normal
2019-05-30,Ridge,20D,4,0.0476341544719735,0.00783727938703642,Normal
2019-05-31,Ridge,20D,4,0.0666583015630261,0.006559641303177438,Normal
2019-06-03,Ridge,20D,4,0.077070390828288,0.009854598856146726,Normal
2019-06-04,Ridge,20D,4,0.0587883110241991,0.0013749306752039708,High
2019-06-05,Ridge,20D,4,0.0583026797060695,0.00201789542636264,Normal
2019-06-06,Ridge,20D,4,0.0503783048255164,-0.0004613504036287807,High
2019-06-07,Ridge,20D,4,0.0350881525681326,0.00201983923515013,High
2019-06-10,Ridge,20D,4,0.0316747255518209,0.005231250497496757,High
2019-06-11,Ridge,20D,4,0.0365252139458551,0.009252706905064035,Normal
2019-06-12,Ridge,20D,4,0.0408474913520412,0.006942756908491426,Normal
2019-06-13,Ridge,20D,4,0.0413680151512574,0.005951604709566782,Normal
2019-06-14,Ridge,20D,4,0.0431566806657945,0.006529865718344904,Normal
2019-06-17,Ridge,20D,4,0.0388157806784311,0.006225429264370346,Normal
2019-06-18,Ridge,20D,4,0.0225926256193673,0.005309780227448616,Normal
2019-06-19,Ridge,20D,4,0.0231875065351626,0.005690406052548474,Normal
2019-06-20,Ridge,20D,4,0.007564011734445,0.003642125362992732,Normal
2019-06-21,Ridge,20D,4,0.0116487297004232,0.006133165780364646,Normal
2019-06-24,Ridge,20D,4,0.0202062633002866,0.00748072105590121,Normal
2019-06-25,Ridge,20D,4,0.0344252317541499,0.00699809178236338,Normal
2019-06-26,Ridge,20D,4,0.0303836309493545,0.009070598039636852,Normal
2019-06-27,Ridge,20D,4,0.0339282809275467,0.008964084123806233,Normal
2019-06-28,Ridge,20D,4,0.0265699171578897,0.008119053609963699,Normal
2019-07-01,Ridge,20D,4,0.0163449131748912,0.008068558780773134,Low
2019-07-02,Ridge,20D,4,0.0024758589457626,0.007833219827792611,Low
2019-07-03,Ridge,20D,4,-0.0142067642837275,0.0058573631422770564,Low
2019-07-05,Ridge,20D,4,-0.019708618618744,0.0037983913125118085,Low
2019-07-08,Ridge,20D,4,-0.045091627778315,0.004186831064235012,Low
2019-07-09,Ridge,20D,4,-0.0333943969256022,0.005296778260650525,Low
2019-07-10,Ridge,20D,4,-0.037128361527826,0.0062328508190982465,Low
2019-07-11,Ridge,20D,4,-0.0208225186399096,0.00475697851949847,Low
2019-07-12,Ridge,20D,4,-0.0320706460756331,0.003725331433932545,Low
2019-07-15,Ridge,20D,4,-0.0446403089199326,0.00447658596429363,Low
2019-07-16,Ridge,20D,4,-0.0262123780976204,0.004099794032716037,Low
2019-07-17,Ridge,20D,4,-0.0493900650860629,0.0038357444620000375,Low
2019-07-18,Ridge,20D,4,-0.0505044260967017,0.004694521937359517,Low
2019-07-19,Ridge,20D,4,-0.029985478459612,0.0058413976555581545,Low
2019-07-22,Ridge,20D,4,-0.0207770045814647,0.005731211056348195,Low
2019-07-23,Ridge,20D,4,-0.0355473650328567,0.0028430163819539345,Low
2019-07-24,Ridge,20D,4,-0.0320115782889794,0.0023692529923735038,Low
2019-07-25,Ridge,20D,4,-0.0272414847646585,0.0014819645152441335,Low
2019-07-26,Ridge,20D,4,-0.0608909016582793,0.0022249097343501364,Low
2019-07-29,Ridge,20D,4,-0.048350366998424,0.0013429467090247376,Low
2019-07-30,Ridge,20D,4,-0.0489767034269359,0.002493346702783527,Low
2019-07-31,Ridge,20D,4,-0.0315073449442334,0.0052506078835006225,Low
2019-08-01,Ridge,20D,4,-0.0098603349343329,0.009712653865120796,Low
2019-08-02,Ridge,20D,4,-0.001908365634891,0.013677230796609579,Low
2019-08-05,Ridge,20D,4,0.0213988072021183,0.0076164394273598715,Normal
2019-08-06,Ridge,20D,4,0.0192495085693729,0.011468621846435136,Normal
2019-08-07,Ridge,20D,4,0.0314088391572737,0.005082578458962986,Normal
2019-08-08,Ridge,20D,4,0.0137305674947856,-0.001152909157602534,High
2019-08-09,Ridge,20D,4,0.0202751459495427,-0.0026377690049389363,High
2019-08-12,Ridge,20D,4,0.0329912074913891,0.0042611108298495955,High
2019-08-13,Ridge,20D,4,0.0251765335504746,0.004675398094719487,High
2019-08-14,Ridge,20D,4,0.0577819022832436,-0.003601570937562408,High
2019-08-15,Ridge,20D,4,0.0545959887080972,0.003048772630766257,High
2019-08-16,Ridge,20D,4,0.0371324176194961,-0.002213131746519553,High
2019-08-19,Ridge,20D,4,0.0276776674275607,-0.006859383689506594,High
2019-08-20,Ridge,20D,4,0.0359665160239432,-0.008661327673593617,High
2019-08-21,Ridge,20D,4,0.0277735109885198,-0.004259687405521184,High
2019-08-22,Ridge,20D,4,0.023372114842918,-0.0057824680074629355,High
2019-08-23,Ridge,20D,4,0.0495640553479282,-0.007509371128023003,High
2019-08-26,Ridge,20D,4,0.0301889536535789,-0.005995378794363692,High
2019-08-27,Ridge,20D,4,0.039536960696099,-0.004032755889507501,High
2019-08-28,Ridge,20D,4,0.0305809381559232,-0.0032653851824495754,High
2019-08-29,Ridge,20D,4,0.0126429211357002,-0.005621246906488828,High
2019-08-30,Ridge,20D,4,0.0170352505910719,-0.00010234310101403868,High
2019-09-03,Ridge,20D,4,0.0116241329783445,0.004073478930958966,High
2019-09-04,Ridge,20D,4,-0.0172249964877206,0.0029378410473832003,High
2019-09-05,Ridge,20D,4,-0.0222106046356135,-0.0024078197445038547,High
2019-09-06,Ridge,20D,4,-0.0090040102007312,-0.003946506168800339,High
2019-09-09,Ridge,20D,4,-0.0133983477955128,-0.0065922210677857584,High
2019-09-10,Ridge,20D,4,-0.029403759773554,-0.004758562212217394,High
2019-09-11,Ridge,20D,4,-0.0275441355850953,-0.005123146371688685,High
2019-09-12,Ridge,20D,4,-0.024023949451546,-0.00011184323083652994,Normal
2019-09-13,Ridge,20D,4,-0.0124196929007909,-0.001706038362940308,Normal
2019-09-16,Ridge,20D,4,-0.0106672616576538,-0.0037805179699609767,Normal
2019-09-17,Ridge,20D,4,-0.0033392416536268,-0.0016973562921640687,Normal
2019-09-18,Ridge,20D,4,-0.0056834194910877,-0.0005153417220248417,Normal
2019-09-19,Ridge,20D,4,-0.002944372043242,-0.0015412519640479357,Normal
2019-09-20,Ridge,20D,4,-0.0019638186481614,-0.002069896743179986,Normal
2019-09-23,Ridge,20D,4,0.0049812360749999,0.004803437005203613,Low
2019-09-24,Ridge,20D,4,0.0098581757801744,0.004724468902105762,Low
2019-09-25,Ridge,20D,4,0.0065615938840416,0.006199598787122007,Low
2019-09-26,Ridge,20D,4,0.0109120695528261,0.005113038419215037,Low
2019-09-27,Ridge,20D,4,0.0203070336426105,0.006439386634805739,Low
2019-09-30,Ridge,20D,4,0.0208379433434799,0.006325440852150573,Low
2019-10-01,Ridge,20D,4,0.032339318332412,0.0065268282721470654,Low
2019-10-02,Ridge,20D,4,0.053652811920913,0.008223773443418384,Normal
2019-10-03,Ridge,20D,4,0.0426850685125073,0.0074840353633387445,Low
2019-10-04,Ridge,20D,5,0.0381842138328956,0.002133787333543688,Normal
2019-10-07,Ridge,20D,5,0.0463698119118897,0.0004639405993160919,Normal
2019-10-08,Ridge,20D,5,0.0608665687521789,0.0016254551216572672,Normal
2019-10-09,Ridge,20D,5,0.0525055228296226,0.00522499635034349,Normal
2019-10-10,Ridge,20D,5,0.0488366956621207,0.0019195570128291576,Normal
2019-10-11,Ridge,20D,5,0.0405145191334476,-0.0003104998324833415,Normal
2019-10-14,Ridge,20D,5,0.0399382053933295,-0.0038014183018028587,Normal
2019-10-15,Ridge,20D,5,0.0315951833181033,-0.004160076156798915,Normal
2019-10-16,Ridge,20D,5,0.0343080094414133,-0.005272393628160724,Normal
2019-10-17,Ridge,20D,5,0.0323856800860948,-0.00518322102386854,Normal
2019-10-18,Ridge,20D,5,0.0439787545738678,-0.004468213543944125,Normal
2019-10-21,Ridge,20D,5,0.0376336667913437,-0.0048118569925479195,Normal
2019-10-22,Ridge,20D,5,0.0406159459500279,-0.003126261537545573,Normal
2019-10-23,Ridge,20D,5,0.034009586183256,-0.0038779039769675236,Normal
2019-10-24,Ridge,20D,5,0.0305069754378953,-0.003839891136832997,Normal
2019-10-25,Ridge,20D,5,0.0286151198696154,-0.0047613047029719585,Normal
2019-10-28,Ridge,20D,5,0.0305285518409648,-0.006705462509429823,Normal
2019-10-29,Ridge,20D,5,0.0335544674423856,-0.0026486328464999835,Normal
2019-10-30,Ridge,20D,5,0.0344721136668282,-0.0004908293019755226,Normal
2019-10-31,Ridge,20D,5,0.0334802660713781,-0.0031187086779229265,Normal
2019-11-01,Ridge,20D,5,0.0151958518177669,-0.002065122066775578,Low
2019-11-04,Ridge,20D,5,0.0048383807544094,-0.0027170770103640716,Low
2019-11-05,Ridge,20D,5,0.0123284410749999,0.00047033104136083234,Low
2019-11-06,Ridge,20D,5,0.0131253174093405,0.000986955943471801,Low
2019-11-07,Ridge,20D,5,0.0194931881954859,0.002198109366477937,Low
2019-11-08,Ridge,20D,5,0.0137679513658956,0.0034516960258520733,Low
2019-11-11,Ridge,20D,5,0.0146348106102488,0.002358063606391637,Low
2019-11-12,Ridge,20D,5,0.0159753248383363,0.004471483204872201,Low
2019-11-13,Ridge,20D,5,0.0238027106437753,0.0046962657147159755,Low
2019-11-14,Ridge,20D,5,0.0230385971795332,0.005896029287759113,Low
2019-11-15,Ridge,20D,5,0.0224949293441031,0.004790182308622159,Low
2019-11-18,Ridge,20D,5,0.0223271390497544,0.004565859673989715,Low
2019-11-19,Ridge,20D,5,0.0224875155089241,0.006510080275351307,Low
2019-11-20,Ridge,20D,5,0.0307001507517295,0.006288654423399957,Low
2019-11-21,Ridge,20D,5,0.0372167526422531,0.0059508732505175075,Low
2019-11-22,Ridge,20D,5,0.0359099474141755,0.008343507730247137,Low
2019-11-25,Ridge,20D,5,0.0282352282242403,0.004258775762316782,Low
2019-11-26,Ridge,20D,5,0.031157126989354,0.003872376089978289,Low
2019-11-27,Ridge,20D,5,0.027025375503712,0.004406936325142165,Low
2019-11-29,Ridge,20D,5,0.0252470656543512,0.005643243740858855,Low
2019-12-02,Ridge,20D,5,0.0368572399925058,0.005172297567440173,Low
2019-12-03,Ridge,20D,5,0.0518613606128676,0.009380752323832342,Low
2019-12-04,Ridge,20D,5,0.038472793639143,0.010489044215802015,Low
2019-12-05,Ridge,20D,5,0.0405008119067856,0.009392415775333356,Low
2019-12-06,Ridge,20D,5,0.0285993907917648,0.006630078759122688,Low
2019-12-09,Ridge,20D,5,0.0366576979618803,0.006540077936970305,Low
2019-12-10,Ridge,20D,5,0.0443884482477709,0.012249255531181669,Low
2019-12-11,Ridge,20D,5,0.0386252482309152,0.01165355627584357,Low
2019-12-12,Ridge,20D,5,0.0370385749012934,0.00832682730183118,Low
2019-12-13,Ridge,20D,5,0.0354503149141827,0.0077610207492403785,Low
2019-12-16,Ridge,20D,5,0.0301964042153279,0.0042313831724466455,Low
2019-12-17,Ridge,20D,5,0.0381929156090987,0.00417839522287495,Low
2019-12-18,Ridge,20D,5,0.0424800324971065,0.0041278573784408554,Low
2019-12-19,Ridge,20D,5,0.0353751533056569,0.0050464753910384914,Low
2019-12-20,Ridge,20D,5,0.0307315917980038,0.005002986771306982,Low
2019-12-23,Ridge,20D,5,0.0310061492770636,0.006303410590283448,Low
2019-12-24,Ridge,20D,5,0.022118327153338,0.006363759123032037,Low
2019-12-26,Ridge,20D,5,0.00114751238644,0.005326888016420733,Low
2019-12-27,Ridge,20D,5,0.0111169117471346,0.007393628348618609,Low
2019-12-30,Ridge,20D,5,0.0160472576828999,0.008678093813319986,Low
2019-12-31,Ridge,20D,5,0.0162350239689205,0.011641141052169512,Low
2020-01-02,Ridge,20D,5,-0.0099733149647593,0.009230118933478639,Low
2020-01-03,Ridge,20D,5,0.0043400201614277,0.005641968903603985,Low
2020-01-06,Ridge,20D,5,0.0156821908846612,0.00831085227854533,Low
2020-01-07,Ridge,20D,5,0.0296771446282289,0.010057439222802896,Low
2020-01-08,Ridge,20D,5,0.0281068261995899,0.00977371318271351,Low
2020-01-09,Ridge,20D,5,0.016058121073225,0.009513994562060674,Low
2020-01-10,Ridge,20D,5,0.0262170736813031,0.009470660213288726,Low
2020-01-13,Ridge,20D,5,0.020952128321372,0.007470533065893249,Low
2020-01-14,Ridge,20D,5,0.0289096622634708,0.008169005227806484,Low
2020-01-15,Ridge,20D,5,0.0254094356597943,0.007903351100893746,Low
2020-01-16,Ridge,20D,5,0.0189195243360479,0.007525355347400625,Low
2020-01-17,Ridge,20D,5,0.0121405871024149,0.008414945208548182,Low
2020-01-21,Ridge,20D,5,0.0194908357562853,0.007253907045932102,Low
2020-01-22,Ridge,20D,5,0.0153789840316069,0.009514781875647844,Low
2020-01-23,Ridge,20D,5,0.0036648486054288,0.009038968988825679,Low
2020-01-24,Ridge,20D,5,-0.021339941388818,0.009625785188371677,Low
2020-01-27,Ridge,20D,5,-0.0362320934073272,0.007558264264718345,Low
2020-01-28,Ridge,20D,5,-0.0500211742312099,0.011849834371082401,Normal
2020-01-29,Ridge,20D,5,-0.0943220604398864,0.01062753670031586,Low
2020-01-30,Ridge,20D,5,-0.1057239804797507,0.008725031290205965,Low
2020-01-31,Ridge,20D,5,-0.0428486681389744,0.007532045298878895,Normal
2020-02-03,Ridge,20D,5,-0.0785875788231217,0.012298137142826533,Normal
2020-02-04,Ridge,20D,5,-0.0521205453799945,0.008699758165362715,Normal
2020-02-05,Ridge,20D,5,-0.0978191064789484,0.00476642833960232,Normal
2020-02-06,Ridge,20D,5,-0.1183402051883365,0.0031331948817554813,Normal
2020-02-07,Ridge,20D,5,-0.1919351271192498,0.005660574240456048,Normal
2020-02-10,Ridge,20D,5,-0.151019764813964,0.005291975292718156,Normal
2020-02-11,Ridge,20D,5,-0.2028097063085716,0.006717410610195989,Normal
2020-02-12,Ridge,20D,5,-0.3091964118162481,0.006290349706032653,Normal
2020-02-13,Ridge,20D,5,-0.2187562285070234,0.0032402758069000645,Normal
2020-02-14,Ridge,20D,5,-0.3482502620783263,0.0050197527668958,Normal
2020-02-18,Ridge,20D,5,-0.2870997354564867,0.003956408315241518,Normal
2020-02-19,Ridge,20D,5,-0.3450167560728519,0.0061308969939268525,Normal
2020-02-20,Ridge,20D,5,-0.3364971776744535,0.005898390267773075,Normal
2020-02-21,Ridge,20D,5,-0.3702509924950005,0.006762807510797072,Normal
2020-02-24,Ridge,20D,5,-0.3658944140841366,0.0012494318468444492,High
2020-02-25,Ridge,20D,5,-0.2454632771908201,0.0170876155778904,High
2020-02-26,Ridge,20D,5,-0.2302085894464678,0.018596688680984345,High
2020-02-27,Ridge,20D,5,-0.1244966220199602,0.0208026229955759,High
2020-02-28,Ridge,20D,5,-0.1504920044519335,0.032764416022491166,High
2020-03-02,Ridge,20D,5,-0.1625362826513719,0.012594622948484865,High
2020-03-03,Ridge,20D,5,-0.1501681085168731,0.015603937153940022,High
2020-03-04,Ridge,20D,5,-0.2366508206102934,-0.00045739918295111155,High
2020-03-05,Ridge,20D,5,-0.179567381113352,0.006054082060129448,High
2020-03-06,Ridge,20D,5,-0.1776192982869101,0.013878467690896037,High
2020-03-09,Ridge,20D,5,-0.0306406412017082,0.019251073184414654,High
2020-03-10,Ridge,20D,5,-0.0804600326759297,0.008376089258224965,High
2020-03-11,Ridge,20D,5,0.0031322313239605,0.01521376816729171,High
2020-03-12,Ridge,20D,5,0.1174605540301331,0.025930418446247924,High
2020-03-13,Ridge,20D,5,0.01849608763622,-0.006245603664892646,High
2020-03-16,Ridge,20D,5,0.176262844681345,-0.00511619802011161,High
2020-03-17,Ridge,20D,5,0.095759799373284,-0.004418683304511561,High
2020-03-18,Ridge,20D,5,0.1547819095449057,-0.00232602857737053,High
2020-03-19,Ridge,20D,5,0.1765260805958252,-0.0047769067737134735,High
2020-03-20,Ridge,20D,5,0.2028108590338443,0.0008620743682177185,High
2020-03-23,Ridge,20D,5,0.2013872448070904,-0.0025895674078375676,High
2020-03-24,Ridge,20D,5,0.1343753128712639,-0.02852160961540352,High
2020-03-25,Ridge,20D,5,0.1223667547902461,-0.014188403543124492,High
2020-03-26,Ridge,20D,5,0.0756450142828389,-0.025293607555766037,High
2020-03-27,Ridge,20D,5,0.1245197280062011,-0.014739422009587,High
2020-03-30,Ridge,20D,5,0.0862969672457426,-0.020576915730460502,High
2020-03-31,Ridge,20D,5,0.1286759820792315,-0.02249420886215191,High
2020-04-01,Ridge,20D,5,0.1645672014929636,-0.033779552546742614,High
2020-04-02,Ridge,20D,5,0.1135343334212274,-0.03567316039294579,High
2020-04-03,Ridge,20D,5,0.1330280168260212,-0.039778585813387085,High
2020-04-06,Ridge,20D,5,0.0740597078789705,-0.05794050600628257,High
2020-04-07,Ridge,20D,5,0.0686601665282903,-0.04903846202594603,High
2020-04-08,Ridge,20D,5,0.0466097510918963,-0.04916402840015457,High
2020-04-09,Ridge,20D,5,0.0489570758534234,-0.04452713271080324,High
2020-04-13,Ridge,20D,5,0.0592462046648912,-0.04584011112712357,High
2020-04-14,Ridge,20D,5,0.008418279320536,-0.032675763194763535,High
2020-04-15,Ridge,20D,5,0.0130780153686251,-0.03839219457438187,High
2020-04-16,Ridge,20D,5,0.0187370953331553,-0.030171758998355443,High
2020-04-17,Ridge,20D,5,-0.0037851614844422,-0.03663849777695687,High
2020-04-20,Ridge,20D,5,0.0452728929009789,-0.029459031780111302,High
2020-04-21,Ridge,20D,5,0.0658882604257102,-0.021155570374948578,High
2020-04-22,Ridge,20D,5,0.0597309504569891,-0.025071179675349248,High
2020-04-23,Ridge,20D,5,0.052466549807231,-0.02607370694293216,High
2020-04-24,Ridge,20D,5,0.0409954049272041,-0.03209911735283508,High
2020-04-27,Ridge,20D,5,0.0386028217669288,-0.03756071389298183,High
2020-04-28,Ridge,20D,5,0.0585774394477266,-0.0323361749787333,High
2020-04-29,Ridge,20D,5,0.030230596077734,-0.036610612581922816,High
2020-04-30,Ridge,20D,5,0.0442865329490969,-0.03275092338410867,High
2020-05-01,Ridge,20D,5,0.0764909604422373,-0.03274610920531718,High
2020-05-04,Ridge,20D,5,0.0804274451457866,-0.03174443917902853,High
2020-05-05,Ridge,20D,5,0.0849841807605707,-0.03152195449857769,High
2020-05-06,Ridge,20D,5,0.0886136720760043,-0.02859956997428337,High
2020-05-07,Ridge,20D,5,0.1030487291427495,-0.03353575002535648,High
2020-05-08,Ridge,20D,5,0.0982875904833291,-0.03509135689569864,High
2020-05-11,Ridge,20D,5,0.0903247776968165,-0.039189000760706486,High
2020-05-12,Ridge,20D,5,0.105710887733682,-0.036818063707771506,High
2020-05-13,Ridge,20D,5,0.062575191361673,-0.028497982307565322,High
2020-05-14,Ridge,20D,5,0.0640925601628134,-0.03267052515433237,High
2020-05-15,Ridge,20D,5,0.0684517457772656,-0.03399055954113782,High
2020-05-18,Ridge,20D,5,0.0562213898739027,-0.04179801898281494,High
2020-05-19,Ridge,20D,5,0.0631543413528727,-0.037307717646571224,High
2020-05-20,Ridge,20D,5,0.047234394143259,-0.038554229097486674,High
2020-05-21,Ridge,20D,5,0.0493728488875387,-0.03975958322122856,High
2020-05-22,Ridge,20D,5,0.0534959964973848,-0.040779336255622745,High
2020-05-26,Ridge,20D,5,0.045579880667408,-0.039690656065399586,High
2020-05-27,Ridge,20D,5,0.0046661675814313,-0.038056505149085804,High
2020-05-28,Ridge,20D,5,0.0176761346345691,-0.03593973022594508,High
2020-05-29,Ridge,20D,5,-0.01164986319257,-0.03392453655256681,High
2020-06-01,Ridge,20D,5,-0.0008151915574007,-0.031469571793351386,High
2020-06-02,Ridge,20D,5,0.0062998505959561,-0.0321763301122048,High
2020-06-03,Ridge,20D,5,-0.0022472562407371,-0.03412089322756267,High
2020-06-04,Ridge,20D,5,0.0056581033196887,-0.03287393985909985,High
2020-06-05,Ridge,20D,5,-0.0044589786697838,-0.03843598232808398,High
2020-06-08,Ridge,20D,5,-0.0273061129452333,-0.03489682512105688,High
2020-06-09,Ridge,20D,5,-0.0116793832620811,-0.02700150876141993,High
2020-06-10,Ridge,20D,5,-0.0120117190030936,-0.015414612108792514,High
2020-06-11,Ridge,20D,5,0.0591527837676382,-0.019189861101529045,High
2020-06-12,Ridge,20D,5,0.0367698519463675,-0.0062380135888055665,High
2020-06-15,Ridge,20D,5,0.0418092917110964,-0.017048919495434495,High
2020-06-16,Ridge,20D,5,0.0320654957807409,-0.017314175056998626,High
2020-06-17,Ridge,20D,5,0.0322603767992549,-0.016271319396812686,High
2020-06-18,Ridge,20D,5,0.0345108959830365,0.0016562394903041188,High
2020-06-19,Ridge,20D,5,0.0485482068038507,0.005800371597199284,High
2020-06-22,Ridge,20D,5,0.0437517428417525,0.007228434581133255,High
2020-06-23,Ridge,20D,5,0.0451842042447426,0.006048390783517523,High
2020-06-24,Ridge,20D,5,0.058983091428158,0.0038671775635798935,High
2020-06-25,Ridge,20D,5,0.0418736236756638,0.0005227657881964982,High
2020-06-26,Ridge,20D,5,0.0737667567719773,0.00220524259698998,High
2020-06-29,Ridge,20D,5,0.0526934332397973,-0.0014356166350462246,High
2020-06-30,Ridge,20D,5,0.0497528671557842,-0.007996721537850224,High
2020-07-01,Ridge,20D,5,0.0409860014164588,-0.001321860806384102,High
2020-07-02,Ridge,20D,5,0.0440962671818181,-0.002945819851693908,High
2020-07-06,Ridge,20D,5,0.0354946990140135,0.0017704943898704311,High
2020-07-07,Ridge,20D,5,0.0499775999097908,0.003054444414723274,High
2020-07-08,Ridge,20D,5,0.0485897740818786,0.002502350399216782,High
2020-07-09,Ridge,20D,5,0.0606564915787381,0.004071677272166607,High
2020-07-10,Ridge,20D,5,0.0508775110742516,0.009284685742278923,High
2020-07-13,Ridge,20D,5,0.0630226215637023,0.012724902490825604,High
2020-07-14,Ridge,20D,5,0.041704265579421,0.014054634320348983,High
2020-07-15,Ridge,20D,5,0.0465627109366796,0.011854738435014125,High
2020-07-16,Ridge,20D,5,0.0479253534746383,0.01015219136337855,High
2020-07-17,Ridge,20D,5,0.0449088934907757,0.009834827551040757,High
2020-07-20,Ridge,20D,5,0.0392432737430587,0.0064597705974270645,High
2020-07-21,Ridge,20D,5,0.0398663848283156,0.0072473699368642615,High
2020-07-22,Ridge,20D,5,0.0297216308886598,0.006669753563156625,High
2020-07-23,Ridge,20D,5,0.0452716640692526,0.008934619379728089,High
2020-07-24,Ridge,20D,5,0.0549165040765014,0.00961304530925892,High
2020-07-27,Ridge,20D,5,0.0575421906199225,0.010360292759060391,Normal
2020-07-28,Ridge,20D,5,0.0676265257841089,0.010277773643231916,Normal
2020-07-29,Ridge,20D,5,0.065418743777208,0.007213643707540166,Normal
2020-07-30,Ridge,20D,5,0.0708476915724718,0.008020199608630933,Normal
2020-07-31,Ridge,20D,5,0.0699164581798658,0.009683610727639604,Normal
2020-08-03,Ridge,20D,5,0.0605637203399985,0.009776795154539162,Normal
2020-08-04,Ridge,20D,5,0.0644551287345707,0.011560815464710616,Normal
2020-08-05,Ridge,20D,5,0.0732950184429225,0.010798498883148145,Normal
2020-08-06,Ridge,20D,5,0.0311302982800724,0.011508638766008404,Normal
2020-08-07,Ridge,20D,5,0.0223311882558405,0.010508615739256995,Normal
2020-08-10,Ridge,20D,5,-0.008556106104018,0.011018614824344384,Normal
2020-08-11,Ridge,20D,5,0.0193897099595396,0.010770304609542671,Normal
2020-08-12,Ridge,20D,5,-0.0122510382594692,0.010410549837000259,Normal
2020-08-13,Ridge,20D,5,-0.0096688354252253,0.00877192413976325,Normal
2020-08-14,Ridge,20D,5,0.0031643969960766,0.008092105787874778,Normal
2020-08-17,Ridge,20D,5,0.0056640054191528,0.007506448171864995,Normal
2020-08-18,Ridge,20D,5,-0.0012663818928157,0.007849611451374763,Normal
2020-08-19,Ridge,20D,5,-0.0053002080761863,0.011275442542065216,Normal
2020-08-20,Ridge,20D,5,-0.0196994397923609,0.01287058306611167,Low
2020-08-21,Ridge,20D,5,-0.0347732038026311,0.014071583961796752,Low
2020-08-24,Ridge,20D,5,-0.0343038027691586,0.012372602730464023,Low
2020-08-25,Ridge,20D,5,-0.0619010414290728,0.013168241357965247,Low
2020-08-26,Ridge,20D,5,-0.0690620372192853,0.013358992248179255,Low
2020-08-27,Ridge,20D,5,-0.0548832440269061,0.01844487110822422,Low
2020-08-28,Ridge,20D,5,-0.0456110550226221,0.018647931880562487,Low
2020-08-31,Ridge,20D,5,-0.0482379625515576,0.019377157539079877,Low
2020-09-01,Ridge,20D,5,-0.0475149514038839,0.023993130755630417,Low
2020-09-02,Ridge,20D,5,-0.0574850519834588,0.021746615543418037,Low
2020-09-03,Ridge,20D,5,-0.0313512707076442,0.018154780553772457,High
2020-09-04,Ridge,20D,5,-0.0053718809504681,0.02675188621246164,High
2020-09-08,Ridge,20D,5,0.0087048837484754,0.018561722251113057,High
2020-09-09,Ridge,20D,5,0.0060072868565365,0.012523869921493215,High
2020-09-10,Ridge,20D,5,0.0317267456768014,0.015056701383762482,High
2020-09-11,Ridge,20D,5,0.0399489106994668,0.013148487083225507,High
2020-09-14,Ridge,20D,5,0.0435701058327681,0.006688519026560827,High
2020-09-15,Ridge,20D,5,0.0320374282731051,0.010323224742359942,High
2020-09-16,Ridge,20D,5,0.0300219030811976,0.012491104752041203,High
2020-09-17,Ridge,20D,5,0.0369409290955371,0.013453669401648402,High
2020-09-18,Ridge,20D,5,0.048321416499996,0.014220147748474583,High
2020-09-21,Ridge,20D,5,0.0434953170123512,0.014805171007366204,High
2020-09-22,Ridge,20D,5,0.0377484959339762,0.015066248641683166,High
2020-09-23,Ridge,20D,5,0.0595577208367801,0.01585227167244554,High
2020-09-24,Ridge,20D,5,0.0617800692856423,0.013467020902159111,High
2020-09-25,Ridge,20D,5,0.0493694683818433,0.009449565083023519,High
2020-09-28,Ridge,20D,5,0.0146228035426671,0.007786315608420783,High
2020-09-29,Ridge,20D,5,0.0164168808966656,0.00963475375596869,High
2020-09-30,Ridge,20D,5,-0.0277285037802916,0.012223008455059935,High
2020-10-01,Ridge,20D,5,-0.0211309284045891,0.015326948745976034,High
2020-10-02,Ridge,20D,5,-0.0237108289834782,0.017135294628007,High
2020-10-05,Ridge,20D,5,-0.0292809870957875,0.015945755549979783,High
2020-10-06,Ridge,20D,5,0.0024338149758133,0.02142440377851332,High
2020-10-07,Ridge,20D,5,0.0069941768606635,0.01740655276991429,High
2020-10-08,Ridge,20D,5,0.0182892297424955,0.016987433997217322,High
2020-10-09,Ridge,20D,5,0.0092463779763688,0.014009541965515397,High
2020-10-12,Ridge,20D,5,0.0045958225643888,0.011257946484678275,High
2020-10-13,Ridge,20D,5,0.0095219389726844,0.01581118553757303,High
2020-10-14,Ridge,20D,5,0.0237898394197352,0.016781643628278768,High
2020-10-15,Ridge,20D,5,0.0152901113868789,0.01553638147693922,High
2020-10-16,Ridge,20D,5,0.0286737476365424,0.01891161604880245,High
2020-10-19,Ridge,20D,5,0.0567191460743175,0.02380909993082036,High
2020-10-20,Ridge,20D,5,0.0471995069696688,0.02205440931143995,High
2020-10-21,Ridge,20D,5,0.0377664103337578,0.02508218472347017,High
2020-10-22,Ridge,20D,5,0.0364997320209992,0.022524242449901675,High
2020-10-23,Ridge,20D,5,0.0262441563276912,0.02197464255088059,High
2020-10-26,Ridge,20D,5,0.0506287374948629,0.0244262757198247,High
2020-10-27,Ridge,20D,5,0.0696914016593401,0.03205317356959297,High
2020-10-28,Ridge,20D,5,0.1040312690124084,0.03176292392950984,High
2020-10-29,Ridge,20D,5,0.0945488550983121,0.033493018945532874,High
2020-10-30,Ridge,20D,5,0.1021464279066001,0.034127265500172706,High
2015-06-10,Ridge,60D,1,-0.0760017568835913,0.004276422062073095,Low
2015-06-11,Ridge,60D,1,-0.0931871823943958,0.005958153848271173,Low
2015-06-12,Ridge,60D,1,-0.0613946705442546,0.004503852208356836,Low
2015-06-15,Ridge,60D,1,-0.0707564166915679,0.011587767320601221,Low
2015-06-16,Ridge,60D,1,-0.071166071762386,0.01398213494945063,Low
2015-06-17,Ridge,60D,1,-0.0686667497124726,0.015515838885364508,Low
2015-06-18,Ridge,60D,1,-0.0826187909895252,0.006998996061789645,Low
2015-06-19,Ridge,60D,1,-0.0645514881201432,0.010755795532190904,Low
2015-06-22,Ridge,60D,1,-0.0619601153863095,0.00940693435973708,Low
2015-06-23,Ridge,60D,1,-0.0651601262540631,0.007624838615712372,Low
2015-06-24,Ridge,60D,1,-0.0740758914901413,0.0032501781606123267,Low
2015-06-25,Ridge,60D,1,-0.0665424952998722,0.010245316759824171,Low
2015-06-26,Ridge,60D,1,-0.078547269574328,0.014051469660252183,Low
2015-06-29,Ridge,60D,1,-0.0595110442953105,0.013076923874965767,Normal
2015-06-30,Ridge,60D,1,-0.0655346585190844,0.0200979229329145,Normal
2015-07-01,Ridge,60D,1,-0.072912656754942,0.013782343053557194,Normal
2015-07-02,Ridge,60D,1,-0.0986057977282045,0.012958732975959914,Normal
2015-07-06,Ridge,60D,1,-0.0935044711163255,0.012805331312590965,Normal
2015-07-07,Ridge,60D,1,-0.0806711331066291,0.01851815709794206,Normal
2015-07-08,Ridge,60D,1,-0.0619062295161503,0.018697531600239643,Normal
2015-07-09,Ridge,60D,1,-0.0499520841445647,0.027165039553141708,Normal
2015-07-10,Ridge,60D,1,-0.0440904770110702,0.016133869970234124,Normal
2015-07-13,Ridge,60D,1,-0.0586904348625687,0.0007272728910763665,Normal
2015-07-14,Ridge,60D,1,-0.055130188241516,-0.006278430204703703,Normal
2015-07-15,Ridge,60D,1,-0.0456151517962204,-0.0015647148752522856,Normal
2015-07-16,Ridge,60D,1,-0.0528730366801808,-0.004473549584073623,Normal
2015-07-17,Ridge,60D,1,-0.0527039438272984,-0.006755863491556699,Normal
2015-07-20,Ridge,60D,1,-0.0603237041414271,-0.0061906049138415326,Normal
2015-07-21,Ridge,60D,1,-0.0607803388106433,-0.009089245774006372,Normal
2015-07-22,Ridge,60D,1,-0.0436462224390979,-0.010588765718849851,Normal
2015-07-23,Ridge,60D,1,-0.0333939508540215,-0.008727043152784691,Normal
2015-07-24,Ridge,60D,1,-0.0223624212134872,-0.00996781812350165,Normal
2015-07-27,Ridge,60D,1,-0.0179927672043168,-0.0007955601594767034,Normal
2015-07-28,Ridge,60D,1,-0.0361452899173403,-0.0038638145826340696,Normal
2015-07-29,Ridge,60D,1,-0.0269465858321299,-0.011343875237197786,Normal
2015-07-30,Ridge,60D,1,-0.0160049987671093,-0.011802430825634258,Normal
2015-07-31,Ridge,60D,1,-0.0156458279671577,-0.009242245142139876,Normal
2015-08-03,Ridge,60D,1,-0.015442519887341,-0.007219995328167028,Normal
2015-08-04,Ridge,60D,1,-0.0014197922322646,-0.004314590774660686,Normal
2015-08-05,Ridge,60D,1,-0.004979505798416,0.002373108126471518,Low
2015-08-06,Ridge,60D,1,-0.0020177915642793,0.0003956722163075514,Low
2015-08-07,Ridge,60D,1,0.012665107630873,0.0021794678180449747,Low
2015-08-10,Ridge,60D,1,0.0026626249239154,-0.00727811022518534,Low
2015-08-11,Ridge,60D,1,0.0087140226644506,-0.006055879263090452,Low
2015-08-12,Ridge,60D,1,0.0066316292697374,-0.006390400544719382,Low
2015-08-13,Ridge,60D,1,0.0075599733580951,-0.002412235498937789,Low
2015-08-14,Ridge,60D,1,-0.0062156495727666,-0.00397743162608254,Low
2015-08-17,Ridge,60D,1,-0.0099040861287198,-0.003468603684186583,Low
2015-08-18,Ridge,60D,1,-0.0105084105146556,0.004607006895033967,Low
2015-08-19,Ridge,60D,1,-0.0163084374416912,0.007062140103261489,Low
2015-08-20,Ridge,60D,1,-0.0062531174197004,0.005823706321611683,Normal
2015-08-21,Ridge,60D,1,0.0409094278964122,0.02084006992258429,High
2015-08-24,Ridge,60D,1,0.0797805952246848,0.06161377449597448,High
2015-08-25,Ridge,60D,1,0.1094280748445129,0.07779923651290085,High
2015-08-26,Ridge,60D,1,0.0700130350810018,0.01625052654772908,High
2015-08-27,Ridge,60D,1,0.0498087358714612,-0.005769584395623407,High
2015-08-28,Ridge,60D,1,0.047964560872901,-0.005587034969426998,High
2015-08-31,Ridge,60D,1,0.0576128894818458,0.013819551860147106,High
2015-09-01,Ridge,60D,1,0.0875063987093067,0.01615295074771057,High
2015-09-02,Ridge,60D,1,0.0699721688455729,0.003000268744710226,High
2015-09-03,Ridge,60D,1,0.0641562530065355,-0.004865164654798974,High
2015-09-04,Ridge,60D,1,0.090228500707551,-0.006916143558027676,High
2015-09-08,Ridge,60D,1,0.0543982708710637,-0.02075079917990598,High
2015-09-09,Ridge,60D,1,0.0539154801959983,-0.008140133863429447,High
2015-09-10,Ridge,60D,1,0.0689692611149139,-0.01572304036508277,High
2015-09-11,Ridge,60D,1,0.0574782107095299,-0.02267169201710359,High
2015-09-14,Ridge,60D,1,0.055065199306979,-0.01906239178215799,High
2015-09-15,Ridge,60D,1,0.0345464253098539,-0.020110671704318107,High
2015-09-16,Ridge,60D,1,0.0281275411730727,-0.020256763922568498,High
2015-09-17,Ridge,60D,1,0.0110780178598174,-0.024901859394836787,High
2015-09-18,Ridge,60D,1,0.0321185368782691,-0.029466792003514812,High
2015-09-21,Ridge,60D,1,0.0381257249505107,-0.029801662295181587,High
2015-09-22,Ridge,60D,1,0.0649312906206604,-0.02008665862993579,High
2015-09-23,Ridge,60D,1,0.0518272582143779,-0.013317857878518965,High
2015-09-24,Ridge,60D,1,0.0372384150785774,-0.005687091727452978,High
2015-09-25,Ridge,60D,1,0.0454526236069543,0.007486312547229397,High
2015-09-28,Ridge,60D,1,0.0802319303613323,0.008845064779152515,High
2015-09-29,Ridge,60D,1,0.0913414329759045,0.013493882143052536,High
2015-09-30,Ridge,60D,1,0.0708456189684761,0.007350681360670288,High
2015-10-01,Ridge,60D,1,0.0666927438338328,0.0016335976543162337,High
2015-10-02,Ridge,60D,1,0.0630526149904501,-0.013745829095813109,High
2015-10-05,Ridge,60D,1,0.0376846226881696,-0.004348082861899288,High
2015-10-06,Ridge,60D,1,0.0318228269908449,-0.005641174157384455,High
2015-10-07,Ridge,60D,1,0.0083972653354861,-0.008869111616128692,High
2015-10-08,Ridge,60D,1,0.0016276893302875,-0.013958458056027991,High
2015-10-09,Ridge,60D,1,-0.0122993222328538,-0.01804816520896714,High
2015-10-12,Ridge,60D,1,-0.0375598032295314,-0.020800347974888486,High
2015-10-13,Ridge,60D,1,-0.0416085169852523,-0.022887390796228896,High
2015-10-14,Ridge,60D,1,-0.0360281777774905,-0.018559948893731783,High
2015-10-15,Ridge,60D,1,-0.0429992150110709,-0.027964047925611024,High
2015-10-16,Ridge,60D,1,-0.0728416514626769,-0.028123486889038707,High
2015-10-19,Ridge,60D,1,-0.0565540994721662,-0.032060482071002226,High
2015-10-20,Ridge,60D,1,-0.0769677711144347,-0.025143234388052507,Normal
2015-10-21,Ridge,60D,1,-0.0705936420158716,-0.022630332549719905,Normal
2015-10-22,Ridge,60D,1,-0.0988472550543641,-0.03172952298262961,High
2015-10-23,Ridge,60D,1,-0.1046352203874588,-0.03401945424121088,High
2015-10-26,Ridge,60D,1,-0.0826395605041452,-0.020745210313504854,Normal
2015-10-27,Ridge,60D,1,-0.0958437198118788,-0.022529065620831054,Normal
2015-10-28,Ridge,60D,1,-0.0935689704696545,-0.022601494296607925,Normal
2015-10-29,Ridge,60D,1,-0.1040420173895221,-0.019818077152294757,Normal
2015-10-30,Ridge,60D,1,-0.0937071849835053,-0.020474002699626535,Normal
2015-11-02,Ridge,60D,1,-0.0810524103277635,-0.02267095087550132,Normal
2015-11-03,Ridge,60D,1,-0.0842200980983728,-0.0183231878326294,Normal
2015-11-04,Ridge,60D,1,-0.099589399876957,-0.014519336280977561,Normal
2015-11-05,Ridge,60D,1,-0.0934769900988847,-0.015157915104497259,Normal
2015-11-06,Ridge,60D,1,-0.0916037400263375,-0.017004427946345137,Normal
2015-11-09,Ridge,60D,1,-0.1003866076461869,-0.015319235013878205,Normal
2015-11-10,Ridge,60D,1,-0.1161511207226939,-0.014267050782263823,Normal
2015-11-11,Ridge,60D,1,-0.1135816540478851,-0.013320275053154376,Normal
2015-11-12,Ridge,60D,1,-0.0996814588420133,-0.010598633830124122,Normal
2015-11-13,Ridge,60D,1,-0.1007882657391141,0.0004005865123090993,Normal
2015-11-16,Ridge,60D,1,-0.0962515533263025,-0.002006082794476588,Normal
2015-11-17,Ridge,60D,1,-0.0785295385663709,0.009827892036667,Normal
2015-11-18,Ridge,60D,1,-0.0782166578179019,0.001786939306078563,Normal
2015-11-19,Ridge,60D,1,-0.0817695496128573,0.00599466017215145,Normal
2015-11-20,Ridge,60D,1,-0.0855985381748085,0.004957422590865231,Normal
2015-11-23,Ridge,60D,1,-0.0700121832340483,0.0031113909255040175,Normal
2015-11-24,Ridge,60D,1,-0.0837660107497975,0.004242329011297015,Normal
2015-11-25,Ridge,60D,1,-0.0792069101001984,0.01576983694617559,Normal
2015-11-27,Ridge,60D,1,-0.0685159849292285,0.012234550640909028,Normal
2015-11-30,Ridge,60D,1,-0.0657360501191747,0.012153494789175266,Normal
2015-12-01,Ridge,60D,1,-0.0845141201574857,0.009702111481745846,Normal
2015-12-02,Ridge,60D,1,-0.0498691421164181,0.0058791920662587,Normal
2015-12-03,Ridge,60D,1,-0.0313053658111662,0.007954017651739767,Normal
2015-12-04,Ridge,60D,1,-0.0481305878547005,-0.008383748321753533,Normal
2015-12-07,Ridge,60D,1,-0.0378161040283609,-0.008809676623001028,Normal
2015-12-08,Ridge,60D,1,-0.0304204286019025,-0.0032115829515269555,Normal
2015-12-09,Ridge,60D,1,-0.033955098292216,0.004643963841688189,Normal
2015-12-10,Ridge,60D,1,-0.0311642820879965,0.013184618520627973,Normal
2015-12-11,Ridge,60D,1,-0.0113946215350586,0.02907125171841593,High
2015-12-14,Ridge,60D,1,0.0001236359897248,0.034917895879314514,Normal
2015-12-15,Ridge,60D,1,-0.0117007127328014,0.026412529746257137,Normal
2015-12-16,Ridge,60D,1,-0.0279499793178908,0.01465100474771367,High
2015-12-17,Ridge,60D,1,-0.0072104748002345,0.006200321116586444,Normal
2015-12-18,Ridge,60D,1,0.0173206032754685,0.0067898899318807725,High
2015-12-21,Ridge,60D,1,0.0139682637993383,0.0045659790651963374,High
2015-12-22,Ridge,60D,1,0.0061752601120617,0.0001352365900309134,High
2015-12-23,Ridge,60D,1,-0.0070441093122642,-0.010008051777754646,High
2015-12-24,Ridge,60D,1,-0.011850703439068,-0.007725703047138818,High
2015-12-28,Ridge,60D,1,-0.0100479087621388,0.0016544519231007186,High
2015-12-29,Ridge,60D,1,-0.0200764660470894,0.002233541271744339,High
2015-12-30,Ridge,60D,1,-0.0040550552090735,0.0010514749453811832,High
2015-12-31,Ridge,60D,1,0.0097423098259603,0.003923080899944174,High
2016-01-04,Ridge,60D,1,0.0231225092641454,0.005256491595203711,High
2016-01-05,Ridge,60D,1,0.0274232641913855,0.008118042825804209,High
2016-01-06,Ridge,60D,1,0.0374119471481569,0.011331763873897026,High
2016-01-07,Ridge,60D,1,0.0512014652557071,0.013902163675144368,High
2016-01-08,Ridge,60D,1,0.0725518006335682,0.030314812136509897,High
2016-01-11,Ridge,60D,1,0.0596508183677408,0.027852817637013066,High
2016-01-12,Ridge,60D,1,0.0546610068545824,0.016837457755440457,High
2016-01-13,Ridge,60D,1,0.0771998360428875,0.009537673360968304,High
2016-01-14,Ridge,60D,1,0.0702575289898937,0.005974911260956161,High
2016-01-15,Ridge,60D,1,0.1020833714566139,0.016051733740900125,High
2016-01-19,Ridge,60D,1,0.1017246036993174,0.01950864073419535,High
2016-01-20,Ridge,60D,1,0.1125026001490699,0.02151268104617748,High
2016-01-21,Ridge,60D,1,0.1138403371269197,0.02441775825640922,High
2016-01-22,Ridge,60D,1,0.0968393481475727,0.00745943577346175,High
2016-01-25,Ridge,60D,1,0.1133621483696285,0.006921980530638274,High
2016-01-26,Ridge,60D,1,0.0941093476819688,-0.0017684252650939994,High
2016-01-27,Ridge,60D,1,0.1050801285620379,-1.6246128500336382e-05,High
2016-01-28,Ridge,60D,1,0.0977530882236836,-0.0031201748748896675,High
2016-01-29,Ridge,60D,1,0.075165437403364,-0.01808836767482428,High
2016-02-01,Ridge,60D,1,0.0772567663606524,-0.014286220623301697,High
2016-02-02,Ridge,60D,1,0.0869040990173222,-0.019078039195629663,High
2016-02-03,Ridge,60D,1,0.0768485297651908,-0.018421501031699802,High
2016-02-04,Ridge,60D,1,0.0831025681699116,-0.012438459325976946,High
2016-02-05,Ridge,60D,1,0.0930422270578675,-0.005312754543370723,High
2016-02-08,Ridge,60D,1,0.1013427022754523,-0.0027274391778764617,High
2016-02-09,Ridge,60D,1,0.1017675062294184,0.008631048030544193,High
2016-02-10,Ridge,60D,1,0.1051260849137318,0.01591351342216115,High
2016-02-11,Ridge,60D,1,0.1182567455505979,0.025643996238580713,High
2016-02-12,Ridge,60D,1,0.1113330955795893,0.012057914116392222,High
2016-02-16,Ridge,60D,1,0.0853438349600355,0.014676588302823639,High
2016-02-17,Ridge,60D,1,0.06882824506643,0.0035198463749580872,High
2016-02-18,Ridge,60D,1,0.064990443028612,-0.0005282307818469216,High
2016-02-19,Ridge,60D,1,0.0747654527000267,-0.006075264539833463,High
2016-02-22,Ridge,60D,1,0.0509588580487877,-0.01077640090942766,High
2016-02-23,Ridge,60D,1,0.0636965933059777,-0.009938290045104058,High
2016-02-24,Ridge,60D,1,0.0555530387486249,-0.012326112049411326,High
2016-02-25,Ridge,60D,1,0.0502701312409788,-0.012783091127162388,High
2016-02-26,Ridge,60D,1,0.0500543600024416,-0.012920649674536884,High
2016-02-29,Ridge,60D,1,0.0717971286280036,-0.010485652749531692,High
2016-03-01,Ridge,60D,1,0.0551592728779684,-0.02232245859357005,High
2016-03-02,Ridge,60D,1,0.0508628569669381,-0.01757548020207416,High
2016-03-03,Ridge,60D,1,0.0516479175860607,-0.025840763326347257,High
2016-03-04,Ridge,60D,1,0.0473417090995288,-0.024730424920296923,High
2016-03-07,Ridge,60D,1,0.0475914849525912,-0.012778711363278284,High
2016-03-08,Ridge,60D,1,0.0617159371755837,-0.005947035187812016,High
2016-03-09,Ridge,60D,1,0.0537602021560745,-0.007858200999997782,High
2016-03-10,Ridge,60D,1,0.0584897378783156,-0.00513123296393863,High
2016-03-11,Ridge,60D,1,0.0435158079186617,-0.012839055280129262,Normal
2016-03-14,Ridge,60D,1,0.0480816785072284,-0.013457296479352756,Normal
2016-03-15,Ridge,60D,1,0.0482010738436525,-0.011067334586579804,Normal
2016-03-16,Ridge,60D,1,0.0333988135517065,-0.013304785932606603,Normal
2016-03-17,Ridge,60D,1,0.0186769316934008,-0.013520376968959816,Normal
2016-03-18,Ridge,60D,1,0.0124804593704028,-0.013281218115444658,Normal
2016-03-21,Ridge,60D,1,0.0096529584023002,-0.014957056344919437,Normal
2016-03-22,Ridge,60D,1,0.0136588244101182,-0.011637184922758035,Normal
2016-03-23,Ridge,60D,1,0.0168020497961763,-0.01352241568065016,Normal
2016-03-24,Ridge,60D,1,0.0229715743539761,-0.012623644330774418,Normal
2016-03-28,Ridge,60D,1,0.0251348580701135,-0.00982370941431909,Normal
2016-03-29,Ridge,60D,1,0.0147039170193004,-0.013994988347501205,Normal
2016-03-30,Ridge,60D,1,0.0236386040976892,-0.009972191862430941,Low
2016-03-31,Ridge,60D,1,-0.0109003463482725,-0.004245039123004456,Low
2016-04-01,Ridge,60D,1,-0.0354735519265749,-0.007249561985259719,Low
2016-04-04,Ridge,60D,1,-0.0146459502766325,-0.0033757883699145202,Low
2016-04-05,Ridge,60D,1,0.0124395911064158,0.00018550431072071605,Low
2016-04-06,Ridge,60D,1,0.0154606563238687,-0.0001578420660522939,Low
2016-04-07,Ridge,60D,1,0.0294554365869058,-0.0016240994508732905,Normal
2016-04-08,Ridge,60D,1,0.0198017049966907,-0.0014060292103001727,Normal
2016-04-11,Ridge,60D,1,0.0278839379445707,0.007715783601122359,Low
2016-04-12,Ridge,60D,1,0.0173962261764476,0.005215338889748676,Low
2016-04-13,Ridge,60D,1,0.022544342973882,0.005280656509277075,Low
2016-04-14,Ridge,60D,1,0.0257742498557478,0.007710878810924736,Low
2016-04-15,Ridge,60D,1,0.0337438617392394,0.0078119264609149,Low
2016-04-18,Ridge,60D,1,0.0273588948004232,0.006912430855293777,Low
2016-04-19,Ridge,60D,1,0.0295245796992537,0.0072614988842362276,Low
2016-04-20,Ridge,60D,1,0.0278339455901481,0.010390223033488789,Low
2016-04-21,Ridge,60D,1,0.0354209702693087,0.008906941461867856,Low
2016-04-22,Ridge,60D,1,0.0339369071893524,0.00888828954764826,Low
2016-04-25,Ridge,60D,1,0.0400118051258796,0.009762766208614907,Low
2016-04-26,Ridge,60D,1,0.0345217350951175,0.010993314104333898,Low
2016-04-27,Ridge,60D,1,0.0374173677728813,0.010645803435487402,Low
2016-04-28,Ridge,60D,1,0.0436749850945131,0.014078195069988721,Low
2016-04-29,Ridge,60D,1,0.0490736664857897,0.016037661867283004,Low
2016-05-02,Ridge,60D,1,0.0400947988417371,0.013258110808111057,Low
2016-05-03,Ridge,60D,1,0.0504142186782251,0.01736149637526926,Low
2016-05-04,Ridge,60D,1,0.0579987815013557,0.020250995169438298,Low
2016-05-05,Ridge,60D,1,0.0569672240466586,0.026069966374553683,Low
2016-05-06,Ridge,60D,1,0.0474156726804386,0.02218907103635991,Low
2016-05-09,Ridge,60D,1,0.0497915020888998,0.023890961028870495,Low
2016-05-10,Ridge,60D,1,0.0375976861523515,0.01665026834309886,Low
2016-05-11,Ridge,60D,1,0.0557719063196005,0.017222153199367384,Low
2016-05-12,Ridge,60D,1,0.0550338082960231,0.01566767736241569,Low
2016-05-13,Ridge,60D,1,0.0639379604443315,0.014597910913226732,Low
2016-05-16,Ridge,60D,1,0.0513201869912305,0.010865984538836448,Low
2016-05-17,Ridge,60D,1,0.0654994656458371,0.013832936425696257,Low
2016-05-18,Ridge,60D,1,0.0644979445725215,0.017311541615881363,Low
2016-05-19,Ridge,60D,1,0.0710005553897639,0.0213750951413387,Low
2016-05-20,Ridge,60D,1,0.0595049539504812,0.01799701830279495,Low
2016-05-23,Ridge,60D,1,0.0634594365247384,0.02085800539460921,Low
2016-05-24,Ridge,60D,1,0.0520680006871307,0.014350132113470367,Normal
2016-05-25,Ridge,60D,1,0.0436761614667791,0.013017120868077268,Normal
2016-05-26,Ridge,60D,1,0.0433231456333847,0.013098863978821897,Normal
2016-05-27,Ridge,60D,1,0.0409953178723068,0.009219220107850276,Normal
2016-05-31,Ridge,60D,1,0.0367470312332248,0.011807241698586757,Normal
2016-06-01,Ridge,60D,1,0.0342464721826533,0.018723078907474298,Low
2016-06-02,Ridge,60D,1,0.0298457117769537,0.019966331754536968,Low
2016-06-03,Ridge,60D,1,0.0379762024423229,0.015588061981360191,Low
2016-06-06,Ridge,60D,1,0.0311352825158365,0.01449952475551951,Low
2016-06-07,Ridge,60D,1,0.0274679757810764,0.017791549293048513,Low
2016-06-08,Ridge,60D,1,0.0241224884197101,0.02030403390891113,Low
2016-06-09,Ridge,60D,1,0.0300339656166386,0.02506760196217685,Low
2016-06-10,Ridge,60D,1,0.04222874039681,0.026120455139273618,Low
2016-06-13,Ridge,60D,1,0.0502306432482259,0.04275232330857873,Low
2016-06-14,Ridge,60D,1,0.0498056601277276,0.0516136700256196,Low
2016-06-15,Ridge,60D,1,0.0268203267807013,0.053718219623357426,Low
2016-06-16,Ridge,60D,1,0.0382626209030902,0.04689662455176367,Low
2016-06-17,Ridge,60D,1,0.0265841567694881,0.04948337257155733,Low
2016-06-20,Ridge,60D,1,0.0202049245912523,0.04679225329692513,Low
2016-06-21,Ridge,60D,1,0.0275550504364826,0.047870704738005705,Low
2016-06-22,Ridge,60D,1,0.0254285516374863,0.05847345213959592,Low
2016-06-23,Ridge,60D,1,0.0121343813317065,0.04752357927113736,Low
2016-06-24,Ridge,60D,1,0.0490142676215232,0.023087672907468278,Normal
2016-06-27,Ridge,60D,1,0.0781345144668618,0.0261521114072252,Normal
2016-06-28,Ridge,60D,1,0.066999144780416,-0.0015019010931174755,High
2016-06-29,Ridge,60D,1,0.0443566088494433,-0.018893332255291016,High
2016-06-30,Ridge,60D,1,0.0222578955820611,-0.02896424199478169,High
2016-07-01,Ridge,60D,1,0.0267346844543272,-0.016189739114227657,High
2016-07-05,Ridge,60D,1,0.0388882900435684,-0.011399454302123826,High
2016-07-06,Ridge,60D,1,0.0241844752552112,-0.01152233822505306,High
2016-07-07,Ridge,60D,1,0.0329928257299719,-0.012356024325146136,High
2016-07-08,Ridge,60D,2,0.0145886159824522,-0.020900802023964465,High
2016-07-11,Ridge,60D,2,0.0062179148840921,-0.02021238197536606,High
2016-07-12,Ridge,60D,2,0.0035205588079433,-0.01636317802027161,High
2016-07-13,Ridge,60D,2,0.0038672439855662,-0.017355637053132103,High
2016-07-14,Ridge,60D,2,-0.0046369662577448,-0.01958619407471176,High
2016-07-15,Ridge,60D,2,0.0008877431194504,-0.018852719291783157,High
2016-07-18,Ridge,60D,2,-0.014016296400174,-0.0207793359864034,High
2016-07-19,Ridge,60D,2,-0.0114341596933597,-0.02323652292681714,High
2016-07-20,Ridge,60D,2,-0.0187994444213578,-0.025970596586218524,High
2016-07-21,Ridge,60D,2,-0.0149787904057116,-0.02383940490532021,High
2016-07-22,Ridge,60D,2,-0.0225650353070622,-0.024510206631362157,High
2016-07-25,Ridge,60D,2,-0.0134075109614338,-0.007339657551980443,Normal
2016-07-26,Ridge,60D,2,-0.0115406709668027,-0.0007454918774444479,Normal
2016-07-27,Ridge,60D,2,-0.0117180811513749,-0.0008864738035134455,Low
2016-07-28,Ridge,60D,2,-0.013407146739622,0.0028492776783857667,Low
2016-07-29,Ridge,60D,2,-0.0102985322098524,0.004639823669065778,Low
2016-08-01,Ridge,60D,2,-0.0128328955270677,0.005126099084917875,Low
2016-08-02,Ridge,60D,2,-0.0081928826355873,0.006239068101177126,Low
2016-08-03,Ridge,60D,2,-0.0143131212576673,0.0058075267824510435,Low
2016-08-04,Ridge,60D,2,-0.0176388106967816,0.0043741540228716645,Low
2016-08-05,Ridge,60D,2,-0.0263277918703602,0.0012097531489884527,Low
2016-08-08,Ridge,60D,2,-0.0322302336875536,0.0012928161803996297,Low
2016-08-09,Ridge,60D,2,-0.0391668361275638,0.0052740877412401094,Low
2016-08-10,Ridge,60D,2,-0.0407312520866849,0.0056481272824789475,Low
2016-08-11,Ridge,60D,2,-0.0471221874608214,0.0062799331454771005,Low
2016-08-12,Ridge,60D,2,-0.0243456243444424,0.00786390279125041,Low
2016-08-15,Ridge,60D,2,-0.0233697622418066,0.0073367923241527775,Low
2016-08-16,Ridge,60D,2,-0.0068595001456724,0.008004351167476326,Low
2016-08-17,Ridge,60D,2,-0.0067775004357326,0.008476558099372249,Low
2016-08-18,Ridge,60D,2,-0.0103736304799127,0.006863839010405619,Low
2016-08-19,Ridge,60D,2,-0.0090478303683277,0.0029293373742145957,Low
2016-08-22,Ridge,60D,2,-0.0010313934629152,0.005566856749916674,Low
2016-08-23,Ridge,60D,2,-0.0045647771636528,0.011089378606901974,Low
2016-08-24,Ridge,60D,2,0.0053547474572168,0.011982723093642251,Low
2016-08-25,Ridge,60D,2,0.0043312564883138,0.014322849773099538,Low
2016-08-26,Ridge,60D,2,0.0133450227979009,0.0144744677456073,Low
2016-08-29,Ridge,60D,2,0.0102936854728195,0.011725204981513738,Low
2016-08-30,Ridge,60D,2,0.0130569750368511,0.011790173426916836,Low
2016-08-31,Ridge,60D,2,0.0193424117558375,0.011873300625943894,Low
2016-09-01,Ridge,60D,2,0.0141154078905138,0.013432097403838328,Low
2016-09-02,Ridge,60D,2,0.0112575686447411,0.011388247244530726,Low
2016-09-06,Ridge,60D,2,0.0056233957195792,0.009479877342367885,Low
2016-09-07,Ridge,60D,2,0.002248068691109,0.011048028092237948,Low
2016-09-08,Ridge,60D,2,0.004870484603664,0.012392247593693641,Low
2016-09-09,Ridge,60D,2,0.035502653941244,0.0003904720841941059,Low
2016-09-12,Ridge,60D,2,0.0243373511766841,-0.001964876344466359,Normal
2016-09-13,Ridge,60D,2,0.0523564581996184,0.0008359491026778236,Normal
2016-09-14,Ridge,60D,2,0.0551013226163023,0.005415664388129475,Normal
2016-09-15,Ridge,60D,2,0.0509642246998321,-0.0009246899760896633,Normal
2016-09-16,Ridge,60D,2,0.0536055702048048,0.0011675430113555138,Normal
2016-09-19,Ridge,60D,2,0.0601426566398665,6.719595704116066e-05,Normal
2016-09-20,Ridge,60D,2,0.0516932676937737,0.0168934428793384,Normal
2016-09-21,Ridge,60D,2,0.0447109750476914,0.011917846502635525,Normal
2016-09-22,Ridge,60D,2,0.0364800663790691,0.003762107242551698,Normal
2016-09-23,Ridge,60D,2,0.0442065320539991,-0.0030161415540935488,Normal
2016-09-26,Ridge,60D,2,0.0564622945730681,-0.0027931679222477114,Normal
2016-09-27,Ridge,60D,2,0.0475784136830922,-0.001851381741206453,Normal
2016-09-28,Ridge,60D,2,0.0404311258570532,-0.003538856815085596,Normal
2016-09-29,Ridge,60D,2,0.0510471861222136,-0.005273158887502346,Normal
2016-09-30,Ridge,60D,2,0.0453566424387347,-0.005458504109451926,Normal
2016-10-03,Ridge,60D,2,0.0402310249104903,-0.002248572808298901,Normal
2016-10-04,Ridge,60D,2,0.0449055589649839,-0.004203569995987488,Normal
2016-10-05,Ridge,60D,2,0.0359702380369326,-0.0071282437390706894,Normal
2016-10-06,Ridge,60D,2,0.0439395609374851,-0.005509615577658812,Normal
2016-10-07,Ridge,60D,2,0.0529043121496487,0.0037323140140540986,Normal
2016-10-10,Ridge,60D,2,0.0475380142298433,0.004539371218835573,Normal
2016-10-11,Ridge,60D,2,0.0635733811081783,0.0080817982739458,Low
2016-10-12,Ridge,60D,2,0.0588725434302196,0.013056596359399887,Low
2016-10-13,Ridge,60D,2,0.0619766198424537,0.017484228803496205,Low
2016-10-14,Ridge,60D,2,0.0646006780724345,0.020677613791276857,Low
2016-10-17,Ridge,60D,2,0.0654961837905452,0.019142286354902806,Low
2016-10-18,Ridge,60D,2,0.0612028095799932,0.019406287033578568,Low
2016-10-19,Ridge,60D,2,0.0560413229684243,0.01679481135217507,Low
2016-10-20,Ridge,60D,2,0.0591801945696146,0.013139427997965037,Low
2016-10-21,Ridge,60D,2,0.05564850208545,0.010161480125382814,Low
2016-10-24,Ridge,60D,2,0.0542704914993225,0.010704144596375479,Low
2016-10-25,Ridge,60D,2,0.0553816993179592,0.010123347195330971,Low
2016-10-26,Ridge,60D,2,0.0636667677681089,0.012627808622387963,Low
2016-10-27,Ridge,60D,2,0.0746520164700863,0.02065255699103081,Low
2016-10-28,Ridge,60D,2,0.0770295016744483,0.025545400354395443,Low
2016-10-31,Ridge,60D,2,0.0762849460689052,0.03336216199265751,Low
2016-11-01,Ridge,60D,2,0.0770672916815436,0.03803711573481591,Low
2016-11-02,Ridge,60D,2,0.0827238745269653,0.042157114699786086,Low
2016-11-03,Ridge,60D,2,0.087455406537691,0.05296082067271908,Low
2016-11-04,Ridge,60D,2,0.0896930736480749,0.06224439854194788,Low
2016-11-07,Ridge,60D,2,0.0749513707731635,0.0337582613271433,Normal
2016-11-08,Ridge,60D,2,0.069068894862297,0.03179314585247224,Low
2016-11-09,Ridge,60D,2,0.0582795784464868,0.015690752644859817,Low
2016-11-10,Ridge,60D,2,0.0570238148790011,0.010191417979241973,Low
2016-11-11,Ridge,60D,2,0.0641588069627588,0.008760142857480337,Low
2016-11-14,Ridge,60D,2,0.0678340232419513,0.01088488812824705,Low
2016-11-15,Ridge,60D,2,0.0656132018038731,0.006710110901466322,Low
2016-11-16,Ridge,60D,2,0.0711960455219217,0.006293630751639006,Low
2016-11-17,Ridge,60D,2,0.0715104648264584,0.004945220242157256,Low
2016-11-18,Ridge,60D,2,0.0730356245904566,0.0032161187314507945,Low
2016-11-21,Ridge,60D,2,0.0672790718468201,-0.0013400036857738919,Normal
2016-11-22,Ridge,60D,2,0.071145830763296,0.00023886736655245183,Normal
2016-11-23,Ridge,60D,2,0.0692553464595832,1.4378646421286945e-06,Low
2016-11-25,Ridge,60D,2,0.0657674998174185,0.00135150816793142,Low
2016-11-28,Ridge,60D,2,0.0725281393041854,0.00011910788498387115,Normal
2016-11-29,Ridge,60D,2,0.0722112022186572,0.0016888411627723615,Low
2016-11-30,Ridge,60D,2,0.0722864266586187,0.0025102867819919578,Low
2016-12-01,Ridge,60D,2,0.0893893607091078,0.0055596171410208835,Low
2016-12-02,Ridge,60D,2,0.0831153160169178,0.009184015555894912,Low
2016-12-05,Ridge,60D,2,0.0778146394587091,0.009796863185230865,Low
2016-12-06,Ridge,60D,2,0.0711269322262688,0.007857628832379617,Low
2016-12-07,Ridge,60D,2,0.0551319475794554,0.007000660604526645,Low
2016-12-08,Ridge,60D,2,0.0506881045985206,0.017310741595137496,Low
2016-12-09,Ridge,60D,2,0.0455662616783172,0.016595398357635127,Low
2016-12-12,Ridge,60D,2,0.0499676836747751,0.01595854135000212,Low
2016-12-13,Ridge,60D,2,0.0438157660927078,0.018149400409451504,Low
2016-12-14,Ridge,60D,2,0.0485813125736756,0.015283325537335702,Low
2016-12-15,Ridge,60D,2,0.0530454840108083,0.012378141669348669,Low
2016-12-16,Ridge,60D,2,0.0531696059626048,0.010165022213046916,Low
2016-12-19,Ridge,60D,2,0.0498812539831622,0.007869031869512778,Low
2016-12-20,Ridge,60D,2,0.0442384255016291,0.007977154502161994,Low
2016-12-21,Ridge,60D,2,0.0342132166362046,0.009203725303604821,Low
2016-12-22,Ridge,60D,2,0.0379660307060637,0.007202283626572709,Low
2016-12-23,Ridge,60D,2,0.0356542660261545,0.009791991818064904,Low
2016-12-27,Ridge,60D,2,0.0325640649076675,0.01280122708649429,Low
2016-12-28,Ridge,60D,2,0.0399355980315933,0.012107068690676796,Low
2016-12-29,Ridge,60D,2,0.0474542545930855,0.015423024509695089,Low
2016-12-30,Ridge,60D,2,0.05318682549377,0.018484651752125436,Low
2017-01-03,Ridge,60D,2,0.047666869652318,0.013420258395877576,Low
2017-01-04,Ridge,60D,2,0.0397033119435019,0.009188346712606384,Low
2017-01-05,Ridge,60D,2,0.0388308042379696,0.007664807828879391,Low
2017-01-06,Ridge,60D,2,0.035879381132052,0.010555362324624458,Low
2017-01-09,Ridge,60D,2,0.0363747497920893,0.011728146168168928,Low
2017-01-10,Ridge,60D,2,0.0383024000858243,0.0124310810101832,Low
2017-01-11,Ridge,60D,2,0.0346492852337775,0.012470568763249626,Low
2017-01-12,Ridge,60D,2,0.0374838477632903,0.01279734883361236,Low
2017-01-13,Ridge,60D,2,0.0342008080761853,0.01487469523653677,Low
2017-01-17,Ridge,60D,2,0.0334056851134167,0.014528059465359268,Low
2017-01-18,Ridge,60D,2,0.0248054643538033,0.01895806755854881,Low
2017-01-19,Ridge,60D,2,0.0369977676692296,0.02130038666884146,Low
2017-01-20,Ridge,60D,2,0.0307295807620965,0.017037914620050585,Low
2017-01-23,Ridge,60D,2,0.0317055050112978,0.01487657510762991,Low
2017-01-24,Ridge,60D,2,0.0326912148453094,0.011310309514389825,Low
2017-01-25,Ridge,60D,2,0.0216574739422251,0.009788501893870039,Low
2017-01-26,Ridge,60D,2,0.0331748654656,0.010793711134990558,Low
2017-01-27,Ridge,60D,2,0.0401139191670928,0.010768702169334843,Low
2017-01-30,Ridge,60D,2,0.0456557711875022,0.010426057581017372,Low
2017-01-31,Ridge,60D,2,0.0470988397958337,0.016176112473247503,Low
2017-02-01,Ridge,60D,2,0.0448855413362274,0.020549028939704925,Low
2017-02-02,Ridge,60D,2,0.0460461863244302,0.02040192213222579,Low
2017-02-03,Ridge,60D,2,0.039996033055688,0.01721899285268282,Low
2017-02-06,Ridge,60D,2,0.0408414611735698,0.017513691687526818,Low
2017-02-07,Ridge,60D,2,0.0411965909975935,0.01829556023636166,Low
2017-02-08,Ridge,60D,2,0.0445838682564623,0.01802993622427411,Low
2017-02-09,Ridge,60D,2,0.0388852497924102,0.016790222654607143,Low
2017-02-10,Ridge,60D,2,0.0342997684136078,0.017748573277336435,Low
2017-02-13,Ridge,60D,2,0.0301975975470459,0.018204794331924623,Low
2017-02-14,Ridge,60D,2,0.0240331189772667,0.020232379618320574,Low
2017-02-15,Ridge,60D,2,0.0175736949707379,0.02358325064917872,Low
2017-02-16,Ridge,60D,2,0.0232033288753034,0.027320327727419443,Low
2017-02-17,Ridge,60D,2,0.0208390465110801,0.023051494219837522,Low
2017-02-21,Ridge,60D,2,-0.0035362716801041,0.023194385829943175,Low
2017-02-22,Ridge,60D,2,0.0012265530939161,0.023300037432595774,Low
2017-02-23,Ridge,60D,2,0.0075523573308573,0.023225669680948413,Low
2017-02-24,Ridge,60D,2,0.0112069703948341,0.023743491504323838,Low
2017-02-27,Ridge,60D,2,0.0120256902994809,0.025633626546938383,Low
2017-02-28,Ridge,60D,2,0.017093430219252,0.03196111307752382,Low
2017-03-01,Ridge,60D,2,0.0079443311775048,0.02584515757380137,Low
2017-03-02,Ridge,60D,2,0.0141319499349125,0.02218182279841836,Low
2017-03-03,Ridge,60D,2,0.0124228488368438,0.0131771059121051,Low
2017-03-06,Ridge,60D,2,0.0152453969804584,0.009675498138576617,Low
2017-03-07,Ridge,60D,2,0.0257056184673955,0.010215085536284346,Low
2017-03-08,Ridge,60D,2,0.0316933210495054,0.016218046739874235,Low
2017-03-09,Ridge,60D,2,0.0296753382963105,0.01828518731211224,Low
2017-03-10,Ridge,60D,2,0.0236290899242478,0.018772574929934706,Low
2017-03-13,Ridge,60D,2,0.0248295531014258,0.01662565643572217,Low
2017-03-14,Ridge,60D,2,0.0284814711179815,0.018768900029126824,Low
2017-03-15,Ridge,60D,2,0.0193112581271077,0.01694318041145074,Low
2017-03-16,Ridge,60D,2,0.0199600504465733,0.016757914434722083,Low
2017-03-17,Ridge,60D,2,0.0257765885540348,0.012981292559812743,Low
2017-03-20,Ridge,60D,2,0.0267921776690977,0.012634468222360851,Low
2017-03-21,Ridge,60D,2,0.0370356624623593,0.00711666219175785,Low
2017-03-22,Ridge,60D,2,0.0354311587649565,0.011734421234273353,Low
2017-03-23,Ridge,60D,2,0.0448045741166804,0.01500807894397647,Low
2017-03-24,Ridge,60D,2,0.0389297658836872,0.015274539200120037,Low
2017-03-27,Ridge,60D,2,0.0393670592762612,0.013357028697186793,Low
2017-03-28,Ridge,60D,2,0.0316858644741992,0.013137296768519637,Low
2017-03-29,Ridge,60D,2,0.0321608268257779,0.016112398054217648,Low
2017-03-30,Ridge,60D,2,0.0295457678538055,0.017025987292246043,Low
2017-03-31,Ridge,60D,2,0.0236977752163994,0.018966629659908668,Low
2017-04-03,Ridge,60D,2,0.0341107521709638,0.020989259519452432,Low
2017-04-04,Ridge,60D,2,0.0249141692521613,0.02042503791904442,Low
2017-04-05,Ridge,60D,2,0.0295057636745569,0.021051494467557913,Low
2017-04-06,Ridge,60D,2,0.0298862813599694,0.02262688939191278,Low
2017-04-07,Ridge,60D,2,0.032165977859203,0.023049398940265184,Low
2017-04-10,Ridge,60D,2,0.0220655404165536,0.028715970435162285,Low
2017-04-11,Ridge,60D,2,0.0298831612781277,0.03554042954511494,Low
2017-04-12,Ridge,60D,2,0.0345775348006271,0.04154784105553391,Low
2017-04-13,Ridge,60D,2,0.0406325680243491,0.04097941501529899,Low
2017-04-17,Ridge,60D,2,0.0393351532810635,0.03239639151122948,Low
2017-04-18,Ridge,60D,2,0.0441155856003699,0.029209534570564615,Low
2017-04-19,Ridge,60D,2,0.0504960271672477,0.03265973173705783,Low
2017-04-20,Ridge,60D,2,0.042914262567567,0.028996658148441035,Low
2017-04-21,Ridge,60D,2,0.0465516293727935,0.031380638297008115,Low
2017-04-24,Ridge,60D,2,0.0411281510007351,0.01834712455165991,Low
2017-04-25,Ridge,60D,2,0.034902265700377,0.008356117637578455,Low
2017-04-26,Ridge,60D,2,0.0350201478468554,0.010086049040913724,Low
2017-04-27,Ridge,60D,2,0.0334030798511475,0.008463358501200117,Low
2017-04-28,Ridge,60D,2,0.0382369668425355,0.008222032411360587,Low
2017-05-01,Ridge,60D,2,0.036788799021761,0.009555043324393392,Low
2017-05-02,Ridge,60D,2,0.0346272937985559,0.009046403800305861,Low
2017-05-03,Ridge,60D,2,0.0345574475162673,0.01015888782721578,Low
2017-05-04,Ridge,60D,2,0.0332471033938379,0.01013810470697745,Low
2017-05-05,Ridge,60D,2,0.0316128647612978,0.009890141194122501,Low
2017-05-08,Ridge,60D,2,0.0320679468967374,0.008634096659616902,Low
2017-05-09,Ridge,60D,2,0.0309076796185849,0.004690382261137393,Low
2017-05-10,Ridge,60D,2,0.0316650383186747,0.006034536961471023,Low
2017-05-11,Ridge,60D,2,0.0354760343370618,0.007216107186366127,Low
2017-05-12,Ridge,60D,2,0.0345382174474707,0.009413292353605763,Low
2017-05-15,Ridge,60D,2,0.0294094003517431,0.006999934139550688,Low
2017-05-16,Ridge,60D,2,0.0155163149879877,0.010293768594140856,Low
2017-05-17,Ridge,60D,2,0.0351365402870899,0.0038347367458530165,Low
2017-05-18,Ridge,60D,2,0.0414501529059233,0.014303723714626635,Low
2017-05-19,Ridge,60D,2,0.0342065173708394,0.00750770936664018,Low
2017-05-22,Ridge,60D,2,0.0304787495981632,-0.0024109121142293945,Low
2017-05-23,Ridge,60D,2,0.0130852219385914,-0.005902917335891451,Low
2017-05-24,Ridge,60D,2,0.0087621344726631,0.003477194692823888,Low
2017-05-25,Ridge,60D,2,0.0054919981452512,0.0020757308484432475,Low
2017-05-26,Ridge,60D,2,0.0150731916205738,0.0028301525361098742,Low
2017-05-30,Ridge,60D,2,0.0128189722174686,0.0010679113102195457,Low
2017-05-31,Ridge,60D,2,0.0112024300902816,0.0025869822154880144,Low
2017-06-01,Ridge,60D,2,0.0053313061743717,-2.3356905974290798e-05,Low
2017-06-02,Ridge,60D,2,0.0021173850296218,-0.0001633933318039918,Low
2017-06-05,Ridge,60D,2,0.0041782589320601,-0.0005330870830237595,Low
2017-06-06,Ridge,60D,2,0.0115656993863253,-0.0006168730920515023,Low
2017-06-07,Ridge,60D,2,0.0157033441746913,0.0008717514249125778,Low
2017-06-08,Ridge,60D,2,0.0174167531813618,0.0022308315057633123,Low
2017-06-09,Ridge,60D,2,0.0106676284954042,0.0022808833516603753,Low
2017-06-12,Ridge,60D,2,0.0147707134682662,0.006058921156074832,Low
2017-06-13,Ridge,60D,2,0.0100909025801826,0.006210744173915973,Low
2017-06-14,Ridge,60D,2,0.0095972694020424,0.004602387695763757,Low
2017-06-15,Ridge,60D,2,0.0226203543960299,0.014606404368772677,Low
2017-06-16,Ridge,60D,2,0.0256950578408534,0.012511104435169312,Low
2017-06-19,Ridge,60D,2,0.0181393088820419,0.010550960134699167,Low
2017-06-20,Ridge,60D,2,0.0237571454781457,0.009359467953710433,Low
2017-06-21,Ridge,60D,2,0.0261854372175766,0.0081841190708277,Low
2017-06-22,Ridge,60D,2,0.0280961851191442,0.007773001655109052,Low
2017-06-23,Ridge,60D,2,0.0276460661804665,0.005113849255927318,Low
2017-06-26,Ridge,60D,2,0.0279644609430436,0.006506492907314346,Low
2017-06-27,Ridge,60D,2,0.0330194815718015,0.004878058976653443,Low
2017-06-28,Ridge,60D,2,0.0248975639204175,0.0018071174865631964,Low
2017-06-29,Ridge,60D,2,0.0313102580647049,0.0006893039963115077,Low
2017-06-30,Ridge,60D,2,0.0298503645797264,0.0036567897943739908,Low
2017-07-03,Ridge,60D,2,0.0316190190025666,0.004564056383679559,Low
2017-07-05,Ridge,60D,2,0.031370685595216,0.005721079389371386,Low
2017-07-06,Ridge,60D,2,0.0444819359705808,0.005980898452896297,Low
2017-07-07,Ridge,60D,2,0.0419657422306776,0.005498962055486108,Low
2017-07-10,Ridge,60D,2,0.0431949173118259,0.00455664140033412,Low
2017-07-11,Ridge,60D,2,0.0452238480390217,0.003799674887981568,Low
2017-07-12,Ridge,60D,2,0.0435757011224929,-0.00045461888110645554,Low
2017-07-13,Ridge,60D,2,0.04062866048378,0.0035542541896140135,Low
2017-07-14,Ridge,60D,2,0.0341599804457572,0.0013157432358183486,Low
2017-07-17,Ridge,60D,2,0.036532614312942,0.0006310084061189429,Low
2017-07-18,Ridge,60D,2,0.0377368185444946,0.002296132159864685,Low
2017-07-19,Ridge,60D,2,0.0306903832080897,0.004394950062211397,Low
2017-07-20,Ridge,60D,2,0.031721776301543,0.0030557123625263947,Low
2017-07-21,Ridge,60D,2,0.0338389381630575,0.00032955407235487483,Low
2017-07-24,Ridge,60D,2,0.0355755920639004,-0.0008280138748979343,Low
2017-07-25,Ridge,60D,2,0.033398744055332,-0.00032411278178456904,Low
2017-07-26,Ridge,60D,2,0.0334440641642229,0.003918114503233856,Low
2017-07-27,Ridge,60D,2,0.039521021986647,0.004442683438387546,Low
2017-07-28,Ridge,60D,2,0.0368826423517659,0.009276664702984314,Low
2017-07-31,Ridge,60D,2,0.0392276540608836,0.00931180107956658,Low
2017-08-01,Ridge,60D,2,0.0321075775986853,0.008816186899820203,Low
2017-08-02,Ridge,60D,2,0.0328851894419401,0.009080589597559023,Low
2017-08-03,Ridge,60D,2,0.0431118412566128,0.012781604977790496,Low
2017-08-04,Ridge,60D,2,0.0380269424623326,0.01202581203071875,Low
2017-08-07,Ridge,60D,3,0.0373251107547317,0.01376808461679931,Low
2017-08-08,Ridge,60D,3,0.041333307093021,0.014844896814894275,Low
2017-08-09,Ridge,60D,3,0.0418869296554,0.018198214997343004,Low
2017-08-10,Ridge,60D,3,0.0595594373824559,0.018650023973581262,Low
2017-08-11,Ridge,60D,3,0.0595551241392451,0.03616666599424612,Low
2017-08-14,Ridge,60D,3,0.0493723520881137,0.0232385664861778,Low
2017-08-15,Ridge,60D,3,0.0513138983470578,0.013957014888171615,Low
2017-08-16,Ridge,60D,3,0.0461258214843552,0.010737205390602664,Low
2017-08-17,Ridge,60D,3,0.0607851169954929,0.013583828588229648,Low
2017-08-18,Ridge,60D,3,0.0636053215681381,0.018958073339760278,Low
2017-08-21,Ridge,60D,3,0.0601310652932899,0.014839518046599318,Low
2017-08-22,Ridge,60D,3,0.0446983712905412,0.0019388617807641183,Low
2017-08-23,Ridge,60D,3,0.0563205942061525,0.0006198853031434692,Low
2017-08-24,Ridge,60D,3,0.0557677939743935,0.007429726845745683,Low
2017-08-25,Ridge,60D,3,0.055371192194246,0.005821081865279219,Low
2017-08-28,Ridge,60D,3,0.0614040776007025,0.003067414147683911,Low
2017-08-29,Ridge,60D,3,0.0598110681353632,0.005252588414514706,Low
2017-08-30,Ridge,60D,3,0.0572605206255343,0.0062311264262135645,Low
2017-08-31,Ridge,60D,3,0.0511715154540175,0.004728609393376725,Low
2017-09-01,Ridge,60D,3,0.058991269608476,0.002728828693599687,Low
2017-09-05,Ridge,60D,3,0.06620143427783,8.687126700220038e-06,Low
2017-09-06,Ridge,60D,3,0.0712351784474971,0.004995226005852425,Low
2017-09-07,Ridge,60D,3,0.0693870475565453,0.0038047428909141097,Low
2017-09-08,Ridge,60D,3,0.0698242971507167,0.008320248798855881,Low
2017-09-11,Ridge,60D,3,0.0552969314276142,0.0011601212894741739,Low
2017-09-12,Ridge,60D,3,0.0518245166622006,0.002722955704273857,Low
2017-09-13,Ridge,60D,3,0.0539957494242275,0.0015393320506144077,Low
2017-09-14,Ridge,60D,3,0.0605882753105736,0.0012258159496642586,Low
2017-09-15,Ridge,60D,3,0.0619396398861102,0.00623247472391146,Low
2017-09-18,Ridge,60D,3,0.0620325016790703,0.008625487283367603,Low
2017-09-19,Ridge,60D,3,0.0604498530921886,0.007994348892279264,Low
2017-09-20,Ridge,60D,3,0.0557365386591166,0.007305796399600949,Low
2017-09-21,Ridge,60D,3,0.0677214180161742,0.007037255718011287,Low
2017-09-22,Ridge,60D,3,0.0724223126006048,0.005076598743461861,Low
2017-09-25,Ridge,60D,3,0.0714113372573401,0.007084811908657786,Low
2017-09-26,Ridge,60D,3,0.0705109370578726,0.009230096829951422,Low
2017-09-27,Ridge,60D,3,0.0684178016685429,0.006739228095977389,Low
2017-09-28,Ridge,60D,3,0.0667556394014913,0.006651138564502133,Low
2017-09-29,Ridge,60D,3,0.0619984006329339,0.007298212161014639,Low
2017-10-02,Ridge,60D,3,0.0589225101134639,0.009184438500833279,Low
2017-10-03,Ridge,60D,3,0.0585983179317225,0.013331804645105543,Low
2017-10-04,Ridge,60D,3,0.0521557419778605,0.012901887422165156,Low
2017-10-05,Ridge,60D,3,0.0547939161649659,0.011242667644315172,Low
2017-10-06,Ridge,60D,3,0.0622465605741419,0.010713131756179743,Low
2017-10-09,Ridge,60D,3,0.0680731672974825,0.013477131864713573,Low
2017-10-10,Ridge,60D,3,0.0727625935555897,0.01503311860122278,Low
2017-10-11,Ridge,60D,3,0.0726216743932232,0.014351204504250464,Low
2017-10-12,Ridge,60D,3,0.075611935030873,0.01375846122150746,Low
2017-10-13,Ridge,60D,3,0.0736213672145059,0.01270564837649251,Low
2017-10-16,Ridge,60D,3,0.0788811704510823,0.013657743591555707,Low
2017-10-17,Ridge,60D,3,0.0849357439447422,0.01634664632267054,Low
2017-10-18,Ridge,60D,3,0.0806629711718101,0.016974913515850287,Low
2017-10-19,Ridge,60D,3,0.0897060332633019,0.016906741066674145,Low
2017-10-20,Ridge,60D,3,0.0829845395807977,0.01566121571748959,Low
2017-10-23,Ridge,60D,3,0.0913405828807851,0.017295881380390496,Low
2017-10-24,Ridge,60D,3,0.0977583463884403,0.01966002099453148,Low
2017-10-25,Ridge,60D,3,0.1046043070439226,0.017066328120164946,Low
2017-10-26,Ridge,60D,3,0.1027740352460883,0.017083387078469483,Low
2017-10-27,Ridge,60D,3,0.0953358646651941,0.01169075007888643,Low
2017-10-30,Ridge,60D,3,0.1103050801480191,0.009540417908488467,Low
2017-10-31,Ridge,60D,3,0.1026063309264767,0.009853990799379202,Low
2017-11-01,Ridge,60D,3,0.0900568440132356,0.011484297213371499,Low
2017-11-02,Ridge,60D,3,0.0903557621022637,0.011085528580590885,Low
2017-11-03,Ridge,60D,3,0.0866151744239259,0.013419173515385088,Low
2017-11-06,Ridge,60D,3,0.0639080500224508,0.013625928557463815,Low
2017-11-07,Ridge,60D,3,0.0222546298891511,0.01498028498506531,Low
2017-11-08,Ridge,60D,3,0.0381025893060279,0.01615762929009285,Low
2017-11-09,Ridge,60D,3,0.0368574324216455,0.014897161556279011,Low
2017-11-10,Ridge,60D,3,-0.0005035728481023,0.02331659333760892,Low
2017-11-13,Ridge,60D,3,0.0133389214401289,0.026597289134614066,Low
2017-11-14,Ridge,60D,3,0.0294698676785971,0.027014798827144387,Low
2017-11-15,Ridge,60D,3,0.037620388400998,0.028330317156403786,Low
2017-11-16,Ridge,60D,3,0.0427711754269228,0.025892769591784645,Low
2017-11-17,Ridge,60D,3,0.0573974541825955,0.023291519971307486,Low
2017-11-20,Ridge,60D,3,0.0564959839437271,0.0192796998661089,Low
2017-11-21,Ridge,60D,3,0.0441176279571371,0.013375362716688453,Low
2017-11-22,Ridge,60D,3,0.0393565061771558,0.015329092754021067,Low
2017-11-24,Ridge,60D,3,0.0382755993845018,0.015076315613405552,Low
2017-11-27,Ridge,60D,3,0.0545612092164261,0.014650628462818603,Low
2017-11-28,Ridge,60D,3,0.0564493156402598,0.013175647747907242,Low
2017-11-29,Ridge,60D,3,0.0440302980815831,0.019198413852583734,Low
2017-11-30,Ridge,60D,3,0.0247149053351159,0.019992838724090748,Low
2017-12-01,Ridge,60D,3,0.0133275224160449,0.022536837975902117,Low
2017-12-04,Ridge,60D,3,0.0194390184505298,0.02338331886356001,Low
2017-12-05,Ridge,60D,3,0.0341570265870116,0.021789891617286804,Low
2017-12-06,Ridge,60D,3,0.0369065216895389,0.01811089547244457,Low
2017-12-07,Ridge,60D,3,0.0334944628537132,0.01664514677665276,Low
2017-12-08,Ridge,60D,3,0.0324564090270798,0.013179786689222442,Low
2017-12-11,Ridge,60D,3,0.0464891136465915,0.01126972614568583,Low
2017-12-12,Ridge,60D,3,0.0436665925865035,0.014169863407131347,Low
2017-12-13,Ridge,60D,3,0.037755751142339,0.017581609730815934,Low
2017-12-14,Ridge,60D,3,0.0360939490479129,0.016726456883710213,Low
2017-12-15,Ridge,60D,3,0.0263773992386735,0.010758473827890717,Low
2017-12-18,Ridge,60D,3,0.0227309186063077,0.012112170685593473,Low
2017-12-19,Ridge,60D,3,0.0116603761080529,0.011525970169844277,Low
2017-12-20,Ridge,60D,3,0.0139693208433445,0.010755030071586416,Low
2017-12-21,Ridge,60D,3,0.0101399417050566,0.011274607906190146,Low
2017-12-22,Ridge,60D,3,-0.0148866736296839,0.013274445156372466,Low
2017-12-26,Ridge,60D,3,-0.035017505241376,0.014777738038177855,Low
2017-12-27,Ridge,60D,3,-0.0090130928455829,0.01762412141809449,Low
2017-12-28,Ridge,60D,3,-0.0282726974938243,0.019076834754216506,Low
2017-12-29,Ridge,60D,3,-0.0259969841005387,0.017451144221517223,Low
2018-01-02,Ridge,60D,3,-0.0205902848250933,0.012352095229177743,Low
2018-01-03,Ridge,60D,3,-0.0495594004125253,0.008747415969499515,Low
2018-01-04,Ridge,60D,3,-0.0410439819521111,0.009332942225236349,Low
2018-01-05,Ridge,60D,3,-0.0365530254942496,0.008918590509606378,Low
2018-01-08,Ridge,60D,3,-0.0313745678598954,0.014202342485444448,Low
2018-01-09,Ridge,60D,3,-0.0548407184342588,0.016597345495581565,Low
2018-01-10,Ridge,60D,3,-0.0503968776551452,0.015514798527611002,Low
2018-01-11,Ridge,60D,3,-0.0408173044277131,0.013201234537546947,Low
2018-01-12,Ridge,60D,3,-0.0530849165992685,0.015476830177283494,Low
2018-01-16,Ridge,60D,3,-0.0413373046400088,0.019345507323169163,Low
2018-01-17,Ridge,60D,3,-0.0535991106732176,0.021693113067464215,Low
2018-01-18,Ridge,60D,3,-0.043905076374181,0.0259819493436141,Low
2018-01-19,Ridge,60D,3,-0.0376756527473044,0.024648392310861543,Low
2018-01-22,Ridge,60D,3,-0.0448789967219645,0.01990843752114327,Low
2018-01-23,Ridge,60D,3,-0.0527935834860193,0.023899719284501873,Low
2018-01-24,Ridge,60D,3,-0.06080662812714,0.024319575750154473,Low
2018-01-25,Ridge,60D,3,-0.0613528374147885,0.026021102413860048,Low
2018-01-26,Ridge,60D,3,-0.0865953635273479,0.021779544641306384,Low
2018-01-29,Ridge,60D,3,-0.0780052530096611,0.025035086185084605,Low
2018-01-30,Ridge,60D,3,-0.0566664660169471,0.02599211660379653,Low
2018-01-31,Ridge,60D,3,-0.0560423266042779,0.02408920465154694,Low
2018-02-01,Ridge,60D,3,-0.0636152208011759,0.020458247491210484,Low
2018-02-02,Ridge,60D,3,-0.0396327381134496,0.016726809788634285,Normal
2018-02-05,Ridge,60D,3,-0.0050221483764706,0.043657954725628,High
2018-02-06,Ridge,60D,3,-0.0245689393104717,0.06725035248257205,High
2018-02-07,Ridge,60D,3,-0.0068249910583842,0.05407830832346177,High
2018-02-08,Ridge,60D,3,0.0348860417424073,0.04084398960610233,High
2018-02-09,Ridge,60D,3,0.0197947199311493,0.031182352752661412,High
2018-02-12,Ridge,60D,3,0.0156117021878317,0.02894425496659462,High
2018-02-13,Ridge,60D,3,0.0223291918114027,0.022032197173971903,High
2018-02-14,Ridge,60D,3,0.0107218912734667,-0.0032310980407092224,High
2018-02-15,Ridge,60D,3,-0.0003918709931818,0.009609389145522512,High
2018-02-16,Ridge,60D,3,-0.0076309256870942,0.010328360358594846,High
2018-02-20,Ridge,60D,3,0.0022799312672574,0.007892263968767091,High
2018-02-21,Ridge,60D,3,0.0069353569619581,0.005577263108914328,High
2018-02-22,Ridge,60D,3,0.00332661422183,0.0006410552234373812,High
2018-02-23,Ridge,60D,3,-0.0052150594753577,-0.01379049012683329,High
2018-02-26,Ridge,60D,3,-0.0200441866888604,-0.021258383735777875,High
2018-02-27,Ridge,60D,3,-0.004012730040494,-0.0174472878842312,High
2018-02-28,Ridge,60D,3,0.0051198130854393,-0.011746876259538637,High
2018-03-01,Ridge,60D,3,0.0161737758861299,-0.006955632479499596,High
2018-03-02,Ridge,60D,3,-0.0005165821108609,-0.008673415686779526,High
2018-03-05,Ridge,60D,3,0.0011276756305362,-0.014953987526213061,High
2018-03-06,Ridge,60D,3,-0.0084110405448946,-0.0014011691113654905,High
2018-03-07,Ridge,60D,3,0.0028637509900616,-0.006106684193780763,High
2018-03-08,Ridge,60D,3,0.0028801976795291,-0.0013117744923973017,High
2018-03-09,Ridge,60D,3,-0.0136470027921029,-9.52915743512514e-06,Normal
2018-03-12,Ridge,60D,3,-0.0038413048167924,-0.0027266406350598266,Normal
2018-03-13,Ridge,60D,3,0.0018281619755377,-0.0032881927159807006,Normal
2018-03-14,Ridge,60D,3,0.0106901607084777,-0.0010331541832570394,Normal
2018-03-15,Ridge,60D,3,0.0125405341145145,-0.0014293298552112317,Normal
2018-03-16,Ridge,60D,3,0.0125804034459868,0.0006063551766776198,Normal
2018-03-19,Ridge,60D,3,0.0228521894459487,0.0004109829768775969,Normal
2018-03-20,Ridge,60D,3,0.0238399813067334,0.006286384351745977,Normal
2018-03-21,Ridge,60D,3,0.0246680531168687,0.004964043897491869,Normal
2018-03-22,Ridge,60D,3,0.0480245489088366,0.0025331113044136187,High
2018-03-23,Ridge,60D,3,0.0651828382691959,0.013977046298422306,High
2018-03-26,Ridge,60D,3,0.040098487787273,-0.007344647571393543,High
2018-03-27,Ridge,60D,3,0.0511600445893745,-0.007637321423213009,High
2018-03-28,Ridge,60D,3,0.055941166743971,-0.00880747684672091,High
2018-03-29,Ridge,60D,3,0.028445666282357,-0.011941088767127968,High
2018-04-02,Ridge,60D,3,0.0532384991315497,-0.012094313077052072,High
2018-04-03,Ridge,60D,3,0.0320609515026674,-0.011072425469109751,High
2018-04-04,Ridge,60D,3,0.026720529175252,-0.018489450900957022,High
2018-04-05,Ridge,60D,3,0.0206392236611176,-0.016851098118343066,High
2018-04-06,Ridge,60D,3,0.0458665515524761,-0.025524439968538037,High
2018-04-09,Ridge,60D,3,0.0375759273043493,-0.013848804325730862,High
2018-04-10,Ridge,60D,3,0.0295711850535734,-0.013588936017767277,High
2018-04-11,Ridge,60D,3,0.0435573884266146,-0.01788122315235701,High
2018-04-12,Ridge,60D,3,0.0441247805142991,-0.027472222446668436,High
2018-04-13,Ridge,60D,3,0.0504828296598276,-0.026456781444480555,High
2018-04-16,Ridge,60D,3,0.0352870064863483,-0.03286264976306687,High
2018-04-17,Ridge,60D,3,0.0333929264526536,-0.03501391227583353,High
2018-04-18,Ridge,60D,3,0.0336405615817091,-0.03672292888894907,High
2018-04-19,Ridge,60D,3,0.0383544787566431,-0.03909263685468022,High
2018-04-20,Ridge,60D,3,0.0508934802884391,-0.03485295112021301,High
2018-04-23,Ridge,60D,3,0.0529954322539921,-0.03141015250966641,High
2018-04-24,Ridge,60D,3,0.0625054934114177,-0.030562527554126306,High
2018-04-25,Ridge,60D,3,0.0597212214073196,-0.024043690666151155,High
2018-04-26,Ridge,60D,3,0.0511774395631741,-0.0290158250886701,High
2018-04-27,Ridge,60D,3,0.0548339531778637,-0.03130000048972721,High
2018-04-30,Ridge,60D,3,0.0721155807971577,-0.029028213337674386,Normal
2018-05-01,Ridge,60D,3,0.0665328758772627,-0.025400683244950505,Normal
2018-05-02,Ridge,60D,3,0.0671809924338197,-0.01511065940836144,Normal
2018-05-03,Ridge,60D,3,0.0636664207032965,-0.01522092498446239,Normal
2018-05-04,Ridge,60D,3,0.0558094478942646,-0.01766468129373249,Normal
2018-05-07,Ridge,60D,3,0.0513165742717036,-0.005616063429257752,Normal
2018-05-08,Ridge,60D,3,0.056496600465646,-0.006690055489266988,Normal
2018-05-09,Ridge,60D,3,0.0514943845961254,-0.00831759107786623,Normal
2018-05-10,Ridge,60D,3,0.0456993556430785,-0.008577572878635899,Normal
2018-05-11,Ridge,60D,3,0.0468134181186031,-0.00955812208685907,Normal
2018-05-14,Ridge,60D,3,0.0456679042151813,-0.01322862729712124,Normal
2018-05-15,Ridge,60D,3,0.0510908445821324,-0.011633127038143749,Normal
2018-05-16,Ridge,60D,3,0.0398991924713735,-0.009090552273478627,Normal
2018-05-17,Ridge,60D,3,0.0367413935940033,-0.009432929599827576,Normal
2018-05-18,Ridge,60D,3,0.0457459888649708,-0.00974362520242384,Normal
2018-05-21,Ridge,60D,3,0.0307551757356588,-0.013291129716999021,Normal
2018-05-22,Ridge,60D,3,0.0417840788811721,-0.008827544424351984,Low
2018-05-23,Ridge,60D,3,0.0418585400495365,-0.01186229498754069,Low
2018-05-24,Ridge,60D,3,0.0463088779093874,-0.010823249705180091,Low
2018-05-25,Ridge,60D,3,0.0507352809182002,-0.007045325050860189,Low
2018-05-29,Ridge,60D,3,0.061968622375749,0.0003672900757276734,Low
2018-05-30,Ridge,60D,3,0.0476600531002901,-0.0010601134559476665,Normal
2018-05-31,Ridge,60D,3,0.0607430922720095,-0.0026701898728521585,Normal
2018-06-01,Ridge,60D,3,0.0575934339698802,-0.011710241923504172,Normal
2018-06-04,Ridge,60D,3,0.0533930811491263,-0.01549865286398823,Low
2018-06-05,Ridge,60D,3,0.0583759773484622,-0.015067271646169063,Low
2018-06-06,Ridge,60D,3,0.0454049046666922,-0.01802165510501519,Normal
2018-06-07,Ridge,60D,3,0.0462538167559818,-0.013615603509014893,Low
2018-06-08,Ridge,60D,3,0.0414770957993511,-0.010475295754448333,Low
2018-06-11,Ridge,60D,3,0.0376018959911447,-0.00885578376991204,Low
2018-06-12,Ridge,60D,3,0.0322010376758227,-0.008494701920660059,Low
2018-06-13,Ridge,60D,3,0.0340194943222197,-0.003977848697920273,Low
2018-06-14,Ridge,60D,3,0.0334470220144094,-0.006242775722412396,Low
2018-06-15,Ridge,60D,3,0.038197508019619,-0.009225797182252641,Low
2018-06-18,Ridge,60D,3,0.0406825075503991,-0.004412322708975909,Low
2018-06-19,Ridge,60D,3,0.0499823776611817,0.0011432802780362017,Low
2018-06-20,Ridge,60D,3,0.0485471313378356,0.005529721403972411,Low
2018-06-21,Ridge,60D,3,0.0493275691895067,0.010277620090766498,Low
2018-06-22,Ridge,60D,3,0.0528220188019981,0.012430993898949961,Low
2018-06-25,Ridge,60D,3,0.0678942298029406,0.011401566427156128,Normal
2018-06-26,Ridge,60D,3,0.0735020934825729,0.02326439081494925,Low
2018-06-27,Ridge,60D,3,0.0817750788587071,0.024097952400270736,Low
2018-06-28,Ridge,60D,3,0.072093516525662,0.02459035855645652,Low
2018-06-29,Ridge,60D,3,0.0700294521450272,0.023252719313518726,Low
2018-07-02,Ridge,60D,3,0.0636714916295737,0.027250542683326676,Low
2018-07-03,Ridge,60D,3,0.0713905971386187,0.028903785634629028,Low
2018-07-05,Ridge,60D,3,0.0627998702489427,0.0259554900013141,Low
2018-07-06,Ridge,60D,3,0.057988844990561,0.02031832422532767,Low
2018-07-09,Ridge,60D,3,0.0488077852949404,0.013658269802435794,Low
2018-07-10,Ridge,60D,3,0.0460518027128368,0.012751358934036765,Low
2018-07-11,Ridge,60D,3,0.0449682536637435,0.011140166851259192,Low
2018-07-12,Ridge,60D,3,0.0307139474989493,0.009095057809127822,Low
2018-07-13,Ridge,60D,3,0.0292400972539911,0.00615628645331538,Low
2018-07-16,Ridge,60D,3,0.0288498520407353,0.006248405268878838,Low
2018-07-17,Ridge,60D,3,-0.0085323613453101,0.005547502249859639,Low
2018-07-18,Ridge,60D,3,-0.031478123394589,0.00914209827168238,Low
2018-07-19,Ridge,60D,3,-0.0134110611371631,0.01285260104507449,Low
2018-07-20,Ridge,60D,3,-0.0183846456571888,0.014646026087822266,Low
2018-07-23,Ridge,60D,3,0.0010468200344808,0.012975981603672795,Low
2018-07-24,Ridge,60D,3,-0.0039753931142375,0.016647766540862356,Low
2018-07-25,Ridge,60D,3,-0.0275323187599513,0.013062397593688917,Low
2018-07-26,Ridge,60D,3,-0.0248566511463633,0.01659256146036417,Low
2018-07-27,Ridge,60D,3,-0.0225816135979956,0.013789711147698332,Low
2018-07-30,Ridge,60D,3,-0.0223379004631026,0.017007617916583905,Low
2018-07-31,Ridge,60D,3,-0.0585615115435465,0.015386721269888916,Low
2018-08-01,Ridge,60D,3,-0.0390669004972612,0.016009346088192537,Low
2018-08-02,Ridge,60D,3,-0.0614603880894731,0.010374229643473704,Low
2018-08-03,Ridge,60D,3,-0.0726750284500152,0.011004931240561684,Low
2018-08-06,Ridge,60D,3,-0.0606616881289393,0.012641770485626262,Low
2018-08-07,Ridge,60D,3,-0.052689011120854,0.011939373788743619,Low
2018-08-08,Ridge,60D,3,-0.0419240978590295,0.012574783484983337,Low
2018-08-09,Ridge,60D,3,-0.0468181042378694,0.012864563389313955,Low
2018-08-10,Ridge,60D,3,-0.0340940982774308,0.013502602405775097,Low
2018-08-13,Ridge,60D,3,-0.0238402728670419,0.02289644863228906,Low
2018-08-14,Ridge,60D,3,-0.0092221243226853,0.02210585879714598,Low
2018-08-15,Ridge,60D,3,-0.004102984729798,0.01866716592848476,Low
2018-08-16,Ridge,60D,3,-0.0212327851978086,0.017094635234151542,Low
2018-08-17,Ridge,60D,3,-0.0444485425585392,0.014393884557368227,Low
2018-08-20,Ridge,60D,3,-0.0483566362828414,0.013916784047388237,Low
2018-08-21,Ridge,60D,3,-0.058019225055919,0.015168440932959713,Low
2018-08-22,Ridge,60D,3,-0.0470829612590335,0.021200050307767317,Low
2018-08-23,Ridge,60D,3,-0.0431694297980144,0.020173926002021638,Low
2018-08-24,Ridge,60D,3,-0.0661322969620212,0.01974051388870926,Low
2018-08-27,Ridge,60D,3,-0.0920914339257175,0.019436669683113687,Low
2018-08-28,Ridge,60D,3,-0.0893220066925486,0.02099780311835491,Low
2018-08-29,Ridge,60D,3,-0.1015836688733159,0.020625093774602893,Low
2018-08-30,Ridge,60D,3,-0.0817305209834912,0.021928204547949706,Low
2018-08-31,Ridge,60D,3,-0.0786086050861836,0.02248564124154202,Low
2018-09-04,Ridge,60D,3,-0.0542388617341905,0.021414635201782887,Low
2018-09-05,Ridge,60D,4,-0.0536172934783179,0.023212018585786198,Low
2018-09-06,Ridge,60D,4,-0.0418207547250821,0.028443895997303383,Low
2018-09-07,Ridge,60D,4,-0.0287229550357051,0.031226315895545184,Low
2018-09-10,Ridge,60D,4,-0.0635192120889545,0.032171015409142176,Low
2018-09-11,Ridge,60D,4,-0.0687754656928142,0.02579801728693752,Low
2018-09-12,Ridge,60D,4,-0.0927284094990301,0.02480188562742759,Low
2018-09-13,Ridge,60D,4,-0.0962361584355051,0.02655572571179335,Low
2018-09-14,Ridge,60D,4,-0.096868012011577,0.02537322133505881,Low
2018-09-17,Ridge,60D,4,-0.0858778500096767,0.024684534555653673,Low
2018-09-18,Ridge,60D,4,-0.091432453189717,0.02536569683552159,Low
2018-09-19,Ridge,60D,4,-0.1119561534915889,0.02524655475106205,Low
2018-09-20,Ridge,60D,4,-0.1407584525054947,0.019679273355546187,Low
2018-09-21,Ridge,60D,4,-0.1403034547146985,0.022278044562269374,Low
2018-09-24,Ridge,60D,4,-0.1522970315766216,0.022110609010968004,Low
2018-09-25,Ridge,60D,4,-0.1668888925676075,0.024824461819319268,Low
2018-09-26,Ridge,60D,4,-0.1843973133849882,0.024924510568340795,Low
2018-09-27,Ridge,60D,4,-0.2146433624918139,0.027983670618754987,Low
2018-09-28,Ridge,60D,4,-0.1662333146768707,0.026607194959341454,Low
2018-10-01,Ridge,60D,4,-0.1613415780502523,0.024949367174899144,Low
2018-10-02,Ridge,60D,4,-0.1621871630502045,0.025364475836080355,Low
2018-10-03,Ridge,60D,4,-0.154441803924716,0.025832422290076873,Low
2018-10-04,Ridge,60D,4,-0.1449710754410799,0.024653844987873787,Low
2018-10-05,Ridge,60D,4,-0.1644960926753728,0.03090399755122017,Low
2018-10-08,Ridge,60D,4,-0.1303414989066766,0.034663836709160414,Low
2018-10-09,Ridge,60D,4,-0.1219366130772926,0.03959348902483907,Low
2018-10-10,Ridge,60D,4,-0.0788716366981932,0.021190152430529213,Normal
2018-10-11,Ridge,60D,4,-0.0539943853928294,0.03397536404705585,Normal
2018-10-12,Ridge,60D,4,-0.0635923794267435,0.026828564797178912,Normal
2018-10-15,Ridge,60D,4,-0.057816205679926,0.02117445538164998,Normal
2018-10-16,Ridge,60D,4,-0.0843554283020767,-0.002977484448224231,High
2018-10-17,Ridge,60D,4,-0.0734381151596507,0.0022631665788905037,High
2018-10-18,Ridge,60D,4,-0.0567221040552213,0.00797082206376664,High
2018-10-19,Ridge,60D,4,-0.0487981382137061,0.015677064604096607,High
2018-10-22,Ridge,60D,4,-0.0313924282773726,0.017048872209881147,High
2018-10-23,Ridge,60D,4,-0.0401238289246509,0.02039867767053138,High
2018-10-24,Ridge,60D,4,-0.0065725651440592,0.01677199765550924,High
2018-10-25,Ridge,60D,4,-0.0236515030117958,0.013762369150322517,High
2018-10-26,Ridge,60D,4,0.0022805026987253,0.013087693399276377,High
2018-10-29,Ridge,60D,4,0.0009839351452102,0.009446222820467092,High
2018-10-30,Ridge,60D,4,-0.016018695761782,0.0027381825697561767,High
2018-10-31,Ridge,60D,4,-0.0113819646247932,0.009279364155122512,High
2018-11-01,Ridge,60D,4,-0.0133238146835545,-0.0006099757844064066,High
2018-11-02,Ridge,60D,4,-0.0060888870428677,-0.0010542500752321222,High
2018-11-05,Ridge,60D,4,-0.0049201996225822,0.002792126832087183,High
2018-11-06,Ridge,60D,4,-0.0064626169296406,0.007254509400036304,High
2018-11-07,Ridge,60D,4,-0.0296766112079234,-0.002094426637205691,High
2018-11-08,Ridge,60D,4,-0.0365657354216622,-0.007762001477692054,High
2018-11-09,Ridge,60D,4,-0.0266481769402771,-0.013195373942797423,High
2018-11-12,Ridge,60D,4,-0.0060411741509911,-0.01400943853904556,High
2018-11-13,Ridge,60D,4,0.0082496975740215,-0.00817253095781047,High
2018-11-14,Ridge,60D,4,0.0188653179861828,0.0030490529001539566,High
2018-11-15,Ridge,60D,4,0.0056721218598423,-0.004535683520742122,High
2018-11-16,Ridge,60D,4,0.0142712889873158,-0.008494250907184846,High
2018-11-19,Ridge,60D,4,0.0325520715496294,-0.009556108892850818,High
2018-11-20,Ridge,60D,4,0.0526456006669561,-0.008681161877792252,High
2018-11-21,Ridge,60D,4,0.0460742620303475,0.0022800461461966025,High
2018-11-23,Ridge,60D,4,0.0590413204369134,0.0010681170512050649,High
2018-11-26,Ridge,60D,4,0.0448594490412989,-0.007736412560650302,High
2018-11-27,Ridge,60D,4,0.0408122950038459,-0.00865958779967528,High
2018-11-28,Ridge,60D,4,0.017554046264434,-0.01046911086704316,High
2018-11-29,Ridge,60D,4,0.0169100332108768,-0.003305250410794932,High
2018-11-30,Ridge,60D,4,0.0156441420829723,-0.0031389229513651452,High
2018-12-03,Ridge,60D,4,0.0008740328933546,-0.0039764045941384565,High
2018-12-04,Ridge,60D,4,0.0326420882422039,-0.02751316849763966,High
2018-12-06,Ridge,60D,4,0.0276200025522231,-0.022912219831943154,High
2018-12-07,Ridge,60D,4,0.0430574268702142,-0.016554918971694327,High
2018-12-10,Ridge,60D,4,0.0391628595158443,-0.015867412470859796,High
2018-12-11,Ridge,60D,4,0.0540788047546393,-0.01227873874887117,High
2018-12-12,Ridge,60D,4,0.0516228994720933,-0.005614695197806083,High
2018-12-13,Ridge,60D,4,0.0587483965415277,-0.007869510703417255,High
2018-12-14,Ridge,60D,4,0.0771512094786313,-0.009349361623100634,High
2018-12-17,Ridge,60D,4,0.1031160137156387,-0.01088228066344013,High
2018-12-18,Ridge,60D,4,0.1067287136607577,0.0005503354042750049,High
2018-12-19,Ridge,60D,4,0.1221136027567677,0.005280090857806683,High
2018-12-20,Ridge,60D,4,0.1350627155001021,0.0100486461069682,High
2018-12-21,Ridge,60D,4,0.166659851493332,0.016817921700978282,High
2018-12-24,Ridge,60D,4,0.1749895972373731,0.03243157112043086,High
2018-12-26,Ridge,60D,4,0.1257470467332581,-0.013334675219882654,High
2018-12-27,Ridge,60D,4,0.1243778707123752,-0.011963336415701544,High
2018-12-28,Ridge,60D,4,0.1209650813460074,-0.010955812725847197,High
2018-12-31,Ridge,60D,4,0.1160915101990622,-0.01717324211413172,High
2019-01-02,Ridge,60D,4,0.1215355231797607,-0.02100541477692854,High
2019-01-03,Ridge,60D,4,0.1581060505167203,-0.018563462990916577,High
2019-01-04,Ridge,60D,4,0.124364107011232,-0.04162481671754811,High
2019-01-07,Ridge,60D,4,0.1195242034360916,-0.04395891083880846,High
2019-01-08,Ridge,60D,4,0.1119580813425883,-0.039874140191820076,High
2019-01-09,Ridge,60D,4,0.1124941276328651,-0.042328224614717094,High
2019-01-10,Ridge,60D,4,0.1090327980089265,-0.03539464956101518,High
2019-01-11,Ridge,60D,4,0.1030931301177395,-0.029674169077548145,High
2019-01-14,Ridge,60D,4,0.111836362459489,-0.03841739901918423,High
2019-01-15,Ridge,60D,4,0.1012098659200706,-0.03687281925888923,High
2019-01-16,Ridge,60D,4,0.105577923780528,-0.029898323017430655,High
2019-01-17,Ridge,60D,4,0.0973856258299352,-0.03621815652640756,High
2019-01-18,Ridge,60D,4,0.0847979413152196,-0.03502345663543187,High
2019-01-22,Ridge,60D,4,0.096780017322453,-0.03144752100198031,High
2019-01-23,Ridge,60D,4,0.0961573742272519,-0.021610254603499388,High
2019-01-24,Ridge,60D,4,0.0957940999332072,-0.02129918107660948,High
2019-01-25,Ridge,60D,4,0.0961435834076845,-0.01745103438628468,High
2019-01-28,Ridge,60D,4,0.1018271906533572,-0.01573310599194574,High
2019-01-29,Ridge,60D,4,0.1029154568481992,-0.00856387970781379,High
2019-01-30,Ridge,60D,4,0.0921601972799442,-0.01628142238942967,High
2019-01-31,Ridge,60D,4,0.0846704969744102,-0.019775948934949893,High
2019-02-01,Ridge,60D,4,0.0847232550883948,-0.015232074373439913,Normal
2019-02-04,Ridge,60D,4,0.0704394281206238,-0.01149270049085772,Normal
2019-02-05,Ridge,60D,4,0.0636158130345906,-0.006690086830470888,Normal
2019-02-06,Ridge,60D,4,0.075434856231017,-0.008610446079909167,Normal
2019-02-07,Ridge,60D,4,0.0803550362441747,-0.014960161187402368,Normal
2019-02-08,Ridge,60D,4,0.0630295755892564,-0.014861204551837325,Normal
2019-02-11,Ridge,60D,4,0.0607140083960181,-0.009614395560412554,Normal
2019-02-12,Ridge,60D,4,0.0448801568312512,-0.013897229963918487,Normal
2019-02-13,Ridge,60D,4,0.0455741193074588,-0.010547301799414946,Normal
2019-02-14,Ridge,60D,4,0.0238028135526599,-0.007795277426354465,Normal
2019-02-15,Ridge,60D,4,0.0209667964109183,-0.009406779416904796,Normal
2019-02-19,Ridge,60D,4,0.0252911694120492,-0.008322795590267346,Normal
2019-02-20,Ridge,60D,4,0.0323715929678076,-0.0025831546705718522,Low
2019-02-21,Ridge,60D,4,0.0300498251196051,-0.008282864737198293,Low
2019-02-22,Ridge,60D,4,0.0168869284494894,-0.00843305176561569,Normal
2019-02-25,Ridge,60D,4,0.0241157730929283,-0.0054763684933469975,Low
2019-02-26,Ridge,60D,4,0.0220781504018693,-2.5647754062725625e-05,Low
2019-02-27,Ridge,60D,4,0.0106366555968854,-0.0027999197262068044,Low
2019-02-28,Ridge,60D,4,0.0148188069678731,-0.002174954695402461,Low
2019-03-01,Ridge,60D,4,-0.0004637996211001,-0.004724365864797818,Low
2019-03-04,Ridge,60D,4,-0.0035116023930763,-0.007120591546334619,Low
2019-03-05,Ridge,60D,4,-0.0002831562283725,0.0012965980642746788,Low
2019-03-06,Ridge,60D,4,-0.0070208878747004,0.002282756064718344,Low
2019-03-07,Ridge,60D,4,-0.0016310473906772,0.0072590537023104265,Low
2019-03-08,Ridge,60D,4,0.0217088438218541,0.010887546526821647,Low
2019-03-11,Ridge,60D,4,0.0152780352371783,-0.004354209558470389,Low
2019-03-12,Ridge,60D,4,0.0184459101853776,-0.00581168195070729,Low
2019-03-13,Ridge,60D,4,0.0219633426756181,-0.007504701021706889,Low
2019-03-14,Ridge,60D,4,0.02748096208198,9.535657548088994e-05,Low
2019-03-15,Ridge,60D,4,0.0221585012155978,0.0028268260873261127,Low
2019-03-18,Ridge,60D,4,0.0164197465894525,0.006341632085732241,Low
2019-03-19,Ridge,60D,4,0.0206393271722294,0.009688174723051344,Low
2019-03-20,Ridge,60D,4,0.0219752121268462,0.01218111645849938,Low
2019-03-21,Ridge,60D,4,0.0121125120645098,0.011599788462845439,Low
2019-03-22,Ridge,60D,4,0.0409398287917537,0.010982701141394737,Normal
2019-03-25,Ridge,60D,4,0.0447599184180874,0.01682411230915102,Normal
2019-03-26,Ridge,60D,4,0.0470304708060264,0.01325801033034137,Normal
2019-03-27,Ridge,60D,4,0.0504255978028975,0.009594668332629949,Normal
2019-03-28,Ridge,60D,4,0.0451091546270488,0.008562314991308571,Normal
2019-03-29,Ridge,60D,4,0.0288556729433365,0.013137616822818901,Normal
2019-04-01,Ridge,60D,4,0.016118781746488,0.01675845250319368,Normal
2019-04-02,Ridge,60D,4,0.0199172119842205,0.01748729817005151,Normal
2019-04-03,Ridge,60D,4,0.023512081404731,0.01954011589993903,Normal
2019-04-04,Ridge,60D,4,0.0290726347726908,0.02130446260969831,Normal
2019-04-05,Ridge,60D,4,0.0273707644265805,0.018438465154531767,Normal
2019-04-08,Ridge,60D,4,0.033966948336741,0.019301548904930715,Low
2019-04-09,Ridge,60D,4,0.0382453905678618,0.0190279262627313,Normal
2019-04-10,Ridge,60D,4,0.0299263798032381,0.01997114610730357,Normal
2019-04-11,Ridge,60D,4,0.0311240505213493,0.017506570535856195,Normal
2019-04-12,Ridge,60D,4,0.0290370190678863,0.012371683594828962,Normal
2019-04-15,Ridge,60D,4,0.0319492058911921,0.01024427091131255,Normal
2019-04-16,Ridge,60D,4,0.0360495118681185,0.012349525539915179,Normal
2019-04-17,Ridge,60D,4,0.0385017664172414,0.015123301834584126,Normal
2019-04-18,Ridge,60D,4,0.0335143350379816,0.014729020478705057,Low
2019-04-22,Ridge,60D,4,0.0259501637549556,0.024011765425675565,Low
2019-04-23,Ridge,60D,4,0.0207234102887792,0.01879234849873746,Low
2019-04-24,Ridge,60D,4,0.0167216894269708,0.023756595840562333,Low
2019-04-25,Ridge,60D,4,0.0199154328534938,0.027287608443097078,Low
2019-04-26,Ridge,60D,4,0.0220652276694654,0.02517304148833266,Low
2019-04-29,Ridge,60D,4,0.0256714719787072,0.025883927292143165,Low
2019-04-30,Ridge,60D,4,0.0194442107963161,0.029186666963223046,Low
2019-05-01,Ridge,60D,4,0.0343351924173905,0.029456017904334802,Low
2019-05-02,Ridge,60D,4,0.034844015137016,0.03061494974864329,Low
2019-05-03,Ridge,60D,4,0.0226699022860542,0.02378781501761786,Low
2019-05-06,Ridge,60D,4,0.0162057085229867,0.023908736783908095,Low
2019-05-07,Ridge,60D,4,0.0238156690430862,0.030311644931303786,Low
2019-05-08,Ridge,60D,4,0.0181129958929411,0.042504357978918106,Low
2019-05-09,Ridge,60D,4,-0.0090911876148254,0.041208225374355215,Low
2019-05-10,Ridge,60D,4,0.0001284422264226,0.03246816784417231,Low
2019-05-13,Ridge,60D,4,0.0253214936987788,0.019455549936499245,Normal
2019-05-14,Ridge,60D,4,0.035925968642428,0.023260275675344028,Normal
2019-05-15,Ridge,60D,4,0.0234653811810478,0.014441141832202175,Normal
2019-05-16,Ridge,60D,4,0.0022156149486334,0.00716624907499102,Normal
2019-05-17,Ridge,60D,4,0.0230883983899792,0.005100415646877431,Normal
2019-05-20,Ridge,60D,4,0.0001303039108487,0.0139429643658795,Normal
2019-05-21,Ridge,60D,4,-0.0058684084841615,0.012740008781662733,Normal
2019-05-22,Ridge,60D,4,0.0112830420519829,0.009597274935395327,Normal
2019-05-23,Ridge,60D,4,0.0353019098576621,0.007589054739962107,Normal
2019-05-24,Ridge,60D,4,0.0260030507735096,0.011618233176926611,Normal
2019-05-28,Ridge,60D,4,0.0426269803311228,0.012177888380043545,Normal
2019-05-29,Ridge,60D,4,0.0490566875390756,0.018642594828869683,Normal
2019-05-30,Ridge,60D,4,0.0206715337412407,0.017745335600515964,Normal
2019-05-31,Ridge,60D,4,0.0448778517224916,0.01797130638738086,Normal
2019-06-03,Ridge,60D,4,0.0444386005762435,0.022758677730927122,Normal
2019-06-04,Ridge,60D,4,0.0297568250257282,0.007642942366543405,High
2019-06-05,Ridge,60D,4,0.0342355804880089,0.009141102728734923,Normal
2019-06-06,Ridge,60D,4,0.0287613205718813,0.003246852807131771,High
2019-06-07,Ridge,60D,4,0.0113953319919359,0.009591904421424177,High
2019-06-10,Ridge,60D,4,0.0175298371955919,0.016038419449938897,High
2019-06-11,Ridge,60D,4,0.0308056915753027,0.022618946347110196,Normal
2019-06-12,Ridge,60D,4,0.0337555402069171,0.016099614842767496,Normal
2019-06-13,Ridge,60D,4,0.0295725150251668,0.015260892263995412,Normal
2019-06-14,Ridge,60D,4,0.0315075792372509,0.015842976381901595,Normal
2019-06-17,Ridge,60D,4,0.0377799361312853,0.014599083219387004,Normal
2019-06-18,Ridge,60D,4,0.030984462816548,0.015146047677332582,Normal
2019-06-19,Ridge,60D,4,0.027279069146558,0.015333935148549065,Normal
2019-06-20,Ridge,60D,4,0.0147109508943291,0.012886939328327528,Normal
2019-06-21,Ridge,60D,4,0.0185493925465191,0.020069891068528578,Normal
2019-06-24,Ridge,60D,4,0.0206254142913732,0.018972603186907928,Normal
2019-06-25,Ridge,60D,4,0.0301871644536902,0.01601377117710338,Normal
2019-06-26,Ridge,60D,4,0.0265142610276139,0.01686013302223547,Normal
2019-06-27,Ridge,60D,4,0.0226014346171957,0.01728272154105752,Normal
2019-06-28,Ridge,60D,4,0.0084085038130445,0.01693051813938904,Normal
2019-07-01,Ridge,60D,4,0.0069051704440544,0.013350148925786906,Low
2019-07-02,Ridge,60D,4,0.0015494521574525,0.015071467527223067,Low
2019-07-03,Ridge,60D,4,-0.0114241780823603,0.014112555970851946,Low
2019-07-05,Ridge,60D,4,-0.0045817336625631,0.013159567731988259,Low
2019-07-08,Ridge,60D,4,-0.0120686875978521,0.01342738627871147,Low
2019-07-09,Ridge,60D,4,-0.0313698848439499,0.015361678386642737,Low
2019-07-10,Ridge,60D,4,-0.0279301270061657,0.014455553231145325,Low
2019-07-11,Ridge,60D,4,-0.0160959613458552,0.012979100371705889,Low
2019-07-12,Ridge,60D,4,-0.0251938479216032,0.010553345349037044,Low
2019-07-15,Ridge,60D,4,-0.0410528612020973,0.01416423591560728,Low
2019-07-16,Ridge,60D,4,-0.0285799801322411,0.011975241006430206,Low
2019-07-17,Ridge,60D,4,-0.0156321122543654,0.011417793554268578,Low
2019-07-18,Ridge,60D,4,-0.0083281302893955,0.011383845963216968,Low
2019-07-19,Ridge,60D,4,-0.0035203224977698,0.014526867190196894,Low
2019-07-22,Ridge,60D,4,0.003561421192469,0.013531840005281529,Low
2019-07-23,Ridge,60D,4,-0.0052642685000011,0.007996798621691184,Low
2019-07-24,Ridge,60D,4,-0.0071824393437015,0.008538306086370405,Low
2019-07-25,Ridge,60D,4,-0.0058331885699018,0.006234114142338815,Low
2019-07-26,Ridge,60D,4,-0.006345610235351,0.007703331201202224,Low
2019-07-29,Ridge,60D,4,-0.0083032375646705,0.00931583958124314,Low
2019-07-30,Ridge,60D,4,-0.0028781488467953,0.011267364394566732,Low
2019-07-31,Ridge,60D,4,0.009985662764516,0.014593508540810481,Low
2019-08-01,Ridge,60D,4,0.0230896198439779,0.02421561929809317,Low
2019-08-02,Ridge,60D,4,0.0359648282996607,0.03176573893189498,Low
2019-08-05,Ridge,60D,4,0.0653622585128747,0.022774230044717743,Normal
2019-08-06,Ridge,60D,4,0.0556773240025654,0.021647838056449587,Normal
2019-08-07,Ridge,60D,4,0.0518833030341676,0.01558095799365882,Normal
2019-08-08,Ridge,60D,4,0.04291077112695,0.0018934784799200539,High
2019-08-09,Ridge,60D,4,0.0532466100659196,0.001489874879936879,High
2019-08-12,Ridge,60D,4,0.0644540164700142,0.016572747760159837,High
2019-08-13,Ridge,60D,4,0.0501379207950019,0.011825336517487427,High
2019-08-14,Ridge,60D,4,0.0825946484938183,0.0002367064551334619,High
2019-08-15,Ridge,60D,4,0.0826908149407538,0.006037075905357098,High
2019-08-16,Ridge,60D,4,0.0664033613551717,-0.002801115998672443,High
2019-08-19,Ridge,60D,4,0.0559336090920372,-0.00868976607767975,High
2019-08-20,Ridge,60D,4,0.064591105974269,-0.012658985559979713,High
2019-08-21,Ridge,60D,4,0.0572148190313726,-0.0034067378023111793,High
2019-08-22,Ridge,60D,4,0.0653870507686243,-0.0024440777640377595,High
2019-08-23,Ridge,60D,4,0.0921789582142719,-0.011717667998608343,High
2019-08-26,Ridge,60D,4,0.0806630753837815,-0.005613339604788551,High
2019-08-27,Ridge,60D,4,0.0801081407633966,0.0009939874602189272,High
2019-08-28,Ridge,60D,4,0.0719999831466448,-0.001961303710867685,High
2019-08-29,Ridge,60D,4,0.0615650746479262,-0.007978518827505148,High
2019-08-30,Ridge,60D,4,0.0684017457755166,0.0052406661840648395,High
2019-09-03,Ridge,60D,4,0.0775179187531423,0.011920034734579678,High
2019-09-04,Ridge,60D,4,0.0708999291000208,0.004637579543576267,High
2019-09-05,Ridge,60D,4,0.0539547299482719,-0.00273905159646088,High
2019-09-06,Ridge,60D,4,0.0443760554499313,-0.006762185014849348,High
2019-09-09,Ridge,60D,4,0.0378098448707861,-0.01080726240789219,High
2019-09-10,Ridge,60D,4,0.0437912500536252,-0.006876101576224657,High
2019-09-11,Ridge,60D,4,0.038086704653868,-0.008445277729633101,High
2019-09-12,Ridge,60D,4,0.0443059344060605,0.0026633949215992686,Normal
2019-09-13,Ridge,60D,4,0.0418627775985523,-0.0038986462417837306,Normal
2019-09-16,Ridge,60D,4,0.0439057543459242,-0.00599768901147411,Normal
2019-09-17,Ridge,60D,4,0.0442312665028129,-0.001924284417392421,Normal
2019-09-18,Ridge,60D,4,0.052427300594101,-0.00011675747674629727,Normal
2019-09-19,Ridge,60D,4,0.052479905222386,-0.0005399056591027136,Normal
2019-09-20,Ridge,60D,4,0.0645098652698094,0.0006365963524875146,Normal
2019-09-23,Ridge,60D,4,0.064942041916098,0.013964931888473028,Low
2019-09-24,Ridge,60D,4,0.0729616372391268,0.01238045741780093,Low
2019-09-25,Ridge,60D,4,0.0712713308190273,0.013041382662854118,Low
2019-09-26,Ridge,60D,4,0.0786357976329745,0.012190271849720984,Low
2019-09-27,Ridge,60D,4,0.0848321009264014,0.01429818464344832,Low
2019-09-30,Ridge,60D,4,0.0796017234086848,0.015311573950203152,Low
2019-10-01,Ridge,60D,4,0.0970509127641516,0.016587815808870924,Low
2019-10-02,Ridge,60D,4,0.1151503010914535,0.016753768920330044,Normal
2019-10-03,Ridge,60D,4,0.1014124002382368,0.014698459930548136,Low
2019-10-04,Ridge,60D,5,0.0902373056431684,0.0071655182659933776,Normal
2019-10-07,Ridge,60D,5,0.1030695532791667,0.005441468289531166,Normal
2019-10-08,Ridge,60D,5,0.1116678034663222,0.006691993761421969,Normal
2019-10-09,Ridge,60D,5,0.1061316521457489,0.012538403806539615,Normal
2019-10-10,Ridge,60D,5,0.0969292746493716,0.009234335115595004,Normal
2019-10-11,Ridge,60D,5,0.0909401684612235,0.001865999238210552,Normal
2019-10-14,Ridge,60D,5,0.0989614642513489,-0.003660203675996093,Normal
2019-10-15,Ridge,60D,5,0.086195756387355,-0.003994428736923565,Normal
2019-10-16,Ridge,60D,5,0.0951492949864821,-0.00546675477877424,Normal
2019-10-17,Ridge,60D,5,0.0908745921798109,-0.006964170811169276,Normal
2019-10-18,Ridge,60D,5,0.0966700881332987,-0.005480277982092274,Normal
2019-10-21,Ridge,60D,5,0.0981537214501969,-0.006712481256965417,Normal
2019-10-22,Ridge,60D,5,0.1055834939560589,-0.003393638137371164,Normal
2019-10-23,Ridge,60D,5,0.1000848902406426,-0.005396225306774149,Normal
2019-10-24,Ridge,60D,5,0.0984553198781523,-0.003922858463360705,Normal
2019-10-25,Ridge,60D,5,0.0955312165608546,-0.005786929432549423,Normal
2019-10-28,Ridge,60D,5,0.080882107218543,-0.005564132052918183,Normal
2019-10-29,Ridge,60D,5,0.0658591068181796,0.005085458358818367,Normal
2019-10-30,Ridge,60D,5,0.0726144009176749,0.005583482170132449,Normal
2019-10-31,Ridge,60D,5,0.0747745894086294,0.001937980494347475,Normal
2019-11-01,Ridge,60D,5,0.0682881157791931,0.0008551601859392265,Low
2019-11-04,Ridge,60D,5,0.0467264264025176,0.004240553176132516,Low
2019-11-05,Ridge,60D,5,0.0551412548755708,0.011602593646709415,Low
2019-11-06,Ridge,60D,5,0.0693083202007874,0.008584283609069456,Low
2019-11-07,Ridge,60D,5,0.0777697236154795,0.015160577699457913,Low
2019-11-08,Ridge,60D,5,0.0785324755273658,0.01698493655537889,Low
2019-11-11,Ridge,60D,5,0.0750813799312446,0.015495918347046268,Low
2019-11-12,Ridge,60D,5,0.0808176467505549,0.017282807336788428,Low
2019-11-13,Ridge,60D,5,0.0817934138664408,0.02013431326599063,Low
2019-11-14,Ridge,60D,5,0.087398574357187,0.020946025979542406,Low
2019-11-15,Ridge,60D,5,0.0781007692192253,0.017799108428298467,Low
2019-11-18,Ridge,60D,5,0.0794395789949009,0.022428542174805145,Low
2019-11-19,Ridge,60D,5,0.0771081351084458,0.024414800647082728,Low
2019-11-20,Ridge,60D,5,0.0855661398136718,0.022074106604930106,Low
2019-11-21,Ridge,60D,5,0.0833273284718638,0.02161698398513863,Low
2019-11-22,Ridge,60D,5,0.0705809452966679,0.022950854345432238,Low
2019-11-25,Ridge,60D,5,0.0290136139887602,0.0168343510664103,Low
2019-11-26,Ridge,60D,5,-0.0039274540315333,0.017779127489476663,Low
2019-11-27,Ridge,60D,5,-0.011878886980363,0.01813268533703572,Low
2019-11-29,Ridge,60D,5,-0.0530277371026352,0.019631905329458334,Low
2019-12-02,Ridge,60D,5,-0.0526317165183246,0.01986487491133673,Low
2019-12-03,Ridge,60D,5,-0.0009606224908662,0.026674766885550795,Low
2019-12-04,Ridge,60D,5,-0.0357747650225508,0.026570850366582396,Low
2019-12-05,Ridge,60D,5,0.0040624574114522,0.02448786972551219,Low
2019-12-06,Ridge,60D,5,-0.0395425710589547,0.01864698982308436,Low
2019-12-09,Ridge,60D,5,-0.0535756810268664,0.024309923681369097,Low
2019-12-10,Ridge,60D,5,-0.1314885577982538,0.03217995725471562,Low
2019-12-11,Ridge,60D,5,-0.0861774429017455,0.03045966691921547,Low
2019-12-12,Ridge,60D,5,-0.144819003085906,0.0233651895830643,Low
2019-12-13,Ridge,60D,5,-0.2448364346385943,0.020213743660383622,Low
2019-12-16,Ridge,60D,5,-0.1631503886319012,0.01608871841476884,Low
2019-12-17,Ridge,60D,5,-0.2911378221331797,0.017771745659859006,Low
2019-12-18,Ridge,60D,5,-0.2324791158569651,0.018488160156347543,Low
2019-12-19,Ridge,60D,5,-0.2901507670109097,0.019245000687082757,Low
2019-12-20,Ridge,60D,5,-0.2903866018448428,0.020709055779493606,Low
2019-12-23,Ridge,60D,5,-0.3355799946125081,0.022575436101075756,Low
2019-12-24,Ridge,60D,5,-0.3651160283196166,0.02191722918050336,Low
2019-12-26,Ridge,60D,5,-0.2805478582117074,0.023567083869312815,Low
2019-12-27,Ridge,60D,5,-0.2691128519305432,0.02979905327201743,Low
2019-12-30,Ridge,60D,5,-0.2027714247769467,0.03102472419112591,Low
2019-12-31,Ridge,60D,5,-0.2399809609627638,0.03227055060022307,Low
2020-01-02,Ridge,60D,5,-0.2153582657551059,0.0279200418558885,Low
2020-01-03,Ridge,60D,5,-0.2244156671785671,0.025734006272129566,Low
2020-01-06,Ridge,60D,5,-0.2730891751056266,0.02723388045745327,Low
2020-01-07,Ridge,60D,5,-0.2477093429640714,0.03050185683013712,Low
2020-01-08,Ridge,60D,5,-0.267852677275657,0.02843921578457302,Low
2020-01-09,Ridge,60D,5,-0.2065176472477329,0.027976712863033132,Low
2020-01-10,Ridge,60D,5,-0.2052627238085905,0.026209165803133823,Low
2020-01-13,Ridge,60D,5,-0.1787253466632389,0.024079074109351034,Low
2020-01-14,Ridge,60D,5,-0.1628261955226439,0.025924685813108014,Low
2020-01-15,Ridge,60D,5,-0.1748507052110091,0.025766667522315125,Low
2020-01-16,Ridge,60D,5,-0.1530678930609332,0.02530509615246325,Low
2020-01-17,Ridge,60D,5,-0.1791993489807876,0.028040764930316923,Low
2020-01-21,Ridge,60D,5,-0.1707440107716609,0.02630294380485723,Low
2020-01-22,Ridge,60D,5,-0.1445921130470213,0.02861352772316484,Low
2020-01-23,Ridge,60D,5,-0.1637752848557273,0.02821707141547322,Low
2020-01-24,Ridge,60D,5,-0.1858471106658642,0.027111199791497752,Low
2020-01-27,Ridge,60D,5,-0.1473200577268835,0.027533093384566387,Low
2020-01-28,Ridge,60D,5,-0.1578630088874316,0.028957567132439223,Normal
2020-01-29,Ridge,60D,5,-0.1431736681770078,0.02977536578811711,Low
2020-01-30,Ridge,60D,5,-0.131696256925483,0.023023210403321556,Low
2020-01-31,Ridge,60D,5,-0.1190879835446038,0.02153318560958941,Normal
2020-02-03,Ridge,60D,5,-0.1000797052607633,0.030543706911028833,Normal
2020-02-04,Ridge,60D,5,-0.1242041644973242,0.024205829428839278,Normal
2020-02-05,Ridge,60D,5,-0.1638521541710731,0.017912984245596193,Normal
2020-02-06,Ridge,60D,5,-0.1629314866492255,0.015113786590538466,Normal
2020-02-07,Ridge,60D,5,-0.1485160604419874,0.021018997563023896,Normal
2020-02-10,Ridge,60D,5,-0.1628196309616034,0.01991332468535653,Normal
2020-02-11,Ridge,60D,5,-0.1530677238927147,0.02296900317207997,Normal
2020-02-12,Ridge,60D,5,-0.1427787819326914,0.020418758014968147,Normal
2020-02-13,Ridge,60D,5,-0.141013936205912,0.014889508833549977,Normal
2020-02-14,Ridge,60D,5,-0.1635691380764451,0.017517785845781186,Normal
2020-02-18,Ridge,60D,5,-0.1782619207145773,0.018388722266182204,Normal
2020-02-19,Ridge,60D,5,-0.171497751194791,0.021156180391254845,Normal
2020-02-20,Ridge,60D,5,-0.1637562585630704,0.021354274532671344,Normal
2020-02-21,Ridge,60D,5,-0.1221672405601772,0.02222134520338266,Normal
2020-02-24,Ridge,60D,5,-0.0986189088513358,0.015969736877790058,High
2020-02-25,Ridge,60D,5,-0.051357013862567,0.02889529054594686,High
2020-02-26,Ridge,60D,5,-0.0553752848489906,0.0346227364314381,High
2020-02-27,Ridge,60D,5,-0.0078562028099171,0.04475197390038403,High
2020-02-28,Ridge,60D,5,0.0126305453211963,0.06690961857094882,High
2020-03-02,Ridge,60D,5,-0.0176618759579024,0.029247173930014657,High
2020-03-03,Ridge,60D,5,0.0087384696400924,0.03136138369243691,High
2020-03-04,Ridge,60D,5,-0.0277970861682327,0.004691005742517915,High
2020-03-05,Ridge,60D,5,0.0104579127501126,0.02478569919313532,High
2020-03-06,Ridge,60D,5,0.0358361636848974,0.03730135454887061,High
2020-03-09,Ridge,60D,5,0.128403247437833,0.03910162196963305,High
2020-03-10,Ridge,60D,5,0.076813805928365,0.016380090751057633,High
2020-03-11,Ridge,60D,5,0.1527907115586064,0.031190917248201284,High
2020-03-12,Ridge,60D,5,0.2647052203668858,0.04266206588916864,High
2020-03-13,Ridge,60D,5,0.1680670699979278,-0.018739882787147007,High
2020-03-16,Ridge,60D,5,0.2903920117355631,-0.010471789746790434,High
2020-03-17,Ridge,60D,5,0.1714130061035825,-0.012725770736880707,High
2020-03-18,Ridge,60D,5,0.2376115650408744,-0.009049298254062994,High
2020-03-19,Ridge,60D,5,0.2411926648886486,-0.014114816175689077,High
2020-03-20,Ridge,60D,5,0.304305141808726,-0.019196105878765045,High
2020-03-23,Ridge,60D,5,0.3304298465856734,-0.02446072156021996,High
2020-03-24,Ridge,60D,5,0.241340657471512,-0.06023572763935352,High
2020-03-25,Ridge,60D,5,0.224206153485016,-0.030020109710764874,High
2020-03-26,Ridge,60D,5,0.1701364157074279,-0.044277505030163894,High
2020-03-27,Ridge,60D,5,0.2087024304405379,-0.02641642748398492,High
2020-03-30,Ridge,60D,5,0.1495405742749009,-0.039698285184279564,High
2020-03-31,Ridge,60D,5,0.1765827127915347,-0.047262283667644275,High
2020-04-01,Ridge,60D,5,0.1972038712494905,-0.0774533179914877,High
2020-04-02,Ridge,60D,5,0.1892101023060638,-0.08100918884277555,High
2020-04-03,Ridge,60D,5,0.2197553125677639,-0.0960672424190406,High
2020-04-06,Ridge,60D,5,0.1567966323988042,-0.12546994222894264,High
2020-04-07,Ridge,60D,5,0.1629319419239835,-0.11054242198385517,High
2020-04-08,Ridge,60D,5,0.1451995015648621,-0.10390472916841689,High
2020-04-09,Ridge,60D,5,0.1199385533915191,-0.09096027514376039,High
2020-04-13,Ridge,60D,5,0.1378915990996266,-0.09934476895129858,High
2020-04-14,Ridge,60D,5,0.1021174480511244,-0.06311393490157367,High
2020-04-15,Ridge,60D,5,0.1348059904979366,-0.07847723358764143,High
2020-04-16,Ridge,60D,5,0.1195995074423363,-0.06277281514475419,High
2020-04-17,Ridge,60D,5,0.1064758760039197,-0.0747456273770972,High
2020-04-20,Ridge,60D,5,0.1335597785556226,-0.05703669115051549,High
2020-04-21,Ridge,60D,5,0.1613029785778379,-0.05137892375535004,High
2020-04-22,Ridge,60D,5,0.1414762405832847,-0.05071026456228281,High
2020-04-23,Ridge,60D,5,0.1503876054986206,-0.047815213957629485,High
2020-04-24,Ridge,60D,5,0.1382431442663414,-0.060645024731375535,High
2020-04-27,Ridge,60D,5,0.1293669066790793,-0.06542058905731472,High
2020-04-28,Ridge,60D,5,0.1222266984573162,-0.05571002141788882,High
2020-04-29,Ridge,60D,5,0.0897803543879671,-0.060772470992759675,High
2020-04-30,Ridge,60D,5,0.1064034265285042,-0.05126031296686326,High
2020-05-01,Ridge,60D,5,0.1283692021246338,-0.06130343616216795,High
2020-05-04,Ridge,60D,5,0.1364801628975269,-0.058914302703298185,High
2020-05-05,Ridge,60D,5,0.1237229259362923,-0.05346650720642958,High
2020-05-06,Ridge,60D,5,0.1383680425775113,-0.04770283939910397,High
2020-05-07,Ridge,60D,5,0.1340844494869794,-0.056141288475375084,High
2020-05-08,Ridge,60D,5,0.1209590774478866,-0.05606950428764251,High
2020-05-11,Ridge,60D,5,0.1272351685166139,-0.06262542510932742,High
2020-05-12,Ridge,60D,5,0.1543556603093262,-0.06072858561384105,High
2020-05-13,Ridge,60D,5,0.172605486203563,-0.04549449993320295,High
2020-05-14,Ridge,60D,5,0.1638850336728834,-0.053894666703180286,High
2020-05-15,Ridge,60D,5,0.1519653030677831,-0.051765373864449724,High
2020-05-18,Ridge,60D,5,0.1348495965913232,-0.06493412738284549,High
2020-05-19,Ridge,60D,5,0.143340071626766,-0.050879899500057266,High
2020-05-20,Ridge,60D,5,0.1266541836170713,-0.05065281000015513,High
2020-05-21,Ridge,60D,5,0.1371643294344483,-0.05070531878862594,High
2020-05-22,Ridge,60D,5,0.1371141241674528,-0.049311579317978665,High
2020-05-26,Ridge,60D,5,0.1204857158008104,-0.04450251114677179,High
2020-05-27,Ridge,60D,5,0.1089209230788422,-0.04545295939119817,High
2020-05-28,Ridge,60D,5,0.1144662623867342,-0.037132872903810316,High
2020-05-29,Ridge,60D,5,0.1196590841993297,-0.03743322539956109,High
2020-06-01,Ridge,60D,5,0.1195047674665055,-0.02553053613422774,High
2020-06-02,Ridge,60D,5,0.1214714615289484,-0.027280382044901318,High
2020-06-03,Ridge,60D,5,0.1095864367481935,-0.02217021690924989,High
2020-06-04,Ridge,60D,5,0.1196708286813728,-0.026216900819834202,High
2020-06-05,Ridge,60D,5,0.0915994406842282,-0.031531067255809606,High
2020-06-08,Ridge,60D,5,0.0871266156991282,-0.00853489795240436,High
2020-06-09,Ridge,60D,5,0.1102054092627199,-0.00705693928666604,High
2020-06-10,Ridge,60D,5,0.0797750708557166,0.02246268286924405,High
2020-06-11,Ridge,60D,5,0.1323614830977306,0.0020617415452861,High
2020-06-12,Ridge,60D,5,0.091236367406052,0.022616625083001135,High
2020-06-15,Ridge,60D,5,0.1029032672500572,0.009376818417675707,High
2020-06-16,Ridge,60D,5,0.0663771684579512,0.015298804189122266,High
2020-06-17,Ridge,60D,5,0.070516894848668,0.02412159306474711,High
2020-06-18,Ridge,60D,5,0.0825841864698891,0.04971869390380322,High
2020-06-19,Ridge,60D,5,0.0934554859660624,0.055830037468501896,High
2020-06-22,Ridge,60D,5,0.0823517457772523,0.04809765361518897,High
2020-06-23,Ridge,60D,5,0.0696056270572161,0.0510311166436041,High
2020-06-24,Ridge,60D,5,0.0845553157050498,0.03710716069004501,High
2020-06-25,Ridge,60D,5,0.062016923949534,0.03436006980419959,High
2020-06-26,Ridge,60D,5,0.0970051446227411,0.04108066367481448,High
2020-06-29,Ridge,60D,5,0.0584189175948333,0.029867042065465615,High
2020-06-30,Ridge,60D,5,0.0461095737137068,0.022931340089404256,High
2020-07-01,Ridge,60D,5,0.0569504489620244,0.02737042455255398,High
2020-07-02,Ridge,60D,5,0.0684016703390619,0.02273034583776934,High
2020-07-06,Ridge,60D,5,0.0478204568024545,0.034521733273365815,High
2020-07-07,Ridge,60D,5,0.0669177772404776,0.03454717464439175,High
2020-07-08,Ridge,60D,5,0.0643997405413424,0.033236679604108824,High
2020-07-09,Ridge,60D,5,0.0604355191511662,0.03074289625652041,High
2020-07-10,Ridge,60D,5,0.0678368183796241,0.047500473995033175,High
2020-07-13,Ridge,60D,5,0.0631713992081599,0.05203265823701976,High
2020-07-14,Ridge,60D,5,0.0671012623954973,0.05154554482155376,High
2020-07-15,Ridge,60D,5,0.0660384183540117,0.05135139000085743,High
2020-07-16,Ridge,60D,5,0.0782054287488797,0.053508340516673504,High
2020-07-17,Ridge,60D,5,0.0916433963196205,0.04575015800508879,High
2020-07-20,Ridge,60D,5,0.0769447074353169,0.04075388289720241,High
2020-07-21,Ridge,60D,5,0.0686219060166973,0.04119016135826629,High
2020-07-22,Ridge,60D,5,0.0613623519080105,0.03855407088360498,High
2020-07-23,Ridge,60D,5,0.0738936407768879,0.042332927909117773,High
2020-07-24,Ridge,60D,5,0.0636386172862214,0.03842366647407733,High
2020-07-27,Ridge,60D,5,0.0609868837847403,0.043445761240296685,Normal
2020-07-28,Ridge,60D,5,0.0652832051918163,0.04532188940146524,Normal
2020-07-29,Ridge,60D,5,0.0581367758435649,0.039365951878881755,Normal
2020-07-30,Ridge,60D,5,0.0653339159274092,0.04213839516964926,Normal
2020-07-31,Ridge,60D,5,0.0389282066999108,0.04545147156586185,Normal
2020-08-03,Ridge,60D,5,0.0287426386851066,0.0478600218121991,Normal
2020-08-04,Ridge,60D,5,-0.0107883264496048,0.05076201780805002,Normal
2020-08-05,Ridge,60D,5,-0.0053209619451252,0.048469356311896396,Normal
2020-08-06,Ridge,60D,5,-0.0239318014110501,0.053071236014429556,Normal
2020-08-07,Ridge,60D,5,-0.012321679790415,0.05229469695738615,Normal
2020-08-10,Ridge,60D,5,0.0025825926202708,0.05214560816301113,Normal
2020-08-11,Ridge,60D,5,0.0323911736767398,0.04975217932744439,Normal
2020-08-12,Ridge,60D,5,0.0377649371598274,0.04521588180952095,Normal
2020-08-13,Ridge,60D,5,0.0395264532506104,0.04496892471505705,Normal
2020-08-14,Ridge,60D,5,0.0513303253932337,0.040806470133393946,Normal
2020-08-17,Ridge,60D,5,0.0472233726649423,0.04075040261544704,Normal
2020-08-18,Ridge,60D,5,0.052545360608117,0.042301989584587425,Normal
2020-08-19,Ridge,60D,5,0.0469308324062297,0.04699059766460369,Normal
2020-08-20,Ridge,60D,5,0.0572957243441774,0.04953008495909065,Low
2020-08-21,Ridge,60D,5,0.0654412592840376,0.05262338304804104,Low
2020-08-24,Ridge,60D,5,0.0506442001344866,0.04952739291930313,Low
2020-08-25,Ridge,60D,5,0.0354230897414651,0.0512858151202437,Low
2020-08-26,Ridge,60D,5,0.0292177640873564,0.05357293353998565,Low
2020-08-27,Ridge,60D,5,0.0207303806826285,0.06295063282220156,Low
2020-08-28,Ridge,60D,5,0.0196404860149079,0.06180450011327829,Low
2020-08-31,Ridge,60D,5,0.0378703200044482,0.06491417947969705,Low
2020-09-01,Ridge,60D,5,0.0287878138282328,0.07033664010708651,Low
2020-09-02,Ridge,60D,5,0.0159328747102643,0.06906373259415957,Low
2020-09-03,Ridge,60D,5,0.0470843282154775,0.055135957278248056,High
2020-09-04,Ridge,60D,5,0.0664587496313456,0.068523710097886,High
2020-09-08,Ridge,60D,5,0.0963971432464166,0.05387588425348021,High
2020-09-09,Ridge,60D,5,0.0758280305039419,0.04016587416670578,High
2020-09-10,Ridge,60D,5,0.1023667401445244,0.03951161898894784,High
2020-09-11,Ridge,60D,5,0.0998962965474738,0.03625830162054476,High
2020-09-14,Ridge,60D,5,0.0900182326926214,0.028900709253272105,High
2020-09-15,Ridge,60D,5,0.07683148181365,0.03925854958927834,High
2020-09-16,Ridge,60D,5,0.0801751941780301,0.04091533526349919,High
2020-09-17,Ridge,60D,5,0.0873573456223497,0.042556951796040805,High
2020-09-18,Ridge,60D,5,0.0942341343250311,0.041875450788030684,High
2020-09-21,Ridge,60D,5,0.1187111803745477,0.04345078773324526,High
2020-09-22,Ridge,60D,5,0.1100193895964948,0.046711847542480894,High
2020-09-23,Ridge,60D,5,0.1397678713198521,0.04221744510356898,High
2020-09-24,Ridge,60D,5,0.1332675688130745,0.03856346550719394,High
2020-09-25,Ridge,60D,5,0.1135032011019767,0.03258649779107667,High
2020-09-28,Ridge,60D,5,0.0954457645563518,0.033994437073775155,High
2020-09-29,Ridge,60D,5,0.1010155805326146,0.03374577062138852,High
2020-09-30,Ridge,60D,5,0.096326087943722,0.04163310428803876,High
2020-10-01,Ridge,60D,5,0.0997318459178384,0.04890961151865152,High
2020-10-02,Ridge,60D,5,0.1071257939569304,0.05410545535201587,High
2020-10-05,Ridge,60D,5,0.0906533330491087,0.049912652240560094,High
2020-10-06,Ridge,60D,5,0.1111436021483357,0.05902870902563366,High
2020-10-07,Ridge,60D,5,0.0790316756660683,0.05035791726020799,High
2020-10-08,Ridge,60D,5,0.078111094154561,0.05132160461376925,High
2020-10-09,Ridge,60D,5,0.0750496023562823,0.044969656120906046,High
2020-10-12,Ridge,60D,5,0.0735053323057111,0.0407046864763403,High
2020-10-13,Ridge,60D,5,0.0853090613283895,0.04975028026346354,High
2020-10-14,Ridge,60D,5,0.0853779057958277,0.04788261179163726,High
2020-10-15,Ridge,60D,5,0.0873225313406104,0.04619768781319222,High
2020-10-16,Ridge,60D,5,0.089460677270706,0.05366849849950856,High
2020-10-19,Ridge,60D,5,0.1021648277169054,0.05787210470080189,High
2020-10-20,Ridge,60D,5,0.0902326315986257,0.05666732117602992,High
2020-10-21,Ridge,60D,5,0.1005342032459577,0.0655789165984514,High
2020-10-22,Ridge,60D,5,0.1091682666189773,0.05787276230239716,High
2020-10-23,Ridge,60D,5,0.1060451014599013,0.058587813187133866,High
2020-10-26,Ridge,60D,5,0.1217944217822854,0.06406745968704067,High
2020-10-27,Ridge,60D,5,0.1284339446457484,0.07927739938670225,High
2020-10-28,Ridge,60D,5,0.1628695435931726,0.07594907064467155,High
2020-10-29,Ridge,60D,5,0.1249797035270748,0.07592428520281445,High
2020-10-30,Ridge,60D,5,0.1468967157510952,0.0774044483431553,High
2015-06-10,Ridge,120D,1,-0.0118455038770558,0.009780101016590555,Low
2015-06-11,Ridge,120D,1,-0.0029586816868445,0.015002713652429254,Low
2015-06-12,Ridge,120D,1,-0.0069963996731908,0.011569896260502907,Low
2015-06-15,Ridge,120D,1,-0.0168409364955695,0.021189577391730795,Low
2015-06-16,Ridge,120D,1,-0.0021968106474721,0.023974044246841755,Low
2015-06-17,Ridge,120D,1,-0.0111885390029427,0.026903578353994533,Low
2015-06-18,Ridge,120D,1,-0.0275535916825461,0.014073829597836325,Low
2015-06-19,Ridge,120D,1,-0.0300050628102892,0.021151110778167604,Low
2015-06-22,Ridge,120D,1,-0.0338325742132368,0.01730760187190848,Low
2015-06-23,Ridge,120D,1,-0.0540821083942456,0.01723170506626093,Low
2015-06-24,Ridge,120D,1,-0.0419573546118723,0.011096176034614807,Low
2015-06-25,Ridge,120D,1,-0.0284167703493615,0.020226795960327008,Low
2015-06-26,Ridge,120D,1,-0.0136159789536676,0.024949964819847695,Low
2015-06-29,Ridge,120D,1,-0.0076837860809325,0.02285368056680924,Normal
2015-06-30,Ridge,120D,1,-0.0282962434405068,0.031238126583482954,Normal
2015-07-01,Ridge,120D,1,-0.0274600331479877,0.022081343017113286,Normal
2015-07-02,Ridge,120D,1,-0.0183738673668721,0.02386514421085055,Normal
2015-07-06,Ridge,120D,1,-0.0021630381404209,0.022709484994119893,Normal
2015-07-07,Ridge,120D,1,-0.009825514138153,0.031491211430685936,Normal
2015-07-08,Ridge,120D,1,0.0047865143176825,0.03349127249501947,Normal
2015-07-09,Ridge,120D,1,0.0131005308458854,0.04344297852577275,Normal
2015-07-10,Ridge,120D,1,-0.0064058543229008,0.026560876380998376,Normal
2015-07-13,Ridge,120D,1,-0.0268676078717238,0.007392038279957092,Normal
2015-07-14,Ridge,120D,1,-0.0467329229060299,0.0015291938274722416,Normal
2015-07-15,Ridge,120D,1,-0.0439874624659328,0.010687129118792178,Normal
2015-07-16,Ridge,120D,1,-0.0651723589130346,0.00703239088461689,Normal
2015-07-17,Ridge,120D,1,-0.09026374705683,0.00494594998084847,Normal
2015-07-20,Ridge,120D,1,-0.1019322211266795,0.00646333182727692,Normal
2015-07-21,Ridge,120D,1,-0.0968085165881338,-0.0005521809242121853,Normal
2015-07-22,Ridge,120D,1,-0.0866454374501689,-0.0028698324061097458,Normal
2015-07-23,Ridge,120D,1,-0.1062356023166985,-0.0005023018285097852,Normal
2015-07-24,Ridge,120D,1,-0.0789165206856534,-0.004598496210759653,Normal
2015-07-27,Ridge,120D,1,-0.0949605383187515,0.011695121842850438,Normal
2015-07-28,Ridge,120D,1,-0.106738931933212,0.0010172259996300559,Normal
2015-07-29,Ridge,120D,1,-0.125793840886494,-0.004775739459400678,Normal
2015-07-30,Ridge,120D,1,-0.1206402191545682,-0.006636157328121832,Normal
2015-07-31,Ridge,120D,1,-0.098285388471303,-0.0025443311257755535,Normal
2015-08-03,Ridge,120D,1,-0.1112862396992198,0.0009439616950709523,Normal
2015-08-04,Ridge,120D,1,-0.0949887627019191,0.007566299631868105,Normal
2015-08-05,Ridge,120D,1,-0.1090215231879382,0.01433448214475879,Low
2015-08-06,Ridge,120D,1,-0.0957249765477846,0.011294817339086799,Low
2015-08-07,Ridge,120D,1,-0.0683873026968904,0.011330427254508748,Low
2015-08-10,Ridge,120D,1,-0.0815574731744574,-0.003013162628337271,Low
2015-08-11,Ridge,120D,1,-0.0908753772125065,-0.0016668623434820048,Low
2015-08-12,Ridge,120D,1,-0.0868453608291471,-0.004938259104623012,Low
2015-08-13,Ridge,120D,1,-0.0840437666682424,0.0020694732126978962,Low
2015-08-14,Ridge,120D,1,-0.1066022572189535,0.0005544285074892061,Low
2015-08-17,Ridge,120D,1,-0.1260552068514137,0.0035924724194124555,Low
2015-08-18,Ridge,120D,1,-0.1240900645625408,0.016638031780199077,Low
2015-08-19,Ridge,120D,1,-0.1159898962837046,0.016575089962669872,Low
2015-08-20,Ridge,120D,1,-0.1070413831588146,0.012204418329023501,Normal
2015-08-21,Ridge,120D,1,-0.0553421254298903,0.03072163361938442,High
2015-08-24,Ridge,120D,1,0.0012510566583137,0.07827546733923127,High
2015-08-25,Ridge,120D,1,0.0312114170266108,0.09649717815227113,High
2015-08-26,Ridge,120D,1,-0.0117565145318553,0.022652678486564697,High
2015-08-27,Ridge,120D,1,-0.0357898023033472,-0.0028731979208697703,High
2015-08-28,Ridge,120D,1,-0.0220476223611473,0.0017046473006349858,High
2015-08-31,Ridge,120D,1,-0.0261531212679516,0.031997950067316185,High
2015-09-01,Ridge,120D,1,0.0082994886091083,0.02216256725775005,High
2015-09-02,Ridge,120D,1,0.0014561839163443,0.01920041526731483,High
2015-09-03,Ridge,120D,1,-0.0015797971126392,0.010588906278420119,High
2015-09-04,Ridge,120D,1,0.0057143805500653,0.004342927776906948,High
2015-09-08,Ridge,120D,1,0.0045291287546455,-0.012343911286150866,High
2015-09-09,Ridge,120D,1,0.0226101143848321,0.000844053013192049,High
2015-09-10,Ridge,120D,1,0.0208386732602132,-0.0013615183720986496,High
2015-09-11,Ridge,120D,1,0.0196621066811688,-0.009489621716413883,High
2015-09-14,Ridge,120D,1,0.0246447707050765,-0.00274381652447471,High
2015-09-15,Ridge,120D,1,0.0005913270176379,-0.0020217464556263193,High
2015-09-16,Ridge,120D,1,-0.0030367409149237,0.0012572536201770831,High
2015-09-17,Ridge,120D,1,-0.000316603675241,-0.008044197332583401,High
2015-09-18,Ridge,120D,1,0.0322421728679938,-0.01828208208331359,High
2015-09-21,Ridge,120D,1,0.0264250122177092,-0.016416854381353,High
2015-09-22,Ridge,120D,1,0.0369813113027695,-0.0014876600698719503,High
2015-09-23,Ridge,120D,1,0.0446167834141434,0.010423744061844705,High
2015-09-24,Ridge,120D,1,0.0545590183540461,0.015734059362578556,High
2015-09-25,Ridge,120D,1,0.0594208874062928,0.027090555015167647,High
2015-09-28,Ridge,120D,1,0.0864071904733942,0.021685318922324295,High
2015-09-29,Ridge,120D,1,0.0842973236636403,0.031550423356752434,High
2015-09-30,Ridge,120D,1,0.058994915529408,0.02567781365893313,High
2015-10-01,Ridge,120D,1,0.056644835071694,0.01582147616548343,High
2015-10-02,Ridge,120D,1,0.0429761489433608,-0.007514310131562979,High
2015-10-05,Ridge,120D,1,0.0336295674790959,0.01629838886776035,High
2015-10-06,Ridge,120D,1,0.0415651368168053,0.01325288563863208,High
2015-10-07,Ridge,120D,1,0.0315197745996317,0.009192650522138076,High
2015-10-08,Ridge,120D,1,0.029050953521673,0.002825960755184414,High
2015-10-09,Ridge,120D,1,0.0251126249153031,-0.0009835287581801688,High
2015-10-12,Ridge,120D,1,0.0136416620261755,-0.0039188661342165546,High
2015-10-13,Ridge,120D,1,0.0309432836483158,-0.008785648926208436,High
2015-10-14,Ridge,120D,1,0.0236226405902501,-0.006038875174349985,High
2015-10-15,Ridge,120D,1,0.0116617918435115,-0.019566080165989548,High
2015-10-16,Ridge,120D,1,0.0043581845802106,-0.018348574087723703,High
2015-10-19,Ridge,120D,1,0.0137034295177276,-0.022843088972566823,High
2015-10-20,Ridge,120D,1,0.0251156003421791,-0.013109358749471299,Normal
2015-10-21,Ridge,120D,1,0.0311309616834458,-0.010443506429889428,Normal
2015-10-22,Ridge,120D,1,0.0136553450947057,-0.02219733082048056,High
2015-10-23,Ridge,120D,1,0.009205116739461,-0.021129278831988785,High
2015-10-26,Ridge,120D,1,0.0141997876434275,-0.004779310608182007,Normal
2015-10-27,Ridge,120D,1,0.0175184285577498,-0.007053612413031318,Normal
2015-10-28,Ridge,120D,1,0.0005403772123141,-0.009648113636305418,Normal
2015-10-29,Ridge,120D,1,0.0010381111725156,-0.003125087216764369,Normal
2015-10-30,Ridge,120D,1,0.0040459032401782,-0.007590193777448628,Normal
2015-11-02,Ridge,120D,1,-0.0058869729243995,-0.014634685415290283,Normal
2015-11-03,Ridge,120D,1,-0.0069633317377203,-0.006578078831117523,Normal
2015-11-04,Ridge,120D,1,-0.0126853008596348,-0.0021802517699617066,Normal
2015-11-05,Ridge,120D,1,-0.0166284603336937,-0.0065559829008332085,Normal
2015-11-06,Ridge,120D,1,-0.008501171856426,-0.00955627417122483,Normal
2015-11-09,Ridge,120D,1,-0.0073443805883193,-0.005081273330277178,Normal
2015-11-10,Ridge,120D,1,-0.0148084184472416,-0.004756804595239708,Normal
2015-11-11,Ridge,120D,1,-0.0118141478184668,-0.0013738440223985404,Normal
2015-11-12,Ridge,120D,1,0.0054446260717184,-0.002049171086809652,Normal
2015-11-13,Ridge,120D,1,0.0174684798114836,0.00979873106609767,Normal
2015-11-16,Ridge,120D,1,0.0150815422532867,0.003076576630002787,Normal
2015-11-17,Ridge,120D,1,0.0068142963936645,0.019858731469063022,Normal
2015-11-18,Ridge,120D,1,-0.0093884127514719,0.006961680083275332,Normal
2015-11-19,Ridge,120D,1,-0.0167791065842452,0.0176944162157289,Normal
2015-11-20,Ridge,120D,1,-0.0108330854747818,0.015172723608049912,Normal
2015-11-23,Ridge,120D,1,-0.0190533251852606,0.01431198304641259,Normal
2015-11-24,Ridge,120D,1,-0.0200694174438199,0.014724907635969293,Normal
2015-11-25,Ridge,120D,1,-0.0236538713515734,0.030608998068840147,Normal
2015-11-27,Ridge,120D,1,-0.0182458536882498,0.02588267985234676,Normal
2015-11-30,Ridge,120D,1,-0.0156816901167329,0.027990702782775163,Normal
2015-12-01,Ridge,120D,1,-0.0127169915294821,0.01847078181600441,Normal
2015-12-02,Ridge,120D,1,0.0052901307615502,0.012024113508953393,Normal
2015-12-03,Ridge,120D,1,0.0195574911557718,0.010340198454010161,Normal
2015-12-04,Ridge,120D,1,0.0035173297313601,-0.010674519763543666,Normal
2015-12-07,Ridge,120D,1,0.0095256050711679,-0.007233305787258136,Normal
2015-12-08,Ridge,120D,1,0.0171710563506887,0.0018526102346978143,Normal
2015-12-09,Ridge,120D,1,0.0277608388833675,0.00914363272880139,Normal
2015-12-10,Ridge,120D,1,0.0225959200680782,0.024396153707854536,Normal
2015-12-11,Ridge,120D,1,0.0470951163432571,0.048760242073813374,High
2015-12-14,Ridge,120D,1,0.0436394439083865,0.05374542064332344,Normal
2015-12-15,Ridge,120D,1,0.0363809657744268,0.0430908015862671,Normal
2015-12-16,Ridge,120D,1,0.0202510945257618,0.02582795686058327,High
2015-12-17,Ridge,120D,1,0.0261883387514721,0.010434480158890945,Normal
2015-12-18,Ridge,120D,1,0.0359975349688694,0.009636055097776187,High
2015-12-21,Ridge,120D,1,0.0264487231697412,0.010018651257783218,High
2015-12-22,Ridge,120D,1,0.0158282185143621,0.0035828348806947186,High
2015-12-23,Ridge,120D,1,0.0066147150978537,-0.006866207968057404,High
2015-12-24,Ridge,120D,1,0.0049513463571084,-0.0015963887326908566,High
2015-12-28,Ridge,120D,1,0.0129236655918372,0.015936141675251512,High
2015-12-29,Ridge,120D,1,0.0050583920230241,0.016645342401508507,High
2015-12-30,Ridge,120D,1,0.0106488618102269,0.01490278997773823,High
2015-12-31,Ridge,120D,1,0.0333809139236497,0.016324671417840674,High
2016-01-04,Ridge,120D,1,0.0122221629158731,0.014061896420725736,High
2016-01-05,Ridge,120D,1,-0.0080502877351894,0.018840389972723685,High
2016-01-06,Ridge,120D,1,0.0227659968715243,0.02206495827102027,High
2016-01-07,Ridge,120D,1,0.063641056362123,0.02265028628784299,High
2016-01-08,Ridge,120D,1,0.088012456957437,0.04381061436019634,High
2016-01-11,Ridge,120D,1,0.0891062549546465,0.04049826008454314,High
2016-01-12,Ridge,120D,1,0.0744627118512731,0.029023319282515253,High
2016-01-13,Ridge,120D,1,0.1050837739874581,0.01161468297205041,High
2016-01-14,Ridge,120D,1,0.0876537551663411,0.01239307045004372,High
2016-01-15,Ridge,120D,1,0.124627714430496,0.019718007185852142,High
2016-01-19,Ridge,120D,1,0.1274988535550655,0.026718090007953475,High
2016-01-20,Ridge,120D,1,0.1462464618883094,0.028178162320193736,High
2016-01-21,Ridge,120D,1,0.141199231927343,0.03808306499881441,High
2016-01-22,Ridge,120D,1,0.1263639278468265,0.019765742164923134,High
2016-01-25,Ridge,120D,1,0.1411960939597767,0.014999768264850284,High
2016-01-26,Ridge,120D,1,0.1295303179512776,0.007616703416364865,High
2016-01-27,Ridge,120D,1,0.1390170357513906,0.004840994509887238,High
2016-01-28,Ridge,120D,1,0.1377648933495631,0.0040133484116638245,High
2016-01-29,Ridge,120D,1,0.1096871724984815,-0.012118693293807138,High
2016-02-01,Ridge,120D,1,0.1146741341335336,-0.004643427482839274,High
2016-02-02,Ridge,120D,1,0.1305790841118354,-0.0148430637823532,High
2016-02-03,Ridge,120D,1,0.1259221962509806,-0.013131134704556943,High
2016-02-04,Ridge,120D,1,0.1231973670116485,-0.0004288395718904936,High
2016-02-05,Ridge,120D,1,0.1434564457360928,0.00600088934038193,High
2016-02-08,Ridge,120D,1,0.1593414837768079,0.010596101795579588,High
2016-02-09,Ridge,120D,1,0.158734730276077,0.028990131191287686,High
2016-02-10,Ridge,120D,1,0.1525417575941703,0.037932031939921035,High
2016-02-11,Ridge,120D,1,0.1680482476394977,0.0487165863090029,High
2016-02-12,Ridge,120D,1,0.1489307817319408,0.033554445755757986,High
2016-02-16,Ridge,120D,1,0.141115741279636,0.04056170267912003,High
2016-02-17,Ridge,120D,1,0.123862053362453,0.028948938002364016,High
2016-02-18,Ridge,120D,1,0.1289284034729436,0.02276155769989894,High
2016-02-19,Ridge,120D,1,0.1260856396912573,0.017302042393857946,High
2016-02-22,Ridge,120D,1,0.1164583236946248,0.012263345925194999,High
2016-02-23,Ridge,120D,1,0.1281945378784992,0.009011058143615323,High
2016-02-24,Ridge,120D,1,0.1265535941383889,0.004406052173214551,High
2016-02-25,Ridge,120D,1,0.1097750851914601,0.00529651665443831,High
2016-02-26,Ridge,120D,1,0.1135137965271801,0.006862795216873739,High
2016-02-29,Ridge,120D,1,0.1238651293151345,0.0050226806409590895,High
2016-03-01,Ridge,120D,1,0.0988354343447477,-0.012233786849090204,High
2016-03-02,Ridge,120D,1,0.0941860026003227,-0.0025981756495295286,High
2016-03-03,Ridge,120D,1,0.0926432354583673,-0.011270721483650492,High
2016-03-04,Ridge,120D,1,0.0840887403327538,-0.010824331063780203,High
2016-03-07,Ridge,120D,1,0.0818379571352444,0.0062348363690049625,High
2016-03-08,Ridge,120D,1,0.0915616489525374,0.016321377306885213,High
2016-03-09,Ridge,120D,1,0.0917364045983975,0.015240015712802413,High
2016-03-10,Ridge,120D,1,0.0896250203941523,0.014039104375566373,High
2016-03-11,Ridge,120D,1,0.0709837836997382,0.005756836505680825,Normal
2016-03-14,Ridge,120D,1,0.0722041669269385,0.006828395271289478,Normal
2016-03-15,Ridge,120D,1,0.0782350394602912,0.00845647833964533,Normal
2016-03-16,Ridge,120D,1,0.0756275539485165,2.23403698002278e-05,Normal
2016-03-17,Ridge,120D,1,0.0689075749416268,-0.00043939950667909455,Normal
2016-03-18,Ridge,120D,1,0.0622861194981306,0.004801180421729348,Normal
2016-03-21,Ridge,120D,1,0.0364732851830017,0.0002854250560786059,Normal
2016-03-22,Ridge,120D,1,0.0519214453132084,0.0044761940461323264,Normal
2016-03-23,Ridge,120D,1,0.0433862065656645,0.0015085996842622296,Normal
2016-03-24,Ridge,120D,1,0.0431764989452286,0.0012399559783770886,Normal
2016-03-28,Ridge,120D,1,0.052689908506596,0.006273563009253826,Normal
2016-03-29,Ridge,120D,1,0.0401324686567868,-0.0033790936026377102,Normal
2016-03-30,Ridge,120D,1,0.0357729854293958,0.0006835534830343451,Low
2016-03-31,Ridge,120D,1,0.0381139212732507,0.0071665963650951355,Low
2016-04-01,Ridge,120D,1,0.0426609625402868,1.830435320648166e-05,Low
2016-04-04,Ridge,120D,1,0.0523531945037834,0.00798534355950099,Low
2016-04-05,Ridge,120D,1,0.0567961999558592,0.008936522973480701,Low
2016-04-06,Ridge,120D,1,0.03771855190593,0.005835689063615288,Low
2016-04-07,Ridge,120D,1,0.056190121041233,0.004894123084727257,Normal
2016-04-08,Ridge,120D,1,0.0586899950402592,0.004535698899637595,Normal
2016-04-11,Ridge,120D,1,0.0520684131997818,0.014307459717695363,Low
2016-04-12,Ridge,120D,1,0.0503890519064194,0.010501291267986698,Low
2016-04-13,Ridge,120D,1,0.0371329589563343,0.012950603296665683,Low
2016-04-14,Ridge,120D,1,0.03199216473984,0.018150576873309447,Low
2016-04-15,Ridge,120D,1,0.0372644205471829,0.017192412408855027,Low
2016-04-18,Ridge,120D,1,0.0312261387859896,0.015508416645608487,Low
2016-04-19,Ridge,120D,1,0.0248876134415088,0.018612765892248355,Low
2016-04-20,Ridge,120D,1,0.0287216887095988,0.021935519986780665,Low
2016-04-21,Ridge,120D,1,0.0214046738691347,0.01936784302510488,Low
2016-04-22,Ridge,120D,1,0.0225027474959928,0.017835992209041248,Low
2016-04-25,Ridge,120D,1,0.0212123607045218,0.022693451073823596,Low
2016-04-26,Ridge,120D,1,0.019542944689406,0.02369100133820775,Low
2016-04-27,Ridge,120D,1,0.0148523324658188,0.021398997540839005,Low
2016-04-28,Ridge,120D,1,0.0302674741330793,0.023343928026018822,Low
2016-04-29,Ridge,120D,1,0.037532995518987,0.02545525028101167,Low
2016-05-02,Ridge,120D,1,0.028376717690362,0.021620137661629714,Low
2016-05-03,Ridge,120D,1,0.0370070719386031,0.025970369658437784,Low
2016-05-04,Ridge,120D,1,0.047700249291503,0.028704480153998405,Low
2016-05-05,Ridge,120D,1,0.0441343285195908,0.035332164202216534,Low
2016-05-06,Ridge,120D,1,0.039222790044851,0.030198944371277976,Low
2016-05-09,Ridge,120D,1,0.0354783808312324,0.035012417493496976,Low
2016-05-10,Ridge,120D,1,0.01995887545557,0.024672959633993612,Low
2016-05-11,Ridge,120D,1,0.02944411444924,0.024706424040972,Low
2016-05-12,Ridge,120D,1,0.0228035746084694,0.021276916225074043,Low
2016-05-13,Ridge,120D,1,0.0247711243167678,0.0189075555175056,Low
2016-05-16,Ridge,120D,1,0.0105889349045457,0.015224118923627728,Low
2016-05-17,Ridge,120D,1,0.0183772781850155,0.019195424157588174,Low
2016-05-18,Ridge,120D,1,0.0401523202280791,0.0228703695049345,Low
2016-05-19,Ridge,120D,1,0.0476307931479571,0.029507553158606217,Low
2016-05-20,Ridge,120D,1,0.0526454538048088,0.026062700333773826,Low
2016-05-23,Ridge,120D,1,0.0566819360890057,0.033713860054734125,Low
2016-05-24,Ridge,120D,1,0.0416943702072181,0.022477590173508737,Normal
2016-05-25,Ridge,120D,1,0.0346283310984513,0.024876362784565335,Normal
2016-05-26,Ridge,120D,1,0.0422917521704694,0.025339952029828607,Normal
2016-05-27,Ridge,120D,1,0.0364305407086539,0.022443585653264257,Normal
2016-05-31,Ridge,120D,1,0.0421017786904416,0.026724002093064407,Normal
2016-06-01,Ridge,120D,1,0.0385777286709671,0.03505136240954065,Low
2016-06-02,Ridge,120D,1,0.0431907345748545,0.03647045838911009,Low
2016-06-03,Ridge,120D,1,0.0482698879151424,0.02972997153442693,Low
2016-06-06,Ridge,120D,1,0.0441922575526877,0.031034186567358988,Low
2016-06-07,Ridge,120D,1,0.0468103875369139,0.036675916999026545,Low
2016-06-08,Ridge,120D,1,0.0382378963102239,0.03866884781933584,Low
2016-06-09,Ridge,120D,1,0.0412915342613796,0.04361979756202419,Low
2016-06-10,Ridge,120D,1,0.0478521361163893,0.04500470321396913,Low
2016-06-13,Ridge,120D,1,0.0524787119393349,0.0688975939426139,Low
2016-06-14,Ridge,120D,1,0.0546761447313915,0.07666856667208816,Low
2016-06-15,Ridge,120D,1,0.0623229807219455,0.0790106669192924,Low
2016-06-16,Ridge,120D,1,0.0625999720797743,0.06894577948294733,Low
2016-06-17,Ridge,120D,1,0.0789406149691067,0.07421916824532396,Low
2016-06-20,Ridge,120D,1,0.0753062472075547,0.06916230400813304,Low
2016-06-21,Ridge,120D,1,0.0785192751363147,0.0743601756380054,Low
2016-06-22,Ridge,120D,1,0.079034121842291,0.08866199585537524,Low
2016-06-23,Ridge,120D,1,0.0722770379715729,0.06857421379541526,Low
2016-06-24,Ridge,120D,1,0.100707535315297,0.03364286058835649,Normal
2016-06-27,Ridge,120D,1,0.1228454895145533,0.03088638561178721,Normal
2016-06-28,Ridge,120D,1,0.1034792111594852,-0.0011046569902475947,High
2016-06-29,Ridge,120D,1,0.0885631409034424,-0.021720164563099498,High
2016-06-30,Ridge,120D,1,0.0787201901551292,-0.0318507479994391,High
2016-07-01,Ridge,120D,1,0.0743130981374196,-0.0109237797839798,High
2016-07-05,Ridge,120D,1,0.0793194159006217,-0.0003724458478552087,High
2016-07-06,Ridge,120D,1,0.0752316613774247,-0.0012924006503401142,High
2016-07-07,Ridge,120D,1,0.0783494681687065,-0.001651231350218392,High
2016-07-08,Ridge,120D,2,0.0548196408929428,-0.012820501779314653,High
2016-07-11,Ridge,120D,2,0.051123473849076,-0.008386260544137991,High
2016-07-12,Ridge,120D,2,0.0394907968448761,-0.0011150491049561478,High
2016-07-13,Ridge,120D,2,0.0478068049230514,-0.002755641456944964,High
2016-07-14,Ridge,120D,2,0.0482673458919038,-0.003793530920109596,High
2016-07-15,Ridge,120D,2,0.0484257573492938,-0.00266650901488457,High
2016-07-18,Ridge,120D,2,0.0495570847080042,-0.004861208787896289,High
2016-07-19,Ridge,120D,2,0.04743838373686,-0.00846078822827235,High
2016-07-20,Ridge,120D,2,0.043177175421096,-0.012459791913435693,High
2016-07-21,Ridge,120D,2,0.0496218876667229,-0.009605168782018954,High
2016-07-22,Ridge,120D,2,0.0429311484834829,-0.012740225468378996,High
2016-07-25,Ridge,120D,2,0.0477952986185594,0.00798583591922658,Normal
2016-07-26,Ridge,120D,2,0.0445006520016216,0.017292184746885222,Normal
2016-07-27,Ridge,120D,2,0.0474621134182397,0.016007869365762033,Low
2016-07-28,Ridge,120D,2,0.0422413553458279,0.01818866723955259,Low
2016-07-29,Ridge,120D,2,0.04397195928947,0.017382425940363315,Low
2016-08-01,Ridge,120D,2,0.0425488037908914,0.01858008105621102,Low
2016-08-02,Ridge,120D,2,0.0554738851325214,0.017557659146489296,Low
2016-08-03,Ridge,120D,2,0.0603388952124188,0.01793089265514508,Low
2016-08-04,Ridge,120D,2,0.0593906909776669,0.016453681035393325,Low
2016-08-05,Ridge,120D,2,0.0499571541985452,0.009218918566917311,Low
2016-08-08,Ridge,120D,2,0.0448370579939901,0.009422627344106295,Low
2016-08-09,Ridge,120D,2,0.0435570383994015,0.014024726029349219,Low
2016-08-10,Ridge,120D,2,0.046724154451006,0.013913400896360444,Low
2016-08-11,Ridge,120D,2,0.0425708861872533,0.014153873525696883,Low
2016-08-12,Ridge,120D,2,0.050605746428721,0.017002060992933242,Low
2016-08-15,Ridge,120D,2,0.0456991326204902,0.016781341420232507,Low
2016-08-16,Ridge,120D,2,0.0514200783008143,0.0172030199876634,Low
2016-08-17,Ridge,120D,2,0.0502463144432683,0.01551081325582393,Low
2016-08-18,Ridge,120D,2,0.053785176482846,0.015126596873372502,Low
2016-08-19,Ridge,120D,2,0.0587861928736235,0.009820546936631147,Low
2016-08-22,Ridge,120D,2,0.0645818083409579,0.01516142545135303,Low
2016-08-23,Ridge,120D,2,0.0666312683582688,0.022625072763666515,Low
2016-08-24,Ridge,120D,2,0.0768652122836752,0.022775851491620282,Low
2016-08-25,Ridge,120D,2,0.0773668810787704,0.02583361347068415,Low
2016-08-26,Ridge,120D,2,0.0806240946447208,0.022719775777169604,Low
2016-08-29,Ridge,120D,2,0.0814395162361157,0.02095274391706085,Low
2016-08-30,Ridge,120D,2,0.0823123214964343,0.02227623977790375,Low
2016-08-31,Ridge,120D,2,0.0851099115732561,0.02274375338964748,Low
2016-09-01,Ridge,120D,2,0.0866435471946991,0.023815488721241562,Low
2016-09-02,Ridge,120D,2,0.0834687708633984,0.019075211861600064,Low
2016-09-06,Ridge,120D,2,0.0779098223781981,0.018875368205688622,Low
2016-09-07,Ridge,120D,2,0.0916374294002167,0.02008926799373597,Low
2016-09-08,Ridge,120D,2,0.0879858006205819,0.022950589887252355,Low
2016-09-09,Ridge,120D,2,0.1133172933999531,0.0030836080903289265,Low
2016-09-12,Ridge,120D,2,0.0954642834029529,-0.0035191135100214807,Normal
2016-09-13,Ridge,120D,2,0.1074884057790739,0.0025482546242118,Normal
2016-09-14,Ridge,120D,2,0.105789427214823,0.008061634838315773,Normal
2016-09-15,Ridge,120D,2,0.0965304863781493,-0.0002524445110021617,Normal
2016-09-16,Ridge,120D,2,0.1035732538795801,0.005071089533979167,Normal
2016-09-19,Ridge,120D,2,0.1039584227325743,0.0064075565361802166,Normal
2016-09-20,Ridge,120D,2,0.1002745802674493,0.028629332103503168,Normal
2016-09-21,Ridge,120D,2,0.0977564590584997,0.018961201286604973,Normal
2016-09-22,Ridge,120D,2,0.089649672341674,0.0127690277629132,Normal
2016-09-23,Ridge,120D,2,0.0940877860371614,0.004620865244506424,Normal
2016-09-26,Ridge,120D,2,0.1007007200746971,0.006570559380100618,Normal
2016-09-27,Ridge,120D,2,0.0817916303192969,0.004178602967446269,Normal
2016-09-28,Ridge,120D,2,0.078397156563117,0.003191940343529636,Normal
2016-09-29,Ridge,120D,2,0.0867014521483683,0.0006955771697861463,Normal
2016-09-30,Ridge,120D,2,0.0779207073464022,0.0005241660915381863,Normal
2016-10-03,Ridge,120D,2,0.0801666229420837,0.007073532827553141,Normal
2016-10-04,Ridge,120D,2,0.0923598135580695,0.0017527770170177523,Normal
2016-10-05,Ridge,120D,2,0.0891570635307028,0.000369313284540998,Normal
2016-10-06,Ridge,120D,2,0.0916064305898032,0.0030772455459577193,Normal
2016-10-07,Ridge,120D,2,0.0926076240931506,0.015101374070918251,Normal
2016-10-10,Ridge,120D,2,0.086368818467813,0.017376496536300027,Normal
2016-10-11,Ridge,120D,2,0.0994527622402301,0.017548327077990172,Low
2016-10-12,Ridge,120D,2,0.095247293222309,0.027877405209501833,Low
2016-10-13,Ridge,120D,2,0.1002790199282782,0.031891456318480046,Low
2016-10-14,Ridge,120D,2,0.0992499633062122,0.03378031270127676,Low
2016-10-17,Ridge,120D,2,0.1029800315538355,0.03412075826100708,Low
2016-10-18,Ridge,120D,2,0.0954036176561787,0.0354893265400815,Low
2016-10-19,Ridge,120D,2,0.0894470080818413,0.03157669132247667,Low
2016-10-20,Ridge,120D,2,0.083985658923418,0.02435989233716741,Low
2016-10-21,Ridge,120D,2,0.0926462697546798,0.021030203811183888,Low
2016-10-24,Ridge,120D,2,0.0850000722614192,0.02395904157394687,Low
2016-10-25,Ridge,120D,2,0.087087204329257,0.02331564825229012,Low
2016-10-26,Ridge,120D,2,0.0963579826134181,0.025176387837382973,Low
2016-10-27,Ridge,120D,2,0.0963094904123115,0.0347586561460773,Low
2016-10-28,Ridge,120D,2,0.1102043671400483,0.0394225977780577,Low
2016-10-31,Ridge,120D,2,0.1163988652359981,0.05297625837300254,Low
2016-11-01,Ridge,120D,2,0.1227230628690458,0.054484710399318216,Low
2016-11-02,Ridge,120D,2,0.1298227143227991,0.06093889959269616,Low
2016-11-03,Ridge,120D,2,0.1323409478739185,0.07648026681100559,Low
2016-11-04,Ridge,120D,2,0.1357392599725053,0.08820094949250958,Low
2016-11-07,Ridge,120D,2,0.1149474038288517,0.04841353937959948,Normal
2016-11-08,Ridge,120D,2,0.1099103560358668,0.04930702708726645,Low
2016-11-09,Ridge,120D,2,0.0994761694440803,0.025346772135819096,Low
2016-11-10,Ridge,120D,2,0.1016076831354634,0.022802016364570358,Low
2016-11-11,Ridge,120D,2,0.1030440567551689,0.022293270924975996,Low
2016-11-14,Ridge,120D,2,0.1021337916555589,0.028287614032780163,Low
2016-11-15,Ridge,120D,2,0.0958107993509191,0.021380105288003548,Low
2016-11-16,Ridge,120D,2,0.0952291644991884,0.023039530457884712,Low
2016-11-17,Ridge,120D,2,0.0890841597971964,0.01989028737865422,Low
2016-11-18,Ridge,120D,2,0.0962389534657599,0.0163072723054921,Low
2016-11-21,Ridge,120D,2,0.0881181183579002,0.011527591949793806,Normal
2016-11-22,Ridge,120D,2,0.0676095590831918,0.014694671371719883,Normal
2016-11-23,Ridge,120D,2,0.0704818995534991,0.014572157285566167,Low
2016-11-25,Ridge,120D,2,0.0733198571482759,0.016903812129710413,Low
2016-11-28,Ridge,120D,2,0.0837351096990196,0.016360110806217763,Normal
2016-11-29,Ridge,120D,2,0.0842368925181381,0.017281455444060127,Low
2016-11-30,Ridge,120D,2,0.0893798568778708,0.018521304376382386,Low
2016-12-01,Ridge,120D,2,0.0973336918866129,0.022211585682426302,Low
2016-12-02,Ridge,120D,2,0.0972472659518307,0.02824572443212151,Low
2016-12-05,Ridge,120D,2,0.0902374882955531,0.025547767313893605,Low
2016-12-06,Ridge,120D,2,0.0863723292067272,0.022702618161845343,Low
2016-12-07,Ridge,120D,2,0.0808375660468511,0.020366209748443928,Low
2016-12-08,Ridge,120D,2,0.0823814256480261,0.034092941489353795,Low
2016-12-09,Ridge,120D,2,0.0752415999746277,0.032561574601606906,Low
2016-12-12,Ridge,120D,2,0.073596773599023,0.03293794940911208,Low
2016-12-13,Ridge,120D,2,0.0686453191941336,0.03538618872681816,Low
2016-12-14,Ridge,120D,2,0.0770627836916571,0.027868172355838314,Low
2016-12-15,Ridge,120D,2,0.072356742137916,0.025081155242577834,Low
2016-12-16,Ridge,120D,2,0.0731296564091782,0.022111104815286317,Low
2016-12-19,Ridge,120D,2,0.0756578425371972,0.018867241139987213,Low
2016-12-20,Ridge,120D,2,0.0710306031707268,0.020215786309327854,Low
2016-12-21,Ridge,120D,2,0.071248879098564,0.021224309086772305,Low
2016-12-22,Ridge,120D,2,0.0733971894710203,0.01975130137814359,Low
2016-12-23,Ridge,120D,2,0.0804588401428351,0.022385459959648732,Low
2016-12-27,Ridge,120D,2,0.0714938307913548,0.02774505326676537,Low
2016-12-28,Ridge,120D,2,0.0793026573078545,0.023197333483953142,Low
2016-12-29,Ridge,120D,2,0.0791401190672848,0.028865632606585284,Low
2016-12-30,Ridge,120D,2,0.0853476523195481,0.03150155368191083,Low
2017-01-03,Ridge,120D,2,0.0772126375061235,0.02466662652994283,Low
2017-01-04,Ridge,120D,2,0.0634010871599011,0.01991797097678756,Low
2017-01-05,Ridge,120D,2,0.0729415564089336,0.01857410731207982,Low
2017-01-06,Ridge,120D,2,0.0607935503842131,0.01940035768416326,Low
2017-01-09,Ridge,120D,2,0.0658805134666462,0.02185403800880239,Low
2017-01-10,Ridge,120D,2,0.068188681445794,0.021516123956155087,Low
2017-01-11,Ridge,120D,2,0.0668152630929806,0.02172232334067785,Low
2017-01-12,Ridge,120D,2,0.059549388179844,0.020814207003347514,Low
2017-01-13,Ridge,120D,2,0.0640839693543129,0.024306553091859848,Low
2017-01-17,Ridge,120D,2,0.0679832199140441,0.025366315326832437,Low
2017-01-18,Ridge,120D,2,0.0654380323781526,0.031228740595236844,Low
2017-01-19,Ridge,120D,2,0.0763329209502931,0.03188910860704117,Low
2017-01-20,Ridge,120D,2,0.0748451663624665,0.02504399532163233,Low
2017-01-23,Ridge,120D,2,0.0822015321785455,0.02313074879188477,Low
2017-01-24,Ridge,120D,2,0.0756054774128763,0.018299831508015937,Low
2017-01-25,Ridge,120D,2,0.0682091033150185,0.01853862306228339,Low
2017-01-26,Ridge,120D,2,0.0743030164663353,0.019358343927159523,Low
2017-01-27,Ridge,120D,2,0.0750161848674697,0.018841320643825765,Low
2017-01-30,Ridge,120D,2,0.0806759190343575,0.019066549771209897,Low
2017-01-31,Ridge,120D,2,0.0805019196469813,0.026054407254789323,Low
2017-02-01,Ridge,120D,2,0.083122508178763,0.02988229728293569,Low
2017-02-02,Ridge,120D,2,0.0828349853461913,0.02993094465958042,Low
2017-02-03,Ridge,120D,2,0.0746233268542439,0.025177824589792563,Low
2017-02-06,Ridge,120D,2,0.075398908689837,0.027759067368342622,Low
2017-02-07,Ridge,120D,2,0.0744436943914314,0.028411660175100308,Low
2017-02-08,Ridge,120D,2,0.0761967330177601,0.02929770811529308,Low
2017-02-09,Ridge,120D,2,0.0709531966891476,0.026612135010692293,Low
2017-02-10,Ridge,120D,2,0.0652074480321926,0.029892487826541858,Low
2017-02-13,Ridge,120D,2,0.0618626358657208,0.03183564338325559,Low
2017-02-14,Ridge,120D,2,0.0595091533143285,0.03397371319424096,Low
2017-02-15,Ridge,120D,2,0.0521119124182087,0.042764563200117275,Low
2017-02-16,Ridge,120D,2,0.0526127292270466,0.04350539836202174,Low
2017-02-17,Ridge,120D,2,0.0363553614990677,0.038731979124547185,Low
2017-02-21,Ridge,120D,2,0.0316002686069859,0.04025739094472794,Low
2017-02-22,Ridge,120D,2,0.0426767059998393,0.03985578766095547,Low
2017-02-23,Ridge,120D,2,0.0417588747016968,0.03733250373248403,Low
2017-02-24,Ridge,120D,2,0.0416857199929973,0.037521549980654614,Low
2017-02-27,Ridge,120D,2,0.0251109122380723,0.04193137535743814,Low
2017-02-28,Ridge,120D,2,0.0258555646919152,0.05058393478387621,Low
2017-03-01,Ridge,120D,2,0.013436329322756,0.04068929328029196,Low
2017-03-02,Ridge,120D,2,0.0292051415554865,0.03369919987572244,Low
2017-03-03,Ridge,120D,2,0.0252418210543125,0.02321756637184621,Low
2017-03-06,Ridge,120D,2,0.0264478270707399,0.019291882825777318,Low
2017-03-07,Ridge,120D,2,0.0310369246417673,0.019831254678247853,Low
2017-03-08,Ridge,120D,2,0.0338107060791273,0.030243811761165886,Low
2017-03-09,Ridge,120D,2,0.0338535972283708,0.032974675644053514,Low
2017-03-10,Ridge,120D,2,0.0351947893105732,0.031561726696750274,Low
2017-03-13,Ridge,120D,2,0.040532897276117,0.03018626368080754,Low
2017-03-14,Ridge,120D,2,0.0458982242993432,0.03298030379251608,Low
2017-03-15,Ridge,120D,2,0.029978886622512,0.02812347144139496,Low
2017-03-16,Ridge,120D,2,0.0347307639148396,0.026941379285425462,Low
2017-03-17,Ridge,120D,2,0.0358674911342175,0.02346592667185761,Low
2017-03-20,Ridge,120D,2,0.0363894470711402,0.02149293851971715,Low
2017-03-21,Ridge,120D,2,0.0596560168583893,0.00860312933668467,Low
2017-03-22,Ridge,120D,2,0.0611262166058098,0.019446564696406522,Low
2017-03-23,Ridge,120D,2,0.0629438829987224,0.02312695320939633,Low
2017-03-24,Ridge,120D,2,0.062686911361833,0.021720493977056304,Low
2017-03-27,Ridge,120D,2,0.0655524964938378,0.019133462255017226,Low
2017-03-28,Ridge,120D,2,0.0597820495933434,0.019944320771786393,Low
2017-03-29,Ridge,120D,2,0.0598068930062445,0.024917041032576817,Low
2017-03-30,Ridge,120D,2,0.057510228796849,0.02648377554190112,Low
2017-03-31,Ridge,120D,2,0.0567172567882009,0.030628362198161216,Low
2017-04-03,Ridge,120D,2,0.0590083160913812,0.02980399780274839,Low
2017-04-04,Ridge,120D,2,0.0562244273168662,0.031585834659232905,Low
2017-04-05,Ridge,120D,2,0.0593561282542834,0.031194974688921864,Low
2017-04-06,Ridge,120D,2,0.0615053003625362,0.03362564838638673,Low
2017-04-07,Ridge,120D,2,0.063536663454419,0.035504757304894205,Low
2017-04-10,Ridge,120D,2,0.0665474763871345,0.04364794756923275,Low
2017-04-11,Ridge,120D,2,0.0718489035088052,0.05235260883728463,Low
2017-04-12,Ridge,120D,2,0.077772452112453,0.05859155449492509,Low
2017-04-13,Ridge,120D,2,0.0858564160633709,0.05469083497054125,Low
2017-04-17,Ridge,120D,2,0.0829108544035563,0.044023193275308736,Low
2017-04-18,Ridge,120D,2,0.0847442460841498,0.040854779272495596,Low
2017-04-19,Ridge,120D,2,0.0846560076130049,0.04450082588299662,Low
2017-04-20,Ridge,120D,2,0.0794468768805091,0.04101137530706931,Low
2017-04-21,Ridge,120D,2,0.084288447917288,0.04626814703591987,Low
2017-04-24,Ridge,120D,2,0.0718185342088248,0.026583464198626224,Low
2017-04-25,Ridge,120D,2,0.0666240420019199,0.018737222124120864,Low
2017-04-26,Ridge,120D,2,0.068859086009913,0.019813128546890824,Low
2017-04-27,Ridge,120D,2,0.0689786719150479,0.016418579602328388,Low
2017-04-28,Ridge,120D,2,0.0716357108978673,0.016294367980625588,Low
2017-05-01,Ridge,120D,2,0.070232863185984,0.01797098225994728,Low
2017-05-02,Ridge,120D,2,0.0741483157852029,0.021322082186437778,Low
2017-05-03,Ridge,120D,2,0.0714400898680332,0.021039699021081035,Low
2017-05-04,Ridge,120D,2,0.0724747574547217,0.02040585750231181,Low
2017-05-05,Ridge,120D,2,0.0637204423599832,0.021458935361576986,Low
2017-05-08,Ridge,120D,2,0.0649531363386776,0.0183729283288312,Low
2017-05-09,Ridge,120D,2,0.0740195208751979,0.01422658967776761,Low
2017-05-10,Ridge,120D,2,0.0696919807810075,0.01754490460997382,Low
2017-05-11,Ridge,120D,2,0.0728011450917936,0.018380505341226025,Low
2017-05-12,Ridge,120D,2,0.0758715245404917,0.021849053027312146,Low
2017-05-15,Ridge,120D,2,0.0712963300071433,0.018582151416380185,Low
2017-05-16,Ridge,120D,2,0.0750757523704437,0.02212067579641517,Low
2017-05-17,Ridge,120D,2,0.0946916644263351,0.01729721552626474,Low
2017-05-18,Ridge,120D,2,0.0908225049940373,0.023217156582739637,Low
2017-05-19,Ridge,120D,2,0.085520415717897,0.012876611535811624,Low
2017-05-22,Ridge,120D,2,0.0766045710825185,0.0021039177757862307,Low
2017-05-23,Ridge,120D,2,0.0738703389340843,-0.002384026166541993,Low
2017-05-24,Ridge,120D,2,0.0723674560408011,0.012411075245493525,Low
2017-05-25,Ridge,120D,2,0.0656230634385411,0.013494253289073818,Low
2017-05-26,Ridge,120D,2,0.0597715629111149,0.014113717454828145,Low
2017-05-30,Ridge,120D,2,0.0691395664236211,0.01306853590039642,Low
2017-05-31,Ridge,120D,2,0.0669702240646751,0.012384783914258221,Low
2017-06-01,Ridge,120D,2,0.060702498368618,0.008204956943322714,Low
2017-06-02,Ridge,120D,2,0.0635214626303244,0.009328484072763217,Low
2017-06-05,Ridge,120D,2,0.0639893270674236,0.009261614430420024,Low
2017-06-06,Ridge,120D,2,0.0688262200118597,0.008596300940772558,Low
2017-06-07,Ridge,120D,2,0.0668748596287088,0.00984676170987497,Low
2017-06-08,Ridge,120D,2,0.0764080227898377,0.011798941117577944,Low
2017-06-09,Ridge,120D,2,0.0768690627732342,0.011048887942096353,Low
2017-06-12,Ridge,120D,2,0.0860058919157635,0.019332170619391683,Low
2017-06-13,Ridge,120D,2,0.079477950136728,0.01630147405051491,Low
2017-06-14,Ridge,120D,2,0.0794215665527591,0.014889689715860126,Low
2017-06-15,Ridge,120D,2,0.0779172858236442,0.026250962727930295,Low
2017-06-16,Ridge,120D,2,0.0775195745030542,0.024052975273093025,Low
2017-06-19,Ridge,120D,2,0.0721350583062694,0.02139494504723357,Low
2017-06-20,Ridge,120D,2,0.0843454207887192,0.018055085619838956,Low
2017-06-21,Ridge,120D,2,0.0881250771036869,0.015321385588149248,Low
2017-06-22,Ridge,120D,2,0.0901286867982143,0.014997705439396495,Low
2017-06-23,Ridge,120D,2,0.0880959192726552,0.011649812991207185,Low
2017-06-26,Ridge,120D,2,0.0837009996021602,0.013091499751698234,Low
2017-06-27,Ridge,120D,2,0.1007408995879757,0.011244850195726408,Low
2017-06-28,Ridge,120D,2,0.0973198765210222,0.006240018286861892,Low
2017-06-29,Ridge,120D,2,0.1027215953220452,0.0030856348770048614,Low
2017-06-30,Ridge,120D,2,0.1003613016375989,0.00691241916129574,Low
2017-07-03,Ridge,120D,2,0.1000368206711096,0.00884407923567294,Low
2017-07-05,Ridge,120D,2,0.0981263249967072,0.012160926295941565,Low
2017-07-06,Ridge,120D,2,0.1064803366035148,0.013307279185487617,Low
2017-07-07,Ridge,120D,2,0.1008882523441415,0.010068962905732722,Low
2017-07-10,Ridge,120D,2,0.1017932352435483,0.01139255342527162,Low
2017-07-11,Ridge,120D,2,0.0973795900168823,0.008466448420707776,Low
2017-07-12,Ridge,120D,2,0.098369617287459,0.004228314975792475,Low
2017-07-13,Ridge,120D,2,0.1028752210579219,0.010939075180729514,Low
2017-07-14,Ridge,120D,2,0.1022331477432396,0.00836490495613881,Low
2017-07-17,Ridge,120D,2,0.1092952078685318,0.009962013964411175,Low
2017-07-18,Ridge,120D,2,0.1103584929377178,0.010450770271793797,Low
2017-07-19,Ridge,120D,2,0.1063023182389626,0.014422421383420113,Low
2017-07-20,Ridge,120D,2,0.1053431435160489,0.012151557902308825,Low
2017-07-21,Ridge,120D,2,0.1127201086141397,0.009053362649862295,Low
2017-07-24,Ridge,120D,2,0.1205113360086427,0.007366763213635136,Low
2017-07-25,Ridge,120D,2,0.114061715227142,0.008519206014520407,Low
2017-07-26,Ridge,120D,2,0.1231500974275248,0.014510511041828381,Low
2017-07-27,Ridge,120D,2,0.1225055615674448,0.012949138245848694,Low
2017-07-28,Ridge,120D,2,0.128223225232551,0.019909128083249288,Low
2017-07-31,Ridge,120D,2,0.136986000449324,0.019659800855336303,Low
2017-08-01,Ridge,120D,2,0.1367118846426079,0.019647435869394887,Low
2017-08-02,Ridge,120D,2,0.1356592246880283,0.01949514573528134,Low
2017-08-03,Ridge,120D,2,0.1384477059218071,0.024259672830892948,Low
2017-08-04,Ridge,120D,2,0.1483320226103518,0.022281624045395847,Low
2017-08-07,Ridge,120D,3,0.1399314416812084,0.028054347107998104,Low
2017-08-08,Ridge,120D,3,0.1313901511062567,0.029233609805474063,Low
2017-08-09,Ridge,120D,3,0.1322426917576639,0.03265934723867234,Low
2017-08-10,Ridge,120D,3,0.1461746118063819,0.035647738349251404,Low
2017-08-11,Ridge,120D,3,0.1234631741616959,0.05066745369181021,Low
2017-08-14,Ridge,120D,3,0.0716269819772651,0.03164399835883076,Low
2017-08-15,Ridge,120D,3,0.0894164876530856,0.023409236850291087,Low
2017-08-16,Ridge,120D,3,0.0829832539060009,0.018660231279472996,Low
2017-08-17,Ridge,120D,3,0.0602815441473906,0.023659798728069087,Low
2017-08-18,Ridge,120D,3,0.076944243008267,0.026830915262852868,Low
2017-08-21,Ridge,120D,3,0.0896009329718869,0.02423596268808658,Low
2017-08-22,Ridge,120D,3,0.0823187596915393,0.006415095591427781,Low
2017-08-23,Ridge,120D,3,0.0990917696330754,0.009408209767248672,Low
2017-08-24,Ridge,120D,3,0.1131652481569891,0.016364220634721552,Low
2017-08-25,Ridge,120D,3,0.1118671761379732,0.014770291920772508,Low
2017-08-28,Ridge,120D,3,0.1055217055578397,0.01361406585546475,Low
2017-08-29,Ridge,120D,3,0.0991675743125192,0.018114026201487443,Low
2017-08-30,Ridge,120D,3,0.0955361200100361,0.017931298506957332,Low
2017-08-31,Ridge,120D,3,0.1057327246704436,0.017499174756012606,Low
2017-09-01,Ridge,120D,3,0.1154405852487358,0.015350919364358569,Low
2017-09-05,Ridge,120D,3,0.1102317323594131,0.01182949652502735,Low
2017-09-06,Ridge,120D,3,0.095950083782613,0.01570433320994587,Low
2017-09-07,Ridge,120D,3,0.0827145699725902,0.015683067159029312,Low
2017-09-08,Ridge,120D,3,0.0892633156012466,0.0228575487089926,Low
2017-09-11,Ridge,120D,3,0.089453958014626,0.01109059323386416,Low
2017-09-12,Ridge,120D,3,0.0887310383517395,0.01602196711793871,Low
2017-09-13,Ridge,120D,3,0.0874902122779407,0.01470124843062608,Low
2017-09-14,Ridge,120D,3,0.0930446843376534,0.013191804297155801,Low
2017-09-15,Ridge,120D,3,0.1084287535327017,0.01959283001655463,Low
2017-09-18,Ridge,120D,3,0.1056990942655738,0.024667282149436386,Low
2017-09-19,Ridge,120D,3,0.0982056042345278,0.02485872746742744,Low
2017-09-20,Ridge,120D,3,0.0918304877070294,0.021053110750178412,Low
2017-09-21,Ridge,120D,3,0.0940988172548478,0.019368077952340752,Low
2017-09-22,Ridge,120D,3,0.0951532312069125,0.018720088352290897,Low
2017-09-25,Ridge,120D,3,0.083071713365393,0.020875852075539256,Low
2017-09-26,Ridge,120D,3,0.0844802579012169,0.022643140041007696,Low
2017-09-27,Ridge,120D,3,0.0785577433735997,0.018608896194211678,Low
2017-09-28,Ridge,120D,3,0.0518689657718073,0.019513765893758094,Low
2017-09-29,Ridge,120D,3,0.0269808953915578,0.019743272163538557,Low
2017-10-02,Ridge,120D,3,0.0499094172678808,0.023034969420776034,Low
2017-10-03,Ridge,120D,3,0.030325620437898,0.029020764555943584,Low
2017-10-04,Ridge,120D,3,0.0261587578773218,0.028626278209519698,Low
2017-10-05,Ridge,120D,3,0.0342036313398726,0.025692214965210063,Low
2017-10-06,Ridge,120D,3,0.0126871601616165,0.026985641849522624,Low
2017-10-09,Ridge,120D,3,0.0270291853453714,0.028092800220245177,Low
2017-10-10,Ridge,120D,3,0.0362095680613399,0.028122955370470267,Low
2017-10-11,Ridge,120D,3,0.0412471065333276,0.027685832214101903,Low
2017-10-12,Ridge,120D,3,0.0207712165966141,0.027792679003870703,Low
2017-10-13,Ridge,120D,3,0.0232244895593608,0.025528271745270427,Low
2017-10-16,Ridge,120D,3,0.038063866023369,0.028310088965900593,Low
2017-10-17,Ridge,120D,3,0.0318508273454738,0.03236047623937968,Low
2017-10-18,Ridge,120D,3,0.0393256665318013,0.03179025630614657,Low
2017-10-19,Ridge,120D,3,0.0361069225900841,0.03171460194731036,Low
2017-10-20,Ridge,120D,3,0.0390794632066169,0.03105378275697847,Low
2017-10-23,Ridge,120D,3,0.0536649301334808,0.0326384703579305,Low
2017-10-24,Ridge,120D,3,0.0528793496664756,0.03551926258431307,Low
2017-10-25,Ridge,120D,3,0.051810723557903,0.028752587941992334,Low
2017-10-26,Ridge,120D,3,0.0419674071189481,0.031072494438748894,Low
2017-10-27,Ridge,120D,3,0.0339830272504056,0.021035462926906518,Low
2017-10-30,Ridge,120D,3,0.0237097166206711,0.021540344797762727,Low
2017-10-31,Ridge,120D,3,0.0246010779168154,0.02073062200372451,Low
2017-11-01,Ridge,120D,3,0.0333903779962884,0.022544038351049803,Low
2017-11-02,Ridge,120D,3,0.0343134354979856,0.021133369046773008,Low
2017-11-03,Ridge,120D,3,0.02299995362275,0.023495675078956762,Low
2017-11-06,Ridge,120D,3,0.024275311909001,0.027163561392747816,Low
2017-11-07,Ridge,120D,3,0.0172324815126806,0.02888591618926268,Low
2017-11-08,Ridge,120D,3,0.0135336499955562,0.02957510907636767,Low
2017-11-09,Ridge,120D,3,0.0300324413632614,0.02728770790417685,Low
2017-11-10,Ridge,120D,3,0.034382468894305,0.03877665548797997,Low
2017-11-13,Ridge,120D,3,0.033133641371278,0.041452071569239,Low
2017-11-14,Ridge,120D,3,0.0450815698664288,0.041113971331523065,Low
2017-11-15,Ridge,120D,3,0.0599495802124009,0.04453055401121283,Low
2017-11-16,Ridge,120D,3,0.0534930667003897,0.03702310583783973,Low
2017-11-17,Ridge,120D,3,0.0570055831894136,0.035125728817931266,Low
2017-11-20,Ridge,120D,3,0.0488650582566329,0.02928208364292039,Low
2017-11-21,Ridge,120D,3,0.0463975592243946,0.022002240802802046,Low
2017-11-22,Ridge,120D,3,0.0462918631391141,0.027002407075190728,Low
2017-11-24,Ridge,120D,3,0.0416022136063316,0.02750142431635519,Low
2017-11-27,Ridge,120D,3,0.0493461497410682,0.028233887851367524,Low
2017-11-28,Ridge,120D,3,0.0364051289513994,0.025251663199289186,Low
2017-11-29,Ridge,120D,3,0.040017568041089,0.03354330768983501,Low
2017-11-30,Ridge,120D,3,0.0298347184205552,0.03474385488130229,Low
2017-12-01,Ridge,120D,3,0.0295012983021747,0.032573998411105205,Low
2017-12-04,Ridge,120D,3,0.018922436339669,0.034944421134515694,Low
2017-12-05,Ridge,120D,3,0.035284702217548,0.033305345528073065,Low
2017-12-06,Ridge,120D,3,0.0284954811446442,0.030574385006469727,Low
2017-12-07,Ridge,120D,3,0.0363582138437746,0.028911875384102496,Low
2017-12-08,Ridge,120D,3,0.0353366067066089,0.025233128623337334,Low
2017-12-11,Ridge,120D,3,0.0328421108544885,0.024268209465035294,Low
2017-12-12,Ridge,120D,3,0.0398252877697111,0.030472409535036903,Low
2017-12-13,Ridge,120D,3,0.0395839131178768,0.03372926648438185,Low
2017-12-14,Ridge,120D,3,0.0467841097563907,0.030506159964651818,Low
2017-12-15,Ridge,120D,3,0.0389179333531882,0.022031896369797264,Low
2017-12-18,Ridge,120D,3,0.0353113220522946,0.025907949412256756,Low
2017-12-19,Ridge,120D,3,0.0345125655540016,0.024166136547485603,Low
2017-12-20,Ridge,120D,3,0.0378093021500779,0.02059239855510489,Low
2017-12-21,Ridge,120D,3,0.0348079948219254,0.023429306030552453,Low
2017-12-22,Ridge,120D,3,0.0331378752791525,0.027797879701782297,Low
2017-12-26,Ridge,120D,3,0.0301653330278199,0.0307624144996238,Low
2017-12-27,Ridge,120D,3,0.03108539494169,0.03346637609066998,Low
2017-12-28,Ridge,120D,3,0.0228873470955503,0.03426702123135416,Low
2017-12-29,Ridge,120D,3,0.0299441826434324,0.030393016382249477,Low
2018-01-02,Ridge,120D,3,0.0078553814572638,0.02205773128150689,Low
2018-01-03,Ridge,120D,3,0.0036790987190242,0.01883529888891568,Low
2018-01-04,Ridge,120D,3,-0.0089830304494437,0.021719230379056972,Low
2018-01-05,Ridge,120D,3,-0.0098324963189976,0.02167083256074804,Low
2018-01-08,Ridge,120D,3,-0.0107353441987777,0.030895738288017623,Low
2018-01-09,Ridge,120D,3,-0.0089741668817827,0.03394564261339322,Low
2018-01-10,Ridge,120D,3,-0.0128209503507957,0.029415507504622608,Low
2018-01-11,Ridge,120D,3,-0.0112461193741397,0.027961859675260683,Low
2018-01-12,Ridge,120D,3,-0.0095275281726538,0.03183389677863031,Low
2018-01-16,Ridge,120D,3,0.0027874758742903,0.033960668866836574,Low
2018-01-17,Ridge,120D,3,-0.0031162810133898,0.03769252933439545,Low
2018-01-18,Ridge,120D,3,-0.0086180698878327,0.043414682949315594,Low
2018-01-19,Ridge,120D,3,-0.0042827262946508,0.04037707177713814,Low
2018-01-22,Ridge,120D,3,-0.0112384351402554,0.035767737378540373,Low
2018-01-23,Ridge,120D,3,-0.0144391047293763,0.04228498477782316,Low
2018-01-24,Ridge,120D,3,-0.0099131478387008,0.041193634146626065,Low
2018-01-25,Ridge,120D,3,-0.0083574051607964,0.0442471539230639,Low
2018-01-26,Ridge,120D,3,-0.0240898701159302,0.03912753062097029,Low
2018-01-29,Ridge,120D,3,-0.0182840316023415,0.047481090254369876,Low
2018-01-30,Ridge,120D,3,-0.0054890264537729,0.04361985081127359,Low
2018-01-31,Ridge,120D,3,-0.0012083734264141,0.03692893784986996,Low
2018-02-01,Ridge,120D,3,0.0085003599959818,0.03424004656613457,Low
2018-02-02,Ridge,120D,3,0.026900137763813,0.029101541796243482,Normal
2018-02-05,Ridge,120D,3,0.0621588440573491,0.06400749912872056,High
2018-02-06,Ridge,120D,3,0.0390974813928248,0.08214592362006905,High
2018-02-07,Ridge,120D,3,0.0489844568358804,0.06906777400740008,High
2018-02-08,Ridge,120D,3,0.086202616014111,0.04134459218213053,High
2018-02-09,Ridge,120D,3,0.0762913203967954,0.03011581200356997,High
2018-02-12,Ridge,120D,3,0.0671060867839572,0.038729362847229463,High
2018-02-13,Ridge,120D,3,0.0680285474544814,0.03595747723332747,High
2018-02-14,Ridge,120D,3,0.05753530939207,-0.0004608818128073247,High
2018-02-15,Ridge,120D,3,0.0452760332219996,0.028846993322767363,High
2018-02-16,Ridge,120D,3,0.0434599188950381,0.03185117023274662,High
2018-02-20,Ridge,120D,3,0.0421791237386308,0.026026126459658308,High
2018-02-21,Ridge,120D,3,0.0436767505559615,0.016378232259899938,High
2018-02-22,Ridge,120D,3,0.0490726030868008,0.012754008072488391,High
2018-02-23,Ridge,120D,3,0.025540116260301,-0.003797628470411707,High
2018-02-26,Ridge,120D,3,0.0217398921923116,-0.011317433091510565,High
2018-02-27,Ridge,120D,3,0.0378458100090423,-0.010215434822045406,High
2018-02-28,Ridge,120D,3,0.0514286909948266,-0.005984346201743131,High
2018-03-01,Ridge,120D,3,0.0669090568043301,-0.0025565749721735073,High
2018-03-02,Ridge,120D,3,0.061452040264888,-0.0006271773259568791,High
2018-03-05,Ridge,120D,3,0.0487877287308265,-0.005464705656113428,High
2018-03-06,Ridge,120D,3,0.0523320517271149,0.014555499261232695,High
2018-03-07,Ridge,120D,3,0.0604571849599417,0.01058441340990883,High
2018-03-08,Ridge,120D,3,0.0562732788286555,0.01931522456333077,High
2018-03-09,Ridge,120D,3,0.0447289745563593,0.020052827372762635,Normal
2018-03-12,Ridge,120D,3,0.0415635998498997,0.020879009194387274,Normal
2018-03-13,Ridge,120D,3,0.0480819787315196,0.011280816928594582,Normal
2018-03-14,Ridge,120D,3,0.0521672565078288,0.013817377417517429,Normal
2018-03-15,Ridge,120D,3,0.0501424301056594,0.013146261658067836,Normal
2018-03-16,Ridge,120D,3,0.0447814411218096,0.01942467619391903,Normal
2018-03-19,Ridge,120D,3,0.0568716837681685,0.013363761233074607,Normal
2018-03-20,Ridge,120D,3,0.0572870033211427,0.022296967531326366,Normal
2018-03-21,Ridge,120D,3,0.0628655611364876,0.019905729105428413,Normal
2018-03-22,Ridge,120D,3,0.0887070564592358,0.01436810544046183,High
2018-03-23,Ridge,120D,3,0.1151652159303776,0.01826244959397497,High
2018-03-26,Ridge,120D,3,0.0886456191251086,-0.007053121017267586,High
2018-03-27,Ridge,120D,3,0.1004876137788812,-0.01192878317887517,High
2018-03-28,Ridge,120D,3,0.1087631855459692,-0.006479015794708019,High
2018-03-29,Ridge,120D,3,0.0963398960852977,-0.008442752275046837,High
2018-04-02,Ridge,120D,3,0.1267405926141228,-0.012003441808901928,High
2018-04-03,Ridge,120D,3,0.1138360303613745,-0.0028347307898055965,High
2018-04-04,Ridge,120D,3,0.098814045700914,-0.012178555166234895,High
2018-04-05,Ridge,120D,3,0.0906686758061449,-0.005342428991679249,High
2018-04-06,Ridge,120D,3,0.1095380431820499,-0.024781095295853983,High
2018-04-09,Ridge,120D,3,0.1089665244429683,-0.007038820403953545,High
2018-04-10,Ridge,120D,3,0.092371055302516,-0.0018305557391988872,High
2018-04-11,Ridge,120D,3,0.1015462334171757,-0.006947560369244377,High
2018-04-12,Ridge,120D,3,0.0929325658092397,-0.01901487807708356,High
2018-04-13,Ridge,120D,3,0.0965346323726646,-0.01777585497756739,High
2018-04-16,Ridge,120D,3,0.0802552601500917,-0.020912661058171453,High
2018-04-17,Ridge,120D,3,0.064106873951603,-0.020948443601748218,High
2018-04-18,Ridge,120D,3,0.0628806588357001,-0.019856848675129976,High
2018-04-19,Ridge,120D,3,0.0672043307973784,-0.025148907239866666,High
2018-04-20,Ridge,120D,3,0.0423611189431291,-0.02288686708882301,High
2018-04-23,Ridge,120D,3,0.0215173088594031,-0.01580291849709433,High
2018-04-24,Ridge,120D,3,0.0490944322742546,-0.021002085575047763,High
2018-04-25,Ridge,120D,3,0.0413365757501307,-0.00982572600700294,High
2018-04-26,Ridge,120D,3,0.0522242595976549,-0.01603846291180637,High
2018-04-27,Ridge,120D,3,0.0508585600636261,-0.01856282489936867,High
2018-04-30,Ridge,120D,3,0.0445832620372062,-0.019287374590188755,Normal
2018-05-01,Ridge,120D,3,0.0416762247308995,-0.012175407309718493,Normal
2018-05-02,Ridge,120D,3,0.044599378835824,-0.004180878767309798,Normal
2018-05-03,Ridge,120D,3,0.041328520240194,-0.005143130107567506,Normal
2018-05-04,Ridge,120D,3,-0.0027520636492819,-0.01011632505843603,Normal
2018-05-07,Ridge,120D,3,0.0122496737744422,0.008160072433657684,Normal
2018-05-08,Ridge,120D,3,-0.004963787623827,0.005978525786535408,Normal
2018-05-09,Ridge,120D,3,-0.0211806438538897,0.003795224200185396,Normal
2018-05-10,Ridge,120D,3,-0.0149623324858607,0.00728526096280677,Normal
2018-05-11,Ridge,120D,3,-0.0058755930022508,0.006292634476771152,Normal
2018-05-14,Ridge,120D,3,0.0037438063561517,0.0015577621174503384,Normal
2018-05-15,Ridge,120D,3,0.0042727403442628,0.002966721546927467,Normal
2018-05-16,Ridge,120D,3,0.0058050941939425,0.0028931795806876534,Normal
2018-05-17,Ridge,120D,3,0.0129011207269614,0.0034868247260699606,Normal
2018-05-18,Ridge,120D,3,0.0365238645422855,0.003865408983703595,Normal
2018-05-21,Ridge,120D,3,0.0266521910058607,-0.00031771533603788815,Normal
2018-05-22,Ridge,120D,3,0.0205512936833635,0.005577716725912313,Low
2018-05-23,Ridge,120D,3,-0.0025900025090028,0.0023907805801772,Low
2018-05-24,Ridge,120D,3,-0.0020477583734541,0.0012235344058275574,Low
2018-05-25,Ridge,120D,3,-0.0072839441377187,0.007149106244330624,Low
2018-05-29,Ridge,120D,3,0.0148856611167155,0.017992522288406778,Low
2018-05-30,Ridge,120D,3,0.0044906233022757,0.011343357578859195,Normal
2018-05-31,Ridge,120D,3,-0.0053892046900115,0.0110127871103563,Normal
2018-06-01,Ridge,120D,3,-0.0344979999558372,-0.001195498564065027,Normal
2018-06-04,Ridge,120D,3,-0.0359289255434223,-0.004107647229384913,Low
2018-06-05,Ridge,120D,3,-0.0432076915248535,-0.0026519077666389765,Low
2018-06-06,Ridge,120D,3,-0.0363256163167991,-0.005668516980254321,Normal
2018-06-07,Ridge,120D,3,-0.0323547883302018,0.0006568561620082514,Low
2018-06-08,Ridge,120D,3,-0.0127617659348392,0.0047591207700244005,Low
2018-06-11,Ridge,120D,3,-0.016015397487173,0.006385200878048003,Low
2018-06-12,Ridge,120D,3,-0.0096197170492593,0.006368877810094573,Low
2018-06-13,Ridge,120D,3,0.0052965392865146,0.0111671003425595,Low
2018-06-14,Ridge,120D,3,-0.0300721900745451,0.006945943246250086,Low
2018-06-15,Ridge,120D,3,-0.0305779576731953,0.003795692076538737,Low
2018-06-18,Ridge,120D,3,-0.0520459019486309,0.008687884800115502,Low
2018-06-19,Ridge,120D,3,-0.0462537807743233,0.0151707295913809,Low
2018-06-20,Ridge,120D,3,-0.0483208806737415,0.019279876400137758,Low
2018-06-21,Ridge,120D,3,-0.0365502808201699,0.025211448867361822,Low
2018-06-22,Ridge,120D,3,-0.0386104343877189,0.02647270717675934,Low
2018-06-25,Ridge,120D,3,-0.0440619236886482,0.024346341215993994,Normal
2018-06-26,Ridge,120D,3,-0.0672563590229216,0.03672754980422774,Low
2018-06-27,Ridge,120D,3,-0.0585283758559914,0.03630533768510118,Low
2018-06-28,Ridge,120D,3,-0.0802035150509596,0.037556644509925345,Low
2018-06-29,Ridge,120D,3,-0.0968594404225804,0.035688875393323966,Low
2018-07-02,Ridge,120D,3,-0.1207258217554144,0.04129073099977632,Low
2018-07-03,Ridge,120D,3,-0.1432527653531951,0.042133488113864005,Low
2018-07-05,Ridge,120D,3,-0.1034334444279281,0.040781157533756295,Low
2018-07-06,Ridge,120D,3,-0.1033527330596912,0.032332222980105095,Low
2018-07-09,Ridge,120D,3,-0.113379377755264,0.027483422738360044,Low
2018-07-10,Ridge,120D,3,-0.1083900012118791,0.02741245891921597,Low
2018-07-11,Ridge,120D,3,-0.1000028217773364,0.0246949511250933,Low
2018-07-12,Ridge,120D,3,-0.1337821451764235,0.0216047524898852,Low
2018-07-13,Ridge,120D,3,-0.1011014016526856,0.018981044123247137,Low
2018-07-16,Ridge,120D,3,-0.0930867610365572,0.020901690459288934,Low
2018-07-17,Ridge,120D,3,-0.0874039980435033,0.0164615690176842,Low
2018-07-18,Ridge,120D,3,-0.0854725087874184,0.024517750785429566,Low
2018-07-19,Ridge,120D,3,-0.0770034405639067,0.02954330602106205,Low
2018-07-20,Ridge,120D,3,-0.0762008513371148,0.03052747683106664,Low
2018-07-23,Ridge,120D,3,-0.0833086082675958,0.028955891866855876,Low
2018-07-24,Ridge,120D,3,-0.0774135082738883,0.0330948999811161,Low
2018-07-25,Ridge,120D,3,-0.0842544228151726,0.029244583996053182,Low
2018-07-26,Ridge,120D,3,-0.0736547893600695,0.03439765237396424,Low
2018-07-27,Ridge,120D,3,-0.0539740418753683,0.026741378803957855,Low
2018-07-30,Ridge,120D,3,-0.0624617293877536,0.031957453420597845,Low
2018-07-31,Ridge,120D,3,-0.0651340766876058,0.029233555251558144,Low
2018-08-01,Ridge,120D,3,-0.0627184035090572,0.032120149768924716,Low
2018-08-02,Ridge,120D,3,-0.059179885390748,0.02251250928469973,Low
2018-08-03,Ridge,120D,3,-0.0716910933048049,0.02547069979782537,Low
2018-08-06,Ridge,120D,3,-0.0766803838907214,0.028172647763121207,Low
2018-08-07,Ridge,120D,3,-0.0640709757456472,0.02813329398886556,Low
2018-08-08,Ridge,120D,3,-0.0552479125425841,0.02868445558217801,Low
2018-08-09,Ridge,120D,3,-0.0529069912807372,0.028603036266883028,Low
2018-08-10,Ridge,120D,3,-0.0390142979000131,0.0297282416341019,Low
2018-08-13,Ridge,120D,3,-0.0303028897966826,0.03917729289459949,Low
2018-08-14,Ridge,120D,3,-0.0388987355306088,0.03578628637305562,Low
2018-08-15,Ridge,120D,3,-0.0406687201514602,0.032655512598019514,Low
2018-08-16,Ridge,120D,3,-0.0478809621380858,0.028319579869945148,Low
2018-08-17,Ridge,120D,3,-0.0504897167095303,0.026492339440868228,Low
2018-08-20,Ridge,120D,3,-0.04010693870882,0.02840166845509894,Low
2018-08-21,Ridge,120D,3,-0.0391539070697361,0.030726427560471357,Low
2018-08-22,Ridge,120D,3,-0.0414108393991912,0.03566727297303382,Low
2018-08-23,Ridge,120D,3,-0.0288981408106984,0.035821810197911905,Low
2018-08-24,Ridge,120D,3,-0.0335802254123918,0.035146174962215046,Low
2018-08-27,Ridge,120D,3,-0.0394458332587613,0.037317944597572116,Low
2018-08-28,Ridge,120D,3,-0.0432477446622011,0.03905089691756071,Low
2018-08-29,Ridge,120D,3,-0.0425423484364022,0.038070536702525574,Low
2018-08-30,Ridge,120D,3,-0.0368710719421924,0.04068208316367514,Low
2018-08-31,Ridge,120D,3,-0.0377963100823378,0.038636887794444984,Low
2018-09-04,Ridge,120D,3,-0.0366848154697564,0.038484753080034205,Low
2018-09-05,Ridge,120D,4,-0.0367072602674409,0.03913607261602238,Low
2018-09-06,Ridge,120D,4,-0.0261766126421097,0.045260502057977894,Low
2018-09-07,Ridge,120D,4,-0.0278489221423504,0.04897374761470871,Low
2018-09-10,Ridge,120D,4,-0.0308771238467506,0.04928202184063943,Low
2018-09-11,Ridge,120D,4,-0.0411554631405911,0.04049741761780248,Low
2018-09-12,Ridge,120D,4,-0.0496709826288159,0.040778477858068964,Low
2018-09-13,Ridge,120D,4,-0.0570732989196609,0.04223202972004553,Low
2018-09-14,Ridge,120D,4,-0.0427892072569377,0.04104830105231582,Low
2018-09-17,Ridge,120D,4,-0.0342549505375833,0.04081303253808583,Low
2018-09-18,Ridge,120D,4,-0.0326840566481893,0.038250117124901194,Low
2018-09-19,Ridge,120D,4,-0.0348049440129574,0.03739372241877185,Low
2018-09-20,Ridge,120D,4,-0.0376424387898559,0.03297167956352276,Low
2018-09-21,Ridge,120D,4,-0.0335747410539408,0.03529215248012806,Low
2018-09-24,Ridge,120D,4,-0.0301834288198538,0.03574581170953689,Low
2018-09-25,Ridge,120D,4,-0.0318261770675055,0.037821837018478535,Low
2018-09-26,Ridge,120D,4,-0.0177374618916561,0.03540289771489496,Low
2018-09-27,Ridge,120D,4,-0.0396537652544406,0.03964519257674469,Low
2018-09-28,Ridge,120D,4,-0.0404862679436125,0.038740413569684495,Low
2018-10-01,Ridge,120D,4,-0.0369637073378772,0.03673439829340522,Low
2018-10-02,Ridge,120D,4,-0.0412220817041969,0.039098591523717134,Low
2018-10-03,Ridge,120D,4,-0.0383502937256536,0.03838595688385365,Low
2018-10-04,Ridge,120D,4,-0.023435552261319,0.040134108007589334,Low
2018-10-05,Ridge,120D,4,-0.0063900421586525,0.04310851430929165,Low
2018-10-08,Ridge,120D,4,-0.0059773918954445,0.051937741615386876,Low
2018-10-09,Ridge,120D,4,-0.0024124096412011,0.05706266654679187,Low
2018-10-10,Ridge,120D,4,0.033086444644395,0.029451236196988195,Normal
2018-10-11,Ridge,120D,4,0.0584997422400357,0.03813636171059888,Normal
2018-10-12,Ridge,120D,4,0.0454404185821831,0.03157061087825031,Normal
2018-10-15,Ridge,120D,4,0.0452769244378134,0.028748844071829087,Normal
2018-10-16,Ridge,120D,4,0.0274809341574122,-0.0036273661956657613,High
2018-10-17,Ridge,120D,4,0.0277717507604199,0.0074273269290484265,High
2018-10-18,Ridge,120D,4,0.0488558197253068,0.015376133080736341,High
2018-10-19,Ridge,120D,4,0.0485874876162289,0.025435035923001555,High
2018-10-22,Ridge,120D,4,0.0534055130378468,0.02653924411858391,High
2018-10-23,Ridge,120D,4,0.0566561883978022,0.03451641687432225,High
2018-10-24,Ridge,120D,4,0.0895848090831925,0.01946550768968141,High
2018-10-25,Ridge,120D,4,0.0721425969214114,0.02185708324374276,High
2018-10-26,Ridge,120D,4,0.0984240861064098,0.017489560819691406,High
2018-10-29,Ridge,120D,4,0.1028111257985676,0.0050157667476846,High
2018-10-30,Ridge,120D,4,0.0868967610864173,0.007935807064138017,High
2018-10-31,Ridge,120D,4,0.080778232655151,0.020039671242761615,High
2018-11-01,Ridge,120D,4,0.0713466822908556,0.011260963824748636,High
2018-11-02,Ridge,120D,4,0.0786343680455268,0.008060323551305655,High
2018-11-05,Ridge,120D,4,0.0655192284980415,0.02107353931553627,High
2018-11-06,Ridge,120D,4,0.05715319610495,0.029609534807008564,High
2018-11-07,Ridge,120D,4,0.0457582450230934,0.013736726746435585,High
2018-11-08,Ridge,120D,4,0.0437893008225125,0.011803365523760077,High
2018-11-09,Ridge,120D,4,0.0363813986489794,0.0020777525223823687,High
2018-11-12,Ridge,120D,4,0.0546728342450269,-0.0040329101314355575,High
2018-11-13,Ridge,120D,4,0.0531298544052725,0.0013255939671838815,High
2018-11-14,Ridge,120D,4,0.0644394372936418,0.015212092313766561,High
2018-11-15,Ridge,120D,4,0.0294749354125023,0.005871747196577806,High
2018-11-16,Ridge,120D,4,0.0352380853982343,0.003464845443990946,High
2018-11-19,Ridge,120D,4,0.0578432409616788,0.0007813679492178552,High
2018-11-20,Ridge,120D,4,0.0850171936347638,0.004891514525159957,High
2018-11-21,Ridge,120D,4,0.0761240871499528,0.01686976931079646,High
2018-11-23,Ridge,120D,4,0.075928248886403,0.01996310017432555,High
2018-11-26,Ridge,120D,4,0.0689752221342272,0.005969976549386399,High
2018-11-27,Ridge,120D,4,0.0628904454057151,0.008079349676026939,High
2018-11-28,Ridge,120D,4,0.0281907018613194,0.0068942771796097445,High
2018-11-29,Ridge,120D,4,0.0317288401787501,0.015484185138816199,High
2018-11-30,Ridge,120D,4,0.0151803424618722,0.01626142685980537,High
2018-12-03,Ridge,120D,4,-0.0026375694997216,0.013812666110654698,High
2018-12-04,Ridge,120D,4,0.0323589320138314,-0.026624538319326096,High
2018-12-06,Ridge,120D,4,0.0205991146775226,-0.017119415780115554,High
2018-12-07,Ridge,120D,4,0.041426379479537,-0.019984766546323397,High
2018-12-10,Ridge,120D,4,0.0608717033376984,-0.015345137135740962,High
2018-12-11,Ridge,120D,4,0.0693568399918177,-0.009877060113377863,High
2018-12-12,Ridge,120D,4,0.0700688096574708,0.005368948711659802,High
2018-12-13,Ridge,120D,4,0.080711739217146,0.004907148034416723,High
2018-12-14,Ridge,120D,4,0.1046321715606113,0.002175883897751321,High
2018-12-17,Ridge,120D,4,0.1252745149312366,-0.004518181433237303,High
2018-12-18,Ridge,120D,4,0.1231484602502102,0.012714617430170702,High
2018-12-19,Ridge,120D,4,0.1427529299289973,0.01020176000272684,High
2018-12-20,Ridge,120D,4,0.1570379276269483,0.023448166541689956,High
2018-12-21,Ridge,120D,4,0.1787723635578418,0.025952062770856398,High
2018-12-24,Ridge,120D,4,0.2159294260291269,0.05067978145192188,High
2018-12-26,Ridge,120D,4,0.1705069651513456,-0.008433364467422363,High
2018-12-27,Ridge,120D,4,0.1714083415184017,-0.005483020843808015,High
2018-12-28,Ridge,120D,4,0.171390679148905,-0.006193091009760968,High
2018-12-31,Ridge,120D,4,0.1612006648261111,-0.010331310984600793,High
2019-01-02,Ridge,120D,4,0.1503911961230974,-0.014072241371781279,High
2019-01-03,Ridge,120D,4,0.1742248322632083,-0.011862773684525797,High
2019-01-04,Ridge,120D,4,0.1442813189954526,-0.04110021464724737,High
2019-01-07,Ridge,120D,4,0.1430362848408226,-0.037745568278334606,High
2019-01-08,Ridge,120D,4,0.1410307161152791,-0.03263911487077662,High
2019-01-09,Ridge,120D,4,0.1398648920594456,-0.03392592427681223,High
2019-01-10,Ridge,120D,4,0.1429997463456675,-0.02054050477272655,High
2019-01-11,Ridge,120D,4,0.1413385206856015,-0.008310223568223855,High
2019-01-14,Ridge,120D,4,0.1417627422627272,-0.01956221473289991,High
2019-01-15,Ridge,120D,4,0.13233391644142,-0.01746210326111728,High
2019-01-16,Ridge,120D,4,0.1346149428484143,-0.005622818991290711,High
2019-01-17,Ridge,120D,4,0.1293348317211273,-0.015222983895031787,High
2019-01-18,Ridge,120D,4,0.1208474531833381,-0.010890500863892469,High
2019-01-22,Ridge,120D,4,0.1352817837396946,-0.007669399021502037,High
2019-01-23,Ridge,120D,4,0.1296717092652333,0.0014052941550797768,High
2019-01-24,Ridge,120D,4,0.1217442636881626,0.0067966772330928515,High
2019-01-25,Ridge,120D,4,0.116866993696464,0.00587656938373915,High
2019-01-28,Ridge,120D,4,0.1185488800803282,0.006216460254970097,High
2019-01-29,Ridge,120D,4,0.1228308897016931,0.014490070910902892,High
2019-01-30,Ridge,120D,4,0.1142254249494094,0.0031407439393157377,High
2019-01-31,Ridge,120D,4,0.1103419689531174,0.0005200695982561163,High
2019-02-01,Ridge,120D,4,0.1041674658847108,0.005244252073487395,Normal
2019-02-04,Ridge,120D,4,0.1047746205380143,0.00821495213918277,Normal
2019-02-05,Ridge,120D,4,0.0984598281716068,0.014580275103470156,Normal
2019-02-06,Ridge,120D,4,0.0981047585170711,0.011407869796523508,Normal
2019-02-07,Ridge,120D,4,0.0965607447671614,-0.00015861113006069433,Normal
2019-02-08,Ridge,120D,4,0.0868452446323428,-0.0017783986623325573,Normal
2019-02-11,Ridge,120D,4,0.0788270042889593,0.006324123299884618,Normal
2019-02-12,Ridge,120D,4,0.0357889692164258,0.00027470288889680505,Normal
2019-02-13,Ridge,120D,4,0.0457025615338814,0.005456481653641508,Normal
2019-02-14,Ridge,120D,4,0.0491243072514389,0.008275929451772992,Normal
2019-02-15,Ridge,120D,4,0.0568927650533463,0.0060938581300919795,Normal
2019-02-19,Ridge,120D,4,0.0487565505930973,0.006338930266937409,Normal
2019-02-20,Ridge,120D,4,0.0345872079164411,0.011181264313231576,Low
2019-02-21,Ridge,120D,4,0.0531382235095843,0.005066940027169845,Low
2019-02-22,Ridge,120D,4,0.0170172323603382,0.003813906278860371,Normal
2019-02-25,Ridge,120D,4,0.0182473646087669,0.011789623049764043,Low
2019-02-26,Ridge,120D,4,0.0333611924538521,0.01678722619829359,Low
2019-02-27,Ridge,120D,4,0.0459385654545477,0.012713459456608019,Low
2019-02-28,Ridge,120D,4,0.0408218577413828,0.013051585055380701,Low
2019-03-01,Ridge,120D,4,0.0421631807100225,0.0060491954781112245,Low
2019-03-04,Ridge,120D,4,0.0455450851459993,0.0014582112744849218,Low
2019-03-05,Ridge,120D,4,0.0203883775128682,0.013319841117276514,Low
2019-03-06,Ridge,120D,4,0.0378569638477912,0.013008186552494555,Low
2019-03-07,Ridge,120D,4,0.0428075531855663,0.016377312004095135,Low
2019-03-08,Ridge,120D,4,0.0514656688475823,0.02283322794740917,Low
2019-03-11,Ridge,120D,4,0.0495136157251872,0.0012936441600318663,Low
2019-03-12,Ridge,120D,4,0.0472072307572589,0.0023434250739374843,Low
2019-03-13,Ridge,120D,4,0.0333586746675541,-0.0007572170314921467,Low
2019-03-14,Ridge,120D,4,0.0450107992775717,0.009208643141119244,Low
2019-03-15,Ridge,120D,4,0.0529641927909007,0.012159608677920878,Low
2019-03-18,Ridge,120D,4,0.0501752867963696,0.01895482502998204,Low
2019-03-19,Ridge,120D,4,0.0502118421973964,0.019176614980277645,Low
2019-03-20,Ridge,120D,4,0.053482791364097,0.020923554034546904,Low
2019-03-21,Ridge,120D,4,0.049892448195795,0.019673076700978114,Low
2019-03-22,Ridge,120D,4,0.0719242916083016,0.016519933612585847,Normal
2019-03-25,Ridge,120D,4,0.0720389875646456,0.024201814554373178,Normal
2019-03-26,Ridge,120D,4,0.0617414217003556,0.018521832544507833,Normal
2019-03-27,Ridge,120D,4,0.0689749903494166,0.014078405478936771,Normal
2019-03-28,Ridge,120D,4,0.065734568918422,0.015412217774433058,Normal
2019-03-29,Ridge,120D,4,0.0590428373970268,0.024414599706960624,Normal
2019-04-01,Ridge,120D,4,0.042633042774102,0.030271868810359374,Normal
2019-04-02,Ridge,120D,4,0.0425186466014162,0.032980211192315194,Normal
2019-04-03,Ridge,120D,4,0.0319205852177755,0.036890560141633735,Normal
2019-04-04,Ridge,120D,4,0.0359778052167452,0.04025183202743441,Normal
2019-04-05,Ridge,120D,4,0.0289202165840329,0.03742001867625542,Normal
2019-04-08,Ridge,120D,4,0.0225427702543807,0.04007320801446711,Low
2019-04-09,Ridge,120D,4,0.0336636569052986,0.03750551073675928,Normal
2019-04-10,Ridge,120D,4,0.017857692205386,0.03534350643026759,Normal
2019-04-11,Ridge,120D,4,-0.0002458343226004,0.03252191489876832,Normal
2019-04-12,Ridge,120D,4,0.0011068920617204,0.025387184755996495,Normal
2019-04-15,Ridge,120D,4,0.0158532445453367,0.02378507018431022,Normal
2019-04-16,Ridge,120D,4,0.0108556639465151,0.026348666914762887,Normal
2019-04-17,Ridge,120D,4,-0.0025510947848559,0.02916454211184115,Normal
2019-04-18,Ridge,120D,4,0.0049343549057403,0.027318622547546453,Low
2019-04-22,Ridge,120D,4,0.0103180515005901,0.04045442506362976,Low
2019-04-23,Ridge,120D,4,0.0123952799993839,0.0338550470562044,Low
2019-04-24,Ridge,120D,4,0.013201366929201,0.0414169100001276,Low
2019-04-25,Ridge,120D,4,0.0234768540459629,0.04294754740260466,Low
2019-04-26,Ridge,120D,4,0.0168009591694643,0.040939277880262505,Low
2019-04-29,Ridge,120D,4,0.0184890326350056,0.04402434746894961,Low
2019-04-30,Ridge,120D,4,0.0136110222264142,0.04566725500033922,Low
2019-05-01,Ridge,120D,4,0.0279895821820395,0.04449360193559034,Low
2019-05-02,Ridge,120D,4,0.0265407775723454,0.043370827293313506,Low
2019-05-03,Ridge,120D,4,0.0197917534392588,0.0353454229206339,Low
2019-05-06,Ridge,120D,4,0.0261913712875027,0.04044179367005842,Low
2019-05-07,Ridge,120D,4,0.046905288887064,0.04460053245876953,Low
2019-05-08,Ridge,120D,4,0.0540778241926018,0.058705123437707785,Low
2019-05-09,Ridge,120D,4,0.0562710708980494,0.05651514189416519,Low
2019-05-10,Ridge,120D,4,0.0558057662289881,0.040411954479841576,Low
2019-05-13,Ridge,120D,4,0.0772047967329466,0.03167036713141318,Normal
2019-05-14,Ridge,120D,4,0.0788367397693781,0.03086529641239113,Normal
2019-05-15,Ridge,120D,4,0.0767119912469675,0.020937968874258767,Normal
2019-05-16,Ridge,120D,4,0.0666696314186479,0.013070058779957257,Normal
2019-05-17,Ridge,120D,4,0.0732263191849812,0.011977204431500132,Normal
2019-05-20,Ridge,120D,4,0.0827249524046672,0.025693402510065487,Normal
2019-05-21,Ridge,120D,4,0.0768224064565924,0.02433448001566204,Normal
2019-05-22,Ridge,120D,4,0.0776864034071545,0.020440316406515946,Normal
2019-05-23,Ridge,120D,4,0.0912355189496995,0.01856018807388049,Normal
2019-05-24,Ridge,120D,4,0.0905941567477786,0.018951873267018457,Normal
2019-05-28,Ridge,120D,4,0.0998417993624955,0.02049295437805844,Normal
2019-05-29,Ridge,120D,4,0.1144437383077,0.02970799971781348,Normal
2019-05-30,Ridge,120D,4,0.1128504919555128,0.02789881089056119,Normal
2019-05-31,Ridge,120D,4,0.1255409271062732,0.030080783982849732,Normal
2019-06-03,Ridge,120D,4,0.12454674133964,0.031972876268949846,Normal
2019-06-04,Ridge,120D,4,0.101756808172373,0.012326747239280372,High
2019-06-05,Ridge,120D,4,0.0958006551359353,0.017827341899025833,Normal
2019-06-06,Ridge,120D,4,0.097163066347398,0.013383360957293988,High
2019-06-07,Ridge,120D,4,0.0889132507450781,0.026325687569671942,High
2019-06-10,Ridge,120D,4,0.0884297662956126,0.035984617766462765,High
2019-06-11,Ridge,120D,4,0.0847604215235747,0.04307305970360719,Normal
2019-06-12,Ridge,120D,4,0.0781315956568486,0.03688492388735919,Normal
2019-06-13,Ridge,120D,4,0.0673823598959531,0.03578711578333876,Normal
2019-06-14,Ridge,120D,4,0.0752988292908761,0.03456438012532741,Normal
2019-06-17,Ridge,120D,4,0.0758666407851532,0.034321950833108565,Normal
2019-06-18,Ridge,120D,4,0.0752903972226087,0.03367386851082592,Normal
2019-06-19,Ridge,120D,4,0.0691418467451105,0.033328937015230355,Normal
2019-06-20,Ridge,120D,4,0.0586167052402532,0.03236166615478868,Normal
2019-06-21,Ridge,120D,4,0.0627806590493319,0.042577369086244536,Normal
2019-06-24,Ridge,120D,4,0.0730527148854741,0.04016002191799603,Normal
2019-06-25,Ridge,120D,4,0.0826670696760763,0.034529550353273646,Normal
2019-06-26,Ridge,120D,4,0.0910241262974234,0.036549740628946885,Normal
2019-06-27,Ridge,120D,4,0.0875434765332937,0.04031365151364217,Normal
2019-06-28,Ridge,120D,4,0.0813701410521712,0.03898383829351115,Normal
2019-07-01,Ridge,120D,4,0.0781765012630816,0.03200681087540328,Low
2019-07-02,Ridge,120D,4,0.0801852497904271,0.034918899178018964,Low
2019-07-03,Ridge,120D,4,0.0734079228440412,0.034626335670778906,Low
2019-07-05,Ridge,120D,4,0.0750199897461218,0.032758194141854546,Low
2019-07-08,Ridge,120D,4,0.0849822251662995,0.0316331769713384,Low
2019-07-09,Ridge,120D,4,0.0837804162475036,0.03243141192873759,Low
2019-07-10,Ridge,120D,4,0.0734822732320709,0.028713768158460228,Low
2019-07-11,Ridge,120D,4,0.074141344297313,0.029543809073109502,Low
2019-07-12,Ridge,120D,4,0.0778757053575634,0.026137733122929076,Low
2019-07-15,Ridge,120D,4,0.0706149422642247,0.03267267167223061,Low
2019-07-16,Ridge,120D,4,0.0775516720135077,0.028480870053347925,Low
2019-07-17,Ridge,120D,4,0.081297162395006,0.026293128047290542,Low
2019-07-18,Ridge,120D,4,0.0826120381718281,0.024540724291823694,Low
2019-07-19,Ridge,120D,4,0.0954411417535791,0.026827772579482222,Low
2019-07-22,Ridge,120D,4,0.0897571775798241,0.024665236764694398,Low
2019-07-23,Ridge,120D,4,0.0898850264864809,0.01825655792159146,Low
2019-07-24,Ridge,120D,4,0.0836921528361095,0.020332518681213243,Low
2019-07-25,Ridge,120D,4,0.0908368995633967,0.01889020503539641,Low
2019-07-26,Ridge,120D,4,0.0918081112148457,0.02034930527971894,Low
2019-07-29,Ridge,120D,4,0.0972802563913882,0.024083741006500813,Low
2019-07-30,Ridge,120D,4,0.0972067413938471,0.026718272842529117,Low
2019-07-31,Ridge,120D,4,0.1084409826426683,0.024379091376254866,Low
2019-08-01,Ridge,120D,4,0.1186208364048324,0.032288159915419806,Low
2019-08-02,Ridge,120D,4,0.1168469355182038,0.044612034684377994,Low
2019-08-05,Ridge,120D,4,0.1312213653310546,0.033891155823098956,Normal
2019-08-06,Ridge,120D,4,0.1282917249202405,0.028716150072251135,Normal
2019-08-07,Ridge,120D,4,0.1266578924427971,0.019059233508010726,Normal
2019-08-08,Ridge,120D,4,0.1111988869061432,0.003895044986862776,High
2019-08-09,Ridge,120D,4,0.0999730364684374,0.00501394852021142,High
2019-08-12,Ridge,120D,4,0.1195952713455851,0.028571257228063772,High
2019-08-13,Ridge,120D,4,0.1194462409957893,0.018943285859559317,High
2019-08-14,Ridge,120D,4,0.160364372109298,0.005394608205119781,High
2019-08-15,Ridge,120D,4,0.1612232904681195,0.013842097105686475,High
2019-08-16,Ridge,120D,4,0.1414847412864163,0.002584164169945495,High
2019-08-19,Ridge,120D,4,0.1367512558425921,-0.0023667983605276735,High
2019-08-20,Ridge,120D,4,0.1463845198407097,-0.007572251056615645,High
2019-08-21,Ridge,120D,4,0.1446133933885598,0.0068947857104163165,High
2019-08-22,Ridge,120D,4,0.1434878199878498,0.009169212130267713,High
2019-08-23,Ridge,120D,4,0.171618537209173,-0.012877100353718932,High
2019-08-26,Ridge,120D,4,0.1577712104922273,0.0015344509798328881,High
2019-08-27,Ridge,120D,4,0.1656742805770685,0.008757455199358402,High
2019-08-28,Ridge,120D,4,0.1553273116185086,0.00801619620679141,High
2019-08-29,Ridge,120D,4,0.1321460199445942,0.002520822228216202,High
2019-08-30,Ridge,120D,4,0.0974153597642767,0.02647594638378395,High
2019-09-03,Ridge,120D,4,0.0735904647216089,0.03580984141838415,High
2019-09-04,Ridge,120D,4,0.0590210421196575,0.026177079482783482,High
2019-09-05,Ridge,120D,4,0.0009269928456367,0.01782267824580201,High
2019-09-06,Ridge,120D,4,-0.0082556610683931,0.010281688208105454,High
2019-09-09,Ridge,120D,4,0.0368492223799199,0.004760879262057777,High
2019-09-10,Ridge,120D,4,0.0080164850310742,0.011275070145667941,High
2019-09-11,Ridge,120D,4,0.0421491620653202,0.009534714752127606,High
2019-09-12,Ridge,120D,4,0.0047633633471059,0.022866406695532464,Normal
2019-09-13,Ridge,120D,4,-0.011712903428314,0.015786577356597206,Normal
2019-09-16,Ridge,120D,4,-0.0875828034523296,0.014829942775174427,Normal
2019-09-17,Ridge,120D,4,-0.0419461763989326,0.016179234447724428,Normal
2019-09-18,Ridge,120D,4,-0.0923917024918051,0.01603952096099668,Normal
2019-09-19,Ridge,120D,4,-0.1923565294162082,0.016609994799183573,Normal
2019-09-20,Ridge,120D,4,-0.0986405233620917,0.017717867641518868,Normal
2019-09-23,Ridge,120D,4,-0.2261957802170816,0.03150049292063906,Low
2019-09-24,Ridge,120D,4,-0.1595174786178383,0.02902104464070456,Low
2019-09-25,Ridge,120D,4,-0.2188794361918824,0.028236066054161478,Low
2019-09-26,Ridge,120D,4,-0.2117508042118681,0.02878867064905646,Low
2019-09-27,Ridge,120D,4,-0.2507478936861064,0.028292564688123748,Low
2019-09-30,Ridge,120D,4,-0.2855143049109316,0.030423768729687356,Low
2019-10-01,Ridge,120D,4,-0.1834969454475557,0.02910827308088043,Low
2019-10-02,Ridge,120D,4,-0.1539625508390896,0.0280431373042773,Normal
2019-10-03,Ridge,120D,4,-0.1013590245387099,0.021865172712924867,Low
2019-10-04,Ridge,120D,5,-0.1497436553195954,0.015279539618555583,Normal
2019-10-07,Ridge,120D,5,-0.1122887124759391,0.01580934630699988,Normal
2019-10-08,Ridge,120D,5,-0.1127478637122449,0.016203863779359833,Normal
2019-10-09,Ridge,120D,5,-0.1669575229598777,0.023642590252724482,Normal
2019-10-10,Ridge,120D,5,-0.1507800683146999,0.020533318875945727,Normal
2019-10-11,Ridge,120D,5,-0.1769125088144333,0.01035205930896441,Normal
2019-10-14,Ridge,120D,5,-0.1075561829963839,0.004678447199264663,Normal
2019-10-15,Ridge,120D,5,-0.1190669674212355,0.006512597411038951,Normal
2019-10-16,Ridge,120D,5,-0.0835760516767569,0.007388998704068991,Normal
2019-10-17,Ridge,120D,5,-0.0719516033428329,0.004748217751345332,Normal
2019-10-18,Ridge,120D,5,-0.0781806170777103,0.0059416394820991265,Normal
2019-10-21,Ridge,120D,5,-0.0549141716107363,0.006234740516179324,Normal
2019-10-22,Ridge,120D,5,-0.0736158550247287,0.01019298978957572,Normal
2019-10-23,Ridge,120D,5,-0.0706591205310183,0.007575479570048765,Normal
2019-10-24,Ridge,120D,5,-0.046136793168869,0.008571815766913706,Normal
2019-10-25,Ridge,120D,5,-0.0682440682948727,0.004926645078054941,Normal
2019-10-28,Ridge,120D,5,-0.1049650034473212,0.009959398999160145,Normal
2019-10-29,Ridge,120D,5,-0.0814609509087036,0.021351718270944953,Normal
2019-10-30,Ridge,120D,5,-0.0852486079697566,0.01954695656083338,Normal
2019-10-31,Ridge,120D,5,-0.0683990787683783,0.017731915859615862,Normal
2019-11-01,Ridge,120D,5,-0.0634081411462899,0.014048496552604251,Low
2019-11-04,Ridge,120D,5,-0.072361557142086,0.020725446608250594,Low
2019-11-05,Ridge,120D,5,-0.0449384503851923,0.027461133668112238,Low
2019-11-06,Ridge,120D,5,-0.0548958442965368,0.023082292966189893,Low
2019-11-07,Ridge,120D,5,-0.0860824305555934,0.030690724761875288,Low
2019-11-08,Ridge,120D,5,-0.0843990111218598,0.031480525959392505,Low
2019-11-11,Ridge,120D,5,-0.0734346805107427,0.03211142399159748,Low
2019-11-12,Ridge,120D,5,-0.0820019842110484,0.0320710230318022,Low
2019-11-13,Ridge,120D,5,-0.0712743100262739,0.035867600528395695,Low
2019-11-14,Ridge,120D,5,-0.0553802075755043,0.03704636336682868,Low
2019-11-15,Ridge,120D,5,-0.0629131669866867,0.031169753869610888,Low
2019-11-18,Ridge,120D,5,-0.0841295590815441,0.03928395251357998,Low
2019-11-19,Ridge,120D,5,-0.1011537856061315,0.040870099008501554,Low
2019-11-20,Ridge,120D,5,-0.085931611381119,0.03505805001068613,Low
2019-11-21,Ridge,120D,5,-0.0804289300912065,0.03633580797908574,Low
2019-11-22,Ridge,120D,5,-0.0515862952635092,0.03710852255759977,Low
2019-11-25,Ridge,120D,5,-0.0696052948625757,0.02986803678882254,Low
2019-11-26,Ridge,120D,5,-0.0552844678941003,0.031236771919576398,Low
2019-11-27,Ridge,120D,5,-0.0672541718293537,0.033461181264703425,Low
2019-11-29,Ridge,120D,5,-0.0608839399125522,0.03626468306682044,Low
2019-12-02,Ridge,120D,5,-0.0400011711971282,0.035798683859207286,Low
2019-12-03,Ridge,120D,5,-0.0186224984487687,0.04302576770817905,Low
2019-12-04,Ridge,120D,5,-0.0270362953824583,0.04057760296793353,Low
2019-12-05,Ridge,120D,5,-0.0237346287567804,0.039173813519902775,Low
2019-12-06,Ridge,120D,5,-0.0290846583088421,0.03168039207912373,Low
2019-12-09,Ridge,120D,5,-0.0177395173419688,0.044452211256729844,Low
2019-12-10,Ridge,120D,5,-0.0030853103604208,0.050652225419417676,Low
2019-12-11,Ridge,120D,5,-0.0093636369733804,0.049444665634888044,Low
2019-12-12,Ridge,120D,5,0.0079717084727002,0.03839792950341694,Low
2019-12-13,Ridge,120D,5,0.0198687857282914,0.03341170494424167,Low
2019-12-16,Ridge,120D,5,0.0049166813660266,0.030574480214968815,Low
2019-12-17,Ridge,120D,5,-0.0007458103976164,0.0340626421633483,Low
2019-12-18,Ridge,120D,5,-0.0610661097533826,0.034896548475955795,Low
2019-12-19,Ridge,120D,5,-0.0525392019700352,0.03619572767026299,Low
2019-12-20,Ridge,120D,5,-0.049193936956194,0.03927362467650734,Low
2019-12-23,Ridge,120D,5,-0.0312748528037819,0.04131871337293653,Low
2019-12-24,Ridge,120D,5,-0.0346861817339432,0.039349327892153146,Low
2019-12-26,Ridge,120D,5,-0.0392072007401953,0.04228194620385471,Low
2019-12-27,Ridge,120D,5,-0.0449066984455271,0.0499010812355213,Low
2019-12-30,Ridge,120D,5,-0.0326350090695189,0.050374076403511756,Low
2019-12-31,Ridge,120D,5,-0.0312785305222258,0.04979164047143431,Low
2020-01-02,Ridge,120D,5,-0.0658176914802049,0.043879824953210175,Low
2020-01-03,Ridge,120D,5,-0.0478329543870323,0.04554317242690427,Low
2020-01-06,Ridge,120D,5,-0.0758853038561361,0.04394920977178696,Low
2020-01-07,Ridge,120D,5,-0.0584992406580076,0.048234905248615616,Low
2020-01-08,Ridge,120D,5,-0.0480973647078929,0.04460172451347555,Low
2020-01-09,Ridge,120D,5,-0.0497210148489288,0.04551039411460798,Low
2020-01-10,Ridge,120D,5,-0.042330781884607,0.04276655438088602,Low
2020-01-13,Ridge,120D,5,-0.0335258450983769,0.04133036768570546,Low
2020-01-14,Ridge,120D,5,-0.0428876421311248,0.043326163914409285,Low
2020-01-15,Ridge,120D,5,-0.0369591061113824,0.04286730945857658,Low
2020-01-16,Ridge,120D,5,-0.0509504450098089,0.04339612243027274,Low
2020-01-17,Ridge,120D,5,-0.044393358482851,0.047176152468455475,Low
2020-01-21,Ridge,120D,5,-0.0511445033293245,0.0463460686854638,Low
2020-01-22,Ridge,120D,5,-0.0381162370431015,0.04610982710326865,Low
2020-01-23,Ridge,120D,5,-0.0302155063001047,0.045867440201550945,Low
2020-01-24,Ridge,120D,5,-0.0245441320880262,0.0423809646243975,Low
2020-01-27,Ridge,120D,5,-0.0058438171435987,0.04943747107890129,Low
2020-01-28,Ridge,120D,5,-0.007475403388811,0.043389891112535245,Normal
2020-01-29,Ridge,120D,5,-0.0049305239106663,0.046663390238325705,Low
2020-01-30,Ridge,120D,5,-0.0023293502464037,0.03670530224711827,Low
2020-01-31,Ridge,120D,5,0.0031387149127125,0.03339745765346104,Normal
2020-02-03,Ridge,120D,5,-0.0102993508727963,0.04674323304951056,Normal
2020-02-04,Ridge,120D,5,-0.01780073796882,0.04135600246258642,Normal
2020-02-05,Ridge,120D,5,-0.0354829520464391,0.03476735592662944,Normal
2020-02-06,Ridge,120D,5,-0.0264513237516986,0.03290082892505626,Normal
2020-02-07,Ridge,120D,5,-0.0247931345056951,0.04078422609969156,Normal
2020-02-10,Ridge,120D,5,-0.0244515883840919,0.03941802975753435,Normal
2020-02-11,Ridge,120D,5,-0.0189832744057354,0.04416872894013847,Normal
2020-02-12,Ridge,120D,5,-0.0218197044848047,0.04018719972652957,Normal
2020-02-13,Ridge,120D,5,-0.0137787676892982,0.034045408081016824,Normal
2020-02-14,Ridge,120D,5,-0.0092134777671187,0.036445884076803985,Normal
2020-02-18,Ridge,120D,5,-0.0056564345110144,0.03955822447242656,Normal
2020-02-19,Ridge,120D,5,-0.0076127175219075,0.040756482899990135,Normal
2020-02-20,Ridge,120D,5,-0.0117909554952872,0.04007210699529093,Normal
2020-02-21,Ridge,120D,5,0.0126823560311461,0.0408314625263933,Normal
2020-02-24,Ridge,120D,5,0.04472116277543,0.03809404110808917,High
2020-02-25,Ridge,120D,5,0.0752971697545043,0.03342617220777955,High
2020-02-26,Ridge,120D,5,0.0817890445854577,0.049754315398136496,High
2020-02-27,Ridge,120D,5,0.1292579213575359,0.06016794192520046,High
2020-02-28,Ridge,120D,5,0.1331162611220068,0.09048169010479457,High
2020-03-02,Ridge,120D,5,0.0912590471209397,0.044196118238851015,High
2020-03-03,Ridge,120D,5,0.1232047320268267,0.03697939835127207,High
2020-03-04,Ridge,120D,5,0.0918619980310969,0.020216054797750148,High
2020-03-05,Ridge,120D,5,0.1299626802166181,0.04309225071580931,High
2020-03-06,Ridge,120D,5,0.1573076252138458,0.059283775738361286,High
2020-03-09,Ridge,120D,5,0.2379896841860266,0.04843136985111628,High
2020-03-10,Ridge,120D,5,0.1964846346097379,0.030206274925155204,High
2020-03-11,Ridge,120D,5,0.2443901522428347,0.044350506082556085,High
2020-03-12,Ridge,120D,5,0.3518318360660141,0.03509640679909161,High
2020-03-13,Ridge,120D,5,0.2782724792606479,-0.010867066787005004,High
2020-03-16,Ridge,120D,5,0.3701670825912799,-0.028631046404274677,High
2020-03-17,Ridge,120D,5,0.303774489201313,0.0016897293142249595,High
2020-03-18,Ridge,120D,5,0.3288479324469264,-0.00959380553028625,High
2020-03-19,Ridge,120D,5,0.3440959321387059,-0.005008298615290056,High
2020-03-20,Ridge,120D,5,0.3706823102666773,-0.016328957736260107,High
2020-03-23,Ridge,120D,5,0.4009467414343414,-0.01360787395480615,High
2020-03-24,Ridge,120D,5,0.323924843941401,-0.028410358604677305,High
2020-03-25,Ridge,120D,5,0.3176616394510785,0.0022661905659024095,High
2020-03-26,Ridge,120D,5,0.2524881614846802,0.0059361975980128,High
2020-03-27,Ridge,120D,5,0.2783080574977539,0.025083343464190538,High
2020-03-30,Ridge,120D,5,0.2340958899799508,0.020838068734979395,High
2020-03-31,Ridge,120D,5,0.2385996367410688,0.006487071752240836,High
2020-04-01,Ridge,120D,5,0.2942090158722318,-0.04781570666869438,High
2020-04-02,Ridge,120D,5,0.2476290199008973,-0.0409231921604281,High
2020-04-03,Ridge,120D,5,0.2658648862814707,-0.06809871020143896,High
2020-04-06,Ridge,120D,5,0.2137470813608287,-0.0942259757651339,High
2020-04-07,Ridge,120D,5,0.2313336122630454,-0.08248817550313899,High
2020-04-08,Ridge,120D,5,0.1930199583673166,-0.06091123331282461,High
2020-04-09,Ridge,120D,5,0.1868563306319969,-0.037083195775984124,High
2020-04-13,Ridge,120D,5,0.2022913396409689,-0.056298202788963775,High
2020-04-14,Ridge,120D,5,0.1625529672022905,-0.00937383485561332,High
2020-04-15,Ridge,120D,5,0.2026428088775606,-0.03358005580709013,High
2020-04-16,Ridge,120D,5,0.1827709066504961,-0.016012474777559467,High
2020-04-17,Ridge,120D,5,0.1735771383994171,-0.026258082388132514,High
2020-04-20,Ridge,120D,5,0.1995981969096343,-0.007958210241691105,High
2020-04-21,Ridge,120D,5,0.2395084073267178,-0.0024609319779975505,High
2020-04-22,Ridge,120D,5,0.2331196369029052,-0.005523856919804872,High
2020-04-23,Ridge,120D,5,0.2273323129339375,-0.008785151245292638,High
2020-04-24,Ridge,120D,5,0.2068650502830389,-0.03018914156038402,High
2020-04-27,Ridge,120D,5,0.1907292585870899,-0.0387924880313177,High
2020-04-28,Ridge,120D,5,0.1961203392342041,-0.030294721852357626,High
2020-04-29,Ridge,120D,5,0.1534189716741884,-0.02967281221556771,High
2020-04-30,Ridge,120D,5,0.1673903103132445,-0.01939626321607909,High
2020-05-01,Ridge,120D,5,0.1936524073164501,-0.03641343307916585,High
2020-05-04,Ridge,120D,5,0.1946169387410919,-0.03131044403226409,High
2020-05-05,Ridge,120D,5,0.1890568418637016,-0.033059455560327466,High
2020-05-06,Ridge,120D,5,0.1772962492774221,-0.03031978118478791,High
2020-05-07,Ridge,120D,5,0.1628270881720859,-0.04194281313378645,High
2020-05-08,Ridge,120D,5,0.1101707509982819,-0.04064168420518219,High
2020-05-11,Ridge,120D,5,0.1219142065714886,-0.05001986540178642,High
2020-05-12,Ridge,120D,5,0.130423858898276,-0.05799241973135892,High
2020-05-13,Ridge,120D,5,0.1602838064131478,-0.043228575989929435,High
2020-05-14,Ridge,120D,5,0.1664676262931541,-0.04776747331448726,High
2020-05-15,Ridge,120D,5,0.1843564767445228,-0.043430310630053856,High
2020-05-18,Ridge,120D,5,0.1726145337511509,-0.061587057501196404,High
2020-05-19,Ridge,120D,5,0.1828665248773762,-0.04516481469892707,High
2020-05-20,Ridge,120D,5,0.177984509010305,-0.03986873021667697,High
2020-05-21,Ridge,120D,5,0.1843877020993909,-0.04339119115631336,High
2020-05-22,Ridge,120D,5,0.1896594847755699,-0.04258624406933685,High
2020-05-26,Ridge,120D,5,0.1674165482070401,-0.03614754189709528,High
2020-05-27,Ridge,120D,5,0.1662166474230197,-0.037957726417275836,High
2020-05-28,Ridge,120D,5,0.179907521670772,-0.028565475664042855,High
2020-05-29,Ridge,120D,5,0.1703032843338163,-0.028012295331439674,High
2020-06-01,Ridge,120D,5,0.1549278572079706,-0.011208315232246843,High
2020-06-02,Ridge,120D,5,0.1506892256163046,-0.01193114468080781,High
2020-06-03,Ridge,120D,5,0.130316817430822,-0.006939088520637106,High
2020-06-04,Ridge,120D,5,0.1393113146962808,-0.013305507935967506,High
2020-06-05,Ridge,120D,5,0.1294697606886765,-0.019882127542465468,High
2020-06-08,Ridge,120D,5,0.1159144295273613,0.010021654243645844,High
2020-06-09,Ridge,120D,5,0.1261382839729841,0.011850241508101825,High
2020-06-10,Ridge,120D,5,0.1268593990711943,0.04264122516523614,High
2020-06-11,Ridge,120D,5,0.1988202327290761,0.01008608911476118,High
2020-06-12,Ridge,120D,5,0.1876335106524687,0.03831412891346611,High
2020-06-15,Ridge,120D,5,0.1787312977539992,0.024960839040463284,High
2020-06-16,Ridge,120D,5,0.1687439086024756,0.029435828116375726,High
2020-06-17,Ridge,120D,5,0.1704131913961417,0.04224769159102117,High
2020-06-18,Ridge,120D,5,0.1726024191625103,0.08785890350950962,High
2020-06-19,Ridge,120D,5,0.1702869677797125,0.09135970856684636,High
2020-06-22,Ridge,120D,5,0.1625269399552823,0.08781856684635739,High
2020-06-23,Ridge,120D,5,0.1569629726795657,0.09225809326247558,High
2020-06-24,Ridge,120D,5,0.1787894500300811,0.061262535773348586,High
2020-06-25,Ridge,120D,5,0.1807281043240817,0.0626373512278252,High
2020-06-26,Ridge,120D,5,0.2070245342192359,0.06434380474997435,High
2020-06-29,Ridge,120D,5,0.1981867889146856,0.05503480133886911,High
2020-06-30,Ridge,120D,5,0.1793771425267813,0.04665005465301973,High
2020-07-01,Ridge,120D,5,0.1704536500640011,0.056696430273228036,High
2020-07-02,Ridge,120D,5,0.1638474348954138,0.048743909034659305,High
2020-07-06,Ridge,120D,5,0.1488360373350691,0.07190834366093694,High
2020-07-07,Ridge,120D,5,0.1632438651841996,0.0656663147041845,High
2020-07-08,Ridge,120D,5,0.1641315864591808,0.0648809132737553,High
2020-07-09,Ridge,120D,5,0.1675613131080968,0.05817817668999907,High
2020-07-10,Ridge,120D,5,0.1584901514287329,0.07690682998134368,High
2020-07-13,Ridge,120D,5,0.1743150013564955,0.08204000478165743,High
2020-07-14,Ridge,120D,5,0.1461329380615657,0.08491703959940938,High
2020-07-15,Ridge,120D,5,0.1441495125085727,0.08472871261967511,High
2020-07-16,Ridge,120D,5,0.1532550311051622,0.08742223165016566,High
2020-07-17,Ridge,120D,5,0.1651487286253314,0.07657766976236709,High
2020-07-20,Ridge,120D,5,0.1622537687637066,0.07105548857535339,High
2020-07-21,Ridge,120D,5,0.1539998118125251,0.0739937884113486,High
2020-07-22,Ridge,120D,5,0.1486848832486209,0.07172625440758519,High
2020-07-23,Ridge,120D,5,0.1633543180475938,0.06857338158933704,High
2020-07-24,Ridge,120D,5,0.1658034450031268,0.06794060065159738,High
2020-07-27,Ridge,120D,5,0.1512195153833661,0.07344652496793458,Normal
2020-07-28,Ridge,120D,5,0.165817408437774,0.07421332643981862,Normal
2020-07-29,Ridge,120D,5,0.1673050424625422,0.0650345275299467,Normal
2020-07-30,Ridge,120D,5,0.1713790173873104,0.06731790617141371,Normal
2020-07-31,Ridge,120D,5,0.1607226284821964,0.07068858263003211,Normal
2020-08-03,Ridge,120D,5,0.1571765833308549,0.07731924172459181,Normal
2020-08-04,Ridge,120D,5,0.1520812171435677,0.08114508978034166,Normal
2020-08-05,Ridge,120D,5,0.1196587415819495,0.07990006746149679,Normal
2020-08-06,Ridge,120D,5,0.122964914340045,0.08473778675344225,Normal
2020-08-07,Ridge,120D,5,0.1028317074152965,0.0828189423970076,Normal
2020-08-10,Ridge,120D,5,0.1160175423765833,0.08162748787329181,Normal
2020-08-11,Ridge,120D,5,0.1378211265922712,0.07381658926180679,Normal
2020-08-12,Ridge,120D,5,0.1249298849140025,0.07071219839270824,Normal
2020-08-13,Ridge,120D,5,0.137774005234081,0.07027307308528839,Normal
2020-08-14,Ridge,120D,5,0.1418358222381239,0.06590068155943565,Normal
2020-08-17,Ridge,120D,5,0.1465017522069896,0.06539855939239493,Normal
2020-08-18,Ridge,120D,5,0.1430868663654514,0.06664668538362792,Normal
2020-08-19,Ridge,120D,5,0.1471557451882419,0.07332423573473645,Normal
2020-08-20,Ridge,120D,5,0.1456631652344834,0.07642124145360336,Low
2020-08-21,Ridge,120D,5,0.1469279361776734,0.08227544237983961,Low
2020-08-24,Ridge,120D,5,0.1363648862973545,0.07944898347237972,Low
2020-08-25,Ridge,120D,5,0.1324545332028974,0.08103900710682937,Low
2020-08-26,Ridge,120D,5,0.1178849176308125,0.08581637900991723,Low
2020-08-27,Ridge,120D,5,0.1143566525033385,0.09732025838409966,Low
2020-08-28,Ridge,120D,5,0.0998837567600575,0.09546475383673678,Low
2020-08-31,Ridge,120D,5,0.1033366615470924,0.10272832854908584,Low
2020-09-01,Ridge,120D,5,0.1071274977973724,0.10743069323519061,Low
2020-09-02,Ridge,120D,5,0.0670950532293308,0.10653321574080314,Low
2020-09-03,Ridge,120D,5,0.0980911150777175,0.07558223112390303,High
2020-09-04,Ridge,120D,5,0.129769569057686,0.08967462912164487,High
2020-09-08,Ridge,120D,5,0.1498047194046441,0.07759128310905641,High
2020-09-09,Ridge,120D,5,0.1167076228476626,0.06280346187175513,High
2020-09-10,Ridge,120D,5,0.1209408307086675,0.055279814986421434,High
2020-09-11,Ridge,120D,5,0.1397162568892893,0.05427434835194979,High
2020-09-14,Ridge,120D,5,0.1216812786402409,0.05138271498047148,High
2020-09-15,Ridge,120D,5,0.1305308934536718,0.06742685234260476,High
2020-09-16,Ridge,120D,5,0.1411727441168119,0.0693899939012659,High
2020-09-17,Ridge,120D,5,0.1599625191460221,0.07199894135556156,High
2020-09-18,Ridge,120D,5,0.1722229794213815,0.06511832033383023,High
2020-09-21,Ridge,120D,5,0.1903324829880924,0.0706151093336412,High
2020-09-22,Ridge,120D,5,0.1782985496111204,0.07404149539214246,High
2020-09-23,Ridge,120D,5,0.2051811331756537,0.05805119903813742,High
2020-09-24,Ridge,120D,5,0.1873275675550769,0.058494224909716945,High
2020-09-25,Ridge,120D,5,0.1708742426571335,0.05202642603511727,High
2020-09-28,Ridge,120D,5,0.1618926077016218,0.06045707930674586,High
2020-09-29,Ridge,120D,5,0.1590567722867318,0.058697380733549784,High
2020-09-30,Ridge,120D,5,0.1453545931180034,0.07060649714430835,High
2020-10-01,Ridge,120D,5,0.1453022269864379,0.08082073492391498,High
2020-10-02,Ridge,120D,5,0.1714204585115253,0.08403019371626885,High
2020-10-05,Ridge,120D,5,0.1527389598822376,0.08475664167103808,High
2020-10-06,Ridge,120D,5,0.1636481948601107,0.08766477947463588,High
2020-10-07,Ridge,120D,5,0.150016984682289,0.08398096887159248,High
2020-10-08,Ridge,120D,5,0.153794602215094,0.08608047038760985,High
2020-10-09,Ridge,120D,5,0.1593744947965849,0.07936726920355733,High
2020-10-12,Ridge,120D,5,0.1421179596974639,0.07458370506220448,High
2020-10-13,Ridge,120D,5,0.1499189970247339,0.08562728413139185,High
2020-10-14,Ridge,120D,5,0.1607759200493851,0.08072750175827761,High
2020-10-15,Ridge,120D,5,0.1699951316992854,0.08076899226289065,High
2020-10-16,Ridge,120D,5,0.1696641231679154,0.09065073458191478,High
2020-10-19,Ridge,120D,5,0.1894178585599206,0.08986741755207,High
2020-10-20,Ridge,120D,5,0.1806055589191893,0.09427833118136733,High
2020-10-21,Ridge,120D,5,0.1938367743318788,0.1045939060545993,High
2020-10-22,Ridge,120D,5,0.1922337437189057,0.0961266576104306,High
2020-10-23,Ridge,120D,5,0.1834732155047582,0.09687941173304487,High
2020-10-26,Ridge,120D,5,0.1954121274850024,0.09745523444596649,High
2020-10-27,Ridge,120D,5,0.2077053537553012,0.12222874546976178,High
2020-10-28,Ridge,120D,5,0.2343775580033245,0.10988097305583651,High
2020-10-29,Ridge,120D,5,0.2333704429588582,0.1120314132133466,High
2020-10-30,Ridge,120D,5,0.2473548409687007,0.11250741466110707,High
