Date,Model,Horizon,Fold,Actual,Prediction,Regime
2015-06-10,Historical_Mean,1D,1,0.0017371167565281,0.0002863829398952438,Low
2015-06-11,Historical_Mean,1D,1,-0.0070188746531027,0.00028661132997972625,Low
2015-06-12,Historical_Mean,1D,1,-0.0046332896217713,0.00028546140301875,Low
2015-06-15,Historical_Mean,1D,1,0.0056737305157538,0.0002846872841920597,Low
2015-06-16,Historical_Mean,1D,1,0.0019776843950728,0.0002855352847005666,Low
2015-06-17,Historical_Mean,1D,1,0.0098540000540088,0.00028580151332082657,Low
2015-06-18,Historical_Mean,1D,1,-0.0053176152379496,0.0002873066570270855,Low
2015-06-19,Historical_Mean,1D,1,0.0060763679815421,0.0002864251027812571,Low
2015-06-22,Historical_Mean,1D,1,0.0006356664251933,0.0002873356143206125,Low
2015-06-23,Historical_Mean,1D,1,-0.0073804657183052,0.0002873903833160327,Low
2015-06-24,Historical_Mean,1D,1,-0.0029780041565964,0.0002861849351000885,Low
2015-06-25,Historical_Mean,1D,1,-0.0003901557449223,0.0002856718591661532,Low
2015-06-26,Historical_Mean,1D,1,-0.0210869695086115,0.0002855656470643005,Low
2015-06-29,Historical_Mean,1D,1,0.0026549623524674,0.00028220729773122767,Normal
2015-06-30,Historical_Mean,1D,1,0.006912096434637,0.00028258007935805186,Normal
2015-07-01,Historical_Mean,1D,1,-0.0003080701895465,0.00028362147369598447,Normal
2015-07-02,Historical_Mean,1D,1,-0.0038692326988974,0.0002835285426981452,Normal
2015-07-06,Historical_Mean,1D,1,0.0060625605938687,0.00028287641310618613,Normal
2015-07-07,Historical_Mean,1D,1,-0.0167929649121416,0.00028378388432313736,Normal
2015-07-08,Historical_Mean,1D,1,0.0022596476448199,0.0002811030760348383,Normal
2015-07-09,Historical_Mean,1D,1,0.0122629863850077,0.0002814136308251044,Normal
2015-07-10,Historical_Mean,1D,1,0.0110052685073551,0.0002832939780872172,Normal
2015-07-13,Historical_Mean,1D,1,0.0044432732365001,0.0002849763842584502,Normal
2015-07-14,Historical_Mean,1D,1,-0.0007352563007372,0.00028562876845240084,Normal
2015-07-15,Historical_Mean,1D,1,0.0079827334444757,0.0002854686296180182,Normal
2015-07-16,Historical_Mean,1D,1,0.0011055716244507,0.0002866758543380398,Normal
2015-07-17,Historical_Mean,1D,1,0.0007709366240016,0.0002868042682897589,Normal
2015-07-20,Historical_Mean,1D,1,-0.004270796242723,0.0002868801748993092,Normal
2015-07-21,Historical_Mean,1D,1,-0.0023905650201902,0.00028616569356718465,Normal
2015-07-22,Historical_Mean,1D,1,-0.0056922102113794,0.0002857461432985706,Normal
2015-07-23,Historical_Mean,1D,1,-0.0107610206966611,0.00028480930638356074,Normal
2015-07-24,Historical_Mean,1D,1,-0.0057917550650641,0.00028307852763034163,Normal
2015-07-27,Historical_Mean,1D,1,0.0123100738018893,0.000282126806873222,Normal
2015-07-28,Historical_Mean,1D,1,0.0072921429273836,0.0002840108837834689,Normal
2015-07-29,Historical_Mean,1D,1,2.836690402236809e-05,0.00028510847689914627,Normal
2015-07-30,Historical_Mean,1D,1,-0.0022741038010517,0.00028506827308253546,Normal
2015-07-31,Historical_Mean,1D,1,-0.0027606939449045,0.0002846675885555064,Normal
2015-08-03,Historical_Mean,1D,1,-0.0022522391669328,0.000284190856944132,Normal
2015-08-04,Historical_Mean,1D,1,0.0031098381854906,0.00028379385740995186,Normal
2015-08-05,Historical_Mean,1D,1,-0.0077831959225621,0.00028423611786818043,Low
2015-08-06,Historical_Mean,1D,1,-0.0028790228563377,0.0002829738064864827,Low
2015-08-07,Historical_Mean,1D,1,0.012726835632025,0.00028247912615750515,Low
2015-08-10,Historical_Mean,1D,1,-0.0096030646801822,0.00028442568591127763,Low
2015-08-11,Historical_Mean,1D,1,0.0009496036382146,0.0002828793158196146,Low
2015-08-12,Historical_Mean,1D,1,-0.0012760258683812,0.0002829835729458687,Low
2015-08-13,Historical_Mean,1D,1,0.0039043322743591,0.00028273982537843173,Low
2015-08-14,Historical_Mean,1D,1,0.0051978917094029,0.0002833059645763339,Low
2015-08-17,Historical_Mean,1D,1,-0.0026289829356331,0.0002840741086439842,Low
2015-08-18,Historical_Mean,1D,1,-0.0082891364095971,0.000283618872350145,Low
2015-08-19,Historical_Mean,1D,1,-0.0213259604541461,0.00028227937933734075,Low
2015-08-20,Historical_Mean,1D,1,-0.0323692425218784,0.0002789036193258608,Normal
2015-08-21,Historical_Mean,1D,1,-0.0402114443465191,0.00027380394014104285,High
2015-08-24,Historical_Mean,1D,1,-0.0136142497426558,0.00026748108393509875,High
2015-08-25,Historical_Mean,1D,1,0.0382912994345316,0.0002653134182844755,High
2015-08-26,Historical_Mean,1D,1,0.02400725448969,0.0002712503403791277,High
2015-08-27,Historical_Mean,1D,1,0.0006085511568762,0.0002749556173303158,High
2015-08-28,Historical_Mean,1D,1,-0.0084270786639841,0.000275007684684701,High
2015-08-31,Historical_Mean,1D,1,-0.0300226498424279,0.000273649681197081,High
2015-09-01,Historical_Mean,1D,1,0.0181276714232146,0.0002689225319501431,High
2015-09-02,Historical_Mean,1D,1,0.0011641156994188,0.0002717086082202312,High
2015-09-03,Historical_Mean,1D,1,-0.0154483087542762,0.00027184780757933254,High
2015-09-04,Historical_Mean,1D,1,0.0247736371970385,0.00026939613001198136,High
2015-09-08,Historical_Mean,1D,1,-0.0139950357690847,0.0002732171562192208,High
2015-09-09,Historical_Mean,1D,1,0.0052640754449356,0.0002709926078990923,High
2015-09-10,Historical_Mean,1D,1,0.0044770064449862,0.000271770952846409,High
2015-09-11,Historical_Mean,1D,1,-0.0040980412230438,0.0002724263823183759,High
2015-09-14,Historical_Mean,1D,1,0.0127496876314323,0.00027174530586436904,High
2015-09-15,Historical_Mean,1D,1,0.0086677407153759,0.0002736895162609985,High
2015-09-16,Historical_Mean,1D,1,-0.00256434444256,0.00027499720456121895,High
2015-09-17,Historical_Mean,1D,1,-0.0162962309543835,0.0002745549395071502,High
2015-09-18,Historical_Mean,1D,1,0.0045553920336726,0.0002719742221899269,High
2015-09-21,Historical_Mean,1D,1,-0.0123949300193783,0.0002726412134405471,High
2015-09-22,Historical_Mean,1D,1,-0.0020507442295939,0.0002706689931022599,High
2015-09-23,Historical_Mean,1D,1,-0.0033686518713064,0.0002703076274075687,High
2015-09-24,Historical_Mean,1D,1,-0.0004659018012205,0.0002697412523883136,High
2015-09-25,Historical_Mean,1D,1,-0.0260012111628091,0.00026962677323275666,High
2015-09-28,Historical_Mean,1D,1,0.0012320939129817,0.0002655391992579563,High
2015-09-29,Historical_Mean,1D,1,0.0188958986035651,0.0002656895655793197,High
2015-09-30,Historical_Mean,1D,1,0.0019719386783371,0.0002685874049070512,High
2015-10-01,Historical_Mean,1D,1,0.0142137930164055,0.0002688523117924991,High
2015-10-02,Historical_Mean,1D,1,0.0181245935185021,0.0002710207056199929,High
2015-10-05,Historical_Mean,1D,1,-0.0035946893441432,0.0002737964476617967,High
2015-10-06,Historical_Mean,1D,1,0.0080035198575527,0.00027319509746876006,High
2015-10-07,Historical_Mean,1D,1,0.0087797801445584,0.0002743965778480084,High
2015-10-08,Historical_Mean,1D,1,0.0007248485605153,0.00027571831577601313,High
2015-10-09,Historical_Mean,1D,1,0.001274664477333,0.00027578809984138593,High
2015-10-12,Historical_Mean,1D,1,-0.006848823690127,0.0002759432771565159,High
2015-10-13,Historical_Mean,1D,1,-0.0047274309119391,0.0002748366031945272,High
2015-10-14,Historical_Mean,1D,1,0.014743551351355,0.0002740597329483502,High
2015-10-15,Historical_Mean,1D,1,0.004560061373697,0.00027630654841704684,High
2015-10-16,Historical_Mean,1D,1,0.000270508943873,0.00027697162446506423,High
2015-10-19,Historical_Mean,1D,1,-0.0014221010558937,0.0002769706212547891,High
2015-10-20,Historical_Mean,1D,1,-0.0058424489111342,0.00027670691309443707,Normal
2015-10-21,Historical_Mean,1D,1,0.0164908470125941,0.00027575732342587274,Normal
2015-10-22,Historical_Mean,1D,1,0.0109699539690427,0.0002782732411433542,High
2015-10-23,Historical_Mean,1D,1,-0.0019149330011001,0.00027993189468475963,High
2015-10-26,Historical_Mean,1D,1,-0.0025573858650877,0.00027959144720596566,Normal
2015-10-27,Historical_Mean,1D,1,0.0117704884881434,0.00027915146933495236,Normal
2015-10-28,Historical_Mean,1D,1,-0.0004498753806607,0.0002809333482338217,Normal
2015-10-29,Historical_Mean,1D,1,-0.0048214816884254,0.00028082004455492327,Normal
2015-10-30,Historical_Mean,1D,1,0.0118038763388146,0.00028002911264778015,Normal
2015-11-02,Historical_Mean,1D,1,0.0027243529250675,0.00028181520180248676,Normal
2015-11-03,Historical_Mean,1D,1,-0.0035516669396471,0.0002821937137695199,Normal
2015-11-04,Historical_Mean,1D,1,-0.0011327897564983,0.0002815996851588263,Normal
2015-11-05,Historical_Mean,1D,1,-0.0003476817800236,0.0002813805698309166,Normal
2015-11-06,Historical_Mean,1D,1,-0.0098712906565025,0.0002812831314248053,Normal
2015-11-09,Historical_Mean,1D,1,0.0015094551534496,0.00027971079538826704,Normal
2015-11-10,Historical_Mean,1D,1,-0.0032333073215689,0.00027990121724612727,Normal
2015-11-11,Historical_Mean,1D,1,-0.0140891633366326,0.00027935729271619773,Normal
2015-11-12,Historical_Mean,1D,1,-0.0112706404321554,0.0002771330635166081,Normal
2015-11-13,Historical_Mean,1D,1,0.0147933027942343,0.00027534575915262854,Normal
2015-11-16,Historical_Mean,1D,1,-0.0013402770182465,0.00027759242536047157,Normal
2015-11-17,Historical_Mean,1D,1,0.0160332298771722,0.0002773420974255177,Normal
2015-11-18,Historical_Mean,1D,1,-0.0011237403289792,0.0002797795800647112,Normal
2015-11-19,Historical_Mean,1D,1,0.0038029552801494,0.00027956248495116995,Normal
2015-11-20,Historical_Mean,1D,1,-0.001235623841684,0.00028010739568349257,Normal
2015-11-23,Historical_Mean,1D,1,0.0012212499449607,0.00027987301633644336,Normal
2015-11-24,Historical_Mean,1D,1,-0.0001291406149671,0.0002800185600792733,Normal
2015-11-25,Historical_Mean,1D,1,0.0005934415594808,0.0002799553108637769,Normal
2015-11-27,Historical_Mean,1D,1,-0.0046518001396184,0.00028000376314331587,Normal
2015-11-30,Historical_Mean,1D,1,0.0106239389467392,0.00027924162376721296,Normal
2015-12-01,Historical_Mean,1D,1,-0.0110565926394489,0.0002808400009802804,Normal
2015-12-02,Historical_Mean,1D,1,-0.01447782644415,0.0002790885051297583,Normal
2015-12-03,Historical_Mean,1D,1,0.0203178563638512,0.0002768090928731504,Normal
2015-12-04,Historical_Mean,1D,1,-0.0070140439603977,0.0002799042353088227,Normal
2015-12-07,Historical_Mean,1D,1,-0.0065110526255945,0.00027877793076964627,Normal
2015-12-08,Historical_Mean,1D,1,-0.0077690863656927,0.0002777296320887193,Normal
2015-12-09,Historical_Mean,1D,1,0.0022488565785946,0.00027648745610882097,Normal
2015-12-10,Historical_Mean,1D,1,-0.0196138677558153,0.0002767918810389777,Normal
2015-12-11,Historical_Mean,1D,1,0.004744288064068,0.00027372233479872244,High
2015-12-14,Historical_Mean,1D,1,0.0105625801059143,0.00027441213046748797,Normal
2015-12-15,Historical_Mean,1D,1,0.0144106356507714,0.00027599932083704164,Normal
2015-12-16,Historical_Mean,1D,1,-0.0151547766358764,0.0002781795824952144,High
2015-12-17,Historical_Mean,1D,1,-0.0179574950071068,0.00027579942268362103,Normal
2015-12-18,Historical_Mean,1D,1,0.0077483067271562,0.00027298781213161015,High
2015-12-21,Historical_Mean,1D,1,0.0087780955915688,0.00027414034357086775,High
2015-12-22,Historical_Mean,1D,1,0.0123415965275538,0.00027545126622355743,High
2015-12-23,Historical_Mean,1D,1,-0.0015999154038633,0.00027731102967320755,High
2015-12-24,Historical_Mean,1D,1,-0.002180936456306,0.0002770217360326564,High
2015-12-28,Historical_Mean,1D,1,0.0105736641730229,0.0002766430059567953,High
2015-12-29,Historical_Mean,1D,1,-0.0072433987837785,0.0002782293595490101,High
2015-12-30,Historical_Mean,1D,1,-0.0094564850414678,0.0002770707600198469,High
2015-12-31,Historical_Mean,1D,1,-0.0154220417978059,0.00027557167549782506,High
2016-01-04,Historical_Mean,1D,1,0.0020102041393599,0.00027315442673384233,High
2016-01-05,Historical_Mean,1D,1,-0.013202163002626,0.00027342187087743374,High
2016-01-06,Historical_Mean,1D,1,-0.0239858165193447,0.00027134742739321215,High
2016-01-07,Historical_Mean,1D,1,-0.0108975374458479,0.0002676138328192953,High
2016-01-08,Historical_Mean,1D,1,0.0008529082958226,0.00026589558854741663,High
2016-01-11,Historical_Mean,1D,1,0.0077725141177746,0.0002659859120906195,High
2016-01-12,Historical_Mean,1D,1,-0.0252823750779089,0.00026714076258380163,High
2016-01-13,Historical_Mean,1D,1,0.0165580609343839,0.000263210672468359,High
2016-01-14,Historical_Mean,1D,1,-0.0218357726981623,0.00026571680139206175,High
2016-01-15,Historical_Mean,1D,1,0.0005316801874288,0.0002623181408508416,High
2016-01-19,Historical_Mean,1D,1,-0.0117627660258983,0.0002623595556796513,High
2016-01-20,Historical_Mean,1D,1,0.005181988635948,0.00026051095835734876,High
2016-01-21,Historical_Mean,1D,1,0.0200807268822134,0.0002612674105057642,High
2016-01-22,Historical_Mean,1D,1,-0.0157615451728214,0.0002643132779518542,High
2016-01-25,Historical_Mean,1D,1,0.0140452378303679,0.00026185079201903716,High
2016-01-26,Historical_Mean,1D,1,-0.0109229223005284,0.0002639683810555019,High
2016-01-27,Historical_Mean,1D,1,0.0055133507175915,0.0002622499646681618,High
2016-01-28,Historical_Mean,1D,1,0.0244586509945564,0.0002630564614816963,High
2016-01-29,Historical_Mean,1D,1,-0.0004433348455418,0.0002667720011827213,High
2016-02-01,Historical_Mean,1D,1,-0.0189209687182314,0.0002666629720338307,High
2016-02-02,Historical_Mean,1D,1,0.004979620021574,0.000263717373063879,High
2016-02-03,Historical_Mean,1D,1,0.0015255682925234,0.00026444122611813997,High
2016-02-04,Historical_Mean,1D,1,-0.0186541582763518,0.0002646347692529474,High
2016-02-05,Historical_Mean,1D,1,-0.0142550579230573,0.0002617317781457501,High
2016-02-08,Historical_Mean,1D,1,-0.0006638406467602,0.0002595045934723529,High
2016-02-09,Historical_Mean,1D,1,-0.0001889681307609,0.00025936295438043196,High
2016-02-10,Historical_Mean,1D,1,-0.0123774473292562,0.00025929419194406055,High
2016-02-11,Historical_Mean,1D,1,0.0193300152070459,0.00025735633862076655,High
2016-02-12,Historical_Mean,1D,1,0.0163817377416849,0.0002602806960062963,High
2016-02-16,Historical_Mean,1D,1,0.0163461106256413,0.000262752174934041,High
2016-02-17,Historical_Mean,1D,1,-0.0046766321239347,0.00026521743527289866,High
2016-02-18,Historical_Mean,1D,1,-2.60332818018429e-05,0.0002644600636929435,High
2016-02-19,Historical_Mean,1D,1,0.014350731099076,0.00026441555046194517,High
2016-02-22,Historical_Mean,1D,1,-0.0125325775707884,0.0002665737112630198,High
2016-02-23,Historical_Mean,1D,1,0.0044299600346319,0.000264613056961235,High
2016-02-24,Historical_Mean,1D,1,0.0112843667304508,0.00026525103321757906,High
2016-02-25,Historical_Mean,1D,1,-0.0018718653295646,0.00026693849350812015,High
2016-02-26,Historical_Mean,1D,1,-0.0081541310915717,0.00026661100861712756,High
2016-02-29,Historical_Mean,1D,1,0.0235883854016187,0.0002653218564278764,High
2016-03-01,Historical_Mean,1D,1,0.0040859498611019,0.00026889189523779383,High
2016-03-02,Historical_Mean,1D,1,0.0034926343203169,0.0002694760791933898,High
2016-03-03,Historical_Mean,1D,1,0.0033004398659416,0.00026996929392041714,High
2016-03-04,Historical_Mean,1D,1,0.0008846228008639,0.00027043295220867007,High
2016-03-07,Historical_Mean,1D,1,-0.0113037560560061,0.0002705269081286112,High
2016-03-08,Historical_Mean,1D,1,0.0050396727828142,0.0002687565987122553,High
2016-03-09,Historical_Mean,1D,1,0.0001557927971226,0.00026948620816081046,High
2016-03-10,Historical_Mean,1D,1,0.0162625455888514,0.000269468823847196,High
2016-03-11,Historical_Mean,1D,1,-0.0012617686166118,0.00027191387456803446,Normal
2016-03-14,Historical_Mean,1D,1,-0.0018386309343179,0.0002716794382349284,Normal
2016-03-15,Historical_Mean,1D,1,0.0055847278817799,0.0002713569087572342,Normal
2016-03-16,Historical_Mean,1D,1,0.0065735830685963,0.0002721688541993221,Normal
2016-03-17,Historical_Mean,1D,1,0.0043959672510261,0.00027313163711977997,Normal
2016-03-18,Historical_Mean,1D,1,0.0009850919042923,0.0002737614622975842,Normal
2016-03-21,Historical_Mean,1D,1,-0.0008777728967722,0.0002738701121283455,Normal
2016-03-22,Historical_Mean,1D,1,-0.0064065095306671,0.00027369423506528803,Normal
2016-03-23,Historical_Mean,1D,1,-0.0003781417793768,0.0002726742008973643,Normal
2016-03-24,Historical_Mean,1D,1,0.0005451068880723,0.0002725748396790018,Normal
2016-03-28,Historical_Mean,1D,1,0.0087780120542374,0.0002726164412739329,Normal
2016-03-29,Historical_Mean,1D,1,0.0043408799935662,0.00027391457857749873,Normal
2016-03-30,Historical_Mean,1D,1,-0.0020418423596207,0.00027453520507146926,Low
2016-03-31,Historical_Mean,1D,1,0.0063109590665997,0.00027418177547661236,Low
2016-04-01,Historical_Mean,1D,1,-0.0032134800458546,0.00027510271785512083,Low
2016-04-04,Historical_Mean,1D,1,-0.0101962984117945,0.0002745705972383256,Low
2016-04-05,Historical_Mean,1D,1,0.0104527979320131,0.0002729736978927357,Low
2016-04-06,Historical_Mean,1D,1,-0.0120480739700048,0.00027452597362224475,Low
2016-04-07,Historical_Mean,1D,1,0.0027827026046162,0.0002726472421168892,Normal
2016-04-08,Historical_Mean,1D,1,-0.0027435458896038,0.0002730298725075141,Normal
2016-04-11,Historical_Mean,1D,1,0.0096157538813899,0.00027257009872880484,Low
2016-04-12,Historical_Mean,1D,1,0.0099900697685578,0.00027399393045429417,Low
2016-04-13,Historical_Mean,1D,1,0.0001729124301324,0.0002754743625490837,Low
2016-04-14,Historical_Mean,1D,1,-0.0009847695761459,0.0002754587376355528,Low
2016-04-15,Historical_Mean,1D,1,0.0065197256137979,0.0002752667759731337,Low
2016-04-18,Historical_Mean,1D,1,0.0030797379028665,0.00027621780534228157,Low
2016-04-19,Historical_Mean,1D,1,0.0007612550492345,0.0002766447156662535,Low
2016-04-20,Historical_Mean,1D,1,-0.005207562857292,0.0002767184992127773,Low
2016-04-21,Historical_Mean,1D,1,4.785857954074228e-05,0.00027588362611847,Low
2016-04-22,Historical_Mean,1D,1,-0.0018136896207629,0.00027584891910985846,Low
2016-04-25,Historical_Mean,1D,1,0.0018710001742369,0.00027553092511505207,Low
2016-04-26,Historical_Mean,1D,1,0.0016479941117468,0.0002757736928035977,Low
2016-04-27,Historical_Mean,1D,1,-0.0092736360615616,0.00027598245903194746,Low
2016-04-28,Historical_Mean,1D,1,-0.0050759492305571,0.0002745298246357513,Low
2016-04-29,Historical_Mean,1D,1,0.0077796066972441,0.00027371606356271815,Low
2016-05-02,Historical_Mean,1D,1,-0.0087144993883958,0.00027485747028925127,Low
2016-05-03,Historical_Mean,1D,1,-0.0059545827054725,0.0002734906834778349,Low
2016-05-04,Historical_Mean,1D,1,-0.0002390366927941,0.0002725438799830112,Low
2016-05-05,Historical_Mean,1D,1,0.0031696105535526,0.00027246612035802613,Low
2016-05-06,Historical_Mean,1D,1,0.0007532133076099,0.00027290641586459065,Low
2016-05-09,Historical_Mean,1D,1,0.0124063652360373,0.0002729793997411664,Low
2016-05-10,Historical_Mean,1D,1,-0.0096075228778687,0.000274822819041728,Low
2016-05-11,Historical_Mean,1D,1,-0.0001694792679642,0.0002733216272299536,Low
2016-05-12,Historical_Mean,1D,1,-0.0085144341617524,0.00027325437314502135,Low
2016-05-13,Historical_Mean,1D,1,0.0097489763896127,0.00027191987222856007,Low
2016-05-16,Historical_Mean,1D,1,-0.0094558635521628,0.00027335884224334665,Low
2016-05-17,Historical_Mean,1D,1,0.0002051576864012,0.00027188180832890817,Low
2016-05-18,Historical_Mean,1D,1,-0.0037135945227206,0.00027187168019868234,Low
2016-05-19,Historical_Mean,1D,1,0.0060014592228046,0.0002712668135720441,Low
2016-05-20,Historical_Mean,1D,1,-0.0020876365681016,0.0002721363420104709,Low
2016-05-23,Historical_Mean,1D,1,0.0135886375339901,0.00027177831243831006,Low
2016-05-24,Historical_Mean,1D,1,0.0069505296515834,0.00027379846705323,Normal
2016-05-25,Historical_Mean,1D,1,-0.0002104660499285,0.0002748111670660512,Normal
2016-05-26,Historical_Mean,1D,1,0.0042776949394394,0.0002747375733115782,Normal
2016-05-27,Historical_Mean,1D,1,-0.0010057686205899,0.00027534454182804945,Normal
2016-05-31,Historical_Mean,1D,1,0.0011343986539261,0.0002751503160605513,Normal
2016-06-01,Historical_Mean,1D,1,0.0028206961669861,0.0002752805644064457,Low
2016-06-02,Historical_Mean,1D,1,-0.0029160622366948,0.00027566635034196853,Low
2016-06-03,Historical_Mean,1D,1,0.0048853285193636,0.0002751826818183988,Low
2016-06-06,Historical_Mean,1D,1,0.0012886156291976,0.00027588118876348136,Low
2016-06-07,Historical_Mean,1D,1,0.0033041019719547,0.00027603461013000677,Low
2016-06-08,Historical_Mean,1D,1,-0.0017192355978938,0.0002764932692275264,Low
2016-06-09,Historical_Mean,1D,1,-0.0092175324101661,0.00027619102345028556,Low
2016-06-10,Historical_Mean,1D,1,-0.0081482987897094,0.0002747534517613672,Low
2016-06-13,Historical_Mean,1D,1,-0.0018005050719719,0.00027347819782624677,Low
2016-06-14,Historical_Mean,1D,1,-0.0018424090638101,0.00027316424335004357,Low
2016-06-15,Historical_Mean,1D,1,0.0031280931110455,0.0002728440415478399,Low
2016-06-16,Historical_Mean,1D,1,-0.0032632841446089,0.0002732761312980665,Low
2016-06-17,Historical_Mean,1D,1,0.0057913827784231,0.00027274101853124746,Low
2016-06-20,Historical_Mean,1D,1,0.0027083906042097,0.00027357591138448375,Low
2016-06-21,Historical_Mean,1D,1,-0.0016529289965758,0.0002739442088724319,Low
2016-06-22,Historical_Mean,1D,1,0.0132755670719551,0.0002736527882424488,Low
2016-06-23,Historical_Mean,1D,1,-0.0365807928055826,0.0002756189026056293,Low
2016-06-24,Historical_Mean,1D,1,-0.0182622465117027,0.00027004641822277653,Normal
2016-06-27,Historical_Mean,1D,1,0.0176141216040879,0.00026724486222429953,Normal
2016-06-28,Historical_Mean,1D,1,0.0168892429712539,0.0002698668206193817,High
2016-06-29,Historical_Mean,1D,1,0.0134738631494661,0.000272378438595902,High
2016-06-30,Historical_Mean,1D,1,0.001946706293032,0.00027437322323036405,High
2016-07-01,Historical_Mean,1D,1,-0.0068710289855987,0.00027462587968448126,High
2016-07-05,Historical_Mean,1D,1,0.0053386870582759,0.0002735464756262814,High
2016-07-06,Historical_Mean,1D,1,-0.000871957886733,0.00027431148704187564,High
2016-07-07,Historical_Mean,1D,1,0.0151381865659924,0.0002741383868646218,High
2016-07-08,Historical_Mean,1D,2,0.0034028193119982,0.00027638269430522734,High
2016-07-11,Historical_Mean,1D,2,0.0069848423073457,0.0002768546805095892,High
2016-07-12,Historical_Mean,1D,2,0.0001347586749817,0.0002778672069438286,High
2016-07-13,Historical_Mean,1D,2,0.0052454228016969,0.00027784560891606496,High
2016-07-14,Historical_Mean,1D,2,-0.0009293790598711,0.00027859520559522305,High
2016-07-15,Historical_Mean,1D,2,0.0023794618218687,0.00027841295238679423,High
2016-07-18,Historical_Mean,1D,2,-0.0014362045004153,0.00027872990047390873,High
2016-07-19,Historical_Mean,1D,2,0.0042612083157639,0.0002784712376683447,High
2016-07-20,Historical_Mean,1D,2,-0.0036190698565249,0.0002790718615679218,High
2016-07-21,Historical_Mean,1D,2,0.0045436267895102,0.0002784840838661587,High
2016-07-22,Historical_Mean,1D,2,-0.0030160187399297,0.000279127102516188,High
2016-07-25,Historical_Mean,1D,2,0.0003227321607194,0.0002786303967817222,Normal
2016-07-26,Historical_Mean,1D,2,-0.0011992609468086,0.0002786370436187889,Normal
2016-07-27,Historical_Mean,1D,2,0.0016049204480924,0.00027841433445808557,Low
2016-07-28,Historical_Mean,1D,2,0.0016299801176578,0.00027861419977579454,Low
2016-07-29,Historical_Mean,1D,2,-0.001270594147491,0.0002788177800586933,Low
2016-08-01,Historical_Mean,1D,2,-0.0063819408126676,0.00027858439974124343,Low
2016-08-02,Historical_Mean,1D,2,0.003129042716071,0.0002775813085947963,Low
2016-08-03,Historical_Mean,1D,2,0.000212549299489,0.0002780106808892514,Low
2016-08-04,Historical_Mean,1D,2,0.00856669728938,0.00027800082521605053,Low
2016-08-05,Historical_Mean,1D,2,-0.0009075772915415,0.00027924855914110907,Low
2016-08-08,Historical_Mean,1D,2,0.0003897179865559,0.00027906992791734594,Low
2016-08-09,Historical_Mean,1D,2,-0.0028687970634882,0.00027908657924294994,Low
2016-08-10,Historical_Mean,1D,2,0.0047234151024436,0.0002786129283788616,Low
2016-08-11,Historical_Mean,1D,2,-0.000796363386914,0.0002792816213492339,Low
2016-08-12,Historical_Mean,1D,2,0.0027890162945217,0.0002791198215585806,Low
2016-08-15,Historical_Mean,1D,2,-0.0054941422164782,0.0002794973063642601,Low
2016-08-16,Historical_Mean,1D,2,0.0018668460061555,0.0002786290898946597,Low
2016-08-17,Historical_Mean,1D,2,0.0021972016963824,0.00027886788359730006,Low
2016-08-18,Historical_Mean,1D,2,-0.0014413095687681,0.0002791562681151571,Low
2016-08-19,Historical_Mean,1D,2,-0.0005634818833231,0.0002788976681096132,Low
2016-08-22,Historical_Mean,1D,2,0.0019498671783617,0.0002787710706417093,Low
2016-08-23,Historical_Mean,1D,2,-0.0052540552596718,0.0002790221744896011,Low
2016-08-24,Historical_Mean,1D,2,-0.0013661603966454,0.000278190882807786,Low
2016-08-25,Historical_Mean,1D,2,-0.0015800642387132,0.0002779438719501244,Low
2016-08-26,Historical_Mean,1D,2,0.0052144284286743,0.0002776648079503252,Low
2016-08-29,Historical_Mean,1D,2,-0.0019555914071227,0.0002784061750656164,Low
2016-08-30,Historical_Mean,1D,2,-0.0023786911055626,0.00027807073999321574,Low
2016-08-31,Historical_Mean,1D,2,-4.138538941144249e-05,0.00027767188669107555,Low
2016-09-01,Historical_Mean,1D,2,0.0041922415990346,0.000277623994575179,Low
2016-09-02,Historical_Mean,1D,2,0.0029772423700053,0.0002782115103495238,Low
2016-09-06,Historical_Mean,1D,2,-0.0001463959382934,0.00027861652698512647,Low
2016-09-07,Historical_Mean,1D,2,-0.0022254881924702,0.0002785527591733817,Low
2016-09-08,Historical_Mean,1D,2,-0.0248277424108364,0.0002781771154662645,Low
2016-09-09,Historical_Mean,1D,2,0.0145703872334344,0.0002744114158223013,Low
2016-09-12,Historical_Mean,1D,2,-0.0149417482782108,0.0002765553834014273,Normal
2016-09-13,Historical_Mean,1D,2,-0.0005878493998128,0.0002742734365335892,Normal
2016-09-14,Historical_Mean,1D,2,0.0100585164494398,0.0002741441827350365,Normal
2016-09-15,Historical_Mean,1D,2,-0.0037794277955721,0.000275610885218428,Normal
2016-09-16,Historical_Mean,1D,2,-1.8603233824686035e-05,0.0002750031156319786,Normal
2016-09-19,Historical_Mean,1D,2,0.0002990934842341,0.00027495911647875564,Normal
2016-09-20,Historical_Mean,1D,2,0.0108580003336359,0.0002749627326561239,Normal
2016-09-21,Historical_Mean,1D,2,0.0064787519176421,0.0002765482064540234,Normal
2016-09-22,Historical_Mean,1D,2,-0.0057532929597187,0.00027747723636882093,Normal
2016-09-23,Historical_Mean,1D,2,-0.008624850117916,0.00027657402082350305,Normal
2016-09-26,Historical_Mean,1D,2,0.0064234951652981,0.0002752410732136289,Normal
2016-09-27,Historical_Mean,1D,2,0.0052825766036424,0.0002761616083374625,Normal
2016-09-28,Historical_Mean,1D,2,-0.0093651277300811,0.000276911071660113,Normal
2016-09-29,Historical_Mean,1D,2,0.0079363925880277,0.0002754678687261598,Normal
2016-09-30,Historical_Mean,1D,2,-0.0032660231815271,0.0002766143704800211,Normal
2016-10-03,Historical_Mean,1D,2,-0.004967881786362,0.0002760842735846138,Normal
2016-10-04,Historical_Mean,1D,2,0.0042874862311969,0.000275299718518793,Normal
2016-10-05,Historical_Mean,1D,2,0.0004814438526045,0.00027589989600760044,Normal
2016-10-06,Historical_Mean,1D,2,-0.0032587874416142,0.00027593063844801274,Normal
2016-10-07,Historical_Mean,1D,2,0.0045953303173243,0.00027540204295226545,Normal
2016-10-10,Historical_Mean,1D,2,-0.0125245776977559,0.0002760479652420938,Normal
2016-10-11,Historical_Mean,1D,2,0.0011459322063988,0.0002741342822307322,Low
2016-10-12,Historical_Mean,1D,2,-0.0031040764122339,0.0002742645958217887,Low
2016-10-13,Historical_Mean,1D,2,0.0002015841591211,0.0002737596875856423,Low
2016-10-14,Historical_Mean,1D,2,-0.0030426181118402,0.00027374890224068346,Low
2016-10-17,Historical_Mean,1D,2,0.0061415056056986,0.00027325340440502216,Low
2016-10-18,Historical_Mean,1D,2,0.0021895721553504,0.0002741300479964912,Low
2016-10-19,Historical_Mean,1D,2,-0.0013766711313809,0.00027441614838593915,Low
2016-10-20,Historical_Mean,1D,2,-8.414514015477906e-05,0.0002741695702378258,Low
2016-10-21,Historical_Mean,1D,2,0.0047385946474273,0.00027411606647339507,Low
2016-10-24,Historical_Mean,1D,2,-0.0038049574647063,0.00027478260552698625,Low
2016-10-25,Historical_Mean,1D,2,-0.0017419279211872,0.00027417359820197754,Low
2016-10-26,Historical_Mean,1D,2,-0.0029911959060088,0.00027387268752744186,Low
2016-10-27,Historical_Mean,1D,2,-0.003113140139625,0.0002733854365807867,Low
2016-10-28,Historical_Mean,1D,2,-0.0001222838841985,0.00027288013583829106,Low
2016-10-31,Historical_Mean,1D,2,-0.006810019108735,0.0002728211825308113,Low
2016-11-01,Historical_Mean,1D,2,-0.006546884453454,0.0002717646729408254,Low
2016-11-02,Historical_Mean,1D,2,-0.0044332130226093,0.0002707477230338314,Low
2016-11-03,Historical_Mean,1D,2,-0.0016675202716929,0.000270046267509578,Low
2016-11-04,Historical_Mean,1D,2,0.0219801997294649,0.00026975738029633774,Low
2016-11-07,Historical_Mean,1D,2,0.0037648783971575,0.0002729938803483903,Normal
2016-11-08,Historical_Mean,1D,2,0.011016119879656,0.0002735143579928692,Low
2016-11-09,Historical_Mean,1D,2,0.0019488457160953,0.0002751153424223272,Low
2016-11-10,Historical_Mean,1D,2,-0.0013989283477976,0.00027536474346146785,Low
2016-11-11,Historical_Mean,1D,2,-0.0001155094571832,0.0002751152957422695,Low
2016-11-14,Historical_Mean,1D,2,0.0074529550220894,0.0002750571064449471,Low
2016-11-15,Historical_Mean,1D,2,-0.0015835165223759,0.00027612620056404814,Low
2016-11-16,Historical_Mean,1D,2,0.0046654693611979,0.00027584926196048303,Low
2016-11-17,Historical_Mean,1D,2,-0.0023896513655484,0.000276502868288541,Low
2016-11-18,Historical_Mean,1D,2,0.0074337020708738,0.0002761059419473415,Low
2016-11-21,Historical_Mean,1D,2,0.002163091103593,0.0002771713775128263,Normal
2016-11-22,Historical_Mean,1D,2,0.0008076981569088,0.0002774520620977467,Normal
2016-11-23,Historical_Mean,1D,2,0.0039067456134237,0.00027753096776661734,Low
2016-11-25,Historical_Mean,1D,2,-0.0052683892547352,0.00027807094911547274,Low
2016-11-28,Historical_Mean,1D,2,0.0013344023532619,0.0002772458285852956,Normal
2016-11-29,Historical_Mean,1D,2,-0.0026569305551563,0.0002774030733457711,Low
2016-11-30,Historical_Mean,1D,2,-0.0035217229667638,0.0002769666763159522,Low
2016-12-01,Historical_Mean,1D,2,0.0003969277200846,0.0002764018154024831,Low
2016-12-02,Historical_Mean,1D,2,0.0058044269267436,0.0002764197348054986,Low
2016-12-05,Historical_Mean,1D,2,0.0034050844688746,0.00027724149891906157,Low
2016-12-06,Historical_Mean,1D,2,0.0130773587447233,0.00027770639829033915,Low
2016-12-07,Historical_Mean,1D,2,0.0021570150168711,0.00027960856092170083,Low
2016-12-08,Historical_Mean,1D,2,0.0059214185329697,0.00027988752176210936,Low
2016-12-09,Historical_Mean,1D,2,-0.0011380822905995,0.0002807256633474916,Low
2016-12-12,Historical_Mean,1D,2,0.0065184832012369,0.0002805149075611061,Low
2016-12-13,Historical_Mean,1D,2,-0.0081502954618586,0.00028144138436099855,Low
2016-12-14,Historical_Mean,1D,2,0.0038757076875535,0.0002801892701872207,Low
2016-12-15,Historical_Mean,1D,2,-0.0017521567509802,0.0002807231259284778,Low
2016-12-16,Historical_Mean,1D,2,0.0019731727152112,0.0002804213325975828,Low
2016-12-19,Historical_Mean,1D,2,0.0036309124011527,0.0002806725944919889,Low
2016-12-20,Historical_Mean,1D,2,-0.0024603857246776,0.0002811698102543309,Low
2016-12-21,Historical_Mean,1D,2,-0.0018647112223965,0.0002807629909139344,Low
2016-12-22,Historical_Mean,1D,2,0.0012509325350792,0.0002804446712977163,Low
2016-12-23,Historical_Mean,1D,2,0.0022458489045486,0.00028058863923478513,Low
2016-12-27,Historical_Mean,1D,2,-0.0083916407097715,0.00028088013437944757,Low
2016-12-28,Historical_Mean,1D,2,-0.0002933477318683,0.0002795939826896728,Low
2016-12-29,Historical_Mean,1D,2,-0.0046478346968542,0.00027950902691942404,Low
2016-12-30,Historical_Mean,1D,2,0.0084507667531571,0.0002787785089470336,Low
2017-01-03,Historical_Mean,1D,2,0.0057059637705494,0.00027998989172856487,Low
2017-01-04,Historical_Mean,1D,2,-0.0007709676024811,0.0002807940971352376,Low
2017-01-05,Historical_Mean,1D,2,0.003510789180579,0.00028063823440559676,Low
2017-01-06,Historical_Mean,1D,2,-0.0035549054715596,0.00028111684619196116,Low
2017-01-09,Historical_Mean,1D,2,0.0,0.0002805485465893313,Low
2017-01-10,Historical_Mean,1D,2,0.0028256423891019,0.0002805069899982205,Low
2017-01-11,Historical_Mean,1D,2,-0.0021471123937296,0.0002808839354068555,Low
2017-01-12,Historical_Mean,1D,2,0.0018481313951466,0.00028052439204403356,Low
2017-01-13,Historical_Mean,1D,2,-0.0029719144562184,0.0002807564925775104,Low
2017-01-17,Historical_Mean,1D,2,0.0017622004698093,0.0002802749720817597,Low
2017-01-18,Historical_Mean,1D,2,-0.0036158376243193,0.00028049432162257195,Low
2017-01-19,Historical_Mean,1D,2,0.0033605840612999,0.00027991768525348186,Low
2017-01-20,Historical_Mean,1D,2,-0.0026937496460698,0.00028037353999986334,Low
2017-01-23,Historical_Mean,1D,2,0.0065431405289623,0.0002799335158563407,Low
2017-01-24,Historical_Mean,1D,2,0.0079940527959686,0.00028086002576952206,Low
2017-01-25,Historical_Mean,1D,2,-0.0007356549352631,0.0002820008618544502,Low
2017-01-26,Historical_Mean,1D,2,-0.0008668394897415,0.00028185036558158453,Low
2017-01-27,Historical_Mean,1D,2,-0.0060276734960966,0.0002816805164236187,Low
2017-01-30,Historical_Mean,1D,2,-0.0008903016080325,0.0002807477319746949,Low
2017-01-31,Historical_Mean,1D,2,0.0002983189881162,0.0002805746278593945,Low
2017-02-01,Historical_Mean,1D,2,0.000570146838691,0.0002805772504370263,Low
2017-02-02,Historical_Mean,1D,2,0.0072384968545536,0.00028062004186428415,Low
2017-02-03,Historical_Mean,1D,2,-0.0021175975137091,0.0002816480969489014,Low
2017-02-06,Historical_Mean,1D,2,0.0002268034638457,0.0002812936508548464,Low
2017-02-07,Historical_Mean,1D,2,0.0006930821486096,0.0002812856020827624,Low
2017-02-08,Historical_Mean,1D,2,0.0057360637359602,0.0002813464197679679,Low
2017-02-09,Historical_Mean,1D,2,0.003559706822009,0.00028215190076563365,Low
2017-02-10,Historical_Mean,1D,2,0.0052321335840112,0.00028263581556280527,Low
2017-02-13,Historical_Mean,1D,2,0.0039993271956725,0.0002833664765856054,Low
2017-02-14,Historical_Mean,1D,2,0.0049798886657344,0.0002839149578725555,Low
2017-02-15,Historical_Mean,1D,2,-0.0008644916015501,0.0002846079882308586,Low
2017-02-16,Historical_Mean,1D,2,0.0016771493272371,0.00028443842948955994,Low
2017-02-17,Historical_Mean,1D,2,0.0060298500200691,0.00028464390468840146,Low
2017-02-21,Historical_Mean,1D,2,-0.001082786146804,0.0002854914052217221,Low
2017-02-22,Historical_Mean,1D,2,0.0004188989712592,0.00028528959437334073,Low
2017-02-23,Historical_Mean,1D,2,0.0014922502320316,0.0002853092978649918,Low
2017-02-24,Historical_Mean,1D,2,0.0010174652677336,0.0002854872602557566,Low
2017-02-27,Historical_Mean,1D,2,-0.0025817061151949,0.0002855951738644073,Low
2017-02-28,Historical_Mean,1D,2,0.0135812110837253,0.0002851725174243926,Low
2017-03-01,Historical_Mean,1D,2,-0.0058771169721052,0.0002871321399102144,Low
2017-03-02,Historical_Mean,1D,2,0.0005037503685347,0.00028622376249907153,Low
2017-03-03,Historical_Mean,1D,2,-0.0032826227635658,0.0002862558129788175,Low
2017-03-06,Historical_Mean,1D,2,-0.0029176259020898,0.0002857300500771462,Low
2017-03-07,Historical_Mean,1D,2,-0.0022868279640638,0.00028525820504073926,Low
2017-03-08,Historical_Mean,1D,2,0.0007995756127663,0.00028487940000847056,Low
2017-03-09,Historical_Mean,1D,2,0.0032633397058585,0.00028495519093952015,Low
2017-03-10,Historical_Mean,1D,2,0.0003665656191696,0.0002853937045606802,Low
2017-03-13,Historical_Mean,1D,2,-0.003384748980891,0.00028540565390774465,Low
2017-03-14,Historical_Mean,1D,2,0.0083398791246863,0.00028486544863326734,Low
2017-03-15,Historical_Mean,1D,2,-0.0016280347991836,0.00028605088110950766,Low
2017-03-16,Historical_Mean,1D,2,-0.0013151792642314,0.0002857692322454269,Low
2017-03-17,Historical_Mean,1D,2,-0.0020119160803802,0.00028553369472939384,Low
2017-03-20,Historical_Mean,1D,2,-0.0124855945901021,0.00028519573506844803,Low
2017-03-21,Historical_Mean,1D,2,0.0018881028474626,0.00028331740144215436,Low
2017-03-22,Historical_Mean,1D,2,-0.00106083214483,0.00028355339930186325,Low
2017-03-23,Historical_Mean,1D,2,-0.0008443522139384,0.00028335572461518014,Low
2017-03-24,Historical_Mean,1D,2,-0.0010201075858456,0.00028318993397440486,Low
2017-03-27,Historical_Mean,1D,2,0.0072253088296239,0.0002829983570936434,Low
2017-03-28,Historical_Mean,1D,2,0.0010847362038301,0.0002840186849114756,Low
2017-03-29,Historical_Mean,1D,2,0.002930810911705,0.0002841363509686275,Low
2017-03-30,Historical_Mean,1D,2,-0.0022575939382668,0.00028452522469192115,Low
2017-03-31,Historical_Mean,1D,2,-0.0016434753080133,0.00028415176807917563,Low
2017-04-03,Historical_Mean,1D,2,0.0005593660746613,0.0002838686266167649,Low
2017-04-04,Historical_Mean,1D,2,-0.0030595368115221,0.0002839090873963279,Low
2017-04-05,Historical_Mean,1D,2,0.0019276502937349,0.0002834181261776908,Low
2017-04-06,Historical_Mean,1D,2,-0.0008274724629448,0.00028365953451237844,Low
2017-04-07,Historical_Mean,1D,2,0.0006874501357832,0.000283496420596134,Low
2017-04-10,Historical_Mean,1D,2,-0.0014349082919582,0.000283555712202649,Low
2017-04-11,Historical_Mean,1D,2,-0.0037670374189869,0.00028330351613511733,Low
2017-04-12,Historical_Mean,1D,2,-0.0068380202898042,0.00028270918877853303,Low
2017-04-13,Historical_Mean,1D,2,0.0085764656911072,0.00028166448081512593,Low
2017-04-17,Historical_Mean,1D,2,-0.0029076028458332,0.0002828812625681393,Low
2017-04-18,Historical_Mean,1D,2,-0.0017178253968685,0.00028241331242023646,Low
2017-04-19,Historical_Mean,1D,2,0.0075288503629738,0.0002821199792761847,Low
2017-04-20,Historical_Mean,1D,2,-0.0030396881071153,0.00028318254971367707,Low
2017-04-21,Historical_Mean,1D,2,0.0107817365881118,0.0002826953967072515,Low
2017-04-24,Historical_Mean,1D,2,0.0060722142117511,0.00028423439424337055,Low
2017-04-25,Historical_Mean,1D,2,-0.0004858214756873,0.00028508269848161,Low
2017-04-26,Historical_Mean,1D,2,0.0005527670002992,0.00028496972893674353,Low
2017-04-27,Historical_Mean,1D,2,-0.00191497947149,0.00028500896663218126,Low
2017-04-28,Historical_Mean,1D,2,0.0017307918268938,0.00028468667122665496,Low
2017-05-01,Historical_Mean,1D,2,0.0011883435858115,0.0002848984926937221,Low
2017-05-02,Historical_Mean,1D,2,-0.0012721693958273,0.0002850308074408102,Low
2017-05-03,Historical_Mean,1D,2,0.0005819332878695,0.00028480277988139185,Low
2017-05-04,Historical_Mean,1D,2,0.0040803594074783,0.00028484628361609,Low
2017-05-05,Historical_Mean,1D,2,3.7445271907879016e-05,0.0002854019142885921,Low
2017-05-08,Historical_Mean,1D,2,-0.0010257745567932,0.0002853656208690399,Low
2017-05-09,Historical_Mean,1D,2,0.0011299627174494,0.0002851737373365268,Low
2017-05-10,Historical_Mean,1D,2,-0.0021651513741066,0.00028529735293209496,Low
2017-05-11,Historical_Mean,1D,2,-0.0014795353407942,0.0002849388381219942,Low
2017-05-12,Historical_Mean,1D,2,0.0047651423030152,0.00028468072311630137,Low
2017-05-15,Historical_Mean,1D,2,-0.000687133036986,0.0002853360487825145,Low
2017-05-16,Historical_Mean,1D,2,-0.018345468171115,0.00028519383335610785,Low
2017-05-17,Historical_Mean,1D,2,0.0036800386272159,0.0002824696540894795,Low
2017-05-18,Historical_Mean,1D,2,0.0067447032082007,0.00028296637469958576,Low
2017-05-19,Historical_Mean,1D,2,0.0051468632960084,0.00028391093497344937,Low
2017-05-22,Historical_Mean,1D,2,0.0018361851723804,0.0002846216850992949,Low
2017-05-23,Historical_Mean,1D,2,0.0024860338045762,0.00028484842242024785,Low
2017-05-24,Historical_Mean,1D,2,0.0044321120419781,0.00028517004506521513,Low
2017-05-25,Historical_Mean,1D,2,0.0003105017853024,0.00028577588027294524,Low
2017-05-26,Historical_Mean,1D,2,-0.0012053507295338,0.00028577949200315697,Low
2017-05-30,Historical_Mean,1D,2,-0.0004600746199513,0.0002855617133816385,Low
2017-05-31,Historical_Mean,1D,2,0.0075425955848472,0.0002854528295712803,Low
2017-06-01,Historical_Mean,1D,2,0.003700874618046,0.00028651242115476346,Low
2017-06-02,Historical_Mean,1D,2,-0.0012184071404286,0.00028701086819080595,Low
2017-06-05,Historical_Mean,1D,2,-0.002782908666204,0.0002867911312168431,Low
2017-06-06,Historical_Mean,1D,2,0.0015670287963475,0.00028634313066263695,Low
2017-06-07,Historical_Mean,1D,2,0.0002671690356647,0.0002865300102286204,Low
2017-06-08,Historical_Mean,1D,2,-0.0008303338661872,0.0002865271854584769,Low
2017-06-09,Historical_Mean,1D,2,-0.0009792424797181,0.00028636425897391875,Low
2017-06-12,Historical_Mean,1D,2,0.0045013588432301,0.00028617966055812357,Low
2017-06-13,Historical_Mean,1D,2,-0.0009963269653176,0.00028679438699573065,Low
2017-06-14,Historical_Mean,1D,2,-0.0022421097968403,0.0002866072885191612,Low
2017-06-15,Historical_Mean,1D,2,0.0002835991500596,0.0002862386171260486,Low
2017-06-16,Historical_Mean,1D,2,0.0083125832068939,0.0002862382323640855,Low
2017-06-19,Historical_Mean,1D,2,-0.0067191604469316,0.0002874080829652413,Low
2017-06-20,Historical_Mean,1D,2,-0.0005828141932715,0.0002863870149777891,Low
2017-06-21,Historical_Mean,1D,2,-0.000455885972438,0.0002862603646487422,Low
2017-06-22,Historical_Mean,1D,2,0.001559698555409,0.0002861522430961363,Low
2017-06-23,Historical_Mean,1D,2,0.0003157519397323,0.0002863377560331083,Low
2017-06-26,Historical_Mean,1D,2,-0.0081055865756729,0.00028634204006801935,Low
2017-06-27,Historical_Mean,1D,2,0.008769501646551,0.0002851199738650572,Low
2017-06-28,Historical_Mean,1D,2,-0.0086372168441413,0.00028635532355531434,Low
2017-06-29,Historical_Mean,1D,2,0.0015320576108735,0.0002850562156549363,Low
2017-06-30,Historical_Mean,1D,2,0.0023081679791475,0.0002852377296862636,Low
2017-07-03,Historical_Mean,1D,2,0.0014522240362887,0.00028553214538259037,Low
2017-07-05,Historical_Mean,1D,2,-0.0094129873068661,0.00028570192010478275,Low
2017-07-06,Historical_Mean,1D,2,0.0063827125696158,0.0002842907911615308,Low
2017-07-07,Historical_Mean,1D,2,0.0009273361035125,0.00028517796337253665,Low
2017-07-10,Historical_Mean,1D,2,-0.0007829870660821,0.0002852713681929206,Low
2017-07-11,Historical_Mean,1D,2,0.0072790509478214,0.0002851160077458184,Low
2017-07-12,Historical_Mean,1D,2,0.001872829473473,0.000286133011517823,Low
2017-07-13,Historical_Mean,1D,2,0.0046626161700092,0.00028636370306506855,Low
2017-07-14,Historical_Mean,1D,2,-5.291423670686425e-05,0.00028699987873986784,Low
2017-07-17,Historical_Mean,1D,2,0.0005976786981109,0.0002869504726184366,Low
2017-07-18,Historical_Mean,1D,2,0.0053582582160534,0.0002869956300411212,Low
2017-07-19,Historical_Mean,1D,2,-0.000153671088607,0.0002877325179495798,Low
2017-07-20,Historical_Mean,1D,2,-0.0003679393292088,0.0002876683884120879,Low
2017-07-21,Historical_Mean,1D,2,-0.0010643009954088,0.000287573151962695,Low
2017-07-24,Historical_Mean,1D,2,0.002918907519898,0.00028737680132400633,Low
2017-07-25,Historical_Mean,1D,2,0.0002826240061194,0.00028775895797788,Low
2017-07-26,Historical_Mean,1D,2,-0.0009731616373937,0.0002877582123772036,Low
2017-07-27,Historical_Mean,1D,2,-0.001342015678116,0.00028757515200412417,Low
2017-07-28,Historical_Mean,1D,2,-0.0007284108345598,0.0002873386023118437,Low
2017-07-31,Historical_Mean,1D,2,0.0024461207749384,0.00028719117859096245,Low
2017-08-01,Historical_Mean,1D,2,0.0004925274073474,0.00028750447558651424,Low
2017-08-02,Historical_Mean,1D,2,-0.0021860418349456,0.0002875342235452724,Low
2017-08-03,Historical_Mean,1D,2,0.0018873214175395,0.0002871753702073222,Low
2017-08-04,Historical_Mean,1D,2,0.0016458446442804,0.00028740747726379624,Low
2017-08-07,Historical_Mean,1D,3,-0.0024173522303853,0.00028760449498200006,Low
2017-08-08,Historical_Mean,1D,3,-0.0003636747927123,0.0002872122448768134,Low
2017-08-09,Historical_Mean,1D,3,-0.0145802184007415,0.0002871178723905746,Low
2017-08-10,Historical_Mean,1D,3,0.0012747571279871,0.00028496256124631075,Low
2017-08-11,Historical_Mean,1D,3,0.0099936512460494,0.00028510603052689354,Low
2017-08-14,Historical_Mean,1D,3,-0.0004989323268834,0.0002865130660653751,Low
2017-08-15,Historical_Mean,1D,3,0.0014190955233323,0.00028639924989482755,Low
2017-08-16,Historical_Mean,1D,3,-0.0155573424871914,0.0002865633612065397,Low
2017-08-17,Historical_Mean,1D,3,-0.0018370536613519,0.00028426814088951843,Low
2017-08-18,Historical_Mean,1D,3,0.0011619757145661,0.00028396088106879977,Low
2017-08-21,Historical_Mean,1D,3,0.009891695260625,0.00028408803745308615,Low
2017-08-22,Historical_Mean,1D,3,-0.003459570132639,0.000285479234560409,Low
2017-08-23,Historical_Mean,1D,3,-0.0020766167471384,0.00028493702385138926,Low
2017-08-24,Historical_Mean,1D,3,0.0016714716689374,0.00028459516603856507,Low
2017-08-25,Historical_Mean,1D,3,0.000486953473296,0.00028479590080523153,Low
2017-08-28,Historical_Mean,1D,3,0.0008424667620097,0.0002848251566044343,Low
2017-08-29,Historical_Mean,1D,3,0.004604531788061,0.0002849058455937854,Low
2017-08-30,Historical_Mean,1D,3,0.0057046735847135,0.00028553079147666544,Low
2017-08-31,Historical_Mean,1D,3,0.0019805780423351,0.00028631469756566254,Low
2017-09-01,Historical_Mean,1D,3,-0.0075794585521449,0.0002865597457786752,Low
2017-09-05,Historical_Mean,1D,3,0.0031238424931441,0.0002854222160175872,Low
2017-09-06,Historical_Mean,1D,3,-0.0001784520448537,0.0002858326295914921,Low
2017-09-07,Historical_Mean,1D,3,-0.0014899601434577,0.0002857655073311993,Low
2017-09-08,Historical_Mean,1D,3,0.010780975197147,0.0002855088253926638,Low
2017-09-11,Historical_Mean,1D,3,0.0033583025948831,0.0002870257304904748,Low
2017-09-12,Historical_Mean,1D,3,0.0007568342480825,0.0002874695566269477,Low
2017-09-13,Historical_Mean,1D,3,-0.0011013238508279,0.00028753737409428705,Low
2017-09-14,Historical_Mean,1D,3,0.0018454775461593,0.0002873367295948762,Low
2017-09-15,Historical_Mean,1D,3,0.0014548619291293,0.00028756179688023864,Low
2017-09-18,Historical_Mean,1D,3,0.0011095796167313,0.0002877303844210025,Low
2017-09-19,Historical_Mean,1D,3,0.0006341467023094,0.0002878490630105058,Low
2017-09-20,Historical_Mean,1D,3,-0.0030505659469148,0.00028789906266965954,Low
2017-09-21,Historical_Mean,1D,3,0.000647583995167,0.0002874171130508369,Low
2017-09-22,Historical_Mean,1D,3,-0.0022245226998538,0.000287469100187401,Low
2017-09-25,Historical_Mean,1D,3,7.216412589487934e-05,0.0002871065670945967,Low
2017-09-26,Historical_Mean,1D,3,0.0040768224019879,0.00028707555086931536,Low
2017-09-27,Historical_Mean,1D,3,0.001203890628938,0.0002876223329860544,Low
2017-09-28,Historical_Mean,1D,3,0.0036982630684988,0.000287754512486336,Low
2017-09-29,Historical_Mean,1D,3,0.0038665188297123,0.00028824643640902635,Low
2017-10-02,Historical_Mean,1D,3,0.0021565111846609,0.0002887624837688913,Low
2017-10-03,Historical_Mean,1D,3,0.0012459436611136,0.0002890318058598635,Low
2017-10-04,Historical_Mean,1D,3,0.0056309040312927,0.00028916976893011347,Low
2017-10-05,Historical_Mean,1D,3,-0.0010742111652397,0.0002899398041416404,Low
2017-10-06,Historical_Mean,1D,3,-0.0018060638680135,0.000289743183938501,Low
2017-10-09,Historical_Mean,1D,3,0.002319719630478,0.0002894411509291406,Low
2017-10-10,Historical_Mean,1D,3,0.0018018829296635,0.0002897336982604877,Low
2017-10-11,Historical_Mean,1D,3,-0.0016881771203513,0.0002899515558071529,Low
2017-10-12,Historical_Mean,1D,3,0.0008777220048463,0.00028966660497509313,Low
2017-10-13,Historical_Mean,1D,3,0.0017492225323057,0.0002897513025697743,Low
2017-10-16,Historical_Mean,1D,3,0.0006723529054339,0.000289961479878204,Low
2017-10-17,Historical_Mean,1D,3,0.0007420595113295,0.0002900165398386872,Low
2017-10-18,Historical_Mean,1D,3,0.0003279441150104,0.0002900816194487492,Low
2017-10-19,Historical_Mean,1D,3,0.0051037961850303,0.0002900870696424388,Low
2017-10-20,Historical_Mean,1D,3,-0.0039803953129971,0.0002907798890315275,Low
2017-10-23,Historical_Mean,1D,3,0.001616600874558,0.00029016524301022533,Low
2017-10-24,Historical_Mean,1D,3,-0.0046739556872599,0.00029035609705793,Low
2017-10-25,Historical_Mean,1D,3,0.0012701392506023,0.0002896419103532375,Low
2017-10-26,Historical_Mean,1D,3,0.008040609979727,0.00028978294852070717,Low
2017-10-27,Historical_Mean,1D,3,-0.0031975773767407,0.0002908976942464667,Low
2017-10-30,Historical_Mean,1D,3,0.0009440129366793,0.0002903960441068367,Low
2017-10-31,Historical_Mean,1D,3,0.0015908441079038,0.00029049002209282845,Low
2017-11-01,Historical_Mean,1D,3,0.0001899477696667,0.0002906769620131578,Low
2017-11-02,Historical_Mean,1D,3,0.0030922893263143,0.00029066248318717724,Low
2017-11-03,Historical_Mean,1D,3,0.0012704438847764,0.00029106513148311386,Low
2017-11-06,Historical_Mean,1D,3,-0.0001891208050819,0.00029120586704185693,Low
2017-11-07,Historical_Mean,1D,3,0.0014426139320604,0.0002911368545889656,Low
2017-11-08,Historical_Mean,1D,3,-0.0037689813393701,0.00029130227293079457,Low
2017-11-09,Historical_Mean,1D,3,-0.0008980469760537,0.00029071906643664047,Low
2017-11-10,Historical_Mean,1D,3,0.000983150911293,0.00029054834030674097,Low
2017-11-13,Historical_Mean,1D,3,-0.0023122805602819,0.00029064779501251155,Low
2017-11-14,Historical_Mean,1D,3,-0.0055409987421236,0.0002902740795271857,Low
2017-11-15,Historical_Mean,1D,3,0.0081626527829724,0.0002894369746145169,Low
2017-11-16,Historical_Mean,1D,3,-0.0026294169788973,0.00029056704721511375,Low
2017-11-17,Historical_Mean,1D,3,0.0012748698887901,0.0002901479909541906,Low
2017-11-20,Historical_Mean,1D,3,0.0065198388797526,0.00029028929126956375,Low
2017-11-21,Historical_Mean,1D,3,-0.0007505427033295,0.0002911830573511252,Low
2017-11-22,Historical_Mean,1D,3,0.0020539842782319,0.00029103362028891306,Low
2017-11-24,Historical_Mean,1D,3,-0.0003843315868032,0.00029128648182906555,Low
2017-11-27,Historical_Mean,1D,3,0.0098003321967936,0.0002911895912412795,Low
2017-11-28,Historical_Mean,1D,3,-0.0003692938827907,0.0002925531046633546,Low
2017-11-29,Historical_Mean,1D,3,0.0081575866628111,0.000292458216206372,Low
2017-11-30,Historical_Mean,1D,3,-0.0020265829358053,0.0002935856715456215,Low
2017-12-01,Historical_Mean,1D,3,-0.0010527105492864,0.00029325312623856246,Low
2017-12-04,Historical_Mean,1D,3,-0.0037463905259553,0.00029306023949801716,Low
2017-12-05,Historical_Mean,1D,3,-0.0001141121705303,0.00029248143870056,Low
2017-12-06,Historical_Mean,1D,3,0.0029280670101093,0.0002924231874671459,Low
2017-12-07,Historical_Mean,1D,3,0.0054912020355181,0.00029280073277908433,Low
2017-12-08,Historical_Mean,1D,3,0.0031968421216958,0.0002935452760765262,Low
2017-12-11,Historical_Mean,1D,3,0.0015477237220895,0.0002939610424871834,Low
2017-12-12,Historical_Mean,1D,3,-0.0004730689701501,0.00029414056177120434,Low
2017-12-13,Historical_Mean,1D,3,-0.0040791677307626,0.0002940307250450882,Low
2017-12-14,Historical_Mean,1D,3,0.0089343134101427,0.0002934047304192927,Low
2017-12-15,Historical_Mean,1D,3,0.0053484785795975,0.0002946414426963391,Low
2017-12-18,Historical_Mean,1D,3,-0.0032354980431185,0.00029536465922995405,Low
2017-12-19,Historical_Mean,1D,3,-0.0008282360735725,0.00029485945638228647,Low
2017-12-20,Historical_Mean,1D,3,0.0019836870126583,0.0002946987846326506,Low
2017-12-21,Historical_Mean,1D,3,-0.0004582716381137,0.00029494037928692407,Low
2017-12-22,Historical_Mean,1D,3,-0.0010589757000585,0.0002948326544560601,Low
2017-12-26,Historical_Mean,1D,3,0.0007906283102422,0.0002946390596677697,Low
2017-12-27,Historical_Mean,1D,3,0.0018323190029195,0.00029470997606047413,Low
2017-12-28,Historical_Mean,1D,3,-0.0051966322927482,0.0002949297915039136,Low
2017-12-29,Historical_Mean,1D,3,0.0082690782183981,0.0002941448340876397,Low
2018-01-02,Historical_Mean,1D,3,0.006378433243936,0.0002952845987559705,Low
2018-01-03,Historical_Mean,1D,3,0.0040205428553269,0.0002961538683537385,Low
2018-01-04,Historical_Mean,1D,3,0.0070091458885853,0.0002966859999421044,Low
2018-01-05,Historical_Mean,1D,3,0.0016609637672969,0.0002976449227833392,Low
2018-01-08,Historical_Mean,1D,3,0.0013020835172984,0.0002978396547994102,Low
2018-01-09,Historical_Mean,1D,3,-0.0011128458115206,0.00029798307723050117,Low
2018-01-10,Historical_Mean,1D,3,0.007009025768882,0.00029778161658666985,Low
2018-01-11,Historical_Mean,1D,3,0.006726926399094,0.00029873981820750014,Low
2018-01-12,Historical_Mean,1D,3,-0.0035307132616026,0.0002996574751069843,Low
2018-01-16,Historical_Mean,1D,3,0.009371006206502,0.0002991107479107654,Low
2018-01-17,Historical_Mean,1D,3,-0.0016176974974736,0.0003004054382859033,Low
2018-01-18,Historical_Mean,1D,3,0.0043756479869901,0.0003001317363829696,Low
2018-01-19,Historical_Mean,1D,3,0.0080343643822132,0.0003007132053871938,Low
2018-01-22,Historical_Mean,1D,3,0.0021720049682223,0.0003018164366535028,Low
2018-01-23,Historical_Mean,1D,3,-0.000560132547232,0.00030208318726419577,Low
2018-01-24,Historical_Mean,1D,3,0.0006024393988328,0.0003019602243813526,Low
2018-01-25,Historical_Mean,1D,3,0.0117716381060841,0.0003020030704065132,Low
2018-01-26,Historical_Mean,1D,3,-0.006754736284863,0.00030363831919973783,Low
2018-01-29,Historical_Mean,1D,3,-0.010958642805337,0.00030263213607727705,Low
2018-01-30,Historical_Mean,1D,3,0.0004888658586947,0.00030102705127946997,Low
2018-01-31,Historical_Mean,1D,3,-0.0006482983520233,0.0003010538203841323,Low
2018-02-01,Historical_Mean,1D,3,-0.0214366805166988,0.00030091854649236716,Low
2018-02-02,Historical_Mean,1D,3,-0.0418425409383814,0.00029782158124615096,Normal
2018-02-05,Historical_Mean,1D,3,0.017290573348937,0.0002918186806023294,High
2018-02-06,Historical_Mean,1D,3,-0.0050141382237526,0.0002942398107359762,High
2018-02-07,Historical_Mean,1D,3,-0.0382590522458017,0.0002934838469030955,High
2018-02-08,Historical_Mean,1D,3,0.0148256451995243,0.00028799437857151286,High
2018-02-09,Historical_Mean,1D,3,0.0138186656781862,0.00029006408967927944,High
2018-02-12,Historical_Mean,1D,3,0.0026095219802775,0.00029198986926483203,High
2018-02-13,Historical_Mean,1D,3,0.013313439808897,0.0002923197201203704,High
2018-02-14,Historical_Mean,1D,3,0.0119968617767752,0.00029417273279843737,High
2018-02-15,Historical_Mean,1D,3,0.0003733996499216,0.00029583788491055696,High
2018-02-16,Historical_Mean,1D,3,-0.0058585171068373,0.0002958489194481884,High
2018-02-20,Historical_Mean,1D,3,-0.0055116644833109,0.0002949734762012061,High
2018-02-21,Historical_Mean,1D,3,0.0009730774855778,0.00029414761388297085,High
2018-02-22,Historical_Mean,1D,3,0.015901278245121,0.00029424416249953725,High
2018-02-23,Historical_Mean,1D,3,0.0116884386206273,0.00029646327725605954,High
2018-02-26,Historical_Mean,1D,3,-0.0127883114414675,0.0002980828358775226,High
2018-02-27,Historical_Mean,1D,3,-0.011157806083656,0.00029622265190064345,High
2018-02-28,Historical_Mean,1D,3,-0.0134139658548764,0.00029459473422930227,High
2018-03-01,Historical_Mean,1D,3,0.0050587854851985,0.0002926466653662774,High
2018-03-02,Historical_Mean,1D,3,0.0109716176105265,0.0002933238661079416,High
2018-03-05,Historical_Mean,1D,3,0.0026353829319968,0.00029484088468223035,High
2018-03-06,Historical_Mean,1D,3,-0.0004839918257163,0.0002951733480412239,High
2018-03-07,Historical_Mean,1D,3,0.0044531482088846,0.0002950626868888652,High
2018-03-08,Historical_Mean,1D,3,0.0172295467412075,0.00029565315628988706,High
2018-03-09,Historical_Mean,1D,3,-0.0012747973379984,0.00029805751431699444,Normal
2018-03-12,Historical_Mean,1D,3,-0.0063839104143147,0.0002978342243038889,Normal
2018-03-13,Historical_Mean,1D,3,-0.0057409698251887,0.00029688578645596577,Normal
2018-03-14,Historical_Mean,1D,3,-0.0007822363990965,0.0002960288668403477,Normal
2018-03-15,Historical_Mean,1D,3,0.0017019979472317,0.0002958758563016878,Normal
2018-03-16,Historical_Mean,1D,3,-0.0143060405413734,0.0002960753628412635,Normal
2018-03-19,Historical_Mean,1D,3,0.0014807086617189,0.00029400384689514146,Normal
2018-03-20,Historical_Mean,1D,3,-0.0018456921256294,0.00029417217381922994,Normal
2018-03-21,Historical_Mean,1D,3,-0.0254848869728544,0.0002938686900155923,Normal
2018-03-22,Historical_Mean,1D,3,-0.0211898073117506,0.0002902131659567622,High
2018-03-23,Historical_Mean,1D,3,0.0267950407060353,0.0002871676505055064,High
2018-03-26,Historical_Mean,1D,3,-0.0174272856453219,0.0002909255003857913,High
2018-03-27,Historical_Mean,1D,3,-0.0029209188994626,0.00028841406011000006,High
2018-03-28,Historical_Mean,1D,3,0.0136757774938434,0.0002879592226724189,High
2018-03-29,Historical_Mean,1D,3,-0.0225906823434958,0.0002898563203444,High
2018-04-02,Historical_Mean,1D,3,0.012535961315741,0.0002866145324917732,High
2018-04-03,Historical_Mean,1D,3,0.0115001023464467,0.00028834981323738154,High
2018-04-04,Historical_Mean,1D,3,0.0068394214016512,0.000289937880168431,High
2018-04-05,Historical_Mean,1D,3,-0.0221640670570649,0.00029086543767041127,High
2018-04-06,Historical_Mean,1D,3,0.0033309949675928,0.00028768575309171755,High
2018-04-09,Historical_Mean,1D,3,0.016588598996314,0.0002881166336261223,High
2018-04-10,Historical_Mean,1D,3,-0.0055406857724611,0.00029042417642944734,High
2018-04-11,Historical_Mean,1D,3,0.008216898697657,0.00028959882470278205,High
2018-04-12,Historical_Mean,1D,3,-0.0028907998267066,0.00029072071825966773,High
2018-04-13,Historical_Mean,1D,3,0.008076336801563,0.0002902705243237733,High
2018-04-16,Historical_Mean,1D,3,0.0106050716138667,0.0002913721183075366,High
2018-04-17,Historical_Mean,1D,3,0.0008310204075532,0.0002928311223385961,High
2018-04-18,Historical_Mean,1D,3,-0.0057425817958325,0.0002929072452926575,High
2018-04-19,Historical_Mean,1D,3,-0.0085731771883527,0.0002920536900612723,High
2018-04-20,Historical_Mean,1D,3,5.623011118453955e-05,0.00029080012234656443,High
2018-04-23,Historical_Mean,1D,3,-0.0134708880064751,0.0002907669581996449,High
2018-04-24,Historical_Mean,1D,3,0.0018353742328236,0.00028882157299118085,High
2018-04-25,Historical_Mean,1D,3,0.0103801441873769,0.00028904016700670486,High
2018-04-26,Historical_Mean,1D,3,0.0011130052713638,0.0002904662698925684,High
2018-04-27,Historical_Mean,1D,3,-0.0082211925489212,0.00029058249696639507,High
2018-04-30,Historical_Mean,1D,3,0.0025458021710273,0.0002893799291441448,Normal
2018-05-01,Historical_Mean,1D,3,-0.0072319512014023,0.00028969867787163216,Normal
2018-05-02,Historical_Mean,1D,3,-0.002256217585064,0.000288636297945181,Normal
2018-05-03,Historical_Mean,1D,3,0.0127298100283349,0.0002882769060679025,Normal
2018-05-04,Historical_Mean,1D,3,0.0034519805549899,0.00029003368849126696,Normal
2018-05-07,Historical_Mean,1D,3,-0.0002656766117338,0.00029048010199776117,Normal
2018-05-08,Historical_Mean,1D,3,0.0096356479348687,0.0002904015931448911,Normal
2018-05-09,Historical_Mean,1D,3,0.0093270116038483,0.0002917206116828902,Normal
2018-05-10,Historical_Mean,1D,3,0.0017061392709612,0.00029299570214184667,Normal
2018-05-11,Historical_Mean,1D,3,0.0008830995101265,0.0002931951015448126,Normal
2018-05-14,Historical_Mean,1D,3,-0.0068656550439908,0.000293278327336091,Normal
2018-05-15,Historical_Mean,1D,3,0.0040523398475144,0.00029226846228159434,Normal
2018-05-16,Historical_Mean,1D,3,-0.0008562387886101,0.00029279879675059756,Normal
2018-05-17,Historical_Mean,1D,3,-0.0026356652545503,0.000292636755066017,Normal
2018-05-18,Historical_Mean,1D,3,0.0073596045479333,0.0002922238529214011,Normal
2018-05-21,Historical_Mean,1D,3,-0.0031406885928751,0.000293220241007544,Normal
2018-05-22,Historical_Mean,1D,3,0.0032431452068987,0.000292736182812748,Low
2018-05-23,Historical_Mean,1D,3,-0.0020252629577225,0.0002931520262269955,Low
2018-05-24,Historical_Mean,1D,3,-0.0023600030541859,0.0002928253048369237,Low
2018-05-25,Historical_Mean,1D,3,-0.0116315725117922,0.0002924515090980168,Low
2018-05-29,Historical_Mean,1D,3,0.0126158753519238,0.0002907715958800835,Low
2018-05-30,Historical_Mean,1D,3,-0.0069033332434342,0.0002925077705182077,Normal
2018-05-31,Historical_Mean,1D,3,0.0107907997092398,0.00029149427178384825,Normal
2018-06-01,Historical_Mean,1D,3,0.0044695948983522,0.00029297283894867796,Normal
2018-06-04,Historical_Mean,1D,3,0.0007023462695756,0.0002935609299173352,Low
2018-06-05,Historical_Mean,1D,3,0.0085309006373119,0.0002936184809999282,Low
2018-06-06,Historical_Mean,1D,3,-0.0007144436219845,0.0002947780083304901,Normal
2018-06-07,Historical_Mean,1D,3,0.0031210289077513,0.0002946359644697843,Low
2018-06-08,Historical_Mean,1D,3,0.0010681370069403,0.00029503371185836885,Low
2018-06-11,Historical_Mean,1D,3,0.0017418672787038,0.00029514249239798916,Low
2018-06-12,Historical_Mean,1D,3,-0.0040342545414114,0.0002953460271175032,Low
2018-06-13,Historical_Mean,1D,3,0.0024685005225036,0.0002947369962315096,Low
2018-06-14,Historical_Mean,1D,3,-0.001017620315494,0.0002950427294982145,Low
2018-06-15,Historical_Mean,1D,3,-0.0021283911808865,0.000294858133373198,Low
2018-06-18,Historical_Mean,1D,3,-0.0040315179513912,0.00029451740652923573,Low
2018-06-19,Historical_Mean,1D,3,0.0017106902241125,0.0002939092193567459,Low
2018-06-20,Historical_Mean,1D,3,-0.0063657288432202,0.0002941083732792587,Low
2018-06-21,Historical_Mean,1D,3,0.0018602032551338,0.00029317234556084694,Low
2018-06-22,Historical_Mean,1D,3,-0.0138197229677706,0.00029339255788653174,Low
2018-06-25,Historical_Mean,1D,3,0.0022021505056967,0.00029140954319977364,Normal
2018-06-26,Historical_Mean,1D,3,-0.0086415863131411,0.00029167798109841047,Low
2018-06-27,Historical_Mean,1D,3,0.0061596800190312,0.0002904231329042485,Low
2018-06-28,Historical_Mean,1D,3,0.000758115887517,0.00029124746673656965,Low
2018-06-29,Historical_Mean,1D,3,0.0030632608342934,0.00029131302893580863,Low
2018-07-02,Historical_Mean,1D,3,-0.0049596292805336,0.00029170223811937466,Low
2018-07-03,Historical_Mean,1D,3,0.0085838567455378,0.0002909650021908821,Low
2018-07-05,Historical_Mean,1D,3,0.0084455176005801,0.0002921290802008971,Low
2018-07-06,Historical_Mean,1D,3,0.0087842907853415,0.00029327341543182754,Low
2018-07-09,Historical_Mean,1D,3,0.0034672493188218,0.00029446496993223585,Low
2018-07-10,Historical_Mean,1D,3,-0.0071194863719165,0.00029491014803647176,Low
2018-07-11,Historical_Mean,1D,3,0.0087109915801719,0.00029386996895118094,Low
2018-07-12,Historical_Mean,1D,3,0.0010786555366086,0.0002950506565106172,Low
2018-07-13,Historical_Mean,1D,3,-0.0010286646208985,0.00029516055901834484,Low
2018-07-16,Historical_Mean,1D,3,0.0039658243434434,0.0002949749153246249,Low
2018-07-17,Historical_Mean,1D,3,0.0021581820767374,0.0002954896165904856,Low
2018-07-18,Historical_Mean,1D,3,-0.0039608268490495,0.00029575075390439936,Low
2018-07-19,Historical_Mean,1D,3,-0.0009488977712743,0.0002951540931806884,Low
2018-07-20,Historical_Mean,1D,3,0.0018363623432315,0.00029497973412470315,Low
2018-07-23,Historical_Mean,1D,3,0.0047695188860535,0.0002951957350508672,Low
2018-07-24,Historical_Mean,1D,3,0.0090604350703727,0.00029582265436584585,Low
2018-07-25,Historical_Mean,1D,3,-0.0030369027488673,0.0002970505350629609,Low
2018-07-26,Historical_Mean,1D,3,-0.0065838346448454,0.00029658352942016353,Low
2018-07-27,Historical_Mean,1D,3,-0.0057707893155871,0.00029561988541816555,Low
2018-07-30,Historical_Mean,1D,3,0.004872837219303,0.0002947703672553025,Low
2018-07-31,Historical_Mean,1D,3,-0.0010408930675711,0.0002954113735353427,Low
2018-08-01,Historical_Mean,1D,3,0.0049143495822087,0.0002952242946551654,Low
2018-08-02,Historical_Mean,1D,3,0.0046334320653479,0.0002958708687435688,Low
2018-08-03,Historical_Mean,1D,3,0.0035319826508016,0.00029647794518816007,Low
2018-08-06,Historical_Mean,1D,3,0.0028202017464857,0.00029693071662751264,Low
2018-08-07,Historical_Mean,1D,3,-0.0002624143932951,0.00029728376980085226,Low
2018-08-08,Historical_Mean,1D,3,-0.0014427146770399,0.00029720546843500225,Low
2018-08-09,Historical_Mean,1D,3,-0.0071393122632444,0.0002969620889210178,Low
2018-08-10,Historical_Mean,1D,3,-0.0040140376659802,0.00029592205055008555,Low
2018-08-13,Historical_Mean,1D,3,0.0063689300164174,0.00029531934327606366,Low
2018-08-14,Historical_Mean,1D,3,-0.0076312085813788,0.0002961685617706304,Low
2018-08-15,Historical_Mean,1D,3,0.0078882145526381,0.00029506030269847196,Low
2018-08-16,Historical_Mean,1D,3,0.003317606375263,0.0002961216885315639,Low
2018-08-17,Historical_Mean,1D,3,0.0024250749021282,0.00029654397849476885,Low
2018-08-20,Historical_Mean,1D,3,0.002066399954627,0.0002968414255215482,Low
2018-08-21,Historical_Mean,1D,3,-0.0003982310542435,0.0002970886741633123,Low
2018-08-22,Historical_Mean,1D,3,-0.0016926939235351,0.00029699153533564997,Low
2018-08-23,Historical_Mean,1D,3,0.0061797059282853,0.00029671360748834304,Low
2018-08-24,Historical_Mean,1D,3,0.0076411414071104,0.00029753525446052137,Low
2018-08-27,Historical_Mean,1D,3,0.0002692420775983,0.00029856075455166086,Low
2018-08-28,Historical_Mean,1D,3,0.0056852424689116,0.00029855666090785276,Low
2018-08-29,Historical_Mean,1D,3,-0.004440172044458,0.000299308676237743,Low
2018-08-30,Historical_Mean,1D,3,0.0001344684673049,0.00029864710718125283,Low
2018-08-31,Historical_Mean,1D,3,-0.0016556920488793,0.0002986241932049966,Low
2018-09-04,Historical_Mean,1D,3,-0.0028070628012659,0.00029835147254603976,Low
2018-09-05,Historical_Mean,1D,4,-0.0036589910366181,0.00029791817907962227,Low
2018-09-06,Historical_Mean,1D,4,-0.0022157978950144,0.0002973661549144859,Low
2018-09-07,Historical_Mean,1D,4,0.0018960282146933,0.00029701559499679454,Low
2018-09-10,Historical_Mean,1D,4,0.0037328656897154,0.00029723860930916504,Low
2018-09-11,Historical_Mean,1D,4,0.0003566083498935,0.0002977177094458832,Low
2018-09-12,Historical_Mean,1D,4,0.0052683521593913,0.0002977259206338988,Low
2018-09-13,Historical_Mean,1D,4,0.0002754439007663,0.0002984188840019118,Low
2018-09-14,Historical_Mean,1D,4,-0.0055852909915492,0.0002984156814673097,Low
2018-09-17,Historical_Mean,1D,4,0.0053546528676252,0.0002975956526627081,Low
2018-09-18,Historical_Mean,1D,4,0.0012524880331719,0.00029830037078073526,Low
2018-09-19,Historical_Mean,1D,4,0.007810014185329,0.0002984333215487986,Low
2018-09-20,Historical_Mean,1D,4,-0.000368600937007,0.00029947979422416507,Low
2018-09-21,Historical_Mean,1D,4,-0.0035218823140138,0.000299386733807501,Low
2018-09-24,Historical_Mean,1D,4,-0.0013059484931179,0.0002988545236337097,Low
2018-09-25,Historical_Mean,1D,4,-0.0032946996811599,0.0002986310445894608,Low
2018-09-26,Historical_Mean,1D,4,0.0027594762285113,0.0002981307200662431,Low
2018-09-27,Historical_Mean,1D,4,-6.870144138179519e-06,0.00029847338267357225,Low
2018-09-28,Historical_Mean,1D,4,0.0036344923421985,0.000298430879398682,Low
2018-10-01,Historical_Mean,1D,4,-0.000396768910279,0.0002988951885793083,Low
2018-10-02,Historical_Mean,1D,4,0.0007112667367183,0.0002987983803273102,Low
2018-10-03,Historical_Mean,1D,4,-0.0082030354210098,0.000298855771221479,Low
2018-10-04,Historical_Mean,1D,4,-0.0055433145846221,0.0002976729816844407,Low
2018-10-05,Historical_Mean,1D,4,-0.0003951947083496,0.0002968604921078227,Low
2018-10-08,Historical_Mean,1D,4,-0.0014189098341542,0.0002967642396460067,Low
2018-10-09,Historical_Mean,1D,4,-0.033416389042602,0.0002965256533473277,Low
2018-10-10,Historical_Mean,1D,4,-0.0207875799725415,0.0002918380956866006,Normal
2018-10-11,Historical_Mean,1D,4,0.0141062354083762,0.0002889075495906423,Normal
2018-10-12,Historical_Mean,1D,4,-0.0059224822913,0.00029082822346592526,Normal
2018-10-15,Historical_Mean,1D,4,0.0212678280349012,0.000289964663978119,Normal
2018-10-16,Historical_Mean,1D,4,-0.0002526942626648,0.00029287987567502323,High
2018-10-17,Historical_Mean,1D,4,-0.0144964905753411,0.00029280406990340454,High
2018-10-18,Historical_Mean,1D,4,-0.0003612351352793,0.00029074943046950003,High
2018-10-19,Historical_Mean,1D,4,-0.0043087970964778,0.0002906588644789807,High
2018-10-22,Historical_Mean,1D,4,-0.0055270761806941,0.0002900200511510701,High
2018-10-23,Historical_Mean,1D,4,-0.0313507738611408,0.00028921223331579096,High
2018-10-24,Historical_Mean,1D,4,0.0184537179787141,0.0002848190111421647,High
2018-10-25,Historical_Mean,1D,4,-0.0174791380100031,0.00028734141832911065,High
2018-10-26,Historical_Mean,1D,4,-0.0065812082951939,0.0002848752218509968,High
2018-10-29,Historical_Mean,1D,4,0.0155453229718774,0.00028392226091872134,High
2018-10-30,Historical_Mean,1D,4,0.010792878754571,0.0002860401350112774,High
2018-10-31,Historical_Mean,1D,4,0.0105024988685292,0.0002874980007833822,High
2018-11-01,Historical_Mean,1D,4,-0.0063367210558797,0.000288915176264479,High
2018-11-02,Historical_Mean,1D,4,0.0055846936971941,0.0002879960978580227,High
2018-11-05,Historical_Mean,1D,4,0.0062397877444086,0.0002887307299799833,High
2018-11-06,Historical_Mean,1D,4,0.020987078560774,0.0002895560048398403,High
2018-11-07,Historical_Mean,1D,4,-0.0025120689884914,0.0002924258776290713,High
2018-11-08,Historical_Mean,1D,4,-0.0092415859153724,0.0002920370664733635,High
2018-11-09,Historical_Mean,1D,4,-0.0198981509854674,0.00029071552184044893,High
2018-11-12,Historical_Mean,1D,4,-0.0014830188221738,0.0002879173421443564,High
2018-11-13,Historical_Mean,1D,4,-0.0075961888184505,0.00028767192416149633,High
2018-11-14,Historical_Mean,1D,4,0.0105380327426419,0.00028657952278383084,High
2018-11-15,Historical_Mean,1D,4,0.0022208375374839,0.0002879997850753046,High
2018-11-16,Historical_Mean,1D,4,-0.0167831612357214,0.0002882675282187329,High
2018-11-19,Historical_Mean,1D,4,-0.0183179955565859,0.00028590306440101263,High
2018-11-20,Historical_Mean,1D,4,0.0030386693107672,0.00028332670397711193,High
2018-11-21,Historical_Mean,1D,4,-0.0065764197118556,0.0002837082246925357,High
2018-11-23,Historical_Mean,1D,4,0.0154129758453664,0.00028275846310641523,High
2018-11-26,Historical_Mean,1D,4,0.0032563843646126,0.00028485290072854426,High
2018-11-27,Historical_Mean,1D,4,0.0227140513031137,0.00028526418536022367,High
2018-11-28,Historical_Mean,1D,4,-0.0021854945453934,0.00028836808615149875,High
2018-11-29,Historical_Mean,1D,4,0.0081375477166175,0.00028802577777574883,High
2018-11-30,Historical_Mean,1D,4,0.0108820017943624,0.0002891117658691137,High
2018-12-03,Historical_Mean,1D,4,-0.0329002288385561,0.00029057709856084057,High
2018-12-04,Historical_Mean,1D,4,-0.0015233879141442,0.0002859863923454717,High
2018-12-06,Historical_Mean,1D,4,-0.0235963354563222,0.00028573616771450925,High
2018-12-07,Historical_Mean,1D,4,0.0017606032229163,0.000282433890111628,High
2018-12-10,Historical_Mean,1D,4,-0.0003564096753056,0.00028263825473665293,High
2018-12-11,Historical_Mean,1D,4,0.0054048710103512,0.0002825499152384441,High
2018-12-12,Historical_Mean,1D,4,-0.000199950312415,0.0002832579070967873,High
2018-12-13,Historical_Mean,1D,4,-0.0192712122686998,0.0002831911287358819,High
2018-12-14,Historical_Mean,1D,4,-0.0209922848285766,0.0002804891246737794,High
2018-12-17,Historical_Mean,1D,4,8.639685378910398e-05,0.0002775500843376023,High
2018-12-18,Historical_Mean,1D,4,-0.0155154591759368,0.0002775236783104509,High
2018-12-19,Historical_Mean,1D,4,-0.0158978094841039,0.0002753423270874886,High
2018-12-20,Historical_Mean,1D,4,-0.0208031204985406,0.00027310877484177786,High
2018-12-21,Historical_Mean,1D,4,-0.0274865728783144,0.0002701984973944729,High
2018-12-24,Historical_Mean,1D,4,0.048403177670805,0.00026636627712998186,High
2018-12-26,Historical_Mean,1D,4,0.0085262289688169,0.000273011336681842,High
2018-12-27,Historical_Mean,1D,4,-0.0012423539102312,0.00027415049715556663,High
2018-12-28,Historical_Mean,1D,4,0.0084566258622068,0.0002739412086643457,High
2018-12-31,Historical_Mean,1D,4,0.0012676930626261,0.000275070322042784,High
2019-01-02,Historical_Mean,1D,4,-0.0250683318189151,0.000275207273303902,High
2019-01-03,Historical_Mean,1D,4,0.0337593990603464,0.00027171113051286614,High
2019-01-04,Historical_Mean,1D,4,0.0069859759952297,0.0002763301219514638,High
2019-01-07,Historical_Mean,1D,4,0.0096485873364973,0.00027725546271456937,High
2019-01-08,Historical_Mean,1D,4,0.0040896713328221,0.0002785477037341202,High
2019-01-09,Historical_Mean,1D,4,0.0045082413744622,0.0002790731585292516,High
2019-01-10,Historical_Mean,1D,4,-0.0001463085444824,0.00027965617041454704,High
2019-01-11,Historical_Mean,1D,4,-0.0052713945872494,0.0002795974571526729,High
2019-01-14,Historical_Mean,1D,4,0.010664618879761,0.0002788324361983727,High
2019-01-15,Historical_Mean,1D,4,0.0022195205290883,0.0002802635766756446,High
2019-01-16,Historical_Mean,1D,4,0.0075627307062357,0.00028053076556410053,High
2019-01-17,Historical_Mean,1D,4,0.0130969128398557,0.0002815339615884388,High
2019-01-18,Historical_Mean,1D,4,-0.0142584768279724,0.00028329916529067946,High
2019-01-22,Historical_Mean,1D,4,0.0022004899194508,0.0002812964416998155,High
2019-01-23,Historical_Mean,1D,4,0.0013747801109775,0.0002815607206144053,High
2019-01-24,Historical_Mean,1D,4,0.008452867700518,0.00028171123959972306,High
2019-01-25,Historical_Mean,1D,4,-0.0078777758487088,0.00028283612347374817,High
2019-01-28,Historical_Mean,1D,4,-0.0014573079351148,0.0002817128458450926,High
2019-01-29,Historical_Mean,1D,4,0.01542960989156,0.00028147350910122246,High
2019-01-30,Historical_Mean,1D,4,0.0085606488097677,0.0002835580194056753,High
2019-01-31,Historical_Mean,1D,4,0.0008982065848071,0.00028469685963549953,High
2019-02-01,Historical_Mean,1D,4,0.0067533811174796,0.00028478126047814243,Normal
2019-02-04,Historical_Mean,1D,4,0.0046973704373502,0.00028567102662078363,Normal
2019-02-05,Historical_Mean,1D,4,-0.0022269157175087,0.00028627777939354247,Normal
2019-02-06,Historical_Mean,1D,4,-0.0094011932022302,0.0002859321807278518,Normal
2019-02-07,Historical_Mean,1D,4,0.0006759725660127,0.0002846002509350623,Normal
2019-02-08,Historical_Mean,1D,4,0.0007088518038183,0.00028465405521263694,Normal
2019-02-11,Historical_Mean,1D,4,0.0128078529028386,0.0002847123641815174,Normal
2019-02-12,Historical_Mean,1D,4,0.0030194315937109,0.00028643352148479626,Normal
2019-02-13,Historical_Mean,1D,4,-0.0026551633836986,0.00028680908807435603,Normal
2019-02-14,Historical_Mean,1D,4,0.0108200046649575,0.00028640485992489565,Normal
2019-02-15,Historical_Mean,1D,4,0.001497621326592,0.0002878519817555087,Normal
2019-02-19,Historical_Mean,1D,4,0.0017755335607409,0.0002880181588633159,Normal
2019-02-20,Historical_Mean,1D,4,-0.0035326693258413,0.00028822245983871456,Low
2019-02-21,Historical_Mean,1D,4,0.0063906386947104,0.00028769775621530344,Low
2019-02-22,Historical_Mean,1D,4,0.0012311044497517,0.00028853572696066867,Normal
2019-02-25,Historical_Mean,1D,4,-0.0007907696728402,0.00028866512958598324,Low
2019-02-26,Historical_Mean,1D,4,-0.000544197436298,0.00028851695734131245,Low
2019-02-27,Historical_Mean,1D,4,-0.0028295075989504,0.00028840266769079924,Low
2019-02-28,Historical_Mean,1D,4,0.006871656588713,0.00028797479472982197,Low
2019-03-01,Historical_Mean,1D,4,-0.0038881073952551,0.0002888781539221907,Low
2019-03-04,Historical_Mean,1D,4,-0.0011321734897068,0.0002883051006159515,Low
2019-03-05,Historical_Mean,1D,4,-0.006545473604125,0.0002881102475857289,Low
2019-03-06,Historical_Mean,1D,4,-0.0081589111383311,0.0002871729846791714,Low
2019-03-07,Historical_Mean,1D,4,-0.0021339641314536,0.00028601471752022874,Low
2019-03-08,Historical_Mean,1D,4,0.0145595355634894,0.0002856828953827032,Low
2019-03-11,Historical_Mean,1D,4,0.0029489657278051,0.0002876398261022133,Low
2019-03-12,Historical_Mean,1D,4,0.0069255467570192,0.0002880046411675598,Low
2019-03-13,Historical_Mean,1D,4,-0.0008683993315961,0.000288914392005807,Low
2019-03-14,Historical_Mean,1D,4,0.0049725194084307,0.00028875579070066767,Low
2019-03-15,Historical_Mean,1D,4,0.003699096798908,0.0002893975779872846,Low
2019-03-18,Historical_Mean,1D,4,-0.0001305700799267,0.00028986472406495565,Low
2019-03-19,Historical_Mean,1D,4,-0.0029486967407696,0.0002898071302561896,Low
2019-03-20,Historical_Mean,1D,4,0.0107940154946893,0.00028936356035192643,Low
2019-03-21,Historical_Mean,1D,4,-0.0191568271342732,0.0002908021596308004,Low
2019-03-22,Historical_Mean,1D,4,-0.00083937283331,0.00028813919519236355,Normal
2019-03-25,Historical_Mean,1D,4,0.007157052947934,0.00028798482607564634,Normal
2019-03-26,Historical_Mean,1D,4,-0.0046551432765988,0.00028892515025386105,Normal
2019-03-27,Historical_Mean,1D,4,0.0035830547152617,0.00028824843680917825,Normal
2019-03-28,Historical_Mean,1D,4,0.0067117060433246,0.000288699347754635,Normal
2019-03-29,Historical_Mean,1D,4,0.0115021955180444,0.00028957824850662866,Normal
2019-04-01,Historical_Mean,1D,4,1.7455554858152623e-05,0.0002911123321390733,Normal
2019-04-02,Historical_Mean,1D,4,0.0021460724200891,0.0002910748961914288,Normal
2019-04-03,Historical_Mean,1D,4,0.0020824652429942,0.0002913286231130398,Normal
2019-04-04,Historical_Mean,1D,4,0.0046257176230991,0.00029157358162232327,Normal
2019-04-05,Historical_Mean,1D,4,0.0010469117505236,0.0002921662445570254,Normal
2019-04-08,Historical_Mean,1D,4,-0.0060859764356695,0.0002922694364501026,Low
2019-04-09,Historical_Mean,1D,4,0.0034718377544999,0.0002913974957977281,Normal
2019-04-10,Historical_Mean,1D,4,3.8122340342693696e-05,0.00029183221972592686,Normal
2019-04-11,Historical_Mean,1D,4,0.0065875783895457,0.0002917975456956709,Normal
2019-04-12,Historical_Mean,1D,4,-0.0006295672443571,0.00029265786010450524,Normal
2019-04-15,Historical_Mean,1D,4,0.0005092283251399,0.0002925318558546813,Normal
2019-04-16,Historical_Mean,1D,4,-0.0022764008207388,0.0002925614591974798,Normal
2019-04-17,Historical_Mean,1D,4,0.0015778468242496,0.00029221055600393565,Normal
2019-04-18,Historical_Mean,1D,4,0.0010115058169329,0.0002923861413997627,Low
2019-04-22,Historical_Mean,1D,4,0.0088023511749953,0.0002924843415466333,Low
2019-04-23,Historical_Mean,1D,4,-0.0021941686030362,0.0002936462567341604,Low
2019-04-24,Historical_Mean,1D,4,-0.0003690417402728,0.00029330662330620544,Low
2019-04-25,Historical_Mean,1D,4,0.0046743503233048,0.0002932162126641663,Low
2019-04-26,Historical_Mean,1D,4,0.0010709485042338,0.00029381415644888585,Low
2019-04-29,Historical_Mean,1D,4,0.0009509646987914,0.0002939202064417604,Low
2019-04-30,Historical_Mean,1D,4,-0.0075304458502913,0.00029400985639296113,Low
2019-05-01,Historical_Mean,1D,4,-0.0021262446486827,0.0002929423999527586,Low
2019-05-02,Historical_Mean,1D,4,0.0095921274789174,0.00029261240581162707,Low
2019-05-03,Historical_Mean,1D,4,-0.0044810131890725,0.0002938807521118324,Low
2019-05-06,Historical_Mean,1D,4,-0.0166494880889055,0.00029322960061296637,Low
2019-05-07,Historical_Mean,1D,4,-0.0016067153894199,0.0002909194400335393,Low
2019-05-08,Historical_Mean,1D,4,-0.0030259986619282,0.00029066073044533837,Low
2019-05-09,Historical_Mean,1D,4,0.0037133940699186,0.0002902086231126811,Low
2019-05-10,Historical_Mean,1D,4,-0.0244264691384975,0.00029067518784578814,Low
2019-05-13,Historical_Mean,1D,4,0.007983987523216,0.0002873068116770305,Normal
2019-05-14,Historical_Mean,1D,4,0.005821994327723,0.0002883555486591179,Normal
2019-05-15,Historical_Mean,1D,4,0.008855957116499,0.00028910945040013474,Normal
2019-05-16,Historical_Mean,1D,4,-0.0058544371740438,0.0002902764368687492,Normal
2019-05-17,Historical_Mean,1D,4,-0.0067722579754053,0.0002894395104711855,Normal
2019-05-20,Historical_Mean,1D,4,0.0084599490931906,0.00028847781940678725,Normal
2019-05-21,Historical_Mean,1D,4,-0.0028283923638994,0.000289590492510516,Normal
2019-05-22,Historical_Mean,1D,4,-0.0119856922412819,0.0002891659883775807,Normal
2019-05-23,Historical_Mean,1D,4,0.0013526437720373,0.00028749503027389713,Normal
2019-05-24,Historical_Mean,1D,4,-0.0084109500002602,0.0002876400076444924,Normal
2019-05-28,Historical_Mean,1D,4,-0.0069359101672313,0.0002864562038872925,Normal
2019-05-29,Historical_Mean,1D,4,0.002096272674997,0.0002854734352968559,Normal
2019-05-30,Historical_Mean,1D,4,-0.0132832052504529,0.00028571980254035257,Normal
2019-05-31,Historical_Mean,1D,4,-0.0027690706543079,0.0002838739414258112,Normal
2019-06-03,Historical_Mean,1D,4,0.0212059270810777,0.00028345868780832835,Normal
2019-06-04,Historical_Mean,1D,4,0.0081287269788136,0.0002863041207463495,High
2019-06-05,Historical_Mean,1D,4,0.0061168406760044,0.0002873705366911506,Normal
2019-06-06,Historical_Mean,1D,4,0.01044297924726,0.0002881631227060131,High
2019-06-07,Historical_Mean,1D,4,0.0046492200747654,0.0002895436034189758,High
2019-06-10,Historical_Mean,1D,4,-0.0003499414579512,0.00029013619231001104,High
2019-06-11,Historical_Mean,1D,4,-0.0020396578272374,0.00029004920159918457,Normal
2019-06-12,Historical_Mean,1D,4,0.0040890105028501,0.0002897326223046015,Normal
2019-06-13,Historical_Mean,1D,4,-0.0016128117861529,0.0002902488285383713,Normal
2019-06-14,Historical_Mean,1D,4,0.0009313154323528,0.00028999029564682246,Normal
2019-06-17,Historical_Mean,1D,4,0.0096704895929706,0.0002900774085423272,Normal
2019-06-18,Historical_Mean,1D,4,0.0029807167930238,0.00029135140177666486,Normal
2019-06-19,Historical_Mean,1D,4,0.0094276053358731,0.0002917166062024181,Normal
2019-06-20,Historical_Mean,1D,4,-0.0012600162797279,0.00029295705273733603,Normal
2019-06-21,Historical_Mean,1D,4,-0.001733388460587,0.00029274622279809283,Normal
2019-06-24,Historical_Mean,1D,4,-0.0095417756403875,0.0002924711943355728,Normal
2019-06-25,Historical_Mean,1D,4,-0.0012346956788039,0.0002911364702809144,Normal
2019-06-26,Historical_Mean,1D,4,0.0038158857925908,0.00029092940932975617,Normal
2019-06-27,Historical_Mean,1D,4,0.0057409418405996,0.00029140769377795987,Normal
2019-06-28,Historical_Mean,1D,4,0.0076430186109539,0.0002921470146498662,Normal
2019-07-01,Historical_Mean,1D,4,0.0029238472769886,0.00029314414861572407,Low
2019-07-02,Historical_Mean,1D,4,0.0076430956606841,0.00029350095088459327,Low
2019-07-03,Historical_Mean,1D,4,-0.0018075342045486,0.00029449764124393687,Low
2019-07-05,Historical_Mean,1D,4,-0.0048471730101237,0.0002942126199767108,Low
2019-07-08,Historical_Mean,1D,4,0.0012357930584538,0.0002935155774563609,Low
2019-07-09,Historical_Mean,1D,4,0.0045005469360826,0.00029364330925533034,Low
2019-07-10,Historical_Mean,1D,4,0.0022826195789485,0.00029421350492174773,Low
2019-07-11,Historical_Mean,1D,4,0.0046095343020665,0.0002944829731524059,Low
2019-07-12,Historical_Mean,1D,4,0.0001758537283841,0.00029506766845442683,Low
2019-07-15,Historical_Mean,1D,4,-0.0034095845550103,0.00029505151699255576,Low
2019-07-16,Historical_Mean,1D,4,-0.0065526654660931,0.00029454966978692006,Low
2019-07-17,Historical_Mean,1D,4,0.003575597708819,0.00029362223986197355,Low
2019-07-18,Historical_Mean,1D,4,-0.0061958894648446,0.0002940667110793296,Low
2019-07-19,Historical_Mean,1D,4,0.0028247016862503,0.00029318790861813476,Low
2019-07-22,Historical_Mean,1D,4,0.0068241451392764,0.0002935306535108551,Low
2019-07-23,Historical_Mean,1D,4,0.0046771928134757,0.00029441472207532857,Low
2019-07-24,Historical_Mean,1D,4,-0.0052762964835995,0.0002950079513784418,Low
2019-07-25,Historical_Mean,1D,4,0.007360535770783,0.0002942539515902462,Low
2019-07-26,Historical_Mean,1D,4,-0.0016174219290574,0.00029521014669433177,Low
2019-07-29,Historical_Mean,1D,4,-0.0025819853720443,0.0002949513681696732,Low
2019-07-30,Historical_Mean,1D,4,-0.0109452069521399,0.00029456217218209015,Low
2019-07-31,Historical_Mean,1D,4,-0.009039527568806,0.0002930418463164981,Low
2019-08-01,Historical_Mean,1D,4,-0.0073093885395651,0.00029177966489708746,Low
2019-08-02,Historical_Mean,1D,4,-0.0302301821696947,0.0002907517854914806,Low
2019-08-05,Historical_Mean,1D,4,0.0129330239111666,0.00028662510431852413,Normal
2019-08-06,Historical_Mean,1D,4,0.0007665823338588,0.0002883347702380656,Normal
2019-08-07,Historical_Mean,1D,4,0.018588462466865,0.00028839941575896594,Normal
2019-08-08,Historical_Mean,1D,4,-0.0066385931336571,0.00029087273148421344,High
2019-08-09,Historical_Mean,1D,4,-0.0123938091159153,0.0002899363171781133,High
2019-08-12,Historical_Mean,1D,4,0.0150183462673018,0.0002882225291179736,High
2019-08-13,Historical_Mean,1D,4,-0.0297303524545356,0.0002902125485368042,High
2019-08-14,Historical_Mean,1D,4,0.0024612366981802,0.00028615735942386723,High
2019-08-15,Historical_Mean,1D,4,0.014323058172245,0.00028645113026918814,High
2019-08-16,Historical_Mean,1D,4,0.0120331755643975,0.00028834668827620717,High
2019-08-19,Historical_Mean,1D,4,-0.0079462153121154,0.0002899325414865935,High
2019-08-20,Historical_Mean,1D,4,0.0082129795573529,0.0002888206003695958,High
2019-08-21,Historical_Mean,1D,4,-0.0005062029592785,0.00028989027625471773,High
2019-08-22,Historical_Mean,1D,4,-0.0262888811228378,0.0002897828267695601,High
2019-08-23,Historical_Mean,1D,4,0.0109231127307978,0.0002861959625388438,High
2019-08-26,Historical_Mean,1D,4,-0.0032083218005562,0.0002876312501880489,High
2019-08-27,Historical_Mean,1D,4,0.0065241515305625,0.00028715958895616215,High
2019-08-28,Historical_Mean,1D,4,0.0126074824410943,0.00028800094764247085,High
2019-08-29,Historical_Mean,1D,4,0.0006425807598767,0.0002896625987745793,High
2019-08-30,Historical_Mean,1D,4,-0.0069230093326854,0.0002897101939412822,High
2019-09-03,Historical_Mean,1D,4,0.0107837252784214,0.0002887376050083498,High
2019-09-04,Historical_Mean,1D,4,0.0129259129217597,0.0002901525959310157,High
2019-09-05,Historical_Mean,1D,4,0.0009101908043767,0.00029185598772473755,High
2019-09-06,Historical_Mean,1D,4,-9.401467889992668e-05,0.00029193933249042724,High
2019-09-09,Historical_Mean,1D,4,0.000322252425931,0.0002918873171250107,High
2019-09-10,Historical_Mean,1D,4,0.0072036723263872,0.00029189140890628087,High
2019-09-11,Historical_Mean,1D,4,0.0028750162782333,0.0002928226647561166,High
2019-09-12,Historical_Mean,1D,4,-0.000724676876966,0.0002931705286404595,Normal
2019-09-13,Historical_Mean,1D,4,-0.0031405129163559,0.00029303342634983364,Normal
2019-09-16,Historical_Mean,1D,4,0.0025784253724619,0.00029257099586596757,Normal
2019-09-17,Historical_Mean,1D,4,0.0003426332842671,0.0002928788135843349,Normal
2019-09-18,Historical_Mean,1D,4,1.9974521929475905e-05,0.0002928855127186668,Normal
2019-09-19,Historical_Mean,1D,4,-0.0049075991048803,0.0002928487718744571,Normal
2019-09-20,Historical_Mean,1D,4,-9.694061782751376e-05,0.0002921487519691193,Normal
2019-09-23,Historical_Mean,1D,4,-0.0084519889635514,0.0002920963846245975,Low
2019-09-24,Historical_Mean,1D,4,0.0061396852419639,0.000290919680903944,Low
2019-09-25,Historical_Mean,1D,4,-0.0024318710096131,0.00029170665151226745,Low
2019-09-26,Historical_Mean,1D,4,-0.0053305345791285,0.00029134023449879713,Low
2019-09-27,Historical_Mean,1D,4,0.0050349102152483,0.0002905839962941123,Low
2019-09-30,Historical_Mean,1D,4,-0.0123341269454128,0.00029122210338475843,Low
2019-10-01,Historical_Mean,1D,4,-0.0180654041876438,0.0002895242350350008,Low
2019-10-02,Historical_Mean,1D,4,0.0079403047738667,0.00028705617957948393,Normal
2019-10-03,Historical_Mean,1D,4,0.0141167852392592,0.0002880851186214693,Low
2019-10-04,Historical_Mean,1D,5,-0.0044883522736815,0.0002899440647325913,Normal
2019-10-07,Historical_Mean,1D,5,-0.0156831595521099,0.00028930182060108405,Normal
2019-10-08,Historical_Mean,1D,5,0.0090632965148459,0.00028715527290954916,Normal
2019-10-09,Historical_Mean,1D,5,0.0063952024117826,0.0002883345447775868,Normal
2019-10-10,Historical_Mean,1D,5,0.010879579673789,0.0002891550295104909,Normal
2019-10-11,Historical_Mean,1D,5,-0.0013880816732189,0.0002905777088017696,Normal
2019-10-14,Historical_Mean,1D,5,0.0099064453764891,0.0002903522340694633,Normal
2019-10-15,Historical_Mean,1D,5,-0.0020015445531937,0.00029164367821966734,Normal
2019-10-16,Historical_Mean,1D,5,0.0027590219697752,0.0002913357437183362,Normal
2019-10-17,Historical_Mean,1D,5,-0.0039270457097998,0.0002916670657143159,Normal
2019-10-18,Historical_Mean,1D,5,0.0068481141053337,0.000291100719523483,Normal
2019-10-21,Historical_Mean,1D,5,-0.0035750492583768,0.00029198085554842394,Normal
2019-10-22,Historical_Mean,1D,5,0.0028431033458307,0.0002914618607673308,Normal
2019-10-23,Historical_Mean,1D,5,0.0019186046591713,0.00029180427105786533,Normal
2019-10-24,Historical_Mean,1D,5,0.004064429510656,0.00029202254563026755,Normal
2019-10-25,Historical_Mean,1D,5,0.0055658199161177,0.0002925286372542313,Normal
2019-10-28,Historical_Mean,1D,5,-0.0008327519564807,0.00029323598685568846,Normal
2019-10-29,Historical_Mean,1D,5,0.0032480894008573,0.00029308496915942555,Normal
2019-10-30,Historical_Mean,1D,5,-0.003027438634539,0.00029348124171295884,Normal
2019-10-31,Historical_Mean,1D,5,0.0096159305596475,0.0002930359588118792,Normal
2019-11-01,Historical_Mean,1D,5,0.0036972458053124,0.0002942858441317392,Low
2019-11-04,Historical_Mean,1D,5,-0.0011864027118206,0.0002947420049844444,Low
2019-11-05,Historical_Mean,1D,5,0.0007022505922896,0.00029454348672726643,Low
2019-11-06,Historical_Mean,1D,5,0.0027263752442806,0.00029459812450608743,Low
2019-11-07,Historical_Mean,1D,5,0.0025574031451158,0.00029492396895467035,Low
2019-11-08,Historical_Mean,1D,5,-0.0019643954133371,0.00029522708781535645,Low
2019-11-11,Historical_Mean,1D,5,0.001563423301263,0.00029492439223583166,Low
2019-11-12,Historical_Mean,1D,5,0.0007112815701162,0.0002950942956525243,Low
2019-11-13,Historical_Mean,1D,5,0.0008366926144567,0.00029515003253138643,Low
2019-11-14,Historical_Mean,1D,5,0.0076660287779731,0.0002952225476066308,Low
2019-11-15,Historical_Mean,1D,5,0.0005030263228096,0.00029620940076372903,Low
2019-11-18,Historical_Mean,1D,5,-0.0005927700996925,0.00029623708709867493,Low
2019-11-19,Historical_Mean,1D,5,-0.003763256420941,0.0002961180926954101,Low
2019-11-20,Historical_Mean,1D,5,-0.0015840060861895,0.00029557481452174356,Low
2019-11-21,Historical_Mean,1D,5,0.0021725739423759,0.00029532329827649915,Low
2019-11-22,Historical_Mean,1D,5,0.0074792518874672,0.00029557446908785845,Low
2019-11-25,Historical_Mean,1D,5,0.0021931636449402,0.00029653549616724033,Low
2019-11-26,Historical_Mean,1D,5,0.0041657356252997,0.00029678919174626296,Low
2019-11-27,Historical_Mean,1D,5,-0.004019286229989,0.00029730663810624065,Low
2019-11-29,Historical_Mean,1D,5,-0.0086684836939636,0.0002967293991562413,Low
2019-12-02,Historical_Mean,1D,5,-0.0066602252580451,0.00029553068099965354,Low
2019-12-03,Historical_Mean,1D,5,0.0063036576087699,0.0002946007671040593,Low
2019-12-04,Historical_Mean,1D,5,0.0014991269266302,0.0002954040095638462,Low
2019-12-05,Historical_Mean,1D,5,0.009094246030426,0.0002955648920708051,Low
2019-12-06,Historical_Mean,1D,5,-0.0031678336844743,0.00029674071475400103,Low
2019-12-09,Historical_Mean,1D,5,-0.0010975361689841,0.0002962777839149807,Low
2019-12-10,Historical_Mean,1D,5,0.0029039375293507,0.00029609156962601623,Low
2019-12-11,Historical_Mean,1D,5,0.008538667375555,0.00029643993269838127,Low
2019-12-12,Historical_Mean,1D,5,7.25791502146863e-05,0.00029754080453527944,Low
2019-12-13,Historical_Mean,1D,5,0.0071223609425427,0.0002975107615793072,Low
2019-12-16,Historical_Mean,1D,5,0.0003352360284609,0.00029842207820114766,Low
2019-12-17,Historical_Mean,1D,5,-0.0004323936405227,0.00029842699328128916,Low
2019-12-18,Historical_Mean,1D,5,0.0044493788218642,0.0002983294334583277,Low
2019-12-19,Historical_Mean,1D,5,0.004932595804334,0.0002988834977119857,Low
2019-12-20,Historical_Mean,1D,5,0.0008657687142985,0.0002995019031979889,Low
2019-12-23,Historical_Mean,1D,5,-0.0001954673024681,0.0002995774658896223,Low
2019-12-24,Historical_Mean,1D,5,0.0051150624100539,0.00029951141588717303,Low
2019-12-26,Historical_Mean,1D,5,3.3984139657930306e-05,0.0003001538319749754,Low
2019-12-27,Historical_Mean,1D,5,-0.0057975960793499,0.000300118328481269,Low
2019-12-30,Historical_Mean,1D,5,0.0029416906441907,0.000299305083028104,Low
2019-12-31,Historical_Mean,1D,5,0.0083438953623167,0.00029965744808493325,Low
2020-01-02,Historical_Mean,1D,5,-0.0070849093649545,0.00030073001314016417,Low
2020-01-03,Historical_Mean,1D,5,0.0035271451942725,0.0002997453925058361,Low
2020-01-06,Historical_Mean,1D,5,-0.0028071750845948,0.00030017559775800446,Low
2020-01-07,Historical_Mean,1D,5,0.0048904734856411,0.0002997614499927969,Low
2020-01-08,Historical_Mean,1D,5,0.0066332141169064,0.00030037321865426385,Low
2020-01-09,Historical_Mean,1D,5,-0.0028592624875049,0.00030121703489653596,Low
2020-01-10,Historical_Mean,1D,5,0.0069519940459332,0.00030079597447521945,Low
2020-01-13,Historical_Mean,1D,5,-0.0015156808368957,0.0003016819739519023,Low
2020-01-14,Historical_Mean,1D,5,0.0018684502436879,0.00030143991710442655,Low
2020-01-15,Historical_Mean,1D,5,0.008331747422232,0.00030164860139349084,Low
2020-01-16,Historical_Mean,1D,5,0.0038547232474851,0.00030271785556404196,Low
2020-01-17,Historical_Mean,1D,5,-0.0026555003695853,0.00030319076268585274,Low
2020-01-21,Historical_Mean,1D,5,0.000289034296681,0.00030279690071403816,Low
2020-01-22,Historical_Mean,1D,5,0.0011403261933582,0.00030279506887535417,Low
2020-01-23,Historical_Mean,1D,5,-0.0090832894261937,0.00030290653162814665,Low
2020-01-24,Historical_Mean,1D,5,-0.015855752356844,0.00030165753682337995,Low
2020-01-27,Historical_Mean,1D,5,0.0100033835003525,0.0002995078016060213,Low
2020-01-28,Historical_Mean,1D,5,-0.0008672501435846,0.0003007987256047903,Normal
2020-01-29,Historical_Mean,1D,5,0.003129456930211,0.00030064335863628946,Low
2020-01-30,Historical_Mean,1D,5,-0.0178644435713629,0.00030101958068331363,Low
2020-01-31,Historical_Mean,1D,5,0.0072284257612325,0.00029860396058330744,Normal
2020-02-03,Historical_Mean,1D,5,0.014869315917506,0.000299525356913669,Normal
2020-02-04,Historical_Mean,1D,5,0.0111877786589729,0.0003014623139145454,Normal
2020-02-05,Historical_Mean,1D,5,0.0033201550570019,0.0003029093850756591,Normal
2020-02-06,Historical_Mean,1D,5,-0.0054154910094583,0.00030331040124683485,Normal
2020-02-07,Historical_Mean,1D,5,0.0072996901205732,0.0003025504276374388,Normal
2020-02-10,Historical_Mean,1D,5,0.0016870486860021,0.0003034801565363142,Normal
2020-02-11,Historical_Mean,1D,5,0.006441853105203,0.00030366397060957917,Normal
2020-02-12,Historical_Mean,1D,5,-0.0016317763599886,0.00030447935173797894,Normal
2020-02-13,Historical_Mean,1D,5,0.0018418360984854,0.0003042221787121154,Normal
2020-02-14,Historical_Mean,1D,5,-0.0029242139861477,0.00030442637710783563,Normal
2020-02-18,Historical_Mean,1D,5,0.0046947482842849,0.00030399766374131654,Normal
2020-02-19,Historical_Mean,1D,5,-0.0038228174279975,0.00030458060992035846,Normal
2020-02-20,Historical_Mean,1D,5,-0.0105738092328197,0.00030403270098130125,Normal
2020-02-21,Historical_Mean,1D,5,-0.0340880794204407,0.00030258886743553525,Normal
2020-02-24,Historical_Mean,1D,5,-0.0307479043753532,0.00029802474423873686,High
2020-02-25,Historical_Mean,1D,5,-0.00378569732353,0.0002939050614999375,High
2020-02-26,Historical_Mean,1D,5,-0.0451681363522611,0.0002933637848135861,High
2020-02-27,Historical_Mean,1D,5,-0.008272463109653,0.00028733280840909233,High
2020-02-28,Historical_Mean,1D,5,0.0450108687694132,0.0002861974063772496,High
2020-03-02,Historical_Mean,1D,5,-0.0285104849229145,0.00029212906040417745,High
2020-03-03,Historical_Mean,1D,5,0.0413363493606331,0.0002883095916356695,High
2020-03-04,Historical_Mean,1D,5,-0.0345107824399811,0.0002937521850815721,High
2020-03-05,Historical_Mean,1D,5,-0.0172009436523861,0.00028913803492579016,High
2020-03-06,Historical_Mean,1D,5,-0.0790104129403714,0.00028681962537020804,High
2020-03-09,Historical_Mean,1D,5,0.0482150524258591,0.0002763097204575849,High
2020-03-10,Historical_Mean,1D,5,-0.0501028928086054,0.00028266258856060654,High
2020-03-11,Historical_Mean,1D,5,-0.0999448524024735,0.0002759863522551652,High
2020-03-12,Historical_Mean,1D,5,0.0888084069492359,0.0002627085516782271,High
2020-03-13,Historical_Mean,1D,5,-0.1276521974728174,0.00027443801232169743,High
2020-03-16,Historical_Mean,1D,5,0.0582263126356917,0.0002574940870918777,High
2020-03-17,Historical_Mean,1D,5,-0.0532222723320802,0.0002651710594860771,High
2020-03-18,Historical_Mean,1D,5,0.004696760970401,0.0002580885060708803,High
2020-03-19,Historical_Mean,1D,5,-0.0443276240533668,0.00025867617619723145,High
2020-03-20,Historical_Mean,1D,5,-0.0297315010095767,0.0002527738330373739,High
2020-03-23,Historical_Mean,1D,5,0.0896832325179632,0.00024880503424947,High
2020-03-24,Historical_Mean,1D,5,0.0114689904208222,0.00026064124752153375,High
2020-03-25,Historical_Mean,1D,5,0.0605438310742465,0.00026212442195230006,High
2020-03-26,Historical_Mean,1D,5,-0.0342678455416263,0.00027010030269486343,High
2020-03-27,Historical_Mean,1D,5,0.0329665905699747,0.0002655311869594062,High
2020-03-30,Historical_Mean,1D,5,-0.0161423107884158,0.0002698567239148315,High
2020-03-31,Historical_Mean,1D,5,-0.0451463627327869,0.00026768608940718294,High
2020-04-01,Historical_Mean,1D,5,0.0225726570569603,0.0002616805288647082,High
2020-04-02,Historical_Mean,1D,5,-0.0152528608259442,0.0002646305455945899,High
2020-04-03,Historical_Mean,1D,5,0.0679682441448303,0.0002625790528167556,High
2020-04-06,Historical_Mean,1D,5,-0.0016043390483624,0.0002715289094052571,High
2020-04-07,Historical_Mean,1D,5,0.0334893711912846,0.00027128097549595657,High
2020-04-08,Historical_Mean,1D,5,0.0143834703036993,0.0002756708380855943,High
2020-04-09,Historical_Mean,1D,5,-0.0101560594446771,0.00027753497649278427,High
2020-04-13,Historical_Mean,1D,5,0.0301145595723075,0.0002761565124392541,High
2020-04-14,Historical_Mean,1D,5,-0.0222767326723692,0.0002800981773084573,High
2020-04-15,Historical_Mean,1D,5,0.0057998378395412,0.0002771188045902328,High
2020-04-16,Historical_Mean,1D,5,0.0264409320213205,0.0002778481652657414,High
2020-04-17,Historical_Mean,1D,5,-0.0180428456153477,0.0002813029498763389,High
2020-04-20,Historical_Mean,1D,5,-0.0311551152363306,0.0002788836009767846,High
2020-04-21,Historical_Mean,1D,5,0.0226713005821367,0.00027473389815997834,High
2020-04-22,Historical_Mean,1D,5,-0.0005395676601955,0.00027769015036219284,High
2020-04-23,Historical_Mean,1D,5,0.0138220905668392,0.0002775822900202953,High
2020-04-24,Historical_Mean,1D,5,0.0146068681817359,0.00027936963605840805,High
2020-04-27,Historical_Mean,1D,5,-0.0052561701904836,0.0002812600567663745,High
2020-04-28,Historical_Mean,1D,5,0.026236704045073,0.0002805295250714866,High
2020-04-29,Historical_Mean,1D,5,-0.0092551433190548,0.0002839533708068779,High
2020-04-30,Historical_Mean,1D,5,-0.0284602110147759,0.0002826952467380489,High
2020-05-01,Historical_Mean,1D,5,0.0042408225788494,0.00027890480677213647,High
2020-05-04,Historical_Mean,1D,5,0.0089999351977798,0.0002794272115416614,High
2020-05-05,Historical_Mean,1D,5,-0.0070038803990425,0.0002805769159564588,High
2020-05-06,Historical_Mean,1D,5,0.0114389557548908,0.00027961666584902414,High
2020-05-07,Historical_Mean,1D,5,0.0167307950652262,0.0002810875158673505,High
2020-05-08,Historical_Mean,1D,5,0.0001330693667907,0.0002832553740051152,High
2020-05-11,Historical_Mean,1D,5,-0.0207133657720476,0.0002832355840450132,High
2020-05-12,Historical_Mean,1D,5,-0.01761699662428,0.0002804692334052118,High
2020-05-13,Historical_Mean,1D,5,0.0114589178040714,0.00027811151164817255,High
2020-05-14,Historical_Mean,1D,5,0.003918675203723,0.0002795842205907994,High
2020-05-15,Historical_Mean,1D,5,0.0310152087700734,0.0002800634897838894,High
2020-05-18,Historical_Mean,1D,5,-0.0105397477115992,0.00028411078307863385,High
2020-05-19,Historical_Mean,1D,5,0.0165139906134157,0.000282685653586247,High
2020-05-20,Historical_Mean,1D,5,-0.0078039683099536,0.0002848224762507848,High
2020-05-21,Historical_Mean,1D,5,0.0023509456868123,0.0002837577413835735,High
2020-05-22,Historical_Mean,1D,5,0.0122142850214605,0.0002840298113948171,High
2020-05-26,Historical_Mean,1D,5,0.0147184474903143,0.00028559978839311494,High
2020-05-27,Historical_Mean,1D,5,-0.0021101393249195,0.0002874988473012625,High
2020-05-28,Historical_Mean,1D,5,0.0048007935523079,0.00028718341009928634,High
2020-05-29,Historical_Mean,1D,5,0.0037442164783643,0.0002877771499233074,High
2020-06-01,Historical_Mean,1D,5,0.0081773072823986,0.00028823176511842,High
2020-06-02,Historical_Mean,1D,5,0.0135566708125639,0.0002892692553232175,High
2020-06-03,Historical_Mean,1D,5,-0.0033743890836089,0.00029101381831562263,High
2020-06-04,Historical_Mean,1D,5,0.0258740128216358,0.00029053190891489627,High
2020-06-05,Historical_Mean,1D,5,0.011969656405806,0.000293895058765392,High
2020-06-08,Historical_Mean,1D,5,-0.0078297434197219,0.00029542972771216385,High
2020-06-09,Historical_Mean,1D,5,-0.005327255735182,0.00029436189052627423,High
2020-06-10,Historical_Mean,1D,5,-0.0607526929962889,0.0002936231759893875,High
2020-06-11,Historical_Mean,1D,5,0.0129762866052117,0.0002856023750207529,High
2020-06-12,Historical_Mean,1D,5,0.0082778608181752,0.00028726956948084105,High
2020-06-15,Historical_Mean,1D,5,0.0187848528667105,0.00028831916770081926,High
2020-06-16,Historical_Mean,1D,5,-0.0036067962326294,0.00029074844714644705,High
2020-06-17,Historical_Mean,1D,5,0.0005940434038017,0.0002902366225003832,High
2020-06-18,Historical_Mean,1D,5,-0.0056655135656737,0.00029027651309666754,High
2020-06-19,Historical_Mean,1D,5,0.0064740932966583,0.00028949460551116535,High
2020-06-22,Historical_Mean,1D,5,0.0042981691914837,0.00029030644571740677,High
2020-06-23,Historical_Mean,1D,5,-0.0261952655956623,0.00029083248099050907,High
2020-06-24,Historical_Mean,1D,5,0.0108998277282181,0.00028735661510118456,High
2020-06-25,Historical_Mean,1D,5,-0.0245252042748311,0.0002887491450989692,High
2020-06-26,Historical_Mean,1D,5,0.0145788881135335,0.0002854935752459215,High
2020-06-29,Historical_Mean,1D,5,0.0152923494357555,0.00028736861060447944,High
2020-06-30,Historical_Mean,1D,5,0.0050095639758705,0.00028933673505688646,High
2020-07-01,Historical_Mean,1D,5,0.0045309704768169,0.00028995578125240305,High
2020-07-02,Historical_Mean,1D,5,0.0157569308321632,0.0002905119069664818,High
2020-07-06,Historical_Mean,1D,5,-0.0108774778696435,0.0002925397578810218,High
2020-07-07,Historical_Mean,1D,5,0.0077969862634302,0.000291075413671855,High
2020-07-08,Historical_Mean,1D,5,-0.0056595914761946,0.0002920592792964137,High
2020-07-09,Historical_Mean,1D,5,0.010411809774443,0.00029127924643199805,High
2020-07-10,Historical_Mean,1D,5,-0.0094066452160588,0.00029260548552622045,High
2020-07-13,Historical_Mean,1D,5,0.0133173005829039,0.00029133461934414696,High
2020-07-14,Historical_Mean,1D,5,0.009041056936355,0.00029304115228841,High
2020-07-15,Historical_Mean,1D,5,-0.0034119152141152,0.0002941870804760006,High
2020-07-16,Historical_Mean,1D,5,0.0028445625875835,0.0002937016708761851,High
2020-07-17,Historical_Mean,1D,5,0.0083717972551403,0.0002940357280941929,High
2020-07-20,Historical_Mean,1D,5,0.00167762933456,0.00029509344205609503,High
2020-07-21,Historical_Mean,1D,5,0.0057306305944738,0.00029527444963563205,High
2020-07-22,Historical_Mean,1D,5,-0.0123963784122468,0.00029598597681783367,High
2020-07-23,Historical_Mean,1D,5,-0.0062096400242761,0.0002943246725784273,High
2020-07-24,Historical_Mean,1D,5,0.0073679288214823,0.00029347347971141327,High
2020-07-27,Historical_Mean,1D,5,-0.0064944354186463,0.00029439921320287765,Normal
2020-07-28,Historical_Mean,1D,5,0.0123517833517425,0.0002935109710686569,Normal
2020-07-29,Historical_Mean,1D,5,-0.0037573017634548,0.000295088453065082,Normal
2020-07-30,Historical_Mean,1D,5,0.0076412362421762,0.00029455838240235863,Normal
2020-07-31,Historical_Mean,1D,5,0.0071553626643586,0.00029551923485589954,Normal
2020-08-03,Historical_Mean,1D,5,0.0036054230261335,0.0002964162982048603,Normal
2020-08-04,Historical_Mean,1D,5,0.0064091604355179,0.0002968489612184493,Normal
2020-08-05,Historical_Mean,1D,5,0.0064071260206648,0.0002976480606398507,Normal
2020-08-06,Historical_Mean,1D,5,0.0006328292699566,0.0002984466852097886,Normal
2020-08-07,Historical_Mean,1D,5,0.0027384652733919,0.00029849038963858837,Normal
2020-08-10,Historical_Mean,1D,5,-0.0080010554013772,0.00029880925723970613,Normal
2020-08-11,Historical_Mean,1D,5,0.0138995022936135,0.0002977247329147855,Normal
2020-08-12,Historical_Mean,1D,5,-0.0020492726761566,0.0002995018138607875,Normal
2020-08-13,Historical_Mean,1D,5,-0.000171897396279,0.0002991949850573887,Normal
2020-08-14,Historical_Mean,1D,5,0.0027061775074234,0.00029913345261468546,Normal
2020-08-17,Historical_Mean,1D,5,0.0023007404198168,0.0002994478112479372,Normal
2020-08-18,Historical_Mean,1D,5,-0.004414123345182,0.0002997091448348488,Normal
2020-08-19,Historical_Mean,1D,5,0.0031536547683461,0.00029909368165558035,Normal
2020-08-20,Historical_Mean,1D,5,0.0034351999829724,0.0002994663397608924,Low
2020-08-21,Historical_Mean,1D,5,0.0099936153649035,0.0002998756510313808,Low
2020-08-24,Historical_Mean,1D,5,0.0035898997455401,0.00030114082196767316,Low
2020-08-25,Historical_Mean,1D,5,0.0101440013448414,0.0003015699957799624,Low
2020-08-26,Historical_Mean,1D,5,0.0016716460318091,0.00030285423786621785,Low
2020-08-27,Historical_Mean,1D,5,0.0067100028495702,0.00030303281474735846,Low
2020-08-28,Historical_Mean,1D,5,-0.0021973751755085,0.00030386857916619785,Low
2020-08-31,Historical_Mean,1D,5,0.0074968314207059,0.000303542344164936,Low
2020-09-01,Historical_Mean,1D,5,0.0152490501438697,0.0003044804361154499,Low
2020-09-02,Historical_Mean,1D,5,-0.0357575941421853,0.000306429134734273,Low
2020-09-03,Historical_Mean,1D,5,-0.0081662807542751,0.00030172717602802533,High
2020-09-04,Historical_Mean,1D,5,-0.0281488290864667,0.00030062327719732485,High
2020-09-08,Historical_Mean,1D,5,0.0199447606621803,0.0002969150586931976,High
2020-09-09,Historical_Mean,1D,5,-0.0177412459253955,0.0002994757058460045,High
2020-09-10,Historical_Mean,1D,5,0.0005329301580873,0.0002971248169182951,High
2020-09-11,Historical_Mean,1D,5,0.0126613350250229,0.0002971555407412487,High
2020-09-14,Historical_Mean,1D,5,0.0052057859304996,0.0002987662988814626,High
2020-09-15,Historical_Mean,1D,5,-0.0046296468921518,0.00029940548341078626,High
2020-09-16,Historical_Mean,1D,5,-0.0084479495285524,0.00029876351253613627,High
2020-09-17,Historical_Mean,1D,5,-0.0112455769478285,0.0002976244692959893,High
2020-09-18,Historical_Mean,1D,5,-0.0116385640272977,0.0002961214482781346,High
2020-09-21,Historical_Mean,1D,5,0.0104630163983761,0.00029456765509032365,High
2020-09-22,Historical_Mean,1D,5,-0.0240073389143741,0.0002958913271475074,High
2020-09-23,Historical_Mean,1D,5,0.002983005554629,0.000292728079686682,High
2020-09-24,Historical_Mean,1D,5,0.0158504392241884,0.0002930781938817552,High
2020-09-25,Historical_Mean,1D,5,0.0159821918538544,0.00029510257397678537,High
2020-09-28,Historical_Mean,1D,5,-0.0048242827044439,0.00029714356919925184,High
2020-09-29,Historical_Mean,1D,5,0.0082198425683796,0.00029647732407454217,High
2020-09-30,Historical_Mean,1D,5,0.005278949564295,0.00029750793870049236,High
2020-10-01,Historical_Mean,1D,5,-0.0096238128663708,0.00029815580469419694,High
2020-10-02,Historical_Mean,1D,5,0.0178131090029009,0.00029686556169405845,High
2020-10-05,Historical_Mean,1D,5,-0.0140720643875232,0.0002991430605162151,High
2020-10-06,Historical_Mean,1D,5,0.0172471637702415,0.0002972747288147019,High
2020-10-07,Historical_Mean,1D,5,0.0079782128948692,0.0002994780160942322,High
2020-10-08,Historical_Mean,1D,5,0.0087550951807528,0.00030047603206495945,High
2020-10-09,Historical_Mean,1D,5,0.0162825301583242,0.0003015747480037103,High
2020-10-12,Historical_Mean,1D,5,-0.0063268916291632,0.0003036512754738663,High
2020-10-13,Historical_Mean,1D,5,-0.0066451720840594,0.0003027898303777721,High
2020-10-14,Historical_Mean,1D,5,-0.001528923514213,0.0003018872632285857,High
2020-10-15,Historical_Mean,1D,5,0.0001349104566304,0.00030164946471222755,High
2020-10-16,Historical_Mean,1D,5,-0.0164646635149426,0.00030162781029559354,High
2020-10-19,Historical_Mean,1D,5,0.0047161953200011,0.0002994506526114956,High
2020-10-20,Historical_Mean,1D,5,-0.0021981140115702,0.0003000241068658957,High
2020-10-21,Historical_Mean,1D,5,0.0052053540034913,0.00029969979969746315,High
2020-10-22,Historical_Mean,1D,5,0.0034398383203894,0.0003003365668578725,High
2020-10-23,Historical_Mean,1D,5,-0.018764472985322,0.00030074402977202326,High
2020-10-26,Historical_Mean,1D,5,-0.0030302053504455,0.0002982699554124211,High
2020-10-27,Historical_Mean,1D,5,-0.0359255421085777,0.0002978380785075479,High
2020-10-28,Historical_Mean,1D,5,0.0118765249399974,0.00029313862596641073,High
2020-10-29,Historical_Mean,1D,5,-0.0122037134452599,0.00029464120558945274,High
2020-10-30,Historical_Mean,1D,5,0.0122429508905916,0.00029302014791748784,High
2015-06-10,Historical_Mean,5D,1,-0.0022636326075193,0.0014312421379817691,Low
2015-06-11,Historical_Mean,5D,1,0.0058532506899613,0.001430660451151558,Low
2015-06-12,Historical_Mean,5D,1,0.0075545101051144,0.001431356593169315,Low
2015-06-15,Historical_Mean,5D,1,0.018264167708428,0.00143232026227727,Low
2015-06-16,Historical_Mean,5D,1,0.0132261036178678,0.0014349688614033363,Low
2015-06-17,Historical_Mean,5D,1,0.0038679535044897,0.0014368239801504199,Low
2015-06-18,Historical_Mean,5D,1,-0.0089640507061154,0.0014372064136134275,Low
2015-06-19,Historical_Mean,5D,1,-0.0040365912130882,0.001435570481383209,Low
2015-06-22,Historical_Mean,5D,1,-0.031199928703242,0.0014347099432963288,Low
2015-06-23,Historical_Mean,5D,1,-0.029180632775968,0.0014295787108047347,Low
2015-06-24,Historical_Mean,5D,1,-0.0148880706230257,0.001424766541100793,Low
2015-06-25,Historical_Mean,5D,1,-0.0122181366559759,0.0014222024359193835,Low
2015-06-26,Historical_Mean,5D,1,-0.0156972136099509,0.001420058739692463,Low
2015-06-29,Historical_Mean,5D,1,0.0114523164925293,0.0014173690363062839,Normal
2015-06-30,Historical_Mean,5D,1,-0.0079956107720796,0.0014189456187817312,Normal
2015-07-01,Historical_Mean,5D,1,-0.0126480595618967,0.0014174667377903928,Normal
2015-07-02,Historical_Mean,5D,1,-7.700298734244507e-05,0.0014152576084830756,Normal
2015-07-06,Historical_Mean,5D,1,0.0147974982189101,0.0014150232710779522,Normal
2015-07-07,Historical_Mean,5D,1,0.0131782108615416,0.001417124460424448,Normal
2015-07-08,Historical_Mean,5D,1,0.0292359194729459,0.0014189707848202278,Normal
2015-07-09,Historical_Mean,5D,1,0.0349590052726014,0.0014233369673171867,Normal
2015-07-10,Historical_Mean,5D,1,0.0238015905120445,0.0014285999409997484,Normal
2015-07-13,Historical_Mean,5D,1,0.0135672586286908,0.0014321105310783685,Normal
2015-07-14,Historical_Mean,5D,1,0.0048531891494675,0.0014340143823644701,Normal
2015-07-15,Historical_Mean,5D,1,0.0031978804300145,0.001434550723504408,Normal
2015-07-16,Historical_Mean,5D,1,-0.0104770632258404,0.001434827280861138,Normal
2015-07-17,Historical_Mean,5D,1,-0.0223436555469523,0.0014329593350391682,Normal
2015-07-20,Historical_Mean,5D,1,-0.0289063472360181,0.00142923142427059,Normal
2015-07-21,Historical_Mean,5D,1,-0.0123254771914058,0.0014244758859949529,Normal
2015-07-22,Historical_Mean,5D,1,-0.0026427692438319,0.0014223207209357993,Normal
2015-07-23,Historical_Mean,5D,1,0.0030778078715698,0.0014216836593522282,Normal
2015-07-24,Historical_Mean,5D,1,0.0115647247671792,0.0014219431586020273,Normal
2015-07-27,Historical_Mean,5D,1,0.014595785887339,0.0014235321890906027,Normal
2015-07-28,Historical_Mean,5D,1,3.347291851688715e-05,0.0014255955120383234,Normal
2015-07-29,Historical_Mean,5D,1,-0.004148831823376,0.00142537748187489,Normal
2015-07-30,Historical_Mean,5D,1,-0.0119603946499605,0.0014245046022467582,Normal
2015-07-31,Historical_Mean,5D,1,-0.0125653137052465,0.0014224089549550395,Normal
2015-08-03,Historical_Mean,5D,1,0.0029222158716832,0.0014202192676256403,Normal
2015-08-04,Historical_Mean,5D,1,-0.0044286096415662,0.0014204543586577357,Normal
2015-08-05,Historical_Mean,5D,1,-0.0065888441888422,0.0014195390121788274,Low
2015-08-06,Historical_Mean,5D,1,-8.167413466134306e-05,0.001418285940171157,Low
2015-08-07,Historical_Mean,5D,1,0.0067016809960354,0.001418051278081853,Low
2015-08-10,Historical_Mean,5D,1,-0.0008272629265866,0.0014188777491780447,Low
2015-08-11,Historical_Mean,5D,1,0.0061468188179625,0.0014185264603641936,Low
2015-08-12,Historical_Mean,5D,1,-0.0030919212298493,0.0014192658336804715,Low
2015-08-13,Historical_Mean,5D,1,-0.0231418558156142,0.0014185605198806701,Low
2015-08-14,Historical_Mean,5D,1,-0.0594154306118518,0.0014147211551260202,Low
2015-08-17,Historical_Mean,5D,1,-0.1048247666677739,0.0014052134727616911,Low
2015-08-18,Historical_Mean,5D,1,-0.1158100334747966,0.0013886124444540595,Low
2015-08-19,Historical_Mean,5D,1,-0.0692295976306679,0.0013703001560291766,Low
2015-08-20,Historical_Mean,5D,1,-0.0238963826868317,0.001359270645361047,Normal
2015-08-21,Historical_Mean,5D,1,0.0090814109919228,0.0013553256823288394,High
2015-08-24,Historical_Mean,5D,1,0.0408657766744578,0.0013565323175482044,High
2015-08-25,Historical_Mean,5D,1,0.0244573765746859,0.001362701781064274,High
2015-08-26,Historical_Mean,5D,1,0.0042937485633687,0.0013663075070273689,High
2015-08-27,Historical_Mean,5D,1,-0.0185493902269022,0.001366764491269695,High
2015-08-28,Historical_Mean,5D,1,-0.0346062501380548,0.0013636559920160393,High
2015-08-31,Historical_Mean,5D,1,-0.0014055342770321,0.001358042710784755,High
2015-09-01,Historical_Mean,5D,1,0.0146220797963109,0.0013576115082589606,High
2015-09-02,Historical_Mean,5D,1,0.001758483818032,0.0013596808480854897,High
2015-09-03,Historical_Mean,5D,1,0.0050713745635994,0.0013597430541328998,High
2015-09-04,Historical_Mean,5D,1,0.0164216420948319,0.0013603219111992546,High
2015-09-08,Historical_Mean,5D,1,0.0043976925292259,0.0013626704719638938,High
2015-09-09,Historical_Mean,5D,1,0.0270604690136864,0.0013631436590635605,High
2015-09-10,Historical_Mean,5D,1,0.0192320491261907,0.001367149477513229,High
2015-09-11,Historical_Mean,5D,1,-0.001541188273179,0.0013699339070095938,High
2015-09-14,Historical_Mean,5D,1,0.0071122449835374,0.0013694802491975027,High
2015-09-15,Historical_Mean,5D,1,-0.0180323726672733,0.0013703750395892664,High
2015-09-16,Historical_Mean,5D,1,-0.028750857612243,0.0013673523339175321,High
2015-09-17,Historical_Mean,5D,1,-0.0295551650409894,0.001362661023957071,High
2015-09-18,Historical_Mean,5D,1,-0.0137248358878264,0.0013578459132165405,High
2015-09-21,Historical_Mean,5D,1,-0.0442814390843083,0.0013554973174829618,High
2015-09-22,Historical_Mean,5D,1,-0.0306544151519483,0.0013483920806151755,High
2015-09-23,Historical_Mean,5D,1,-0.0097077723187892,0.0013434103235739918,High
2015-09-24,Historical_Mean,5D,1,-0.0043671817691455,0.001341690295147165,High
2015-09-25,Historical_Mean,5D,1,0.0103125130484805,0.0013408018930207576,High
2015-09-28,Historical_Mean,5D,1,0.0544383177297917,0.0013421978337637885,High
2015-09-29,Historical_Mean,5D,1,0.0496115344726668,0.0013504579644258964,High
2015-09-30,Historical_Mean,5D,1,0.0387191557266546,0.0013579647425419705,High
2015-10-01,Historical_Mean,5D,1,0.0455269971928758,0.0013637751921506973,High
2015-10-02,Historical_Mean,5D,1,0.0320380527369856,0.0013706424323933852,High
2015-10-05,Historical_Mean,5D,1,0.0151881236958162,0.001375410375537756,High
2015-10-06,Historical_Mean,5D,1,0.0119339893498324,0.0013775575406738167,High
2015-10-07,Historical_Mean,5D,1,-0.0007969614196595,0.0013791982667865242,High
2015-10-08,Historical_Mean,5D,1,0.005166809787137,0.001378860091233075,High
2015-10-09,Historical_Mean,5D,1,0.0090020226003187,0.0013794486477426934,High
2015-10-12,Historical_Mean,5D,1,0.0079978670668588,0.0013806328288756087,High
2015-10-13,Historical_Mean,5D,1,0.0134245897010922,0.0013816606689250003,High
2015-10-14,Historical_Mean,5D,1,0.0123095717018971,0.0013835309793819295,High
2015-10-15,Historical_Mean,5D,1,0.014056867363136,0.001385227569556233,High
2015-10-16,Historical_Mean,5D,1,0.020466759958482,0.0013871949099992667,High
2015-10-19,Historical_Mean,5D,1,0.0182813180135086,0.001390156655582701,High
2015-10-20,Historical_Mean,5D,1,0.0171460332043147,0.0013927782854690777,Normal
2015-10-21,Historical_Mean,5D,1,0.0347589706035925,0.0013952229246557391,Normal
2015-10-22,Historical_Mean,5D,1,0.0178182482103378,0.0014003996116501434,High
2015-10-23,Historical_Mean,5D,1,0.0020268125528695,0.0014029465940576346,High
2015-10-26,Historical_Mean,5D,1,0.0157456218927844,0.0014030433624706658,Normal
2015-10-27,Historical_Mean,5D,1,0.0210273606829396,0.0014052677077762356,Normal
2015-10-28,Historical_Mean,5D,1,0.0057052052551488,0.0014083103644633443,Normal
2015-10-29,Historical_Mean,5D,1,0.0050222908793113,0.0014089765497177142,Normal
2015-10-30,Historical_Mean,5D,1,0.009496090787713,0.0014095366666499098,Normal
2015-11-02,Historical_Mean,5D,1,-0.0121790762076041,0.0014107900073382334,Normal
2015-11-03,Historical_Mean,5D,1,-0.0133939739792219,0.0014086840308598603,Normal
2015-11-04,Historical_Mean,5D,1,-0.0130756143611437,0.0014063904674867457,Normal
2015-11-05,Historical_Mean,5D,1,-0.0260319879412781,0.0014041469345930772,Normal
2015-11-06,Historical_Mean,5D,1,-0.0369549465934099,0.0013998972234908664,Normal
2015-11-09,Historical_Mean,5D,1,-0.0122903531426731,0.001393957182633363,Normal
2015-11-10,Historical_Mean,5D,1,-0.0151400853143694,0.0013918382123135572,Normal
2015-11-11,Historical_Mean,5D,1,0.0041264518843719,0.0013892786948144578,Normal
2015-11-12,Historical_Mean,5D,1,0.0170918748920252,0.001389702405834513,Normal
2015-11-13,Historical_Mean,5D,1,0.03216547060433,0.0013921327064824298,Normal
2015-11-16,Historical_Mean,5D,1,0.0161365439684118,0.0013968949067142229,Normal
2015-11-17,Historical_Mean,5D,1,0.018698070931619,0.0013991755270239391,Normal
2015-11-18,Historical_Mean,5D,1,0.0025357004394796,0.0014018517175258876,Normal
2015-11-19,Historical_Mean,5D,1,0.0042528823279398,0.001402027100158827,Normal
2015-11-20,Historical_Mean,5D,1,-0.004201873091828,0.0014024679995135719,Normal
2015-11-23,Historical_Mean,5D,1,0.0076576896965952,0.0014016013934997568,Normal
2015-11-24,Historical_Mean,5D,1,-0.0046201528878142,0.0014025686304049974,Normal
2015-11-25,Historical_Mean,5D,1,-0.0189688387169972,0.0014016376176490507,Normal
2015-11-27,Historical_Mean,5D,1,0.000755576087373,0.0013984891669018102,Normal
2015-11-30,Historical_Mean,5D,1,-0.0016066677334062,0.001398389813930163,Normal
2015-12-01,Historical_Mean,5D,1,-0.0187416593057401,0.0013979254972510317,Normal
2015-12-02,Historical_Mean,5D,1,-0.0154541530319839,0.0013948141756377165,Normal
2015-12-03,Historical_Mean,5D,1,0.0012725299907608,0.0013922116166003946,Normal
2015-12-04,Historical_Mean,5D,1,-0.0386591941289057,0.0013921931329516164,Normal
2015-12-07,Historical_Mean,5D,1,-0.0269008621044398,0.0013860085456659681,Normal
2015-12-08,Historical_Mean,5D,1,-0.0098272293729309,0.0013816412659608413,Normal
2015-12-09,Historical_Mean,5D,1,0.0123524926435332,0.0013799109679307562,Normal
2015-12-10,Historical_Mean,5D,1,-0.0050511405709378,0.001381604528924058,Normal
2015-12-11,Historical_Mean,5D,1,-0.0033947678222293,0.0013806118213469188,High
2015-12-14,Historical_Mean,5D,1,-0.0003907491591411,0.00137987499375186,Normal
2015-12-15,Historical_Mean,5D,1,-0.0021752336734865,0.0013796018335925121,Normal
2015-12-16,Historical_Mean,5D,1,-0.004244272796704,0.0013790535017234578,High
2015-12-17,Historical_Mean,5D,1,0.009310588435309,0.001378186239802047,Normal
2015-12-18,Historical_Mean,5D,1,0.0250871469861096,0.0013794094321220942,High
2015-12-21,Historical_Mean,5D,1,0.0279125044319764,0.0013830646491362767,High
2015-12-22,Historical_Mean,5D,1,0.0118910100566289,0.0013871542806736343,High
2015-12-23,Historical_Mean,5D,1,-0.0099070715123927,0.0013887732473468705,High
2015-12-24,Historical_Mean,5D,1,-0.0237291979063353,0.0013870324791607496,High
2015-12-28,Historical_Mean,5D,1,-0.0195380573106694,0.0013831624898871752,High
2015-12-29,Historical_Mean,5D,1,-0.0433138844863185,0.001379939377916669,High
2015-12-30,Historical_Mean,5D,1,-0.0600563022218847,0.0013730549318500894,High
2015-12-31,Historical_Mean,5D,1,-0.0614973546262648,0.0013635940729014163,High
2016-01-04,Historical_Mean,5D,1,-0.0452224045326363,0.0013539142224703773,High
2016-01-05,Historical_Mean,5D,1,-0.0394600945542214,0.00134674311873595,High
2016-01-06,Historical_Mean,5D,1,-0.0515403066295043,0.001340461277961172,High
2016-01-07,Historical_Mean,5D,1,-0.0109964291757757,0.0013323220186249448,High
2016-01-08,Historical_Mean,5D,1,-0.0219346644280901,0.0013304247038828088,High
2016-01-11,Historical_Mean,5D,1,-0.0222558925364839,0.0013268449086632408,High
2016-01-12,Historical_Mean,5D,1,-0.0417911726801569,0.0013232167952101413,High
2016-01-13,Historical_Mean,5D,1,-0.0113268089662999,0.001316584832515884,High
2016-01-14,Historical_Mean,5D,1,-0.0078041430184702,0.001314640293328124,High
2016-01-15,Historical_Mean,5D,1,-0.0017299154931293,0.001313238050776717,High
2016-01-19,Historical_Mean,5D,1,0.0117836421498097,0.0013127701612404461,High
2016-01-20,Historical_Mean,5D,1,0.0126234858751796,0.0013143798264193193,High
2016-01-21,Historical_Mean,5D,1,0.0129548479568229,0.001316118084342584,High
2016-01-22,Historical_Mean,5D,1,0.0173327720691659,0.0013179067319332527,High
2016-01-25,Historical_Mean,5D,1,0.0326509823964456,0.0013203675286968103,High
2016-01-26,Historical_Mean,5D,1,-0.0003152241521535,0.0013251809585428309,High
2016-01-27,Historical_Mean,5D,1,0.0155873181699488,0.0013249289761909575,High
2016-01-28,Historical_Mean,5D,1,0.0115995357448807,0.0013271194829017174,High
2016-01-29,Historical_Mean,5D,1,-0.0315132735260274,0.001328696942401407,High
2016-02-01,Historical_Mean,5D,1,-0.0453249966035429,0.0013236544166116897,High
2016-02-02,Historical_Mean,5D,1,-0.0270678685320718,0.0013164931253896823,High
2016-02-03,Historical_Mean,5D,1,-0.0322364566844068,0.0013121363546057282,High
2016-02-04,Historical_Mean,5D,1,-0.0461394723061865,0.0013069877061958122,High
2016-02-05,Historical_Mean,5D,1,-0.0081552988227887,0.0012997072918928534,High
2016-02-08,Historical_Mean,5D,1,0.0224814968419535,0.001298256692611681,High
2016-02-09,Historical_Mean,5D,1,0.0394914481143551,0.0013015061542084507,High
2016-02-10,Historical_Mean,5D,1,0.0350037841211813,0.0013073635072698227,High
2016-02-11,Historical_Mean,5D,1,0.0473551981686357,0.0013125308773992372,High
2016-02-12,Historical_Mean,5D,1,0.0423759140606659,0.0013195904706668293,High
2016-02-16,Historical_Mean,5D,1,0.0134615987481924,0.0013258845567606509,High
2016-02-17,Historical_Mean,5D,1,0.001545448157183,0.0013277447214129242,High
2016-02-18,Historical_Mean,5D,1,0.0175064470115685,0.0013277780859241534,High
2016-02-19,Historical_Mean,5D,1,0.0156606149638058,0.0013302571954745125,High
2016-02-22,Historical_Mean,5D,1,-0.0068442472268421,0.0013324527459216294,High
2016-02-23,Historical_Mean,5D,1,0.0292767157455651,0.0013312001877150172,High
2016-02-24,Historical_Mean,5D,1,0.028932705572035,0.001335480401462582,High
2016-02-25,Historical_Mean,5D,1,0.0211409731619011,0.001339706622775074,High
2016-02-26,Historical_Mean,5D,1,0.0263132783574074,0.0013427385116954729,High
2016-02-29,Historical_Mean,5D,1,0.0353520322498431,0.0013465613132640144,High
2016-03-01,Historical_Mean,5D,1,0.0004598907922181,0.0013517664978555618,High
2016-03-02,Historical_Mean,5D,1,0.0014136137139306,0.001351630000196297,High
2016-03-03,Historical_Mean,5D,1,-0.0019232278092637,0.0013516394850798064,High
2016-03-04,Historical_Mean,5D,1,0.0110388779136459,0.0013511384343921772,High
2016-03-07,Historical_Mean,5D,1,0.00889248649617,0.001352620419932831,High
2016-03-08,Historical_Mean,5D,1,0.0183576116178584,0.001353773657325954,High
2016-03-09,Historical_Mean,5D,1,0.0189026667168239,0.001356374030159802,High
2016-03-10,Historical_Mean,5D,1,0.0253204569882976,0.0013590569495308517,High
2016-03-11,Historical_Mean,5D,1,0.0134538786504724,0.0013627202120348673,Normal
2016-03-14,Historical_Mean,5D,1,0.0157007391713767,0.0013645684478096208,Normal
2016-03-15,Historical_Mean,5D,1,0.0166615972089223,0.0013667595177658438,Normal
2016-03-16,Historical_Mean,5D,1,0.0046703597964754,0.0013690967484643701,Normal
2016-03-17,Historical_Mean,5D,1,-0.0022813650514975,0.0013696011431241122,Normal
2016-03-18,Historical_Mean,5D,1,-0.0061322254144514,0.0013690434031004913,Normal
2016-03-21,Historical_Mean,5D,1,0.0016606947354934,0.0013678976464459088,Normal
2016-03-22,Historical_Mean,5D,1,0.0068793476258319,0.0013679423619451525,Normal
2016-03-23,Historical_Mean,5D,1,0.0112440147968782,0.0013687839263464177,Normal
2016-03-24,Historical_Mean,5D,1,0.0179331156428548,0.0013702915951816135,Normal
2016-03-28,Historical_Mean,5D,1,0.0141745287089277,0.001372819884610353,Normal
2016-03-29,Historical_Mean,5D,1,-0.004799781757104,0.0013747737473735271,Normal
2016-03-30,Historical_Mean,5D,1,0.0013121361813431,0.0013738314987081102,Low
2016-03-31,Historical_Mean,5D,1,-0.008694095429041,0.0013738220853243197,Low
2016-04-01,Historical_Mean,5D,1,-0.0122223518910245,0.001372286171134485,Low
2016-04-04,Historical_Mean,5D,1,-0.0117524177347737,0.0013702125533702754,Low
2016-04-05,Historical_Mean,5D,1,0.0080596345584107,0.0013682112371756522,Low
2016-04-06,Historical_Mean,5D,1,0.0075969063949554,0.0013692315822993538,Low
2016-04-07,Historical_Mean,5D,1,0.0198178927950928,0.0013701810677106444,Normal
2016-04-08,Historical_Mean,5D,1,0.0160504206143304,0.001372993218888599,Normal
2016-04-11,Historical_Mean,5D,1,0.0253136921177322,0.001375230290584292,Low
2016-04-12,Historical_Mean,5D,1,0.0187776761392088,0.001378878334142224,Low
2016-04-13,Historical_Mean,5D,1,0.0095488614198854,0.0013815293775377847,Low
2016-04-14,Historical_Mean,5D,1,0.0041683861324609,0.001382773638970196,Low
2016-04-15,Historical_Mean,5D,1,0.0052010142881477,0.0013831979516120074,Low
2016-04-18,Historical_Mean,5D,1,-0.0031324009464132,0.0013837794039934473,Low
2016-04-19,Historical_Mean,5D,1,-0.0043411386750426,0.001383091695701928,Low
2016-04-20,Historical_Mean,5D,1,-0.0034543996125304,0.0013822201624542508,Low
2016-04-21,Historical_Mean,5D,1,-0.0075204728168001,0.0013814838829939089,Low
2016-04-22,Historical_Mean,5D,1,-0.0126442806268981,0.001380128942856954,Low
2016-04-25,Historical_Mean,5D,1,-0.0030509843088911,0.0013779946543818733,Low
2016-04-26,Historical_Mean,5D,1,-0.0136364838715239,0.0013773207379236762,Low
2016-04-27,Historical_Mean,5D,1,-0.0212390606887432,0.0013750365747395217,Low
2016-04-28,Historical_Mean,5D,1,-0.0122044613199757,0.0013715966451284048,Low
2016-04-29,Historical_Mean,5D,1,-0.003958901535866,0.0013695318454378944,Low
2016-05-02,Historical_Mean,5D,1,-0.0109852949255001,0.0013687215605563093,Low
2016-05-03,Historical_Mean,5D,1,0.010135569698933,0.001366843194053944,Low
2016-05-04,Historical_Mean,5D,1,0.0064826295265367,0.0013681762324402134,Low
2016-05-05,Historical_Mean,5D,1,0.0065521869513666,0.0013689536231217905,Low
2016-05-06,Historical_Mean,5D,1,-0.0051318577639383,0.001369741348551615,Low
2016-05-09,Historical_Mean,5D,1,0.0038639053180645,0.0013687534137221834,Low
2016-05-10,Historical_Mean,5D,1,-0.0179983234701355,0.0013691325009151858,Low
2016-05-11,Historical_Mean,5D,1,-0.0081856429058654,0.0013661904599048486,Low
2016-05-12,Historical_Mean,5D,1,-0.0117297581606217,0.0013647396954203758,Low
2016-05-13,Historical_Mean,5D,1,0.0027861352239352,0.0013627511611977422,Low
2016-05-16,Historical_Mean,5D,1,-0.0090504777337792,0.0013629672838917505,Low
2016-05-17,Historical_Mean,5D,1,0.0139940233523738,0.0013613863752812037,Low
2016-05-18,Historical_Mean,5D,1,0.0207393953175558,0.0013633038975910234,Low
2016-05-19,Historical_Mean,5D,1,0.0242425237903479,0.0013662445701392045,Low
2016-05-20,Historical_Mean,5D,1,0.0225187595069829,0.001369715932691588,Low
2016-05-23,Historical_Mean,5D,1,0.0236006274544946,0.0013729247088369821,Low
2016-05-24,Historical_Mean,5D,1,0.0111463885744306,0.0013762966297632042,Normal
2016-05-25,Historical_Mean,5D,1,0.0070165550898335,0.001377778518424613,Normal
2016-05-26,Historical_Mean,5D,1,0.0043109589030671,0.0013786336559089031,Normal
2016-05-27,Historical_Mean,5D,1,0.0049185924829913,0.001379078284452824,Normal
2016-05-31,Historical_Mean,5D,1,0.0072129767327786,0.0013796148997042702,Normal
2016-06-01,Historical_Mean,5D,1,0.0093826800508072,0.001380499144335629,Low
2016-06-02,Historical_Mean,5D,1,0.0048427482859273,0.0013817119635090864,Low
2016-06-03,Historical_Mean,5D,1,-0.0014587218875439,0.0013822364424183784,Low
2016-06-06,Historical_Mean,5D,1,-0.0144923491966169,0.001381805994186566,Low
2016-06-07,Historical_Mean,5D,1,-0.0175814698977863,0.0013794011835229086,Low
2016-06-08,Historical_Mean,5D,1,-0.0227279809335513,0.001376529194567848,Low
2016-06-09,Historical_Mean,5D,1,-0.017880652224612,0.0013728786553995733,Low
2016-06-10,Historical_Mean,5D,1,-0.0119264039590548,0.001369963220681219,Low
2016-06-13,Historical_Mean,5D,1,0.0020132776090776,0.0013679501446509789,Low
2016-06-14,Historical_Mean,5D,1,0.0065221732852592,0.0013680478327321817,Low
2016-06-15,Historical_Mean,5D,1,0.0067116533524935,0.0013688279334514984,Low
2016-06-16,Historical_Mean,5D,1,0.016859127313403,0.0013696364724071644,Low
2016-06-17,Historical_Mean,5D,1,-0.0164583813475706,0.001371980169008919,Low
2016-06-20,Historical_Mean,5D,1,-0.0405120106376963,0.001369282686177364,Low
2016-06-21,Historical_Mean,5D,1,-0.0256062796378182,0.0013629475941604415,Low
2016-06-22,Historical_Mean,5D,1,-0.0070641076699884,0.0013588687636655868,Low
2016-06-23,Historical_Mean,5D,1,-0.0068658115924774,0.0013575950639175673,Low
2016-06-24,Historical_Mean,5D,1,0.0316616875061371,0.0013563517305857867,Normal
2016-06-27,Historical_Mean,5D,1,0.0430529050322411,0.0013609330360696192,Normal
2016-06-28,Historical_Mean,5D,1,0.0307774704864295,0.001367234724702656,High
2016-06-29,Historical_Mean,5D,1,0.0130162696284423,0.0013716793726944539,High
2016-06-30,Historical_Mean,5D,1,0.0146805930449686,0.0013734389058246666,High
2016-07-01,Historical_Mean,5D,1,0.016136706063935,0.001375449353647471,High
2016-07-05,Historical_Mean,5D,1,0.0299925773568792,0.0013776791507336174,High
2016-07-06,Historical_Mean,5D,1,0.0247886489735848,0.001382000990063952,High
2016-07-07,Historical_Mean,5D,1,0.0309060296620149,0.0013855356696144685,High
2016-07-08,Historical_Mean,5D,2,0.0148384640361515,0.0013899929388266688,High
2016-07-11,Historical_Mean,5D,2,0.0138151065460218,0.001392023203183149,High
2016-07-12,Historical_Mean,5D,2,0.0053940597382608,0.0013938983855745206,High
2016-07-13,Historical_Mean,5D,2,0.0095205093790432,0.001394502092388992,High
2016-07-14,Historical_Mean,5D,2,0.0006560167208211,0.0013957282893539316,High
2016-07-15,Historical_Mean,5D,2,0.0061290225702025,0.0013956166853152272,High
2016-07-18,Historical_Mean,5D,2,0.0007335420084042,0.001396330730553557,High
2016-07-19,Historical_Mean,5D,2,0.002492478669539,0.0013962307624205029,High
2016-07-20,Historical_Mean,5D,2,-0.0029679905930336,0.0013963960840774354,High
2016-07-21,Historical_Mean,5D,2,0.0022559997115835,0.001395738004059777,High
2016-07-22,Historical_Mean,5D,2,-0.0006576469602687,0.0013958676982716754,High
2016-07-25,Historical_Mean,5D,2,0.0010877776321697,0.0013955581543074697,Normal
2016-07-26,Historical_Mean,5D,2,-0.0056168953412171,0.001395511766888911,Normal
2016-07-27,Historical_Mean,5D,2,-0.0012885916783373,0.0013944550449015531,Low
2016-07-28,Historical_Mean,5D,2,-0.0026809628269407,0.0013940507889541012,Low
2016-07-29,Historical_Mean,5D,2,0.0042557543447815,0.0013934368971770755,Low
2016-08-01,Historical_Mean,5D,2,0.0046187712007311,0.0013938680340120815,Low
2016-08-02,Historical_Mean,5D,2,0.0113904299999548,0.0013943537121998404,Low
2016-08-03,Historical_Mean,5D,2,0.0053925902203953,0.001395858918687983,Low
2016-08-04,Historical_Mean,5D,2,0.0099034560233499,0.0013964606548068788,Low
2016-08-05,Historical_Mean,5D,2,0.0005403953470558,0.001397741250225898,Low
2016-08-08,Historical_Mean,5D,2,0.0042369889331191,0.0013976122096023022,Low
2016-08-09,Historical_Mean,5D,2,-0.0016468712699151,0.001398039504820288,Low
2016-08-10,Historical_Mean,5D,2,0.0030887717997286,0.0013975813479176796,Low
2016-08-11,Historical_Mean,5D,2,0.0005625583936675,0.0013978357770513957,Low
2016-08-12,Historical_Mean,5D,2,-8.238778818661723e-05,0.0013977101336423428,Low
2016-08-15,Historical_Mean,5D,2,-0.0034348859660313,0.0013974875290519038,Low
2016-08-16,Historical_Mean,5D,2,0.0040091234288084,0.001396760856345876,Low
2016-08-17,Historical_Mean,5D,2,-0.0031117778370189,0.0013971536337586657,Low
2016-08-18,Historical_Mean,5D,2,-0.0066751399300468,0.0013964758028099618,Low
2016-08-19,Historical_Mean,5D,2,-0.0068138945999919,0.0013952625733295986,Low
2016-08-22,Historical_Mean,5D,2,-0.0010359842879945,0.0013940288556900853,Low
2016-08-23,Historical_Mean,5D,2,-0.0049414428734789,0.001393663714721838,Low
2016-08-24,Historical_Mean,5D,2,-0.0020660787193697,0.0013927119258714473,Low
2016-08-25,Historical_Mean,5D,2,-0.0007413037121357,0.0013921923538952957,Low
2016-08-26,Historical_Mean,5D,2,0.0050310021256121,0.001391871912912113,Low
2016-08-29,Historical_Mean,5D,2,0.0027938160669431,0.0013924184109167233,Low
2016-08-30,Historical_Mean,5D,2,0.0046030115357724,0.0013926288309851955,Low
2016-08-31,Historical_Mean,5D,2,0.0047562144488648,0.00139311079806293,Low
2016-09-01,Historical_Mean,5D,2,-0.0200301425725601,0.0013936156169837945,Low
2016-09-02,Historical_Mean,5D,2,-0.0096519969381603,0.0013904002848226743,Low
2016-09-06,Historical_Mean,5D,2,-0.0275709875863765,0.00138874326243027,Low
2016-09-07,Historical_Mean,5D,2,-0.028012441047896,0.0013843982165414768,Low
2016-09-08,Historical_Mean,5D,2,-0.0157284364059858,0.0013799882496551227,Low
2016-09-09,Historical_Mean,5D,2,0.0053198782092784,0.001377422114263546,Low
2016-09-12,Historical_Mean,5D,2,-0.0092691122579805,0.0013780133644277653,Normal
2016-09-13,Historical_Mean,5D,2,0.0059717295044644,0.0013764168543629269,Normal
2016-09-14,Historical_Mean,5D,2,0.0174175792379131,0.0013771058067842314,Normal
2016-09-15,Historical_Mean,5D,2,0.0138378147061153,0.0013795103148686457,Normal
2016-09-16,Historical_Mean,5D,2,0.0118639495419685,0.0013813775667258468,Normal
2016-09-19,Historical_Mean,5D,2,0.0032577026578772,0.0013829484601733581,Normal
2016-09-20,Historical_Mean,5D,2,0.0093821043389412,0.001383229364308465,Normal
2016-09-21,Historical_Mean,5D,2,0.0038066806089478,0.001384427697637998,Normal
2016-09-22,Historical_Mean,5D,2,-0.0120371990387755,0.0013847905276127299,Normal
2016-09-23,Historical_Mean,5D,2,0.0016524865089707,0.001382780344960882,Normal
2016-09-26,Historical_Mean,5D,2,0.0070113134453597,0.0013828207322271308,Normal
2016-09-27,Historical_Mean,5D,2,-0.0043800635063002,0.0013836634471115644,Normal
2016-09-28,Historical_Mean,5D,2,-0.0053751538787457,0.001382800613735305,Normal
2016-09-29,Historical_Mean,5D,2,0.00447141770394,0.001381789095326013,Normal
2016-09-30,Historical_Mean,5D,2,-0.0067237623257017,0.0013822514761414296,Normal
2016-10-03,Historical_Mean,5D,2,0.0011375911731497,0.0013810385457506105,Normal
2016-10-04,Historical_Mean,5D,2,-0.0064191047382442,0.0013810021233429802,Normal
2016-10-05,Historical_Mean,5D,2,-0.0095606587630423,0.0013798353160338424,Normal
2016-10-06,Historical_Mean,5D,2,-0.013146179027881,0.0013781989872753803,Normal
2016-10-07,Historical_Mean,5D,2,-0.0096858074271456,0.001376026955270721,Normal
2016-10-10,Historical_Mean,5D,2,-0.0173237558563101,0.0013743729728570824,Normal
2016-10-11,Historical_Mean,5D,2,0.0013423274471444,0.0013715776179715738,Low
2016-10-12,Historical_Mean,5D,2,0.0023859673960959,0.0013715732457487296,Low
2016-10-13,Historical_Mean,5D,2,0.0041133726769491,0.001371724851510252,Low
2016-10-14,Historical_Mean,5D,2,0.0038276433776732,0.001372134541860736,Low
2016-10-17,Historical_Mean,5D,2,0.0116088561369409,0.0013725014190213239,Low
2016-10-18,Historical_Mean,5D,2,0.0016623930665358,0.0013740306025764358,Low
2016-10-19,Historical_Mean,5D,2,-0.0022691070100018,0.0013740736738929345,Low
2016-10-20,Historical_Mean,5D,2,-0.0038836317846298,0.0013735295907561524,Low
2016-10-21,Historical_Mean,5D,2,-0.0069126267841001,0.00137274458831097,Low
2016-10-24,Historical_Mean,5D,2,-0.0117735053157261,0.001371507596466776,Low
2016-10-25,Historical_Mean,5D,2,-0.0147785669597547,0.0013695453613701656,Low
2016-10-26,Historical_Mean,5D,2,-0.0195835234920215,0.0013671351953520872,Low
2016-10-27,Historical_Mean,5D,2,-0.0210255406086221,0.0013640086980102912,Low
2016-10-28,Historical_Mean,5D,2,-0.0195799207406899,0.0013606679714649864,Low
2016-10-31,Historical_Mean,5D,2,0.0025225628729735,0.001357543909296979,Low
2016-11-01,Historical_Mean,5D,2,0.0130974603788661,0.0013577176889753317,Low
2016-11-02,Historical_Mean,5D,2,0.0306604647119761,0.0013594685827396703,Low
2016-11-03,Historical_Mean,5D,2,0.0370425234506808,0.0013638379528752558,Low
2016-11-04,Historical_Mean,5D,2,0.0373111153745763,0.0013691575720041968,Low
2016-11-07,Historical_Mean,5D,2,0.0152154061879279,0.0013745156456181759,Normal
2016-11-08,Historical_Mean,5D,2,0.0189034828128601,0.0013765786789379417,Low
2016-11-09,Historical_Mean,5D,2,0.006303846410828,0.0013791907361859182,Low
2016-11-10,Historical_Mean,5D,2,0.0090204700559304,0.0013799245546443658,Low
2016-11-11,Historical_Mean,5D,2,0.0080297470381797,0.00138106289575004,Low
2016-11-14,Historical_Mean,5D,2,0.0155789585662366,0.0013820533149579099,Low
2016-11-15,Historical_Mean,5D,2,0.0102890946477403,0.001384167837634597,Low
2016-11-16,Historical_Mean,5D,2,0.012680309327025,0.0013854939622526322,Low
2016-11-17,Historical_Mean,5D,2,0.0119215855792511,0.0013871757394064103,Low
2016-11-18,Historical_Mean,5D,2,0.0090428476900643,0.0013887440600614416,Low
2016-11-21,Historical_Mean,5D,2,0.0029435479724523,0.0013898834026678725,Normal
2016-11-22,Historical_Mean,5D,2,-0.001876473686297,0.001390114637162557,Normal
2016-11-23,Historical_Mean,5D,2,-0.0062058948099697,0.001389628537709661,Low
2016-11-25,Historical_Mean,5D,2,-0.0097157127033087,0.0013884984196695363,Low
2016-11-28,Historical_Mean,5D,2,0.0013571034781701,0.0013868464989431188,Normal
2016-11-29,Historical_Mean,5D,2,0.0034277855937826,0.001386842074873392,Low
2016-11-30,Historical_Mean,5D,2,0.0191620748936624,0.0013871456060332537,Low
2016-12-01,Historical_Mean,5D,2,0.0248408128772973,0.001389788718194983,Low
2016-12-02,Historical_Mean,5D,2,0.0303653036901823,0.0013932753408769786,Low
2016-12-05,Historical_Mean,5D,2,0.0234227944728392,0.0013975821683408264,Low
2016-12-06,Historical_Mean,5D,2,0.0265361932052016,0.0014008558324764536,Low
2016-12-07,Historical_Mean,5D,2,0.0053085389986196,0.001404591207327505,Low
2016-12-08,Historical_Mean,5D,2,0.0070272316693024,0.001405171288722942,Low
2016-12-09,Historical_Mean,5D,2,-0.0006463436146477,0.0014060065376280944,Low
2016-12-12,Historical_Mean,5D,2,0.0024649113911628,0.001405701672780757,Low
2016-12-13,Historical_Mean,5D,2,-0.0004226594089212,0.001405858988942703,Low
2016-12-14,Historical_Mean,5D,2,0.0052672503282597,0.001405587453689085,Low
2016-12-15,Historical_Mean,5D,2,-0.0004731685816905,0.0014061608260535349,Low
2016-12-16,Historical_Mean,5D,2,0.0025299207043691,0.0014058818282198437,Low
2016-12-19,Historical_Mean,5D,2,0.0028025968937065,0.0014060486738300781,Low
2016-12-20,Historical_Mean,5D,2,-0.0092199562172178,0.0014062559383328796,Low
2016-12-21,Historical_Mean,5D,2,-0.0070529182244085,0.0014046791150422503,Low
2016-12-22,Historical_Mean,5D,2,-0.0098360416988662,0.0014034242786417385,Low
2016-12-23,Historical_Mean,5D,2,-0.0026362074807884,0.001401756949465428,Low
2016-12-27,Historical_Mean,5D,2,0.0008239073852123,0.001401158022673637,Low
2016-12-28,Historical_Mean,5D,2,0.0084445804925025,0.0014010724152826448,Low
2016-12-29,Historical_Mean,5D,2,0.01224871740495,0.0014021168263261235,Low
2016-12-30,Historical_Mean,5D,2,0.0133416466302447,0.001403724921297009,Low
2017-01-03,Historical_Mean,5D,2,0.0048908798770876,0.0014054945509603574,Low
2017-01-04,Historical_Mean,5D,2,0.0020105584956402,0.001406011133934439,Low
2017-01-05,Historical_Mean,5D,2,0.0006344137043918,0.001406100723051467,Low
2017-01-06,Historical_Mean,5D,2,-0.0010282440810405,0.0014059863821093037,Low
2017-01-09,Historical_Mean,5D,2,-0.0004452530656993,0.0014056257553740224,Low
2017-01-10,Historical_Mean,5D,2,0.00131694740411,0.0014053515917210712,Low
2017-01-11,Historical_Mean,5D,2,-0.0051245326093112,0.0014053384986838066,Low
2017-01-12,Historical_Mean,5D,2,0.0003831638457182,0.0014043715401308677,Low
2017-01-13,Historical_Mean,5D,2,-0.0041587171954981,0.00140422033970232,Low
2017-01-17,Historical_Mean,5D,2,0.0053563377896824,0.0014033968108296032,Low
2017-01-18,Historical_Mean,5D,2,0.0115881901158417,0.0014039819116257628,Low
2017-01-19,Historical_Mean,5D,2,0.014468372804898,0.0014054891201804786,Low
2017-01-20,Historical_Mean,5D,2,0.0102409492538567,0.0014074220713028106,Low
2017-01-23,Historical_Mean,5D,2,0.0069070254038297,0.0014087289994256919,Low
2017-01-24,Historical_Mean,5D,2,-0.000526416733165,0.0014095423568819647,Low
2017-01-25,Historical_Mean,5D,2,-0.0082221505410175,0.0014092560147594907,Low
2017-01-26,Historical_Mean,5D,2,-0.0069163487670634,0.0014078316718793107,Low
2017-01-27,Historical_Mean,5D,2,0.0011889875772318,0.0014066008304718077,Low
2017-01-30,Historical_Mean,5D,2,0.0050990635596193,0.0014065686581990046,Low
2017-01-31,Historical_Mean,5D,2,0.0062161686314978,0.0014071144815399389,Low
2017-02-01,Historical_Mean,5D,2,0.0066109317919909,0.0014078252492239409,Low
2017-02-02,Historical_Mean,5D,2,0.0117768486892601,0.0014085941433487773,Low
2017-02-03,Historical_Mean,5D,2,0.0080980586567157,0.0014101260958526058,Low
2017-02-06,Historical_Mean,5D,2,0.0154477897544361,0.0014111141195726328,Low
2017-02-07,Historical_Mean,5D,2,0.0192203134862629,0.0014131874837727603,Low
2017-02-08,Historical_Mean,5D,2,0.0235071200033878,0.00141581739456917,Low
2017-02-09,Historical_Mean,5D,2,0.0169065646658773,0.0014190795479372769,Low
2017-02-10,Historical_Mean,5D,2,0.0150240071711055,0.0014213661986264752,Low
2017-02-13,Historical_Mean,5D,2,0.0158217236071632,0.0014233742649052584,Low
2017-02-14,Historical_Mean,5D,2,0.0107396102646865,0.0014254994825203518,Low
2017-02-15,Historical_Mean,5D,2,0.0061786205702113,0.0014268740561304706,Low
2017-02-16,Historical_Mean,5D,2,0.008535362403793,0.00142757521394574,Low
2017-02-17,Historical_Mean,5D,2,0.0078756783442895,0.0014286238694768475,Low
2017-02-21,Historical_Mean,5D,2,-0.0007358777909744,0.0014295749027376252,Low
2017-02-22,Historical_Mean,5D,2,0.0139281194395549,0.0014292555144347178,Low
2017-02-23,Historical_Mean,5D,2,0.0076321034961904,0.0014310987328280404,Low
2017-02-24,Historical_Mean,5D,2,0.0066436036326937,0.001432013065585835,Low
2017-02-27,Historical_Mean,5D,2,0.0023435156013942,0.0014327813967913647,Low
2017-02-28,Historical_Mean,5D,2,0.0020075958144993,0.0014329156441682226,Low
2017-03-01,Historical_Mean,5D,2,-0.0138604432332898,0.001433000342793179,Low
2017-03-02,Historical_Mean,5D,2,-0.0071837506484183,0.0014307466670525244,Low
2017-03-03,Historical_Mean,5D,2,-0.0044241613110946,0.0014294774026771789,Low
2017-03-06,Historical_Mean,5D,2,-0.0007749729283591,0.0014286150516586503,Low
2017-03-07,Historical_Mean,5D,2,-0.0012420960071603,0.0014282904695434612,Low
2017-03-08,Historical_Mean,5D,2,0.0093846110815899,0.0014278971872935785,Low
2017-03-09,Historical_Mean,5D,2,0.0069570006696399,0.0014290688429988202,Low
2017-03-10,Historical_Mean,5D,2,0.00237848169955,0.0014298827316658756,Low
2017-03-13,Historical_Mean,5D,2,0.0,0.0014300223752648576,Low
2017-03-14,Historical_Mean,5D,2,-0.0091008456092111,0.001429811892136323,Low
2017-03-15,Historical_Mean,5D,2,-0.0155526218864349,0.0014282621264996272,Low
2017-03-16,Historical_Mean,5D,2,-0.0149854192320813,0.0014257634678750046,Low
2017-03-17,Historical_Mean,5D,2,-0.0145145921817883,0.0014233489934451155,Low
2017-03-20,Historical_Mean,5D,2,-0.0135227836872537,0.0014210044890062756,Low
2017-03-21,Historical_Mean,5D,2,0.0061881197324724,0.0014188065498716587,Low
2017-03-22,Historical_Mean,5D,2,0.00538475308884,0.0014195079194573353,Low
2017-03-23,Historical_Mean,5D,2,0.0093763961453749,0.0014200909580059874,Low
2017-03-24,Historical_Mean,5D,2,0.0079631544210467,0.001421260658856821,Low
2017-03-27,Historical_Mean,5D,2,0.007339786698879,0.0014222222778134857,Low
2017-03-28,Historical_Mean,5D,2,0.0006738439439163,0.0014230919962763113,Low
2017-03-29,Historical_Mean,5D,2,-0.003470429071436,0.0014229818936969784,Low
2017-03-30,Historical_Mean,5D,2,-0.0044735896894059,0.0014222629088358068,Low
2017-03-31,Historical_Mean,5D,2,-0.003043468214084,0.0014213967633094015,Low
2017-04-03,Historical_Mean,5D,2,-0.0007125427702875,0.0014207409370788795,Low
2017-04-04,Historical_Mean,5D,2,-0.002706817136907,0.001420427633553051,Low
2017-04-05,Historical_Mean,5D,2,-0.0034143177443718,0.0014198215770522492,Low
2017-04-06,Historical_Mean,5D,2,-0.012179988327911,0.0014191118223434804,Low
2017-04-07,Historical_Mean,5D,2,-0.002776050173859,0.0014171154776355744,Low
2017-04-10,Historical_Mean,5D,2,-0.0063711031554755,0.0014165000122529979,Low
2017-04-11,Historical_Mean,5D,2,-0.0066540202603857,0.001415357129486968,Low
2017-04-12,Historical_Mean,5D,2,0.004641867521575,0.0014141730682412051,Low
2017-04-13,Historical_Mean,5D,2,0.0084401997042637,0.0014146466149626451,Low
2017-04-17,Historical_Mean,5D,2,0.0106454706012683,0.001415677208051878,Low
2017-04-18,Historical_Mean,5D,2,0.0196252876588527,0.0014170309471825933,Low
2017-04-19,Historical_Mean,5D,2,0.020857291580034,0.001419701171073438,Low
2017-04-20,Historical_Mean,5D,2,0.0138812082173594,0.0014225512576436668,Low
2017-04-21,Historical_Mean,5D,2,0.0150059168529848,0.0014243777723716709,Low
2017-04-24,Historical_Mean,5D,2,0.0059549720917668,0.0014263686165640799,Low
2017-04-25,Historical_Mean,5D,2,0.0010711014658271,0.0014270323427073015,Low
2017-04-26,Historical_Mean,5D,2,0.0002847535456871,0.0014269801840207717,Low
2017-04-27,Historical_Mean,5D,2,0.0003139198332574,0.0014268128248063638,Low
2017-04-28,Historical_Mean,5D,2,0.0063092587122258,0.001426649787450438,Low
2017-05-01,Historical_Mean,5D,2,0.00461591215724,0.001427364978445718,Low
2017-05-02,Historical_Mean,5D,2,0.0024017940146353,0.001427831959579109,Low
2017-05-03,Historical_Mean,5D,2,0.0048039261279122,0.001427974581054443,Low
2017-05-04,Historical_Mean,5D,2,0.0020568414659359,0.00142846886385779,Low
2017-05-05,Historical_Mean,5D,2,-0.0035030532823366,0.0014285608522346131,Low
2017-05-08,Historical_Mean,5D,2,0.0012246437487705,0.0014278390117582413,Low
2017-05-09,Historical_Mean,5D,2,0.0015632852685779,0.0014278092744154948,Low
2017-05-10,Historical_Mean,5D,2,-0.0179121456199867,0.0014278290982367066,Low
2017-05-11,Historical_Mean,5D,2,-0.012066955618664,0.0014249995481682028,Low
2017-05-12,Historical_Mean,5D,2,-0.0038427170696693,0.0014230258859144241,Low
2017-05-15,Historical_Mean,5D,2,-0.0034609960766761,0.0014222557026534054,Low
2017-05-16,Historical_Mean,5D,2,-0.0009376778673096,0.0014215415681434129,Low
2017-05-17,Historical_Mean,5D,2,0.0198938241083818,0.0014211966025877098,Low
2017-05-18,Historical_Mean,5D,2,0.0206458975231438,0.0014238972791236445,Low
2017-05-19,Historical_Mean,5D,2,0.0142116961002456,0.001426707102284589,Low
2017-05-22,Historical_Mean,5D,2,0.0078594820747036,0.0014285757063474303,Low
2017-05-23,Historical_Mean,5D,2,0.0055632222823716,0.0014295154851532692,Low
2017-05-24,Historical_Mean,5D,2,0.0106197840626428,0.0014301194750418165,Low
2017-05-25,Historical_Mean,5D,2,0.0098885466387106,0.001431462011869808,Low
2017-05-26,Historical_Mean,5D,2,0.0083596377129795,0.0014326973441261387,Low
2017-05-30,Historical_Mean,5D,2,0.0067820797763092,0.0014337090193662226,Low
2017-05-31,Historical_Mean,5D,2,0.0088091831926082,0.0014344900314510565,Low
2017-06-01,Historical_Mean,5D,2,0.0015337566434255,0.0014355667861833032,Low
2017-06-02,Historical_Mean,5D,2,-0.0029974518408077,0.0014355811204690321,Low
2017-06-05,Historical_Mean,5D,2,-0.0027582871800972,0.0014349340568343399,Low
2017-06-06,Historical_Mean,5D,2,0.0045259803293369,0.001434322086426148,Low
2017-06-07,Historical_Mean,5D,2,0.001962624567672,0.001434773225816621,Low
2017-06-08,Historical_Mean,5D,2,-0.0005466542648332,0.0014348502394352165,Low
2017-06-09,Historical_Mean,5D,2,0.0005672787514136,0.001434561179697176,Low
2017-06-12,Historical_Mean,5D,2,0.0098591044380257,0.0014344346799264227,Low
2017-06-13,Historical_Mean,5D,2,-0.001361414852136,0.001435663303195797,Low
2017-06-14,Historical_Mean,5D,2,-0.00094790208009,0.0014352554469468422,Low
2017-06-15,Historical_Mean,5D,2,0.0008383217443122,0.0014349079972417777,Low
2017-06-16,Historical_Mean,5D,2,0.0021144211496616,0.0014348210313156948,Low
2017-06-19,Historical_Mean,5D,2,-0.0058824101175,0.0014349200839491806,Low
2017-06-20,Historical_Mean,5D,2,-0.007268836246241,0.0014338537286298202,Low
2017-06-21,Historical_Mean,5D,2,0.0020834795935815,0.001432585669475679,Low
2017-06-22,Historical_Mean,5D,2,-0.0060978512781217,0.0014326804966790744,Low
2017-06-23,Historical_Mean,5D,2,-0.0061254922226571,0.0014315835510454544,Low
2017-06-26,Historical_Mean,5D,2,-0.0041330761832419,0.0014304828991704615,Low
2017-06-27,Historical_Mean,5D,2,0.0054247344287195,0.0014296727114491256,Low
2017-06-28,Historical_Mean,5D,2,-0.0127577545246977,0.0014302544036036496,Low
2017-06-29,Historical_Mean,5D,2,0.0022621748890593,0.0014281888905845347,Low
2017-06-30,Historical_Mean,5D,2,0.0016574533816982,0.0014283102859263797,Low
2017-07-03,Historical_Mean,5D,2,-0.0014337016635313,0.001428343635234453,Low
2017-07-05,Historical_Mean,5D,2,0.0043931252480014,0.0014279271560000575,Low
2017-07-06,Historical_Mean,5D,2,0.0156789420283407,0.0014283585830467621,Low
2017-07-07,Historical_Mean,5D,2,0.0139588456287342,0.0014304316967280676,Low
2017-07-10,Historical_Mean,5D,2,0.0129785952885148,0.001432254011481814,Low
2017-07-11,Historical_Mean,5D,2,0.0143592610527079,0.0014339332350532263,Low
2017-07-12,Historical_Mean,5D,2,0.0124384683209401,0.0014358127359718907,Low
2017-07-13,Historical_Mean,5D,2,0.0104119677588599,0.0014374124241930259,Low
2017-07-14,Historical_Mean,5D,2,0.0053814122596416,0.0014387170550019613,Low
2017-07-17,Historical_Mean,5D,2,0.0043700255009398,0.0014392901211654264,Low
2017-07-18,Historical_Mean,5D,2,0.0066912543227269,0.0014397160382384933,Low
2017-07-19,Historical_Mean,5D,2,0.0016156201127928,0.0014404791213952048,Low
2017-07-20,Historical_Mean,5D,2,0.000796129564006,0.001440504566839255,Low
2017-07-21,Historical_Mean,5D,2,-0.000177946784901,0.0014404109621032246,Low
2017-07-24,Historical_Mean,5D,2,0.0001579433759479,0.0014401759065117935,Low
2017-07-25,Historical_Mean,5D,2,-0.0003148433690117,0.001439989697895679,Low
2017-07-26,Historical_Mean,5D,2,-0.0001049399677836,0.001439734894197856,Low
2017-07-27,Historical_Mean,5D,2,-0.0013178201653356,0.0014395106382655127,Low
2017-07-28,Historical_Mean,5D,2,0.0019115169303198,0.001439110387023881,Low
2017-07-31,Historical_Mean,5D,2,0.0042857724091601,0.0014391789511085393,Low
2017-08-01,Historical_Mean,5D,2,-0.0005777005961637,0.0014395920396962699,Low
2017-08-02,Historical_Mean,5D,2,-0.0014339027962235,0.0014392993390816647,Low
2017-08-03,Historical_Mean,5D,2,-0.0138280793620194,0.0014388825101051223,Low
2017-08-04,Historical_Mean,5D,2,-0.0144406436515716,0.0014366679812579909,Low
2017-08-07,Historical_Mean,5D,3,-0.0060928370498025,0.0014343652529573636,Low
2017-08-08,Historical_Mean,5D,3,-0.0041744171463007,0.0014332737213009308,Low
2017-08-09,Historical_Mean,5D,3,-0.002391646830256,0.0014324606589741797,Low
2017-08-10,Historical_Mean,5D,3,-0.0033687709167059,0.0014319062798078663,Low
2017-08-11,Historical_Mean,5D,3,-0.0064805817060451,0.0014312104286415357,Low
2017-08-14,Historical_Mean,5D,3,-0.0153122572375284,0.001430063792100277,Low
2017-08-15,Historical_Mean,5D,3,-0.0049216296500197,0.0014276377203672483,Low
2017-08-16,Historical_Mean,5D,3,-0.009800295305991,0.0014267178033329992,Low
2017-08-17,Historical_Mean,5D,3,0.0036804304340618,0.0014250914071126132,Low
2017-08-18,Historical_Mean,5D,3,0.0071889557643515,0.0014254180784664587,Low
2017-08-21,Historical_Mean,5D,3,0.0065139335230812,0.001426252768935088,Low
2017-08-22,Historical_Mean,5D,3,-0.0025352949755339,0.001426989473359378,Low
2017-08-23,Historical_Mean,5D,3,0.005528806945166,0.001426415811212441,Low
2017-08-24,Historical_Mean,5D,3,0.0133100972770179,0.0014270096721177615,Low
2017-08-25,Historical_Mean,5D,3,0.0136192036504155,0.0014287296153229865,Low
2017-08-28,Historical_Mean,5D,3,0.0055527916249745,0.0014304937939098306,Low
2017-08-29,Historical_Mean,5D,3,0.0078341673561089,0.0014310902774622926,Low
2017-08-30,Historical_Mean,5D,3,0.0030511835231943,0.0014320166485674208,Low
2017-08-31,Historical_Mean,5D,3,-0.004143450204977,0.0014322508691481568,Low
2017-09-01,Historical_Mean,5D,3,0.0046569469498348,0.001431444432776429,Low
2017-09-05,Historical_Mean,5D,3,0.0155947080968629,0.0014319108828873559,Low
2017-09-06,Historical_Mean,5D,3,0.0132276998518014,0.0014339587136007704,Low
2017-09-07,Historical_Mean,5D,3,0.0123048280458272,0.001435663750631015,Low
2017-09-08,Historical_Mean,5D,3,0.0156402657354442,0.0014372348932004276,Low
2017-09-11,Historical_Mean,5D,3,0.0063141524674265,0.001439287650946091,Low
2017-09-12,Historical_Mean,5D,3,0.0040654294892745,0.0014399921111796863,Low
2017-09-13,Historical_Mean,5D,3,0.0039427419435017,0.001440371454826283,Low
2017-09-14,Historical_Mean,5D,3,0.0019934998474148,0.0014407329645761639,Low
2017-09-15,Historical_Mean,5D,3,0.0007956062964223,0.0014408128095686294,Low
2017-09-18,Historical_Mean,5D,3,-0.0028837783325608,0.0014407196254968293,Low
2017-09-19,Historical_Mean,5D,3,-0.0039211938233972,0.0014400951492573985,Low
2017-09-20,Historical_Mean,5D,3,-0.0004785181237189,0.0014393210676846794,Low
2017-09-21,Historical_Mean,5D,3,0.0037759384521338,0.0014390442033579284,Low
2017-09-22,Historical_Mean,5D,3,0.0068266175254656,0.0014393815148834443,Low
2017-09-25,Historical_Mean,5D,3,0.0129176590550319,0.0014401590060092318,Low
2017-09-26,Historical_Mean,5D,3,0.0150020061137978,0.001441815210922511,Low
2017-09-27,Historical_Mean,5D,3,0.0121711273729236,0.0014437716661097675,Low
2017-09-28,Historical_Mean,5D,3,0.0165981407752782,0.0014453191784737048,Low
2017-09-29,Historical_Mean,5D,3,0.0118256665415398,0.0014475047866659456,Low
2017-10-02,Historical_Mean,5D,3,0.0061530838438138,0.0014490014930049813,Low
2017-10-03,Historical_Mean,5D,3,0.0063162922896308,0.0014496798033655882,Low
2017-10-04,Historical_Mean,5D,3,0.0068722315581807,0.0014503814487644153,Low
2017-10-05,Historical_Mean,5D,3,-0.0004468495934632,0.001451163033038513,Low
2017-10-06,Historical_Mean,5D,3,0.0015050835766228,0.0014508894653494813,Low
2017-10-09,Historical_Mean,5D,3,0.005060369976942,0.0014508972754246037,Low
2017-10-10,Historical_Mean,5D,3,0.0034130032518981,0.001451417372355658,Low
2017-10-11,Historical_Mean,5D,3,0.0023531798335641,0.0014516999808961482,Low
2017-10-12,Historical_Mean,5D,3,0.004369301068926,0.0014518298397052333,Low
2017-10-13,Historical_Mean,5D,3,0.0085953752491101,0.001452250042964519,Low
2017-10-16,Historical_Mean,5D,3,0.0028657574038072,0.0014532787188294594,Low
2017-10-17,Historical_Mean,5D,3,0.0038100053729312,0.0014534820994896434,Low
2017-10-18,Historical_Mean,5D,3,-0.0016060098256582,0.0014538213628460272,Low
2017-10-19,Historical_Mean,5D,3,-0.0006638146900663,0.001453380909241809,Low
2017-10-20,Historical_Mean,5D,3,0.0022729991046303,0.0014530761890922254,Low
2017-10-23,Historical_Mean,5D,3,0.0030558170408866,0.0014531941805896403,Low
2017-10-24,Historical_Mean,5D,3,0.002383229103008,0.0014534247738069493,Low
2017-10-25,Historical_Mean,5D,3,0.0086480288981718,0.0014535585393556764,Low
2017-10-26,Historical_Mean,5D,3,0.0075678374172363,0.0014545934171403161,Low
2017-10-27,Historical_Mean,5D,3,0.0026195167638237,0.0014554726410724455,Low
2017-10-30,Historical_Mean,5D,3,0.0070875380253408,0.001455640033094699,Low
2017-10-31,Historical_Mean,5D,3,0.0059544042835794,0.0014564497955666252,Low
2017-11-01,Historical_Mean,5D,3,0.005806174107736,0.001457096425021486,Low
2017-11-02,Historical_Mean,5D,3,0.001847244998699,0.0014577215619602118,Low
2017-11-03,Historical_Mean,5D,3,-0.002143091303669,0.0014577775440580473,Low
2017-11-06,Historical_Mean,5D,3,-0.0024303842771522,0.0014572601034993854,Low
2017-11-07,Historical_Mean,5D,3,-0.0045535440323522,0.0014567015339044642,Low
2017-11-08,Historical_Mean,5D,3,-0.0115371567065363,0.0014558381169289926,Low
2017-11-09,Historical_Mean,5D,3,0.0003944774158062,0.0014539718436133555,Low
2017-11-10,Historical_Mean,5D,3,-0.0013368925870375,0.0014538196829889398,Low
2017-11-13,Historical_Mean,5D,3,-0.0010451736095404,0.0014534189488892807,Low
2017-11-14,Historical_Mean,5D,3,0.007786945830494,0.001453060213417862,Low
2017-11-15,Historical_Mean,5D,3,0.0125774018692881,0.0014539694706123894,Low
2017-11-16,Historical_Mean,5D,3,0.0064687333645478,0.001455566059158202,Low
2017-11-17,Historical_Mean,5D,3,0.0087138187566419,0.0014562855148564494,Low
2017-11-20,Historical_Mean,5D,3,0.0172392810646454,0.0014573269172444227,Low
2017-11-21,Historical_Mean,5D,3,0.010350148302102,0.0014595911861321415,Low
2017-11-22,Historical_Mean,5D,3,0.0192582776682427,0.001460866549367828,Low
2017-11-24,Historical_Mean,5D,3,0.0151777104542054,0.0014634192474629046,Low
2017-11-27,Historical_Mean,5D,3,0.0145093314917221,0.0014653860180360787,Low
2017-11-28,Historical_Mean,5D,3,0.0009626087689731,0.0014672563858986662,Low
2017-11-29,Historical_Mean,5D,3,0.0012177904812336,0.0014671840349858452,Low
2017-11-30,Historical_Mean,5D,3,-0.0040117291714681,0.0014671482847631169,Low
2017-12-01,Historical_Mean,5D,3,0.0035060557998552,0.0014663630077878795,Low
2017-12-04,Historical_Mean,5D,3,0.0077556084708376,0.0014666553111401391,Low
2017-12-05,Historical_Mean,5D,3,0.0130497227188825,0.001467556436395863,Low
2017-12-06,Historical_Mean,5D,3,0.0126907659192625,0.0014692157725394858,Low
2017-12-07,Historical_Mean,5D,3,0.0056835311783907,0.0014708232141877773,Low
2017-12-08,Historical_Mean,5D,3,0.0091266425530152,0.0014714265811262197,Low
2017-12-11,Historical_Mean,5D,3,0.0112782790109169,0.0014725228457648978,Low
2017-12-12,Historical_Mean,5D,3,0.006495057245709,0.0014739268772891176,Low
2017-12-13,Historical_Mean,5D,3,0.0061398901422865,0.001474645722009006,Low
2017-12-14,Historical_Mean,5D,3,0.0122027448857075,0.0014753135210957907,Low
2017-12-15,Historical_Mean,5D,3,0.002810159837451,0.0014768488626393159,Low
2017-12-18,Historical_Mean,5D,3,-0.0035972944422051,0.0014770396627215728,Low
2017-12-19,Historical_Mean,5D,3,0.0004288319111557,0.0014763136169203242,Low
2017-12-20,Historical_Mean,5D,3,0.0030893869876478,0.0014761637625990418,Low
2017-12-21,Historical_Mean,5D,3,-0.0040909323177587,0.0014763945197475254,Low
2017-12-22,Historical_Mean,5D,3,0.0046364175387529,0.001475598277350857,Low
2017-12-26,Historical_Mean,5D,3,0.0120738264827477,0.0014760502749572352,Low
2017-12-27,Historical_Mean,5D,3,0.0153037410278324,0.0014775655417870594,Low
2017-12-28,Historical_Mean,5D,3,0.0204805679134982,0.0014795421215563296,Low
2017-12-29,Historical_Mean,5D,3,0.0273381639735433,0.0014822581058033196,Low
2018-01-02,Historical_Mean,5D,3,0.0203711692724436,0.0014859533903349388,Low
2018-01-03,Historical_Mean,5D,3,0.0128798902169869,0.001488652049363534,Low
2018-01-04,Historical_Mean,5D,3,0.0158683731305417,0.0014902796016092294,Low
2018-01-05,Historical_Mean,5D,3,0.0155861536410508,0.0014923336149705053,Low
2018-01-08,Historical_Mean,5D,3,0.0103944766121511,0.0014943467302434778,Low
2018-01-09,Historical_Mean,5D,3,0.018463399301355,0.001495617814202619,Low
2018-01-10,Historical_Mean,5D,3,0.0179585476154019,0.0014980407445877614,Low
2018-01-11,Historical_Mean,5D,3,0.0153251698335101,0.0015003909026218584,Low
2018-01-12,Historical_Mean,5D,3,0.0166326078166292,0.0015023644613557467,Low
2018-01-16,Historical_Mean,5D,3,0.022335326046454,0.0015045240735960083,Low
2018-01-17,Historical_Mean,5D,3,0.0124041872927199,0.0015074969295932764,Low
2018-01-18,Historical_Mean,5D,3,0.0146243241890266,0.0015090518226245446,Low
2018-01-19,Historical_Mean,5D,3,0.0220203143081206,0.0015109230271282401,Low
2018-01-22,Historical_Mean,5D,3,0.0072312136410444,0.001513848760549209,Low
2018-01-23,Historical_Mean,5D,3,-0.0058994341325149,0.0015146642454843817,Low
2018-01-24,Historical_Mean,5D,3,-0.0048504357265881,0.0015136069011635034,Low
2018-01-25,Historical_Mean,5D,3,-0.0061011734774444,0.0015126994375063308,Low
2018-01-26,Historical_Mean,5D,3,-0.0393094921002275,0.0015116139124257846,Low
2018-01-29,Historical_Mean,5D,3,-0.0743972967537459,0.0015057947953890556,Low
2018-01-30,Historical_Mean,5D,3,-0.0461480805994716,0.001494976224757765,Low
2018-01-31,Historical_Mean,5D,3,-0.051651084681919,0.0014881865629615232,Low
2018-02-01,Historical_Mean,5D,3,-0.0892618385756973,0.0014806147089796364,Low
2018-02-02,Historical_Mean,5D,3,-0.0529995128594741,0.0014676865919708495,Normal
2018-02-05,Historical_Mean,5D,3,0.0026616937570934,0.0014599277316501309,High
2018-02-06,Historical_Mean,5D,3,-0.012019357611566,0.0014600988990088324,High
2018-02-07,Historical_Mean,5D,3,0.0063082204210834,0.0014581792954043644,High
2018-02-08,Historical_Mean,5D,3,0.0565641344436604,0.001458869889327998,High
2018-02-09,Historical_Mean,5D,3,0.0421118888940577,0.0014667151718670542,High
2018-02-12,Historical_Mean,5D,3,0.0224347061090342,0.0014725009617207467,High
2018-02-13,Historical_Mean,5D,3,0.0143135196454458,0.001475484480813732,High
2018-02-14,Historical_Mean,5D,3,0.0019731573221267,0.001477311438998538,High
2018-02-15,Historical_Mean,5D,3,0.0058775737904723,0.0014773819919130413,High
2018-02-16,Historical_Mean,5D,3,0.0171926127611782,0.0014780079972905571,High
2018-02-20,Historical_Mean,5D,3,0.010262818426548,0.0014802433606993606,High
2018-02-21,Historical_Mean,5D,3,0.0046166768262027,0.0014814924824552772,High
2018-02-22,Historical_Mean,5D,3,-0.0097703665142515,0.0014819383277828863,High
2018-02-23,Historical_Mean,5D,3,-0.020612859274174,0.0014803383981878296,High
2018-02-26,Historical_Mean,5D,3,-0.0213296802842749,0.0014771974829657138,High
2018-02-27,Historical_Mean,5D,3,-0.0059059859108106,0.001473955567149475,High
2018-02-28,Historical_Mean,5D,3,0.0047678283471291,0.0014729066840514136,High
2018-03-01,Historical_Mean,5D,3,0.0226349424108902,0.0014733749122257886,High
2018-03-02,Historical_Mean,5D,3,0.0348057036668992,0.0014763816708928338,High
2018-03-05,Historical_Mean,5D,3,0.0225592887183742,0.001481116622163754,High
2018-03-06,Historical_Mean,5D,3,0.0135399953720628,0.0014841106807001476,High
2018-03-07,Historical_Mean,5D,3,0.0082830173725903,0.0014858229211051133,High
2018-03-08,Historical_Mean,5D,3,0.0030476327646091,0.0014867881574657333,High
2018-03-09,Historical_Mean,5D,3,-0.0124799160293667,0.0014870097739086048,Normal
2018-03-12,Historical_Mean,5D,3,-0.0255111592327417,0.0014850269621818478,Normal
2018-03-13,Historical_Mean,5D,3,-0.0176465401567079,0.0014811949982081183,Normal
2018-03-14,Historical_Mean,5D,3,-0.0137512624571486,0.0014784803040334212,Normal
2018-03-15,Historical_Mean,5D,3,-0.0384539130309065,0.0014763191371877874,Normal
2018-03-16,Historical_Mean,5D,3,-0.0613457182898889,0.0014706536672433926,Normal
2018-03-19,Historical_Mean,5D,3,-0.0202446370424801,0.0014617422795349044,Normal
2018-03-20,Historical_Mean,5D,3,-0.0391526313495209,0.0014586633604821363,Normal
2018-03-21,Historical_Mean,5D,3,-0.0402278581233542,0.0014529037101190666,Normal
2018-03-22,Historical_Mean,5D,3,-0.0010671936566562,0.0014469932220541953,High
2018-03-23,Historical_Mean,5D,3,-0.0024680686884014,0.0014466367514914971,High
2018-03-26,Historical_Mean,5D,3,-0.0167271480786958,0.0014460817889964742,High
2018-03-27,Historical_Mean,5D,3,0.0122002399130728,0.001443505852799778,High
2018-03-28,Historical_Mean,5D,3,0.0219605802141867,0.0014450303332504968,High
2018-03-29,Historical_Mean,5D,3,-0.0138792643367217,0.0014479374538231107,High
2018-04-02,Historical_Mean,5D,3,0.0120424129743669,0.0014457658468819735,High
2018-04-03,Historical_Mean,5D,3,0.0160950506549399,0.0014472670010295134,High
2018-04-04,Historical_Mean,5D,3,-0.0009457374639679,0.0014493417579210023,High
2018-04-05,Historical_Mean,5D,3,0.0004317398320378,0.001449002559617378,High
2018-04-06,Historical_Mean,5D,3,0.019705007062396,0.001448858512218967,High
2018-04-09,Historical_Mean,5D,3,0.0244503488963662,0.0014514432706148577,High
2018-04-10,Historical_Mean,5D,3,0.0184668215139188,0.00145469906133198,High
2018-04-11,Historical_Mean,5D,3,0.0248385276939331,0.0014571070050619992,High
2018-04-12,Historical_Mean,5D,3,0.0108790472004436,0.0014604160088390826,High
2018-04-13,Historical_Mean,5D,3,0.0051966698387975,0.0014617487711415596,High
2018-04-16,Historical_Mean,5D,3,-0.0028234368515809,0.0014622771980045556,High
2018-04-17,Historical_Mean,5D,3,-0.0268993964719227,0.0014616709292183646,High
2018-04-18,Historical_Mean,5D,3,-0.0258950426466523,0.0014576594628249926,High
2018-04-19,Historical_Mean,5D,3,-0.0097723166634425,0.0014537911694988042,High
2018-04-20,Historical_Mean,5D,3,-8.613420372609898e-05,0.0014522037673731056,High
2018-04-23,Historical_Mean,5D,3,-0.0083635568638318,0.0014519862729618091,High
2018-04-24,Historical_Mean,5D,3,0.0076531333136708,0.0014505987209209844,High
2018-04-25,Historical_Mean,5D,3,-0.0014141921205552,0.0014514754042556485,High
2018-04-26,Historical_Mean,5D,3,-0.0140505538929963,0.0014510704201509553,High
2018-04-27,Historical_Mean,5D,3,-0.0024337491360252,0.0014488799970460878,High
2018-04-30,Historical_Mean,5D,3,0.009239423967886,0.0014483314481434214,Normal
2018-05-01,Historical_Mean,5D,3,0.0064279451851247,0.0014494320403908776,Normal
2018-05-02,Historical_Mean,5D,3,0.0232955443213959,0.0014501352202135802,Normal
2018-05-03,Historical_Mean,5D,3,0.0348787735103083,0.0014532202942287168,Normal
2018-05-04,Historical_Mean,5D,3,0.0238551027529346,0.0014579400842902926,Normal
2018-05-07,Historical_Mean,5D,3,0.0212862217080712,0.0014611021854718039,Normal
2018-05-08,Historical_Mean,5D,3,0.0146862432758141,0.0014639007624795111,Normal
2018-05-09,Historical_Mean,5D,3,0.0091029351884598,0.001465767007012092,Normal
2018-05-10,Historical_Mean,5D,3,-0.0010803152039986,0.0014668447897077522,Normal
2018-05-11,Historical_Mean,5D,3,-0.0054221197295101,0.0014664853766989043,Normal
2018-05-14,Historical_Mean,5D,3,0.0010543853082964,0.0014655135080326785,Normal
2018-05-15,Historical_Mean,5D,3,0.0047793517594122,0.0014654555128006661,Normal
2018-05-16,Historical_Mean,5D,3,0.0039701571187966,0.0014659229170667608,Normal
2018-05-17,Historical_Mean,5D,3,0.0028011329496839,0.0014662760737726881,Normal
2018-05-18,Historical_Mean,5D,3,0.0030767951500483,0.001466464293862354,Normal
2018-05-21,Historical_Mean,5D,3,-0.0159143819096771,0.0014666913248585739,Normal
2018-05-22,Historical_Mean,5D,3,-0.0001578179648782,0.0014642412158601898,Low
2018-05-23,Historical_Mean,5D,3,-0.010304296415211,0.0014640125958206214,Low
2018-05-24,Historical_Mean,5D,3,0.0025117662517512,0.001462354153175324,Low
2018-05-25,Historical_Mean,5D,3,0.0093413642042894,0.001462502020175264,Low
2018-05-29,Historical_Mean,5D,3,0.0216752829856573,0.001463612031753753,Low
2018-05-30,Historical_Mean,5D,3,0.0175903082710454,0.0014664591469747566,Normal
2018-05-31,Historical_Mean,5D,3,0.0237791978924951,0.0014687301116401187,Normal
2018-06-01,Historical_Mean,5D,3,0.0161094270910067,0.0014718719885280015,Normal
2018-06-04,Historical_Mean,5D,3,0.0127079691995946,0.0014739330354306315,Low
2018-06-05,Historical_Mean,5D,3,0.0137474902087229,0.001475514625767695,Low
2018-06-06,Historical_Mean,5D,3,0.0011823350299995,0.0014772420998080884,Normal
2018-06-07,Historical_Mean,5D,3,0.0043652791744877,0.0014772005928313386,Low
2018-06-08,Historical_Mean,5D,3,0.0002266299512422,0.0014776070210021318,Low
2018-06-11,Historical_Mean,5D,3,-0.0029698982365844,0.0014774310005898962,Low
2018-06-12,Historical_Mean,5D,3,-0.0087432834666798,0.0014768053211811772,Low
2018-06-13,Historical_Mean,5D,3,-0.0029983387011558,0.0014753676943999334,Low
2018-06-14,Historical_Mean,5D,3,-0.0118325680668798,0.001474738481123484,Low
2018-06-15,Historical_Mean,5D,3,-0.0089547444962517,0.001472867111900027,Low
2018-06-18,Historical_Mean,5D,3,-0.0206460762831359,0.0014714009122925816,Low
2018-06-19,Historical_Mean,5D,3,-0.0144124078260477,0.0014682914680081126,Low
2018-06-20,Historical_Mean,5D,3,-0.0247646843633013,0.0014660591515484474,Low
2018-06-21,Historical_Mean,5D,3,-0.0122392755010497,0.0014623724693959739,Low
2018-06-22,Historical_Mean,5D,3,-0.0133413628686667,0.0014604469989110882,Low
2018-06-25,Historical_Mean,5D,3,0.0035416209333973,0.0014583672167180887,Normal
2018-06-26,Historical_Mean,5D,3,-0.0036201588528331,0.001458659890744034,Low
2018-06-27,Historical_Mean,5D,3,0.0136052842058458,0.0014579464733056892,Low
2018-06-28,Historical_Mean,5D,3,0.0158911217873946,0.0014596525600658774,Low
2018-06-29,Historical_Mean,5D,3,0.0239172966852191,0.0014616791671754588,Low
2018-07-02,Historical_Mean,5D,3,0.0243212851697478,0.0014648321603681076,Low
2018-07-03,Historical_Mean,5D,3,0.022161428078365,0.001468040984320007,Low
2018-07-05,Historical_Mean,5D,3,0.022288562912999,0.001470945727033938,Low
2018-07-06,Historical_Mean,5D,3,0.0149217008490275,0.001473867497867056,Low
2018-07-09,Historical_Mean,5D,3,0.0051087454427876,0.0014757546482110301,Low
2018-07-10,Historical_Mean,5D,3,0.0056073204674089,0.0014762643985680637,Low
2018-07-11,Historical_Mean,5D,3,0.0148849889160629,0.001476843951888608,Low
2018-07-12,Historical_Mean,5D,3,0.0022131704868413,0.0014787247409143022,Low
2018-07-13,Historical_Mean,5D,3,0.0001856171789584,0.0014788277487328054,Low
2018-07-16,Historical_Mean,5D,3,0.0030506441430882,0.001478646398211171,Low
2018-07-17,Historical_Mean,5D,3,0.0038543386856985,0.00147886681292582,Low
2018-07-18,Historical_Mean,5D,3,0.0107565916793336,0.0014791998385633883,Low
2018-07-19,Historical_Mean,5D,3,0.0116805157795157,0.0014805002859758875,Low
2018-07-20,Historical_Mean,5D,3,0.0060455789059447,0.0014819298606771544,Low
2018-07-23,Historical_Mean,5D,3,-0.0015615727528739,0.0014825693854873096,Low
2018-07-24,Historical_Mean,5D,3,-0.0014582544196243,0.001482142855833623,Low
2018-07-25,Historical_Mean,5D,3,-0.0115595825575681,0.0014817309200987592,Low
2018-07-26,Historical_Mean,5D,3,-0.0036083302264919,0.0014799041497559006,Low
2018-07-27,Historical_Mean,5D,3,0.0076089364837016,0.001479191511888079,Low
2018-07-30,Historical_Mean,5D,3,0.0169117084500903,0.0014800498993648768,Low
2018-07-31,Historical_Mean,5D,3,0.0148590729772732,0.0014822105908449562,Low
2018-08-01,Historical_Mean,5D,3,0.0156375516515492,0.0014840833141245905,Low
2018-08-02,Historical_Mean,5D,3,0.0092804873923004,0.001486064482704857,Low
2018-08-03,Historical_Mean,5D,3,-0.002492256936292,0.0014871553746446187,Low
2018-08-06,Historical_Mean,5D,3,-0.010038277253074,0.0014865985019450751,Low
2018-08-07,Historical_Mean,5D,3,-0.0064895489831425,0.001484985954616823,Low
2018-08-08,Historical_Mean,5D,3,-0.0138583431712261,0.001483870322980315,Low
2018-08-09,Historical_Mean,5D,3,-0.0045274139415481,0.0014817242587064018,Low
2018-08-10,Historical_Mean,5D,3,0.0059295046969593,0.001480883819797275,Low
2018-08-13,Historical_Mean,5D,3,0.0123686172650679,0.001481505917528664,Low
2018-08-14,Historical_Mean,5D,3,0.0080660872032776,0.0014830281646410158,Low
2018-08-15,Historical_Mean,5D,3,0.0152990647304129,0.001483948486050024,Low
2018-08-16,Historical_Mean,5D,3,0.0057181562542397,0.0014858795898023813,Low
2018-08-17,Historical_Mean,5D,3,0.0085802558072619,0.0014864711029630294,Low
2018-08-20,Historical_Mean,5D,3,0.0137963223122442,0.0014874624088188565,Low
2018-08-21,Historical_Mean,5D,3,0.0119991644352154,0.0014891822439318124,Low
2018-08-22,Historical_Mean,5D,3,0.0180826379583704,0.0014906505286749366,Low
2018-08-23,Historical_Mean,5D,3,0.0153351598374476,0.0014929681690478511,Low
2018-08-24,Historical_Mean,5D,3,0.0092899223764673,0.0014949014360406444,Low
2018-08-27,Historical_Mean,5D,3,-6.911079522445216e-06,0.0014959899740856698,Low
2018-08-28,Historical_Mean,5D,3,-0.0030832159583867,0.0014957801303194583,Low
2018-08-29,Historical_Mean,5D,3,-0.0124274494639165,0.0014951408735710697,Low
2018-08-30,Historical_Mean,5D,3,-0.0102030753144729,0.0014931974634178747,Low
2018-08-31,Historical_Mean,5D,3,-0.0084415155670846,0.0014915650457238217,Low
2018-09-04,Historical_Mean,5D,3,-0.0030529578284898,0.001490178905532249,Low
2018-09-05,Historical_Mean,5D,4,0.0001107133226698,0.0014895450089598993,Low
2018-09-06,Historical_Mean,5D,4,0.0090380565186791,0.0014893526496286647,Low
2018-09-07,Historical_Mean,5D,4,0.01152929831446,0.001490405614319563,Low
2018-09-10,Historical_Mean,5D,4,0.0040479791082175,0.0014918057388244642,Low
2018-09-11,Historical_Mean,5D,4,0.0056697662861272,0.0014921621986444882,Low
2018-09-12,Historical_Mean,5D,4,0.0065656459694056,0.0014927446866656096,Low
2018-09-13,Historical_Mean,5D,4,0.0091073079953435,0.0014934519083696024,Low
2018-09-14,Historical_Mean,5D,4,0.0084632631575701,0.00149451322089915,Low
2018-09-17,Historical_Mean,5D,4,0.0105266718351056,0.0014954844752457243,Low
2018-09-18,Historical_Mean,5D,4,0.0038660704743622,0.0014967430019123713,Low
2018-09-19,Historical_Mean,5D,4,-0.0006811172399696,0.0014970731297474626,Low
2018-09-20,Historical_Mean,5D,4,-0.0057316551967875,0.0014967696760877084,Low
2018-09-21,Historical_Mean,5D,4,-0.0053699244039186,0.0014957627914418139,Low
2018-09-24,Historical_Mean,5D,4,0.0017864502522938,0.001494806567598449,Low
2018-09-25,Historical_Mean,5D,4,0.0026956298351326,0.0014948471808395984,Low
2018-09-26,Historical_Mean,5D,4,0.0067015962530107,0.0014950143741916304,Low
2018-09-27,Historical_Mean,5D,4,-0.0042609153965102,0.0014957392220099263,Low
2018-09-28,Historical_Mean,5D,4,-0.0097973598369942,0.0014949379059438737,Low
2018-10-01,Historical_Mean,5D,4,-0.0138270468875424,0.001493366256988698,Low
2018-10-02,Historical_Mean,5D,4,-0.0148491878114176,0.0014912342763117525,Low
2018-10-03,Historical_Mean,5D,4,-0.048976843590738,0.001488960668118107,Low
2018-10-04,Historical_Mean,5D,4,-0.0615613881422696,0.0014819398272362405,Low
2018-10-05,Historical_Mean,5D,4,-0.0419118381492711,0.0014731704117445857,Low
2018-10-08,Historical_Mean,5D,4,-0.0474391257322215,0.0014671363354495904,Low
2018-10-09,Historical_Mean,5D,4,-0.0247523878631661,0.0014603352977541836,Low
2018-10-10,Historical_Mean,5D,4,0.008411306916771,0.0014566905920866471,Normal
2018-10-11,Historical_Mean,5D,4,0.0147023963139714,0.0014576574510223744,Normal
2018-10-12,Historical_Mean,5D,4,0.0002349257703155,0.0014594985323210885,Normal
2018-10-15,Historical_Mean,5D,4,0.001848610965138,0.0014593283345779328,Normal
2018-10-16,Historical_Mean,5D,4,-0.0249462932504573,0.0014593824316638919,High
2018-10-17,Historical_Mean,5D,4,-0.0560443728489332,0.0014557134479648338,High
2018-10-18,Historical_Mean,5D,4,-0.023094164294878,0.0014477251058841309,High
2018-10-19,Historical_Mean,5D,4,-0.0402120671696018,0.0014443160366521873,High
2018-10-22,Historical_Mean,5D,4,-0.0424844783683179,0.0014385304278735408,High
2018-10-23,Historical_Mean,5D,4,-0.0214120792157463,0.0014324308571477817,High
2018-10-24,Historical_Mean,5D,4,0.0207315733999656,0.0014292588896286352,High
2018-10-25,Historical_Mean,5D,4,0.0127803542897808,0.001431938650077106,High
2018-10-26,Historical_Mean,5D,4,0.0239227712439042,0.0014335139437528007,High
2018-10-29,Historical_Mean,5D,4,0.0360886732362923,0.0014366352841136824,High
2018-10-30,Historical_Mean,5D,4,0.0267831380088234,0.001441444059849483,High
2018-10-31,Historical_Mean,5D,4,0.0369773378150262,0.0014449603209774106,High
2018-11-01,Historical_Mean,5D,4,0.0239627699580054,0.0014498898961014463,High
2018-11-02,Historical_Mean,5D,4,0.0210579050985128,0.0014530127813923194,High
2018-11-05,Historical_Mean,5D,4,-0.0044249395841488,0.0014557319065403248,High
2018-11-06,Historical_Mean,5D,4,-0.0121477461507313,0.0014549163925352368,High
2018-11-07,Historical_Mean,5D,4,-0.0407310135299559,0.001453030277373941,High
2018-11-08,Historical_Mean,5D,4,-0.0276809117988224,0.0014471819418953149,High
2018-11-09,Historical_Mean,5D,4,-0.0162184883459659,0.0014431442244374941,High
2018-11-12,Historical_Mean,5D,4,-0.01310349859622,0.0014406963197153312,High
2018-11-13,Historical_Mean,5D,4,-0.0299384753306319,0.001438680771639398,High
2018-11-14,Historical_Mean,5D,4,-0.0193036172014141,0.0014343330986309082,High
2018-11-15,Historical_Mean,5D,4,-0.0364180696559117,0.0014314600104762885,High
2018-11-16,Historical_Mean,5D,4,-0.0232259313480293,0.0014262169671646957,High
2018-11-19,Historical_Mean,5D,4,-0.0031863857476951,0.001422802542190292,High
2018-11-20,Historical_Mean,5D,4,0.0378456611120046,0.0014221642388680534,High
2018-11-21,Historical_Mean,5D,4,0.032621497255844,0.00142720764746306,High
2018-11-23,Historical_Mean,5D,4,0.0473354646843172,0.001431526391697918,High
2018-11-26,Historical_Mean,5D,4,0.0428044906333132,0.0014378807574637847,High
2018-11-27,Historical_Mean,5D,4,0.0066478774301444,0.0014436062397995425,High
2018-11-28,Historical_Mean,5D,4,-0.0175895617871137,0.0014443264544674562,High
2018-11-29,Historical_Mean,5D,4,-0.0390004026980424,0.0014416927353251314,High
2018-11-30,Historical_Mean,5D,4,-0.0453773471917438,0.0014360975367316937,High
2018-12-03,Historical_Mean,5D,4,-0.056615758661412,0.0014296217524284048,High
2018-12-04,Historical_Mean,5D,4,-0.0183106588125046,0.0014215933457321615,High
2018-12-06,Historical_Mean,5D,4,-0.0169872212107754,0.0014188645043328755,High
2018-12-07,Historical_Mean,5D,4,-0.012662098023153,0.0014163194150470474,High
2018-12-10,Historical_Mean,5D,4,-0.035414986074646,0.0014143730003590618,High
2018-12-11,Historical_Mean,5D,4,-0.0349721795455512,0.001409281853127239,High
2018-12-12,Historical_Mean,5D,4,-0.0558925097318393,0.0014042533166519554,High
2018-12-13,Historical_Mean,5D,4,-0.0715903689035281,0.0013963350243566966,High
2018-12-14,Historical_Mean,5D,4,-0.073122277133369,0.001386249808945907,High
2018-12-17,Historical_Mean,5D,4,-0.0796165651831067,0.0013759557322752362,High
2018-12-18,Historical_Mean,5D,4,-0.0312997843660908,0.0013647673746408418,High
2018-12-19,Historical_Mean,5D,4,-0.007258096221337,0.0013602556962236136,High
2018-12-20,Historical_Mean,5D,4,0.0073973593525356,0.0013590654805189374,High
2018-12-21,Historical_Mean,5D,4,0.036657105713283,0.0013598992686813258,High
2018-12-24,Historical_Mean,5D,4,0.0654113716542236,0.0013647725541216962,High
2018-12-26,Historical_Mean,5D,4,-0.0080601378354963,0.0013736138847539575,High
2018-12-27,Historical_Mean,5D,4,0.0171730322560332,0.001372311779616587,High
2018-12-28,Historical_Mean,5D,4,0.0254013621614943,0.001374492392434199,High
2018-12-31,Historical_Mean,5D,4,0.0265933236357848,0.0013778078153359598,High
2019-01-02,Historical_Mean,5D,4,0.0294153019059809,0.001381286777231717,High
2019-01-03,Historical_Mean,5D,4,0.0589918750993581,0.0013851540713590105,High
2019-01-04,Historical_Mean,5D,4,0.025086167494529,0.0013930998259835618,High
2019-01-07,Historical_Mean,5D,4,0.0128287969120497,0.0013963673846194113,High
2019-01-08,Historical_Mean,5D,4,0.0138448284553133,0.001397943836567485,High
2019-01-09,Historical_Mean,5D,4,0.0119746776515793,0.0013996599381280457,High
2019-01-10,Historical_Mean,5D,4,0.015029166983353,0.0014011177569471045,High
2019-01-11,Historical_Mean,5D,4,0.0282723883676913,0.001402996192402157,High
2019-01-14,Historical_Mean,5D,4,0.0192853061269683,0.001406699250860714,High
2019-01-15,Historical_Mean,5D,4,0.0108211771666582,0.0014091628869191551,High
2019-01-16,Historical_Mean,5D,4,0.0099764367485474,0.0014104596648579454,High
2019-01-17,Historical_Mean,5D,4,0.0108665737428296,0.0014116397140498023,High
2019-01-18,Historical_Mean,5D,4,-0.010108114945735,0.0014129420465606533,High
2019-01-22,Historical_Mean,5D,4,0.0026930539471225,0.0014113553426641796,High
2019-01-23,Historical_Mean,5D,4,0.0159221739192316,0.0014115318365507754,High
2019-01-24,Historical_Mean,5D,4,0.0231080426180221,0.0014135297220089441,High
2019-01-25,Historical_Mean,5D,4,0.0155533815023111,0.0014165163014274481,High
2019-01-28,Historical_Mean,5D,4,0.0301845384684998,0.0014184621878969436,High
2019-01-29,Historical_Mean,5D,4,0.0363392168409647,0.0014224211854582708,High
2019-01-30,Historical_Mean,5D,4,0.0186826912318958,0.0014272260286749359,High
2019-01-31,Historical_Mean,5D,4,0.0007208492198978,0.001429600198350668,High
2019-02-01,Historical_Mean,5D,4,0.0004986152011035,0.0014295026951207253,Normal
2019-02-04,Historical_Mean,5D,4,-0.0055459141125577,0.001429374650073405,Normal
2019-02-05,Historical_Mean,5D,4,0.0025645683529307,0.0014284153200276573,Normal
2019-02-06,Historical_Mean,5D,4,0.0078109156641504,0.0014285715566933481,Normal
2019-02-07,Historical_Mean,5D,4,0.0145569454826821,0.0014294490961003956,Normal
2019-02-08,Historical_Mean,5D,4,0.0247009775816269,0.0014312538110284382,Normal
2019-02-11,Historical_Mean,5D,4,0.0254897471044006,0.0014344523984883143,Normal
2019-02-12,Historical_Mean,5D,4,0.0144574277623027,0.0014377585137585055,Normal
2019-02-13,Historical_Mean,5D,4,0.0079053268427506,0.0014395476671525613,Normal
2019-02-14,Historical_Mean,5D,4,0.0169511289211595,0.0014404360676988101,Normal
2019-02-15,Historical_Mean,5D,4,0.0073622287059535,0.001442566950080107,Normal
2019-02-19,Historical_Mean,5D,4,0.0050738377065212,0.0014433800904311885,Normal
2019-02-20,Historical_Mean,5D,4,0.0027541067094823,0.0014438787111723077,Low
2019-02-21,Historical_Mean,5D,4,0.0034572684363733,0.001444058638115223,Low
2019-02-22,Historical_Mean,5D,4,0.003938286330376,0.0014443350640109059,Normal
2019-02-25,Historical_Mean,5D,4,-0.0011809255146309,0.0014446774516092536,Low
2019-02-26,Historical_Mean,5D,4,-0.0015223293314974,0.0014443170393970035,Low
2019-02-27,Historical_Mean,5D,4,-0.0075236054993244,0.0014439098686076961,Low
2019-02-28,Historical_Mean,5D,4,-0.0128530090387051,0.0014426792503329697,Low
2019-03-01,Historical_Mean,5D,4,-0.0218586297588718,0.0014407177124228382,Low
2019-03-04,Historical_Mean,5D,4,-0.0034109868001272,0.0014375212043323874,Low
2019-03-05,Historical_Mean,5D,4,0.0006701524173848,0.0014368561140711447,Low
2019-03-06,Historical_Mean,5D,4,0.0141411727785291,0.0014367509565211946,Low
2019-03-07,Historical_Mean,5D,4,0.0214316845852642,0.0014384931975829074,Low
2019-03-08,Historical_Mean,5D,4,0.0285381681251485,0.001441234619684605,Low
2019-03-11,Historical_Mean,5D,4,0.0176777293605669,0.0014449495817774848,Low
2019-03-12,Historical_Mean,5D,4,0.0145981935528351,0.0014471747743448307,Low
2019-03-13,Historical_Mean,5D,4,0.004723950055046,0.001448977271436181,Low
2019-03-14,Historical_Mean,5D,4,0.0163863648813315,0.0014494260822877105,Low
2019-03-15,Historical_Mean,5D,4,-0.0077429816613723,0.0014514727990318928,Low
2019-03-18,Historical_Mean,5D,4,-0.0122814512935903,0.0014502131121624032,Low
2019-03-19,Historical_Mean,5D,4,-0.0049938282657296,0.001448332062243807,Low
2019-03-20,Historical_Mean,5D,4,-0.0067002748015589,0.0014474496953998165,Low
2019-03-21,Historical_Mean,5D,4,-0.0139112355809866,0.0014463338744607642,Low
2019-03-22,Historical_Mean,5D,4,0.0119572975966112,0.0014442309620336183,Normal
2019-03-25,Historical_Mean,5D,4,0.0242988659479659,0.0014456703194589437,Normal
2019-03-26,Historical_Mean,5D,4,0.0171592685548901,0.0014487987514409434,Normal
2019-03-27,Historical_Mean,5D,4,0.0239604842515781,0.0014509491031797126,Normal
2019-03-28,Historical_Mean,5D,4,0.0224598947793108,0.001454029647198927,Normal
2019-03-29,Historical_Mean,5D,4,0.020373906359085,0.0014569040129805515,Normal
2019-04-01,Historical_Mean,5D,4,0.0099186225915643,0.0014594921922589897,Normal
2019-04-02,Historical_Mean,5D,4,0.0038151906010365,0.0014606493920400164,Normal
2019-04-03,Historical_Mean,5D,4,0.0051409559354472,0.0014609714466439006,Normal
2019-04-04,Historical_Mean,5D,4,0.0030966130327957,0.0014614747267982773,Normal
2019-04-05,Historical_Mean,5D,4,0.0050584737992424,0.0014616983201670723,Normal
2019-04-08,Historical_Mean,5D,4,0.0033819948043615,0.0014621900860242057,Low
2019-04-09,Historical_Mean,5D,4,0.0099771995651713,0.0014624525336958854,Normal
2019-04-10,Historical_Mean,5D,4,0.0042289609899325,0.0014636163864885966,Normal
2019-04-11,Historical_Mean,5D,4,0.0057686854738393,0.001463994320697076,Normal
2019-04-12,Historical_Mean,5D,4,0.0001926129012265,0.0014645825539784565,Normal
2019-04-15,Historical_Mean,5D,4,0.009624531320579,0.0014644087638906369,Normal
2019-04-16,Historical_Mean,5D,4,0.0069211343924027,0.0014655235347317145,Normal
2019-04-17,Historical_Mean,5D,4,0.0088284934728688,0.0014662687349581414,Normal
2019-04-18,Historical_Mean,5D,4,0.0119249969719239,0.0014672742286399101,Low
2019-04-22,Historical_Mean,5D,4,0.011984439659225,0.001468702294015205,Low
2019-04-23,Historical_Mean,5D,4,0.0041330531830212,0.0014701380855724428,Low
2019-04-24,Historical_Mean,5D,4,-0.0012032240642338,0.0014705016234697055,Low
2019-04-25,Historical_Mean,5D,4,-0.0029604269726438,0.00147013665954837,Low
2019-04-26,Historical_Mean,5D,4,0.0019573501829687,0.0014695319695480708,Low
2019-04-29,Historical_Mean,5D,4,-0.0035946115103377,0.001469598538627413,Low
2019-04-30,Historical_Mean,5D,4,-0.0211950642980348,0.001468907556222042,Low
2019-05-01,Historical_Mean,5D,4,-0.0152713338371634,0.0014658156091750766,Low
2019-05-02,Historical_Mean,5D,4,-0.0161710878504088,0.0014635325441844428,Low
2019-05-03,Historical_Mean,5D,4,-0.0220498212594077,0.001461127385920041,Low
2019-05-06,Historical_Mean,5D,4,-0.0419952772088326,0.0014579212017327603,Low
2019-05-07,Historical_Mean,5D,4,-0.0173618015967111,0.0014519963042129123,Low
2019-05-08,Historical_Mean,5D,4,-0.0099330918795681,0.0014494313692570945,Low
2019-05-09,Historical_Mean,5D,4,0.0019488638988593,0.0014478797712133616,Low
2019-05-10,Historical_Mean,5D,4,-0.0076189673451031,0.0014479480530898295,Low
2019-05-13,Historical_Mean,5D,4,0.0100352438179889,0.0014467124418336026,Normal
2019-05-14,Historical_Mean,5D,4,0.0105112053879637,0.0014478827009119723,Normal
2019-05-15,Historical_Mean,5D,4,0.0018608186963412,0.0014491174860192001,Normal
2019-05-16,Historical_Mean,5D,4,-0.0189808306614396,0.0014491735684616905,Normal
2019-05-17,Historical_Mean,5D,4,-0.0117737497153587,0.0014463909473462042,Normal
2019-05-20,Historical_Mean,5D,4,-0.0134124417402136,0.001444590574111463,Normal
2019-05-21,Historical_Mean,5D,4,-0.0288083010006357,0.0014425675577287936,Normal
2019-05-22,Historical_Mean,5D,4,-0.0238836359617393,0.0014384489915533866,Normal
2019-05-23,Historical_Mean,5D,4,-0.0251811489709104,0.001435001933977387,Normal
2019-05-24,Historical_Mean,5D,4,-0.0293028633972555,0.0014313792102935857,Normal
2019-05-28,Historical_Mean,5D,4,0.0003140136840822,0.001427196542546233,Normal
2019-05-29,Historical_Mean,5D,4,0.0153786508301275,0.0014270450684873862,Normal
2019-05-30,Historical_Mean,5D,4,0.0193992188311347,0.0014289432461420312,Normal
2019-05-31,Historical_Mean,5D,4,0.0431254033288479,0.001431387848996744,Normal
2019-06-03,Historical_Mean,5D,4,0.0505436940579213,0.0014370589610043405,Normal
2019-06-04,Historical_Mean,5D,4,0.0289878255188922,0.0014437374099499297,High
2019-06-05,Historical_Mean,5D,4,0.0188194407128411,0.00144748286658699,Normal
2019-06-06,Historical_Mean,5D,4,0.016791610539687,0.0014498447915151007,High
2019-06-07,Historical_Mean,5D,4,0.0047358195062741,0.0014519304040420409,High
2019-06-10,Historical_Mean,5D,4,0.0010179148638613,0.0014523767665678303,High
2019-06-11,Historical_Mean,5D,4,0.0110383459147834,0.0014523177203728446,Normal
2019-06-12,Historical_Mean,5D,4,0.0160587205350446,0.001453620346843073,Normal
2019-06-13,Historical_Mean,5D,4,0.0213973153680675,0.0014556047354556002,Normal
2019-06-14,Historical_Mean,5D,4,0.0217501108744924,0.0014583138389242338,Normal
2019-06-17,Historical_Mean,5D,4,0.0190854069815525,0.0014610701275734553,Normal
2019-06-18,Historical_Mean,5D,4,-0.0001268582518056,0.0014634637628924802,Normal
2019-06-19,Historical_Mean,5D,4,-0.0043422707236335,0.0014632478039008046,Normal
2019-06-20,Historical_Mean,5D,4,-0.0099539902669158,0.0014624595461238143,Normal
2019-06-21,Historical_Mean,5D,4,-0.0029530321465882,0.0014609096615442543,Normal
2019-06-24,Historical_Mean,5D,4,0.0064233749249528,0.001460310511034124,Normal
2019-06-25,Historical_Mean,5D,4,0.0188889978423289,0.0014609841082672834,Normal
2019-06-26,Historical_Mean,5D,4,0.0277667891818173,0.0014633491528776865,Normal
2019-06-27,Historical_Mean,5D,4,0.0221433691846778,0.0014669181406699442,Normal
2019-06-28,Historical_Mean,5D,4,0.0115552543339544,0.001469723248666689,Normal
2019-07-01,Historical_Mean,5D,4,0.0051480287814544,0.0014710913348149918,Low
2019-07-02,Historical_Mean,5D,4,0.0067247284405483,0.0014715900378458665,Low
2019-07-03,Historical_Mean,5D,4,0.0013642523588127,0.0014723024243935615,Low
2019-07-05,Historical_Mean,5D,4,0.0077813208654278,0.0014722877735372118,Low
2019-07-08,Historical_Mean,5D,4,0.0128043476039357,0.0014731431196722295,Low
2019-07-09,Historical_Mean,5D,4,0.0081589699904715,0.0014746791376313271,Low
2019-07-10,Historical_Mean,5D,4,-0.0028942424117043,0.0014755851136211402,Low
2019-07-11,Historical_Mean,5D,4,-0.0016012642818338,0.0014749929158266795,Low
2019-07-12,Historical_Mean,5D,4,-0.0124066880487449,0.001474576078808026,Low
2019-07-15,Historical_Mean,5D,4,-0.0097578400908788,0.0014726954035434883,Low
2019-07-16,Historical_Mean,5D,4,0.0004758896034078,0.0014711740630538618,Low
2019-07-17,Historical_Mean,5D,4,0.0117057478829768,0.0014710392554607905,Low
2019-07-18,Historical_Mean,5D,4,0.0028538536905583,0.0014724253210929026,Low
2019-07-19,Historical_Mean,5D,4,0.0164102789261859,0.0014726123797752946,Low
2019-07-22,Historical_Mean,5D,4,0.0119681553108781,0.001474634809581199,Low
2019-07-23,Historical_Mean,5D,4,0.0025620247995576,0.001476055348433412,Low
2019-07-24,Historical_Mean,5D,4,-0.0130603749660582,0.0014762023394257135,Low
2019-07-25,Historical_Mean,5D,4,-0.0168236060512647,0.0014742350126825165,Low
2019-07-26,Historical_Mean,5D,4,-0.0314935303616128,0.0014717589854749459,Low
2019-07-29,Historical_Mean,5D,4,-0.0601062906022502,0.0014672987920847295,Low
2019-07-30,Historical_Mean,5D,4,-0.0445912813190392,0.0014589690316147166,Low
2019-07-31,Historical_Mean,5D,4,-0.0328794920330404,0.0014527401326088118,Low
2019-08-01,Historical_Mean,5D,4,-0.0052515019973693,0.0014480968769737498,Low
2019-08-02,Historical_Mean,5D,4,-0.0045807065914613,0.0014471909136371246,Low
2019-08-05,Historical_Mean,5D,4,0.0132556664623181,0.0014463758923411404,Normal
2019-08-06,Historical_Mean,5D,4,0.0153409888184535,0.0014479723896468016,Normal
2019-08-07,Historical_Mean,5D,4,-0.0151559459699411,0.0014498503318512903,Normal
2019-08-08,Historical_Mean,5D,4,-0.0312831717386259,0.0014476060020362082,High
2019-08-09,Historical_Mean,5D,4,-0.0103215204327238,0.001443182923963146,High
2019-08-12,Historical_Mean,5D,4,0.014105464247589,0.0014415933139973727,High
2019-08-13,Historical_Mean,5D,4,-0.0088590973318284,0.0014433041855096114,High
2019-08-14,Historical_Mean,5D,4,0.0290842346800602,0.0014419125332716892,High
2019-08-15,Historical_Mean,5D,4,0.0261167950226014,0.0014456459641397049,High
2019-08-16,Historical_Mean,5D,4,-0.0144951442724813,0.0014489776520611715,High
2019-08-19,Historical_Mean,5D,4,-0.0156052071060809,0.0014468247865569125,High
2019-08-20,Historical_Mean,5D,4,-0.0108673135945216,0.0014445226356331056,High
2019-08-21,Historical_Mean,5D,4,-0.0125561416213122,0.0014428606706992292,High
2019-08-22,Historical_Mean,5D,4,0.0005575437790607,0.001440971211623509,High
2019-08-23,Historical_Mean,5D,4,0.0274890056617754,0.0014408519906474548,High
2019-08-26,Historical_Mean,5D,4,0.0096428835982921,0.0014443667867169634,High
2019-08-27,Historical_Mean,5D,4,0.0236349306772696,0.0014454729006958592,High
2019-08-28,Historical_Mean,5D,4,0.0300366920684668,0.0014484662175414784,High
2019-08-29,Historical_Mean,5D,4,0.0183394004317492,0.001452322196210338,High
2019-08-30,Historical_Mean,5D,4,0.0176028049929726,0.0014545996174154005,High
2019-09-03,Historical_Mean,5D,4,0.024848066751589,0.0014567770992621584,High
2019-09-04,Historical_Mean,5D,4,0.021268013799555,0.00145993083927191,High
2019-09-05,Historical_Mean,5D,4,0.0112171171560286,0.0014626011119815733,High
2019-09-06,Historical_Mean,5D,4,0.0095822494746856,0.0014639159139823886,High
2019-09-09,Historical_Mean,5D,4,0.0065357512372295,0.0014650100290175237,High
2019-09-10,Historical_Mean,5D,4,0.0087919241837605,0.0014656933252320788,High
2019-09-11,Historical_Mean,5D,4,0.0019308851416402,0.0014666804218177066,High
2019-09-12,Historical_Mean,5D,4,-0.0009241566146634,0.0014667429578166047,Normal
2019-09-13,Historical_Mean,5D,4,-0.0051070788425777,0.0014664209077664323,Normal
2019-09-16,Historical_Mean,5D,4,-0.0020635065440492,0.001465535587934736,Normal
2019-09-17,Historical_Mean,5D,4,-0.0130939208800627,0.0014650603600688617,Normal
2019-09-18,Historical_Mean,5D,4,-0.007296868922366,0.0014631000825355196,Normal
2019-09-19,Historical_Mean,5D,4,-0.0097487144539087,0.0014619207652219895,Normal
2019-09-20,Historical_Mean,5D,4,-0.0101716499281569,0.0014604117283100052,Normal
2019-09-23,Historical_Mean,5D,4,-0.0050397990950809,0.0014588461749242088,Low
2019-09-24,Historical_Mean,5D,4,-0.0089219370769422,0.0014579716431963113,Low
2019-09-25,Historical_Mean,5D,4,-0.0331270265065499,0.0014565749923997375,Low
2019-09-26,Historical_Mean,5D,4,-0.0227548507230698,0.0014519222813141799,Low
2019-09-27,Historical_Mean,5D,4,-0.0033075309046822,0.0014486660568045775,Low
2019-09-30,Historical_Mean,5D,4,-0.0128307933936121,0.0014480263531110352,Low
2019-10-01,Historical_Mean,5D,4,-0.0161798260003093,0.0014461061245275599,Low
2019-10-02,Historical_Mean,5D,4,0.0109488747021802,0.0014437360919707714,Normal
2019-10-03,Historical_Mean,5D,4,0.0094037723400961,0.0014450140078904015,Low
2019-10-04,Historical_Mean,5D,5,0.006166566774626,0.0014460838772723359,Normal
2019-10-07,Historical_Mean,5D,5,0.0092668373750884,0.0014467183507800446,Normal
2019-10-08,Historical_Mean,5D,5,0.0348564423036876,0.0014477693007900311,Normal
2019-10-09,Historical_Mean,5D,5,0.023791601235648,0.0014522585070521781,Normal
2019-10-10,Historical_Mean,5D,5,0.0201554207936407,0.001455259896643552,Normal
2019-10-11,Historical_Mean,5D,5,0.0053487954100518,0.001457772008531918,Normal
2019-10-14,Historical_Mean,5D,5,0.0135849911886045,0.0014582946443145264,Normal
2019-10-15,Historical_Mean,5D,5,0.0001034965537386,0.0014599232632433862,Normal
2019-10-16,Historical_Mean,5D,5,0.0049481444527631,0.0014597411191975282,Normal
2019-10-17,Historical_Mean,5D,5,0.0041077271421593,0.0014602094869920455,Normal
2019-10-18,Historical_Mean,5D,5,0.012099202362615,0.0014605649061966593,Normal
2019-10-21,Historical_Mean,5D,5,0.0108169081733991,0.0014619929112243664,Normal
2019-10-22,Historical_Mean,5D,5,0.0135592054752952,0.0014632484360213298,Normal
2019-10-23,Historical_Mean,5D,5,0.0139641915303217,0.001464871618662134,Normal
2019-10-24,Historical_Mean,5D,5,0.0090181482366112,0.001466548704387568,Normal
2019-10-25,Historical_Mean,5D,5,0.0145696492856028,0.0014675617979658113,Normal
2019-10-28,Historical_Mean,5D,5,0.0127010751747975,0.0014693192879037908,Normal
2019-10-29,Historical_Mean,5D,5,0.0123474244194576,0.0014708256929315394,Normal
2019-10-30,Historical_Mean,5D,5,0.0098015856108898,0.0014722842685955498,Normal
2019-10-31,Historical_Mean,5D,5,0.0155553994897095,0.001473401096343243,Normal
2019-11-01,Historical_Mean,5D,5,0.0084968720751778,0.00147528901676064,Low
2019-11-04,Historical_Mean,5D,5,0.0028352308565282,0.0014762302477336182,Low
2019-11-05,Historical_Mean,5D,5,0.005585056869612,0.0014764123949804744,Low
2019-11-06,Historical_Mean,5D,5,0.0055940878474386,0.0014769630039961044,Low
2019-11-07,Historical_Mean,5D,5,0.0037044052176145,0.0014775146755549202,Low
2019-11-08,Historical_Mean,5D,5,0.008813030850472,0.0014778130263778113,Low
2019-11-11,Historical_Mean,5D,5,0.0112804525866188,0.0014787956409557208,Low
2019-11-12,Historical_Mean,5D,5,0.0091242591856633,0.0014801084800858658,Low
2019-11-13,Historical_Mean,5D,5,0.0046497211946059,0.0014811322045676627,Low
2019-11-14,Historical_Mean,5D,5,0.0022290224939598,0.00148155649339868,Low
2019-11-15,Historical_Mean,5D,5,-0.0032644323416373,0.0014816565691786454,Low
2019-11-18,Historical_Mean,5D,5,0.0037117932230201,0.0014810212159107985,Low
2019-11-19,Historical_Mean,5D,5,0.0064977269676528,0.0014813198067295792,Low
2019-11-20,Historical_Mean,5D,5,0.0144267190138937,0.0014819911674309877,Low
2019-11-21,Historical_Mean,5D,5,0.0119914388700941,0.001483723367062523,Low
2019-11-22,Historical_Mean,5D,5,0.0011503812337543,0.0014851292695916949,Low
2019-11-25,Historical_Mean,5D,5,-0.0129890959117578,0.0014850844872457635,Low
2019-11-26,Historical_Mean,5D,5,-0.008878601947928,0.0014831484010500702,Low
2019-11-27,Historical_Mean,5D,5,-0.0115452106465976,0.0014817625844994512,Low
2019-11-29,Historical_Mean,5D,5,0.0015683216138172,0.001480020544752046,Low
2019-12-02,Historical_Mean,5D,5,0.0070689716233066,0.001480032351286217,Low
2019-12-03,Historical_Mean,5D,5,0.0126316607123676,0.0014807795356808723,Low
2019-12-04,Historical_Mean,5D,5,0.0092319406329482,0.0014822700959237123,Low
2019-12-05,Historical_Mean,5D,5,0.0162714810818732,0.0014833058711892864,Low
2019-12-06,Historical_Mean,5D,5,0.0072498142016621,0.001485282107352681,Low
2019-12-09,Historical_Mean,5D,5,0.0175400088286793,0.0014860523548265332,Low
2019-12-10,Historical_Mean,5D,5,0.0189727810261245,0.0014881971719907087,Low
2019-12-11,Historical_Mean,5D,5,0.0156364498562511,0.0014905328096949746,Low
2019-12-12,Historical_Mean,5D,5,0.0115471613025602,0.001492422206923044,Low
2019-12-13,Historical_Mean,5D,5,0.0164071779566796,0.001493764987250987,Low
2019-12-16,Historical_Mean,5D,5,0.0101505857284352,0.0014957563629980064,Low
2019-12-17,Historical_Mean,5D,5,0.0096198823975058,0.0014969118809373173,Low
2019-12-18,Historical_Mean,5D,5,0.0151673384480825,0.0014979962449096264,Low
2019-12-19,Historical_Mean,5D,5,0.0107519437658763,0.0014998207700301779,Low
2019-12-20,Historical_Mean,5D,5,2.1751882192300326e-05,0.0015010555388805511,Low
2019-12-23,Historical_Mean,5D,5,0.0020976738120846,0.0015008581404742677,Low
2019-12-24,Historical_Mean,5D,5,0.0106370364768695,0.0015009377689828216,Low
2019-12-26,Historical_Mean,5D,5,-0.0015629352981388,0.0015021565655020165,Low
2019-12-27,Historical_Mean,5D,5,0.0019302257564756,0.0015017477230498835,Low
2019-12-30,Historical_Mean,5D,5,0.0049206467512307,0.0015018048686931786,Low
2019-12-31,Historical_Mean,5D,5,0.0068694295926811,0.001502260775065033,Low
2020-01-02,Historical_Mean,5D,5,0.0051587483472708,0.0015029763975740486,Low
2020-01-03,Historical_Mean,5D,5,0.0093843952247204,0.0015034637688511711,Low
2020-01-06,Historical_Mean,5D,5,0.0128092440763811,0.0015045142795757607,Low
2020-01-07,Historical_Mean,5D,5,0.0141007383240802,0.00150602097420415,Low
2020-01-08,Historical_Mean,5D,5,0.0110787150821269,0.001507699374703867,Low
2020-01-09,Historical_Mean,5D,5,0.0127772483874523,0.001508974659941365,Low
2020-01-10,Historical_Mean,5D,5,0.0194912341224423,0.0015104758954499597,Low
2020-01-13,Historical_Mean,5D,5,0.0098837397069237,0.0015128710943612413,Low
2020-01-14,Historical_Mean,5D,5,0.0116884548405006,0.0015139860209212523,Low
2020-01-15,Historical_Mean,5D,5,0.0109603307901708,0.0015153409908000084,Low
2020-01-16,Historical_Mean,5D,5,-0.0064547060582548,0.0015165986458997916,Low
2020-01-17,Historical_Mean,5D,5,-0.0261651816625839,0.0015155373618225508,Low
2020-01-21,Historical_Mean,5D,5,-0.0135062977926458,0.001511852495072763,Low
2020-01-22,Historical_Mean,5D,5,-0.0146625822329115,0.0015098535398900507,Low
2020-01-23,Historical_Mean,5D,5,-0.0126734514960586,0.0015077012327603192,Low
2020-01-24,Historical_Mean,5D,5,-0.0214546056412278,0.0015058141864890194,Low
2020-01-27,Historical_Mean,5D,5,0.0016295724768487,0.001502759314239456,Low
2020-01-28,Historical_Mean,5D,5,0.0064955048940021,0.0015027761844220568,Normal
2020-01-29,Historical_Mean,5D,5,0.0185505336965597,0.0015034402877353822,Low
2020-01-30,Historical_Mean,5D,5,0.0187412318233504,0.001505707489944296,Low
2020-01-31,Historical_Mean,5D,5,0.0311901843852553,0.0015079994479673554,Normal
2020-02-03,Historical_Mean,5D,5,0.0312614487445959,0.0015119460222177594,Normal
2020-02-04,Historical_Mean,5D,5,0.018079181513092,0.001515901021250248,Normal
2020-02-05,Historical_Mean,5D,5,0.013333255959322,0.0015181027068134332,Normal
2020-02-06,Historical_Mean,5D,5,0.0083813245423315,0.001519673035528546,Normal
2020-02-07,Historical_Mean,5D,5,0.0156386516502752,0.0015205848829048653,Normal
2020-02-10,Historical_Mean,5D,5,0.0054147475435542,0.0015224607886672053,Normal
2020-02-11,Historical_Mean,5D,5,0.008422447141837,0.0015229778986386264,Normal
2020-02-12,Historical_Mean,5D,5,-0.0018422233913635,0.0015238944062426645,Normal
2020-02-13,Historical_Mean,5D,5,-0.0107842562641946,0.0015234473192726012,Normal
2020-02-14,Historical_Mean,5D,5,-0.0467141717831207,0.0015218128300848897,Normal
2020-02-18,Historical_Mean,5D,5,-0.0745378621723262,0.0015154078394311644,Normal
2020-02-19,Historical_Mean,5D,5,-0.0830183077801412,0.001505310485473151,Normal
2020-02-20,Historical_Mean,5D,5,-0.1243636267044048,0.0014940900396659541,Normal
2020-02-21,Historical_Mean,5D,5,-0.1220622805812382,0.0014773847414519812,Normal
2020-02-24,Historical_Mean,5D,5,-0.0429633323913842,0.0014609892981443913,High
2020-02-25,Historical_Mean,5D,5,-0.0407259129389455,0.0014550943509987534,High
2020-02-26,Historical_Mean,5D,5,0.0043961337452176,0.0014494978262156904,High
2020-02-27,Historical_Mean,5D,5,0.0150534876574977,0.0014498887304235707,High
2020-02-28,Historical_Mean,5D,5,0.0061250071147647,0.0014516931605770493,High
2020-03-02,Historical_Mean,5D,5,-0.1178962745950201,0.0014523129634887453,High
2020-03-03,Historical_Mean,5D,5,-0.0411707372462464,0.001436486337370391,High
2020-03-04,Historical_Mean,5D,5,-0.1326099794154851,0.0014308370104566261,High
2020-03-05,Historical_Mean,5D,5,-0.1980440493779775,0.0014130667842301987,High
2020-03-06,Historical_Mean,5D,5,-0.0920346987763553,0.0013866276118863219,High
2020-03-09,Historical_Mean,5D,5,-0.1406764833088012,0.0013742457263477875,High
2020-03-10,Historical_Mean,5D,5,-0.1306652230989684,0.0013554210869315207,High
2020-03-11,Historical_Mean,5D,5,-0.1337846026224432,0.0013379279579814874,High
2020-03-12,Historical_Mean,5D,5,-0.0291429892495688,0.0013200261918738531,High
2020-03-13,Historical_Mean,5D,5,-0.1622790202521715,0.0013159908209053218,High
2020-03-16,Historical_Mean,5D,5,-0.064358323788931,0.0012943226075181591,High
2020-03-17,Historical_Mean,5D,5,-0.0329014039066596,0.0012856280443614319,High
2020-03-18,Historical_Mean,5D,5,0.0317898588462429,0.001281101159834019,High
2020-03-19,Historical_Mean,5D,5,0.0876369289500884,0.001285140449875911,High
2020-03-20,Historical_Mean,5D,5,0.0976967074618287,0.0012965717165558438,High
2020-03-23,Historical_Mean,5D,5,0.1603947990413803,0.0013093314962706382,High
2020-03-24,Historical_Mean,5D,5,0.0545692557350013,0.0013303856873168414,High
2020-03-25,Historical_Mean,5D,5,-0.0020460974186078,0.001337430661519261,High
2020-03-26,Historical_Mean,5D,5,-0.0400172714358939,0.0013369829864623506,High
2020-03-27,Historical_Mean,5D,5,-0.0210022867202119,0.0013315121233293495,High
2020-03-30,Historical_Mean,5D,5,0.0139993668546436,0.001328557917133114,High
2020-03-31,Historical_Mean,5D,5,0.0285373385946971,0.0013302337283932,High
2020-04-01,Historical_Mean,5D,5,0.1071730725187686,0.0013338315999703362,High
2020-04-02,Historical_Mean,5D,5,0.0989838857655076,0.001347825946250754,High
2020-04-03,Historical_Mean,5D,5,0.1040806871467748,0.0013607339393521892,High
2020-04-06,Historical_Mean,5D,5,0.066227002574252,0.0013743122543829127,High
2020-04-07,Historical_Mean,5D,5,0.0455546089502452,0.0013828838497199293,High
2020-04-08,Historical_Mean,5D,5,0.0178650755985019,0.0013887212654858242,High
2020-04-09,Historical_Mean,5D,5,0.0299225373161231,0.0013908983736165082,High
2020-04-13,Historical_Mean,5D,5,0.0220357511454526,0.001394667912385501,High
2020-04-14,Historical_Mean,5D,5,-0.0392339236631857,0.001397394607660675,High
2020-04-15,Historical_Mean,5D,5,0.0057141095913203,0.0013920279033586213,High
2020-04-16,Historical_Mean,5D,5,-0.0006252959084167,0.00139259870125719,High
2020-04-17,Historical_Mean,5D,5,-0.013244137362898,0.001392332242177608,High
2020-04-20,Historical_Mean,5D,5,0.0194055764341857,0.00139039977985848,High
2020-04-21,Historical_Mean,5D,5,0.0453045214800325,0.0013927780210009656,High
2020-04-22,Historical_Mean,5D,5,0.0488699249429688,0.0013985741856602887,High
2020-04-23,Historical_Mean,5D,5,0.0401543492841097,0.0014048393764689606,High
2020-04-24,Historical_Mean,5D,5,-0.0021279522975054,0.0014099527982039358,High
2020-04-27,Historical_Mean,5D,5,-0.0124939979003919,0.0014094859945232776,High
2020-04-28,Historical_Mean,5D,5,0.0017621074878715,0.0014076517618194628,High
2020-04-29,Historical_Mean,5D,5,-0.0314784769562441,0.0014076985176202875,High
2020-04-30,Historical_Mean,5D,5,-0.0107843778822984,0.0014033611164762801,High
2020-05-01,Historical_Mean,5D,5,0.0344066281977036,0.0014017538714546824,High
2020-05-04,Historical_Mean,5D,5,0.030298874985645,0.001406105779989262,High
2020-05-05,Historical_Mean,5D,5,0.0005855740158176,0.0014099149783024663,High
2020-05-06,Historical_Mean,5D,5,-0.0100275422094197,0.0014098063122119726,High
2020-05-07,Historical_Mean,5D,5,-0.0100075801602392,0.0014082988193265592,High
2020-05-08,Historical_Mean,5D,5,-0.0228197000217424,0.0014067943545163896,High
2020-05-11,Historical_Mean,5D,5,0.0080624393815401,0.0014036020374289923,High
2020-05-12,Historical_Mean,5D,5,0.0182360574419885,0.0014044793546021295,High
2020-05-13,Historical_Mean,5D,5,0.0523670446796841,0.001406696661687808,High
2020-05-14,Historical_Mean,5D,5,0.0331041585656589,0.0014134090362950258,High
2020-05-15,Historical_Mean,5D,5,0.0315364290487484,0.0014175827159380342,High
2020-05-18,Historical_Mean,5D,5,0.0127355053001353,0.0014215488531954493,High
2020-05-19,Historical_Mean,5D,5,0.037993700502049,0.0014230385117138086,High
2020-05-20,Historical_Mean,5D,5,0.0193695705637139,0.0014278529748510303,High
2020-05-21,Historical_Mean,5D,5,0.0319743324259755,0.001430214659409259,High
2020-05-22,Historical_Mean,5D,5,0.0333676032175275,0.001434234680173482,High
2020-05-26,Historical_Mean,5D,5,0.0293306254784657,0.0014384369921273382,High
2020-05-27,Historical_Mean,5D,5,0.0281688488007154,0.0014421070169281722,High
2020-05-28,Historical_Mean,5D,5,0.0269045990420261,0.001445623230818948,High
2020-05-29,Historical_Mean,5D,5,0.047977818311354,0.0014489722147457051,High
2020-06-01,Historical_Mean,5D,5,0.0562032582387956,0.0014550920156264902,High
2020-06-02,Historical_Mean,5D,5,0.0401962075366748,0.0014622919322786693,High
2020-06-03,Historical_Mean,5D,5,0.0213122809889289,0.0014673851493206672,High
2020-06-04,Historical_Mean,5D,5,-0.0360660229237511,0.001469994260001657,High
2020-06-05,Historical_Mean,5D,5,-0.0489637491401752,0.0014650598552187262,High
2020-06-08,Historical_Mean,5D,5,-0.0526555447278059,0.001458431462869174,High
2020-06-09,Historical_Mean,5D,5,-0.0260409484413734,0.0014513196247576384,High
2020-06-10,Historical_Mean,5D,5,-0.0243204889388208,0.0014477069745518394,High
2020-06-11,Historical_Mean,5D,5,0.0370262474612698,0.0014443213227434866,High
2020-06-12,Historical_Mean,5D,5,0.0183844472903844,0.0014489957744169661,High
2020-06-15,Historical_Mean,5D,5,0.0165806797688676,0.0014512203181600329,High
2020-06-16,Historical_Mean,5D,5,0.0020939960936407,0.0014532073761388492,High
2020-06-17,Historical_Mean,5D,5,-0.020494473269392,0.0014532915243617647,High
2020-06-18,Historical_Mean,5D,5,-0.0101886889449758,0.0014504097275138453,High
2020-06-19,Historical_Mean,5D,5,-0.0290483796541332,0.0014488816851516962,High
2020-06-22,Historical_Mean,5D,5,-0.0209435848372578,0.001444878369144964,High
2020-06-23,Historical_Mean,5D,5,-0.0099494045929859,0.0014419398649834726,High
2020-06-24,Historical_Mean,5D,5,0.0212554249785469,0.001440444937889251,High
2020-06-25,Historical_Mean,5D,5,0.0148865677271457,0.0014430449877568087,High
2020-06-26,Historical_Mean,5D,5,0.0551687028341401,0.0014448087666520317,High
2020-06-29,Historical_Mean,5D,5,0.0297123368509628,0.0014518563718032172,High
2020-06-30,Historical_Mean,5D,5,0.0222169736786375,0.00145556315045998,High
2020-07-01,Historical_Mean,5D,5,0.0115478182265723,0.0014582859583981015,High
2020-07-02,Historical_Mean,5D,5,0.0174286575241983,0.001459609002230802,High
2020-07-06,Historical_Mean,5D,5,-0.0077349185240238,0.0014617027544953842,High
2020-07-07,Historical_Mean,5D,5,0.0164598599285238,0.0014604971145794796,High
2020-07-08,Historical_Mean,5D,5,0.0177039306014485,0.0014624632127330968,High
2020-07-09,Historical_Mean,5D,5,0.0199516068635278,0.0014645918454183806,High
2020-07-10,Historical_Mean,5D,5,0.0123843596766684,0.0014670144656540127,High
2020-07-13,Historical_Mean,5D,5,0.0301628021478675,0.0014684449354143657,High
2020-07-14,Historical_Mean,5D,5,0.0185231308995236,0.0014722041856714669,High
2020-07-15,Historical_Mean,5D,5,0.0152127045576424,0.001474437736459239,High
2020-07-16,Historical_Mean,5D,5,0.0062282413595109,0.0014762371165275014,High
2020-07-17,Historical_Mean,5D,5,-0.0028259612523487,0.0014768594324315065,High
2020-07-20,Historical_Mean,5D,5,-0.0038298296860066,0.001476296014769495,High
2020-07-21,Historical_Mean,5D,5,-0.0120018944392131,0.0014756013138398309,High
2020-07-22,Historical_Mean,5D,5,-0.0053807416819443,0.0014738370127856282,High
2020-07-23,Historical_Mean,5D,5,0.0032583349668476,0.0014729398166213965,High
2020-07-24,Historical_Mean,5D,5,0.0171092112333001,0.0014731734765023317,High
2020-07-27,Historical_Mean,5D,5,0.0168966450761765,0.0014752195426835407,Normal
2020-07-28,Historical_Mean,5D,5,0.0269965035209565,0.0014772372615810276,Normal
2020-07-29,Historical_Mean,5D,5,0.0210538806047319,0.001480575731787644,Normal
2020-07-30,Historical_Mean,5D,5,0.0312183083888514,0.0014831360071143863,Normal
2020-07-31,Historical_Mean,5D,5,0.0242099014166318,0.0014870249912082572,Normal
2020-08-03,Historical_Mean,5D,5,0.0197930040256648,0.0014899964671367812,Normal
2020-08-04,Historical_Mean,5D,5,0.008186525598154,0.001492389642811275,Normal
2020-08-05,Historical_Mean,5D,5,0.0156768674562496,0.001493264807663588,Normal
2020-08-06,Historical_Mean,5D,5,0.0072204687594281,0.0014951188733692857,Normal
2020-08-07,Historical_Mean,5D,5,0.0064157420931924,0.0014958671873002826,Normal
2020-08-10,Historical_Mean,5D,5,0.0063834543272239,0.0014965101401107756,Normal
2020-08-11,Historical_Mean,5D,5,0.0166852501484181,0.0014971487059264185,Normal
2020-08-12,Historical_Mean,5D,5,-0.0016283754903773,0.0014991330411031224,Normal
2020-08-13,Historical_Mean,5D,5,0.0035745519541253,0.0014987244834896044,Normal
2020-08-14,Historical_Mean,5D,5,0.0071816493333768,0.0014989956208290292,Normal
2020-08-17,Historical_Mean,5D,5,0.0144690871908568,0.0014997377722868518,Normal
2020-08-18,Historical_Mean,5D,5,0.0157582465165802,0.0015014313410278508,Normal
2020-08-19,Historical_Mean,5D,5,0.0303163712066038,0.0015032927870620005,Normal
2020-08-20,Historical_Mean,5D,5,0.0288343624700669,0.0015070542855501912,Low
2020-08-21,Historical_Mean,5D,5,0.0321091653366645,0.001510621353581064,Low
2020-08-24,Historical_Mean,5D,5,0.0199181747962527,0.0015146148988672925,Low
2020-08-25,Historical_Mean,5D,5,0.0238251064714183,0.0015170165117992232,Low
2020-08-26,Historical_Mean,5D,5,0.0289301552704466,0.0015199272751029314,Low
2020-08-27,Historical_Mean,5D,5,-0.0084990849035479,0.001523503299629395,Low
2020-08-28,Historical_Mean,5D,5,-0.0233753685073933,0.0015221958918283022,Low
2020-08-31,Historical_Mean,5D,5,-0.0493268224183516,0.0015189485246182824,Low
2020-09-01,Historical_Mean,5D,5,-0.036878893176877,0.0015123176207394392,Low
2020-09-02,Historical_Mean,5D,5,-0.0698691892461422,0.001507311595077995,Low
2020-09-03,Historical_Mean,5D,5,-0.0335786649458695,0.0014980056627649284,High
2020-09-04,Historical_Mean,5D,5,-0.0127510491665715,0.0014934330293913613,High
2020-09-08,Historical_Mean,5D,5,0.0206035658503948,0.0014915763450592493,High
2020-09-09,Historical_Mean,5D,5,-0.0039708417039374,0.0014940671556294743,High
2020-09-10,Historical_Mean,5D,5,0.0053224546929055,0.001493355022601123,High
2020-09-11,Historical_Mean,5D,5,-0.0064560524130101,0.0014938539280956254,High
2020-09-14,Historical_Mean,5D,5,-0.0307559514653309,0.001492818244622318,High
2020-09-15,Historical_Mean,5D,5,-0.0254987209974544,0.0014886175451681103,High
2020-09-16,Historical_Mean,5D,5,-0.0448764130196767,0.0014851026534589903,High
2020-09-17,Historical_Mean,5D,5,-0.0334454579364953,0.0014790652116471483,High
2020-09-18,Historical_Mean,5D,5,-0.0063494417644783,0.0014745177476955672,High
2020-09-21,Historical_Mean,5D,5,0.0212713141166736,0.001473499135599203,High
2020-09-22,Historical_Mean,5D,5,0.0059840150138535,0.0014760763049536778,High
2020-09-23,Historical_Mean,5D,5,0.0382111964966071,0.0014766630469436426,High
2020-09-24,Historical_Mean,5D,5,0.0405071405062733,0.0014814436993967482,High
2020-09-25,Historical_Mean,5D,5,0.0150328884157139,0.0014865218642382417,High
2020-09-28,Historical_Mean,5D,5,0.0168638055647606,0.0014882843371176947,High
2020-09-29,Historical_Mean,5D,5,0.0076160238816814,0.0014902845350138365,High
2020-09-30,Historical_Mean,5D,5,0.0166433450835435,0.0014910813273326018,High
2020-10-01,Historical_Mean,5D,5,0.0193426084141179,0.0014930519689968249,High
2020-10-02,Historical_Mean,5D,5,0.0377215164612414,0.0014953731076762945,High
2020-10-05,Historical_Mean,5D,5,0.0361909376166647,0.0015000833070461508,High
2020-10-06,Historical_Mean,5D,5,0.0439361103750245,0.0015045932985060595,High
2020-10-07,Historical_Mean,5D,5,0.0200437745207237,0.0015101088993219336,High
2020-10-08,Historical_Mean,5D,5,0.0105366381116412,0.0015125177459064673,High
2020-10-09,Historical_Mean,5D,5,0.001916453387519,0.0015136904711001951,High
2020-10-12,Historical_Mean,5D,5,-0.0308307402857478,0.0015137428051589814,High
2020-10-13,Historical_Mean,5D,5,-0.0197876533365833,0.0015095405857110267,High
2020-10-14,Historical_Mean,5D,5,-0.0153405952640942,0.0015067739977762003,High
2020-10-15,Historical_Mean,5D,5,-0.0086063177463899,0.001504585743553331,High
2020-10-16,Historical_Mean,5D,5,-0.005301389882631,0.0015032726392039876,High
2020-10-19,Historical_Mean,5D,5,-0.0076011993530103,0.0015023890315527951,High
2020-10-20,Historical_Mean,5D,5,-0.015347600023457,0.0015012070543540723,High
2020-10-21,Historical_Mean,5D,5,-0.0490750281204645,0.0014990197497873048,High
2020-10-22,Historical_Mean,5D,5,-0.0424038571839583,0.0014924551018290686,High
2020-10-23,Historical_Mean,5D,5,-0.0580474089496077,0.0014867579814804915,High
2020-10-26,Historical_Mean,5D,5,-0.0270399850736941,0.0014790322915076016,High
2020-10-27,Historical_Mean,5D,5,-0.0063670420391708,0.0014753318870226915,High
2020-10-28,Historical_Mean,5D,5,0.0513660257244986,0.001474314453975702,High
2020-10-29,Historical_Mean,5D,5,0.0587627665612024,0.0014807863324645494,High
2020-10-30,Historical_Mean,5D,5,0.0706787234210885,0.001488215901884619,High
2015-06-10,Historical_Mean,20D,1,-0.0259318092879521,0.005721273776948066,Low
2015-06-11,Historical_Mean,20D,1,-0.0154059396594725,0.005716290608959259,Low
2015-06-12,Historical_Mean,20D,1,0.0026182035009852,0.0057129658442389005,Low
2015-06-15,Historical_Mean,20D,1,0.0116947663592569,0.005712478786898131,Low
2015-06-16,Historical_Mean,20D,1,0.0052857795427658,0.005713420138207707,Low
2015-06-17,Historical_Mean,20D,1,0.0112908285921687,0.005713352856805026,Low
2015-06-18,Historical_Mean,20D,1,0.0025424001626107,0.005714230232254981,Low
2015-06-19,Historical_Mean,20D,1,0.0086309520245618,0.0057137313599571445,Low
2015-06-22,Historical_Mean,20D,1,-0.0017162121997034,0.0057141901145828095,Low
2015-06-23,Historical_Mean,20D,1,-0.0047424436450872,0.005713021812332135,Low
2015-06-24,Historical_Mean,20D,1,-0.0030541881381614,0.00571137812966315,Low
2015-06-25,Historical_Mean,20D,1,-0.0108372046782262,0.005710000329243813,Low
2015-06-26,Historical_Mean,20D,1,-0.016238803998368,0.005707399794117698,Low
2015-06-29,Historical_Mean,20D,1,0.0171582393121328,0.005703951302006999,Normal
2015-06-30,Historical_Mean,20D,1,0.0217954198870488,0.005705750875928464,Normal
2015-07-01,Historical_Mean,20D,1,0.0149116903564342,0.005708278313724745,Normal
2015-07-02,Historical_Mean,20D,1,0.012945656744929,0.005709723800145776,Normal
2015-07-06,Historical_Mean,20D,1,0.0140541954989217,0.005710860096148412,Normal
2015-07-07,Historical_Mean,20D,1,0.0057393957381201,0.005712170087576073,Normal
2015-07-08,Historical_Mean,20D,1,0.0256421988357525,0.0057121743616185446,Normal
2015-07-09,Historical_Mean,20D,1,0.0155993552683704,0.0057153026027854156,Normal
2015-07-10,Historical_Mean,20D,1,0.0004573460270249,0.005716853772381396,Normal
2015-07-13,Historical_Mean,20D,1,0.0021789131516949,0.005716028492647306,Normal
2015-07-14,Historical_Mean,20D,1,-0.0118674247649875,0.005715473563977561,Normal
2015-07-15,Historical_Mean,20D,1,-0.0101825648260356,0.0057127154622789,Normal
2015-07-16,Historical_Mean,20D,1,-0.0194413241388925,0.005710222476035438,Normal
2015-07-17,Historical_Mean,20D,1,-0.0166425634889839,0.005706278372755693,Normal
2015-07-20,Historical_Mean,20D,1,-0.0122156084035826,0.005702774321037013,Normal
2015-07-21,Historical_Mean,20D,1,-0.0105737950964927,0.005699965356822463,Normal
2015-07-22,Historical_Mean,20D,1,-0.0164723664858995,0.005697414610669906,Normal
2015-07-23,Historical_Mean,20D,1,-0.0321061167286663,0.005693940267918524,Normal
2015-07-24,Historical_Mean,20D,1,-0.0537143385538834,0.005688017350808436,Normal
2015-07-27,Historical_Mean,20D,1,-0.0881340278353384,0.005678711012737828,Normal
2015-07-28,Historical_Mean,20D,1,-0.1140583513798836,0.005664016034848092,Normal
2015-07-29,Historical_Mean,20D,1,-0.0830591948727354,0.005645265468299191,Normal
2015-07-30,Historical_Mean,20D,1,-0.0590803072870678,0.005631375010995553,Normal
2015-07-31,Historical_Mean,20D,1,-0.0561976523291399,0.0056212432304572615,Normal
2015-08-03,Historical_Mean,20D,1,-0.0618640370482194,0.005611565882999592,Normal
2015-08-04,Historical_Mean,20D,1,-0.0896344477237146,0.005601004667953228,Normal
2015-08-05,Historical_Mean,20D,1,-0.0746166144859907,0.005586100841287865,Low
2015-08-06,Historical_Mean,20D,1,-0.0656693028640096,0.0055735515195342615,Low
2015-08-07,Historical_Mean,20D,1,-0.0782385887619482,0.005562405891501792,Low
2015-08-10,Historical_Mean,20D,1,-0.0661917871969348,0.005549297648946896,Low
2015-08-11,Historical_Mean,20D,1,-0.0705837582858374,0.005538077585630368,Low
2015-08-12,Historical_Mean,20D,1,-0.0662692864791163,0.005526174249293939,Low
2015-08-13,Historical_Mean,20D,1,-0.0605162541657488,0.0055149491928948744,Low
2015-08-14,Historical_Mean,20D,1,-0.0685186276631518,0.005504626978832245,Low
2015-08-17,Historical_Mean,20D,1,-0.0609668317411222,0.005493057229747846,Low
2015-08-18,Historical_Mean,20D,1,-0.0496701080901133,0.005482671249286701,Low
2015-08-19,Historical_Mean,20D,1,-0.0439453161230762,0.00547405362751492,Low
2015-08-20,Historical_Mean,20D,1,-0.0389155866233136,0.005466333057330481,Normal
2015-08-21,Historical_Mean,20D,1,-0.0019909520677624,0.0054594005487893,High
2015-08-24,Historical_Mean,20D,1,0.0258255622593784,0.005458236976617419,High
2015-08-25,Historical_Mean,20D,1,0.0373890677724402,0.005461417383438587,High
2015-08-26,Historical_Mean,20D,1,-0.0042708835333978,0.005466402184436088,High
2015-08-27,Historical_Mean,20D,1,-0.0287440398243084,0.0054648821585669295,High
2015-08-28,Historical_Mean,20D,1,-0.0553538021439936,0.005459542854371068,High
2015-08-31,Historical_Mean,20D,1,-0.0456946295670278,0.005450052631993047,High
2015-09-01,Historical_Mean,20D,1,0.0032239188789652,0.005442072497463632,High
2015-09-02,Historical_Mean,20D,1,-0.0129318138659121,0.005441726451657314,High
2015-09-03,Historical_Mean,20D,1,0.0001178634510745,0.005438860511816795,High
2015-09-04,Historical_Mean,20D,1,0.0336907657238529,0.0054380306619944705,High
2015-09-08,Historical_Mean,20D,1,0.0053224391826711,0.005442436203092531,High
2015-09-09,Historical_Mean,20D,1,0.0273209948093088,0.005442417494483172,High
2015-09-10,Historical_Mean,20D,1,0.0308366995089315,0.005445828028748928,High
2015-09-11,Historical_Mean,20D,1,0.0270845416244606,0.005449785458842473,High
2015-09-14,Historical_Mean,20D,1,0.0324572473248373,0.005453156934012431,High
2015-09-15,Historical_Mean,20D,1,0.0128587360032778,0.005457364489386507,High
2015-09-16,Historical_Mean,20D,1,-0.0005364356240372,0.005458517530594467,High
2015-09-17,Historical_Mean,20D,1,0.0167714601698779,0.005457583737268201,High
2015-09-18,Historical_Mean,20D,1,0.0376277524979583,0.005459345748860259,High
2015-09-21,Historical_Mean,20D,1,0.0333428694081588,0.005464354843651462,High
2015-09-22,Historical_Mean,20D,1,0.0443156983716433,0.0054686952631695235,High
2015-09-23,Historical_Mean,20D,1,0.0405239936901029,0.005474742430527629,High
2015-09-24,Historical_Mean,20D,1,0.0603834925740035,0.005480197566910442,High
2015-09-25,Historical_Mean,20D,1,0.0718193483442668,0.005488741497039153,High
2015-09-28,Historical_Mean,20D,1,0.0959056265059758,0.005499062114255151,High
2015-09-29,Historical_Mean,20D,1,0.0921161467279064,0.005513126607782177,High
2015-09-30,Historical_Mean,20D,1,0.0849907366124848,0.005526597290644227,High
2015-10-01,Historical_Mean,20D,1,0.0825689225534869,0.005538955632684949,High
2015-10-02,Historical_Mean,20D,1,0.0635336478486558,0.0055509335469938895,High
2015-10-05,Historical_Mean,20D,1,0.0572129306689683,0.005559948272476113,High
2015-10-06,Historical_Mean,20D,1,0.063531972938179,0.005567977649500284,High
2015-10-07,Historical_Mean,20D,1,0.0519767861409791,0.005576986663377915,High
2015-10-08,Historical_Mean,20D,1,0.0420642162399224,0.00558419719942727,High
2015-10-09,Historical_Mean,20D,1,0.0409916858993833,0.005589865319228466,High
2015-10-12,Historical_Mean,20D,1,0.0298457307655479,0.005595365058327449,High
2015-10-13,Historical_Mean,20D,1,0.0382040096091247,0.005599131812864142,High
2015-10-14,Historical_Mean,20D,1,0.0396981331994949,0.005604195468369074,High
2015-10-15,Historical_Mean,20D,1,0.0108654185115071,0.005609489558078876,High
2015-10-16,Historical_Mean,20D,1,-0.0049652832943452,0.005610305569405289,High
2015-10-19,Historical_Mean,20D,1,0.0095575105560159,0.005608663907054505,High
2015-10-20,Historical_Mean,20D,1,0.0096393345936631,0.005609276796492493,Normal
2015-10-21,Historical_Mean,20D,1,0.0315150133819696,0.005609902193419429,Normal
2015-10-22,Historical_Mean,20D,1,0.0139004260403963,0.005613921605551089,High
2015-10-23,Historical_Mean,20D,1,0.0067334273515029,0.0056152071321466275,High
2015-10-26,Historical_Mean,20D,1,0.007412736510919,0.005615380580296056,Normal
2015-10-27,Historical_Mean,20D,1,0.0111913723209673,0.005615659326563212,Normal
2015-10-28,Historical_Mean,20D,1,-0.0007082567821432,0.005616523912234541,Normal
2015-10-29,Historical_Mean,20D,1,0.0003350601579984,0.005615543326080374,Normal
2015-10-30,Historical_Mean,20D,1,0.0005047417068051,0.005614724773426821,Normal
2015-11-02,Historical_Mean,20D,1,-0.0006751956852701,0.005613932773571485,Normal
2015-11-03,Historical_Mean,20D,1,-0.0144561412497865,0.00561295816820052,Normal
2015-11-04,Historical_Mean,20D,1,-0.0253823007542894,0.005609848608327884,Normal
2015-11-05,Historical_Mean,20D,1,-0.0039316546339399,0.005605047345839486,Normal
2015-11-06,Historical_Mean,20D,1,-0.010598016814314,0.005603570161517958,Normal
2015-11-09,Historical_Mean,20D,1,-0.0072377787834061,0.005601061010677657,Normal
2015-11-10,Historical_Mean,20D,1,-0.0165163203025484,0.00559907295868105,Normal
2015-11-11,Historical_Mean,20D,1,-0.0110341564023848,0.005595648993166074,Normal
2015-11-12,Historical_Mean,20D,1,-0.0165588608215675,0.005593074719885029,Normal
2015-11-13,Historical_Mean,20D,1,-0.0005439323253439,0.005589646158433017,Normal
2015-11-16,Historical_Mean,20D,1,-0.0047746550136639,0.005588696981942182,Normal
2015-11-17,Historical_Mean,20D,1,0.0109762576553539,0.0055870934925416555,Normal
2015-11-18,Historical_Mean,20D,1,-0.0202117488576946,0.00558792721224506,Normal
2015-11-19,Historical_Mean,20D,1,-0.0370455035358221,0.00558393654309271,Normal
2015-11-20,Historical_Mean,20D,1,-0.0331001520888153,0.005577343681960802,Normal
2015-11-23,Historical_Mean,20D,1,-0.0230864326555622,0.005571362934199743,Normal
2015-11-24,Historical_Mean,20D,1,-0.0119660860729691,0.005566932229872321,Normal
2015-11-25,Historical_Mean,20D,1,-0.0134368608618654,0.005564221916330377,Normal
2015-11-27,Historical_Mean,20D,1,-0.0162112388776523,0.005561285118373932,Normal
2015-11-30,Historical_Mean,20D,1,-0.0009857745650108,0.005557920487869215,Normal
2015-12-01,Historical_Mean,20D,1,-0.0188531122955285,0.005556909410141638,Normal
2015-12-02,Historical_Mean,20D,1,-0.0172530046975476,0.005553138357815719,Normal
2015-12-03,Historical_Mean,20D,1,-0.0181972200512034,0.00554961562950936,Normal
2015-12-04,Historical_Mean,20D,1,-0.0365048722756948,0.005545948164539366,Normal
2015-12-07,Historical_Mean,20D,1,-0.042692991317923,0.005539454832167496,Normal
2015-12-08,Historical_Mean,20D,1,-0.0601677552116733,0.005532008105882165,Normal
2015-12-09,Historical_Mean,20D,1,-0.0632962062918285,0.0055218661232768,Normal
2015-12-10,Historical_Mean,20D,1,-0.0646921545746006,0.005511244411220138,Normal
2015-12-11,Historical_Mean,20D,1,-0.0373057727010106,0.005500410553351956,High
2015-12-14,Historical_Mean,20D,1,-0.0673324358429877,0.005493805680144987,Normal
2015-12-15,Historical_Mean,20D,1,-0.0613369550145181,0.005482570530264838,Normal
2015-12-16,Historical_Mean,20D,1,-0.0975833633634519,0.005472263646793485,High
2015-12-17,Historical_Mean,20D,1,-0.0818969065401467,0.00545636981165927,Normal
2015-12-18,Historical_Mean,20D,1,-0.0757021775589383,0.005442899761335168,High
2015-12-21,Historical_Mean,20D,1,-0.0782684956501463,0.005430388956937962,High
2015-12-22,Historical_Mean,20D,1,-0.0669658643595018,0.005417486400346766,High
2015-12-23,Historical_Mean,20D,1,-0.095069006059877,0.005406329903620525,High
2015-12-24,Historical_Mean,20D,1,-0.0794238528256458,0.005390845956022514,High
2015-12-28,Historical_Mean,20D,1,-0.0881658386698681,0.005377777435409005,High
2015-12-29,Historical_Mean,20D,1,-0.0932261521252997,0.005363366155774854,High
2015-12-30,Historical_Mean,20D,1,-0.0615241023469646,0.005348179846735871,High
2015-12-31,Historical_Mean,20D,1,-0.0525109521510386,0.005337880711945528,High
2016-01-04,Historical_Mean,20D,1,-0.056009879071464,0.005328972668695915,High
2016-01-05,Historical_Mean,20D,1,-0.0530404631892498,0.005319528657650472,High
2016-01-06,Historical_Mean,20D,1,-0.0383127318941003,0.005310544668757784,High
2016-01-07,Historical_Mean,20D,1,-0.0329810736511075,0.005303830296499379,High
2016-01-08,Historical_Mean,20D,1,-0.0363385941283168,0.005297938498415721,High
2016-01-11,Historical_Mean,20D,1,-0.0378553430708996,0.005291531892379911,High
2016-01-12,Historical_Mean,20D,1,-0.0458168253194352,0.005284893911616329,High
2016-01-13,Historical_Mean,20D,1,-0.0329118975707825,0.0052770333179798035,High
2016-01-14,Historical_Mean,20D,1,-0.0301399432981203,0.0052711599050470495,High
2016-01-15,Historical_Mean,20D,1,0.0080775671417269,0.005265714556253699,High
2016-01-19,Historical_Mean,20D,1,0.0238919975799392,0.005266146882911982,High
2016-01-20,Historical_Mean,20D,1,0.0309781314819031,0.005269010195855414,High
2016-01-21,Historical_Mean,20D,1,0.0257701095641531,0.0052729617976516084,High
2016-01-22,Historical_Mean,20D,1,0.0200401137810157,0.005276111812676429,High
2016-01-25,Historical_Mean,20D,1,0.0232690813830488,0.005278380405480415,High
2016-01-26,Historical_Mean,20D,1,0.0136538035873126,0.005281144378591118,High
2016-01-27,Historical_Mean,20D,1,0.0358610926182919,0.005282430501357434,High
2016-01-28,Historical_Mean,20D,1,0.0284758765711358,0.005287126963055627,High
2016-01-29,Historical_Mean,20D,1,-0.0041369055149924,0.005290687888978244,High
2016-02-01,Historical_Mean,20D,1,0.019894814732168,0.005289240385000973,High
2016-02-02,Historical_Mean,20D,1,0.0429017333115012,0.005291482567123657,High
2016-02-03,Historical_Mean,20D,1,0.0414147476102441,0.0052972554375372224,High
2016-02-04,Historical_Mean,20D,1,0.0431896191836626,0.0053027983307497315,High
2016-02-05,Historical_Mean,20D,1,0.0627284002608782,0.005308611867784091,High
2016-02-08,Historical_Mean,20D,1,0.0656797021279293,0.005317421286070849,High
2016-02-09,Historical_Mean,20D,1,0.0713832155575037,0.005326680724764186,High
2016-02-10,Historical_Mean,20D,1,0.0717279764853873,0.005336812095137305,High
2016-02-11,Historical_Mean,20D,1,0.1003679694034948,0.0053469932275388155,High
2016-02-12,Historical_Mean,20D,1,0.0797761855798369,0.0053615625277804516,High
2016-02-16,Historical_Mean,20D,1,0.0615558169038342,0.005372970564428016,High
2016-02-17,Historical_Mean,20D,1,0.0507944341599727,0.005381582282137918,High
2016-02-18,Historical_Mean,20D,1,0.0620446493525036,0.005388542106180499,High
2016-02-19,Historical_Mean,20D,1,0.0664666498853316,0.005397223703981038,High
2016-02-22,Historical_Mean,20D,1,0.0531010106905478,0.0054065801351410436,High
2016-02-23,Historical_Mean,20D,1,0.0647558153645641,0.005413886267272692,High
2016-02-24,Historical_Mean,20D,1,0.0539193457992649,0.005422975244006847,High
2016-02-25,Historical_Mean,20D,1,0.0422568372894374,0.005430401947001526,High
2016-02-26,Historical_Mean,20D,1,0.0446738095070744,0.0054360406601147455,High
2016-02-29,Historical_Mean,20D,1,0.0616059526528835,0.005442047666980477,High
2016-03-01,Historical_Mean,20D,1,0.0423584472448309,0.005450644621669885,High
2016-03-02,Historical_Mean,20D,1,0.0362306550241083,0.005456293198747198,High
2016-03-03,Historical_Mean,20D,1,0.0390489797703912,0.005461002358934704,High
2016-03-04,Historical_Mean,20D,1,0.0325350598585948,0.005466141278367302,High
2016-03-07,Historical_Mean,20D,1,0.0214541386459363,0.005470282156228742,High
2016-03-08,Historical_Mean,20D,1,0.0432106926339557,0.005472726918616277,High
2016-03-09,Historical_Mean,20D,1,0.0261229458811367,0.005478498132213973,High
2016-03-10,Historical_Mean,20D,1,0.0287498556886304,0.005481654775600659,High
2016-03-11,Historical_Mean,20D,1,0.0097437642101751,0.005485212060559079,Normal
2016-03-14,Historical_Mean,20D,1,0.020621286708177,0.005485863016252999,Normal
2016-03-15,Historical_Mean,20D,1,0.0324499874110528,0.005488176240109322,Normal
2016-03-16,Historical_Mean,20D,1,0.0270381719594053,0.005492296321278477,Normal
2016-03-17,Historical_Mean,20D,1,0.0194798193146631,0.0054955882808870515,Normal
2016-03-18,Historical_Mean,20D,1,0.021603577677435,0.00549772458260318,Normal
2016-03-21,Historical_Mean,20D,1,0.0236982236760091,0.005500184618206483,Normal
2016-03-22,Historical_Mean,20D,1,0.0253372516220157,0.005502963793383301,Normal
2016-03-23,Historical_Mean,20D,1,0.0265361982953909,0.0055059923913110195,Normal
2016-03-24,Historical_Mean,20D,1,0.0269621986543086,0.005509203109769658,Normal
2016-03-28,Historical_Mean,20D,1,0.0246034021454731,0.005512477876300651,Normal
2016-03-29,Historical_Mean,20D,1,0.0176963902654728,0.005515391631530989,Normal
2016-03-30,Historical_Mean,20D,1,0.0150035043836535,0.005517250474600413,Low
2016-03-31,Historical_Mean,20D,1,0.0077717106817125,0.0055186978737320974,Low
2016-04-01,Historical_Mean,20D,1,-0.0036151976154444,0.005519041582779844,Low
2016-04-04,Historical_Mean,20D,1,0.0073778891276541,0.005517648318716661,Low
2016-04-05,Historical_Mean,20D,1,0.0088596881510527,0.005517932021752948,Low
2016-04-06,Historical_Mean,20D,1,-0.0075476924864328,0.005518441591153574,Low
2016-04-07,Historical_Mean,20D,1,0.0042613447907777,0.0055164494987496124,Normal
2016-04-08,Historical_Mean,20D,1,0.0046482527397141,0.0055162581718124215,Normal
2016-04-11,Historical_Mean,20D,1,0.0081450119369279,0.005516125874078524,Low
2016-04-12,Historical_Mean,20D,1,0.010935623291575,0.005516526496764115,Low
2016-04-13,Historical_Mean,20D,1,-0.0086619693548514,0.005517352200983955,Low
2016-04-14,Historical_Mean,20D,1,-0.0090043610529482,0.0055151920362131075,Low
2016-04-15,Historical_Mean,20D,1,-0.0165340256385547,0.00551298037542268,Low
2016-04-18,Historical_Mean,20D,1,-0.0133047748627399,0.005509622622450706,Low
2016-04-19,Historical_Mean,20D,1,-0.0258403763177692,0.005506757631208862,Low
2016-04-20,Historical_Mean,20D,1,-0.0263964736806022,0.005501984925065596,Low
2016-04-21,Historical_Mean,20D,1,-0.0249025053460309,0.005497129017224879,Low
2016-04-22,Historical_Mean,20D,1,-0.0189489047027671,0.005492501980031081,Low
2016-04-25,Historical_Mean,20D,1,-0.0192228516501059,0.005488782392954106,Low
2016-04-26,Historical_Mean,20D,1,-0.0075052142903526,0.005485022253872691,Low
2016-04-27,Historical_Mean,20D,1,-0.002202678750516,0.005483045951340479,Low
2016-04-28,Historical_Mean,20D,1,0.0068604912611171,0.005481876842015585,Low
2016-04-29,Historical_Mean,20D,1,0.0162141354311139,0.005482086517212406,Low
2016-05-02,Historical_Mean,20D,1,0.0074287601132798,0.005483718519784472,Low
2016-05-03,Historical_Mean,20D,1,0.0172776581556018,0.005484014253643905,Low
2016-05-04,Historical_Mean,20D,1,0.0260529370280607,0.005485807145693457,Low
2016-05-05,Historical_Mean,20D,1,0.02337591148416,0.005488933324426148,Low
2016-05-06,Historical_Mean,20D,1,0.025091629449971,0.0054916517101647085,Low
2016-05-09,Historical_Mean,20D,1,0.0256270317715587,0.005494629977561731,Low
2016-05-10,Historical_Mean,20D,1,0.0165247685074763,0.0054976886833949115,Low
2016-05-11,Historical_Mean,20D,1,0.0244130557874512,0.005499363767676254,Low
2016-05-12,Historical_Mean,20D,1,0.0153650026452495,0.005502236442648881,Low
2016-05-13,Historical_Mean,20D,1,0.0157311380172925,0.005503734205170156,Low
2016-05-16,Historical_Mean,20D,1,0.0041816565557078,0.005505287105840081,Low
2016-05-17,Historical_Mean,20D,1,0.0117951110440604,0.0055050861599542245,Low
2016-05-18,Historical_Mean,20D,1,0.0147180464687046,0.005506040929973062,Low
2016-05-19,Historical_Mean,20D,1,0.0151683568468163,0.0055074390185356255,Low
2016-05-20,Historical_Mean,20D,1,0.0149582804024347,0.0055089050151711765,Low
2016-05-23,Historical_Mean,20D,1,0.0197543075747462,0.005510338693730918,Low
2016-05-24,Historical_Mean,20D,1,0.0045127410441802,0.005512499489981072,Normal
2016-05-25,Historical_Mean,20D,1,0.0108377784645518,0.00551234785059903,Normal
2016-05-26,Historical_Mean,20D,1,-0.0255325482911022,0.005513155468223226,Normal
2016-05-27,Historical_Mean,20D,1,-0.0480724897422444,0.005508448007456081,Normal
2016-05-31,Historical_Mean,20D,1,-0.0294525995175666,0.005500324760374561,Normal
2016-06-01,Historical_Mean,20D,1,-0.0136977552002388,0.00549502645443581,Low
2016-06-02,Historical_Mean,20D,1,-0.0030445882177591,0.0054921175757370105,Low
2016-06-03,Historical_Mean,20D,1,0.0018181803119677,0.005490823939459772,Low
2016-06-06,Historical_Mean,20D,1,-0.0099381771929945,0.005490267478304091,Low
2016-06-07,Historical_Mean,20D,1,-0.0058881057639159,0.005487930189306773,Low
2016-06-08,Historical_Mean,20D,1,-0.0100641656226037,0.0054862070696531495,Low
2016-06-09,Historical_Mean,20D,1,0.0067932565412822,0.005483852023054292,Low
2016-06-10,Historical_Mean,20D,1,0.0194136082634467,0.005484050297511927,Low
2016-06-13,Historical_Mean,20D,1,0.0345467493605018,0.005486159238914794,Low
2016-06-14,Historical_Mean,20D,1,0.0364820131074552,0.005490558359429718,Low
2016-06-15,Historical_Mean,20D,1,0.0435698449729624,0.005495249059406716,Low
2016-06-16,Historical_Mean,20D,1,0.0395123728020458,0.005501010953461431,Low
2016-06-17,Historical_Mean,20D,1,0.0451551187685234,0.005506157172533693,Low
2016-06-20,Historical_Mean,20D,1,0.0379275314896849,0.005512155502578473,Low
2016-06-21,Historical_Mean,20D,1,0.0394803492012393,0.005517058751101708,Low
2016-06-22,Historical_Mean,20D,1,0.0375142083412901,0.0055221953649023945,Low
2016-06-23,Historical_Mean,20D,1,0.0287822680588454,0.005527033110702544,Low
2016-06-24,Historical_Mean,20D,1,0.0623470421244983,0.005530549172835617,Normal
2016-06-27,Historical_Mean,20D,1,0.0809320207969203,0.005539138211830578,Normal
2016-06-28,Historical_Mean,20D,1,0.0621186382460239,0.005550533750310792,High
2016-06-29,Historical_Mean,20D,1,0.0468343157228623,0.005559082655327524,High
2016-06-30,Historical_Mean,20D,1,0.034990432691054,0.005565319469027665,High
2016-07-01,Historical_Mean,20D,1,0.0317731322505308,0.005569765021712666,High
2016-07-05,Historical_Mean,20D,1,0.0322622204234618,0.005573723234284995,High
2016-07-06,Historical_Mean,20D,1,0.0300525760812569,0.005577754120433489,High
2016-07-07,Historical_Mean,20D,1,0.031137083267479,0.005581450106836513,High
2016-07-08,Historical_Mean,20D,2,0.0245655939908669,0.005585308725764594,High
2016-07-11,Historical_Mean,20D,2,0.0202551973873269,0.005588174106994228,High
2016-07-12,Historical_Mean,20D,2,0.0136600730665374,0.005590387997300694,High
2016-07-13,Historical_Mean,20D,2,0.0106565173280673,0.005591605879140302,High
2016-07-14,Historical_Mean,20D,2,0.0101345096288141,0.00559237016334868,High
2016-07-15,Historical_Mean,20D,2,0.010267525301771,0.00559305545898318,High
2016-07-18,Historical_Mean,20D,2,0.0106770797744241,0.005593760613583088,High
2016-07-19,Historical_Mean,20D,2,0.0066191420583614,0.005594527328388645,High
2016-07-20,Historical_Mean,20D,2,0.004224779748753,0.005594681847274178,High
2016-07-21,Historical_Mean,20D,2,0.0100410513016603,0.005594475287850396,High
2016-07-22,Historical_Mean,20D,2,0.0040561149433819,0.005595145659629955,High
2016-07-25,Historical_Mean,20D,2,0.0065086517999886,0.005594913668264828,Normal
2016-07-26,Historical_Mean,20D,2,0.0081357868176308,0.005595051383130198,Normal
2016-07-27,Historical_Mean,20D,2,0.0040809925047676,0.005595434254654384,Low
2016-07-28,Historical_Mean,20D,2,0.0011099116600298,0.005595206072983466,Low
2016-07-29,Historical_Mean,20D,2,-0.0021001326963411,0.00559453037331294,Low
2016-08-01,Historical_Mean,20D,2,0.0043848898798241,0.005593371363963692,Low
2016-08-02,Historical_Mean,20D,2,0.0088112392853691,0.005593189363740177,Low
2016-08-03,Historical_Mean,20D,2,0.0033035054637354,0.005593673936834836,Low
2016-08-04,Historical_Mean,20D,2,0.0030495707748348,0.005593329135800042,Low
2016-08-05,Historical_Mean,20D,2,-0.0013248849155106,0.005592946212668782,Low
2016-08-08,Historical_Mean,20D,2,0.0025599347460361,0.005591904997869236,Low
2016-08-09,Historical_Mean,20D,2,0.0020238208211868,0.005591448719426522,Low
2016-08-10,Historical_Mean,20D,2,0.0026671296922049,0.005590911911136086,Low
2016-08-11,Historical_Mean,20D,2,-0.0268840278210751,0.00559047204620169,Low
2016-08-12,Historical_Mean,20D,2,-0.0115172772007267,0.00558558719363441,Low
2016-08-15,Historical_Mean,20D,2,-0.0292480417734594,0.005583014947523061,Low
2016-08-16,Historical_Mean,20D,2,-0.024341748956794,0.005577777194632688,Low
2016-08-17,Historical_Mean,20D,2,-0.0161500785135097,0.0055732786942340375,Low
2016-08-18,Historical_Mean,20D,2,-0.0221267080054643,0.005570013006139066,Low
2016-08-19,Historical_Mean,20D,2,-0.0207040016705207,0.00556584996375043,Low
2016-08-22,Historical_Mean,20D,2,-0.0198414263029635,0.005561901984845369,Low
2016-08-23,Historical_Mean,20D,2,-0.0109332931476893,0.005558084805538411,Low
2016-08-24,Historical_Mean,20D,2,0.0007995140296244,0.00555560713457188,Low
2016-08-25,Historical_Mean,20D,2,-0.0035876185334487,0.005554892684653757,Low
2016-08-26,Historical_Mean,20D,2,-0.0106324044126515,0.005553519522860709,Low
2016-08-29,Historical_Mean,20D,2,-0.0094233376760278,0.005551088838983924,Low
2016-08-30,Historical_Mean,20D,2,-0.0021851696652625,0.0055488404265942835,Low
2016-08-31,Historical_Mean,20D,2,-0.0091716062897812,0.005547679338155332,Low
2016-09-01,Historical_Mean,20D,2,-0.0011938283123421,0.005545469898703525,Low
2016-09-02,Historical_Mean,20D,2,-0.0086520930929038,0.005544458447673801,Low
2016-09-06,Historical_Mean,20D,2,-0.0165972172492712,0.005542328112808768,Low
2016-09-07,Historical_Mean,20D,2,-0.0121633350797807,0.005539006350563896,Low
2016-09-08,Historical_Mean,20D,2,-0.0094564030347059,0.005536350733787666,Low
2016-09-09,Historical_Mean,20D,2,0.0121125519345162,0.005534101933162423,Low
2016-09-12,Historical_Mean,20D,2,0.0021374950184061,0.005535088503348588,Normal
2016-09-13,Historical_Mean,20D,2,0.004554665598861,0.0055345790426370965,Normal
2016-09-14,Historical_Mean,20D,2,0.0062884472050729,0.00553443212907731,Normal
2016-09-15,Historical_Mean,20D,2,-0.006874145656601,0.005534545157869994,Normal
2016-09-16,Historical_Mean,20D,2,-0.0028931337019078,0.005532685342100439,Normal
2016-09-19,Historical_Mean,20D,2,-0.0059171485799234,0.005531422668783488,Normal
2016-09-20,Historical_Mean,20D,2,-7.473645845881343e-05,0.005529707270034805,Normal
2016-09-21,Historical_Mean,20D,2,-0.0087431646367442,0.005528867652996829,Normal
2016-09-22,Historical_Mean,20D,2,-0.0165985876857672,0.005526729841090036,Normal
2016-09-23,Historical_Mean,20D,2,-0.0109294398662032,0.005523416179636261,Normal
2016-09-26,Historical_Mean,20D,2,0.0024340048991402,0.005520952439587468,Normal
2016-09-27,Historical_Mean,20D,2,-0.0077944477308641,0.005520490252502509,Normal
2016-09-28,Historical_Mean,20D,2,-0.0148189522556939,0.005518496998313382,Normal
2016-09-29,Historical_Mean,20D,2,-0.0084450204316215,0.005515452925681439,Normal
2016-09-30,Historical_Mean,20D,2,-0.0194945531592741,0.005513363659988936,Normal
2016-10-03,Historical_Mean,20D,2,-0.0163508138619457,0.005509621640414005,Normal
2016-10-04,Historical_Mean,20D,2,-0.0181929511843186,0.005506351078549498,Normal
2016-10-05,Historical_Mean,20D,2,-0.0290273218689698,0.005502805932362084,Normal
2016-10-06,Historical_Mean,20D,2,-0.0339419787441838,0.00549764139036368,Normal
2016-10-07,Historical_Mean,20D,2,-0.0323507115742625,0.00549174343610399,Normal
2016-10-10,Historical_Mean,20D,2,-0.0149658421621217,0.005486085174290239,Normal
2016-10-11,Historical_Mean,20D,2,0.0013236139327915,0.005483027627969951,Low
2016-10-12,Historical_Mean,20D,2,0.0111938016060487,0.005482405891991598,Low
2016-10-13,Historical_Mean,20D,2,0.0162467237343781,0.0054832594857315555,Low
2016-10-14,Historical_Mean,20D,2,0.0146462112274593,0.005484867893419638,Low
2016-10-17,Historical_Mean,20D,2,0.0175733198821164,0.005486236688180438,Low
2016-10-18,Historical_Mean,20D,2,0.0188847692985071,0.005488042347456497,Low
2016-10-19,Historical_Mean,20D,2,0.0151116806207807,0.005490043352228873,Low
2016-10-20,Historical_Mean,20D,2,0.0211538211133594,0.0054914802753573905,Low
2016-10-21,Historical_Mean,20D,2,0.0188483148879658,0.005493818985352612,Low
2016-10-24,Historical_Mean,20D,2,0.0215434223114122,0.005495812788861513,Low
2016-10-25,Historical_Mean,20D,2,0.0275114708797117,0.005498208312002661,Low
2016-10-26,Historical_Mean,20D,2,0.0300610969578077,0.00550149387357993,Low
2016-10-27,Historical_Mean,20D,2,0.0369590384772404,0.005505158938955878,Low
2016-10-28,Historical_Mean,20D,2,0.0348037893621302,0.005509852146884599,Low
2016-10-31,Historical_Mean,20D,2,0.0362604755995908,0.005514222419481234,Low
2016-11-01,Historical_Mean,20D,2,0.0404135641531693,0.005518808674430534,Low
2016-11-02,Historical_Mean,20D,2,0.0434387256398595,0.005524012963092539,Low
2016-11-03,Historical_Mean,20D,2,0.0482688663825537,0.005529666812283825,Low
2016-11-04,Historical_Mean,20D,2,0.0557408135809902,0.005536039139638868,Low
2016-11-07,Historical_Mean,20D,2,0.0371656983203999,0.005543523453061848,Normal
2016-11-08,Historical_Mean,20D,2,0.0464781786679658,0.0055482368492263045,Low
2016-11-09,Historical_Mean,20D,2,0.0376190738051806,0.00555433669152418,Low
2016-11-10,Historical_Mean,20D,2,0.0415916466220552,0.005559114628808289,Low
2016-11-11,Historical_Mean,20D,2,0.0418524926792532,0.005564483003658295,Low
2016-11-14,Historical_Mean,20D,2,0.0484864853376734,0.005569888635965103,Low
2016-11-15,Historical_Mean,20D,2,0.0328832348537253,0.005576280741520913,Low
2016-11-16,Historical_Mean,20D,2,0.0383424590636551,0.005580347302073736,Low
2016-11-17,Historical_Mean,20D,2,0.0319248329514769,0.005585225520025133,Low
2016-11-18,Historical_Mean,20D,2,0.0362876570322365,0.005589146855060335,Low
2016-11-21,Historical_Mean,20D,2,0.0324848673625155,0.0055937164457386885,Normal
2016-11-22,Historical_Mean,20D,2,0.0278613905342448,0.005597718700674955,Normal
2016-11-23,Historical_Mean,20D,2,0.0251889811549393,0.00560103174707876,Low
2016-11-25,Historical_Mean,20D,2,0.0225331680765949,0.005603946186806161,Low
2016-11-28,Historical_Mean,20D,2,0.0300474062358788,0.005606464666706457,Normal
2016-11-29,Historical_Mean,20D,2,0.0203213631728453,0.005610100088626608,Low
2016-11-30,Historical_Mean,20D,2,0.0226849459961333,0.005612287962375005,Low
2016-12-01,Historical_Mean,20D,2,0.0215588342660429,0.005614826647584485,Low
2016-12-02,Historical_Mean,20D,2,0.0296126732991153,0.005617197151244678,Low
2016-12-05,Historical_Mean,20D,2,0.0295142101429209,0.0056207641909574585,Low
2016-12-06,Historical_Mean,20D,2,0.0253381580715653,0.005624315535480639,Low
2016-12-07,Historical_Mean,20D,2,0.0157715885074208,0.00562724521931718,Low
2016-12-08,Historical_Mean,20D,2,0.0100596680189903,0.005628752551157908,Low
2016-12-09,Historical_Mean,20D,2,0.0041382494860205,0.005629410836029076,Low
2016-12-12,Historical_Mean,20D,2,0.0081019741657218,0.0056291893325605665,Low
2016-12-13,Historical_Mean,20D,2,-0.0005636214292446,0.005629556596014176,Low
2016-12-14,Historical_Mean,20D,2,0.0094348054277607,0.005628636908157738,Low
2016-12-15,Historical_Mean,20D,2,0.0025871832839886,0.00562920204082583,Low
2016-12-16,Historical_Mean,20D,2,0.0061015405047782,0.005628750434715848,Low
2016-12-19,Historical_Mean,20D,2,0.0005125301652477,0.005628820612847073,Low
2016-12-20,Historical_Mean,20D,2,0.0002422018253947,0.005628061293991685,Low
2016-12-21,Historical_Mean,20D,2,8.837904002783037e-06,0.005627262086472974,Low
2016-12-22,Historical_Mean,20D,2,0.0084166896553614,0.00562642849238062,Low
2016-12-23,Historical_Mean,20D,2,0.0151598099162512,0.005626842416303329,Low
2016-12-27,Historical_Mean,20D,2,0.0121783060764394,0.005628256383597892,Low
2016-12-28,Historical_Mean,20D,2,0.0197031072964692,0.005629227768692485,Low
2016-12-29,Historical_Mean,20D,2,0.0139687815322409,0.0056313146428810645,Low
2016-12-30,Historical_Mean,20D,2,0.0177263146210628,0.005632550738787568,Low
2017-01-03,Historical_Mean,20D,2,0.0095738668560221,0.005634343469870028,Low
2017-01-04,Historical_Mean,20D,2,0.0044380499241636,0.005634927362472096,Low
2017-01-05,Historical_Mean,20D,2,0.0124475143811984,0.005634749994742648,Low
2017-01-06,Historical_Mean,20D,2,0.0068191276869103,0.005635759442718121,Low
2017-01-09,Historical_Mean,20D,2,0.0106008366223156,0.005635934756532074,Low
2017-01-10,Historical_Mean,20D,2,0.0112939187709253,0.005636670188596329,Low
2017-01-11,Historical_Mean,20D,2,0.0142043401177834,0.005637508051241817,Low
2017-01-12,Historical_Mean,20D,2,0.0199111593335223,0.005638776647727311,Low
2017-01-13,Historical_Mean,20D,2,0.0232951615223869,0.005640889822540133,Low
2017-01-17,Historical_Mean,20D,2,0.030266403174278,0.005643503334264758,Low
2017-01-18,Historical_Mean,20D,2,0.0334840913702031,0.005647147931635985,Low
2017-01-19,Historical_Mean,20D,2,0.0362354373929721,0.005651267650954999,Low
2017-01-20,Historical_Mean,20D,2,0.0345520026589097,0.005655793275361926,Low
2017-01-23,Historical_Mean,20D,2,0.0432756023250485,0.005660068494977779,Low
2017-01-24,Historical_Mean,20D,2,0.0356496756492821,0.00566563292305915,Low
2017-01-25,Historical_Mean,20D,2,0.0280745218245724,0.005670067776294799,Low
2017-01-26,Historical_Mean,20D,2,0.0303024269918673,0.005673381064382388,Low
2017-01-27,Historical_Mean,20D,2,0.0321867317493426,0.005677022798217592,Low
2017-01-30,Historical_Mean,20D,2,0.0356326991302444,0.005680942033721898,Low
2017-01-31,Historical_Mean,20D,2,0.0501042118220022,0.005685369492272752,Low
2017-02-01,Historical_Mean,20D,2,0.0439287758617805,0.005691934500006972,Low
2017-02-02,Historical_Mean,20D,2,0.0438623793916245,0.005697584986391156,Low
2017-02-03,Historical_Mean,20D,2,0.033341259773505,0.0057032239926567046,Low
2017-02-06,Historical_Mean,20D,2,0.0325412313851243,0.005707307023500381,Low
2017-02-07,Historical_Mean,20D,2,0.0300275999572145,0.0057112706755478885,Low
2017-02-08,Historical_Mean,20D,2,0.0301340934213712,0.005714861921934193,Low
2017-02-09,Historical_Mean,20D,2,0.0276613693912696,0.0057184678332601584,Low
2017-02-10,Historical_Mean,20D,2,0.0244682281884301,0.005721707594305191,Low
2017-02-13,Historical_Mean,20D,2,0.0158513456235278,0.005724475016890685,Low
2017-02-14,Historical_Mean,20D,2,0.0201918975525416,0.005725969757939635,Low
2017-02-15,Historical_Mean,20D,2,0.0135839740876235,0.005728104635123018,Low
2017-02-16,Historical_Mean,20D,2,0.0131332864249421,0.0057292638308515855,Low
2017-02-17,Historical_Mean,20D,2,0.0094442210173245,0.005730356191812649,Low
2017-02-21,Historical_Mean,20D,2,-0.0090712235928466,0.005730904040289638,Low
2017-02-22,Historical_Mean,20D,2,-0.0061003345985798,0.005728720835623984,Low
2017-02-23,Historical_Mean,20D,2,-0.007580065714669,0.005726976394474566,Low
2017-02-24,Historical_Mean,20D,2,-0.0099166681606391,0.005725014282692032,Low
2017-02-27,Historical_Mean,20D,2,-0.0119542410142186,0.005722708270242772,Low
2017-02-28,Historical_Mean,20D,2,-0.0021472260693997,0.005720102587860039,Low
2017-03-01,Historical_Mean,20D,2,-0.0146437009492948,0.005718943070003406,Low
2017-03-02,Historical_Mean,20D,2,-0.0058357730654845,0.00571594238565043,Low
2017-03-03,Historical_Mean,20D,2,-0.0085971173722863,0.005714240350074898,Low
2017-03-06,Historical_Mean,20D,2,-0.0069579699167338,0.005712132018059228,Low
2017-03-07,Historical_Mean,20D,2,-0.0034809779399827,0.005710265748809737,Low
2017-03-08,Historical_Mean,20D,2,-0.004253686787441,0.005708912104672949,Low
2017-03-09,Historical_Mean,20D,2,-0.0031256121064722,0.0057074450749435846,Low
2017-03-10,Historical_Mean,20D,2,-0.0072164242752756,0.00570614456593572,Low
2017-03-13,Historical_Mean,20D,2,-0.0068955397586622,0.005704242229877835,Low
2017-03-14,Historical_Mean,20D,2,-0.0049456990697295,0.005702387684398215,Low
2017-03-15,Historical_Mean,20D,2,-0.0170526156134027,0.005700820637046615,Low
2017-03-16,Historical_Mean,20D,2,-0.0222626011040233,0.00569747257403154,Low
2017-03-17,Historical_Mean,20D,2,-0.0123709561486847,0.005693358983671373,Low
2017-03-20,Historical_Mean,20D,2,-0.0132666429141377,0.005690701685181764,Low
2017-03-21,Historical_Mean,20D,2,-0.0024988737209041,0.005687913430350271,Low
2017-03-22,Historical_Mean,20D,2,0.0031418737946071,0.005686709491063322,Low
2017-03-23,Historical_Mean,20D,2,0.0011630178323216,0.005686335305547007,Low
2017-03-24,Historical_Mean,20D,2,0.012789106634372,0.005685670307388637,Low
2017-03-27,Historical_Mean,20D,2,0.0198814284319686,0.005686714469718049,Low
2017-03-28,Historical_Mean,20D,2,0.0121702981266575,0.0056888007004591195,Low
2017-03-29,Historical_Mean,20D,2,0.0116383289231265,0.005689753161506319,Low
2017-03-30,Historical_Mean,20D,2,0.0067925385399315,0.0056906271808659465,Low
2017-03-31,Historical_Mean,20D,2,0.0107809243050921,0.005690789060013746,Low
2017-04-03,Historical_Mean,20D,2,0.013612743198917,0.005691536729703094,Low
2017-04-04,Historical_Mean,20D,2,0.0117812077284283,0.005692700073287939,Low
2017-04-05,Historical_Mean,20D,2,0.0154226778278199,0.005693594127275478,Low
2017-04-06,Historical_Mean,20D,2,0.0175753869415633,0.005695022564171755,Low
2017-04-07,Historical_Mean,20D,2,0.0184403046764161,0.0056967665988719015,Low
2017-04-10,Historical_Mean,20D,2,0.0167270799838398,0.005698637072683372,Low
2017-04-11,Historical_Mean,20D,2,0.0192919509932476,0.005700255570322226,Low
2017-04-12,Historical_Mean,20D,2,0.0208938370381279,0.005702249949694629,Low
2017-04-13,Historical_Mean,20D,2,0.0262523219871379,0.0057044787623543175,Low
2017-04-17,Historical_Mean,20D,2,0.0224409985990458,0.005707492968489682,Low
2017-04-18,Historical_Mean,20D,2,0.0246614684078932,0.005709947281430509,Low
2017-04-19,Historical_Mean,20D,2,0.0080338256336465,0.005712726504355639,Low
2017-04-20,Historical_Mean,20D,2,0.0041850138978888,0.005713066841471371,Low
2017-04-21,Historical_Mean,20D,2,0.0139694052132046,0.005712842819635337,Low
2017-04-24,Historical_Mean,20D,2,0.0083345319211012,0.005714053104360281,Low
2017-04-25,Historical_Mean,20D,2,0.0040985028817307,0.005714437169847126,Low
2017-04-26,Historical_Mean,20D,2,0.0070703581619944,0.005714200368222256,Low
2017-04-27,Historical_Mean,20D,2,0.0109497032036732,0.0057143990726609036,Low
2017-04-28,Historical_Mean,20D,2,0.0131751844604657,0.00571516603781341,Low
2017-05-01,Historical_Mean,20D,2,0.0102390419040379,0.005716258760593937,Low
2017-05-02,Historical_Mean,20D,2,0.0085906236982751,0.005716921148283369,Low
2017-05-03,Historical_Mean,20D,2,0.0174053886789501,0.0057173419569742446,Low
2017-05-04,Historical_Mean,20D,2,0.0205243300091266,0.005719053237607038,Low
2017-05-05,Historical_Mean,20D,2,0.0152255634612194,0.005721220603552217,Low
2017-05-08,Historical_Mean,20D,2,0.0124052095231075,0.0057226117544388775,Low
2017-05-09,Historical_Mean,20D,2,0.0149980128762481,0.0057235897432825296,Low
2017-05-10,Historical_Mean,20D,2,0.0141352191944633,0.005724946843536109,Low
2017-05-11,Historical_Mean,20D,2,0.0154700367023827,0.005726177314984673,Low
2017-05-12,Historical_Mean,20D,2,0.0159703295634589,0.005727602689383063,Low
2017-05-15,Historical_Mean,20D,2,0.0157065461036737,0.005729100821147591,Low
2017-05-16,Historical_Mean,20D,2,0.0153973521753423,0.0057305599386209055,Low
2017-05-17,Historical_Mean,20D,2,0.0315007105496168,0.0057319734189889004,Low
2017-05-18,Historical_Mean,20D,2,0.0281042710724604,0.005735740778218524,Low
2017-05-19,Historical_Mean,20D,2,0.029672151071154,0.005739010553148248,Low
2017-05-22,Historical_Mean,20D,2,0.017806127328214,0.005742508527500485,Low
2017-05-23,Historical_Mean,20D,2,0.0153871279625619,0.005744271441251868,Low
2017-05-24,Historical_Mean,20D,2,0.0124452081855474,0.0057456803916494876,Low
2017-05-25,Historical_Mean,20D,2,0.0095727946989782,0.005746659139318428,Low
2017-05-26,Historical_Mean,20D,2,0.0095780448534083,0.005747218025611104,Low
2017-05-30,Historical_Mean,20D,2,0.0026778090072692,0.005747777515435522,Low
2017-05-31,Historical_Mean,20D,2,0.0119073852737716,0.005747329213959446,Low
2017-06-01,Historical_Mean,20D,2,-0.004272427155217,0.005748228623517019,Low
2017-06-02,Historical_Mean,20D,2,-0.0064412441623894,0.005746765754060269,Low
2017-06-05,Historical_Mean,20D,2,-0.0029146690428132,0.005744986742249374,Low
2017-06-06,Historical_Mean,20D,2,0.0013204636596794,0.005743722927919971,Low
2017-06-07,Historical_Mean,20D,2,-0.0096595524435342,0.0057430774793181556,Low
2017-06-08,Historical_Mean,20D,2,-0.0035440089095833,0.005740830232466266,Low
2017-06-09,Historical_Mean,20D,2,-0.0017863389398834,0.005739475770155244,Low
2017-06-12,Historical_Mean,20D,2,-0.0015900835262475,0.0057383780725604305,Low
2017-06-13,Historical_Mean,20D,2,0.0011876085783438,0.005737309316311516,Low
2017-06-14,Historical_Mean,20D,2,0.0040567650171345,0.005736645901214116,Low
2017-06-15,Historical_Mean,20D,2,0.0109614909839841,0.005736400984916685,Low
2017-06-16,Historical_Mean,20D,2,0.0106249775972177,0.005737162659843662,Low
2017-06-19,Historical_Mean,20D,2,0.0029100730884346,0.005737875065460536,Low
2017-06-20,Historical_Mean,20D,2,0.0149874917514198,0.005737462969573473,Low
2017-06-21,Historical_Mean,20D,2,0.0154166348560844,0.005738810780848695,Low
2017-06-22,Historical_Mean,20D,2,0.0155045814993135,0.005740220720253596,Low
2017-06-23,Historical_Mean,20D,2,0.0128805819484959,0.0057416430597698465,Low
2017-06-26,Historical_Mean,20D,2,0.0154837375286614,0.0057426828120111404,Low
2017-06-27,Historical_Mean,20D,2,0.0238719481104537,0.005744101343351849,Low
2017-06-28,Historical_Mean,20D,2,0.0141292848265089,0.005746740808518871,Low
2017-06-29,Historical_Mean,20D,2,0.0214244859925343,0.005747961152676389,Low
2017-06-30,Historical_Mean,20D,2,0.0191640175471008,0.005750243034021346,Low
2017-07-03,Historical_Mean,20D,2,0.0193019703428917,0.00575219526433907,Low
2017-07-05,Historical_Mean,20D,2,0.0183422737139506,0.005754167001108358,Low
2017-07-06,Historical_Mean,20D,2,0.0255692191858709,0.005755998531257179,Low
2017-07-07,Historical_Mean,20D,2,0.0210738280337947,0.005758880873511268,Low
2017-07-10,Historical_Mean,20D,2,0.0217923365745625,0.005761108502189127,Low
2017-07-11,Historical_Mean,20D,2,0.0201579714102593,0.00576343997805771,Low
2017-07-12,Historical_Mean,20D,2,0.0125152456697256,0.005765533119170433,Low
2017-07-13,Historical_Mean,20D,2,-0.003937802204489,0.005766514467316778,Low
2017-07-14,Historical_Mean,20D,2,-0.007325661246511,0.0057651037511266615,Low
2017-07-17,Historical_Mean,20D,2,0.0027209042362451,0.005763201023656074,Low
2017-07-18,Historical_Mean,20D,2,0.0016242932112507,0.005762758893618666,Low
2017-07-19,Historical_Mean,20D,2,-0.0023148694814704,0.005762157547253893,Low
2017-07-20,Historical_Mean,20D,2,-0.0177185408800548,0.005760984072456751,Low
2017-07-21,Historical_Mean,20D,2,-0.0191876552121979,0.005757573333794271,Low
2017-07-24,Historical_Mean,20D,2,-0.0169613785022229,0.005753950206917584,Low
2017-07-25,Historical_Mean,20D,2,-0.0099885907614958,0.005750651437136994,Low
2017-07-26,Historical_Mean,20D,2,-0.0137307849002542,0.0057483660818010525,Low
2017-07-27,Historical_Mean,20D,2,-0.0148342400099989,0.005745538098209,Low
2017-07-28,Historical_Mean,20D,2,-0.0118207526629454,0.005742550759247147,Low
2017-07-31,Historical_Mean,20D,2,-0.0106053883550895,0.00574000165860532,Low
2017-08-01,Historical_Mean,20D,2,-0.0122090423680181,0.005737629667600576,Low
2017-08-02,Historical_Mean,20D,2,-0.0080970379873045,0.0057350256815246,Low
2017-08-03,Historical_Mean,20D,2,-0.0002063225676454,0.005733018998851043,Low
2017-08-04,Historical_Mean,20D,2,-0.0001130659428496,0.005732157475560284,Low
2017-08-07,Historical_Mean,20D,3,-0.0093383691392749,0.005731309727421284,Low
2017-08-08,Historical_Mean,20D,3,-0.0037971744157455,0.005729124449163354,Low
2017-08-09,Historical_Mean,20D,3,-0.0036119516678868,0.005727743225607472,Low
2017-08-10,Historical_Mean,20D,3,0.0094783065893968,0.005726389254181916,Low
2017-08-11,Historical_Mean,20D,3,0.0189845246585567,0.005726933089134113,Low
2017-08-14,Historical_Mean,20D,3,0.0123491760073906,0.005728854479216638,Low
2017-08-15,Historical_Mean,20D,3,0.0136049425823564,0.005729813807071757,Low
2017-08-16,Historical_Mean,20D,3,0.0110845232081963,0.005730954799360265,Low
2017-08-17,Historical_Mean,20D,3,0.028487343241547,0.005731730341647508,Low
2017-08-18,Historical_Mean,20D,3,0.0317792588320284,0.005735026345833472,Low
2017-08-21,Historical_Mean,20D,3,0.0317268627341936,0.005738798139097222,Low
2017-08-22,Historical_Mean,20D,3,0.022469314175878,0.005742561252997469,Low
2017-08-23,Historical_Mean,20D,3,0.022878318361602,0.005744982963280208,Low
2017-08-24,Historical_Mean,20D,3,0.0256025191039075,0.005747463179753619,Low
2017-08-25,Historical_Mean,20D,3,0.0217065247351162,0.005750336975661008,Low
2017-08-28,Historical_Mean,20D,3,0.0212917353877149,0.005752646120054561,Low
2017-08-29,Historical_Mean,20D,3,0.024526091027693,0.0057548945774800655,Low
2017-08-30,Historical_Mean,20D,3,0.02112544986857,0.005757610317707238,Low
2017-08-31,Historical_Mean,20D,3,0.0191190393523553,0.005759833352504122,Low
2017-09-01,Historical_Mean,20D,3,0.0210049801397325,0.005761765548917175,Low
2017-09-05,Historical_Mean,20D,3,0.0307409498765382,0.005763969918344625,Low
2017-09-06,Historical_Mean,20D,3,0.0288630510445079,0.0057675813960713735,Low
2017-09-07,Historical_Mean,20D,3,0.0346724071206541,0.005770920339204008,Low
2017-09-08,Historical_Mean,20D,3,0.0350881560988721,0.005775098062069208,Low
2017-09-11,Historical_Mean,20D,3,0.0225011170337114,0.005779334665340895,Low
2017-09-12,Historical_Mean,20D,3,0.0214625340693062,0.005781751107879677,Low
2017-09-13,Historical_Mean,20D,3,0.0225075827508873,0.005784016789567501,Low
2017-09-14,Historical_Mean,20D,3,0.0219207294813639,0.00578643279158445,Low
2017-09-15,Historical_Mean,20D,3,0.0209529739400508,0.0057887633270011455,Low
2017-09-18,Historical_Mean,20D,3,0.021247334543227,0.005790953420966057,Low
2017-09-19,Historical_Mean,20D,3,0.0208101078319297,0.005793185389359163,Low
2017-09-20,Historical_Mean,20D,3,0.0209180206409498,0.0057953535849182974,Low
2017-09-21,Historical_Mean,20D,3,0.0242965307028752,0.005797536733042454,Low
2017-09-22,Historical_Mean,20D,3,0.0287527428927385,0.005800206911155883,Low
2017-09-25,Historical_Mean,20D,3,0.0269968702795951,0.0058035194434089615,Low
2017-09-26,Historical_Mean,20D,3,0.0285413070282584,0.005806577646992828,Low
2017-09-27,Historical_Mean,20D,3,0.0197905289390104,0.005809857798396848,Low
2017-09-28,Historical_Mean,20D,3,0.0198567775606747,0.005811874629201899,Low
2017-09-29,Historical_Mean,20D,3,0.0241991244719031,0.005813900433749926,Low
2017-10-02,Historical_Mean,20D,3,0.0171350282654499,0.005816551893807347,Low
2017-10-03,Historical_Mean,20D,3,0.0159225300174684,0.005818183974033972,Low
2017-10-04,Historical_Mean,20D,3,0.0162674304642586,0.005819640771329738,Low
2017-10-05,Historical_Mean,20D,3,0.0108264742026328,0.005821146867580701,Low
2017-10-06,Historical_Mean,20D,3,0.014992974694187,0.005821868304210141,Low
2017-10-09,Historical_Mean,20D,3,0.0180694824469768,0.0058231899797239,Low
2017-10-10,Historical_Mean,20D,3,0.0155606420114168,0.005824954575180276,Low
2017-10-11,Historical_Mean,20D,3,0.0152013730138137,0.005826357209877904,Low
2017-10-12,Historical_Mean,20D,3,0.013120568794795,0.005827707687521802,Low
2017-10-13,Historical_Mean,20D,3,0.011344799813895,0.00582875807800247,Low
2017-10-16,Historical_Mean,20D,3,0.0105787281928825,0.005829552438851533,Low
2017-10-17,Historical_Mean,20D,3,0.0075940947271664,0.005830236265453985,Low
2017-10-18,Historical_Mean,20D,3,0.0013110364737133,0.005830490204190195,Low
2017-10-19,Historical_Mean,20D,3,0.0091457451416753,0.005829839642259797,Low
2017-10-20,Historical_Mean,20D,3,0.0014125319777474,0.005830316888301739,Low
2017-10-23,Historical_Mean,20D,3,0.0066677971795348,0.00582968114432267,Low
2017-10-24,Historical_Mean,20D,3,0.0115710351847293,0.005829801736557952,Low
2017-10-25,Historical_Mean,20D,3,0.0154944481686596,0.005830627694470219,Low
2017-10-26,Historical_Mean,20D,3,0.0162782931962895,0.005832017772213917,Low
2017-10-27,Historical_Mean,20D,3,0.0078533516297591,0.005833520184902552,Low
2017-10-30,Historical_Mean,20D,3,0.0208512612032935,0.005833810640963072,Low
2017-10-31,Historical_Mean,20D,3,0.0195379543838234,0.005835969871813155,Low
2017-11-01,Historical_Mean,20D,3,0.0261046969387306,0.005837939679822357,Low
2017-11-02,Historical_Mean,20D,3,0.0238881662332583,0.0058408528258995325,Low
2017-11-03,Historical_Mean,20D,3,0.0197431663576575,0.005843446576029937,Low
2017-11-06,Historical_Mean,20D,3,0.0147263319469258,0.005845443949184359,Low
2017-11-07,Historical_Mean,20D,3,0.0148013405814775,0.005846719938839207,Low
2017-11-08,Historical_Mean,20D,3,0.0162867936595262,0.005848006337437489,Low
2017-11-09,Historical_Mean,20D,3,0.0255469770344146,0.0058495057323415525,Low
2017-11-10,Historical_Mean,20D,3,0.0296418661321643,0.005852334609449419,Low
2017-11-13,Historical_Mean,20D,3,0.0302064389429607,0.005855750682327465,Low
2017-11-14,Historical_Mean,20D,3,0.0320456505330924,0.0058592468328315045,Low
2017-11-15,Historical_Mean,20D,3,0.0335074815444534,0.005863006006489309,Low
2017-11-16,Historical_Mean,20D,3,0.0342791421716238,0.005866973923173386,Low
2017-11-17,Historical_Mean,20D,3,0.0422570377301188,0.005871051444448996,Low
2017-11-20,Historical_Mean,20D,3,0.0377466697982101,0.005876272564593302,Low
2017-11-21,Historical_Mean,20D,3,0.030398594844885,0.0058808450749568055,Low
2017-11-22,Historical_Mean,20D,3,0.0331328245608727,0.005884362181508221,Low
2017-11-24,Historical_Mean,20D,3,0.0306205686445271,0.005888270452073248,Low
2017-11-27,Historical_Mean,20D,3,0.0299459245312717,0.005891817318299041,Low
2017-11-28,Historical_Mean,20D,3,0.0209362206447204,0.005895266430316961,Low
2017-11-29,Historical_Mean,20D,3,0.0231378335304307,0.005897422839523327,Low
2017-11-30,Historical_Mean,20D,3,0.0097836145748712,0.005899894228670533,Low
2017-12-01,Historical_Mean,20D,3,0.0200792757290746,0.005900450874843129,Low
2017-12-04,Historical_Mean,20D,3,0.0275104195222974,0.005902482807324389,Low
2017-12-05,Historical_Mean,20D,3,0.0352773529035796,0.005905578943836064,Low
2017-12-06,Historical_Mean,20D,3,0.0424006109626952,0.005909786934374708,Low
2017-12-07,Historical_Mean,20D,3,0.0411335077198828,0.005915014097249414,Low
2017-12-08,Historical_Mean,20D,3,0.0369443892016631,0.0059200582813832775,Low
2017-12-11,Historical_Mean,20D,3,0.0326347012684465,0.005924501118404655,Low
2017-12-12,Historical_Mean,20D,3,0.0380960033152389,0.005928325602962222,Low
2017-12-13,Historical_Mean,20D,3,0.0452959986844834,0.0059329308538873865,Low
2017-12-14,Historical_Mean,20D,3,0.0458444531536434,0.005938565418420824,Low
2017-12-15,Historical_Mean,20D,3,0.0462811459500027,0.005944276866500862,Low
2017-12-18,Historical_Mean,20D,3,0.0393149698729314,0.005950049171750361,Low
2017-12-19,Historical_Mean,20D,3,0.04692611590304,0.005954823090866284,Low
2017-12-20,Historical_Mean,20D,3,0.0557887163588261,0.005960684506146995,Low
2017-12-21,Historical_Mean,20D,3,0.05597703431439,0.005967811960281265,Low
2017-12-22,Historical_Mean,20D,3,0.0558751734052716,0.00597496430901612,Low
2017-12-26,Historical_Mean,20D,3,0.0575365885041631,0.0059821000460526215,Low
2017-12-27,Historical_Mean,20D,3,0.0685175983000053,0.005989471291185322,Low
2017-12-28,Historical_Mean,20D,3,0.0599305430122226,0.0059984102657398355,Low
2017-12-29,Historical_Mean,20D,3,0.0541685324996338,0.006006119261272494,Low
2018-01-02,Historical_Mean,20D,3,0.0463883201399304,0.006013002556004288,Low
2018-01-03,Historical_Mean,20D,3,0.039361588543971,0.006018772106959408,Low
2018-01-04,Historical_Mean,20D,3,0.0139043651719451,0.006023536047013274,Low
2018-01-05,Historical_Mean,20D,3,-0.0349473216550215,0.006024661879745407,Low
2018-01-08,Historical_Mean,20D,3,-0.0193177120733813,0.006018809575283935,Low
2018-01-09,Historical_Mean,20D,3,-0.0256339338144322,0.006015191106039625,Low
2018-01-10,Historical_Mean,20D,3,-0.0627801402487133,0.006010671739350995,Low
2018-01-11,Historical_Mean,20D,3,-0.0549635208180707,0.006000850092864978,Low
2018-01-12,Historical_Mean,20D,3,-0.0478717815389788,0.005992147113434438,Low
2018-01-16,Historical_Mean,20D,3,-0.0417315462970986,0.005984458856418677,Low
2018-01-17,Historical_Mean,20D,3,-0.0377891126947037,0.005977649094016291,Low
2018-01-18,Historical_Mean,20D,3,-0.0241745534204547,0.005971403836911737,Low
2018-01-19,Historical_Mean,20D,3,-0.0281768017575231,0.005967102801491939,Low
2018-01-22,Historical_Mean,20D,3,-0.0420696832465737,0.005962232059044148,Low
2018-01-23,Historical_Mean,20D,3,-0.0497533526981069,0.005955381122614877,Low
2018-01-24,Historical_Mean,20D,3,-0.0482201426652969,0.005947436351676383,Low
2018-01-25,Historical_Mean,20D,3,-0.0329213038190088,0.005939712470453373,Low
2018-01-26,Historical_Mean,20D,3,-0.0330045033044656,0.005934171977683276,Low
2018-01-29,Historical_Mean,20D,3,-0.0390380784610701,0.005928621204300218,Low
2018-01-30,Historical_Mean,20D,3,-0.0392372417393891,0.005922212039581665,Low
2018-01-31,Historical_Mean,20D,3,-0.0531400734529603,0.005915776318649789,Low
2018-02-01,Historical_Mean,20D,3,-0.0474329896157383,0.005907361407026591,Low
2018-02-02,Historical_Mean,20D,3,-0.015024691488513,0.005899761983886149,Normal
2018-02-05,Historical_Mean,20D,3,0.0294532323818651,0.005896781292508314,High
2018-02-06,Historical_Mean,20D,3,0.0116786672072114,0.005900136434381175,High
2018-02-07,Historical_Mean,20D,3,0.0211459536398489,0.005900959352463322,High
2018-02-08,Historical_Mean,20D,3,0.0766345526268581,0.005903130076411405,High
2018-02-09,Historical_Mean,20D,3,0.0605341100893354,0.005913200039758564,High
2018-02-12,Historical_Mean,20D,3,0.0403315339968343,0.0059209752582709595,High
2018-02-13,Historical_Mean,20D,3,0.0319810421913682,0.005925872861279579,High
2018-02-14,Historical_Mean,20D,3,0.0178853659833746,0.005929580726560651,High
2018-02-15,Historical_Mean,20D,3,0.0075905021538308,0.005931281891224398,High
2018-02-16,Historical_Mean,20D,3,-0.0070889380374641,0.005931517944754432,High
2018-02-20,Historical_Mean,20D,3,0.0002502877310922,0.005929665817303192,High
2018-02-21,Historical_Mean,20D,3,0.0039162600887736,0.005928858054810486,High
2018-02-22,Historical_Mean,20D,3,-0.0225417043696586,0.005928571849183916,High
2018-02-23,Historical_Mean,20D,3,-0.0596327899265303,0.005924523750759511,High
2018-02-26,Historical_Mean,20D,3,-0.0445261878411224,0.005915203689105077,High
2018-02-27,Historical_Mean,20D,3,-0.0491651620449768,0.005908033626343141,High
2018-02-28,Historical_Mean,20D,3,-0.0409282748607833,0.005900206281875925,High
2018-03-01,Historical_Mean,20D,3,-0.0138385315120634,0.005893551673215608,High
2018-03-02,Historical_Mean,20D,3,-0.0414879993407579,0.005890748023999171,High
2018-03-05,Historical_Mean,20D,3,-0.0399236556355433,0.0058840171322013645,High
2018-03-06,Historical_Mean,20D,3,-0.0310589362210933,0.005877510360501401,High
2018-03-07,Historical_Mean,20D,3,-0.0237355229937258,0.00587226445131498,High
2018-03-08,Historical_Mean,20D,3,-0.0503527382596754,0.0058680599941373255,High
2018-03-09,Historical_Mean,20D,3,-0.0642512900332901,0.005860077486931048,Normal
2018-03-12,Historical_Mean,20D,3,-0.0463878936989777,0.005850124141172925,Normal
2018-03-13,Historical_Mean,20D,3,-0.0455446690571241,0.005842709234453244,Normal
2018-03-14,Historical_Mean,20D,3,-0.0315868005342784,0.0058354161066798155,Normal
2018-03-15,Historical_Mean,20D,3,-0.0336953639618884,0.005830105731109934,Normal
2018-03-16,Historical_Mean,20D,3,-0.0273210251075571,0.005824497690574605,Normal
2018-03-19,Historical_Mean,20D,3,-0.0024099129523171,0.0058197955310061375,Normal
2018-03-20,Historical_Mean,20D,3,-0.0030596012064829,0.005818628196469495,Normal
2018-03-21,Historical_Mean,20D,3,-0.0069564908766861,0.005817369051752016,Normal
2018-03-22,Historical_Mean,20D,3,0.0099552189078154,0.0058155576705937,High
2018-03-23,Historical_Mean,20D,3,0.0312012563307508,0.005816144606824697,High
2018-03-26,Historical_Mean,20D,3,-0.0090646723817597,0.005819743290085815,High
2018-03-27,Historical_Mean,20D,3,0.0101979874963856,0.0058176335217411165,High
2018-03-28,Historical_Mean,20D,3,0.0234990505832253,0.005818254320206911,High
2018-03-29,Historical_Mean,20D,3,0.0109362783607458,0.005820759746912737,High
2018-04-02,Historical_Mean,20D,3,0.0253057681553204,0.00582148452994105,High
2018-04-03,Historical_Mean,20D,3,0.0153156090106067,0.0058242447344495326,High
2018-04-04,Historical_Mean,20D,3,-0.0034164445372424,0.0058255891203243424,High
2018-04-05,Historical_Mean,20D,3,-0.0125120835239576,0.005824280235795584,High
2018-04-06,Historical_Mean,20D,3,0.0223817935614422,0.005821683752680353,High
2018-04-09,Historical_Mean,20D,3,0.0225027791488394,0.005824028380998173,High
2018-04-10,Historical_Mean,20D,3,0.0056485035407914,0.005826389472556474,High
2018-04-11,Historical_Mean,20D,3,0.0208248372481214,0.005826364294080641,High
2018-04-12,Historical_Mean,20D,3,0.021934950154313,0.00582848691974637,High
2018-04-13,Historical_Mean,20D,3,0.0265318892519808,0.005830766028736686,High
2018-04-16,Historical_Mean,20D,3,0.0193386519605443,0.005833694880352879,High
2018-04-17,Historical_Mean,20D,3,0.001867925302687,0.005835605328376671,High
2018-04-18,Historical_Mean,20D,3,0.0050892447426481,0.005835044128938809,High
2018-04-19,Historical_Mean,20D,3,0.0099755877498706,0.005834938655966628,High
2018-04-20,Historical_Mean,20D,3,0.0159130996836729,0.0058355241549900875,High
2018-04-23,Historical_Mean,20D,3,0.0232164741204219,0.005836948950059886,High
2018-04-24,Historical_Mean,20D,3,0.0335466735340219,0.00583940576730195,High
2018-04-25,Historical_Mean,20D,3,0.0349544445080969,0.005843321988894419,High
2018-04-26,Historical_Mean,20D,3,0.0225490373629974,0.005847436053693628,High
2018-04-27,Historical_Mean,20D,3,0.0190760290374474,0.0058497960369222985,High
2018-04-30,Historical_Mean,20D,3,0.0156656490745765,0.005851664676792393,Normal
2018-05-01,Historical_Mean,20D,3,0.0257357222554729,0.005853051028593182,Normal
2018-05-02,Historical_Mean,20D,3,0.0260643402134411,0.005855859315489635,Normal
2018-05-03,Historical_Mean,20D,3,0.0391113575077448,0.0058587132176076894,Normal
2018-05-04,Historical_Mean,20D,3,0.0308511423777621,0.005863408592401552,Normal
2018-05-07,Historical_Mean,20D,3,0.0281015080923478,0.005866936438481654,Normal
2018-05-08,Historical_Mean,20D,3,0.0368980853413935,0.005870075141425453,Normal
2018-05-09,Historical_Mean,20D,3,0.0265479937845404,0.005874454535949089,Normal
2018-05-10,Historical_Mean,20D,3,0.0203420110884432,0.005877372054894699,Normal
2018-05-11,Historical_Mean,20D,3,0.0197040088244222,0.00587941306505888,Normal
2018-05-14,Historical_Mean,20D,3,0.0205627765929996,0.005881363487711159,Normal
2018-05-15,Historical_Mean,20D,3,0.023394177095579,0.005883434500985992,Normal
2018-05-16,Historical_Mean,20D,3,0.0218103377705682,0.005885904281323735,Normal
2018-05-17,Historical_Mean,20D,3,0.0216489562436842,0.005888150005973184,Normal
2018-05-18,Historical_Mean,20D,3,0.022156230317348,0.005890372341878107,Normal
2018-05-21,Historical_Mean,20D,3,0.0107651078180232,0.0058926655687180154,Normal
2018-05-22,Historical_Mean,20D,3,0.0156164866350109,0.005893352408617833,Low
2018-05-23,Historical_Mean,20D,3,0.0060076125848917,0.0058947228292276135,Low
2018-05-24,Historical_Mean,20D,3,0.0098930787977484,0.005894738738155977,Low
2018-05-25,Historical_Mean,20D,3,-0.0015666411158363,0.005895302122693047,Low
2018-05-29,Historical_Mean,20D,3,0.0122670819016528,0.005894250848638592,Low
2018-05-30,Historical_Mean,20D,3,-0.0089903797634122,0.00589514855691483,Normal
2018-05-31,Historical_Mean,20D,3,0.0040726334990533,0.005893052003630277,Normal
2018-06-01,Historical_Mean,20D,3,-0.0059600503226695,0.005892795642764966,Normal
2018-06-04,Historical_Mean,20D,3,-0.0073663843867284,0.0058911266979655525,Low
2018-06-05,Historical_Mean,20D,3,-0.0130283599368378,0.00588926023153099,Low
2018-06-06,Historical_Mean,20D,3,-0.0129754038286118,0.005886597278241524,Normal
2018-06-07,Historical_Mean,20D,3,-0.0038154426060472,0.005883942527909806,Low
2018-06-08,Historical_Mean,20D,3,0.001847819271543,0.005882577570812429,Low
2018-06-11,Historical_Mean,20D,3,0.0042469315834245,0.005882009854715727,Low
2018-06-12,Historical_Mean,20D,3,-0.0046144220671957,0.005881779821194161,Low
2018-06-13,Historical_Mean,20D,3,0.0081308240543877,0.005880303354477549,Low
2018-06-14,Historical_Mean,20D,3,0.0067409790684926,0.00588061988340862,Low
2018-06-15,Historical_Mean,20D,3,0.0067299347630881,0.005880740873309489,Low
2018-06-18,Historical_Mean,20D,3,0.0128241502874182,0.005880860276274868,Low
2018-06-19,Historical_Mean,20D,3,0.0190138503155469,0.005881836417145266,Low
2018-06-20,Historical_Mean,20D,3,0.0133423332423849,0.00588368235668679,Low
2018-06-21,Historical_Mean,20D,3,0.0187591643143309,0.005884730656178806,Low
2018-06-22,Historical_Mean,20D,3,0.0187353234024283,0.005886539879570902,Low
2018-06-25,Historical_Mean,20D,3,0.0373245652562525,0.005888345244685819,Normal
2018-06-26,Historical_Mean,20D,3,0.0441828498209282,0.005892761684698683,Low
2018-06-27,Historical_Mean,20D,3,0.049787533385202,0.005898140261484219,Low
2018-06-28,Historical_Mean,20D,3,0.0370440187213252,0.005904304502091482,Low
2018-06-29,Historical_Mean,20D,3,0.0305151135182212,0.005908677443282218,Low
2018-07-02,Historical_Mean,20D,3,0.0323246899032308,0.005912132432902401,Low
2018-07-03,Historical_Mean,20D,3,0.0362434261161934,0.0059158404993730354,Low
2018-07-05,Historical_Mean,20D,3,0.0325739189528643,0.005920097600105324,Low
2018-07-06,Historical_Mean,20D,3,0.0287618334176322,0.005923838487312728,Low
2018-07-09,Historical_Mean,20D,3,0.0235095252830925,0.005927043370126414,Low
2018-07-10,Historical_Mean,20D,3,0.0228624777107563,0.005929510394388091,Low
2018-07-11,Historical_Mean,20D,3,0.0297195496893777,0.005931885950970073,Low
2018-07-12,Historical_Mean,20D,3,0.0195658434321655,0.005935222697181099,Low
2018-07-13,Historical_Mean,20D,3,0.0113478756323125,0.005937134425194421,Low
2018-07-16,Historical_Mean,20D,3,0.0083625025872308,0.005937893188510522,Low
2018-07-17,Historical_Mean,20D,3,0.0107656082602048,0.0059382331505686715,Low
2018-07-18,Historical_Mean,20D,3,0.0009762176020885,0.005938909917021726,Low
2018-07-19,Historical_Mean,20D,3,0.0128252590037763,0.005938214277504634,Low
2018-07-20,Historical_Mean,20D,3,0.0170917631503138,0.00593917952553915,Low
2018-07-23,Historical_Mean,20D,3,0.0176804757092106,0.005940742387594191,Low
2018-07-24,Historical_Mean,20D,3,0.0149773567777839,0.005942387299086641,Low
2018-07-25,Historical_Mean,20D,3,0.005518690653168,0.005943653055528039,Low
2018-07-26,Historical_Mean,20D,3,0.0068628994785001,0.005943593528647193,Low
2018-07-27,Historical_Mean,20D,3,0.0196264400516309,0.005943722282981906,Low
2018-07-30,Historical_Mean,20D,3,0.0330383707743287,0.005945638361649971,Low
2018-07-31,Historical_Mean,20D,3,0.0284347756326238,0.005949431799400276,Low
2018-08-01,Historical_Mean,20D,3,0.0351609111691065,0.0059525796845792235,Low
2018-08-02,Historical_Mean,20D,3,0.0258063895424396,0.005956668196825099,Low
2018-08-03,Historical_Mean,20D,3,0.0213074259443966,0.00595944632437522,Low
2018-08-06,Historical_Mean,20D,3,0.0161197512447158,0.005961594096502287,Low
2018-08-07,Historical_Mean,20D,3,0.0104924866969639,0.005963015414138808,Low
2018-08-08,Historical_Mean,20D,3,0.0070959100536409,0.005963649083876192,Low
2018-08-09,Historical_Mean,20D,3,0.0063228268356664,0.005963807464204877,Low
2018-08-10,Historical_Mean,20D,3,0.015358167313604,0.005963857676704381,Low
2018-08-13,Historical_Mean,20D,3,0.0231050706692999,0.005965171382429022,Low
2018-08-14,Historical_Mean,20D,3,0.0170927490027761,0.005967567900785687,Low
2018-08-15,Historical_Mean,20D,3,0.0299923097435463,0.005969123217590104,Low
2018-08-16,Historical_Mean,20D,3,0.0223795390916744,0.005972481225211848,Low
2018-08-17,Historical_Mean,20D,3,0.0134766417248621,0.0059747743150604105,Low
2018-08-20,Historical_Mean,20D,3,0.0164062196903592,0.005975822647565973,Low
2018-08-21,Historical_Mean,20D,3,0.0155923077689042,0.0059772800175593764,Low
2018-08-22,Historical_Mean,20D,3,0.0238005530084767,0.005978623273741459,Low
2018-08-23,Historical_Mean,20D,3,0.0251246459950049,0.005981112717760839,Low
2018-08-24,Historical_Mean,20D,3,0.0154230577527057,0.005983786395592856,Low
2018-08-27,Historical_Mean,20D,3,0.0064759678524773,0.005985104545482133,Low
2018-08-28,Historical_Mean,20D,3,0.0029120260937189,0.005985173082665462,Low
2018-08-29,Historical_Mean,20D,3,-1.374014668132074e-05,0.005984744051953616,Low
2018-08-30,Historical_Mean,20D,3,0.0044195617536386,0.00598390674260149,Low
2018-08-31,Historical_Mean,20D,3,0.0079195856285321,0.005983688411130594,Low
2018-09-04,Historical_Mean,20D,3,0.0091785087671323,0.005983958561453982,Low
2018-09-05,Historical_Mean,20D,4,0.0126968383051167,0.005984404291913814,Low
2018-09-06,Historical_Mean,20D,4,0.0081527939207249,0.005985340736391102,Low
2018-09-07,Historical_Mean,20D,4,0.0048252772311172,0.005985643073283881,Low
2018-09-10,Historical_Mean,20D,4,0.0025340543080742,0.005985481237043691,Low
2018-09-11,Historical_Mean,20D,4,-0.0026177212157953,0.005984999933609167,Low
2018-09-12,Historical_Mean,20D,4,-0.0363907186082911,0.00598380044655543,Low
2018-09-13,Historical_Mean,20D,4,-0.0624466507402238,0.005977892943550433,Low
2018-09-14,Historical_Mean,20D,4,-0.0486158592326138,0.005968355092465436,Low
2018-09-17,Historical_Mean,20D,4,-0.0489530505323646,0.005960747536461941,Low
2018-09-18,Historical_Mean,20D,4,-0.0330398753650887,0.005953095111981893,Low
2018-09-19,Historical_Mean,20D,4,-0.0345450576609258,0.005947662066074539,Low
2018-09-20,Historical_Mean,20D,4,-0.056851562421596,0.005942020840144336,Low
2018-09-21,Historical_Mean,20D,4,-0.0568441966198684,0.005933273997511415,Low
2018-09-24,Historical_Mean,20D,4,-0.0576311114023323,0.005924530617202587,Low
2018-09-25,Historical_Mean,20D,4,-0.0618522390899085,0.005915680089139708,Low
2018-09-26,Historical_Mean,20D,4,-0.0899083132698894,0.005906244288641373,Low
2018-09-27,Historical_Mean,20D,4,-0.0742140715196865,0.005892905216170465,Low
2018-09-28,Historical_Mean,20D,4,-0.0916863393855515,0.005881754467738413,Low
2018-10-01,Historical_Mean,20D,4,-0.101902040022944,0.005868175053145053,Low
2018-10-02,Historical_Mean,20D,4,-0.0859599481407874,0.005853177806404713,Low
2018-10-03,Historical_Mean,20D,4,-0.0758783361229346,0.005840402917585011,Low
2018-10-04,Historical_Mean,20D,4,-0.0571728018333954,0.00582903414476357,Low
2018-10-05,Historical_Mean,20D,4,-0.057966208304653,0.005820270500866205,Low
2018-10-08,Historical_Mean,20D,4,-0.0519863198991092,0.005811398946094923,Low
2018-10-09,Historical_Mean,20D,4,-0.0443276223205464,0.005803361438259405,Low
2018-10-10,Historical_Mean,20D,4,0.0100758452828294,0.005796391056757904,Normal
2018-10-11,Historical_Mean,20D,4,0.0283513562668796,0.005796986003821169,Normal
2018-10-12,Historical_Mean,20D,4,0.0050035349431308,0.005800121167883312,Normal
2018-10-15,Historical_Mean,20D,4,-0.0089721337510366,0.005800010454023027,Normal
2018-10-16,Historical_Mean,20D,4,-0.0317229806081116,0.005797957626868349,High
2018-10-17,Historical_Mean,20D,4,-0.0390664751638974,0.005792744213191126,High
2018-10-18,Historical_Mean,20D,4,-0.0140319518459142,0.005786512034894781,High
2018-10-19,Historical_Mean,20D,4,-0.0114498791731509,0.005783759088113171,High
2018-10-22,Historical_Mean,20D,4,-0.0239242433123945,0.005781365527243551,High
2018-10-23,Historical_Mean,20D,4,-0.0367151626882863,0.005777240321183332,High
2018-10-24,Historical_Mean,20D,4,-0.0023257195163782,0.005771340237455275,High
2018-10-25,Historical_Mean,20D,4,-0.0273558572069479,0.0057702161142074845,High
2018-10-26,Historical_Mean,20D,4,0.0055362566484217,0.005765617825295608,High
2018-10-29,Historical_Mean,20D,4,0.0153738493082283,0.005765585991683273,High
2018-10-30,Historical_Mean,20D,4,0.0225425776394646,0.005766919361557897,High
2018-10-31,Historical_Mean,20D,4,0.0095642043395,0.00576924705106503,High
2018-11-01,Historical_Mean,20D,4,0.0071992531875884,0.005769773543474635,High
2018-11-02,Historical_Mean,20D,4,0.0244179760378307,0.005769971834450375,High
2018-11-05,Historical_Mean,20D,4,-0.0140669464979195,0.0057725582428003585,High
2018-11-06,Historical_Mean,20D,4,-0.0218301221564725,0.005769806959380483,High
2018-11-07,Historical_Mean,20D,4,-0.0664135361735685,0.005765980014134247,High
2018-11-08,Historical_Mean,20D,4,-0.0621408639621609,0.005755973149280829,High
2018-11-09,Historical_Mean,20D,4,-0.053255687722094,0.005746561333767737,High
2018-11-12,Historical_Mean,20D,4,-0.0279526657262753,0.005738383613870875,High
2018-11-13,Historical_Mean,20D,4,-0.0266695972165164,0.005733714676878061,High
2018-11-14,Historical_Mean,20D,4,-0.0383446206667657,0.005729224817948673,High
2018-11-15,Historical_Mean,20D,4,-0.0698749382379844,0.005723118715775673,High
2018-11-16,Historical_Mean,20D,4,-0.0720093789216792,0.005712646620339496,High
2018-11-19,Historical_Mean,20D,4,-0.0707416768618947,0.005701881796857222,High
2018-11-20,Historical_Mean,20D,4,-0.0683214907894127,0.0056912955125948276,High
2018-11-21,Historical_Mean,20D,4,-0.0921632805987205,0.0056810472730071775,High
2018-11-23,Historical_Mean,20D,4,-0.1130734337651793,0.005667501055663729,High
2018-11-26,Historical_Mean,20D,4,-0.0800832319397408,0.005651064049182438,High
2018-11-27,Historical_Mean,20D,4,-0.0748133873355366,0.005639197710637259,High
2018-11-28,Historical_Mean,20D,4,-0.0987697925488818,0.005628063945754036,High
2018-11-29,Historical_Mean,20D,4,-0.0881276721412815,0.005613618414206417,High
2018-11-30,Historical_Mean,20D,4,-0.0949975267952728,0.0056006492262491,High
2018-12-03,Historical_Mean,20D,4,-0.1309478604085503,0.005586733307585174,High
2018-12-04,Historical_Mean,20D,4,-0.0642882325096478,0.005567848854789029,High
2018-12-06,Historical_Mean,20D,4,-0.0557788686002737,0.0055581882156845565,High
2018-12-07,Historical_Mean,20D,4,-0.0225339458074541,0.005549706874863766,High
2018-12-10,Historical_Mean,20D,4,-0.0202048776975481,0.005545824163308075,High
2018-12-11,Historical_Mean,20D,4,-0.0153402266477803,0.005542264486523328,High
2018-12-12,Historical_Mean,20D,4,-0.020891406202614,0.005539378171231786,High
2018-12-13,Historical_Mean,20D,4,-0.0259628504774484,0.005535725492352039,High
2018-12-14,Historical_Mean,20D,4,0.0039729806710124,0.005531373056816624,High
2018-12-17,Historical_Mean,20D,4,0.0271847860286772,0.00553115774977244,High
2018-12-18,Historical_Mean,20D,4,0.0346611198811239,0.005534148995563144,High
2018-12-19,Historical_Mean,20D,4,0.0632734918969165,0.0055381720578401555,High
2018-12-20,Historical_Mean,20D,4,0.0649128245530479,0.005546145448233619,High
2018-12-21,Historical_Mean,20D,4,0.0879164349710394,0.005554343001272119,High
2018-12-24,Historical_Mean,20D,4,0.1167777879603313,0.005565714268974697,High
2018-12-26,Historical_Mean,20D,4,0.0768274779900443,0.00558106657069907,High
2018-12-27,Historical_Mean,20D,4,0.0604234731725184,0.005590900443910849,High
2018-12-28,Historical_Mean,20D,4,0.0602085191476349,0.0055984677324464015,High
2018-12-31,Historical_Mean,20D,4,0.0671815031769881,0.00560600327148534,High
2019-01-02,Historical_Mean,20D,4,0.0744744589241297,0.005614498787476717,High
2019-01-03,Historical_Mean,20D,4,0.1004409973278518,0.005623998023252225,High
2019-01-04,Historical_Mean,20D,4,0.073434979384985,0.005637076230052859,High
2019-01-07,Historical_Mean,20D,4,0.0711463738271054,0.005646426375295575,High
2019-01-08,Historical_Mean,20D,4,0.0592708707730993,0.005655458359224396,High
2019-01-09,Historical_Mean,20D,4,0.0457800062380468,0.005662850529693702,High
2019-01-10,Historical_Mean,20D,4,0.0419477374295972,0.005668380879253717,High
2019-01-11,Historical_Mean,20D,4,0.0428028977778981,0.005673381479743082,High
2019-01-14,Historical_Mean,20D,4,0.0608821452679864,0.005678498557512949,High
2019-01-15,Historical_Mean,20D,4,0.0532369579819362,0.005686105508968161,High
2019-01-16,Historical_Mean,20D,4,0.0483622740691493,0.005692657017988961,High
2019-01-17,Historical_Mean,20D,4,0.0516195480278712,0.005698535185374436,High
2019-01-18,Historical_Mean,20D,4,0.0400202565146074,0.005704860393754945,High
2019-01-22,Historical_Mean,20D,4,0.0560542669033209,0.005709586381376603,High
2019-01-23,Historical_Mean,20D,4,0.0503211076580286,0.0057165190005616685,High
2019-01-24,Historical_Mean,20D,4,0.0553369662417615,0.005722660345550993,High
2019-01-25,Historical_Mean,20D,4,0.0481152029909952,0.00572949050880763,High
2019-01-28,Historical_Mean,20D,4,0.0552022091668639,0.005735324743147917,High
2019-01-29,Historical_Mean,20D,4,0.0561153196656806,0.005742132737150631,High
2019-01-30,Historical_Mean,20D,4,0.03785620217517,0.005749064509123732,High
2019-01-31,Historical_Mean,20D,4,0.0361672099541154,0.00575348211199468,High
2019-02-01,Historical_Mean,20D,4,0.0313808959740531,0.005757666143889317,Normal
2019-02-04,Historical_Mean,20D,4,0.0234953413668666,0.005761190659684388,Normal
2019-02-05,Historical_Mean,20D,4,0.0122524973253914,0.005763629684675061,Normal
2019-02-06,Historical_Mean,20D,4,0.006320501904569,0.005764521993206513,Normal
2019-02-07,Historical_Mean,20D,4,0.0135877309753457,0.005764598437577661,Normal
2019-02-08,Historical_Mean,20D,4,0.0274712939728225,0.005765673930090414,Normal
2019-02-11,Historical_Mean,20D,4,0.0297114078968091,0.005768657520474295,Normal
2019-02-12,Historical_Mean,20D,4,0.0238291017509899,0.005771948167859718,Normal
2019-02-13,Historical_Mean,20D,4,0.0199412708256828,0.005774429568654432,Normal
2019-02-14,Historical_Mean,20D,4,0.027568953617812,0.00577637609809343,Normal
2019-02-15,Historical_Mean,20D,4,0.0204480457517624,0.005779369995266079,Normal
2019-02-19,Historical_Mean,20D,4,0.0188198543452436,0.00578138492325461,Normal
2019-02-20,Historical_Mean,20D,4,0.0140956240437331,0.005783175675819091,Low
2019-02-21,Historical_Mean,20D,4,0.0284223088642638,0.005784317182049236,Low
2019-02-22,Historical_Mean,20D,4,0.0028748430352802,0.005787425515384704,Normal
2019-02-25,Historical_Mean,20D,4,0.0008043657522184,0.0057870256550771665,Low
2019-02-26,Historical_Mean,20D,4,0.0087521883729928,0.005786341693525641,Low
2019-02-27,Historical_Mean,20D,4,0.0046412425326918,0.005786748754557684,Low
2019-02-28,Historical_Mean,20D,4,0.011053804846904,0.005786591555954437,Low
2019-03-01,Historical_Mean,20D,4,0.0108938543015157,0.005787314280061318,Low
2019-03-04,Historical_Mean,20D,4,0.0262841572148151,0.005788014861762711,Low
2019-03-05,Historical_Mean,20D,4,0.0274337862593803,0.0057908264039236235,Low
2019-03-06,Historical_Mean,20D,4,0.0361253322835944,0.005793794852676257,Low
2019-03-07,Historical_Mean,20D,4,0.0463667086649199,0.005797954416229593,Low
2019-03-08,Historical_Mean,20D,4,0.0531263904194727,0.005803517113918979,Low
2019-03-11,Historical_Mean,20D,4,0.0396137666065069,0.005810005031838577,Low
2019-03-12,Historical_Mean,20D,4,0.030578824443032,0.0058146388579625894,Low
2019-03-13,Historical_Mean,20D,4,0.0271251154405126,0.005818033071995631,Low
2019-03-14,Historical_Mean,20D,4,0.0280316371124515,0.0058209530503934,Low
2019-03-15,Historical_Mean,20D,4,0.0296466960935665,0.0058239964436603295,Low
2019-03-18,Historical_Mean,20D,4,0.0253180320503014,0.005827260274274099,Low
2019-03-19,Historical_Mean,20D,4,0.0259578304553682,0.005829930243010541,Low
2019-03-20,Historical_Mean,20D,4,0.0266301263753991,0.005832687111961693,Low
2019-03-21,Historical_Mean,20D,4,0.0174139577049594,0.005835535295919983,Low
2019-03-22,Historical_Mean,20D,4,0.0375822906561655,0.005837120729633395,Normal
2019-03-25,Historical_Mean,20D,4,0.0472240146644707,0.005841467001529141,Normal
2019-03-26,Historical_Mean,20D,4,0.0378727931135006,0.005847131963563767,Normal
2019-03-27,Historical_Mean,20D,4,0.0421588946498267,0.005851515437578267,Normal
2019-03-28,Historical_Mean,20D,4,0.0432501902578701,0.005856484286519316,Normal
2019-03-29,Historical_Mean,20D,4,0.0376094327187791,0.005861601104523059,Normal
2019-04-01,Historical_Mean,20D,4,0.0270582018995264,0.005865944767351662,Normal
2019-04-02,Historical_Mean,20D,4,0.0195103004943767,0.005868843844934723,Normal
2019-04-03,Historical_Mean,20D,4,0.0152379834256046,0.0058707097260247846,Normal
2019-04-04,Historical_Mean,20D,4,0.0227476456615279,0.005871990808314115,Normal
2019-04-05,Historical_Mean,20D,4,0.0136409148493564,0.005874298432388121,Normal
2019-04-08,Historical_Mean,20D,4,-0.0040554849900728,0.005875360315956205,Low
2019-04-09,Historical_Mean,20D,4,0.0004237760561768,0.005874002715777663,Normal
2019-04-10,Historical_Mean,20D,4,-0.0060740603602514,0.005873257742204727,Normal
2019-04-11,Historical_Mean,20D,4,-0.0023987886306755,0.005871624925735894,Normal
2019-04-12,Historical_Mean,20D,4,-0.0334128361587187,0.005870494779035099,Normal
2019-04-15,Historical_Mean,20D,4,-0.0247992813911455,0.0058651274705315126,Normal
2019-04-16,Historical_Mean,20D,4,-0.0194865153885625,0.005860938343637841,Normal
2019-04-17,Historical_Mean,20D,4,-0.0083541574513246,0.005857476049725506,Normal
2019-04-18,Historical_Mean,20D,4,-0.015786441449618,0.005855535100053142,Low
2019-04-22,Historical_Mean,20D,4,-0.0235702052419562,0.005852579757085824,Low
2019-04-23,Historical_Mean,20D,4,-0.0239126073237608,0.005848562446190269,Low
2019-04-24,Historical_Mean,20D,4,-0.0245468310846241,0.0058444994878599004,Low
2019-04-25,Historical_Mean,20D,4,-0.0361634815856332,0.0058403510670883355,Low
2019-04-26,Historical_Mean,20D,4,-0.0394851881369008,0.005834618320718373,Low
2019-04-29,Historical_Mean,20D,4,-0.048967086641395,0.005828433849313129,Low
2019-04-30,Historical_Mean,20D,4,-0.0568539615074179,0.005820957314930443,Low
2019-05-01,Historical_Mean,20D,4,-0.0472272429821296,0.005812406848515389,Low
2019-05-02,Historical_Mean,20D,4,-0.0583842035838998,0.00580517186695344,Low
2019-05-03,Historical_Mean,20D,4,-0.0707454017171252,0.005796417178539522,Low
2019-05-06,Historical_Mean,20D,4,-0.0450584614469749,0.005785979183326694,Low
2019-05-07,Historical_Mean,20D,4,-0.0202802463792557,0.0057790464807591585,Low
2019-05-08,Historical_Mean,20D,4,-0.0125566903138314,0.005775493748262905,Low
2019-05-09,Historical_Mean,20D,4,0.0009122875953569,0.005772994813685194,Low
2019-05-10,Historical_Mean,20D,4,0.0018481136002037,0.005772332321219836,Low
2019-05-13,Historical_Mean,20D,4,0.02592464128075,0.005771797540799965,Normal
2019-05-14,Historical_Mean,20D,4,0.0159009959302964,0.005774543533951614,Normal
2019-05-15,Historical_Mean,20D,4,0.0141680121054237,0.00577592315961869,Normal
2019-05-16,Historical_Mean,20D,4,0.0036992432027717,0.00577706634024065,Normal
2019-05-17,Historical_Mean,20D,4,0.0104849958091685,0.0057767833351824276,Normal
2019-05-20,Historical_Mean,20D,4,0.0269277433775444,0.005777424518959357,Normal
2019-05-21,Historical_Mean,20D,4,0.0214485110773774,0.005780304464337704,Normal
2019-05-22,Historical_Mean,20D,4,0.0337045087771499,0.005782437644271407,Normal
2019-05-23,Historical_Mean,20D,4,0.0444301847387039,0.005786238634079857,Normal
2019-05-24,Historical_Mean,20D,4,0.0413441525060796,0.005791498460689986,Normal
2019-05-28,Historical_Mean,20D,4,0.0402133268659524,0.005796336873053267,Normal
2019-05-29,Historical_Mean,20D,4,0.0459145413543796,0.005801020093898675,Normal
2019-05-30,Historical_Mean,20D,4,0.0476341544719735,0.005806477715838876,Normal
2019-05-31,Historical_Mean,20D,4,0.0666583015630261,0.005812167782055191,Normal
2019-06-03,Historical_Mean,20D,4,0.077070390828288,0.005820443915594496,Normal
2019-06-04,Historical_Mean,20D,4,0.0587883110241991,0.0058301338308553,High
2019-06-05,Historical_Mean,20D,4,0.0583026797060695,0.005837335105969978,Normal
2019-06-06,Historical_Mean,20D,4,0.0503783048255164,0.00584446839551452,High
2019-06-07,Historical_Mean,20D,4,0.0350881525681326,0.005850522478770365,High
2019-06-10,Historical_Mean,20D,4,0.0316747255518209,0.005854496602746084,High
2019-06-11,Historical_Mean,20D,4,0.0365252139458551,0.0058580057395970055,Normal
2019-06-12,Historical_Mean,20D,4,0.0408474913520412,0.005862173046052538,Normal
2019-06-13,Historical_Mean,20D,4,0.0413680151512574,0.005866926486039764,Normal
2019-06-14,Historical_Mean,20D,4,0.0431566806657945,0.00587174934824126,Normal
2019-06-17,Historical_Mean,20D,4,0.0388157806784311,0.005876813859422673,Normal
2019-06-18,Historical_Mean,20D,4,0.0225926256193673,0.0058812874390531235,Normal
2019-06-19,Historical_Mean,20D,4,0.0231875065351626,0.005883556767974947,Normal
2019-06-20,Historical_Mean,20D,4,0.007564011734445,0.005885906251989502,Normal
2019-06-21,Historical_Mean,20D,4,0.0116487297004232,0.005886134069730807,Normal
2019-06-24,Historical_Mean,20D,4,0.0202062633002866,0.005886916287136901,Normal
2019-06-25,Historical_Mean,20D,4,0.0344252317541499,0.005888859738143029,Normal
2019-06-26,Historical_Mean,20D,4,0.0303836309493545,0.005892732227221059,Normal
2019-06-27,Historical_Mean,20D,4,0.0339282809275467,0.0058960552799649036,Normal
2019-06-28,Historical_Mean,20D,4,0.0265699171578897,0.005899858322380802,Normal
2019-07-01,Historical_Mean,20D,4,0.0163449131748912,0.005902662182776286,Low
2019-07-02,Historical_Mean,20D,4,0.0024758589457626,0.0059040784652925095,Low
2019-07-03,Historical_Mean,20D,4,-0.0142067642837275,0.005903613558929676,Low
2019-07-05,Historical_Mean,20D,4,-0.019708618618744,0.005900886728035757,Low
2019-07-08,Historical_Mean,20D,4,-0.045091627778315,0.0058974147235147725,Low
2019-07-09,Historical_Mean,20D,4,-0.0333943969256022,0.005890502829451898,Low
2019-07-10,Historical_Mean,20D,4,-0.037128361527826,0.005885178229322452,Low
2019-07-11,Historical_Mean,20D,4,-0.0208225186399096,0.005879349046539264,Low
2019-07-12,Historical_Mean,20D,4,-0.0320706460756331,0.005875730907286357,Low
2019-07-15,Historical_Mean,20D,4,-0.0446403089199326,0.005870589818411825,Low
2019-07-16,Historical_Mean,20D,4,-0.0262123780976204,0.005863747377509855,Low
2019-07-17,Historical_Mean,20D,4,-0.0493900650860629,0.00585940278513885,Low
2019-07-18,Historical_Mean,20D,4,-0.0505044260967017,0.005851920462837766,Low
2019-07-19,Historical_Mean,20D,4,-0.029985478459612,0.005844289271699034,Low
2019-07-22,Historical_Mean,20D,4,-0.0207770045814647,0.005839438233555071,Low
2019-07-23,Historical_Mean,20D,4,-0.0355473650328567,0.005835835087106578,Low
2019-07-24,Historical_Mean,20D,4,-0.0320115782889794,0.0058302336794021975,Low
2019-07-25,Historical_Mean,20D,4,-0.0272414847646585,0.005825112308178977,Low
2019-07-26,Historical_Mean,20D,4,-0.0608909016582793,0.0058206378024857645,Low
2019-07-29,Historical_Mean,20D,4,-0.048350366998424,0.005811611751956638,Low
2019-07-30,Historical_Mean,20D,4,-0.0489767034269359,0.0058042846444417056,Low
2019-07-31,Historical_Mean,20D,4,-0.0315073449442334,0.005796874798902496,Low
2019-08-01,Historical_Mean,20D,4,-0.0098603349343329,0.0057918295974224935,Low
2019-08-02,Historical_Mean,20D,4,-0.001908365634891,0.005789713009926652,Low
2019-08-05,Historical_Mean,20D,4,0.0213988072021183,0.005788672166410587,Normal
2019-08-06,Historical_Mean,20D,4,0.0192495085693729,0.00579078249965862,Normal
2019-08-07,Historical_Mean,20D,4,0.0314088391572737,0.005792601738110866,Normal
2019-08-08,Historical_Mean,20D,4,0.0137305674947856,0.005796063859670423,High
2019-08-09,Historical_Mean,20D,4,0.0202751459495427,0.005797136089891385,High
2019-08-12,Historical_Mean,20D,4,0.0329912074913891,0.005799092313355733,High
2019-08-13,Historical_Mean,20D,4,0.0251765335504746,0.00580276593064539,High
2019-08-14,Historical_Mean,20D,4,0.0577819022832436,0.005805382946398439,High
2019-08-15,Historical_Mean,20D,4,0.0545959887080972,0.005812403005736209,High
2019-08-16,Historical_Mean,20D,4,0.0371324176194961,0.0058189909308817,High
2019-08-19,Historical_Mean,20D,4,0.0276776674275607,0.005823219046826693,High
2019-08-20,Historical_Mean,20D,4,0.0359665160239432,0.0058261695596362965,High
2019-08-21,Historical_Mean,20D,4,0.0277735109885198,0.005830238180919274,High
2019-08-22,Historical_Mean,20D,4,0.023372114842918,0.0058331998859817115,High
2019-08-23,Historical_Mean,20D,4,0.0495640553479282,0.0058355668110771156,High
2019-08-26,Historical_Mean,20D,4,0.0301889536535789,0.005841467295294745,High
2019-08-27,Historical_Mean,20D,4,0.039536960696099,0.0058447521693312104,High
2019-08-28,Historical_Mean,20D,4,0.0305809381559232,0.005849297185994743,High
2019-08-29,Historical_Mean,20D,4,0.0126429211357002,0.00585263298866131,High
2019-08-30,Historical_Mean,20D,4,0.0170352505910719,0.005853548738917148,High
2019-09-03,Historical_Mean,20D,4,0.0116241329783445,0.0058550565196415485,High
2019-09-04,Historical_Mean,20D,4,-0.0172249964877206,0.005855834337689102,High
2019-09-05,Historical_Mean,20D,4,-0.0222106046356135,0.005852722874919432,High
2019-09-06,Historical_Mean,20D,4,-0.0090040102007312,0.00584894024552052,High
2019-09-09,Historical_Mean,20D,4,-0.0133983477955128,0.005846938500177359,High
2019-09-10,Historical_Mean,20D,4,-0.029403759773554,0.005844345145333579,High
2019-09-11,Historical_Mean,20D,4,-0.0275441355850953,0.0058395960069721016,High
2019-09-12,Historical_Mean,20D,4,-0.024023949451546,0.005835098670101286,Normal
2019-09-13,Historical_Mean,20D,4,-0.0124196929007909,0.005831076707800417,Normal
2019-09-16,Historical_Mean,20D,4,-0.0106672616576538,0.0058286186916915155,Normal
2019-09-17,Historical_Mean,20D,4,-0.0033392416536268,0.005826397323478569,Normal
2019-09-18,Historical_Mean,20D,4,-0.0056834194910877,0.005825163226403423,Normal
2019-09-19,Historical_Mean,20D,4,-0.002944372043242,0.005823613874933648,Normal
2019-09-20,Historical_Mean,20D,4,-0.0019638186481614,0.005822433637227608,Normal
2019-09-23,Historical_Mean,20D,4,0.0049812360749999,0.005821385689409923,Low
2019-09-24,Historical_Mean,20D,4,0.0098581757801744,0.005821272629308401,Low
2019-09-25,Historical_Mean,20D,4,0.0065615938840416,0.005821815807880907,Low
2019-09-26,Historical_Mean,20D,4,0.0109120695528261,0.005821915334058247,Low
2019-09-27,Historical_Mean,20D,4,0.0203070336426105,0.005822600046759183,Low
2019-09-30,Historical_Mean,20D,4,0.0208379433434799,0.005824548188466763,Low
2019-10-01,Historical_Mean,20D,4,0.032339318332412,0.005826567203414989,Low
2019-10-02,Historical_Mean,20D,4,0.053652811920913,0.00583013218272506,Normal
2019-10-03,Historical_Mean,20D,4,0.0426850685125073,0.0058365616906221,Low
2019-10-04,Historical_Mean,20D,5,0.0381842138328956,0.0058415151126979025,Normal
2019-10-07,Historical_Mean,20D,5,0.0463698119118897,0.00584586224962266,Normal
2019-10-08,Historical_Mean,20D,5,0.0608665687521789,0.005851308285056373,Normal
2019-10-09,Historical_Mean,20D,5,0.0525055228296226,0.0058587008220715745,Normal
2019-10-10,Historical_Mean,20D,5,0.0488366956621207,0.00586496802911276,Normal
2019-10-11,Historical_Mean,20D,5,0.0405145191334476,0.005870740695371896,Normal
2019-10-14,Historical_Mean,20D,5,0.0399382053933295,0.005875393989990845,Normal
2019-10-15,Historical_Mean,20D,5,0.0315951833181033,0.005879968635626533,Normal
2019-10-16,Historical_Mean,20D,5,0.0343080094414133,0.005883421732804253,Normal
2019-10-17,Historical_Mean,20D,5,0.0323856800860948,0.005887238138243109,Normal
2019-10-18,Historical_Mean,20D,5,0.0439787545738678,0.00589079545358045,Normal
2019-10-21,Historical_Mean,20D,5,0.0376336667913437,0.005895907931314717,Normal
2019-10-22,Historical_Mean,20D,5,0.0406159459500279,0.005900167461426116,Normal
2019-10-23,Historical_Mean,20D,5,0.034009586183256,0.005904826046837898,Normal
2019-10-24,Historical_Mean,20D,5,0.0305069754378953,0.005908596979366601,Normal
2019-10-25,Historical_Mean,20D,5,0.0286151198696154,0.005911897003307911,Normal
2019-10-28,Historical_Mean,20D,5,0.0305285518409648,0.005914942371901648,Normal
2019-10-29,Historical_Mean,20D,5,0.0335544674423856,0.005918243553429151,Normal
2019-10-30,Historical_Mean,20D,5,0.0344721136668282,0.005921949631461732,Normal
2019-10-31,Historical_Mean,20D,5,0.0334802660713781,0.005925777757505627,Normal
2019-11-01,Historical_Mean,20D,5,0.0151958518177669,0.005929471883838094,Low
2019-11-04,Historical_Mean,20D,5,0.0048383807544094,0.00593071402592039,Low
2019-11-05,Historical_Mean,20D,5,0.0123284410749999,0.005930567620174309,Low
2019-11-06,Historical_Mean,20D,5,0.0131253174093405,0.005931425014097496,Low
2019-11-07,Historical_Mean,20D,5,0.0194931881954859,0.005932388955192933,Low
2019-11-08,Historical_Mean,20D,5,0.0137679513658956,0.00593420578252952,Low
2019-11-11,Historical_Mean,20D,5,0.0146348106102488,0.005935255179124747,Low
2019-11-12,Historical_Mean,20D,5,0.0159753248383363,0.005936420402193474,Low
2019-11-13,Historical_Mean,20D,5,0.0238027106437753,0.0059377648383038455,Low
2019-11-14,Historical_Mean,20D,5,0.0230385971795332,0.005940157037795741,Low
2019-11-15,Historical_Mean,20D,5,0.0224949293441031,0.005942446292065621,Low
2019-11-18,Historical_Mean,20D,5,0.0223271390497544,0.005944662153250633,Low
2019-11-19,Historical_Mean,20D,5,0.0224875155089241,0.005946854962365412,Low
2019-11-20,Historical_Mean,20D,5,0.0307001507517295,0.00594906864819873,Low
2019-11-21,Historical_Mean,20D,5,0.0372167526422531,0.005952380715923008,Low
2019-11-22,Historical_Mean,20D,5,0.0359099474141755,0.005956563800205364,Low
2019-11-25,Historical_Mean,20D,5,0.0282352282242403,0.005960570941825962,Low
2019-11-26,Historical_Mean,20D,5,0.031157126989354,0.005963550430494022,Low
2019-11-27,Historical_Mean,20D,5,0.027025375503712,0.005966919907096785,Low
2019-11-29,Historical_Mean,20D,5,0.0252470656543512,0.005969735961602885,Low
2019-12-02,Historical_Mean,20D,5,0.0368572399925058,0.005972313489306154,Low
2019-12-03,Historical_Mean,20D,5,0.0518613606128676,0.005976442490175565,Low
2019-12-04,Historical_Mean,20D,5,0.038472793639143,0.0059825760175278835,Low
2019-12-05,Historical_Mean,20D,5,0.0405008119067856,0.005986918468426255,Low
2019-12-06,Historical_Mean,20D,5,0.0285993907917648,0.005991530775447285,Low
2019-12-09,Historical_Mean,20D,5,0.0366576979618803,0.0059945516012110895,Low
2019-12-10,Historical_Mean,20D,5,0.0443884482477709,0.005998648213951325,Low
2019-12-11,Historical_Mean,20D,5,0.0386252482309152,0.0060037764266194825,Low
2019-12-12,Historical_Mean,20D,5,0.0370385749012934,0.006008133508468593,Low
2019-12-13,Historical_Mean,20D,5,0.0354503149141827,0.006012277531090499,Low
2019-12-16,Historical_Mean,20D,5,0.0301964042153279,0.0060162083679689985,Low
2019-12-17,Historical_Mean,20D,5,0.0381929156090987,0.0060194366985227175,Low
2019-12-18,Historical_Mean,20D,5,0.0424800324971065,0.006023731649652151,Low
2019-12-19,Historical_Mean,20D,5,0.0353751533056569,0.0060285976801977255,Low
2019-12-20,Historical_Mean,20D,5,0.0307315917980038,0.006032514209708664,Low
2019-12-23,Historical_Mean,20D,5,0.0310061492770636,0.006035810056731388,Low
2019-12-24,Historical_Mean,20D,5,0.022118327153338,0.0060391416563605185,Low
2019-12-26,Historical_Mean,20D,5,0.00114751238644,0.006041286691779005,Low
2019-12-27,Historical_Mean,20D,5,0.0111169117471346,0.0060406339274325545,Low
2019-12-30,Historical_Mean,20D,5,0.0160472576828999,0.006041310945013203,Low
2019-12-31,Historical_Mean,20D,5,0.0162350239689205,0.00604264524915214,Low
2020-01-02,Historical_Mean,20D,5,-0.0099733149647593,0.006044004232981442,Low
2020-01-03,Historical_Mean,20D,5,0.0043400201614277,0.006041868875136122,Low
2020-01-06,Historical_Mean,20D,5,0.0156821908846612,0.0060416420224683395,Low
2020-01-07,Historical_Mean,20D,5,0.0296771446282289,0.006042926915026275,Low
2020-01-08,Historical_Mean,20D,5,0.0281068261995899,0.006046076464295092,Low
2020-01-09,Historical_Mean,20D,5,0.016058121073225,0.006049015937944033,Low
2020-01-10,Historical_Mean,20D,5,0.0262170736813031,0.006050349418510949,Low
2020-01-13,Historical_Mean,20D,5,0.020952128321372,0.006053035807782668,Low
2020-01-14,Historical_Mean,20D,5,0.0289096622634708,0.006055020236726939,Low
2020-01-15,Historical_Mean,20D,5,0.0254094356597943,0.006058063869970613,Low
2020-01-16,Historical_Mean,20D,5,0.0189195243360479,0.006060640617212933,Low
2020-01-17,Historical_Mean,20D,5,0.0121405871024149,0.006062352624098678,Low
2020-01-21,Historical_Mean,20D,5,0.0194908357562853,0.006063161760743821,Low
2020-01-22,Historical_Mean,20D,5,0.0153789840316069,0.0060649490193616235,Low
2020-01-23,Historical_Mean,20D,5,0.0036648486054288,0.006066188576855933,Low
2020-01-24,Historical_Mean,20D,5,-0.021339941388818,0.006065869037272244,Low
2020-01-27,Historical_Mean,20D,5,-0.0362320934073272,0.006062222708051104,Low
2020-01-28,Historical_Mean,20D,5,-0.0500211742312099,0.006056596219276941,Normal
2020-01-29,Historical_Mean,20D,5,-0.0943220604398864,0.006049137085138808,Low
2020-01-30,Historical_Mean,20D,5,-0.1057239804797507,0.006035788076291218,Low
2020-01-31,Historical_Mean,20D,5,-0.0428486681389744,0.006020926404940681,Normal
2020-02-03,Historical_Mean,20D,5,-0.0785875788231217,0.006014428652707744,Normal
2020-02-04,Historical_Mean,20D,5,-0.0521205453799945,0.006003181377052888,Normal
2020-02-05,Historical_Mean,20D,5,-0.0978191064789484,0.005995455240304643,Normal
2020-02-06,Historical_Mean,20D,5,-0.1183402051883365,0.00598165745166572,Normal
2020-02-07,Historical_Mean,20D,5,-0.1919351271192498,0.005965136273906251,Normal
2020-02-10,Historical_Mean,20D,5,-0.151019764813964,0.005938840730006017,Normal
2020-02-11,Historical_Mean,20D,5,-0.2028097063085716,0.005917987985812584,Normal
2020-02-12,Historical_Mean,20D,5,-0.3091964118162481,0.005890261140130546,Normal
2020-02-13,Historical_Mean,20D,5,-0.2187562285070234,0.005848411402721012,Normal
2020-02-14,Historical_Mean,20D,5,-0.3482502620783263,0.005818583429293423,Normal
2020-02-18,Historical_Mean,20D,5,-0.2870997354564867,0.005771568577944649,Normal
2020-02-19,Historical_Mean,20D,5,-0.3450167560728519,0.005732684974116393,Normal
2020-02-20,Historical_Mean,20D,5,-0.3364971776744535,0.005686123253547301,Normal
2020-02-21,Historical_Mean,20D,5,-0.3702509924950005,0.005640704710817277,Normal
2020-02-24,Historical_Mean,20D,5,-0.3658944140841366,0.005590818619615443,High
2020-02-25,Historical_Mean,20D,5,-0.2454632771908201,0.005541523870052843,High
2020-02-26,Historical_Mean,20D,5,-0.2302085894464678,0.005508220858103675,High
2020-02-27,Historical_Mean,20D,5,-0.1244966220199602,0.00547695038711607,High
2020-02-28,Historical_Mean,20D,5,-0.1504920044519335,0.005459710226298046,High
2020-03-02,Historical_Mean,20D,5,-0.1625362826513719,0.005439026975014461,High
2020-03-03,Historical_Mean,20D,5,-0.1501681085168731,0.005416752036726914,High
2020-03-04,Historical_Mean,20D,5,-0.2366508206102934,0.005396122911752956,High
2020-03-05,Historical_Mean,20D,5,-0.179567381113352,0.005364033962591873,High
2020-03-06,Historical_Mean,20D,5,-0.1776192982869101,0.005339520254336844,High
2020-03-09,Historical_Mean,20D,5,-0.0306406412017082,0.005315271239288301,High
2020-03-10,Historical_Mean,20D,5,-0.0804600326759297,0.005310506342330841,High
2020-03-11,Historical_Mean,20D,5,0.0031322313239605,0.005299141490201748,High
2020-03-12,Historical_Mean,20D,5,0.1174605540301331,0.005298854406183964,High
2020-03-13,Historical_Mean,20D,5,0.01849608763622,0.005313712228362258,High
2020-03-16,Historical_Mean,20D,5,0.176262844681345,0.0053154582383500544,High
2020-03-17,Historical_Mean,20D,5,0.095759799373284,0.0053380972777412605,High
2020-03-18,Historical_Mean,20D,5,0.1547819095449057,0.0053500704904128095,High
2020-03-19,Historical_Mean,20D,5,0.1765260805958252,0.00536985492561134,High
2020-03-20,Historical_Mean,20D,5,0.2028108590338443,0.005392512620298951,High
2020-03-23,Historical_Mean,20D,5,0.2013872448070904,0.005418643440472815,High
2020-03-24,Historical_Mean,20D,5,0.1343753128712639,0.005444578935624564,High
2020-03-25,Historical_Mean,20D,5,0.1223667547902461,0.005461640035788073,High
2020-03-26,Historical_Mean,20D,5,0.0756450142828389,0.005477107767298322,High
2020-03-27,Historical_Mean,20D,5,0.1245197280062011,0.005486390464284107,High
2020-03-30,Historical_Mean,20D,5,0.0862969672457426,0.005502135614752614,High
2020-03-31,Historical_Mean,20D,5,0.1286759820792315,0.005512821348336927,High
2020-04-01,Historical_Mean,20D,5,0.1645672014929636,0.005529108462953548,High
2020-04-02,Historical_Mean,20D,5,0.1135343334212274,0.0055501369031267615,High
2020-04-03,Historical_Mean,20D,5,0.1330280168260212,0.0055644129735284145,High
2020-04-06,Historical_Mean,20D,5,0.0740597078789705,0.005581262094989419,High
2020-04-07,Historical_Mean,20D,5,0.0686601665282903,0.005590312907279134,High
2020-04-08,Historical_Mean,20D,5,0.0466097510918963,0.005598647763050379,High
2020-04-09,Historical_Mean,20D,5,0.0489570758534234,0.005604066777760849,High
2020-04-13,Historical_Mean,20D,5,0.0592462046648912,0.005609794484072867,High
2020-04-14,Historical_Mean,20D,5,0.008418279320536,0.005616879875113927,High
2020-04-15,Historical_Mean,20D,5,0.0130780153686251,0.00561724989221146,High
2020-04-16,Historical_Mean,20D,5,0.0187370953331553,0.005618235201967986,High
2020-04-17,Historical_Mean,20D,5,-0.0037851614844422,0.0056199675220698206,High
2020-04-20,Historical_Mean,20D,5,0.0452728929009789,0.005618725756951453,High
2020-04-21,Historical_Mean,20D,5,0.0658882604257102,0.00562396063050182,High
2020-04-22,Historical_Mean,20D,5,0.0597309504569891,0.005631915263526531,High
2020-04-23,Historical_Mean,20D,5,0.052466549807231,0.005639055165228188,High
2020-04-24,Historical_Mean,20D,5,0.0409954049272041,0.005645234565418476,High
2020-04-27,Historical_Mean,20D,5,0.0386028217669288,0.005649898791617418,High
2020-04-28,Historical_Mean,20D,5,0.0585774394477266,0.005654246142933422,High
2020-04-29,Historical_Mean,20D,5,0.030230596077734,0.00566122717357645,High
2020-04-30,Historical_Mean,20D,5,0.0442865329490969,0.005664467660110894,High
2020-05-01,Historical_Mean,20D,5,0.0764909604422373,0.005669560903588276,High
2020-05-04,Historical_Mean,20D,5,0.0804274451457866,0.005678899168295376,High
2020-05-05,Historical_Mean,20D,5,0.0849841807605707,0.005688753953526423,High
2020-05-06,Historical_Mean,20D,5,0.0886136720760043,0.005699206817592736,High
2020-05-07,Historical_Mean,20D,5,0.1030487291427495,0.005710135309125412,High
2020-05-08,Historical_Mean,20D,5,0.0982875904833291,0.005722963273520986,High
2020-05-11,Historical_Mean,20D,5,0.0903247776968165,0.005735160483589482,High
2020-05-12,Historical_Mean,20D,5,0.105710887733682,0.005746305360692674,High
2020-05-13,Historical_Mean,20D,5,0.062575191361673,0.00575947418988158,High
2020-05-14,Historical_Mean,20D,5,0.0640925601628134,0.005766957819646041,High
2020-05-15,Historical_Mean,20D,5,0.0684517457772656,0.005774639316069479,High
2020-05-18,Historical_Mean,20D,5,0.0562213898739027,0.00578289281968565,High
2020-05-19,Historical_Mean,20D,5,0.0631543413528727,0.005789533833122676,High
2020-05-20,Historical_Mean,20D,5,0.047234394143259,0.005797085808836177,High
2020-05-21,Historical_Mean,20D,5,0.0493728488875387,0.005802540239313263,High
2020-05-22,Historical_Mean,20D,5,0.0534959964973848,0.005808274683726033,High
2020-05-26,Historical_Mean,20D,5,0.045579880667408,0.0058145502096917726,High
2020-05-27,Historical_Mean,20D,5,0.0046661675814313,0.005819782490015157,High
2020-05-28,Historical_Mean,20D,5,0.0176761346345691,0.005819630718549747,High
2020-05-29,Historical_Mean,20D,5,-0.01164986319257,0.005821190374418731,High
2020-06-01,Historical_Mean,20D,5,-0.0008151915574007,0.005818892458652983,High
2020-06-02,Historical_Mean,20D,5,0.0062998505959561,0.005818020012043823,High
2020-06-03,Historical_Mean,20D,5,-0.0022472562407371,0.005818083369122575,High
2020-06-04,Historical_Mean,20D,5,0.0056581033196887,0.005817022977377919,High
2020-06-05,Historical_Mean,20D,5,-0.0044589786697838,0.0058170020861385745,High
2020-06-08,Historical_Mean,20D,5,-0.0273061129452333,0.005815651405176966,High
2020-06-09,Historical_Mean,20D,5,-0.0116793832620811,0.0058112984331240795,High
2020-06-10,Historical_Mean,20D,5,-0.0120117190030936,0.005809000051823789,High
2020-06-11,Historical_Mean,20D,5,0.0591527837676382,0.005806658609299165,High
2020-06-12,Historical_Mean,20D,5,0.0367698519463675,0.005813666770775563,High
2020-06-15,Historical_Mean,20D,5,0.0418092917110964,0.0058177329976474386,High
2020-06-16,Historical_Mean,20D,5,0.0320654957807409,0.005822460021381803,High
2020-06-17,Historical_Mean,20D,5,0.0322603767992549,0.005825906250634509,High
2020-06-18,Historical_Mean,20D,5,0.0345108959830365,0.005829377163259066,High
2020-06-19,Historical_Mean,20D,5,0.0485482068038507,0.00583314262457189,High
2020-06-22,Historical_Mean,20D,5,0.0437517428417525,0.005838749747724854,High
2020-06-23,Historical_Mean,20D,5,0.0451842042447426,0.005843725859169141,High
2020-06-24,Historical_Mean,20D,5,0.058983091428158,0.005848888651608193,High
2020-06-25,Historical_Mean,20D,5,0.0418736236756638,0.00585586072912775,High
2020-06-26,Historical_Mean,20D,5,0.0737667567719773,0.005860586229383135,High
2020-06-29,Historical_Mean,20D,5,0.0526934332397973,0.0058694942932087405,High
2020-06-30,Historical_Mean,20D,5,0.0497528671557842,0.005875635943123035,High
2020-07-01,Historical_Mean,20D,5,0.0409860014164588,0.005881390334101745,High
2020-07-02,Historical_Mean,20D,5,0.0440962671818181,0.005885993613813567,High
2020-07-06,Historical_Mean,20D,5,0.0354946990140135,0.005891003483168229,High
2020-07-07,Historical_Mean,20D,5,0.0499775999097908,0.005894884408119834,High
2020-07-08,Historical_Mean,20D,5,0.0485897740818786,0.005900662716613958,High
2020-07-09,Historical_Mean,20D,5,0.0606564915787381,0.005906257619807308,High
2020-07-10,Historical_Mean,20D,5,0.0508775110742516,0.005913432332683593,High
2020-07-13,Historical_Mean,20D,5,0.0630226215637023,0.005919323852434847,High
2020-07-14,Historical_Mean,20D,5,0.041704265579421,0.005926804960480344,High
2020-07-15,Historical_Mean,20D,5,0.0465627109366796,0.0059314915547453335,High
2020-07-16,Historical_Mean,20D,5,0.0479253534746383,0.0059368132599689006,High
2020-07-17,Historical_Mean,20D,5,0.0449088934907757,0.005942312021128496,High
2020-07-20,Historical_Mean,20D,5,0.0392432737430587,0.005947414362554402,High
2020-07-21,Historical_Mean,20D,5,0.0398663848283156,0.00595177360049372,High
2020-07-22,Historical_Mean,20D,5,0.0297216308886598,0.005956213266841124,High
2020-07-23,Historical_Mean,20D,5,0.0452716640692526,0.005959323923597906,High
2020-07-24,Historical_Mean,20D,5,0.0549165040765014,0.005964468844438851,High
2020-07-27,Historical_Mean,20D,5,0.0575421906199225,0.005970874502019597,Normal
2020-07-28,Historical_Mean,20D,5,0.0676265257841089,0.005977622024735533,Normal
2020-07-29,Historical_Mean,20D,5,0.065418743777208,0.005985687030460203,Normal
2020-07-30,Historical_Mean,20D,5,0.0708476915724718,0.005993461138602354,Normal
2020-07-31,Historical_Mean,20D,5,0.0699164581798658,0.006001943250874637,Normal
2020-08-03,Historical_Mean,20D,5,0.0605637203399985,0.006010301367120091,Normal
2020-08-04,Historical_Mean,20D,5,0.0644551287345707,0.006017434397843533,Normal
2020-08-05,Historical_Mean,20D,5,0.0732950184429225,0.00602507431081735,Normal
2020-08-06,Historical_Mean,20D,5,0.0311302982800724,0.006033867767566645,Normal
2020-08-07,Historical_Mean,20D,5,0.0223311882558405,0.00603714791794078,Normal
2020-08-10,Historical_Mean,20D,5,-0.008556106104018,0.006039277301152737,Normal
2020-08-11,Historical_Mean,20D,5,0.0193897099595396,0.006037370155797299,Normal
2020-08-12,Historical_Mean,20D,5,-0.0122510382594692,0.006039114647540668,Normal
2020-08-13,Historical_Mean,20D,5,-0.0096688354252253,0.00603672533951885,Normal
2020-08-14,Historical_Mean,20D,5,0.0031643969960766,0.006034673933985315,Normal
2020-08-17,Historical_Mean,20D,5,0.0056640054191528,0.0060342990773916225,Normal
2020-08-18,Historical_Mean,20D,5,-0.0012663818928157,0.006034250723557954,Normal
2020-08-19,Historical_Mean,20D,5,-0.0053002080761863,0.006033297513920093,Normal
2020-08-20,Historical_Mean,20D,5,-0.0196994397923609,0.0060318179439997135,Low
2020-08-21,Historical_Mean,20D,5,-0.0347732038026311,0.006028459210448433,Low
2020-08-24,Historical_Mean,20D,5,-0.0343038027691586,0.006023134012978702,Low
2020-08-25,Historical_Mean,20D,5,-0.0619010414290728,0.006017871460873503,Low
2020-08-26,Historical_Mean,20D,5,-0.0690620372192853,0.0060090093897761715,Low
2020-08-27,Historical_Mean,20D,5,-0.0548832440269061,0.005999215385000039,Low
2020-08-28,Historical_Mean,20D,5,-0.0456110550226221,0.00599127350404362,Low
2020-08-31,Historical_Mean,20D,5,-0.0482379625515576,0.005984543058168223,Low
2020-09-01,Historical_Mean,20D,5,-0.0475149514038839,0.005977471787222771,Low
2020-09-02,Historical_Mean,20D,5,-0.0574850519834588,0.00597049663750428,Low
2020-09-03,Historical_Mean,20D,5,-0.0313512707076442,0.005962223423863999,High
2020-09-04,Historical_Mean,20D,5,-0.0053718809504681,0.005957359195714929,High
2020-09-08,Historical_Mean,20D,5,0.0087048837484754,0.005955882496008701,High
2020-09-09,Historical_Mean,20D,5,0.0060072868565365,0.0059562407654277635,High
2020-09-10,Historical_Mean,20D,5,0.0317267456768014,0.005956247417250947,High
2020-09-11,Historical_Mean,20D,5,0.0399489106994668,0.005959605136893885,High
2020-09-14,Historical_Mean,20D,5,0.0435701058327681,0.005964033133970823,High
2020-09-15,Historical_Mean,20D,5,0.0320374282731051,0.005968931671511372,High
2020-09-16,Historical_Mean,20D,5,0.0300219030811976,0.00597232689117816,High
2020-09-17,Historical_Mean,20D,5,0.0369409290955371,0.0059754587542059,High
2020-09-18,Historical_Mean,20D,5,0.048321416499996,0.005979490716489928,High
2020-09-21,Historical_Mean,20D,5,0.0434953170123512,0.005985003270295879,High
2020-09-22,Historical_Mean,20D,5,0.0377484959339762,0.005989886154146706,High
2020-09-23,Historical_Mean,20D,5,0.0595577208367801,0.005994019775099436,High
2020-09-24,Historical_Mean,20D,5,0.0617800692856423,0.006000990584711836,High
2020-09-25,Historical_Mean,20D,5,0.0493694683818433,0.006008248760209679,High
2020-09-28,Historical_Mean,20D,5,0.0146228035426671,0.0060138903448599046,High
2020-09-29,Historical_Mean,20D,5,0.0164168808966656,0.006015010276328332,High
2020-09-30,Historical_Mean,20D,5,-0.0277285037802916,0.006016363277189458,High
2020-10-01,Historical_Mean,20D,5,-0.0211309284045891,0.006011974557322443,High
2020-10-02,Historical_Mean,20D,5,-0.0237108289834782,0.006008444921046512,High
2020-10-05,Historical_Mean,20D,5,-0.0292809870957875,0.006004580758531297,High
2020-10-06,Historical_Mean,20D,5,0.0024338149758133,0.005999993451217943,High
2020-10-07,Historical_Mean,20D,5,0.0069941768606635,0.005999529889736673,High
2020-10-08,Historical_Mean,20D,5,0.0182892297424955,0.0059996591654022475,High
2020-10-09,Historical_Mean,20D,5,0.0092463779763688,0.006001256250597452,High
2020-10-12,Historical_Mean,20D,5,0.0045958225643888,0.006001677914023357,High
2020-10-13,Historical_Mean,20D,5,0.0095219389726844,0.00600149526424427,High
2020-10-14,Historical_Mean,20D,5,0.0237898394197352,0.0060019525835101105,High
2020-10-15,Historical_Mean,20D,5,0.0152901113868789,0.006004262998737572,High
2020-10-16,Historical_Mean,20D,5,0.0286737476365424,0.006005468953073694,High
2020-10-19,Historical_Mean,20D,5,0.0567191460743175,0.006008412503091025,High
2020-10-20,Historical_Mean,20D,5,0.0471995069696688,0.006014996602490041,High
2020-10-21,Historical_Mean,20D,5,0.0377664103337578,0.00602034315712683,High
2020-10-22,Historical_Mean,20D,5,0.0364997320209992,0.006024463882357441,High
2020-10-23,Historical_Mean,20D,5,0.0262441563276912,0.006028419141038641,High
2020-10-26,Historical_Mean,20D,5,0.0506287374948629,0.006031042517263226,High
2020-10-27,Historical_Mean,20D,5,0.0696914016593401,0.00603682916511292,High
2020-10-28,Historical_Mean,20D,5,0.1040312690124084,0.006045087412712068,High
2020-10-29,Historical_Mean,20D,5,0.0945488550983121,0.006057798034271245,High
2020-10-30,Historical_Mean,20D,5,0.1021464279066001,0.006069275473579162,High
2015-06-10,Historical_Mean,60D,1,-0.0760017568835913,0.016838318670933387,Low
2015-06-11,Historical_Mean,60D,1,-0.0931871823943958,0.01682370279002115,Low
2015-06-12,Historical_Mean,60D,1,-0.0613946705442546,0.016806386422134414,Low
2015-06-15,Historical_Mean,60D,1,-0.0707564166915679,0.016794079047729882,Low
2015-06-16,Historical_Mean,60D,1,-0.071166071762386,0.016780302415827557,Low
2015-06-17,Historical_Mean,60D,1,-0.0686667497124726,0.0167664656672155,Low
2015-06-18,Historical_Mean,60D,1,-0.0826187909895252,0.01675302643245387,Low
2015-06-19,Historical_Mean,60D,1,-0.0645514881201432,0.016737397017948998,Low
2015-06-22,Historical_Mean,60D,1,-0.0619601153863095,0.016724613736750993,Low
2015-06-23,Historical_Mean,60D,1,-0.0651601262540631,0.016712241923995796,Low
2015-06-24,Historical_Mean,60D,1,-0.0740758914901413,0.01669937093387191,Low
2015-06-25,Historical_Mean,60D,1,-0.0665424952998722,0.016685102580771622,Low
2015-06-26,Historical_Mean,60D,1,-0.078547269574328,0.01667202265025447,Low
2015-06-29,Historical_Mean,60D,1,-0.0595110442953105,0.0166570604736007,Normal
2015-06-30,Historical_Mean,60D,1,-0.0655346585190844,0.01664509376428901,Normal
2015-07-01,Historical_Mean,60D,1,-0.072912656754942,0.016632184598049084,Normal
2015-07-02,Historical_Mean,60D,1,-0.0986057977282045,0.016618120699611362,Normal
2015-07-06,Historical_Mean,60D,1,-0.0935044711163255,0.016600026491315534,Normal
2015-07-07,Historical_Mean,60D,1,-0.0806711331066291,0.01658273892692432,Normal
2015-07-08,Historical_Mean,60D,1,-0.0619062295161503,0.016567471443088597,Normal
2015-07-09,Historical_Mean,60D,1,-0.0499520841445647,0.01655515411441818,Normal
2015-07-10,Historical_Mean,60D,1,-0.0440904770110702,0.016544716694729074,Normal
2015-07-13,Historical_Mean,60D,1,-0.0586904348625687,0.016535202306888843,Normal
2015-07-14,Historical_Mean,60D,1,-0.055130188241516,0.016523400355654222,Normal
2015-07-15,Historical_Mean,60D,1,-0.0456151517962204,0.016512160577050745,Normal
2015-07-16,Historical_Mean,60D,1,-0.0528730366801808,0.01650241664474628,Normal
2015-07-17,Historical_Mean,60D,1,-0.0527039438272984,0.016491537633718377,Normal
2015-07-20,Historical_Mean,60D,1,-0.0603237041414271,0.016480688546001064,Normal
2015-07-21,Historical_Mean,60D,1,-0.0607803388106433,0.01646864835275958,Normal
2015-07-22,Historical_Mean,60D,1,-0.0436462224390979,0.016456540361041178,Normal
2015-07-23,Historical_Mean,60D,1,-0.0333939508540215,0.01644712134163981,Normal
2015-07-24,Historical_Mean,60D,1,-0.0223624212134872,0.016439311709518897,Normal
2015-07-27,Historical_Mean,60D,1,-0.0179927672043168,0.01643323279162402,Normal
2015-07-28,Historical_Mean,60D,1,-0.0361452899173403,0.016427840247765006,Normal
2015-07-29,Historical_Mean,60D,1,-0.0269465858321299,0.016419606398091535,Normal
2015-07-30,Historical_Mean,60D,1,-0.0160049987671093,0.016412815575631432,Normal
2015-07-31,Historical_Mean,60D,1,-0.0156458279671577,0.016407739982341508,Normal
2015-08-03,Historical_Mean,60D,1,-0.015442519887341,0.016402722204015036,Normal
2015-08-04,Historical_Mean,60D,1,-0.0014197922322646,0.01639773781802484,Normal
2015-08-05,Historical_Mean,60D,1,-0.004979505798416,0.016394949472164074,Low
2015-08-06,Historical_Mean,60D,1,-0.0020177915642793,0.01639160501037866,Low
2015-08-07,Historical_Mean,60D,1,0.012665107630873,0.016388724942078495,Low
2015-08-10,Historical_Mean,60D,1,0.0026626249239154,0.016388142489816456,Low
2015-08-11,Historical_Mean,60D,1,0.0087140226644506,0.01638599586523624,Low
2015-08-12,Historical_Mean,60D,1,0.0066316292697374,0.016384796182171223,Low
2015-08-13,Historical_Mean,60D,1,0.0075599733580951,0.01638327129678779,Low
2015-08-14,Historical_Mean,60D,1,-0.0062156495727666,0.01638189200994416,Low
2015-08-17,Historical_Mean,60D,1,-0.0099040861287198,0.016378360040331358,Low
2015-08-18,Historical_Mean,60D,1,-0.0105084105146556,0.016374252766355887,Low
2015-08-19,Historical_Mean,60D,1,-0.0163084374416912,0.016370052350218225,Low
2015-08-20,Historical_Mean,60D,1,-0.0062531174197004,0.016364947133878295,Normal
2015-08-21,Historical_Mean,60D,1,0.0409094278964122,0.016361414165344465,High
2015-08-24,Historical_Mean,60D,1,0.0797805952246848,0.016365247995382113,High
2015-08-25,Historical_Mean,60D,1,0.1094280748445129,0.016375150454349837,High
2015-08-26,Historical_Mean,60D,1,0.0700130350810018,0.016389678623653533,High
2015-08-27,Historical_Mean,60D,1,0.0498087358714612,0.016398049425473286,High
2015-08-28,Historical_Mean,60D,1,0.047964560872901,0.01640326414163467,High
2015-08-31,Historical_Mean,60D,1,0.0576128894818458,0.01640818943762894,High
2015-09-01,Historical_Mean,60D,1,0.0875063987093067,0.01641461863095773,High
2015-09-02,Historical_Mean,60D,1,0.0699721688455729,0.016425709392280406,High
2015-09-03,Historical_Mean,60D,1,0.0641562530065355,0.016434061671090777,High
2015-09-04,Historical_Mean,60D,1,0.090228500707551,0.016441504308541716,High
2015-09-08,Historical_Mean,60D,1,0.0543982708710637,0.016453010155477475,High
2015-09-09,Historical_Mean,60D,1,0.0539154801959983,0.016458926161201762,High
2015-09-10,Historical_Mean,60D,1,0.0689692611149139,0.016464765062843976,High
2015-09-11,Historical_Mean,60D,1,0.0574782107095299,0.0164729484319294,High
2015-09-14,Historical_Mean,60D,1,0.055065199306979,0.01647933853046105,High
2015-09-15,Historical_Mean,60D,1,0.0345464253098539,0.016485350662087183,High
2015-09-16,Historical_Mean,60D,1,0.0281275411730727,0.016488164351859385,High
2015-09-17,Historical_Mean,60D,1,0.0110780178598174,0.016489977338903186,High
2015-09-18,Historical_Mean,60D,1,0.0321185368782691,0.016489134485846175,High
2015-09-21,Historical_Mean,60D,1,0.0381257249505107,0.016491568214029362,High
2015-09-22,Historical_Mean,60D,1,0.0649312906206604,0.016494936446434228,High
2015-09-23,Historical_Mean,60D,1,0.0518272582143779,0.016502476352127603,High
2015-09-24,Historical_Mean,60D,1,0.0372384150785774,0.01650797437265091,High
2015-09-25,Historical_Mean,60D,1,0.0454526236069543,0.016511200398282085,High
2015-09-28,Historical_Mean,60D,1,0.0802319303613323,0.016515703498205636,High
2015-09-29,Historical_Mean,60D,1,0.0913414329759045,0.016525615792366048,High
2015-09-30,Historical_Mean,60D,1,0.0708456189684761,0.016537253032556366,High
2015-10-01,Historical_Mean,60D,1,0.0666927438338328,0.0165456991236817,High
2015-10-02,Historical_Mean,60D,1,0.0630526149904501,0.016553496829281165,High
2015-10-05,Historical_Mean,60D,1,0.0376846226881696,0.016560726169791297,High
2015-10-06,Historical_Mean,60D,1,0.0318228269908449,0.016564009847160856,High
2015-10-07,Historical_Mean,60D,1,0.0083972653354861,0.016566381438261835,High
2015-10-08,Historical_Mean,60D,1,0.0016276893302875,0.016565111956349982,High
2015-10-09,Historical_Mean,60D,1,-0.0122993222328538,0.016562791039223496,High
2015-10-12,Historical_Mean,60D,1,-0.0375598032295314,0.01655830725589709,High
2015-10-13,Historical_Mean,60D,1,-0.0416085169852523,0.01654990121201927,High
2015-10-14,Historical_Mean,60D,1,-0.0360281777774905,0.016540868999222674,High
2015-10-15,Historical_Mean,60D,1,-0.0429992150110709,0.01653270610376045,High
2015-10-16,Historical_Mean,60D,1,-0.0728416514626769,0.016523463451825218,High
2015-10-19,Historical_Mean,60D,1,-0.0565540994721662,0.016509591189342372,High
2015-10-20,Historical_Mean,60D,1,-0.0769677711144347,0.016498251178375195,Normal
2015-10-21,Historical_Mean,60D,1,-0.0705936420158716,0.016483746829788478,Normal
2015-10-22,Historical_Mean,60D,1,-0.0988472550543641,0.01647023598590242,High
2015-10-23,Historical_Mean,60D,1,-0.1046352203874588,0.01645234621068674,High
2015-10-26,Historical_Mean,60D,1,-0.0826395605041452,0.01643356420873263,Normal
2015-10-27,Historical_Mean,60D,1,-0.0958437198118788,0.016418199270036463,Normal
2015-10-28,Historical_Mean,60D,1,-0.0935689704696545,0.016400791622481505,Normal
2015-10-29,Historical_Mean,60D,1,-0.1040420173895221,0.016383742046963343,Normal
2015-10-30,Historical_Mean,60D,1,-0.0937071849835053,0.016365074280812904,Normal
2015-11-02,Historical_Mean,60D,1,-0.0810524103277635,0.01634801410423753,Normal
2015-11-03,Historical_Mean,60D,1,-0.0842200980983728,0.016332920283622005,Normal
2015-11-04,Historical_Mean,60D,1,-0.099589399876957,0.016317340330355503,Normal
2015-11-05,Historical_Mean,60D,1,-0.0934769900988847,0.0162993842125852,Normal
2015-11-06,Historical_Mean,60D,1,-0.0916037400263375,0.016282380437134227,Normal
2015-11-09,Historical_Mean,60D,1,-0.1003866076461869,0.01626567203997402,Normal
2015-11-10,Historical_Mean,60D,1,-0.1161511207226939,0.01624760881921122,Normal
2015-11-11,Historical_Mean,60D,1,-0.1135816540478851,0.016227110486722922,Normal
2015-11-12,Historical_Mean,60D,1,-0.0996814588420133,0.016207016250726854,Normal
2015-11-13,Historical_Mean,60D,1,-0.1007882657391141,0.01618907963486356,Normal
2015-11-16,Historical_Mean,60D,1,-0.0962515533263025,0.016170977291104047,Normal
2015-11-17,Historical_Mean,60D,1,-0.0785295385663709,0.016153582500663476,Normal
2015-11-18,Historical_Mean,60D,1,-0.0782166578179019,0.01613893474059741,Normal
2015-11-19,Historical_Mean,60D,1,-0.0817695496128573,0.016124339908028425,Normal
2015-11-20,Historical_Mean,60D,1,-0.0855985381748085,0.016109200116886935,Normal
2015-11-23,Historical_Mean,60D,1,-0.0700121832340483,0.01609347292680008,Normal
2015-11-24,Historical_Mean,60D,1,-0.0837660107497975,0.01608016036400465,Normal
2015-11-25,Historical_Mean,60D,1,-0.0792069101001984,0.01606472580362224,Normal
2015-11-27,Historical_Mean,60D,1,-0.0685159849292285,0.016050000666697383,Normal
2015-11-30,Historical_Mean,60D,1,-0.0657360501191747,0.01603693220964346,Normal
2015-12-01,Historical_Mean,60D,1,-0.0845141201574857,0.01602429732362232,Normal
2015-12-02,Historical_Mean,60D,1,-0.0498691421164181,0.01600876535738084,Normal
2015-12-03,Historical_Mean,60D,1,-0.0313053658111662,0.01599858959162956,Normal
2015-12-04,Historical_Mean,60D,1,-0.0481305878547005,0.01599128396145152,Normal
2015-12-07,Historical_Mean,60D,1,-0.0378161040283609,0.015981382498848656,Normal
2015-12-08,Historical_Mean,60D,1,-0.0304204286019025,0.01597307657225807,Normal
2015-12-09,Historical_Mean,60D,1,-0.033955098292216,0.015965914870317018,Normal
2015-12-10,Historical_Mean,60D,1,-0.0311642820879965,0.01595820982121028,Normal
2015-12-11,Historical_Mean,60D,1,-0.0113946215350586,0.01595093783171812,High
2015-12-14,Historical_Mean,60D,1,0.0001236359897248,0.015946718489121797,Normal
2015-12-15,Historical_Mean,60D,1,-0.0117007127328014,0.015944277408822597,Normal
2015-12-16,Historical_Mean,60D,1,-0.0279499793178908,0.01594001318081988,High
2015-12-17,Historical_Mean,60D,1,-0.0072104748002345,0.015933244212205024,Normal
2015-12-18,Historical_Mean,60D,1,0.0173206032754685,0.015929675404338806,High
2015-12-21,Historical_Mean,60D,1,0.0139682637993383,0.01592988985513608,High
2015-12-22,Historical_Mean,60D,1,0.0061752601120617,0.015929587461725292,High
2015-12-23,Historical_Mean,60D,1,-0.0070441093122642,0.015928084020395195,High
2015-12-24,Historical_Mean,60D,1,-0.011850703439068,0.015924543845740755,High
2015-12-28,Historical_Mean,60D,1,-0.0100479087621388,0.01592026414662137,High
2015-12-29,Historical_Mean,60D,1,-0.0200764660470894,0.01591626350374527,High
2015-12-30,Historical_Mean,60D,1,-0.0040550552090735,0.015910719337147793,High
2015-12-31,Historical_Mean,60D,1,0.0097423098259603,0.01590764436802008,High
2016-01-04,Historical_Mean,60D,1,0.0231225092641454,0.0159066949786542,High
2016-01-05,Historical_Mean,60D,1,0.0274232641913855,0.01590780595852879,High
2016-01-06,Historical_Mean,60D,1,0.0374119471481569,0.015909578658379907,High
2016-01-07,Historical_Mean,60D,1,0.0512014652557071,0.01591288824257104,High
2016-01-08,Historical_Mean,60D,1,0.0725518006335682,0.015918318925398543,High
2016-01-11,Historical_Mean,60D,1,0.0596508183677408,0.01592703310938195,High
2016-01-12,Historical_Mean,60D,1,0.0546610068545824,0.015933759845575546,High
2016-01-13,Historical_Mean,60D,1,0.0771998360428875,0.015939716967096697,High
2016-01-14,Historical_Mean,60D,1,0.0702575289898937,0.015949138701805372,High
2016-01-15,Historical_Mean,60D,1,0.1020833714566139,0.01595748998433468,High
2016-01-19,Historical_Mean,60D,1,0.1017246036993174,0.01597073197103091,High
2016-01-20,Historical_Mean,60D,1,0.1125026001490699,0.015983914733786988,High
2016-01-21,Historical_Mean,60D,1,0.1138403371269197,0.015998750068157614,High
2016-01-22,Historical_Mean,60D,1,0.0968393481475727,0.016013786427010967,High
2016-01-25,Historical_Mean,60D,1,0.1133621483696285,0.016026205843378598,High
2016-01-26,Historical_Mean,60D,1,0.0941093476819688,0.01604115989815295,High
2016-01-27,Historical_Mean,60D,1,0.1050801285620379,0.016053151939287177,High
2016-01-28,Historical_Mean,60D,1,0.0977530882236836,0.016066825257767096,High
2016-01-29,Historical_Mean,60D,1,0.075165437403364,0.01607936921706776,High
2016-02-01,Historical_Mean,60D,1,0.0772567663606524,0.01608844123736352,High
2016-02-02,Historical_Mean,60D,1,0.0869040990173222,0.016097831523688863,High
2016-02-03,Historical_Mean,60D,1,0.0768485297651908,0.016108699715169084,High
2016-02-04,Historical_Mean,60D,1,0.0831025681699116,0.01611802135882317,High
2016-02-05,Historical_Mean,60D,1,0.0930422270578675,0.016128299791662064,High
2016-02-08,Historical_Mean,60D,1,0.1013427022754523,0.01614010002597722,High
2016-02-09,Historical_Mean,60D,1,0.1017675062294184,0.01615316991434192,High
2016-02-10,Historical_Mean,60D,1,0.1051260849137318,0.01616630094751908,High
2016-02-11,Historical_Mean,60D,1,0.1182567455505979,0.016179942993825813,High
2016-02-12,Historical_Mean,60D,1,0.1113330955795893,0.01619559414417184,High
2016-02-16,Historical_Mean,60D,1,0.0853438349600355,0.016210179074638714,High
2016-02-17,Historical_Mean,60D,1,0.06882824506643,0.01622077589497676,High
2016-02-18,Historical_Mean,60D,1,0.064990443028612,0.016228838342359355,High
2016-02-19,Historical_Mean,60D,1,0.0747654527000267,0.01623631024010472,High
2016-02-22,Historical_Mean,60D,1,0.0509588580487877,0.01624527747504572,High
2016-02-23,Historical_Mean,60D,1,0.0636965933059777,0.01625059511912871,High
2016-02-24,Historical_Mean,60D,1,0.0555530387486249,0.01625786208163244,High
2016-02-25,Historical_Mean,60D,1,0.0502701312409788,0.01626387971971314,High
2016-02-26,Historical_Mean,60D,1,0.0500543600024416,0.01626908661781776,High
2016-02-29,Historical_Mean,60D,1,0.0717971286280036,0.01627425888869722,High
2016-03-01,Historical_Mean,60D,1,0.0551592728779684,0.016282757720740587,High
2016-03-02,Historical_Mean,60D,1,0.0508628569669381,0.01628870760062385,High
2016-03-03,Historical_Mean,60D,1,0.0516479175860607,0.016293998212615634,High
2016-03-04,Historical_Mean,60D,1,0.0473417090995288,0.01629940731900692,High
2016-03-07,Historical_Mean,60D,1,0.0475914849525912,0.01630415602663741,High
2016-03-08,Historical_Mean,60D,1,0.0617159371755837,0.01630894148532905,High
2016-03-09,Historical_Mean,60D,1,0.0537602021560745,0.01631588551280883,High
2016-03-10,Historical_Mean,60D,1,0.0584897378783156,0.016321610943488225,High
2016-03-11,Historical_Mean,60D,1,0.0435158079186617,0.016328057683579165,Normal
2016-03-14,Historical_Mean,60D,1,0.0480816785072284,0.01633221356102262,Normal
2016-03-15,Historical_Mean,60D,1,0.0482010738436525,0.016337065993384872,Normal
2016-03-16,Historical_Mean,60D,1,0.0333988135517065,0.016341935187738518,Normal
2016-03-17,Historical_Mean,60D,1,0.0186769316934008,0.01634454128068947,Normal
2016-03-18,Historical_Mean,60D,1,0.0124804593704028,0.016344897588421323,Normal
2016-03-21,Historical_Mean,60D,1,0.0096529584023002,0.016344307327505178,Normal
2016-03-22,Historical_Mean,60D,1,0.0136588244101182,0.0163432854354885,Normal
2016-03-23,Historical_Mean,60D,1,0.0168020497961763,0.016342875531529823,Normal
2016-03-24,Historical_Mean,60D,1,0.0229715743539761,0.01634294563447099,Normal
2016-03-28,Historical_Mean,60D,1,0.0251348580701135,0.016343957484374748,Normal
2016-03-29,Historical_Mean,60D,1,0.0147039170193004,0.016345299196918357,Normal
2016-03-30,Historical_Mean,60D,1,0.0236386040976892,0.016345048718942223,Low
2016-03-31,Historical_Mean,60D,1,-0.0109003463482725,0.01634616155925024,Low
2016-04-01,Historical_Mean,60D,1,-0.0354735519265749,0.016342004960027124,Low
2016-04-04,Historical_Mean,60D,1,-0.0146459502766325,0.01633410142786016,Low
2016-04-05,Historical_Mean,60D,1,0.0124395911064158,0.016329376698303276,Low
2016-04-06,Historical_Mean,60D,1,0.0154606563238687,0.01632878356234843,Low
2016-04-07,Historical_Mean,60D,1,0.0294554365869058,0.016328651205702833,Normal
2016-04-08,Historical_Mean,60D,1,0.0198017049966907,0.01633065224005972,Normal
2016-04-11,Historical_Mean,60D,1,0.0278839379445707,0.016331181283308713,Low
2016-04-12,Historical_Mean,60D,1,0.0173962261764476,0.016332941837508844,Low
2016-04-13,Historical_Mean,60D,1,0.022544342973882,0.016333103849445297,Low
2016-04-14,Historical_Mean,60D,1,0.0257742498557478,0.016334050107690946,Low
2016-04-15,Historical_Mean,60D,1,0.0337438617392394,0.016335488066525378,Low
2016-04-18,Historical_Mean,60D,1,0.0273588948004232,0.016338139357063408,Low
2016-04-19,Historical_Mean,60D,1,0.0295245796992537,0.016339817559506437,Low
2016-04-20,Historical_Mean,60D,1,0.0278339455901481,0.016341824983705545,Low
2016-04-21,Historical_Mean,60D,1,0.0354209702693087,0.01634357443120234,Low
2016-04-22,Historical_Mean,60D,1,0.0339369071893524,0.01634647814441971,Low
2016-04-25,Historical_Mean,60D,1,0.0400118051258796,0.01634915512342518,Low
2016-04-26,Historical_Mean,60D,1,0.0345217350951175,0.016352755648379905,Low
2016-04-27,Historical_Mean,60D,1,0.0374173677728813,0.01635551983207787,Low
2016-04-28,Historical_Mean,60D,1,0.0436749850945131,0.016358723642230108,Low
2016-04-29,Historical_Mean,60D,1,0.0490736664857897,0.016362878206709543,Low
2016-05-02,Historical_Mean,60D,1,0.0400947988417371,0.016367852475000156,Low
2016-05-03,Historical_Mean,60D,1,0.0504142186782251,0.016371460038686753,Low
2016-05-04,Historical_Mean,60D,1,0.0579987815013557,0.016376635283235175,Low
2016-05-05,Historical_Mean,60D,1,0.0569672240466586,0.016382961798848204,Low
2016-05-06,Historical_Mean,60D,1,0.0474156726804386,0.01638912961985851,Low
2016-05-09,Historical_Mean,60D,1,0.0497915020888998,0.016393844183459877,Low
2016-05-10,Historical_Mean,60D,1,0.0375976861523515,0.01639891827308392,Low
2016-05-11,Historical_Mean,60D,1,0.0557719063196005,0.016402138502140468,Low
2016-05-12,Historical_Mean,60D,1,0.0550338082960231,0.016408118114506424,Low
2016-05-13,Historical_Mean,60D,1,0.0639379604443315,0.016413983822962237,Low
2016-05-16,Historical_Mean,60D,1,0.0513201869912305,0.016421199731954245,Low
2016-05-17,Historical_Mean,60D,1,0.0654994656458371,0.01642649789306845,Low
2016-05-18,Historical_Mean,60D,1,0.0644979445725215,0.01643394673456098,Low
2016-05-19,Historical_Mean,60D,1,0.0710005553897639,0.01644124131611174,Low
2016-05-20,Historical_Mean,60D,1,0.0595049539504812,0.016449520422951443,Low
2016-05-23,Historical_Mean,60D,1,0.0634594365247384,0.01645605288138378,Low
2016-05-24,Historical_Mean,60D,1,0.0520680006871307,0.016463183249048125,Normal
2016-05-25,Historical_Mean,60D,1,0.0436761614667791,0.016468583646050715,Normal
2016-05-26,Historical_Mean,60D,1,0.0433231456333847,0.01647270975733684,Normal
2016-05-27,Historical_Mean,60D,1,0.0409953178723068,0.016476781089539427,Normal
2016-05-31,Historical_Mean,60D,1,0.0367470312332248,0.01648049827219297,Normal
2016-06-01,Historical_Mean,60D,1,0.0342464721826533,0.016483570355406707,Low
2016-06-02,Historical_Mean,60D,1,0.0298457117769537,0.016486262519975856,Low
2016-06-03,Historical_Mean,60D,1,0.0379762024423229,0.016488286985691415,Low
2016-06-06,Historical_Mean,60D,1,0.0311352825158365,0.01649154273045757,Low
2016-06-07,Historical_Mean,60D,1,0.0274679757810764,0.016493761142786823,Low
2016-06-08,Historical_Mean,60D,1,0.0241224884197101,0.01649542339886654,Low
2016-06-09,Historical_Mean,60D,1,0.0300339656166386,0.01649657848973748,Low
2016-06-10,Historical_Mean,60D,1,0.04222874039681,0.01649862836664949,Low
2016-06-13,Historical_Mean,60D,1,0.0502306432482259,0.016502523917297507,Low
2016-06-14,Historical_Mean,60D,1,0.0498056601277276,0.01650762959688136,Low
2016-06-15,Historical_Mean,60D,1,0.0268203267807013,0.016512669407768427,Low
2016-06-16,Historical_Mean,60D,1,0.0382626209030902,0.01651422928327886,Low
2016-06-17,Historical_Mean,60D,1,0.0265841567694881,0.016517520006780115,Low
2016-06-20,Historical_Mean,60D,1,0.0202049245912523,0.016519042947288846,Low
2016-06-21,Historical_Mean,60D,1,0.0275550504364826,0.01651960048497512,Low
2016-06-22,Historical_Mean,60D,1,0.0254285516374863,0.016521269488295073,Low
2016-06-23,Historical_Mean,60D,1,0.0121343813317065,0.01652261642344541,Low
2016-06-24,Historical_Mean,60D,1,0.0490142676215232,0.016521952946715483,Normal
2016-06-27,Historical_Mean,60D,1,0.0781345144668618,0.016526864861254383,Normal
2016-06-28,Historical_Mean,60D,1,0.066999144780416,0.01653617677927216,High
2016-06-29,Historical_Mean,60D,1,0.0443566088494433,0.01654380304011561,High
2016-06-30,Historical_Mean,60D,1,0.0222578955820611,0.016548005639965918,High
2016-07-01,Historical_Mean,60D,1,0.0267346844543272,0.016548868291415095,High
2016-07-05,Historical_Mean,60D,1,0.0388882900435684,0.016550406934340005,High
2016-07-06,Historical_Mean,60D,1,0.0241844752552112,0.016553780727288085,High
2016-07-07,Historical_Mean,60D,1,0.0329928257299719,0.01655493305204313,High
2016-07-08,Historical_Mean,60D,2,0.0145886159824522,0.016557414992655835,High
2016-07-11,Historical_Mean,60D,2,0.0062179148840921,0.016557117770583038,High
2016-07-12,Historical_Mean,60D,2,0.0035205588079433,0.016555557136185076,High
2016-07-13,Historical_Mean,60D,2,0.0038672439855662,0.016553589886211,High
2016-07-14,Historical_Mean,60D,2,-0.0046369662577448,0.016551675543989685,High
2016-07-15,Historical_Mean,60D,2,0.0008877431194504,0.01654847870605943,High
2016-07-18,Historical_Mean,60D,2,-0.014016296400174,0.016546116247832456,High
2016-07-19,Historical_Mean,60D,2,-0.0114341596933597,0.016541506532500933,High
2016-07-20,Historical_Mean,60D,2,-0.0187994444213578,0.016537287611338835,High
2016-07-21,Historical_Mean,60D,2,-0.0149787904057116,0.01653195939480797,High
2016-07-22,Historical_Mean,60D,2,-0.0225650353070622,0.016527208791792664,High
2016-07-25,Historical_Mean,60D,2,-0.0134075109614338,0.016521316080894435,Normal
2016-07-26,Historical_Mean,60D,2,-0.0115406709668027,0.016516805330775017,Normal
2016-07-27,Historical_Mean,60D,2,-0.0117180811513749,0.016512577260205764,Low
2016-07-28,Historical_Mean,60D,2,-0.013407146739622,0.016508323733249067,Low
2016-07-29,Historical_Mean,60D,2,-0.0102985322098524,0.016503817033870813,Low
2016-08-01,Historical_Mean,60D,2,-0.0128328955270677,0.016499779927492783,Low
2016-08-02,Historical_Mean,60D,2,-0.0081928826355873,0.01649536235588818,Low
2016-08-03,Historical_Mean,60D,2,-0.0143131212576673,0.016491644806574602,Low
2016-08-04,Historical_Mean,60D,2,-0.0176388106967816,0.01648700693152729,Low
2016-08-05,Historical_Mean,60D,2,-0.0263277918703602,0.016481869822144737,Low
2016-08-08,Historical_Mean,60D,2,-0.0322302336875536,0.016475426465478196,Low
2016-08-09,Historical_Mean,60D,2,-0.0391668361275638,0.016468096795026272,Low
2016-08-10,Historical_Mean,60D,2,-0.0407312520866849,0.01645972560439693,Low
2016-08-11,Historical_Mean,60D,2,-0.0471221874608214,0.016451121575859082,Low
2016-08-12,Historical_Mean,60D,2,-0.0243456243444424,0.01644155880374165,Low
2016-08-15,Historical_Mean,60D,2,-0.0233697622418066,0.016435424470285766,Low
2016-08-16,Historical_Mean,60D,2,-0.0068595001456724,0.016429438727923042,Low
2016-08-17,Historical_Mean,60D,2,-0.0067775004357326,0.016425937158403636,Low
2016-08-18,Historical_Mean,60D,2,-0.0103736304799127,0.01642244896874727,Low
2016-08-19,Historical_Mean,60D,2,-0.0090478303683277,0.016418421300109263,Low
2016-08-22,Historical_Mean,60D,2,-0.0010313934629152,0.016414594090661046,Low
2016-08-23,Historical_Mean,60D,2,-0.0045647771636528,0.016411972604927976,Low
2016-08-24,Historical_Mean,60D,2,0.0053547474572168,0.016408821049974764,Low
2016-08-25,Historical_Mean,60D,2,0.0043312564883138,0.016407160531183605,Low
2016-08-26,Historical_Mean,60D,2,0.0133450227979009,0.01640534678771066,Low
2016-08-29,Historical_Mean,60D,2,0.0102936854728195,0.016404887210598507,Low
2016-08-30,Historical_Mean,60D,2,0.0130569750368511,0.016403969612739985,Low
2016-08-31,Historical_Mean,60D,2,0.0193424117558375,0.016403467136448753,Low
2016-09-01,Historical_Mean,60D,2,0.0141154078905138,0.01640390828694701,Low
2016-09-02,Historical_Mean,60D,2,0.0112575686447411,0.016403564822982365,Low
2016-09-06,Historical_Mean,60D,2,0.0056233957195792,0.016402792614672302,Low
2016-09-07,Historical_Mean,60D,2,0.002248068691109,0.016401175300809576,Low
2016-09-08,Historical_Mean,60D,2,0.004870484603664,0.01639905212250029,Low
2016-09-09,Historical_Mean,60D,2,0.035502653941244,0.016397322923832395,Low
2016-09-12,Historical_Mean,60D,2,0.0243373511766841,0.016400188150439685,Normal
2016-09-13,Historical_Mean,60D,2,0.0523564581996184,0.016401378308338356,Normal
2016-09-14,Historical_Mean,60D,2,0.0551013226163023,0.0164067688750387,Normal
2016-09-15,Historical_Mean,60D,2,0.0509642246998321,0.016412569287831576,Normal
2016-09-16,Historical_Mean,60D,2,0.0536055702048048,0.016417747893259033,Normal
2016-09-19,Historical_Mean,60D,2,0.0601426566398665,0.01642332077237061,Normal
2016-09-20,Historical_Mean,60D,2,0.0516932676937737,0.016429871466986656,Normal
2016-09-21,Historical_Mean,60D,2,0.0447109750476914,0.016435154372788422,Normal
2016-09-22,Historical_Mean,60D,2,0.0364800663790691,0.016439389816268787,Normal
2016-09-23,Historical_Mean,60D,2,0.0442065320539991,0.016442391265506888,Normal
2016-09-26,Historical_Mean,60D,2,0.0564622945730681,0.01644654881878459,Normal
2016-09-27,Historical_Mean,60D,2,0.0475784136830922,0.016452540096783434,Normal
2016-09-28,Historical_Mean,60D,2,0.0404311258570532,0.016457199658697554,Normal
2016-09-29,Historical_Mean,60D,2,0.0510471861222136,0.016460788032623366,Normal
2016-09-30,Historical_Mean,60D,2,0.0453566424387347,0.016465964087410793,Normal
2016-10-03,Historical_Mean,60D,2,0.0402310249104903,0.01647028709778807,Normal
2016-10-04,Historical_Mean,60D,2,0.0449055589649839,0.016473841965803135,Normal
2016-10-05,Historical_Mean,60D,2,0.0359702380369326,0.01647809502743353,Normal
2016-10-06,Historical_Mean,60D,2,0.0439395609374851,0.01648101039432098,Normal
2016-10-07,Historical_Mean,60D,2,0.0529043121496487,0.016485116652814054,Normal
2016-10-10,Historical_Mean,60D,2,0.0475380142298433,0.016490562106686188,Normal
2016-10-11,Historical_Mean,60D,2,0.0635733811081783,0.01649520367524997,Low
2016-10-12,Historical_Mean,60D,2,0.0588725434302196,0.016502240772026194,Low
2016-10-13,Historical_Mean,60D,2,0.0619766198424537,0.016508573204048044,Low
2016-10-14,Historical_Mean,60D,2,0.0646006780724345,0.01651536759236819,Low
2016-10-17,Historical_Mean,60D,2,0.0654961837905452,0.016522552010488623,Low
2016-10-18,Historical_Mean,60D,2,0.0612028095799932,0.01652986805945487,Low
2016-10-19,Historical_Mean,60D,2,0.0560413229684243,0.01653654064220626,Low
2016-10-20,Historical_Mean,60D,2,0.0591801945696146,0.01654244040061818,Low
2016-10-21,Historical_Mean,60D,2,0.05564850208545,0.016548807095282805,Low
2016-10-24,Historical_Mean,60D,2,0.0542704914993225,0.016554644613197132,Low
2016-10-25,Historical_Mean,60D,2,0.0553816993179592,0.01656027468438479,Low
2016-10-26,Historical_Mean,60D,2,0.0636667677681089,0.016566068926867416,Low
2016-10-27,Historical_Mean,60D,2,0.0746520164700863,0.016573097832827906,Low
2016-10-28,Historical_Mean,60D,2,0.0770295016744483,0.016581763741308545,Low
2016-10-31,Historical_Mean,60D,2,0.0762849460689052,0.016590781753830275,Low
2016-11-01,Historical_Mean,60D,2,0.0770672916815436,0.01659968601461713,Low
2016-11-02,Historical_Mean,60D,2,0.0827238745269653,0.01660870430032435,Low
2016-11-03,Historical_Mean,60D,2,0.087455406537691,0.016618563407128206,Low
2016-11-04,Historical_Mean,60D,2,0.0896930736480749,0.01662912503574466,Low
2016-11-07,Historical_Mean,60D,2,0.0749513707731635,0.016640017097255145,Normal
2016-11-08,Historical_Mean,60D,2,0.069068894862297,0.016648708609205642,Low
2016-11-09,Historical_Mean,60D,2,0.0582795784464868,0.016656520857529503,Low
2016-11-10,Historical_Mean,60D,2,0.0570238148790011,0.016662723071445305,Low
2016-11-11,Historical_Mean,60D,2,0.0641588069627588,0.016668736344956563,Low
2016-11-14,Historical_Mean,60D,2,0.0678340232419513,0.01667581068885911,Low
2016-11-15,Historical_Mean,60D,2,0.0656132018038731,0.016683430321351382,Low
2016-11-16,Historical_Mean,60D,2,0.0711960455219217,0.016690716958951163,Low
2016-11-17,Historical_Mean,60D,2,0.0715104648264584,0.016698832701738976,Low
2016-11-18,Historical_Mean,60D,2,0.0730356245904566,0.016706992837532443,Low
2016-11-21,Historical_Mean,60D,2,0.0672790718468201,0.01671537756985649,Normal
2016-11-22,Historical_Mean,60D,2,0.071145830763296,0.01672290304898686,Normal
2016-11-23,Historical_Mean,60D,2,0.0692553464595832,0.016731001698944346,Low
2016-11-25,Historical_Mean,60D,2,0.0657674998174185,0.01673881665873614,Low
2016-11-28,Historical_Mean,60D,2,0.0725281393041854,0.016746110422966826,Normal
2016-11-29,Historical_Mean,60D,2,0.0722112022186572,0.01675440761601773,Low
2016-11-30,Historical_Mean,60D,2,0.0722864266586187,0.016762655205934836,Low
2016-12-01,Historical_Mean,60D,2,0.0893893607091078,0.01677091152882743,Low
2016-12-02,Historical_Mean,60D,2,0.0831153160169178,0.016781708205779598,Low
2016-12-05,Historical_Mean,60D,2,0.0778146394587091,0.016791569006702912,Low
2016-12-06,Historical_Mean,60D,2,0.0711269322262688,0.01680063902311968,Low
2016-12-07,Historical_Mean,60D,2,0.0551319475794554,0.01680871248027574,Low
2016-12-08,Historical_Mean,60D,2,0.0506881045985206,0.01681440686884917,Low
2016-12-09,Historical_Mean,60D,2,0.0455662616783172,0.01681943935996931,Low
2016-12-12,Historical_Mean,60D,2,0.0499676836747751,0.01682370953559592,Low
2016-12-13,Historical_Mean,60D,2,0.0438157660927078,0.016828632151686698,Low
2016-12-14,Historical_Mean,60D,2,0.0485813125736756,0.016832639745084532,Low
2016-12-15,Historical_Mean,60D,2,0.0530454840108083,0.016837353727687143,Low
2016-12-16,Historical_Mean,60D,2,0.0531696059626048,0.016842729043940574,Low
2016-12-19,Historical_Mean,60D,2,0.0498812539831622,0.016848121188354805,Low
2016-12-20,Historical_Mean,60D,2,0.0442384255016291,0.01685302370138461,Low
2016-12-21,Historical_Mean,60D,2,0.0342132166362046,0.016857087420304364,Low
2016-12-22,Historical_Mean,60D,2,0.0379660307060637,0.01685966251365984,Low
2016-12-23,Historical_Mean,60D,2,0.0356542660261545,0.016862793557747127,Low
2016-12-27,Historical_Mean,60D,2,0.0325640649076675,0.016865580782972345,Low
2016-12-28,Historical_Mean,60D,2,0.0399355980315933,0.01686790889866635,Low
2016-12-29,Historical_Mean,60D,2,0.0474542545930855,0.01687132937451643,Low
2016-12-30,Historical_Mean,60D,2,0.05318682549377,0.01687586353689131,Low
2017-01-03,Historical_Mean,60D,2,0.047666869652318,0.016881246128346523,Low
2017-01-04,Historical_Mean,60D,2,0.0397033119435019,0.016885808989399433,Low
2017-01-05,Historical_Mean,60D,2,0.0388308042379696,0.016889190362095654,Low
2017-01-06,Historical_Mean,60D,2,0.035879381132052,0.016892441453201873,Low
2017-01-09,Historical_Mean,60D,2,0.0363747497920893,0.016895254333154294,Low
2017-01-10,Historical_Mean,60D,2,0.0383024000858243,0.016898139756863217,Low
2017-01-11,Historical_Mean,60D,2,0.0346492852337775,0.01690130981911573,Low
2017-01-12,Historical_Mean,60D,2,0.0374838477632903,0.01690393798073496,Low
2017-01-13,Historical_Mean,60D,2,0.0342008080761853,0.016906985050587277,Low
2017-01-17,Historical_Mean,60D,2,0.0334056851134167,0.01690954520203444,Low
2017-01-18,Historical_Mean,60D,2,0.0248054643538033,0.01691198690421197,Low
2017-01-19,Historical_Mean,60D,2,0.0369977676692296,0.016913155096819576,Low
2017-01-20,Historical_Mean,60D,2,0.0307295807620965,0.016916127072636743,Low
2017-01-23,Historical_Mean,60D,2,0.0317055050112978,0.01691817078527019,Low
2017-01-24,Historical_Mean,60D,2,0.0326912148453094,0.016920358260747413,Low
2017-01-25,Historical_Mean,60D,2,0.0216574739422251,0.016922690882635382,Low
2017-01-26,Historical_Mean,60D,2,0.0331748654656,0.016923391087169483,Low
2017-01-27,Historical_Mean,60D,2,0.0401139191670928,0.016925794085007488,Low
2017-01-30,Historical_Mean,60D,2,0.0456557711875022,0.01692922225252406,Low
2017-01-31,Historical_Mean,60D,2,0.0470988397958337,0.016933468601221024,Low
2017-02-01,Historical_Mean,60D,2,0.0448855413362274,0.016937926977099626,Low
2017-02-02,Historical_Mean,60D,2,0.0460461863244302,0.016942056962966204,Low
2017-02-03,Historical_Mean,60D,2,0.039996033055688,0.016946357218486516,Low
2017-02-06,Historical_Mean,60D,2,0.0408414611735698,0.016949762400320936,Low
2017-02-07,Historical_Mean,60D,2,0.0411965909975935,0.016953291454792612,Low
2017-02-08,Historical_Mean,60D,2,0.0445838682564623,0.01695687191551375,Low
2017-02-09,Historical_Mean,60D,2,0.0388852497924102,0.016960951507412884,Low
2017-02-10,Historical_Mean,60D,2,0.0342997684136078,0.016964188521776537,Low
2017-02-13,Historical_Mean,60D,2,0.0301975975470459,0.016966747656688232,Low
2017-02-14,Historical_Mean,60D,2,0.0240331189772667,0.016968700549660976,Low
2017-02-15,Historical_Mean,60D,2,0.0175736949707379,0.01696974311436399,Low
2017-02-16,Historical_Mean,60D,2,0.0232033288753034,0.01696983223224157,Low
2017-02-17,Historical_Mean,60D,2,0.0208390465110801,0.01697075189831461,Low
2017-02-21,Historical_Mean,60D,2,-0.0035362716801041,0.01697132252740633,Low
2017-02-22,Historical_Mean,60D,2,0.0012265530939161,0.01696829780849667,Low
2017-02-23,Historical_Mean,60D,2,0.0075523573308573,0.016965976359637418,Low
2017-02-24,Historical_Mean,60D,2,0.0112069703948341,0.016964588329701,Low
2017-02-27,Historical_Mean,60D,2,0.0120256902994809,0.016963739499104676,Low
2017-02-28,Historical_Mean,60D,2,0.017093430219252,0.01696301160270143,Low
2017-03-01,Historical_Mean,60D,2,0.0079443311775048,0.016963030824310353,Low
2017-03-02,Historical_Mean,60D,2,0.0141319499349125,0.016961701808742003,Low
2017-03-03,Historical_Mean,60D,2,0.0124228488368438,0.01696128487167499,Low
2017-03-06,Historical_Mean,60D,2,0.0152453969804584,0.016960616274734087,Low
2017-03-07,Historical_Mean,60D,2,0.0257056184673955,0.016960363627909186,Low
2017-03-08,Historical_Mean,60D,2,0.0316933210495054,0.016961651588857565,Low
2017-03-09,Historical_Mean,60D,2,0.0296753382963105,0.016963820881960294,Low
2017-03-10,Historical_Mean,60D,2,0.0236290899242478,0.016965692424571358,Low
2017-03-13,Historical_Mean,60D,2,0.0248295531014258,0.01696667334574016,Low
2017-03-14,Historical_Mean,60D,2,0.0284814711179815,0.016967830672757485,Low
2017-03-15,Historical_Mean,60D,2,0.0193112581271077,0.01696952510107908,Low
2017-03-16,Historical_Mean,60D,2,0.0199600504465733,0.016969869676274195,Low
2017-03-17,Historical_Mean,60D,2,0.0257765885540348,0.016970309602825657,Low
2017-03-20,Historical_Mean,60D,2,0.0267921776690977,0.016971605024854376,Low
2017-03-21,Historical_Mean,60D,2,0.0370356624623593,0.016973049439127686,Low
2017-03-22,Historical_Mean,60D,2,0.0354311587649565,0.01697599982339581,Low
2017-03-23,Historical_Mean,60D,2,0.0448045741166804,0.016978713418299728,Low
2017-03-24,Historical_Mean,60D,2,0.0389297658836872,0.016982804253450914,Low
2017-03-27,Historical_Mean,60D,2,0.0393670592762612,0.016986030324541646,Low
2017-03-28,Historical_Mean,60D,2,0.0316858644741992,0.016989319717391694,Low
2017-03-29,Historical_Mean,60D,2,0.0321608268257779,0.016991479385981965,Low
2017-03-30,Historical_Mean,60D,2,0.0295457678538055,0.016993708205764478,Low
2017-03-31,Historical_Mean,60D,2,0.0236977752163994,0.01699555219866121,Low
2017-04-03,Historical_Mean,60D,2,0.0341107521709638,0.016996536661501655,Low
2017-04-04,Historical_Mean,60D,2,0.0249141692521613,0.016999050131248968,Low
2017-04-05,Historical_Mean,60D,2,0.0295057636745569,0.017000212410121347,Low
2017-04-06,Historical_Mean,60D,2,0.0298862813599694,0.017002048491646004,Low
2017-04-07,Historical_Mean,60D,2,0.032165977859203,0.01700393989400483,Low
2017-04-10,Historical_Mean,60D,2,0.0220655404165536,0.017006165350920317,Low
2017-04-11,Historical_Mean,60D,2,0.0298831612781277,0.017006907847994815,Low
2017-04-12,Historical_Mean,60D,2,0.0345775348006271,0.017008797246884047,Low
2017-04-13,Historical_Mean,60D,2,0.0406325680243491,0.017011374819881957,Low
2017-04-17,Historical_Mean,60D,2,0.0393351532810635,0.01701483986215927,Low
2017-04-18,Historical_Mean,60D,2,0.0441155856003699,0.01701811359542693,Low
2017-04-19,Historical_Mean,60D,2,0.0504960271672477,0.017022087414462705,Low
2017-04-20,Historical_Mean,60D,2,0.042914262567567,0.017026995616772497,Low
2017-04-21,Historical_Mean,60D,2,0.0465516293727935,0.017030790847230023,Low
2017-04-24,Historical_Mean,60D,2,0.0411281510007351,0.017035118146925946,Low
2017-04-25,Historical_Mean,60D,2,0.034902265700377,0.017038649296398874,Low
2017-04-26,Historical_Mean,60D,2,0.0350201478468554,0.01704126705964682,Low
2017-04-27,Historical_Mean,60D,2,0.0334030798511475,0.01704390132789403,Low
2017-04-28,Historical_Mean,60D,2,0.0382369668425355,0.017046297925978303,Low
2017-05-01,Historical_Mean,60D,2,0.036788799021761,0.0170494018763103,Low
2017-05-02,Historical_Mean,60D,2,0.0346272937985559,0.017052292824925628,Low
2017-05-03,Historical_Mean,60D,2,0.0345574475162673,0.017054866408316115,Low
2017-05-04,Historical_Mean,60D,2,0.0332471033938379,0.017057429011699415,Low
2017-05-05,Historical_Mean,60D,2,0.0316128647612978,0.017059799041619212,Low
2017-05-08,Historical_Mean,60D,2,0.0320679468967374,0.017061929174189423,Low
2017-05-09,Historical_Mean,60D,2,0.0309076796185849,0.01706412528391027,Low
2017-05-10,Historical_Mean,60D,2,0.0316650383186747,0.017066150972282333,Low
2017-05-11,Historical_Mean,60D,2,0.0354760343370618,0.017068286873869222,Low
2017-05-12,Historical_Mean,60D,2,0.0345382174474707,0.01707097963973569,Low
2017-05-15,Historical_Mean,60D,2,0.0294094003517431,0.017073534450004486,Low
2017-05-16,Historical_Mean,60D,2,0.0155163149879877,0.017075338466661656,Low
2017-05-17,Historical_Mean,60D,2,0.0351365402870899,0.0170751105059249,Low
2017-05-18,Historical_Mean,60D,2,0.0414501529059233,0.017077751065834427,Low
2017-05-19,Historical_Mean,60D,2,0.0342065173708394,0.01708131376161576,Low
2017-05-22,Historical_Mean,60D,2,0.0304787495981632,0.01708381671449638,Low
2017-05-23,Historical_Mean,60D,2,0.0130852219385914,0.017085774179480113,Low
2017-05-24,Historical_Mean,60D,2,0.0087621344726631,0.017085189645254382,Low
2017-05-25,Historical_Mean,60D,2,0.0054919981452512,0.017083973713161966,Low
2017-05-26,Historical_Mean,60D,2,0.0150731916205738,0.017082280465197035,Low
2017-05-30,Historical_Mean,60D,2,0.0128189722174686,0.01708198703904768,Low
2017-05-31,Historical_Mean,60D,2,0.0112024300902816,0.017081364519359953,Low
2017-06-01,Historical_Mean,60D,2,0.0053313061743717,0.017080506155448566,Low
2017-06-02,Historical_Mean,60D,2,0.0021173850296218,0.017078790943772498,Low
2017-06-05,Historical_Mean,60D,2,0.0041782589320601,0.017076607115730728,Low
2017-06-06,Historical_Mean,60D,2,0.0115656993863253,0.017074724694804914,Low
2017-06-07,Historical_Mean,60D,2,0.0157033441746913,0.01707392080960012,Low
2017-06-08,Historical_Mean,60D,2,0.0174167531813618,0.01707372084218913,Low
2017-06-09,Historical_Mean,60D,2,0.0106676284954042,0.017073770883376464,Low
2017-06-12,Historical_Mean,60D,2,0.0147707134682662,0.017072836498547413,Low
2017-06-13,Historical_Mean,60D,2,0.0100909025801826,0.01707250076527772,Low
2017-06-14,Historical_Mean,60D,2,0.0095972694020424,0.017071482742795206,Low
2017-06-15,Historical_Mean,60D,2,0.0226203543960299,0.017070393048475224,Low
2017-06-16,Historical_Mean,60D,2,0.0256950578408534,0.01707120208074163,Low
2017-06-19,Historical_Mean,60D,2,0.0181393088820419,0.017072459019345346,Low
2017-06-20,Historical_Mean,60D,2,0.0237571454781457,0.017072614491490886,Low
2017-06-21,Historical_Mean,60D,2,0.0261854372175766,0.017073588486971967,Low
2017-06-22,Historical_Mean,60D,2,0.0280961851191442,0.01707491597076139,Low
2017-06-23,Historical_Mean,60D,2,0.0276460661804665,0.017076521399624955,Low
2017-06-26,Historical_Mean,60D,2,0.0279644609430436,0.01707806080317591,Low
2017-06-27,Historical_Mean,60D,2,0.0330194815718015,0.017079646124297194,Low
2017-06-28,Historical_Mean,60D,2,0.0248975639204175,0.017081967008899336,Low
2017-06-29,Historical_Mean,60D,2,0.0313102580647049,0.017083104815990836,Low
2017-06-30,Historical_Mean,60D,2,0.0298503645797264,0.01708517572621627,Low
2017-07-03,Historical_Mean,60D,2,0.0316190190025666,0.017087033561881165,Low
2017-07-05,Historical_Mean,60D,2,0.031370685595216,0.017089148227981382,Low
2017-07-06,Historical_Mean,60D,2,0.0444819359705808,0.017091226146993054,Low
2017-07-07,Historical_Mean,60D,2,0.0419657422306776,0.017095210829830353,Low
2017-07-10,Historical_Mean,60D,2,0.0431949173118259,0.017098828361670478,Low
2017-07-11,Historical_Mean,60D,2,0.0452238480390217,0.01710262360439156,Low
2017-07-12,Historical_Mean,60D,2,0.0435757011224929,0.017106712774732493,Low
2017-07-13,Historical_Mean,60D,2,0.04062866048378,0.01711056113011891,Low
2017-07-14,Historical_Mean,60D,2,0.0341599804457572,0.01711397995543562,Low
2017-07-17,Historical_Mean,60D,2,0.036532614312942,0.017116457571785957,Low
2017-07-18,Historical_Mean,60D,2,0.0377368185444946,0.01711927927745972,Low
2017-07-19,Historical_Mean,60D,2,0.0306903832080897,0.017122275141927466,Low
2017-07-20,Historical_Mean,60D,2,0.031721776301543,0.01712424639110169,Low
2017-07-21,Historical_Mean,60D,2,0.0338389381630575,0.01712636689225079,Low
2017-07-24,Historical_Mean,60D,2,0.0355755920639004,0.01712879428096115,Low
2017-07-25,Historical_Mean,60D,2,0.033398744055332,0.017131473165332766,Low
2017-07-26,Historical_Mean,60D,2,0.0334440641642229,0.017133835191017386,Low
2017-07-27,Historical_Mean,60D,2,0.039521021986647,0.017136203110438585,Low
2017-07-28,Historical_Mean,60D,2,0.0368826423517659,0.017139452467221313,Low
2017-07-31,Historical_Mean,60D,2,0.0392276540608836,0.01714231795196508,Low
2017-08-01,Historical_Mean,60D,2,0.0321075775986853,0.017145522905688618,Low
2017-08-02,Historical_Mean,60D,2,0.0328851894419401,0.017147693836433393,Low
2017-08-03,Historical_Mean,60D,2,0.0431118412566128,0.017149976949099217,Low
2017-08-04,Historical_Mean,60D,2,0.0380269424623326,0.017153742812793374,Low
2017-08-07,Historical_Mean,60D,3,0.0373251107547317,0.017156770107883957,Low
2017-08-08,Historical_Mean,60D,3,0.041333307093021,0.01715969475124922,Low
2017-08-09,Historical_Mean,60D,3,0.0418869296554,0.017163199697217288,Low
2017-08-10,Historical_Mean,60D,3,0.0595594373824559,0.01716678388538171,Low
2017-08-11,Historical_Mean,60D,3,0.0595551241392451,0.01717292863875134,Low
2017-08-14,Historical_Mean,60D,3,0.0493723520881137,0.01717907098592533,Low
2017-08-15,Historical_Mean,60D,3,0.0513138983470578,0.017183736002749292,Low
2017-08-16,Historical_Mean,60D,3,0.0461258214843552,0.017188680969765276,Low
2017-08-17,Historical_Mean,60D,3,0.0607851169954929,0.017192872935651787,Low
2017-08-18,Historical_Mean,60D,3,0.0636053215681381,0.01719918699185976,Low
2017-08-21,Historical_Mean,60D,3,0.0601310652932899,0.01720590764856885,Low
2017-08-22,Historical_Mean,60D,3,0.0446983712905412,0.017212123281010887,Low
2017-08-23,Historical_Mean,60D,3,0.0563205942061525,0.017216102758064535,Low
2017-08-24,Historical_Mean,60D,3,0.0557677939743935,0.01722176351247219,Low
2017-08-25,Historical_Mean,60D,3,0.055371192194246,0.017227342616606207,Low
2017-08-28,Historical_Mean,60D,3,0.0614040776007025,0.017232862710611654,Low
2017-08-29,Historical_Mean,60D,3,0.0598110681353632,0.017239254146712086,Low
2017-08-30,Historical_Mean,60D,3,0.0572605206255343,0.01724541326331924,Low
2017-08-31,Historical_Mean,60D,3,0.0511715154540175,0.017251201648587896,Low
2017-09-01,Historical_Mean,60D,3,0.058991269608476,0.017256107681825592,Low
2017-09-05,Historical_Mean,60D,3,0.06620143427783,0.017262143135466465,Low
2017-09-06,Historical_Mean,60D,3,0.0712351784474971,0.017269219377679067,Low
2017-09-07,Historical_Mean,60D,3,0.0693870475565453,0.017277021309017773,Low
2017-09-08,Historical_Mean,60D,3,0.0698242971507167,0.017284553836662688,Low
2017-09-11,Historical_Mean,60D,3,0.0552969314276142,0.017292147382451682,Low
2017-09-12,Historical_Mean,60D,3,0.0518245166622006,0.017297639403267458,Low
2017-09-13,Historical_Mean,60D,3,0.0539957494242275,0.01730262811548519,Low
2017-09-14,Historical_Mean,60D,3,0.0605882753105736,0.01730792905759856,Low
2017-09-15,Historical_Mean,60D,3,0.0619396398861102,0.017314180732631492,Low
2017-09-18,Historical_Mean,60D,3,0.0620325016790703,0.017320625772948284,Low
2017-09-19,Historical_Mean,60D,3,0.0604498530921886,0.017327082361526785,Low
2017-09-20,Historical_Mean,60D,3,0.0557365386591166,0.017333308577341205,Low
2017-09-21,Historical_Mean,60D,3,0.0677214180161742,0.01733885256897998,Low
2017-09-22,Historical_Mean,60D,3,0.0724223126006048,0.017346124879235057,Low
2017-09-25,Historical_Mean,60D,3,0.0714113372573401,0.01735407352806193,Low
2017-09-26,Historical_Mean,60D,3,0.0705109370578726,0.017361873999018534,Low
2017-09-27,Historical_Mean,60D,3,0.0684178016685429,0.01736954230994897,Low
2017-09-28,Historical_Mean,60D,3,0.0667556394014913,0.017376906455846056,Low
2017-09-29,Historical_Mean,60D,3,0.0619984006329339,0.017384028730899517,Low
2017-10-02,Historical_Mean,60D,3,0.0589225101134639,0.017390462877409762,Low
2017-10-03,Historical_Mean,60D,3,0.0585983179317225,0.017396451636924694,Low
2017-10-04,Historical_Mean,60D,3,0.0521557419778605,0.01740239192906639,Low
2017-10-05,Historical_Mean,60D,3,0.0547939161649659,0.017407401782035797,Low
2017-10-06,Historical_Mean,60D,3,0.0622465605741419,0.017412790440782255,Low
2017-10-09,Historical_Mean,60D,3,0.0680731672974825,0.017419251569206144,Low
2017-10-10,Historical_Mean,60D,3,0.0727625935555897,0.017426550404325492,Low
2017-10-11,Historical_Mean,60D,3,0.0726216743932232,0.017434522748822144,Low
2017-10-12,Historical_Mean,60D,3,0.075611935030873,0.017442472496970285,Low
2017-10-13,Historical_Mean,60D,3,0.0736213672145059,0.017450850642229385,Low
2017-10-16,Historical_Mean,60D,3,0.0788811704510823,0.017458939714316404,Low
2017-10-17,Historical_Mean,60D,3,0.0849357439447422,0.017467783808015003,Low
2017-10-18,Historical_Mean,60D,3,0.0806629711718101,0.017477497018515538,Low
2017-10-19,Historical_Mean,60D,3,0.0897060332633019,0.017486592379700697,Low
2017-10-20,Historical_Mean,60D,3,0.0829845395807977,0.017496986657317793,Low
2017-10-23,Historical_Mean,60D,3,0.0913405828807851,0.017506410682778074,Low
2017-10-24,Historical_Mean,60D,3,0.0977583463884403,0.017517034304677066,Low
2017-10-25,Historical_Mean,60D,3,0.1046043070439226,0.01752857815622127,Low
2017-10-26,Historical_Mean,60D,3,0.1027740352460883,0.017541103433679227,Low
2017-10-27,Historical_Mean,60D,3,0.0953358646651941,0.0175533618734624,Low
2017-10-30,Historical_Mean,60D,3,0.1103050801480191,0.017564547162906136,Low
2017-10-31,Historical_Mean,60D,3,0.1026063309264767,0.017577881531415856,Low
2017-11-01,Historical_Mean,60D,3,0.0900568440132356,0.017590105287798124,Low
2017-11-02,Historical_Mean,60D,3,0.0903557621022637,0.01760052166536395,Low
2017-11-03,Historical_Mean,60D,3,0.0866151744239259,0.017610978009203686,Low
2017-11-06,Historical_Mean,60D,3,0.0639080500224508,0.01762089382992717,Low
2017-11-07,Historical_Mean,60D,3,0.0222546298891511,0.01762754428340311,Low
2017-11-08,Historical_Mean,60D,3,0.0381025893060279,0.017628208999048236,Low
2017-11-09,Historical_Mean,60D,3,0.0368574324216455,0.017631149875277335,Low
2017-11-10,Historical_Mean,60D,3,-0.0005035728481023,0.017633911082019595,Low
2017-11-13,Historical_Mean,60D,3,0.0133389214401289,0.017631306618502922,Low
2017-11-14,Historical_Mean,60D,3,0.0294698676785971,0.0176306903392239,Low
2017-11-15,Historical_Mean,60D,3,0.037620388400998,0.017632389905307647,Low
2017-11-16,Historical_Mean,60D,3,0.0427711754269228,0.017635258858730306,Low
2017-11-17,Historical_Mean,60D,3,0.0573974541825955,0.017638866194632747,Low
2017-11-20,Historical_Mean,60D,3,0.0564959839437271,0.017644571258198245,Low
2017-11-21,Historical_Mean,60D,3,0.0441176279571371,0.017650145348970917,Low
2017-11-22,Historical_Mean,60D,3,0.0393565061771558,0.017653942147508886,Low
2017-11-24,Historical_Mean,60D,3,0.0382755993845018,0.017657054965069075,Low
2017-11-27,Historical_Mean,60D,3,0.0545612092164261,0.017660011876645072,Low
2017-11-28,Historical_Mean,60D,3,0.0564493156402598,0.017665303129489895,Low
2017-11-29,Historical_Mean,60D,3,0.0440302980815831,0.01767086356139108,Low
2017-11-30,Historical_Mean,60D,3,0.0247149053351159,0.0176746421500551,Low
2017-12-01,Historical_Mean,60D,3,0.0133275224160449,0.017675651217445822,Low
2017-12-04,Historical_Mean,60D,3,0.0194390184505298,0.017675028097812486,Low
2017-12-05,Historical_Mean,60D,3,0.0341570265870116,0.017675280854704982,Low
2017-12-06,Historical_Mean,60D,3,0.0369065216895389,0.017677642136328522,Low
2017-12-07,Historical_Mean,60D,3,0.0334944628537132,0.017680396595511048,Low
2017-12-08,Historical_Mean,60D,3,0.0324564090270798,0.017682661572059055,Low
2017-12-11,Historical_Mean,60D,3,0.0464891136465915,0.01768477724547378,Low
2017-12-12,Historical_Mean,60D,3,0.0436665925865035,0.01768890157771907,Low
2017-12-13,Historical_Mean,60D,3,0.037755751142339,0.017692620645866356,Low
2017-12-14,Historical_Mean,60D,3,0.0360939490479129,0.017695492551176473,Low
2017-12-15,Historical_Mean,60D,3,0.0263773992386735,0.017698125792409727,Low
2017-12-18,Historical_Mean,60D,3,0.0227309186063077,0.017699367817802722,Low
2017-12-19,Historical_Mean,60D,3,0.0116603761080529,0.01770008774208209,Low
2017-12-20,Historical_Mean,60D,3,0.0139693208433445,0.017699223691776792,Low
2017-12-21,Historical_Mean,60D,3,0.0101399417050566,0.01769869016254658,Low
2017-12-22,Historical_Mean,60D,3,-0.0148866736296839,0.017697609105844992,Low
2017-12-26,Historical_Mean,60D,3,-0.035017505241376,0.017692949548754257,Low
2017-12-27,Historical_Mean,60D,3,-0.0090130928455829,0.017685413023905795,Low
2017-12-28,Historical_Mean,60D,3,-0.0282726974938243,0.017681596225354045,Low
2017-12-29,Historical_Mean,60D,3,-0.0259969841005387,0.017675027572735525,Low
2018-01-02,Historical_Mean,60D,3,-0.0205902848250933,0.01766878603898202,Low
2018-01-03,Historical_Mean,60D,3,-0.0495594004125253,0.017663318895388982,Low
2018-01-04,Historical_Mean,60D,3,-0.0410439819521111,0.017653714277685324,Low
2018-01-05,Historical_Mean,60D,3,-0.0365530254942496,0.017645328892509637,Low
2018-01-08,Historical_Mean,60D,3,-0.0313745678598954,0.017637587376385263,Low
2018-01-09,Historical_Mean,60D,3,-0.0548407184342588,0.01763058763984766,Low
2018-01-10,Historical_Mean,60D,3,-0.0503968776551452,0.017620239031240763,Low
2018-01-11,Historical_Mean,60D,3,-0.0408173044277131,0.017610527849532254,Low
2018-01-12,Historical_Mean,60D,3,-0.0530849165992685,0.017602186974117945,Low
2018-01-16,Historical_Mean,60D,3,-0.0413373046400088,0.017592097464615604,Low
2018-01-17,Historical_Mean,60D,3,-0.0535991106732176,0.0175836873886766,Low
2018-01-18,Historical_Mean,60D,3,-0.043905076374181,0.017573530025939456,Low
2018-01-19,Historical_Mean,60D,3,-0.0376756527473044,0.017564758645371596,Low
2018-01-22,Historical_Mean,60D,3,-0.0448789967219645,0.017556878415501027,Low
2018-01-23,Historical_Mean,60D,3,-0.0527935834860193,0.017547972998993046,Low
2018-01-24,Historical_Mean,60D,3,-0.06080662812714,0.017537941402232488,Low
2018-01-25,Historical_Mean,60D,3,-0.0613528374147885,0.0175267700676354,Low
2018-01-26,Historical_Mean,60D,3,-0.0865953635273479,0.017515524044327387,Low
2018-01-29,Historical_Mean,60D,3,-0.0780052530096611,0.017500682862920162,Low
2018-01-30,Historical_Mean,60D,3,-0.0566664660169471,0.01748707027228838,Low
2018-01-31,Historical_Mean,60D,3,-0.0560423266042779,0.017476502574370573,Low
2018-02-01,Historical_Mean,60D,3,-0.0636152208011759,0.01746602682213651,Low
2018-02-02,Historical_Mean,60D,3,-0.0396327381134496,0.017454475141323957,Normal
2018-02-05,Historical_Mean,60D,3,-0.0050221483764706,0.017446343059663732,High
2018-02-06,Historical_Mean,60D,3,-0.0245689393104717,0.017443142875724675,High
2018-02-07,Historical_Mean,60D,3,-0.0068249910583842,0.017437159953168965,High
2018-02-08,Historical_Mean,60D,3,0.0348860417424073,0.017433705282656142,High
2018-02-09,Historical_Mean,60D,3,0.0197947199311493,0.017436189954703373,High
2018-02-12,Historical_Mean,60D,3,0.0156117021878317,0.01743652568850785,High
2018-02-13,Historical_Mean,60D,3,0.0223291918114027,0.017436265964126882,High
2018-02-14,Historical_Mean,60D,3,0.0107218912734667,0.017436962267790932,High
2018-02-15,Historical_Mean,60D,3,-0.0003918709931818,0.017436006793830443,High
2018-02-16,Historical_Mean,60D,3,-0.0076309256870942,0.01743347046180782,High
2018-02-20,Historical_Mean,60D,3,0.0022799312672574,0.017429905113849228,High
2018-02-21,Historical_Mean,60D,3,0.0069353569619581,0.017427750374289192,High
2018-02-22,Historical_Mean,60D,3,0.00332661422183,0.01742625828193818,High
2018-02-23,Historical_Mean,60D,3,-0.0052150594753577,0.017424253498195808,High
2018-02-26,Historical_Mean,60D,3,-0.0200441866888604,0.017421034943607586,High
2018-02-27,Historical_Mean,60D,3,-0.004012730040494,0.017415709396822587,High
2018-02-28,Historical_Mean,60D,3,0.0051198130854393,0.017412663853980444,High
2018-03-01,Historical_Mean,60D,3,0.0161737758861299,0.01741091696599287,High
2018-03-02,Historical_Mean,60D,3,-0.0005165821108609,0.017410741185788288,High
2018-03-05,Historical_Mean,60D,3,0.0011276756305362,0.017408194329232435,High
2018-03-06,Historical_Mean,60D,3,-0.0084110405448946,0.017405881755553642,High
2018-03-07,Historical_Mean,60D,3,0.0028637509900616,0.017402215099922277,High
2018-03-08,Historical_Mean,60D,3,0.0028801976795291,0.01740015056369537,High
2018-03-09,Historical_Mean,60D,3,-0.0136470027921029,0.017398088948916986,Normal
2018-03-12,Historical_Mean,60D,3,-0.0038413048167924,0.017393681638902647,Normal
2018-03-13,Historical_Mean,60D,3,0.0018281619755377,0.01739066744636103,Normal
2018-03-14,Historical_Mean,60D,3,0.0106901607084777,0.01738845874561297,Normal
2018-03-15,Historical_Mean,60D,3,0.0125405341145145,0.017387508227940607,Normal
2018-03-16,Historical_Mean,60D,3,0.0125804034459868,0.01738682051878717,Normal
2018-03-19,Historical_Mean,60D,3,0.0228521894459487,0.017386138660782802,Normal
2018-03-20,Historical_Mean,60D,3,0.0238399813067334,0.017386913987135308,Normal
2018-03-21,Historical_Mean,60D,3,0.0246680531168687,0.017387829186017677,Normal
2018-03-22,Historical_Mean,60D,3,0.0480245489088366,0.017388861549025456,High
2018-03-23,Historical_Mean,60D,3,0.0651828382691959,0.017393205188237112,High
2018-03-26,Historical_Mean,60D,3,0.040098487787273,0.017399980015722363,High
2018-03-27,Historical_Mean,60D,3,0.0511600445893745,0.017403197380395866,High
2018-03-28,Historical_Mean,60D,3,0.055941166743971,0.01740798151407061,High
2018-03-29,Historical_Mean,60D,3,0.028445666282357,0.017413441792550118,High
2018-04-02,Historical_Mean,60D,3,0.0532384991315497,0.017415004873378936,High
2018-04-03,Historical_Mean,60D,3,0.0320609515026674,0.01742007974152714,High
2018-04-04,Historical_Mean,60D,3,0.026720529175252,0.01742215351939699,High
2018-04-05,Historical_Mean,60D,3,0.0206392236611176,0.01742347038324855,High
2018-04-06,Historical_Mean,60D,3,0.0458665515524761,0.017423925743384187,High
2018-04-09,Historical_Mean,60D,3,0.0375759273043493,0.01742795273273844,High
2018-04-10,Historical_Mean,60D,3,0.0295711850535734,0.017430804937519247,High
2018-04-11,Historical_Mean,60D,3,0.0435573884266146,0.017432523321116705,High
2018-04-12,Historical_Mean,60D,3,0.0441247805142991,0.017436220584788584,High
2018-04-13,Historical_Mean,60D,3,0.0504828296598276,0.017439997089660455,High
2018-04-16,Historical_Mean,60D,3,0.0352870064863483,0.017444672080120297,High
2018-04-17,Historical_Mean,60D,3,0.0333929264526536,0.01744719610535813,High
2018-04-18,Historical_Mean,60D,3,0.0336405615817091,0.01744945151276227,High
2018-04-19,Historical_Mean,60D,3,0.0383544787566431,0.017451741303466408,High
2018-04-20,Historical_Mean,60D,3,0.0508934802884391,0.0174546970072918,High
2018-04-23,Historical_Mean,60D,3,0.0529954322539921,0.01745942467352694,High
2018-04-24,Historical_Mean,60D,3,0.0625054934114177,0.01746444814081284,High
2018-04-25,Historical_Mean,60D,3,0.0597212214073196,0.017470814366292785,High
2018-04-26,Historical_Mean,60D,3,0.0511774395631741,0.01747678531132402,High
2018-04-27,Historical_Mean,60D,3,0.0548339531778637,0.017481547308533553,High
2018-04-30,Historical_Mean,60D,3,0.0721155807971577,0.01748682456282422,Normal
2018-05-01,Historical_Mean,60D,3,0.0665328758772627,0.01749454157882003,Normal
2018-05-02,Historical_Mean,60D,3,0.0671809924338197,0.01750146789722376,Normal
2018-05-03,Historical_Mean,60D,3,0.0636664207032965,0.01750848378827539,Normal
2018-05-04,Historical_Mean,60D,3,0.0558094478942646,0.01751500142974885,Normal
2018-05-07,Historical_Mean,60D,3,0.0513165742717036,0.017520407958968743,Normal
2018-05-08,Historical_Mean,60D,3,0.056496600465646,0.01752517873343412,Normal
2018-05-09,Historical_Mean,60D,3,0.0514943845961254,0.017530679286960192,Normal
2018-05-10,Historical_Mean,60D,3,0.0456993556430785,0.017535472358553357,Normal
2018-05-11,Historical_Mean,60D,3,0.0468134181186031,0.017539446379053504,Normal
2018-05-14,Historical_Mean,60D,3,0.0456679042151813,0.01754357645407319,Normal
2018-05-15,Historical_Mean,60D,3,0.0510908445821324,0.017547543773548592,Normal
2018-05-16,Historical_Mean,60D,3,0.0398991924713735,0.017552274845594937,Normal
2018-05-17,Historical_Mean,60D,3,0.0367413935940033,0.01755542629357488,Normal
2018-05-18,Historical_Mean,60D,3,0.0457459888649708,0.017558131590712556,Normal
2018-05-21,Historical_Mean,60D,3,0.0307551757356588,0.017562105629521842,Normal
2018-05-22,Historical_Mean,60D,3,0.0417840788811721,0.01756396538003018,Low
2018-05-23,Historical_Mean,60D,3,0.0418585400495365,0.01756737906762724,Low
2018-05-24,Historical_Mean,60D,3,0.0463088779093874,0.017570802286480385,Low
2018-05-25,Historical_Mean,60D,3,0.0507352809182002,0.01757485161374865,Low
2018-05-29,Historical_Mean,60D,3,0.061968622375749,0.017579523412748998,Low
2018-05-30,Historical_Mean,60D,3,0.0476600531002901,0.01758577627920385,Normal
2018-05-31,Historical_Mean,60D,3,0.0607430922720095,0.017590012092840623,Normal
2018-06-01,Historical_Mean,60D,3,0.0575934339698802,0.0175960891355359,Normal
2018-06-04,Historical_Mean,60D,3,0.0533930811491263,0.017601720977951325,Low
2018-06-05,Historical_Mean,60D,3,0.0583759773484622,0.017606759885479294,Low
2018-06-06,Historical_Mean,60D,3,0.0454049046666922,0.017612498795595143,Normal
2018-06-07,Historical_Mean,60D,3,0.0462538167559818,0.017616410464261024,Low
2018-06-08,Historical_Mean,60D,3,0.0414770957993511,0.01762044049610619,Low
2018-06-11,Historical_Mean,60D,3,0.0376018959911447,0.01762379727889826,Low
2018-06-12,Historical_Mean,60D,3,0.0322010376758227,0.01762660792868895,Low
2018-06-13,Historical_Mean,60D,3,0.0340194943222197,0.017628658066506805,Low
2018-06-14,Historical_Mean,60D,3,0.0334470220144094,0.01763096338806176,Low
2018-06-15,Historical_Mean,60D,3,0.038197508019619,0.017633187556058715,Low
2018-06-18,Historical_Mean,60D,3,0.0406825075503991,0.017636079052186886,Low
2018-06-19,Historical_Mean,60D,3,0.0499823776611817,0.017639319095557927,Low
2018-06-20,Historical_Mean,60D,3,0.0485471313378356,0.017643865491195492,Low
2018-06-21,Historical_Mean,60D,3,0.0493275691895067,0.017648208887660236,Low
2018-06-22,Historical_Mean,60D,3,0.0528220188019981,0.017652660737056222,Low
2018-06-25,Historical_Mean,60D,3,0.0678942298029406,0.017657602335772668,Normal
2018-06-26,Historical_Mean,60D,3,0.0735020934825729,0.017664660024374404,Low
2018-06-27,Historical_Mean,60D,3,0.0817750788587071,0.017672503462140693,Low
2018-06-28,Historical_Mean,60D,3,0.072093516525662,0.01768150663284246,Low
2018-06-29,Historical_Mean,60D,3,0.0700294521450272,0.01768914769588035,Low
2018-07-02,Historical_Mean,60D,3,0.0636714916295737,0.017696496797881073,Low
2018-07-03,Historical_Mean,60D,3,0.0713905971386187,0.01770295124050801,Low
2018-07-05,Historical_Mean,60D,3,0.0627998702489427,0.017710487406411735,Low
2018-07-06,Historical_Mean,60D,3,0.057988844990561,0.01771681574084577,Low
2018-07-09,Historical_Mean,60D,3,0.0488077852949404,0.017722467162295353,Low
2018-07-10,Historical_Mean,60D,3,0.0460518027128368,0.017726828789646643,Low
2018-07-11,Historical_Mean,60D,3,0.0449682536637435,0.01773080255142038,Low
2018-07-12,Historical_Mean,60D,3,0.0307139474989493,0.017734623206647242,Low
2018-07-13,Historical_Mean,60D,3,0.0292400972539911,0.017736443588735926,Low
2018-07-16,Historical_Mean,60D,3,0.0288498520407353,0.01773805677814348,Low
2018-07-17,Historical_Mean,60D,3,-0.0085323613453101,0.01773961479766992,Low
2018-07-18,Historical_Mean,60D,3,-0.031478123394589,0.017735931638249904,Low
2018-07-19,Historical_Mean,60D,3,-0.0134110611371631,0.017729033116378187,Low
2018-07-20,Historical_Mean,60D,3,-0.0183846456571888,0.017724668702327234,Low
2018-07-23,Historical_Mean,60D,3,0.0010468200344808,0.017719608540561607,Low
2018-07-24,Historical_Mean,60D,3,-0.0039753931142375,0.017717272434563835,Low
2018-07-25,Historical_Mean,60D,3,-0.0275323187599513,0.01771423339483999,Low
2018-07-26,Historical_Mean,60D,3,-0.0248566511463633,0.017707895455050835,Low
2018-07-27,Historical_Mean,60D,3,-0.0225816135979956,0.0177019340339582,Low
2018-07-30,Historical_Mean,60D,3,-0.0223379004631026,0.01769629287058725,Low
2018-07-31,Historical_Mean,60D,3,-0.0585615115435465,0.017690687410865366,Low
2018-08-01,Historical_Mean,60D,3,-0.0390669004972612,0.017680012316513637,Low
2018-08-02,Historical_Mean,60D,3,-0.0614603880894731,0.017672069019647206,Low
2018-08-03,Historical_Mean,60D,3,-0.0726750284500152,0.01766099379821836,Low
2018-08-06,Historical_Mean,60D,3,-0.0606616881289393,0.017648352317355186,Low
2018-08-07,Historical_Mean,60D,3,-0.052689011120854,0.017637395266782034,Low
2018-08-08,Historical_Mean,60D,3,-0.0419240978590295,0.017627556653689196,Low
2018-08-09,Historical_Mean,60D,3,-0.0468181042378694,0.0176192265859157,Low
2018-08-10,Historical_Mean,60D,3,-0.0340940982774308,0.01761021437181447,Low
2018-08-13,Historical_Mean,60D,3,-0.0238402728670419,0.017602984010655298,Low
2018-08-14,Historical_Mean,60D,3,-0.0092221243226853,0.017597189371830115,Low
2018-08-15,Historical_Mean,60D,3,-0.004102984729798,0.017593439992032195,Low
2018-08-16,Historical_Mean,60D,3,-0.0212327851978086,0.017590407223689753,Low
2018-08-17,Historical_Mean,60D,3,-0.0444485425585392,0.017584981200989332,Low
2018-08-20,Historical_Mean,60D,3,-0.0483566362828414,0.017576312458149824,Low
2018-08-21,Historical_Mean,60D,3,-0.058019225055919,0.01756710008582329,Low
2018-08-22,Historical_Mean,60D,3,-0.0470829612590335,0.01755654038686524,Low
2018-08-23,Historical_Mean,60D,3,-0.0431694297980144,0.01754751126245598,Low
2018-08-24,Historical_Mean,60D,3,-0.0661322969620212,0.017539031242754795,Low
2018-08-27,Historical_Mean,60D,3,-0.0920914339257175,0.017527346934947955,Low
2018-08-28,Historical_Mean,60D,3,-0.0893220066925486,0.017512041324663025,Low
2018-08-29,Historical_Mean,60D,3,-0.1015836688733159,0.017497126617415055,Low
2018-08-30,Historical_Mean,60D,3,-0.0817305209834912,0.017480504507491723,Low
2018-08-31,Historical_Mean,60D,3,-0.0786086050861836,0.017466657888442042,Low
2018-09-04,Historical_Mean,60D,3,-0.0542388617341905,0.01745325079062253,Low
2018-09-05,Historical_Mean,60D,4,-0.0536172934783179,0.01744324770529746,Low
2018-09-06,Historical_Mean,60D,4,-0.0418207547250821,0.01743333412533323,Low
2018-09-07,Historical_Mean,60D,4,-0.0287229550357051,0.01742506880397036,Low
2018-09-10,Historical_Mean,60D,4,-0.0635192120889545,0.017418632538441815,Low
2018-09-11,Historical_Mean,60D,4,-0.0687754656928142,0.01740734571029687,Low
2018-09-12,Historical_Mean,60D,4,-0.0927284094990301,0.017395329144289744,Low
2018-09-13,Historical_Mean,60D,4,-0.0962361584355051,0.017379976608580375,Low
2018-09-14,Historical_Mean,60D,4,-0.096868012011577,0.01736413939990403,Low
2018-09-17,Historical_Mean,60D,4,-0.0858778500096767,0.01734821854256445,Low
2018-09-18,Historical_Mean,60D,4,-0.091432453189717,0.01733383363892005,Low
2018-09-19,Historical_Mean,60D,4,-0.1119561534915889,0.017318678798899336,Low
2018-09-20,Historical_Mean,60D,4,-0.1407584525054947,0.017300668930929082,Low
2018-09-21,Historical_Mean,60D,4,-0.1403034547146985,0.017278652059298436,Low
2018-09-24,Historical_Mean,60D,4,-0.1522970315766216,0.01725670469066696,Low
2018-09-25,Historical_Mean,60D,4,-0.1668888925676075,0.01723309325266845,Low
2018-09-26,Historical_Mean,60D,4,-0.1843973133849882,0.017207456663164096,Low
2018-09-27,Historical_Mean,60D,4,-0.2146433624918139,0.01717938973151323,Low
2018-09-28,Historical_Mean,60D,4,-0.1662333146768707,0.017147120417450964,Low
2018-10-01,Historical_Mean,60D,4,-0.1613415780502523,0.017121597740332756,Low
2018-10-02,Historical_Mean,60D,4,-0.1621871630502045,0.017096762898168746,Low
2018-10-03,Historical_Mean,60D,4,-0.154441803924716,0.017071817312256907,Low
2018-10-04,Historical_Mean,60D,4,-0.1449710754410799,0.01704795620746601,Low
2018-10-05,Historical_Mean,60D,4,-0.1644960926753728,0.01702541913253924,Low
2018-10-08,Historical_Mean,60D,4,-0.1303414989066766,0.01700017274703049,Low
2018-10-09,Historical_Mean,60D,4,-0.1219366130772926,0.01697968301380094,Low
2018-10-10,Historical_Mean,60D,4,-0.0788716366981932,0.01696036762224211,Normal
2018-10-11,Historical_Mean,60D,4,-0.0539943853928294,0.01694704466877062,Normal
2018-10-12,Historical_Mean,60D,4,-0.0635923794267435,0.01693718347471146,Normal
2018-10-15,Historical_Mean,60D,4,-0.057816205679926,0.01692599104067373,Normal
2018-10-16,Historical_Mean,60D,4,-0.0843554283020767,0.016915604409667533,High
2018-10-17,Historical_Mean,60D,4,-0.0734381151596507,0.016901533125422467,High
2018-10-18,Historical_Mean,60D,4,-0.0567221040552213,0.016888982465755188,High
2018-10-19,Historical_Mean,60D,4,-0.0487981382137061,0.016878757283574193,High
2018-10-22,Historical_Mean,60D,4,-0.0313924282773726,0.016869635492532904,High
2018-10-23,Historical_Mean,60D,4,-0.0401238289246509,0.0168629333589723,High
2018-10-24,Historical_Mean,60D,4,-0.0065725651440592,0.01685502072883017,High
2018-10-25,Historical_Mean,60D,4,-0.0236515030117958,0.016851768252657343,High
2018-10-26,Historical_Mean,60D,4,0.0022805026987253,0.016846145921832183,High
2018-10-29,Historical_Mean,60D,4,0.0009839351452102,0.01684412431971933,High
2018-10-30,Historical_Mean,60D,4,-0.016018695761782,0.016841923349808906,High
2018-10-31,Historical_Mean,60D,4,-0.0113819646247932,0.01683736380782034,High
2018-11-01,Historical_Mean,60D,4,-0.0133238146835545,0.016833448806650445,High
2018-11-02,Historical_Mean,60D,4,-0.0060888870428677,0.016829265526932008,High
2018-11-05,Historical_Mean,60D,4,-0.0049201996225822,0.016826086864994448,High
2018-11-06,Historical_Mean,60D,4,-0.0064626169296406,0.016823071154761806,High
2018-11-07,Historical_Mean,60D,4,-0.0296766112079234,0.0168198424126536,High
2018-11-08,Historical_Mean,60D,4,-0.0365657354216622,0.016813396210848444,High
2018-11-09,Historical_Mean,60D,4,-0.0266481769402771,0.01680599683025065,High
2018-11-12,Historical_Mean,60D,4,-0.0060411741509911,0.0167999740757433,High
2018-11-13,Historical_Mean,60D,4,0.0082496975740215,0.0167968087281509,High
2018-11-14,Historical_Mean,60D,4,0.0188653179861828,0.01679562442564929,High
2018-11-15,Historical_Mean,60D,4,0.0056721218598423,0.016795911166236785,High
2018-11-16,Historical_Mean,60D,4,0.0142712889873158,0.016794370261775448,High
2018-11-19,Historical_Mean,60D,4,0.0325520715496294,0.016794020804535216,High
2018-11-20,Historical_Mean,60D,4,0.0526456006669561,0.016796203057788936,High
2018-11-21,Historical_Mean,60D,4,0.0460742620303475,0.01680116697327068,High
2018-11-23,Historical_Mean,60D,4,0.0590413204369134,0.016805219734596595,High
2018-11-26,Historical_Mean,60D,4,0.0448594490412989,0.01681106637090644,High
2018-11-27,Historical_Mean,60D,4,0.0408122950038459,0.016814948499995767,High
2018-11-28,Historical_Mean,60D,4,0.017554046264434,0.016818269472387664,High
2018-11-29,Historical_Mean,60D,4,0.0169100332108768,0.016818371281823397,High
2018-11-30,Historical_Mean,60D,4,0.0156441420829723,0.016818383963329908,High
2018-12-03,Historical_Mean,60D,4,0.0008740328933546,0.016818221528431532,High
2018-12-04,Historical_Mean,60D,4,0.0326420882422039,0.01681601624646264,High
2018-12-06,Historical_Mean,60D,4,0.0276200025522231,0.016818204888696873,High
2018-12-07,Historical_Mean,60D,4,0.0430574268702142,0.016819698500099463,High
2018-12-10,Historical_Mean,60D,4,0.0391628595158443,0.016823326002984865,High
2018-12-11,Historical_Mean,60D,4,0.0540788047546393,0.016826414133135938,High
2018-12-12,Historical_Mean,60D,4,0.0516228994720933,0.016831563046836216,High
2018-12-13,Historical_Mean,60D,4,0.0587483965415277,0.016836371136447224,High
2018-12-14,Historical_Mean,60D,4,0.0771512094786313,0.016842162489964577,High
2018-12-17,Historical_Mean,60D,4,0.1031160137156387,0.016850494770565386,High
2018-12-18,Historical_Mean,60D,4,0.1067287136607577,0.01686241154345461,High
2018-12-19,Historical_Mean,60D,4,0.1221136027567677,0.016874824016122746,High
2018-12-20,Historical_Mean,60D,4,0.1350627155001021,0.016889357751620693,High
2018-12-21,Historical_Mean,60D,4,0.166659851493332,0.016905675530928685,High
2018-12-24,Historical_Mean,60D,4,0.1749895972373731,0.0169263512420929,High
2018-12-26,Historical_Mean,60D,4,0.1257470467332581,0.016948171126962484,High
2018-12-27,Historical_Mean,60D,4,0.1243778707123752,0.01696318822504479,High
2018-12-28,Historical_Mean,60D,4,0.1209650813460074,0.016978012222075886,High
2018-12-31,Historical_Mean,60D,4,0.1160915101990622,0.01699236120360258,High
2019-01-02,Historical_Mean,60D,4,0.1215355231797607,0.017006033823497094,High
2019-01-03,Historical_Mean,60D,4,0.1581060505167203,0.017020453673042724,High
2019-01-04,Historical_Mean,60D,4,0.124364107011232,0.01703991375536599,High
2019-01-07,Historical_Mean,60D,4,0.1195242034360916,0.017054715050808807,High
2019-01-08,Historical_Mean,60D,4,0.1119580813425883,0.017068844875462043,High
2019-01-09,Historical_Mean,60D,4,0.1124941276328651,0.017081927632454617,High
2019-01-10,Historical_Mean,60D,4,0.1090327980089265,0.017095080679049655,High
2019-01-11,Historical_Mean,60D,4,0.1030931301177395,0.01710775300397452,High
2019-01-14,Historical_Mean,60D,4,0.111836362459489,0.017119603248890967,High
2019-01-15,Historical_Mean,60D,4,0.1012098659200706,0.01713265502775422,High
2019-01-16,Historical_Mean,60D,4,0.105577923780528,0.017144239102002263,High
2019-01-17,Historical_Mean,60D,4,0.0973856258299352,0.017156421728352796,High
2019-01-18,Historical_Mean,60D,4,0.0847979413152196,0.017167472582912242,High
2019-01-22,Historical_Mean,60D,4,0.096780017322453,0.01717678679152432,High
2019-01-23,Historical_Mean,60D,4,0.0961573742272519,0.017187748404100877,High
2019-01-24,Historical_Mean,60D,4,0.0957940999332072,0.017198621270109845,High
2019-01-25,Historical_Mean,60D,4,0.0961435834076845,0.0172094411322606,High
2019-01-28,Historical_Mean,60D,4,0.1018271906533572,0.017220306120873875,High
2019-01-29,Historical_Mean,60D,4,0.1029154568481992,0.0172319503383983,High
2019-01-30,Historical_Mean,60D,4,0.0921601972799442,0.017243741105772703,High
2019-01-31,Historical_Mean,60D,4,0.0846704969744102,0.01725404881850993,High
2019-02-01,Historical_Mean,60D,4,0.0847232550883948,0.017263323333320205,Normal
2019-02-04,Historical_Mean,60D,4,0.0704394281206238,0.01727260255364415,Normal
2019-02-05,Historical_Mean,60D,4,0.0636158130345906,0.01727991472880121,Normal
2019-02-06,Historical_Mean,60D,4,0.075434856231017,0.017286286552000575,Normal
2019-02-07,Historical_Mean,60D,4,0.0803550362441747,0.01729428168051412,Normal
2019-02-08,Historical_Mean,60D,4,0.0630295755892564,0.017302951017132716,Normal
2019-02-11,Historical_Mean,60D,4,0.0607140083960181,0.017309236463809295,Normal
2019-02-12,Historical_Mean,60D,4,0.0448801568312512,0.017315201935487717,Normal
2019-02-13,Historical_Mean,60D,4,0.0455741193074588,0.01731898989136181,Normal
2019-02-14,Historical_Mean,60D,4,0.0238028135526599,0.017322872157013926,Normal
2019-02-15,Historical_Mean,60D,4,0.0209667964109183,0.01732376238113752,Normal
2019-02-19,Historical_Mean,60D,4,0.0252911694120492,0.017324262797899854,Normal
2019-02-20,Historical_Mean,60D,4,0.0323715929678076,0.01732535700290111,Low
2019-02-21,Historical_Mean,60D,4,0.0300498251196051,0.017327423225911947,Low
2019-02-22,Historical_Mean,60D,4,0.0168869284494894,0.0173291700887286,Normal
2019-02-25,Historical_Mean,60D,4,0.0241157730929283,0.01732910937461009,Low
2019-02-26,Historical_Mean,60D,4,0.0220781504018693,0.01733004096880615,Low
2019-02-27,Historical_Mean,60D,4,0.0106366555968854,0.017330692644544975,Low
2019-02-28,Historical_Mean,60D,4,0.0148188069678731,0.017329774017256973,Low
2019-03-01,Historical_Mean,60D,4,-0.0004637996211001,0.01732942948281002,Low
2019-03-04,Historical_Mean,60D,4,-0.0035116023930763,0.0173269883757852,Low
2019-03-05,Historical_Mean,60D,4,-0.0002831562283725,0.017324129858532957,Low
2019-03-06,Historical_Mean,60D,4,-0.0070208878747004,0.01732171492421847,Low
2019-03-07,Historical_Mean,60D,4,-0.0016310473906772,0.017318376662726575,Low
2019-03-08,Historical_Mean,60D,4,0.0217088438218541,0.01731577835968895,Low
2019-03-11,Historical_Mean,60D,4,0.0152780352371783,0.017316380644506905,Low
2019-03-12,Historical_Mean,60D,4,0.0184459101853776,0.017316101227727282,Low
2019-03-13,Historical_Mean,60D,4,0.0219633426756181,0.017316256080928717,Low
2019-03-14,Historical_Mean,60D,4,0.02748096208198,0.017316892929852203,Low
2019-03-15,Historical_Mean,60D,4,0.0221585012155978,0.01731828564965929,Low
2019-03-18,Historical_Mean,60D,4,0.0164197465894525,0.017318948783727785,Low
2019-03-19,Historical_Mean,60D,4,0.0206393271722294,0.017318825605345006,Low
2019-03-20,Historical_Mean,60D,4,0.0219752121268462,0.017319280406271852,Low
2019-03-21,Historical_Mean,60D,4,0.0121125120645098,0.01731991803044613,Low
2019-03-22,Historical_Mean,60D,4,0.0409398287917537,0.017319204980197473,Normal
2019-03-25,Historical_Mean,60D,4,0.0447599184180874,0.017322438910073096,Normal
2019-03-26,Historical_Mean,60D,4,0.0470304708060264,0.017326194896316493,Normal
2019-03-27,Historical_Mean,60D,4,0.0504255978028975,0.017330260633506435,Normal
2019-03-28,Historical_Mean,60D,4,0.0451091546270488,0.017334789898207324,Normal
2019-03-29,Historical_Mean,60D,4,0.0288556729433365,0.01733859044072632,Normal
2019-04-01,Historical_Mean,60D,4,0.016118781746488,0.017340166180567967,Normal
2019-04-02,Historical_Mean,60D,4,0.0199172119842205,0.01733999909651406,Normal
2019-04-03,Historical_Mean,60D,4,0.023512081404731,0.017340351608193406,Normal
2019-04-04,Historical_Mean,60D,4,0.0290726347726908,0.0173411956631437,Normal
2019-04-05,Historical_Mean,60D,4,0.0273707644265805,0.017342799852820924,Normal
2019-04-08,Historical_Mean,60D,4,0.033966948336741,0.01734417091715969,Low
2019-04-09,Historical_Mean,60D,4,0.0382453905678618,0.017346443340593674,Normal
2019-04-10,Historical_Mean,60D,4,0.0299263798032381,0.017349299949017304,Normal
2019-04-11,Historical_Mean,60D,4,0.0311240505213493,0.01735101883378623,Normal
2019-04-12,Historical_Mean,60D,4,0.0290370190678863,0.017352900909720578,Normal
2019-04-15,Historical_Mean,60D,4,0.0319492058911921,0.017354497318814468,Normal
2019-04-16,Historical_Mean,60D,4,0.0360495118681185,0.017356491131460965,Normal
2019-04-17,Historical_Mean,60D,4,0.0385017664172414,0.017359044474001148,Normal
2019-04-18,Historical_Mean,60D,4,0.0335143350379816,0.01736193203504229,Low
2019-04-22,Historical_Mean,60D,4,0.0259501637549556,0.01736413774349551,Low
2019-04-23,Historical_Mean,60D,4,0.0207234102887792,0.017365310057260046,Low
2019-04-24,Historical_Mean,60D,4,0.0167216894269708,0.01736576850097766,Low
2019-04-25,Historical_Mean,60D,4,0.0199154328534938,0.01736568058409614,Low
2019-04-26,Historical_Mean,60D,4,0.0220652276694654,0.01736602857812772,Low
2019-04-29,Historical_Mean,60D,4,0.0256714719787072,0.01736666984437927,Low
2019-04-30,Historical_Mean,60D,4,0.0194442107963161,0.017367802986981852,Low
2019-05-01,Historical_Mean,60D,4,0.0343351924173905,0.0173680862622628,Low
2019-05-02,Historical_Mean,60D,4,0.034844015137016,0.017370400694967085,Low
2019-05-03,Historical_Mean,60D,4,0.0226699022860542,0.017372783893881714,Low
2019-05-06,Historical_Mean,60D,4,0.0162057085229867,0.01737350626104279,Low
2019-05-07,Historical_Mean,60D,4,0.0238156690430862,0.017373347030372206,Low
2019-05-08,Historical_Mean,60D,4,0.0181129958929411,0.017374225329215114,Low
2019-05-09,Historical_Mean,60D,4,-0.0090911876148254,0.017374326034035686,Low
2019-05-10,Historical_Mean,60D,4,0.0001284422264226,0.01737071890392135,Low
2019-05-13,Historical_Mean,60D,4,0.0253214936987788,0.0173683691796535,Normal
2019-05-14,Historical_Mean,60D,4,0.035925968642428,0.017369452859244607,Normal
2019-05-15,Historical_Mean,60D,4,0.0234653811810478,0.01737198099490989,Normal
2019-05-16,Historical_Mean,60D,4,0.0022156149486334,0.0173728110453371,Normal
2019-05-17,Historical_Mean,60D,4,0.0230883983899792,0.0173707465947655,Normal
2019-05-20,Historical_Mean,60D,4,0.0001303039108487,0.01737152524814902,Normal
2019-05-21,Historical_Mean,60D,4,-0.0058684084841615,0.017369177587291545,Normal
2019-05-22,Historical_Mean,60D,4,0.0112830420519829,0.017366013858759015,Normal
2019-05-23,Historical_Mean,60D,4,0.0353019098576621,0.01736518579289912,Normal
2019-05-24,Historical_Mean,60D,4,0.0260030507735096,0.017367627159996544,Normal
2019-05-28,Historical_Mean,60D,4,0.0426269803311228,0.017368802367347322,Normal
2019-05-29,Historical_Mean,60D,4,0.0490566875390756,0.017372239321757958,Normal
2019-05-30,Historical_Mean,60D,4,0.0206715337412407,0.017376550131039226,Normal
2019-05-31,Historical_Mean,60D,4,0.0448778517224916,0.017376998367144545,Normal
2019-06-03,Historical_Mean,60D,4,0.0444386005762435,0.017380738961997013,Normal
2019-06-04,Historical_Mean,60D,4,0.0297568250257282,0.01738441880173783,High
2019-06-05,Historical_Mean,60D,4,0.0342355804880089,0.017386101206717977,Normal
2019-06-06,Historical_Mean,60D,4,0.0287613205718813,0.017388392094451668,High
2019-06-07,Historical_Mean,60D,4,0.0113953319919359,0.017389938169557355,High
2019-06-10,Historical_Mean,60D,4,0.0175298371955919,0.017389123352895997,High
2019-06-11,Historical_Mean,60D,4,0.0308056915753027,0.017389142476821343,Normal
2019-06-12,Historical_Mean,60D,4,0.0337555402069171,0.01739096562522445,Normal
2019-06-13,Historical_Mean,60D,4,0.0295725150251668,0.01739318907285783,Normal
2019-06-14,Historical_Mean,60D,4,0.0315075792372509,0.017394843647773238,Normal
2019-06-17,Historical_Mean,60D,4,0.0377799361312853,0.01739676061810596,Normal
2019-06-18,Historical_Mean,60D,4,0.030984462816548,0.01739952894290742,Normal
2019-06-19,Historical_Mean,60D,4,0.027279069146558,0.017401373719370436,Normal
2019-06-20,Historical_Mean,60D,4,0.0147109508943291,0.017402714886434547,Normal
2019-06-21,Historical_Mean,60D,4,0.0185493925465191,0.017402349455536894,Normal
2019-06-24,Historical_Mean,60D,4,0.0206254142913732,0.01740250515569856,Normal
2019-06-25,Historical_Mean,60D,4,0.0301871644536902,0.01740294257550525,Normal
2019-06-26,Historical_Mean,60D,4,0.0265142610276139,0.01740467744073502,Normal
2019-06-27,Historical_Mean,60D,4,0.0226014346171957,0.01740591347649986,Normal
2019-06-28,Historical_Mean,60D,4,0.0084085038130445,0.017406618336239476,Normal
2019-07-01,Historical_Mean,60D,4,0.0069051704440544,0.017405397756407245,Low
2019-07-02,Historical_Mean,60D,4,0.0015494521574525,0.01740397361056263,Low
2019-07-03,Historical_Mean,60D,4,-0.0114241780823603,0.017401823553408698,Low
2019-07-05,Historical_Mean,60D,4,-0.0045817336625631,0.017397914943017404,Low
2019-07-08,Historical_Mean,60D,4,-0.0120686875978521,0.017394935055733567,Low
2019-07-09,Historical_Mean,60D,4,-0.0313698848439499,0.017390941071369518,Low
2019-07-10,Historical_Mean,60D,4,-0.0279301270061657,0.017384332122343315,Low
2019-07-11,Historical_Mean,60D,4,-0.0160959613458552,0.017378191119615506,Low
2019-07-12,Historical_Mean,60D,4,-0.0251938479216032,0.017373655326598507,Low
2019-07-15,Historical_Mean,60D,4,-0.0410528612020973,0.017367888153688577,Low
2019-07-16,Historical_Mean,60D,4,-0.0285799801322411,0.01735997420769077,Low
2019-07-17,Historical_Mean,60D,4,-0.0156321122543654,0.017353751811057975,Low
2019-07-18,Historical_Mean,60D,4,-0.0083281302893955,0.01734928460303178,Low
2019-07-19,Historical_Mean,60D,4,-0.0035203224977698,0.01734580763419056,Low
2019-07-22,Historical_Mean,60D,4,0.003561421192469,0.017342982542106623,Low
2019-07-23,Historical_Mean,60D,4,-0.0052642685000011,0.017341116891456884,Low
2019-07-24,Historical_Mean,60D,4,-0.0071824393437015,0.017338057147900918,Low
2019-07-25,Historical_Mean,60D,4,-0.0058331885699018,0.017334738634368425,Low
2019-07-26,Historical_Mean,60D,4,-0.006345610235351,0.017331603596857696,Low
2019-07-29,Historical_Mean,60D,4,-0.0083032375646705,0.017328400077194297,Low
2019-07-30,Historical_Mean,60D,4,-0.0028781488467953,0.017324932593747074,Low
2019-07-31,Historical_Mean,60D,4,0.009985662764516,0.0173221998625905,Low
2019-08-01,Historical_Mean,60D,4,0.0230896198439779,0.01732120763414878,Low
2019-08-02,Historical_Mean,60D,4,0.0359648282996607,0.017321987676367823,Low
2019-08-05,Historical_Mean,60D,4,0.0653622585128747,0.017324508341676544,Normal
2019-08-06,Historical_Mean,60D,4,0.0556773240025654,0.01733100256232967,Normal
2019-08-07,Historical_Mean,60D,4,0.0518833030341676,0.01733618589856112,Normal
2019-08-08,Historical_Mean,60D,4,0.04291077112695,0.017340855058871375,High
2019-08-09,Historical_Mean,60D,4,0.0532466100659196,0.01734431045293463,High
2019-08-12,Historical_Mean,60D,4,0.0644540164700142,0.017349161459503062,High
2019-08-13,Historical_Mean,60D,4,0.0501379207950019,0.017355525260504216,High
2019-08-14,Historical_Mean,60D,4,0.0825946484938183,0.017359953518715006,High
2019-08-15,Historical_Mean,60D,4,0.0826908149407538,0.017368764255475556,High
2019-08-16,Historical_Mean,60D,4,0.0664033613551717,0.017377585599254796,High
2019-08-19,Historical_Mean,60D,4,0.0559336090920372,0.01738420533673197,High
2019-08-20,Historical_Mean,60D,4,0.064591105974269,0.017389409792484004,High
2019-08-21,Historical_Mean,60D,4,0.0572148190313726,0.017395781511731004,High
2019-08-22,Historical_Mean,60D,4,0.0653870507686243,0.017401155926297023,High
2019-08-23,Historical_Mean,60D,4,0.0921789582142719,0.0174076317555605,High
2019-08-26,Historical_Mean,60D,4,0.0806630753837815,0.017417720991353067,High
2019-08-27,Historical_Mean,60D,4,0.0801081407633966,0.0174262538238399,High
2019-08-28,Historical_Mean,60D,4,0.0719999831466448,0.017434709494545356,High
2019-08-29,Historical_Mean,60D,4,0.0615650746479262,0.017442069256300426,High
2019-08-30,Historical_Mean,60D,4,0.0684017457755166,0.017448019762759177,High
2019-09-03,Historical_Mean,60D,4,0.0775179187531423,0.017454890545662727,High
2019-09-04,Historical_Mean,60D,4,0.0708999291000208,0.017462988567532416,High
2019-09-05,Historical_Mean,60D,4,0.0539547299482719,0.01747019225323375,High
2019-09-06,Historical_Mean,60D,4,0.0443760554499313,0.017475109969596468,High
2019-09-09,Historical_Mean,60D,4,0.0378098448707861,0.01747873543394692,High
2019-09-10,Historical_Mean,60D,4,0.0437912500536252,0.017481475106421902,High
2019-09-11,Historical_Mean,60D,4,0.038086704653868,0.01748501994271228,High
2019-09-12,Historical_Mean,60D,4,0.0443059344060605,0.017487795327962335,Normal
2019-09-13,Historical_Mean,60D,4,0.0418627775985523,0.017491407685057983,Normal
2019-09-16,Historical_Mean,60D,4,0.0439057543459242,0.017494690024440273,Normal
2019-09-17,Historical_Mean,60D,4,0.0442312665028129,0.017498246591141253,Normal
2019-09-18,Historical_Mean,60D,4,0.052427300594101,0.017501846028317995,Normal
2019-09-19,Historical_Mean,60D,4,0.052479905222386,0.01750654789349917,Normal
2019-09-20,Historical_Mean,60D,4,0.0645098652698094,0.01751125557385035,Normal
2019-09-23,Historical_Mean,60D,4,0.064942041916098,0.017517581093324904,Low
2019-09-24,Historical_Mean,60D,4,0.0729616372391268,0.017523963068943636,Low
2019-09-25,Historical_Mean,60D,4,0.0712713308190273,0.017531422390010667,Low
2019-09-26,Historical_Mean,60D,4,0.0786357976329745,0.01753865229831539,Low
2019-09-27,Historical_Mean,60D,4,0.0848321009264014,0.01754687090812635,Low
2019-09-30,Historical_Mean,60D,4,0.0796017234086848,0.01755592070369034,Low
2019-10-01,Historical_Mean,60D,4,0.0970509127641516,0.017564264679309625,Low
2019-10-02,Historical_Mean,60D,4,0.1151503010914535,0.017574952678245333,Normal
2019-10-03,Historical_Mean,60D,4,0.1014124002382368,0.017588071170906425,Low
2019-10-04,Historical_Mean,60D,5,0.0902373056431684,0.017599339396349004,Normal
2019-10-07,Historical_Mean,60D,5,0.1030695532791667,0.017609102563855297,Normal
2019-10-08,Historical_Mean,60D,5,0.1116678034663222,0.01762058763988208,Normal
2019-10-09,Historical_Mean,60D,5,0.1061316521457489,0.017633224997558306,Normal
2019-10-10,Historical_Mean,60D,5,0.0969292746493716,0.01764511515302629,Normal
2019-10-11,Historical_Mean,60D,5,0.0909401684612235,0.017655765899868895,Normal
2019-10-14,Historical_Mean,60D,5,0.0989614642513489,0.017665609338762295,Normal
2019-10-15,Historical_Mean,60D,5,0.086195756387355,0.017676527396096778,Normal
2019-10-16,Historical_Mean,60D,5,0.0951492949864821,0.01768572831310917,Normal
2019-10-17,Historical_Mean,60D,5,0.0908745921798109,0.017696128899397215,Normal
2019-10-18,Historical_Mean,60D,5,0.0966700881332987,0.017705952830566554,Normal
2019-10-21,Historical_Mean,60D,5,0.0981537214501969,0.017716552043358865,Normal
2019-10-22,Historical_Mean,60D,5,0.1055834939560589,0.017727347529791132,Normal
2019-10-23,Historical_Mean,60D,5,0.1000848902406426,0.017739137136128527,Normal
2019-10-24,Historical_Mean,60D,5,0.0984553198781523,0.01775018580822091,Normal
2019-10-25,Historical_Mean,60D,5,0.0955312165608546,0.017761012898919855,Normal
2019-10-28,Historical_Mean,60D,5,0.080882107218543,0.017771444851121324,Normal
2019-10-29,Historical_Mean,60D,5,0.0658591068181796,0.017779909263992488,Normal
2019-10-30,Historical_Mean,60D,5,0.0726144009176749,0.01778635678947917,Normal
2019-10-31,Historical_Mean,60D,5,0.0747745894086294,0.017793708364181263,Normal
2019-11-01,Historical_Mean,60D,5,0.0682881157791931,0.017801347576011862,Low
2019-11-04,Historical_Mean,60D,5,0.0467264264025176,0.017808115239309873,Low
2019-11-05,Historical_Mean,60D,5,0.0551412548755708,0.017811991168965847,Low
2019-11-06,Historical_Mean,60D,5,0.0693083202007874,0.017816993750540036,Low
2019-11-07,Historical_Mean,60D,5,0.0777697236154795,0.017823893298503354,Low
2019-11-08,Historical_Mean,60D,5,0.0785324755273658,0.017831924626252146,Low
2019-11-11,Historical_Mean,60D,5,0.0750813799312446,0.017840055979353436,Low
2019-11-12,Historical_Mean,60D,5,0.0808176467505549,0.01784772291264461,Low
2019-11-13,Historical_Mean,60D,5,0.0817934138664408,0.01785615600810971,Low
2019-11-14,Historical_Mean,60D,5,0.087398574357187,0.017864717504877028,Low
2019-11-15,Historical_Mean,60D,5,0.0781007692192253,0.017874027165722162,Low
2019-11-18,Historical_Mean,60D,5,0.0794395789949009,0.017882089647924773,Low
2019-11-19,Historical_Mean,60D,5,0.0771081351084458,0.017890329172666707,Low
2019-11-20,Historical_Mean,60D,5,0.0855661398136718,0.017898254467893657,Low
2019-11-21,Historical_Mean,60D,5,0.0833273284718638,0.017907309450543966,Low
2019-11-22,Historical_Mean,60D,5,0.0705809452966679,0.017916062463525142,Low
2019-11-25,Historical_Mean,60D,5,0.0290136139887602,0.017923107932800476,Low
2019-11-26,Historical_Mean,60D,5,-0.0039274540315333,0.01792459141408137,Low
2019-11-27,Historical_Mean,60D,5,-0.011878886980363,0.017921668845478238,Low
2019-11-29,Historical_Mean,60D,5,-0.0530277371026352,0.017917683748416745,Low
2019-12-02,Historical_Mean,60D,5,-0.0526317165183246,0.01790819779830964,Low
2019-12-03,Historical_Mean,60D,5,-0.0009606224908662,0.01789876732848121,Low
2019-12-04,Historical_Mean,60D,5,-0.0357747650225508,0.01789624635671014,Low
2019-12-05,Historical_Mean,60D,5,0.0040624574114522,0.01788907300581743,Low
2019-12-06,Historical_Mean,60D,5,-0.0395425710589547,0.017887225268867765,Low
2019-12-09,Historical_Mean,60D,5,-0.0535756810268664,0.017879551592180458,Low
2019-12-10,Historical_Mean,60D,5,-0.1314885577982538,0.017870005134916725,Low
2019-12-11,Historical_Mean,60D,5,-0.0861774429017455,0.017850053416651537,Low
2019-12-12,Historical_Mean,60D,5,-0.144819003085906,0.017836159000153822,Low
2019-12-13,Historical_Mean,60D,5,-0.2448364346385943,0.017814436889832502,Low
2019-12-16,Historical_Mean,60D,5,-0.1631503886319012,0.017779365335348803,Low
2019-12-17,Historical_Mean,60D,5,-0.2911378221331797,0.017755209159919266,Low
2019-12-18,Historical_Mean,60D,5,-0.2324791158569651,0.017713973940149796,Low
2019-12-19,Historical_Mean,60D,5,-0.2901507670109097,0.017680579240497218,Low
2019-12-20,Historical_Mean,60D,5,-0.2903866018448428,0.01763949671730872,Low
2019-12-23,Historical_Mean,60D,5,-0.3355799946125081,0.01759839368841065,Low
2019-12-24,Historical_Mean,60D,5,-0.3651160283196166,0.017551271822059625,Low
2019-12-26,Historical_Mean,60D,5,-0.2805478582117074,0.017500222288956414,Low
2019-12-27,Historical_Mean,60D,5,-0.2691128519305432,0.017460466642631126,Low
2019-12-30,Historical_Mean,60D,5,-0.2027714247769467,0.017422246674829955,Low
2019-12-31,Historical_Mean,60D,5,-0.2399809609627638,0.017392883603560217,Low
2020-01-02,Historical_Mean,60D,5,-0.2153582657551059,0.017358567090951373,Low
2020-01-03,Historical_Mean,60D,5,-0.2244156671785671,0.017327542316541822,Low
2020-01-06,Historical_Mean,60D,5,-0.2730891751056266,0.017295318481631784,Low
2020-01-07,Historical_Mean,60D,5,-0.2477093429640714,0.01725661603013408,Low
2020-01-08,Historical_Mean,60D,5,-0.267852677275657,0.017221306067581547,Low
2020-01-09,Historical_Mean,60D,5,-0.2065176472477329,0.017183321526163392,Low
2020-01-10,Historical_Mean,60D,5,-0.2052627238085905,0.017153518572689652,Low
2020-01-13,Historical_Mean,60D,5,-0.1787253466632389,0.017123890726362053,Low
2020-01-14,Historical_Mean,60D,5,-0.1628261955226439,0.017097805319144472,Low
2020-01-15,Historical_Mean,60D,5,-0.1748507052110091,0.017073844205701696,Low
2020-01-16,Historical_Mean,60D,5,-0.1530678930609332,0.017048288340266716,Low
2020-01-17,Historical_Mean,60D,5,-0.1791993489807876,0.017025639401190534,Low
2020-01-21,Historical_Mean,60D,5,-0.1707440107716609,0.016999517863865988,Low
2020-01-22,Historical_Mean,60D,5,-0.1445921130470213,0.016974528707918227,Low
2020-01-23,Historical_Mean,60D,5,-0.1637752848557273,0.016953026626236708,Low
2020-01-24,Historical_Mean,60D,5,-0.1858471106658642,0.016928977616059465,Low
2020-01-27,Historical_Mean,60D,5,-0.1473200577268835,0.01690199836003473,Low
2020-01-28,Historical_Mean,60D,5,-0.1578630088874316,0.016880151605200764,Normal
2020-01-29,Historical_Mean,60D,5,-0.1431736681770078,0.016856908301065007,Low
2020-01-30,Historical_Mean,60D,5,-0.131696256925483,0.016835624809047704,Low
2020-01-31,Historical_Mean,60D,5,-0.1190879835446038,0.016815873229029814,Normal
2020-02-03,Historical_Mean,60D,5,-0.1000797052607633,0.016797803310565032,Normal
2020-02-04,Historical_Mean,60D,5,-0.1242041644973242,0.016782265221151137,Normal
2020-02-05,Historical_Mean,60D,5,-0.1638521541710731,0.01676352450206055,Normal
2020-02-06,Historical_Mean,60D,5,-0.1629314866492255,0.016739519228446364,Normal
2020-02-07,Historical_Mean,60D,5,-0.1485160604419874,0.01671564268281478,Normal
2020-02-10,Historical_Mean,60D,5,-0.1628196309616034,0.016693687898982092,Normal
2020-02-11,Historical_Mean,60D,5,-0.1530677238927147,0.01666983864710743,Normal
2020-02-12,Historical_Mean,60D,5,-0.1427787819326914,0.016647291149426795,Normal
2020-02-13,Historical_Mean,60D,5,-0.141013936205912,0.01662611621609141,Normal
2020-02-14,Historical_Mean,60D,5,-0.1635691380764451,0.016605181282170825,Normal
2020-02-18,Historical_Mean,60D,5,-0.1782619207145773,0.016581256926924692,Normal
2020-02-19,Historical_Mean,60D,5,-0.171497751194791,0.016555388209765706,Normal
2020-02-20,Historical_Mean,60D,5,-0.1637562585630704,0.016530424299052236,Normal
2020-02-21,Historical_Mean,60D,5,-0.1221672405601772,0.016506494556171678,Normal
2020-02-24,Historical_Mean,60D,5,-0.0986189088513358,0.016488090609905408,High
2020-02-25,Historical_Mean,60D,5,-0.051357013862567,0.01647281632653741,High
2020-02-26,Historical_Mean,60D,5,-0.0553752848489906,0.016463816747104065,High
2020-02-27,Historical_Mean,60D,5,-0.0078562028099171,0.016454286486876406,High
2020-02-28,Historical_Mean,60D,5,0.0126305453211963,0.016451061856382072,High
2020-03-02,Historical_Mean,60D,5,-0.0176618759579024,0.016450555156576344,High
2020-03-03,Historical_Mean,60D,5,0.0087384696400924,0.016446031561414633,High
2020-03-04,Historical_Mean,60D,5,-0.0277970861682327,0.016445009609422943,High
2020-03-05,Historical_Mean,60D,5,0.0104579127501126,0.016439144291144053,High
2020-03-06,Historical_Mean,60D,5,0.0358361636848974,0.016438351444969475,High
2020-03-09,Historical_Mean,60D,5,0.128403247437833,0.01644092239423918,High
2020-03-10,Historical_Mean,60D,5,0.076813805928365,0.01645575970209017,High
2020-03-11,Historical_Mean,60D,5,0.1527907115586064,0.01646375732316163,High
2020-03-12,Historical_Mean,60D,5,0.2647052203668858,0.01648181865785101,High
2020-03-13,Historical_Mean,60D,5,0.1680670699979278,0.016514700284782927,High
2020-03-16,Historical_Mean,60D,5,0.2903920117355631,0.016534773446334337,High
2020-03-17,Historical_Mean,60D,5,0.1714130061035825,0.016571041124560957,High
2020-03-18,Historical_Mean,60D,5,0.2376115650408744,0.016591544562720256,High
2020-03-19,Historical_Mean,60D,5,0.2411926648886486,0.016620807110115748,High
2020-03-20,Historical_Mean,60D,5,0.304305141808726,0.016650535976647195,High
2020-03-23,Historical_Mean,60D,5,0.3304298465856734,0.016688610709384728,High
2020-03-24,Historical_Mean,60D,5,0.241340657471512,0.016730132842242892,High
2020-03-25,Historical_Mean,60D,5,0.224206153485016,0.016759855023615034,High
2020-03-26,Historical_Mean,60D,5,0.1701364157074279,0.016787302271360653,High
2020-03-27,Historical_Mean,60D,5,0.2087024304405379,0.0168075892290847,High
2020-03-30,Historical_Mean,60D,5,0.1495405742749009,0.01683297214458886,High
2020-03-31,Historical_Mean,60D,5,0.1765827127915347,0.016850523738575148,High
2020-04-01,Historical_Mean,60D,5,0.1972038712494905,0.01687164674691328,High
2020-04-02,Historical_Mean,60D,5,0.1892101023060638,0.016895490753855307,High
2020-04-03,Historical_Mean,60D,5,0.2197553125677639,0.01691827163851319,High
2020-04-06,Historical_Mean,60D,5,0.1567966323988042,0.016945084201755653,High
2020-04-07,Historical_Mean,60D,5,0.1629319419239835,0.016963568413782753,High
2020-04-08,Historical_Mean,60D,5,0.1451995015648621,0.016982858538470237,High
2020-04-09,Historical_Mean,60D,5,0.1199385533915191,0.01699980048390184,High
2020-04-13,Historical_Mean,60D,5,0.1378915990996266,0.017013400530527235,High
2020-04-14,Historical_Mean,60D,5,0.1021174480511244,0.017029368588462386,High
2020-04-15,Historical_Mean,60D,5,0.1348059904979366,0.017040607272845253,High
2020-04-16,Historical_Mean,60D,5,0.1195995074423363,0.01705616001759236,High
2020-04-17,Historical_Mean,60D,5,0.1064758760039197,0.01706970066824926,High
2020-04-20,Historical_Mean,60D,5,0.1335597785556226,0.017081505022003642,High
2020-04-21,Historical_Mean,60D,5,0.1613029785778379,0.017096881691777057,High
2020-04-22,Historical_Mean,60D,5,0.1414762405832847,0.017115916287458958,High
2020-04-23,Historical_Mean,60D,5,0.1503876054986206,0.017132329158555143,High
2020-04-24,Historical_Mean,60D,5,0.1382431442663414,0.01714991365002256,High
2020-04-27,Historical_Mean,60D,5,0.1293669066790793,0.01716589111810757,High
2020-04-28,Historical_Mean,60D,5,0.1222266984573162,0.017180693362904533,High
2020-04-29,Historical_Mean,60D,5,0.0897803543879671,0.01719454984689008,High
2020-04-30,Historical_Mean,60D,5,0.1064034265285042,0.017204123284576846,High
2020-05-01,Historical_Mean,60D,5,0.1283692021246338,0.017215886347117258,High
2020-05-04,Historical_Mean,60D,5,0.1364801628975269,0.01723054263875459,High
2020-05-05,Historical_Mean,60D,5,0.1237229259362923,0.017246264408070183,High
2020-05-06,Historical_Mean,60D,5,0.1383680425775113,0.017260300350797342,High
2020-05-07,Historical_Mean,60D,5,0.1340844494869794,0.017276262884371448,High
2020-05-08,Historical_Mean,60D,5,0.1209590774478866,0.017291656688615334,High
2020-05-11,Historical_Mean,60D,5,0.1272351685166139,0.017305316910088422,High
2020-05-12,Historical_Mean,60D,5,0.1543556603093262,0.01731980042149903,High
2020-05-13,Historical_Mean,60D,5,0.172605486203563,0.017337852833551177,High
2020-05-14,Historical_Mean,60D,5,0.1638850336728834,0.017358304313183685,High
2020-05-15,Historical_Mean,60D,5,0.1519653030677831,0.01737760192010581,High
2020-05-18,Historical_Mean,60D,5,0.1348495965913232,0.017395324819914564,High
2020-05-19,Historical_Mean,60D,5,0.143340071626766,0.0174107895034921,High
2020-05-20,Historical_Mean,60D,5,0.1266541836170713,0.017427367871333505,High
2020-05-21,Historical_Mean,60D,5,0.1371643294344483,0.017441745496151947,High
2020-05-22,Historical_Mean,60D,5,0.1371141241674528,0.017457502614332824,High
2020-05-26,Historical_Mean,60D,5,0.1204857158008104,0.017473248978532474,High
2020-05-27,Historical_Mean,60D,5,0.1089209230788422,0.017486803250482772,High
2020-05-28,Historical_Mean,60D,5,0.1144662623867342,0.01749883247293092,High
2020-05-29,Historical_Mean,60D,5,0.1196590841993297,0.017511587988573357,High
2020-06-01,Historical_Mean,60D,5,0.1195047674665055,0.017525023145249768,High
2020-06-02,Historical_Mean,60D,5,0.1214714615289484,0.017538434474066347,High
2020-06-03,Historical_Mean,60D,5,0.1095864367481935,0.017552100881305648,High
2020-06-04,Historical_Mean,60D,5,0.1196708286813728,0.01756420110952901,High
2020-06-05,Historical_Mean,60D,5,0.0915994406842282,0.017577623829073092,High
2020-06-08,Historical_Mean,60D,5,0.0871266156991282,0.017587353300268567,High
2020-06-09,Historical_Mean,60D,5,0.1102054092627199,0.01759649238062063,High
2020-06-10,Historical_Mean,60D,5,0.0797750708557166,0.017608661752090027,High
2020-06-11,Historical_Mean,60D,5,0.1323614830977306,0.017616829720701725,High
2020-06-12,Historical_Mean,60D,5,0.091236367406052,0.017631903900073378,High
2020-06-15,Historical_Mean,60D,5,0.1029032672500572,0.017641572160089925,High
2020-06-16,Historical_Mean,60D,5,0.0663771684579512,0.017652770176256195,High
2020-06-17,Historical_Mean,60D,5,0.070516894848668,0.01765916865272129,High
2020-06-18,Historical_Mean,60D,5,0.0825841864698891,0.017666109005425593,High
2020-06-19,Historical_Mean,60D,5,0.0934554859660624,0.017674631793592122,High
2020-06-22,Historical_Mean,60D,5,0.0823517457772523,0.017684579398497935,High
2020-06-23,Historical_Mean,60D,5,0.0696056270572161,0.017693067017132764,High
2020-06-24,Historical_Mean,60D,5,0.0845553157050498,0.017699879689054038,High
2020-06-25,Historical_Mean,60D,5,0.062016923949534,0.017708652217070832,High
2020-06-26,Historical_Mean,60D,5,0.0970051446227411,0.0177144654251176,High
2020-06-29,Historical_Mean,60D,5,0.0584189175948333,0.017724866930981117,High
2020-06-30,Historical_Mean,60D,5,0.0461095737137068,0.017730204555674697,High
2020-07-01,Historical_Mean,60D,5,0.0569504489620244,0.017733926440154438,High
2020-07-02,Historical_Mean,60D,5,0.0684016703390619,0.017739068916226015,High
2020-07-06,Historical_Mean,60D,5,0.0478204568024545,0.01774571144951864,High
2020-07-07,Historical_Mean,60D,5,0.0669177772404776,0.017749654127199935,High
2020-07-08,Historical_Mean,60D,5,0.0643997405413424,0.01775609902471118,High
2020-07-09,Historical_Mean,60D,5,0.0604355191511662,0.01776221221494927,High
2020-07-10,Historical_Mean,60D,5,0.0678368183796241,0.017767804313879452,High
2020-07-13,Historical_Mean,60D,5,0.0631713992081599,0.017774364719286388,High
2020-07-14,Historical_Mean,60D,5,0.0671012623954973,0.01778031218875958,High
2020-07-15,Historical_Mean,60D,5,0.0660384183540117,0.017786772884359103,High
2020-07-16,Historical_Mean,60D,5,0.0782054287488797,0.01779309268075329,High
2020-07-17,Historical_Mean,60D,5,0.0916433963196205,0.017801004196739162,High
2020-07-20,Historical_Mean,60D,5,0.0769447074353169,0.017810673228050265,High
2020-07-21,Historical_Mean,60D,5,0.0686219060166973,0.017818415311607123,High
2020-07-22,Historical_Mean,60D,5,0.0613623519080105,0.017825065853655175,High
2020-07-23,Historical_Mean,60D,5,0.0738936407768879,0.01783076445130627,High
2020-07-24,Historical_Mean,60D,5,0.0636386172862214,0.01783810156376872,High
2020-07-27,Historical_Mean,60D,5,0.0609868837847403,0.017844094826752553,Normal
2020-07-28,Historical_Mean,60D,5,0.0652832051918163,0.017849739572134996,Normal
2020-07-29,Historical_Mean,60D,5,0.0581367758435649,0.017855944892074774,Normal
2020-07-30,Historical_Mean,60D,5,0.0653339159274092,0.01786121380390623,Normal
2020-07-31,Historical_Mean,60D,5,0.0389282066999108,0.01786742263232939,Normal
2020-08-03,Historical_Mean,60D,5,0.0287426386851066,0.017870176756046876,Normal
2020-08-04,Historical_Mean,60D,5,-0.0107883264496048,0.017871598364562705,Normal
2020-08-05,Historical_Mean,60D,5,-0.0053209619451252,0.017867851479373247,Normal
2020-08-06,Historical_Mean,60D,5,-0.0239318014110501,0.017864820261932136,Normal
2020-08-07,Historical_Mean,60D,5,-0.012321679790415,0.017859357365360057,Normal
2020-08-10,Historical_Mean,60D,5,0.0025825926202708,0.017855413162908965,Normal
2020-08-11,Historical_Mean,60D,5,0.0323911736767398,0.01785341749839274,Normal
2020-08-12,Historical_Mean,60D,5,0.0377649371598274,0.01785531686554434,Normal
2020-08-13,Historical_Mean,60D,5,0.0395264532506104,0.017857917730377034,Normal
2020-08-14,Historical_Mean,60D,5,0.0513303253932337,0.017860747998861913,Normal
2020-08-17,Historical_Mean,60D,5,0.0472233726649423,0.01786511910731096,Normal
2020-08-18,Historical_Mean,60D,5,0.052545360608117,0.01786895277844672,Normal
2020-08-19,Historical_Mean,60D,5,0.0469308324062297,0.017873480315700886,Normal
2020-08-20,Historical_Mean,60D,5,0.0572957243441774,0.017877273703702262,Low
2020-08-21,Historical_Mean,60D,5,0.0654412592840376,0.017882419043819802,Low
2020-08-24,Historical_Mean,60D,5,0.0506442001344866,0.017888626149045617,Low
2020-08-25,Historical_Mean,60D,5,0.0354230897414651,0.017892900659548742,Low
2020-08-26,Historical_Mean,60D,5,0.0292177640873564,0.01789518800154795,Low
2020-08-27,Historical_Mean,60D,5,0.0207303806826285,0.017896665180424116,Low
2020-08-28,Historical_Mean,60D,5,0.0196404860149079,0.017897034827632857,Low
2020-08-31,Historical_Mean,60D,5,0.0378703200044482,0.01789726222442264,Low
2020-09-01,Historical_Mean,60D,5,0.0287878138282328,0.017899866952875956,Low
2020-09-02,Historical_Mean,60D,5,0.0159328747102643,0.017901286687766475,Low
2020-09-03,Historical_Mean,60D,5,0.0470843282154775,0.01790103004995976,High
2020-09-04,Historical_Mean,60D,5,0.0664587496313456,0.01790483441681747,High
2020-09-08,Historical_Mean,60D,5,0.0963971432464166,0.017911163133607688,High
2020-09-09,Historical_Mean,60D,5,0.0758280305039419,0.017921391985440453,High
2020-09-10,Historical_Mean,60D,5,0.1023667401445244,0.017928937807504368,High
2020-09-11,Historical_Mean,60D,5,0.0998962965474738,0.01793993947556131,High
2020-09-14,Historical_Mean,60D,5,0.0900182326926214,0.017950616437139206,High
2020-09-15,Historical_Mean,60D,5,0.07683148181365,0.017960003908320067,High
2020-09-16,Historical_Mean,60D,5,0.0801751941780301,0.017967671462097788,High
2020-09-17,Historical_Mean,60D,5,0.0873573456223497,0.01797577245476818,High
2020-09-18,Historical_Mean,60D,5,0.0942341343250311,0.017984806513774373,High
2020-09-21,Historical_Mean,60D,5,0.1187111803745477,0.017994733519087647,High
2020-09-22,Historical_Mean,60D,5,0.1100193895964948,0.018007844225525486,High
2020-09-23,Historical_Mean,60D,5,0.1397678713198521,0.018019820217373847,High
2020-09-24,Historical_Mean,60D,5,0.1332675688130745,0.018035664575924405,High
2020-09-25,Historical_Mean,60D,5,0.1135032011019767,0.018050658968147847,High
2020-09-28,Historical_Mean,60D,5,0.0954457645563518,0.018063077982216777,High
2020-09-29,Historical_Mean,60D,5,0.1010155805326146,0.018073144677491156,High
2020-09-30,Historical_Mean,60D,5,0.096326087943722,0.018083933235744944,High
2020-10-01,Historical_Mean,60D,5,0.0997318459178384,0.018094109091474943,High
2020-10-02,Historical_Mean,60D,5,0.1071257939569304,0.018104725182089554,High
2020-10-05,Historical_Mean,60D,5,0.0906533330491087,0.01811629988873041,High
2020-10-06,Historical_Mean,60D,5,0.1111436021483357,0.01812573008024892,High
2020-10-07,Historical_Mean,60D,5,0.0790316756660683,0.01813782131540661,High
2020-10-08,Historical_Mean,60D,5,0.078111094154561,0.018145735775291022,High
2020-10-09,Historical_Mean,60D,5,0.0750496023562823,0.018153528544411136,High
2020-10-12,Historical_Mean,60D,5,0.0735053323057111,0.018160921485395005,High
2020-10-13,Historical_Mean,60D,5,0.0853090613283895,0.01816811187266541,High
2020-10-14,Historical_Mean,60D,5,0.0853779057958277,0.01817683374191141,High
2020-10-15,Historical_Mean,60D,5,0.0873225313406104,0.01818556228744381,High
2020-10-16,Historical_Mean,60D,5,0.089460677270706,0.018194541114593572,High
2020-10-19,Historical_Mean,60D,5,0.1021648277169054,0.018203795255115077,High
2020-10-20,Historical_Mean,60D,5,0.0902326315986257,0.018214696453824734,High
2020-10-21,Historical_Mean,60D,5,0.1005342032459577,0.018224045789816533,High
2020-10-22,Historical_Mean,60D,5,0.1091682666189773,0.018234729870483215,High
2020-10-23,Historical_Mean,60D,5,0.1060451014599013,0.018246531757147525,High
2020-10-26,Historical_Mean,60D,5,0.1217944217822854,0.018257925290719124,High
2020-10-27,Historical_Mean,60D,5,0.1284339446457484,0.018271359376159837,High
2020-10-28,Historical_Mean,60D,5,0.1628695435931726,0.018285651356604773,High
2020-10-29,Historical_Mean,60D,5,0.1249797035270748,0.018304406563795922,High
2020-10-30,Historical_Mean,60D,5,0.1468967157510952,0.018318242529679618,High
2015-06-10,Historical_Mean,120D,1,-0.0118455038770558,0.033599121183872566,Low
2015-06-11,Historical_Mean,120D,1,-0.0029586816868445,0.0335919668033529,Low
2015-06-12,Historical_Mean,120D,1,-0.0069963996731908,0.033586213513806196,Low
2015-06-15,Historical_Mean,120D,1,-0.0168409364955695,0.03357982657436852,Low
2015-06-16,Historical_Mean,120D,1,-0.0021968106474721,0.03357189254398773,Low
2015-06-17,Historical_Mean,120D,1,-0.0111885390029427,0.0335662649947128,Low
2015-06-18,Historical_Mean,120D,1,-0.0275535916825461,0.03355922475497744,Low
2015-06-19,Historical_Mean,120D,1,-0.0300050628102892,0.03354961279894764,Low
2015-06-22,Historical_Mean,120D,1,-0.0338325742132368,0.033539618353970554,Low
2015-06-23,Historical_Mean,120D,1,-0.0540821083942456,0.03352902524193169,Low
2015-06-24,Historical_Mean,120D,1,-0.0419573546118723,0.033515252072047044,Low
2015-06-25,Historical_Mean,120D,1,-0.0284167703493615,0.033503389040502894,Low
2015-06-26,Historical_Mean,120D,1,-0.0136159789536676,0.03349365775661324,Low
2015-06-29,Historical_Mean,120D,1,-0.0076837860809325,0.033486255236702754,Normal
2015-06-30,Historical_Mean,120D,1,-0.0282962434405068,0.03347978704482253,Normal
2015-07-01,Historical_Mean,120D,1,-0.0274600331479877,0.03347008298725336,Normal
2015-07-02,Historical_Mean,120D,1,-0.0183738673668721,0.03346051331297423,Normal
2015-07-06,Historical_Mean,120D,1,-0.0021630381404209,0.03345237349188757,Normal
2015-07-07,Historical_Mean,120D,1,-0.009825514138153,0.03344678149759768,Normal
2015-07-08,Historical_Mean,120D,1,0.0047865143176825,0.033439988358565376,Normal
2015-07-09,Historical_Mean,120D,1,0.0131005308458854,0.03343549087401965,Normal
2015-07-10,Historical_Mean,120D,1,-0.0064058543229008,0.0334322995745802,Normal
2015-07-13,Historical_Mean,120D,1,-0.0268676078717238,0.03342604849127603,Normal
2015-07-14,Historical_Mean,120D,1,-0.0467329229060299,0.03341658917901324,Normal
2015-07-15,Historical_Mean,120D,1,-0.0439874624659328,0.033404016706529316,Normal
2015-07-16,Historical_Mean,120D,1,-0.0651723589130346,0.033391878770649065,Normal
2015-07-17,Historical_Mean,120D,1,-0.09026374705683,0.0333764225627639,Normal
2015-07-20,Historical_Mean,120D,1,-0.1019322211266795,0.03335703714890069,Normal
2015-07-21,Historical_Mean,120D,1,-0.0968085165881338,0.033335828611782706,Normal
2015-07-22,Historical_Mean,120D,1,-0.0866454374501689,0.03331542981159463,Normal
2015-07-23,Historical_Mean,120D,1,-0.1062356023166985,0.03329663011448419,Normal
2015-07-24,Historical_Mean,120D,1,-0.0789165206856534,0.03327476671234831,Normal
2015-07-27,Historical_Mean,120D,1,-0.0949605383187515,0.03325719013591121,Normal
2015-07-28,Historical_Mean,120D,1,-0.106738931933212,0.03323710590526355,Normal
2015-07-29,Historical_Mean,120D,1,-0.125793840886494,0.0332151832681706,Normal
2015-07-30,Historical_Mean,120D,1,-0.1206402191545682,0.03319028364021027,Normal
2015-07-31,Historical_Mean,120D,1,-0.098285388471303,0.033166198701617064,Normal
2015-08-03,Historical_Mean,120D,1,-0.1112862396992198,0.033145620807569956,Normal
2015-08-04,Historical_Mean,120D,1,-0.0949887627019191,0.033123014474731205,Normal
2015-08-05,Historical_Mean,120D,1,-0.1090215231879382,0.03310296568331076,Low
2015-08-06,Historical_Mean,120D,1,-0.0957249765477846,0.03308072745942228,Low
2015-08-07,Historical_Mean,120D,1,-0.0683873026968904,0.03306057637932103,Low
2015-08-10,Historical_Mean,120D,1,-0.0815574731744574,0.03304470779194793,Low
2015-08-11,Historical_Mean,120D,1,-0.0908753772125065,0.033026784397990096,Low
2015-08-12,Historical_Mean,120D,1,-0.0868453608291471,0.033007409548637394,Low
2015-08-13,Historical_Mean,120D,1,-0.0840437666682424,0.032988670841573954,Low
2015-08-14,Historical_Mean,120D,1,-0.1066022572189535,0.03297037594748144,Low
2015-08-17,Historical_Mean,120D,1,-0.1260552068514137,0.03294856090634883,Low
2015-08-18,Historical_Mean,120D,1,-0.1240900645625408,0.03292371268510211,Low
2015-08-19,Historical_Mean,120D,1,-0.1159898962837046,0.03289917928240716,Low
2015-08-20,Historical_Mean,120D,1,-0.1070413831588146,0.03287591899876927,Normal
2015-08-21,Historical_Mean,120D,1,-0.0553421254298903,0.03285406375007237,High
2015-08-24,Historical_Mean,120D,1,0.0012510566583137,0.03284028955216827,High
2015-08-25,Historical_Mean,120D,1,0.0312114170266108,0.03283535681748778,High
2015-08-26,Historical_Mean,120D,1,-0.0117565145318553,0.03283510327497554,High
2015-08-27,Historical_Mean,120D,1,-0.0357898023033472,0.0328281423605505,High
2015-08-28,Historical_Mean,120D,1,-0.0220476223611473,0.03281743252058422,High
2015-08-31,Historical_Mean,120D,1,-0.0261531212679516,0.03280887055821192,High
2015-09-01,Historical_Mean,120D,1,0.0082994886091083,0.03279967068431175,High
2015-09-02,Historical_Mean,120D,1,0.0014561839163443,0.032795848503020766,High
2015-09-03,Historical_Mean,120D,1,-0.0015797971126392,0.03279096008240204,High
2015-09-04,Historical_Mean,120D,1,0.0057143805500653,0.032785599702303,High
2015-09-08,Historical_Mean,120D,1,0.0045291287546455,0.03278137839883313,High
2015-09-09,Historical_Mean,120D,1,0.0226101143848321,0.032776973620279315,High
2015-09-10,Historical_Mean,120D,1,0.0208386732602132,0.03277538876303295,High
2015-09-11,Historical_Mean,120D,1,0.0196621066811688,0.03277352830238725,High
2015-09-14,Historical_Mean,120D,1,0.0246447707050765,0.03277148507009471,High
2015-09-15,Historical_Mean,120D,1,0.0005913270176379,0.03277021883226906,High
2015-09-16,Historical_Mean,120D,1,-0.0030367409149237,0.0327652057629725,High
2015-09-17,Historical_Mean,120D,1,-0.000316603675241,0.03275962913576411,High
2015-09-18,Historical_Mean,120D,1,0.0322421728679938,0.03275447787695535,High
2015-09-21,Historical_Mean,120D,1,0.0264250122177092,0.03275439810351889,High
2015-09-22,Historical_Mean,120D,1,0.0369813113027695,0.03275341267834595,High
2015-09-23,Historical_Mean,120D,1,0.0446167834141434,0.03275407081947678,High
2015-09-24,Historical_Mean,120D,1,0.0545590183540461,0.03275591715606739,High
2015-09-25,Historical_Mean,120D,1,0.0594208874062928,0.03275931010676735,High
2015-09-28,Historical_Mean,120D,1,0.0864071904733942,0.03276345847728229,High
2015-09-29,Historical_Mean,120D,1,0.0842973236636403,0.032771803799621455,High
2015-09-30,Historical_Mean,120D,1,0.058994915529408,0.03277981834618608,High
2015-10-01,Historical_Mean,120D,1,0.056644835071694,0.03278389534419281,High
2015-10-02,Historical_Mean,120D,1,0.0429761489433608,0.03278760564425928,High
2015-10-05,Historical_Mean,120D,1,0.0336295674790959,0.0327891896839513,High
2015-10-06,Historical_Mean,120D,1,0.0415651368168053,0.0327893203193928,High
2015-10-07,Historical_Mean,120D,1,0.0315197745996317,0.032790684294602225,High
2015-10-08,Historical_Mean,120D,1,0.029050953521673,0.032790486795038126,High
2015-10-09,Historical_Mean,120D,1,0.0251126249153031,0.032789905761279055,High
2015-10-12,Historical_Mean,120D,1,0.0136416620261755,0.03278871308132784,High
2015-10-13,Historical_Mean,120D,1,0.0309432836483158,0.032785739013130394,High
2015-10-14,Historical_Mean,120D,1,0.0236226405902501,0.03278545287314518,High
2015-10-15,Historical_Mean,120D,1,0.0116617918435115,0.03278403007620684,High
2015-10-16,Historical_Mean,120D,1,0.0043581845802106,0.0327807507347641,High
2015-10-19,Historical_Mean,120D,1,0.0137034295177276,0.03277633866302325,High
2015-10-20,Historical_Mean,120D,1,0.0251156003421791,0.03277337841016817,Normal
2015-10-21,Historical_Mean,120D,1,0.0311309616834458,0.032772190052305354,Normal
2015-10-22,Historical_Mean,120D,1,0.0136553450947057,0.03277193540089048,High
2015-10-23,Historical_Mean,120D,1,0.009205116739461,0.03276896974927612,High
2015-10-26,Historical_Mean,120D,1,0.0141997876434275,0.032765314738727055,Normal
2015-10-27,Historical_Mean,120D,1,0.0175184285577498,0.0327624354696366,Normal
2015-10-28,Historical_Mean,120D,1,0.0005403772123141,0.032760071691235,Normal
2015-10-29,Historical_Mean,120D,1,0.0010381111725156,0.0327550763897654,Normal
2015-10-30,Historical_Mean,120D,1,0.0040459032401782,0.03275015979308004,Normal
2015-11-02,Historical_Mean,120D,1,-0.0058869729243995,0.03274571090024791,Normal
2015-11-03,Historical_Mean,120D,1,-0.0069633317377203,0.03273972412141254,Normal
2015-11-04,Historical_Mean,120D,1,-0.0126853008596348,0.03273357242388246,Normal
2015-11-05,Historical_Mean,120D,1,-0.0166284603336937,0.03272653619254497,Normal
2015-11-06,Historical_Mean,120D,1,-0.008501171856426,0.03271889136656506,Normal
2015-11-09,Historical_Mean,120D,1,-0.0073443805883193,0.03271250758722125,Normal
2015-11-10,Historical_Mean,120D,1,-0.0148084184472416,0.03270630491020429,Normal
2015-11-11,Historical_Mean,120D,1,-0.0118141478184668,0.03269894855111504,Normal
2015-11-12,Historical_Mean,120D,1,0.0054446260717184,0.032692057978921614,Normal
2015-11-13,Historical_Mean,120D,1,0.0174684798114836,0.032687840763025125,Normal
2015-11-16,Historical_Mean,120D,1,0.0150815422532867,0.03268548555396422,Normal
2015-11-17,Historical_Mean,120D,1,0.0068142963936645,0.032682761750266145,Normal
2015-11-18,Historical_Mean,120D,1,-0.0093884127514719,0.03267875982183845,Normal
2015-11-19,Historical_Mean,120D,1,-0.0167791065842452,0.03267225291192766,Normal
2015-11-20,Historical_Mean,120D,1,-0.0108330854747818,0.032664605006035886,Normal
2015-11-23,Historical_Mean,120D,1,-0.0190533251852606,0.032657878905760516,Normal
2015-11-24,Historical_Mean,120D,1,-0.0200694174438199,0.03264988397624737,Normal
2015-11-25,Historical_Mean,120D,1,-0.0236538713515734,0.03264173444750722,Normal
2015-11-27,Historical_Mean,120D,1,-0.0182458536882498,0.03263303342651818,Normal
2015-11-30,Historical_Mean,120D,1,-0.0156816901167329,0.032625170826129556,Normal
2015-12-01,Historical_Mean,120D,1,-0.0127169915294821,0.03261770684885161,Normal
2015-12-02,Historical_Mean,120D,1,0.0052901307615502,0.03261070318773955,Normal
2015-12-03,Historical_Mean,120D,1,0.0195574911557718,0.03260648314257023,Normal
2015-12-04,Historical_Mean,120D,1,0.0035173297313601,0.0326044678542325,Normal
2015-12-07,Historical_Mean,120D,1,0.0095256050711679,0.03259997632580093,Normal
2015-12-08,Historical_Mean,120D,1,0.0171710563506887,0.032596413816729654,Normal
2015-12-09,Historical_Mean,120D,1,0.0277608388833675,0.03259403262539498,Normal
2015-12-10,Historical_Mean,120D,1,0.0225959200680782,0.03259328664704307,Normal
2015-12-11,Historical_Mean,120D,1,0.0470951163432571,0.03259174384355866,High
2015-12-14,Historical_Mean,120D,1,0.0436394439083865,0.03259398167298309,Normal
2015-12-15,Historical_Mean,120D,1,0.0363809657744268,0.032595685693692034,Normal
2015-12-16,Historical_Mean,120D,1,0.0202510945257618,0.03259626957153882,High
2015-12-17,Historical_Mean,120D,1,0.0261883387514721,0.03259436562720727,Normal
2015-12-18,Historical_Mean,120D,1,0.0359975349688694,0.03259337780502135,High
2015-12-21,Historical_Mean,120D,1,0.0264487231697412,0.03259390265194762,High
2015-12-22,Historical_Mean,120D,1,0.0158282185143621,0.03259295534510591,High
2015-12-23,Historical_Mean,120D,1,0.0066147150978537,0.03259037138443533,High
2015-12-24,Historical_Mean,120D,1,0.0049513463571084,0.03258636835526495,High
2015-12-28,Historical_Mean,120D,1,0.0129236655918372,0.03258211026250714,High
2015-12-29,Historical_Mean,120D,1,0.0050583920230241,0.03257908169300003,High
2015-12-30,Historical_Mean,120D,1,0.0106488618102269,0.032574842523303484,High
2015-12-31,Historical_Mean,120D,1,0.0333809139236497,0.032571465658878244,High
2016-01-04,Historical_Mean,120D,1,0.0122221629158731,0.03257159030443796,High
2016-01-05,Historical_Mean,120D,1,-0.0080502877351894,0.032568457213231095,High
2016-01-06,Historical_Mean,120D,1,0.0227659968715243,0.03256220432761711,High
2016-01-07,Historical_Mean,120D,1,0.063641056362123,0.03256069652286783,High
2016-01-08,Historical_Mean,120D,1,0.088012456957437,0.032565479588401725,High
2016-01-11,Historical_Mean,120D,1,0.0891062549546465,0.03257401120516877,High
2016-01-12,Historical_Mean,120D,1,0.0744627118512731,0.03258270847343792,High
2016-01-13,Historical_Mean,120D,1,0.1050837739874581,0.03258915055979046,High
2016-01-14,Historical_Mean,120D,1,0.0876537551663411,0.032600300148136765,High
2016-01-15,Historical_Mean,120D,1,0.124627714430496,0.03260876600312957,High
2016-01-19,Historical_Mean,120D,1,0.1274988535550655,0.03262291405793082,High
2016-01-20,Historical_Mean,120D,1,0.1462464618883094,0.032637499137023386,High
2016-01-21,Historical_Mean,120D,1,0.141199231927343,0.032654961320046944,High
2016-01-22,Historical_Mean,120D,1,0.1263639278468265,0.03267164247428197,High
2016-01-25,Historical_Mean,120D,1,0.1411960939597767,0.0326860389532882,High
2016-01-26,Historical_Mean,120D,1,0.1295303179512776,0.03270270972529719,High
2016-01-27,Historical_Mean,120D,1,0.1390170357513906,0.03271758339783574,High
2016-01-28,Historical_Mean,120D,1,0.1377648933495631,0.032733909530895715,High
2016-01-29,Historical_Mean,120D,1,0.1096871724984815,0.032750038367477204,High
2016-02-01,Historical_Mean,120D,1,0.1146741341335336,0.032761851223938286,High
2016-02-02,Historical_Mean,120D,1,0.1305790841118354,0.03277442602942026,High
2016-02-03,Historical_Mean,120D,1,0.1259221962509806,0.032789438256294004,High
2016-02-04,Historical_Mean,120D,1,0.1231973670116485,0.03280373119030178,High
2016-02-05,Historical_Mean,120D,1,0.1434564457360928,0.03281760162697837,High
2016-02-08,Historical_Mean,120D,1,0.1593414837768079,0.032834575981705146,High
2016-02-09,Historical_Mean,120D,1,0.158734730276077,0.03285398185803512,High
2016-02-10,Historical_Mean,120D,1,0.1525417575941703,0.03287328872128942,High
2016-02-11,Historical_Mean,120D,1,0.1680482476394977,0.03289163996632437,High
2016-02-12,Historical_Mean,120D,1,0.1489307817319408,0.03291236315057355,High
2016-02-16,Historical_Mean,120D,1,0.141115741279636,0.032930149202785926,High
2016-02-17,Historical_Mean,120D,1,0.123862053362453,0.03294673191156534,High
2016-02-18,Historical_Mean,120D,1,0.1289284034729436,0.03296066529416317,High
2016-02-19,Historical_Mean,120D,1,0.1260856396912573,0.03297537073979277,High
2016-02-22,Historical_Mean,120D,1,0.1164583236946248,0.032989636140275606,High
2016-02-23,Historical_Mean,120D,1,0.1281945378784992,0.03300242239756028,High
2016-02-24,Historical_Mean,120D,1,0.1265535941383889,0.03301700228965416,High
2016-02-25,Historical_Mean,120D,1,0.1097750851914601,0.033031326423168514,High
2016-02-26,Historical_Mean,120D,1,0.1135137965271801,0.03304307711353267,High
2016-02-29,Historical_Mean,120D,1,0.1238651293151345,0.033055396574557416,High
2016-03-01,Historical_Mean,120D,1,0.0988354343447477,0.03306929673263802,High
2016-03-02,Historical_Mean,120D,1,0.0941860026003227,0.03307936195112778,High
2016-03-03,Historical_Mean,120D,1,0.0926432354583673,0.03308871262299453,High
2016-03-04,Historical_Mean,120D,1,0.0840887403327538,0.03309782439209419,High
2016-03-07,Historical_Mean,120D,1,0.0818379571352444,0.033105624746376065,High
2016-03-08,Historical_Mean,120D,1,0.0915616489525374,0.03311307845276776,High
2016-03-09,Historical_Mean,120D,1,0.0917364045983975,0.03312201690979479,High
2016-03-10,Historical_Mean,120D,1,0.0896250203941523,0.0331309793543955,High
2016-03-11,Historical_Mean,120D,1,0.0709837836997382,0.03313961626634164,Normal
2016-03-14,Historical_Mean,120D,1,0.0722041669269385,0.03314540106723333,Normal
2016-03-15,Historical_Mean,120D,1,0.0782350394602912,0.03315137061726538,Normal
2016-03-16,Historical_Mean,120D,1,0.0756275539485165,0.033158259930963885,Normal
2016-03-17,Historical_Mean,120D,1,0.0689075749416268,0.03316474874593983,Normal
2016-03-18,Historical_Mean,120D,1,0.0622861194981306,0.03317020900047629,Normal
2016-03-21,Historical_Mean,120D,1,0.0364732851830017,0.03317465621454345,Normal
2016-03-22,Historical_Mean,120D,1,0.0519214453132084,0.033175159975839794,Normal
2016-03-23,Historical_Mean,120D,1,0.0433862065656645,0.03317802244115318,Normal
2016-03-24,Historical_Mean,120D,1,0.0431764989452286,0.033179580942546236,Normal
2016-03-28,Historical_Mean,120D,1,0.052689908506596,0.0331811069565903,Normal
2016-03-29,Historical_Mean,120D,1,0.0401324686567868,0.03318408449040441,Normal
2016-03-30,Historical_Mean,120D,1,0.0357729854293958,0.033185144826764296,Low
2016-03-31,Historical_Mean,120D,1,0.0381139212732507,0.033185539675803455,Low
2016-04-01,Historical_Mean,120D,1,0.0426609625402868,0.03318629152654296,Low
2016-04-04,Historical_Mean,120D,1,0.0523531945037834,0.03318773671736263,Low
2016-04-05,Historical_Mean,120D,1,0.0567961999558592,0.03319065961774183,Low
2016-04-06,Historical_Mean,120D,1,0.03771855190593,0.033194259120690614,Low
2016-04-07,Historical_Mean,120D,1,0.056190121041233,0.03319494890461884,Normal
2016-04-08,Historical_Mean,120D,1,0.0586899950402592,0.03319845426622503,Normal
2016-04-11,Historical_Mean,120D,1,0.0520684131997818,0.033202339579557455,Low
2016-04-12,Historical_Mean,120D,1,0.0503890519064194,0.03320521462887477,Low
2016-04-13,Historical_Mean,120D,1,0.0371329589563343,0.03320783291887592,Low
2016-04-14,Historical_Mean,120D,1,0.03199216473984,0.033208430896639086,Low
2016-04-15,Historical_Mean,120D,1,0.0372644205471829,0.033208245631420996,Low
2016-04-18,Historical_Mean,120D,1,0.0312261387859896,0.03320886338574871,Low
2016-04-19,Historical_Mean,120D,1,0.0248876134415088,0.03320856146331841,Low
2016-04-20,Historical_Mean,120D,1,0.0287216887095988,0.03320729457111046,Low
2016-04-21,Historical_Mean,120D,1,0.0214046738691347,0.033206611726558546,Low
2016-04-22,Historical_Mean,120D,1,0.0225027474959928,0.03320481538898512,Low
2016-04-25,Historical_Mean,120D,1,0.0212123607045218,0.033203186707217815,Low
2016-04-26,Historical_Mean,120D,1,0.019542944689406,0.03320136217495934,Low
2016-04-27,Historical_Mean,120D,1,0.0148523324658188,0.033199284217027565,Low
2016-04-28,Historical_Mean,120D,1,0.0302674741330793,0.033196493381653175,Low
2016-04-29,Historical_Mean,120D,1,0.037532995518987,0.03319604790344046,Low
2016-05-02,Historical_Mean,120D,1,0.028376717690362,0.03319670741493918,Low
2016-05-03,Historical_Mean,120D,1,0.0370070719386031,0.033195974559575854,Low
2016-05-04,Historical_Mean,120D,1,0.047700249291503,0.033196553929806784,Low
2016-05-05,Historical_Mean,120D,1,0.0441343285195908,0.03319875847386541,Low
2016-05-06,Historical_Mean,120D,1,0.039222790044851,0.03320042041460184,Low
2016-05-09,Historical_Mean,120D,1,0.0354783808312324,0.033201335529269856,Low
2016-05-10,Historical_Mean,120D,1,0.01995887545557,0.03320168147963479,Low
2016-05-11,Historical_Mean,120D,1,0.02944411444924,0.0331996698123062,Low
2016-05-12,Historical_Mean,120D,1,0.0228035746084694,0.033199099405963085,Low
2016-05-13,Historical_Mean,120D,1,0.0247711243167678,0.03319752073856787,Low
2016-05-16,Historical_Mean,120D,1,0.0105889349045457,0.03319624129787218,Low
2016-05-17,Historical_Mean,120D,1,0.0183772781850155,0.03319280918820263,Low
2016-05-18,Historical_Mean,120D,1,0.0401523202280791,0.03319056032193014,Low
2016-05-19,Historical_Mean,120D,1,0.0476307931479571,0.03319161689499224,Low
2016-05-20,Historical_Mean,120D,1,0.0526454538048088,0.03319380796877873,Low
2016-05-23,Historical_Mean,120D,1,0.0566819360890057,0.03319675921226773,Low
2016-05-24,Historical_Mean,120D,1,0.0416943702072181,0.033200321890798794,Normal
2016-05-25,Historical_Mean,120D,1,0.0346283310984513,0.03320161023424129,Normal
2016-05-26,Historical_Mean,120D,1,0.0422917521704694,0.033201826600766045,Normal
2016-05-27,Historical_Mean,120D,1,0.0364305407086539,0.033203204906386924,Normal
2016-05-31,Historical_Mean,120D,1,0.0421017786904416,0.03320369419319746,Normal
2016-06-01,Historical_Mean,120D,1,0.0385777286709671,0.03320504300091266,Low
2016-06-02,Historical_Mean,120D,1,0.0431907345748545,0.03320585729095056,Low
2016-06-03,Historical_Mean,120D,1,0.0482698879151424,0.03320737038040107,Low
2016-06-06,Historical_Mean,120D,1,0.0441922575526877,0.03320965258002755,Low
2016-06-07,Historical_Mean,120D,1,0.0468103875369139,0.03321131635899629,Low
2016-06-08,Historical_Mean,120D,1,0.0382378963102239,0.03321337620013199,Low
2016-06-09,Historical_Mean,120D,1,0.0412915342613796,0.033214137145173656,Low
2016-06-10,Historical_Mean,120D,1,0.0478521361163893,0.033215360251944735,Low
2016-06-13,Historical_Mean,120D,1,0.0524787119393349,0.03321757626645865,Low
2016-06-14,Historical_Mean,120D,1,0.0546761447313915,0.03322049196970916,Low
2016-06-15,Historical_Mean,120D,1,0.0623229807219455,0.03322373938196309,Low
2016-06-16,Historical_Mean,120D,1,0.0625999720797743,0.033228143020180394,Low
2016-06-17,Historical_Mean,120D,1,0.0789406149691067,0.03323258723701495,Low
2016-06-20,Historical_Mean,120D,1,0.0753062472075547,0.033239502218517535,Low
2016-06-21,Historical_Mean,120D,1,0.0785192751363147,0.0332458653625183,Low
2016-06-22,Historical_Mean,120D,1,0.079034121842291,0.0332527125206813,Low
2016-06-23,Historical_Mean,120D,1,0.0722770379715729,0.033259635461755185,Low
2016-06-24,Historical_Mean,120D,1,0.100707535315297,0.03326553467592359,Normal
2016-06-27,Historical_Mean,120D,1,0.1228454895145533,0.033275729989701276,Normal
2016-06-28,Historical_Mean,120D,1,0.1034792111594852,0.03328926834513127,High
2016-06-29,Historical_Mean,120D,1,0.0885631409034424,0.033299875862558254,High
2016-06-30,Historical_Mean,120D,1,0.0787201901551292,0.03330822631058498,High
2016-07-01,Historical_Mean,120D,1,0.0743130981374196,0.03331508716023667,High
2016-07-05,Historical_Mean,120D,1,0.0793194159006217,0.033321280213254374,High
2016-07-06,Historical_Mean,120D,1,0.0752316613774247,0.03332822752267702,High
2016-07-07,Historical_Mean,120D,1,0.0783494681687065,0.03333455543476623,High
2016-07-08,Historical_Mean,120D,2,0.0548196408929428,0.03334135219042593,High
2016-07-11,Historical_Mean,120D,2,0.051123473849076,0.03334459468570107,High
2016-07-12,Historical_Mean,120D,2,0.0394907968448761,0.03334727829010309,High
2016-07-13,Historical_Mean,120D,2,0.0478068049230514,0.03334820547370629,High
2016-07-14,Historical_Mean,120D,2,0.0482673458919038,0.033350387245163864,High
2016-07-15,Historical_Mean,120D,2,0.0484257573492938,0.03335263784242499,High
2016-07-18,Historical_Mean,120D,2,0.0495570847080042,0.03335491165740566,High
2016-07-19,Historical_Mean,120D,2,0.04743838373686,0.03335735542407996,High
2016-07-20,Historical_Mean,120D,2,0.043177175421096,0.0333594789391324,High
2016-07-21,Historical_Mean,120D,2,0.0496218876667229,0.03336095929143668,High
2016-07-22,Historical_Mean,120D,2,0.0429311484834829,0.03336341081086609,High
2016-07-25,Historical_Mean,120D,2,0.0477952986185594,0.033364853038432056,Normal
2016-07-26,Historical_Mean,120D,2,0.0445006520016216,0.033367027936032675,Normal
2016-07-27,Historical_Mean,120D,2,0.0474621134182397,0.033368705697344556,Low
2016-07-28,Historical_Mean,120D,2,0.0422413553458279,0.03337082915790217,Low
2016-07-29,Historical_Mean,120D,2,0.04397195928947,0.0333721654830284,Low
2016-08-01,Historical_Mean,120D,2,0.0425488037908914,0.03337376207796837,Low
2016-08-02,Historical_Mean,120D,2,0.0554738851325214,0.03337514386135887,Low
2016-08-03,Historical_Mean,120D,2,0.0603388952124188,0.03337847148389631,Low
2016-08-04,Historical_Mean,120D,2,0.0593906909776669,0.033382530566059596,Low
2016-08-05,Historical_Mean,120D,2,0.0499571541985452,0.03338644568880709,Low
2016-08-08,Historical_Mean,120D,2,0.0448370579939901,0.03338893977497653,Low
2016-08-09,Historical_Mean,120D,2,0.0435570383994015,0.03339066259186427,Low
2016-08-10,Historical_Mean,120D,2,0.046724154451006,0.03339219229030055,Low
2016-08-11,Historical_Mean,120D,2,0.0425708861872533,0.03339419800147261,Low
2016-08-12,Historical_Mean,120D,2,0.050605746428721,0.0333955783697316,Low
2016-08-15,Historical_Mean,120D,2,0.0456991326204902,0.033398166754159186,Low
2016-08-16,Historical_Mean,120D,2,0.0514200783008143,0.03340001652346239,Low
2016-08-17,Historical_Mean,120D,2,0.0502463144432683,0.0334027258997633,Low
2016-08-18,Historical_Mean,120D,2,0.053785176482846,0.03340525800868445,Low
2016-08-19,Historical_Mean,120D,2,0.0587861928736235,0.03340832127615389,Low
2016-08-22,Historical_Mean,120D,2,0.0645818083409579,0.03341213520335519,Low
2016-08-23,Historical_Mean,120D,2,0.0666312683582688,0.0334168188507087,Low
2016-08-24,Historical_Mean,120D,2,0.0768652122836752,0.033421809002377505,Low
2016-08-25,Historical_Mean,120D,2,0.0773668810787704,0.03342833497553077,Low
2016-08-26,Historical_Mean,120D,2,0.0806240946447208,0.033434934336615665,Low
2016-08-29,Historical_Mean,120D,2,0.0814395162361157,0.033442020860163964,Low
2016-08-30,Historical_Mean,120D,2,0.0823123214964343,0.03344922769130149,Low
2016-08-31,Historical_Mean,120D,2,0.0851099115732561,0.033456563390716766,Low
2016-09-01,Historical_Mean,120D,2,0.0866435471946991,0.03346431682034488,Low
2016-09-02,Historical_Mean,120D,2,0.0834687708633984,0.033472298094601886,Low
2016-09-06,Historical_Mean,120D,2,0.0779098223781981,0.033479800566505964,Low
2016-09-07,Historical_Mean,120D,2,0.0916374294002167,0.03348646673632017,Low
2016-09-08,Historical_Mean,120D,2,0.0879858006205819,0.033495190253071426,Low
2016-09-09,Historical_Mean,120D,2,0.1133172933999531,0.03350336343596741,Low
2016-09-12,Historical_Mean,120D,2,0.0954642834029529,0.03351533313152289,Normal
2016-09-13,Historical_Mean,120D,2,0.1074884057790739,0.033524622222881634,Normal
2016-09-14,Historical_Mean,120D,2,0.105789427214823,0.03353571124590355,Normal
2016-09-15,Historical_Mean,120D,2,0.0965304863781493,0.033546542263137684,Normal
2016-09-16,Historical_Mean,120D,2,0.1035732538795801,0.03355598230272327,Normal
2016-09-19,Historical_Mean,120D,2,0.1039584227325743,0.03356647492546819,Normal
2016-09-20,Historical_Mean,120D,2,0.1002745802674493,0.033577022115729965,Normal
2016-09-21,Historical_Mean,120D,2,0.0977564590584997,0.033587014259273296,Normal
2016-09-22,Historical_Mean,120D,2,0.089649672341674,0.033596626219249213,Normal
2016-09-23,Historical_Mean,120D,2,0.0940877860371614,0.033605021164003206,Normal
2016-09-26,Historical_Mean,120D,2,0.1007007200746971,0.03361407818180392,Normal
2016-09-27,Historical_Mean,120D,2,0.0817916303192969,0.033624122595921735,Normal
2016-09-28,Historical_Mean,120D,2,0.078397156563117,0.03363133330067074,Normal
2016-09-29,Historical_Mean,120D,2,0.0867014521483683,0.033638033768155017,Normal
2016-09-30,Historical_Mean,120D,2,0.0779207073464022,0.033645975016041905,Normal
2016-10-03,Historical_Mean,120D,2,0.0801666229420837,0.03365259999469376,Normal
2016-10-04,Historical_Mean,120D,2,0.0923598135580695,0.03365955900470983,Normal
2016-10-05,Historical_Mean,120D,2,0.0891570635307028,0.033668339895443315,Normal
2016-10-06,Historical_Mean,120D,2,0.0916064305898032,0.033676639136190435,Normal
2016-10-07,Historical_Mean,120D,2,0.0926076240931506,0.03368530218261688,Normal
2016-10-10,Historical_Mean,120D,2,0.086368818467813,0.033694112338404934,Normal
2016-10-11,Historical_Mean,120D,2,0.0994527622402301,0.03370198716365974,Low
2016-10-12,Historical_Mean,120D,2,0.095247293222309,0.03371181538115997,Low
2016-10-13,Historical_Mean,120D,2,0.1002790199282782,0.03372101213468578,Low
2016-10-14,Historical_Mean,120D,2,0.0992499633062122,0.03373095804140927,Low
2016-10-17,Historical_Mean,120D,2,0.1029800315538355,0.03374074722492411,Low
2016-10-18,Historical_Mean,120D,2,0.0954036176561787,0.03375109070928756,Low
2016-10-19,Historical_Mean,120D,2,0.0894470080818413,0.03376029945117656,Low
2016-10-20,Historical_Mean,120D,2,0.083985658923418,0.03376861586524924,Low
2016-10-21,Historical_Mean,120D,2,0.0926462697546798,0.0337761143038125,Low
2016-10-24,Historical_Mean,120D,2,0.0850000722614192,0.033784903517824275,Low
2016-10-25,Historical_Mean,120D,2,0.087087204329257,0.03379254871393468,Low
2016-10-26,Historical_Mean,120D,2,0.0963579826134181,0.03380050314014592,Low
2016-10-27,Historical_Mean,120D,2,0.0963094904123115,0.033809838684015985,Low
2016-10-28,Historical_Mean,120D,2,0.1102043671400483,0.03381916420650603,Low
2016-10-31,Historical_Mean,120D,2,0.1163988652359981,0.03383055988052267,Low
2016-11-01,Historical_Mean,120D,2,0.1227230628690458,0.03384287615518787,Low
2016-11-02,Historical_Mean,120D,2,0.1298227143227991,0.03385613196230403,Low
2016-11-03,Historical_Mean,120D,2,0.1323409478739185,0.03387044251738314,Low
2016-11-04,Historical_Mean,120D,2,0.1357392599725053,0.03388512426859181,Low
2016-11-07,Historical_Mean,120D,2,0.1149474038288517,0.03390030824827337,Normal
2016-11-08,Historical_Mean,120D,2,0.1099103560358668,0.033912388602361995,Low
2016-11-09,Historical_Mean,120D,2,0.0994761694440803,0.03392371467798547,Low
2016-11-10,Historical_Mean,120D,2,0.1016076831354634,0.033933482589588226,Low
2016-11-11,Historical_Mean,120D,2,0.1030440567551689,0.03394356515820352,Low
2016-11-14,Historical_Mean,120D,2,0.1021337916555589,0.033953858691883984,Low
2016-11-15,Historical_Mean,120D,2,0.0958107993509191,0.033964013582107946,Low
2016-11-16,Historical_Mean,120D,2,0.0952291644991884,0.03397322382570717,Low
2016-11-17,Historical_Mean,120D,2,0.0890841597971964,0.03398234472217434,Low
2016-11-18,Historical_Mean,120D,2,0.0962389534657599,0.03399054805924074,Low
2016-11-21,Historical_Mean,120D,2,0.0881181183579002,0.03399981397251947,Normal
2016-11-22,Historical_Mean,120D,2,0.0676095590831918,0.03400786849021338,Normal
2016-11-23,Historical_Mean,120D,2,0.0704818995534991,0.03401286874178972,Low
2016-11-25,Historical_Mean,120D,2,0.0733198571482759,0.03401829487343854,Low
2016-11-28,Historical_Mean,120D,2,0.0837351096990196,0.03402414158011435,Normal
2016-11-29,Historical_Mean,120D,2,0.0842368925181381,0.03403153574464193,Low
2016-11-30,Historical_Mean,120D,2,0.0893798568778708,0.03403900233547678,Low
2016-12-01,Historical_Mean,120D,2,0.0973336918866129,0.034047231458828806,Low
2016-12-02,Historical_Mean,120D,2,0.0972472659518307,0.03405664068577317,Low
2016-12-05,Historical_Mean,120D,2,0.0902374882955531,0.034066034267647115,Low
2016-12-06,Historical_Mean,120D,2,0.0863723292067272,0.03407438317579633,Low
2016-12-07,Historical_Mean,120D,2,0.0808375660468511,0.034082155199281386,Low
2016-12-08,Historical_Mean,120D,2,0.0823814256480261,0.03408910251144299,Low
2016-12-09,Historical_Mean,120D,2,0.0752415999746277,0.03409627712489367,Low
2016-12-12,Historical_Mean,120D,2,0.073596773599023,0.03410238902668359,Low
2016-12-13,Historical_Mean,120D,2,0.0686453191941336,0.034108254819728644,Low
2016-12-14,Historical_Mean,120D,2,0.0770627836916571,0.03411338357891701,Low
2016-12-15,Historical_Mean,120D,2,0.072356742137916,0.034119760624219564,Low
2016-12-16,Historical_Mean,120D,2,0.0731296564091782,0.03412543713572694,Low
2016-12-19,Historical_Mean,120D,2,0.0756578425371972,0.03413122668883269,Low
2016-12-20,Historical_Mean,120D,2,0.0710306031707268,0.03413738973659885,Low
2016-12-21,Historical_Mean,120D,2,0.071248879098564,0.034142864319390676,Low
2016-12-22,Historical_Mean,120D,2,0.0733971894710203,0.034148369662829726,Low
2016-12-23,Historical_Mean,120D,2,0.0804588401428351,0.03415419206600554,Low
2016-12-27,Historical_Mean,120D,2,0.0714938307913548,0.03416106015382471,Low
2016-12-28,Historical_Mean,120D,2,0.0793026573078545,0.0341665966762387,Low
2016-12-29,Historical_Mean,120D,2,0.0791401190672848,0.03417328944916747,Low
2016-12-30,Historical_Mean,120D,2,0.0853476523195481,0.03417995613999299,Low
2017-01-03,Historical_Mean,120D,2,0.0772126375061235,0.034187541034179106,Low
2017-01-04,Historical_Mean,120D,2,0.0634010871599011,0.03419391795673312,Low
2017-01-05,Historical_Mean,120D,2,0.0729415564089336,0.03419824622721373,Low
2017-01-06,Historical_Mean,120D,2,0.0607935503842131,0.03420398682732956,Low
2017-01-09,Historical_Mean,120D,2,0.0658805134666462,0.034207926021930575,Low
2017-01-10,Historical_Mean,120D,2,0.068188681445794,0.03421261756206459,Low
2017-01-11,Historical_Mean,120D,2,0.0668152630929806,0.03421764956204737,Low
2017-01-12,Historical_Mean,120D,2,0.059549388179844,0.034222476692734614,Low
2017-01-13,Historical_Mean,120D,2,0.0640839693543129,0.03422622660559915,Low
2017-01-17,Historical_Mean,120D,2,0.0679832199140441,0.0342306467007507,Low
2017-01-18,Historical_Mean,120D,2,0.0654380323781526,0.03423564264113159,Low
2017-01-19,Historical_Mean,120D,2,0.0763329209502931,0.034240260428572325,Low
2017-01-20,Historical_Mean,120D,2,0.0748451663624665,0.03424648899627308,Low
2017-01-23,Historical_Mean,120D,2,0.0822015321785455,0.034252495606328745,Low
2017-01-24,Historical_Mean,120D,2,0.0756054774128763,0.034259588659076114,Low
2017-01-25,Historical_Mean,120D,2,0.0682091033150185,0.034265704010171184,Low
2017-01-26,Historical_Mean,120D,2,0.0743030164663353,0.03427072373795954,Low
2017-01-27,Historical_Mean,120D,2,0.0750161848674697,0.034276643047841004,Low
2017-01-30,Historical_Mean,120D,2,0.0806759190343575,0.034282666043379095,Low
2017-01-31,Historical_Mean,120D,2,0.0805019196469813,0.0342895238782632,Low
2017-02-01,Historical_Mean,120D,2,0.083122508178763,0.03429635396927247,Low
2017-02-02,Historical_Mean,120D,2,0.0828349853461913,0.03430356930165159,Low
2017-02-03,Historical_Mean,120D,2,0.0746233268542439,0.03431074001915226,Low
2017-02-06,Historical_Mean,120D,2,0.075398908689837,0.03431669549068943,Low
2017-02-07,Historical_Mean,120D,2,0.0744436943914314,0.034322763764426376,Low
2017-02-08,Historical_Mean,120D,2,0.0761967330177601,0.03432868917140127,Low
2017-02-09,Historical_Mean,120D,2,0.0709531966891476,0.03433487169411928,Low
2017-02-10,Historical_Mean,120D,2,0.0652074480321926,0.034340278208956874,Low
2017-02-13,Historical_Mean,120D,2,0.0618626358657208,0.03434483492136066,Low
2017-02-14,Historical_Mean,120D,2,0.0595091533143285,0.03434889658939672,Low
2017-02-15,Historical_Mean,120D,2,0.0521119124182087,0.03435260973236085,Low
2017-02-16,Historical_Mean,120D,2,0.0526127292270466,0.034355230258063356,Low
2017-02-17,Historical_Mean,120D,2,0.0363553614990677,0.03435792389910333,Low
2017-02-21,Historical_Mean,120D,2,0.0316002686069859,0.03435821854987778,Low
2017-02-22,Historical_Mean,120D,2,0.0426767059998393,0.03435781177260006,Low
2017-02-23,Historical_Mean,120D,2,0.0417588747016968,0.034359038567206644,Low
2017-02-24,Historical_Mean,120D,2,0.0416857199929973,0.03436012966660719,Low
2017-02-27,Historical_Mean,120D,2,0.0251109122380723,0.03436120965928394,Low
2017-02-28,Historical_Mean,120D,2,0.0258555646919152,0.034359846113083875,Low
2017-03-01,Historical_Mean,120D,2,0.013436329322756,0.034358592718622384,Low
2017-03-02,Historical_Mean,120D,2,0.0292051415554865,0.03435550956751778,Low
2017-03-03,Historical_Mean,120D,2,0.0252418210543125,0.034354750709699594,Low
2017-03-06,Historical_Mean,120D,2,0.0264478270707399,0.03435340820385761,Low
2017-03-07,Historical_Mean,120D,2,0.0310369246417673,0.034352243734696745,Low
2017-03-08,Historical_Mean,120D,2,0.0338107060791273,0.0343517554697346,Low
2017-03-09,Historical_Mean,120D,2,0.0338535972283708,0.03435167579820013,Low
2017-03-10,Historical_Mean,120D,2,0.0351947893105732,0.03435160246507736,Low
2017-03-13,Historical_Mean,120D,2,0.040532897276117,0.03435172659091948,Low
2017-03-14,Historical_Mean,120D,2,0.0458982242993432,0.03435263638937182,Low
2017-03-15,Historical_Mean,120D,2,0.029978886622512,0.03435433551930706,Low
2017-03-16,Historical_Mean,120D,2,0.0347307639148396,0.034353691692218066,Low
2017-03-17,Historical_Mean,120D,2,0.0358674911342175,0.03435374716849034,Low
2017-03-20,Historical_Mean,120D,2,0.0363894470711402,0.034353969843389676,Low
2017-03-21,Historical_Mean,120D,2,0.0596560168583893,0.03435426922230242,Low
2017-03-22,Historical_Mean,120D,2,0.0611262166058098,0.034357990067543025,Low
2017-03-23,Historical_Mean,120D,2,0.0629438829987224,0.03436192599263319,Low
2017-03-24,Historical_Mean,120D,2,0.062686911361833,0.03436612798572436,Low
2017-03-27,Historical_Mean,120D,2,0.0655524964938378,0.03437029097019828,Low
2017-03-28,Historical_Mean,120D,2,0.0597820495933434,0.034374873892820804,Low
2017-03-29,Historical_Mean,120D,2,0.0598068930062445,0.034378607496891415,Low
2017-03-30,Historical_Mean,120D,2,0.057510228796849,0.034382343654033545,Low
2017-03-31,Historical_Mean,120D,2,0.0567172567882009,0.03438574131602015,Low
2017-04-03,Historical_Mean,120D,2,0.0590083160913812,0.03438902150336918,Low
2017-04-04,Historical_Mean,120D,2,0.0562244273168662,0.034392637202383426,Low
2017-04-05,Historical_Mean,120D,2,0.0593561282542834,0.03439584304527836,Low
2017-04-06,Historical_Mean,120D,2,0.0615053003625362,0.03439950774726177,Low
2017-04-07,Historical_Mean,120D,2,0.063536663454419,0.034403486871251096,Low
2017-04-10,Historical_Mean,120D,2,0.0665474763871345,0.03440776298699792,Low
2017-04-11,Historical_Mean,120D,2,0.0718489035088052,0.034412479704550046,Low
2017-04-12,Historical_Mean,120D,2,0.077772452112453,0.034417972943552866,Low
2017-04-13,Historical_Mean,120D,2,0.0858564160633709,0.034424333635919194,Low
2017-04-17,Historical_Mean,120D,2,0.0829108544035563,0.03443187831575306,Low
2017-04-18,Historical_Mean,120D,2,0.0847442460841498,0.03443898875519099,Low
2017-04-19,Historical_Mean,120D,2,0.0846560076130049,0.03444636597433294,Low
2017-04-20,Historical_Mean,120D,2,0.0794468768805091,0.03445372809187527,Low
2017-04-21,Historical_Mean,120D,2,0.084288447917288,0.034460324360573204,Low
2017-04-24,Historical_Mean,120D,2,0.0718185342088248,0.03446762839510219,Low
2017-04-25,Historical_Mean,120D,2,0.0666240420019199,0.03447310265947471,Low
2017-04-26,Historical_Mean,120D,2,0.068859086009913,0.034477814110140365,Low
2017-04-27,Historical_Mean,120D,2,0.0689786719150479,0.03448285165913667,Low
2017-04-28,Historical_Mean,120D,2,0.0716357108978673,0.03448790525132184,Low
2017-05-01,Historical_Mean,120D,2,0.070232863185984,0.034493346558725754,Low
2017-05-02,Historical_Mean,120D,2,0.0741483157852029,0.0344985808171656,Low
2017-05-03,Historical_Mean,120D,2,0.0714400898680332,0.034504386899310575,Low
2017-05-04,Historical_Mean,120D,2,0.0724747574547217,0.03450979476211712,Low
2017-05-05,Historical_Mean,120D,2,0.0637204423599832,0.03451535250808296,Low
2017-05-08,Historical_Mean,120D,2,0.0649531363386776,0.03451962725776854,Low
2017-05-09,Historical_Mean,120D,2,0.0740195208751979,0.034524081159287776,Low
2017-05-10,Historical_Mean,120D,2,0.0696919807810075,0.03452986041590409,Low
2017-05-11,Historical_Mean,120D,2,0.0728011450917936,0.03453500483731815,Low
2017-05-12,Historical_Mean,120D,2,0.0758715245404917,0.03454060257579891,Low
2017-05-15,Historical_Mean,120D,2,0.0712963300071433,0.03454664775964632,Low
2017-05-16,Historical_Mean,120D,2,0.0750757523704437,0.034552022091650925,Low
2017-05-17,Historical_Mean,120D,2,0.0946916644263351,0.03455794747990634,Low
2017-05-18,Historical_Mean,120D,2,0.0908225049940373,0.03456673895899207,Low
2017-05-19,Historical_Mean,120D,2,0.085520415717897,0.03457496228394969,Low
2017-05-22,Historical_Mean,120D,2,0.0766045710825185,0.03458240827246678,Low
2017-05-23,Historical_Mean,120D,2,0.0738703389340843,0.034588549170144714,Low
2017-05-24,Historical_Mean,120D,2,0.0723674560408011,0.034594288765376145,Low
2017-05-25,Historical_Mean,120D,2,0.0656230634385411,0.03459980712436452,Low
2017-05-26,Historical_Mean,120D,2,0.0597715629111149,0.034604338713075326,Low
2017-05-30,Historical_Mean,120D,2,0.0691395664236211,0.034608014370180344,Low
2017-05-31,Historical_Mean,120D,2,0.0669702240646751,0.03461305694495451,Low
2017-06-01,Historical_Mean,120D,2,0.060702498368618,0.03461778130867471,Low
2017-06-02,Historical_Mean,120D,2,0.0635214626303244,0.034621589296566675,Low
2017-06-05,Historical_Mean,120D,2,0.0639893270674236,0.03462580764036083,Low
2017-06-06,Historical_Mean,120D,2,0.0688262200118597,0.03463009303432275,Low
2017-06-07,Historical_Mean,120D,2,0.0668748596287088,0.034635082984268394,Low
2017-06-08,Historical_Mean,120D,2,0.0764080227898377,0.03463978677426613,Low
2017-06-09,Historical_Mean,120D,2,0.0768690627732342,0.0346458798794471,Low
2017-06-12,Historical_Mean,120D,2,0.0860058919157635,0.03465203845338143,Low
2017-06-13,Historical_Mean,120D,2,0.079477950136728,0.034659527713037604,Low
2017-06-14,Historical_Mean,120D,2,0.0794215665527591,0.03466606291607401,Low
2017-06-15,Historical_Mean,120D,2,0.0779172858236442,0.03467258799314599,Low
2017-06-16,Historical_Mean,120D,2,0.0775195745030542,0.03467889188495801,Low
2017-06-19,Historical_Mean,120D,2,0.0721350583062694,0.03468513597220741,Low
2017-06-20,Historical_Mean,120D,2,0.0843454207887192,0.03469059355342776,Low
2017-06-21,Historical_Mean,120D,2,0.0881250771036869,0.03469782870237651,Low
2017-06-22,Historical_Mean,120D,2,0.0901286867982143,0.03470561239241167,Low
2017-06-23,Historical_Mean,120D,2,0.0880959192726552,0.03471368567346131,Low
2017-06-26,Historical_Mean,120D,2,0.0837009996021602,0.03472146053999192,Low
2017-06-27,Historical_Mean,120D,2,0.1007408995879757,0.034728593136331254,Low
2017-06-28,Historical_Mean,120D,2,0.0973198765210222,0.03473820471269288,Low
2017-06-29,Historical_Mean,120D,2,0.1027215953220452,0.03474731545251066,Low
2017-06-30,Historical_Mean,120D,2,0.1003613016375989,0.03475720981639269,Low
2017-07-03,Historical_Mean,120D,2,0.1000368206711096,0.03476675778493019,Low
2017-07-05,Historical_Mean,120D,2,0.0981263249967072,0.03477625575682865,Low
2017-07-06,Historical_Mean,120D,2,0.1064803366035148,0.03478547299373246,Low
2017-07-07,Historical_Mean,120D,2,0.1008882523441415,0.034795902854600914,Low
2017-07-10,Historical_Mean,120D,2,0.1017932352435483,0.03480551628725394,Low
2017-07-11,Historical_Mean,120D,2,0.0973795900168823,0.034815258538411054,Low
2017-07-12,Historical_Mean,120D,2,0.098369617287459,0.03482435615822761,Low
2017-07-13,Historical_Mean,120D,2,0.1028752210579219,0.03483359507377417,Low
2017-07-14,Historical_Mean,120D,2,0.1022331477432396,0.03484348628266851,Low
2017-07-17,Historical_Mean,120D,2,0.1092952078685318,0.03485328129160173,Low
2017-07-18,Historical_Mean,120D,2,0.1103584929377178,0.034864099766616544,Low
2017-07-19,Historical_Mean,120D,2,0.1063023182389626,0.03487506959997474,Low
2017-07-20,Historical_Mean,120D,2,0.1053431435160489,0.03488544694250546,Low
2017-07-21,Historical_Mean,120D,2,0.1127201086141397,0.034895681936197145,Low
2017-07-24,Historical_Mean,120D,2,0.1205113360086427,0.03490698541138639,Low
2017-07-25,Historical_Mean,120D,2,0.114061715227142,0.03491941706264942,Low
2017-07-26,Historical_Mean,120D,2,0.1231500974275248,0.03493090861167868,Low
2017-07-27,Historical_Mean,120D,2,0.1225055615674448,0.03494371627556019,Low
2017-07-28,Historical_Mean,120D,2,0.128223225232551,0.034956426660999566,Low
2017-07-31,Historical_Mean,120D,2,0.136986000449324,0.034969963206510676,Low
2017-08-01,Historical_Mean,120D,2,0.1367118846426079,0.034984767449326354,Low
2017-08-02,Historical_Mean,120D,2,0.1356592246880283,0.03499952762303402,Low
2017-08-03,Historical_Mean,120D,2,0.1384477059218071,0.035014130799744456,Low
2017-08-04,Historical_Mean,120D,2,0.1483320226103518,0.03502913421940243,Low
2017-08-07,Historical_Mean,120D,3,0.1399314416812084,0.035045566835557776,Low
2017-08-08,Historical_Mean,120D,3,0.1313901511062567,0.035060776504183884,Low
2017-08-09,Historical_Mean,120D,3,0.1322426917576639,0.03507474335565584,Low
2017-08-10,Historical_Mean,120D,3,0.1461746118063819,0.03508882975003131,Low
2017-08-11,Historical_Mean,120D,3,0.1234631741616959,0.035104931472318066,Low
2017-08-14,Historical_Mean,120D,3,0.0716269819772651,0.03511773701473681,Low
2017-08-15,Historical_Mean,120D,3,0.0894164876530856,0.035123027442930194,Low
2017-08-16,Historical_Mean,120D,3,0.0829832539060009,0.035130893780254184,Low
2017-08-17,Historical_Mean,120D,3,0.0602815441473906,0.035137825890948916,Low
2017-08-18,Historical_Mean,120D,3,0.076944243008267,0.035141467796837744,Low
2017-08-21,Historical_Mean,120D,3,0.0896009329718869,0.03514752178311022,Low
2017-08-22,Historical_Mean,120D,3,0.0823187596915393,0.0351554067253617,Low
2017-08-23,Historical_Mean,120D,3,0.0990917696330754,0.03516223506660481,Low
2017-08-24,Historical_Mean,120D,3,0.1131652481569891,0.035171489486779464,Low
2017-08-25,Historical_Mean,120D,3,0.1118671761379732,0.035182778205649086,Low
2017-08-28,Historical_Mean,120D,3,0.1055217055578397,0.03519387580303437,Low
2017-08-29,Historical_Mean,120D,3,0.0991675743125192,0.035204052019176,Low
2017-08-30,Historical_Mean,120D,3,0.0955361200100361,0.03521330600098927,Low
2017-08-31,Historical_Mean,120D,3,0.1057327246704436,0.03522203199751886,Low
2017-09-01,Historical_Mean,120D,3,0.1154405852487358,0.035232230246386796,Low
2017-09-05,Historical_Mean,120D,3,0.1102317323594131,0.03524382943004585,Low
2017-09-06,Historical_Mean,120D,3,0.095950083782613,0.035254672099642344,Low
2017-09-07,Historical_Mean,120D,3,0.0827145699725902,0.0352634469170029,Low
2017-09-08,Historical_Mean,120D,3,0.0892633156012466,0.03527030599810374,Low
2017-09-11,Historical_Mean,120D,3,0.089453958014626,0.03527810958382467,Low
2017-09-12,Historical_Mean,120D,3,0.0887310383517395,0.03528593846365571,Low
2017-09-13,Historical_Mean,120D,3,0.0874902122779407,0.035293660628066645,Low
2017-09-14,Historical_Mean,120D,3,0.0930446843376534,0.0353012013029655,Low
2017-09-15,Historical_Mean,120D,3,0.1084287535327017,0.03530954212096849,Low
2017-09-18,Historical_Mean,120D,3,0.1056990942655738,0.03532010237680496,Low
2017-09-19,Historical_Mean,120D,3,0.0982056042345278,0.03533026540812464,Low
2017-09-20,Historical_Mean,120D,3,0.0918304877070294,0.035339343568509624,Low
2017-09-21,Historical_Mean,120D,3,0.0940988172548478,0.03534749877915471,Low
2017-09-22,Historical_Mean,120D,3,0.0951532312069125,0.035355979050297276,Low
2017-09-25,Historical_Mean,120D,3,0.083071713365393,0.0353646090477221,Low
2017-09-26,Historical_Mean,120D,3,0.0844802579012169,0.03537149318975929,Low
2017-09-27,Historical_Mean,120D,3,0.0785577433735997,0.03537857856917228,Low
2017-09-28,Historical_Mean,120D,3,0.0518689657718073,0.03538480753120408,Low
2017-09-29,Historical_Mean,120D,3,0.0269808953915578,0.03538718516833672,Low
2017-10-02,Historical_Mean,120D,3,0.0499094172678808,0.035385972839265936,Low
2017-10-03,Historical_Mean,120D,3,0.030325620437898,0.035388067063408496,Low
2017-10-04,Historical_Mean,120D,3,0.0261587578773218,0.035387337183560526,Low
2017-10-05,Historical_Mean,120D,3,0.0342036313398726,0.03538600684201429,Low
2017-10-06,Historical_Mean,120D,3,0.0126871601616165,0.035385836421792015,Low
2017-10-09,Historical_Mean,120D,3,0.0270291853453714,0.035382565247810145,Low
2017-10-10,Historical_Mean,120D,3,0.0362095680613399,0.03538136159076369,Low
2017-10-11,Historical_Mean,120D,3,0.0412471065333276,0.03538148091167862,Low
2017-10-12,Historical_Mean,120D,3,0.0207712165966141,0.03538232585918966,Low
2017-10-13,Historical_Mean,120D,3,0.0232244895593608,0.03538022142173286,Low
2017-10-16,Historical_Mean,120D,3,0.038063866023369,0.03537847088431029,Low
2017-10-17,Historical_Mean,120D,3,0.0318508273454738,0.03537885755027704,Low
2017-10-18,Historical_Mean,120D,3,0.0393256665318013,0.0353783496277022,Low
2017-10-19,Historical_Mean,120D,3,0.0361069225900841,0.03537891783223712,Low
2017-10-20,Historical_Mean,120D,3,0.0390794632066169,0.03537902261127538,Low
2017-10-23,Historical_Mean,120D,3,0.0536649301334808,0.03537955512539185,Low
2017-10-24,Historical_Mean,120D,3,0.0528793496664756,0.03538218611460165,Low
2017-10-25,Historical_Mean,120D,3,0.051810723557903,0.03538470332990187,Low
2017-10-26,Historical_Mean,120D,3,0.0419674071189481,0.03538706610611419,Low
2017-10-27,Historical_Mean,120D,3,0.0339830272504056,0.035388012509251374,Low
2017-10-30,Historical_Mean,120D,3,0.0237097166206711,0.03538781046938096,Low
2017-10-31,Historical_Mean,120D,3,0.0246010779168154,0.03538613137608855,Low
2017-11-01,Historical_Mean,120D,3,0.0333903779962884,0.0353845809083687,Low
2017-11-02,Historical_Mean,120D,3,0.0343134354979856,0.035384294261407066,Low
2017-11-03,Historical_Mean,120D,3,0.02299995362275,0.035384140358164264,Low
2017-11-06,Historical_Mean,120D,3,0.024275311909001,0.035382360765301005,Low
2017-11-07,Historical_Mean,120D,3,0.0172324815126806,0.03538076492494809,Low
2017-11-08,Historical_Mean,120D,3,0.0135336499955562,0.035378157787552274,Low
2017-11-09,Historical_Mean,120D,3,0.0300324413632614,0.03537502011047788,Low
2017-11-10,Historical_Mean,120D,3,0.034382468894305,0.03537425282931354,Low
2017-11-13,Historical_Mean,120D,3,0.033133641371278,0.03537411041346992,Low
2017-11-14,Historical_Mean,120D,3,0.0450815698664288,0.03537378873808698,Low
2017-11-15,Historical_Mean,120D,3,0.0599495802124009,0.035375182332851314,Low
2017-11-16,Historical_Mean,120D,3,0.0534930667003897,0.03537870958961599,Low
2017-11-17,Historical_Mean,120D,3,0.0570055831894136,0.035381309239029136,Low
2017-11-20,Historical_Mean,120D,3,0.0488650582566329,0.03538441216254045,Low
2017-11-21,Historical_Mean,120D,3,0.0463975592243946,0.03538634625810632,Low
2017-11-22,Historical_Mean,120D,3,0.0462918631391141,0.03538792583248106,Low
2017-11-24,Historical_Mean,120D,3,0.0416022136063316,0.03538948979365528,Low
2017-11-27,Historical_Mean,120D,3,0.0493461497410682,0.035390380762221556,Low
2017-11-28,Historical_Mean,120D,3,0.0364051289513994,0.03539238187621336,Low
2017-11-29,Historical_Mean,120D,3,0.040017568041089,0.035392527072926644,Low
2017-11-30,Historical_Mean,120D,3,0.0298347184205552,0.0353931900661847,Low
2017-12-01,Historical_Mean,120D,3,0.0295012983021747,0.03539239338112728,Low
2017-12-04,Historical_Mean,120D,3,0.018922436339669,0.03539154914279553,Low
2017-12-05,Historical_Mean,120D,3,0.035284702217548,0.03538918933296559,Low
2017-12-06,Historical_Mean,120D,3,0.0284954811446442,0.03538917436346481,Low
2017-12-07,Historical_Mean,120D,3,0.0363582138437746,0.03538818686980791,Low
2017-12-08,Historical_Mean,120D,3,0.0353366067066089,0.035388325802345,Low
2017-12-11,Historical_Mean,120D,3,0.0328421108544885,0.03538831839591571,Low
2017-12-12,Historical_Mean,120D,3,0.0398252877697111,0.035387953818661784,Low
2017-12-13,Historical_Mean,120D,3,0.0395839131178768,0.03538858908479651,Low
2017-12-14,Historical_Mean,120D,3,0.0467841097563907,0.03538918961786737,Low
2017-12-15,Historical_Mean,120D,3,0.0389179333531882,0.03539082049236838,Low
2017-12-18,Historical_Mean,120D,3,0.0353113220522946,0.035391325230900265,Low
2017-12-19,Historical_Mean,120D,3,0.0345125655540016,0.03539131378388659,Low
2017-12-20,Historical_Mean,120D,3,0.0378093021500779,0.03539118806883224,Low
2017-12-21,Historical_Mean,120D,3,0.0348079948219254,0.03539153395841617,Low
2017-12-22,Historical_Mean,120D,3,0.0331378752791525,0.03539145050030168,Low
2017-12-26,Historical_Mean,120D,3,0.0301653330278199,0.0353911282387228,Low
2017-12-27,Historical_Mean,120D,3,0.03108539494169,0.03539038105610757,Low
2017-12-28,Historical_Mean,120D,3,0.0228873470955503,0.03538976561849293,Low
2017-12-29,Historical_Mean,120D,3,0.0299441826434324,0.035387978537514804,Low
2018-01-02,Historical_Mean,120D,3,0.0078553814572638,0.03538720051895055,Low
2018-01-03,Historical_Mean,120D,3,0.0036790987190242,0.03538326627787285,Low
2018-01-04,Historical_Mean,120D,3,-0.0089830304494437,0.03537873646396247,Low
2018-01-05,Historical_Mean,120D,3,-0.0098324963189976,0.035372399068689116,Low
2018-01-08,Historical_Mean,120D,3,-0.0107353441987777,0.03536594214890799,Low
2018-01-09,Historical_Mean,120D,3,-0.0089741668817827,0.035359358132006004,Low
2018-01-10,Historical_Mean,120D,3,-0.0128209503507957,0.035353027484424426,Low
2018-01-11,Historical_Mean,120D,3,-0.0112461193741397,0.035346149417914544,Low
2018-01-12,Historical_Mean,120D,3,-0.0095275281726538,0.035339498130435305,Low
2018-01-16,Historical_Mean,120D,3,0.0027874758742903,0.0353330940444657,Low
2018-01-17,Historical_Mean,120D,3,-0.0031162810133898,0.035328449315170686,Low
2018-01-18,Historical_Mean,120D,3,-0.0086180698878327,0.03532296348036353,Low
2018-01-19,Historical_Mean,120D,3,-0.0042827262946508,0.03531669425032098,Low
2018-01-22,Historical_Mean,120D,3,-0.0112384351402554,0.035311045260228976,Low
2018-01-23,Historical_Mean,120D,3,-0.0144391047293763,0.03530440576794535,Low
2018-01-24,Historical_Mean,120D,3,-0.0099131478387008,0.03529731171339639,Low
2018-01-25,Historical_Mean,120D,3,-0.0083574051607964,0.035290865048694824,Low
2018-01-26,Historical_Mean,120D,3,-0.0240898701159302,0.035284642027564296,Low
2018-01-29,Historical_Mean,120D,3,-0.0182840316023415,0.03527617809140699,Low
2018-01-30,Historical_Mean,120D,3,-0.0054890264537729,0.03526854408204357,Low
2018-01-31,Historical_Mean,120D,3,-0.0012083734264141,0.03526273567809091,Low
2018-02-01,Historical_Mean,120D,3,0.0085003599959818,0.03525753888283521,Low
2018-02-02,Historical_Mean,120D,3,0.026900137763813,0.03525372677585604,Normal
2018-02-05,Historical_Mean,120D,3,0.0621588440573491,0.035252536805911304,High
2018-02-06,Historical_Mean,120D,3,0.0390974813928248,0.03525636906730589,High
2018-02-07,Historical_Mean,120D,3,0.0489844568358804,0.035256916078460196,High
2018-02-08,Historical_Mean,120D,3,0.086202616014111,0.03525887073327401,High
2018-02-09,Historical_Mean,120D,3,0.0762913203967954,0.0352661235443903,High
2018-02-12,Historical_Mean,120D,3,0.0671060867839572,0.03527196343006324,High
2018-02-13,Historical_Mean,120D,3,0.0680285474544814,0.035276494332903245,High
2018-02-14,Historical_Mean,120D,3,0.05753530939207,0.03528115521992781,High
2018-02-15,Historical_Mean,120D,3,0.0452760332219996,0.035284321718813995,High
2018-02-16,Historical_Mean,120D,3,0.0434599188950381,0.035285743217107236,High
2018-02-20,Historical_Mean,120D,3,0.0421791237386308,0.03528690597324919,High
2018-02-21,Historical_Mean,120D,3,0.0436767505559615,0.035287886234629556,High
2018-02-22,Historical_Mean,120D,3,0.0490726030868008,0.03528907919030665,High
2018-02-23,Historical_Mean,120D,3,0.025540116260301,0.03529103902592396,High
2018-02-26,Historical_Mean,120D,3,0.0217398921923116,0.03528965277019953,High
2018-02-27,Historical_Mean,120D,3,0.0378458100090423,0.03528772672036614,High
2018-02-28,Historical_Mean,120D,3,0.0514286909948266,0.03528809029104389,High
2018-03-01,Historical_Mean,120D,3,0.0669090568043301,0.03529038396742641,High
2018-03-02,Historical_Mean,120D,3,0.061452040264888,0.03529487653247854,High
2018-03-05,Historical_Mean,120D,3,0.0487877287308265,0.03529859256653628,High
2018-03-06,Historical_Mean,120D,3,0.0523320517271149,0.03530050863701416,High
2018-03-07,Historical_Mean,120D,3,0.0604571849599417,0.03530292754669888,High
2018-03-08,Historical_Mean,120D,3,0.0562732788286555,0.035306499579844754,High
2018-03-09,Historical_Mean,120D,3,0.0447289745563593,0.03530947654693957,Normal
2018-03-12,Historical_Mean,120D,3,0.0415635998498997,0.035310813784022115,Normal
2018-03-13,Historical_Mean,120D,3,0.0480819787315196,0.035311701333499174,Normal
2018-03-14,Historical_Mean,120D,3,0.0521672565078288,0.03531351374868481,Normal
2018-03-15,Historical_Mean,120D,3,0.0501424301056594,0.03531590536820505,Normal
2018-03-16,Historical_Mean,120D,3,0.0447814411218096,0.035318009018139425,Normal
2018-03-19,Historical_Mean,120D,3,0.0568716837681685,0.03531935153936282,Normal
2018-03-20,Historical_Mean,120D,3,0.0572870033211427,0.03532240860776407,Normal
2018-03-21,Historical_Mean,120D,3,0.0628655611364876,0.03532552371125483,Normal
2018-03-22,Historical_Mean,120D,3,0.0887070564592358,0.03532942899166113,High
2018-03-23,Historical_Mean,120D,3,0.1151652159303776,0.03533699706588027,High
2018-03-26,Historical_Mean,120D,3,0.0886456191251086,0.0353483137966521,High
2018-03-27,Historical_Mean,120D,3,0.1004876137788812,0.035355868340284764,High
2018-03-28,Historical_Mean,120D,3,0.1087631855459692,0.03536509902983105,High
2018-03-29,Historical_Mean,120D,3,0.0963398960852977,0.03537549977894769,High
2018-04-02,Historical_Mean,120D,3,0.1267405926141228,0.03538413740948132,High
2018-04-03,Historical_Mean,120D,3,0.1138360303613745,0.03539707925042262,High
2018-04-04,Historical_Mean,120D,3,0.098814045700914,0.03540818958344117,High
2018-04-05,Historical_Mean,120D,3,0.0906686758061449,0.035417169310975154,High
2018-04-06,Historical_Mean,120D,3,0.1095380431820499,0.03542499308702941,High
2018-04-09,Historical_Mean,120D,3,0.1089665244429683,0.035435486227351515,High
2018-04-10,Historical_Mean,120D,3,0.092371055302516,0.035445895490972074,High
2018-04-11,Historical_Mean,120D,3,0.1015462334171757,0.035453952838433014,High
2018-04-12,Historical_Mean,120D,3,0.0929325658092397,0.03546330640205865,High
2018-04-13,Historical_Mean,120D,3,0.0965346323726646,0.03547143846083991,High
2018-04-16,Historical_Mean,120D,3,0.0802552601500917,0.035480077848773106,High
2018-04-17,Historical_Mean,120D,3,0.064106873951603,0.035486411868054665,High
2018-04-18,Historical_Mean,120D,3,0.0628806588357001,0.035490460023936354,High
2018-04-19,Historical_Mean,120D,3,0.0672043307973784,0.03549433362014789,High
2018-04-20,Historical_Mean,120D,3,0.0423611189431291,0.035498817499839234,High
2018-04-23,Historical_Mean,120D,3,0.0215173088594031,0.03549978771070355,High
2018-04-24,Historical_Mean,120D,3,0.0490944322742546,0.035497811109226125,High
2018-04-25,Historical_Mean,120D,3,0.0413365757501307,0.035499732893136376,High
2018-04-26,Historical_Mean,120D,3,0.0522242595976549,0.03550055777200255,High
2018-04-27,Historical_Mean,120D,3,0.0508585600636261,0.03550292087809632,High
2018-04-30,Historical_Mean,120D,3,0.0445832620372062,0.03550509036653734,Normal
2018-05-01,Historical_Mean,120D,3,0.0416762247308995,0.03550637277530562,Normal
2018-05-02,Historical_Mean,120D,3,0.044599378835824,0.03550724422332195,Normal
2018-05-03,Historical_Mean,120D,3,0.041328520240194,0.03550852824176744,Normal
2018-05-04,Historical_Mean,120D,3,-0.0027520636492819,0.03550935004238851,Normal
2018-05-07,Historical_Mean,120D,3,0.0122496737744422,0.035503948176838364,Normal
2018-05-08,Historical_Mean,120D,3,-0.004963787623827,0.0355006655294072,Normal
2018-05-09,Historical_Mean,120D,3,-0.0211806438538897,0.03549495424455847,Normal
2018-05-10,Historical_Mean,120D,3,-0.0149623324858607,0.035486955994756264,Normal
2018-05-11,Historical_Mean,120D,3,-0.0058755930022508,0.03547983742717046,Normal
2018-05-14,Historical_Mean,120D,3,0.0037438063561517,0.035474002857414616,Normal
2018-05-15,Historical_Mean,120D,3,0.0042727403442628,0.03546952688104259,Normal
2018-05-16,Historical_Mean,120D,3,0.0058050941939425,0.03546512677010651,Normal
2018-05-17,Historical_Mean,120D,3,0.0129011207269614,0.03546094399862489,Normal
2018-05-18,Historical_Mean,120D,3,0.0365238645422855,0.035457762974474914,Normal
2018-05-21,Historical_Mean,120D,3,0.0266521910058607,0.0354579132778117,Normal
2018-05-22,Historical_Mean,120D,3,0.0205512936833635,0.03545667198625941,Low
2018-05-23,Historical_Mean,120D,3,-0.0025900025090028,0.03545457115774596,Low
2018-05-24,Historical_Mean,120D,3,-0.0020477583734541,0.03544920974657533,Low
2018-05-25,Historical_Mean,120D,3,-0.0072839441377187,0.03544392625099692,Low
2018-05-29,Historical_Mean,120D,3,0.0148856611167155,0.03543790654539129,Low
2018-05-30,Historical_Mean,120D,3,0.0044906233022757,0.03543501145517736,Normal
2018-05-31,Historical_Mean,120D,3,-0.0053892046900115,0.03543065309064879,Normal
2018-06-01,Historical_Mean,120D,3,-0.0344979999558372,0.03542490462454814,Normal
2018-06-04,Historical_Mean,120D,3,-0.0359289255434223,0.03541505910151514,Low
2018-06-05,Historical_Mean,120D,3,-0.0432076915248535,0.03540501489700367,Low
2018-06-06,Historical_Mean,120D,3,-0.0363256163167991,0.035393948919185285,Normal
2018-06-07,Historical_Mean,120D,3,-0.0323547883302018,0.035383854680587676,Low
2018-06-08,Historical_Mean,120D,3,-0.0127617659348392,0.035374322082359314,Low
2018-06-11,Historical_Mean,120D,3,-0.016015397487173,0.0353675490293106,Low
2018-06-12,Historical_Mean,120D,3,-0.0096197170492593,0.03536032013981757,Low
2018-06-13,Historical_Mean,120D,3,0.0052965392865146,0.03535399294370151,Low
2018-06-14,Historical_Mean,120D,3,-0.0300721900745451,0.03534976545373566,Low
2018-06-15,Historical_Mean,120D,3,-0.0305779576731953,0.035340565347487835,Low
2018-06-18,Historical_Mean,120D,3,-0.0520459019486309,0.035331296713767266,Low
2018-06-19,Historical_Mean,120D,3,-0.0462537807743233,0.0353190125581842,Low
2018-06-20,Historical_Mean,120D,3,-0.0483208806737415,0.03530754604239385,Low
2018-06-21,Historical_Mean,120D,3,-0.0365502808201699,0.03529579222275701,Low
2018-06-22,Historical_Mean,120D,3,-0.0386104343877189,0.035285695810019106,Low
2018-06-25,Historical_Mean,120D,3,-0.0440619236886482,0.03527531276516906,Normal
2018-06-26,Historical_Mean,120D,3,-0.0672563590229216,0.0352641667639814,Low
2018-06-27,Historical_Mean,120D,3,-0.0585283758559914,0.03524976579112188,Low
2018-06-28,Historical_Mean,120D,3,-0.0802035150509596,0.035236594703811894,Low
2018-06-29,Historical_Mean,120D,3,-0.0968594404225804,0.035220383482107806,Low
2018-07-02,Historical_Mean,120D,3,-0.1207258217554144,0.03520183815440426,Low
2018-07-03,Historical_Mean,120D,3,-0.1432527653531951,0.035179947425791336,Low
2018-07-05,Historical_Mean,120D,3,-0.1034334444279281,0.035154900722706134,Low
2018-07-06,Historical_Mean,120D,3,-0.1033527330596912,0.035135449726895515,Low
2018-07-09,Historical_Mean,120D,3,-0.113379377755264,0.035116015516569024,Low
2018-07-10,Historical_Mean,120D,3,-0.1083900012118791,0.03509517990645652,Low
2018-07-11,Historical_Mean,120D,3,-0.1000028217773364,0.03507505011112567,Low
2018-07-12,Historical_Mean,120D,3,-0.1337821451764235,0.03505610245059986,Low
2018-07-13,Historical_Mean,120D,3,-0.1011014016526856,0.03503242247197055,Low
2018-07-16,Historical_Mean,120D,3,-0.0930867610365572,0.03501333204648679,Low
2018-07-17,Historical_Mean,120D,3,-0.0874039980435033,0.03499537073225754,Low
2018-07-18,Historical_Mean,120D,3,-0.0854725087874184,0.03497821114039216,Low
2018-07-19,Historical_Mean,120D,3,-0.0770034405639067,0.03496132710339639,Low
2018-07-20,Historical_Mean,120D,3,-0.0762008513371148,0.03494563477436103,Low
2018-07-23,Historical_Mean,120D,3,-0.0833086082675958,0.034930059313863344,Low
2018-07-24,Historical_Mean,120D,3,-0.0774135082738883,0.03491349231546325,Low
2018-07-25,Historical_Mean,120D,3,-0.0842544228151726,0.03489775583457374,Low
2018-07-26,Historical_Mean,120D,3,-0.0736547893600695,0.03488106551679117,Low
2018-07-27,Historical_Mean,120D,3,-0.0539740418753683,0.03486586441666836,Low
2018-07-30,Historical_Mean,120D,3,-0.0624617293877536,0.034853423595173884,Low
2018-07-31,Historical_Mean,120D,3,-0.0651340766876058,0.0348397978386655,Low
2018-08-01,Historical_Mean,120D,3,-0.0627184035090572,0.03482580177615307,Low
2018-08-02,Historical_Mean,120D,3,-0.059179885390748,0.0348121477720538,Low
2018-08-03,Historical_Mean,120D,3,-0.0716910933048049,0.03479899283389245,Low
2018-08-06,Historical_Mean,120D,3,-0.0766803838907214,0.0347840907787373,Low
2018-08-07,Historical_Mean,120D,3,-0.0640709757456472,0.03476849479795243,Low
2018-08-08,Historical_Mean,120D,3,-0.0552479125425841,0.03475466722792675,Low
2018-08-09,Historical_Mean,120D,3,-0.0529069912807372,0.034742077693758255,Low
2018-08-10,Historical_Mean,120D,3,-0.0390142979000131,0.03472981908271287,Low
2018-08-13,Historical_Mean,120D,3,-0.0303028897966826,0.03471950666249434,Low
2018-08-14,Historical_Mean,120D,3,-0.0388987355306088,0.03471041516410799,Low
2018-08-15,Historical_Mean,120D,3,-0.0406687201514602,0.034700124495759786,Low
2018-08-16,Historical_Mean,120D,3,-0.0478809621380858,0.034689589292426375,Low
2018-08-17,Historical_Mean,120D,3,-0.0504897167095303,0.034678049033665996,Low
2018-08-20,Historical_Mean,120D,3,-0.04010693870882,0.034666147445384383,Low
2018-08-21,Historical_Mean,120D,3,-0.0391539070697361,0.03465569989946372,Low
2018-08-22,Historical_Mean,120D,3,-0.0414108393991912,0.03464538841483544,Low
2018-08-23,Historical_Mean,120D,3,-0.0288981408106984,0.03463476455286952,Low
2018-08-24,Historical_Mean,120D,3,-0.0335802254123918,0.034625891242064555,Low
2018-08-27,Historical_Mean,120D,3,-0.0394458332587613,0.034616366578378695,Low
2018-08-28,Historical_Mean,120D,3,-0.0432477446622011,0.03460602558426572,Low
2018-08-29,Historical_Mean,120D,3,-0.0425423484364022,0.03459515670666604,Low
2018-08-30,Historical_Mean,120D,3,-0.0368710719421924,0.03458438932738867,Low
2018-08-31,Historical_Mean,120D,3,-0.0377963100823378,0.034574416478642046,Low
2018-09-04,Historical_Mean,120D,3,-0.0366848154697564,0.03456431729826792,Low
2018-09-05,Historical_Mean,120D,4,-0.0367072602674409,0.03455437602119691,Low
2018-09-06,Historical_Mean,120D,4,-0.0261766126421097,0.034544434386670035,Low
2018-09-07,Historical_Mean,120D,4,-0.0278489221423504,0.034535964440090494,Low
2018-09-10,Historical_Mean,120D,4,-0.0308771238467506,0.034527263619088755,Low
2018-09-11,Historical_Mean,120D,4,-0.0411554631405911,0.034518142940317895,Low
2018-09-12,Historical_Mean,120D,4,-0.0496709826288159,0.03450759168458994,Low
2018-09-13,Historical_Mean,120D,4,-0.0570732989196609,0.034495856207897704,Low
2018-09-14,Historical_Mean,120D,4,-0.0427892072569377,0.03448309217735302,Low
2018-09-17,Historical_Mean,120D,4,-0.0342549505375833,0.03447232251889528,Low
2018-09-18,Historical_Mean,120D,4,-0.0326840566481893,0.03446274513970681,Low
2018-09-19,Historical_Mean,120D,4,-0.0348049440129574,0.03445338930833049,Low
2018-09-20,Historical_Mean,120D,4,-0.0376424387898559,0.03444374061324532,Low
2018-09-21,Historical_Mean,120D,4,-0.0335747410539408,0.03443369935688607,Low
2018-09-24,Historical_Mean,120D,4,-0.0301834288198538,0.03442422742925225,Low
2018-09-25,Historical_Mean,120D,4,-0.0318261770675055,0.034415230401505535,Low
2018-09-26,Historical_Mean,120D,4,-0.0177374618916561,0.034406007147889696,Low
2018-09-27,Historical_Mean,120D,4,-0.0396537652544406,0.03439874785942532,Low
2018-09-28,Historical_Mean,120D,4,-0.0404862679436125,0.03438843988154199,Low
2018-10-01,Historical_Mean,120D,4,-0.0369637073378772,0.034378018906200986,Low
2018-10-02,Historical_Mean,120D,4,-0.0412220817041969,0.03436809102890567,Low
2018-10-03,Historical_Mean,120D,4,-0.0383502937256536,0.03435757340364714,Low
2018-10-04,Historical_Mean,120D,4,-0.023435552261319,0.03434745823014557,Low
2018-10-05,Historical_Mean,120D,4,-0.0063900421586525,0.034339420532205456,Low
2018-10-08,Historical_Mean,120D,4,-0.0059773918954445,0.034333755794696295,Low
2018-10-09,Historical_Mean,120D,4,-0.0024124096412011,0.03432815001696161,Low
2018-10-10,Historical_Mean,120D,4,0.033086444644395,0.034323041485307244,Normal
2018-10-11,Historical_Mean,120D,4,0.0584997422400357,0.034322869568604766,Normal
2018-10-12,Historical_Mean,120D,4,0.0454404185821831,0.03432623026816988,Normal
2018-10-15,Historical_Mean,120D,4,0.0452769244378134,0.03432777497815098,Normal
2018-10-16,Historical_Mean,120D,4,0.0274809341574122,0.03432929653866511,High
2018-10-17,Historical_Mean,120D,4,0.0277717507604199,0.0343283449807408,High
2018-10-18,Historical_Mean,120D,4,0.0488558197253068,0.034327434089629336,High
2018-10-19,Historical_Mean,120D,4,0.0485874876162289,0.03432945220126091,High
2018-10-22,Historical_Mean,120D,4,0.0534055130378468,0.03433143248395743,High
2018-10-23,Historical_Mean,120D,4,0.0566561883978022,0.03433408129392187,High
2018-10-24,Historical_Mean,120D,4,0.0895848090831925,0.03433718072562193,High
2018-10-25,Historical_Mean,120D,4,0.0721425969214114,0.03434485081146916,High
2018-10-26,Historical_Mean,120D,4,0.0984240861064098,0.03435009758355549,High
2018-10-29,Historical_Mean,120D,4,0.1028111257985676,0.03435899057294104,High
2018-10-30,Historical_Mean,120D,4,0.0868967610864173,0.03436848989784052,High
2018-10-31,Historical_Mean,120D,4,0.080778232655151,0.03437577840501251,High
2018-11-01,Historical_Mean,120D,4,0.0713466822908556,0.03438221603740016,High
2018-11-02,Historical_Mean,120D,4,0.0786343680455268,0.0343873435816162,High
2018-11-05,Historical_Mean,120D,4,0.0655192284980415,0.03439348047821313,High
2018-11-06,Historical_Mean,120D,4,0.05715319610495,0.03439779690423169,High
2018-11-07,Historical_Mean,120D,4,0.0457582450230934,0.03440095211765387,High
2018-11-08,Historical_Mean,120D,4,0.0437893008225125,0.03440252667649283,High
2018-11-09,Historical_Mean,120D,4,0.0363813986489794,0.03440382786503539,High
2018-11-12,Historical_Mean,120D,4,0.0546728342450269,0.03440410195662014,High
2018-11-13,Historical_Mean,120D,4,0.0531298544052725,0.0344069108164162,High
2018-11-14,Historical_Mean,120D,4,0.0644394372936418,0.03440950509985653,High
2018-11-15,Historical_Mean,120D,4,0.0294749354125023,0.03441366552271519,High
2018-11-16,Historical_Mean,120D,4,0.0352380853982343,0.03441298139331912,High
2018-11-19,Historical_Mean,120D,4,0.0578432409616788,0.034413095673652215,High
2018-11-20,Historical_Mean,120D,4,0.0850171936347638,0.03441634039672215,High
2018-11-21,Historical_Mean,120D,4,0.0761240871499528,0.034423346884293195,High
2018-11-23,Historical_Mean,120D,4,0.075928248886403,0.034429120211202466,High
2018-11-26,Historical_Mean,120D,4,0.0689752221342272,0.03443486483034355,High
2018-11-27,Historical_Mean,120D,4,0.0628904454057151,0.034439645502634744,High
2018-11-28,Historical_Mean,120D,4,0.0281907018613194,0.03444358278465842,High
2018-11-29,Historical_Mean,120D,4,0.0317288401787501,0.034442717573516406,High
2018-11-30,Historical_Mean,120D,4,0.0151803424618722,0.03444234210625094,High
2018-12-03,Historical_Mean,120D,4,-0.0026375694997216,0.034439677560719834,High
2018-12-04,Historical_Mean,120D,4,0.0323589320138314,0.03443454931078063,High
2018-12-06,Historical_Mean,120D,4,0.0205991146775226,0.03443426226648565,High
2018-12-07,Historical_Mean,120D,4,0.041426379479537,0.034432349220635414,High
2018-12-10,Historical_Mean,120D,4,0.0608717033376984,0.03443331618182149,High
2018-12-11,Historical_Mean,120D,4,0.0693568399918177,0.03443697092154445,High
2018-12-12,Historical_Mean,120D,4,0.0700688096574708,0.034441797441111865,High
2018-12-13,Historical_Mean,120D,4,0.080711739217146,0.034446721019361776,High
2018-12-14,Historical_Mean,120D,4,0.1046321715606113,0.03445311386421431,High
2018-12-17,Historical_Mean,120D,4,0.1252745149312366,0.03446280978265814,High
2018-12-18,Historical_Mean,120D,4,0.1231484602502102,0.03447535456856069,High
2018-12-19,Historical_Mean,120D,4,0.1427529299289973,0.03448760223509131,High
2018-12-20,Historical_Mean,120D,4,0.1570379276269483,0.03450255394448143,High
2018-12-21,Historical_Mean,120D,4,0.1787723635578418,0.0345194740457908,High
2018-12-24,Historical_Mean,120D,4,0.2159294260291269,0.034539390225483205,High
2018-12-26,Historical_Mean,120D,4,0.1705069651513456,0.03456443026355659,High
2018-12-27,Historical_Mean,120D,4,0.1714083415184017,0.03458319389846174,High
2018-12-28,Historical_Mean,120D,4,0.171390679148905,0.03460207675074161,High
2018-12-31,Historical_Mean,120D,4,0.1612006648261111,0.034620951954605024,High
2019-01-02,Historical_Mean,120D,4,0.1503911961230974,0.03463841604302549,High
2019-01-03,Historical_Mean,120D,4,0.1742248322632083,0.03465438414622318,High
2019-01-04,Historical_Mean,120D,4,0.1442813189954526,0.03467363524251518,High
2019-01-07,Historical_Mean,120D,4,0.1430362848408226,0.03468875145872714,High
2019-01-08,Historical_Mean,120D,4,0.1410307161152791,0.034703691824609945,High
2019-01-09,Historical_Mean,120D,4,0.1398648920594456,0.03471835155496851,High
2019-01-10,Historical_Mean,120D,4,0.1429997463456675,0.03473284652884561,High
2019-01-11,Historical_Mean,120D,4,0.1413385206856015,0.03474776960256261,High
2019-01-14,Historical_Mean,120D,4,0.1417627422627272,0.034762459617871735,High
2019-01-15,Historical_Mean,120D,4,0.13233391644142,0.034777204041551615,High
2019-01-16,Historical_Mean,120D,4,0.1346149428484143,0.03479064530807129,High
2019-01-17,Historical_Mean,120D,4,0.1293348317211273,0.03480439710550074,High
2019-01-18,Historical_Mean,120D,4,0.1208474531833381,0.03481741782652217,High
2019-01-22,Historical_Mean,120D,4,0.1352817837396946,0.0348292660616629,High
2019-01-23,Historical_Mean,120D,4,0.1296717092652333,0.034843098685964476,High
2019-01-24,Historical_Mean,120D,4,0.1217442636881626,0.034856155082849956,High
2019-01-25,Historical_Mean,120D,4,0.116866993696464,0.034868116551545626,High
2019-01-28,Historical_Mean,120D,4,0.1185488800803282,0.03487940338941829,High
2019-01-29,Historical_Mean,120D,4,0.1228308897016931,0.034890918594027556,High
2019-01-30,Historical_Mean,120D,4,0.1142254249494094,0.03490301986980954,High
2019-01-31,Historical_Mean,120D,4,0.1103419689531174,0.03491393379455907,High
2019-02-01,Historical_Mean,120D,4,0.1041674658847108,0.03492431046743823,Normal
2019-02-04,Historical_Mean,120D,4,0.1047746205380143,0.034933834972997686,Normal
2019-02-05,Historical_Mean,120D,4,0.0984598281716068,0.034943440362292834,Normal
2019-02-06,Historical_Mean,120D,4,0.0981047585170711,0.034952174739054286,Normal
2019-02-07,Historical_Mean,120D,4,0.0965607447671614,0.03496085789370547,Normal
2019-02-08,Historical_Mean,120D,4,0.0868452446323428,0.03496932639616264,Normal
2019-02-11,Historical_Mean,120D,4,0.0788270042889593,0.034976457106573114,Normal
2019-02-12,Historical_Mean,120D,4,0.0357889692164258,0.0349824838447785,Normal
2019-02-13,Historical_Mean,120D,4,0.0457025615338814,0.03498259467140645,Normal
2019-02-14,Historical_Mean,120D,4,0.0491243072514389,0.034984067598977556,Normal
2019-02-15,Historical_Mean,120D,4,0.0568927650533463,0.03498601020643084,Normal
2019-02-19,Historical_Mean,120D,4,0.0487565505930973,0.03498901937605267,Normal
2019-02-20,Historical_Mean,120D,4,0.0345872079164411,0.03499091026071371,Low
2019-02-21,Historical_Mean,120D,4,0.0531382235095843,0.034990854822325314,Low
2019-02-22,Historical_Mean,120D,4,0.0170172323603382,0.03499334656593197,Normal
2019-02-25,Historical_Mean,120D,4,0.0182473646087669,0.034990878675458935,Low
2019-02-26,Historical_Mean,120D,4,0.0333611924538521,0.034988580320748336,Low
2019-02-27,Historical_Mean,120D,4,0.0459385654545477,0.034988356962545354,Low
2019-02-28,Historical_Mean,120D,4,0.0408218577413828,0.03498985966715521,Low
2019-03-01,Historical_Mean,120D,4,0.0421631807100225,0.03499065988642994,Low
2019-03-04,Historical_Mean,120D,4,0.0455450851459993,0.034991643906298726,Low
2019-03-05,Historical_Mean,120D,4,0.0203883775128682,0.03499309156627674,Low
2019-03-06,Historical_Mean,120D,4,0.0378569638477912,0.03499108845092172,Low
2019-03-07,Historical_Mean,120D,4,0.0428075531855663,0.0349914814672954,Low
2019-03-08,Historical_Mean,120D,4,0.0514656688475823,0.03499255318973037,Low
2019-03-11,Historical_Mean,120D,4,0.0495136157251872,0.03499481163717455,Low
2019-03-12,Historical_Mean,120D,4,0.0472072307572589,0.03499680187762527,Low
2019-03-13,Historical_Mean,120D,4,0.0333586746675541,0.03499847545614496,Low
2019-03-14,Historical_Mean,120D,4,0.0450107992775717,0.034998250733548196,Low
2019-03-15,Historical_Mean,120D,4,0.0529641927909007,0.0349996226914194,Low
2019-03-18,Historical_Mean,120D,4,0.0501752867963696,0.035002083928588806,Low
2019-03-19,Historical_Mean,120D,4,0.0502118421973964,0.03500416244952959,Low
2019-03-20,Historical_Mean,120D,4,0.053482791364097,0.0350062454079939,Low
2019-03-21,Historical_Mean,120D,4,0.049892448195795,0.03500877574844256,Low
2019-03-22,Historical_Mean,120D,4,0.0719242916083016,0.03501081377013876,Normal
2019-03-25,Historical_Mean,120D,4,0.0720389875646456,0.03501586764169382,Normal
2019-03-26,Historical_Mean,120D,4,0.0617414217003556,0.03502093583059498,Normal
2019-03-27,Historical_Mean,120D,4,0.0689749903494166,0.03502459316509672,Normal
2019-03-28,Historical_Mean,120D,4,0.065734568918422,0.035029239449096215,Normal
2019-03-29,Historical_Mean,120D,4,0.0590428373970268,0.03503344105411391,Normal
2019-04-01,Historical_Mean,120D,4,0.042633042774102,0.03503672596262984,Normal
2019-04-02,Historical_Mean,120D,4,0.0425186466014162,0.03503776513045632,Normal
2019-04-03,Historical_Mean,120D,4,0.0319205852177755,0.03503878836687691,Normal
2019-04-04,Historical_Mean,120D,4,0.0359778052167452,0.035038361916774466,Normal
2019-04-05,Historical_Mean,120D,4,0.0289202165840329,0.03503849037886936,Normal
2019-04-08,Historical_Mean,120D,4,0.0225427702543807,0.035037653863447586,Low
2019-04-09,Historical_Mean,120D,4,0.0336636569052986,0.03503594574538757,Normal
2019-04-10,Historical_Mean,120D,4,0.017857692205386,0.035035758171735286,Normal
2019-04-11,Historical_Mean,120D,4,-0.0002458343226004,0.03503341047924296,Normal
2019-04-12,Historical_Mean,120D,4,0.0011068920617204,0.03502858959309895,Normal
2019-04-15,Historical_Mean,120D,4,0.0158532445453367,0.03502395484825248,Normal
2019-04-16,Historical_Mean,120D,4,0.0108556639465151,0.03502133589875754,Normal
2019-04-17,Historical_Mean,120D,4,-0.0025510947848559,0.03501803502839117,Normal
2019-04-18,Historical_Mean,120D,4,0.0049343549057403,0.03501290403551856,Low
2019-04-22,Historical_Mean,120D,4,0.0103180515005901,0.03500879662747134,Low
2019-04-23,Historical_Mean,120D,4,0.0123952799993839,0.03500542541704986,Low
2019-04-24,Historical_Mean,120D,4,0.013201366929201,0.03500233870777783,Low
2019-04-25,Historical_Mean,120D,4,0.0234768540459629,0.034999362872154216,Low
2019-04-26,Historical_Mean,120D,4,0.0168009591694643,0.03499779026278801,Low
2019-04-29,Historical_Mean,120D,4,0.0184890326350056,0.034995307070771996,Low
2019-04-30,Historical_Mean,120D,4,0.0136110222264142,0.034993054884329675,Low
2019-05-01,Historical_Mean,120D,4,0.0279895821820395,0.0349901378266683,Low
2019-05-02,Historical_Mean,120D,4,0.0265407775723454,0.034989182901604236,Low
2019-05-03,Historical_Mean,120D,4,0.0197917534392588,0.03498803063682938,Low
2019-05-06,Historical_Mean,120D,4,0.0261913712875027,0.034985958323015445,Low
2019-05-07,Historical_Mean,120D,4,0.046905288887064,0.03498475917016086,Low
2019-05-08,Historical_Mean,120D,4,0.0540778241926018,0.03498638432758648,Low
2019-05-09,Historical_Mean,120D,4,0.0562710708980494,0.03498898675941104,Low
2019-05-10,Historical_Mean,120D,4,0.0558057662289881,0.034991887411467554,Low
2019-05-13,Historical_Mean,120D,4,0.0772047967329466,0.034994723862655557,Normal
2019-05-14,Historical_Mean,120D,4,0.0788367397693781,0.035000475337361954,Normal
2019-05-15,Historical_Mean,120D,4,0.0767119912469675,0.03500644758047258,Normal
2019-05-16,Historical_Mean,120D,4,0.0666696314186479,0.035012128760647826,Normal
2019-05-17,Historical_Mean,120D,4,0.0732263191849812,0.03501644059702184,Normal
2019-05-20,Historical_Mean,120D,4,0.0827249524046672,0.03502164417574824,Normal
2019-05-21,Historical_Mean,120D,4,0.0768224064565924,0.03502813972425435,Normal
2019-05-22,Historical_Mean,120D,4,0.0776864034071545,0.03503382988990886,Normal
2019-05-23,Historical_Mean,120D,4,0.0912355189496995,0.03503963612098934,Normal
2019-05-24,Historical_Mean,120D,4,0.0905941567477786,0.035047284941300855,Normal
2019-05-28,Historical_Mean,120D,4,0.0998417993624955,0.035054844395819976,Normal
2019-05-29,Historical_Mean,120D,4,0.1144437383077,0.03506366014693804,Normal
2019-05-30,Historical_Mean,120D,4,0.1128504919555128,0.03507446015757216,Normal
2019-05-31,Historical_Mean,120D,4,0.1255409271062732,0.03508504049110473,Normal
2019-06-03,Historical_Mean,120D,4,0.12454674133964,0.03509734406654205,Normal
2019-06-04,Historical_Mean,120D,4,0.101756808172373,0.03510950908725103,High
2019-06-05,Historical_Mean,120D,4,0.0958006551359353,0.03511857181489382,Normal
2019-06-06,Historical_Mean,120D,4,0.097163066347398,0.03512682226809858,High
2019-06-07,Historical_Mean,120D,4,0.0889132507450781,0.03513525568899027,High
2019-06-10,Historical_Mean,120D,4,0.0884297662956126,0.03514256546132357,High
2019-06-11,Historical_Mean,120D,4,0.0847604215235747,0.035149807538088225,Normal
2019-06-12,Historical_Mean,120D,4,0.0781315956568486,0.035156549026603715,Normal
2019-06-13,Historical_Mean,120D,4,0.0673823598959531,0.035162388027504564,Normal
2019-06-14,Historical_Mean,120D,4,0.0752988292908761,0.0351667651463564,Normal
2019-06-17,Historical_Mean,120D,4,0.0758666407851532,0.03517221639114648,Normal
2019-06-18,Historical_Mean,120D,4,0.0752903972226087,0.03517774327209093,Normal
2019-06-19,Historical_Mean,120D,4,0.0691418467451105,0.035183190400547,Normal
2019-06-20,Historical_Mean,120D,4,0.0586167052402532,0.0351878012160724,Normal
2019-06-21,Historical_Mean,120D,4,0.0627806590493319,0.03519098189812835,Normal
2019-06-24,Historical_Mean,120D,4,0.0730527148854741,0.03519472693371288,Normal
2019-06-25,Historical_Mean,120D,4,0.0826670696760763,0.03519986509711567,Normal
2019-06-26,Historical_Mean,120D,4,0.0910241262974234,0.03520630656876433,Normal
2019-06-27,Historical_Mean,120D,4,0.0875434765332937,0.035213880221373374,Normal
2019-06-28,Historical_Mean,120D,4,0.0813701410521712,0.03522097961037242,Normal
2019-07-01,Historical_Mean,120D,4,0.0781765012630816,0.03522723967025329,Low
2019-07-02,Historical_Mean,120D,4,0.0801852497904271,0.03523306487866138,Low
2019-07-03,Historical_Mean,120D,4,0.0734079228440412,0.035239160916756274,Low
2019-07-05,Historical_Mean,120D,4,0.0750199897461218,0.03524433634210235,Low
2019-07-08,Historical_Mean,120D,4,0.0849822251662995,0.03524972891984151,Low
2019-07-09,Historical_Mean,120D,4,0.0837804162475036,0.0352564704809431,Low
2019-07-10,Historical_Mean,120D,4,0.0734822732320709,0.035263047323687284,Low
2019-07-11,Historical_Mean,120D,4,0.074141344297313,0.03526822678240911,Low
2019-07-12,Historical_Mean,120D,4,0.0778757053575634,0.03527349414250598,Low
2019-07-15,Historical_Mean,120D,4,0.0706149422642247,0.03527926601775527,Low
2019-07-16,Historical_Mean,120D,4,0.0775516720135077,0.03528405275254889,Low
2019-07-17,Historical_Mean,120D,4,0.081297162395006,0.03528977774499924,Low
2019-07-18,Historical_Mean,120D,4,0.0826120381718281,0.03529600843089442,Low
2019-07-19,Historical_Mean,120D,4,0.0954411417535791,0.03530241547622156,Low
2019-07-22,Historical_Mean,120D,4,0.0897571775798241,0.03531055773539802,Low
2019-07-23,Historical_Mean,120D,4,0.0898850264864809,0.035317928335079136,Low
2019-07-24,Historical_Mean,120D,4,0.0836921528361095,0.03532531424441203,Low
2019-07-25,Historical_Mean,120D,4,0.0908368995633967,0.035331860033908806,Low
2019-07-26,Historical_Mean,120D,4,0.0918081112148457,0.03533937086469764,Low
2019-07-29,Historical_Mean,120D,4,0.0972802563913882,0.03534701106769455,Low
2019-07-30,Historical_Mean,120D,4,0.0972067413938471,0.03535538948291691,Low
2019-07-31,Historical_Mean,120D,4,0.1084409826426683,0.03536375568769318,Low
2019-08-01,Historical_Mean,120D,4,0.1186208364048324,0.03537363900213123,Low
2019-08-02,Historical_Mean,120D,4,0.1168469355182038,0.03538489622963667,Low
2019-08-05,Historical_Mean,120D,4,0.1312213653310546,0.03539591056702019,Normal
2019-08-06,Historical_Mean,120D,4,0.1282917249202405,0.03540886520467925,Normal
2019-08-07,Historical_Mean,120D,4,0.1266578924427971,0.03542142033575732,Normal
2019-08-08,Historical_Mean,120D,4,0.1111988869061432,0.0354337512550852,High
2019-08-09,Historical_Mean,120D,4,0.0999730364684374,0.03544398978692994,High
2019-08-12,Historical_Mean,120D,4,0.1195952713455851,0.03545270875013512,High
2019-08-13,Historical_Mean,120D,4,0.1194462409957893,0.03546407629439281,High
2019-08-14,Historical_Mean,120D,4,0.160364372109298,0.03547542063651106,High
2019-08-15,Historical_Mean,120D,4,0.1612232904681195,0.035492288404132995,High
2019-08-16,Historical_Mean,120D,4,0.1414847412864163,0.03550926760765278,High
2019-08-19,Historical_Mean,120D,4,0.1367512558425921,0.03552357701538688,High
2019-08-20,Historical_Mean,120D,4,0.1463845198407097,0.03553724350368541,High
2019-08-21,Historical_Mean,120D,4,0.1446133933885598,0.035552206688936085,High
2019-08-22,Historical_Mean,120D,4,0.1434878199878498,0.035566926784320024,High
2019-08-23,Historical_Mean,120D,4,0.171618537209173,0.035581491007424415,High
2019-08-26,Historical_Mean,120D,4,0.1577712104922273,0.03559984710595387,High
2019-08-27,Historical_Mean,120D,4,0.1656742805770685,0.03561633002060393,High
2019-08-28,Historical_Mean,120D,4,0.1553273116185086,0.03563387459777329,High
2019-08-29,Historical_Mean,120D,4,0.1321460199445942,0.03565001884339249,High
2019-08-30,Historical_Mean,120D,4,0.0974153597642767,0.035663032464579435,High
2019-09-03,Historical_Mean,120D,4,0.0735904647216089,0.03567135936955512,High
2019-09-04,Historical_Mean,120D,4,0.0590210421196575,0.03567647182814378,High
2019-09-05,Historical_Mean,120D,4,0.0009269928456367,0.035679618844899175,High
2019-09-06,Historical_Mean,120D,4,-0.0082556610683931,0.03567493457127749,High
2019-09-09,Historical_Mean,120D,4,0.0368492223799199,0.03566901400582739,High
2019-09-10,Historical_Mean,120D,4,0.0080164850310742,0.035669173042126294,High
2019-09-11,Historical_Mean,120D,4,0.0421491620653202,0.035665447269017825,High
2019-09-12,Historical_Mean,120D,4,0.0047633633471059,0.035666320731876006,Normal
2019-09-13,Historical_Mean,120D,4,-0.011712903428314,0.035662158156797234,Normal
2019-09-16,Historical_Mean,120D,4,-0.0875828034523296,0.035655777677122476,Normal
2019-09-17,Historical_Mean,120D,4,-0.0419461763989326,0.03563918212350957,Normal
2019-09-18,Historical_Mean,120D,4,-0.0923917024918051,0.03562873573081771,Normal
2019-09-19,Historical_Mean,120D,4,-0.1923565294162082,0.035611500884530335,Normal
2019-09-20,Historical_Mean,120D,4,-0.0986405233620917,0.035580814650811025,Normal
2019-09-23,Historical_Mean,120D,4,-0.2261957802170816,0.03556274986776757,Low
2019-09-24,Historical_Mean,120D,4,-0.1595174786178383,0.035527524658497636,Low
2019-09-25,Historical_Mean,120D,4,-0.2188794361918824,0.03550128071295454,Low
2019-09-26,Historical_Mean,120D,4,-0.2117508042118681,0.0354670575571756,Low
2019-09-27,Historical_Mean,120D,4,-0.2507478936861064,0.03543380253137939,Low
2019-09-30,Historical_Mean,120D,4,-0.2855143049109316,0.035395311381921764,Low
2019-10-01,Historical_Mean,120D,4,-0.1834969454475557,0.03535215516671293,Low
2019-10-02,Historical_Mean,120D,4,-0.1539625508390896,0.03532272809926447,Normal
2019-10-03,Historical_Mean,120D,4,-0.1013590245387099,0.03529727968854407,Low
2019-10-04,Historical_Mean,120D,5,-0.1497436553195954,0.03527890943659794,Normal
2019-10-07,Historical_Mean,120D,5,-0.1122887124759391,0.03525404081230275,Normal
2019-10-08,Historical_Mean,120D,5,-0.1127478637122449,0.035234212462176666,Normal
2019-10-09,Historical_Mean,120D,5,-0.1669575229598777,0.0352143277435292,Normal
2019-10-10,Historical_Mean,120D,5,-0.1507800683146999,0.035187165060376786,Normal
2019-10-11,Historical_Mean,120D,5,-0.1769125088144333,0.03516218289576434,Normal
2019-10-14,Historical_Mean,120D,5,-0.1075561829963839,0.03513369737639426,Normal
2019-10-15,Historical_Mean,120D,5,-0.1190669674212355,0.03511453408330095,Normal
2019-10-16,Historical_Mean,120D,5,-0.0835760516767569,0.035093830242626245,Normal
2019-10-17,Historical_Mean,120D,5,-0.0719516033428329,0.03507789712206779,Normal
2019-10-18,Historical_Mean,120D,5,-0.0781806170777103,0.03506352881753498,Normal
2019-10-21,Historical_Mean,120D,5,-0.0549141716107363,0.03504832826103898,Normal
2019-10-22,Historical_Mean,120D,5,-0.0736158550247287,0.03503625437835588,Normal
2019-10-23,Historical_Mean,120D,5,-0.0706591205310183,0.03502167411676126,Normal
2019-10-24,Historical_Mean,120D,5,-0.046136793168869,0.035007494485116586,Normal
2019-10-25,Historical_Mean,120D,5,-0.0682440682948727,0.03499660847926014,Normal
2019-10-28,Historical_Mean,120D,5,-0.1049650034473212,0.03498275996460231,Normal
2019-10-29,Historical_Mean,120D,5,-0.0814609509087036,0.034963990146548135,Normal
2019-10-30,Historical_Mean,120D,5,-0.0852486079697566,0.03494837730746335,Normal
2019-10-31,Historical_Mean,120D,5,-0.0683990787683783,0.0349322607902634,Normal
2019-11-01,Historical_Mean,120D,5,-0.0634081411462899,0.0349184075472605,Low
2019-11-04,Historical_Mean,120D,5,-0.072361557142086,0.03490522704475466,Low
2019-11-05,Historical_Mean,120D,5,-0.0449384503851923,0.03489085004647202,Low
2019-11-06,Historical_Mean,120D,5,-0.0548958442965368,0.034880151935988014,Low
2019-11-07,Historical_Mean,120D,5,-0.0860824305555934,0.03486812245773094,Low
2019-11-08,Historical_Mean,120D,5,-0.0843990111218598,0.03485191793562304,Low
2019-11-11,Historical_Mean,120D,5,-0.0734346805107427,0.03483594326327777,Low
2019-11-12,Historical_Mean,120D,5,-0.0820019842110484,0.03482144143850225,Low
2019-11-13,Historical_Mean,120D,5,-0.0712743100262739,0.03480579614244633,Low
2019-11-14,Historical_Mean,120D,5,-0.0553802075755043,0.03479159152190955,Low
2019-11-15,Historical_Mean,120D,5,-0.0629131669866867,0.03477951871442562,Low
2019-11-18,Historical_Mean,120D,5,-0.0841295590815441,0.034766440710985044,Low
2019-11-19,Historical_Mean,120D,5,-0.1011537856061315,0.034750526375582486,Low
2019-11-20,Historical_Mean,120D,5,-0.085931611381119,0.03473233789699821,Low
2019-11-21,Historical_Mean,120D,5,-0.0804289300912065,0.034716191242471495,Low
2019-11-22,Historical_Mean,120D,5,-0.0515862952635092,0.03470078515184617,Low
2019-11-25,Historical_Mean,120D,5,-0.0696052948625757,0.034689241729717026,Low
2019-11-26,Historical_Mean,120D,5,-0.0552844678941003,0.0346752911496485,Low
2019-11-27,Historical_Mean,120D,5,-0.0672541718293537,0.034663259618413544,Low
2019-11-29,Historical_Mean,120D,5,-0.0608839399125522,0.03464963064924428,Low
2019-12-02,Historical_Mean,120D,5,-0.0400011711971282,0.03463685707382486,Low
2019-12-03,Historical_Mean,120D,5,-0.0186224984487687,0.034626878727799335,Low
2019-12-04,Historical_Mean,120D,5,-0.0270362953824583,0.03461976077870475,Low
2019-12-05,Historical_Mean,120D,5,-0.0237346287567804,0.034611520193812854,Low
2019-12-06,Historical_Mean,120D,5,-0.0290846583088421,0.03460372303372324,Low
2019-12-09,Historical_Mean,120D,5,-0.0177395173419688,0.03459521309500831,Low
2019-12-10,Historical_Mean,120D,5,-0.0030853103604208,0.03458822114705414,Low
2019-12-11,Historical_Mean,120D,5,-0.0093636369733804,0.034583188615460836,Low
2019-12-12,Historical_Mean,120D,5,0.0079717084727002,0.03457731886448063,Low
2019-12-13,Historical_Mean,120D,5,0.0198687857282914,0.03457376576480224,Low
2019-12-16,Historical_Mean,120D,5,0.0049166813660266,0.034571802220933034,Low
2019-12-17,Historical_Mean,120D,5,-0.0007458103976164,0.03456784292575881,Low
2019-12-18,Historical_Mean,120D,5,-0.0610661097533826,0.034563128781676125,Low
2019-12-19,Historical_Mean,120D,5,-0.0525392019700352,0.03455036460141251,Low
2019-12-20,Historical_Mean,120D,5,-0.049193936956194,0.03453874181126551,Low
2019-12-23,Historical_Mean,120D,5,-0.0312748528037819,0.03452756851545987,Low
2019-12-24,Historical_Mean,120D,5,-0.0346861817339432,0.03451878900627785,Low
2019-12-26,Historical_Mean,120D,5,-0.0392072007401953,0.03450955675297739,Low
2019-12-27,Historical_Mean,120D,5,-0.0449066984455271,0.03449972391884465,Low
2019-12-30,Historical_Mean,120D,5,-0.0326350090695189,0.034489133571770185,Low
2019-12-31,Historical_Mean,120D,5,-0.0312785305222258,0.03448018249260745,Low
2020-01-02,Historical_Mean,120D,5,-0.0658176914802049,0.03447141466420548,Low
2020-01-03,Historical_Mean,120D,5,-0.0478329543870323,0.03445804456606597,Low
2020-01-06,Historical_Mean,120D,5,-0.0758853038561361,0.03444707535799438,Low
2020-01-07,Historical_Mean,120D,5,-0.0584992406580076,0.034432370256139905,Low
2020-01-08,Historical_Mean,120D,5,-0.0480973647078929,0.03441998597963215,Low
2020-01-09,Historical_Mean,120D,5,-0.0497210148489288,0.03440899099619611,Low
2020-01-10,Historical_Mean,120D,5,-0.042330781884607,0.03439778262877736,Low
2020-01-13,Historical_Mean,120D,5,-0.0335258450983769,0.034387561693048914,Low
2020-01-14,Historical_Mean,120D,5,-0.0428876421311248,0.03437851622064729,Low
2020-01-15,Historical_Mean,120D,5,-0.0369591061113824,0.0343682264139684,Low
2020-01-16,Historical_Mean,120D,5,-0.0509504450098089,0.034358728766494984,Low
2020-01-17,Historical_Mean,120D,5,-0.044393358482851,0.03434737086824225,Low
2020-01-21,Historical_Mean,120D,5,-0.0511445033293245,0.03433688887551713,Low
2020-01-22,Historical_Mean,120D,5,-0.0381162370431015,0.03432551107807205,Low
2020-01-23,Historical_Mean,120D,5,-0.0302155063001047,0.03431587017467557,Low
2020-01-24,Historical_Mean,120D,5,-0.0245441320880262,0.03430728316516462,Low
2020-01-27,Historical_Mean,120D,5,-0.0058438171435987,0.03429945301411976,Low
2020-01-28,Historical_Mean,120D,5,-0.007475403388811,0.034294112682849605,Normal
2020-01-29,Historical_Mean,120D,5,-0.0049305239106663,0.03428855674828301,Low
2020-01-30,Historical_Mean,120D,5,-0.0023293502464037,0.03428334075138729,Low
2020-01-31,Historical_Mean,120D,5,0.0031387149127125,0.03427847204247801,Normal
2020-02-03,Historical_Mean,120D,5,-0.0102993508727963,0.0342743316679095,Normal
2020-02-04,Historical_Mean,120D,5,-0.01780073796882,0.034268405892511906,Normal
2020-02-05,Historical_Mean,120D,5,-0.0354829520464391,0.03426148456540021,Normal
2020-02-06,Historical_Mean,120D,5,-0.0264513237516986,0.03425221496989092,Normal
2020-02-07,Historical_Mean,120D,5,-0.0247931345056951,0.03424414805444619,Normal
2020-02-10,Historical_Mean,120D,5,-0.0244515883840919,0.03423630361084267,Normal
2020-02-11,Historical_Mean,120D,5,-0.0189832744057354,0.03422850662771594,Normal
2020-02-12,Historical_Mean,120D,5,-0.0218197044848047,0.03422143811270087,Normal
2020-02-13,Historical_Mean,120D,5,-0.0137787676892982,0.034213994741390266,Normal
2020-02-14,Historical_Mean,120D,5,-0.0092134777671187,0.03420762120056282,Normal
2020-02-18,Historical_Mean,120D,5,-0.0056564345110144,0.03420185555204766,Normal
2020-02-19,Historical_Mean,120D,5,-0.0076127175219075,0.03419656369197555,Normal
2020-02-20,Historical_Mean,120D,5,-0.0117909554952872,0.03419101354180778,Normal
2020-02-21,Historical_Mean,120D,5,0.0126823560311461,0.03418491028071976,Normal
2020-02-24,Historical_Mean,120D,5,0.04472116277543,0.03418205659070654,High
2020-02-25,Historical_Mean,120D,5,0.0752971697545043,0.034183455092058015,High
2020-02-26,Historical_Mean,120D,5,0.0817890445854577,0.03418891000975238,High
2020-02-27,Historical_Mean,120D,5,0.1292579213575359,0.034195224699932227,High
2020-02-28,Historical_Mean,120D,5,0.1331162611220068,0.03420783415697661,High
2020-03-02,Historical_Mean,120D,5,0.0912590471209397,0.03422095198548656,High
2020-03-03,Historical_Mean,120D,5,0.1232047320268267,0.034228515716442066,High
2020-03-04,Historical_Mean,120D,5,0.0918619980310969,0.03424031314634267,High
2020-03-05,Historical_Mean,120D,5,0.1299626802166181,0.03424795224018925,High
2020-03-06,Historical_Mean,120D,5,0.1573076252138458,0.03426063977040882,High
2020-03-09,Historical_Mean,120D,5,0.2379896841860266,0.03427694818464917,High
2020-03-10,Historical_Mean,120D,5,0.1964846346097379,0.034303944306568246,High
2020-03-11,Historical_Mean,120D,5,0.2443901522428347,0.03432543373154548,High
2020-03-12,Historical_Mean,120D,5,0.3518318360660141,0.0343532642453917,High
2020-03-13,Historical_Mean,120D,5,0.2782724792606479,0.03439531995764772,High
2020-03-16,Historical_Mean,120D,5,0.3701670825912799,0.03442762156815142,High
2020-03-17,Historical_Mean,120D,5,0.303774489201313,0.0344720844818083,High
2020-03-18,Historical_Mean,120D,5,0.3288479324469264,0.03450774422819595,High
2020-03-19,Historical_Mean,120D,5,0.3440959321387059,0.034546714198832616,High
2020-03-20,Historical_Mean,120D,5,0.3706823102666773,0.03458769238495121,High
2020-03-23,Historical_Mean,120D,5,0.4009467414343414,0.03463217876719896,High
2020-03-24,Historical_Mean,120D,5,0.323924843941401,0.034680658725201485,High
2020-03-25,Historical_Mean,120D,5,0.3176616394510785,0.03471893372655337,High
2020-03-26,Historical_Mean,120D,5,0.2524881614846802,0.0347563699141327,High
2020-03-27,Historical_Mean,120D,5,0.2783080574977539,0.03478517422575733,High
2020-03-30,Historical_Mean,120D,5,0.2340958899799508,0.03481738624735416,High
2020-03-31,Historical_Mean,120D,5,0.2385996367410688,0.03484374235153781,High
2020-04-01,Historical_Mean,120D,5,0.2942090158722318,0.03487068706118995,High
2020-04-02,Historical_Mean,120D,5,0.2476290199008973,0.0349049774656341,High
2020-04-03,Historical_Mean,120D,5,0.2658648862814707,0.034933100686474296,High
2020-04-06,Historical_Mean,120D,5,0.2137470813608287,0.034963627029580044,High
2020-04-07,Historical_Mean,120D,5,0.2313336122630454,0.03498725688080014,High
2020-04-08,Historical_Mean,120D,5,0.1930199583673166,0.03501320459526852,High
2020-04-09,Historical_Mean,120D,5,0.1868563306319969,0.03503408286611578,High
2020-04-13,Historical_Mean,120D,5,0.2022913396409689,0.03505414129493938,High
2020-04-14,Historical_Mean,120D,5,0.1625529672022905,0.035076233395117194,High
2020-04-15,Historical_Mean,120D,5,0.2026428088775606,0.03509307089793151,High
2020-04-16,Historical_Mean,120D,5,0.1827709066504961,0.035115198438605,High
2020-04-17,Historical_Mean,120D,5,0.1735771383994171,0.035134696089233794,High
2020-04-20,Historical_Mean,120D,5,0.1995981969096343,0.03515297473226393,High
2020-04-21,Historical_Mean,120D,5,0.2395084073267178,0.03517468367248536,High
2020-04-22,Historical_Mean,120D,5,0.2331196369029052,0.03520165486092968,High
2020-04-23,Historical_Mean,120D,5,0.2273323129339375,0.0352277757507333,High
2020-04-24,Historical_Mean,120D,5,0.2068650502830389,0.03525312604595409,High
2020-04-27,Historical_Mean,120D,5,0.1907292585870899,0.03527576912871397,High
2020-04-28,Historical_Mean,120D,5,0.1961203392342041,0.03529627750463196,High
2020-04-29,Historical_Mean,120D,5,0.1534189716741884,0.03531749160062584,High
2020-04-30,Historical_Mean,120D,5,0.1673903103132445,0.03533306816090987,High
2020-05-01,Historical_Mean,120D,5,0.1936524073164501,0.03535048306822259,High
2020-05-04,Historical_Mean,120D,5,0.1946169387410919,0.03537135621224266,High
2020-05-05,Historical_Mean,120D,5,0.1890568418637016,0.035392351015476525,High
2020-05-06,Historical_Mean,120D,5,0.1772962492774221,0.03541260734171542,High
2020-05-07,Historical_Mean,120D,5,0.1628270881720859,0.03543130823033223,High
2020-05-08,Historical_Mean,120D,5,0.1101707509982819,0.03544809734207995,High
2020-05-11,Historical_Mean,120D,5,0.1219142065714886,0.035457943521241396,High
2020-05-12,Historical_Mean,120D,5,0.130423858898276,0.03546933433323748,High
2020-05-13,Historical_Mean,120D,5,0.1602838064131478,0.03548184316271515,High
2020-05-14,Historical_Mean,120D,5,0.1664676262931541,0.03549828177747417,High
2020-05-15,Historical_Mean,120D,5,0.1843564767445228,0.0355155304729194,High
2020-05-18,Historical_Mean,120D,5,0.1726145337511509,0.03553513028148822,High
2020-05-19,Historical_Mean,120D,5,0.1828665248773762,0.03555317891920641,High
2020-05-20,Historical_Mean,120D,5,0.177984509010305,0.03557257246132834,High
2020-05-21,Historical_Mean,120D,5,0.1843877020993909,0.035591318273694925,High
2020-05-22,Historical_Mean,120D,5,0.1896594847755699,0.035610901898836506,High
2020-05-26,Historical_Mean,120D,5,0.1674165482070401,0.0356311741166121,High
2020-05-27,Historical_Mean,120D,5,0.1662166474230197,0.03564851429741347,High
2020-05-28,Historical_Mean,120D,5,0.179907521670772,0.03566569205469877,High
2020-05-29,Historical_Mean,120D,5,0.1703032843338163,0.035684666249596965,High
2020-06-01,Historical_Mean,120D,5,0.1549278572079706,0.035702372236455344,High
2020-06-02,Historical_Mean,120D,5,0.1506892256163046,0.035718051547998154,High
2020-06-03,Historical_Mean,120D,5,0.130316817430822,0.03573316938811233,High
2020-06-04,Historical_Mean,120D,5,0.1393113146962808,0.03574560478753945,High
2020-06-05,Historical_Mean,120D,5,0.1294697606886765,0.03575921931493642,High
2020-06-08,Historical_Mean,120D,5,0.1159144295273613,0.03577153668367639,High
2020-06-09,Historical_Mean,120D,5,0.1261382839729841,0.03578206932828721,High
2020-06-10,Historical_Mean,120D,5,0.1268593990711943,0.03579394268106575,High
2020-06-11,Historical_Mean,120D,5,0.1988202327290761,0.03580590766022619,High
2020-06-12,Historical_Mean,120D,5,0.1876335106524687,0.035827323099672966,High
2020-06-15,Historical_Mean,120D,5,0.1787312977539992,0.035847263489473674,High
2020-06-16,Historical_Mean,120D,5,0.1687439086024756,0.03586602945142068,High
2020-06-17,Historical_Mean,120D,5,0.1704131913961417,0.03588347894310171,High
2020-06-18,Historical_Mean,120D,5,0.1726024191625103,0.03590114303349733,High
2020-06-19,Historical_Mean,120D,5,0.1702869677797125,0.03591908989920943,High
2020-06-22,Historical_Mean,120D,5,0.1625269399552823,0.03593672810843501,High
2020-06-23,Historical_Mean,120D,5,0.1569629726795657,0.03595334317758409,High
2020-06-24,Historical_Mean,120D,5,0.1787894500300811,0.03596922370639013,High
2020-06-25,Historical_Mean,120D,5,0.1807281043240817,0.03598796405887979,High
2020-06-26,Historical_Mean,120D,5,0.2070245342192359,0.03600695384374796,High
2020-06-29,Historical_Mean,120D,5,0.1981867889146856,0.03602938826331709,High
2020-06-30,Historical_Mean,120D,5,0.1793771425267813,0.03605065759708564,High
2020-07-01,Historical_Mean,120D,5,0.1704536500640011,0.03606945451314199,High
2020-07-02,Historical_Mean,120D,5,0.1638474348954138,0.036087076358873815,High
2020-07-06,Historical_Mean,120D,5,0.1488360373350691,0.036103827422009585,High
2020-07-07,Historical_Mean,120D,5,0.1632438651841996,0.03611860615954407,High
2020-07-08,Historical_Mean,120D,5,0.1641315864591808,0.03613526958319391,High
2020-07-09,Historical_Mean,120D,5,0.1675613131080968,0.03615204498514358,High
2020-07-10,Historical_Mean,120D,5,0.1584901514287329,0.036169265437000865,High
2020-07-13,Historical_Mean,120D,5,0.1743150013564955,0.03618529280675869,High
2020-07-14,Historical_Mean,120D,5,0.1461329380615657,0.03620338919200037,High
2020-07-15,Historical_Mean,120D,5,0.1441495125085727,0.03621778918530264,High
2020-07-16,Historical_Mean,120D,5,0.1532550311051622,0.0362319256258165,High
2020-07-17,Historical_Mean,120D,5,0.1651487286253314,0.03624725080987613,High
2020-07-20,Historical_Mean,120D,5,0.1622537687637066,0.03626412935875861,High
2020-07-21,Historical_Mean,120D,5,0.1539998118125251,0.036280624467347894,High
2020-07-22,Historical_Mean,120D,5,0.1486848832486209,0.03629603475499617,High
2020-07-23,Historical_Mean,120D,5,0.1633543180475938,0.03631074533725973,High
2020-07-24,Historical_Mean,120D,5,0.1658034450031268,0.036327371900891504,High
2020-07-27,Historical_Mean,120D,5,0.1512195153833661,0.03634431459561831,Normal
2020-07-28,Historical_Mean,120D,5,0.165817408437774,0.036359344714784574,Normal
2020-07-29,Historical_Mean,120D,5,0.1673050424625422,0.036376280620556804,Normal
2020-07-30,Historical_Mean,120D,5,0.1713790173873104,0.036393406684891924,Normal
2020-07-31,Historical_Mean,120D,5,0.1607226284821964,0.03641106109382502,Normal
2020-08-03,Historical_Mean,120D,5,0.1571765833308549,0.03642731734691621,Normal
2020-08-04,Historical_Mean,120D,5,0.1520812171435677,0.036443105692363906,Normal
2020-08-05,Historical_Mean,120D,5,0.1196587415819495,0.03645822376158226,Normal
2020-08-06,Historical_Mean,120D,5,0.122964914340045,0.03646909964626466,Normal
2020-08-07,Historical_Mean,120D,5,0.1028317074152965,0.036480404810908994,Normal
2020-08-10,Historical_Mean,120D,5,0.1160175423765833,0.03648907591684265,Normal
2020-08-11,Historical_Mean,120D,5,0.1378211265922712,0.03649946771959448,Normal
2020-08-12,Historical_Mean,120D,5,0.1249298849140025,0.03651270545919112,Normal
2020-08-13,Historical_Mean,120D,5,0.137774005234081,0.0365242557112427,Normal
2020-08-14,Historical_Mean,120D,5,0.1418358222381239,0.03653748060015634,Normal
2020-08-17,Historical_Mean,120D,5,0.1465017522069896,0.03655123250581625,Normal
2020-08-18,Historical_Mean,120D,5,0.1430868663654514,0.03656559010828441,Normal
2020-08-19,Historical_Mean,120D,5,0.1471557451882419,0.03657949809578372,Normal
2020-08-20,Historical_Mean,120D,5,0.1456631652344834,0.0365939336371796,Low
2020-08-21,Historical_Mean,120D,5,0.1469279361776734,0.03660817058165126,Low
2020-08-24,Historical_Mean,120D,5,0.1363648862973545,0.03662256888047611,Low
2020-08-25,Historical_Mean,120D,5,0.1324545332028974,0.036635584973053026,Low
2020-08-26,Historical_Mean,120D,5,0.1178849176308125,0.036648087445421224,Low
2020-08-27,Historical_Mean,120D,5,0.1143566525033385,0.03665868585770894,Low
2020-08-28,Historical_Mean,120D,5,0.0998837567600575,0.03666882125643652,Low
2020-08-31,Historical_Mean,120D,5,0.1033366615470924,0.036677066324325346,Low
2020-09-01,Historical_Mean,120D,5,0.1071274977973724,0.036685759542273016,Low
2020-09-02,Historical_Mean,120D,5,0.0670950532293308,0.03669494479957581,Low
2020-09-03,Historical_Mean,120D,5,0.0980911150777175,0.036698908307845654,High
2020-09-04,Historical_Mean,120D,5,0.129769569057686,0.03670691146346681,High
2020-09-08,Historical_Mean,120D,5,0.1498047194046441,0.03671904163260057,High
2020-09-09,Historical_Mean,120D,5,0.1167076228476626,0.036733779763419294,High
2020-09-10,Historical_Mean,120D,5,0.1209408307086675,0.03674420116595829,High
2020-09-11,Historical_Mean,120D,5,0.1397162568892893,0.03675517141084985,High
2020-09-14,Historical_Mean,120D,5,0.1216812786402409,0.03676858478832229,High
2020-09-15,Historical_Mean,120D,5,0.1305308934536718,0.036779645449238264,High
2020-09-16,Historical_Mean,120D,5,0.1411727441168119,0.03679185582277362,High
2020-09-17,Historical_Mean,120D,5,0.1599625191460221,0.036805448854196204,High
2020-09-18,Historical_Mean,120D,5,0.1722229794213815,0.036821484931057115,High
2020-09-21,Historical_Mean,120D,5,0.1903324829880924,0.036839113038659034,High
2020-09-22,Historical_Mean,120D,5,0.1782985496111204,0.03685909395117523,High
2020-09-23,Historical_Mean,120D,5,0.2051811331756537,0.03687750335579061,High
2020-09-24,Historical_Mean,120D,5,0.1873275675550769,0.03689940648304462,High
2020-09-25,Historical_Mean,120D,5,0.1708742426571335,0.03691898073952765,High
2020-09-28,Historical_Mean,120D,5,0.1618926077016218,0.03693640921492677,High
2020-09-29,Historical_Mean,120D,5,0.1590567722867318,0.03695266473704029,High
2020-09-30,Historical_Mean,120D,5,0.1453545931180034,0.03696854716518151,High
2020-10-01,Historical_Mean,120D,5,0.1453022269864379,0.03698264341254174,High
2020-10-02,Historical_Mean,120D,5,0.1714204585115253,0.03699672918413782,High
2020-10-05,Historical_Mean,120D,5,0.1527389598822376,0.03701420724021992,High
2020-10-06,Historical_Mean,120D,5,0.1636481948601107,0.03702925205985617,High
2020-10-07,Historical_Mean,120D,5,0.150016984682289,0.03704571104111189,High
2020-10-08,Historical_Mean,120D,5,0.153794602215094,0.03706039407641747,High
2020-10-09,Historical_Mean,120D,5,0.1593744947965849,0.037075564213927374,High
2020-10-12,Historical_Mean,120D,5,0.1421179596974639,0.03709145544711119,High
2020-10-13,Historical_Mean,120D,5,0.1499189970247339,0.0371051005691393,High
2020-10-14,Historical_Mean,120D,5,0.1607759200493851,0.03711975553100674,High
2020-10-15,Historical_Mean,120D,5,0.1699951316992854,0.037135816859038745,High
2020-10-16,Historical_Mean,120D,5,0.1696641231679154,0.0371530713155115,High
2020-10-19,Historical_Mean,120D,5,0.1894178585599206,0.03717027830835041,High
2020-10-20,Historical_Mean,120D,5,0.1806055589191893,0.037190045587012,High
2020-10-21,Historical_Mean,120D,5,0.1938367743318788,0.037208663724534026,High
2020-10-22,Historical_Mean,120D,5,0.1922337437189057,0.0372289944761705,High
2020-10-23,Historical_Mean,120D,5,0.1834732155047582,0.03724911189982303,High
2020-10-26,Historical_Mean,120D,5,0.1954121274850024,0.03726808725715562,High
2020-10-27,Historical_Mean,120D,5,0.2077053537553012,0.03728860679007736,High
2020-10-28,Historical_Mean,120D,5,0.2343775580033245,0.03731071586467066,High
2020-10-29,Historical_Mean,120D,5,0.2333704429588582,0.03733627908196715,High
2020-10-30,Historical_Mean,120D,5,0.2473548409687007,0.037361705043559484,High
