Date,Model,Horizon,Fold,Actual,Prediction,Regime
2015-06-10,SARIMA,1D,1,0.0017371167565281,-3.359359390552616e-06,Low
2015-06-11,SARIMA,1D,1,-0.0070188746531027,0.00029653232673895714,Low
2015-06-12,SARIMA,1D,1,-0.0046332896217713,0.0009982730401609965,Low
2015-06-15,SARIMA,1D,1,0.0056737305157538,0.0005754393642211115,Low
2015-06-16,SARIMA,1D,1,0.0019776843950728,-0.0005307073656643394,Low
2015-06-17,SARIMA,1D,1,0.0098540000540088,9.453252498658115e-05,Low
2015-06-18,SARIMA,1D,1,-0.0053176152379496,4.770502573143764e-05,Low
2015-06-19,SARIMA,1D,1,0.0060763679815421,0.0008342448595477364,Low
2015-06-22,SARIMA,1D,1,0.0006356664251933,-0.0002690655307932718,Low
2015-06-23,SARIMA,1D,1,-0.0073804657183052,0.0001764862083533586,Low
2015-06-24,SARIMA,1D,1,-0.0029780041565964,0.00030378646109551757,Low
2015-06-25,SARIMA,1D,1,-0.0003901557449223,0.0006882428639882969,Low
2015-06-26,SARIMA,1D,1,-0.0210869695086115,8.518805889050742e-05,Low
2015-06-29,SARIMA,1D,1,0.0026549623524674,0.0014763059985063599,Normal
2015-06-30,SARIMA,1D,1,0.006912096434637,0.0004779337845093214,Normal
2015-07-01,SARIMA,1D,1,-0.0003080701895465,6.389567442523426e-05,Normal
2015-07-02,SARIMA,1D,1,-0.0038692326988974,0.00035422872845830176,Normal
2015-07-06,SARIMA,1D,1,0.0060625605938687,0.0014462155003097093,Normal
2015-07-07,SARIMA,1D,1,-0.0167929649121416,-9.709462515551008e-05,Normal
2015-07-08,SARIMA,1D,1,0.0022596476448199,0.0009677908648765194,Normal
2015-07-09,SARIMA,1D,1,0.0122629863850077,0.00017931609393137304,Normal
2015-07-10,SARIMA,1D,1,0.0110052685073551,-0.0002212080287401841,Normal
2015-07-13,SARIMA,1D,1,0.0044432732365001,-0.000569757215587077,Normal
2015-07-14,SARIMA,1D,1,-0.0007352563007372,0.0007690652585544517,Normal
2015-07-15,SARIMA,1D,1,0.0079827334444757,0.0002982936875815965,Normal
2015-07-16,SARIMA,1D,1,0.0011055716244507,-0.0006800083804810392,Normal
2015-07-17,SARIMA,1D,1,0.0007709366240016,-0.0002569217793345798,Normal
2015-07-20,SARIMA,1D,1,-0.004270796242723,4.898382721812888e-05,Normal
2015-07-21,SARIMA,1D,1,-0.0023905650201902,0.0005775099992902134,Normal
2015-07-22,SARIMA,1D,1,-0.0056922102113794,0.00010589899357353236,Normal
2015-07-23,SARIMA,1D,1,-0.0107610206966611,0.0005705072961190284,Normal
2015-07-24,SARIMA,1D,1,-0.0057917550650641,0.0008919790932422126,Normal
2015-07-27,SARIMA,1D,1,0.0123100738018893,0.0008264375766427444,Normal
2015-07-28,SARIMA,1D,1,0.0072921429273836,-0.00027801902959765946,Normal
2015-07-29,SARIMA,1D,1,2.836690402236809e-05,0.00014713660261839526,Normal
2015-07-30,SARIMA,1D,1,-0.0022741038010517,0.000789985487302031,Normal
2015-07-31,SARIMA,1D,1,-0.0027606939449045,0.0007194487344242874,Normal
2015-08-03,SARIMA,1D,1,-0.0022522391669328,-4.74742498164943e-05,Normal
2015-08-04,SARIMA,1D,1,0.0031098381854906,9.557453409180067e-05,Normal
2015-08-05,SARIMA,1D,1,-0.0077831959225621,0.00011519184033407999,Low
2015-08-06,SARIMA,1D,1,-0.0028790228563377,0.0008558998643994915,Low
2015-08-07,SARIMA,1D,1,0.012726835632025,0.000602047709081009,Low
2015-08-10,SARIMA,1D,1,-0.0096030646801822,-0.00031157688765310227,Low
2015-08-11,SARIMA,1D,1,0.0009496036382146,0.0007329319645037237,Low
2015-08-12,SARIMA,1D,1,-0.0012760258683812,0.0005867912072581459,Low
2015-08-13,SARIMA,1D,1,0.0039043322743591,0.0005290756238912487,Low
2015-08-14,SARIMA,1D,1,0.0051978917094029,-0.0004540151588082819,Low
2015-08-17,SARIMA,1D,1,-0.0026289829356331,0.0003986186243258433,Low
2015-08-18,SARIMA,1D,1,-0.0082891364095971,0.0004454854471304422,Low
2015-08-19,SARIMA,1D,1,-0.0213259604541461,0.0008394245915884966,Low
2015-08-20,SARIMA,1D,1,-0.0323692425218784,0.0013668703887310097,Normal
2015-08-21,SARIMA,1D,1,-0.0402114443465191,0.0019299566011877745,High
2015-08-24,SARIMA,1D,1,-0.0136142497426558,0.002713754894213931,High
2015-08-25,SARIMA,1D,1,0.0382912994345316,0.001456087362211764,High
2015-08-26,SARIMA,1D,1,0.02400725448969,-0.0009360264640423297,High
2015-08-27,SARIMA,1D,1,0.0006085511568762,0.0003907985329393657,High
2015-08-28,SARIMA,1D,1,-0.0084270786639841,0.0020957948803202674,High
2015-08-31,SARIMA,1D,1,-0.0300226498424279,0.0014824450538157283,High
2015-09-01,SARIMA,1D,1,0.0181276714232146,0.0004085259578155092,High
2015-09-02,SARIMA,1D,1,0.0011641156994188,-0.0018571937889633062,High
2015-09-03,SARIMA,1D,1,-0.0154483087542762,0.0001600945317107703,High
2015-09-04,SARIMA,1D,1,0.0247736371970385,0.0015589744248002146,High
2015-09-08,SARIMA,1D,1,-0.0139950357690847,0.00021361779819294608,High
2015-09-09,SARIMA,1D,1,0.0052640754449356,0.0004037223701766276,High
2015-09-10,SARIMA,1D,1,0.0044770064449862,-8.39484914515783e-05,High
2015-09-11,SARIMA,1D,1,-0.0040980412230438,0.0007211251914722798,High
2015-09-14,SARIMA,1D,1,0.0127496876314323,-0.0004858319959580518,High
2015-09-15,SARIMA,1D,1,0.0086677407153759,0.00012661729015350185,High
2015-09-16,SARIMA,1D,1,-0.00256434444256,-0.0003764642010874453,High
2015-09-17,SARIMA,1D,1,-0.0162962309543835,0.00025254367611239983,High
2015-09-18,SARIMA,1D,1,0.0045553920336726,0.0014107914682420252,High
2015-09-21,SARIMA,1D,1,-0.0123949300193783,-0.0004892369642959271,High
2015-09-22,SARIMA,1D,1,-0.0020507442295939,0.0006153137275313662,High
2015-09-23,SARIMA,1D,1,-0.0033686518713064,0.0005191124221085707,High
2015-09-24,SARIMA,1D,1,-0.0004659018012205,0.0012158677222945163,High
2015-09-25,SARIMA,1D,1,-0.0260012111628091,0.00018241857137400275,High
2015-09-28,SARIMA,1D,1,0.0012320939129817,0.002324486003975715,High
2015-09-29,SARIMA,1D,1,0.0188958986035651,0.00036118179808193574,High
2015-09-30,SARIMA,1D,1,0.0019719386783371,-0.0006180216227400538,High
2015-10-01,SARIMA,1D,1,0.0142137930164055,0.00022802414439011403,High
2015-10-02,SARIMA,1D,1,0.0181245935185021,0.0006242524140871177,High
2015-10-05,SARIMA,1D,1,-0.0035946893441432,-0.000713534665211945,High
2015-10-06,SARIMA,1D,1,0.0080035198575527,-0.0003018097793649553,High
2015-10-07,SARIMA,1D,1,0.0087797801445584,-0.0002774977941648209,High
2015-10-08,SARIMA,1D,1,0.0007248485605153,-0.0008092237387542947,High
2015-10-09,SARIMA,1D,1,0.001274664477333,-0.0005477052848045511,High
2015-10-12,SARIMA,1D,1,-0.006848823690127,0.0003500079915379078,High
2015-10-13,SARIMA,1D,1,-0.0047274309119391,0.0003671399761606133,High
2015-10-14,SARIMA,1D,1,0.014743551351355,0.00018353190061916037,High
2015-10-15,SARIMA,1D,1,0.004560061373697,-0.0005841866779002767,High
2015-10-16,SARIMA,1D,1,0.000270508943873,-5.410236899877879e-06,High
2015-10-19,SARIMA,1D,1,-0.0014221010558937,0.0005897930735165148,High
2015-10-20,SARIMA,1D,1,-0.0058424489111342,0.0006150217617832661,Normal
2015-10-21,SARIMA,1D,1,0.0164908470125941,2.101845219942849e-05,Normal
2015-10-22,SARIMA,1D,1,0.0109699539690427,-0.0008646841387398212,High
2015-10-23,SARIMA,1D,1,-0.0019149330011001,-0.00033821488161823137,High
2015-10-26,SARIMA,1D,1,-0.0025573858650877,0.0004827345108178731,Normal
2015-10-27,SARIMA,1D,1,0.0117704884881434,0.0007147514490881981,Normal
2015-10-28,SARIMA,1D,1,-0.0004498753806607,-0.0010594322399901353,Normal
2015-10-29,SARIMA,1D,1,-0.0048214816884254,-0.00017686014681476015,Normal
2015-10-30,SARIMA,1D,1,0.0118038763388146,0.0006438679928685476,Normal
2015-11-02,SARIMA,1D,1,0.0027243529250675,-0.00024767343264725847,Normal
2015-11-03,SARIMA,1D,1,-0.0035516669396471,-0.00034596186094201033,Normal
2015-11-04,SARIMA,1D,1,-0.0011327897564983,0.0005059101746727291,Normal
2015-11-05,SARIMA,1D,1,-0.0003476817800236,0.0005867099293954819,Normal
2015-11-06,SARIMA,1D,1,-0.0098712906565025,-0.0001660471749198572,Normal
2015-11-09,SARIMA,1D,1,0.0015094551534496,0.0007301790538411637,Normal
2015-11-10,SARIMA,1D,1,-0.0032333073215689,0.0003728012953905568,Normal
2015-11-11,SARIMA,1D,1,-0.0140891633366326,0.0005551086467597806,Normal
2015-11-12,SARIMA,1D,1,-0.0112706404321554,0.001136279510782913,Normal
2015-11-13,SARIMA,1D,1,0.0147933027942343,0.0013847523597236497,Normal
2015-11-16,SARIMA,1D,1,-0.0013402770182465,-0.0005748231196722948,Normal
2015-11-17,SARIMA,1D,1,0.0160332298771722,0.0005250845267035957,Normal
2015-11-18,SARIMA,1D,1,-0.0011237403289792,1.2089832482302181e-05,Normal
2015-11-19,SARIMA,1D,1,0.0038029552801494,0.0008986955664585371,Normal
2015-11-20,SARIMA,1D,1,-0.001235623841684,-0.0005167874837655969,Normal
2015-11-23,SARIMA,1D,1,0.0012212499449607,0.00040441667314054374,Normal
2015-11-24,SARIMA,1D,1,-0.0001291406149671,-0.00044723761672608634,Normal
2015-11-25,SARIMA,1D,1,0.0005934415594808,0.0003286855722467978,Normal
2015-11-27,SARIMA,1D,1,-0.0046518001396184,0.0001168131909121066,Normal
2015-11-30,SARIMA,1D,1,0.0106239389467392,0.000622520690124989,Normal
2015-12-01,SARIMA,1D,1,-0.0110565926394489,-0.00034518223764171883,Normal
2015-12-02,SARIMA,1D,1,-0.01447782644415,0.0009475102943633544,Normal
2015-12-03,SARIMA,1D,1,0.0203178563638512,0.0011153526281587345,Normal
2015-12-04,SARIMA,1D,1,-0.0070140439603977,-0.0006504490031742785,Normal
2015-12-07,SARIMA,1D,1,-0.0065110526255945,0.0002659362801989645,Normal
2015-12-08,SARIMA,1D,1,-0.0077690863656927,0.0011365470929419752,Normal
2015-12-09,SARIMA,1D,1,0.0022488565785946,0.0014100266798010874,Normal
2015-12-10,SARIMA,1D,1,-0.0196138677558153,-0.0006587473379729219,Normal
2015-12-11,SARIMA,1D,1,0.004744288064068,0.0016874736093801046,High
2015-12-14,SARIMA,1D,1,0.0105625801059143,0.00033973525160161717,Normal
2015-12-15,SARIMA,1D,1,0.0144106356507714,5.999253904907559e-05,Normal
2015-12-16,SARIMA,1D,1,-0.0151547766358764,-0.0005900901905336201,High
2015-12-17,SARIMA,1D,1,-0.0179574950071068,0.0020216861208251697,Normal
2015-12-18,SARIMA,1D,1,0.0077483067271562,0.0011831950111771297,High
2015-12-21,SARIMA,1D,1,0.0087780955915688,-0.0005992389133760148,High
2015-12-22,SARIMA,1D,1,0.0123415965275538,-0.0008388814126269375,High
2015-12-23,SARIMA,1D,1,-0.0015999154038633,0.00022572481055310641,High
2015-12-24,SARIMA,1D,1,-0.002180936456306,0.0012176211274701639,High
2015-12-28,SARIMA,1D,1,0.0105736641730229,0.0001466308826375619,High
2015-12-29,SARIMA,1D,1,-0.0072433987837785,-0.0006911772807054284,High
2015-12-30,SARIMA,1D,1,-0.0094564850414678,0.00017159734541172093,High
2015-12-31,SARIMA,1D,1,-0.0154220417978059,0.0008920387198504008,High
2016-01-04,SARIMA,1D,1,0.0020102041393599,0.0012929365599941606,High
2016-01-05,SARIMA,1D,1,-0.013202163002626,-0.00025430052100027016,High
2016-01-06,SARIMA,1D,1,-0.0239858165193447,0.0013546565085326562,High
2016-01-07,SARIMA,1D,1,-0.0108975374458479,0.0021113419223921393,High
2016-01-08,SARIMA,1D,1,0.0008529082958226,0.0016258706576658902,High
2016-01-11,SARIMA,1D,1,0.0077725141177746,0.00021482298830317054,High
2016-01-12,SARIMA,1D,1,-0.0252823750779089,0.0004333964129149909,High
2016-01-13,SARIMA,1D,1,0.0165580609343839,0.0028283049591865837,High
2016-01-14,SARIMA,1D,1,-0.0218357726981623,-0.00010457627648289934,High
2016-01-15,SARIMA,1D,1,0.0005316801874288,0.0015517340702131815,High
2016-01-19,SARIMA,1D,1,-0.0117627660258983,-5.6130493108511536e-05,High
2016-01-20,SARIMA,1D,1,0.005181988635948,0.0020589882903947463,High
2016-01-21,SARIMA,1D,1,0.0200807268822134,-0.0006373170199988536,High
2016-01-22,SARIMA,1D,1,-0.0157615451728214,6.643328284355329e-05,High
2016-01-25,SARIMA,1D,1,0.0140452378303679,0.0012451491564598742,High
2016-01-26,SARIMA,1D,1,-0.0109229223005284,1.595540202646795e-05,High
2016-01-27,SARIMA,1D,1,0.0055133507175915,0.0007423933828219215,High
2016-01-28,SARIMA,1D,1,0.0244586509945564,-0.000883887046357583,High
2016-01-29,SARIMA,1D,1,-0.0004433348455418,-0.00045531586286342603,High
2016-02-01,SARIMA,1D,1,-0.0189209687182314,-0.00023040449347236006,High
2016-02-02,SARIMA,1D,1,0.004979620021574,0.001832309630294717,High
2016-02-03,SARIMA,1D,1,0.0015255682925234,-0.00018383055553324338,High
2016-02-04,SARIMA,1D,1,-0.0186541582763518,-0.0008457965894087104,High
2016-02-05,SARIMA,1D,1,-0.0142550579230573,0.0013382992289269313,High
2016-02-08,SARIMA,1D,1,-0.0006638406467602,0.0019469176307287572,High
2016-02-09,SARIMA,1D,1,-0.0001889681307609,0.00018189656206924092,High
2016-02-10,SARIMA,1D,1,-0.0123774473292562,0.00024492540507467113,High
2016-02-11,SARIMA,1D,1,0.0193300152070459,0.0018230924889608429,High
2016-02-12,SARIMA,1D,1,0.0163817377416849,-0.0001312194328548008,High
2016-02-16,SARIMA,1D,1,0.0163461106256413,-0.0005609167505172428,High
2016-02-17,SARIMA,1D,1,-0.0046766321239347,-0.0006130174508822571,High
2016-02-18,SARIMA,1D,1,-2.60332818018429e-05,0.0011154320097209848,High
2016-02-19,SARIMA,1D,1,0.014350731099076,-0.0004910891226854956,High
2016-02-22,SARIMA,1D,1,-0.0125325775707884,-0.001264591257397855,High
2016-02-23,SARIMA,1D,1,0.0044299600346319,0.00028230006835707025,High
2016-02-24,SARIMA,1D,1,0.0112843667304508,0.00022065235567914502,High
2016-02-25,SARIMA,1D,1,-0.0018718653295646,-0.0003205417891181789,High
2016-02-26,SARIMA,1D,1,-0.0081541310915717,-0.00020079516340550796,High
2016-02-29,SARIMA,1D,1,0.0235883854016187,0.001285136171481609,High
2016-03-01,SARIMA,1D,1,0.0040859498611019,-0.0011976720189815614,High
2016-03-02,SARIMA,1D,1,0.0034926343203169,-0.0004201292097514915,High
2016-03-03,SARIMA,1D,1,0.0033004398659416,0.00016555781805002005,High
2016-03-04,SARIMA,1D,1,0.0008846228008639,0.0004806483340559568,High
2016-03-07,SARIMA,1D,1,-0.0113037560560061,-0.0007377075774854113,High
2016-03-08,SARIMA,1D,1,0.0050396727828142,0.0007241333248418004,High
2016-03-09,SARIMA,1D,1,0.0001557927971226,-0.0001370365658240514,High
2016-03-10,SARIMA,1D,1,0.0162625455888514,0.00015215732345914,High
2016-03-11,SARIMA,1D,1,-0.0012617686166118,-0.000664447670947071,Normal
2016-03-14,SARIMA,1D,1,-0.0018386309343179,0.0008709926708101627,Normal
2016-03-15,SARIMA,1D,1,0.0055847278817799,0.00022767540680281435,Normal
2016-03-16,SARIMA,1D,1,0.0065735830685963,-2.6340271572964334e-05,Normal
2016-03-17,SARIMA,1D,1,0.0043959672510261,-0.000767070046867613,Normal
2016-03-18,SARIMA,1D,1,0.0009850919042923,7.51923768395418e-05,Normal
2016-03-21,SARIMA,1D,1,-0.0008777728967722,0.0003386114029445022,Normal
2016-03-22,SARIMA,1D,1,-0.0064065095306671,0.00012573375880922576,Normal
2016-03-23,SARIMA,1D,1,-0.0003781417793768,0.00038094339595895216,Normal
2016-03-24,SARIMA,1D,1,0.0005451068880723,0.0001277301656220335,Normal
2016-03-28,SARIMA,1D,1,0.0087780120542374,0.00022773331199859068,Normal
2016-03-29,SARIMA,1D,1,0.0043408799935662,-0.00015433152444529298,Normal
2016-03-30,SARIMA,1D,1,-0.0020418423596207,0.0003431207616353646,Low
2016-03-31,SARIMA,1D,1,0.0063109590665997,0.0004613817172441247,Low
2016-04-01,SARIMA,1D,1,-0.0032134800458546,-7.13196320348533e-05,Low
2016-04-04,SARIMA,1D,1,-0.0101962984117945,0.00011543670146108516,Low
2016-04-05,SARIMA,1D,1,0.0104527979320131,0.0006863804680088338,Low
2016-04-06,SARIMA,1D,1,-0.0120480739700048,-0.00020813098705465947,Low
2016-04-07,SARIMA,1D,1,0.0027827026046162,0.0007339244346983326,Normal
2016-04-08,SARIMA,1D,1,-0.0027435458896038,0.0002764672197098866,Normal
2016-04-11,SARIMA,1D,1,0.0096157538813899,0.0009180325497324833,Low
2016-04-12,SARIMA,1D,1,0.0099900697685578,-0.0006643854921496743,Low
2016-04-13,SARIMA,1D,1,0.0001729124301324,0.0002357586092365137,Low
2016-04-14,SARIMA,1D,1,-0.0009847695761459,0.00021199099801088163,Low
2016-04-15,SARIMA,1D,1,0.0065197256137979,0.00048042572995328367,Low
2016-04-18,SARIMA,1D,1,0.0030797379028665,-0.00046950313616365703,Low
2016-04-19,SARIMA,1D,1,0.0007612550492345,-0.0003194387197961273,Low
2016-04-20,SARIMA,1D,1,-0.005207562857292,0.00023663971524037454,Low
2016-04-21,SARIMA,1D,1,4.785857954074228e-05,0.0006524511374905112,Low
2016-04-22,SARIMA,1D,1,-0.0018136896207629,3.0248084068253416e-05,Low
2016-04-25,SARIMA,1D,1,0.0018710001742369,0.0002668901166780587,Low
2016-04-26,SARIMA,1D,1,0.0016479941117468,0.00016480644918774842,Low
2016-04-27,SARIMA,1D,1,-0.0092736360615616,0.00044130805936082833,Low
2016-04-28,SARIMA,1D,1,-0.0050759492305571,0.0008537509166459932,Low
2016-04-29,SARIMA,1D,1,0.0077796066972441,0.0006810615010498942,Low
2016-05-02,SARIMA,1D,1,-0.0087144993883958,-0.00020910762738590938,Low
2016-05-03,SARIMA,1D,1,-0.0059545827054725,0.0007350877989274896,Low
2016-05-04,SARIMA,1D,1,-0.0002390366927941,0.00104983789356973,Low
2016-05-05,SARIMA,1D,1,0.0031696105535526,0.0005683976020390593,Low
2016-05-06,SARIMA,1D,1,0.0007532133076099,-0.00019269703266568632,Low
2016-05-09,SARIMA,1D,1,0.0124063652360373,0.000626735169360387,Low
2016-05-10,SARIMA,1D,1,-0.0096075228778687,-0.00011847967319914541,Low
2016-05-11,SARIMA,1D,1,-0.0001694792679642,0.0008871022181489243,Low
2016-05-12,SARIMA,1D,1,-0.0085144341617524,0.00018565088676188572,Low
2016-05-13,SARIMA,1D,1,0.0097489763896127,0.0007591079584936972,Low
2016-05-16,SARIMA,1D,1,-0.0094558635521628,-0.0007835316621315272,Low
2016-05-17,SARIMA,1D,1,0.0002051576864012,0.0012379811434468989,Low
2016-05-18,SARIMA,1D,1,-0.0037135945227206,0.00033172200178045773,Low
2016-05-19,SARIMA,1D,1,0.0060014592228046,0.0008933028274592397,Low
2016-05-20,SARIMA,1D,1,-0.0020876365681016,-0.0004313387049182036,Low
2016-05-23,SARIMA,1D,1,0.0135886375339901,0.0008164430855769893,Low
2016-05-24,SARIMA,1D,1,0.0069505296515834,-0.0004505488723665565,Normal
2016-05-25,SARIMA,1D,1,-0.0002104660499285,7.473375169342287e-05,Normal
2016-05-26,SARIMA,1D,1,0.0042776949394394,7.41787260029503e-05,Normal
2016-05-27,SARIMA,1D,1,-0.0010057686205899,0.00014303456421751326,Normal
2016-05-31,SARIMA,1D,1,0.0011343986539261,-0.00021230579822474805,Normal
2016-06-01,SARIMA,1D,1,0.0028206961669861,-8.657866984225038e-05,Low
2016-06-02,SARIMA,1D,1,-0.0029160622366948,0.00014290303178870936,Low
2016-06-03,SARIMA,1D,1,0.0048853285193636,0.0002948207360920889,Low
2016-06-06,SARIMA,1D,1,0.0012886156291976,6.57683536934912e-05,Low
2016-06-07,SARIMA,1D,1,0.0033041019719547,0.00019210029321158008,Low
2016-06-08,SARIMA,1D,1,-0.0017192355978938,-1.3955888993515478e-06,Low
2016-06-09,SARIMA,1D,1,-0.0092175324101661,0.0005298095906291923,Low
2016-06-10,SARIMA,1D,1,-0.0081482987897094,0.0006357687650226141,Low
2016-06-13,SARIMA,1D,1,-0.0018005050719719,0.000710773968515248,Low
2016-06-14,SARIMA,1D,1,-0.0018424090638101,0.0002693743246374866,Low
2016-06-15,SARIMA,1D,1,0.0031280931110455,0.00048392692259461884,Low
2016-06-16,SARIMA,1D,1,-0.0032632841446089,0.000536098010037732,Low
2016-06-17,SARIMA,1D,1,0.0057913827784231,0.0008740893515605827,Low
2016-06-20,SARIMA,1D,1,0.0027083906042097,7.90145894914173e-05,Low
2016-06-21,SARIMA,1D,1,-0.0016529289965758,0.00024151290940912105,Low
2016-06-22,SARIMA,1D,1,0.0132755670719551,0.00027628258196961636,Low
2016-06-23,SARIMA,1D,1,-0.0365807928055826,-0.00031383097302959735,Low
2016-06-24,SARIMA,1D,1,-0.0182622465117027,0.002162981426423105,Normal
2016-06-27,SARIMA,1D,1,0.0176141216040879,0.0012258055445536855,Normal
2016-06-28,SARIMA,1D,1,0.0168892429712539,-0.000630621834359176,High
2016-06-29,SARIMA,1D,1,0.0134738631494661,-0.0012236655086776615,High
2016-06-30,SARIMA,1D,1,0.001946706293032,0.0010899166717656542,High
2016-07-01,SARIMA,1D,1,-0.0068710289855987,0.0010808715861189116,High
2016-07-05,SARIMA,1D,1,0.0053386870582759,-1.07450904525003e-05,High
2016-07-06,SARIMA,1D,1,-0.000871957886733,-0.0007666840967651065,High
2016-07-07,SARIMA,1D,1,0.0151381865659924,-0.00026193142523252435,High
2016-07-08,SARIMA,1D,2,0.0034028193119982,-0.0006231775309786616,High
2016-07-11,SARIMA,1D,2,0.0069848423073457,0.000402075740992061,High
2016-07-12,SARIMA,1D,2,0.0001347586749817,-0.00028233714604217045,High
2016-07-13,SARIMA,1D,2,0.0052454228016969,0.0003181206063475717,High
2016-07-14,SARIMA,1D,2,-0.0009293790598711,-0.0006135548012151249,High
2016-07-15,SARIMA,1D,2,0.0023794618218687,0.00017385552299002915,High
2016-07-18,SARIMA,1D,2,-0.0014362045004153,-0.0001274672480100117,High
2016-07-19,SARIMA,1D,2,0.0042612083157639,0.00035645742432730254,High
2016-07-20,SARIMA,1D,2,-0.0036190698565249,-0.00014809339509198286,High
2016-07-21,SARIMA,1D,2,0.0045436267895102,0.0005220912335083755,High
2016-07-22,SARIMA,1D,2,-0.0030160187399297,-4.064052506343971e-05,High
2016-07-25,SARIMA,1D,2,0.0003227321607194,0.0005174497484845878,Normal
2016-07-26,SARIMA,1D,2,-0.0011992609468086,0.00010797875363204292,Normal
2016-07-27,SARIMA,1D,2,0.0016049204480924,0.0005073230404796063,Low
2016-07-28,SARIMA,1D,2,0.0016299801176578,3.226867538882615e-05,Low
2016-07-29,SARIMA,1D,2,-0.001270594147491,0.00032963554327879527,Low
2016-08-01,SARIMA,1D,2,-0.0063819408126676,0.0003621899313615103,Low
2016-08-02,SARIMA,1D,2,0.003129042716071,0.000692684193877684,Low
2016-08-03,SARIMA,1D,2,0.000212549299489,6.833053628251245e-05,Low
2016-08-04,SARIMA,1D,2,0.00856669728938,0.00021740899885427578,Low
2016-08-05,SARIMA,1D,2,-0.0009075772915415,-0.00010909796335153489,Low
2016-08-08,SARIMA,1D,2,0.0003897179865559,0.0006200063549723943,Low
2016-08-09,SARIMA,1D,2,-0.0028687970634882,0.00016299920489491006,Low
2016-08-10,SARIMA,1D,2,0.0047234151024436,0.00043871253487357616,Low
2016-08-11,SARIMA,1D,2,-0.000796363386914,-0.0003123655798649927,Low
2016-08-12,SARIMA,1D,2,0.0027890162945217,0.0003622968723567178,Low
2016-08-15,SARIMA,1D,2,-0.0054941422164782,0.00013688249228304626,Low
2016-08-16,SARIMA,1D,2,0.0018668460061555,0.0007149383095459987,Low
2016-08-17,SARIMA,1D,2,0.0021972016963824,8.990343529872416e-06,Low
2016-08-18,SARIMA,1D,2,-0.0014413095687681,0.00020570636869599723,Low
2016-08-19,SARIMA,1D,2,-0.0005634818833231,0.0002629094295048198,Low
2016-08-22,SARIMA,1D,2,0.0019498671783617,0.0005551789634609832,Low
2016-08-23,SARIMA,1D,2,-0.0052540552596718,0.00013025720223809346,Low
2016-08-24,SARIMA,1D,2,-0.0013661603966454,0.00048625296932155364,Low
2016-08-25,SARIMA,1D,2,-0.0015800642387132,0.0004295768308998537,Low
2016-08-26,SARIMA,1D,2,0.0052144284286743,0.00041241750598735737,Low
2016-08-29,SARIMA,1D,2,-0.0019555914071227,-5.942642654368038e-05,Low
2016-08-30,SARIMA,1D,2,-0.0023786911055626,0.0006216685196113922,Low
2016-08-31,SARIMA,1D,2,-4.138538941144249e-05,0.0004975000016767491,Low
2016-09-01,SARIMA,1D,2,0.0041922415990346,0.00037235360885767973,Low
2016-09-02,SARIMA,1D,2,0.0029772423700053,-0.00013923606789409268,Low
2016-09-06,SARIMA,1D,2,-0.0001463959382934,0.00021138262012365162,Low
2016-09-07,SARIMA,1D,2,-0.0022254881924702,0.00041280933116691896,Low
2016-09-08,SARIMA,1D,2,-0.0248277424108364,0.0004272480725453087,Low
2016-09-09,SARIMA,1D,2,0.0145703872334344,0.0014567848192851552,Low
2016-09-12,SARIMA,1D,2,-0.0149417482782108,-0.0006150633982518071,Normal
2016-09-13,SARIMA,1D,2,-0.0005878493998128,0.001101692851768938,Normal
2016-09-14,SARIMA,1D,2,0.0100585164494398,0.00042599240392530877,Normal
2016-09-15,SARIMA,1D,2,-0.0037794277955721,0.0008076174500586825,Normal
2016-09-16,SARIMA,1D,2,-1.8603233824686035e-05,-5.1758016911205294e-05,Normal
2016-09-19,SARIMA,1D,2,0.0002990934842341,0.0008957089105763747,Normal
2016-09-20,SARIMA,1D,2,0.0108580003336359,0.0003430162924390237,Normal
2016-09-21,SARIMA,1D,2,0.0064787519176421,-0.0007021907338542043,Normal
2016-09-22,SARIMA,1D,2,-0.0057532929597187,8.916368670904926e-05,Normal
2016-09-23,SARIMA,1D,2,-0.008624850117916,0.0006186725322337704,Normal
2016-09-26,SARIMA,1D,2,0.0064234951652981,0.0007509142714109121,Normal
2016-09-27,SARIMA,1D,2,0.0052825766036424,-0.0004998557327062713,Normal
2016-09-28,SARIMA,1D,2,-0.0093651277300811,-0.00027873363348485407,Normal
2016-09-29,SARIMA,1D,2,0.0079363925880277,0.0010298606861000928,Normal
2016-09-30,SARIMA,1D,2,-0.0032660231815271,0.00024978273198670203,Normal
2016-10-03,SARIMA,1D,2,-0.004967881786362,0.00022595657928211035,Normal
2016-10-04,SARIMA,1D,2,0.0042874862311969,0.0003312409194707603,Normal
2016-10-05,SARIMA,1D,2,0.0004814438526045,0.0004517282745805126,Normal
2016-10-06,SARIMA,1D,2,-0.0032587874416142,-3.684480335256152e-05,Normal
2016-10-07,SARIMA,1D,2,0.0045953303173243,0.0005947180852245593,Normal
2016-10-10,SARIMA,1D,2,-0.0125245776977559,0.0002700139691597677,Normal
2016-10-11,SARIMA,1D,2,0.0011459322063988,0.0008039416139260819,Low
2016-10-12,SARIMA,1D,2,-0.0031040764122339,0.000209481098385001,Low
2016-10-13,SARIMA,1D,2,0.0002015841591211,0.0006028881480208309,Low
2016-10-14,SARIMA,1D,2,-0.0030426181118402,0.00010456334500792268,Low
2016-10-17,SARIMA,1D,2,0.0061415056056986,0.000978972739141216,Low
2016-10-18,SARIMA,1D,2,0.0021895721553504,-4.852448057512899e-05,Low
2016-10-19,SARIMA,1D,2,-0.0013766711313809,0.00031095701585799943,Low
2016-10-20,SARIMA,1D,2,-8.414514015477906e-05,0.0003731592591013237,Low
2016-10-21,SARIMA,1D,2,0.0047385946474273,0.0004324642391592753,Low
2016-10-24,SARIMA,1D,2,-0.0038049574647063,-0.00020413611180455433,Low
2016-10-25,SARIMA,1D,2,-0.0017419279211872,0.0003992274028641904,Low
2016-10-26,SARIMA,1D,2,-0.0029911959060088,0.0004470387261436795,Low
2016-10-27,SARIMA,1D,2,-0.003113140139625,0.00046785916178616573,Low
2016-10-28,SARIMA,1D,2,-0.0001222838841985,0.0002692112553081249,Low
2016-10-31,SARIMA,1D,2,-0.006810019108735,0.00045627753973543825,Low
2016-11-01,SARIMA,1D,2,-0.006546884453454,0.000747693612165343,Low
2016-11-02,SARIMA,1D,2,-0.0044332130226093,0.0007813361332902629,Low
2016-11-03,SARIMA,1D,2,-0.0016675202716929,0.0006758858074449762,Low
2016-11-04,SARIMA,1D,2,0.0219801997294649,0.0004023646182400628,Low
2016-11-07,SARIMA,1D,2,0.0037648783971575,-0.0005923043004458777,Normal
2016-11-08,SARIMA,1D,2,0.011016119879656,0.00038876039557473045,Low
2016-11-09,SARIMA,1D,2,0.0019488457160953,-8.943649956130365e-05,Low
2016-11-10,SARIMA,1D,2,-0.0013989283477976,0.00027616762786722367,Low
2016-11-11,SARIMA,1D,2,-0.0001155094571832,-0.0005423429317361219,Low
2016-11-14,SARIMA,1D,2,0.0074529550220894,9.962115285147154e-05,Low
2016-11-15,SARIMA,1D,2,-0.0015835165223759,-0.0005695044908374585,Low
2016-11-16,SARIMA,1D,2,0.0046654693611979,0.00027920100956008794,Low
2016-11-17,SARIMA,1D,2,-0.0023896513655484,0.00010482615809295553,Low
2016-11-18,SARIMA,1D,2,0.0074337020708738,0.0004369583842662789,Low
2016-11-21,SARIMA,1D,2,0.002163091103593,-0.000410291273559771,Normal
2016-11-22,SARIMA,1D,2,0.0008076981569088,0.00023441081481458473,Normal
2016-11-23,SARIMA,1D,2,0.0039067456134237,6.534099761742464e-05,Low
2016-11-25,SARIMA,1D,2,-0.0052683892547352,0.0001809657016745787,Low
2016-11-28,SARIMA,1D,2,0.0013344023532619,0.00027696268823260427,Normal
2016-11-29,SARIMA,1D,2,-0.0026569305551563,0.00012175974952504439,Low
2016-11-30,SARIMA,1D,2,-0.0035217229667638,0.00040455895265432577,Low
2016-12-01,SARIMA,1D,2,0.0003969277200846,0.00032401122789890106,Low
2016-12-02,SARIMA,1D,2,0.0058044269267436,0.0004916798972993579,Low
2016-12-05,SARIMA,1D,2,0.0034050844688746,-5.4673841738076575e-05,Low
2016-12-06,SARIMA,1D,2,0.0130773587447233,0.00022657916981061536,Low
2016-12-07,SARIMA,1D,2,0.0021570150168711,-0.0002469821016816765,Low
2016-12-08,SARIMA,1D,2,0.0059214185329697,0.0001763614387524754,Low
2016-12-09,SARIMA,1D,2,-0.0011380822905995,-0.00026118198040404243,Low
2016-12-12,SARIMA,1D,2,0.0065184832012369,0.00020595426464437423,Low
2016-12-13,SARIMA,1D,2,-0.0081502954618586,-0.0006050255861867354,Low
2016-12-14,SARIMA,1D,2,0.0038757076875535,0.0006180691561469911,Low
2016-12-15,SARIMA,1D,2,-0.0017521567509802,-0.00016031851770767513,Low
2016-12-16,SARIMA,1D,2,0.0019731727152112,0.0004291843203543173,Low
2016-12-19,SARIMA,1D,2,0.0036309124011527,-7.589753459242925e-05,Low
2016-12-20,SARIMA,1D,2,-0.0024603857246776,0.00043321192061207363,Low
2016-12-21,SARIMA,1D,2,-0.0018647112223965,0.0002885374481933123,Low
2016-12-22,SARIMA,1D,2,0.0012509325350792,0.0004655803159760328,Low
2016-12-23,SARIMA,1D,2,0.0022458489045486,0.00015486910995300327,Low
2016-12-27,SARIMA,1D,2,-0.0083916407097715,2.359049763878281e-05,Low
2016-12-28,SARIMA,1D,2,-0.0002933477318683,0.0008459357257899917,Low
2016-12-29,SARIMA,1D,2,-0.0046478346968542,0.00040026945014076914,Low
2016-12-30,SARIMA,1D,2,0.0084507667531571,0.0005018205554251423,Low
2017-01-03,SARIMA,1D,2,0.0057059637705494,-0.0002495175159226777,Low
2017-01-04,SARIMA,1D,2,-0.0007709676024811,0.0003416431643455197,Low
2017-01-05,SARIMA,1D,2,0.003510789180579,0.00037332476609867,Low
2017-01-06,SARIMA,1D,2,-0.0035549054715596,0.0003080761851407749,Low
2017-01-09,SARIMA,1D,2,0.0,0.00014747432509172053,Low
2017-01-10,SARIMA,1D,2,0.0028256423891019,4.2448543334781976e-05,Low
2017-01-11,SARIMA,1D,2,-0.0021471123937296,0.00016872159428619107,Low
2017-01-12,SARIMA,1D,2,0.0018481313951466,0.0002704375560590315,Low
2017-01-13,SARIMA,1D,2,-0.0029719144562184,0.0003428603740350053,Low
2017-01-17,SARIMA,1D,2,0.0017622004698093,0.00046819619395461733,Low
2017-01-18,SARIMA,1D,2,-0.0036158376243193,8.774782881039846e-05,Low
2017-01-19,SARIMA,1D,2,0.0033605840612999,0.0005784374678223488,Low
2017-01-20,SARIMA,1D,2,-0.0026937496460698,4.7842279960112554e-05,Low
2017-01-23,SARIMA,1D,2,0.0065431405289623,0.0005657714145367267,Low
2017-01-24,SARIMA,1D,2,0.0079940527959686,-0.00011740766355424669,Low
2017-01-25,SARIMA,1D,2,-0.0007356549352631,1.9687699102667307e-05,Low
2017-01-26,SARIMA,1D,2,-0.0008668394897415,0.0002074285623378804,Low
2017-01-27,SARIMA,1D,2,-0.0060276734960966,0.00045270758148703013,Low
2017-01-30,SARIMA,1D,2,-0.0008903016080325,0.0003557272211406395,Low
2017-01-31,SARIMA,1D,2,0.0002983189881162,-1.474310940795091e-06,Low
2017-02-01,SARIMA,1D,2,0.000570146838691,0.00029765634729786086,Low
2017-02-02,SARIMA,1D,2,0.0072384968545536,0.0003082180926901998,Low
2017-02-03,SARIMA,1D,2,-0.0021175975137091,0.00016728996004334982,Low
2017-02-06,SARIMA,1D,2,0.0002268034638457,0.0004652766097738809,Low
2017-02-07,SARIMA,1D,2,0.0006930821486096,0.000278112246411268,Low
2017-02-08,SARIMA,1D,2,0.0057360637359602,0.00023902595179006297,Low
2017-02-09,SARIMA,1D,2,0.003559706822009,-0.0003117788377060978,Low
2017-02-10,SARIMA,1D,2,0.0052321335840112,0.00018238099419158924,Low
2017-02-13,SARIMA,1D,2,0.0039993271956725,1.5391076808654938e-05,Low
2017-02-14,SARIMA,1D,2,0.0049798886657344,5.668619751896014e-05,Low
2017-02-15,SARIMA,1D,2,-0.0008644916015501,-0.00020847798646796752,Low
2017-02-16,SARIMA,1D,2,0.0016771493272371,0.0001849475301142586,Low
2017-02-17,SARIMA,1D,2,0.0060298500200691,-1.6634576817917666e-05,Low
2017-02-21,SARIMA,1D,2,-0.001082786146804,-0.00020216479809646344,Low
2017-02-22,SARIMA,1D,2,0.0004188989712592,0.00014099705943921634,Low
2017-02-23,SARIMA,1D,2,0.0014922502320316,0.00030337361122334934,Low
2017-02-24,SARIMA,1D,2,0.0010174652677336,0.00015234411148634615,Low
2017-02-27,SARIMA,1D,2,-0.0025817061151949,-1.0473027501236199e-05,Low
2017-02-28,SARIMA,1D,2,0.0135812110837253,0.0004711174439134344,Low
2017-03-01,SARIMA,1D,2,-0.0058771169721052,-0.0004428320075219467,Low
2017-03-02,SARIMA,1D,2,0.0005037503685347,0.000552498988565246,Low
2017-03-03,SARIMA,1D,2,-0.0032826227635658,0.00022773350249648684,Low
2017-03-06,SARIMA,1D,2,-0.0029176259020898,0.000582860357808593,Low
2017-03-07,SARIMA,1D,2,-0.0022868279640638,-0.00010654429443186591,Low
2017-03-08,SARIMA,1D,2,0.0007995756127663,0.0006394007909511002,Low
2017-03-09,SARIMA,1D,2,0.0032633397058585,0.00024999208908145645,Low
2017-03-10,SARIMA,1D,2,0.0003665656191696,0.00026229455752282873,Low
2017-03-13,SARIMA,1D,2,-0.003384748980891,0.0004108846655916784,Low
2017-03-14,SARIMA,1D,2,0.0083398791246863,0.0005848233640465136,Low
2017-03-15,SARIMA,1D,2,-0.0016280347991836,-0.000174949064259119,Low
2017-03-16,SARIMA,1D,2,-0.0013151792642314,0.000249440056238765,Low
2017-03-17,SARIMA,1D,2,-0.0020119160803802,0.00034861563911399375,Low
2017-03-20,SARIMA,1D,2,-0.0124855945901021,0.0005498472154027813,Low
2017-03-21,SARIMA,1D,2,0.0018881028474626,0.0006283186739504906,Low
2017-03-22,SARIMA,1D,2,-0.00106083214483,0.00024903280342971306,Low
2017-03-23,SARIMA,1D,2,-0.0008443522139384,0.00041651497172909177,Low
2017-03-24,SARIMA,1D,2,-0.0010201075858456,0.0004334226466757819,Low
2017-03-27,SARIMA,1D,2,0.0072253088296239,0.0008837167789065466,Low
2017-03-28,SARIMA,1D,2,0.0010847362038301,-0.00013787551370456953,Low
2017-03-29,SARIMA,1D,2,0.002930810911705,0.0002828496695785072,Low
2017-03-30,SARIMA,1D,2,-0.0022575939382668,0.00018138234563523192,Low
2017-03-31,SARIMA,1D,2,-0.0016434753080133,0.0004665689541454275,Low
2017-04-03,SARIMA,1D,2,0.0005593660746613,8.818466375800857e-05,Low
2017-04-04,SARIMA,1D,2,-0.0030595368115221,0.00020903054015583407,Low
2017-04-05,SARIMA,1D,2,0.0019276502937349,0.00033953044186027146,Low
2017-04-06,SARIMA,1D,2,-0.0008274724629448,0.00028548652451828503,Low
2017-04-07,SARIMA,1D,2,0.0006874501357832,0.00041918390047080686,Low
2017-04-10,SARIMA,1D,2,-0.0014349082919582,0.00024414887288029216,Low
2017-04-11,SARIMA,1D,2,-0.0037670374189869,0.0005048227866321687,Low
2017-04-12,SARIMA,1D,2,-0.0068380202898042,0.00042887972123546036,Low
2017-04-13,SARIMA,1D,2,0.0085764656911072,0.0006979432063397637,Low
2017-04-17,SARIMA,1D,2,-0.0029076028458332,-0.00018621973710418541,Low
2017-04-18,SARIMA,1D,2,-0.0017178253968685,0.0005153867236998917,Low
2017-04-19,SARIMA,1D,2,0.0075288503629738,0.0005541597650717844,Low
2017-04-20,SARIMA,1D,2,-0.0030396881071153,0.00019222899865259727,Low
2017-04-21,SARIMA,1D,2,0.0107817365881118,0.00011949373946446793,Low
2017-04-24,SARIMA,1D,2,0.0060722142117511,-0.00017487777097042372,Low
2017-04-25,SARIMA,1D,2,-0.0004858214756873,5.3671064015537644e-05,Low
2017-04-26,SARIMA,1D,2,0.0005527670002992,1.4927264542775951e-05,Low
2017-04-27,SARIMA,1D,2,-0.00191497947149,0.0003816930158001611,Low
2017-04-28,SARIMA,1D,2,0.0017307918268938,-4.187626060212521e-05,Low
2017-05-01,SARIMA,1D,2,0.0011883435858115,-7.099566758477741e-05,Low
2017-05-02,SARIMA,1D,2,-0.0012721693958273,0.00024376107847229236,Low
2017-05-03,SARIMA,1D,2,0.0005819332878695,0.0003469336040771735,Low
2017-05-04,SARIMA,1D,2,0.0040803594074783,0.00034864949706028554,Low
2017-05-05,SARIMA,1D,2,3.7445271907879016e-05,1.3633443893035593e-05,Low
2017-05-08,SARIMA,1D,2,-0.0010257745567932,0.00024504188877052624,Low
2017-05-09,SARIMA,1D,2,0.0011299627174494,0.0004064942579407793,Low
2017-05-10,SARIMA,1D,2,-0.0021651513741066,0.00021863094640484982,Low
2017-05-11,SARIMA,1D,2,-0.0014795353407942,0.0002444718202249034,Low
2017-05-12,SARIMA,1D,2,0.0047651423030152,0.000369397788325784,Low
2017-05-15,SARIMA,1D,2,-0.000687133036986,8.81287943845895e-05,Low
2017-05-16,SARIMA,1D,2,-0.018345468171115,0.00029255808887352367,Low
2017-05-17,SARIMA,1D,2,0.0036800386272159,0.0013730946791910355,Low
2017-05-18,SARIMA,1D,2,0.0067447032082007,0.00017032045372230269,Low
2017-05-19,SARIMA,1D,2,0.0051468632960084,-0.0002575297648413512,Low
2017-05-22,SARIMA,1D,2,0.0018361851723804,4.2813522972962514e-05,Low
2017-05-23,SARIMA,1D,2,0.0024860338045762,0.0009733086642985181,Low
2017-05-24,SARIMA,1D,2,0.0044321120419781,5.435949996819968e-05,Low
2017-05-25,SARIMA,1D,2,0.0003105017853024,-0.00022812126595048892,Low
2017-05-26,SARIMA,1D,2,-0.0012053507295338,5.308221710811659e-05,Low
2017-05-30,SARIMA,1D,2,-0.0004600746199513,0.0002768464792560677,Low
2017-05-31,SARIMA,1D,2,0.0075425955848472,0.00021706210984903104,Low
2017-06-01,SARIMA,1D,2,0.003700874618046,-0.00029528146327399197,Low
2017-06-02,SARIMA,1D,2,-0.0012184071404286,7.928049296166971e-05,Low
2017-06-05,SARIMA,1D,2,-0.002782908666204,0.00041599929681395694,Low
2017-06-06,SARIMA,1D,2,0.0015670287963475,0.0004720690362552643,Low
2017-06-07,SARIMA,1D,2,0.0002671690356647,-9.859219402937438e-05,Low
2017-06-08,SARIMA,1D,2,-0.0008303338661872,0.00011426079781725506,Low
2017-06-09,SARIMA,1D,2,-0.0009792424797181,0.0003881033281725351,Low
2017-06-12,SARIMA,1D,2,0.0045013588432301,0.00047277820551172394,Low
2017-06-13,SARIMA,1D,2,-0.0009963269653176,-1.2722546938550607e-07,Low
2017-06-14,SARIMA,1D,2,-0.0022421097968403,0.00033949801988985434,Low
2017-06-15,SARIMA,1D,2,0.0002835991500596,0.0004552779881419897,Low
2017-06-16,SARIMA,1D,2,0.0083125832068939,0.00032851582845737424,Low
2017-06-19,SARIMA,1D,2,-0.0067191604469316,-0.000331691244907515,Low
2017-06-20,SARIMA,1D,2,-0.0005828141932715,0.0006928596268862507,Low
2017-06-21,SARIMA,1D,2,-0.000455885972438,0.0004283316553349577,Low
2017-06-22,SARIMA,1D,2,0.001559698555409,0.00031838985662112465,Low
2017-06-23,SARIMA,1D,2,0.0003157519397323,-0.00013216784021903474,Low
2017-06-26,SARIMA,1D,2,-0.0081055865756729,0.0005469717937281517,Low
2017-06-27,SARIMA,1D,2,0.008769501646551,0.0007751262888934561,Low
2017-06-28,SARIMA,1D,2,-0.0086372168441413,-0.00014916932763233976,Low
2017-06-29,SARIMA,1D,2,0.0015320576108735,0.0006996876428076589,Low
2017-06-30,SARIMA,1D,2,0.0023081679791475,0.000201856253734188,Low
2017-07-03,SARIMA,1D,2,0.0014522240362887,0.0005162425394211146,Low
2017-07-05,SARIMA,1D,2,-0.0094129873068661,-0.0001266936247933451,Low
2017-07-06,SARIMA,1D,2,0.0063827125696158,0.0011482350097709155,Low
2017-07-07,SARIMA,1D,2,0.0009273361035125,-8.64037290324918e-05,Low
2017-07-10,SARIMA,1D,2,-0.0007829870660821,0.00015078698400932035,Low
2017-07-11,SARIMA,1D,2,0.0072790509478214,0.0002766822652935658,Low
2017-07-12,SARIMA,1D,2,0.001872829473473,0.00030188802540705905,Low
2017-07-13,SARIMA,1D,2,0.0046626161700092,-4.62036876018249e-05,Low
2017-07-14,SARIMA,1D,2,-5.291423670686425e-05,-2.5670001546993643e-06,Low
2017-07-17,SARIMA,1D,2,0.0005976786981109,0.0003343801628926281,Low
2017-07-18,SARIMA,1D,2,0.0053582582160534,-3.4816641780705036e-05,Low
2017-07-19,SARIMA,1D,2,-0.000153671088607,-8.155425174790503e-05,Low
2017-07-20,SARIMA,1D,2,-0.0003679393292088,0.00010925167039170457,Low
2017-07-21,SARIMA,1D,2,-0.0010643009954088,0.0003122526664709335,Low
2017-07-24,SARIMA,1D,2,0.002918907519898,0.0003329260158114243,Low
2017-07-25,SARIMA,1D,2,0.0002826240061194,-8.186759951773332e-05,Low
2017-07-26,SARIMA,1D,2,-0.0009731616373937,0.00028001797404599547,Low
2017-07-27,SARIMA,1D,2,-0.001342015678116,0.0003687651329856487,Low
2017-07-28,SARIMA,1D,2,-0.0007284108345598,0.00041823984350422176,Low
2017-07-31,SARIMA,1D,2,0.0024461207749384,0.00021982486491134326,Low
2017-08-01,SARIMA,1D,2,0.0004925274073474,0.00015115817764453927,Low
2017-08-02,SARIMA,1D,2,-0.0021860418349456,0.0003145501027405375,Low
2017-08-03,SARIMA,1D,2,0.0018873214175395,0.00047652259600935727,Low
2017-08-04,SARIMA,1D,2,0.0016458446442804,0.0002331239494678409,Low
2017-08-07,SARIMA,1D,3,-0.0024173522303853,0.00012205590662288813,Low
2017-08-08,SARIMA,1D,3,-0.0003636747927123,0.0004181373733372965,Low
2017-08-09,SARIMA,1D,3,-0.0145802184007415,0.00042281872983890377,Low
2017-08-10,SARIMA,1D,3,0.0012747571279871,0.001033376506553342,Low
2017-08-11,SARIMA,1D,3,0.0099936512460494,0.00016983025025184745,Low
2017-08-14,SARIMA,1D,3,-0.0004989323268834,-0.00013477316705308987,Low
2017-08-15,SARIMA,1D,3,0.0014190955233323,0.0003605142817835056,Low
2017-08-16,SARIMA,1D,3,-0.0155573424871914,0.0008466601125498192,Low
2017-08-17,SARIMA,1D,3,-0.0018370536613519,0.0011405989259500305,Low
2017-08-18,SARIMA,1D,3,0.0011619757145661,-8.738002763102569e-06,Low
2017-08-21,SARIMA,1D,3,0.009891695260625,0.00024729519184639415,Low
2017-08-22,SARIMA,1D,3,-0.003459570132639,-0.0002849911345904306,Low
2017-08-23,SARIMA,1D,3,-0.0020766167471384,0.001149480578986955,Low
2017-08-24,SARIMA,1D,3,0.0016714716689374,0.0005382315762797298,Low
2017-08-25,SARIMA,1D,3,0.000486953473296,0.00017697097792742964,Low
2017-08-28,SARIMA,1D,3,0.0008424667620097,-0.000130907454487365,Low
2017-08-29,SARIMA,1D,3,0.004604531788061,0.00038894016502899557,Low
2017-08-30,SARIMA,1D,3,0.0057046735847135,0.00015640965343556815,Low
2017-08-31,SARIMA,1D,3,0.0019805780423351,-6.369652636655659e-05,Low
2017-09-01,SARIMA,1D,3,-0.0075794585521449,0.00018037932694218496,Low
2017-09-05,SARIMA,1D,3,0.0031238424931441,0.0006893752531510817,Low
2017-09-06,SARIMA,1D,3,-0.0001784520448537,-5.2501926454252064e-05,Low
2017-09-07,SARIMA,1D,3,-0.0014899601434577,7.286365281498355e-05,Low
2017-09-08,SARIMA,1D,3,0.010780975197147,0.0002978185753379209,Low
2017-09-11,SARIMA,1D,3,0.0033583025948831,3.773309523095303e-05,Low
2017-09-12,SARIMA,1D,3,0.0007568342480825,1.595733593097692e-05,Low
2017-09-13,SARIMA,1D,3,-0.0011013238508279,0.00027164528456527954,Low
2017-09-14,SARIMA,1D,3,0.0018454775461593,0.0004354124134770621,Low
2017-09-15,SARIMA,1D,3,0.0014548619291293,-0.00023615835572609142,Low
2017-09-18,SARIMA,1D,3,0.0011095796167313,6.798663672195405e-05,Low
2017-09-19,SARIMA,1D,3,0.0006341467023094,0.00021270902666226866,Low
2017-09-20,SARIMA,1D,3,-0.0030505659469148,0.00032238866826068865,Low
2017-09-21,SARIMA,1D,3,0.000647583995167,0.00040409500182343776,Low
2017-09-22,SARIMA,1D,3,-0.0022245226998538,0.00021211562244208732,Low
2017-09-25,SARIMA,1D,3,7.216412589487934e-05,0.0003840456091680635,Low
2017-09-26,SARIMA,1D,3,0.0040768224019879,0.0002795378957070942,Low
2017-09-27,SARIMA,1D,3,0.001203890628938,0.00021662151510212584,Low
2017-09-28,SARIMA,1D,3,0.0036982630684988,0.00022677568256454348,Low
2017-09-29,SARIMA,1D,3,0.0038665188297123,0.00020263331137445822,Low
2017-10-02,SARIMA,1D,3,0.0021565111846609,0.0001038312554384621,Low
2017-10-03,SARIMA,1D,3,0.0012459436611136,2.4093278439391486e-05,Low
2017-10-04,SARIMA,1D,3,0.0056309040312927,0.00018491135968111335,Low
2017-10-05,SARIMA,1D,3,-0.0010742111652397,-0.00015204838460565066,Low
2017-10-06,SARIMA,1D,3,-0.0018060638680135,0.0002007498214406901,Low
2017-10-09,SARIMA,1D,3,0.002319719630478,0.0003118801295957593,Low
2017-10-10,SARIMA,1D,3,0.0018018829296635,0.00012899598750392465,Low
2017-10-11,SARIMA,1D,3,-0.0016881771203513,-2.4339625908058196e-05,Low
2017-10-12,SARIMA,1D,3,0.0008777220048463,0.0004367298972281559,Low
2017-10-13,SARIMA,1D,3,0.0017492225323057,0.00034280542641578165,Low
2017-10-16,SARIMA,1D,3,0.0006723529054339,0.0001241743590138832,Low
2017-10-17,SARIMA,1D,3,0.0007420595113295,0.00019514902905972957,Low
2017-10-18,SARIMA,1D,3,0.0003279441150104,0.0003386974195906812,Low
2017-10-19,SARIMA,1D,3,0.0051037961850303,0.0002617803551943122,Low
2017-10-20,SARIMA,1D,3,-0.0039803953129971,-4.0940330861787835e-05,Low
2017-10-23,SARIMA,1D,3,0.001616600874558,0.0004974090843413157,Low
2017-10-24,SARIMA,1D,3,-0.0046739556872599,0.00019181927795306259,Low
2017-10-25,SARIMA,1D,3,0.0012701392506023,0.0005519432684167312,Low
2017-10-26,SARIMA,1D,3,0.008040609979727,2.882085462647694e-05,Low
2017-10-27,SARIMA,1D,3,-0.0031975773767407,2.926618103304122e-05,Low
2017-10-30,SARIMA,1D,3,0.0009440129366793,0.00042826856307671914,Low
2017-10-31,SARIMA,1D,3,0.0015908441079038,0.00045315720499617773,Low
2017-11-01,SARIMA,1D,3,0.0001899477696667,0.00018331374872914986,Low
2017-11-02,SARIMA,1D,3,0.0030922893263143,-3.743788636807028e-05,Low
2017-11-03,SARIMA,1D,3,0.0012704438847764,0.0002595414522186958,Low
2017-11-06,SARIMA,1D,3,-0.0001891208050819,0.0002110684235092595,Low
2017-11-07,SARIMA,1D,3,0.0014426139320604,0.0002540931017847952,Low
2017-11-08,SARIMA,1D,3,-0.0037689813393701,0.00022233019745061106,Low
2017-11-09,SARIMA,1D,3,-0.0008980469760537,0.0003880949575956168,Low
2017-11-10,SARIMA,1D,3,0.000983150911293,0.0003012549997450765,Low
2017-11-13,SARIMA,1D,3,-0.0023122805602819,0.00026398575610045547,Low
2017-11-14,SARIMA,1D,3,-0.0055409987421236,0.00037863568259661643,Low
2017-11-15,SARIMA,1D,3,0.0081626527829724,0.0007691941939404643,Low
2017-11-16,SARIMA,1D,3,-0.0026294169788973,-8.621987692184981e-05,Low
2017-11-17,SARIMA,1D,3,0.0012748698887901,0.0004167861378742341,Low
2017-11-20,SARIMA,1D,3,0.0065198388797526,0.00033765764166829456,Low
2017-11-21,SARIMA,1D,3,-0.0007505427033295,0.0001944649771010072,Low
2017-11-22,SARIMA,1D,3,0.0020539842782319,2.4274356769410854e-05,Low
2017-11-24,SARIMA,1D,3,-0.0003843315868032,0.00029207268754161955,Low
2017-11-27,SARIMA,1D,3,0.0098003321967936,0.00028612739068816715,Low
2017-11-28,SARIMA,1D,3,-0.0003692938827907,-0.0004976830820379646,Low
2017-11-29,SARIMA,1D,3,0.0081575866628111,0.00034924380086710826,Low
2017-11-30,SARIMA,1D,3,-0.0020265829358053,-0.0002164685715214249,Low
2017-12-01,SARIMA,1D,3,-0.0010527105492864,0.000434452775616767,Low
2017-12-04,SARIMA,1D,3,-0.0037463905259553,-3.961335150111427e-05,Low
2017-12-05,SARIMA,1D,3,-0.0001141121705303,0.0005098946145282153,Low
2017-12-06,SARIMA,1D,3,0.0029280670101093,-2.2017499119174257e-05,Low
2017-12-07,SARIMA,1D,3,0.0054912020355181,0.0002191851195819691,Low
2017-12-08,SARIMA,1D,3,0.0031968421216958,6.191769620463413e-05,Low
2017-12-11,SARIMA,1D,3,0.0015477237220895,0.00029758809764092534,Low
2017-12-12,SARIMA,1D,3,-0.0004730689701501,0.00024152016292236674,Low
2017-12-13,SARIMA,1D,3,-0.0040791677307626,0.00021598503168909089,Low
2017-12-14,SARIMA,1D,3,0.0089343134101427,0.00029828540740234214,Low
2017-12-15,SARIMA,1D,3,0.0053484785795975,-0.00032092789197268363,Low
2017-12-18,SARIMA,1D,3,-0.0032354980431185,-5.113566643153317e-05,Low
2017-12-19,SARIMA,1D,3,-0.0008282360735725,0.0005052309815855016,Low
2017-12-20,SARIMA,1D,3,0.0019836870126583,0.0005296351503178936,Low
2017-12-21,SARIMA,1D,3,-0.0004582716381137,-0.00016044187169302564,Low
2017-12-22,SARIMA,1D,3,-0.0010589757000585,9.315043477917925e-05,Low
2017-12-26,SARIMA,1D,3,0.0007906283102422,0.0004935890687975706,Low
2017-12-27,SARIMA,1D,3,0.0018323190029195,0.0003115359810409673,Low
2017-12-28,SARIMA,1D,3,-0.0051966322927482,0.00013148494080009317,Low
2017-12-29,SARIMA,1D,3,0.0082690782183981,0.0006105302214242482,Low
2018-01-02,SARIMA,1D,3,0.006378433243936,-9.284101060010464e-05,Low
2018-01-03,SARIMA,1D,3,0.0040205428553269,-6.586072152450794e-05,Low
2018-01-04,SARIMA,1D,3,0.0070091458885853,1.4833658288780649e-05,Low
2018-01-05,SARIMA,1D,3,0.0016609637672969,0.00014390438648546303,Low
2018-01-08,SARIMA,1D,3,0.0013020835172984,-0.0001124361820872899,Low
2018-01-09,SARIMA,1D,3,-0.0011128458115206,-4.44345093333016e-05,Low
2018-01-10,SARIMA,1D,3,0.007009025768882,0.00019028606430925043,Low
2018-01-11,SARIMA,1D,3,0.006726926399094,-0.0003722720095718732,Low
2018-01-12,SARIMA,1D,3,-0.0035307132616026,-0.00013973074545115395,Low
2018-01-16,SARIMA,1D,3,0.009371006206502,0.0004467218914698288,Low
2018-01-17,SARIMA,1D,3,-0.0016176974974736,-0.00015467748025734315,Low
2018-01-18,SARIMA,1D,3,0.0043756479869901,0.00010975307862101948,Low
2018-01-19,SARIMA,1D,3,0.0080343643822132,-0.00022371296367652886,Low
2018-01-22,SARIMA,1D,3,0.0021720049682223,7.067739243582017e-06,Low
2018-01-23,SARIMA,1D,3,-0.000560132547232,-0.00019024956215556524,Low
2018-01-24,SARIMA,1D,3,0.0006024393988328,0.00038945497449683686,Low
2018-01-25,SARIMA,1D,3,0.0117716381060841,0.00010015922354590168,Low
2018-01-26,SARIMA,1D,3,-0.006754736284863,-0.0006756610580520451,Low
2018-01-29,SARIMA,1D,3,-0.010958642805337,0.0005714999828510585,Low
2018-01-30,SARIMA,1D,3,0.0004888658586947,0.0009284914275190822,Low
2018-01-31,SARIMA,1D,3,-0.0006482983520233,0.00026196094004847666,Low
2018-02-01,SARIMA,1D,3,-0.0214366805166988,-0.0001464732302204236,Low
2018-02-02,SARIMA,1D,3,-0.0418425409383814,0.0017372349641070948,Normal
2018-02-05,SARIMA,1D,3,0.017290573348937,0.003068054838931334,High
2018-02-06,SARIMA,1D,3,-0.0050141382237526,-0.0006255124971118891,High
2018-02-07,SARIMA,1D,3,-0.0382590522458017,0.0006119526900327953,High
2018-02-08,SARIMA,1D,3,0.0148256451995243,0.0032975808581644467,High
2018-02-09,SARIMA,1D,3,0.0138186656781862,0.0013056602607820675,High
2018-02-12,SARIMA,1D,3,0.0026095219802775,-0.0010693896378573785,High
2018-02-13,SARIMA,1D,3,0.013313439808897,0.0003408196994542734,High
2018-02-14,SARIMA,1D,3,0.0119968617767752,0.001200525595075879,High
2018-02-15,SARIMA,1D,3,0.0003733996499216,-0.0008750199311688988,High
2018-02-16,SARIMA,1D,3,-0.0058585171068373,-0.00032037805451982953,High
2018-02-20,SARIMA,1D,3,-0.0055116644833109,0.0004911109581370813,High
2018-02-21,SARIMA,1D,3,0.0009730774855778,4.9506578748221544e-05,High
2018-02-22,SARIMA,1D,3,0.015901278245121,-0.00027331932363962715,High
2018-02-23,SARIMA,1D,3,0.0116884386206273,-0.0005973489313500456,High
2018-02-26,SARIMA,1D,3,-0.0127883114414675,-8.014348627753231e-05,High
2018-02-27,SARIMA,1D,3,-0.011157806083656,0.0012539476965101673,High
2018-02-28,SARIMA,1D,3,-0.0134139658548764,0.0008926804960765621,High
2018-03-01,SARIMA,1D,3,0.0050587854851985,0.0003756688798734617,High
2018-03-02,SARIMA,1D,3,0.0109716176105265,-0.0004890497441900506,High
2018-03-05,SARIMA,1D,3,0.0026353829319968,0.00022332551103006654,High
2018-03-06,SARIMA,1D,3,-0.0004839918257163,0.00066538702911379,High
2018-03-07,SARIMA,1D,3,0.0044531482088846,0.0009262115437342791,High
2018-03-08,SARIMA,1D,3,0.0172295467412075,-0.0001114454102758748,High
2018-03-09,SARIMA,1D,3,-0.0012747973379984,-0.0010977816467160734,Normal
2018-03-12,SARIMA,1D,3,-0.0063839104143147,0.0002466394754520751,Normal
2018-03-13,SARIMA,1D,3,-0.0057409698251887,0.0006748458075927874,Normal
2018-03-14,SARIMA,1D,3,-0.0007822363990965,0.00044014602736053396,Normal
2018-03-15,SARIMA,1D,3,0.0017019979472317,-0.000376544455561726,Normal
2018-03-16,SARIMA,1D,3,-0.0143060405413734,0.0002338278539134652,Normal
2018-03-19,SARIMA,1D,3,0.0014807086617189,0.0013627538787334464,Normal
2018-03-20,SARIMA,1D,3,-0.0018456921256294,0.00048685242750238247,Normal
2018-03-21,SARIMA,1D,3,-0.0254848869728544,0.0004590531600304812,Normal
2018-03-22,SARIMA,1D,3,-0.0211898073117506,0.0016324181715034105,High
2018-03-23,SARIMA,1D,3,0.0267950407060353,0.002063021297837137,High
2018-03-26,SARIMA,1D,3,-0.0174272856453219,-0.0011775599801506686,High
2018-03-27,SARIMA,1D,3,-0.0029209188994626,0.0013365583036384083,High
2018-03-28,SARIMA,1D,3,0.0136757774938434,0.0015433420269429375,High
2018-03-29,SARIMA,1D,3,-0.0225906823434958,0.0005126385695450009,High
2018-04-02,SARIMA,1D,3,0.012535961315741,0.00047031569950934277,High
2018-04-03,SARIMA,1D,3,0.0115001023464467,0.0002978351109200655,High
2018-04-04,SARIMA,1D,3,0.0068394214016512,-0.00015226234856404,High
2018-04-05,SARIMA,1D,3,-0.0221640670570649,-0.0006263803988892352,High
2018-04-06,SARIMA,1D,3,0.0033309949675928,0.0024357629348096253,High
2018-04-09,SARIMA,1D,3,0.016588598996314,-0.0003424667402155195,High
2018-04-10,SARIMA,1D,3,-0.0055406857724611,-0.0011020445278939989,High
2018-04-11,SARIMA,1D,3,0.008216898697657,0.0003019263654698201,High
2018-04-12,SARIMA,1D,3,-0.0028907998267066,0.0007772380559679457,High
2018-04-13,SARIMA,1D,3,0.008076336801563,0.0003812608875508648,High
2018-04-16,SARIMA,1D,3,0.0106050716138667,-0.0008300782097067868,High
2018-04-17,SARIMA,1D,3,0.0008310204075532,-7.141546562332686e-05,High
2018-04-18,SARIMA,1D,3,-0.0057425817958325,-6.421964339964711e-05,High
2018-04-19,SARIMA,1D,3,-0.0085731771883527,0.0007279379313027129,High
2018-04-20,SARIMA,1D,3,5.623011118453955e-05,0.00044830176989417,High
2018-04-23,SARIMA,1D,3,-0.0134708880064751,-0.00015308943124941972,High
2018-04-24,SARIMA,1D,3,0.0018353742328236,0.0009879336500399247,High
2018-04-25,SARIMA,1D,3,0.0103801441873769,0.00045111169262900225,High
2018-04-26,SARIMA,1D,3,0.0011130052713638,0.00011883616250599454,High
2018-04-27,SARIMA,1D,3,-0.0082211925489212,0.0002691059637431819,High
2018-04-30,SARIMA,1D,3,0.0025458021710273,0.0013247974614681358,Normal
2018-05-01,SARIMA,1D,3,-0.0072319512014023,0.00012766534683562143,Normal
2018-05-02,SARIMA,1D,3,-0.002256217585064,0.00026790681279687017,Normal
2018-05-03,SARIMA,1D,3,0.0127298100283349,0.0003652518850594976,Normal
2018-05-04,SARIMA,1D,3,0.0034519805549899,-3.9653613750884325e-05,Normal
2018-05-07,SARIMA,1D,3,-0.0002656766117338,3.652428243062079e-05,Normal
2018-05-08,SARIMA,1D,3,0.0096356479348687,0.0006241145064404359,Normal
2018-05-09,SARIMA,1D,3,0.0093270116038483,-0.00010173475108616958,Normal
2018-05-10,SARIMA,1D,3,0.0017061392709612,-0.0007238951753501771,Normal
2018-05-11,SARIMA,1D,3,0.0008830995101265,4.5914984012686744e-05,Normal
2018-05-14,SARIMA,1D,3,-0.0068656550439908,0.00026766555800149824,Normal
2018-05-15,SARIMA,1D,3,0.0040523398475144,0.00028391474310212597,Normal
2018-05-16,SARIMA,1D,3,-0.0008562387886101,-0.0003209778408330007,Normal
2018-05-17,SARIMA,1D,3,-0.0026356652545503,0.0002664934410660035,Normal
2018-05-18,SARIMA,1D,3,0.0073596045479333,0.0004153711346728655,Normal
2018-05-21,SARIMA,1D,3,-0.0031406885928751,0.0001968657059845801,Normal
2018-05-22,SARIMA,1D,3,0.0032431452068987,0.00032974428156620544,Low
2018-05-23,SARIMA,1D,3,-0.0020252629577225,0.0001623663482204022,Low
2018-05-24,SARIMA,1D,3,-0.0023600030541859,0.000535312899018095,Low
2018-05-25,SARIMA,1D,3,-0.0116315725117922,0.00013901544624960854,Low
2018-05-29,SARIMA,1D,3,0.0126158753519238,0.0010614085140686052,Low
2018-05-30,SARIMA,1D,3,-0.0069033332434342,-0.0005038650189687728,Normal
2018-05-31,SARIMA,1D,3,0.0107907997092398,0.0007663248777205888,Normal
2018-06-01,SARIMA,1D,3,0.0044695948983522,-0.00017225095640796518,Normal
2018-06-04,SARIMA,1D,3,0.0007023462695756,0.00056142387494604,Low
2018-06-05,SARIMA,1D,3,0.0085309006373119,-0.00022753041020294782,Low
2018-06-06,SARIMA,1D,3,-0.0007144436219845,0.00010780042241405731,Normal
2018-06-07,SARIMA,1D,3,0.0031210289077513,-8.465185906903074e-05,Low
2018-06-08,SARIMA,1D,3,0.0010681370069403,-6.941126061755961e-05,Low
2018-06-11,SARIMA,1D,3,0.0017418672787038,0.0002147130362221242,Low
2018-06-12,SARIMA,1D,3,-0.0040342545414114,-0.00014128059098989724,Low
2018-06-13,SARIMA,1D,3,0.0024685005225036,0.0005429414580499956,Low
2018-06-14,SARIMA,1D,3,-0.001017620315494,4.890998363374981e-05,Low
2018-06-15,SARIMA,1D,3,-0.0021283911808865,0.0003161808705502073,Low
2018-06-18,SARIMA,1D,3,-0.0040315179513912,0.00035320715076224527,Low
2018-06-19,SARIMA,1D,3,0.0017106902241125,0.00069732902848687,Low
2018-06-20,SARIMA,1D,3,-0.0063657288432202,0.00012513134977727255,Low
2018-06-21,SARIMA,1D,3,0.0018602032551338,0.0006965843817924593,Low
2018-06-22,SARIMA,1D,3,-0.0138197229677706,0.00030261399174415395,Low
2018-06-25,SARIMA,1D,3,0.0022021505056967,0.0012396705283511718,Normal
2018-06-26,SARIMA,1D,3,-0.0086415863131411,0.00013007000553854264,Low
2018-06-27,SARIMA,1D,3,0.0061596800190312,0.0010463692454858661,Low
2018-06-28,SARIMA,1D,3,0.000758115887517,-8.661326500622408e-05,Low
2018-06-29,SARIMA,1D,3,0.0030632608342934,0.0008457668250029919,Low
2018-07-02,SARIMA,1D,3,-0.0049596292805336,8.489086786805786e-05,Low
2018-07-03,SARIMA,1D,3,0.0085838567455378,0.0009398339590220913,Low
2018-07-05,SARIMA,1D,3,0.0084455176005801,-0.0003936400807294553,Low
2018-07-06,SARIMA,1D,3,0.0087842907853415,-0.0001936710604826068,Low
2018-07-09,SARIMA,1D,3,0.0034672493188218,-0.00029634813465315087,Low
2018-07-10,SARIMA,1D,3,-0.0071194863719165,0.0003242601727517098,Low
2018-07-11,SARIMA,1D,3,0.0087109915801719,0.00035251974136726383,Low
2018-07-12,SARIMA,1D,3,0.0010786555366086,-0.0005356325979066418,Low
2018-07-13,SARIMA,1D,3,-0.0010286646208985,-0.0001334158743334963,Low
2018-07-16,SARIMA,1D,3,0.0039658243434434,0.000203376085859181,Low
2018-07-17,SARIMA,1D,3,0.0021581820767374,0.00038661355318651196,Low
2018-07-18,SARIMA,1D,3,-0.0039608268490495,-0.00015366023028077943,Low
2018-07-19,SARIMA,1D,3,-0.0009488977712743,0.0004634309604175076,Low
2018-07-20,SARIMA,1D,3,0.0018363623432315,0.00040491305311612523,Low
2018-07-23,SARIMA,1D,3,0.0047695188860535,4.8708786143654117e-05,Low
2018-07-24,SARIMA,1D,3,0.0090604350703727,-4.6894930699741466e-05,Low
2018-07-25,SARIMA,1D,3,-0.0030369027488673,-2.042533769253829e-05,Low
2018-07-26,SARIMA,1D,3,-0.0065838346448454,0.0005269093876473983,Low
2018-07-27,SARIMA,1D,3,-0.0057707893155871,0.0005967504953841653,Low
2018-07-30,SARIMA,1D,3,0.004872837219303,0.00042322403278747357,Low
2018-07-31,SARIMA,1D,3,-0.0010408930675711,-0.0003434338244359976,Low
2018-08-01,SARIMA,1D,3,0.0049143495822087,0.0004758108336378156,Low
2018-08-02,SARIMA,1D,3,0.0046334320653479,0.00032731995256231165,Low
2018-08-03,SARIMA,1D,3,0.0035319826508016,0.0003166820262635934,Low
2018-08-06,SARIMA,1D,3,0.0028202017464857,-7.088981365163595e-05,Low
2018-08-07,SARIMA,1D,3,-0.0002624143932951,0.0001912838831513452,Low
2018-08-08,SARIMA,1D,3,-0.0014427146770399,0.00012342993472030697,Low
2018-08-09,SARIMA,1D,3,-0.0071393122632444,0.00018594393451452543,Low
2018-08-10,SARIMA,1D,3,-0.0040140376659802,0.0005432738950776382,Low
2018-08-13,SARIMA,1D,3,0.0063689300164174,0.00040521930268372147,Low
2018-08-14,SARIMA,1D,3,-0.0076312085813788,-3.0097364355235958e-05,Low
2018-08-15,SARIMA,1D,3,0.0078882145526381,0.0007896124895211689,Low
2018-08-16,SARIMA,1D,3,0.003317606375263,0.0001848189384615022,Low
2018-08-17,SARIMA,1D,3,0.0024250749021282,0.00031611059131378427,Low
2018-08-20,SARIMA,1D,3,0.002066399954627,-7.7213429706592e-05,Low
2018-08-21,SARIMA,1D,3,-0.0003982310542435,0.0005049698889058577,Low
2018-08-22,SARIMA,1D,3,-0.0016926939235351,2.1333553237921302e-05,Low
2018-08-23,SARIMA,1D,3,0.0061797059282853,0.0002478897695905124,Low
2018-08-24,SARIMA,1D,3,0.0076411414071104,-0.0001334711761530665,Low
2018-08-27,SARIMA,1D,3,0.0002692420775983,-0.00019608426635689603,Low
2018-08-28,SARIMA,1D,3,0.0056852424689116,0.0003098459972119041,Low
2018-08-29,SARIMA,1D,3,-0.004440172044458,7.442439585509357e-05,Low
2018-08-30,SARIMA,1D,3,0.0001344684673049,0.00029968118564277556,Low
2018-08-31,SARIMA,1D,3,-0.0016556920488793,-2.8892805633605326e-05,Low
2018-09-04,SARIMA,1D,3,-0.0028070628012659,0.0003741043676955845,Low
2018-09-05,SARIMA,1D,4,-0.0036589910366181,0.0002343551030342963,Low
2018-09-06,SARIMA,1D,4,-0.0022157978950144,0.0006987402836494472,Low
2018-09-07,SARIMA,1D,4,0.0018960282146933,0.00044914067937100097,Low
2018-09-10,SARIMA,1D,4,0.0037328656897154,0.00029109949974045747,Low
2018-09-11,SARIMA,1D,4,0.0003566083498935,0.0002443191140795739,Low
2018-09-12,SARIMA,1D,4,0.0052683521593913,0.00046680113373626276,Low
2018-09-13,SARIMA,1D,4,0.0002754439007663,0.0001403125535299175,Low
2018-09-14,SARIMA,1D,4,-0.0055852909915492,0.00023361998108522707,Low
2018-09-17,SARIMA,1D,4,0.0053546528676252,0.0004646904215315986,Low
2018-09-18,SARIMA,1D,4,0.0012524880331719,9.135224672380485e-06,Low
2018-09-19,SARIMA,1D,4,0.007810014185329,3.113446967366513e-05,Low
2018-09-20,SARIMA,1D,4,-0.000368600937007,-0.00012447949873278617,Low
2018-09-21,SARIMA,1D,4,-0.0035218823140138,0.000581023981261568,Low
2018-09-24,SARIMA,1D,4,-0.0013059484931179,0.00030082127182153425,Low
2018-09-25,SARIMA,1D,4,-0.0032946996811599,0.00032947235086790237,Low
2018-09-26,SARIMA,1D,4,0.0027594762285113,0.00016824176714927557,Low
2018-09-27,SARIMA,1D,4,-6.870144138179519e-06,0.0001716651760104853,Low
2018-09-28,SARIMA,1D,4,0.0036344923421985,0.0004750968338485571,Low
2018-10-01,SARIMA,1D,4,-0.000396768910279,0.00019014879598059622,Low
2018-10-02,SARIMA,1D,4,0.0007112667367183,0.000488804989249198,Low
2018-10-03,SARIMA,1D,4,-0.0082030354210098,0.0001756978514034981,Low
2018-10-04,SARIMA,1D,4,-0.0055433145846221,0.0007640717370927192,Low
2018-10-05,SARIMA,1D,4,-0.0003951947083496,0.0004709914392942035,Low
2018-10-08,SARIMA,1D,4,-0.0014189098341542,0.0003540605375588293,Low
2018-10-09,SARIMA,1D,4,-0.033416389042602,0.0003719298630490584,Low
2018-10-10,SARIMA,1D,4,-0.0207875799725415,0.002488381057095388,Normal
2018-10-11,SARIMA,1D,4,0.0141062354083762,0.001709170784371987,Normal
2018-10-12,SARIMA,1D,4,-0.0059224822913,-0.00041333045255259945,Normal
2018-10-15,SARIMA,1D,4,0.0212678280349012,0.0007074035886305834,Normal
2018-10-16,SARIMA,1D,4,-0.0002526942626648,0.0005919327460683374,High
2018-10-17,SARIMA,1D,4,-0.0144964905753411,0.001299107935078338,High
2018-10-18,SARIMA,1D,4,-0.0003612351352793,0.0005605816606423734,High
2018-10-19,SARIMA,1D,4,-0.0043087970964778,0.0005629803215303252,High
2018-10-22,SARIMA,1D,4,-0.0055270761806941,-0.00033231720460249553,High
2018-10-23,SARIMA,1D,4,-0.0313507738611408,0.0005862157763517537,High
2018-10-24,SARIMA,1D,4,0.0184537179787141,0.0026459172300416856,High
2018-10-25,SARIMA,1D,4,-0.0174791380100031,-0.0006304751366784987,High
2018-10-26,SARIMA,1D,4,-0.0065812082951939,0.0014586358593429302,High
2018-10-29,SARIMA,1D,4,0.0155453229718774,0.0009269729581422976,High
2018-10-30,SARIMA,1D,4,0.010792878754571,0.000824765697474427,High
2018-10-31,SARIMA,1D,4,0.0105024988685292,-0.0009750332975647978,High
2018-11-01,SARIMA,1D,4,-0.0063367210558797,0.00045363536660279416,High
2018-11-02,SARIMA,1D,4,0.0055846936971941,0.0009889604244614216,High
2018-11-05,SARIMA,1D,4,0.0062397877444086,-0.0006254242505078064,High
2018-11-06,SARIMA,1D,4,0.020987078560774,-0.000510113732978303,High
2018-11-07,SARIMA,1D,4,-0.0025120689884914,-0.0012886917432039405,High
2018-11-08,SARIMA,1D,4,-0.0092415859153724,0.0007058853476281053,High
2018-11-09,SARIMA,1D,4,-0.0198981509854674,0.000603797670783838,High
2018-11-12,SARIMA,1D,4,-0.0014830188221738,0.0011278466438177958,High
2018-11-13,SARIMA,1D,4,-0.0075961888184505,-0.0005021600742526921,High
2018-11-14,SARIMA,1D,4,0.0105380327426419,0.0007954574663573796,High
2018-11-15,SARIMA,1D,4,0.0022208375374839,0.00014988201422368262,High
2018-11-16,SARIMA,1D,4,-0.0167831612357214,0.0010708796705985427,High
2018-11-19,SARIMA,1D,4,-0.0183179955565859,0.0013458012745108559,High
2018-11-20,SARIMA,1D,4,0.0030386693107672,0.001646641022309951,High
2018-11-21,SARIMA,1D,4,-0.0065764197118556,-0.00027169640616844895,High
2018-11-23,SARIMA,1D,4,0.0154129758453664,0.0005629005565103622,High
2018-11-26,SARIMA,1D,4,0.0032563843646126,0.00019455785775486192,High
2018-11-27,SARIMA,1D,4,0.0227140513031137,0.0009648124667081862,High
2018-11-28,SARIMA,1D,4,-0.0021854945453934,-0.000997884259397511,High
2018-11-29,SARIMA,1D,4,0.0081375477166175,0.0007155796426110433,High
2018-11-30,SARIMA,1D,4,0.0108820017943624,-0.0007586242333428586,High
2018-12-03,SARIMA,1D,4,-0.0329002288385561,-0.00044174843895958743,High
2018-12-04,SARIMA,1D,4,-0.0015233879141442,0.0011396781019520465,High
2018-12-06,SARIMA,1D,4,-0.0235963354563222,0.00044735471290092087,High
2018-12-07,SARIMA,1D,4,0.0017606032229163,0.0012662088474142592,High
2018-12-10,SARIMA,1D,4,-0.0003564096753056,-0.0002532086416990285,High
2018-12-11,SARIMA,1D,4,0.0054048710103512,0.0017174033382834106,High
2018-12-12,SARIMA,1D,4,-0.000199950312415,0.00017106146618300517,High
2018-12-13,SARIMA,1D,4,-0.0192712122686998,0.0013419332074898437,High
2018-12-14,SARIMA,1D,4,-0.0209922848285766,0.0013517109437134532,High
2018-12-17,SARIMA,1D,4,8.639685378910398e-05,0.0014766888909910792,High
2018-12-18,SARIMA,1D,4,-0.0155154591759368,9.038651492568052e-05,High
2018-12-19,SARIMA,1D,4,-0.0158978094841039,0.0011637941990836236,High
2018-12-20,SARIMA,1D,4,-0.0208031204985406,0.002008552023560803,High
2018-12-21,SARIMA,1D,4,-0.0274865728783144,0.0023925778505627907,High
2018-12-24,SARIMA,1D,4,0.048403177670805,0.0018636131095628047,High
2018-12-26,SARIMA,1D,4,0.0085262289688169,-0.001648329365758974,High
2018-12-27,SARIMA,1D,4,-0.0012423539102312,0.0005724033018004013,High
2018-12-28,SARIMA,1D,4,0.0084566258622068,0.001313073876950469,High
2018-12-31,SARIMA,1D,4,0.0012676930626261,0.0010812278779914588,High
2019-01-02,SARIMA,1D,4,-0.0250683318189151,-0.0017396181416263338,High
2019-01-03,SARIMA,1D,4,0.0337593990603464,0.0012127423545942552,High
2019-01-04,SARIMA,1D,4,0.0069859759952297,-0.00147852268090138,High
2019-01-07,SARIMA,1D,4,0.0096485873364973,-0.0004125204156782423,High
2019-01-08,SARIMA,1D,4,0.0040896713328221,-0.00027402387362502944,High
2019-01-09,SARIMA,1D,4,0.0045082413744622,0.0011648183543042662,High
2019-01-10,SARIMA,1D,4,-0.0001463085444824,-0.0012986946514980523,High
2019-01-11,SARIMA,1D,4,-0.0052713945872494,-4.30852731553055e-05,High
2019-01-14,SARIMA,1D,4,0.010664618879761,0.00018428537940120415,High
2019-01-15,SARIMA,1D,4,0.0022195205290883,-0.0004520338104422246,High
2019-01-16,SARIMA,1D,4,0.0075627307062357,2.2414179441075936e-06,High
2019-01-17,SARIMA,1D,4,0.0130969128398557,-9.134021031676978e-05,High
2019-01-18,SARIMA,1D,4,-0.0142584768279724,-0.00016356574783260314,High
2019-01-22,SARIMA,1D,4,0.0022004899194508,0.0006581145320245175,High
2019-01-23,SARIMA,1D,4,0.0013747801109775,8.5400340414204e-05,High
2019-01-24,SARIMA,1D,4,0.008452867700518,-7.739174625828846e-05,High
2019-01-25,SARIMA,1D,4,-0.0078777758487088,-0.0007099750200648565,High
2019-01-28,SARIMA,1D,4,-0.0014573079351148,0.0013285309729580334,High
2019-01-29,SARIMA,1D,4,0.01542960989156,0.0003427422615569634,High
2019-01-30,SARIMA,1D,4,0.0085606488097677,-0.0005784667654732949,High
2019-01-31,SARIMA,1D,4,0.0008982065848071,-0.0005040386885474975,High
2019-02-01,SARIMA,1D,4,0.0067533811174796,0.0005907171779987963,Normal
2019-02-04,SARIMA,1D,4,0.0046973704373502,3.70615478007109e-05,Normal
2019-02-05,SARIMA,1D,4,-0.0022269157175087,-0.0005841018821235136,Normal
2019-02-06,SARIMA,1D,4,-0.0094011932022302,4.547487793448514e-05,Normal
2019-02-07,SARIMA,1D,4,0.0006759725660127,0.0007773211622853333,Normal
2019-02-08,SARIMA,1D,4,0.0007088518038183,-1.919552152298133e-06,Normal
2019-02-11,SARIMA,1D,4,0.0128078529028386,7.018504772353265e-05,Normal
2019-02-12,SARIMA,1D,4,0.0030194315937109,-0.00028851454994635394,Normal
2019-02-13,SARIMA,1D,4,-0.0026551633836986,0.0005648501856354952,Normal
2019-02-14,SARIMA,1D,4,0.0108200046649575,0.00046147647024953966,Normal
2019-02-15,SARIMA,1D,4,0.001497621326592,-0.0002959655716135411,Normal
2019-02-19,SARIMA,1D,4,0.0017755335607409,-0.00030362727230303,Normal
2019-02-20,SARIMA,1D,4,-0.0035326693258413,6.953601970010492e-05,Low
2019-02-21,SARIMA,1D,4,0.0063906386947104,0.0006221281015313896,Low
2019-02-22,SARIMA,1D,4,0.0012311044497517,-0.0004773834655011013,Normal
2019-02-25,SARIMA,1D,4,-0.0007907696728402,0.000168452257644553,Low
2019-02-26,SARIMA,1D,4,-0.000544197436298,0.00028813481929928093,Low
2019-02-27,SARIMA,1D,4,-0.0028295075989504,0.0004998158114681158,Low
2019-02-28,SARIMA,1D,4,0.006871656588713,0.0002143700923582992,Low
2019-03-01,SARIMA,1D,4,-0.0038881073952551,-0.00011668893599819122,Low
2019-03-04,SARIMA,1D,4,-0.0011321734897068,0.0005663077147208186,Low
2019-03-05,SARIMA,1D,4,-0.006545473604125,0.0004106376989064371,Low
2019-03-06,SARIMA,1D,4,-0.0081589111383311,0.0008016103704843102,Low
2019-03-07,SARIMA,1D,4,-0.0021339641314536,0.0004820866838000725,Low
2019-03-08,SARIMA,1D,4,0.0145595355634894,0.0005895936123543068,Low
2019-03-11,SARIMA,1D,4,0.0029489657278051,-0.00041046706733162186,Low
2019-03-12,SARIMA,1D,4,0.0069255467570192,0.0004447108605664023,Low
2019-03-13,SARIMA,1D,4,-0.0008683993315961,0.00030960480058159966,Low
2019-03-14,SARIMA,1D,4,0.0049725194084307,0.0004809373232552362,Low
2019-03-15,SARIMA,1D,4,0.003699096798908,-0.0005604990658987742,Low
2019-03-18,SARIMA,1D,4,-0.0001305700799267,-3.6115917090917126e-05,Low
2019-03-19,SARIMA,1D,4,-0.0029486967407696,2.987444620373926e-05,Low
2019-03-20,SARIMA,1D,4,0.0107940154946893,0.0005053586476872574,Low
2019-03-21,SARIMA,1D,4,-0.0191568271342732,-0.0004722937928485752,Low
2019-03-22,SARIMA,1D,4,-0.00083937283331,0.0011969941187166427,Normal
2019-03-25,SARIMA,1D,4,0.007157052947934,0.00036674418047362466,Normal
2019-03-26,SARIMA,1D,4,-0.0046551432765988,6.0617812222995274e-05,Normal
2019-03-27,SARIMA,1D,4,0.0035830547152617,0.0001250388506620998,Normal
2019-03-28,SARIMA,1D,4,0.0067117060433246,0.0009189511805791169,Normal
2019-03-29,SARIMA,1D,4,0.0115021955180444,3.9131585762466664e-05,Normal
2019-04-01,SARIMA,1D,4,1.7455554858152623e-05,-0.0006037671126371263,Normal
2019-04-02,SARIMA,1D,4,0.0021460724200891,0.0005045637814445947,Normal
2019-04-03,SARIMA,1D,4,0.0020824652429942,6.58003498205237e-05,Normal
2019-04-04,SARIMA,1D,4,0.0046257176230991,-8.28368284624173e-05,Normal
2019-04-05,SARIMA,1D,4,0.0010469117505236,-0.00043208211231847475,Normal
2019-04-08,SARIMA,1D,4,-0.0060859764356695,0.00023983475021228639,Low
2019-04-09,SARIMA,1D,4,0.0034718377544999,0.0005637387194946332,Normal
2019-04-10,SARIMA,1D,4,3.8122340342693696e-05,4.179453709832567e-05,Normal
2019-04-11,SARIMA,1D,4,0.0065875783895457,0.00012050544140990778,Normal
2019-04-12,SARIMA,1D,4,-0.0006295672443571,-8.932757776065653e-05,Normal
2019-04-15,SARIMA,1D,4,0.0005092283251399,0.0006147223229505685,Normal
2019-04-16,SARIMA,1D,4,-0.0022764008207388,0.00016284545077061845,Normal
2019-04-17,SARIMA,1D,4,0.0015778468242496,0.00043823755542937666,Normal
2019-04-18,SARIMA,1D,4,0.0010115058169329,-4.192130307132866e-05,Low
2019-04-22,SARIMA,1D,4,0.0088023511749953,0.0002806392120985433,Low
2019-04-23,SARIMA,1D,4,-0.0021941686030362,-0.00017474337016249808,Low
2019-04-24,SARIMA,1D,4,-0.0003690417402728,0.0005390418998347849,Low
2019-04-25,SARIMA,1D,4,0.0046743503233048,0.0002823360999042064,Low
2019-04-26,SARIMA,1D,4,0.0010709485042338,2.3261858150614432e-05,Low
2019-04-29,SARIMA,1D,4,0.0009509646987914,-0.00011079174940992437,Low
2019-04-30,SARIMA,1D,4,-0.0075304458502913,0.00034534457919962905,Low
2019-05-01,SARIMA,1D,4,-0.0021262446486827,0.0007543543460519337,Low
2019-05-02,SARIMA,1D,4,0.0095921274789174,0.00024179832851703675,Low
2019-05-03,SARIMA,1D,4,-0.0044810131890725,-0.00025384107545359296,Low
2019-05-06,SARIMA,1D,4,-0.0166494880889055,0.0005248512750025958,Low
2019-05-07,SARIMA,1D,4,-0.0016067153894199,0.0015474882639389877,Low
2019-05-08,SARIMA,1D,4,-0.0030259986619282,0.0005193033319444004,Low
2019-05-09,SARIMA,1D,4,0.0037133940699186,8.565908095851732e-05,Low
2019-05-10,SARIMA,1D,4,-0.0244264691384975,0.000290553371461085,Low
2019-05-13,SARIMA,1D,4,0.007983987523216,0.002370726967264451,Normal
2019-05-14,SARIMA,1D,4,0.005821994327723,-3.218157123312227e-06,Normal
2019-05-15,SARIMA,1D,4,0.008855957116499,0.00013991521421462133,Normal
2019-05-16,SARIMA,1D,4,-0.0058544371740438,-0.0003083740954879617,Normal
2019-05-17,SARIMA,1D,4,-0.0067722579754053,0.001672600177885003,Normal
2019-05-20,SARIMA,1D,4,0.0084599490931906,0.0004093231181812562,Normal
2019-05-21,SARIMA,1D,4,-0.0028283923638994,-0.00040196800384975623,Normal
2019-05-22,SARIMA,1D,4,-0.0119856922412819,8.784004469878523e-05,Normal
2019-05-23,SARIMA,1D,4,0.0013526437720373,0.0012043324756832547,Normal
2019-05-24,SARIMA,1D,4,-0.0084109500002602,0.000552078066090053,Normal
2019-05-28,SARIMA,1D,4,-0.0069359101672313,0.00043736682473308094,Normal
2019-05-29,SARIMA,1D,4,0.002096272674997,0.0008019726705995238,Normal
2019-05-30,SARIMA,1D,4,-0.0132832052504529,0.0007263457264746406,Normal
2019-05-31,SARIMA,1D,4,-0.0027690706543079,0.0010166002109920495,Normal
2019-06-03,SARIMA,1D,4,0.0212059270810777,0.000829225082413445,Normal
2019-06-04,SARIMA,1D,4,0.0081287269788136,-0.0005146163175451712,High
2019-06-05,SARIMA,1D,4,0.0061168406760044,-0.00019101998335321614,Normal
2019-06-06,SARIMA,1D,4,0.01044297924726,0.0005515076564466206,High
2019-06-07,SARIMA,1D,4,0.0046492200747654,-9.528612775248842e-05,High
2019-06-10,SARIMA,1D,4,-0.0003499414579512,-0.0008240884063476009,High
2019-06-11,SARIMA,1D,4,-0.0020396578272374,-5.157928279037196e-05,Normal
2019-06-12,SARIMA,1D,4,0.0040890105028501,0.00015609785770018963,Normal
2019-06-13,SARIMA,1D,4,-0.0016128117861529,-0.0003564787234930148,Normal
2019-06-14,SARIMA,1D,4,0.0009313154323528,0.0001899463445185031,Normal
2019-06-17,SARIMA,1D,4,0.0096704895929706,0.0002775908836350127,Normal
2019-06-18,SARIMA,1D,4,0.0029807167930238,-0.00011420540170304917,Normal
2019-06-19,SARIMA,1D,4,0.0094276053358731,-7.1490642197428816e-06,Normal
2019-06-20,SARIMA,1D,4,-0.0012600162797279,-0.0001294142814526219,Normal
2019-06-21,SARIMA,1D,4,-0.001733388460587,0.0003567440688348934,Normal
2019-06-24,SARIMA,1D,4,-0.0095417756403875,4.967969403931133e-06,Normal
2019-06-25,SARIMA,1D,4,-0.0012346956788039,0.0006938404236036314,Normal
2019-06-26,SARIMA,1D,4,0.0038158857925908,-1.6559887975654732e-05,Normal
2019-06-27,SARIMA,1D,4,0.0057409418405996,0.00014838758228080917,Normal
2019-06-28,SARIMA,1D,4,0.0076430186109539,8.855261595291255e-05,Normal
2019-07-01,SARIMA,1D,4,0.0029238472769886,0.00031826965489865905,Low
2019-07-02,SARIMA,1D,4,0.0076430956606841,0.0002396819833748658,Low
2019-07-03,SARIMA,1D,4,-0.0018075342045486,-0.00025092278003487886,Low
2019-07-05,SARIMA,1D,4,-0.0048471730101237,0.00016943372093635069,Low
2019-07-08,SARIMA,1D,4,0.0012357930584538,0.00024938330488944024,Low
2019-07-09,SARIMA,1D,4,0.0045005469360826,0.00011489342510985441,Low
2019-07-10,SARIMA,1D,4,0.0022826195789485,-0.0002524083014639196,Low
2019-07-11,SARIMA,1D,4,0.0046095343020665,0.0002591719651566926,Low
2019-07-12,SARIMA,1D,4,0.0001758537283841,0.0002837552406089219,Low
2019-07-15,SARIMA,1D,4,-0.0034095845550103,0.0002731967073383935,Low
2019-07-16,SARIMA,1D,4,-0.0065526654660931,0.00031526271034285487,Low
2019-07-17,SARIMA,1D,4,0.003575597708819,0.0005729426135598105,Low
2019-07-18,SARIMA,1D,4,-0.0061958894648446,-7.162709610995978e-05,Low
2019-07-19,SARIMA,1D,4,0.0028247016862503,0.0006428804227269012,Low
2019-07-22,SARIMA,1D,4,0.0068241451392764,0.0003150895128719505,Low
2019-07-23,SARIMA,1D,4,0.0046771928134757,0.00023956167139965788,Low
2019-07-24,SARIMA,1D,4,-0.0052762964835995,-6.712989034997747e-05,Low
2019-07-25,SARIMA,1D,4,0.007360535770783,0.0008662250522904395,Low
2019-07-26,SARIMA,1D,4,-0.0016174219290574,-0.00018193560906492413,Low
2019-07-29,SARIMA,1D,4,-0.0025819853720443,0.00011532469648154554,Low
2019-07-30,SARIMA,1D,4,-0.0109452069521399,0.00024982587972128655,Low
2019-07-31,SARIMA,1D,4,-0.009039527568806,0.001132831313147205,Low
2019-08-01,SARIMA,1D,4,-0.0073093885395651,0.0005148404399500645,Low
2019-08-02,SARIMA,1D,4,-0.0302301821696947,0.0007733270763485103,Low
2019-08-05,SARIMA,1D,4,0.0129330239111666,0.0020814736121840148,Normal
2019-08-06,SARIMA,1D,4,0.0007665823338588,9.225739774031783e-05,Normal
2019-08-07,SARIMA,1D,4,0.018588462466865,0.0006921340076801402,Normal
2019-08-08,SARIMA,1D,4,-0.0066385931336571,-0.0003549503002018432,High
2019-08-09,SARIMA,1D,4,-0.0123938091159153,0.0019875324683789127,High
2019-08-12,SARIMA,1D,4,0.0150183462673018,0.0005179696493024061,High
2019-08-13,SARIMA,1D,4,-0.0297303524545356,-0.0005550575972235682,High
2019-08-14,SARIMA,1D,4,0.0024612366981802,0.0011485074179061617,High
2019-08-15,SARIMA,1D,4,0.014323058172245,0.00042959027017585503,High
2019-08-16,SARIMA,1D,4,0.0120331755643975,8.765359645087196e-05,High
2019-08-19,SARIMA,1D,4,-0.0079462153121154,-0.0009402237316678793,High
2019-08-20,SARIMA,1D,4,0.0082129795573529,0.0019857515246420954,High
2019-08-21,SARIMA,1D,4,-0.0005062029592785,-0.00015841184024950188,High
2019-08-22,SARIMA,1D,4,-0.0262888811228378,-0.00026315134145592,High
2019-08-23,SARIMA,1D,4,0.0109231127307978,0.0012087859013836693,High
2019-08-26,SARIMA,1D,4,-0.0032083218005562,4.02224725966366e-05,High
2019-08-27,SARIMA,1D,4,0.0065241515305625,0.00016767966557553038,High
2019-08-28,SARIMA,1D,4,0.0126074824410943,-2.8127494345094994e-05,High
2019-08-29,SARIMA,1D,4,0.0006425807598767,0.0007576497417485924,High
2019-08-30,SARIMA,1D,4,-0.0069230093326854,-0.00011455461534502868,High
2019-09-03,SARIMA,1D,4,0.0107837252784214,0.0008117318757387103,High
2019-09-04,SARIMA,1D,4,0.0129259129217597,-0.0005323066401284912,High
2019-09-05,SARIMA,1D,4,0.0009101908043767,-0.0009299919113702605,High
2019-09-06,SARIMA,1D,4,-9.401467889992668e-05,0.0002181299188169725,High
2019-09-09,SARIMA,1D,4,0.000322252425931,0.0006221303181423008,High
2019-09-10,SARIMA,1D,4,0.0072036723263872,-0.000135990083009195,High
2019-09-11,SARIMA,1D,4,0.0028750162782333,-0.0006422237326352831,High
2019-09-12,SARIMA,1D,4,-0.000724676876966,9.917180699805053e-05,Normal
2019-09-13,SARIMA,1D,4,-0.0031405129163559,0.0003654018609816132,Normal
2019-09-16,SARIMA,1D,4,0.0025784253724619,0.00048138852862941603,Normal
2019-09-17,SARIMA,1D,4,0.0003426332842671,-0.0001231863712470806,Normal
2019-09-18,SARIMA,1D,4,1.9974521929475905e-05,0.00016655340643237135,Normal
2019-09-19,SARIMA,1D,4,-0.0049075991048803,0.0003471853146927828,Normal
2019-09-20,SARIMA,1D,4,-9.694061782751376e-05,0.0007261902430537838,Normal
2019-09-23,SARIMA,1D,4,-0.0084519889635514,0.00022698853451997886,Low
2019-09-24,SARIMA,1D,4,0.0061396852419639,0.0007631651396661531,Low
2019-09-25,SARIMA,1D,4,-0.0024318710096131,-1.139770361072303e-05,Low
2019-09-26,SARIMA,1D,4,-0.0053305345791285,0.0006649906396230343,Low
2019-09-27,SARIMA,1D,4,0.0050349102152483,0.0006294327994963167,Low
2019-09-30,SARIMA,1D,4,-0.0123341269454128,0.00040996387942023304,Low
2019-10-01,SARIMA,1D,4,-0.0180654041876438,0.0007532515894394746,Low
2019-10-02,SARIMA,1D,4,0.0079403047738667,0.0013956663284530344,Normal
2019-10-03,SARIMA,1D,4,0.0141167852392592,0.00012463604964091423,Low
2019-10-04,SARIMA,1D,5,-0.0044883522736815,-0.000638401585864853,Normal
2019-10-07,SARIMA,1D,5,-0.0156831595521099,0.0010658181625428829,Normal
2019-10-08,SARIMA,1D,5,0.0090632965148459,0.0019443494991750747,Normal
2019-10-09,SARIMA,1D,5,0.0063952024117826,-0.0004637874194985126,Normal
2019-10-10,SARIMA,1D,5,0.010879579673789,-0.0006424988983482873,Normal
2019-10-11,SARIMA,1D,5,-0.0013880816732189,-0.0001059239288159893,Normal
2019-10-14,SARIMA,1D,5,0.0099064453764891,0.0010643229809803561,Normal
2019-10-15,SARIMA,1D,5,-0.0020015445531937,-0.0005617115843253807,Normal
2019-10-16,SARIMA,1D,5,0.0027590219697752,0.00012969358094858346,Normal
2019-10-17,SARIMA,1D,5,-0.0039270457097998,-0.0003080368325487943,Normal
2019-10-18,SARIMA,1D,5,0.0068481141053337,0.0005583341529559302,Normal
2019-10-21,SARIMA,1D,5,-0.0035750492583768,-0.0004669173881506659,Normal
2019-10-22,SARIMA,1D,5,0.0028431033458307,0.0005678146891091741,Normal
2019-10-23,SARIMA,1D,5,0.0019186046591713,5.097283763748944e-05,Normal
2019-10-24,SARIMA,1D,5,0.004064429510656,0.0003731070723231179,Normal
2019-10-25,SARIMA,1D,5,0.0055658199161177,-0.00018319542836464734,Normal
2019-10-28,SARIMA,1D,5,-0.0008327519564807,0.00015471584994663877,Normal
2019-10-29,SARIMA,1D,5,0.0032480894008573,0.0002467052117402282,Normal
2019-10-30,SARIMA,1D,5,-0.003027438634539,5.4116621665720524e-05,Normal
2019-10-31,SARIMA,1D,5,0.0096159305596475,0.00029934904296145825,Normal
2019-11-01,SARIMA,1D,5,0.0036972458053124,-0.00044247368255286463,Low
2019-11-04,SARIMA,1D,5,-0.0011864027118206,0.00014077433517432965,Low
2019-11-05,SARIMA,1D,5,0.0007022505922896,0.00024216055225618276,Low
2019-11-06,SARIMA,1D,5,0.0027263752442806,0.00039860869877401787,Low
2019-11-07,SARIMA,1D,5,0.0025574031451158,-0.00023139993109496103,Low
2019-11-08,SARIMA,1D,5,-0.0019643954133371,1.360519613055654e-07,Low
2019-11-11,SARIMA,1D,5,0.001563423301263,0.0004614902575663187,Low
2019-11-12,SARIMA,1D,5,0.0007112815701162,0.00020453524463036614,Low
2019-11-13,SARIMA,1D,5,0.0008366926144567,0.0001597720752008027,Low
2019-11-14,SARIMA,1D,5,0.0076660287779731,0.000155689524387294,Low
2019-11-15,SARIMA,1D,5,0.0005030263228096,-1.5762207743314144e-05,Low
2019-11-18,SARIMA,1D,5,-0.0005927700996925,0.00022622507168853958,Low
2019-11-19,SARIMA,1D,5,-0.003763256420941,0.00031276012437178363,Low
2019-11-20,SARIMA,1D,5,-0.0015840060861895,0.0004781977267978042,Low
2019-11-21,SARIMA,1D,5,0.0021725739423759,7.212947480716411e-05,Low
2019-11-22,SARIMA,1D,5,0.0074792518874672,0.00016054973436346117,Low
2019-11-25,SARIMA,1D,5,0.0021931636449402,-5.936641614327651e-05,Low
2019-11-26,SARIMA,1D,5,0.0041657356252997,0.0003591099946693564,Low
2019-11-27,SARIMA,1D,5,-0.004019286229989,0.00016877508761711183,Low
2019-11-29,SARIMA,1D,5,-0.0086684836939636,0.0004403420551132834,Low
2019-12-02,SARIMA,1D,5,-0.0066602252580451,0.000454294307332085,Low
2019-12-03,SARIMA,1D,5,0.0063036576087699,0.0005596266014690227,Low
2019-12-04,SARIMA,1D,5,0.0014991269266302,-0.0002024637187517132,Low
2019-12-05,SARIMA,1D,5,0.009094246030426,0.0003961801467493609,Low
2019-12-06,SARIMA,1D,5,-0.0031678336844743,0.0002074642246416843,Low
2019-12-09,SARIMA,1D,5,-0.0010975361689841,0.0007857404568694098,Low
2019-12-10,SARIMA,1D,5,0.0029039375293507,0.00012096035625030484,Low
2019-12-11,SARIMA,1D,5,0.008538667375555,8.24215653216511e-05,Low
2019-12-12,SARIMA,1D,5,7.25791502146863e-05,-0.0005290068303327137,Low
2019-12-13,SARIMA,1D,5,0.0071223609425427,0.00042488823485305476,Low
2019-12-16,SARIMA,1D,5,0.0003352360284609,-1.06533561768357e-05,Low
2019-12-17,SARIMA,1D,5,-0.0004323936405227,0.00017633001233267371,Low
2019-12-18,SARIMA,1D,5,0.0044493788218642,-3.0887869200939256e-05,Low
2019-12-19,SARIMA,1D,5,0.004932595804334,5.55969200712964e-05,Low
2019-12-20,SARIMA,1D,5,0.0008657687142985,-0.00025009754953502845,Low
2019-12-23,SARIMA,1D,5,-0.0001954673024681,0.00023848583902649436,Low
2019-12-24,SARIMA,1D,5,0.0051150624100539,0.00034289866786501417,Low
2019-12-26,SARIMA,1D,5,3.3984139657930306e-05,-0.000145271249228149,Low
2019-12-27,SARIMA,1D,5,-0.0057975960793499,9.377403275243775e-05,Low
2019-12-30,SARIMA,1D,5,0.0029416906441907,0.0005757588959297659,Low
2019-12-31,SARIMA,1D,5,0.0083438953623167,0.00016459015933707158,Low
2020-01-02,SARIMA,1D,5,-0.0070849093649545,-0.00034598842375569073,Low
2020-01-03,SARIMA,1D,5,0.0035271451942725,0.0006791866944802661,Low
2020-01-06,SARIMA,1D,5,-0.0028071750845948,0.0003729650307491152,Low
2020-01-07,SARIMA,1D,5,0.0048904734856411,0.00035268473611822104,Low
2020-01-08,SARIMA,1D,5,0.0066332141169064,-0.00030616036539293817,Low
2020-01-09,SARIMA,1D,5,-0.0028592624875049,0.0002434031397310749,Low
2020-01-10,SARIMA,1D,5,0.0069519940459332,0.00033352869056498343,Low
2020-01-13,SARIMA,1D,5,-0.0015156808368957,5.5825518896549875e-05,Low
2020-01-14,SARIMA,1D,5,0.0018684502436879,0.00019447708828602826,Low
2020-01-15,SARIMA,1D,5,0.008331747422232,-7.70597438477516e-05,Low
2020-01-16,SARIMA,1D,5,0.0038547232474851,-2.2455804387694963e-05,Low
2020-01-17,SARIMA,1D,5,-0.0026555003695853,-0.00017884774674707817,Low
2020-01-21,SARIMA,1D,5,0.000289034296681,0.0005049091741067548,Low
2020-01-22,SARIMA,1D,5,0.0011403261933582,0.00022366585980923478,Low
2020-01-23,SARIMA,1D,5,-0.0090832894261937,-0.00010351947808940454,Low
2020-01-24,SARIMA,1D,5,-0.015855752356844,0.0006162401804695136,Low
2020-01-27,SARIMA,1D,5,0.0100033835003525,0.0012631964855153157,Low
2020-01-28,SARIMA,1D,5,-0.0008672501435846,-0.00022405516394239652,Normal
2020-01-29,SARIMA,1D,5,0.003129456930211,0.0003120533522575611,Low
2020-01-30,SARIMA,1D,5,-0.0178644435713629,0.0005310395883864217,Low
2020-01-31,SARIMA,1D,5,0.0072284257612325,0.001959416595933838,Normal
2020-02-03,SARIMA,1D,5,0.014869315917506,-0.0004585966713551997,Normal
2020-02-04,SARIMA,1D,5,0.0111877786589729,-0.0004627165404609453,Normal
2020-02-05,SARIMA,1D,5,0.0033201550570019,-0.0004116717607861238,Normal
2020-02-06,SARIMA,1D,5,-0.0054154910094583,0.0008889338912643839,Normal
2020-02-07,SARIMA,1D,5,0.0072996901205732,0.00033697687908498797,Normal
2020-02-10,SARIMA,1D,5,0.0016870486860021,-0.0007209822505543717,Normal
2020-02-11,SARIMA,1D,5,0.006441853105203,-0.000283172918619228,Normal
2020-02-12,SARIMA,1D,5,-0.0016317763599886,-0.00019426953913874413,Normal
2020-02-13,SARIMA,1D,5,0.0018418360984854,0.0006240500830965927,Normal
2020-02-14,SARIMA,1D,5,-0.0029242139861477,-8.063461527371436e-05,Normal
2020-02-18,SARIMA,1D,5,0.0046947482842849,0.0003825562806647482,Normal
2020-02-19,SARIMA,1D,5,-0.0038228174279975,-0.00021220849499032447,Normal
2020-02-20,SARIMA,1D,5,-0.0105738092328197,0.0005731484189843835,Normal
2020-02-21,SARIMA,1D,5,-0.0340880794204407,0.000803519574990031,Normal
2020-02-24,SARIMA,1D,5,-0.0307479043753532,0.0022500423784774467,High
2020-02-25,SARIMA,1D,5,-0.00378569732353,0.0017597038952436468,High
2020-02-26,SARIMA,1D,5,-0.0451681363522611,0.0006680743747414359,High
2020-02-27,SARIMA,1D,5,-0.008272463109653,0.003177405658535281,High
2020-02-28,SARIMA,1D,5,0.0450108687694132,0.002225508982493075,High
2020-03-02,SARIMA,1D,5,-0.0285104849229145,-0.0007004907059854255,High
2020-03-03,SARIMA,1D,5,0.0413363493606331,0.002063203048379143,High
2020-03-04,SARIMA,1D,5,-0.0345107824399811,3.850610549117976e-05,High
2020-03-05,SARIMA,1D,5,-0.0172009436523861,0.002605658393565828,High
2020-03-06,SARIMA,1D,5,-0.0790104129403714,-0.0006600323810403779,High
2020-03-09,SARIMA,1D,5,0.0482150524258591,0.0056301997870357974,High
2020-03-10,SARIMA,1D,5,-0.0501028928086054,-0.0039419153944339315,High
2020-03-11,SARIMA,1D,5,-0.0999448524024735,0.004353697973764411,High
2020-03-12,SARIMA,1D,5,0.0888084069492359,0.006444834687586862,High
2020-03-13,SARIMA,1D,5,-0.1276521974728174,-0.0010233737758962489,High
2020-03-16,SARIMA,1D,5,0.0582263126356917,0.0052455319369225754,High
2020-03-17,SARIMA,1D,5,-0.0532222723320802,-0.0007690312110967927,High
2020-03-18,SARIMA,1D,5,0.004696760970401,0.007502450106237435,High
2020-03-19,SARIMA,1D,5,-0.0443276240533668,-0.0034771338781450895,High
2020-03-20,SARIMA,1D,5,-0.0297315010095767,0.007890459838779014,High
2020-03-23,SARIMA,1D,5,0.0896832325179632,-0.0002837272391725333,High
2020-03-24,SARIMA,1D,5,0.0114689904208222,-0.002334435152446689,High
2020-03-25,SARIMA,1D,5,0.0605438310742465,-0.0003748590856202685,High
2020-03-26,SARIMA,1D,5,-0.0342678455416263,-0.0010391430482235833,High
2020-03-27,SARIMA,1D,5,0.0329665905699747,0.0035012289273852076,High
2020-03-30,SARIMA,1D,5,-0.0161423107884158,-0.0051782850893868195,High
2020-03-31,SARIMA,1D,5,-0.0451463627327869,0.00048531576871136485,High
2020-04-01,SARIMA,1D,5,0.0225726570569603,0.00012451138708233434,High
2020-04-02,SARIMA,1D,5,-0.0152528608259442,0.0004299181724101983,High
2020-04-03,SARIMA,1D,5,0.0679682441448303,-0.00019405948420734008,High
2020-04-06,SARIMA,1D,5,-0.0016043390483624,-0.002694141816706475,High
2020-04-07,SARIMA,1D,5,0.0334893711912846,0.002352153041212799,High
2020-04-08,SARIMA,1D,5,0.0143834703036993,-0.0023241120617609663,High
2020-04-09,SARIMA,1D,5,-0.0101560594446771,0.00014507271169852124,High
2020-04-13,SARIMA,1D,5,0.0301145595723075,-0.001993386189318758,High
2020-04-14,SARIMA,1D,5,-0.0222767326723692,-0.0013742316209357569,High
2020-04-15,SARIMA,1D,5,0.0057998378395412,8.399914391178171e-05,High
2020-04-16,SARIMA,1D,5,0.0264409320213205,-0.0006798297502888704,High
2020-04-17,SARIMA,1D,5,-0.0180428456153477,-0.0006947370251681867,High
2020-04-20,SARIMA,1D,5,-0.0311551152363306,2.1035992073567208e-05,High
2020-04-21,SARIMA,1D,5,0.0226713005821367,0.002851020196458094,High
2020-04-22,SARIMA,1D,5,-0.0005395676601955,-0.0010881093240238389,High
2020-04-23,SARIMA,1D,5,0.0138220905668392,-0.0007912321327578568,High
2020-04-24,SARIMA,1D,5,0.0146068681817359,0.0002845937094583207,High
2020-04-27,SARIMA,1D,5,-0.0052561701904836,0.0008995933277794832,High
2020-04-28,SARIMA,1D,5,0.026236704045073,-0.0002966494112063782,High
2020-04-29,SARIMA,1D,5,-0.0092551433190548,-0.001110568103193813,High
2020-04-30,SARIMA,1D,5,-0.0284602110147759,0.00022256523782517983,High
2020-05-01,SARIMA,1D,5,0.0042408225788494,0.0011795227814730303,High
2020-05-04,SARIMA,1D,5,0.0089999351977798,0.0002790673109648395,High
2020-05-05,SARIMA,1D,5,-0.0070038803990425,-0.0012655823514430876,High
2020-05-06,SARIMA,1D,5,0.0114389557548908,0.0010212476126862065,High
2020-05-07,SARIMA,1D,5,0.0167307950652262,0.0009341039147061105,High
2020-05-08,SARIMA,1D,5,0.0001330693667907,-0.0006916572434832455,High
2020-05-11,SARIMA,1D,5,-0.0207133657720476,-8.358933220519441e-05,High
2020-05-12,SARIMA,1D,5,-0.01761699662428,0.0016947287362985377,High
2020-05-13,SARIMA,1D,5,0.0114589178040714,0.0007835556171429474,High
2020-05-14,SARIMA,1D,5,0.003918675203723,-0.0010309534975256472,High
2020-05-15,SARIMA,1D,5,0.0310152087700734,6.278361648965952e-05,High
2020-05-18,SARIMA,1D,5,-0.0105397477115992,-0.0004582324032364283,High
2020-05-19,SARIMA,1D,5,0.0165139906134157,0.001670361919316001,High
2020-05-20,SARIMA,1D,5,-0.0078039683099536,-0.0010108390543634937,High
2020-05-21,SARIMA,1D,5,0.0023509456868123,0.0005383363445156453,High
2020-05-22,SARIMA,1D,5,0.0122142850214605,-0.0011349713333550985,High
2020-05-26,SARIMA,1D,5,0.0147184474903143,4.155626116918664e-05,High
2020-05-27,SARIMA,1D,5,-0.0021101393249195,-0.001145675735252627,High
2020-05-28,SARIMA,1D,5,0.0048007935523079,0.0007210478449635384,High
2020-05-29,SARIMA,1D,5,0.0037442164783643,-2.2855381022550273e-05,High
2020-06-01,SARIMA,1D,5,0.0081773072823986,-0.00040798833716205015,High
2020-06-02,SARIMA,1D,5,0.0135566708125639,-0.000772580110709566,High
2020-06-03,SARIMA,1D,5,-0.0033743890836089,-0.0003507386350390935,High
2020-06-04,SARIMA,1D,5,0.0258740128216358,0.00029568597153586506,High
2020-06-05,SARIMA,1D,5,0.011969656405806,-0.0012326218838664888,High
2020-06-08,SARIMA,1D,5,-0.0078297434197219,-0.000677882741990233,High
2020-06-09,SARIMA,1D,5,-0.005327255735182,0.00013822787390592938,High
2020-06-10,SARIMA,1D,5,-0.0607526929962889,0.0007111189692816332,High
2020-06-11,SARIMA,1D,5,0.0129762866052117,0.002459983144174638,High
2020-06-12,SARIMA,1D,5,0.0082778608181752,-0.0009423746770322789,High
2020-06-15,SARIMA,1D,5,0.0187848528667105,0.0001792317520219546,High
2020-06-16,SARIMA,1D,5,-0.0036067962326294,-0.0004417187592678481,High
2020-06-17,SARIMA,1D,5,0.0005940434038017,0.0030964566237928464,High
2020-06-18,SARIMA,1D,5,-0.0056655135656737,-0.00013000082069502405,High
2020-06-19,SARIMA,1D,5,0.0064740932966583,0.00023609267737951666,High
2020-06-22,SARIMA,1D,5,0.0042981691914837,-0.0008455067440642655,High
2020-06-23,SARIMA,1D,5,-0.0261952655956623,0.00019659938844545478,High
2020-06-24,SARIMA,1D,5,0.0108998277282181,0.0016927849574736268,High
2020-06-25,SARIMA,1D,5,-0.0245252042748311,-2.651003736895487e-05,High
2020-06-26,SARIMA,1D,5,0.0145788881135335,0.0013590399263671642,High
2020-06-29,SARIMA,1D,5,0.0152923494357555,-0.0006584219064356414,High
2020-06-30,SARIMA,1D,5,0.0050095639758705,0.0006021942948746944,High
2020-07-01,SARIMA,1D,5,0.0045309704768169,-0.0003551118249639956,High
2020-07-02,SARIMA,1D,5,0.0157569308321632,0.00108948608993391,High
2020-07-06,SARIMA,1D,5,-0.0108774778696435,-0.0010872831088055424,High
2020-07-07,SARIMA,1D,5,0.0077969862634302,0.00021242499192497354,High
2020-07-08,SARIMA,1D,5,-0.0056595914761946,-0.00034737913271772714,High
2020-07-09,SARIMA,1D,5,0.010411809774443,0.00041273876838349827,High
2020-07-10,SARIMA,1D,5,-0.0094066452160588,-0.0009182703920539177,High
2020-07-13,SARIMA,1D,5,0.0133173005829039,0.001241702392759822,High
2020-07-14,SARIMA,1D,5,0.009041056936355,-0.0007004780626494289,High
2020-07-15,SARIMA,1D,5,-0.0034119152141152,5.5948024957963485e-05,High
2020-07-16,SARIMA,1D,5,0.0028445625875835,6.765418864699142e-05,High
2020-07-17,SARIMA,1D,5,0.0083717972551403,0.0005389828729665507,High
2020-07-20,SARIMA,1D,5,0.00167762933456,-0.000674646695197194,High
2020-07-21,SARIMA,1D,5,0.0057306305944738,-0.00018808967835785487,High
2020-07-22,SARIMA,1D,5,-0.0123963784122468,0.0001340641117558872,High
2020-07-23,SARIMA,1D,5,-0.0062096400242761,0.0008620547834730817,High
2020-07-24,SARIMA,1D,5,0.0073679288214823,0.00028397261265810384,High
2020-07-27,SARIMA,1D,5,-0.0064944354186463,-0.00016753788421665713,Normal
2020-07-28,SARIMA,1D,5,0.0123517833517425,0.0004138270252229499,Normal
2020-07-29,SARIMA,1D,5,-0.0037573017634548,0.00017012555078781388,Normal
2020-07-30,SARIMA,1D,5,0.0076412362421762,0.000806436375055355,Normal
2020-07-31,SARIMA,1D,5,0.0071553626643586,-0.00039056206008498197,Normal
2020-08-03,SARIMA,1D,5,0.0036054230261335,0.00019275184239886167,Normal
2020-08-04,SARIMA,1D,5,0.0064091604355179,-0.00038644722232339797,Normal
2020-08-05,SARIMA,1D,5,0.0064071260206648,0.00010510490895183878,Normal
2020-08-06,SARIMA,1D,5,0.0006328292699566,-0.0003419793801742735,Normal
2020-08-07,SARIMA,1D,5,0.0027384652733919,-3.9627977669031865e-05,Normal
2020-08-10,SARIMA,1D,5,-0.0080010554013772,-5.122396845531679e-08,Normal
2020-08-11,SARIMA,1D,5,0.0138995022936135,0.00046091462110943,Normal
2020-08-12,SARIMA,1D,5,-0.0020492726761566,-0.0007115700514439085,Normal
2020-08-13,SARIMA,1D,5,-0.000171897396279,0.00038270644204893307,Normal
2020-08-14,SARIMA,1D,5,0.0027061775074234,0.00020644656203899555,Normal
2020-08-17,SARIMA,1D,5,0.0023007404198168,0.0005040552004964577,Normal
2020-08-18,SARIMA,1D,5,-0.004414123345182,-0.0003792296379361878,Normal
2020-08-19,SARIMA,1D,5,0.0031536547683461,0.0006055003405078304,Normal
2020-08-20,SARIMA,1D,5,0.0034351999829724,0.00015888848813740733,Low
2020-08-21,SARIMA,1D,5,0.0099936153649035,1.7551211202185334e-05,Low
2020-08-24,SARIMA,1D,5,0.0035898997455401,-0.00032099539042701155,Low
2020-08-25,SARIMA,1D,5,0.0101440013448414,0.0003058079326879943,Low
2020-08-26,SARIMA,1D,5,0.0016716460318091,-0.00034910256216786343,Low
2020-08-27,SARIMA,1D,5,0.0067100028495702,7.302092253982581e-05,Low
2020-08-28,SARIMA,1D,5,-0.0021973751755085,-0.00047415777825513065,Low
2020-08-31,SARIMA,1D,5,0.0074968314207059,0.0002570358770838646,Low
2020-09-01,SARIMA,1D,5,0.0152490501438697,-0.0005227872211957701,Low
2020-09-02,SARIMA,1D,5,-0.0357575941421853,-0.0005909690670535387,Low
2020-09-03,SARIMA,1D,5,-0.0081662807542751,0.0019305964132430675,High
2020-09-04,SARIMA,1D,5,-0.0281488290864667,0.0008278340930079982,High
2020-09-08,SARIMA,1D,5,0.0199447606621803,0.001500778026253726,High
2020-09-09,SARIMA,1D,5,-0.0177412459253955,-0.0014110674895142744,High
2020-09-10,SARIMA,1D,5,0.0005329301580873,0.0027422259459002076,High
2020-09-11,SARIMA,1D,5,0.0126613350250229,0.0007137641996958218,High
2020-09-14,SARIMA,1D,5,0.0052057859304996,0.000853339988296515,High
2020-09-15,SARIMA,1D,5,-0.0046296468921518,-0.0007448814372588409,High
2020-09-16,SARIMA,1D,5,-0.0084479495285524,0.001269056490686384,High
2020-09-17,SARIMA,1D,5,-0.0112455769478285,0.0007822398303819864,High
2020-09-18,SARIMA,1D,5,-0.0116385640272977,0.0003753811496508388,High
2020-09-21,SARIMA,1D,5,0.0104630163983761,0.0006852116049881733,High
2020-09-22,SARIMA,1D,5,-0.0240073389143741,-5.761504389160385e-05,High
2020-09-23,SARIMA,1D,5,0.002983005554629,0.001962194777745223,High
2020-09-24,SARIMA,1D,5,0.0158504392241884,0.000652235963663535,High
2020-09-25,SARIMA,1D,5,0.0159821918538544,-9.980691334450715e-06,High
2020-09-28,SARIMA,1D,5,-0.0048242827044439,-0.0009537751051342013,High
2020-09-29,SARIMA,1D,5,0.0082198425683796,0.00156668326889914,High
2020-09-30,SARIMA,1D,5,0.005278949564295,-0.0001951332686168235,High
2020-10-01,SARIMA,1D,5,-0.0096238128663708,-0.0006454080177095212,High
2020-10-02,SARIMA,1D,5,0.0178131090029009,0.00011352602200918465,High
2020-10-05,SARIMA,1D,5,-0.0140720643875232,-0.0004651069083542986,High
2020-10-06,SARIMA,1D,5,0.0172471637702415,0.0007264304695619393,High
2020-10-07,SARIMA,1D,5,0.0079782128948692,-0.0008460654078983158,High
2020-10-08,SARIMA,1D,5,0.0087550951807528,0.0002864180895089913,High
2020-10-09,SARIMA,1D,5,0.0162825301583242,-0.0008853032754085844,High
2020-10-12,SARIMA,1D,5,-0.0063268916291632,4.6021647335974035e-06,High
2020-10-13,SARIMA,1D,5,-0.0066451720840594,-4.810547270571127e-05,High
2020-10-14,SARIMA,1D,5,-0.001528923514213,0.0002913247751190941,High
2020-10-15,SARIMA,1D,5,0.0001349104566304,6.858085611223671e-06,High
2020-10-16,SARIMA,1D,5,-0.0164646635149426,-0.0004028523538778177,High
2020-10-19,SARIMA,1D,5,0.0047161953200011,0.001423304761603315,High
2020-10-20,SARIMA,1D,5,-0.0021981140115702,0.0003599755901227536,High
2020-10-21,SARIMA,1D,5,0.0052053540034913,0.0005118333518956518,High
2020-10-22,SARIMA,1D,5,0.0034398383203894,3.544050709842095e-05,High
2020-10-23,SARIMA,1D,5,-0.018764472985322,0.000829939797788812,High
2020-10-26,SARIMA,1D,5,-0.0030302053504455,0.0011512494481271437,High
2020-10-27,SARIMA,1D,5,-0.0359255421085777,0.0005588663342264348,High
2020-10-28,SARIMA,1D,5,0.0118765249399974,0.0020121176690789237,High
2020-10-29,SARIMA,1D,5,-0.0122037134452599,-0.00047523581740179275,High
2020-10-30,SARIMA,1D,5,0.0122429508905916,0.0017530854148421924,High
2015-06-10,SARIMA,5D,1,-0.0022636326075193,0.002916637339770976,Low
2015-06-11,SARIMA,5D,1,0.0058532506899613,-0.006615485023790751,Low
2015-06-12,SARIMA,5D,1,0.0075545101051144,0.007688016132627949,Low
2015-06-15,SARIMA,5D,1,0.018264167708428,0.00574179040329575,Low
2015-06-16,SARIMA,5D,1,0.0132261036178678,0.012959456054727073,Low
2015-06-17,SARIMA,5D,1,0.0038679535044897,0.016101705157203182,Low
2015-06-18,SARIMA,5D,1,-0.0089640507061154,-0.0003819252089222924,Low
2015-06-19,SARIMA,5D,1,-0.0040365912130882,-0.008620227996711508,Low
2015-06-22,SARIMA,5D,1,-0.031199928703242,-0.009188306069843832,Low
2015-06-23,SARIMA,5D,1,-0.029180632775968,-0.025016440644345068,Low
2015-06-24,SARIMA,5D,1,-0.0148880706230257,-0.020693818808762227,Low
2015-06-25,SARIMA,5D,1,-0.0122181366559759,-0.006040557383667201,Low
2015-06-26,SARIMA,5D,1,-0.0156972136099509,-0.011901666609110026,Low
2015-06-29,SARIMA,5D,1,0.0114523164925293,0.0012390005282305395,Normal
2015-06-30,SARIMA,5D,1,-0.0079956107720796,0.011424214029554233,Normal
2015-07-01,SARIMA,5D,1,-0.0126480595618967,-0.011564163559405913,Normal
2015-07-02,SARIMA,5D,1,-7.700298734244507e-05,-0.010651732348664488,Normal
2015-07-06,SARIMA,5D,1,0.0147974982189101,0.0029855086759693,Normal
2015-07-07,SARIMA,5D,1,0.0131782108615416,0.0001703482401263065,Normal
2015-07-08,SARIMA,5D,1,0.0292359194729459,0.020629113659374088,Normal
2015-07-09,SARIMA,5D,1,0.0349590052726014,0.028179200831558674,Normal
2015-07-10,SARIMA,5D,1,0.0238015905120445,0.02455858313813064,Normal
2015-07-13,SARIMA,5D,1,0.0135672586286908,0.012923769196843436,Normal
2015-07-14,SARIMA,5D,1,0.0048531891494675,0.011547860866791645,Normal
2015-07-15,SARIMA,5D,1,0.0031978804300145,-0.004810981906025474,Normal
2015-07-16,SARIMA,5D,1,-0.0104770632258404,-0.0021482189936819227,Normal
2015-07-17,SARIMA,5D,1,-0.0223436555469523,-0.005545364105520928,Normal
2015-07-20,SARIMA,5D,1,-0.0289063472360181,-0.01524684642294866,Normal
2015-07-21,SARIMA,5D,1,-0.0123254771914058,-0.020817656249691466,Normal
2015-07-22,SARIMA,5D,1,-0.0026427692438319,-0.009677000647789511,Normal
2015-07-23,SARIMA,5D,1,0.0030778078715698,0.004852541906859801,Normal
2015-07-24,SARIMA,5D,1,0.0115647247671792,0.009839729080058777,Normal
2015-07-27,SARIMA,5D,1,0.014595785887339,0.015244247211276206,Normal
2015-07-28,SARIMA,5D,1,3.347291851688715e-05,0.00644275843707912,Normal
2015-07-29,SARIMA,5D,1,-0.004148831823376,-0.003670395366930591,Normal
2015-07-30,SARIMA,5D,1,-0.0119603946499605,-0.005936695031544511,Normal
2015-07-31,SARIMA,5D,1,-0.0125653137052465,-0.014437597165505276,Normal
2015-08-03,SARIMA,5D,1,0.0029222158716832,-0.012804007355302174,Normal
2015-08-04,SARIMA,5D,1,-0.0044286096415662,0.009160711335029796,Normal
2015-08-05,SARIMA,5D,1,-0.0065888441888422,-0.0012958594095453327,Low
2015-08-06,SARIMA,5D,1,-8.167413466134306e-05,-0.000946514907809915,Low
2015-08-07,SARIMA,5D,1,0.0067016809960354,0.0014859179702662296,Low
2015-08-10,SARIMA,5D,1,-0.0008272629265866,-0.0009644099527957803,Low
2015-08-11,SARIMA,5D,1,0.0061468188179625,0.0031697828191681035,Low
2015-08-12,SARIMA,5D,1,-0.0030919212298493,0.006998781390277762,Low
2015-08-13,SARIMA,5D,1,-0.0231418558156142,-0.005138296298427937,Low
2015-08-14,SARIMA,5D,1,-0.0594154306118518,-0.022823963639589138,Low
2015-08-17,SARIMA,5D,1,-0.1048247666677739,-0.046830590134095504,Low
2015-08-18,SARIMA,5D,1,-0.1158100334747966,-0.09229609672967189,Low
2015-08-19,SARIMA,5D,1,-0.0692295976306679,-0.09384614824012769,Low
2015-08-20,SARIMA,5D,1,-0.0238963826868317,-0.04798949104199084,Normal
2015-08-21,SARIMA,5D,1,0.0090814109919228,0.00041868883963994455,High
2015-08-24,SARIMA,5D,1,0.0408657766744578,0.035934646916230294,High
2015-08-25,SARIMA,5D,1,0.0244573765746859,0.04877342003599894,High
2015-08-26,SARIMA,5D,1,0.0042937485633687,0.006114245993387429,High
2015-08-27,SARIMA,5D,1,-0.0185493902269022,-0.013971977217925688,High
2015-08-28,SARIMA,5D,1,-0.0346062501380548,-0.030536132166233302,High
2015-08-31,SARIMA,5D,1,-0.0014055342770321,-0.04611159751211919,High
2015-09-01,SARIMA,5D,1,0.0146220797963109,0.00440685163722364,High
2015-09-02,SARIMA,5D,1,0.001758483818032,0.0212223608216407,High
2015-09-03,SARIMA,5D,1,0.0050713745635994,0.013216793708629906,High
2015-09-04,SARIMA,5D,1,0.0164216420948319,0.014307498799447064,High
2015-09-08,SARIMA,5D,1,0.0043976925292259,-9.993627109412665e-05,High
2015-09-09,SARIMA,5D,1,0.0270604690136864,-0.004059583329836526,High
2015-09-10,SARIMA,5D,1,0.0192320491261907,0.028804313957058864,High
2015-09-11,SARIMA,5D,1,-0.001541188273179,0.014834687994173494,High
2015-09-14,SARIMA,5D,1,0.0071122449835374,-0.007204875927053295,High
2015-09-15,SARIMA,5D,1,-0.0180323726672733,0.01127832873632457,High
2015-09-16,SARIMA,5D,1,-0.028750857612243,-0.026979276314673114,High
2015-09-17,SARIMA,5D,1,-0.0295551650409894,-0.022179375650043267,High
2015-09-18,SARIMA,5D,1,-0.0137248358878264,-0.01561349316188038,High
2015-09-21,SARIMA,5D,1,-0.0442814390843083,-0.015667178279661794,High
2015-09-22,SARIMA,5D,1,-0.0306544151519483,-0.02495312377179597,High
2015-09-23,SARIMA,5D,1,-0.0097077723187892,-0.01884079366010853,High
2015-09-24,SARIMA,5D,1,-0.0043671817691455,-0.005300953689262887,High
2015-09-25,SARIMA,5D,1,0.0103125130484805,-0.009240689375012266,High
2015-09-28,SARIMA,5D,1,0.0544383177297917,0.025836058560563608,High
2015-09-29,SARIMA,5D,1,0.0496115344726668,0.0430102258932563,High
2015-09-30,SARIMA,5D,1,0.0387191557266546,0.03409960043643984,High
2015-10-01,SARIMA,5D,1,0.0455269971928758,0.031240895848319298,High
2015-10-02,SARIMA,5D,1,0.0320380527369856,0.031821091355436065,High
2015-10-05,SARIMA,5D,1,0.0151881236958162,0.004105326125579886,High
2015-10-06,SARIMA,5D,1,0.0119339893498324,0.011519723881571586,High
2015-10-07,SARIMA,5D,1,-0.0007969614196595,0.012239837546464993,High
2015-10-08,SARIMA,5D,1,0.005166809787137,-0.006831195359978445,High
2015-10-09,SARIMA,5D,1,0.0090020226003187,0.008135436487227598,High
2015-10-12,SARIMA,5D,1,0.0079978670668588,0.014159970986175125,High
2015-10-13,SARIMA,5D,1,0.0134245897010922,0.007623148758774655,High
2015-10-14,SARIMA,5D,1,0.0123095717018971,0.017352532195231325,High
2015-10-15,SARIMA,5D,1,0.014056867363136,0.0077861586971861504,High
2015-10-16,SARIMA,5D,1,0.020466759958482,0.00990503595277196,High
2015-10-19,SARIMA,5D,1,0.0182813180135086,0.01754300877460457,High
2015-10-20,SARIMA,5D,1,0.0171460332043147,0.012460672860322793,Normal
2015-10-21,SARIMA,5D,1,0.0347589706035925,0.014436676917457739,Normal
2015-10-22,SARIMA,5D,1,0.0178182482103378,0.028024101623237315,High
2015-10-23,SARIMA,5D,1,0.0020268125528695,0.011095620312455548,High
2015-10-26,SARIMA,5D,1,0.0157456218927844,0.0015924167806900425,Normal
2015-10-27,SARIMA,5D,1,0.0210273606829396,0.01288268706925236,Normal
2015-10-28,SARIMA,5D,1,0.0057052052551488,0.00783316988058195,Normal
2015-10-29,SARIMA,5D,1,0.0050222908793113,0.01119470529960254,Normal
2015-10-30,SARIMA,5D,1,0.009496090787713,0.011328743845944603,Normal
2015-11-02,SARIMA,5D,1,-0.0121790762076041,0.0011952781364461026,Normal
2015-11-03,SARIMA,5D,1,-0.0133939739792219,-0.013953317182444027,Normal
2015-11-04,SARIMA,5D,1,-0.0130756143611437,-0.004813437998308874,Normal
2015-11-05,SARIMA,5D,1,-0.0260319879412781,-0.010879530881899102,Normal
2015-11-06,SARIMA,5D,1,-0.0369549465934099,-0.024487814672581164,Normal
2015-11-09,SARIMA,5D,1,-0.0122903531426731,-0.020690518327103856,Normal
2015-11-10,SARIMA,5D,1,-0.0151400853143694,-0.0085615886472848,Normal
2015-11-11,SARIMA,5D,1,0.0041264518843719,-0.011677608637627231,Normal
2015-11-12,SARIMA,5D,1,0.0170918748920252,0.011490772359765127,Normal
2015-11-13,SARIMA,5D,1,0.03216547060433,0.022465280114506738,Normal
2015-11-16,SARIMA,5D,1,0.0161365439684118,0.017846391765941032,Normal
2015-11-17,SARIMA,5D,1,0.018698070931619,0.016449668229996432,Normal
2015-11-18,SARIMA,5D,1,0.0025357004394796,0.007490601662817774,Normal
2015-11-19,SARIMA,5D,1,0.0042528823279398,-0.004496013775175006,Normal
2015-11-20,SARIMA,5D,1,-0.004201873091828,-0.005117345989669092,Normal
2015-11-23,SARIMA,5D,1,0.0076576896965952,0.002505107913603993,Normal
2015-11-24,SARIMA,5D,1,-0.0046201528878142,0.004274832197237999,Normal
2015-11-25,SARIMA,5D,1,-0.0189688387169972,0.003255235164660473,Normal
2015-11-27,SARIMA,5D,1,0.000755576087373,-0.016877122441949065,Normal
2015-11-30,SARIMA,5D,1,-0.0016066677334062,0.004979566886006408,Normal
2015-12-01,SARIMA,5D,1,-0.0187416593057401,-0.006807885971529107,Normal
2015-12-02,SARIMA,5D,1,-0.0154541530319839,-0.009892558345820587,Normal
2015-12-03,SARIMA,5D,1,0.0012725299907608,-0.005089290161452136,Normal
2015-12-04,SARIMA,5D,1,-0.0386591941289057,-0.0072615953579062455,Normal
2015-12-07,SARIMA,5D,1,-0.0269008621044398,-0.031382479865546396,Normal
2015-12-08,SARIMA,5D,1,-0.0098272293729309,-0.013620566279336187,Normal
2015-12-09,SARIMA,5D,1,0.0123524926435332,-0.008274314068422798,Normal
2015-12-10,SARIMA,5D,1,-0.0050511405709378,0.003425076647496892,Normal
2015-12-11,SARIMA,5D,1,-0.0033947678222293,0.016435527190592467,High
2015-12-14,SARIMA,5D,1,-0.0003907491591411,-0.005622187687755025,Normal
2015-12-15,SARIMA,5D,1,-0.0021752336734865,-0.006703468384062385,Normal
2015-12-16,SARIMA,5D,1,-0.004244272796704,-0.012156964341790187,High
2015-12-17,SARIMA,5D,1,0.009310588435309,0.004700766032757605,Normal
2015-12-18,SARIMA,5D,1,0.0250871469861096,0.007776289529168623,High
2015-12-21,SARIMA,5D,1,0.0279125044319764,0.020367060181720582,High
2015-12-22,SARIMA,5D,1,0.0118910100566289,0.024996022443550373,High
2015-12-23,SARIMA,5D,1,-0.0099070715123927,0.011661062047708051,High
2015-12-24,SARIMA,5D,1,-0.0237291979063353,-0.014730551843636221,High
2015-12-28,SARIMA,5D,1,-0.0195380573106694,-0.028664198815715945,High
2015-12-29,SARIMA,5D,1,-0.0433138844863185,-0.01966670634026488,High
2015-12-30,SARIMA,5D,1,-0.0600563022218847,-0.030416937520080182,High
2015-12-31,SARIMA,5D,1,-0.0614973546262648,-0.04044832087483736,High
2016-01-04,SARIMA,5D,1,-0.0452224045326363,-0.04408986986962543,High
2016-01-05,SARIMA,5D,1,-0.0394600945542214,-0.038440591255157815,High
2016-01-06,SARIMA,5D,1,-0.0515403066295043,-0.019505339628483432,High
2016-01-07,SARIMA,5D,1,-0.0109964291757757,-0.03155405202624011,High
2016-01-08,SARIMA,5D,1,-0.0219346644280901,-0.003658488027792315,High
2016-01-11,SARIMA,5D,1,-0.0222558925364839,-0.021941657566629937,High
2016-01-12,SARIMA,5D,1,-0.0417911726801569,-0.01807023249277515,High
2016-01-13,SARIMA,5D,1,-0.0113268089662999,-0.025957805174254105,High
2016-01-14,SARIMA,5D,1,-0.0078041430184702,-0.02615281691593916,High
2016-01-15,SARIMA,5D,1,-0.0017299154931293,0.00015323933573236823,High
2016-01-19,SARIMA,5D,1,0.0117836421498097,0.0007073645037803313,High
2016-01-20,SARIMA,5D,1,0.0126234858751796,0.02208450269287073,High
2016-01-21,SARIMA,5D,1,0.0129548479568229,-0.0013700836085616573,High
2016-01-22,SARIMA,5D,1,0.0173327720691659,0.01039899298094665,High
2016-01-25,SARIMA,5D,1,0.0326509823964456,0.01253887214554599,High
2016-01-26,SARIMA,5D,1,-0.0003152241521535,0.02127196367557701,High
2016-01-27,SARIMA,5D,1,0.0155873181699488,-0.0012830115466109153,High
2016-01-28,SARIMA,5D,1,0.0115995357448807,0.012430780689448966,High
2016-01-29,SARIMA,5D,1,-0.0315132735260274,0.006937834822314561,High
2016-02-01,SARIMA,5D,1,-0.0453249966035429,-0.035663233157785405,High
2016-02-02,SARIMA,5D,1,-0.0270678685320718,-0.023790865058018636,High
2016-02-03,SARIMA,5D,1,-0.0322364566844068,-0.030825499675779185,High
2016-02-04,SARIMA,5D,1,-0.0461394723061865,-0.02623063395230797,High
2016-02-05,SARIMA,5D,1,-0.0081552988227887,-0.017652069824918678,High
2016-02-08,SARIMA,5D,1,0.0224814968419535,0.002910223898671795,High
2016-02-09,SARIMA,5D,1,0.0394914481143551,0.013549463194543835,High
2016-02-10,SARIMA,5D,1,0.0350037841211813,0.038630356626907086,High
2016-02-11,SARIMA,5D,1,0.0473551981686357,0.03969861972858118,High
2016-02-12,SARIMA,5D,1,0.0423759140606659,0.024626094640055784,High
2016-02-16,SARIMA,5D,1,0.0134615987481924,0.021240992045400885,High
2016-02-17,SARIMA,5D,1,0.001545448157183,0.0013008812302027926,High
2016-02-18,SARIMA,5D,1,0.0175064470115685,0.0009002228569031633,High
2016-02-19,SARIMA,5D,1,0.0156606149638058,0.006166673472807764,High
2016-02-22,SARIMA,5D,1,-0.0068442472268421,0.012545137334795196,High
2016-02-23,SARIMA,5D,1,0.0292767157455651,0.006088882858813759,High
2016-02-24,SARIMA,5D,1,0.028932705572035,0.030291048660371384,High
2016-02-25,SARIMA,5D,1,0.0211409731619011,0.016602465442169926,High
2016-02-26,SARIMA,5D,1,0.0263132783574074,0.017893324887426305,High
2016-02-29,SARIMA,5D,1,0.0353520322498431,0.033039635643472176,High
2016-03-01,SARIMA,5D,1,0.0004598907922181,0.012353715410521791,High
2016-03-02,SARIMA,5D,1,0.0014136137139306,-0.001363467110044855,High
2016-03-03,SARIMA,5D,1,-0.0019232278092637,0.0032978262000867616,High
2016-03-04,SARIMA,5D,1,0.0110388779136459,-0.005595019272249528,High
2016-03-07,SARIMA,5D,1,0.00889248649617,0.003039348077148318,High
2016-03-08,SARIMA,5D,1,0.0183576116178584,0.023075638062504813,High
2016-03-09,SARIMA,5D,1,0.0189026667168239,0.015402754264185602,High
2016-03-10,SARIMA,5D,1,0.0253204569882976,0.017995652435926945,High
2016-03-11,SARIMA,5D,1,0.0134538786504724,0.015338951112823365,Normal
2016-03-14,SARIMA,5D,1,0.0157007391713767,0.01201159341382545,Normal
2016-03-15,SARIMA,5D,1,0.0166615972089223,0.008124681794484454,Normal
2016-03-16,SARIMA,5D,1,0.0046703597964754,0.012792612704236275,Normal
2016-03-17,SARIMA,5D,1,-0.0022813650514975,-0.0004575098136035741,Normal
2016-03-18,SARIMA,5D,1,-0.0061322254144514,0.002527507775457004,Normal
2016-03-21,SARIMA,5D,1,0.0016606947354934,-0.0070786224144377945,Normal
2016-03-22,SARIMA,5D,1,0.0068793476258319,3.2747179392441294e-05,Normal
2016-03-23,SARIMA,5D,1,0.0112440147968782,0.011045086817811108,Normal
2016-03-24,SARIMA,5D,1,0.0179331156428548,0.013090987190373061,Normal
2016-03-28,SARIMA,5D,1,0.0141745287089277,0.017720007593846576,Normal
2016-03-29,SARIMA,5D,1,-0.004799781757104,0.008843079674879538,Normal
2016-03-30,SARIMA,5D,1,0.0013121361813431,-0.006563711350353892,Low
2016-03-31,SARIMA,5D,1,-0.008694095429041,-0.0013319053902721876,Low
2016-04-01,SARIMA,5D,1,-0.0122223518910245,-0.0113669833577731,Low
2016-04-04,SARIMA,5D,1,-0.0117524177347737,-0.009516701699629765,Low
2016-04-05,SARIMA,5D,1,0.0080596345584107,-0.0010150983217669543,Low
2016-04-06,SARIMA,5D,1,0.0075969063949554,0.0044058502711772154,Low
2016-04-07,SARIMA,5D,1,0.0198178927950928,0.011817890846608722,Normal
2016-04-08,SARIMA,5D,1,0.0160504206143304,0.019650307569150552,Normal
2016-04-11,SARIMA,5D,1,0.0253136921177322,0.014666702679528097,Low
2016-04-12,SARIMA,5D,1,0.0187776761392088,0.012572979953135763,Low
2016-04-13,SARIMA,5D,1,0.0095488614198854,0.015901836685975765,Low
2016-04-14,SARIMA,5D,1,0.0041683861324609,0.001580244533432839,Low
2016-04-15,SARIMA,5D,1,0.0052010142881477,0.004275067458371614,Low
2016-04-18,SARIMA,5D,1,-0.0031324009464132,-0.0012478351422191378,Low
2016-04-19,SARIMA,5D,1,-0.0043411386750426,-0.0009324050174597794,Low
2016-04-20,SARIMA,5D,1,-0.0034543996125304,-7.384693658985604e-05,Low
2016-04-21,SARIMA,5D,1,-0.0075204728168001,-0.000585352094393955,Low
2016-04-22,SARIMA,5D,1,-0.0126442806268981,-0.006920094816516047,Low
2016-04-25,SARIMA,5D,1,-0.0030509843088911,-0.006545820740531548,Low
2016-04-26,SARIMA,5D,1,-0.0136364838715239,-0.0014078616806167826,Low
2016-04-27,SARIMA,5D,1,-0.0212390606887432,-0.011388545318516761,Low
2016-04-28,SARIMA,5D,1,-0.0122044613199757,-0.015376051049928275,Low
2016-04-29,SARIMA,5D,1,-0.003958901535866,-0.00684027134123022,Low
2016-05-02,SARIMA,5D,1,-0.0109852949255001,-0.0069935085366359916,Low
2016-05-03,SARIMA,5D,1,0.010135569698933,-0.003343796166219208,Low
2016-05-04,SARIMA,5D,1,0.0064826295265367,0.013892829352752375,Low
2016-05-05,SARIMA,5D,1,0.0065521869513666,0.002830711173741343,Low
2016-05-06,SARIMA,5D,1,-0.0051318577639383,0.0025992044356950737,Low
2016-05-09,SARIMA,5D,1,0.0038639053180645,-0.00012583759323071407,Low
2016-05-10,SARIMA,5D,1,-0.0179983234701355,-0.0063907432690873695,Low
2016-05-11,SARIMA,5D,1,-0.0081856429058654,-0.013880098959180315,Low
2016-05-12,SARIMA,5D,1,-0.0117297581606217,-0.007169223216158869,Low
2016-05-13,SARIMA,5D,1,0.0027861352239352,-0.004152099455663588,Low
2016-05-16,SARIMA,5D,1,-0.0090504777337792,-0.001531869315475622,Low
2016-05-17,SARIMA,5D,1,0.0139940233523738,0.0035584676612460623,Low
2016-05-18,SARIMA,5D,1,0.0207393953175558,0.008566410344861991,Low
2016-05-19,SARIMA,5D,1,0.0242425237903479,0.020402583553023962,Low
2016-05-20,SARIMA,5D,1,0.0225187595069829,0.0143801032076278,Low
2016-05-23,SARIMA,5D,1,0.0236006274544946,0.02532799114156216,Low
2016-05-24,SARIMA,5D,1,0.0111463885744306,0.009249029199713783,Normal
2016-05-25,SARIMA,5D,1,0.0070165550898335,0.005257029741251044,Normal
2016-05-26,SARIMA,5D,1,0.0043109589030671,0.0028919069605358796,Normal
2016-05-27,SARIMA,5D,1,0.0049185924829913,0.003006139852912937,Normal
2016-05-31,SARIMA,5D,1,0.0072129767327786,0.0022148020351859957,Normal
2016-06-01,SARIMA,5D,1,0.0093826800508072,0.011032020688127933,Low
2016-06-02,SARIMA,5D,1,0.0048427482859273,0.009561159963993936,Low
2016-06-03,SARIMA,5D,1,-0.0014587218875439,0.005288909547378835,Low
2016-06-06,SARIMA,5D,1,-0.0144923491966169,-0.0015602826359548008,Low
2016-06-07,SARIMA,5D,1,-0.0175814698977863,-0.013551926458016533,Low
2016-06-08,SARIMA,5D,1,-0.0227279809335513,-0.016290398849310824,Low
2016-06-09,SARIMA,5D,1,-0.017880652224612,-0.01738695613889614,Low
2016-06-10,SARIMA,5D,1,-0.0119264039590548,-0.012012545947810628,Low
2016-06-13,SARIMA,5D,1,0.0020132776090776,-0.0030093549088562226,Low
2016-06-14,SARIMA,5D,1,0.0065221732852592,0.004737190681076321,Low
2016-06-15,SARIMA,5D,1,0.0067116533524935,0.009864106774663265,Low
2016-06-16,SARIMA,5D,1,0.016859127313403,0.005290053945424072,Low
2016-06-17,SARIMA,5D,1,-0.0164583813475706,0.012973885281060409,Low
2016-06-20,SARIMA,5D,1,-0.0405120106376963,-0.01990523087202577,Low
2016-06-21,SARIMA,5D,1,-0.0256062796378182,-0.03658232729744012,Low
2016-06-22,SARIMA,5D,1,-0.0070641076699884,-0.022041630203822066,Low
2016-06-23,SARIMA,5D,1,-0.0068658115924774,-0.01140816747585186,Low
2016-06-24,SARIMA,5D,1,0.0316616875061371,0.01029652647480229,Normal
2016-06-27,SARIMA,5D,1,0.0430529050322411,0.0408546426734462,Normal
2016-06-28,SARIMA,5D,1,0.0307774704864295,0.03238560610162636,High
2016-06-29,SARIMA,5D,1,0.0130162696284423,0.018936218492301007,High
2016-06-30,SARIMA,5D,1,0.0146805930449686,0.011829860388524037,High
2016-07-01,SARIMA,5D,1,0.016136706063935,-0.006451302449945413,High
2016-07-05,SARIMA,5D,1,0.0299925773568792,0.005752780717538262,High
2016-07-06,SARIMA,5D,1,0.0247886489735848,0.028805131394553502,High
2016-07-07,SARIMA,5D,1,0.0309060296620149,0.028143808687734136,High
2016-07-08,SARIMA,5D,2,0.0148384640361515,0.024737796668761382,High
2016-07-11,SARIMA,5D,2,0.0138151065460218,0.011058782429099976,High
2016-07-12,SARIMA,5D,2,0.0053940597382608,0.003729232467487696,High
2016-07-13,SARIMA,5D,2,0.0095205093790432,0.005264698257036915,High
2016-07-14,SARIMA,5D,2,0.0006560167208211,0.003376049418903248,High
2016-07-15,SARIMA,5D,2,0.0061290225702025,0.006728593032604463,High
2016-07-18,SARIMA,5D,2,0.0007335420084042,0.004912752981419399,High
2016-07-19,SARIMA,5D,2,0.002492478669539,0.004192172865074321,High
2016-07-20,SARIMA,5D,2,-0.0029679905930336,-8.964471101835774e-05,High
2016-07-21,SARIMA,5D,2,0.0022559997115835,0.001602525717822912,High
2016-07-22,SARIMA,5D,2,-0.0006576469602687,-0.0006162304647666795,High
2016-07-25,SARIMA,5D,2,0.0010877776321697,0.0020508552797100007,Normal
2016-07-26,SARIMA,5D,2,-0.0056168953412171,0.00028616327814973467,Normal
2016-07-27,SARIMA,5D,2,-0.0012885916783373,-0.0018521503412892374,Low
2016-07-28,SARIMA,5D,2,-0.0026809628269407,-0.0032234959535492958,Low
2016-07-29,SARIMA,5D,2,0.0042557543447815,-0.0006421883888625827,Low
2016-08-01,SARIMA,5D,2,0.0046187712007311,0.0030927502897821306,Low
2016-08-02,SARIMA,5D,2,0.0113904299999548,0.0075932167347388365,Low
2016-08-03,SARIMA,5D,2,0.0053925902203953,0.008215891473633849,Low
2016-08-04,SARIMA,5D,2,0.0099034560233499,0.005713879404919279,Low
2016-08-05,SARIMA,5D,2,0.0005403953470558,0.005391173902413045,Low
2016-08-08,SARIMA,5D,2,0.0042369889331191,0.0002650677591845244,Low
2016-08-09,SARIMA,5D,2,-0.0016468712699151,9.858045511138588e-05,Low
2016-08-10,SARIMA,5D,2,0.0030887717997286,0.0011143999579847138,Low
2016-08-11,SARIMA,5D,2,0.0005625583936675,0.00022053556546228073,Low
2016-08-12,SARIMA,5D,2,-8.238778818661723e-05,0.004829410916645814,Low
2016-08-15,SARIMA,5D,2,-0.0034348859660313,-0.0016856313671543032,Low
2016-08-16,SARIMA,5D,2,0.0040091234288084,8.541968022944828e-05,Low
2016-08-17,SARIMA,5D,2,-0.0031117778370189,0.001428260136750871,Low
2016-08-18,SARIMA,5D,2,-0.0066751399300468,-0.0012706708368216098,Low
2016-08-19,SARIMA,5D,2,-0.0068138945999919,-0.005068745089744265,Low
2016-08-22,SARIMA,5D,2,-0.0010359842879945,-0.003751080901459515,Low
2016-08-23,SARIMA,5D,2,-0.0049414428734789,-0.004109432450406886,Low
2016-08-24,SARIMA,5D,2,-0.0020660787193697,-0.000544410295406093,Low
2016-08-25,SARIMA,5D,2,-0.0007413037121357,0.0006252167396501209,Low
2016-08-26,SARIMA,5D,2,0.0050310021256121,0.0002717175499565999,Low
2016-08-29,SARIMA,5D,2,0.0027938160669431,0.0021600214255514828,Low
2016-08-30,SARIMA,5D,2,0.0046030115357724,0.004772001731497733,Low
2016-08-31,SARIMA,5D,2,0.0047562144488648,0.003138372042123686,Low
2016-09-01,SARIMA,5D,2,-0.0200301425725601,0.0038416352801068894,Low
2016-09-02,SARIMA,5D,2,-0.0096519969381603,-0.019605932053786766,Low
2016-09-06,SARIMA,5D,2,-0.0275709875863765,-0.00712709961252304,Low
2016-09-07,SARIMA,5D,2,-0.028012441047896,-0.024258396403228688,Low
2016-09-08,SARIMA,5D,2,-0.0157284364059858,-0.0239247876694311,Low
2016-09-09,SARIMA,5D,2,0.0053198782092784,-0.0007274066075900483,Low
2016-09-12,SARIMA,5D,2,-0.0092691122579805,0.001065265395836694,Normal
2016-09-13,SARIMA,5D,2,0.0059717295044644,0.0023537601670413242,Normal
2016-09-14,SARIMA,5D,2,0.0174175792379131,0.00773725945112753,Normal
2016-09-15,SARIMA,5D,2,0.0138378147061153,0.010985792540508375,Normal
2016-09-16,SARIMA,5D,2,0.0118639495419685,0.002513006516587487,Normal
2016-09-19,SARIMA,5D,2,0.0032577026578772,0.017463123284467134,Normal
2016-09-20,SARIMA,5D,2,0.0093821043389412,-0.00400322855028347,Normal
2016-09-21,SARIMA,5D,2,0.0038066806089478,0.0019752930272153467,Normal
2016-09-22,SARIMA,5D,2,-0.0120371990387755,0.004049401952039876,Normal
2016-09-23,SARIMA,5D,2,0.0016524865089707,-0.009965550789111028,Normal
2016-09-26,SARIMA,5D,2,0.0070113134453597,0.005217914127322965,Normal
2016-09-27,SARIMA,5D,2,-0.0043800635063002,0.00289267740985607,Normal
2016-09-28,SARIMA,5D,2,-0.0053751538787457,-0.0012709346317348266,Normal
2016-09-29,SARIMA,5D,2,0.00447141770394,0.0035680685018756146,Normal
2016-09-30,SARIMA,5D,2,-0.0067237623257017,-0.001964921878406976,Normal
2016-10-03,SARIMA,5D,2,0.0011375911731497,-0.008267301049519584,Normal
2016-10-04,SARIMA,5D,2,-0.0064191047382442,0.006578621955557754,Normal
2016-10-05,SARIMA,5D,2,-0.0095606587630423,-0.0042923738875635,Normal
2016-10-06,SARIMA,5D,2,-0.013146179027881,-0.012436599747008023,Normal
2016-10-07,SARIMA,5D,2,-0.0096858074271456,-0.005468362282191429,Normal
2016-10-10,SARIMA,5D,2,-0.0173237558563101,-0.011423132674740594,Normal
2016-10-11,SARIMA,5D,2,0.0013423274471444,-0.010626108548455563,Low
2016-10-12,SARIMA,5D,2,0.0023859673960959,0.0035604358405073363,Low
2016-10-13,SARIMA,5D,2,0.0041133726769491,0.004916038925387224,Low
2016-10-14,SARIMA,5D,2,0.0038276433776732,0.0030526231681948183,Low
2016-10-17,SARIMA,5D,2,0.0116088561369409,0.00822568823064038,Low
2016-10-18,SARIMA,5D,2,0.0016623930665358,0.001960371062611756,Low
2016-10-19,SARIMA,5D,2,-0.0022691070100018,0.0010940447633287585,Low
2016-10-20,SARIMA,5D,2,-0.0038836317846298,-0.0026779979047018036,Low
2016-10-21,SARIMA,5D,2,-0.0069126267841001,-0.003152415014394683,Low
2016-10-24,SARIMA,5D,2,-0.0117735053157261,-0.009834949119181877,Low
2016-10-25,SARIMA,5D,2,-0.0147785669597547,-0.005488815750060307,Low
2016-10-26,SARIMA,5D,2,-0.0195835234920215,-0.010358795009078303,Low
2016-10-27,SARIMA,5D,2,-0.0210255406086221,-0.015327414166851827,Low
2016-10-28,SARIMA,5D,2,-0.0195799207406899,-0.015705086779349408,Low
2016-10-31,SARIMA,5D,2,0.0025225628729735,-0.0133059091756844,Low
2016-11-01,SARIMA,5D,2,0.0130974603788661,0.004904888747485978,Low
2016-11-02,SARIMA,5D,2,0.0306604647119761,0.015045960568886916,Low
2016-11-03,SARIMA,5D,2,0.0370425234506808,0.028622247971613737,Low
2016-11-04,SARIMA,5D,2,0.0373111153745763,0.03267958468641654,Low
2016-11-07,SARIMA,5D,2,0.0152154061879279,0.02222192499029122,Normal
2016-11-08,SARIMA,5D,2,0.0189034828128601,0.00764443217861205,Low
2016-11-09,SARIMA,5D,2,0.006303846410828,0.00639001045614905,Low
2016-11-10,SARIMA,5D,2,0.0090204700559304,5.548427376922426e-05,Low
2016-11-11,SARIMA,5D,2,0.0080297470381797,0.005004379115640618,Low
2016-11-14,SARIMA,5D,2,0.0155789585662366,0.015590693792593946,Low
2016-11-15,SARIMA,5D,2,0.0102890946477403,0.010504538011683866,Low
2016-11-16,SARIMA,5D,2,0.012680309327025,0.014063117785136876,Low
2016-11-17,SARIMA,5D,2,0.0119215855792511,0.009222147199324012,Low
2016-11-18,SARIMA,5D,2,0.0090428476900643,0.010266558675283833,Low
2016-11-21,SARIMA,5D,2,0.0029435479724523,0.0035237331183257652,Normal
2016-11-22,SARIMA,5D,2,-0.001876473686297,0.004332343823616136,Normal
2016-11-23,SARIMA,5D,2,-0.0062058948099697,-0.0032908626377899835,Low
2016-11-25,SARIMA,5D,2,-0.0097157127033087,-0.00554200347128935,Low
2016-11-28,SARIMA,5D,2,0.0013571034781701,-0.007381870730436166,Normal
2016-11-29,SARIMA,5D,2,0.0034277855937826,0.00390003475931203,Low
2016-11-30,SARIMA,5D,2,0.0191620748936624,0.005473548420932739,Low
2016-12-01,SARIMA,5D,2,0.0248408128772973,0.0189669919363616,Low
2016-12-02,SARIMA,5D,2,0.0303653036901823,0.0237068770766794,Low
2016-12-05,SARIMA,5D,2,0.0234227944728392,0.02120693965121006,Low
2016-12-06,SARIMA,5D,2,0.0265361932052016,0.019064001246490502,Low
2016-12-07,SARIMA,5D,2,0.0053085389986196,0.014556600452255607,Low
2016-12-08,SARIMA,5D,2,0.0070272316693024,0.0004523251798564259,Low
2016-12-09,SARIMA,5D,2,-0.0006463436146477,0.0015562189895855932,Low
2016-12-12,SARIMA,5D,2,0.0024649113911628,0.00099163236724327,Low
2016-12-13,SARIMA,5D,2,-0.0004226594089212,-0.0009786685780988423,Low
2016-12-14,SARIMA,5D,2,0.0052672503282597,0.008788830266131628,Low
2016-12-15,SARIMA,5D,2,-0.0004731685816905,0.0035081605308635777,Low
2016-12-16,SARIMA,5D,2,0.0025299207043691,0.0033049409283957953,Low
2016-12-19,SARIMA,5D,2,0.0028025968937065,0.0009256650967410981,Low
2016-12-20,SARIMA,5D,2,-0.0092199562172178,0.003989581705899396,Low
2016-12-21,SARIMA,5D,2,-0.0070529182244085,-0.010399294255630276,Low
2016-12-22,SARIMA,5D,2,-0.0098360416988662,-0.003142529596937998,Low
2016-12-23,SARIMA,5D,2,-0.0026362074807884,-0.009543625665699862,Low
2016-12-27,SARIMA,5D,2,0.0008239073852123,-0.002256367477174697,Low
2016-12-28,SARIMA,5D,2,0.0084445804925025,0.0069582406867524735,Low
2016-12-29,SARIMA,5D,2,0.01224871740495,0.0070949112598213526,Low
2016-12-30,SARIMA,5D,2,0.0133416466302447,0.0126963019780616,Low
2017-01-03,SARIMA,5D,2,0.0048908798770876,0.008728372170180838,Low
2017-01-04,SARIMA,5D,2,0.0020105584956402,0.0029067215745302325,Low
2017-01-05,SARIMA,5D,2,0.0006344137043918,-0.0019372184339008283,Low
2017-01-06,SARIMA,5D,2,-0.0010282440810405,-0.0017382542610477273,Low
2017-01-09,SARIMA,5D,2,-0.0004452530656993,-0.0020556643277618303,Low
2017-01-10,SARIMA,5D,2,0.00131694740411,0.0032417343253827663,Low
2017-01-11,SARIMA,5D,2,-0.0051245326093112,0.002536771646614708,Low
2017-01-12,SARIMA,5D,2,0.0003831638457182,-0.003487539135941563,Low
2017-01-13,SARIMA,5D,2,-0.0041587171954981,0.001446470276675682,Low
2017-01-17,SARIMA,5D,2,0.0053563377896824,-0.003436210603944198,Low
2017-01-18,SARIMA,5D,2,0.0115881901158417,0.004003377657452191,Low
2017-01-19,SARIMA,5D,2,0.014468372804898,0.013365059278715874,Low
2017-01-20,SARIMA,5D,2,0.0102409492538567,0.010190642311461573,Low
2017-01-23,SARIMA,5D,2,0.0069070254038297,0.011319093923889238,Low
2017-01-24,SARIMA,5D,2,-0.000526416733165,0.001637651706168527,Low
2017-01-25,SARIMA,5D,2,-0.0082221505410175,-0.0037307129280336427,Low
2017-01-26,SARIMA,5D,2,-0.0069163487670634,-0.009034903945721122,Low
2017-01-27,SARIMA,5D,2,0.0011889875772318,-0.004507440396674146,Low
2017-01-30,SARIMA,5D,2,0.0050990635596193,0.0022494509637237393,Low
2017-01-31,SARIMA,5D,2,0.0062161686314978,0.007927770229214887,Low
2017-02-01,SARIMA,5D,2,0.0066109317919909,0.0095823367804338,Low
2017-02-02,SARIMA,5D,2,0.0117768486892601,0.005900553142913861,Low
2017-02-03,SARIMA,5D,2,0.0080980586567157,0.006710529630139066,Low
2017-02-06,SARIMA,5D,2,0.0154477897544361,0.005108860248812152,Low
2017-02-07,SARIMA,5D,2,0.0192203134862629,0.012485923491028623,Low
2017-02-08,SARIMA,5D,2,0.0235071200033878,0.015976683752799543,Low
2017-02-09,SARIMA,5D,2,0.0169065646658773,0.017147742391365916,Low
2017-02-10,SARIMA,5D,2,0.0150240071711055,0.015668399628382547,Low
2017-02-13,SARIMA,5D,2,0.0158217236071632,0.008704740308174622,Low
2017-02-14,SARIMA,5D,2,0.0107396102646865,0.010649820830755333,Low
2017-02-15,SARIMA,5D,2,0.0061786205702113,0.005776975182817886,Low
2017-02-16,SARIMA,5D,2,0.008535362403793,0.007144516161271855,Low
2017-02-17,SARIMA,5D,2,0.0078756783442895,0.007239270816438939,Low
2017-02-21,SARIMA,5D,2,-0.0007358777909744,0.005450935210040053,Low
2017-02-22,SARIMA,5D,2,0.0139281194395549,0.0010797486615692288,Low
2017-02-23,SARIMA,5D,2,0.0076321034961904,0.013667914881453096,Low
2017-02-24,SARIMA,5D,2,0.0066436036326937,0.005124900317915748,Low
2017-02-27,SARIMA,5D,2,0.0023435156013942,0.005647920730594677,Low
2017-02-28,SARIMA,5D,2,0.0020075958144993,0.006114234541877992,Low
2017-03-01,SARIMA,5D,2,-0.0138604432332898,-0.005425706088034875,Low
2017-03-02,SARIMA,5D,2,-0.0071837506484183,-0.009309624510535939,Low
2017-03-03,SARIMA,5D,2,-0.0044241613110946,-0.0058679837946213394,Low
2017-03-06,SARIMA,5D,2,-0.0007749729283591,-0.0017510520003773727,Low
2017-03-07,SARIMA,5D,2,-0.0012420960071603,-0.0003483993209768873,Low
2017-03-08,SARIMA,5D,2,0.0093846110815899,0.007231766065838695,Low
2017-03-09,SARIMA,5D,2,0.0069570006696399,0.005941595351828685,Low
2017-03-10,SARIMA,5D,2,0.00237848169955,0.005370748812097909,Low
2017-03-13,SARIMA,5D,2,0.0,0.0008116039054197302,Low
2017-03-14,SARIMA,5D,2,-0.0091008456092111,0.0006169449529256968,Low
2017-03-15,SARIMA,5D,2,-0.0155526218864349,-0.012762453602582411,Low
2017-03-16,SARIMA,5D,2,-0.0149854192320813,-0.012379550033872748,Low
2017-03-17,SARIMA,5D,2,-0.0145145921817883,-0.010609901256420945,Low
2017-03-20,SARIMA,5D,2,-0.0135227836872537,-0.010984434710185061,Low
2017-03-21,SARIMA,5D,2,0.0061881197324724,-0.006517343271310572,Low
2017-03-22,SARIMA,5D,2,0.00538475308884,0.00957999499479622,Low
2017-03-23,SARIMA,5D,2,0.0093763961453749,0.005799204251467487,Low
2017-03-24,SARIMA,5D,2,0.0079631544210467,0.009197987341367907,Low
2017-03-27,SARIMA,5D,2,0.007339786698879,0.007693839643412062,Low
2017-03-28,SARIMA,5D,2,0.0006738439439163,-0.002495152503434523,Low
2017-03-29,SARIMA,5D,2,-0.003470429071436,0.0008272523343323851,Low
2017-03-30,SARIMA,5D,2,-0.0044735896894059,-0.005088534429374436,Low
2017-03-31,SARIMA,5D,2,-0.003043468214084,-0.003480763797981383,Low
2017-04-03,SARIMA,5D,2,-0.0007125427702875,-0.0025609845050131976,Low
2017-04-04,SARIMA,5D,2,-0.002706817136907,0.002561627083448398,Low
2017-04-05,SARIMA,5D,2,-0.0034143177443718,8.731040938730786e-05,Low
2017-04-06,SARIMA,5D,2,-0.012179988327911,-0.0018039402441406038,Low
2017-04-07,SARIMA,5D,2,-0.002776050173859,-0.010423635780059712,Low
2017-04-10,SARIMA,5D,2,-0.0063711031554755,-0.003001014786802596,Low
2017-04-11,SARIMA,5D,2,-0.0066540202603857,-0.004021638181524511,Low
2017-04-12,SARIMA,5D,2,0.004641867521575,-0.004767753406845258,Low
2017-04-13,SARIMA,5D,2,0.0084401997042637,0.009013607815792008,Low
2017-04-17,SARIMA,5D,2,0.0106454706012683,0.003613627725125073,Low
2017-04-18,SARIMA,5D,2,0.0196252876588527,0.011420789860528623,Low
2017-04-19,SARIMA,5D,2,0.020857291580034,0.017634273787900244,Low
2017-04-20,SARIMA,5D,2,0.0138812082173594,0.012775629861768093,Low
2017-04-21,SARIMA,5D,2,0.0150059168529848,0.009816778828057107,Low
2017-04-24,SARIMA,5D,2,0.0059549720917668,0.011296725027494047,Low
2017-04-25,SARIMA,5D,2,0.0010711014658271,-3.424330367708217e-05,Low
2017-04-26,SARIMA,5D,2,0.0002847535456871,-0.0009087240547933477,Low
2017-04-27,SARIMA,5D,2,0.0003139198332574,0.002530280124198621,Low
2017-04-28,SARIMA,5D,2,0.0063092587122258,-0.0010564005189190714,Low
2017-05-01,SARIMA,5D,2,0.00461591215724,0.009162706725712873,Low
2017-05-02,SARIMA,5D,2,0.0024017940146353,0.006284960742087239,Low
2017-05-03,SARIMA,5D,2,0.0048039261279122,0.0026802130808019718,Low
2017-05-04,SARIMA,5D,2,0.0020568414659359,0.0043649673551274405,Low
2017-05-05,SARIMA,5D,2,-0.0035030532823366,-0.0010266550669513388,Low
2017-05-08,SARIMA,5D,2,0.0012246437487705,-0.0022769004866415136,Low
2017-05-09,SARIMA,5D,2,0.0015632852685779,0.002138369771078173,Low
2017-05-10,SARIMA,5D,2,-0.0179121456199867,0.00023299706272543875,Low
2017-05-11,SARIMA,5D,2,-0.012066955618664,-0.013869957257822389,Low
2017-05-12,SARIMA,5D,2,-0.0038427170696693,-0.007250511645245023,Low
2017-05-15,SARIMA,5D,2,-0.0034609960766761,-0.005099413605126861,Low
2017-05-16,SARIMA,5D,2,-0.0009376778673096,-0.0028910114507461762,Low
2017-05-17,SARIMA,5D,2,0.0198938241083818,0.009371393323135963,Low
2017-05-18,SARIMA,5D,2,0.0206458975231438,0.015611438391314274,Low
2017-05-19,SARIMA,5D,2,0.0142116961002456,0.014584019003195938,Low
2017-05-22,SARIMA,5D,2,0.0078594820747036,0.012498213623587872,Low
2017-05-23,SARIMA,5D,2,0.0055632222823716,0.005973010372273008,Low
2017-05-24,SARIMA,5D,2,0.0106197840626428,-0.00554520679362925,Low
2017-05-25,SARIMA,5D,2,0.0098885466387106,0.007432963956258661,Low
2017-05-26,SARIMA,5D,2,0.0083596377129795,0.010432559567278978,Low
2017-05-30,SARIMA,5D,2,0.0067820797763092,0.009584981742824796,Low
2017-05-31,SARIMA,5D,2,0.0088091831926082,0.006655342349823617,Low
2017-06-01,SARIMA,5D,2,0.0015337566434255,0.004790562489853534,Low
2017-06-02,SARIMA,5D,2,-0.0029974518408077,0.0011810198664140021,Low
2017-06-05,SARIMA,5D,2,-0.0027582871800972,-0.002206118439464699,Low
2017-06-06,SARIMA,5D,2,0.0045259803293369,-0.001860531175029,Low
2017-06-07,SARIMA,5D,2,0.001962624567672,0.0026070413704592068,Low
2017-06-08,SARIMA,5D,2,-0.0005466542648332,0.005034783505453956,Low
2017-06-09,SARIMA,5D,2,0.0005672787514136,0.0020555650305544354,Low
2017-06-12,SARIMA,5D,2,0.0098591044380257,0.0009082092104910913,Low
2017-06-13,SARIMA,5D,2,-0.001361414852136,0.005181487487713901,Low
2017-06-14,SARIMA,5D,2,-0.00094790208009,0.00012584894286342754,Low
2017-06-15,SARIMA,5D,2,0.0008383217443122,0.0006464699108463007,Low
2017-06-16,SARIMA,5D,2,0.0021144211496616,0.0005026105661245845,Low
2017-06-19,SARIMA,5D,2,-0.0058824101175,-0.00268475125784242,Low
2017-06-20,SARIMA,5D,2,-0.007268836246241,0.0003053348880039657,Low
2017-06-21,SARIMA,5D,2,0.0020834795935815,-0.005967545358743516,Low
2017-06-22,SARIMA,5D,2,-0.0060978512781217,0.0012476625502802772,Low
2017-06-23,SARIMA,5D,2,-0.0061254922226571,-0.00558265927403291,Low
2017-06-26,SARIMA,5D,2,-0.0041330761832419,-0.0009569903601805887,Low
2017-06-27,SARIMA,5D,2,0.0054247344287195,-0.0020335085177265785,Low
2017-06-28,SARIMA,5D,2,-0.0127577545246977,0.0006997685238441266,Low
2017-06-29,SARIMA,5D,2,0.0022621748890593,-0.006497747031552534,Low
2017-06-30,SARIMA,5D,2,0.0016574533816982,0.0027235413411377672,Low
2017-07-03,SARIMA,5D,2,-0.0014337016635313,0.001177497092824666,Low
2017-07-05,SARIMA,5D,2,0.0043931252480014,-0.005476025804552872,Low
2017-07-06,SARIMA,5D,2,0.0156789420283407,0.012944329147088521,Low
2017-07-07,SARIMA,5D,2,0.0139588456287342,0.00693607011164917,Low
2017-07-10,SARIMA,5D,2,0.0129785952885148,0.012319558822845071,Low
2017-07-11,SARIMA,5D,2,0.0143592610527079,0.012805644529626943,Low
2017-07-12,SARIMA,5D,2,0.0124384683209401,0.009651146450335423,Low
2017-07-13,SARIMA,5D,2,0.0104119677588599,0.004776405061438311,Low
2017-07-14,SARIMA,5D,2,0.0053814122596416,0.00884551564019487,Low
2017-07-17,SARIMA,5D,2,0.0043700255009398,0.004322733186658142,Low
2017-07-18,SARIMA,5D,2,0.0066912543227269,0.002329655077298866,Low
2017-07-19,SARIMA,5D,2,0.0016156201127928,0.005886884593431554,Low
2017-07-20,SARIMA,5D,2,0.000796129564006,0.0017740620589790847,Low
2017-07-21,SARIMA,5D,2,-0.000177946784901,0.002770947305258769,Low
2017-07-24,SARIMA,5D,2,0.0001579433759479,0.00027163961903982933,Low
2017-07-25,SARIMA,5D,2,-0.0003148433690117,-0.0010712770392139338,Low
2017-07-26,SARIMA,5D,2,-0.0001049399677836,0.0021353390792950276,Low
2017-07-27,SARIMA,5D,2,-0.0013178201653356,0.0005245881772441407,Low
2017-07-28,SARIMA,5D,2,0.0019115169303198,-0.00036433281801238654,Low
2017-07-31,SARIMA,5D,2,0.0042857724091601,0.0017848515943234848,Low
2017-08-01,SARIMA,5D,2,-0.0005777005961637,0.004191227789679313,Low
2017-08-02,SARIMA,5D,2,-0.0014339027962235,-0.000256036109780692,Low
2017-08-03,SARIMA,5D,2,-0.0138280793620194,-0.00027157157203260983,Low
2017-08-04,SARIMA,5D,2,-0.0144406436515716,-0.01298792841460673,Low
2017-08-07,SARIMA,5D,3,-0.0060928370498025,-0.01331677361958644,Low
2017-08-08,SARIMA,5D,3,-0.0041744171463007,-0.0026986247542060615,Low
2017-08-09,SARIMA,5D,3,-0.002391646830256,-0.002745447586236298,Low
2017-08-10,SARIMA,5D,3,-0.0033687709167059,0.004740459833806299,Low
2017-08-11,SARIMA,5D,3,-0.0064805817060451,-0.0011686505638584539,Low
2017-08-14,SARIMA,5D,3,-0.0153122572375284,-0.00835253473065697,Low
2017-08-15,SARIMA,5D,3,-0.0049216296500197,-0.013210310642388767,Low
2017-08-16,SARIMA,5D,3,-0.009800295305991,-0.004455215345863695,Low
2017-08-17,SARIMA,5D,3,0.0036804304340618,-0.007326837020220048,Low
2017-08-18,SARIMA,5D,3,0.0071889557643515,0.0053002804871395874,Low
2017-08-21,SARIMA,5D,3,0.0065139335230812,0.01144877742945271,Low
2017-08-22,SARIMA,5D,3,-0.0025352949755339,0.0017152720462937992,Low
2017-08-23,SARIMA,5D,3,0.005528806945166,0.0010397713444736582,Low
2017-08-24,SARIMA,5D,3,0.0133100972770179,-0.0011264633084622233,Low
2017-08-25,SARIMA,5D,3,0.0136192036504155,0.00955737579601081,Low
2017-08-28,SARIMA,5D,3,0.0055527916249745,0.011691942549219517,Low
2017-08-29,SARIMA,5D,3,0.0078341673561089,0.00917225534495691,Low
2017-08-30,SARIMA,5D,3,0.0030511835231943,0.003047911949088219,Low
2017-08-31,SARIMA,5D,3,-0.004143450204977,-0.0014919814085866364,Low
2017-09-01,SARIMA,5D,3,0.0046569469498348,-0.004381009799979863,Low
2017-09-05,SARIMA,5D,3,0.0155947080968629,0.0073626029723317275,Low
2017-09-06,SARIMA,5D,3,0.0132276998518014,0.011983833785059692,Low
2017-09-07,SARIMA,5D,3,0.0123048280458272,0.013411936652613097,Low
2017-09-08,SARIMA,5D,3,0.0156402657354442,0.01422858576524334,Low
2017-09-11,SARIMA,5D,3,0.0063141524674265,0.009430293144786623,Low
2017-09-12,SARIMA,5D,3,0.0040654294892745,-0.00026667288861241165,Low
2017-09-13,SARIMA,5D,3,0.0039427419435017,0.0037914484652383567,Low
2017-09-14,SARIMA,5D,3,0.0019934998474148,0.003129702998639174,Low
2017-09-15,SARIMA,5D,3,0.0007956062964223,-0.0006357515147821593,Low
2017-09-18,SARIMA,5D,3,-0.0028837783325608,0.004569761371761636,Low
2017-09-19,SARIMA,5D,3,-0.0039211938233972,-0.0014644283024760772,Low
2017-09-20,SARIMA,5D,3,-0.0004785181237189,-0.0032618121626367853,Low
2017-09-21,SARIMA,5D,3,0.0037759384521338,0.0006089148629337874,Low
2017-09-22,SARIMA,5D,3,0.0068266175254656,0.003990582669461681,Low
2017-09-25,SARIMA,5D,3,0.0129176590550319,0.007945747982779305,Low
2017-09-26,SARIMA,5D,3,0.0150020061137978,0.012053851174242635,Low
2017-09-27,SARIMA,5D,3,0.0121711273729236,0.011612557837482,Low
2017-09-28,SARIMA,5D,3,0.0165981407752782,0.008526509774134909,Low
2017-09-29,SARIMA,5D,3,0.0118256665415398,0.012579456770055553,Low
2017-10-02,SARIMA,5D,3,0.0061530838438138,0.006732465257999827,Low
2017-10-03,SARIMA,5D,3,0.0063162922896308,0.003493471388787104,Low
2017-10-04,SARIMA,5D,3,0.0068722315581807,0.0059877280625846765,Low
2017-10-05,SARIMA,5D,3,-0.0004468495934632,0.0029631888899658964,Low
2017-10-06,SARIMA,5D,3,0.0015050835766228,0.0011096946394393524,Low
2017-10-09,SARIMA,5D,3,0.005060369976942,0.0035957987708297072,Low
2017-10-10,SARIMA,5D,3,0.0034130032518981,0.004066750284542378,Low
2017-10-11,SARIMA,5D,3,0.0023531798335641,0.002452849602313031,Low
2017-10-12,SARIMA,5D,3,0.004369301068926,0.005539412863071897,Low
2017-10-13,SARIMA,5D,3,0.0085953752491101,0.0030702532340710744,Low
2017-10-16,SARIMA,5D,3,0.0028657574038072,0.005692455735898929,Low
2017-10-17,SARIMA,5D,3,0.0038100053729312,0.0032115785523343134,Low
2017-10-18,SARIMA,5D,3,-0.0016060098256582,0.003839973358424421,Low
2017-10-19,SARIMA,5D,3,-0.0006638146900663,-0.0022569159524296776,Low
2017-10-20,SARIMA,5D,3,0.0022729991046303,-0.0027416334422942267,Low
2017-10-23,SARIMA,5D,3,0.0030558170408866,0.004525616815318411,Low
2017-10-24,SARIMA,5D,3,0.002383229103008,0.002215228323349324,Low
2017-10-25,SARIMA,5D,3,0.0086480288981718,0.004825982020033087,Low
2017-10-26,SARIMA,5D,3,0.0075678374172363,0.007313196131321579,Low
2017-10-27,SARIMA,5D,3,0.0026195167638237,0.0053018844864725625,Low
2017-10-30,SARIMA,5D,3,0.0070875380253408,0.0019724309516271203,Low
2017-10-31,SARIMA,5D,3,0.0059544042835794,0.006455369300590841,Low
2017-11-01,SARIMA,5D,3,0.005806174107736,0.001993413687313499,Low
2017-11-02,SARIMA,5D,3,0.001847244998699,0.0051456491005942885,Low
2017-11-03,SARIMA,5D,3,-0.002143091303669,0.0038426886351892175,Low
2017-11-06,SARIMA,5D,3,-0.0024303842771522,-0.003988706484771604,Low
2017-11-07,SARIMA,5D,3,-0.0045535440323522,-0.0017092625301514243,Low
2017-11-08,SARIMA,5D,3,-0.0115371567065363,-0.0039312177261134834,Low
2017-11-09,SARIMA,5D,3,0.0003944774158062,-0.007906294994463093,Low
2017-11-10,SARIMA,5D,3,-0.0013368925870375,0.002556363542141124,Low
2017-11-13,SARIMA,5D,3,-0.0010451736095404,-0.0005043697704079089,Low
2017-11-14,SARIMA,5D,3,0.007786945830494,0.0007051872683388701,Low
2017-11-15,SARIMA,5D,3,0.0125774018692881,0.010863495270647701,Low
2017-11-16,SARIMA,5D,3,0.0064687333645478,0.005791432879153577,Low
2017-11-17,SARIMA,5D,3,0.0087138187566419,0.00667537032540683,Low
2017-11-20,SARIMA,5D,3,0.0172392810646454,0.0076813653301674245,Low
2017-11-21,SARIMA,5D,3,0.010350148302102,0.010535638180761902,Low
2017-11-22,SARIMA,5D,3,0.0192582776682427,0.006070069736777805,Low
2017-11-24,SARIMA,5D,3,0.0151777104542054,0.018852928259675744,Low
2017-11-27,SARIMA,5D,3,0.0145093314917221,0.01157765011383749,Low
2017-11-28,SARIMA,5D,3,0.0009626087689731,0.007623152833247737,Low
2017-11-29,SARIMA,5D,3,0.0012177904812336,0.003341885626430137,Low
2017-11-30,SARIMA,5D,3,-0.0040117291714681,-0.003997098765775169,Low
2017-12-01,SARIMA,5D,3,0.0035060557998552,-0.0024789263249167335,Low
2017-12-04,SARIMA,5D,3,0.0077556084708376,0.002478632559215917,Low
2017-12-05,SARIMA,5D,3,0.0130497227188825,0.012733044164717506,Low
2017-12-06,SARIMA,5D,3,0.0126907659192625,0.0112095020176549,Low
2017-12-07,SARIMA,5D,3,0.0056835311783907,0.013691653994686375,Low
2017-12-08,SARIMA,5D,3,0.0091266425530152,0.0016125623441914695,Low
2017-12-11,SARIMA,5D,3,0.0112782790109169,0.005635252860724001,Low
2017-12-12,SARIMA,5D,3,0.006495057245709,0.006603705150300975,Low
2017-12-13,SARIMA,5D,3,0.0061398901422865,0.005024438489649798,Low
2017-12-14,SARIMA,5D,3,0.0122027448857075,0.008152407548674166,Low
2017-12-15,SARIMA,5D,3,0.002810159837451,0.00849582899039296,Low
2017-12-18,SARIMA,5D,3,-0.0035972944422051,0.0009081437196811484,Low
2017-12-19,SARIMA,5D,3,0.0004288319111557,-0.001154775177004974,Low
2017-12-20,SARIMA,5D,3,0.0030893869876478,0.00036862157647691673,Low
2017-12-21,SARIMA,5D,3,-0.0040909323177587,-0.0006269566199683548,Low
2017-12-22,SARIMA,5D,3,0.0046364175387529,0.000713570683587928,Low
2017-12-26,SARIMA,5D,3,0.0120738264827477,0.007325466746336828,Low
2017-12-27,SARIMA,5D,3,0.0153037410278324,0.008799931580694613,Low
2017-12-28,SARIMA,5D,3,0.0204805679134982,0.011935567535671005,Low
2017-12-29,SARIMA,5D,3,0.0273381639735433,0.021168360705439645,Low
2018-01-02,SARIMA,5D,3,0.0203711692724436,0.019407794240458204,Low
2018-01-03,SARIMA,5D,3,0.0128798902169869,0.013475842887956332,Low
2018-01-04,SARIMA,5D,3,0.0158683731305417,0.00869027573726316,Low
2018-01-05,SARIMA,5D,3,0.0155861536410508,0.009986554184746393,Low
2018-01-08,SARIMA,5D,3,0.0103944766121511,0.008489302546367131,Low
2018-01-09,SARIMA,5D,3,0.018463399301355,0.010624749309401476,Low
2018-01-10,SARIMA,5D,3,0.0179585476154019,0.018286821496697855,Low
2018-01-11,SARIMA,5D,3,0.0153251698335101,0.013069251804874293,Low
2018-01-12,SARIMA,5D,3,0.0166326078166292,0.012275210440872427,Low
2018-01-16,SARIMA,5D,3,0.022335326046454,0.01592077340785929,Low
2018-01-17,SARIMA,5D,3,0.0124041872927199,0.014380567225493109,Low
2018-01-18,SARIMA,5D,3,0.0146243241890266,0.009706977103448908,Low
2018-01-19,SARIMA,5D,3,0.0220203143081206,0.01272230774416214,Low
2018-01-22,SARIMA,5D,3,0.0072312136410444,0.0171947650043639,Low
2018-01-23,SARIMA,5D,3,-0.0058994341325149,0.0022731911596968286,Low
2018-01-24,SARIMA,5D,3,-0.0048504357265881,-0.0013255973198704402,Low
2018-01-25,SARIMA,5D,3,-0.0061011734774444,-0.005890495666643484,Low
2018-01-26,SARIMA,5D,3,-0.0393094921002275,-0.009772874869603196,Low
2018-01-29,SARIMA,5D,3,-0.0743972967537459,-0.027216515499502263,Low
2018-01-30,SARIMA,5D,3,-0.0461480805994716,-0.0567580123580557,Low
2018-01-31,SARIMA,5D,3,-0.051651084681919,-0.03899312252308329,Low
2018-02-01,SARIMA,5D,3,-0.0892618385756973,-0.04257467638902468,Low
2018-02-02,SARIMA,5D,3,-0.0529995128594741,-0.05809612119136893,Normal
2018-02-05,SARIMA,5D,3,0.0026616937570934,-0.023760529759062607,High
2018-02-06,SARIMA,5D,3,-0.012019357611566,-0.006165596371568206,High
2018-02-07,SARIMA,5D,3,0.0063082204210834,-0.0035398780823037808,High
2018-02-08,SARIMA,5D,3,0.0565641344436604,0.028893826290696954,High
2018-02-09,SARIMA,5D,3,0.0421118888940577,0.03669542446017875,High
2018-02-12,SARIMA,5D,3,0.0224347061090342,0.011700033079004461,High
2018-02-13,SARIMA,5D,3,0.0143135196454458,0.02670095264919845,High
2018-02-14,SARIMA,5D,3,0.0019731573221267,0.004031054367330394,High
2018-02-15,SARIMA,5D,3,0.0058775737904723,-0.02420517026067175,High
2018-02-16,SARIMA,5D,3,0.0171926127611782,0.008373377270112,High
2018-02-20,SARIMA,5D,3,0.010262818426548,0.021774828513892508,High
2018-02-21,SARIMA,5D,3,0.0046166768262027,0.011479714653771381,High
2018-02-22,SARIMA,5D,3,-0.0097703665142515,0.009462353304937738,High
2018-02-23,SARIMA,5D,3,-0.020612859274174,-0.010134475672775855,High
2018-02-26,SARIMA,5D,3,-0.0213296802842749,-0.023443511018910426,High
2018-02-27,SARIMA,5D,3,-0.0059059859108106,-0.015583950245201456,High
2018-02-28,SARIMA,5D,3,0.0047678283471291,-0.002597826072264894,High
2018-03-01,SARIMA,5D,3,0.0226349424108902,0.011382239681800209,High
2018-03-02,SARIMA,5D,3,0.0348057036668992,0.025860567647407556,High
2018-03-05,SARIMA,5D,3,0.0225592887183742,0.031856609234881116,High
2018-03-06,SARIMA,5D,3,0.0135399953720628,0.013241042095091322,High
2018-03-07,SARIMA,5D,3,0.0082830173725903,0.0068213766332886035,High
2018-03-08,SARIMA,5D,3,0.0030476327646091,-0.00214768074256874,High
2018-03-09,SARIMA,5D,3,-0.0124799160293667,-0.005053819337269328,Normal
2018-03-12,SARIMA,5D,3,-0.0255111592327417,-0.006691431355889247,Normal
2018-03-13,SARIMA,5D,3,-0.0176465401567079,-0.01848096235693832,Normal
2018-03-14,SARIMA,5D,3,-0.0137512624571486,-0.013028831718383408,Normal
2018-03-15,SARIMA,5D,3,-0.0384539130309065,-0.009325250416964833,Normal
2018-03-16,SARIMA,5D,3,-0.0613457182898889,-0.024655638930316266,Normal
2018-03-19,SARIMA,5D,3,-0.0202446370424801,-0.04420168885215799,Normal
2018-03-20,SARIMA,5D,3,-0.0391526313495209,-0.01895643150350446,Normal
2018-03-21,SARIMA,5D,3,-0.0402278581233542,-0.03360177344147879,Normal
2018-03-22,SARIMA,5D,3,-0.0010671936566562,-0.02017927368459498,High
2018-03-23,SARIMA,5D,3,-0.0024680686884014,0.014078971976269656,High
2018-03-26,SARIMA,5D,3,-0.0167271480786958,-0.018104791008197504,High
2018-03-27,SARIMA,5D,3,0.0122002399130728,-0.002669094020052494,High
2018-03-28,SARIMA,5D,3,0.0219605802141867,0.01424601981008137,High
2018-03-29,SARIMA,5D,3,-0.0138792643367217,0.0020343053174457426,High
2018-04-02,SARIMA,5D,3,0.0120424129743669,-0.010679042904779636,High
2018-04-03,SARIMA,5D,3,0.0160950506549399,0.018044298210677972,High
2018-04-04,SARIMA,5D,3,-0.0009457374639679,0.0004820966531157531,High
2018-04-05,SARIMA,5D,3,0.0004317398320378,-0.006414347022541843,High
2018-04-06,SARIMA,5D,3,0.019705007062396,0.01734429944320331,High
2018-04-09,SARIMA,5D,3,0.0244503488963662,0.004870561916426743,High
2018-04-10,SARIMA,5D,3,0.0184668215139188,0.018107459551436365,High
2018-04-11,SARIMA,5D,3,0.0248385276939331,0.023504904861520622,High
2018-04-12,SARIMA,5D,3,0.0108790472004436,0.020802992520524654,High
2018-04-13,SARIMA,5D,3,0.0051966698387975,-0.00032778571768208166,High
2018-04-16,SARIMA,5D,3,-0.0028234368515809,0.0007978912721809475,High
2018-04-17,SARIMA,5D,3,-0.0268993964719227,-0.0008932716513337555,High
2018-04-18,SARIMA,5D,3,-0.0258950426466523,-0.02722364413707534,High
2018-04-19,SARIMA,5D,3,-0.0097723166634425,-0.0164539559623926,High
2018-04-20,SARIMA,5D,3,-8.613420372609898e-05,-0.005913251123769289,High
2018-04-23,SARIMA,5D,3,-0.0083635568638318,0.003953116113503643,High
2018-04-24,SARIMA,5D,3,0.0076531333136708,0.005748785116531427,High
2018-04-25,SARIMA,5D,3,-0.0014141921205552,0.008376247875615726,High
2018-04-26,SARIMA,5D,3,-0.0140505538929963,-0.007145798256755292,High
2018-04-27,SARIMA,5D,3,-0.0024337491360252,-0.015830719469335664,High
2018-04-30,SARIMA,5D,3,0.009239423967886,0.0024944574559591258,Normal
2018-05-01,SARIMA,5D,3,0.0064279451851247,0.0006198103251818376,Normal
2018-05-02,SARIMA,5D,3,0.0232955443213959,0.009838063445893292,Normal
2018-05-03,SARIMA,5D,3,0.0348787735103083,0.02669905261934586,Normal
2018-05-04,SARIMA,5D,3,0.0238551027529346,0.02510333489718197,Normal
2018-05-07,SARIMA,5D,3,0.0212862217080712,0.014812202702304888,Normal
2018-05-08,SARIMA,5D,3,0.0146862432758141,0.0191455619083748,Normal
2018-05-09,SARIMA,5D,3,0.0091029351884598,0.0036797178683998,Normal
2018-05-10,SARIMA,5D,3,-0.0010803152039986,0.000343665077914177,Normal
2018-05-11,SARIMA,5D,3,-0.0054221197295101,0.0023677769343786936,Normal
2018-05-14,SARIMA,5D,3,0.0010543853082964,-0.004804182959214187,Normal
2018-05-15,SARIMA,5D,3,0.0047793517594122,0.002961427864864816,Normal
2018-05-16,SARIMA,5D,3,0.0039701571187966,0.0061140265038291735,Normal
2018-05-17,SARIMA,5D,3,0.0028011329496839,0.008208603303694535,Normal
2018-05-18,SARIMA,5D,3,0.0030767951500483,0.005006695006115971,Normal
2018-05-21,SARIMA,5D,3,-0.0159143819096771,3.772854542202688e-05,Normal
2018-05-22,SARIMA,5D,3,-0.0001578179648782,-0.015195051645682637,Low
2018-05-23,SARIMA,5D,3,-0.010304296415211,0.0002339125929000398,Low
2018-05-24,SARIMA,5D,3,0.0025117662517512,-0.008145171997426842,Low
2018-05-25,SARIMA,5D,3,0.0093413642042894,0.002099858034385497,Low
2018-05-29,SARIMA,5D,3,0.0216752829856573,0.017744485427669543,Low
2018-05-30,SARIMA,5D,3,0.0175903082710454,0.01190373409831514,Normal
2018-05-31,SARIMA,5D,3,0.0237791978924951,0.020478520231264404,Normal
2018-06-01,SARIMA,5D,3,0.0161094270910067,0.014766645593675987,Normal
2018-06-04,SARIMA,5D,3,0.0127079691995946,0.010327088691731493,Low
2018-06-05,SARIMA,5D,3,0.0137474902087229,0.004094672720904648,Low
2018-06-06,SARIMA,5D,3,0.0011823350299995,0.01243464201971787,Normal
2018-06-07,SARIMA,5D,3,0.0043652791744877,-0.003191121958427111,Low
2018-06-08,SARIMA,5D,3,0.0002266299512422,0.0061321627293229935,Low
2018-06-11,SARIMA,5D,3,-0.0029698982365844,0.0010180652295279675,Low
2018-06-12,SARIMA,5D,3,-0.0087432834666798,-0.0037109992905645754,Low
2018-06-13,SARIMA,5D,3,-0.0029983387011558,-0.0017362108659527713,Low
2018-06-14,SARIMA,5D,3,-0.0118325680668798,-0.003947812976819134,Low
2018-06-15,SARIMA,5D,3,-0.0089547444962517,-0.007954893126611087,Low
2018-06-18,SARIMA,5D,3,-0.0206460762831359,-0.005673124286232648,Low
2018-06-19,SARIMA,5D,3,-0.0144124078260477,-0.01404769767216361,Low
2018-06-20,SARIMA,5D,3,-0.0247646843633013,-0.014200292118160993,Low
2018-06-21,SARIMA,5D,3,-0.0122392755010497,-0.01598023165012336,Low
2018-06-22,SARIMA,5D,3,-0.0133413628686667,-0.010648645437500777,Low
2018-06-25,SARIMA,5D,3,0.0035416209333973,-0.0043503366290410204,Normal
2018-06-26,SARIMA,5D,3,-0.0036201588528331,0.0017251813335433638,Low
2018-06-27,SARIMA,5D,3,0.0136052842058458,0.0036469150459564875,Low
2018-06-28,SARIMA,5D,3,0.0158911217873946,0.007376207708713011,Low
2018-06-29,SARIMA,5D,3,0.0239172966852191,0.01533241729138331,Low
2018-07-02,SARIMA,5D,3,0.0243212851697478,0.013035752058638543,Low
2018-07-03,SARIMA,5D,3,0.022161428078365,0.024389092091995437,Low
2018-07-05,SARIMA,5D,3,0.022288562912999,0.010622018204392021,Low
2018-07-06,SARIMA,5D,3,0.0149217008490275,0.017054044140323046,Low
2018-07-09,SARIMA,5D,3,0.0051087454427876,0.007678547536806081,Low
2018-07-10,SARIMA,5D,3,0.0056073204674089,0.0026217140564867457,Low
2018-07-11,SARIMA,5D,3,0.0148849889160629,0.004326630858165308,Low
2018-07-12,SARIMA,5D,3,0.0022131704868413,0.011208702074729796,Low
2018-07-13,SARIMA,5D,3,0.0001856171789584,0.004262047822471729,Low
2018-07-16,SARIMA,5D,3,0.0030506441430882,0.004355501151685077,Low
2018-07-17,SARIMA,5D,3,0.0038543386856985,0.0022668198798908874,Low
2018-07-18,SARIMA,5D,3,0.0107565916793336,-0.001581051613878696,Low
2018-07-19,SARIMA,5D,3,0.0116805157795157,0.014807553185165027,Low
2018-07-20,SARIMA,5D,3,0.0060455789059447,0.01111784051735425,Low
2018-07-23,SARIMA,5D,3,-0.0015615727528739,0.00397940954025022,Low
2018-07-24,SARIMA,5D,3,-0.0014582544196243,-0.0016521766891412599,Low
2018-07-25,SARIMA,5D,3,-0.0115595825575681,-0.004747032634959571,Low
2018-07-26,SARIMA,5D,3,-0.0036083302264919,-0.010804041489356573,Low
2018-07-27,SARIMA,5D,3,0.0076089364837016,-0.000759140496345848,Low
2018-07-30,SARIMA,5D,3,0.0169117084500903,0.01021807362310248,Low
2018-07-31,SARIMA,5D,3,0.0148590729772732,0.014763881066282281,Low
2018-08-01,SARIMA,5D,3,0.0156375516515492,0.01823342019844519,Low
2018-08-02,SARIMA,5D,3,0.0092804873923004,0.010431541008323894,Low
2018-08-03,SARIMA,5D,3,-0.002492256936292,0.002746050672679935,Low
2018-08-06,SARIMA,5D,3,-0.010038277253074,-0.007142583144636971,Low
2018-08-07,SARIMA,5D,3,-0.0064895489831425,-0.008459758170750543,Low
2018-08-08,SARIMA,5D,3,-0.0138583431712261,-0.0067344320955815785,Low
2018-08-09,SARIMA,5D,3,-0.0045274139415481,-0.009406509682006535,Low
2018-08-10,SARIMA,5D,3,0.0059295046969593,0.0017848126564824018,Low
2018-08-13,SARIMA,5D,3,0.0123686172650679,0.009414192321311327,Low
2018-08-14,SARIMA,5D,3,0.0080660872032776,0.009789018644031143,Low
2018-08-15,SARIMA,5D,3,0.0152990647304129,0.011446447259822762,Low
2018-08-16,SARIMA,5D,3,0.0057181562542397,0.009614100698550131,Low
2018-08-17,SARIMA,5D,3,0.0085802558072619,0.00017741904143458108,Low
2018-08-20,SARIMA,5D,3,0.0137963223122442,0.003864306648255652,Low
2018-08-21,SARIMA,5D,3,0.0119991644352154,0.013301532309992425,Low
2018-08-22,SARIMA,5D,3,0.0180826379583704,0.006200453910022312,Low
2018-08-23,SARIMA,5D,3,0.0153351598374476,0.019421691737326278,Low
2018-08-24,SARIMA,5D,3,0.0092899223764673,0.01145331613594466,Low
2018-08-27,SARIMA,5D,3,-6.911079522445216e-06,0.004890115256114802,Low
2018-08-28,SARIMA,5D,3,-0.0030832159583867,0.0001759838316114958,Low
2018-08-29,SARIMA,5D,3,-0.0124274494639165,-0.006334259294255116,Low
2018-08-30,SARIMA,5D,3,-0.0102030753144729,-0.010224987973165867,Low
2018-08-31,SARIMA,5D,3,-0.0084415155670846,-0.006435621242748151,Low
2018-09-04,SARIMA,5D,3,-0.0030529578284898,-0.0028102920401782763,Low
2018-09-05,SARIMA,5D,4,0.0001107133226698,-0.0006847438269441159,Low
2018-09-06,SARIMA,5D,4,0.0090380565186791,0.00544435706309979,Low
2018-09-07,SARIMA,5D,4,0.01152929831446,0.007835161455880611,Low
2018-09-10,SARIMA,5D,4,0.0040479791082175,0.010018633996641027,Low
2018-09-11,SARIMA,5D,4,0.0056697662861272,0.0016705274432917637,Low
2018-09-12,SARIMA,5D,4,0.0065656459694056,0.003773077543309776,Low
2018-09-13,SARIMA,5D,4,0.0091073079953435,0.0013455471739100785,Low
2018-09-14,SARIMA,5D,4,0.0084632631575701,0.00611131299884661,Low
2018-09-17,SARIMA,5D,4,0.0105266718351056,0.010470760471826131,Low
2018-09-18,SARIMA,5D,4,0.0038660704743622,0.00814490351624156,Low
2018-09-19,SARIMA,5D,4,-0.0006811172399696,0.0027302894265390024,Low
2018-09-20,SARIMA,5D,4,-0.0057316551967875,-0.002044710730555328,Low
2018-09-21,SARIMA,5D,4,-0.0053699244039186,-0.004903929278706837,Low
2018-09-24,SARIMA,5D,4,0.0017864502522938,-0.00593111295968402,Low
2018-09-25,SARIMA,5D,4,0.0026956298351326,0.004453017062770074,Low
2018-09-26,SARIMA,5D,4,0.0067015962530107,0.004656256648515688,Low
2018-09-27,SARIMA,5D,4,-0.0042609153965102,0.008667263988955242,Low
2018-09-28,SARIMA,5D,4,-0.0097973598369942,-0.0030299241162255928,Low
2018-10-01,SARIMA,5D,4,-0.0138270468875424,-0.01123687299434769,Low
2018-10-02,SARIMA,5D,4,-0.0148491878114176,-0.012017302387684304,Low
2018-10-03,SARIMA,5D,4,-0.048976843590738,-0.014538885266306664,Low
2018-10-04,SARIMA,5D,4,-0.0615613881422696,-0.03620178844379692,Low
2018-10-05,SARIMA,5D,4,-0.0419118381492711,-0.048831293385057296,Low
2018-10-08,SARIMA,5D,4,-0.0474391257322215,-0.032475394217515,Low
2018-10-09,SARIMA,5D,4,-0.0247523878631661,-0.03840181355913711,Low
2018-10-10,SARIMA,5D,4,0.008411306916771,-0.002116970120264469,Normal
2018-10-11,SARIMA,5D,4,0.0147023963139714,0.017675841259072515,Normal
2018-10-12,SARIMA,5D,4,0.0002349257703155,0.007510312996691118,Normal
2018-10-15,SARIMA,5D,4,0.001848610965138,0.006576673148974598,Normal
2018-10-16,SARIMA,5D,4,-0.0249462932504573,-0.0060507204107906574,High
2018-10-17,SARIMA,5D,4,-0.0560443728489332,-0.03592131697406067,High
2018-10-18,SARIMA,5D,4,-0.023094164294878,-0.05116007143944418,High
2018-10-19,SARIMA,5D,4,-0.0402120671696018,-0.013024180542233808,High
2018-10-22,SARIMA,5D,4,-0.0424844783683179,-0.034684929878283706,High
2018-10-23,SARIMA,5D,4,-0.0214120792157463,-0.022217821315537872,High
2018-10-24,SARIMA,5D,4,0.0207315733999656,-5.2120400251735085e-05,High
2018-10-25,SARIMA,5D,4,0.0127803542897808,0.005412567828732494,High
2018-10-26,SARIMA,5D,4,0.0239227712439042,0.021721773080913893,High
2018-10-29,SARIMA,5D,4,0.0360886732362923,0.02491639333780367,High
2018-10-30,SARIMA,5D,4,0.0267831380088234,0.023497560307743536,High
2018-10-31,SARIMA,5D,4,0.0369773378150262,0.003200457336946657,High
2018-11-01,SARIMA,5D,4,0.0239627699580054,0.034241319962294105,High
2018-11-02,SARIMA,5D,4,0.0210579050985128,0.014028554480641409,High
2018-11-05,SARIMA,5D,4,-0.0044249395841488,0.010181741415115507,High
2018-11-06,SARIMA,5D,4,-0.0121477461507313,-0.001434867724924287,High
2018-11-07,SARIMA,5D,4,-0.0407310135299559,-0.017253521189941362,High
2018-11-08,SARIMA,5D,4,-0.0276809117988224,-0.030466062272975727,High
2018-11-09,SARIMA,5D,4,-0.0162184883459659,-0.02354375525124959,High
2018-11-12,SARIMA,5D,4,-0.01310349859622,-0.0020364813010353435,High
2018-11-13,SARIMA,5D,4,-0.0299384753306319,-0.006513292833955445,High
2018-11-14,SARIMA,5D,4,-0.0193036172014141,-0.009566443890004545,High
2018-11-15,SARIMA,5D,4,-0.0364180696559117,-0.019617752045202285,High
2018-11-16,SARIMA,5D,4,-0.0232259313480293,-0.03435378444244689,High
2018-11-19,SARIMA,5D,4,-0.0031863857476951,-0.01975279320685965,High
2018-11-20,SARIMA,5D,4,0.0378456611120046,0.007239659166022917,High
2018-11-21,SARIMA,5D,4,0.032621497255844,0.029364363890598384,High
2018-11-23,SARIMA,5D,4,0.0473354646843172,0.03829367481410505,High
2018-11-26,SARIMA,5D,4,0.0428044906333132,0.036620093127872455,High
2018-11-27,SARIMA,5D,4,0.0066478774301444,0.02825676861339152,High
2018-11-28,SARIMA,5D,4,-0.0175895617871137,-0.014743478160375552,High
2018-11-29,SARIMA,5D,4,-0.0390004026980424,-0.014845535536850413,High
2018-11-30,SARIMA,5D,4,-0.0453773471917438,-0.0428357356658533,High
2018-12-03,SARIMA,5D,4,-0.056615758661412,-0.03954649728313832,High
2018-12-04,SARIMA,5D,4,-0.0183106588125046,-0.03258441718473882,High
2018-12-06,SARIMA,5D,4,-0.0169872212107754,-0.0033462384648013425,High
2018-12-07,SARIMA,5D,4,-0.012662098023153,-0.001807420246987859,High
2018-12-10,SARIMA,5D,4,-0.035414986074646,-0.004174362997556351,High
2018-12-11,SARIMA,5D,4,-0.0349721795455512,-0.02053940091961366,High
2018-12-12,SARIMA,5D,4,-0.0558925097318393,-0.04462753741501363,High
2018-12-13,SARIMA,5D,4,-0.0715903689035281,-0.0464421189929132,High
2018-12-14,SARIMA,5D,4,-0.073122277133369,-0.061420780921583665,High
2018-12-17,SARIMA,5D,4,-0.0796165651831067,-0.049212405536767215,High
2018-12-18,SARIMA,5D,4,-0.0312997843660908,-0.0648448744106533,High
2018-12-19,SARIMA,5D,4,-0.007258096221337,-0.012890266287377853,High
2018-12-20,SARIMA,5D,4,0.0073973593525356,0.006479223287551277,High
2018-12-21,SARIMA,5D,4,0.036657105713283,0.01289829032296328,High
2018-12-24,SARIMA,5D,4,0.0654113716542236,0.04042243931553123,High
2018-12-26,SARIMA,5D,4,-0.0080601378354963,0.03734159748568275,High
2018-12-27,SARIMA,5D,4,0.0171730322560332,-0.016403306836817972,High
2018-12-28,SARIMA,5D,4,0.0254013621614943,0.007998470346423404,High
2018-12-31,SARIMA,5D,4,0.0265933236357848,0.006402659137296348,High
2019-01-02,SARIMA,5D,4,0.0294153019059809,0.0054301255943660694,High
2019-01-03,SARIMA,5D,4,0.0589918750993581,0.05788081189034133,High
2019-01-04,SARIMA,5D,4,0.025086167494529,0.03819746935551756,High
2019-01-07,SARIMA,5D,4,0.0128287969120497,0.01613618322268953,High
2019-01-08,SARIMA,5D,4,0.0138448284553133,0.008683676992372302,High
2019-01-09,SARIMA,5D,4,0.0119746776515793,0.008622598778884681,High
2019-01-10,SARIMA,5D,4,0.015029166983353,-0.006860240448513301,High
2019-01-11,SARIMA,5D,4,0.0282723883676913,0.0259194954567133,High
2019-01-14,SARIMA,5D,4,0.0192853061269683,0.028709685034101554,High
2019-01-15,SARIMA,5D,4,0.0108211771666582,0.015225699949746275,High
2019-01-16,SARIMA,5D,4,0.0099764367485474,0.009428922759370345,High
2019-01-17,SARIMA,5D,4,0.0108665737428296,0.006336893761220059,High
2019-01-18,SARIMA,5D,4,-0.010108114945735,0.0016507838892417677,High
2019-01-22,SARIMA,5D,4,0.0026930539471225,-0.005828722311669922,High
2019-01-23,SARIMA,5D,4,0.0159221739192316,0.005473818885538743,High
2019-01-24,SARIMA,5D,4,0.0231080426180221,0.013472330220509513,High
2019-01-25,SARIMA,5D,4,0.0155533815023111,0.018758029421081755,High
2019-01-28,SARIMA,5D,4,0.0301845384684998,0.02344573078781683,High
2019-01-29,SARIMA,5D,4,0.0363392168409647,0.020224347384376534,High
2019-01-30,SARIMA,5D,4,0.0186826912318958,0.024255093141997003,High
2019-01-31,SARIMA,5D,4,0.0007208492198978,0.011322255143543744,High
2019-02-01,SARIMA,5D,4,0.0004986152011035,0.0030394042522635095,Normal
2019-02-04,SARIMA,5D,4,-0.0055459141125577,-0.007911383071940751,Normal
2019-02-05,SARIMA,5D,4,0.0025645683529307,-0.009838043467009585,Normal
2019-02-06,SARIMA,5D,4,0.0078109156641504,0.008755781455408238,Normal
2019-02-07,SARIMA,5D,4,0.0145569454826821,0.01472525702548366,Normal
2019-02-08,SARIMA,5D,4,0.0247009775816269,0.012768344769781441,Normal
2019-02-11,SARIMA,5D,4,0.0254897471044006,0.024383846668850677,Normal
2019-02-12,SARIMA,5D,4,0.0144574277623027,0.01828187762387538,Normal
2019-02-13,SARIMA,5D,4,0.0079053268427506,0.00974683860973878,Normal
2019-02-14,SARIMA,5D,4,0.0169511289211595,0.0030087502099211513,Normal
2019-02-15,SARIMA,5D,4,0.0073622287059535,0.008442983776638224,Normal
2019-02-19,SARIMA,5D,4,0.0050738377065212,0.004297082713907597,Normal
2019-02-20,SARIMA,5D,4,0.0027541067094823,0.008334415065860266,Low
2019-02-21,SARIMA,5D,4,0.0034572684363733,0.00491856346011795,Low
2019-02-22,SARIMA,5D,4,0.003938286330376,-0.001954841570981953,Normal
2019-02-25,SARIMA,5D,4,-0.0011809255146309,0.007286226424716416,Low
2019-02-26,SARIMA,5D,4,-0.0015223293314974,-6.15236947465582e-05,Low
2019-02-27,SARIMA,5D,4,-0.0075236054993244,-0.00016017864079322574,Low
2019-02-28,SARIMA,5D,4,-0.0128530090387051,-0.006628463673016179,Low
2019-03-01,SARIMA,5D,4,-0.0218586297588718,-0.011098667540824036,Low
2019-03-04,SARIMA,5D,4,-0.0034109868001272,-0.015927254325298627,Low
2019-03-05,SARIMA,5D,4,0.0006701524173848,-0.002297087113616482,Low
2019-03-06,SARIMA,5D,4,0.0141411727785291,0.004091246316409682,Low
2019-03-07,SARIMA,5D,4,0.0214316845852642,0.015658019129524667,Low
2019-03-08,SARIMA,5D,4,0.0285381681251485,0.024142740098445647,Low
2019-03-11,SARIMA,5D,4,0.0176777293605669,0.016839729006948564,Low
2019-03-12,SARIMA,5D,4,0.0145981935528351,0.0135379412980959,Low
2019-03-13,SARIMA,5D,4,0.004723950055046,0.005807358585946264,Low
2019-03-14,SARIMA,5D,4,0.0163863648813315,-0.0004591587053839946,Low
2019-03-15,SARIMA,5D,4,-0.0077429816613723,0.008988477802592612,Low
2019-03-18,SARIMA,5D,4,-0.0122814512935903,-0.002881161426957183,Low
2019-03-19,SARIMA,5D,4,-0.0049938282657296,-0.00988335308582085,Low
2019-03-20,SARIMA,5D,4,-0.0067002748015589,2.051900553580151e-05,Low
2019-03-21,SARIMA,5D,4,-0.0139112355809866,-0.011682057523700181,Low
2019-03-22,SARIMA,5D,4,0.0119572975966112,-0.0004090058386250878,Normal
2019-03-25,SARIMA,5D,4,0.0242988659479659,0.013414293207659736,Normal
2019-03-26,SARIMA,5D,4,0.0171592685548901,0.01820688579144112,Normal
2019-03-27,SARIMA,5D,4,0.0239604842515781,0.016177249939950986,Normal
2019-03-28,SARIMA,5D,4,0.0224598947793108,0.024902840300009155,Normal
2019-03-29,SARIMA,5D,4,0.020373906359085,0.007270327743099112,Normal
2019-04-01,SARIMA,5D,4,0.0099186225915643,0.01042825026313412,Normal
2019-04-02,SARIMA,5D,4,0.0038151906010365,0.010553728894333871,Normal
2019-04-03,SARIMA,5D,4,0.0051409559354472,-0.0012129227087852874,Normal
2019-04-04,SARIMA,5D,4,0.0030966130327957,0.003636169594953384,Normal
2019-04-05,SARIMA,5D,4,0.0050584737992424,0.00231287966233724,Normal
2019-04-08,SARIMA,5D,4,0.0033819948043615,0.008418735438403374,Low
2019-04-09,SARIMA,5D,4,0.0099771995651713,0.00557099383276218,Normal
2019-04-10,SARIMA,5D,4,0.0042289609899325,0.007847047208574143,Normal
2019-04-11,SARIMA,5D,4,0.0057686854738393,0.004582321855766158,Normal
2019-04-12,SARIMA,5D,4,0.0001926129012265,0.003999877396614976,Normal
2019-04-15,SARIMA,5D,4,0.009624531320579,0.0009698217511723851,Normal
2019-04-16,SARIMA,5D,4,0.0069211343924027,0.0048867982457526625,Normal
2019-04-17,SARIMA,5D,4,0.0088284934728688,0.008393091070559043,Normal
2019-04-18,SARIMA,5D,4,0.0119249969719239,0.006729572297629667,Low
2019-04-22,SARIMA,5D,4,0.011984439659225,0.012880984902305445,Low
2019-04-23,SARIMA,5D,4,0.0041330531830212,0.005687142299609264,Low
2019-04-24,SARIMA,5D,4,-0.0012032240642338,0.004493842672664412,Low
2019-04-25,SARIMA,5D,4,-0.0029604269726438,-0.002191497017648923,Low
2019-04-26,SARIMA,5D,4,0.0019573501829687,-0.004439236884394305,Low
2019-04-29,SARIMA,5D,4,-0.0035946115103377,0.0010557746903051756,Low
2019-04-30,SARIMA,5D,4,-0.0211950642980348,0.00037619637279538796,Low
2019-05-01,SARIMA,5D,4,-0.0152713338371634,-0.015267218110726651,Low
2019-05-02,SARIMA,5D,4,-0.0161710878504088,-0.011652567845363164,Low
2019-05-03,SARIMA,5D,4,-0.0220498212594077,-0.0156947856557459,Low
2019-05-06,SARIMA,5D,4,-0.0419952772088326,-0.015716614383286667,Low
2019-05-07,SARIMA,5D,4,-0.0173618015967111,-0.02608471396519406,Low
2019-05-08,SARIMA,5D,4,-0.0099330918795681,-0.015822597610152984,Low
2019-05-09,SARIMA,5D,4,0.0019488638988593,-0.0064745974296499895,Low
2019-05-10,SARIMA,5D,4,-0.0076189673451031,0.006238950384739457,Low
2019-05-13,SARIMA,5D,4,0.0100352438179889,0.00574829550897921,Normal
2019-05-14,SARIMA,5D,4,0.0105112053879637,-0.0005050044725260568,Normal
2019-05-15,SARIMA,5D,4,0.0018608186963412,0.006805297846989003,Normal
2019-05-16,SARIMA,5D,4,-0.0189808306614396,-0.00339349559150479,Normal
2019-05-17,SARIMA,5D,4,-0.0117737497153587,-0.011054517398202405,Normal
2019-05-20,SARIMA,5D,4,-0.0134124417402136,-0.018110705837635244,Normal
2019-05-21,SARIMA,5D,4,-0.0288083010006357,-0.012076079122075981,Normal
2019-05-22,SARIMA,5D,4,-0.0238836359617393,-0.020533253448428622,Normal
2019-05-23,SARIMA,5D,4,-0.0251811489709104,-0.009451874814310519,Normal
2019-05-24,SARIMA,5D,4,-0.0293028633972555,-0.023294672938522956,Normal
2019-05-28,SARIMA,5D,4,0.0003140136840822,-0.022828829676809877,Normal
2019-05-29,SARIMA,5D,4,0.0153786508301275,0.00950291782142916,Normal
2019-05-30,SARIMA,5D,4,0.0193992188311347,0.013100423244625466,Normal
2019-05-31,SARIMA,5D,4,0.0431254033288479,0.019320842173255956,Normal
2019-06-03,SARIMA,5D,4,0.0505436940579213,0.041030623882176716,Normal
2019-06-04,SARIMA,5D,4,0.0289878255188922,0.03040503721409612,High
2019-06-05,SARIMA,5D,4,0.0188194407128411,0.017250780555957208,Normal
2019-06-06,SARIMA,5D,4,0.016791610539687,0.013098261805014657,High
2019-06-07,SARIMA,5D,4,0.0047358195062741,0.000992882538968919,High
2019-06-10,SARIMA,5D,4,0.0010179148638613,-0.0027373242242161454,High
2019-06-11,SARIMA,5D,4,0.0110383459147834,0.008345092992788853,Normal
2019-06-12,SARIMA,5D,4,0.0160587205350446,0.012694145806870531,Normal
2019-06-13,SARIMA,5D,4,0.0213973153680675,0.013579757601355042,Normal
2019-06-14,SARIMA,5D,4,0.0217501108744924,0.02339917908208557,Normal
2019-06-17,SARIMA,5D,4,0.0190854069815525,0.020361366476044137,Normal
2019-06-18,SARIMA,5D,4,-0.0001268582518056,0.011358611467355924,Normal
2019-06-19,SARIMA,5D,4,-0.0043422707236335,-0.0031837465155164367,Normal
2019-06-20,SARIMA,5D,4,-0.0099539902669158,-0.007314429950321038,Normal
2019-06-21,SARIMA,5D,4,-0.0029530321465882,-0.009944946091680127,Normal
2019-06-24,SARIMA,5D,4,0.0064233749249528,-0.002478864900350168,Normal
2019-06-25,SARIMA,5D,4,0.0188889978423289,0.014154213717513664,Normal
2019-06-26,SARIMA,5D,4,0.0277667891818173,0.01855677074760626,Normal
2019-06-27,SARIMA,5D,4,0.0221433691846778,0.027139714450300813,Normal
2019-06-28,SARIMA,5D,4,0.0115552543339544,0.01634281598092962,Normal
2019-07-01,SARIMA,5D,4,0.0051480287814544,0.0055919787422448654,Low
2019-07-02,SARIMA,5D,4,0.0067247284405483,-0.002152285971566671,Low
2019-07-03,SARIMA,5D,4,0.0013642523588127,6.59000942765226e-05,Low
2019-07-05,SARIMA,5D,4,0.0077813208654278,0.0022417346793916753,Low
2019-07-08,SARIMA,5D,4,0.0128043476039357,0.010665268716899004,Low
2019-07-09,SARIMA,5D,4,0.0081589699904715,0.01360949001076917,Low
2019-07-10,SARIMA,5D,4,-0.0028942424117043,0.006071108198618502,Low
2019-07-11,SARIMA,5D,4,-0.0016012642818338,0.00010153780510865993,Low
2019-07-12,SARIMA,5D,4,-0.0124066880487449,-0.004408980928855359,Low
2019-07-15,SARIMA,5D,4,-0.0097578400908788,-0.013372795299901244,Low
2019-07-16,SARIMA,5D,4,0.0004758896034078,-0.006564144954496703,Low
2019-07-17,SARIMA,5D,4,0.0117057478829768,0.005766153807469398,Low
2019-07-18,SARIMA,5D,4,0.0028538536905583,0.009847599758072258,Low
2019-07-19,SARIMA,5D,4,0.0164102789261859,0.008409241216511801,Low
2019-07-22,SARIMA,5D,4,0.0119681553108781,0.013882749236659777,Low
2019-07-23,SARIMA,5D,4,0.0025620247995576,0.006026564616013868,Low
2019-07-24,SARIMA,5D,4,-0.0130603749660582,-0.003262454546689736,Low
2019-07-25,SARIMA,5D,4,-0.0168236060512647,-0.007136590918237047,Low
2019-07-26,SARIMA,5D,4,-0.0314935303616128,-0.02111137116902764,Low
2019-07-29,SARIMA,5D,4,-0.0601062906022502,-0.02541929185203705,Low
2019-07-30,SARIMA,5D,4,-0.0445912813190392,-0.04686101881224511,Low
2019-07-31,SARIMA,5D,4,-0.0328794920330404,-0.029774593250979794,Low
2019-08-01,SARIMA,5D,4,-0.0052515019973693,-0.024684124764412962,Low
2019-08-02,SARIMA,5D,4,-0.0045807065914613,0.0046629184046222474,Low
2019-08-05,SARIMA,5D,4,0.0132556664623181,0.013485697597011794,Normal
2019-08-06,SARIMA,5D,4,0.0153409888184535,0.00828259741721071,Normal
2019-08-07,SARIMA,5D,4,-0.0151559459699411,0.010809331780619517,Normal
2019-08-08,SARIMA,5D,4,-0.0312831717386259,-0.02414667960650103,High
2019-08-09,SARIMA,5D,4,-0.0103215204327238,-0.026192854209187565,High
2019-08-12,SARIMA,5D,4,0.014105464247589,-0.017202492839810787,High
2019-08-13,SARIMA,5D,4,-0.0088590973318284,0.010243633200992476,High
2019-08-14,SARIMA,5D,4,0.0290842346800602,0.007220420084376856,High
2019-08-15,SARIMA,5D,4,0.0261167950226014,0.03446433692702851,High
2019-08-16,SARIMA,5D,4,-0.0144951442724813,0.014219295101501061,High
2019-08-19,SARIMA,5D,4,-0.0156052071060809,-0.023678752152018846,High
2019-08-20,SARIMA,5D,4,-0.0108673135945216,-0.0022693315334478006,High
2019-08-21,SARIMA,5D,4,-0.0125561416213122,-0.027616864026150198,High
2019-08-22,SARIMA,5D,4,0.0005575437790607,-0.011048952191321534,High
2019-08-23,SARIMA,5D,4,0.0274890056617754,0.019568585835874924,High
2019-08-26,SARIMA,5D,4,0.0096428835982921,0.02538104942202473,High
2019-08-27,SARIMA,5D,4,0.0236349306772696,0.007308062800980498,High
2019-08-28,SARIMA,5D,4,0.0300366920684668,0.02212282785289939,High
2019-08-29,SARIMA,5D,4,0.0183394004317492,0.02012667567070587,High
2019-08-30,SARIMA,5D,4,0.0176028049929726,0.0021149883569419156,High
2019-09-03,SARIMA,5D,4,0.024848066751589,0.02231351870671104,High
2019-09-04,SARIMA,5D,4,0.021268013799555,0.013564938523712659,High
2019-09-05,SARIMA,5D,4,0.0112171171560286,0.013329007773074957,High
2019-09-06,SARIMA,5D,4,0.0095822494746856,0.013547224360524633,High
2019-09-09,SARIMA,5D,4,0.0065357512372295,0.0074516929933471625,High
2019-09-10,SARIMA,5D,4,0.0087919241837605,0.0008384614069472901,High
2019-09-11,SARIMA,5D,4,0.0019308851416402,0.007734323962003076,High
2019-09-12,SARIMA,5D,4,-0.0009241566146634,0.005485084094206477,Normal
2019-09-13,SARIMA,5D,4,-0.0051070788425777,-0.00047300530431918213,Normal
2019-09-16,SARIMA,5D,4,-0.0020635065440492,-0.0031813593822859107,Normal
2019-09-17,SARIMA,5D,4,-0.0130939208800627,-0.003071466852266136,Normal
2019-09-18,SARIMA,5D,4,-0.007296868922366,-0.007959346154283788,Normal
2019-09-19,SARIMA,5D,4,-0.0097487144539087,-0.0045536690479487125,Normal
2019-09-20,SARIMA,5D,4,-0.0101716499281569,-0.005739891454701983,Normal
2019-09-23,SARIMA,5D,4,-0.0050397990950809,-0.009472720002942999,Low
2019-09-24,SARIMA,5D,4,-0.0089219370769422,0.0018503373649899272,Low
2019-09-25,SARIMA,5D,4,-0.0331270265065499,-0.00920552083400976,Low
2019-09-26,SARIMA,5D,4,-0.0227548507230698,-0.026006926288947532,Low
2019-09-27,SARIMA,5D,4,-0.0033075309046822,-0.01804001300086521,Low
2019-09-30,SARIMA,5D,4,-0.0128307933936121,-0.004317517349506264,Low
2019-10-01,SARIMA,5D,4,-0.0161798260003093,-0.008197678742325121,Low
2019-10-02,SARIMA,5D,4,0.0109488747021802,-0.0003575103721127153,Normal
2019-10-03,SARIMA,5D,4,0.0094037723400961,0.006881723975855998,Low
2019-10-04,SARIMA,5D,5,0.006166566774626,0.00012458295989674286,Normal
2019-10-07,SARIMA,5D,5,0.0092668373750884,0.010689541920135418,Normal
2019-10-08,SARIMA,5D,5,0.0348564423036876,0.010898869244972057,Normal
2019-10-09,SARIMA,5D,5,0.023791601235648,0.017342573655267635,Normal
2019-10-10,SARIMA,5D,5,0.0201554207936407,0.020511898422763176,Normal
2019-10-11,SARIMA,5D,5,0.0053487954100518,0.018402347754526382,Normal
2019-10-14,SARIMA,5D,5,0.0135849911886045,0.0028191796636149744,Normal
2019-10-15,SARIMA,5D,5,0.0001034965537386,-0.001905785210875154,Normal
2019-10-16,SARIMA,5D,5,0.0049481444527631,0.003404184118860204,Normal
2019-10-17,SARIMA,5D,5,0.0041077271421593,0.0045737813617408645,Normal
2019-10-18,SARIMA,5D,5,0.012099202362615,0.009845222618918972,Normal
2019-10-21,SARIMA,5D,5,0.0108169081733991,0.005997930081293087,Normal
2019-10-22,SARIMA,5D,5,0.0135592054752952,0.015375957396313677,Normal
2019-10-23,SARIMA,5D,5,0.0139641915303217,0.009373592083095315,Normal
2019-10-24,SARIMA,5D,5,0.0090181482366112,0.012252871801140881,Normal
2019-10-25,SARIMA,5D,5,0.0145696492856028,0.003597608353959358,Normal
2019-10-28,SARIMA,5D,5,0.0127010751747975,0.012447020715775452,Normal
2019-10-29,SARIMA,5D,5,0.0123474244194576,0.00889930857081591,Normal
2019-10-30,SARIMA,5D,5,0.0098015856108898,0.009583354471240542,Normal
2019-10-31,SARIMA,5D,5,0.0155553994897095,0.010121781177632048,Normal
2019-11-01,SARIMA,5D,5,0.0084968720751778,0.010028661670176598,Low
2019-11-04,SARIMA,5D,5,0.0028352308565282,0.007393305689046801,Low
2019-11-05,SARIMA,5D,5,0.005585056869612,0.0019471245958104465,Low
2019-11-06,SARIMA,5D,5,0.0055940878474386,0.0054329363949064515,Low
2019-11-07,SARIMA,5D,5,0.0037044052176145,0.0013939629913159886,Low
2019-11-08,SARIMA,5D,5,0.008813030850472,0.005894424046579989,Low
2019-11-11,SARIMA,5D,5,0.0112804525866188,0.01006462996491014,Low
2019-11-12,SARIMA,5D,5,0.0091242591856633,0.008297358174667226,Low
2019-11-13,SARIMA,5D,5,0.0046497211946059,0.007654071112681811,Low
2019-11-14,SARIMA,5D,5,0.0022290224939598,0.004818350609672219,Low
2019-11-15,SARIMA,5D,5,-0.0032644323416373,-0.0006720928676819998,Low
2019-11-18,SARIMA,5D,5,0.0037117932230201,-0.004384675978423137,Low
2019-11-19,SARIMA,5D,5,0.0064977269676528,0.003722284770759225,Low
2019-11-20,SARIMA,5D,5,0.0144267190138937,0.007441040415424193,Low
2019-11-21,SARIMA,5D,5,0.0119914388700941,0.013476574199820757,Low
2019-11-22,SARIMA,5D,5,0.0011503812337543,0.013160763836134915,Low
2019-11-25,SARIMA,5D,5,-0.0129890959117578,-0.0020111436270023354,Low
2019-11-26,SARIMA,5D,5,-0.008878601947928,-0.01242773277812703,Low
2019-11-27,SARIMA,5D,5,-0.0115452106465976,-0.011773131016367087,Low
2019-11-29,SARIMA,5D,5,0.0015683216138172,-0.00935063961212274,Low
2019-12-02,SARIMA,5D,5,0.0070689716233066,0.006283144420158238,Low
2019-12-03,SARIMA,5D,5,0.0126316607123676,0.013475204863115766,Low
2019-12-04,SARIMA,5D,5,0.0092319406329482,0.009960610388372619,Low
2019-12-05,SARIMA,5D,5,0.0162714810818732,0.010218396853667945,Low
2019-12-06,SARIMA,5D,5,0.0072498142016621,0.008345007507835886,Low
2019-12-09,SARIMA,5D,5,0.0175400088286793,0.0035606898362497367,Low
2019-12-10,SARIMA,5D,5,0.0189727810261245,0.011859699447704533,Low
2019-12-11,SARIMA,5D,5,0.0156364498562511,0.017232929448641035,Low
2019-12-12,SARIMA,5D,5,0.0115471613025602,0.009320841478008724,Low
2019-12-13,SARIMA,5D,5,0.0164071779566796,0.013512628652717316,Low
2019-12-16,SARIMA,5D,5,0.0101505857284352,0.008466661725577022,Low
2019-12-17,SARIMA,5D,5,0.0096198823975058,0.006885622136779446,Low
2019-12-18,SARIMA,5D,5,0.0151673384480825,0.008761862129065169,Low
2019-12-19,SARIMA,5D,5,0.0107519437658763,0.014119374214856355,Low
2019-12-20,SARIMA,5D,5,2.1751882192300326e-05,0.006103705147980184,Low
2019-12-23,SARIMA,5D,5,0.0020976738120846,0.002287670043979491,Low
2019-12-24,SARIMA,5D,5,0.0106370364768695,0.0016052921736983707,Low
2019-12-26,SARIMA,5D,5,-0.0015629352981388,0.005801996006819077,Low
2019-12-27,SARIMA,5D,5,0.0019302257564756,9.388346554943441e-05,Low
2019-12-30,SARIMA,5D,5,0.0049206467512307,0.006629001076092619,Low
2019-12-31,SARIMA,5D,5,0.0068694295926811,0.003448173665372112,Low
2020-01-02,SARIMA,5D,5,0.0051587483472708,0.0016439167501452131,Low
2020-01-03,SARIMA,5D,5,0.0093843952247204,0.010134505179438794,Low
2020-01-06,SARIMA,5D,5,0.0128092440763811,0.00664118620134835,Low
2020-01-07,SARIMA,5D,5,0.0141007383240802,0.009543716682363939,Low
2020-01-08,SARIMA,5D,5,0.0110787150821269,0.010945779068460065,Low
2020-01-09,SARIMA,5D,5,0.0127772483874523,0.01009683718672011,Low
2020-01-10,SARIMA,5D,5,0.0194912341224423,0.008638532533855164,Low
2020-01-13,SARIMA,5D,5,0.0098837397069237,0.014434583521217076,Low
2020-01-14,SARIMA,5D,5,0.0116884548405006,0.0070924561284733964,Low
2020-01-15,SARIMA,5D,5,0.0109603307901708,0.01073280230966834,Low
2020-01-16,SARIMA,5D,5,-0.0064547060582548,0.007932288074573529,Low
2020-01-17,SARIMA,5D,5,-0.0261651816625839,-0.009570829659306876,Low
2020-01-21,SARIMA,5D,5,-0.0135062977926458,-0.01850594224409108,Low
2020-01-22,SARIMA,5D,5,-0.0146625822329115,-0.012837886903744638,Low
2020-01-23,SARIMA,5D,5,-0.0126734514960586,-0.012664850689409908,Low
2020-01-24,SARIMA,5D,5,-0.0214546056412278,-0.0023903414834654073,Low
2020-01-27,SARIMA,5D,5,0.0016295724768487,-0.007354094558716181,Low
2020-01-28,SARIMA,5D,5,0.0064955048940021,-0.0027572252360953953,Normal
2020-01-29,SARIMA,5D,5,0.0185505336965597,0.0074731400696211505,Low
2020-01-30,SARIMA,5D,5,0.0187412318233504,0.016206169778062066,Low
2020-01-31,SARIMA,5D,5,0.0311901843852553,0.021720074870819683,Normal
2020-02-03,SARIMA,5D,5,0.0312614487445959,0.01669462218645989,Normal
2020-02-04,SARIMA,5D,5,0.018079181513092,0.024300662276717698,Normal
2020-02-05,SARIMA,5D,5,0.013333255959322,0.009044388367956138,Normal
2020-02-06,SARIMA,5D,5,0.0083813245423315,0.01014975398123353,Normal
2020-02-07,SARIMA,5D,5,0.0156386516502752,-0.0003402419547183977,Normal
2020-02-10,SARIMA,5D,5,0.0054147475435542,0.011205319793942608,Normal
2020-02-11,SARIMA,5D,5,0.008422447141837,0.009277850803621309,Normal
2020-02-12,SARIMA,5D,5,-0.0018422233913635,0.008532142358746468,Normal
2020-02-13,SARIMA,5D,5,-0.0107842562641946,0.0002707243960278147,Normal
2020-02-14,SARIMA,5D,5,-0.0467141717831207,-0.013194498064473,Normal
2020-02-18,SARIMA,5D,5,-0.0745378621723262,-0.03537204951239671,Normal
2020-02-19,SARIMA,5D,5,-0.0830183077801412,-0.06501436437377882,Normal
2020-02-20,SARIMA,5D,5,-0.1243636267044048,-0.06567394338240258,Normal
2020-02-21,SARIMA,5D,5,-0.1220622805812382,-0.10072675176633901,Normal
2020-02-24,SARIMA,5D,5,-0.0429633323913842,-0.08429499956026877,High
2020-02-25,SARIMA,5D,5,-0.0407259129389455,-0.018422836727758875,High
2020-02-26,SARIMA,5D,5,0.0043961337452176,-0.024278141135193106,High
2020-02-27,SARIMA,5D,5,0.0150534876574977,0.03153772176825249,High
2020-02-28,SARIMA,5D,5,0.0061250071147647,0.02145710536653131,High
2020-03-02,SARIMA,5D,5,-0.1178962745950201,-0.02555646524270318,High
2020-03-03,SARIMA,5D,5,-0.0411707372462464,-0.09779664585149205,High
2020-03-04,SARIMA,5D,5,-0.1326099794154851,-0.05463228030518793,High
2020-03-05,SARIMA,5D,5,-0.1980440493779775,-0.11823207574230263,High
2020-03-06,SARIMA,5D,5,-0.0920346987763553,-0.16468534122057654,High
2020-03-09,SARIMA,5D,5,-0.1406764833088012,-0.015035050465954944,High
2020-03-10,SARIMA,5D,5,-0.1306652230989684,-0.14950697392691245,High
2020-03-11,SARIMA,5D,5,-0.1337846026224432,-0.06092277874265002,High
2020-03-12,SARIMA,5D,5,-0.0291429892495688,-0.069875861351585,High
2020-03-13,SARIMA,5D,5,-0.1622790202521715,-0.06349382164245271,High
2020-03-16,SARIMA,5D,5,-0.064358323788931,-0.10579073987339475,High
2020-03-17,SARIMA,5D,5,-0.0329014039066596,-0.04877045186148512,High
2020-03-18,SARIMA,5D,5,0.0317898588462429,-0.01607365745757456,High
2020-03-19,SARIMA,5D,5,0.0876369289500884,-0.015886909589131866,High
2020-03-20,SARIMA,5D,5,0.0976967074618287,0.14511707110824834,High
2020-03-23,SARIMA,5D,5,0.1603947990413803,0.04577481563873415,High
2020-03-24,SARIMA,5D,5,0.0545692557350013,0.1255751520569475,High
2020-03-25,SARIMA,5D,5,-0.0020460974186078,0.016190082535618534,High
2020-03-26,SARIMA,5D,5,-0.0400172714358939,-0.032382400203630854,High
2020-03-27,SARIMA,5D,5,-0.0210022867202119,-0.04554486370826879,High
2020-03-30,SARIMA,5D,5,0.0139993668546436,-0.05704162942305802,High
2020-03-31,SARIMA,5D,5,0.0285373385946971,0.05405074231791803,High
2020-04-01,SARIMA,5D,5,0.1071730725187686,0.049355544271768505,High
2020-04-02,SARIMA,5D,5,0.0989838857655076,0.11102973429709807,High
2020-04-03,SARIMA,5D,5,0.1040806871467748,0.07784683756929034,High
2020-04-06,SARIMA,5D,5,0.066227002574252,0.07255860732414365,High
2020-04-07,SARIMA,5D,5,0.0455546089502452,0.048148581446446646,High
2020-04-08,SARIMA,5D,5,0.0178650755985019,-0.0032978716008693985,High
2020-04-09,SARIMA,5D,5,0.0299225373161231,0.011512548567708737,High
2020-04-13,SARIMA,5D,5,0.0220357511454526,0.015603206678245033,High
2020-04-14,SARIMA,5D,5,-0.0392339236631857,0.030454737071638392,High
2020-04-15,SARIMA,5D,5,0.0057141095913203,-0.027537761490151653,High
2020-04-16,SARIMA,5D,5,-0.0006252959084167,0.0158534133839873,High
2020-04-17,SARIMA,5D,5,-0.013244137362898,-0.007732754132694501,High
2020-04-20,SARIMA,5D,5,0.0194055764341857,-0.009194022746799809,High
2020-04-21,SARIMA,5D,5,0.0453045214800325,0.04645455244351003,High
2020-04-22,SARIMA,5D,5,0.0488699249429688,0.018884089344267677,High
2020-04-23,SARIMA,5D,5,0.0401543492841097,0.04468939919808989,High
2020-04-24,SARIMA,5D,5,-0.0021279522975054,0.04097077762778029,High
2020-04-27,SARIMA,5D,5,-0.0124939979003919,-0.017155891065364436,High
2020-04-28,SARIMA,5D,5,0.0017621074878715,-0.025017222208421765,High
2020-04-29,SARIMA,5D,5,-0.0314784769562441,-0.003460077005172429,High
2020-04-30,SARIMA,5D,5,-0.0107843778822984,-0.025725753558648853,High
2020-05-01,SARIMA,5D,5,0.0344066281977036,0.00969238501868616,High
2020-05-04,SARIMA,5D,5,0.030298874985645,0.0350463614290128,High
2020-05-05,SARIMA,5D,5,0.0005855740158176,0.01976302295203599,High
2020-05-06,SARIMA,5D,5,-0.0100275422094197,0.017675670210105347,High
2020-05-07,SARIMA,5D,5,-0.0100075801602392,-0.016370834094948217,High
2020-05-08,SARIMA,5D,5,-0.0228197000217424,-0.030453760138941383,High
2020-05-11,SARIMA,5D,5,0.0080624393815401,-0.019611261244710437,High
2020-05-12,SARIMA,5D,5,0.0182360574419885,0.020050685401596803,High
2020-05-13,SARIMA,5D,5,0.0523670446796841,0.02121322273035881,High
2020-05-14,SARIMA,5D,5,0.0331041585656589,0.04561688620841483,High
2020-05-15,SARIMA,5D,5,0.0315364290487484,0.03579091639068419,High
2020-05-18,SARIMA,5D,5,0.0127355053001353,0.013108552974512317,High
2020-05-19,SARIMA,5D,5,0.037993700502049,0.005341610290778713,High
2020-05-20,SARIMA,5D,5,0.0193695705637139,0.01380192476969473,High
2020-05-21,SARIMA,5D,5,0.0319743324259755,0.02263967281236834,High
2020-05-22,SARIMA,5D,5,0.0333676032175275,0.025788996262328143,High
2020-05-26,SARIMA,5D,5,0.0293306254784657,0.0359000944637712,High
2020-05-27,SARIMA,5D,5,0.0281688488007154,0.011389077135634832,High
2020-05-28,SARIMA,5D,5,0.0269045990420261,0.03089502275553762,High
2020-05-29,SARIMA,5D,5,0.047977818311354,0.015284931319753723,High
2020-06-01,SARIMA,5D,5,0.0562032582387956,0.03797214342226316,High
2020-06-02,SARIMA,5D,5,0.0401962075366748,0.047635776360556374,High
2020-06-03,SARIMA,5D,5,0.0213122809889289,0.032862121558045666,High
2020-06-04,SARIMA,5D,5,-0.0360660229237511,0.01694375292867142,High
2020-06-05,SARIMA,5D,5,-0.0489637491401752,-0.04317081089576918,High
2020-06-08,SARIMA,5D,5,-0.0526555447278059,-0.04918471978149947,High
2020-06-09,SARIMA,5D,5,-0.0260409484413734,-0.04056989535904304,High
2020-06-10,SARIMA,5D,5,-0.0243204889388208,-0.015242397954072803,High
2020-06-11,SARIMA,5D,5,0.0370262474612698,0.007335182867928872,High
2020-06-12,SARIMA,5D,5,0.0183844472903844,0.04116179476641027,High
2020-06-15,SARIMA,5D,5,0.0165806797688676,0.02158960299726636,High
2020-06-16,SARIMA,5D,5,0.0020939960936407,0.00485081382782432,High
2020-06-17,SARIMA,5D,5,-0.020494473269392,0.003217921515902803,High
2020-06-18,SARIMA,5D,5,-0.0101886889449758,-0.0465933917638953,High
2020-06-19,SARIMA,5D,5,-0.0290483796541332,-0.0016425499359707348,High
2020-06-22,SARIMA,5D,5,-0.0209435848372578,-0.024861127362543714,High
2020-06-23,SARIMA,5D,5,-0.0099494045929859,-0.011349534712829191,High
2020-06-24,SARIMA,5D,5,0.0212554249785469,0.003247629787564427,High
2020-06-25,SARIMA,5D,5,0.0148865677271457,0.014702313392270345,High
2020-06-26,SARIMA,5D,5,0.0551687028341401,0.023402293441499494,High
2020-06-29,SARIMA,5D,5,0.0297123368509628,0.04532182278444201,High
2020-06-30,SARIMA,5D,5,0.0222169736786375,0.02157690305493947,High
2020-07-01,SARIMA,5D,5,0.0115478182265723,0.004034393481059004,High
2020-07-02,SARIMA,5D,5,0.0174286575241983,0.011776641787476286,High
2020-07-06,SARIMA,5D,5,-0.0077349185240238,-0.006574597912263303,High
2020-07-07,SARIMA,5D,5,0.0164598599285238,0.002539919109104942,High
2020-07-08,SARIMA,5D,5,0.0177039306014485,0.015883302787556185,High
2020-07-09,SARIMA,5D,5,0.0199516068635278,0.01913602571729675,High
2020-07-10,SARIMA,5D,5,0.0123843596766684,0.013405705093268466,High
2020-07-13,SARIMA,5D,5,0.0301628021478675,0.022384897424153262,High
2020-07-14,SARIMA,5D,5,0.0185231308995236,0.014204769779912392,High
2020-07-15,SARIMA,5D,5,0.0152127045576424,0.014184902370330599,High
2020-07-16,SARIMA,5D,5,0.0062282413595109,0.010761663485457497,High
2020-07-17,SARIMA,5D,5,-0.0028259612523487,0.007964738475896719,High
2020-07-20,SARIMA,5D,5,-0.0038298296860066,-0.012108878573549833,High
2020-07-21,SARIMA,5D,5,-0.0120018944392131,0.0007116330542130528,High
2020-07-22,SARIMA,5D,5,-0.0053807416819443,-0.009604897717379572,High
2020-07-23,SARIMA,5D,5,0.0032583349668476,-0.0008215205177031519,High
2020-07-24,SARIMA,5D,5,0.0171092112333001,0.007247765269564643,High
2020-07-27,SARIMA,5D,5,0.0168966450761765,0.015605205963060186,Normal
2020-07-28,SARIMA,5D,5,0.0269965035209565,0.019164202239110018,Normal
2020-07-29,SARIMA,5D,5,0.0210538806047319,0.020818525522389907,Normal
2020-07-30,SARIMA,5D,5,0.0312183083888514,0.014227475451081628,Normal
2020-07-31,SARIMA,5D,5,0.0242099014166318,0.01954806152106069,Normal
2020-08-03,SARIMA,5D,5,0.0197930040256648,0.019715854687577514,Normal
2020-08-04,SARIMA,5D,5,0.008186525598154,0.010706036316023106,Normal
2020-08-05,SARIMA,5D,5,0.0156768674562496,0.008261481061035329,Normal
2020-08-06,SARIMA,5D,5,0.0072204687594281,0.0068548000975832985,Normal
2020-08-07,SARIMA,5D,5,0.0064157420931924,0.007661869573607531,Normal
2020-08-10,SARIMA,5D,5,0.0063834543272239,0.006188861872555406,Normal
2020-08-11,SARIMA,5D,5,0.0166852501484181,0.010172959808570857,Normal
2020-08-12,SARIMA,5D,5,-0.0016283754903773,0.010062312562058867,Normal
2020-08-13,SARIMA,5D,5,0.0035745519541253,0.00206429426975719,Normal
2020-08-14,SARIMA,5D,5,0.0071816493333768,0.003225258609161909,Normal
2020-08-17,SARIMA,5D,5,0.0144690871908568,0.005959634981405495,Normal
2020-08-18,SARIMA,5D,5,0.0157582465165802,0.006878731714699529,Normal
2020-08-19,SARIMA,5D,5,0.0303163712066038,0.021810567768076897,Normal
2020-08-20,SARIMA,5D,5,0.0288343624700669,0.023573733547880924,Low
2020-08-21,SARIMA,5D,5,0.0321091653366645,0.022731212181162204,Low
2020-08-24,SARIMA,5D,5,0.0199181747962527,0.023359820477410777,Low
2020-08-25,SARIMA,5D,5,0.0238251064714183,0.015500409331653569,Low
2020-08-26,SARIMA,5D,5,0.0289301552704466,0.011943847179344986,Low
2020-08-27,SARIMA,5D,5,-0.0084990849035479,0.0233693922962904,Low
2020-08-28,SARIMA,5D,5,-0.0233753685073933,-0.010779220886875805,Low
2020-08-31,SARIMA,5D,5,-0.0493268224183516,-0.015777582782325474,Low
2020-09-01,SARIMA,5D,5,-0.036878893176877,-0.04514206635247655,Low
2020-09-02,SARIMA,5D,5,-0.0698691892461422,-0.03546678894171098,Low
2020-09-03,SARIMA,5D,5,-0.0335786649458695,-0.04217744349317106,High
2020-09-04,SARIMA,5D,5,-0.0127510491665715,-0.01997888781873771,High
2020-09-08,SARIMA,5D,5,0.0206035658503948,0.004530178633037006,High
2020-09-09,SARIMA,5D,5,-0.0039708417039374,0.015256951991662111,High
2020-09-10,SARIMA,5D,5,0.0053224546929055,0.016626184465696296,High
2020-09-11,SARIMA,5D,5,-0.0064560524130101,-0.00835244421315256,High
2020-09-14,SARIMA,5D,5,-0.0307559514653309,-0.013241229323443881,High
2020-09-15,SARIMA,5D,5,-0.0254987209974544,-0.04190000893567058,High
2020-09-16,SARIMA,5D,5,-0.0448764130196767,-0.010375885695577777,High
2020-09-17,SARIMA,5D,5,-0.0334454579364953,-0.042283946402474175,High
2020-09-18,SARIMA,5D,5,-0.0063494417644783,-0.022504994027674356,High
2020-09-21,SARIMA,5D,5,0.0212713141166736,0.007837206160934909,High
2020-09-22,SARIMA,5D,5,0.0059840150138535,0.018079992495649677,High
2020-09-23,SARIMA,5D,5,0.0382111964966071,0.01726611851202454,High
2020-09-24,SARIMA,5D,5,0.0405071405062733,0.030410616622581533,High
2020-09-25,SARIMA,5D,5,0.0150328884157139,0.023484438495527213,High
2020-09-28,SARIMA,5D,5,0.0168638055647606,-0.0005188322076329387,High
2020-09-29,SARIMA,5D,5,0.0076160238816814,0.02085376496141033,High
2020-09-30,SARIMA,5D,5,0.0166433450835435,-0.010122979269375219,High
2020-10-01,SARIMA,5D,5,0.0193426084141179,0.010386285781430922,High
2020-10-02,SARIMA,5D,5,0.0377215164612414,0.02669729043788171,High
2020-10-05,SARIMA,5D,5,0.0361909376166647,0.030321035208984274,High
2020-10-06,SARIMA,5D,5,0.0439361103750245,0.03454080419982306,High
2020-10-07,SARIMA,5D,5,0.0200437745207237,0.03249555091954732,High
2020-10-08,SARIMA,5D,5,0.0105366381116412,0.014720462402498337,High
2020-10-09,SARIMA,5D,5,0.001916453387519,-0.0015835401062602847,High
2020-10-12,SARIMA,5D,5,-0.0308307402857478,-0.00014512963576440003,High
2020-10-13,SARIMA,5D,5,-0.0197876533365833,-0.03261749863910195,High
2020-10-14,SARIMA,5D,5,-0.0153405952640942,-0.007650862895102122,High
2020-10-15,SARIMA,5D,5,-0.0086063177463899,-0.0093938636223807,High
2020-10-16,SARIMA,5D,5,-0.005301389882631,-0.003393417121371014,High
2020-10-19,SARIMA,5D,5,-0.0076011993530103,0.01240527138840571,High
2020-10-20,SARIMA,5D,5,-0.015347600023457,-0.009425101314027084,High
2020-10-21,SARIMA,5D,5,-0.0490750281204645,-0.013486270316126822,High
2020-10-22,SARIMA,5D,5,-0.0424038571839583,-0.04367790364266787,High
2020-10-23,SARIMA,5D,5,-0.0580474089496077,-0.03676677443003022,High
2020-10-26,SARIMA,5D,5,-0.0270399850736941,-0.04745908041872154,High
2020-10-27,SARIMA,5D,5,-0.0063670420391708,-0.0181302644430692,High
2020-10-28,SARIMA,5D,5,0.0513660257244986,0.013319415074576499,High
2020-10-29,SARIMA,5D,5,0.0587627665612024,0.04435114215705199,High
2020-10-30,SARIMA,5D,5,0.0706787234210885,0.06153482071244907,High
2015-06-10,SARIMA,20D,1,-0.0259318092879521,-0.01467585010100455,Low
2015-06-11,SARIMA,20D,1,-0.0154059396594725,-0.023684153262044642,Low
2015-06-12,SARIMA,20D,1,0.0026182035009852,-0.013953509404633087,Low
2015-06-15,SARIMA,20D,1,0.0116947663592569,0.002890988476245151,Low
2015-06-16,SARIMA,20D,1,0.0052857795427658,0.01116849467475663,Low
2015-06-17,SARIMA,20D,1,0.0112908285921687,0.005244178854073055,Low
2015-06-18,SARIMA,20D,1,0.0025424001626107,0.010938653465455212,Low
2015-06-19,SARIMA,20D,1,0.0086309520245618,0.0028498072708853057,Low
2015-06-22,SARIMA,20D,1,-0.0017162121997034,0.008468305475650285,Low
2015-06-23,SARIMA,20D,1,-0.0047424436450872,-0.0012374226760954073,Low
2015-06-24,SARIMA,20D,1,-0.0030541881381614,-0.003984082818184151,Low
2015-06-25,SARIMA,20D,1,-0.0108372046782262,-0.002494979786999978,Low
2015-06-26,SARIMA,20D,1,-0.016238803998368,-0.009652305549498134,Low
2015-06-29,SARIMA,20D,1,0.0171582393121328,-0.01476561866257103,Normal
2015-06-30,SARIMA,20D,1,0.0217954198870488,0.016327988520574727,Normal
2015-07-01,SARIMA,20D,1,0.0149116903564342,0.020665563944383673,Normal
2015-07-02,SARIMA,20D,1,0.012945656744929,0.014211533624508735,Normal
2015-07-06,SARIMA,20D,1,0.0140541954989217,0.01239364369178534,Normal
2015-07-07,SARIMA,20D,1,0.0057393957381201,0.013641166352845156,Normal
2015-07-08,SARIMA,20D,1,0.0256421988357525,0.005760114542084436,Normal
2015-07-09,SARIMA,20D,1,0.0155993552683704,0.02420488735401663,Normal
2015-07-10,SARIMA,20D,1,0.0004573460270249,0.014890910382555751,Normal
2015-07-13,SARIMA,20D,1,0.0021789131516949,0.000826692251373504,Normal
2015-07-14,SARIMA,20D,1,-0.0118674247649875,0.002374897021285585,Normal
2015-07-15,SARIMA,20D,1,-0.0101825648260356,-0.010531151366657991,Normal
2015-07-16,SARIMA,20D,1,-0.0194413241388925,-0.009125391341428257,Normal
2015-07-17,SARIMA,20D,1,-0.0166425634889839,-0.01776797694538342,Normal
2015-07-20,SARIMA,20D,1,-0.0122156084035826,-0.015076247835463533,Normal
2015-07-21,SARIMA,20D,1,-0.0105737950964927,-0.011047801248684912,Normal
2015-07-22,SARIMA,20D,1,-0.0164723664858995,-0.009437887907301011,Normal
2015-07-23,SARIMA,20D,1,-0.0321061167286663,-0.014984109827506836,Normal
2015-07-24,SARIMA,20D,1,-0.0537143385538834,-0.029457827033120828,Normal
2015-07-27,SARIMA,20D,1,-0.0881340278353384,-0.04954134659230145,Normal
2015-07-28,SARIMA,20D,1,-0.1140583513798836,-0.08156268724177654,Normal
2015-07-29,SARIMA,20D,1,-0.0830591948727354,-0.105711979165097,Normal
2015-07-30,SARIMA,20D,1,-0.0590803072870678,-0.07694263497825542,Normal
2015-07-31,SARIMA,20D,1,-0.0561976523291399,-0.05468418251826058,Normal
2015-08-03,SARIMA,20D,1,-0.0618640370482194,-0.05208435162953355,Normal
2015-08-04,SARIMA,20D,1,-0.0896344477237146,-0.05731930106606426,Normal
2015-08-05,SARIMA,20D,1,-0.0746166144859907,-0.08283263875052622,Low
2015-08-06,SARIMA,20D,1,-0.0656693028640096,-0.06889467060198742,Low
2015-08-07,SARIMA,20D,1,-0.0782385887619482,-0.060683929547294506,Low
2015-08-10,SARIMA,20D,1,-0.0661917871969348,-0.07241937049395693,Low
2015-08-11,SARIMA,20D,1,-0.0705837582858374,-0.06134376850735331,Low
2015-08-12,SARIMA,20D,1,-0.0662692864791163,-0.06519759353514452,Low
2015-08-13,SARIMA,20D,1,-0.0605162541657488,-0.06121380151777916,Low
2015-08-14,SARIMA,20D,1,-0.0685186276631518,-0.0559817805312518,Low
2015-08-17,SARIMA,20D,1,-0.0609668317411222,-0.06328944903721954,Low
2015-08-18,SARIMA,20D,1,-0.0496701080901133,-0.05635486863600494,Low
2015-08-19,SARIMA,20D,1,-0.0439453161230762,-0.04580251119689646,Low
2015-08-20,SARIMA,20D,1,-0.0389155866233136,-0.04046912333267358,Normal
2015-08-21,SARIMA,20D,1,-0.0019909520677624,-0.03586720455573273,High
2015-08-24,SARIMA,20D,1,0.0258255622593784,-0.0014458781830428858,High
2015-08-25,SARIMA,20D,1,0.0373890677724402,0.024445218972765758,High
2015-08-26,SARIMA,20D,1,-0.0042708835333978,0.03517133679852579,High
2015-08-27,SARIMA,20D,1,-0.0287440398243084,-0.003570531353844307,High
2015-08-28,SARIMA,20D,1,-0.0553538021439936,-0.026146620682310624,High
2015-08-31,SARIMA,20D,1,-0.0456946295670278,-0.05092820811750859,High
2015-09-01,SARIMA,20D,1,0.0032239188789652,-0.042026665977065274,High
2015-09-02,SARIMA,20D,1,-0.0129318138659121,0.0031678315698906003,High
2015-09-03,SARIMA,20D,1,0.0001178634510745,-0.011775164373737948,High
2015-09-04,SARIMA,20D,1,0.0336907657238529,0.00033820261777710043,High
2015-09-08,SARIMA,20D,1,0.0053224391826711,0.03175217251646423,High
2015-09-09,SARIMA,20D,1,0.0273209948093088,0.005597269071504152,High
2015-09-10,SARIMA,20D,1,0.0308366995089315,0.025706393426069923,High
2015-09-11,SARIMA,20D,1,0.0270845416244606,0.02913402251111737,High
2015-09-14,SARIMA,20D,1,0.0324572473248373,0.025765736696713247,High
2015-09-15,SARIMA,20D,1,0.0128587360032778,0.030425838744330573,High
2015-09-16,SARIMA,20D,1,-0.0005364356240372,0.012473729382773788,High
2015-09-17,SARIMA,20D,1,0.0167714601698779,-7.818263490663464e-05,High
2015-09-18,SARIMA,20D,1,0.0376277524979583,0.015977089562774528,High
2015-09-21,SARIMA,20D,1,0.0333428694081588,0.035421645344129955,High
2015-09-22,SARIMA,20D,1,0.0443156983716433,0.03129836311836047,High
2015-09-23,SARIMA,20D,1,0.0405239936901029,0.04152939894411112,High
2015-09-24,SARIMA,20D,1,0.0603834925740035,0.03817129629109673,High
2015-09-25,SARIMA,20D,1,0.0718193483442668,0.05666579371624622,High
2015-09-28,SARIMA,20D,1,0.0959056265059758,0.06716662284438149,High
2015-09-29,SARIMA,20D,1,0.0921161467279064,0.08964916728085143,High
2015-09-30,SARIMA,20D,1,0.0849907366124848,0.08604634363879156,High
2015-10-01,SARIMA,20D,1,0.0825689225534869,0.07955220425687753,High
2015-10-02,SARIMA,20D,1,0.0635336478486558,0.07726046633103655,High
2015-10-05,SARIMA,20D,1,0.0572129306689683,0.05963514414489515,High
2015-10-06,SARIMA,20D,1,0.063531972938179,0.05360972542602665,High
2015-10-07,SARIMA,20D,1,0.0519767861409791,0.05946558591371972,High
2015-10-08,SARIMA,20D,1,0.0420642162399224,0.0487439554081343,High
2015-10-09,SARIMA,20D,1,0.0409916858993833,0.03943145718433332,High
2015-10-12,SARIMA,20D,1,0.0298457307655479,0.03849827711043392,High
2015-10-13,SARIMA,20D,1,0.0382040096091247,0.02820227251775415,High
2015-10-14,SARIMA,20D,1,0.0396981331994949,0.03587645402795175,High
2015-10-15,SARIMA,20D,1,0.0108654185115071,0.037270558412338985,High
2015-10-16,SARIMA,20D,1,-0.0049652832943452,0.010504523116469083,High
2015-10-19,SARIMA,20D,1,0.0095575105560159,-0.004273917512612313,High
2015-10-20,SARIMA,20D,1,0.0096393345936631,0.009336637051061216,Normal
2015-10-21,SARIMA,20D,1,0.0315150133819696,0.009377318639804356,Normal
2015-10-22,SARIMA,20D,1,0.0139004260403963,0.029549396783254467,High
2015-10-23,SARIMA,20D,1,0.0067334273515029,0.013231259471161532,High
2015-10-26,SARIMA,20D,1,0.007412736510919,0.006731486383165099,Normal
2015-10-27,SARIMA,20D,1,0.0111913723209673,0.007287484255927033,Normal
2015-10-28,SARIMA,20D,1,-0.0007082567821432,0.010924236282959306,Normal
2015-10-29,SARIMA,20D,1,0.0003350601579984,-0.00035547152732865253,Normal
2015-10-30,SARIMA,20D,1,0.0005047417068051,0.00066668300361865,Normal
2015-11-02,SARIMA,20D,1,-0.0006751956852701,0.0008658900775210957,Normal
2015-11-03,SARIMA,20D,1,-0.0144561412497865,-0.00021360369693574233,Normal
2015-11-04,SARIMA,20D,1,-0.0253823007542894,-0.01311563728974607,Normal
2015-11-05,SARIMA,20D,1,-0.0039316546339399,-0.02320774587179135,Normal
2015-11-06,SARIMA,20D,1,-0.010598016814314,-0.003264984259839512,Normal
2015-11-09,SARIMA,20D,1,-0.0072377787834061,-0.00947167834369058,Normal
2015-11-10,SARIMA,20D,1,-0.0165163203025484,-0.006418474511976329,Normal
2015-11-11,SARIMA,20D,1,-0.0110341564023848,-0.015036075853287516,Normal
2015-11-12,SARIMA,20D,1,-0.0165588608215675,-0.009759854392609991,Normal
2015-11-13,SARIMA,20D,1,-0.0005439323253439,-0.01504745127212135,Normal
2015-11-16,SARIMA,20D,1,-0.0047746550136639,-0.00010101840628830121,Normal
2015-11-17,SARIMA,20D,1,0.0109762576553539,-0.004105180822052635,Normal
2015-11-18,SARIMA,20D,1,-0.0202117488576946,0.01062140602040341,Normal
2015-11-19,SARIMA,20D,1,-0.0370455035358221,-0.018440695168331297,Normal
2015-11-20,SARIMA,20D,1,-0.0331001520888153,-0.033975362679092506,Normal
2015-11-23,SARIMA,20D,1,-0.0230864326555622,-0.030414369919216065,Normal
2015-11-24,SARIMA,20D,1,-0.0119660860729691,-0.020991445345798422,Normal
2015-11-25,SARIMA,20D,1,-0.0134368608618654,-0.010908962590428221,Normal
2015-11-27,SARIMA,20D,1,-0.0162112388776523,-0.012208032250886916,Normal
2015-11-30,SARIMA,20D,1,-0.0009857745650108,-0.014677434470362336,Normal
2015-12-01,SARIMA,20D,1,-0.0188531122955285,-0.0004832648636745908,Normal
2015-12-02,SARIMA,20D,1,-0.0172530046975476,-0.01708817013227776,Normal
2015-12-03,SARIMA,20D,1,-0.0181972200512034,-0.01566682036803569,Normal
2015-12-04,SARIMA,20D,1,-0.0365048722756948,-0.016552793532440224,Normal
2015-12-07,SARIMA,20D,1,-0.042692991317923,-0.03347693650036122,Normal
2015-12-08,SARIMA,20D,1,-0.0601677552116733,-0.03941197484077755,Normal
2015-12-09,SARIMA,20D,1,-0.0632962062918285,-0.05555929131126534,Normal
2015-12-10,SARIMA,20D,1,-0.0646921545746006,-0.05848220135075775,Normal
2015-12-11,SARIMA,20D,1,-0.0373057727010106,-0.059878611496035856,High
2015-12-14,SARIMA,20D,1,-0.0673324358429877,-0.03435049214457484,Normal
2015-12-15,SARIMA,20D,1,-0.0613369550145181,-0.06233883337213655,Normal
2015-12-16,SARIMA,20D,1,-0.0975833633634519,-0.05668954494869031,High
2015-12-17,SARIMA,20D,1,-0.0818969065401467,-0.09038708730764225,Normal
2015-12-18,SARIMA,20D,1,-0.0757021775589383,-0.07563824616575775,High
2015-12-21,SARIMA,20D,1,-0.0782684956501463,-0.07019064025630388,High
2015-12-22,SARIMA,20D,1,-0.0669658643595018,-0.0723858135517821,High
2015-12-23,SARIMA,20D,1,-0.095069006059877,-0.06211118778693909,High
2015-12-24,SARIMA,20D,1,-0.0794238528256458,-0.08796616222454136,High
2015-12-28,SARIMA,20D,1,-0.0881658386698681,-0.07346483044364736,High
2015-12-29,SARIMA,20D,1,-0.0932261521252997,-0.08164109443464948,High
2015-12-30,SARIMA,20D,1,-0.0615241023469646,-0.08626955377594198,High
2015-12-31,SARIMA,20D,1,-0.0525109521510386,-0.057007111657246486,High
2016-01-04,SARIMA,20D,1,-0.056009879071464,-0.04839003132733269,High
2016-01-05,SARIMA,20D,1,-0.0530404631892498,-0.05177508693213725,High
2016-01-06,SARIMA,20D,1,-0.0383127318941003,-0.04899647470800216,High
2016-01-07,SARIMA,20D,1,-0.0329810736511075,-0.03509561048887886,High
2016-01-08,SARIMA,20D,1,-0.0363385941283168,-0.030253048986879912,High
2016-01-11,SARIMA,20D,1,-0.0378553430708996,-0.033442258720827345,High
2016-01-12,SARIMA,20D,1,-0.0458168253194352,-0.03481760997189288,High
2016-01-13,SARIMA,20D,1,-0.0329118975707825,-0.0421536247250904,High
2016-01-14,SARIMA,20D,1,-0.0301399432981203,-0.03020030903573766,High
2016-01-15,SARIMA,20D,1,0.0080775671417269,-0.027669523948579456,High
2016-01-19,SARIMA,20D,1,0.0238919975799392,0.007878564102657287,High
2016-01-20,SARIMA,20D,1,0.0309781314819031,0.022547693617510325,High
2016-01-21,SARIMA,20D,1,0.0257701095641531,0.029251727895590534,High
2016-01-22,SARIMA,20D,1,0.0200401137810157,0.02435666479941578,High
2016-01-25,SARIMA,20D,1,0.0232690813830488,0.01922925244092433,High
2016-01-26,SARIMA,20D,1,0.0136538035873126,0.022120677703280574,High
2016-01-27,SARIMA,20D,1,0.0358610926182919,0.013136313423948762,High
2016-01-28,SARIMA,20D,1,0.0284758765711358,0.03372066925140762,High
2016-01-29,SARIMA,20D,1,-0.0041369055149924,0.026848044284322727,High
2016-02-01,SARIMA,20D,1,0.019894814732168,-0.003430808273381853,High
2016-02-02,SARIMA,20D,1,0.0429017333115012,0.01884548651236353,High
2016-02-03,SARIMA,20D,1,0.0414147476102441,0.04041563153539228,High
2016-02-04,SARIMA,20D,1,0.0431896191836626,0.038874747378989834,High
2016-02-05,SARIMA,20D,1,0.0627284002608782,0.04038003317061394,High
2016-02-08,SARIMA,20D,1,0.0656797021279293,0.05885600256870735,High
2016-02-09,SARIMA,20D,1,0.0713832155575037,0.061604181401654134,High
2016-02-10,SARIMA,20D,1,0.0717279764853873,0.0667789201951782,High
2016-02-11,SARIMA,20D,1,0.1003679694034948,0.06711732653946019,High
2016-02-12,SARIMA,20D,1,0.0797761855798369,0.09385096758538401,High
2016-02-16,SARIMA,20D,1,0.0615558169038342,0.0746165353917485,High
2016-02-17,SARIMA,20D,1,0.0507944341599727,0.057689830441205736,High
2016-02-18,SARIMA,20D,1,0.0620446493525036,0.04765469271856246,High
2016-02-19,SARIMA,20D,1,0.0664666498853316,0.058276147463340935,High
2016-02-22,SARIMA,20D,1,0.0531010106905478,0.06212190172987385,High
2016-02-23,SARIMA,20D,1,0.0647558153645641,0.04969822914460631,High
2016-02-24,SARIMA,20D,1,0.0539193457992649,0.06057107049933443,High
2016-02-25,SARIMA,20D,1,0.0422568372894374,0.050613959890233304,High
2016-02-26,SARIMA,20D,1,0.0446738095070744,0.03973475696372879,High
2016-02-29,SARIMA,20D,1,0.0616059526528835,0.041883767214588044,High
2016-03-01,SARIMA,20D,1,0.0423584472448309,0.05776504385050321,High
2016-03-02,SARIMA,20D,1,0.0362306550241083,0.039744264687552974,High
2016-03-03,SARIMA,20D,1,0.0390489797703912,0.03403699742197869,High
2016-03-04,SARIMA,20D,1,0.0325350598585948,0.03673259343258821,High
2016-03-07,SARIMA,20D,1,0.0214541386459363,0.030758017873976605,High
2016-03-08,SARIMA,20D,1,0.0432106926339557,0.020256355538629624,High
2016-03-09,SARIMA,20D,1,0.0261229458811367,0.0405544830334791,High
2016-03-10,SARIMA,20D,1,0.0287498556886304,0.024712363049839724,High
2016-03-11,SARIMA,20D,1,0.0097437642101751,0.027103649043857352,Normal
2016-03-14,SARIMA,20D,1,0.020621286708177,0.009401269712318602,Normal
2016-03-15,SARIMA,20D,1,0.0324499874110528,0.019697252570544905,Normal
2016-03-16,SARIMA,20D,1,0.0270381719594053,0.03048646901474605,Normal
2016-03-17,SARIMA,20D,1,0.0194798193146631,0.025558370808917083,Normal
2016-03-18,SARIMA,20D,1,0.021603577677435,0.01840878143940401,Normal
2016-03-21,SARIMA,20D,1,0.0236982236760091,0.020544717049770036,Normal
2016-03-22,SARIMA,20D,1,0.0253372516220157,0.022502223368617284,Normal
2016-03-23,SARIMA,20D,1,0.0265361982953909,0.023933824747963264,Normal
2016-03-24,SARIMA,20D,1,0.0269621986543086,0.025034498390867757,Normal
2016-03-28,SARIMA,20D,1,0.0246034021454731,0.025482258765101726,Normal
2016-03-29,SARIMA,20D,1,0.0176963902654728,0.02328945390162312,Normal
2016-03-30,SARIMA,20D,1,0.0150035043836535,0.01686477877616845,Low
2016-03-31,SARIMA,20D,1,0.0077717106817125,0.014358789899545327,Low
2016-04-01,SARIMA,20D,1,-0.0036151976154444,0.00762995165482374,Low
2016-04-04,SARIMA,20D,1,0.0073778891276541,-0.0029744413698327985,Low
2016-04-05,SARIMA,20D,1,0.0088596881510527,0.00722161150765091,Low
2016-04-06,SARIMA,20D,1,-0.0075476924864328,0.008620594731981084,Low
2016-04-07,SARIMA,20D,1,0.0042613447907777,-0.0066635358491646856,Normal
2016-04-08,SARIMA,20D,1,0.0046482527397141,0.0042915724912866455,Normal
2016-04-11,SARIMA,20D,1,0.0081450119369279,0.0047730786666558885,Low
2016-04-12,SARIMA,20D,1,0.010935623291575,0.007975471979998596,Low
2016-04-13,SARIMA,20D,1,-0.0086619693548514,0.010470200064447061,Low
2016-04-14,SARIMA,20D,1,-0.0090043610529482,-0.007601248335974785,Low
2016-04-15,SARIMA,20D,1,-0.0165340256385547,-0.007979392762693688,Low
2016-04-18,SARIMA,20D,1,-0.0133047748627399,-0.01496364891870276,Low
2016-04-19,SARIMA,20D,1,-0.0258403763177692,-0.011963320703062039,Low
2016-04-20,SARIMA,20D,1,-0.0263964736806022,-0.02374552246488521,Low
2016-04-21,SARIMA,20D,1,-0.0249025053460309,-0.024161799091032814,Low
2016-04-22,SARIMA,20D,1,-0.0189489047027671,-0.022813204687078745,Low
2016-04-25,SARIMA,20D,1,-0.0192228516501059,-0.017219162099097882,Low
2016-04-26,SARIMA,20D,1,-0.0075052142903526,-0.017561541393089342,Low
2016-04-27,SARIMA,20D,1,-0.002202678750516,-0.0066025298905735335,Low
2016-04-28,SARIMA,20D,1,0.0068604912611171,-0.0016602810268034661,Low
2016-04-29,SARIMA,20D,1,0.0162141354311139,0.006793437427280806,Low
2016-05-02,SARIMA,20D,1,0.0074287601132798,0.015458762835468435,Low
2016-05-03,SARIMA,20D,1,0.0172776581556018,0.007356631209437093,Low
2016-05-04,SARIMA,20D,1,0.0260529370280607,0.01648372111745897,Low
2016-05-05,SARIMA,20D,1,0.02337591148416,0.02466728855210978,Low
2016-05-06,SARIMA,20D,1,0.025091629449971,0.022183102953742356,Low
2016-05-09,SARIMA,20D,1,0.0256270317715587,0.023679974000187454,Low
2016-05-10,SARIMA,20D,1,0.0165247685074763,0.024279471006063227,Low
2016-05-11,SARIMA,20D,1,0.0244130557874512,0.01581297842629809,Low
2016-05-12,SARIMA,20D,1,0.0153650026452495,0.02308729603652984,Low
2016-05-13,SARIMA,20D,1,0.0157311380172925,0.014697091713590286,Low
2016-05-16,SARIMA,20D,1,0.0041816565557078,0.015031588039964607,Low
2016-05-17,SARIMA,20D,1,0.0117951110440604,0.004237411233314225,Low
2016-05-18,SARIMA,20D,1,0.0147180464687046,0.011409499394305252,Low
2016-05-19,SARIMA,20D,1,0.0151683568468163,0.014035183491616404,Low
2016-05-20,SARIMA,20D,1,0.0149582804024347,0.014503450313264967,Low
2016-05-23,SARIMA,20D,1,0.0197543075747462,0.014241041848371185,Low
2016-05-24,SARIMA,20D,1,0.0045127410441802,0.01880444649007775,Normal
2016-05-25,SARIMA,20D,1,0.0108377784645518,0.0046076424637033755,Normal
2016-05-26,SARIMA,20D,1,-0.0255325482911022,0.01047659979446178,Normal
2016-05-27,SARIMA,20D,1,-0.0480724897422444,-0.023348256686622,Normal
2016-05-31,SARIMA,20D,1,-0.0294525995175666,-0.04428033526290123,Normal
2016-06-01,SARIMA,20D,1,-0.0136977552002388,-0.027076530659777703,Low
2016-06-02,SARIMA,20D,1,-0.0030445882177591,-0.012310261723224164,Low
2016-06-03,SARIMA,20D,1,0.0018181803119677,-0.0026420097027368633,Low
2016-06-06,SARIMA,20D,1,-0.0099381771929945,0.0019435744064918736,Low
2016-06-07,SARIMA,20D,1,-0.0058881057639159,-0.008765619861860793,Low
2016-06-08,SARIMA,20D,1,-0.0100641656226037,-0.005008196197623281,Low
2016-06-09,SARIMA,20D,1,0.0067932565412822,-0.008914121145007621,Low
2016-06-10,SARIMA,20D,1,0.0194136082634467,0.006733402403494264,Low
2016-06-13,SARIMA,20D,1,0.0345467493605018,0.01837745189311798,Low
2016-06-14,SARIMA,20D,1,0.0364820131074552,0.032534481871677276,Low
2016-06-15,SARIMA,20D,1,0.0435698449729624,0.03428932081442169,Low
2016-06-16,SARIMA,20D,1,0.0395123728020458,0.04099737249170116,Low
2016-06-17,SARIMA,20D,1,0.0451551187685234,0.03720703589038906,Low
2016-06-20,SARIMA,20D,1,0.0379275314896849,0.04247346917737566,Low
2016-06-21,SARIMA,20D,1,0.0394803492012393,0.03568397780123404,Low
2016-06-22,SARIMA,20D,1,0.0375142083412901,0.037157789811763056,Low
2016-06-23,SARIMA,20D,1,0.0287822680588454,0.03526939190183901,Low
2016-06-24,SARIMA,20D,1,0.0623470421244983,0.027202532341340062,Normal
2016-06-27,SARIMA,20D,1,0.0809320207969203,0.058344563201374953,Normal
2016-06-28,SARIMA,20D,1,0.0621186382460239,0.0756736741776076,High
2016-06-29,SARIMA,20D,1,0.0468343157228623,0.058159596777439176,High
2016-06-30,SARIMA,20D,1,0.034990432691054,0.04390754306340842,High
2016-07-01,SARIMA,20D,1,0.0317731322505308,0.03312882681405589,High
2016-07-05,SARIMA,20D,1,0.0322622204234618,0.030065796873811813,High
2016-07-06,SARIMA,20D,1,0.0300525760812569,0.030317039262276458,High
2016-07-07,SARIMA,20D,1,0.031137083267479,0.028274724567777017,High
2016-07-08,SARIMA,20D,2,0.0245655939908669,0.029417205172223272,High
2016-07-11,SARIMA,20D,2,0.0202551973873269,0.023310459169535128,High
2016-07-12,SARIMA,20D,2,0.0136600730665374,0.019298046464894657,High
2016-07-13,SARIMA,20D,2,0.0106565173280673,0.013125625441014262,High
2016-07-14,SARIMA,20D,2,0.0101345096288141,0.010332668575870023,High
2016-07-15,SARIMA,20D,2,0.010267525301771,0.009813545225897044,High
2016-07-18,SARIMA,20D,2,0.0106770797744241,0.009945395524792896,High
2016-07-19,SARIMA,20D,2,0.0066191420583614,0.010317365214143583,High
2016-07-20,SARIMA,20D,2,0.004224779748753,0.006539410045310331,High
2016-07-21,SARIMA,20D,2,0.0100410513016603,0.004311994363352811,High
2016-07-22,SARIMA,20D,2,0.0040561149433819,0.009748304843723146,High
2016-07-25,SARIMA,20D,2,0.0065086517999886,0.004158179012109597,Normal
2016-07-26,SARIMA,20D,2,0.0081357868176308,0.006431001510723328,Normal
2016-07-27,SARIMA,20D,2,0.0040809925047676,0.007956911309598642,Low
2016-07-28,SARIMA,20D,2,0.0011099116600298,0.0042021901563967035,Low
2016-07-29,SARIMA,20D,2,-0.0021001326963411,0.0013791717890568825,Low
2016-08-01,SARIMA,20D,2,0.0043848898798241,-0.0015863969937796275,Low
2016-08-02,SARIMA,20D,2,0.0088112392853691,0.004469353869523195,Low
2016-08-03,SARIMA,20D,2,0.0033035054637354,0.008581468464788966,Low
2016-08-04,SARIMA,20D,2,0.0030495707748348,0.003439364430705525,Low
2016-08-05,SARIMA,20D,2,-0.0013248849155106,0.0032003299470744497,Low
2016-08-08,SARIMA,20D,2,0.0025599347460361,-0.0008470961403566771,Low
2016-08-09,SARIMA,20D,2,0.0020238208211868,0.0027754526497403755,Low
2016-08-10,SARIMA,20D,2,0.0026671296922049,0.0022346166259281817,Low
2016-08-11,SARIMA,20D,2,-0.0268840278210751,0.0028558968791196817,Low
2016-08-12,SARIMA,20D,2,-0.0115172772007267,-0.024768842927643767,Low
2016-08-15,SARIMA,20D,2,-0.0292480417734594,-0.010379707218888931,Low
2016-08-16,SARIMA,20D,2,-0.024341748956794,-0.026961595104629525,Low
2016-08-17,SARIMA,20D,2,-0.0161500785135097,-0.02237324385787305,Low
2016-08-18,SARIMA,20D,2,-0.0221267080054643,-0.01484535584780008,Low
2016-08-19,SARIMA,20D,2,-0.0207040016705207,-0.020250721548164145,Low
2016-08-22,SARIMA,20D,2,-0.0198414263029635,-0.01905462642145196,Low
2016-08-23,SARIMA,20D,2,-0.0109332931476893,-0.018159758576225572,Low
2016-08-24,SARIMA,20D,2,0.0007995140296244,-0.009822550997950343,Low
2016-08-25,SARIMA,20D,2,-0.0035876185334487,0.001082081102118551,Low
2016-08-26,SARIMA,20D,2,-0.0106324044126515,-0.002987461227987225,Low
2016-08-29,SARIMA,20D,2,-0.0094233376760278,-0.009570847911406593,Low
2016-08-30,SARIMA,20D,2,-0.0021851696652625,-0.008407707026754849,Low
2016-08-31,SARIMA,20D,2,-0.0091716062897812,-0.001631450334935951,Low
2016-09-01,SARIMA,20D,2,-0.0011938283123421,-0.008222028741308706,Low
2016-09-02,SARIMA,20D,2,-0.0086520930929038,-0.000781162740095669,Low
2016-09-06,SARIMA,20D,2,-0.0165972172492712,-0.007716597989338107,Low
2016-09-07,SARIMA,20D,2,-0.0121633350797807,-0.015113845577809643,Low
2016-09-08,SARIMA,20D,2,-0.0094564030347059,-0.011028583623699925,Low
2016-09-09,SARIMA,20D,2,0.0121125519345162,-0.008439545535693533,Low
2016-09-12,SARIMA,20D,2,0.0021374950184061,0.011648998852272642,Normal
2016-09-13,SARIMA,20D,2,0.004554665598861,0.002325946249396138,Normal
2016-09-14,SARIMA,20D,2,0.0062884472050729,0.004633300046224888,Normal
2016-09-15,SARIMA,20D,2,-0.006874145656601,0.00624710004096039,Normal
2016-09-16,SARIMA,20D,2,-0.0028931337019078,-0.005970847733402571,Normal
2016-09-19,SARIMA,20D,2,-0.0059171485799234,-0.002376573512656622,Normal
2016-09-20,SARIMA,20D,2,-7.473645845881343e-05,-0.0051530386111503165,Normal
2016-09-21,SARIMA,20D,2,-0.0087431646367442,0.000302945291103824,Normal
2016-09-22,SARIMA,20D,2,-0.0165985876857672,-0.007856654039625346,Normal
2016-09-23,SARIMA,20D,2,-0.0109294398662032,-0.015127935715201766,Normal
2016-09-26,SARIMA,20D,2,0.0024340048991402,-0.009859605222931984,Normal
2016-09-27,SARIMA,20D,2,-0.0077944477308641,0.0026608671846799587,Normal
2016-09-28,SARIMA,20D,2,-0.0148189522556939,-0.006953435271993876,Normal
2016-09-29,SARIMA,20D,2,-0.0084450204316215,-0.013514932962121586,Normal
2016-09-30,SARIMA,20D,2,-0.0194945531592741,-0.007506278781961074,Normal
2016-10-03,SARIMA,20D,2,-0.0163508138619457,-0.017795638247603954,Normal
2016-10-04,SARIMA,20D,2,-0.0181929511843186,-0.014952835632892262,Normal
2016-10-05,SARIMA,20D,2,-0.0290273218689698,-0.016663320977465,Normal
2016-10-06,SARIMA,20D,2,-0.0339419787441838,-0.026731480276785506,Normal
2016-10-07,SARIMA,20D,2,-0.0323507115742625,-0.03139340542864633,Normal
2016-10-10,SARIMA,20D,2,-0.0149658421621217,-0.029850959758279373,Normal
2016-10-11,SARIMA,20D,2,0.0013236139327915,-0.013629303944378243,Low
2016-10-12,SARIMA,20D,2,0.0111938016060487,0.0015510125837323507,Low
2016-10-13,SARIMA,20D,2,0.0162467237343781,0.010793630791219106,Low
2016-10-14,SARIMA,20D,2,0.0146462112274593,0.015539858582192456,Low
2016-10-17,SARIMA,20D,2,0.0175733198821164,0.014110529560624677,Low
2016-10-18,SARIMA,20D,2,0.0188847692985071,0.01684532202417315,Low
2016-10-19,SARIMA,20D,2,0.0151116806207807,0.018048343954757202,Low
2016-10-20,SARIMA,20D,2,0.0211538211133594,0.014506128281505484,Low
2016-10-21,SARIMA,20D,2,0.0188483148879658,0.020124669917031886,Low
2016-10-24,SARIMA,20D,2,0.0215434223114122,0.01798913242270731,Low
2016-10-25,SARIMA,20D,2,0.0275114708797117,0.02050108264051092,Low
2016-10-26,SARIMA,20D,2,0.0300610969578077,0.026055890107962963,Low
2016-10-27,SARIMA,20D,2,0.0369590384772404,0.02847749547641002,Low
2016-10-28,SARIMA,20D,2,0.0348037893621302,0.03488879746118236,Low
2016-10-31,SARIMA,20D,2,0.0362604755995908,0.0328954036036825,Low
2016-11-01,SARIMA,20D,2,0.0404135641531693,0.03427058937215128,Low
2016-11-02,SARIMA,20D,2,0.0434387256398595,0.03813798423877906,Low
2016-11-03,SARIMA,20D,2,0.0482688663825537,0.04098290616303239,Low
2016-11-04,SARIMA,20D,2,0.0557408135809902,0.0454597140831881,Low
2016-11-07,SARIMA,20D,2,0.0371656983203999,0.05245462159148074,Normal
2016-11-08,SARIMA,20D,2,0.0464781786679658,0.035112763864848864,Low
2016-11-09,SARIMA,20D,2,0.0376190738051806,0.043809220753605556,Low
2016-11-10,SARIMA,20D,2,0.0415916466220552,0.035541085689882325,Low
2016-11-11,SARIMA,20D,2,0.0418524926792532,0.03926465422950234,Low
2016-11-14,SARIMA,20D,2,0.0484864853376734,0.03940238438144341,Low
2016-11-15,SARIMA,20D,2,0.0328832348537253,0.045710624763413144,Low
2016-11-16,SARIMA,20D,2,0.0383424590636551,0.03106079136660908,Low
2016-11-17,SARIMA,20D,2,0.0319248329514769,0.036211751393703716,Low
2016-11-18,SARIMA,20D,2,0.0362876570322365,0.030201904377571268,Low
2016-11-21,SARIMA,20D,2,0.0324848673625155,0.03430428250401942,Normal
2016-11-22,SARIMA,20D,2,0.0278613905342448,0.03066120912413073,Normal
2016-11-23,SARIMA,20D,2,0.0251889811549393,0.02642489250037533,Low
2016-11-25,SARIMA,20D,2,0.0225331680765949,0.023880491057895872,Low
2016-11-28,SARIMA,20D,2,0.0300474062358788,0.02144229849316246,Normal
2016-11-29,SARIMA,20D,2,0.0203213631728453,0.028429660262249225,Low
2016-11-30,SARIMA,20D,2,0.0226849459961333,0.019338856644430698,Low
2016-12-01,SARIMA,20D,2,0.0215588342660429,0.021553816068388507,Low
2016-12-02,SARIMA,20D,2,0.0296126732991153,0.020501108455634888,Low
2016-12-05,SARIMA,20D,2,0.0295142101429209,0.028066692035123658,Low
2016-12-06,SARIMA,20D,2,0.0253381580715653,0.027905271321120688,Low
2016-12-07,SARIMA,20D,2,0.0157715885074208,0.02405135144815699,Low
2016-12-08,SARIMA,20D,2,0.0100596680189903,0.015100147976945675,Low
2016-12-09,SARIMA,20D,2,0.0041382494860205,0.009801654273397551,Low
2016-12-12,SARIMA,20D,2,0.0081019741657218,0.0042380806005709514,Low
2016-12-13,SARIMA,20D,2,-0.0005636214292446,0.007924178608137926,Low
2016-12-14,SARIMA,20D,2,0.0094348054277607,-0.00019497234756367127,Low
2016-12-15,SARIMA,20D,2,0.0025871832839886,0.009159234232663956,Low
2016-12-16,SARIMA,20D,2,0.0061015405047782,0.002759552093577674,Low
2016-12-19,SARIMA,20D,2,0.0005125301652477,0.006082142533241981,Low
2016-12-20,SARIMA,20D,2,0.0002422018253947,0.0008094364402314773,Low
2016-12-21,SARIMA,20D,2,8.837904002783037e-06,0.0006319101943900764,Low
2016-12-22,SARIMA,20D,2,0.0084166896553614,0.00034677312198379707,Low
2016-12-23,SARIMA,20D,2,0.0151598099162512,0.0082427387833896,Low
2016-12-27,SARIMA,20D,2,0.0121783060764394,0.014505579330872894,Low
2016-12-28,SARIMA,20D,2,0.0197031072964692,0.011740696686612437,Low
2016-12-29,SARIMA,20D,2,0.0139687815322409,0.018770673301234615,Low
2016-12-30,SARIMA,20D,2,0.0177263146210628,0.013449257629279586,Low
2017-01-03,SARIMA,20D,2,0.0095738668560221,0.016955049183804503,Low
2017-01-04,SARIMA,20D,2,0.0044380499241636,0.009300303796093774,Low
2017-01-05,SARIMA,20D,2,0.0124475143811984,0.004545016912294572,Low
2017-01-06,SARIMA,20D,2,0.0068191276869103,0.011974777348163428,Low
2017-01-09,SARIMA,20D,2,0.0106008366223156,0.0067543600429586445,Low
2017-01-10,SARIMA,20D,2,0.0112939187709253,0.01023898987522491,Low
2017-01-11,SARIMA,20D,2,0.0142043401177834,0.010896772756724892,Low
2017-01-12,SARIMA,20D,2,0.0199111593335223,0.013668879612521915,Low
2017-01-13,SARIMA,20D,2,0.0232951615223869,0.018946001045354717,Low
2017-01-17,SARIMA,20D,2,0.030266403174278,0.022144920110105867,Low
2017-01-18,SARIMA,20D,2,0.0334840913702031,0.02864589011028832,Low
2017-01-19,SARIMA,20D,2,0.0362354373929721,0.031661334471210355,Low
2017-01-20,SARIMA,20D,2,0.0345520026589097,0.034244113445914146,Low
2017-01-23,SARIMA,20D,2,0.0432756023250485,0.03266332301177816,Low
2017-01-24,SARIMA,20D,2,0.0356496756492821,0.040828970288891375,Low
2017-01-25,SARIMA,20D,2,0.0280745218245724,0.033690936618860634,Low
2017-01-26,SARIMA,20D,2,0.0303024269918673,0.02661294250695028,Low
2017-01-27,SARIMA,20D,2,0.0321867317493426,0.028676681513651325,Low
2017-01-30,SARIMA,20D,2,0.0356326991302444,0.030479747184351313,Low
2017-01-31,SARIMA,20D,2,0.0501042118220022,0.03363366385049877,Low
2017-02-01,SARIMA,20D,2,0.0439287758617805,0.04715151998940461,Low
2017-02-02,SARIMA,20D,2,0.0438623793916245,0.041420821025783955,Low
2017-02-03,SARIMA,20D,2,0.033341259773505,0.04135797432449968,Low
2017-02-06,SARIMA,20D,2,0.0325412313851243,0.03153581480698679,Low
2017-02-07,SARIMA,20D,2,0.0300275999572145,0.03083505848073994,Low
2017-02-08,SARIMA,20D,2,0.0301340934213712,0.028405086791255488,Low
2017-02-09,SARIMA,20D,2,0.0276613693912696,0.028528221804459082,Low
2017-02-10,SARIMA,20D,2,0.0244682281884301,0.026174762133334216,Low
2017-02-13,SARIMA,20D,2,0.0158513456235278,0.023229069985522446,Low
2017-02-14,SARIMA,20D,2,0.0201918975525416,0.015171594269924106,Low
2017-02-15,SARIMA,20D,2,0.0135839740876235,0.01923684750560328,Low
2017-02-16,SARIMA,20D,2,0.0131332864249421,0.013052860340597598,Low
2017-02-17,SARIMA,20D,2,0.0094442210173245,0.0126281529454445,Low
2017-02-21,SARIMA,20D,2,-0.0090712235928466,0.009158357409102893,Low
2017-02-22,SARIMA,20D,2,-0.0061003345985798,-0.00808795639426083,Low
2017-02-23,SARIMA,20D,2,-0.007580065714669,-0.005356673460707147,Low
2017-02-24,SARIMA,20D,2,-0.0099166681606391,-0.0067153555683182806,Low
2017-02-27,SARIMA,20D,2,-0.0119542410142186,-0.008911830335771418,Low
2017-02-28,SARIMA,20D,2,-0.0021472260693997,-0.010877872493284061,Low
2017-03-01,SARIMA,20D,2,-0.0146437009492948,-0.0016318236275434722,Low
2017-03-02,SARIMA,20D,2,-0.0058357730654845,-0.013324051959823722,Low
2017-03-03,SARIMA,20D,2,-0.0085971173722863,-0.005099375447756379,Low
2017-03-06,SARIMA,20D,2,-0.0069579699167338,-0.007678504216914402,Low
2017-03-07,SARIMA,20D,2,-0.0034809779399827,-0.006098608030786639,Low
2017-03-08,SARIMA,20D,2,-0.004253686787441,-0.002940098442875131,Low
2017-03-09,SARIMA,20D,2,-0.0031256121064722,-0.0035770607532689506,Low
2017-03-10,SARIMA,20D,2,-0.0072164242752756,-0.0025687464679376246,Low
2017-03-13,SARIMA,20D,2,-0.0068955397586622,-0.0063730144813439,Low
2017-03-14,SARIMA,20D,2,-0.0049456990697295,-0.006065167292226866,Low
2017-03-15,SARIMA,20D,2,-0.0170526156134027,-0.004260239267552956,Low
2017-03-16,SARIMA,20D,2,-0.0222626011040233,-0.015563216754627655,Low
2017-03-17,SARIMA,20D,2,-0.0123709561486847,-0.020451874104003724,Low
2017-03-20,SARIMA,20D,2,-0.0132666429141377,-0.011193623520254206,Low
2017-03-21,SARIMA,20D,2,-0.0024988737209041,-0.01202355963895396,Low
2017-03-22,SARIMA,20D,2,0.0031418737946071,-0.002021734884374287,Low
2017-03-23,SARIMA,20D,2,0.0011630178323216,0.003273317075796424,Low
2017-03-24,SARIMA,20D,2,0.012789106634372,0.0014858043681723583,Low
2017-03-27,SARIMA,20D,2,0.0198814284319686,0.012305218861509863,Low
2017-03-28,SARIMA,20D,2,0.0121702981266575,0.01897919595223485,Low
2017-03-29,SARIMA,20D,2,0.0116383289231265,0.011756903030787708,Low
2017-03-30,SARIMA,20D,2,0.0067925385399315,0.011229866713939439,Low
2017-03-31,SARIMA,20D,2,0.0107809243050921,0.006758652575433209,Low
2017-04-03,SARIMA,20D,2,0.013612743198917,0.010469095546997514,Low
2017-04-04,SARIMA,20D,2,0.0117812077284283,0.013055221675849677,Low
2017-04-05,SARIMA,20D,2,0.0154226778278199,0.011371809610306791,Low
2017-04-06,SARIMA,20D,2,0.0175753869415633,0.014755749939604679,Low
2017-04-07,SARIMA,20D,2,0.0184403046764161,0.016802183247879576,Low
2017-04-10,SARIMA,20D,2,0.0167270799838398,0.01760650778166367,Low
2017-04-11,SARIMA,20D,2,0.0192919509932476,0.015987398199534077,Low
2017-04-12,SARIMA,20D,2,0.0208938370381279,0.018405771343533453,Low
2017-04-13,SARIMA,20D,2,0.0262523219871379,0.01989712201583034,Low
2017-04-17,SARIMA,20D,2,0.0224409985990458,0.02489842838205348,Low
2017-04-18,SARIMA,20D,2,0.0246614684078932,0.021327320937654125,Low
2017-04-19,SARIMA,20D,2,0.0080338256336465,0.02341902191966632,Low
2017-04-20,SARIMA,20D,2,0.0041850138978888,0.00788168139168146,Low
2017-04-21,SARIMA,20D,2,0.0139694052132046,0.004302017609158233,Low
2017-04-24,SARIMA,20D,2,0.0083345319211012,0.01340633304182614,Low
2017-04-25,SARIMA,20D,2,0.0040985028817307,0.00816603385125826,Low
2017-04-26,SARIMA,20D,2,0.0070703581619944,0.0041310637731064755,Low
2017-04-27,SARIMA,20D,2,0.0109497032036732,0.006955910875718626,Low
2017-04-28,SARIMA,20D,2,0.0131751844604657,0.010635589586090042,Low
2017-05-01,SARIMA,20D,2,0.0102390419040379,0.012653437548436161,Low
2017-05-02,SARIMA,20D,2,0.0085906236982751,0.009914667641786633,Low
2017-05-03,SARIMA,20D,2,0.0174053886789501,0.008403396014486334,Low
2017-05-04,SARIMA,20D,2,0.0205243300091266,0.016642989375649106,Low
2017-05-05,SARIMA,20D,2,0.0152255634612194,0.019550999325386953,Low
2017-05-08,SARIMA,20D,2,0.0124052095231075,0.014579936712544928,Low
2017-05-09,SARIMA,20D,2,0.0149980128762481,0.01194961524505057,Low
2017-05-10,SARIMA,20D,2,0.0141352191944633,0.014414824105459322,Low
2017-05-11,SARIMA,20D,2,0.0154700367023827,0.013587563573519649,Low
2017-05-12,SARIMA,20D,2,0.0159703295634589,0.0148005390741978,Low
2017-05-15,SARIMA,20D,2,0.0157065461036737,0.015276758971746185,Low
2017-05-16,SARIMA,20D,2,0.0153973521753423,0.015051999694890862,Low
2017-05-17,SARIMA,20D,2,0.0315007105496168,0.014749520640069834,Low
2017-05-18,SARIMA,20D,2,0.0281042710724604,0.029802642037870766,Low
2017-05-19,SARIMA,20D,2,0.029672151071154,0.026626489322670026,Low
2017-05-22,SARIMA,20D,2,0.017806127328214,0.02808821865075941,Low
2017-05-23,SARIMA,20D,2,0.0153871279625619,0.01700235987964521,Low
2017-05-24,SARIMA,20D,2,0.0124452081855474,0.01481042373157065,Low
2017-05-25,SARIMA,20D,2,0.0095727946989782,0.0119855334810559,Low
2017-05-26,SARIMA,20D,2,0.0095780448534083,0.009321694979717835,Low
2017-05-30,SARIMA,20D,2,0.0026778090072692,0.009271327024754188,Low
2017-05-31,SARIMA,20D,2,0.0119073852737716,0.0028608517475684336,Low
2017-06-01,SARIMA,20D,2,-0.004272427155217,0.011480573450187388,Low
2017-06-02,SARIMA,20D,2,-0.0064412441623894,-0.0036356111342884176,Low
2017-06-05,SARIMA,20D,2,-0.0029146690428132,-0.005650637409866358,Low
2017-06-06,SARIMA,20D,2,0.0013204636596794,-0.0023846346483096924,Low
2017-06-07,SARIMA,20D,2,-0.0096595524435342,0.0016369511202627704,Low
2017-06-08,SARIMA,20D,2,-0.0035440089095833,-0.00872374915021289,Low
2017-06-09,SARIMA,20D,2,-0.0017863389398834,-0.0029567423364826005,Low
2017-06-12,SARIMA,20D,2,-0.0015900835262475,-0.0012916507420549046,Low
2017-06-13,SARIMA,20D,2,0.0011876085783438,-0.0011044034452226412,Low
2017-06-14,SARIMA,20D,2,0.0040567650171345,0.001428669650381925,Low
2017-06-15,SARIMA,20D,2,0.0109614909839841,0.004177010732514469,Low
2017-06-16,SARIMA,20D,2,0.0106249775972177,0.010611213579821942,Low
2017-06-19,SARIMA,20D,2,0.0029100730884346,0.010290837880915494,Low
2017-06-20,SARIMA,20D,2,0.0149874917514198,0.003094097374017433,Low
2017-06-21,SARIMA,20D,2,0.0154166348560844,0.014378324166904476,Low
2017-06-22,SARIMA,20D,2,0.0155045814993135,0.01479675755105443,Low
2017-06-23,SARIMA,20D,2,0.0128805819484959,0.01485077886033204,Low
2017-06-26,SARIMA,20D,2,0.0154837375286614,0.012368674609827454,Low
2017-06-27,SARIMA,20D,2,0.0238719481104537,0.014880581491799268,Low
2017-06-28,SARIMA,20D,2,0.0141292848265089,0.022672098509000344,Low
2017-06-29,SARIMA,20D,2,0.0214244859925343,0.013568909906955449,Low
2017-06-30,SARIMA,20D,2,0.0191640175471008,0.02037308722288373,Low
2017-07-03,SARIMA,20D,2,0.0193019703428917,0.018282246727958085,Low
2017-07-05,SARIMA,20D,2,0.0183422737139506,0.018435822583267703,Low
2017-07-06,SARIMA,20D,2,0.0255692191858709,0.017466357198187232,Low
2017-07-07,SARIMA,20D,2,0.0210738280337947,0.024285974906185802,Low
2017-07-10,SARIMA,20D,2,0.0217923365745625,0.0200486135815653,Low
2017-07-11,SARIMA,20D,2,0.0201579714102593,0.02072919404548844,Low
2017-07-12,SARIMA,20D,2,0.0125152456697256,0.019197807125272266,Low
2017-07-13,SARIMA,20D,2,-0.003937802204489,0.012091423583336485,Low
2017-07-14,SARIMA,20D,2,-0.007325661246511,-0.003326144761837419,Low
2017-07-17,SARIMA,20D,2,0.0027209042362451,-0.0064707929622673365,Low
2017-07-18,SARIMA,20D,2,0.0016242932112507,0.0029054529380748116,Low
2017-07-19,SARIMA,20D,2,-0.0023148694814704,0.0018556078530347565,Low
2017-07-20,SARIMA,20D,2,-0.0177185408800548,-0.001863091151094183,Low
2017-07-21,SARIMA,20D,2,-0.0191876552121979,-0.016203982359080084,Low
2017-07-24,SARIMA,20D,2,-0.0169613785022229,-0.017521694774061916,Low
2017-07-25,SARIMA,20D,2,-0.0099885907614958,-0.0154853024371271,Low
2017-07-26,SARIMA,20D,2,-0.0137307849002542,-0.008983198052089983,Low
2017-07-27,SARIMA,20D,2,-0.0148342400099989,-0.01252787804643517,Low
2017-07-28,SARIMA,20D,2,-0.0118207526629454,-0.013505183558994079,Low
2017-07-31,SARIMA,20D,2,-0.0106053883550895,-0.010674971061496877,Low
2017-08-01,SARIMA,20D,2,-0.0122090423680181,-0.00951925359964733,Low
2017-08-02,SARIMA,20D,2,-0.0080970379873045,-0.01105996128220755,Low
2017-08-03,SARIMA,20D,2,-0.0002063225676454,-0.007208481931694825,Low
2017-08-04,SARIMA,20D,2,-0.0001130659428496,0.00018003223397903504,Low
2017-08-07,SARIMA,20D,3,-0.0093383691392749,0.0002524666896326841,Low
2017-08-08,SARIMA,20D,3,-0.0037971744157455,-0.008349173219154786,Low
2017-08-09,SARIMA,20D,3,-0.0036119516678868,-0.003149938231060259,Low
2017-08-10,SARIMA,20D,3,0.0094783065893968,-0.0029441751924646035,Low
2017-08-11,SARIMA,20D,3,0.0189845246585567,0.009169461198575066,Low
2017-08-14,SARIMA,20D,3,0.0123491760073906,0.01793306762901517,Low
2017-08-15,SARIMA,20D,3,0.0136049425823564,0.011878863784465187,Low
2017-08-16,SARIMA,20D,3,0.0110845232081963,0.013005728852608471,Low
2017-08-17,SARIMA,20D,3,0.028487343241547,0.010768312664249522,Low
2017-08-18,SARIMA,20D,3,0.0317792588320284,0.026930158717984896,Low
2017-08-21,SARIMA,20D,3,0.0317268627341936,0.02986395295052171,Low
2017-08-22,SARIMA,20D,3,0.022469314175878,0.029876428080316382,Low
2017-08-23,SARIMA,20D,3,0.022878318361602,0.021236936680001588,Low
2017-08-24,SARIMA,20D,3,0.0256025191039075,0.021780026112943128,Low
2017-08-25,SARIMA,20D,3,0.0217065247351162,0.02420716473113902,Low
2017-08-28,SARIMA,20D,3,0.0212917353877149,0.020558407800273376,Low
2017-08-29,SARIMA,20D,3,0.024526091027693,0.02009678197000999,Low
2017-08-30,SARIMA,20D,3,0.02112544986857,0.023178903635315683,Low
2017-08-31,SARIMA,20D,3,0.0191190393523553,0.020035778854320653,Low
2017-09-01,SARIMA,20D,3,0.0210049801397325,0.018116923853205624,Low
2017-09-05,SARIMA,20D,3,0.0307409498765382,0.01989720240326006,Low
2017-09-06,SARIMA,20D,3,0.0288630510445079,0.02898104210191422,Low
2017-09-07,SARIMA,20D,3,0.0346724071206541,0.027181869591353845,Low
2017-09-08,SARIMA,20D,3,0.0350881560988721,0.03259383177659783,Low
2017-09-11,SARIMA,20D,3,0.0225011170337114,0.03301137830106517,Low
2017-09-12,SARIMA,20D,3,0.0214625340693062,0.02137178956840117,Low
2017-09-13,SARIMA,20D,3,0.0225075827508873,0.020315864151994913,Low
2017-09-14,SARIMA,20D,3,0.0219207294813639,0.021349978916466644,Low
2017-09-15,SARIMA,20D,3,0.0209529739400508,0.020763136514310367,Low
2017-09-18,SARIMA,20D,3,0.021247334543227,0.01975625102149564,Low
2017-09-19,SARIMA,20D,3,0.0208101078319297,0.020117898847825652,Low
2017-09-20,SARIMA,20D,3,0.0209180206409498,0.019727869887086216,Low
2017-09-21,SARIMA,20D,3,0.0242965307028752,0.0198153784692437,Low
2017-09-22,SARIMA,20D,3,0.0287527428927385,0.0229537603695531,Low
2017-09-25,SARIMA,20D,3,0.0269968702795951,0.027107676302388077,Low
2017-09-26,SARIMA,20D,3,0.0285413070282584,0.025468935988618074,Low
2017-09-27,SARIMA,20D,3,0.0197905289390104,0.02690943162374121,Low
2017-09-28,SARIMA,20D,3,0.0198567775606747,0.018798624125817114,Low
2017-09-29,SARIMA,20D,3,0.0241991244719031,0.01887106400685335,Low
2017-10-02,SARIMA,20D,3,0.0171350282654499,0.022860625893819743,Low
2017-10-03,SARIMA,20D,3,0.0159225300174684,0.01631752432586453,Low
2017-10-04,SARIMA,20D,3,0.0162674304642586,0.015106004208194952,Low
2017-10-05,SARIMA,20D,3,0.0108264742026328,0.01549435631874737,Low
2017-10-06,SARIMA,20D,3,0.014992974694187,0.010469793992149957,Low
2017-10-09,SARIMA,20D,3,0.0180694824469768,0.014252953861335316,Low
2017-10-10,SARIMA,20D,3,0.0155606420114168,0.01715811101401006,Low
2017-10-11,SARIMA,20D,3,0.0152013730138137,0.014837138988258444,Low
2017-10-12,SARIMA,20D,3,0.013120568794795,0.014455552602203466,Low
2017-10-13,SARIMA,20D,3,0.011344799813895,0.012596535015586352,Low
2017-10-16,SARIMA,20D,3,0.0105787281928825,0.010938573545660675,Low
2017-10-17,SARIMA,20D,3,0.0075940947271664,0.010181908578612977,Low
2017-10-18,SARIMA,20D,3,0.0013110364737133,0.00742260264343954,Low
2017-10-19,SARIMA,20D,3,0.0091457451416753,0.0015652513490404703,Low
2017-10-20,SARIMA,20D,3,0.0014125319777474,0.00885248446253491,Low
2017-10-23,SARIMA,20D,3,0.0066677971795348,0.0016682461298393207,Low
2017-10-24,SARIMA,20D,3,0.0115710351847293,0.006536676635475721,Low
2017-10-25,SARIMA,20D,3,0.0154944481686596,0.011067558042973094,Low
2017-10-26,SARIMA,20D,3,0.0162782931962895,0.014828871383266853,Low
2017-10-27,SARIMA,20D,3,0.0078533516297591,0.015434037368334574,Low
2017-10-30,SARIMA,20D,3,0.0208512612032935,0.007701802524985117,Low
2017-10-31,SARIMA,20D,3,0.0195379543838234,0.01978939600645622,Low
2017-11-01,SARIMA,20D,3,0.0261046969387306,0.018562836364521593,Low
2017-11-02,SARIMA,20D,3,0.0238881662332583,0.024645997706229272,Low
2017-11-03,SARIMA,20D,3,0.0197431663576575,0.02250928765805734,Low
2017-11-06,SARIMA,20D,3,0.0147263319469258,0.0188263117923584,Low
2017-11-07,SARIMA,20D,3,0.0148013405814775,0.014050448511095668,Low
2017-11-08,SARIMA,20D,3,0.0162867936595262,0.014184385182518171,Low
2017-11-09,SARIMA,20D,3,0.0255469770344146,0.015497195492321543,Low
2017-11-10,SARIMA,20D,3,0.0296418661321643,0.02409156997845569,Low
2017-11-13,SARIMA,20D,3,0.0302064389429607,0.027890051822576527,Low
2017-11-14,SARIMA,20D,3,0.0320456505330924,0.0284541450394969,Low
2017-11-15,SARIMA,20D,3,0.0335074815444534,0.030176194528628623,Low
2017-11-16,SARIMA,20D,3,0.0342791421716238,0.03160056018122941,Low
2017-11-17,SARIMA,20D,3,0.0422570377301188,0.032280947067705325,Low
2017-11-20,SARIMA,20D,3,0.0377466697982101,0.039673294903461234,Low
2017-11-21,SARIMA,20D,3,0.030398594844885,0.03548968949301885,Low
2017-11-22,SARIMA,20D,3,0.0331328245608727,0.02865426779487118,Low
2017-11-24,SARIMA,20D,3,0.0306205686445271,0.03119213236824435,Low
2017-11-27,SARIMA,20D,3,0.0299459245312717,0.028915682024450384,Low
2017-11-28,SARIMA,20D,3,0.0209362206447204,0.028189982260595436,Low
2017-11-29,SARIMA,20D,3,0.0231378335304307,0.019785380627553813,Low
2017-11-30,SARIMA,20D,3,0.0097836145748712,0.021911627301869192,Low
2017-12-01,SARIMA,20D,3,0.0200792757290746,0.009451156527230262,Low
2017-12-04,SARIMA,20D,3,0.0275104195222974,0.019039343849918802,Low
2017-12-05,SARIMA,20D,3,0.0352773529035796,0.025880888024047477,Low
2017-12-06,SARIMA,20D,3,0.0424006109626952,0.03319097312519799,Low
2017-12-07,SARIMA,20D,3,0.0411335077198828,0.03968835096589943,Low
2017-12-08,SARIMA,20D,3,0.0369443892016631,0.038697194939409055,Low
2017-12-11,SARIMA,20D,3,0.0326347012684465,0.03478384293048354,Low
2017-12-12,SARIMA,20D,3,0.0380960033152389,0.030783087345285405,Low
2017-12-13,SARIMA,20D,3,0.0452959986844834,0.03586102717166649,Low
2017-12-14,SARIMA,20D,3,0.0458444531536434,0.04249165951281717,Low
2017-12-15,SARIMA,20D,3,0.0462811459500027,0.04297688503804871,Low
2017-12-18,SARIMA,20D,3,0.0393149698729314,0.04337957754363066,Low
2017-12-19,SARIMA,20D,3,0.04692611590304,0.036979388467906014,Low
2017-12-20,SARIMA,20D,3,0.0557887163588261,0.044074887171409616,Low
2017-12-21,SARIMA,20D,3,0.05597703431439,0.05226604021044768,Low
2017-12-22,SARIMA,20D,3,0.0558751734052716,0.05244056284859553,Low
2017-12-26,SARIMA,20D,3,0.0575365885041631,0.05228508124930359,Low
2017-12-27,SARIMA,20D,3,0.0685175983000053,0.053946232998058244,Low
2017-12-28,SARIMA,20D,3,0.0599305430122226,0.0641727763804919,Low
2017-12-29,SARIMA,20D,3,0.0541685324996338,0.05612083845421175,Low
2018-01-02,SARIMA,20D,3,0.0463883201399304,0.05076014973993636,Low
2018-01-03,SARIMA,20D,3,0.039361588543971,0.04353938088408752,Low
2018-01-04,SARIMA,20D,3,0.0139043651719451,0.037082604798745325,Low
2018-01-05,SARIMA,20D,3,-0.0349473216550215,0.013253628984713023,Low
2018-01-08,SARIMA,20D,3,-0.0193177120733813,-0.032157879134574234,Low
2018-01-09,SARIMA,20D,3,-0.0256339338144322,-0.01764301595976158,Low
2018-01-10,SARIMA,20D,3,-0.0627801402487133,-0.023515094718447697,Low
2018-01-11,SARIMA,20D,3,-0.0549635208180707,-0.05821530992749284,Low
2018-01-12,SARIMA,20D,3,-0.0478717815389788,-0.05115370276464245,Low
2018-01-16,SARIMA,20D,3,-0.0417315462970986,-0.04405551356895192,Low
2018-01-17,SARIMA,20D,3,-0.0377891126947037,-0.038517211147447106,Low
2018-01-18,SARIMA,20D,3,-0.0241745534204547,-0.03510864705240447,Low
2018-01-19,SARIMA,20D,3,-0.0281768017575231,-0.022098630248379228,Low
2018-01-22,SARIMA,20D,3,-0.0420696832465737,-0.025821999637847412,Low
2018-01-23,SARIMA,20D,3,-0.0497533526981069,-0.03874549120095052,Low
2018-01-24,SARIMA,20D,3,-0.0482201426652969,-0.04590551989195433,Low
2018-01-25,SARIMA,20D,3,-0.0329213038190088,-0.04439772011271273,Low
2018-01-26,SARIMA,20D,3,-0.0330045033044656,-0.03030782288313502,Low
2018-01-29,SARIMA,20D,3,-0.0390380784610701,-0.030469014492571195,Low
2018-01-30,SARIMA,20D,3,-0.0392372417393891,-0.03603681225940232,Low
2018-01-31,SARIMA,20D,3,-0.0531400734529603,-0.036150503295452885,Low
2018-02-01,SARIMA,20D,3,-0.0474329896157383,-0.048965171595338794,Low
2018-02-02,SARIMA,20D,3,-0.015024691488513,-0.04377577829205618,Normal
2018-02-05,SARIMA,20D,3,0.0294532323818651,-0.013686630062171226,High
2018-02-06,SARIMA,20D,3,0.0116786672072114,0.027720402249111806,High
2018-02-07,SARIMA,20D,3,0.0211459536398489,0.011077822119163413,High
2018-02-08,SARIMA,20D,3,0.0766345526268581,0.02003554675000723,High
2018-02-09,SARIMA,20D,3,0.0605341100893354,0.07186074543151014,High
2018-02-12,SARIMA,20D,3,0.0403315339968343,0.05700624549549414,High
2018-02-13,SARIMA,20D,3,0.0319810421913682,0.03773142121621681,High
2018-02-14,SARIMA,20D,3,0.0178853659833746,0.030180088150576302,High
2018-02-15,SARIMA,20D,3,0.0075905021538308,0.017456485220197528,High
2018-02-16,SARIMA,20D,3,-0.0070889380374641,0.007324792432100949,High
2018-02-20,SARIMA,20D,3,0.0002502877310922,-0.006369515104470128,High
2018-02-21,SARIMA,20D,3,0.0039162600887736,0.0005416409924117026,High
2018-02-22,SARIMA,20D,3,-0.0225417043696586,0.0038986605581655116,High
2018-02-23,SARIMA,20D,3,-0.0596327899265303,-0.020682849271116494,High
2018-02-26,SARIMA,20D,3,-0.0445261878411224,-0.05521793749353406,High
2018-02-27,SARIMA,20D,3,-0.0491651620449768,-0.04099650500871674,High
2018-02-28,SARIMA,20D,3,-0.0409282748607833,-0.04533657369194392,High
2018-03-01,SARIMA,20D,3,-0.0138385315120634,-0.037922783477321684,High
2018-03-02,SARIMA,20D,3,-0.0414879993407579,-0.012833463588461649,High
2018-03-05,SARIMA,20D,3,-0.0399236556355433,-0.03813744825229376,High
2018-03-06,SARIMA,20D,3,-0.0310589362210933,-0.036836684918282465,High
2018-03-07,SARIMA,20D,3,-0.0237355229937258,-0.028489468376900744,High
2018-03-08,SARIMA,20D,3,-0.0503527382596754,-0.021518906460201596,High
2018-03-09,SARIMA,20D,3,-0.0642512900332901,-0.04670717135071896,Normal
2018-03-12,SARIMA,20D,3,-0.0463878936989777,-0.05940739545972007,Normal
2018-03-13,SARIMA,20D,3,-0.0455446690571241,-0.042734188465347676,Normal
2018-03-14,SARIMA,20D,3,-0.0315868005342784,-0.041957612996700915,Normal
2018-03-15,SARIMA,20D,3,-0.0336953639618884,-0.029252914428318885,Normal
2018-03-16,SARIMA,20D,3,-0.0273210251075571,-0.031124331145792328,Normal
2018-03-19,SARIMA,20D,3,-0.0024099129523171,-0.024942757740726795,Normal
2018-03-20,SARIMA,20D,3,-0.0030596012064829,-0.0019065167319742603,Normal
2018-03-21,SARIMA,20D,3,-0.0069564908766861,-0.0024021313728519924,Normal
2018-03-22,SARIMA,20D,3,0.0099552189078154,-0.006150408056180367,High
2018-03-23,SARIMA,20D,3,0.0312012563307508,0.009645399116597678,High
2018-03-26,SARIMA,20D,3,-0.0090646723817597,0.02955968422440497,High
2018-03-27,SARIMA,20D,3,0.0101979874963856,-0.008082055179960426,High
2018-03-28,SARIMA,20D,3,0.0234990505832253,0.009804201285811958,High
2018-03-29,SARIMA,20D,3,0.0109362783607458,0.02234281714593052,High
2018-04-02,SARIMA,20D,3,0.0253057681553204,0.0107054959366253,High
2018-04-03,SARIMA,20D,3,0.0153156090106067,0.02357380249111684,High
2018-04-04,SARIMA,20D,3,-0.0034164445372424,0.014750748497919654,High
2018-04-05,SARIMA,20D,3,-0.0125120835239576,-0.002707214488989764,High
2018-04-06,SARIMA,20D,3,0.0223817935614422,-0.011371210486770355,High
2018-04-09,SARIMA,20D,3,0.0225027791488394,0.021293197257992273,High
2018-04-10,SARIMA,20D,3,0.0056485035407914,0.021213253127006712,High
2018-04-11,SARIMA,20D,3,0.0208248372481214,0.005461738703301529,High
2018-04-12,SARIMA,20D,3,0.021934950154313,0.019643635788162077,High
2018-04-13,SARIMA,20D,3,0.0265318892519808,0.021033260990851947,High
2018-04-16,SARIMA,20D,3,0.0193386519605443,0.02504178006395181,High
2018-04-17,SARIMA,20D,3,0.001867925302687,0.018212573846411808,High
2018-04-18,SARIMA,20D,3,0.0050892447426481,0.002219835646475441,High
2018-04-19,SARIMA,20D,3,0.0099755877498706,0.0051083548938277,High
2018-04-20,SARIMA,20D,3,0.0159130996836729,0.009681806287809153,High
2018-04-23,SARIMA,20D,3,0.0232164741204219,0.01510891031792861,High
2018-04-24,SARIMA,20D,3,0.0335466735340219,0.021811864224198806,High
2018-04-25,SARIMA,20D,3,0.0349544445080969,0.03157891678334574,High
2018-04-26,SARIMA,20D,3,0.0225490373629974,0.032903660475734446,High
2018-04-27,SARIMA,20D,3,0.0190760290374474,0.021378683099110597,High
2018-04-30,SARIMA,20D,3,0.0156656490745765,0.018163627969743475,Normal
2018-05-01,SARIMA,20D,3,0.0257357222554729,0.015021290938789797,Normal
2018-05-02,SARIMA,20D,3,0.0260643402134411,0.024318430677891835,Normal
2018-05-03,SARIMA,20D,3,0.0391113575077448,0.02451100735202752,Normal
2018-05-04,SARIMA,20D,3,0.0308511423777621,0.03671058786032372,Normal
2018-05-07,SARIMA,20D,3,0.0281015080923478,0.0290274772049047,Normal
2018-05-08,SARIMA,20D,3,0.0368980853413935,0.026579568134709415,Normal
2018-05-09,SARIMA,20D,3,0.0265479937845404,0.034685515117933295,Normal
2018-05-10,SARIMA,20D,3,0.0203420110884432,0.025165406878048364,Normal
2018-05-11,SARIMA,20D,3,0.0197040088244222,0.01922606368161181,Normal
2018-05-14,SARIMA,20D,3,0.0205627765929996,0.018673395727219377,Normal
2018-05-15,SARIMA,20D,3,0.023394177095579,0.01956557656065889,Normal
2018-05-16,SARIMA,20D,3,0.0218103377705682,0.022045937885333544,Normal
2018-05-17,SARIMA,20D,3,0.0216489562436842,0.020601217153005412,Normal
2018-05-18,SARIMA,20D,3,0.022156230317348,0.020493443515548965,Normal
2018-05-21,SARIMA,20D,3,0.0107651078180232,0.02097715191010409,Normal
2018-05-22,SARIMA,20D,3,0.0156164866350109,0.010400681760440207,Low
2018-05-23,SARIMA,20D,3,0.0060076125848917,0.014877490050436551,Low
2018-05-24,SARIMA,20D,3,0.0098930787977484,0.005952485335786167,Low
2018-05-25,SARIMA,20D,3,-0.0015666411158363,0.009571208356013878,Low
2018-05-29,SARIMA,20D,3,0.0122670819016528,-0.0011835695322388535,Low
2018-05-30,SARIMA,20D,3,-0.0089903797634122,0.011808439990736715,Normal
2018-05-31,SARIMA,20D,3,0.0040726334990533,-0.008076394089028688,Normal
2018-06-01,SARIMA,20D,3,-0.0059600503226695,0.004177271609673487,Normal
2018-06-04,SARIMA,20D,3,-0.0073663843867284,-0.005276883258302695,Low
2018-06-05,SARIMA,20D,3,-0.0130283599368378,-0.006382879222539129,Low
2018-06-06,SARIMA,20D,3,-0.0129754038286118,-0.011929461318142492,Normal
2018-06-07,SARIMA,20D,3,-0.0038154426060472,-0.011609647427356385,Low
2018-06-08,SARIMA,20D,3,0.001847819271543,-0.0032740957881940928,Low
2018-06-11,SARIMA,20D,3,0.0042469315834245,0.0020577776450388134,Low
2018-06-12,SARIMA,20D,3,-0.0046144220671957,0.004252959350374613,Low
2018-06-13,SARIMA,20D,3,0.0081308240543877,-0.003943865069518783,Low
2018-06-14,SARIMA,20D,3,0.0067409790684926,0.007983712639972933,Low
2018-06-15,SARIMA,20D,3,0.0067299347630881,0.0066676914302685845,Low
2018-06-18,SARIMA,20D,3,0.0128241502874182,0.006633789723130895,Low
2018-06-19,SARIMA,20D,3,0.0190138503155469,0.012209717607181182,Low
2018-06-20,SARIMA,20D,3,0.0133423332423849,0.0181388019692496,Low
2018-06-21,SARIMA,20D,3,0.0187591643143309,0.012755419392021659,Low
2018-06-22,SARIMA,20D,3,0.0187353234024283,0.017803384869731896,Low
2018-06-25,SARIMA,20D,3,0.0373245652562525,0.01783152152511111,Normal
2018-06-26,SARIMA,20D,3,0.0441828498209282,0.03512297036526986,Low
2018-06-27,SARIMA,20D,3,0.049787533385202,0.04140668476939419,Low
2018-06-28,SARIMA,20D,3,0.0370440187213252,0.046706890097988424,Low
2018-06-29,SARIMA,20D,3,0.0305151135182212,0.03481429459467948,Low
2018-07-02,SARIMA,20D,3,0.0323246899032308,0.028896089906957738,Low
2018-07-03,SARIMA,20D,3,0.0362434261161934,0.030492967959603975,Low
2018-07-05,SARIMA,20D,3,0.0325739189528643,0.034130841196288654,Low
2018-07-06,SARIMA,20D,3,0.0287618334176322,0.030570393693525474,Low
2018-07-09,SARIMA,20D,3,0.0235095252830925,0.027069187546718394,Low
2018-07-10,SARIMA,20D,3,0.0228624777107563,0.0222497307290909,Low
2018-07-11,SARIMA,20D,3,0.0297195496893777,0.021666432461486966,Low
2018-07-12,SARIMA,20D,3,0.0195658434321655,0.02798292224974456,Low
2018-07-13,SARIMA,20D,3,0.0113478756323125,0.018537146960412344,Low
2018-07-16,SARIMA,20D,3,0.0083625025872308,0.010880743526724121,Low
2018-07-17,SARIMA,20D,3,0.0107656082602048,0.008139403692255243,Low
2018-07-18,SARIMA,20D,3,0.0009762176020885,0.010435650574655474,Low
2018-07-19,SARIMA,20D,3,0.0128252590037763,0.0011957362899217765,Low
2018-07-20,SARIMA,20D,3,0.0170917631503138,0.01222489375683209,Low
2018-07-23,SARIMA,20D,3,0.0176804757092106,0.01623092574927376,Low
2018-07-24,SARIMA,20D,3,0.0149773567777839,0.016821085095888748,Low
2018-07-25,SARIMA,20D,3,0.005518690653168,0.014208215977505769,Low
2018-07-26,SARIMA,20D,3,0.0068628994785001,0.005584762711680147,Low
2018-07-27,SARIMA,20D,3,0.0196264400516309,0.006779166928623988,Low
2018-07-30,SARIMA,20D,3,0.0330383707743287,0.01862082928260145,Low
2018-07-31,SARIMA,20D,3,0.0284347756326238,0.031066522510444713,Low
2018-08-01,SARIMA,20D,3,0.0351609111691065,0.026728156301391727,Low
2018-08-02,SARIMA,20D,3,0.0258063895424396,0.03306672187714745,Low
2018-08-03,SARIMA,20D,3,0.0213074259443966,0.0244623286241658,Low
2018-08-06,SARIMA,20D,3,0.0161197512447158,0.020291209647663053,Low
2018-08-07,SARIMA,20D,3,0.0104924866969639,0.015326184169919503,Low
2018-08-08,SARIMA,20D,3,0.0070959100536409,0.010183797591696613,Low
2018-08-09,SARIMA,20D,3,0.0063228268356664,0.006896497348613713,Low
2018-08-10,SARIMA,20D,3,0.015358167313604,0.006212180496842564,Low
2018-08-13,SARIMA,20D,3,0.0231050706692999,0.014606360794515804,Low
2018-08-14,SARIMA,20D,3,0.0170927490027761,0.021804009013740668,Low
2018-08-15,SARIMA,20D,3,0.0299923097435463,0.016227960005434798,Low
2018-08-16,SARIMA,20D,3,0.0223795390916744,0.028243620798067595,Low
2018-08-17,SARIMA,20D,3,0.0134766417248621,0.021244478376167275,Low
2018-08-20,SARIMA,20D,3,0.0164062196903592,0.012959788894803089,Low
2018-08-21,SARIMA,20D,3,0.0155923077689042,0.015575243240118235,Low
2018-08-22,SARIMA,20D,3,0.0238005530084767,0.014970726274760248,Low
2018-08-23,SARIMA,20D,3,0.0251246459950049,0.02244242100488967,Low
2018-08-24,SARIMA,20D,3,0.0154230577527057,0.023658740327960184,Low
2018-08-27,SARIMA,20D,3,0.0064759678524773,0.014729080584501387,Low
2018-08-28,SARIMA,20D,3,0.0029120260937189,0.0063795371900641565,Low
2018-08-29,SARIMA,20D,3,-1.374014668132074e-05,0.003139117050637617,Low
2018-08-30,SARIMA,20D,3,0.0044195617536386,0.00036629369704426016,Low
2018-08-31,SARIMA,20D,3,0.0079195856285321,0.004398962259122939,Low
2018-09-04,SARIMA,20D,3,0.0091785087671323,0.007654441868560808,Low
2018-09-05,SARIMA,20D,4,0.0126968383051167,0.008950098815018329,Low
2018-09-06,SARIMA,20D,4,0.0081527939207249,0.012237032874110328,Low
2018-09-07,SARIMA,20D,4,0.0048252772311172,0.008017983875744105,Low
2018-09-10,SARIMA,20D,4,0.0025340543080742,0.0049084308293890055,Low
2018-09-11,SARIMA,20D,4,-0.0026177212157953,0.002761954486370814,Low
2018-09-12,SARIMA,20D,4,-0.0363907186082911,-0.002041023717656607,Low
2018-09-13,SARIMA,20D,4,-0.0624466507402238,-0.0336063126533433,Low
2018-09-14,SARIMA,20D,4,-0.0486158592326138,-0.05793533209991625,Low
2018-09-17,SARIMA,20D,4,-0.0489530505323646,-0.045016776239420415,Low
2018-09-18,SARIMA,20D,4,-0.0330398753650887,-0.04534190511019844,Low
2018-09-19,SARIMA,20D,4,-0.0345450576609258,-0.030580017220385766,Low
2018-09-20,SARIMA,20D,4,-0.056851562421596,-0.031966971618190516,Low
2018-09-21,SARIMA,20D,4,-0.0568441966198684,-0.052667926477247655,Low
2018-09-24,SARIMA,20D,4,-0.0576311114023323,-0.052706126006103464,Low
2018-09-25,SARIMA,20D,4,-0.0618522390899085,-0.05338578306358485,Low
2018-09-26,SARIMA,20D,4,-0.0899083132698894,-0.057383316273765486,Low
2018-09-27,SARIMA,20D,4,-0.0742140715196865,-0.08365435986399246,Low
2018-09-28,SARIMA,20D,4,-0.0916863393855515,-0.06892753332793967,Low
2018-10-01,SARIMA,20D,4,-0.101902040022944,-0.08524657823496944,Low
2018-10-02,SARIMA,20D,4,-0.0859599481407874,-0.09479829090189908,Low
2018-10-03,SARIMA,20D,4,-0.0758783361229346,-0.07999291012788741,Low
2018-10-04,SARIMA,20D,4,-0.0571728018333954,-0.07043577622359538,Low
2018-10-05,SARIMA,20D,4,-0.057966208304653,-0.05307703417465074,Low
2018-10-08,SARIMA,20D,4,-0.0519863198991092,-0.053797200353196274,Low
2018-10-09,SARIMA,20D,4,-0.0443276223205464,-0.04812625379977523,Low
2018-10-10,SARIMA,20D,4,0.0100758452828294,-0.040990583290922165,Normal
2018-10-11,SARIMA,20D,4,0.0283513562668796,0.009845284261162573,Normal
2018-10-12,SARIMA,20D,4,0.0050035349431308,0.02684961814195954,Normal
2018-10-15,SARIMA,20D,4,-0.0089721337510366,0.005069291963068638,Normal
2018-10-16,SARIMA,20D,4,-0.0317229806081116,-0.00797472448730059,High
2018-10-17,SARIMA,20D,4,-0.0390664751638974,-0.029059711569388247,High
2018-10-18,SARIMA,20D,4,-0.0140319518459142,-0.03602802007215896,High
2018-10-19,SARIMA,20D,4,-0.0114498791731509,-0.01278718336661708,High
2018-10-22,SARIMA,20D,4,-0.0239242433123945,-0.010349310223050306,High
2018-10-23,SARIMA,20D,4,-0.0367151626882863,-0.022031392992654338,High
2018-10-24,SARIMA,20D,4,-0.0023257195163782,-0.033928809796360086,High
2018-10-25,SARIMA,20D,4,-0.0273558572069479,-0.0017060123226730547,High
2018-10-26,SARIMA,20D,4,0.0055362566484217,-0.025150952018972765,High
2018-10-29,SARIMA,20D,4,0.0153738493082283,0.00551446802017282,High
2018-10-30,SARIMA,20D,4,0.0225425776394646,0.014697345610361722,High
2018-10-31,SARIMA,20D,4,0.0095642043395,0.021549407001635962,High
2018-11-01,SARIMA,20D,4,0.0071992531875884,0.009235283000511213,High
2018-11-02,SARIMA,20D,4,0.0244179760378307,0.007218172873907829,High
2018-11-05,SARIMA,20D,4,-0.0140669464979195,0.023226731720657458,High
2018-11-06,SARIMA,20D,4,-0.0218301221564725,-0.012718985580341033,High
2018-11-07,SARIMA,20D,4,-0.0664135361735685,-0.020035482587676977,High
2018-11-08,SARIMA,20D,4,-0.0621408639621609,-0.061636186371839555,High
2018-11-09,SARIMA,20D,4,-0.053255687722094,-0.05758010500134607,High
2018-11-12,SARIMA,20D,4,-0.0279526657262753,-0.04946834359233217,High
2018-11-13,SARIMA,20D,4,-0.0266695972165164,-0.025743472843272178,High
2018-11-14,SARIMA,20D,4,-0.0383446206667657,-0.02467227456055949,High
2018-11-15,SARIMA,20D,4,-0.0698749382379844,-0.035418762353557356,High
2018-11-16,SARIMA,20D,4,-0.0720093789216792,-0.06484646025946424,High
2018-11-19,SARIMA,20D,4,-0.0707416768618947,-0.0667818492462037,High
2018-11-20,SARIMA,20D,4,-0.0683214907894127,-0.06567402179564967,High
2018-11-21,SARIMA,20D,4,-0.0921632805987205,-0.06345773568892822,High
2018-11-23,SARIMA,20D,4,-0.1130734337651793,-0.08579237245187253,High
2018-11-26,SARIMA,20D,4,-0.0800832319397408,-0.10522626989980159,High
2018-11-27,SARIMA,20D,4,-0.0748133873355366,-0.07440752835134976,High
2018-11-28,SARIMA,20D,4,-0.0987697925488818,-0.06948211863485193,High
2018-11-29,SARIMA,20D,4,-0.0881276721412815,-0.09194240772951827,High
2018-11-30,SARIMA,20D,4,-0.0949975267952728,-0.08199973771109444,High
2018-12-03,SARIMA,20D,4,-0.1309478604085503,-0.08823647062106005,High
2018-12-04,SARIMA,20D,4,-0.0642882325096478,-0.12189528030200131,High
2018-12-06,SARIMA,20D,4,-0.0557788686002737,-0.05974391488691523,High
2018-12-07,SARIMA,20D,4,-0.0225339458074541,-0.05168521889989511,High
2018-12-10,SARIMA,20D,4,-0.0202048776975481,-0.02069686934522986,High
2018-12-11,SARIMA,20D,4,-0.0153402266477803,-0.018622345592791495,High
2018-12-12,SARIMA,20D,4,-0.020891406202614,-0.013738605155701312,High
2018-12-13,SARIMA,20D,4,-0.0259628504774484,-0.019105321563080688,High
2018-12-14,SARIMA,20D,4,0.0039729806710124,-0.02375520218849897,High
2018-12-17,SARIMA,20D,4,0.0271847860286772,0.004102472092653619,High
2018-12-18,SARIMA,20D,4,0.0346611198811239,0.025787789130195853,High
2018-12-19,SARIMA,20D,4,0.0632734918969165,0.032735173597775294,High
2018-12-20,SARIMA,20D,4,0.0649128245530479,0.05945500296450474,High
2018-12-21,SARIMA,20D,4,0.0879164349710394,0.06110381222409611,High
2018-12-24,SARIMA,20D,4,0.1167777879603313,0.08256942502001803,High
2018-12-26,SARIMA,20D,4,0.0768274779900443,0.10947308214505246,High
2018-12-27,SARIMA,20D,4,0.0604234731725184,0.0722393614160873,High
2018-12-28,SARIMA,20D,4,0.0602085191476349,0.05683529952215216,High
2018-12-31,SARIMA,20D,4,0.0671815031769881,0.056707602666582244,High
2019-01-02,SARIMA,20D,4,0.0744744589241297,0.06324437159960596,High
2019-01-03,SARIMA,20D,4,0.1004409973278518,0.06982728486455037,High
2019-01-04,SARIMA,20D,4,0.073434979384985,0.0941470394267218,High
2019-01-07,SARIMA,20D,4,0.0711463738271054,0.06897904758453967,High
2019-01-08,SARIMA,20D,4,0.0592708707730993,0.06686625096932694,High
2019-01-09,SARIMA,20D,4,0.0457800062380468,0.05577905987267556,High
2019-01-10,SARIMA,20D,4,0.0419477374295972,0.04324587480148689,High
2019-01-11,SARIMA,20D,4,0.0428028977778981,0.03949280440469289,High
2019-01-14,SARIMA,20D,4,0.0608821452679864,0.04036938501272723,High
2019-01-15,SARIMA,20D,4,0.0532369579819362,0.05721942985902857,High
2019-01-16,SARIMA,20D,4,0.0483622740691493,0.05007186294768957,High
2019-01-17,SARIMA,20D,4,0.0516195480278712,0.04554949282155592,High
2019-01-18,SARIMA,20D,4,0.0400202565146074,0.04860635466508521,High
2019-01-22,SARIMA,20D,4,0.0560542669033209,0.037833221813620234,High
2019-01-23,SARIMA,20D,4,0.0503211076580286,0.052723031320054715,High
2019-01-24,SARIMA,20D,4,0.0553369662417615,0.04737686710502651,High
2019-01-25,SARIMA,20D,4,0.0481152029909952,0.05208745136028237,High
2019-01-28,SARIMA,20D,4,0.0552022091668639,0.045293663029562066,High
2019-01-29,SARIMA,20D,4,0.0561153196656806,0.05200319050741864,High
2019-01-30,SARIMA,20D,4,0.03785620217517,0.05278546206641228,High
2019-01-31,SARIMA,20D,4,0.0361672099541154,0.03576959466466459,High
2019-02-01,SARIMA,20D,4,0.0313808959740531,0.034151846307497784,Normal
2019-02-04,SARIMA,20D,4,0.0234953413668666,0.029729227359514623,Normal
2019-02-05,SARIMA,20D,4,0.0122524973253914,0.02234595710838204,Normal
2019-02-06,SARIMA,20D,4,0.006320501904569,0.011781906368654251,Normal
2019-02-07,SARIMA,20D,4,0.0135877309753457,0.006294609474617821,Normal
2019-02-08,SARIMA,20D,4,0.0274712939728225,0.013070141119922909,Normal
2019-02-11,SARIMA,20D,4,0.0297114078968091,0.026023582559694426,Normal
2019-02-12,SARIMA,20D,4,0.0238291017509899,0.028102302197524735,Normal
2019-02-13,SARIMA,20D,4,0.0199412708256828,0.022624689325871403,Normal
2019-02-14,SARIMA,20D,4,0.027568953617812,0.019037628246432212,Normal
2019-02-15,SARIMA,20D,4,0.0204480457517624,0.026184821811097478,Normal
2019-02-19,SARIMA,20D,4,0.0188198543452436,0.01949853664200464,Normal
2019-02-20,SARIMA,20D,4,0.0140956240437331,0.017950939304055717,Low
2019-02-21,SARIMA,20D,4,0.0284223088642638,0.013544712884638169,Low
2019-02-22,SARIMA,20D,4,0.0028748430352802,0.026961872393875992,Normal
2019-02-25,SARIMA,20D,4,0.0008043657522184,0.0030561163011111063,Low
2019-02-26,SARIMA,20D,4,0.0087521883729928,0.0011396970620555537,Low
2019-02-27,SARIMA,20D,4,0.0046412425326918,0.008550813881466834,Low
2019-02-28,SARIMA,20D,4,0.011053804846904,0.004775574069904302,Low
2019-03-01,SARIMA,20D,4,0.0108938543015157,0.01063149461299142,Low
2019-03-04,SARIMA,20D,4,0.0262841572148151,0.010556230698059825,Low
2019-03-05,SARIMA,20D,4,0.0274337862593803,0.024961958301250108,Low
2019-03-06,SARIMA,20D,4,0.0361253322835944,0.02599630301033111,Low
2019-03-07,SARIMA,20D,4,0.0463667086649199,0.03414770649234241,Low
2019-03-08,SARIMA,20D,4,0.0531263904194727,0.043690625768833063,Low
2019-03-11,SARIMA,20D,4,0.0396137666065069,0.0500559592494702,Low
2019-03-12,SARIMA,20D,4,0.030578824443032,0.03739232355914465,Low
2019-03-13,SARIMA,20D,4,0.0271251154405126,0.02898102270339758,Low
2019-03-14,SARIMA,20D,4,0.0280316371124515,0.02576303006138326,Low
2019-03-15,SARIMA,20D,4,0.0296466960935665,0.0266000405522187,Low
2019-03-18,SARIMA,20D,4,0.0253180320503014,0.028040818983415997,Low
2019-03-19,SARIMA,20D,4,0.0259578304553682,0.02401071836290492,Low
2019-03-20,SARIMA,20D,4,0.0266301263753991,0.02462513990636043,Low
2019-03-21,SARIMA,20D,4,0.0174139577049594,0.025267011866354314,Low
2019-03-22,SARIMA,20D,4,0.0375822906561655,0.016663176571901576,Normal
2019-03-25,SARIMA,20D,4,0.0472240146644707,0.035477368188130916,Normal
2019-03-26,SARIMA,20D,4,0.0378727931135006,0.044497144518948324,Normal
2019-03-27,SARIMA,20D,4,0.0421588946498267,0.03576483164634775,Normal
2019-03-28,SARIMA,20D,4,0.0432501902578701,0.03973389221407557,Normal
2019-03-29,SARIMA,20D,4,0.0376094327187791,0.04085086352594664,Normal
2019-04-01,SARIMA,20D,4,0.0270582018995264,0.03555201852156326,Normal
2019-04-02,SARIMA,20D,4,0.0195103004943767,0.02563639950930418,Normal
2019-04-03,SARIMA,20D,4,0.0152379834256046,0.018632130064985604,Normal
2019-04-04,SARIMA,20D,4,0.0227476456615279,0.014632556967074157,Normal
2019-04-05,SARIMA,20D,4,0.0136409148493564,0.021622745618547656,Normal
2019-04-08,SARIMA,20D,4,-0.0040554849900728,0.01310052249964697,Low
2019-04-09,SARIMA,20D,4,0.0004237760561768,-0.0034172852927656424,Normal
2019-04-10,SARIMA,20D,4,-0.0060740603602514,0.0007750816387500029,Normal
2019-04-11,SARIMA,20D,4,-0.0023987886306755,-0.005253760370116618,Normal
2019-04-12,SARIMA,20D,4,-0.0334128361587187,-0.001876464064842055,Normal
2019-04-15,SARIMA,20D,4,-0.0247992813911455,-0.03086996305165523,Normal
2019-04-16,SARIMA,20D,4,-0.0194865153885625,-0.022754815104513403,Normal
2019-04-17,SARIMA,20D,4,-0.0083541574513246,-0.017829857866268797,Normal
2019-04-18,SARIMA,20D,4,-0.015786441449618,-0.007400849621112692,Low
2019-04-22,SARIMA,20D,4,-0.0235702052419562,-0.014458595283850803,Low
2019-04-23,SARIMA,20D,4,-0.0239126073237608,-0.021599595611673163,Low
2019-04-24,SARIMA,20D,4,-0.0245468310846241,-0.02192863407988587,Low
2019-04-25,SARIMA,20D,4,-0.0361634815856332,-0.02249990914235689,Low
2019-04-26,SARIMA,20D,4,-0.0394851881369008,-0.03340867000845702,Low
2019-04-29,SARIMA,20D,4,-0.048967086641395,-0.03651348845665937,Low
2019-04-30,SARIMA,20D,4,-0.0568539615074179,-0.04534452836713989,Low
2019-05-01,SARIMA,20D,4,-0.0472272429821296,-0.05271069632909845,Low
2019-05-02,SARIMA,20D,4,-0.0583842035838998,-0.043758356009935384,Low
2019-05-03,SARIMA,20D,4,-0.0707454017171252,-0.054151599127977484,Low
2019-05-06,SARIMA,20D,4,-0.0450584614469749,-0.06571671078003283,Low
2019-05-07,SARIMA,20D,4,-0.0202802463792557,-0.04172586470125234,Low
2019-05-08,SARIMA,20D,4,-0.0125566903138314,-0.018529121177974194,Low
2019-05-09,SARIMA,20D,4,0.0009122875953569,-0.011385063242787796,Low
2019-05-10,SARIMA,20D,4,0.0018481136002037,0.001186233071397578,Low
2019-05-13,SARIMA,20D,4,0.02592464128075,0.0021867806444275514,Normal
2019-05-14,SARIMA,20D,4,0.0159009959302964,0.024673152874769573,Normal
2019-05-15,SARIMA,20D,4,0.0141680121054237,0.015260214442872955,Normal
2019-05-16,SARIMA,20D,4,0.0036992432027717,0.013663160831375316,Normal
2019-05-17,SARIMA,20D,4,0.0104849958091685,0.003847381519294871,Normal
2019-05-20,SARIMA,20D,4,0.0269277433775444,0.010263125435033799,Normal
2019-05-21,SARIMA,20D,4,0.0214485110773774,0.025507491760059543,Normal
2019-05-22,SARIMA,20D,4,0.0337045087771499,0.020416696089216216,Normal
2019-05-23,SARIMA,20D,4,0.0444301847387039,0.03183176321153465,Normal
2019-05-24,SARIMA,20D,4,0.0413441525060796,0.041904187398898916,Normal
2019-05-28,SARIMA,20D,4,0.0402133268659524,0.03905669339533566,Normal
2019-05-29,SARIMA,20D,4,0.0459145413543796,0.03792981609256307,Normal
2019-05-30,SARIMA,20D,4,0.0476341544719735,0.04331294284093399,Normal
2019-05-31,SARIMA,20D,4,0.0666583015630261,0.04491634326421607,Normal
2019-06-03,SARIMA,20D,4,0.077070390828288,0.06263733391346273,Normal
2019-06-04,SARIMA,20D,4,0.0587883110241991,0.07236654047950412,High
2019-06-05,SARIMA,20D,4,0.0583026797060695,0.05531694251445745,Normal
2019-06-06,SARIMA,20D,4,0.0503783048255164,0.05485117947556513,High
2019-06-07,SARIMA,20D,4,0.0350881525681326,0.04751030782362507,High
2019-06-10,SARIMA,20D,4,0.0316747255518209,0.033206703280279,High
2019-06-11,SARIMA,20D,4,0.0365252139458551,0.0299238443273371,Normal
2019-06-12,SARIMA,20D,4,0.0408474913520412,0.034509854221260676,Normal
2019-06-13,SARIMA,20D,4,0.0413680151512574,0.03852076915287377,Normal
2019-06-14,SARIMA,20D,4,0.0431566806657945,0.038980019568107455,Normal
2019-06-17,SARIMA,20D,4,0.0388157806784311,0.04068730756302511,Normal
2019-06-18,SARIMA,20D,4,0.0225926256193673,0.036660931388900975,Normal
2019-06-19,SARIMA,20D,4,0.0231875065351626,0.021510355831688727,Normal
2019-06-20,SARIMA,20D,4,0.007564011734445,0.022053922383978908,Normal
2019-06-21,SARIMA,20D,4,0.0116487297004232,0.007468470692081676,Normal
2019-06-24,SARIMA,20D,4,0.0202062633002866,0.01126250729107828,Normal
2019-06-25,SARIMA,20D,4,0.0344252317541499,0.019212502641140237,Normal
2019-06-26,SARIMA,20D,4,0.0303836309493545,0.03254433202584392,Normal
2019-06-27,SARIMA,20D,4,0.0339282809275467,0.02871508319265037,Normal
2019-06-28,SARIMA,20D,4,0.0265699171578897,0.032088746611021554,Normal
2019-07-01,SARIMA,20D,4,0.0163449131748912,0.025233327156170653,Low
2019-07-02,SARIMA,20D,4,0.0024758589457626,0.015705966871824878,Low
2019-07-03,SARIMA,20D,4,-0.0142067642837275,0.002695544677302152,Low
2019-07-05,SARIMA,20D,4,-0.019708618618744,-0.012858502548313904,Low
2019-07-08,SARIMA,20D,4,-0.045091627778315,-0.018032654882025052,Low
2019-07-09,SARIMA,20D,4,-0.0333943969256022,-0.041747791896911246,Low
2019-07-10,SARIMA,20D,4,-0.037128361527826,-0.03083911709395977,Low
2019-07-11,SARIMA,20D,4,-0.0208225186399096,-0.03433874246800255,Low
2019-07-12,SARIMA,20D,4,-0.0320706460756331,-0.019077378932661794,Low
2019-07-15,SARIMA,20D,4,-0.0446403089199326,-0.02965021836920262,Low
2019-07-16,SARIMA,20D,4,-0.0262123780976204,-0.04126789160902704,Low
2019-07-17,SARIMA,20D,4,-0.0493900650860629,-0.02410896282675288,Low
2019-07-18,SARIMA,20D,4,-0.0505044260967017,-0.04568594795944788,Low
2019-07-19,SARIMA,20D,4,-0.029985478459612,-0.04681663708477306,Low
2019-07-22,SARIMA,20D,4,-0.0207770045814647,-0.027662199453327846,Low
2019-07-23,SARIMA,20D,4,-0.0355473650328567,-0.01896033065456544,Low
2019-07-24,SARIMA,20D,4,-0.0320115782889794,-0.03289088845166742,Low
2019-07-25,SARIMA,20D,4,-0.0272414847646585,-0.029519191211161006,Low
2019-07-26,SARIMA,20D,4,-0.0608909016582793,-0.024991343772862745,Low
2019-07-29,SARIMA,20D,4,-0.048350366998424,-0.05644845036053977,Low
2019-07-30,SARIMA,20D,4,-0.0489767034269359,-0.04481705543436593,Low
2019-07-31,SARIMA,20D,4,-0.0315073449442334,-0.045343013005378706,Low
2019-08-01,SARIMA,20D,4,-0.0098603349343329,-0.029024391020772672,Low
2019-08-02,SARIMA,20D,4,-0.001908365634891,-0.008939099678538056,Low
2019-08-05,SARIMA,20D,4,0.0213988072021183,-0.0013636770702475497,Normal
2019-08-06,SARIMA,20D,4,0.0192495085693729,0.020359586421107148,Normal
2019-08-07,SARIMA,20D,4,0.0314088391572737,0.018413889077239474,Normal
2019-08-08,SARIMA,20D,4,0.0137305674947856,0.029786928511870002,High
2019-08-09,SARIMA,20D,4,0.0202751459495427,0.01323649795363182,High
2019-08-12,SARIMA,20D,4,0.0329912074913891,0.01940212080109561,High
2019-08-13,SARIMA,20D,4,0.0251765335504746,0.031195576774197556,High
2019-08-14,SARIMA,20D,4,0.0577819022832436,0.023946087782341398,High
2019-08-15,SARIMA,20D,4,0.0545959887080972,0.054295612232068344,High
2019-08-16,SARIMA,20D,4,0.0371324176194961,0.051398883378995106,High
2019-08-19,SARIMA,20D,4,0.0276776674275607,0.0351131239473247,High
2019-08-20,SARIMA,20D,4,0.0359665160239432,0.0262169062973198,High
2019-08-21,SARIMA,20D,4,0.0277735109885198,0.03409310905928952,High
2019-08-22,SARIMA,20D,4,0.023372114842918,0.026327731658410257,High
2019-08-23,SARIMA,20D,4,0.0495640553479282,0.022168240965414178,High
2019-08-26,SARIMA,20D,4,0.0301889536535789,0.04665069719419552,High
2019-08-27,SARIMA,20D,4,0.039536960696099,0.028615629984731945,High
2019-08-28,SARIMA,20D,4,0.0305809381559232,0.0372910001248295,High
2019-08-29,SARIMA,20D,4,0.0126429211357002,0.028938539312751692,High
2019-08-30,SARIMA,20D,4,0.0170352505910719,0.012290326356250107,High
2019-09-03,SARIMA,20D,4,0.0116241329783445,0.016242974205042324,High
2019-09-04,SARIMA,20D,4,-0.0172249964877206,0.01128318056123593,High
2019-09-05,SARIMA,20D,4,-0.0222106046356135,-0.015717515282793817,High
2019-09-06,SARIMA,20D,4,-0.0090040102007312,-0.02040585393009428,High
2019-09-09,SARIMA,20D,4,-0.0133983477955128,-0.008001058926865399,High
2019-09-10,SARIMA,20D,4,-0.029403759773554,-0.012137034382617413,High
2019-09-11,SARIMA,20D,4,-0.0275441355850953,-0.02716450564343681,High
2019-09-12,SARIMA,20D,4,-0.024023949451546,-0.025353233221582255,Normal
2019-09-13,SARIMA,20D,4,-0.0124196929007909,-0.022005177871150687,Normal
2019-09-16,SARIMA,20D,4,-0.0106672616576538,-0.011225525989526095,Normal
2019-09-17,SARIMA,20D,4,-0.0033392416536268,-0.009629513547793013,Normal
2019-09-18,SARIMA,20D,4,-0.0056834194910877,-0.0027291339367645513,Normal
2019-09-19,SARIMA,20D,4,-0.002944372043242,-0.004912160026391636,Normal
2019-09-20,SARIMA,20D,4,-0.0019638186481614,-0.002326032420409437,Normal
2019-09-23,SARIMA,20D,4,0.0049812360749999,-0.0014412483436526168,Low
2019-09-24,SARIMA,20D,4,0.0098581757801744,0.005063697262024442,Low
2019-09-25,SARIMA,20D,4,0.0065615938840416,0.009586740881584852,Low
2019-09-26,SARIMA,20D,4,0.0109120695528261,0.006525015202425693,Low
2019-09-27,SARIMA,20D,4,0.0203070336426105,0.010582309033080457,Low
2019-09-30,SARIMA,20D,4,0.0208379433434799,0.019376233071344524,Low
2019-10-01,SARIMA,20D,4,0.032339318332412,0.019866547496493935,Low
2019-10-02,SARIMA,20D,4,0.053652811920913,0.03058031577503534,Normal
2019-10-03,SARIMA,20D,4,0.0426850685125073,0.050509028766840144,Low
2019-10-04,SARIMA,20D,5,0.0381842138328956,0.04017018208542307,Normal
2019-10-07,SARIMA,20D,5,0.0463698119118897,0.035924505991423154,Normal
2019-10-08,SARIMA,20D,5,0.0608665687521789,0.04361698585174823,Normal
2019-10-09,SARIMA,20D,5,0.0525055228296226,0.057174586887545197,Normal
2019-10-10,SARIMA,20D,5,0.0488366956621207,0.04917226411581621,Normal
2019-10-11,SARIMA,20D,5,0.0405145191334476,0.04580331719724491,Normal
2019-10-14,SARIMA,20D,5,0.0399382053933295,0.03815727984764595,Normal
2019-10-15,SARIMA,20D,5,0.0315951833181033,0.03767251717229339,Normal
2019-10-16,SARIMA,20D,5,0.0343080094414133,0.029753309377027207,Normal
2019-10-17,SARIMA,20D,5,0.0323856800860948,0.03230609916071824,Normal
2019-10-18,SARIMA,20D,5,0.0439787545738678,0.03048232059798128,Normal
2019-10-21,SARIMA,20D,5,0.0376336667913437,0.041314476156563536,Normal
2019-10-22,SARIMA,20D,5,0.0406159459500279,0.03535701241357969,Normal
2019-10-23,SARIMA,20D,5,0.034009586183256,0.0382075526095292,Normal
2019-10-24,SARIMA,20D,5,0.0305069754378953,0.032032107724712724,Normal
2019-10-25,SARIMA,20D,5,0.0286151198696154,0.028874707022336535,Normal
2019-10-28,SARIMA,20D,5,0.0305285518409648,0.026988659294634315,Normal
2019-10-29,SARIMA,20D,5,0.0335544674423856,0.02883362300340977,Normal
2019-10-30,SARIMA,20D,5,0.0344721136668282,0.03157748411764131,Normal
2019-10-31,SARIMA,20D,5,0.0334802660713781,0.03245027854047578,Normal
2019-11-01,SARIMA,20D,5,0.0151958518177669,0.03153820164784836,Low
2019-11-04,SARIMA,20D,5,0.0048383807544094,0.01456493255096955,Low
2019-11-05,SARIMA,20D,5,0.0123284410749999,0.004943995562838305,Low
2019-11-06,SARIMA,20D,5,0.0131253174093405,0.011894052369070911,Low
2019-11-07,SARIMA,20D,5,0.0194931881954859,0.012621285823539375,Low
2019-11-08,SARIMA,20D,5,0.0137679513658956,0.01841321388545156,Low
2019-11-11,SARIMA,20D,5,0.0146348106102488,0.013139275015429615,Low
2019-11-12,SARIMA,20D,5,0.0159753248383363,0.014072271255064071,Low
2019-11-13,SARIMA,20D,5,0.0238027106437753,0.015272905152442413,Low
2019-11-14,SARIMA,20D,5,0.0230385971795332,0.022592408425652997,Low
2019-11-15,SARIMA,20D,5,0.0224949293441031,0.021795554233879806,Low
2019-11-18,SARIMA,20D,5,0.0223271390497544,0.0213359829025151,Low
2019-11-19,SARIMA,20D,5,0.0224875155089241,0.021183939928348165,Low
2019-11-20,SARIMA,20D,5,0.0307001507517295,0.021381876114850398,Low
2019-11-21,SARIMA,20D,5,0.0372167526422531,0.028958175200922743,Low
2019-11-22,SARIMA,20D,5,0.0359099474141755,0.03501842948203961,Low
2019-11-25,SARIMA,20D,5,0.0282352282242403,0.03380589118366091,Low
2019-11-26,SARIMA,20D,5,0.031157126989354,0.026672425108182636,Low
2019-11-27,SARIMA,20D,5,0.027025375503712,0.02944897215891645,Low
2019-11-29,SARIMA,20D,5,0.0252470656543512,0.02559904145900818,Low
2019-12-02,SARIMA,20D,5,0.0368572399925058,0.023890958279090872,Low
2019-12-03,SARIMA,20D,5,0.0518613606128676,0.03463796443597661,Low
2019-12-04,SARIMA,20D,5,0.038472793639143,0.04866313371429747,Low
2019-12-05,SARIMA,20D,5,0.0405008119067856,0.036163884257620925,Low
2019-12-06,SARIMA,20D,5,0.0285993907917648,0.03806480515499521,Low
2019-12-09,SARIMA,20D,5,0.0366576979618803,0.02709747804710813,Low
2019-12-10,SARIMA,20D,5,0.0443884482477709,0.03462117015704368,Low
2019-12-11,SARIMA,20D,5,0.0386252482309152,0.041606264958534644,Low
2019-12-12,SARIMA,20D,5,0.0370385749012934,0.0363551407763427,Low
2019-12-13,SARIMA,20D,5,0.0354503149141827,0.034777602002333124,Low
2019-12-16,SARIMA,20D,5,0.0301964042153279,0.03344273844911967,Low
2019-12-17,SARIMA,20D,5,0.0381929156090987,0.028559516329103554,Low
2019-12-18,SARIMA,20D,5,0.0424800324971065,0.03589844829241811,Low
2019-12-19,SARIMA,20D,5,0.0353751533056569,0.039912512359138,Low
2019-12-20,SARIMA,20D,5,0.0307315917980038,0.03330568767606822,Low
2019-12-23,SARIMA,20D,5,0.0310061492770636,0.028960168387692064,Low
2019-12-24,SARIMA,20D,5,0.022118327153338,0.029311008206670975,Low
2019-12-26,SARIMA,20D,5,0.00114751238644,0.021023921553402224,Low
2019-12-27,SARIMA,20D,5,0.0111169117471346,0.0014433643114102456,Low
2019-12-30,SARIMA,20D,5,0.0160472576828999,0.010727287263338315,Low
2019-12-31,SARIMA,20D,5,0.0162350239689205,0.015345498635768454,Low
2020-01-02,SARIMA,20D,5,-0.0099733149647593,0.015452252269655267,Low
2020-01-03,SARIMA,20D,5,0.0043400201614277,-0.009010048067836878,Low
2020-01-06,SARIMA,20D,5,0.0156821908846612,0.004516834199112176,Low
2020-01-07,SARIMA,20D,5,0.0296771446282289,0.015030387584454356,Low
2020-01-08,SARIMA,20D,5,0.0281068261995899,0.0280100244527283,Low
2020-01-09,SARIMA,20D,5,0.016058121073225,0.026354249695874656,Low
2020-01-10,SARIMA,20D,5,0.0262170736813031,0.0154385420101095,Low
2020-01-13,SARIMA,20D,5,0.020952128321372,0.02486956432340478,Low
2020-01-14,SARIMA,20D,5,0.0289096622634708,0.01999990261557594,Low
2020-01-15,SARIMA,20D,5,0.0254094356597943,0.027290491087215905,Low
2020-01-16,SARIMA,20D,5,0.0189195243360479,0.023957492748410254,Low
2020-01-17,SARIMA,20D,5,0.0121405871024149,0.018081763186259155,Low
2020-01-21,SARIMA,20D,5,0.0194908357562853,0.011669701533655348,Low
2020-01-22,SARIMA,20D,5,0.0153789840316069,0.018599176220388532,Low
2020-01-23,SARIMA,20D,5,0.0036648486054288,0.014695197775637537,Low
2020-01-24,SARIMA,20D,5,-0.021339941388818,0.003779607186715207,Low
2020-01-27,SARIMA,20D,5,-0.0362320934073272,-0.019474912866501395,Low
2020-01-28,SARIMA,20D,5,-0.0500211742312099,-0.03322007673635009,Normal
2020-01-29,SARIMA,20D,5,-0.0943220604398864,-0.046122113887210825,Low
2020-01-30,SARIMA,20D,5,-0.1057239804797507,-0.08737080495017209,Low
2020-01-31,SARIMA,20D,5,-0.0428486681389744,-0.09807679979816154,Normal
2020-02-03,SARIMA,20D,5,-0.0785875788231217,-0.039554492140301316,Normal
2020-02-04,SARIMA,20D,5,-0.0521205453799945,-0.07278345036746806,Normal
2020-02-05,SARIMA,20D,5,-0.0978191064789484,-0.04840842249234557,Normal
2020-02-06,SARIMA,20D,5,-0.1183402051883365,-0.09067712289149772,Normal
2020-02-07,SARIMA,20D,5,-0.1919351271192498,-0.10921217857359786,Normal
2020-02-10,SARIMA,20D,5,-0.151019764813964,-0.1783382036458289,Normal
2020-02-11,SARIMA,20D,5,-0.2028097063085716,-0.13985299265491852,Normal
2020-02-12,SARIMA,20D,5,-0.3091964118162481,-0.18852790340731543,Normal
2020-02-13,SARIMA,20D,5,-0.2187562285070234,-0.2872813376349728,Normal
2020-02-14,SARIMA,20D,5,-0.3482502620783263,-0.20359613101801188,Normal
2020-02-18,SARIMA,20D,5,-0.2870997354564867,-0.3231861519809045,Normal
2020-02-19,SARIMA,20D,5,-0.3450167560728519,-0.26699593376173725,Normal
2020-02-20,SARIMA,20D,5,-0.3364971776744535,-0.32127812127330463,Normal
2020-02-21,SARIMA,20D,5,-0.3702509924950005,-0.31195203320560494,Normal
2020-02-24,SARIMA,20D,5,-0.3658944140841366,-0.34492017987458073,High
2020-02-25,SARIMA,20D,5,-0.2454632771908201,-0.3395226733468602,High
2020-02-26,SARIMA,20D,5,-0.2302085894464678,-0.22839945801031736,High
2020-02-27,SARIMA,20D,5,-0.1244966220199602,-0.21375323950620026,High
2020-02-28,SARIMA,20D,5,-0.1504920044519335,-0.11577335745228191,High
2020-03-02,SARIMA,20D,5,-0.1625362826513719,-0.13967824857204844,High
2020-03-03,SARIMA,20D,5,-0.1501681085168731,-0.1500134300412228,High
2020-03-04,SARIMA,20D,5,-0.2366508206102934,-0.1392312448514556,High
2020-03-05,SARIMA,20D,5,-0.179567381113352,-0.21896228178691973,High
2020-03-06,SARIMA,20D,5,-0.1776192982869101,-0.16680914948472897,High
2020-03-09,SARIMA,20D,5,-0.0306406412017082,-0.16490790300617061,High
2020-03-10,SARIMA,20D,5,-0.0804600326759297,-0.02807501321862191,High
2020-03-11,SARIMA,20D,5,0.0031322313239605,-0.07512305160471197,High
2020-03-12,SARIMA,20D,5,0.1174605540301331,0.0036194968834633977,High
2020-03-13,SARIMA,20D,5,0.01849608763622,0.10954058931411055,High
2020-03-16,SARIMA,20D,5,0.176262844681345,0.018602166036914454,High
2020-03-17,SARIMA,20D,5,0.095759799373284,0.1639074223881769,High
2020-03-18,SARIMA,20D,5,0.1547819095449057,0.09002092865250765,High
2020-03-19,SARIMA,20D,5,0.1765260805958252,0.1451701640050519,High
2020-03-20,SARIMA,20D,5,0.2028108590338443,0.16386473999354498,High
2020-03-23,SARIMA,20D,5,0.2013872448070904,0.1901568514586126,High
2020-03-24,SARIMA,20D,5,0.1343753128712639,0.1871477814478983,High
2020-03-25,SARIMA,20D,5,0.1223667547902461,0.12583444694218907,High
2020-03-26,SARIMA,20D,5,0.0756450142828389,0.11442330920774939,High
2020-03-27,SARIMA,20D,5,0.1245197280062011,0.07102730291274446,High
2020-03-30,SARIMA,20D,5,0.0862969672457426,0.11627825316266699,High
2020-03-31,SARIMA,20D,5,0.1286759820792315,0.08025212311945926,High
2020-04-01,SARIMA,20D,5,0.1645672014929636,0.12002848862579685,High
2020-04-02,SARIMA,20D,5,0.1135343334212274,0.1531357114264553,High
2020-04-03,SARIMA,20D,5,0.1330280168260212,0.10637112995312302,High
2020-04-06,SARIMA,20D,5,0.0740597078789705,0.12387532697359509,High
2020-04-07,SARIMA,20D,5,0.0686601665282903,0.06962570742481652,High
2020-04-08,SARIMA,20D,5,0.0466097510918963,0.06457925905901427,High
2020-04-09,SARIMA,20D,5,0.0489570758534234,0.04345103774447294,High
2020-04-13,SARIMA,20D,5,0.0592462046648912,0.046130154156814665,High
2020-04-14,SARIMA,20D,5,0.008418279320536,0.05512488235584538,High
2020-04-15,SARIMA,20D,5,0.0130780153686251,0.008232691418747006,High
2020-04-16,SARIMA,20D,5,0.0187370953331553,0.01243889148381055,High
2020-04-17,SARIMA,20D,5,-0.0037851614844422,0.017870108324712603,High
2020-04-20,SARIMA,20D,5,0.0452728929009789,-0.0030105341176891775,High
2020-04-21,SARIMA,20D,5,0.0658882604257102,0.04215470868099828,High
2020-04-22,SARIMA,20D,5,0.0597309504569891,0.061707657155040875,High
2020-04-23,SARIMA,20D,5,0.052466549807231,0.055992544198057353,High
2020-04-24,SARIMA,20D,5,0.0409954049272041,0.04903212256214301,High
2020-04-27,SARIMA,20D,5,0.0386028217669288,0.038885748175917216,High
2020-04-28,SARIMA,20D,5,0.0585774394477266,0.0364757214247792,High
2020-04-29,SARIMA,20D,5,0.030230596077734,0.05485988062674868,High
2020-04-30,SARIMA,20D,5,0.0442865329490969,0.028492085077194973,High
2020-05-01,SARIMA,20D,5,0.0764909604422373,0.04152604561405317,High
2020-05-04,SARIMA,20D,5,0.0804274451457866,0.07153050552574337,High
2020-05-05,SARIMA,20D,5,0.0849841807605707,0.07535526138338348,High
2020-05-06,SARIMA,20D,5,0.0886136720760043,0.07924396330722644,High
2020-05-07,SARIMA,20D,5,0.1030487291427495,0.08291839617933776,High
2020-05-08,SARIMA,20D,5,0.0982875904833291,0.09648180391084409,High
2020-05-11,SARIMA,20D,5,0.0903247776968165,0.09186205473296778,High
2020-05-12,SARIMA,20D,5,0.105710887733682,0.08446502931288333,High
2020-05-13,SARIMA,20D,5,0.062575191361673,0.09876624720798538,High
2020-05-14,SARIMA,20D,5,0.0640925601628134,0.05874151934219342,High
2020-05-15,SARIMA,20D,5,0.0684517457772656,0.060017453637336626,High
2020-05-18,SARIMA,20D,5,0.0562213898739027,0.06404431275109665,High
2020-05-19,SARIMA,20D,5,0.0631543413528727,0.05284181794452896,High
2020-05-20,SARIMA,20D,5,0.047234394143259,0.05886182041128641,High
2020-05-21,SARIMA,20D,5,0.0493728488875387,0.044368533813074096,High
2020-05-22,SARIMA,20D,5,0.0534959964973848,0.046378702235229,High
2020-05-26,SARIMA,20D,5,0.045579880667408,0.05009153066376201,High
2020-05-27,SARIMA,20D,5,0.0046661675814313,0.042867063191490556,High
2020-05-28,SARIMA,20D,5,0.0176761346345691,0.004660320422369873,High
2020-05-29,SARIMA,20D,5,-0.01164986319257,0.016882422406648053,High
2020-06-01,SARIMA,20D,5,-0.0008151915574007,-0.010368515251001732,High
2020-06-02,SARIMA,20D,5,0.0062998505959561,-0.0003818016067429252,High
2020-06-03,SARIMA,20D,5,-0.0022472562407371,0.005984718103865057,High
2020-06-04,SARIMA,20D,5,0.0056581033196887,-0.0015835052670949866,High
2020-06-05,SARIMA,20D,5,-0.0044589786697838,0.005459461166971597,High
2020-06-08,SARIMA,20D,5,-0.0273061129452333,-0.0036645608880007266,High
2020-06-09,SARIMA,20D,5,-0.0116793832620811,-0.024929357501921604,High
2020-06-10,SARIMA,20D,5,-0.0120117190030936,-0.010512393981438745,High
2020-06-11,SARIMA,20D,5,0.0591527837676382,-0.010703793483511005,High
2020-06-12,SARIMA,20D,5,0.0367698519463675,0.055334074948894856,High
2020-06-15,SARIMA,20D,5,0.0418092917110964,0.03442312745360299,High
2020-06-16,SARIMA,20D,5,0.0320654957807409,0.039382222783581805,High
2020-06-17,SARIMA,20D,5,0.0322603767992549,0.030212367987722557,High
2020-06-18,SARIMA,20D,5,0.0345108959830365,0.03092379036738634,High
2020-06-19,SARIMA,20D,5,0.0485482068038507,0.032359371569716744,High
2020-06-22,SARIMA,20D,5,0.0437517428417525,0.045602778821596135,High
2020-06-23,SARIMA,20D,5,0.0451842042447426,0.04103607038583869,High
2020-06-24,SARIMA,20D,5,0.058983091428158,0.04243660104263078,High
2020-06-25,SARIMA,20D,5,0.0418736236756638,0.05528190457002704,High
2020-06-26,SARIMA,20D,5,0.0737667567719773,0.03946244772841788,High
2020-06-29,SARIMA,20D,5,0.0526934332397973,0.06898369209779966,High
2020-06-30,SARIMA,20D,5,0.0497528671557842,0.04943381297861894,High
2020-07-01,SARIMA,20D,5,0.0409860014164588,0.046792214970078384,High
2020-07-02,SARIMA,20D,5,0.0440962671818181,0.03841883862347932,High
2020-07-06,SARIMA,20D,5,0.0354946990140135,0.04166531952211858,High
2020-07-07,SARIMA,20D,5,0.0499775999097908,0.0332914215316183,High
2020-07-08,SARIMA,20D,5,0.0485897740818786,0.04688089753296617,High
2020-07-09,SARIMA,20D,5,0.0606564915787381,0.045545768388479534,High
2020-07-10,SARIMA,20D,5,0.0508775110742516,0.05684872466947451,High
2020-07-13,SARIMA,20D,5,0.0630226215637023,0.04767114395006083,High
2020-07-14,SARIMA,20D,5,0.041704265579421,0.0591302162441977,High
2020-07-15,SARIMA,20D,5,0.0465627109366796,0.03919860725322226,High
2020-07-16,SARIMA,20D,5,0.0479253534746383,0.043814990137744196,High
2020-07-17,SARIMA,20D,5,0.0449088934907757,0.044926173778429564,High
2020-07-20,SARIMA,20D,5,0.0392432737430587,0.04227907427448769,High
2020-07-21,SARIMA,20D,5,0.0398663848283156,0.036769363034824004,High
2020-07-22,SARIMA,20D,5,0.0297216308886598,0.03753180764542166,High
2020-07-23,SARIMA,20D,5,0.0452716640692526,0.02807599870289056,High
2020-07-24,SARIMA,20D,5,0.0549165040765014,0.042502357901497756,High
2020-07-27,SARIMA,20D,5,0.0575421906199225,0.05144872919900596,Normal
2020-07-28,SARIMA,20D,5,0.0676265257841089,0.053933745996337545,Normal
2020-07-29,SARIMA,20D,5,0.065418743777208,0.06323041918860829,Normal
2020-07-30,SARIMA,20D,5,0.0708476915724718,0.06136299598035201,Normal
2020-07-31,SARIMA,20D,5,0.0699164581798658,0.06637502469709915,Normal
2020-08-03,SARIMA,20D,5,0.0605637203399985,0.0654621335665714,Normal
2020-08-04,SARIMA,20D,5,0.0644551287345707,0.05682282910167426,Normal
2020-08-05,SARIMA,20D,5,0.0732950184429225,0.06035505337526874,Normal
2020-08-06,SARIMA,20D,5,0.0311302982800724,0.0686297236828301,Normal
2020-08-07,SARIMA,20D,5,0.0223311882558405,0.029381385103530944,Normal
2020-08-10,SARIMA,20D,5,-0.008556106104018,0.02113717399680932,Normal
2020-08-11,SARIMA,20D,5,0.0193897099595396,-0.007487886311681139,Normal
2020-08-12,SARIMA,20D,5,-0.0122510382594692,0.01853435838608829,Normal
2020-08-13,SARIMA,20D,5,-0.0096688354252253,-0.01125840156932234,Normal
2020-08-14,SARIMA,20D,5,0.0031643969960766,-0.008631958421725781,Normal
2020-08-17,SARIMA,20D,5,0.0056640054191528,0.0031317011716906432,Normal
2020-08-18,SARIMA,20D,5,-0.0012663818928157,0.005876154559497148,Normal
2020-08-19,SARIMA,20D,5,-0.0053002080761863,-0.000995077541985352,Normal
2020-08-20,SARIMA,20D,5,-0.0196994397923609,-0.004508254596273996,Low
2020-08-21,SARIMA,20D,5,-0.0347732038026311,-0.017819003927469254,Low
2020-08-24,SARIMA,20D,5,-0.0343038027691586,-0.03190428819170426,Low
2020-08-25,SARIMA,20D,5,-0.0619010414290728,-0.03153650198143455,Low
2020-08-26,SARIMA,20D,5,-0.0690620372192853,-0.05717803046621206,Low
2020-08-27,SARIMA,20D,5,-0.0548832440269061,-0.06391518999429101,Low
2020-08-28,SARIMA,20D,5,-0.0456110550226221,-0.05074451285256174,Low
2020-08-31,SARIMA,20D,5,-0.0482379625515576,-0.042015946834694035,Low
2020-09-01,SARIMA,20D,5,-0.0475149514038839,-0.04466636490114701,Low
2020-09-02,SARIMA,20D,5,-0.0574850519834588,-0.043856892088332815,Low
2020-09-03,SARIMA,20D,5,-0.0313512707076442,-0.0529723300053928,High
2020-09-04,SARIMA,20D,5,-0.0053718809504681,-0.02870263305183667,High
2020-09-08,SARIMA,20D,5,0.0087048837484754,-0.004630916166977506,High
2020-09-09,SARIMA,20D,5,0.0060072868565365,0.008480884478602655,High
2020-09-10,SARIMA,20D,5,0.0317267456768014,0.005893758220133345,High
2020-09-11,SARIMA,20D,5,0.0399489106994668,0.030069882200332954,High
2020-09-14,SARIMA,20D,5,0.0435701058327681,0.037727168574854586,High
2020-09-15,SARIMA,20D,5,0.0320374282731051,0.041019322915728,High
2020-09-16,SARIMA,20D,5,0.0300219030811976,0.03017934311669479,High
2020-09-17,SARIMA,20D,5,0.0369409290955371,0.02851475122596539,High
2020-09-18,SARIMA,20D,5,0.048321416499996,0.03483152884344903,High
2020-09-21,SARIMA,20D,5,0.0434953170123512,0.04538304813636569,High
2020-09-22,SARIMA,20D,5,0.0377484959339762,0.04078529678120402,High
2020-09-23,SARIMA,20D,5,0.0595577208367801,0.03550660330112709,High
2020-09-24,SARIMA,20D,5,0.0617800692856423,0.05584965168371575,High
2020-09-25,SARIMA,20D,5,0.0493694683818433,0.057952652053499545,High
2020-09-28,SARIMA,20D,5,0.0146228035426671,0.0462992027302278,High
2020-09-29,SARIMA,20D,5,0.0164168808966656,0.01398304655440763,High
2020-09-30,SARIMA,20D,5,-0.0277285037802916,0.015852577477642658,High
2020-10-01,SARIMA,20D,5,-0.0211309284045891,-0.025326936058461542,High
2020-10-02,SARIMA,20D,5,-0.0237108289834782,-0.019300028212214847,High
2020-10-05,SARIMA,20D,5,-0.0292809870957875,-0.02187093722518362,High
2020-10-06,SARIMA,20D,5,0.0024338149758133,-0.026796990937331292,High
2020-10-07,SARIMA,20D,5,0.0069941768606635,0.0023509835268754643,High
2020-10-08,SARIMA,20D,5,0.0182892297424955,0.00694456465605707,High
2020-10-09,SARIMA,20D,5,0.0092463779763688,0.017381851452601363,High
2020-10-12,SARIMA,20D,5,0.0045958225643888,0.008950446589592964,High
2020-10-13,SARIMA,20D,5,0.0095219389726844,0.004900142035734613,High
2020-10-14,SARIMA,20D,5,0.0237898394197352,0.009295430444105315,High
2020-10-15,SARIMA,20D,5,0.0152901113868789,0.022613799459020357,High
2020-10-16,SARIMA,20D,5,0.0286737476365424,0.01456591536810371,High
2020-10-19,SARIMA,20D,5,0.0567191460743175,0.027037648605260065,High
2020-10-20,SARIMA,20D,5,0.0471995069696688,0.053182367731474174,High
2020-10-21,SARIMA,20D,5,0.0377664103337578,0.04440304988186756,High
2020-10-22,SARIMA,20D,5,0.0364997320209992,0.035470860491124946,High
2020-10-23,SARIMA,20D,5,0.0262441563276912,0.0344510401496221,High
2020-10-26,SARIMA,20D,5,0.0506287374948629,0.025031333809837235,High
2020-10-27,SARIMA,20D,5,0.0696914016593401,0.04743960357222533,High
2020-10-28,SARIMA,20D,5,0.1040312690124084,0.06515940226513661,High
2020-10-29,SARIMA,20D,5,0.0945488550983121,0.09714364992155664,High
2020-10-30,SARIMA,20D,5,0.1021464279066001,0.08825973144985534,High
2015-06-10,SARIMA,60D,1,-0.0760017568835913,-0.06385658816659223,Low
2015-06-11,SARIMA,60D,1,-0.0931871823943958,-0.07393475807610164,Low
2015-06-12,SARIMA,60D,1,-0.0613946705442546,-0.0900813058494574,Low
2015-06-15,SARIMA,60D,1,-0.0707564166915679,-0.05846523799596287,Low
2015-06-16,SARIMA,60D,1,-0.071166071762386,-0.06911986884271928,Low
2015-06-17,SARIMA,60D,1,-0.0686667497124726,-0.06846238788017699,Low
2015-06-18,SARIMA,60D,1,-0.0826187909895252,-0.0657759188565906,Low
2015-06-19,SARIMA,60D,1,-0.0645514881201432,-0.08120203274142614,Low
2015-06-22,SARIMA,60D,1,-0.0619601153863095,-0.062073465269216865,Low
2015-06-23,SARIMA,60D,1,-0.0651601262540631,-0.05987589250676323,Low
2015-06-24,SARIMA,60D,1,-0.0740758914901413,-0.06310393672732617,Low
2015-06-25,SARIMA,60D,1,-0.0665424952998722,-0.07117670964252065,Low
2015-06-26,SARIMA,60D,1,-0.078547269574328,-0.06502649463079224,Low
2015-06-29,SARIMA,60D,1,-0.0595110442953105,-0.07616156956609067,Normal
2015-06-30,SARIMA,60D,1,-0.0655346585190844,-0.05739222513331278,Normal
2015-07-01,SARIMA,60D,1,-0.072912656754942,-0.0630449164117394,Normal
2015-07-02,SARIMA,60D,1,-0.0986057977282045,-0.07084674663787768,Normal
2015-07-06,SARIMA,60D,1,-0.0935044711163255,-0.09516026570474423,Normal
2015-07-07,SARIMA,60D,1,-0.0806711331066291,-0.09134550343345886,Normal
2015-07-08,SARIMA,60D,1,-0.0619062295161503,-0.07791205062570992,Normal
2015-07-09,SARIMA,60D,1,-0.0499520841445647,-0.05956598886235963,Normal
2015-07-10,SARIMA,60D,1,-0.0440904770110702,-0.0472181862859523,Normal
2015-07-13,SARIMA,60D,1,-0.0586904348625687,-0.042640068037038556,Normal
2015-07-14,SARIMA,60D,1,-0.055130188241516,-0.057165986911305144,Normal
2015-07-15,SARIMA,60D,1,-0.0456151517962204,-0.05393154891531349,Normal
2015-07-16,SARIMA,60D,1,-0.0528730366801808,-0.0444191379733751,Normal
2015-07-17,SARIMA,60D,1,-0.0527039438272984,-0.051275092551059526,Normal
2015-07-20,SARIMA,60D,1,-0.0603237041414271,-0.05034547668641945,Normal
2015-07-21,SARIMA,60D,1,-0.0607803388106433,-0.0584419403666709,Normal
2015-07-22,SARIMA,60D,1,-0.0436462224390979,-0.059114604111007316,Normal
2015-07-23,SARIMA,60D,1,-0.0333939508540215,-0.04179229997054465,Normal
2015-07-24,SARIMA,60D,1,-0.0223624212134872,-0.03207257401968,Normal
2015-07-27,SARIMA,60D,1,-0.0179927672043168,-0.021027533028315937,Normal
2015-07-28,SARIMA,60D,1,-0.0361452899173403,-0.017031053973313243,Normal
2015-07-29,SARIMA,60D,1,-0.0269465858321299,-0.0353853897997021,Normal
2015-07-30,SARIMA,60D,1,-0.0160049987671093,-0.02617706132344848,Normal
2015-07-31,SARIMA,60D,1,-0.0156458279671577,-0.015551904638617619,Normal
2015-08-03,SARIMA,60D,1,-0.015442519887341,-0.014961536109320387,Normal
2015-08-04,SARIMA,60D,1,-0.0014197922322646,-0.013919564039892373,Normal
2015-08-05,SARIMA,60D,1,-0.004979505798416,-0.0012647169575453789,Low
2015-08-06,SARIMA,60D,1,-0.0020177915642793,-0.00480861135541108,Low
2015-08-07,SARIMA,60D,1,0.012665107630873,-0.0015339603325668846,Low
2015-08-10,SARIMA,60D,1,0.0026626249239154,0.012782336247419443,Low
2015-08-11,SARIMA,60D,1,0.0087140226644506,0.0025128484095619727,Low
2015-08-12,SARIMA,60D,1,0.0066316292697374,0.009059495973475216,Low
2015-08-13,SARIMA,60D,1,0.0075599733580951,0.006787736868168748,Low
2015-08-14,SARIMA,60D,1,-0.0062156495727666,0.007248410112457089,Low
2015-08-17,SARIMA,60D,1,-0.0099040861287198,-0.0052626562752607214,Low
2015-08-18,SARIMA,60D,1,-0.0105084105146556,-0.009452514516185357,Low
2015-08-19,SARIMA,60D,1,-0.0163084374416912,-0.009741050420916098,Low
2015-08-20,SARIMA,60D,1,-0.0062531174197004,-0.015505450223595053,Normal
2015-08-21,SARIMA,60D,1,0.0409094278964122,-0.005152239818993619,High
2015-08-24,SARIMA,60D,1,0.0797805952246848,0.040448353109401036,High
2015-08-25,SARIMA,60D,1,0.1094280748445129,0.07822175583322766,High
2015-08-26,SARIMA,60D,1,0.0700130350810018,0.10731404082136614,High
2015-08-27,SARIMA,60D,1,0.0498087358714612,0.06830651116896068,High
2015-08-28,SARIMA,60D,1,0.047964560872901,0.047207550600720766,High
2015-08-31,SARIMA,60D,1,0.0576128894818458,0.045677290537848775,High
2015-09-01,SARIMA,60D,1,0.0875063987093067,0.055391278792331744,High
2015-09-02,SARIMA,60D,1,0.0699721688455729,0.08709915101776092,High
2015-09-03,SARIMA,60D,1,0.0641562530065355,0.06932361913370513,High
2015-09-04,SARIMA,60D,1,0.090228500707551,0.06298310338838249,High
2015-09-08,SARIMA,60D,1,0.0543982708710637,0.08796362088031676,High
2015-09-09,SARIMA,60D,1,0.0539154801959983,0.052270022642381675,High
2015-09-10,SARIMA,60D,1,0.0689692611149139,0.05355665237150335,High
2015-09-11,SARIMA,60D,1,0.0574782107095299,0.06780442888962221,High
2015-09-14,SARIMA,60D,1,0.055065199306979,0.055409534479453085,High
2015-09-15,SARIMA,60D,1,0.0345464253098539,0.0553635009622193,High
2015-09-16,SARIMA,60D,1,0.0281275411730727,0.03406807978300308,High
2015-09-17,SARIMA,60D,1,0.0110780178598174,0.027227368512943093,High
2015-09-18,SARIMA,60D,1,0.0321185368782691,0.011595033109425652,High
2015-09-21,SARIMA,60D,1,0.0381257249505107,0.03177146062956096,High
2015-09-22,SARIMA,60D,1,0.0649312906206604,0.038310406358492144,High
2015-09-23,SARIMA,60D,1,0.0518272582143779,0.063925305331517,High
2015-09-24,SARIMA,60D,1,0.0372384150785774,0.051559767127355105,High
2015-09-25,SARIMA,60D,1,0.0454526236069543,0.035922803057784725,High
2015-09-28,SARIMA,60D,1,0.0802319303613323,0.04447477273033837,High
2015-09-29,SARIMA,60D,1,0.0913414329759045,0.07758380546361299,High
2015-09-30,SARIMA,60D,1,0.0708456189684761,0.08988880934554604,High
2015-10-01,SARIMA,60D,1,0.0666927438338328,0.06998085739427111,High
2015-10-02,SARIMA,60D,1,0.0630526149904501,0.06508859374205803,High
2015-10-05,SARIMA,60D,1,0.0376846226881696,0.06053267602171063,High
2015-10-06,SARIMA,60D,1,0.0318228269908449,0.03666562656654508,High
2015-10-07,SARIMA,60D,1,0.0083972653354861,0.03213177030003981,High
2015-10-08,SARIMA,60D,1,0.0016276893302875,0.008704141047852818,High
2015-10-09,SARIMA,60D,1,-0.0122993222328538,0.002090792789842059,High
2015-10-12,SARIMA,60D,1,-0.0375598032295314,-0.010661694791857794,High
2015-10-13,SARIMA,60D,1,-0.0416085169852523,-0.03599218970106094,High
2015-10-14,SARIMA,60D,1,-0.0360281777774905,-0.03927140149971822,High
2015-10-15,SARIMA,60D,1,-0.0429992150110709,-0.03443725599715522,High
2015-10-16,SARIMA,60D,1,-0.0728416514626769,-0.040955671254340895,High
2015-10-19,SARIMA,60D,1,-0.0565540994721662,-0.06960176284047412,High
2015-10-20,SARIMA,60D,1,-0.0769677711144347,-0.054501551294683995,Normal
2015-10-21,SARIMA,60D,1,-0.0705936420158716,-0.07475653373201988,Normal
2015-10-22,SARIMA,60D,1,-0.0988472550543641,-0.06807670362288429,High
2015-10-23,SARIMA,60D,1,-0.1046352203874588,-0.09474646055112146,High
2015-10-26,SARIMA,60D,1,-0.0826395605041452,-0.10209610505650252,Normal
2015-10-27,SARIMA,60D,1,-0.0958437198118788,-0.07929160862195425,Normal
2015-10-28,SARIMA,60D,1,-0.0935689704696545,-0.09315022985994745,Normal
2015-10-29,SARIMA,60D,1,-0.1040420173895221,-0.08963543982458147,Normal
2015-10-30,SARIMA,60D,1,-0.0937071849835053,-0.10066195154170351,Normal
2015-11-02,SARIMA,60D,1,-0.0810524103277635,-0.09162961157377031,Normal
2015-11-03,SARIMA,60D,1,-0.0842200980983728,-0.07799123842534103,Normal
2015-11-04,SARIMA,60D,1,-0.099589399876957,-0.08164884236765042,Normal
2015-11-05,SARIMA,60D,1,-0.0934769900988847,-0.09615082059721079,Normal
2015-11-06,SARIMA,60D,1,-0.0916037400263375,-0.09096677303147946,Normal
2015-11-09,SARIMA,60D,1,-0.1003866076461869,-0.08923820973570652,Normal
2015-11-10,SARIMA,60D,1,-0.1161511207226939,-0.09721482287292672,Normal
2015-11-11,SARIMA,60D,1,-0.1135816540478851,-0.1121173670244543,Normal
2015-11-12,SARIMA,60D,1,-0.0996814588420133,-0.11040716738424985,Normal
2015-11-13,SARIMA,60D,1,-0.1007882657391141,-0.09670548674736393,Normal
2015-11-16,SARIMA,60D,1,-0.0962515533263025,-0.09738481454873163,Normal
2015-11-17,SARIMA,60D,1,-0.0785295385663709,-0.09269183393629468,Normal
2015-11-18,SARIMA,60D,1,-0.0782166578179019,-0.07609422451368711,Normal
2015-11-19,SARIMA,60D,1,-0.0817695496128573,-0.07621834065802072,Normal
2015-11-20,SARIMA,60D,1,-0.0855985381748085,-0.07912941969575725,Normal
2015-11-23,SARIMA,60D,1,-0.0700121832340483,-0.08307279406323789,Normal
2015-11-24,SARIMA,60D,1,-0.0837660107497975,-0.06838223615334255,Normal
2015-11-25,SARIMA,60D,1,-0.0792069101001984,-0.08114891885518949,Normal
2015-11-27,SARIMA,60D,1,-0.0685159849292285,-0.07656011325935277,Normal
2015-11-30,SARIMA,60D,1,-0.0657360501191747,-0.0661263567676774,Normal
2015-12-01,SARIMA,60D,1,-0.0845141201574857,-0.06414423425580626,Normal
2015-12-02,SARIMA,60D,1,-0.0498691421164181,-0.08135656747115838,Normal
2015-12-03,SARIMA,60D,1,-0.0313053658111662,-0.04826602205922863,Normal
2015-12-04,SARIMA,60D,1,-0.0481305878547005,-0.0304079531818111,Normal
2015-12-07,SARIMA,60D,1,-0.0378161040283609,-0.046519094856926776,Normal
2015-12-08,SARIMA,60D,1,-0.0304204286019025,-0.03565699327449941,Normal
2015-12-09,SARIMA,60D,1,-0.033955098292216,-0.03044227797563871,Normal
2015-12-10,SARIMA,60D,1,-0.0311642820879965,-0.03331494744074277,Normal
2015-12-11,SARIMA,60D,1,-0.0113946215350586,-0.029280139620145407,High
2015-12-14,SARIMA,60D,1,0.0001236359897248,-0.011017314380737449,Normal
2015-12-15,SARIMA,60D,1,-0.0117007127328014,0.00030907461640441655,Normal
2015-12-16,SARIMA,60D,1,-0.0279499793178908,-0.01081111081283138,High
2015-12-17,SARIMA,60D,1,-0.0072104748002345,-0.026883339605527763,Normal
2015-12-18,SARIMA,60D,1,0.0173206032754685,-0.007311400562149881,High
2015-12-21,SARIMA,60D,1,0.0139682637993383,0.016889763630438613,High
2015-12-22,SARIMA,60D,1,0.0061752601120617,0.014490272285162177,High
2015-12-23,SARIMA,60D,1,-0.0070441093122642,0.0070726637508836,High
2015-12-24,SARIMA,60D,1,-0.011850703439068,-0.007188834490153593,High
2015-12-28,SARIMA,60D,1,-0.0100479087621388,-0.012036156437851133,High
2015-12-29,SARIMA,60D,1,-0.0200764660470894,-0.009252617593738414,High
2015-12-30,SARIMA,60D,1,-0.0040550552090735,-0.01885661260474755,High
2015-12-31,SARIMA,60D,1,0.0097423098259603,-0.0030295082737770394,High
2016-01-04,SARIMA,60D,1,0.0231225092641454,0.0101140353706911,High
2016-01-05,SARIMA,60D,1,0.0274232641913855,0.02291085798269556,High
2016-01-06,SARIMA,60D,1,0.0374119471481569,0.027546357138243854,High
2016-01-07,SARIMA,60D,1,0.0512014652557071,0.036310641369432226,High
2016-01-08,SARIMA,60D,1,0.0725518006335682,0.04981912293533858,High
2016-01-11,SARIMA,60D,1,0.0596508183677408,0.07063088901722207,High
2016-01-12,SARIMA,60D,1,0.0546610068545824,0.05838595732620375,High
2016-01-13,SARIMA,60D,1,0.0771998360428875,0.05330434811795198,High
2016-01-14,SARIMA,60D,1,0.0702575289898937,0.075119308155045,High
2016-01-15,SARIMA,60D,1,0.1020833714566139,0.06805511703007582,High
2016-01-19,SARIMA,60D,1,0.1017246036993174,0.10034358365380479,High
2016-01-20,SARIMA,60D,1,0.1125026001490699,0.09970835443711475,High
2016-01-21,SARIMA,60D,1,0.1138403371269197,0.10918146558460089,High
2016-01-22,SARIMA,60D,1,0.0968393481475727,0.11157379038413415,High
2016-01-25,SARIMA,60D,1,0.1133621483696285,0.09355063841754908,High
2016-01-26,SARIMA,60D,1,0.0941093476819688,0.11083609805056396,High
2016-01-27,SARIMA,60D,1,0.1050801285620379,0.09165227685909264,High
2016-01-28,SARIMA,60D,1,0.0977530882236836,0.10269016263247029,High
2016-01-29,SARIMA,60D,1,0.075165437403364,0.09623801929729106,High
2016-02-01,SARIMA,60D,1,0.0772567663606524,0.0729768504736243,High
2016-02-02,SARIMA,60D,1,0.0869040990173222,0.07634640271496335,High
2016-02-03,SARIMA,60D,1,0.0768485297651908,0.08462964867068944,High
2016-02-04,SARIMA,60D,1,0.0831025681699116,0.07550739678320172,High
2016-02-05,SARIMA,60D,1,0.0930422270578675,0.08218450245016196,High
2016-02-08,SARIMA,60D,1,0.1013427022754523,0.09096460885551876,High
2016-02-09,SARIMA,60D,1,0.1017675062294184,0.09876822600722103,High
2016-02-10,SARIMA,60D,1,0.1051260849137318,0.09991489508382048,High
2016-02-11,SARIMA,60D,1,0.1182567455505979,0.10258387240677073,High
2016-02-12,SARIMA,60D,1,0.1113330955795893,0.11523700938277712,High
2016-02-16,SARIMA,60D,1,0.0853438349600355,0.108541067037076,High
2016-02-17,SARIMA,60D,1,0.06882824506643,0.08349909450215977,High
2016-02-18,SARIMA,60D,1,0.064990443028612,0.06729121579399006,High
2016-02-19,SARIMA,60D,1,0.0747654527000267,0.06317954502139977,High
2016-02-22,SARIMA,60D,1,0.0509588580487877,0.07344935208975413,High
2016-02-23,SARIMA,60D,1,0.0636965933059777,0.05097056920214858,High
2016-02-24,SARIMA,60D,1,0.0555530387486249,0.06305358031109566,High
2016-02-25,SARIMA,60D,1,0.0502701312409788,0.05465484501032081,High
2016-02-26,SARIMA,60D,1,0.0500543600024416,0.0489969531178881,High
2016-02-29,SARIMA,60D,1,0.0717971286280036,0.05004170956916067,High
2016-03-01,SARIMA,60D,1,0.0551592728779684,0.06988020256087535,High
2016-03-02,SARIMA,60D,1,0.0508628569669381,0.05443807236159204,High
2016-03-03,SARIMA,60D,1,0.0516479175860607,0.05015061046334797,High
2016-03-04,SARIMA,60D,1,0.0473417090995288,0.050730031793257246,High
2016-03-07,SARIMA,60D,1,0.0475914849525912,0.04570640236557616,High
2016-03-08,SARIMA,60D,1,0.0617159371755837,0.047374175509393435,High
2016-03-09,SARIMA,60D,1,0.0537602021560745,0.060691859769409856,High
2016-03-10,SARIMA,60D,1,0.0584897378783156,0.05275053381863064,High
2016-03-11,SARIMA,60D,1,0.0435158079186617,0.057551145734333536,Normal
2016-03-14,SARIMA,60D,1,0.0480816785072284,0.04278929105899284,Normal
2016-03-15,SARIMA,60D,1,0.0482010738436525,0.04671680648817275,Normal
2016-03-16,SARIMA,60D,1,0.0333988135517065,0.04765104264660924,Normal
2016-03-17,SARIMA,60D,1,0.0186769316934008,0.032753912140690886,Normal
2016-03-18,SARIMA,60D,1,0.0124804593704028,0.0191424920654145,Normal
2016-03-21,SARIMA,60D,1,0.0096529584023002,0.01238165753844097,Normal
2016-03-22,SARIMA,60D,1,0.0136588244101182,0.009788875760467636,Normal
2016-03-23,SARIMA,60D,1,0.0168020497961763,0.014254919696905077,Normal
2016-03-24,SARIMA,60D,1,0.0229715743539761,0.017329580755254283,Normal
2016-03-28,SARIMA,60D,1,0.0251348580701135,0.02303579940699621,Normal
2016-03-29,SARIMA,60D,1,0.0147039170193004,0.025023323355933064,Normal
2016-03-30,SARIMA,60D,1,0.0236386040976892,0.01460216138423782,Low
2016-03-31,SARIMA,60D,1,-0.0109003463482725,0.02333906163362979,Low
2016-04-01,SARIMA,60D,1,-0.0354735519265749,-0.010441465258332921,Low
2016-04-04,SARIMA,60D,1,-0.0146459502766325,-0.03424692687769561,Low
2016-04-05,SARIMA,60D,1,0.0124395911064158,-0.013475063850697317,Low
2016-04-06,SARIMA,60D,1,0.0154606563238687,0.012204827551913553,Low
2016-04-07,SARIMA,60D,1,0.0294554365869058,0.016777633540907364,Normal
2016-04-08,SARIMA,60D,1,0.0198017049966907,0.03007546200799695,Normal
2016-04-11,SARIMA,60D,1,0.0278839379445707,0.018980452912323677,Low
2016-04-12,SARIMA,60D,1,0.0173962261764476,0.026602353658028377,Low
2016-04-13,SARIMA,60D,1,0.022544342973882,0.01726065553975434,Low
2016-04-14,SARIMA,60D,1,0.0257742498557478,0.021862240651666493,Low
2016-04-15,SARIMA,60D,1,0.0337438617392394,0.025887327516534962,Low
2016-04-18,SARIMA,60D,1,0.0273588948004232,0.0329963870122926,Low
2016-04-19,SARIMA,60D,1,0.0295245796992537,0.02746471061785901,Low
2016-04-20,SARIMA,60D,1,0.0278339455901481,0.028996808196921343,Low
2016-04-21,SARIMA,60D,1,0.0354209702693087,0.02741633238008892,Low
2016-04-22,SARIMA,60D,1,0.0339369071893524,0.0346295313952629,Low
2016-04-25,SARIMA,60D,1,0.0400118051258796,0.03371594270786586,Low
2016-04-26,SARIMA,60D,1,0.0345217350951175,0.039321027134187905,Low
2016-04-27,SARIMA,60D,1,0.0374173677728813,0.034113227618397746,Low
2016-04-28,SARIMA,60D,1,0.0436749850945131,0.03658777094038202,Low
2016-04-29,SARIMA,60D,1,0.0490736664857897,0.04302109036086865,Low
2016-05-02,SARIMA,60D,1,0.0400947988417371,0.04799975816626734,Low
2016-05-03,SARIMA,60D,1,0.0504142186782251,0.03967809163403614,Low
2016-05-04,SARIMA,60D,1,0.0579987815013557,0.04942547996052936,Low
2016-05-05,SARIMA,60D,1,0.0569672240466586,0.05668847128295229,Low
2016-05-06,SARIMA,60D,1,0.0474156726804386,0.05570942661788966,Low
2016-05-09,SARIMA,60D,1,0.0497915020888998,0.04693613290773729,Low
2016-05-10,SARIMA,60D,1,0.0375976861523515,0.04853371333766639,Low
2016-05-11,SARIMA,60D,1,0.0557719063196005,0.03674206487397172,Low
2016-05-12,SARIMA,60D,1,0.0550338082960231,0.05477284107306356,Low
2016-05-13,SARIMA,60D,1,0.0639379604443315,0.05437522178961357,Low
2016-05-16,SARIMA,60D,1,0.0513201869912305,0.06261373874799818,Low
2016-05-17,SARIMA,60D,1,0.0654994656458371,0.0508620514958425,Low
2016-05-18,SARIMA,60D,1,0.0644979445725215,0.06355020942264329,Low
2016-05-19,SARIMA,60D,1,0.0710005553897639,0.06326879959263114,Low
2016-05-20,SARIMA,60D,1,0.0595049539504812,0.06924426835169864,Low
2016-05-23,SARIMA,60D,1,0.0634594365247384,0.05884184431867853,Low
2016-05-24,SARIMA,60D,1,0.0520680006871307,0.061699203108010775,Normal
2016-05-25,SARIMA,60D,1,0.0436761614667791,0.05115452007263316,Normal
2016-05-26,SARIMA,60D,1,0.0433231456333847,0.04269378273738412,Normal
2016-05-27,SARIMA,60D,1,0.0409953178723068,0.04302116261427949,Normal
2016-05-31,SARIMA,60D,1,0.0367470312332248,0.04018158788982433,Normal
2016-06-01,SARIMA,60D,1,0.0342464721826533,0.036614989559864794,Low
2016-06-02,SARIMA,60D,1,0.0298457117769537,0.03407573738352465,Low
2016-06-03,SARIMA,60D,1,0.0379762024423229,0.029491848033865155,Low
2016-06-06,SARIMA,60D,1,0.0311352825158365,0.03749096768509347,Low
2016-06-07,SARIMA,60D,1,0.0274679757810764,0.03089795516275954,Low
2016-06-08,SARIMA,60D,1,0.0241224884197101,0.027261843777483932,Low
2016-06-09,SARIMA,60D,1,0.0300339656166386,0.024075076520055787,Low
2016-06-10,SARIMA,60D,1,0.04222874039681,0.029369114341813725,Low
2016-06-13,SARIMA,60D,1,0.0502306432482259,0.04181075340987458,Low
2016-06-14,SARIMA,60D,1,0.0498056601277276,0.04949689100843782,Low
2016-06-15,SARIMA,60D,1,0.0268203267807013,0.04907406142955288,Low
2016-06-16,SARIMA,60D,1,0.0382626209030902,0.026325932855287247,Low
2016-06-17,SARIMA,60D,1,0.0265841567694881,0.037236015133059616,Low
2016-06-20,SARIMA,60D,1,0.0202049245912523,0.02599976365278169,Low
2016-06-21,SARIMA,60D,1,0.0275550504364826,0.020091855251724838,Low
2016-06-22,SARIMA,60D,1,0.0254285516374863,0.0281055262847119,Low
2016-06-23,SARIMA,60D,1,0.0121343813317065,0.024758615174522117,Low
2016-06-24,SARIMA,60D,1,0.0490142676215232,0.012660981725302235,Normal
2016-06-27,SARIMA,60D,1,0.0781345144668618,0.04841779367430976,Normal
2016-06-28,SARIMA,60D,1,0.066999144780416,0.07628916815802578,High
2016-06-29,SARIMA,60D,1,0.0443566088494433,0.06578580923219766,High
2016-06-30,SARIMA,60D,1,0.0222578955820611,0.04413963843274131,High
2016-07-01,SARIMA,60D,1,0.0267346844543272,0.02072457602789131,High
2016-07-05,SARIMA,60D,1,0.0388882900435684,0.02534487080390859,High
2016-07-06,SARIMA,60D,1,0.0241844752552112,0.03867833479746532,High
2016-07-07,SARIMA,60D,1,0.0329928257299719,0.024791062580939716,High
2016-07-08,SARIMA,60D,2,0.0145886159824522,0.033346631726855216,High
2016-07-11,SARIMA,60D,2,0.0062179148840921,0.014485398542903259,High
2016-07-12,SARIMA,60D,2,0.0035205588079433,0.00605094366953084,High
2016-07-13,SARIMA,60D,2,0.0038672439855662,0.004369929302811323,High
2016-07-14,SARIMA,60D,2,-0.0046369662577448,0.0038821504588576264,High
2016-07-15,SARIMA,60D,2,0.0008877431194504,-0.0034413410989690522,High
2016-07-18,SARIMA,60D,2,-0.014016296400174,0.001600713342138245,High
2016-07-19,SARIMA,60D,2,-0.0114341596933597,-0.013116605824650525,High
2016-07-20,SARIMA,60D,2,-0.0187994444213578,-0.010706729815874595,High
2016-07-21,SARIMA,60D,2,-0.0149787904057116,-0.01756794903728287,High
2016-07-22,SARIMA,60D,2,-0.0225650353070622,-0.014337946161218626,High
2016-07-25,SARIMA,60D,2,-0.0134075109614338,-0.0210060488240163,Normal
2016-07-26,SARIMA,60D,2,-0.0115406709668027,-0.012693317295113391,Normal
2016-07-27,SARIMA,60D,2,-0.0117180811513749,-0.010521655560074835,Low
2016-07-28,SARIMA,60D,2,-0.013407146739622,-0.011086961380492255,Low
2016-07-29,SARIMA,60D,2,-0.0102985322098524,-0.012329229094091197,Low
2016-08-01,SARIMA,60D,2,-0.0128328955270677,-0.00989075510988955,Low
2016-08-02,SARIMA,60D,2,-0.0081928826355873,-0.012108442366180742,Low
2016-08-03,SARIMA,60D,2,-0.0143131212576673,-0.007515965138098359,Low
2016-08-04,SARIMA,60D,2,-0.0176388106967816,-0.013425428565078744,Low
2016-08-05,SARIMA,60D,2,-0.0263277918703602,-0.016835644656559075,Low
2016-08-08,SARIMA,60D,2,-0.0322302336875536,-0.025103671411230953,Low
2016-08-09,SARIMA,60D,2,-0.0391668361275638,-0.03110871742621299,Low
2016-08-10,SARIMA,60D,2,-0.0407312520866849,-0.037488015446691975,Low
2016-08-11,SARIMA,60D,2,-0.0471221874608214,-0.03910651583608459,Low
2016-08-12,SARIMA,60D,2,-0.0243456243444424,-0.04513942673602312,Low
2016-08-15,SARIMA,60D,2,-0.0233697622418066,-0.023037414124400017,Low
2016-08-16,SARIMA,60D,2,-0.0068595001456724,-0.022044237550235685,Low
2016-08-17,SARIMA,60D,2,-0.0067775004357326,-0.006141984954669128,Low
2016-08-18,SARIMA,60D,2,-0.0103736304799127,-0.005888423116631614,Low
2016-08-19,SARIMA,60D,2,-0.0090478303683277,-0.010427487725338792,Low
2016-08-22,SARIMA,60D,2,-0.0010313934629152,-0.008378484223014945,Low
2016-08-23,SARIMA,60D,2,-0.0045647771636528,-0.0011224874476273503,Low
2016-08-24,SARIMA,60D,2,0.0053547474572168,-0.00399426767248915,Low
2016-08-25,SARIMA,60D,2,0.0043312564883138,0.005802507103059367,Low
2016-08-26,SARIMA,60D,2,0.0133450227979009,0.004632864359610576,Low
2016-08-29,SARIMA,60D,2,0.0102936854728195,0.013175926179303084,Low
2016-08-30,SARIMA,60D,2,0.0130569750368511,0.010607526503186193,Low
2016-08-31,SARIMA,60D,2,0.0193424117558375,0.012823246079435167,Low
2016-09-01,SARIMA,60D,2,0.0141154078905138,0.01932921880291193,Low
2016-09-02,SARIMA,60D,2,0.0112575686447411,0.013878779616368754,Low
2016-09-06,SARIMA,60D,2,0.0056233957195792,0.01151640131373886,Low
2016-09-07,SARIMA,60D,2,0.002248068691109,0.005821751127846796,Low
2016-09-08,SARIMA,60D,2,0.004870484603664,0.0024046177870244087,Low
2016-09-09,SARIMA,60D,2,0.035502653941244,0.005364977758456643,Low
2016-09-12,SARIMA,60D,2,0.0243373511766841,0.03513323435308102,Normal
2016-09-13,SARIMA,60D,2,0.0523564581996184,0.02435543205623079,Normal
2016-09-14,SARIMA,60D,2,0.0551013226163023,0.05158182605316799,Normal
2016-09-15,SARIMA,60D,2,0.0509642246998321,0.05404548195535552,Normal
2016-09-16,SARIMA,60D,2,0.0536055702048048,0.04901237766674072,Normal
2016-09-19,SARIMA,60D,2,0.0601426566398665,0.05304965002720122,Normal
2016-09-20,SARIMA,60D,2,0.0516932676937737,0.058031316674948014,Normal
2016-09-21,SARIMA,60D,2,0.0447109750476914,0.05067452644266529,Normal
2016-09-22,SARIMA,60D,2,0.0364800663790691,0.04411404401710743,Normal
2016-09-23,SARIMA,60D,2,0.0442065320539991,0.03585572971520992,Normal
2016-09-26,SARIMA,60D,2,0.0564622945730681,0.04324297704173307,Normal
2016-09-27,SARIMA,60D,2,0.0475784136830922,0.05571382156320106,Normal
2016-09-28,SARIMA,60D,2,0.0404311258570532,0.0470127225075077,Normal
2016-09-29,SARIMA,60D,2,0.0510471861222136,0.04009933072124955,Normal
2016-09-30,SARIMA,60D,2,0.0453566424387347,0.04988172032174513,Normal
2016-10-03,SARIMA,60D,2,0.0402310249104903,0.04416816351616251,Normal
2016-10-04,SARIMA,60D,2,0.0449055589649839,0.039916918535680225,Normal
2016-10-05,SARIMA,60D,2,0.0359702380369326,0.044417936115024786,Normal
2016-10-06,SARIMA,60D,2,0.0439395609374851,0.03508400002716837,Normal
2016-10-07,SARIMA,60D,2,0.0529043121496487,0.04342151451382391,Normal
2016-10-10,SARIMA,60D,2,0.0475380142298433,0.05214181845145659,Normal
2016-10-11,SARIMA,60D,2,0.0635733811081783,0.04656785918010102,Low
2016-10-12,SARIMA,60D,2,0.0588725434302196,0.06267413228040983,Low
2016-10-13,SARIMA,60D,2,0.0619766198424537,0.05749855781031355,Low
2016-10-14,SARIMA,60D,2,0.0646006780724345,0.06048037255732716,Low
2016-10-17,SARIMA,60D,2,0.0654961837905452,0.06354046607350963,Low
2016-10-18,SARIMA,60D,2,0.0612028095799932,0.06365424127776326,Low
2016-10-19,SARIMA,60D,2,0.0560413229684243,0.060196086111424095,Low
2016-10-20,SARIMA,60D,2,0.0591801945696146,0.054892506353916994,Low
2016-10-21,SARIMA,60D,2,0.05564850208545,0.05796532051818093,Low
2016-10-24,SARIMA,60D,2,0.0542704914993225,0.054583320500673334,Low
2016-10-25,SARIMA,60D,2,0.0553816993179592,0.05342493004932034,Low
2016-10-26,SARIMA,60D,2,0.0636667677681089,0.054542592454080635,Low
2016-10-27,SARIMA,60D,2,0.0746520164700863,0.062324093985806434,Low
2016-10-28,SARIMA,60D,2,0.0770295016744483,0.0732633029206769,Low
2016-10-31,SARIMA,60D,2,0.0762849460689052,0.07550630046640489,Low
2016-11-01,SARIMA,60D,2,0.0770672916815436,0.07469323670111538,Low
2016-11-02,SARIMA,60D,2,0.0827238745269653,0.07519854422443642,Low
2016-11-03,SARIMA,60D,2,0.087455406537691,0.0806064027294624,Low
2016-11-04,SARIMA,60D,2,0.0896930736480749,0.08551394281886829,Low
2016-11-07,SARIMA,60D,2,0.0749513707731635,0.08780356529670041,Normal
2016-11-08,SARIMA,60D,2,0.069068894862297,0.07338542480000834,Low
2016-11-09,SARIMA,60D,2,0.0582795784464868,0.06747888325974521,Low
2016-11-10,SARIMA,60D,2,0.0570238148790011,0.05699360259707514,Low
2016-11-11,SARIMA,60D,2,0.0641588069627588,0.055854655275055544,Low
2016-11-14,SARIMA,60D,2,0.0678340232419513,0.06341085760311499,Low
2016-11-15,SARIMA,60D,2,0.0656132018038731,0.06668932172369188,Low
2016-11-16,SARIMA,60D,2,0.0711960455219217,0.0647058224141398,Low
2016-11-17,SARIMA,60D,2,0.0715104648264584,0.0698154076777801,Low
2016-11-18,SARIMA,60D,2,0.0730356245904566,0.06982350504987989,Low
2016-11-21,SARIMA,60D,2,0.0672790718468201,0.07142656550705834,Normal
2016-11-22,SARIMA,60D,2,0.071145830763296,0.06602441345696869,Normal
2016-11-23,SARIMA,60D,2,0.0692553464595832,0.06951574664131581,Low
2016-11-25,SARIMA,60D,2,0.0657674998174185,0.06785655787587656,Low
2016-11-28,SARIMA,60D,2,0.0725281393041854,0.06441450377354821,Normal
2016-11-29,SARIMA,60D,2,0.0722112022186572,0.07126053081289166,Low
2016-11-30,SARIMA,60D,2,0.0722864266586187,0.07061356189933743,Low
2016-12-01,SARIMA,60D,2,0.0893893607091078,0.07088877309600242,Low
2016-12-02,SARIMA,60D,2,0.0831153160169178,0.08761262165314765,Low
2016-12-05,SARIMA,60D,2,0.0778146394587091,0.08113665809815082,Low
2016-12-06,SARIMA,60D,2,0.0711269322262688,0.07621805658491376,Low
2016-12-07,SARIMA,60D,2,0.0551319475794554,0.06968784164057909,Low
2016-12-08,SARIMA,60D,2,0.0506881045985206,0.053494613639153824,Low
2016-12-09,SARIMA,60D,2,0.0455662616783172,0.049983101141459534,Low
2016-12-12,SARIMA,60D,2,0.0499676836747751,0.04496336795702646,Low
2016-12-13,SARIMA,60D,2,0.0438157660927078,0.04930645671540569,Low
2016-12-14,SARIMA,60D,2,0.0485813125736756,0.04365025552692181,Low
2016-12-15,SARIMA,60D,2,0.0530454840108083,0.04789622386219118,Low
2016-12-16,SARIMA,60D,2,0.0531696059626048,0.05227437161469079,Low
2016-12-19,SARIMA,60D,2,0.0498812539831622,0.05206016151112114,Low
2016-12-20,SARIMA,60D,2,0.0442384255016291,0.04922855772551926,Low
2016-12-21,SARIMA,60D,2,0.0342132166362046,0.043346213441429984,Low
2016-12-22,SARIMA,60D,2,0.0379660307060637,0.03358403849436753,Low
2016-12-23,SARIMA,60D,2,0.0356542660261545,0.03739158002062401,Low
2016-12-27,SARIMA,60D,2,0.0325640649076675,0.035260652804894085,Low
2016-12-28,SARIMA,60D,2,0.0399355980315933,0.032336579209058906,Low
2016-12-29,SARIMA,60D,2,0.0474542545930855,0.03968094823650975,Low
2016-12-30,SARIMA,60D,2,0.05318682549377,0.046524631988013626,Low
2017-01-03,SARIMA,60D,2,0.047666869652318,0.052323439919408944,Low
2017-01-04,SARIMA,60D,2,0.0397033119435019,0.04697467789302258,Low
2017-01-05,SARIMA,60D,2,0.0388308042379696,0.03884447782267415,Low
2017-01-06,SARIMA,60D,2,0.035879381132052,0.03798232143810597,Low
2017-01-09,SARIMA,60D,2,0.0363747497920893,0.0351633185633512,Low
2017-01-10,SARIMA,60D,2,0.0383024000858243,0.03604231113588696,Low
2017-01-11,SARIMA,60D,2,0.0346492852337775,0.038012857200989694,Low
2017-01-12,SARIMA,60D,2,0.0374838477632903,0.034207491130170416,Low
2017-01-13,SARIMA,60D,2,0.0342008080761853,0.037044474601152635,Low
2017-01-17,SARIMA,60D,2,0.0334056851134167,0.03372517545733997,Low
2017-01-18,SARIMA,60D,2,0.0248054643538033,0.03289884381121254,Low
2017-01-19,SARIMA,60D,2,0.0369977676692296,0.02471616407025783,Low
2017-01-20,SARIMA,60D,2,0.0307295807620965,0.03636818700427571,Low
2017-01-23,SARIMA,60D,2,0.0317055050112978,0.030476172329161125,Low
2017-01-24,SARIMA,60D,2,0.0326912148453094,0.03134133295687966,Low
2017-01-25,SARIMA,60D,2,0.0216574739422251,0.032581057563349045,Low
2017-01-26,SARIMA,60D,2,0.0331748654656,0.021095650861507012,Low
2017-01-27,SARIMA,60D,2,0.0401139191670928,0.032965828473655215,Low
2017-01-30,SARIMA,60D,2,0.0456557711875022,0.03947447418327058,Low
2017-01-31,SARIMA,60D,2,0.0470988397958337,0.04487322109375322,Low
2017-02-01,SARIMA,60D,2,0.0448855413362274,0.04670735718471966,Low
2017-02-02,SARIMA,60D,2,0.0460461863244302,0.043756068542885315,Low
2017-02-03,SARIMA,60D,2,0.039996033055688,0.04503985748963521,Low
2017-02-06,SARIMA,60D,2,0.0408414611735698,0.03918810034676336,Low
2017-02-07,SARIMA,60D,2,0.0411965909975935,0.0401530874287388,Low
2017-02-08,SARIMA,60D,2,0.0445838682564623,0.04062828396319697,Low
2017-02-09,SARIMA,60D,2,0.0388852497924102,0.04381047535357051,Low
2017-02-10,SARIMA,60D,2,0.0342997684136078,0.03851398818099748,Low
2017-02-13,SARIMA,60D,2,0.0301975975470459,0.03380535034505454,Low
2017-02-14,SARIMA,60D,2,0.0240331189772667,0.029824913674969766,Low
2017-02-15,SARIMA,60D,2,0.0175736949707379,0.023709712780069832,Low
2017-02-16,SARIMA,60D,2,0.0232033288753034,0.01773677374789282,Low
2017-02-17,SARIMA,60D,2,0.0208390465110801,0.02318777989662004,Low
2017-02-21,SARIMA,60D,2,-0.0035362716801041,0.020870962208483054,Low
2017-02-22,SARIMA,60D,2,0.0012265530939161,-0.0028030387862183134,Low
2017-02-23,SARIMA,60D,2,0.0075523573308573,0.0018540197931166038,Low
2017-02-24,SARIMA,60D,2,0.0112069703948341,0.007592399416117116,Low
2017-02-27,SARIMA,60D,2,0.0120256902994809,0.011433575710959681,Low
2017-02-28,SARIMA,60D,2,0.017093430219252,0.013018950968141478,Low
2017-03-01,SARIMA,60D,2,0.0079443311775048,0.016939448070932773,Low
2017-03-02,SARIMA,60D,2,0.0141319499349125,0.00796442948144474,Low
2017-03-03,SARIMA,60D,2,0.0124228488368438,0.014083194748091162,Low
2017-03-06,SARIMA,60D,2,0.0152453969804584,0.012515703631615895,Low
2017-03-07,SARIMA,60D,2,0.0257056184673955,0.015113625863858312,Low
2017-03-08,SARIMA,60D,2,0.0316933210495054,0.025808771032607362,Low
2017-03-09,SARIMA,60D,2,0.0296753382963105,0.031104269670272244,Low
2017-03-10,SARIMA,60D,2,0.0236290899242478,0.029414083335863307,Low
2017-03-13,SARIMA,60D,2,0.0248295531014258,0.02336246268539628,Low
2017-03-14,SARIMA,60D,2,0.0284814711179815,0.02425707027006268,Low
2017-03-15,SARIMA,60D,2,0.0193112581271077,0.027965548397644743,Low
2017-03-16,SARIMA,60D,2,0.0199600504465733,0.01931029091093618,Low
2017-03-17,SARIMA,60D,2,0.0257765885540348,0.02008806518122823,Low
2017-03-20,SARIMA,60D,2,0.0267921776690977,0.025502634751536527,Low
2017-03-21,SARIMA,60D,2,0.0370356624623593,0.026403650412739163,Low
2017-03-22,SARIMA,60D,2,0.0354311587649565,0.036839130877688725,Low
2017-03-23,SARIMA,60D,2,0.0448045741166804,0.03493369050447527,Low
2017-03-24,SARIMA,60D,2,0.0389297658836872,0.043882156911284755,Low
2017-03-27,SARIMA,60D,2,0.0393670592762612,0.038323742765623905,Low
2017-03-28,SARIMA,60D,2,0.0316858644741992,0.03841962100793148,Low
2017-03-29,SARIMA,60D,2,0.0321608268257779,0.03134848799593883,Low
2017-03-30,SARIMA,60D,2,0.0295457678538055,0.03142101553021677,Low
2017-03-31,SARIMA,60D,2,0.0236977752163994,0.02940846229153594,Low
2017-04-03,SARIMA,60D,2,0.0341107521709638,0.02349029293093006,Low
2017-04-04,SARIMA,60D,2,0.0249141692521613,0.03392601590509571,Low
2017-04-05,SARIMA,60D,2,0.0295057636745569,0.024680821767189352,Low
2017-04-06,SARIMA,60D,2,0.0298862813599694,0.029264709298402195,Low
2017-04-07,SARIMA,60D,2,0.032165977859203,0.029753240784168418,Low
2017-04-10,SARIMA,60D,2,0.0220655404165536,0.03139965662395885,Low
2017-04-11,SARIMA,60D,2,0.0298831612781277,0.022248023860576685,Low
2017-04-12,SARIMA,60D,2,0.0345775348006271,0.02938189951465204,Low
2017-04-13,SARIMA,60D,2,0.0406325680243491,0.0341021790256294,Low
2017-04-17,SARIMA,60D,2,0.0393351532810635,0.039934092098694654,Low
2017-04-18,SARIMA,60D,2,0.0441155856003699,0.03910958654519811,Low
2017-04-19,SARIMA,60D,2,0.0504960271672477,0.04313747458090786,Low
2017-04-20,SARIMA,60D,2,0.042914262567567,0.04945889531145929,Low
2017-04-21,SARIMA,60D,2,0.0465516293727935,0.04201837159485926,Low
2017-04-24,SARIMA,60D,2,0.0411281510007351,0.045819464014601505,Low
2017-04-25,SARIMA,60D,2,0.034902265700377,0.04031911980206827,Low
2017-04-26,SARIMA,60D,2,0.0350201478468554,0.03419114689021038,Low
2017-04-27,SARIMA,60D,2,0.0334030798511475,0.034798417992680214,Low
2017-04-28,SARIMA,60D,2,0.0382369668425355,0.032829321071990186,Low
2017-05-01,SARIMA,60D,2,0.036788799021761,0.03785947613661614,Low
2017-05-02,SARIMA,60D,2,0.0346272937985559,0.036481967350463995,Low
2017-05-03,SARIMA,60D,2,0.0345574475162673,0.03415510669239932,Low
2017-05-04,SARIMA,60D,2,0.0332471033938379,0.03414885161270526,Low
2017-05-05,SARIMA,60D,2,0.0316128647612978,0.03264332840517216,Low
2017-05-08,SARIMA,60D,2,0.0320679468967374,0.03127068084204751,Low
2017-05-09,SARIMA,60D,2,0.0309076796185849,0.03174089144129331,Low
2017-05-10,SARIMA,60D,2,0.0316650383186747,0.030537660133747823,Low
2017-05-11,SARIMA,60D,2,0.0354760343370618,0.03131996181114018,Low
2017-05-12,SARIMA,60D,2,0.0345382174474707,0.035046156134305985,Low
2017-05-15,SARIMA,60D,2,0.0294094003517431,0.03405928255511895,Low
2017-05-16,SARIMA,60D,2,0.0155163149879877,0.029118984017575043,Low
2017-05-17,SARIMA,60D,2,0.0351365402870899,0.015514174401267166,Low
2017-05-18,SARIMA,60D,2,0.0414501529059233,0.03452248716009543,Low
2017-05-19,SARIMA,60D,2,0.0342065173708394,0.04084045721863804,Low
2017-05-22,SARIMA,60D,2,0.0304787495981632,0.0339326602437128,Low
2017-05-23,SARIMA,60D,2,0.0130852219385914,0.03061775263480991,Low
2017-05-24,SARIMA,60D,2,0.0087621344726631,0.012486261129043384,Low
2017-05-25,SARIMA,60D,2,0.0054919981452512,0.008730757019484404,Low
2017-05-26,SARIMA,60D,2,0.0150731916205738,0.006022348956045398,Low
2017-05-30,SARIMA,60D,2,0.0128189722174686,0.015239430716629889,Low
2017-05-31,SARIMA,60D,2,0.0112024300902816,0.013533978170608835,Low
2017-06-01,SARIMA,60D,2,0.0053313061743717,0.011508293386330314,Low
2017-06-02,SARIMA,60D,2,0.0021173850296218,0.005753837812902772,Low
2017-06-05,SARIMA,60D,2,0.0041782589320601,0.0021665823287527093,Low
2017-06-06,SARIMA,60D,2,0.0115656993863253,0.004588289571794708,Low
2017-06-07,SARIMA,60D,2,0.0157033441746913,0.011765924817280695,Low
2017-06-08,SARIMA,60D,2,0.0174167531813618,0.015950950611275255,Low
2017-06-09,SARIMA,60D,2,0.0106676284954042,0.017531040581806077,Low
2017-06-12,SARIMA,60D,2,0.0147707134682662,0.010769392166702998,Low
2017-06-13,SARIMA,60D,2,0.0100909025801826,0.014575484657421723,Low
2017-06-14,SARIMA,60D,2,0.0095972694020424,0.010124690240645703,Low
2017-06-15,SARIMA,60D,2,0.0226203543960299,0.009726421550528757,Low
2017-06-16,SARIMA,60D,2,0.0256950578408534,0.02271654848916411,Low
2017-06-19,SARIMA,60D,2,0.0181393088820419,0.025331452408317415,Low
2017-06-20,SARIMA,60D,2,0.0237571454781457,0.018278786673055818,Low
2017-06-21,SARIMA,60D,2,0.0261854372175766,0.023607706789322266,Low
2017-06-22,SARIMA,60D,2,0.0280961851191442,0.025491950288066702,Low
2017-06-23,SARIMA,60D,2,0.0276460661804665,0.027696892612772302,Low
2017-06-26,SARIMA,60D,2,0.0279644609430436,0.02763483034450898,Low
2017-06-27,SARIMA,60D,2,0.0330194815718015,0.027481883199779997,Low
2017-06-28,SARIMA,60D,2,0.0248975639204175,0.03251618735271115,Low
2017-06-29,SARIMA,60D,2,0.0313102580647049,0.02461843068218904,Low
2017-06-30,SARIMA,60D,2,0.0298503645797264,0.03094946896949767,Low
2017-07-03,SARIMA,60D,2,0.0316190190025666,0.029499934029914236,Low
2017-07-05,SARIMA,60D,2,0.031370685595216,0.03105399793589081,Low
2017-07-06,SARIMA,60D,2,0.0444819359705808,0.031277616957780446,Low
2017-07-07,SARIMA,60D,2,0.0419657422306776,0.04354199402054202,Low
2017-07-10,SARIMA,60D,2,0.0431949173118259,0.04136528352366606,Low
2017-07-11,SARIMA,60D,2,0.0452238480390217,0.04244911758682238,Low
2017-07-12,SARIMA,60D,2,0.0435757011224929,0.04449646991003582,Low
2017-07-13,SARIMA,60D,2,0.04062866048378,0.042414009639249045,Low
2017-07-14,SARIMA,60D,2,0.0341599804457572,0.04008809092340416,Low
2017-07-17,SARIMA,60D,2,0.036532614312942,0.03365364764796764,Low
2017-07-18,SARIMA,60D,2,0.0377368185444946,0.03593588333411442,Low
2017-07-19,SARIMA,60D,2,0.0306903832080897,0.037238622915603044,Low
2017-07-20,SARIMA,60D,2,0.031721776301543,0.0304204234268535,Low
2017-07-21,SARIMA,60D,2,0.0338389381630575,0.03155377432186129,Low
2017-07-24,SARIMA,60D,2,0.0355755920639004,0.03330715023796925,Low
2017-07-25,SARIMA,60D,2,0.033398744055332,0.03503887551633676,Low
2017-07-26,SARIMA,60D,2,0.0334440641642229,0.03321107238791966,Low
2017-07-27,SARIMA,60D,2,0.039521021986647,0.03297341549015058,Low
2017-07-28,SARIMA,60D,2,0.0368826423517659,0.03885512352696775,Low
2017-07-31,SARIMA,60D,2,0.0392276540608836,0.03629592735655764,Low
2017-08-01,SARIMA,60D,2,0.0321075775986853,0.03871897486311383,Low
2017-08-02,SARIMA,60D,2,0.0328851894419401,0.031703854831907394,Low
2017-08-03,SARIMA,60D,2,0.0431118412566128,0.0322462831374762,Low
2017-08-04,SARIMA,60D,2,0.0380269424623326,0.042516597238304504,Low
2017-08-07,SARIMA,60D,3,0.0373251107547317,0.0374720725503504,Low
2017-08-08,SARIMA,60D,3,0.041333307093021,0.03715979688774091,Low
2017-08-09,SARIMA,60D,3,0.0418869296554,0.0407731461493763,Low
2017-08-10,SARIMA,60D,3,0.0595594373824559,0.04093837248910451,Low
2017-08-11,SARIMA,60D,3,0.0595551241392451,0.058827463024779106,Low
2017-08-14,SARIMA,60D,3,0.0493723520881137,0.058653349699581345,Low
2017-08-15,SARIMA,60D,3,0.0513138983470578,0.04850482338204512,Low
2017-08-16,SARIMA,60D,3,0.0461258214843552,0.0505381502546641,Low
2017-08-17,SARIMA,60D,3,0.0607851169954929,0.04478147030128932,Low
2017-08-18,SARIMA,60D,3,0.0636053215681381,0.05981034701027363,Low
2017-08-21,SARIMA,60D,3,0.0601310652932899,0.06297408683038949,Low
2017-08-22,SARIMA,60D,3,0.0446983712905412,0.059101901788163685,Low
2017-08-23,SARIMA,60D,3,0.0563205942061525,0.04428584339923134,Low
2017-08-24,SARIMA,60D,3,0.0557677939743935,0.054871216573273554,Low
2017-08-25,SARIMA,60D,3,0.055371192194246,0.05478851145988224,Low
2017-08-28,SARIMA,60D,3,0.0614040776007025,0.05464836266041054,Low
2017-08-29,SARIMA,60D,3,0.0598110681353632,0.06102885152914039,Low
2017-08-30,SARIMA,60D,3,0.0572605206255343,0.05840795461064584,Low
2017-08-31,SARIMA,60D,3,0.0511715154540175,0.056386821872837556,Low
2017-09-01,SARIMA,60D,3,0.058991269608476,0.05042418731259807,Low
2017-09-05,SARIMA,60D,3,0.06620143427783,0.05781897917396671,Low
2017-09-06,SARIMA,60D,3,0.0712351784474971,0.06517073282039067,Low
2017-09-07,SARIMA,60D,3,0.0693870475565453,0.07013471498615999,Low
2017-09-08,SARIMA,60D,3,0.0698242971507167,0.06846957735686345,Low
2017-09-11,SARIMA,60D,3,0.0552969314276142,0.06834955101057974,Low
2017-09-12,SARIMA,60D,3,0.0518245166622006,0.05415485774028153,Low
2017-09-13,SARIMA,60D,3,0.0539957494242275,0.05083809827496631,Low
2017-09-14,SARIMA,60D,3,0.0605882753105736,0.05323152066832229,Low
2017-09-15,SARIMA,60D,3,0.0619396398861102,0.05959174051003574,Low
2017-09-18,SARIMA,60D,3,0.0620325016790703,0.061508434675334914,Low
2017-09-19,SARIMA,60D,3,0.0604498530921886,0.061172245271177816,Low
2017-09-20,SARIMA,60D,3,0.0557365386591166,0.05940252507601776,Low
2017-09-21,SARIMA,60D,3,0.0677214180161742,0.054613795540440435,Low
2017-09-22,SARIMA,60D,3,0.0724223126006048,0.06654136871533853,Low
2017-09-25,SARIMA,60D,3,0.0714113372573401,0.07118914966659143,Low
2017-09-26,SARIMA,60D,3,0.0705109370578726,0.07026664982674745,Low
2017-09-27,SARIMA,60D,3,0.0684178016685429,0.0695116316644736,Low
2017-09-28,SARIMA,60D,3,0.0667556394014913,0.06680401781489793,Low
2017-09-29,SARIMA,60D,3,0.0619984006329339,0.06545720518207129,Low
2017-10-02,SARIMA,60D,3,0.0589225101134639,0.06102623848139342,Low
2017-10-03,SARIMA,60D,3,0.0585983179317225,0.05801355662549594,Low
2017-10-04,SARIMA,60D,3,0.0521557419778605,0.05774460045209197,Low
2017-10-05,SARIMA,60D,3,0.0547939161649659,0.051426469189925106,Low
2017-10-06,SARIMA,60D,3,0.0622465605741419,0.05413190746329506,Low
2017-10-09,SARIMA,60D,3,0.0680731672974825,0.061360112261824015,Low
2017-10-10,SARIMA,60D,3,0.0727625935555897,0.06695354734146593,Low
2017-10-11,SARIMA,60D,3,0.0726216743932232,0.07178479358613708,Low
2017-10-12,SARIMA,60D,3,0.075611935030873,0.07129141927890063,Low
2017-10-13,SARIMA,60D,3,0.0736213672145059,0.07402309487572006,Low
2017-10-16,SARIMA,60D,3,0.0788811704510823,0.07213393923760762,Low
2017-10-17,SARIMA,60D,3,0.0849357439447422,0.07731981832742081,Low
2017-10-18,SARIMA,60D,3,0.0806629711718101,0.08343105389043282,Low
2017-10-19,SARIMA,60D,3,0.0897060332633019,0.0791266005079158,Low
2017-10-20,SARIMA,60D,3,0.0829845395807977,0.08816893700379237,Low
2017-10-23,SARIMA,60D,3,0.0913405828807851,0.08130669682151993,Low
2017-10-24,SARIMA,60D,3,0.0977583463884403,0.0894453116670689,Low
2017-10-25,SARIMA,60D,3,0.1046043070439226,0.0961292525907936,Low
2017-10-26,SARIMA,60D,3,0.1027740352460883,0.10230090574185453,Low
2017-10-27,SARIMA,60D,3,0.0953358646651941,0.10112937443298281,Low
2017-10-30,SARIMA,60D,3,0.1103050801480191,0.09325886224595094,Low
2017-10-31,SARIMA,60D,3,0.1026063309264767,0.10797317360797806,Low
2017-11-01,SARIMA,60D,3,0.0900568440132356,0.1004188908288275,Low
2017-11-02,SARIMA,60D,3,0.0903557621022637,0.08848075233984437,Low
2017-11-03,SARIMA,60D,3,0.0866151744239259,0.08899774630461595,Low
2017-11-06,SARIMA,60D,3,0.0639080500224508,0.08445376341982021,Low
2017-11-07,SARIMA,60D,3,0.0222546298891511,0.06312769717826305,Low
2017-11-08,SARIMA,60D,3,0.0381025893060279,0.022577489526906018,Low
2017-11-09,SARIMA,60D,3,0.0368574324216455,0.037581563863946066,Low
2017-11-10,SARIMA,60D,3,-0.0005035728481023,0.036523782994225325,Low
2017-11-13,SARIMA,60D,3,0.0133389214401289,0.0007307238642706021,Low
2017-11-14,SARIMA,60D,3,0.0294698676785971,0.015045831413110843,Low
2017-11-15,SARIMA,60D,3,0.037620388400998,0.02857636117401019,Low
2017-11-16,SARIMA,60D,3,0.0427711754269228,0.03721603937185342,Low
2017-11-17,SARIMA,60D,3,0.0573974541825955,0.04369219536936904,Low
2017-11-20,SARIMA,60D,3,0.0564959839437271,0.055997416690715326,Low
2017-11-21,SARIMA,60D,3,0.0441176279571371,0.0550125691702036,Low
2017-11-22,SARIMA,60D,3,0.0393565061771558,0.043206172219788536,Low
2017-11-24,SARIMA,60D,3,0.0382755993845018,0.038660590490851604,Low
2017-11-27,SARIMA,60D,3,0.0545612092164261,0.03722192518666374,Low
2017-11-28,SARIMA,60D,3,0.0564493156402598,0.053759008504302166,Low
2017-11-29,SARIMA,60D,3,0.0440302980815831,0.056063274792968534,Low
2017-11-30,SARIMA,60D,3,0.0247149053351159,0.0436214957298612,Low
2017-12-01,SARIMA,60D,3,0.0133275224160449,0.024582935641898,Low
2017-12-04,SARIMA,60D,3,0.0194390184505298,0.01275301087950916,Low
2017-12-05,SARIMA,60D,3,0.0341570265870116,0.01929034128269744,Low
2017-12-06,SARIMA,60D,3,0.0369065216895389,0.03425628700396223,Low
2017-12-07,SARIMA,60D,3,0.0334944628537132,0.03723105841172428,Low
2017-12-08,SARIMA,60D,3,0.0324564090270798,0.03359445406526114,Low
2017-12-11,SARIMA,60D,3,0.0464891136465915,0.03189295167041075,Low
2017-12-12,SARIMA,60D,3,0.0436665925865035,0.045273722902405084,Low
2017-12-13,SARIMA,60D,3,0.037755751142339,0.042975635330767196,Low
2017-12-14,SARIMA,60D,3,0.0360939490479129,0.0374356578456877,Low
2017-12-15,SARIMA,60D,3,0.0263773992386735,0.03571845740726372,Low
2017-12-18,SARIMA,60D,3,0.0227309186063077,0.025614363392648117,Low
2017-12-19,SARIMA,60D,3,0.0116603761080529,0.02270508996947327,Low
2017-12-20,SARIMA,60D,3,0.0139693208433445,0.011999962522825664,Low
2017-12-21,SARIMA,60D,3,0.0101399417050566,0.014094961437774214,Low
2017-12-22,SARIMA,60D,3,-0.0148866736296839,0.010670370658046005,Low
2017-12-26,SARIMA,60D,3,-0.035017505241376,-0.014046254612451594,Low
2017-12-27,SARIMA,60D,3,-0.0090130928455829,-0.03344199366865552,Low
2017-12-28,SARIMA,60D,3,-0.0282726974938243,-0.008524209331721856,Low
2017-12-29,SARIMA,60D,3,-0.0259969841005387,-0.027123884448274137,Low
2018-01-02,SARIMA,60D,3,-0.0205902848250933,-0.02405139261825631,Low
2018-01-03,SARIMA,60D,3,-0.0495594004125253,-0.01893507223231643,Low
2018-01-04,SARIMA,60D,3,-0.0410439819521111,-0.049092756794834824,Low
2018-01-05,SARIMA,60D,3,-0.0365530254942496,-0.03898472325871115,Low
2018-01-08,SARIMA,60D,3,-0.0313745678598954,-0.03543087693327067,Low
2018-01-09,SARIMA,60D,3,-0.0548407184342588,-0.030491226894255683,Low
2018-01-10,SARIMA,60D,3,-0.0503968776551452,-0.052086073148179646,Low
2018-01-11,SARIMA,60D,3,-0.0408173044277131,-0.049204119542941904,Low
2018-01-12,SARIMA,60D,3,-0.0530849165992685,-0.03967970537984461,Low
2018-01-16,SARIMA,60D,3,-0.0413373046400088,-0.05171237526514358,Low
2018-01-17,SARIMA,60D,3,-0.0535991106732176,-0.03908513036392973,Low
2018-01-18,SARIMA,60D,3,-0.043905076374181,-0.05217042752490317,Low
2018-01-19,SARIMA,60D,3,-0.0376756527473044,-0.042894752308671416,Low
2018-01-22,SARIMA,60D,3,-0.0448789967219645,-0.03594005232084321,Low
2018-01-23,SARIMA,60D,3,-0.0527935834860193,-0.043931429917403494,Low
2018-01-24,SARIMA,60D,3,-0.06080662812714,-0.05072977301398478,Low
2018-01-25,SARIMA,60D,3,-0.0613528374147885,-0.05943140380900733,Low
2018-01-26,SARIMA,60D,3,-0.0865953635273479,-0.05983636505020226,Low
2018-01-29,SARIMA,60D,3,-0.0780052530096611,-0.0840024978732944,Low
2018-01-30,SARIMA,60D,3,-0.0566664660169471,-0.07556426020366827,Low
2018-01-31,SARIMA,60D,3,-0.0560423266042779,-0.05467768811979755,Low
2018-02-01,SARIMA,60D,3,-0.0636152208011759,-0.054357074720049636,Low
2018-02-02,SARIMA,60D,3,-0.0396327381134496,-0.06078322045971582,Normal
2018-02-05,SARIMA,60D,3,-0.0050221483764706,-0.03864453463989084,High
2018-02-06,SARIMA,60D,3,-0.0245689393104717,-0.005299167123384817,High
2018-02-07,SARIMA,60D,3,-0.0068249910583842,-0.02361662807907579,High
2018-02-08,SARIMA,60D,3,0.0348860417424073,-0.005932251792282114,High
2018-02-09,SARIMA,60D,3,0.0197947199311493,0.03362565873010544,High
2018-02-12,SARIMA,60D,3,0.0156117021878317,0.01841846664598799,High
2018-02-13,SARIMA,60D,3,0.0223291918114027,0.01644975907462229,High
2018-02-14,SARIMA,60D,3,0.0107218912734667,0.02155561079556477,High
2018-02-15,SARIMA,60D,3,-0.0003918709931818,0.009231847305334988,High
2018-02-16,SARIMA,60D,3,-0.0076309256870942,0.0005818063417455839,High
2018-02-20,SARIMA,60D,3,0.0022799312672574,-0.006920911843349784,High
2018-02-21,SARIMA,60D,3,0.0069353569619581,0.0023451041042653314,High
2018-02-22,SARIMA,60D,3,0.00332661422183,0.00762236593375158,High
2018-02-23,SARIMA,60D,3,-0.0052150594753577,0.0040823060160978825,High
2018-02-26,SARIMA,60D,3,-0.0200441866888604,-0.004418530397070918,High
2018-02-27,SARIMA,60D,3,-0.004012730040494,-0.019601603714287017,High
2018-02-28,SARIMA,60D,3,0.0051198130854393,-0.0037175413009282662,High
2018-03-01,SARIMA,60D,3,0.0161737758861299,0.005541451099755155,High
2018-03-02,SARIMA,60D,3,-0.0005165821108609,0.01655484885086313,High
2018-03-05,SARIMA,60D,3,0.0011276756305362,0.00048396922750338495,High
2018-03-06,SARIMA,60D,3,-0.0084110405448946,0.0008782629019472958,High
2018-03-07,SARIMA,60D,3,0.0028637509900616,-0.008193019306403322,High
2018-03-08,SARIMA,60D,3,0.0028801976795291,0.002752880943716793,High
2018-03-09,SARIMA,60D,3,-0.0136470027921029,0.003862609093326499,Normal
2018-03-12,SARIMA,60D,3,-0.0038413048167924,-0.013020649893989746,Normal
2018-03-13,SARIMA,60D,3,0.0018281619755377,-0.002984451495887261,Normal
2018-03-14,SARIMA,60D,3,0.0106901607084777,0.001742651579641763,Normal
2018-03-15,SARIMA,60D,3,0.0125405341145145,0.010850313844149074,Normal
2018-03-16,SARIMA,60D,3,0.0125804034459868,0.013318339280658363,Normal
2018-03-19,SARIMA,60D,3,0.0228521894459487,0.012324548105725558,Normal
2018-03-20,SARIMA,60D,3,0.0238399813067334,0.02252948818883932,Normal
2018-03-21,SARIMA,60D,3,0.0246680531168687,0.02336401652190324,Normal
2018-03-22,SARIMA,60D,3,0.0480245489088366,0.024445275279957032,High
2018-03-23,SARIMA,60D,3,0.0651828382691959,0.04736543157665582,High
2018-03-26,SARIMA,60D,3,0.040098487787273,0.06374458433801349,High
2018-03-27,SARIMA,60D,3,0.0511600445893745,0.03956474404045409,High
2018-03-28,SARIMA,60D,3,0.055941166743971,0.05039181259843903,High
2018-03-29,SARIMA,60D,3,0.028445666282357,0.05417271236868039,High
2018-04-02,SARIMA,60D,3,0.0532384991315497,0.02750004811302844,High
2018-04-03,SARIMA,60D,3,0.0320609515026674,0.053419842779749135,High
2018-04-04,SARIMA,60D,3,0.026720529175252,0.03128615439021136,High
2018-04-05,SARIMA,60D,3,0.0206392236611176,0.026301776890020136,High
2018-04-06,SARIMA,60D,3,0.0458665515524761,0.021631672586806785,High
2018-04-09,SARIMA,60D,3,0.0375759273043493,0.04425630115766088,High
2018-04-10,SARIMA,60D,3,0.0295711850535734,0.037952040605323395,High
2018-04-11,SARIMA,60D,3,0.0435573884266146,0.029509516685407838,High
2018-04-12,SARIMA,60D,3,0.0441247805142991,0.04322634732072296,High
2018-04-13,SARIMA,60D,3,0.0504828296598276,0.04254177672781377,High
2018-04-16,SARIMA,60D,3,0.0352870064863483,0.05007286778243743,High
2018-04-17,SARIMA,60D,3,0.0333929264526536,0.03520251158700359,High
2018-04-18,SARIMA,60D,3,0.0336405615817091,0.03248202261854935,High
2018-04-19,SARIMA,60D,3,0.0383544787566431,0.03324578069931644,High
2018-04-20,SARIMA,60D,3,0.0508934802884391,0.03762668818978055,High
2018-04-23,SARIMA,60D,3,0.0529954322539921,0.05074519243852327,High
2018-04-24,SARIMA,60D,3,0.0625054934114177,0.05228574416683679,High
2018-04-25,SARIMA,60D,3,0.0597212214073196,0.06150595373243521,High
2018-04-26,SARIMA,60D,3,0.0511774395631741,0.05860428548549053,High
2018-04-27,SARIMA,60D,3,0.0548339531778637,0.049930657190794814,High
2018-04-30,SARIMA,60D,3,0.0721155807971577,0.05391202331087744,Normal
2018-05-01,SARIMA,60D,3,0.0665328758772627,0.070522340238043,Normal
2018-05-02,SARIMA,60D,3,0.0671809924338197,0.06554140062196256,Normal
2018-05-03,SARIMA,60D,3,0.0636664207032965,0.06640686835389718,Normal
2018-05-04,SARIMA,60D,3,0.0558094478942646,0.062490807611130475,Normal
2018-05-07,SARIMA,60D,3,0.0513165742717036,0.054259378104118405,Normal
2018-05-08,SARIMA,60D,3,0.056496600465646,0.050758207023456736,Normal
2018-05-09,SARIMA,60D,3,0.0514943845961254,0.05558291460048802,Normal
2018-05-10,SARIMA,60D,3,0.0456993556430785,0.05085418309405888,Normal
2018-05-11,SARIMA,60D,3,0.0468134181186031,0.04536057581340863,Normal
2018-05-14,SARIMA,60D,3,0.0456679042151813,0.046323482124708285,Normal
2018-05-15,SARIMA,60D,3,0.0510908445821324,0.044822081258440796,Normal
2018-05-16,SARIMA,60D,3,0.0398991924713735,0.05052776709299371,Normal
2018-05-17,SARIMA,60D,3,0.0367413935940033,0.03961476359112176,Normal
2018-05-18,SARIMA,60D,3,0.0457459888649708,0.03625575376055032,Normal
2018-05-21,SARIMA,60D,3,0.0307551757356588,0.04515387366227239,Normal
2018-05-22,SARIMA,60D,3,0.0417840788811721,0.030228107229166145,Low
2018-05-23,SARIMA,60D,3,0.0418585400495365,0.041673685804559185,Low
2018-05-24,SARIMA,60D,3,0.0463088779093874,0.04143674276221483,Low
2018-05-25,SARIMA,60D,3,0.0507352809182002,0.045309648998995214,Low
2018-05-29,SARIMA,60D,3,0.061968622375749,0.05058635995218409,Low
2018-05-30,SARIMA,60D,3,0.0476600531002901,0.060554319411609825,Normal
2018-05-31,SARIMA,60D,3,0.0607430922720095,0.04698224093952792,Normal
2018-06-01,SARIMA,60D,3,0.0575934339698802,0.05960737740063013,Normal
2018-06-04,SARIMA,60D,3,0.0533930811491263,0.05652316533087025,Low
2018-06-05,SARIMA,60D,3,0.0583759773484622,0.05213946454215786,Low
2018-06-06,SARIMA,60D,3,0.0454049046666922,0.058020164857579506,Normal
2018-06-07,SARIMA,60D,3,0.0462538167559818,0.044253701116927044,Low
2018-06-08,SARIMA,60D,3,0.0414770957993511,0.04571835642355901,Low
2018-06-11,SARIMA,60D,3,0.0376018959911447,0.04108976419242695,Low
2018-06-12,SARIMA,60D,3,0.0322010376758227,0.03693711677566446,Low
2018-06-13,SARIMA,60D,3,0.0340194943222197,0.032363023257035786,Low
2018-06-14,SARIMA,60D,3,0.0334470220144094,0.0336037046452232,Low
2018-06-15,SARIMA,60D,3,0.038197508019619,0.03326660745516701,Low
2018-06-18,SARIMA,60D,3,0.0406825075503991,0.03788230316904474,Low
2018-06-19,SARIMA,60D,3,0.0499823776611817,0.04037739565605834,Low
2018-06-20,SARIMA,60D,3,0.0485471313378356,0.049193103224500434,Low
2018-06-21,SARIMA,60D,3,0.0493275691895067,0.04788249519163672,Low
2018-06-22,SARIMA,60D,3,0.0528220188019981,0.04843484251855709,Low
2018-06-25,SARIMA,60D,3,0.0678942298029406,0.05193946057492163,Normal
2018-06-26,SARIMA,60D,3,0.0735020934825729,0.06641155347360295,Low
2018-06-27,SARIMA,60D,3,0.0817750788587071,0.0723165800430339,Low
2018-06-28,SARIMA,60D,3,0.072093516525662,0.08032321592125724,Low
2018-06-29,SARIMA,60D,3,0.0700294521450272,0.07074311250444061,Low
2018-07-02,SARIMA,60D,3,0.0636714916295737,0.06826045786805596,Low
2018-07-03,SARIMA,60D,3,0.0713905971386187,0.062403757666093934,Low
2018-07-05,SARIMA,60D,3,0.0627998702489427,0.06984458398505551,Low
2018-07-06,SARIMA,60D,3,0.057988844990561,0.062147012727732764,Low
2018-07-09,SARIMA,60D,3,0.0488077852949404,0.05714582922260811,Low
2018-07-10,SARIMA,60D,3,0.0460518027128368,0.0483364731505525,Low
2018-07-11,SARIMA,60D,3,0.0449682536637435,0.04508603344253441,Low
2018-07-12,SARIMA,60D,3,0.0307139474989493,0.044667847802038335,Low
2018-07-13,SARIMA,60D,3,0.0292400972539911,0.030579918926159383,Low
2018-07-16,SARIMA,60D,3,0.0288498520407353,0.029315957026004133,Low
2018-07-17,SARIMA,60D,3,-0.0085323613453101,0.028686623627638172,Low
2018-07-18,SARIMA,60D,3,-0.031478123394589,-0.007948682920504616,Low
2018-07-19,SARIMA,60D,3,-0.0134110611371631,-0.029871990786368267,Low
2018-07-20,SARIMA,60D,3,-0.0183846456571888,-0.012692785851994532,Low
2018-07-23,SARIMA,60D,3,0.0010468200344808,-0.01760028059536439,Low
2018-07-24,SARIMA,60D,3,-0.0039753931142375,0.0028808253293131237,Low
2018-07-25,SARIMA,60D,3,-0.0275323187599513,-0.0025742042046919787,Low
2018-07-26,SARIMA,60D,3,-0.0248566511463633,-0.02723101263318706,Low
2018-07-27,SARIMA,60D,3,-0.0225816135979956,-0.023712835091575613,Low
2018-07-30,SARIMA,60D,3,-0.0223379004631026,-0.02245326279736665,Low
2018-07-31,SARIMA,60D,3,-0.0585615115435465,-0.021259268877022505,Low
2018-08-01,SARIMA,60D,3,-0.0390669004972612,-0.0559556749008652,Low
2018-08-02,SARIMA,60D,3,-0.0614603880894731,-0.03790675369315363,Low
2018-08-03,SARIMA,60D,3,-0.0726750284500152,-0.05980077979407404,Low
2018-08-06,SARIMA,60D,3,-0.0606616881289393,-0.070693304735468,Low
2018-08-07,SARIMA,60D,3,-0.052689011120854,-0.057490791494412566,Low
2018-08-08,SARIMA,60D,3,-0.0419240978590295,-0.05187531446015989,Low
2018-08-09,SARIMA,60D,3,-0.0468181042378694,-0.039695208266417537,Low
2018-08-10,SARIMA,60D,3,-0.0340940982774308,-0.044908213397914024,Low
2018-08-13,SARIMA,60D,3,-0.0238402728670419,-0.03337418239904316,Low
2018-08-14,SARIMA,60D,3,-0.0092221243226853,-0.02319251767692949,Low
2018-08-15,SARIMA,60D,3,-0.004102984729798,-0.009009421472218563,Low
2018-08-16,SARIMA,60D,3,-0.0212327851978086,-0.0033879986224176865,Low
2018-08-17,SARIMA,60D,3,-0.0444485425585392,-0.020842466427672856,Low
2018-08-20,SARIMA,60D,3,-0.0483566362828414,-0.04346730120925252,Low
2018-08-21,SARIMA,60D,3,-0.058019225055919,-0.04747298707481065,Low
2018-08-22,SARIMA,60D,3,-0.0470829612590335,-0.056560849772592625,Low
2018-08-23,SARIMA,60D,3,-0.0431694297980144,-0.04498160477213095,Low
2018-08-24,SARIMA,60D,3,-0.0661322969620212,-0.04089621161636249,Low
2018-08-27,SARIMA,60D,3,-0.0920914339257175,-0.06410857301761337,Low
2018-08-28,SARIMA,60D,3,-0.0893220066925486,-0.08927232884102336,Low
2018-08-29,SARIMA,60D,3,-0.1015836688733159,-0.08737370526251499,Low
2018-08-30,SARIMA,60D,3,-0.0817305209834912,-0.09909953883526626,Low
2018-08-31,SARIMA,60D,3,-0.0786086050861836,-0.07861182896055897,Low
2018-09-04,SARIMA,60D,3,-0.0542388617341905,-0.07541869746797468,Low
2018-09-05,SARIMA,60D,4,-0.0536172934783179,-0.05239567244474029,Low
2018-09-06,SARIMA,60D,4,-0.0418207547250821,-0.05125473923238445,Low
2018-09-07,SARIMA,60D,4,-0.0287229550357051,-0.040900297236294986,Low
2018-09-10,SARIMA,60D,4,-0.0635192120889545,-0.027559630847509224,Low
2018-09-11,SARIMA,60D,4,-0.0687754656928142,-0.06222229645451925,Low
2018-09-12,SARIMA,60D,4,-0.0927284094990301,-0.06651563351895343,Low
2018-09-13,SARIMA,60D,4,-0.0962361584355051,-0.09025168110824522,Low
2018-09-14,SARIMA,60D,4,-0.096868012011577,-0.09372646739743562,Low
2018-09-17,SARIMA,60D,4,-0.0858778500096767,-0.0926400574008485,Low
2018-09-18,SARIMA,60D,4,-0.091432453189717,-0.08295827086979396,Low
2018-09-19,SARIMA,60D,4,-0.1119561534915889,-0.08769572337439573,Low
2018-09-20,SARIMA,60D,4,-0.1407584525054947,-0.10840001744104845,Low
2018-09-21,SARIMA,60D,4,-0.1403034547146985,-0.13655960315763088,Low
2018-09-24,SARIMA,60D,4,-0.1522970315766216,-0.13653168565926566,Low
2018-09-25,SARIMA,60D,4,-0.1668888925676075,-0.14763414356197835,Low
2018-09-26,SARIMA,60D,4,-0.1843973133849882,-0.16130904151505426,Low
2018-09-27,SARIMA,60D,4,-0.2146433624918139,-0.1780509573620323,Low
2018-09-28,SARIMA,60D,4,-0.1662333146768707,-0.2085378981833878,Low
2018-10-01,SARIMA,60D,4,-0.1613415780502523,-0.1609305600923855,Low
2018-10-02,SARIMA,60D,4,-0.1621871630502045,-0.15606085911111817,Low
2018-10-03,SARIMA,60D,4,-0.154441803924716,-0.15676680834296475,Low
2018-10-04,SARIMA,60D,4,-0.1449710754410799,-0.14874907931614906,Low
2018-10-05,SARIMA,60D,4,-0.1644960926753728,-0.1423095536178054,Low
2018-10-08,SARIMA,60D,4,-0.1303414989066766,-0.15981849772475948,Low
2018-10-09,SARIMA,60D,4,-0.1219366130772926,-0.12634344717277712,Low
2018-10-10,SARIMA,60D,4,-0.0788716366981932,-0.11846188132240869,Normal
2018-10-11,SARIMA,60D,4,-0.0539943853928294,-0.07657583158995071,Normal
2018-10-12,SARIMA,60D,4,-0.0635923794267435,-0.05131083122307724,Normal
2018-10-15,SARIMA,60D,4,-0.057816205679926,-0.06256453426650921,Normal
2018-10-16,SARIMA,60D,4,-0.0843554283020767,-0.05604720769303921,High
2018-10-17,SARIMA,60D,4,-0.0734381151596507,-0.0831505494004028,High
2018-10-18,SARIMA,60D,4,-0.0567221040552213,-0.071903452430226,High
2018-10-19,SARIMA,60D,4,-0.0487981382137061,-0.05440743871501279,High
2018-10-22,SARIMA,60D,4,-0.0313924282773726,-0.04722908469114796,High
2018-10-23,SARIMA,60D,4,-0.0401238289246509,-0.029120827234813365,High
2018-10-24,SARIMA,60D,4,-0.0065725651440592,-0.038943203001793096,High
2018-10-25,SARIMA,60D,4,-0.0236515030117958,-0.0064743471695135335,High
2018-10-26,SARIMA,60D,4,0.0022805026987253,-0.022813827624942218,High
2018-10-29,SARIMA,60D,4,0.0009839351452102,0.002103112801947929,High
2018-10-30,SARIMA,60D,4,-0.016018695761782,0.0017593185399214662,High
2018-10-31,SARIMA,60D,4,-0.0113819646247932,-0.016310237635656075,High
2018-11-01,SARIMA,60D,4,-0.0133238146835545,-0.010011989967043115,High
2018-11-02,SARIMA,60D,4,-0.0060888870428677,-0.013427332269435353,High
2018-11-05,SARIMA,60D,4,-0.0049201996225822,-0.005428340694953342,High
2018-11-06,SARIMA,60D,4,-0.0064626169296406,-0.003726483601282197,High
2018-11-07,SARIMA,60D,4,-0.0296766112079234,-0.005987901031448119,High
2018-11-08,SARIMA,60D,4,-0.0365657354216622,-0.028372375879603597,High
2018-11-09,SARIMA,60D,4,-0.0266481769402771,-0.03541055994001473,High
2018-11-12,SARIMA,60D,4,-0.0060411741509911,-0.025538206274332433,High
2018-11-13,SARIMA,60D,4,0.0082496975740215,-0.005366416540718438,High
2018-11-14,SARIMA,60D,4,0.0188653179861828,0.009333114313460573,High
2018-11-15,SARIMA,60D,4,0.0056721218598423,0.019112279611851753,High
2018-11-16,SARIMA,60D,4,0.0142712889873158,0.005664016404064819,High
2018-11-19,SARIMA,60D,4,0.0325520715496294,0.013649824730733192,High
2018-11-20,SARIMA,60D,4,0.0526456006669561,0.03166644166626462,High
2018-11-21,SARIMA,60D,4,0.0460742620303475,0.05136039340529823,High
2018-11-23,SARIMA,60D,4,0.0590413204369134,0.045800726793195606,High
2018-11-26,SARIMA,60D,4,0.0448594490412989,0.057665802251314076,High
2018-11-27,SARIMA,60D,4,0.0408122950038459,0.04349505596074769,High
2018-11-28,SARIMA,60D,4,0.017554046264434,0.039470481248228995,High
2018-11-29,SARIMA,60D,4,0.0169100332108768,0.01774749341625579,High
2018-11-30,SARIMA,60D,4,0.0156441420829723,0.016426891053033847,High
2018-12-03,SARIMA,60D,4,0.0008740328933546,0.016153288622742477,High
2018-12-04,SARIMA,60D,4,0.0326420882422039,0.0014142659651430953,High
2018-12-06,SARIMA,60D,4,0.0276200025522231,0.03305474589244463,High
2018-12-07,SARIMA,60D,4,0.0430574268702142,0.02737423257886006,High
2018-12-10,SARIMA,60D,4,0.0391628595158443,0.04243659549934427,High
2018-12-11,SARIMA,60D,4,0.0540788047546393,0.039126877966622564,High
2018-12-12,SARIMA,60D,4,0.0516228994720933,0.05200644417284039,High
2018-12-13,SARIMA,60D,4,0.0587483965415277,0.05090120272081068,High
2018-12-14,SARIMA,60D,4,0.0771512094786313,0.05711545085783248,High
2018-12-17,SARIMA,60D,4,0.1031160137156387,0.07572154051612404,High
2018-12-18,SARIMA,60D,4,0.1067287136607577,0.10034747317602365,High
2018-12-19,SARIMA,60D,4,0.1221136027567677,0.10447500691524979,High
2018-12-20,SARIMA,60D,4,0.1350627155001021,0.11912269943185236,High
2018-12-21,SARIMA,60D,4,0.166659851493332,0.13132786668247193,High
2018-12-24,SARIMA,60D,4,0.1749895972373731,0.16182295294504817,High
2018-12-26,SARIMA,60D,4,0.1257470467332581,0.17071399076037724,High
2018-12-27,SARIMA,60D,4,0.1243778707123752,0.12231606288759196,High
2018-12-28,SARIMA,60D,4,0.1209650813460074,0.12105515915692086,High
2018-12-31,SARIMA,60D,4,0.1160915101990622,0.11705100585335652,High
2019-01-02,SARIMA,60D,4,0.1215355231797607,0.11310661359817208,High
2019-01-03,SARIMA,60D,4,0.1581060505167203,0.12046304868301448,High
2019-01-04,SARIMA,60D,4,0.124364107011232,0.15442304812998225,High
2019-01-07,SARIMA,60D,4,0.1195242034360916,0.12162523046010282,High
2019-01-08,SARIMA,60D,4,0.1119580813425883,0.11696550666538744,High
2019-01-09,SARIMA,60D,4,0.1124941276328651,0.10922965149673806,High
2019-01-10,SARIMA,60D,4,0.1090327980089265,0.10863288556115745,High
2019-01-11,SARIMA,60D,4,0.1030931301177395,0.10774342121343793,High
2019-01-14,SARIMA,60D,4,0.111836362459489,0.10095361658996684,High
2019-01-15,SARIMA,60D,4,0.1012098659200706,0.10957351747282189,High
2019-01-16,SARIMA,60D,4,0.105577923780528,0.09893794175384182,High
2019-01-17,SARIMA,60D,4,0.0973856258299352,0.10333597537907896,High
2019-01-18,SARIMA,60D,4,0.0847979413152196,0.0954467294413065,High
2019-01-22,SARIMA,60D,4,0.096780017322453,0.0826635015835908,High
2019-01-23,SARIMA,60D,4,0.0961573742272519,0.0950218796015228,High
2019-01-24,SARIMA,60D,4,0.0957940999332072,0.09388845476417453,High
2019-01-25,SARIMA,60D,4,0.0961435834076845,0.09398003180073103,High
2019-01-28,SARIMA,60D,4,0.1018271906533572,0.09448536885287945,High
2019-01-29,SARIMA,60D,4,0.1029154568481992,0.09915477213429873,High
2019-01-30,SARIMA,60D,4,0.0921601972799442,0.10065503900961473,High
2019-01-31,SARIMA,60D,4,0.0846704969744102,0.09016829655249745,High
2019-02-01,SARIMA,60D,4,0.0847232550883948,0.08284647562857275,Normal
2019-02-04,SARIMA,60D,4,0.0704394281206238,0.08270665084334924,Normal
2019-02-05,SARIMA,60D,4,0.0636158130345906,0.06895021826762374,Normal
2019-02-06,SARIMA,60D,4,0.075434856231017,0.0627253460345984,Normal
2019-02-07,SARIMA,60D,4,0.0803550362441747,0.074132796023838,Normal
2019-02-08,SARIMA,60D,4,0.0630295755892564,0.07866312990601179,Normal
2019-02-11,SARIMA,60D,4,0.0607140083960181,0.06229728357974158,Normal
2019-02-12,SARIMA,60D,4,0.0448801568312512,0.05978758818075372,Normal
2019-02-13,SARIMA,60D,4,0.0455741193074588,0.04370096712101973,Normal
2019-02-14,SARIMA,60D,4,0.0238028135526599,0.04461303977009796,Normal
2019-02-15,SARIMA,60D,4,0.0209667964109183,0.024194507104123852,Normal
2019-02-19,SARIMA,60D,4,0.0252911694120492,0.020910390340574306,Normal
2019-02-20,SARIMA,60D,4,0.0323715929678076,0.025609235304832674,Low
2019-02-21,SARIMA,60D,4,0.0300498251196051,0.03193025510010085,Low
2019-02-22,SARIMA,60D,4,0.0168869284494894,0.030471692134632942,Normal
2019-02-25,SARIMA,60D,4,0.0241157730929283,0.01699049612867698,Low
2019-02-26,SARIMA,60D,4,0.0220781504018693,0.023779367770469108,Low
2019-02-27,SARIMA,60D,4,0.0106366555968854,0.021691642158492976,Low
2019-02-28,SARIMA,60D,4,0.0148188069678731,0.010875020161719137,Low
2019-03-01,SARIMA,60D,4,-0.0004637996211001,0.015339503537609067,Low
2019-03-04,SARIMA,60D,4,-0.0035116023930763,-0.00026683063496785175,Low
2019-03-05,SARIMA,60D,4,-0.0002831562283725,-0.0029111088183414804,Low
2019-03-06,SARIMA,60D,4,-0.0070208878747004,0.0005725523735447755,Low
2019-03-07,SARIMA,60D,4,-0.0016310473906772,-0.006540102328391452,Low
2019-03-08,SARIMA,60D,4,0.0217088438218541,-0.0005964313889664508,Low
2019-03-11,SARIMA,60D,4,0.0152780352371783,0.021718087806259088,Low
2019-03-12,SARIMA,60D,4,0.0184459101853776,0.015231231908138333,Low
2019-03-13,SARIMA,60D,4,0.0219633426756181,0.01867114943396423,Low
2019-03-14,SARIMA,60D,4,0.02748096208198,0.02167010439320878,Low
2019-03-15,SARIMA,60D,4,0.0221585012155978,0.02639812433285455,Low
2019-03-18,SARIMA,60D,4,0.0164197465894525,0.02225677407286257,Low
2019-03-19,SARIMA,60D,4,0.0206393271722294,0.016328349491915622,Low
2019-03-20,SARIMA,60D,4,0.0219752121268462,0.020423734648782884,Low
2019-03-21,SARIMA,60D,4,0.0121125120645098,0.02165035756001684,Low
2019-03-22,SARIMA,60D,4,0.0409398287917537,0.012424737274009699,Normal
2019-03-25,SARIMA,60D,4,0.0447599184180874,0.04052881591958184,Normal
2019-03-26,SARIMA,60D,4,0.0470304708060264,0.043899339130865425,Normal
2019-03-27,SARIMA,60D,4,0.0504255978028975,0.04621067712007871,Normal
2019-03-28,SARIMA,60D,4,0.0451091546270488,0.04991784102604311,Normal
2019-03-29,SARIMA,60D,4,0.0288556729433365,0.04336287130821426,Normal
2019-04-01,SARIMA,60D,4,0.016118781746488,0.028396715912729003,Normal
2019-04-02,SARIMA,60D,4,0.0199172119842205,0.016040059747393552,Normal
2019-04-03,SARIMA,60D,4,0.023512081404731,0.01969824104952303,Normal
2019-04-04,SARIMA,60D,4,0.0290726347726908,0.023509092568851156,Normal
2019-04-05,SARIMA,60D,4,0.0273707644265805,0.029322643551165813,Normal
2019-04-08,SARIMA,60D,4,0.033966948336741,0.02755377999385561,Low
2019-04-09,SARIMA,60D,4,0.0382453905678618,0.033399916239952254,Normal
2019-04-10,SARIMA,60D,4,0.0299263798032381,0.037571859478523054,Normal
2019-04-11,SARIMA,60D,4,0.0311240505213493,0.029393612488378525,Normal
2019-04-12,SARIMA,60D,4,0.0290370190678863,0.03081519453650622,Normal
2019-04-15,SARIMA,60D,4,0.0319492058911921,0.028486552437417663,Normal
2019-04-16,SARIMA,60D,4,0.0360495118681185,0.031400539192628876,Normal
2019-04-17,SARIMA,60D,4,0.0385017664172414,0.03584205457339236,Normal
2019-04-18,SARIMA,60D,4,0.0335143350379816,0.037898186101543344,Low
2019-04-22,SARIMA,60D,4,0.0259501637549556,0.03315575958897526,Low
2019-04-23,SARIMA,60D,4,0.0207234102887792,0.025609571099150193,Low
2019-04-24,SARIMA,60D,4,0.0167216894269708,0.020472333759226632,Low
2019-04-25,SARIMA,60D,4,0.0199154328534938,0.016628959313277018,Low
2019-04-26,SARIMA,60D,4,0.0220652276694654,0.020004375041983095,Low
2019-04-29,SARIMA,60D,4,0.0256714719787072,0.022195575841367582,Low
2019-04-30,SARIMA,60D,4,0.0194442107963161,0.02563219135712971,Low
2019-05-01,SARIMA,60D,4,0.0343351924173905,0.019526422079143103,Low
2019-05-02,SARIMA,60D,4,0.034844015137016,0.03377975324647173,Low
2019-05-03,SARIMA,60D,4,0.0226699022860542,0.03430987592801037,Low
2019-05-06,SARIMA,60D,4,0.0162057085229867,0.022395452922778905,Low
2019-05-07,SARIMA,60D,4,0.0238156690430862,0.016446479131304922,Low
2019-05-08,SARIMA,60D,4,0.0181129958929411,0.02311023994454752,Low
2019-05-09,SARIMA,60D,4,-0.0090911876148254,0.018055537829255744,Low
2019-05-10,SARIMA,60D,4,0.0001284422264226,-0.007994002041532614,Low
2019-05-13,SARIMA,60D,4,0.0253214936987788,0.0007948652260882094,Normal
2019-05-14,SARIMA,60D,4,0.035925968642428,0.024840815532359294,Normal
2019-05-15,SARIMA,60D,4,0.0234653811810478,0.035641371906795664,Normal
2019-05-16,SARIMA,60D,4,0.0022156149486334,0.02427673452868668,Normal
2019-05-17,SARIMA,60D,4,0.0230883983899792,0.002296236841129373,Normal
2019-05-20,SARIMA,60D,4,0.0001303039108487,0.02205083734945481,Normal
2019-05-21,SARIMA,60D,4,-0.0058684084841615,0.00018336975643652373,Normal
2019-05-22,SARIMA,60D,4,0.0112830420519829,-0.00484503811097764,Normal
2019-05-23,SARIMA,60D,4,0.0353019098576621,0.012190367159370559,Normal
2019-05-24,SARIMA,60D,4,0.0260030507735096,0.03410222688338299,Normal
2019-05-28,SARIMA,60D,4,0.0426269803311228,0.026592442589266362,Normal
2019-05-29,SARIMA,60D,4,0.0490566875390756,0.0422021038601781,Normal
2019-05-30,SARIMA,60D,4,0.0206715337412407,0.04764310297394214,Normal
2019-05-31,SARIMA,60D,4,0.0448778517224916,0.019728001738526436,Normal
2019-06-03,SARIMA,60D,4,0.0444386005762435,0.044480619767504774,Normal
2019-06-04,SARIMA,60D,4,0.0297568250257282,0.04313352928824524,High
2019-06-05,SARIMA,60D,4,0.0342355804880089,0.029179689275291215,Normal
2019-06-06,SARIMA,60D,4,0.0287613205718813,0.03478304393322585,High
2019-06-07,SARIMA,60D,4,0.0113953319919359,0.027593898777122372,High
2019-06-10,SARIMA,60D,4,0.0175298371955919,0.011535231765704517,High
2019-06-11,SARIMA,60D,4,0.0308056915753027,0.018021740018322595,Normal
2019-06-12,SARIMA,60D,4,0.0337555402069171,0.03028321467035821,Normal
2019-06-13,SARIMA,60D,4,0.0295725150251668,0.03350910122992083,Normal
2019-06-14,SARIMA,60D,4,0.0315075792372509,0.029864534543132912,Normal
2019-06-17,SARIMA,60D,4,0.0377799361312853,0.03092469180171451,Normal
2019-06-18,SARIMA,60D,4,0.030984462816548,0.03677413624816554,Normal
2019-06-19,SARIMA,60D,4,0.027279069146558,0.030511127766689496,Normal
2019-06-20,SARIMA,60D,4,0.0147109508943291,0.02715379763445555,Normal
2019-06-21,SARIMA,60D,4,0.0185493925465191,0.01469453351537641,Normal
2019-06-24,SARIMA,60D,4,0.0206254142913732,0.018277025822558086,Normal
2019-06-25,SARIMA,60D,4,0.0301871644536902,0.020761429252666833,Normal
2019-06-26,SARIMA,60D,4,0.0265142610276139,0.02997239703750982,Normal
2019-06-27,SARIMA,60D,4,0.0226014346171957,0.026714767876727184,Normal
2019-06-28,SARIMA,60D,4,0.0084085038130445,0.022327224210735554,Normal
2019-07-01,SARIMA,60D,4,0.0069051704440544,0.008559660826035898,Low
2019-07-02,SARIMA,60D,4,0.0015494521574525,0.00682525849204545,Low
2019-07-03,SARIMA,60D,4,-0.0114241780823603,0.0020724167413319356,Low
2019-07-05,SARIMA,60D,4,-0.0045817336625631,-0.010554833425478083,Low
2019-07-08,SARIMA,60D,4,-0.0120686875978521,-0.0035172386632084315,Low
2019-07-09,SARIMA,60D,4,-0.0313698848439499,-0.011252260338607947,Low
2019-07-10,SARIMA,60D,4,-0.0279301270061657,-0.02991669611256305,Low
2019-07-11,SARIMA,60D,4,-0.0160959613458552,-0.026288026048395925,Low
2019-07-12,SARIMA,60D,4,-0.0251938479216032,-0.015456116160593766,Low
2019-07-15,SARIMA,60D,4,-0.0410528612020973,-0.02381298106238576,Low
2019-07-16,SARIMA,60D,4,-0.0285799801322411,-0.03883349460463537,Low
2019-07-17,SARIMA,60D,4,-0.0156321122543654,-0.02747817292036931,Low
2019-07-18,SARIMA,60D,4,-0.0083281302893955,-0.015167643296881639,Low
2019-07-19,SARIMA,60D,4,-0.0035203224977698,-0.0073137158214845975,Low
2019-07-22,SARIMA,60D,4,0.003561421192469,-0.0023794693993304736,Low
2019-07-23,SARIMA,60D,4,-0.0052642685000011,0.0035204086370293937,Low
2019-07-24,SARIMA,60D,4,-0.0071824393437015,-0.005106297099439758,Low
2019-07-25,SARIMA,60D,4,-0.0058331885699018,-0.006784983153674842,Low
2019-07-26,SARIMA,60D,4,-0.006345610235351,-0.005387913642241587,Low
2019-07-29,SARIMA,60D,4,-0.0083032375646705,-0.005972943237308834,Low
2019-07-30,SARIMA,60D,4,-0.0028781488467953,-0.007317339765111935,Low
2019-07-31,SARIMA,60D,4,0.009985662764516,-0.0022711555964795606,Low
2019-08-01,SARIMA,60D,4,0.0230896198439779,0.010145914418617678,Low
2019-08-02,SARIMA,60D,4,0.0359648282996607,0.022977488749184552,Low
2019-08-05,SARIMA,60D,4,0.0653622585128747,0.035573023233832324,Normal
2019-08-06,SARIMA,60D,4,0.0556773240025654,0.06395030090494677,Normal
2019-08-07,SARIMA,60D,4,0.0518833030341676,0.05424377737649129,Normal
2019-08-08,SARIMA,60D,4,0.04291077112695,0.05052708920194211,High
2019-08-09,SARIMA,60D,4,0.0532466100659196,0.041781929749313135,High
2019-08-12,SARIMA,60D,4,0.0644540164700142,0.051248170729023795,High
2019-08-13,SARIMA,60D,4,0.0501379207950019,0.06353828072944069,High
2019-08-14,SARIMA,60D,4,0.0825946484938183,0.049389300351906106,High
2019-08-15,SARIMA,60D,4,0.0826908149407538,0.0811982620402242,High
2019-08-16,SARIMA,60D,4,0.0664033613551717,0.08060920783086375,High
2019-08-19,SARIMA,60D,4,0.0559336090920372,0.06470084928663036,High
2019-08-20,SARIMA,60D,4,0.064591105974269,0.055404073911382745,High
2019-08-21,SARIMA,60D,4,0.0572148190313726,0.062177691210797865,High
2019-08-22,SARIMA,60D,4,0.0653870507686243,0.05611973117703172,High
2019-08-23,SARIMA,60D,4,0.0921789582142719,0.06466757480406965,High
2019-08-26,SARIMA,60D,4,0.0806630753837815,0.09057571766044073,High
2019-08-27,SARIMA,60D,4,0.0801081407633966,0.07868178700595072,High
2019-08-28,SARIMA,60D,4,0.0719999831466448,0.0787069959955852,High
2019-08-29,SARIMA,60D,4,0.0615650746479262,0.07025817775777282,High
2019-08-30,SARIMA,60D,4,0.0684017457755166,0.059418326985016374,High
2019-09-03,SARIMA,60D,4,0.0775179187531423,0.0674250434379779,High
2019-09-04,SARIMA,60D,4,0.0708999291000208,0.07592458653142184,High
2019-09-05,SARIMA,60D,4,0.0539547299482719,0.0697480116198874,High
2019-09-06,SARIMA,60D,4,0.0443760554499313,0.05333033881335249,High
2019-09-09,SARIMA,60D,4,0.0378098448707861,0.04339006304453673,High
2019-09-10,SARIMA,60D,4,0.0437912500536252,0.036905214870195435,High
2019-09-11,SARIMA,60D,4,0.038086704653868,0.043287138294446935,High
2019-09-12,SARIMA,60D,4,0.0443059344060605,0.03810533292781437,Normal
2019-09-13,SARIMA,60D,4,0.0418627775985523,0.0439162514392378,Normal
2019-09-16,SARIMA,60D,4,0.0439057543459242,0.04143709325776926,Normal
2019-09-17,SARIMA,60D,4,0.0442312665028129,0.04298440673415083,Normal
2019-09-18,SARIMA,60D,4,0.052427300594101,0.04371423423114844,Normal
2019-09-19,SARIMA,60D,4,0.052479905222386,0.05127753670887477,Normal
2019-09-20,SARIMA,60D,4,0.0645098652698094,0.05163306268010105,Normal
2019-09-23,SARIMA,60D,4,0.064942041916098,0.06319464264189253,Low
2019-09-24,SARIMA,60D,4,0.0729616372391268,0.06367526058855774,Low
2019-09-25,SARIMA,60D,4,0.0712713308190273,0.07120616965866998,Low
2019-09-26,SARIMA,60D,4,0.0786357976329745,0.06984331318065176,Low
2019-09-27,SARIMA,60D,4,0.0848321009264014,0.07658925426859481,Low
2019-09-30,SARIMA,60D,4,0.0796017234086848,0.08302981366258744,Low
2019-10-01,SARIMA,60D,4,0.0970509127641516,0.07766231170181381,Low
2019-10-02,SARIMA,60D,4,0.1151503010914535,0.09500184017578499,Normal
2019-10-03,SARIMA,60D,4,0.1014124002382368,0.11231220464800172,Low
2019-10-04,SARIMA,60D,5,0.0902373056431684,0.09903041953699586,Normal
2019-10-07,SARIMA,60D,5,0.1030695532791667,0.08854520955134901,Normal
2019-10-08,SARIMA,60D,5,0.1116678034663222,0.10024190458293536,Normal
2019-10-09,SARIMA,60D,5,0.1061316521457489,0.10857993954243253,Normal
2019-10-10,SARIMA,60D,5,0.0969292746493716,0.10430734524381025,Normal
2019-10-11,SARIMA,60D,5,0.0909401684612235,0.09526246046053646,Normal
2019-10-14,SARIMA,60D,5,0.0989614642513489,0.08857945813446913,Normal
2019-10-15,SARIMA,60D,5,0.086195756387355,0.096534174492988,Normal
2019-10-16,SARIMA,60D,5,0.0951492949864821,0.08459379768196368,Normal
2019-10-17,SARIMA,60D,5,0.0908745921798109,0.09345337842112543,Normal
2019-10-18,SARIMA,60D,5,0.0966700881332987,0.08918212720788589,Normal
2019-10-21,SARIMA,60D,5,0.0981537214501969,0.09433344161045999,Normal
2019-10-22,SARIMA,60D,5,0.1055834939560589,0.09651454482336044,Normal
2019-10-23,SARIMA,60D,5,0.1000848902406426,0.10298883675450146,Normal
2019-10-24,SARIMA,60D,5,0.0984553198781523,0.09809610691279765,Normal
2019-10-25,SARIMA,60D,5,0.0955312165608546,0.09615241217263838,Normal
2019-10-28,SARIMA,60D,5,0.080882107218543,0.09345223994805354,Normal
2019-10-29,SARIMA,60D,5,0.0658591068181796,0.07896568204576193,Normal
2019-10-30,SARIMA,60D,5,0.0726144009176749,0.064783986317903,Normal
2019-10-31,SARIMA,60D,5,0.0747745894086294,0.07123245376867596,Normal
2019-11-01,SARIMA,60D,5,0.0682881157791931,0.07338489722261467,Low
2019-11-04,SARIMA,60D,5,0.0467264264025176,0.06748686376888441,Low
2019-11-05,SARIMA,60D,5,0.0551412548755708,0.04650606440660755,Low
2019-11-06,SARIMA,60D,5,0.0693083202007874,0.05394006201309039,Low
2019-11-07,SARIMA,60D,5,0.0777697236154795,0.06790110773304332,Low
2019-11-08,SARIMA,60D,5,0.0785324755273658,0.07645214003800554,Low
2019-11-11,SARIMA,60D,5,0.0750813799312446,0.07774006231178224,Low
2019-11-12,SARIMA,60D,5,0.0808176467505549,0.07332604252781338,Low
2019-11-13,SARIMA,60D,5,0.0817934138664408,0.0787015810034813,Low
2019-11-14,SARIMA,60D,5,0.087398574357187,0.07984319180901994,Low
2019-11-15,SARIMA,60D,5,0.0781007692192253,0.08557170736474881,Low
2019-11-18,SARIMA,60D,5,0.0794395789949009,0.07666273782902075,Low
2019-11-19,SARIMA,60D,5,0.0771081351084458,0.07764194218607978,Low
2019-11-20,SARIMA,60D,5,0.0855661398136718,0.07553528922379217,Low
2019-11-21,SARIMA,60D,5,0.0833273284718638,0.08360958967319114,Low
2019-11-22,SARIMA,60D,5,0.0705809452966679,0.08195581790136933,Low
2019-11-25,SARIMA,60D,5,0.0290136139887602,0.06916534856557309,Low
2019-11-26,SARIMA,60D,5,-0.0039274540315333,0.028796126693017888,Low
2019-11-27,SARIMA,60D,5,-0.011878886980363,-0.0036819443362495034,Low
2019-11-29,SARIMA,60D,5,-0.0530277371026352,-0.011054495147811958,Low
2019-12-02,SARIMA,60D,5,-0.0526317165183246,-0.05076832655146009,Low
2019-12-03,SARIMA,60D,5,-0.0009606224908662,-0.049340666885081694,Low
2019-12-04,SARIMA,60D,5,-0.0357747650225508,0.0007324928144165008,Low
2019-12-05,SARIMA,60D,5,0.0040624574114522,-0.03404994494322516,Low
2019-12-06,SARIMA,60D,5,-0.0395425710589547,0.005957412085090499,Low
2019-12-09,SARIMA,60D,5,-0.0535756810268664,-0.037974184905206335,Low
2019-12-10,SARIMA,60D,5,-0.1314885577982538,-0.05347970544055716,Low
2019-12-11,SARIMA,60D,5,-0.0861774429017455,-0.12634678184370615,Low
2019-12-12,SARIMA,60D,5,-0.144819003085906,-0.08483621806325209,Low
2019-12-13,SARIMA,60D,5,-0.2448364346385943,-0.1390250864939394,Low
2019-12-16,SARIMA,60D,5,-0.1631503886319012,-0.23748926467616832,Low
2019-12-17,SARIMA,60D,5,-0.2911378221331797,-0.15560625169887157,Low
2019-12-18,SARIMA,60D,5,-0.2324791158569651,-0.28463745582792765,Low
2019-12-19,SARIMA,60D,5,-0.2901507670109097,-0.2238122803035138,Low
2019-12-20,SARIMA,60D,5,-0.2903866018448428,-0.27846923754632164,Low
2019-12-23,SARIMA,60D,5,-0.3355799946125081,-0.28510153528172993,Low
2019-12-24,SARIMA,60D,5,-0.3651160283196166,-0.32171453669014805,Low
2019-12-26,SARIMA,60D,5,-0.2805478582117074,-0.3570450741768098,Low
2019-12-27,SARIMA,60D,5,-0.2691128519305432,-0.2705460919997086,Low
2019-12-30,SARIMA,60D,5,-0.2027714247769467,-0.26140481455703196,Low
2019-12-31,SARIMA,60D,5,-0.2399809609627638,-0.19516109230737436,Low
2020-01-02,SARIMA,60D,5,-0.2153582657551059,-0.2319325648564644,Low
2020-01-03,SARIMA,60D,5,-0.2244156671785671,-0.21199374709535446,Low
2020-01-06,SARIMA,60D,5,-0.2730891751056266,-0.2182821710592187,Low
2020-01-07,SARIMA,60D,5,-0.2477093429640714,-0.26767786247952446,Low
2020-01-08,SARIMA,60D,5,-0.267852677275657,-0.2393100652060668,Low
2020-01-09,SARIMA,60D,5,-0.2065176472477329,-0.2611115866627246,Low
2020-01-10,SARIMA,60D,5,-0.2052627238085905,-0.20017151855902818,Low
2020-01-13,SARIMA,60D,5,-0.1787253466632389,-0.19752457855101857,Low
2020-01-14,SARIMA,60D,5,-0.1628261955226439,-0.17427121908848722,Low
2020-01-15,SARIMA,60D,5,-0.1748507052110091,-0.15717686585377125,Low
2020-01-16,SARIMA,60D,5,-0.1530678930609332,-0.17178605263059002,Low
2020-01-17,SARIMA,60D,5,-0.1791993489807876,-0.1484719651434615,Low
2020-01-21,SARIMA,60D,5,-0.1707440107716609,-0.17483670911070592,Low
2020-01-22,SARIMA,60D,5,-0.1445921130470213,-0.16624279371070597,Low
2020-01-23,SARIMA,60D,5,-0.1637752848557273,-0.13977948734997295,Low
2020-01-24,SARIMA,60D,5,-0.1858471106658642,-0.15966699406846493,Low
2020-01-27,SARIMA,60D,5,-0.1473200577268835,-0.17947910975613718,Low
2020-01-28,SARIMA,60D,5,-0.1578630088874316,-0.14315427771687067,Normal
2020-01-29,SARIMA,60D,5,-0.1431736681770078,-0.1540665764022537,Low
2020-01-30,SARIMA,60D,5,-0.131696256925483,-0.13815837703462966,Low
2020-01-31,SARIMA,60D,5,-0.1190879835446038,-0.1268550372847768,Normal
2020-02-03,SARIMA,60D,5,-0.1000797052607633,-0.1167163922295638,Normal
2020-02-04,SARIMA,60D,5,-0.1242041644973242,-0.09647811252762019,Normal
2020-02-05,SARIMA,60D,5,-0.1638521541710731,-0.12087480502897925,Normal
2020-02-06,SARIMA,60D,5,-0.1629314866492255,-0.159402649839326,Normal
2020-02-07,SARIMA,60D,5,-0.1485160604419874,-0.15855660115111192,Normal
2020-02-10,SARIMA,60D,5,-0.1628196309616034,-0.14475193594561972,Normal
2020-02-11,SARIMA,60D,5,-0.1530677238927147,-0.1571637692192151,Normal
2020-02-12,SARIMA,60D,5,-0.1427787819326914,-0.1470854634043347,Normal
2020-02-13,SARIMA,60D,5,-0.141013936205912,-0.1384744933925883,Normal
2020-02-14,SARIMA,60D,5,-0.1635691380764451,-0.13723816973738262,Normal
2020-02-18,SARIMA,60D,5,-0.1782619207145773,-0.15820054447449677,Normal
2020-02-19,SARIMA,60D,5,-0.171497751194791,-0.17336241144896516,Normal
2020-02-20,SARIMA,60D,5,-0.1637562585630704,-0.16680021239603876,Normal
2020-02-21,SARIMA,60D,5,-0.1221672405601772,-0.15896243789334077,Normal
2020-02-24,SARIMA,60D,5,-0.0986189088513358,-0.11757451722299885,High
2020-02-25,SARIMA,60D,5,-0.051357013862567,-0.09489160834404799,High
2020-02-26,SARIMA,60D,5,-0.0553752848489906,-0.04959761749925576,High
2020-02-27,SARIMA,60D,5,-0.0078562028099171,-0.05355377448975181,High
2020-02-28,SARIMA,60D,5,0.0126305453211963,-0.008472670141608931,High
2020-03-02,SARIMA,60D,5,-0.0176618759579024,0.012094235337511507,High
2020-03-03,SARIMA,60D,5,0.0087384696400924,-0.018288950173885276,High
2020-03-04,SARIMA,60D,5,-0.0277970861682327,0.009222414763919981,High
2020-03-05,SARIMA,60D,5,0.0104579127501126,-0.028212624947943476,High
2020-03-06,SARIMA,60D,5,0.0358361636848974,0.00998186951018472,High
2020-03-09,SARIMA,60D,5,0.128403247437833,0.0365040899425095,High
2020-03-10,SARIMA,60D,5,0.076813805928365,0.1246940004237562,High
2020-03-11,SARIMA,60D,5,0.1527907115586064,0.07665544208050794,High
2020-03-12,SARIMA,60D,5,0.2647052203668858,0.1480403821785952,High
2020-03-13,SARIMA,60D,5,0.1680670699979278,0.25750411832072934,High
2020-03-16,SARIMA,60D,5,0.2903920117355631,0.16092453452929562,High
2020-03-17,SARIMA,60D,5,0.1714130061035825,0.28517346062479004,High
2020-03-18,SARIMA,60D,5,0.2376115650408744,0.16473981435816226,High
2020-03-19,SARIMA,60D,5,0.2411926648886486,0.2278830139577072,High
2020-03-20,SARIMA,60D,5,0.304305141808726,0.2387233207441325,High
2020-03-23,SARIMA,60D,5,0.3304298465856734,0.2924766451985454,High
2020-03-24,SARIMA,60D,5,0.241340657471512,0.32644227663878456,High
2020-03-25,SARIMA,60D,5,0.224206153485016,0.23313314007794345,High
2020-03-26,SARIMA,60D,5,0.1701364157074279,0.21861619420068218,High
2020-03-27,SARIMA,60D,5,0.2087024304405379,0.16380484998949776,High
2020-03-30,SARIMA,60D,5,0.1495405742749009,0.2026438701635879,High
2020-03-31,SARIMA,60D,5,0.1765827127915347,0.14909624156999732,High
2020-04-01,SARIMA,60D,5,0.1972038712494905,0.1729535209515409,High
2020-04-02,SARIMA,60D,5,0.1892101023060638,0.19438064033294092,High
2020-04-03,SARIMA,60D,5,0.2197553125677639,0.1833309923955317,High
2020-04-06,SARIMA,60D,5,0.1567966323988042,0.21654881623801633,High
2020-04-07,SARIMA,60D,5,0.1629319419239835,0.15218125216772888,High
2020-04-08,SARIMA,60D,5,0.1451995015648621,0.15836356180336847,High
2020-04-09,SARIMA,60D,5,0.1199385533915191,0.1420905984979116,High
2020-04-13,SARIMA,60D,5,0.1378915990996266,0.11610867701620999,High
2020-04-14,SARIMA,60D,5,0.1021174480511244,0.1369143125402218,High
2020-04-15,SARIMA,60D,5,0.1348059904979366,0.0996477424579243,High
2020-04-16,SARIMA,60D,5,0.1195995074423363,0.13234372365316543,High
2020-04-17,SARIMA,60D,5,0.1064758760039197,0.11781337032484687,High
2020-04-20,SARIMA,60D,5,0.1335597785556226,0.10350563858494852,High
2020-04-21,SARIMA,60D,5,0.1613029785778379,0.1317973749042602,High
2020-04-22,SARIMA,60D,5,0.1414762405832847,0.15641354267154903,High
2020-04-23,SARIMA,60D,5,0.1503876054986206,0.13877811845855176,High
2020-04-24,SARIMA,60D,5,0.1382431442663414,0.1474000094142093,High
2020-04-27,SARIMA,60D,5,0.1293669066790793,0.13414259438167753,High
2020-04-28,SARIMA,60D,5,0.1222266984573162,0.12544601022994048,High
2020-04-29,SARIMA,60D,5,0.0897803543879671,0.12016403221584847,High
2020-04-30,SARIMA,60D,5,0.1064034265285042,0.08754252605783328,High
2020-05-01,SARIMA,60D,5,0.1283692021246338,0.1044828197406454,High
2020-05-04,SARIMA,60D,5,0.1364801628975269,0.12577848193636795,High
2020-05-05,SARIMA,60D,5,0.1237229259362923,0.13362711873589575,High
2020-05-06,SARIMA,60D,5,0.1383680425775113,0.12210874660631556,High
2020-05-07,SARIMA,60D,5,0.1340844494869794,0.1346535047600932,High
2020-05-08,SARIMA,60D,5,0.1209590774478866,0.13027376273881375,High
2020-05-11,SARIMA,60D,5,0.1272351685166139,0.11796069369154383,High
2020-05-12,SARIMA,60D,5,0.1543556603093262,0.12481392225270335,High
2020-05-13,SARIMA,60D,5,0.172605486203563,0.150269808438531,High
2020-05-14,SARIMA,60D,5,0.1638850336728834,0.168713760212807,High
2020-05-15,SARIMA,60D,5,0.1519653030677831,0.160537351838,High
2020-05-18,SARIMA,60D,5,0.1348495965913232,0.14824253772050267,High
2020-05-19,SARIMA,60D,5,0.143340071626766,0.13081587664707212,High
2020-05-20,SARIMA,60D,5,0.1266541836170713,0.13938031485513083,High
2020-05-21,SARIMA,60D,5,0.1371643294344483,0.12407040605507386,High
2020-05-22,SARIMA,60D,5,0.1371141241674528,0.13443282892439434,High
2020-05-26,SARIMA,60D,5,0.1204857158008104,0.13458057435472864,High
2020-05-27,SARIMA,60D,5,0.1089209230788422,0.11747997961981833,High
2020-05-28,SARIMA,60D,5,0.1144662623867342,0.10710441503687895,High
2020-05-29,SARIMA,60D,5,0.1196590841993297,0.11155054917299141,High
2020-06-01,SARIMA,60D,5,0.1195047674665055,0.11697772216864213,High
2020-06-02,SARIMA,60D,5,0.1214714615289484,0.11741994960624419,High
2020-06-03,SARIMA,60D,5,0.1095864367481935,0.1191703958218369,High
2020-06-04,SARIMA,60D,5,0.1196708286813728,0.106989858354951,High
2020-06-05,SARIMA,60D,5,0.0915994406842282,0.11682261750408635,High
2020-06-08,SARIMA,60D,5,0.0871266156991282,0.08965892783061599,High
2020-06-09,SARIMA,60D,5,0.1102054092627199,0.0852253745626258,High
2020-06-10,SARIMA,60D,5,0.0797750708557166,0.1082043882102382,High
2020-06-11,SARIMA,60D,5,0.1323614830977306,0.07778171230150005,High
2020-06-12,SARIMA,60D,5,0.091236367406052,0.13037129750949986,High
2020-06-15,SARIMA,60D,5,0.1029032672500572,0.08948530667720571,High
2020-06-16,SARIMA,60D,5,0.0663771684579512,0.09987176891110028,High
2020-06-17,SARIMA,60D,5,0.070516894848668,0.06617559197069857,High
2020-06-18,SARIMA,60D,5,0.0825841864698891,0.0672697316401736,High
2020-06-19,SARIMA,60D,5,0.0934554859660624,0.08232803708228932,High
2020-06-22,SARIMA,60D,5,0.0823517457772523,0.09107087325699342,High
2020-06-23,SARIMA,60D,5,0.0696056270572161,0.0819642489758315,High
2020-06-24,SARIMA,60D,5,0.0845553157050498,0.06812575131975004,High
2020-06-25,SARIMA,60D,5,0.062016923949534,0.08240413042895417,High
2020-06-26,SARIMA,60D,5,0.0970051446227411,0.06047657249726003,High
2020-06-29,SARIMA,60D,5,0.0584189175948333,0.09534113854609717,High
2020-06-30,SARIMA,60D,5,0.0461095737137068,0.05781536364297002,High
2020-07-01,SARIMA,60D,5,0.0569504489620244,0.044844146167039994,High
2020-07-02,SARIMA,60D,5,0.0684016703390619,0.056732598589242955,High
2020-07-06,SARIMA,60D,5,0.0478204568024545,0.06585416090452775,High
2020-07-07,SARIMA,60D,5,0.0669177772404776,0.04839936209116555,High
2020-07-08,SARIMA,60D,5,0.0643997405413424,0.06610219778504726,High
2020-07-09,SARIMA,60D,5,0.0604355191511662,0.06283274544011493,High
2020-07-10,SARIMA,60D,5,0.0678368183796241,0.05893862122528319,High
2020-07-13,SARIMA,60D,5,0.0631713992081599,0.06728410394611639,High
2020-07-14,SARIMA,60D,5,0.0671012623954973,0.06133929840056876,High
2020-07-15,SARIMA,60D,5,0.0660384183540117,0.06592320446994329,High
2020-07-16,SARIMA,60D,5,0.0782054287488797,0.06494167414572212,High
2020-07-17,SARIMA,60D,5,0.0916433963196205,0.07639344651289685,High
2020-07-20,SARIMA,60D,5,0.0769447074353169,0.08991058469582862,High
2020-07-21,SARIMA,60D,5,0.0686219060166973,0.0752866841452085,High
2020-07-22,SARIMA,60D,5,0.0613623519080105,0.06735259249403809,High
2020-07-23,SARIMA,60D,5,0.0738936407768879,0.05980770672025601,High
2020-07-24,SARIMA,60D,5,0.0636386172862214,0.07196037735620144,High
2020-07-27,SARIMA,60D,5,0.0609868837847403,0.06296218655110772,Normal
2020-07-28,SARIMA,60D,5,0.0652832051918163,0.060164210060054124,Normal
2020-07-29,SARIMA,60D,5,0.0581367758435649,0.06431977054438574,Normal
2020-07-30,SARIMA,60D,5,0.0653339159274092,0.05665629330944315,Normal
2020-07-31,SARIMA,60D,5,0.0389282066999108,0.06447139937063322,Normal
2020-08-03,SARIMA,60D,5,0.0287426386851066,0.03848190371217248,Normal
2020-08-04,SARIMA,60D,5,-0.0107883264496048,0.02831217527510638,Normal
2020-08-05,SARIMA,60D,5,-0.0053209619451252,-0.009797923402355541,Normal
2020-08-06,SARIMA,60D,5,-0.0239318014110501,-0.004977153445531946,Normal
2020-08-07,SARIMA,60D,5,-0.012321679790415,-0.02191533758919607,Normal
2020-08-10,SARIMA,60D,5,0.0025825926202708,-0.01115904430375798,Normal
2020-08-11,SARIMA,60D,5,0.0323911736767398,0.0044204404940703206,Normal
2020-08-12,SARIMA,60D,5,0.0377649371598274,0.03189102096823844,Normal
2020-08-13,SARIMA,60D,5,0.0395264532506104,0.03798226809924213,Normal
2020-08-14,SARIMA,60D,5,0.0513303253932337,0.03863546418777393,Normal
2020-08-17,SARIMA,60D,5,0.0472233726649423,0.05000760973705887,Normal
2020-08-18,SARIMA,60D,5,0.052545360608117,0.0454597998969619,Normal
2020-08-19,SARIMA,60D,5,0.0469308324062297,0.051490991604089806,Normal
2020-08-20,SARIMA,60D,5,0.0572957243441774,0.04614491242675739,Low
2020-08-21,SARIMA,60D,5,0.0654412592840376,0.05588290874675142,Low
2020-08-24,SARIMA,60D,5,0.0506442001344866,0.06437696543980953,Low
2020-08-25,SARIMA,60D,5,0.0354230897414651,0.04962691318794048,Low
2020-08-26,SARIMA,60D,5,0.0292177640873564,0.03518294182324178,Low
2020-08-27,SARIMA,60D,5,0.0207303806826285,0.028571100399881824,Low
2020-08-28,SARIMA,60D,5,0.0196404860149079,0.020371621593644938,Low
2020-08-31,SARIMA,60D,5,0.0378703200044482,0.020122259200203264,Low
2020-09-01,SARIMA,60D,5,0.0287878138282328,0.037912386838884635,Low
2020-09-02,SARIMA,60D,5,0.0159328747102643,0.028755015105816312,Low
2020-09-03,SARIMA,60D,5,0.0470843282154775,0.016317673954562253,High
2020-09-04,SARIMA,60D,5,0.0664587496313456,0.04641202349591436,High
2020-09-08,SARIMA,60D,5,0.0963971432464166,0.06459906105298055,High
2020-09-09,SARIMA,60D,5,0.0758280305039419,0.09472757125521863,High
2020-09-10,SARIMA,60D,5,0.1023667401445244,0.07483019909434366,High
2020-09-11,SARIMA,60D,5,0.0998962965474738,0.09912588696047665,High
2020-09-14,SARIMA,60D,5,0.0900182326926214,0.0971112459969909,High
2020-09-15,SARIMA,60D,5,0.07683148181365,0.0870916508197713,High
2020-09-16,SARIMA,60D,5,0.0801751941780301,0.07602148589629495,High
2020-09-17,SARIMA,60D,5,0.0873573456223497,0.07761445452616529,High
2020-09-18,SARIMA,60D,5,0.0942341343250311,0.08562450660855714,High
2020-09-21,SARIMA,60D,5,0.1187111803745477,0.09259161174812147,High
2020-09-22,SARIMA,60D,5,0.1100193895964948,0.11656700028550193,High
2020-09-23,SARIMA,60D,5,0.1397678713198521,0.10751984812777435,High
2020-09-24,SARIMA,60D,5,0.1332675688130745,0.13636361815622247,High
2020-09-25,SARIMA,60D,5,0.1135032011019767,0.13003467198136026,High
2020-09-28,SARIMA,60D,5,0.0954457645563518,0.11014281184307764,High
2020-09-29,SARIMA,60D,5,0.1010155805326146,0.09371242663807339,High
2020-09-30,SARIMA,60D,5,0.096326087943722,0.0977731784345664,High
2020-10-01,SARIMA,60D,5,0.0997318459178384,0.09447246123051406,High
2020-10-02,SARIMA,60D,5,0.1071257939569304,0.0982707512542371,High
2020-10-05,SARIMA,60D,5,0.0906533330491087,0.10543184071955093,High
2020-10-06,SARIMA,60D,5,0.1111436021483357,0.08855478120595091,High
2020-10-07,SARIMA,60D,5,0.0790316756660683,0.10888007982047296,High
2020-10-08,SARIMA,60D,5,0.078111094154561,0.07730830471663225,High
2020-10-09,SARIMA,60D,5,0.0750496023562823,0.07626570685229261,High
2020-10-12,SARIMA,60D,5,0.0735053323057111,0.07412912055277966,High
2020-10-13,SARIMA,60D,5,0.0853090613283895,0.07131855342745842,High
2020-10-14,SARIMA,60D,5,0.0853779057958277,0.0846802319720666,High
2020-10-15,SARIMA,60D,5,0.0873225313406104,0.08366197013087934,High
2020-10-16,SARIMA,60D,5,0.089460677270706,0.08563398973189808,High
2020-10-19,SARIMA,60D,5,0.1021648277169054,0.08766577541696534,High
2020-10-20,SARIMA,60D,5,0.0902326315986257,0.09956780521908361,High
2020-10-21,SARIMA,60D,5,0.1005342032459577,0.08835081453474551,High
2020-10-22,SARIMA,60D,5,0.1091682666189773,0.0983205593358445,High
2020-10-23,SARIMA,60D,5,0.1060451014599013,0.1067240498940474,High
2020-10-26,SARIMA,60D,5,0.1217944217822854,0.10330153050864833,High
2020-10-27,SARIMA,60D,5,0.1284339446457484,0.1195150154782599,High
2020-10-28,SARIMA,60D,5,0.1628695435931726,0.12520020946610128,High
2020-10-29,SARIMA,60D,5,0.1249797035270748,0.15880105283660859,High
2020-10-30,SARIMA,60D,5,0.1468967157510952,0.12229716307848214,High
2015-06-10,SARIMA,120D,1,-0.0118455038770558,0.005065897785145799,Low
2015-06-11,SARIMA,120D,1,-0.0029586816868445,-0.01149961406379648,Low
2015-06-12,SARIMA,120D,1,-0.0069963996731908,-0.0026044295724603345,Low
2015-06-15,SARIMA,120D,1,-0.0168409364955695,-0.006684987454849502,Low
2015-06-16,SARIMA,120D,1,-0.0021968106474721,-0.01626538637455311,Low
2015-06-17,SARIMA,120D,1,-0.0111885390029427,-0.0013876478232428963,Low
2015-06-18,SARIMA,120D,1,-0.0275535916825461,-0.010885773464288907,Low
2015-06-19,SARIMA,120D,1,-0.0300050628102892,-0.026747554573371773,Low
2015-06-22,SARIMA,120D,1,-0.0338325742132368,-0.02902844529826204,Low
2015-06-23,SARIMA,120D,1,-0.0540821083942456,-0.033400526792376414,Low
2015-06-24,SARIMA,120D,1,-0.0419573546118723,-0.052843426724169265,Low
2015-06-25,SARIMA,120D,1,-0.0284167703493615,-0.04068074972184496,Low
2015-06-26,SARIMA,120D,1,-0.0136159789536676,-0.02763190940142469,Low
2015-06-29,SARIMA,120D,1,-0.0076837860809325,-0.01297174770417342,Normal
2015-06-30,SARIMA,120D,1,-0.0282962434405068,-0.0067110975042267845,Normal
2015-07-01,SARIMA,120D,1,-0.0274600331479877,-0.0278579241489983,Normal
2015-07-02,SARIMA,120D,1,-0.0183738673668721,-0.027069299181511082,Normal
2015-07-06,SARIMA,120D,1,-0.0021630381404209,-0.018124693197094033,Normal
2015-07-07,SARIMA,120D,1,-0.009825514138153,-0.0018947615865079759,Normal
2015-07-08,SARIMA,120D,1,0.0047865143176825,-0.008826240168530834,Normal
2015-07-09,SARIMA,120D,1,0.0131005308458854,0.005100293257873322,Normal
2015-07-10,SARIMA,120D,1,-0.0064058543229008,0.013116359771318337,Normal
2015-07-13,SARIMA,120D,1,-0.0268676078717238,-0.006334867836479588,Normal
2015-07-14,SARIMA,120D,1,-0.0467329229060299,-0.025982185085799886,Normal
2015-07-15,SARIMA,120D,1,-0.0439874624659328,-0.04614989883469926,Normal
2015-07-16,SARIMA,120D,1,-0.0651723589130346,-0.04328861214344207,Normal
2015-07-17,SARIMA,120D,1,-0.09026374705683,-0.06355278029863971,Normal
2015-07-20,SARIMA,120D,1,-0.1019322211266795,-0.08831944643131633,Normal
2015-07-21,SARIMA,120D,1,-0.0968085165881338,-0.09985884213986766,Normal
2015-07-22,SARIMA,120D,1,-0.0866454374501689,-0.09533701829806061,Normal
2015-07-23,SARIMA,120D,1,-0.1062356023166985,-0.08471560066821991,Normal
2015-07-24,SARIMA,120D,1,-0.0789165206856534,-0.10397406295408358,Normal
2015-07-27,SARIMA,120D,1,-0.0949605383187515,-0.07729492513201118,Normal
2015-07-28,SARIMA,120D,1,-0.106738931933212,-0.09355262999523352,Normal
2015-07-29,SARIMA,120D,1,-0.125793840886494,-0.1053154557640615,Normal
2015-07-30,SARIMA,120D,1,-0.1206402191545682,-0.12342852668924377,Normal
2015-07-31,SARIMA,120D,1,-0.098285388471303,-0.11946515400189207,Normal
2015-08-03,SARIMA,120D,1,-0.1112862396992198,-0.09633263909283123,Normal
2015-08-04,SARIMA,120D,1,-0.0949887627019191,-0.10927873455825506,Normal
2015-08-05,SARIMA,120D,1,-0.1090215231879382,-0.09299411246882608,Low
2015-08-06,SARIMA,120D,1,-0.0957249765477846,-0.10744163044257855,Low
2015-08-07,SARIMA,120D,1,-0.0683873026968904,-0.09471964053833602,Low
2015-08-10,SARIMA,120D,1,-0.0815574731744574,-0.06685540567849049,Low
2015-08-11,SARIMA,120D,1,-0.0908753772125065,-0.08057539412832983,Low
2015-08-12,SARIMA,120D,1,-0.0868453608291471,-0.08905413071602142,Low
2015-08-13,SARIMA,120D,1,-0.0840437666682424,-0.08572892811829717,Low
2015-08-14,SARIMA,120D,1,-0.1066022572189535,-0.08330392948511428,Low
2015-08-17,SARIMA,120D,1,-0.1260552068514137,-0.10462392532887561,Low
2015-08-18,SARIMA,120D,1,-0.1240900645625408,-0.1239368137526878,Low
2015-08-19,SARIMA,120D,1,-0.1159898962837046,-0.12231516916816877,Low
2015-08-20,SARIMA,120D,1,-0.1070413831588146,-0.11428199648456962,Normal
2015-08-21,SARIMA,120D,1,-0.0553421254298903,-0.10482623668175407,High
2015-08-24,SARIMA,120D,1,0.0012510566583137,-0.05380564772260191,High
2015-08-25,SARIMA,120D,1,0.0312114170266108,0.00160714003736364,High
2015-08-26,SARIMA,120D,1,-0.0117565145318553,0.031065010879201237,High
2015-08-27,SARIMA,120D,1,-0.0357898023033472,-0.011418809581678818,High
2015-08-28,SARIMA,120D,1,-0.0220476223611473,-0.03620551535685018,High
2015-08-31,SARIMA,120D,1,-0.0261531212679516,-0.022758645005297756,High
2015-09-01,SARIMA,120D,1,0.0082994886091083,-0.02618744210239196,High
2015-09-02,SARIMA,120D,1,0.0014561839163443,0.009614737018387616,High
2015-09-03,SARIMA,120D,1,-0.0015797971126392,0.0024062871657346205,High
2015-09-04,SARIMA,120D,1,0.0057143805500653,-0.001501045685709329,High
2015-09-08,SARIMA,120D,1,0.0045291287546455,0.006135000197498096,High
2015-09-09,SARIMA,120D,1,0.0226101143848321,0.004031934953285944,High
2015-09-10,SARIMA,120D,1,0.0208386732602132,0.022888974100687444,High
2015-09-11,SARIMA,120D,1,0.0196621066811688,0.021048262931982677,High
2015-09-14,SARIMA,120D,1,0.0246447707050765,0.01963649139190697,High
2015-09-15,SARIMA,120D,1,0.0005913270176379,0.02476345802259789,High
2015-09-16,SARIMA,120D,1,-0.0030367409149237,0.0005279688925829452,High
2015-09-17,SARIMA,120D,1,-0.000316603675241,-0.0025820972486988933,High
2015-09-18,SARIMA,120D,1,0.0322421728679938,9.205872833596696e-05,High
2015-09-21,SARIMA,120D,1,0.0264250122177092,0.03211799995943648,High
2015-09-22,SARIMA,120D,1,0.0369813113027695,0.027070620563675138,High
2015-09-23,SARIMA,120D,1,0.0446167834141434,0.037015017872285186,High
2015-09-24,SARIMA,120D,1,0.0545590183540461,0.044407835736423644,High
2015-09-25,SARIMA,120D,1,0.0594208874062928,0.05351000297525289,High
2015-09-28,SARIMA,120D,1,0.0864071904733942,0.05923377678581958,High
2015-09-29,SARIMA,120D,1,0.0842973236636403,0.08550716716935708,High
2015-09-30,SARIMA,120D,1,0.058994915529408,0.08348985335690583,High
2015-10-01,SARIMA,120D,1,0.056644835071694,0.058427976508460516,High
2015-10-02,SARIMA,120D,1,0.0429761489433608,0.05622571165625262,High
2015-10-05,SARIMA,120D,1,0.0336295674790959,0.04218157259762118,High
2015-10-06,SARIMA,120D,1,0.0415651368168053,0.03364158544468923,High
2015-10-07,SARIMA,120D,1,0.0315197745996317,0.04204530777163724,High
2015-10-08,SARIMA,120D,1,0.029050953521673,0.031570322550561525,High
2015-10-09,SARIMA,120D,1,0.0251126249153031,0.02940517048665228,High
2015-10-12,SARIMA,120D,1,0.0136416620261755,0.025412630143304606,High
2015-10-13,SARIMA,120D,1,0.0309432836483158,0.013661507110320551,High
2015-10-14,SARIMA,120D,1,0.0236226405902501,0.03119180758555761,High
2015-10-15,SARIMA,120D,1,0.0116617918435115,0.023777078300737033,High
2015-10-16,SARIMA,120D,1,0.0043581845802106,0.011993609431833245,High
2015-10-19,SARIMA,120D,1,0.0137034295177276,0.004959559984384184,High
2015-10-20,SARIMA,120D,1,0.0251156003421791,0.013501626707921498,Normal
2015-10-21,SARIMA,120D,1,0.0311309616834458,0.025369985059982343,Normal
2015-10-22,SARIMA,120D,1,0.0136553450947057,0.03142874150099769,High
2015-10-23,SARIMA,120D,1,0.009205116739461,0.014050034088546368,High
2015-10-26,SARIMA,120D,1,0.0141997876434275,0.009251552901251275,Normal
2015-10-27,SARIMA,120D,1,0.0175184285577498,0.014134614818827825,Normal
2015-10-28,SARIMA,120D,1,0.0005403772123141,0.017541426989847113,Normal
2015-10-29,SARIMA,120D,1,0.0010381111725156,0.001330369643631129,Normal
2015-10-30,SARIMA,120D,1,0.0040459032401782,0.0015120518716352574,Normal
2015-11-02,SARIMA,120D,1,-0.0058869729243995,0.0042570943492007615,Normal
2015-11-03,SARIMA,120D,1,-0.0069633317377203,-0.005519462208821192,Normal
2015-11-04,SARIMA,120D,1,-0.0126853008596348,-0.006092961198213773,Normal
2015-11-05,SARIMA,120D,1,-0.0166284603336937,-0.012165425723231628,Normal
2015-11-06,SARIMA,120D,1,-0.008501171856426,-0.01612293904029294,Normal
2015-11-09,SARIMA,120D,1,-0.0073443805883193,-0.007779279492663119,Normal
2015-11-10,SARIMA,120D,1,-0.0148084184472416,-0.006847597138394938,Normal
2015-11-11,SARIMA,120D,1,-0.0118141478184668,-0.014110857137173721,Normal
2015-11-12,SARIMA,120D,1,0.0054446260717184,-0.0111933213326815,Normal
2015-11-13,SARIMA,120D,1,0.0174684798114836,0.005570891251784015,Normal
2015-11-16,SARIMA,120D,1,0.0150815422532867,0.017619224573116984,Normal
2015-11-17,SARIMA,120D,1,0.0068142963936645,0.01546871217916167,Normal
2015-11-18,SARIMA,120D,1,-0.0093884127514719,0.007048082977344574,Normal
2015-11-19,SARIMA,120D,1,-0.0167791065842452,-0.009309466214095022,Normal
2015-11-20,SARIMA,120D,1,-0.0108330854747818,-0.01649122259530232,Normal
2015-11-23,SARIMA,120D,1,-0.0190533251852606,-0.010270097195467003,Normal
2015-11-24,SARIMA,120D,1,-0.0200694174438199,-0.01825038766178335,Normal
2015-11-25,SARIMA,120D,1,-0.0236538713515734,-0.019060121527670296,Normal
2015-11-27,SARIMA,120D,1,-0.0182458536882498,-0.02281087881430316,Normal
2015-11-30,SARIMA,120D,1,-0.0156816901167329,-0.017787258128175255,Normal
2015-12-01,SARIMA,120D,1,-0.0127169915294821,-0.01491227162861692,Normal
2015-12-02,SARIMA,120D,1,0.0052901307615502,-0.012154519697096883,Normal
2015-12-03,SARIMA,120D,1,0.0195574911557718,0.00570258367882483,Normal
2015-12-04,SARIMA,120D,1,0.0035173297313601,0.019585050203897635,Normal
2015-12-07,SARIMA,120D,1,0.0095256050711679,0.003801403441089767,Normal
2015-12-08,SARIMA,120D,1,0.0171710563506887,0.009728367539746052,Normal
2015-12-09,SARIMA,120D,1,0.0277608388833675,0.016918795489219138,Normal
2015-12-10,SARIMA,120D,1,0.0225959200680782,0.02746898445648105,Normal
2015-12-11,SARIMA,120D,1,0.0470951163432571,0.023094264656878947,High
2015-12-14,SARIMA,120D,1,0.0436394439083865,0.04677549611574572,Normal
2015-12-15,SARIMA,120D,1,0.0363809657744268,0.04331926581186778,Normal
2015-12-16,SARIMA,120D,1,0.0202510945257618,0.03607300071956577,High
2015-12-17,SARIMA,120D,1,0.0261883387514721,0.020511619995319315,Normal
2015-12-18,SARIMA,120D,1,0.0359975349688694,0.02566252265750643,High
2015-12-21,SARIMA,120D,1,0.0264487231697412,0.03602540129768292,High
2015-12-22,SARIMA,120D,1,0.0158282185143621,0.026682250598986258,High
2015-12-23,SARIMA,120D,1,0.0066147150978537,0.01640377870306882,High
2015-12-24,SARIMA,120D,1,0.0049513463571084,0.0067696381636224885,High
2015-12-28,SARIMA,120D,1,0.0129236655918372,0.005030511960530372,High
2015-12-29,SARIMA,120D,1,0.0050583920230241,0.01337436585815941,High
2015-12-30,SARIMA,120D,1,0.0106488618102269,0.005630546638714689,High
2015-12-31,SARIMA,120D,1,0.0333809139236497,0.011124045619295562,High
2016-01-04,SARIMA,120D,1,0.0122221629158731,0.03340784092338585,High
2016-01-05,SARIMA,120D,1,-0.0080502877351894,0.012266053526078697,High
2016-01-06,SARIMA,120D,1,0.0227659968715243,-0.007386278114375748,High
2016-01-07,SARIMA,120D,1,0.063641056362123,0.022743089447687447,High
2016-01-08,SARIMA,120D,1,0.088012456957437,0.06271952945194992,High
2016-01-11,SARIMA,120D,1,0.0891062549546465,0.08785890014501799,High
2016-01-12,SARIMA,120D,1,0.0744627118512731,0.08892438817121791,High
2016-01-13,SARIMA,120D,1,0.1050837739874581,0.07322323576425416,High
2016-01-14,SARIMA,120D,1,0.0876537551663411,0.10323083601010462,High
2016-01-15,SARIMA,120D,1,0.124627714430496,0.08639412363564927,High
2016-01-19,SARIMA,120D,1,0.1274988535550655,0.12348812932323167,High
2016-01-20,SARIMA,120D,1,0.1462464618883094,0.12670586934695505,High
2016-01-21,SARIMA,120D,1,0.141199231927343,0.14414122443353028,High
2016-01-22,SARIMA,120D,1,0.1263639278468265,0.14030746753532708,High
2016-01-25,SARIMA,120D,1,0.1411960939597767,0.12433578804221546,High
2016-01-26,SARIMA,120D,1,0.1295303179512776,0.13980757119876563,High
2016-01-27,SARIMA,120D,1,0.1390170357513906,0.12789445813648287,High
2016-01-28,SARIMA,120D,1,0.1377648933495631,0.13783964704048685,High
2016-01-29,SARIMA,120D,1,0.1096871724984815,0.1368405554001913,High
2016-02-01,SARIMA,120D,1,0.1146741341335336,0.10838049275997064,High
2016-02-02,SARIMA,120D,1,0.1305790841118354,0.11394553847101722,High
2016-02-03,SARIMA,120D,1,0.1259221962509806,0.12915435136159858,High
2016-02-04,SARIMA,120D,1,0.1231973670116485,0.12480954114939485,High
2016-02-05,SARIMA,120D,1,0.1434564457360928,0.12276630170565092,High
2016-02-08,SARIMA,120D,1,0.1593414837768079,0.1419943243626909,High
2016-02-09,SARIMA,120D,1,0.158734730276077,0.15742634498778085,High
2016-02-10,SARIMA,120D,1,0.1525417575941703,0.1573197332129601,High
2016-02-11,SARIMA,120D,1,0.1680482476394977,0.1511544078284297,High
2016-02-12,SARIMA,120D,1,0.1489307817319408,0.1659225957816179,High
2016-02-16,SARIMA,120D,1,0.141115741279636,0.1471307370699872,High
2016-02-17,SARIMA,120D,1,0.123862053362453,0.1398024091938897,High
2016-02-18,SARIMA,120D,1,0.1289284034729436,0.12288762613667877,High
2016-02-19,SARIMA,120D,1,0.1260856396912573,0.1273709196200605,High
2016-02-22,SARIMA,120D,1,0.1164583236946248,0.12539504592282458,High
2016-02-23,SARIMA,120D,1,0.1281945378784992,0.11561329532130732,High
2016-02-24,SARIMA,120D,1,0.1265535941383889,0.12744165442592698,High
2016-02-25,SARIMA,120D,1,0.1097750851914601,0.12528493089203124,High
2016-02-26,SARIMA,120D,1,0.1135137965271801,0.10889430674708138,High
2016-02-29,SARIMA,120D,1,0.1238651293151345,0.11275388112805923,High
2016-03-01,SARIMA,120D,1,0.0988354343447477,0.12246891204914656,High
2016-03-02,SARIMA,120D,1,0.0941860026003227,0.09805485538846383,High
2016-03-03,SARIMA,120D,1,0.0926432354583673,0.09382702308772195,High
2016-03-04,SARIMA,120D,1,0.0840887403327538,0.09181080397328154,High
2016-03-07,SARIMA,120D,1,0.0818379571352444,0.0831961684194483,High
2016-03-08,SARIMA,120D,1,0.0915616489525374,0.08182508105280087,High
2016-03-09,SARIMA,120D,1,0.0917364045983975,0.09094806474250501,High
2016-03-10,SARIMA,120D,1,0.0896250203941523,0.0910469156062633,High
2016-03-11,SARIMA,120D,1,0.0709837836997382,0.08913054161662051,Normal
2016-03-14,SARIMA,120D,1,0.0722041669269385,0.07055915530099743,Normal
2016-03-15,SARIMA,120D,1,0.0782350394602912,0.07147604274754318,Normal
2016-03-16,SARIMA,120D,1,0.0756275539485165,0.07766403545910885,Normal
2016-03-17,SARIMA,120D,1,0.0689075749416268,0.07514258054718309,Normal
2016-03-18,SARIMA,120D,1,0.0622861194981306,0.06890245272869072,Normal
2016-03-21,SARIMA,120D,1,0.0364732851830017,0.06188386039804641,Normal
2016-03-22,SARIMA,120D,1,0.0519214453132084,0.03625882961852904,Normal
2016-03-23,SARIMA,120D,1,0.0433862065656645,0.05173202298221489,Normal
2016-03-24,SARIMA,120D,1,0.0431764989452286,0.043397738058745035,Normal
2016-03-28,SARIMA,120D,1,0.052689908506596,0.043190039127001374,Normal
2016-03-29,SARIMA,120D,1,0.0401324686567868,0.05305745979356568,Normal
2016-03-30,SARIMA,120D,1,0.0357729854293958,0.03965717620762285,Low
2016-03-31,SARIMA,120D,1,0.0381139212732507,0.03592503075009929,Low
2016-04-01,SARIMA,120D,1,0.0426609625402868,0.03803933572322592,Low
2016-04-04,SARIMA,120D,1,0.0523531945037834,0.042297524345181796,Low
2016-04-05,SARIMA,120D,1,0.0567961999558592,0.052406724430231005,Low
2016-04-06,SARIMA,120D,1,0.03771855190593,0.05660253317125333,Low
2016-04-07,SARIMA,120D,1,0.056190121041233,0.037589087941638726,Normal
2016-04-08,SARIMA,120D,1,0.0586899950402592,0.0557886749293453,Normal
2016-04-11,SARIMA,120D,1,0.0520684131997818,0.05813326110567281,Low
2016-04-12,SARIMA,120D,1,0.0503890519064194,0.051714048713744416,Low
2016-04-13,SARIMA,120D,1,0.0371329589563343,0.05062234912220673,Low
2016-04-14,SARIMA,120D,1,0.03199216473984,0.036619544483772935,Low
2016-04-15,SARIMA,120D,1,0.0372644205471829,0.031920588278911845,Low
2016-04-18,SARIMA,120D,1,0.0312261387859896,0.03735063341961059,Low
2016-04-19,SARIMA,120D,1,0.0248876134415088,0.03126589949295159,Low
2016-04-20,SARIMA,120D,1,0.0287216887095988,0.025282753523997642,Low
2016-04-21,SARIMA,120D,1,0.0214046738691347,0.028879015926983036,Low
2016-04-22,SARIMA,120D,1,0.0225027474959928,0.021397838450652587,Low
2016-04-25,SARIMA,120D,1,0.0212123607045218,0.022755126409910426,Low
2016-04-26,SARIMA,120D,1,0.019542944689406,0.021488952673288715,Low
2016-04-27,SARIMA,120D,1,0.0148523324658188,0.01959490165531863,Low
2016-04-28,SARIMA,120D,1,0.0302674741330793,0.015228353179416603,Low
2016-04-29,SARIMA,120D,1,0.037532995518987,0.03026009524658656,Low
2016-05-02,SARIMA,120D,1,0.028376717690362,0.037497374304487574,Low
2016-05-03,SARIMA,120D,1,0.0370070719386031,0.028458664935295468,Low
2016-05-04,SARIMA,120D,1,0.047700249291503,0.0370607741071778,Low
2016-05-05,SARIMA,120D,1,0.0441343285195908,0.04714264079807931,Low
2016-05-06,SARIMA,120D,1,0.039222790044851,0.04381158321079959,Low
2016-05-09,SARIMA,120D,1,0.0354783808312324,0.03935326791304408,Low
2016-05-10,SARIMA,120D,1,0.01995887545557,0.035225277029007684,Low
2016-05-11,SARIMA,120D,1,0.02944411444924,0.01983649934226295,Low
2016-05-12,SARIMA,120D,1,0.0228035746084694,0.029551795156928903,Low
2016-05-13,SARIMA,120D,1,0.0247711243167678,0.02302317986070769,Low
2016-05-16,SARIMA,120D,1,0.0105889349045457,0.024940677487611664,Low
2016-05-17,SARIMA,120D,1,0.0183772781850155,0.011211798944448282,Low
2016-05-18,SARIMA,120D,1,0.0401523202280791,0.01830765701200571,Low
2016-05-19,SARIMA,120D,1,0.0476307931479571,0.040213268440037676,Low
2016-05-20,SARIMA,120D,1,0.0526454538048088,0.047397118250622115,Low
2016-05-23,SARIMA,120D,1,0.0566819360890057,0.05274281893391075,Low
2016-05-24,SARIMA,120D,1,0.0416943702072181,0.056204117140828846,Normal
2016-05-25,SARIMA,120D,1,0.0346283310984513,0.04105272781495145,Normal
2016-05-26,SARIMA,120D,1,0.0422917521704694,0.034409766242229446,Normal
2016-05-27,SARIMA,120D,1,0.0364305407086539,0.04204025221189786,Normal
2016-05-31,SARIMA,120D,1,0.0421017786904416,0.03627043021331729,Normal
2016-06-01,SARIMA,120D,1,0.0385777286709671,0.04233391914648074,Low
2016-06-02,SARIMA,120D,1,0.0431907345748545,0.03866405285003681,Low
2016-06-03,SARIMA,120D,1,0.0482698879151424,0.04286824942200596,Low
2016-06-06,SARIMA,120D,1,0.0441922575526877,0.04821253756579475,Low
2016-06-07,SARIMA,120D,1,0.0468103875369139,0.043905645361038206,Low
2016-06-08,SARIMA,120D,1,0.0382378963102239,0.0467137600907032,Low
2016-06-09,SARIMA,120D,1,0.0412915342613796,0.03804652821139616,Low
2016-06-10,SARIMA,120D,1,0.0478521361163893,0.041051542263410165,Low
2016-06-13,SARIMA,120D,1,0.0524787119393349,0.04775485158265062,Low
2016-06-14,SARIMA,120D,1,0.0546761447313915,0.052165991890640334,Low
2016-06-15,SARIMA,120D,1,0.0623229807219455,0.054607524541243596,Low
2016-06-16,SARIMA,120D,1,0.0625999720797743,0.061885276691155816,Low
2016-06-17,SARIMA,120D,1,0.0789406149691067,0.062073272173655186,Low
2016-06-20,SARIMA,120D,1,0.0753062472075547,0.0782660461933318,Low
2016-06-21,SARIMA,120D,1,0.0785192751363147,0.07473201381476191,Low
2016-06-22,SARIMA,120D,1,0.079034121842291,0.07777464978322143,Low
2016-06-23,SARIMA,120D,1,0.0722770379715729,0.0784595632495288,Low
2016-06-24,SARIMA,120D,1,0.100707535315297,0.07139343930859368,Normal
2016-06-27,SARIMA,120D,1,0.1228454895145533,0.0999671633746639,Normal
2016-06-28,SARIMA,120D,1,0.1034792111594852,0.1216792812065959,High
2016-06-29,SARIMA,120D,1,0.0885631409034424,0.10260586204087992,High
2016-06-30,SARIMA,120D,1,0.0787201901551292,0.08804158467173157,High
2016-07-01,SARIMA,120D,1,0.0743130981374196,0.07746527877175866,High
2016-07-05,SARIMA,120D,1,0.0793194159006217,0.07325432408717633,High
2016-07-06,SARIMA,120D,1,0.0752316613774247,0.07919951092288821,High
2016-07-07,SARIMA,120D,1,0.0783494681687065,0.0750578345300899,High
2016-07-08,SARIMA,120D,2,0.0548196408929428,0.07801944266944998,High
2016-07-11,SARIMA,120D,2,0.051123473849076,0.054657624198085786,High
2016-07-12,SARIMA,120D,2,0.0394907968448761,0.05080498652210785,High
2016-07-13,SARIMA,120D,2,0.0478068049230514,0.039505537917806935,High
2016-07-14,SARIMA,120D,2,0.0482673458919038,0.047568349175917846,High
2016-07-15,SARIMA,120D,2,0.0484257573492938,0.04859414707624532,High
2016-07-18,SARIMA,120D,2,0.0495570847080042,0.048331286922644136,High
2016-07-19,SARIMA,120D,2,0.04743838373686,0.04962023691086452,High
2016-07-20,SARIMA,120D,2,0.043177175421096,0.047102035832192676,High
2016-07-21,SARIMA,120D,2,0.0496218876667229,0.04305826852462227,High
2016-07-22,SARIMA,120D,2,0.0429311484834829,0.04943208396764995,High
2016-07-25,SARIMA,120D,2,0.0477952986185594,0.04280064373021994,Normal
2016-07-26,SARIMA,120D,2,0.0445006520016216,0.047675903369740535,Normal
2016-07-27,SARIMA,120D,2,0.0474621134182397,0.04446725342679672,Low
2016-07-28,SARIMA,120D,2,0.0422413553458279,0.04716467158269599,Low
2016-07-29,SARIMA,120D,2,0.04397195928947,0.042286591987171024,Low
2016-08-01,SARIMA,120D,2,0.0425488037908914,0.04375032286243281,Low
2016-08-02,SARIMA,120D,2,0.0554738851325214,0.04251797980213655,Low
2016-08-03,SARIMA,120D,2,0.0603388952124188,0.0551547723628911,Low
2016-08-04,SARIMA,120D,2,0.0593906909776669,0.06013620429170541,Low
2016-08-05,SARIMA,120D,2,0.0499571541985452,0.059051605992881326,Low
2016-08-08,SARIMA,120D,2,0.0448370579939901,0.049798359727234114,Low
2016-08-09,SARIMA,120D,2,0.0435570383994015,0.044432245825446366,Low
2016-08-10,SARIMA,120D,2,0.046724154451006,0.04333713238879655,Low
2016-08-11,SARIMA,120D,2,0.0425708861872533,0.046589721016742275,Low
2016-08-12,SARIMA,120D,2,0.050605746428721,0.04266849227049328,Low
2016-08-15,SARIMA,120D,2,0.0456991326204902,0.05051693534205885,Low
2016-08-16,SARIMA,120D,2,0.0514200783008143,0.04558809047264734,Low
2016-08-17,SARIMA,120D,2,0.0502463144432683,0.051145393824566024,Low
2016-08-18,SARIMA,120D,2,0.053785176482846,0.05014190551460304,Low
2016-08-19,SARIMA,120D,2,0.0587861928736235,0.053377982002195165,Low
2016-08-22,SARIMA,120D,2,0.0645818083409579,0.058594569086119055,Low
2016-08-23,SARIMA,120D,2,0.0666312683582688,0.06409401234760868,Low
2016-08-24,SARIMA,120D,2,0.0768652122836752,0.06626532083805103,Low
2016-08-25,SARIMA,120D,2,0.0773668810787704,0.07627579884806174,Low
2016-08-26,SARIMA,120D,2,0.0806240946447208,0.07673918114793678,Low
2016-08-29,SARIMA,120D,2,0.0814395162361157,0.07993901765466777,Low
2016-08-30,SARIMA,120D,2,0.0823123214964343,0.08082352706933019,Low
2016-08-31,SARIMA,120D,2,0.0851099115732561,0.08150978874837045,Low
2016-09-01,SARIMA,120D,2,0.0866435471946991,0.08447996277936254,Low
2016-09-02,SARIMA,120D,2,0.0834687708633984,0.08593597907222464,Low
2016-09-06,SARIMA,120D,2,0.0779098223781981,0.08285079959188478,Low
2016-09-07,SARIMA,120D,2,0.0916374294002167,0.0773570510035167,Low
2016-09-08,SARIMA,120D,2,0.0879858006205819,0.09087858190453117,Low
2016-09-09,SARIMA,120D,2,0.1133172933999531,0.08729712057071096,Low
2016-09-12,SARIMA,120D,2,0.0954642834029529,0.11242553948489883,Normal
2016-09-13,SARIMA,120D,2,0.1074884057790739,0.09483850632294025,Normal
2016-09-14,SARIMA,120D,2,0.105789427214823,0.10630622566231474,Normal
2016-09-15,SARIMA,120D,2,0.0965304863781493,0.10499686118086368,Normal
2016-09-16,SARIMA,120D,2,0.1035732538795801,0.09522818036024042,Normal
2016-09-19,SARIMA,120D,2,0.1039584227325743,0.10310629369424734,Normal
2016-09-20,SARIMA,120D,2,0.1002745802674493,0.10285058497471014,Normal
2016-09-21,SARIMA,120D,2,0.0977564590584997,0.09950216665668207,Normal
2016-09-22,SARIMA,120D,2,0.089649672341674,0.09717682717745552,Normal
2016-09-23,SARIMA,120D,2,0.0940877860371614,0.08881994086763573,Normal
2016-09-26,SARIMA,120D,2,0.1007007200746971,0.09334584215483549,Normal
2016-09-27,SARIMA,120D,2,0.0817916303192969,0.09996668002923997,Normal
2016-09-28,SARIMA,120D,2,0.078397156563117,0.08126021465300923,Normal
2016-09-29,SARIMA,120D,2,0.0867014521483683,0.07802695551769627,Normal
2016-09-30,SARIMA,120D,2,0.0779207073464022,0.08596470174585094,Normal
2016-10-03,SARIMA,120D,2,0.0801666229420837,0.07724143001579142,Normal
2016-10-04,SARIMA,120D,2,0.0923598135580695,0.08000615700239103,Normal
2016-10-05,SARIMA,120D,2,0.0891570635307028,0.09172525698246159,Normal
2016-10-06,SARIMA,120D,2,0.0916064305898032,0.08831084096267888,Normal
2016-10-07,SARIMA,120D,2,0.0926076240931506,0.0910951760958594,Normal
2016-10-10,SARIMA,120D,2,0.086368818467813,0.0918501083554599,Normal
2016-10-11,SARIMA,120D,2,0.0994527622402301,0.08547215124077509,Low
2016-10-12,SARIMA,120D,2,0.095247293222309,0.09872634586604193,Low
2016-10-13,SARIMA,120D,2,0.1002790199282782,0.09445088003527045,Low
2016-10-14,SARIMA,120D,2,0.0992499633062122,0.09945271946788561,Low
2016-10-17,SARIMA,120D,2,0.1029800315538355,0.09859103636104094,Low
2016-10-18,SARIMA,120D,2,0.0954036176561787,0.10186352879361701,Low
2016-10-19,SARIMA,120D,2,0.0894470080818413,0.09474542625601795,Low
2016-10-20,SARIMA,120D,2,0.083985658923418,0.08866317199952482,Low
2016-10-21,SARIMA,120D,2,0.0926462697546798,0.08339600044408838,Low
2016-10-24,SARIMA,120D,2,0.0850000722614192,0.09185097181521995,Low
2016-10-25,SARIMA,120D,2,0.087087204329257,0.08453799633521752,Low
2016-10-26,SARIMA,120D,2,0.0963579826134181,0.08656731206484022,Low
2016-10-27,SARIMA,120D,2,0.0963094904123115,0.09571786122549118,Low
2016-10-28,SARIMA,120D,2,0.1102043671400483,0.0953684450668914,Low
2016-10-31,SARIMA,120D,2,0.1163988652359981,0.10944429726927388,Low
2016-11-01,SARIMA,120D,2,0.1227230628690458,0.11535772664179111,Low
2016-11-02,SARIMA,120D,2,0.1298227143227991,0.12145148747112319,Low
2016-11-03,SARIMA,120D,2,0.1323409478739185,0.1286635388642994,Low
2016-11-04,SARIMA,120D,2,0.1357392599725053,0.13085251752033958,Low
2016-11-07,SARIMA,120D,2,0.1149474038288517,0.13437168753466452,Normal
2016-11-08,SARIMA,120D,2,0.1099103560358668,0.11382470840306805,Low
2016-11-09,SARIMA,120D,2,0.0994761694440803,0.10882978520264333,Low
2016-11-10,SARIMA,120D,2,0.1016076831354634,0.09861712691482241,Low
2016-11-11,SARIMA,120D,2,0.1030440567551689,0.10070356330415237,Low
2016-11-14,SARIMA,120D,2,0.1021337916555589,0.10264071197004832,Low
2016-11-15,SARIMA,120D,2,0.0958107993509191,0.10140877198404899,Low
2016-11-16,SARIMA,120D,2,0.0952291644991884,0.09527864079576173,Low
2016-11-17,SARIMA,120D,2,0.0890841597971964,0.09443713303272933,Low
2016-11-18,SARIMA,120D,2,0.0962389534657599,0.08838015671874408,Low
2016-11-21,SARIMA,120D,2,0.0881181183579002,0.09549914402712775,Normal
2016-11-22,SARIMA,120D,2,0.0676095590831918,0.08759199571351184,Normal
2016-11-23,SARIMA,120D,2,0.0704818995534991,0.06720776850152128,Low
2016-11-25,SARIMA,120D,2,0.0733198571482759,0.07016515678433556,Low
2016-11-28,SARIMA,120D,2,0.0837351096990196,0.07268539857483415,Normal
2016-11-29,SARIMA,120D,2,0.0842368925181381,0.0833016090483561,Low
2016-11-30,SARIMA,120D,2,0.0893798568778708,0.08406517570199035,Low
2016-12-01,SARIMA,120D,2,0.0973336918866129,0.08865025031022837,Low
2016-12-02,SARIMA,120D,2,0.0972472659518307,0.09650873401660556,Low
2016-12-05,SARIMA,120D,2,0.0902374882955531,0.09626008489540644,Low
2016-12-06,SARIMA,120D,2,0.0863723292067272,0.08954430139747985,Low
2016-12-07,SARIMA,120D,2,0.0808375660468511,0.08562579741192677,Low
2016-12-08,SARIMA,120D,2,0.0823814256480261,0.08009577041076739,Low
2016-12-09,SARIMA,120D,2,0.0752415999746277,0.08179153699786726,Low
2016-12-12,SARIMA,120D,2,0.073596773599023,0.0748858281885979,Low
2016-12-13,SARIMA,120D,2,0.0686453191941336,0.07319507175333761,Low
2016-12-14,SARIMA,120D,2,0.0770627836916571,0.06833978127812887,Low
2016-12-15,SARIMA,120D,2,0.072356742137916,0.07650592755281402,Low
2016-12-16,SARIMA,120D,2,0.0731296564091782,0.07204216591366361,Low
2016-12-19,SARIMA,120D,2,0.0756578425371972,0.0726897852061702,Low
2016-12-20,SARIMA,120D,2,0.0710306031707268,0.07525901215740606,Low
2016-12-21,SARIMA,120D,2,0.071248879098564,0.07040175992366654,Low
2016-12-22,SARIMA,120D,2,0.0733971894710203,0.07089674794432704,Low
2016-12-23,SARIMA,120D,2,0.0804588401428351,0.07290299346261964,Low
2016-12-27,SARIMA,120D,2,0.0714938307913548,0.07984214085980237,Low
2016-12-28,SARIMA,120D,2,0.0793026573078545,0.07113743415748641,Low
2016-12-29,SARIMA,120D,2,0.0791401190672848,0.0787499045537047,Low
2016-12-30,SARIMA,120D,2,0.0853476523195481,0.07854786033052462,Low
2017-01-03,SARIMA,120D,2,0.0772126375061235,0.08457503664000449,Low
2017-01-04,SARIMA,120D,2,0.0634010871599011,0.07687949274867403,Low
2017-01-05,SARIMA,120D,2,0.0729415564089336,0.06287602875930857,Low
2017-01-06,SARIMA,120D,2,0.0607935503842131,0.0724711014922769,Low
2017-01-09,SARIMA,120D,2,0.0658805134666462,0.06033213188910311,Low
2017-01-10,SARIMA,120D,2,0.068188681445794,0.06566415760901195,Low
2017-01-11,SARIMA,120D,2,0.0668152630929806,0.06806850627445019,Low
2017-01-12,SARIMA,120D,2,0.059549388179844,0.0662142136961976,Low
2017-01-13,SARIMA,120D,2,0.0640839693543129,0.059498196451715016,Low
2017-01-17,SARIMA,120D,2,0.0679832199140441,0.06361185874884376,Low
2017-01-18,SARIMA,120D,2,0.0654380323781526,0.06752266111137172,Low
2017-01-19,SARIMA,120D,2,0.0763329209502931,0.06508636000075207,Low
2017-01-20,SARIMA,120D,2,0.0748451663624665,0.07597738479494359,Low
2017-01-23,SARIMA,120D,2,0.0822015321785455,0.07425621926939803,Low
2017-01-24,SARIMA,120D,2,0.0756054774128763,0.0815368588492234,Low
2017-01-25,SARIMA,120D,2,0.0682091033150185,0.07515710490644073,Low
2017-01-26,SARIMA,120D,2,0.0743030164663353,0.06756176917628952,Low
2017-01-27,SARIMA,120D,2,0.0750161848674697,0.07384542933950383,Low
2017-01-30,SARIMA,120D,2,0.0806759190343575,0.0743607285231544,Low
2017-01-31,SARIMA,120D,2,0.0805019196469813,0.08024999551079613,Low
2017-02-01,SARIMA,120D,2,0.083122508178763,0.08009694458849957,Low
2017-02-02,SARIMA,120D,2,0.0828349853461913,0.08239865899946348,Low
2017-02-03,SARIMA,120D,2,0.0746233268542439,0.08222843052896783,Low
2017-02-06,SARIMA,120D,2,0.075398908689837,0.07400892807286952,Low
2017-02-07,SARIMA,120D,2,0.0744436943914314,0.07489888786555579,Low
2017-02-08,SARIMA,120D,2,0.0761967330177601,0.07389522674061819,Low
2017-02-09,SARIMA,120D,2,0.0709531966891476,0.07568895383077952,Low
2017-02-10,SARIMA,120D,2,0.0652074480321926,0.07067831980237016,Low
2017-02-13,SARIMA,120D,2,0.0618626358657208,0.0648107902372911,Low
2017-02-14,SARIMA,120D,2,0.0595091533143285,0.06154300088502371,Low
2017-02-15,SARIMA,120D,2,0.0521119124182087,0.05915988660888599,Low
2017-02-16,SARIMA,120D,2,0.0526127292270466,0.052000946071072654,Low
2017-02-17,SARIMA,120D,2,0.0363553614990677,0.05250787963830852,Low
2017-02-21,SARIMA,120D,2,0.0316002686069859,0.036395382953140404,Low
2017-02-22,SARIMA,120D,2,0.0426767059998393,0.03167689040581485,Low
2017-02-23,SARIMA,120D,2,0.0417588747016968,0.04272933544255998,Low
2017-02-24,SARIMA,120D,2,0.0416857199929973,0.04165499943335091,Low
2017-02-27,SARIMA,120D,2,0.0251109122380723,0.04194204832425056,Low
2017-02-28,SARIMA,120D,2,0.0258555646919152,0.02532340043670839,Low
2017-03-01,SARIMA,120D,2,0.013436329322756,0.02572076964472747,Low
2017-03-02,SARIMA,120D,2,0.0292051415554865,0.013704838942484088,Low
2017-03-03,SARIMA,120D,2,0.0252418210543125,0.02926673344328211,Low
2017-03-06,SARIMA,120D,2,0.0264478270707399,0.025704896780007175,Low
2017-03-07,SARIMA,120D,2,0.0310369246417673,0.026529212723811146,Low
2017-03-08,SARIMA,120D,2,0.0338107060791273,0.03134546430215075,Low
2017-03-09,SARIMA,120D,2,0.0338535972283708,0.03348456646337774,Low
2017-03-10,SARIMA,120D,2,0.0351947893105732,0.033946133936161846,Low
2017-03-13,SARIMA,120D,2,0.040532897276117,0.035161387288753065,Low
2017-03-14,SARIMA,120D,2,0.0458982242993432,0.040362626379794805,Low
2017-03-15,SARIMA,120D,2,0.029978886622512,0.04570139178253244,Low
2017-03-16,SARIMA,120D,2,0.0347307639148396,0.030030757520124667,Low
2017-03-17,SARIMA,120D,2,0.0358674911342175,0.034697810530211974,Low
2017-03-20,SARIMA,120D,2,0.0363894470711402,0.03573483382606365,Low
2017-03-21,SARIMA,120D,2,0.0596560168583893,0.03624857612173049,Low
2017-03-22,SARIMA,120D,2,0.0611262166058098,0.05969139403002169,Low
2017-03-23,SARIMA,120D,2,0.0629438829987224,0.06070467440881917,Low
2017-03-24,SARIMA,120D,2,0.062686911361833,0.06257687213668442,Low
2017-03-27,SARIMA,120D,2,0.0655524964938378,0.06233587533371205,Low
2017-03-28,SARIMA,120D,2,0.0597820495933434,0.06467911216992542,Low
2017-03-29,SARIMA,120D,2,0.0598068930062445,0.059439380630916916,Low
2017-03-30,SARIMA,120D,2,0.057510228796849,0.059456095179777485,Low
2017-03-31,SARIMA,120D,2,0.0567172567882009,0.057230995927927505,Low
2017-04-03,SARIMA,120D,2,0.0590083160913812,0.056380618692638024,Low
2017-04-04,SARIMA,120D,2,0.0562244273168662,0.05882871497599865,Low
2017-04-05,SARIMA,120D,2,0.0593561282542834,0.055955376795947226,Low
2017-04-06,SARIMA,120D,2,0.0615053003625362,0.0590993239330051,Low
2017-04-07,SARIMA,120D,2,0.063536663454419,0.061191068907250415,Low
2017-04-10,SARIMA,120D,2,0.0665474763871345,0.06313213294872762,Low
2017-04-11,SARIMA,120D,2,0.0718489035088052,0.06621511859486286,Low
2017-04-12,SARIMA,120D,2,0.077772452112453,0.07132682158805909,Low
2017-04-13,SARIMA,120D,2,0.0858564160633709,0.07719962847814182,Low
2017-04-17,SARIMA,120D,2,0.0829108544035563,0.0851886565521256,Low
2017-04-18,SARIMA,120D,2,0.0847442460841498,0.08225687506462334,Low
2017-04-19,SARIMA,120D,2,0.0846560076130049,0.08401838131135711,Low
2017-04-20,SARIMA,120D,2,0.0794468768805091,0.08391649322885682,Low
2017-04-21,SARIMA,120D,2,0.084288447917288,0.07872194624079559,Low
2017-04-24,SARIMA,120D,2,0.0718185342088248,0.08373997634757849,Low
2017-04-25,SARIMA,120D,2,0.0666240420019199,0.07131780244893456,Low
2017-04-26,SARIMA,120D,2,0.068859086009913,0.06622632823879442,Low
2017-04-27,SARIMA,120D,2,0.0689786719150479,0.06854444212846564,Low
2017-04-28,SARIMA,120D,2,0.0716357108978673,0.06844835093771973,Low
2017-05-01,SARIMA,120D,2,0.070232863185984,0.07144361595264873,Low
2017-05-02,SARIMA,120D,2,0.0741483157852029,0.06990473751439417,Low
2017-05-03,SARIMA,120D,2,0.0714400898680332,0.07361522737791135,Low
2017-05-04,SARIMA,120D,2,0.0724747574547217,0.07098426845059093,Low
2017-05-05,SARIMA,120D,2,0.0637204423599832,0.07195207452959225,Low
2017-05-08,SARIMA,120D,2,0.0649531363386776,0.06338910526494548,Low
2017-05-09,SARIMA,120D,2,0.0740195208751979,0.06449330737446718,Low
2017-05-10,SARIMA,120D,2,0.0696919807810075,0.07359207257420156,Low
2017-05-11,SARIMA,120D,2,0.0728011450917936,0.0692368238633276,Low
2017-05-12,SARIMA,120D,2,0.0758715245404917,0.0725184188080191,Low
2017-05-15,SARIMA,120D,2,0.0712963300071433,0.07534002495472752,Low
2017-05-16,SARIMA,120D,2,0.0750757523704437,0.07065133159404878,Low
2017-05-17,SARIMA,120D,2,0.0946916644263351,0.07467040868087907,Low
2017-05-18,SARIMA,120D,2,0.0908225049940373,0.09389276491934392,Low
2017-05-19,SARIMA,120D,2,0.085520415717897,0.09007002123549163,Low
2017-05-22,SARIMA,120D,2,0.0766045710825185,0.08499469773084387,Low
2017-05-23,SARIMA,120D,2,0.0738703389340843,0.07600770957270855,Low
2017-05-24,SARIMA,120D,2,0.0723674560408011,0.07296559798125987,Low
2017-05-25,SARIMA,120D,2,0.0656230634385411,0.07197943167456901,Low
2017-05-26,SARIMA,120D,2,0.0597715629111149,0.0653476211391315,Low
2017-05-30,SARIMA,120D,2,0.0691395664236211,0.05964514489752357,Low
2017-05-31,SARIMA,120D,2,0.0669702240646751,0.06877054502707203,Low
2017-06-01,SARIMA,120D,2,0.060702498368618,0.06660149983783444,Low
2017-06-02,SARIMA,120D,2,0.0635214626303244,0.0605217257900417,Low
2017-06-05,SARIMA,120D,2,0.0639893270674236,0.06328947853495222,Low
2017-06-06,SARIMA,120D,2,0.0688262200118597,0.06342678745793719,Low
2017-06-07,SARIMA,120D,2,0.0668748596287088,0.06845075789273153,Low
2017-06-08,SARIMA,120D,2,0.0764080227898377,0.06661125659678456,Low
2017-06-09,SARIMA,120D,2,0.0768690627732342,0.0758368429368077,Low
2017-06-12,SARIMA,120D,2,0.0860058919157635,0.07634206115309158,Low
2017-06-13,SARIMA,120D,2,0.079477950136728,0.08527552442799524,Low
2017-06-14,SARIMA,120D,2,0.0794215665527591,0.07897020051431462,Low
2017-06-15,SARIMA,120D,2,0.0779172858236442,0.07866865683620458,Low
2017-06-16,SARIMA,120D,2,0.0775195745030542,0.0773745509334913,Low
2017-06-19,SARIMA,120D,2,0.0721350583062694,0.07679539709435898,Low
2017-06-20,SARIMA,120D,2,0.0843454207887192,0.07180908300649902,Low
2017-06-21,SARIMA,120D,2,0.0881250771036869,0.08373593481521152,Low
2017-06-22,SARIMA,120D,2,0.0901286867982143,0.0875013520106363,Low
2017-06-23,SARIMA,120D,2,0.0880959192726552,0.08945759391885504,Low
2017-06-26,SARIMA,120D,2,0.0837009996021602,0.08755626207140273,Low
2017-06-27,SARIMA,120D,2,0.1007408995879757,0.08283801094482102,Low
2017-06-28,SARIMA,120D,2,0.0973198765210222,0.09985133244517863,Low
2017-06-29,SARIMA,120D,2,0.1027215953220452,0.09650844395136722,Low
2017-06-30,SARIMA,120D,2,0.1003613016375989,0.10193147043694106,Low
2017-07-03,SARIMA,120D,2,0.1000368206711096,0.09965066162953815,Low
2017-07-05,SARIMA,120D,2,0.0981263249967072,0.09887143352991873,Low
2017-07-06,SARIMA,120D,2,0.1064803366035148,0.0974183366693071,Low
2017-07-07,SARIMA,120D,2,0.1008882523441415,0.10548383664662567,Low
2017-07-10,SARIMA,120D,2,0.1017932352435483,0.10012389268663094,Low
2017-07-11,SARIMA,120D,2,0.0973795900168823,0.10097496635581132,Low
2017-07-12,SARIMA,120D,2,0.098369617287459,0.09664833443653345,Low
2017-07-13,SARIMA,120D,2,0.1028752210579219,0.09740681557034217,Low
2017-07-14,SARIMA,120D,2,0.1022331477432396,0.10215539563183251,Low
2017-07-17,SARIMA,120D,2,0.1092952078685318,0.10138309826789577,Low
2017-07-18,SARIMA,120D,2,0.1103584929377178,0.10847434817335116,Low
2017-07-19,SARIMA,120D,2,0.1063023182389626,0.10941011523028038,Low
2017-07-20,SARIMA,120D,2,0.1053431435160489,0.1053269036899365,Low
2017-07-21,SARIMA,120D,2,0.1127201086141397,0.10448848427862092,Low
2017-07-24,SARIMA,120D,2,0.1205113360086427,0.11161192960815106,Low
2017-07-25,SARIMA,120D,2,0.114061715227142,0.11943661119208576,Low
2017-07-26,SARIMA,120D,2,0.1231500974275248,0.11317384483891008,Low
2017-07-27,SARIMA,120D,2,0.1225055615674448,0.12208788967635759,Low
2017-07-28,SARIMA,120D,2,0.128223225232551,0.12127252073091516,Low
2017-07-31,SARIMA,120D,2,0.136986000449324,0.12691085867940638,Low
2017-08-01,SARIMA,120D,2,0.1367118846426079,0.13587204242173143,Low
2017-08-02,SARIMA,120D,2,0.1356592246880283,0.13526958806827502,Low
2017-08-03,SARIMA,120D,2,0.1384477059218071,0.13443597704816104,Low
2017-08-04,SARIMA,120D,2,0.1483320226103518,0.1370547295544159,Low
2017-08-07,SARIMA,120D,3,0.1399314416812084,0.1468024376262187,Low
2017-08-08,SARIMA,120D,3,0.1313901511062567,0.1386893855891141,Low
2017-08-09,SARIMA,120D,3,0.1322426917576639,0.1302662266347126,Low
2017-08-10,SARIMA,120D,3,0.1461746118063819,0.131028256527388,Low
2017-08-11,SARIMA,120D,3,0.1234631741616959,0.14464462504202277,Low
2017-08-14,SARIMA,120D,3,0.0716269819772651,0.12258497467269876,Low
2017-08-15,SARIMA,120D,3,0.0894164876530856,0.0713711786131723,Low
2017-08-16,SARIMA,120D,3,0.0829832539060009,0.08875379095426711,Low
2017-08-17,SARIMA,120D,3,0.0602815441473906,0.08212244151987734,Low
2017-08-18,SARIMA,120D,3,0.076944243008267,0.06045671161827444,Low
2017-08-21,SARIMA,120D,3,0.0896009329718869,0.07753793389141855,Low
2017-08-22,SARIMA,120D,3,0.0823187596915393,0.0885954934508629,Low
2017-08-23,SARIMA,120D,3,0.0990917696330754,0.08190400422761046,Low
2017-08-24,SARIMA,120D,3,0.1131652481569891,0.09882031829172608,Low
2017-08-25,SARIMA,120D,3,0.1118671761379732,0.11190565567051901,Low
2017-08-28,SARIMA,120D,3,0.1055217055578397,0.11070295886240775,Low
2017-08-29,SARIMA,120D,3,0.0991675743125192,0.10484838671699008,Low
2017-08-30,SARIMA,120D,3,0.0955361200100361,0.09806686326205125,Low
2017-08-31,SARIMA,120D,3,0.1057327246704436,0.09453112474261569,Low
2017-09-01,SARIMA,120D,3,0.1154405852487358,0.10492540394705281,Low
2017-09-05,SARIMA,120D,3,0.1102317323594131,0.11462391159328592,Low
2017-09-06,SARIMA,120D,3,0.095950083782613,0.10947886144120139,Low
2017-09-07,SARIMA,120D,3,0.0827145699725902,0.0953117429741087,Low
2017-09-08,SARIMA,120D,3,0.0892633156012466,0.08194453224009003,Low
2017-09-11,SARIMA,120D,3,0.089453958014626,0.08842299491371955,Low
2017-09-12,SARIMA,120D,3,0.0887310383517395,0.08892202265853152,Low
2017-09-13,SARIMA,120D,3,0.0874902122779407,0.08839944081377635,Low
2017-09-14,SARIMA,120D,3,0.0930446843376534,0.08715500525629694,Low
2017-09-15,SARIMA,120D,3,0.1084287535327017,0.0922313888939664,Low
2017-09-18,SARIMA,120D,3,0.1056990942655738,0.10756405292589999,Low
2017-09-19,SARIMA,120D,3,0.0982056042345278,0.10488602935257914,Low
2017-09-20,SARIMA,120D,3,0.0918304877070294,0.09749283390305782,Low
2017-09-21,SARIMA,120D,3,0.0940988172548478,0.09105132750025013,Low
2017-09-22,SARIMA,120D,3,0.0951532312069125,0.09308494350542092,Low
2017-09-25,SARIMA,120D,3,0.083071713365393,0.0945031380377111,Low
2017-09-26,SARIMA,120D,3,0.0844802579012169,0.08266617392302072,Low
2017-09-27,SARIMA,120D,3,0.0785577433735997,0.08403634330638746,Low
2017-09-28,SARIMA,120D,3,0.0518689657718073,0.07800454181248603,Low
2017-09-29,SARIMA,120D,3,0.0269808953915578,0.0516585256274526,Low
2017-10-02,SARIMA,120D,3,0.0499094172678808,0.027342302193980032,Low
2017-10-03,SARIMA,120D,3,0.030325620437898,0.04971763800811147,Low
2017-10-04,SARIMA,120D,3,0.0261587578773218,0.03052059164904767,Low
2017-10-05,SARIMA,120D,3,0.0342036313398726,0.026840691592066337,Low
2017-10-06,SARIMA,120D,3,0.0126871601616165,0.03475863141431311,Low
2017-10-09,SARIMA,120D,3,0.0270291853453714,0.012501023655628187,Low
2017-10-10,SARIMA,120D,3,0.0362095680613399,0.027558789477859724,Low
2017-10-11,SARIMA,120D,3,0.0412471065333276,0.03631115232200226,Low
2017-10-12,SARIMA,120D,3,0.0207712165966141,0.0410334293622137,Low
2017-10-13,SARIMA,120D,3,0.0232244895593608,0.02141984020228027,Low
2017-10-16,SARIMA,120D,3,0.038063866023369,0.02309665108978043,Low
2017-10-17,SARIMA,120D,3,0.0318508273454738,0.037864049206469415,Low
2017-10-18,SARIMA,120D,3,0.0393256665318013,0.03180966283085601,Low
2017-10-19,SARIMA,120D,3,0.0361069225900841,0.03972971490844069,Low
2017-10-20,SARIMA,120D,3,0.0390794632066169,0.03607316953923602,Low
2017-10-23,SARIMA,120D,3,0.0536649301334808,0.038749727261577493,Low
2017-10-24,SARIMA,120D,3,0.0528793496664756,0.053599642101672576,Low
2017-10-25,SARIMA,120D,3,0.051810723557903,0.052537679794162594,Low
2017-10-26,SARIMA,120D,3,0.0419674071189481,0.05170435643629635,Low
2017-10-27,SARIMA,120D,3,0.0339830272504056,0.04184912650673436,Low
2017-10-30,SARIMA,120D,3,0.0237097166206711,0.033715353337708615,Low
2017-10-31,SARIMA,120D,3,0.0246010779168154,0.02388336510217227,Low
2017-11-01,SARIMA,120D,3,0.0333903779962884,0.02477024786115331,Low
2017-11-02,SARIMA,120D,3,0.0343134354979856,0.03363930825382764,Low
2017-11-03,SARIMA,120D,3,0.02299995362275,0.034514816427943136,Low
2017-11-06,SARIMA,120D,3,0.024275311909001,0.02338610992165051,Low
2017-11-07,SARIMA,120D,3,0.0172324815126806,0.024414515359447456,Low
2017-11-08,SARIMA,120D,3,0.0135336499955562,0.01728957125927743,Low
2017-11-09,SARIMA,120D,3,0.0300324413632614,0.013797696146570018,Low
2017-11-10,SARIMA,120D,3,0.034382468894305,0.03035659352307512,Low
2017-11-13,SARIMA,120D,3,0.033133641371278,0.0343934190099546,Low
2017-11-14,SARIMA,120D,3,0.0450815698664288,0.03333373355881639,Low
2017-11-15,SARIMA,120D,3,0.0599495802124009,0.04507094251207399,Low
2017-11-16,SARIMA,120D,3,0.0534930667003897,0.05933888508572076,Low
2017-11-17,SARIMA,120D,3,0.0570055831894136,0.05321012803118881,Low
2017-11-20,SARIMA,120D,3,0.0488650582566329,0.056797237546552096,Low
2017-11-21,SARIMA,120D,3,0.0463975592243946,0.048476991590892485,Low
2017-11-22,SARIMA,120D,3,0.0462918631391141,0.04597460394898503,Low
2017-11-24,SARIMA,120D,3,0.0416022136063316,0.0463140241856491,Low
2017-11-27,SARIMA,120D,3,0.0493461497410682,0.04147260294916732,Low
2017-11-28,SARIMA,120D,3,0.0364051289513994,0.049368016875972254,Low
2017-11-29,SARIMA,120D,3,0.040017568041089,0.036464082542845354,Low
2017-11-30,SARIMA,120D,3,0.0298347184205552,0.03998454491755014,Low
2017-12-01,SARIMA,120D,3,0.0295012983021747,0.030019205551414203,Low
2017-12-04,SARIMA,120D,3,0.018922436339669,0.02942996375809116,Low
2017-12-05,SARIMA,120D,3,0.035284702217548,0.01940930534273071,Low
2017-12-06,SARIMA,120D,3,0.0284954811446442,0.035232504080056834,Low
2017-12-07,SARIMA,120D,3,0.0363582138437746,0.028812781394410018,Low
2017-12-08,SARIMA,120D,3,0.0353366067066089,0.03637769154629439,Low
2017-12-11,SARIMA,120D,3,0.0328421108544885,0.035583373075303806,Low
2017-12-12,SARIMA,120D,3,0.0398252877697111,0.03255577053143892,Low
2017-12-13,SARIMA,120D,3,0.0395839131178768,0.039937610925878775,Low
2017-12-14,SARIMA,120D,3,0.0467841097563907,0.03939328254235666,Low
2017-12-15,SARIMA,120D,3,0.0389179333531882,0.04669223379112132,Low
2017-12-18,SARIMA,120D,3,0.0353113220522946,0.03895090897417359,Low
2017-12-19,SARIMA,120D,3,0.0345125655540016,0.035188950113274685,Low
2017-12-20,SARIMA,120D,3,0.0378093021500779,0.034549594793131265,Low
2017-12-21,SARIMA,120D,3,0.0348079948219254,0.03765094034997065,Low
2017-12-22,SARIMA,120D,3,0.0331378752791525,0.03499980085593099,Low
2017-12-26,SARIMA,120D,3,0.0301653330278199,0.03326213513377149,Low
2017-12-27,SARIMA,120D,3,0.03108539494169,0.03026696267120428,Low
2017-12-28,SARIMA,120D,3,0.0228873470955503,0.031090307699528648,Low
2017-12-29,SARIMA,120D,3,0.0299441826434324,0.023121258158183722,Low
2018-01-02,SARIMA,120D,3,0.0078553814572638,0.030066860667459314,Low
2018-01-03,SARIMA,120D,3,0.0036790987190242,0.008268879616827072,Low
2018-01-04,SARIMA,120D,3,-0.0089830304494437,0.004061376637836692,Low
2018-01-05,SARIMA,120D,3,-0.0098324963189976,-0.008258805665439337,Low
2018-01-08,SARIMA,120D,3,-0.0107353441987777,-0.009416285757545467,Low
2018-01-09,SARIMA,120D,3,-0.0089741668817827,-0.009698416134823425,Low
2018-01-10,SARIMA,120D,3,-0.0128209503507957,-0.008328652589405808,Low
2018-01-11,SARIMA,120D,3,-0.0112461193741397,-0.011950472002008924,Low
2018-01-12,SARIMA,120D,3,-0.0095275281726538,-0.010639163818134727,Low
2018-01-16,SARIMA,120D,3,0.0027874758742903,-0.008939707417432115,Low
2018-01-17,SARIMA,120D,3,-0.0031162810133898,0.0031729423857697336,Low
2018-01-18,SARIMA,120D,3,-0.0086180698878327,-0.0025432401593441303,Low
2018-01-19,SARIMA,120D,3,-0.0042827262946508,-0.008092336570634191,Low
2018-01-22,SARIMA,120D,3,-0.0112384351402554,-0.0038120357303852923,Low
2018-01-23,SARIMA,120D,3,-0.0144391047293763,-0.010907740092170347,Low
2018-01-24,SARIMA,120D,3,-0.0099131478387008,-0.013690981544091776,Low
2018-01-25,SARIMA,120D,3,-0.0083574051607964,-0.00922588757632535,Low
2018-01-26,SARIMA,120D,3,-0.0240898701159302,-0.007893766370338812,Low
2018-01-29,SARIMA,120D,3,-0.0182840316023415,-0.023202964766505477,Low
2018-01-30,SARIMA,120D,3,-0.0054890264537729,-0.017543345574228854,Low
2018-01-31,SARIMA,120D,3,-0.0012083734264141,-0.005062094281297627,Low
2018-02-01,SARIMA,120D,3,0.0085003599959818,-0.0007712120750169651,Low
2018-02-02,SARIMA,120D,3,0.026900137763813,0.009184363325156066,Normal
2018-02-05,SARIMA,120D,3,0.0621588440573491,0.026916880591955294,High
2018-02-06,SARIMA,120D,3,0.0390974813928248,0.06160752866636093,High
2018-02-07,SARIMA,120D,3,0.0489844568358804,0.038996322098860746,High
2018-02-08,SARIMA,120D,3,0.086202616014111,0.048650550281113585,High
2018-02-09,SARIMA,120D,3,0.0762913203967954,0.08524061935676185,High
2018-02-12,SARIMA,120D,3,0.0671060867839572,0.07508891600693382,High
2018-02-13,SARIMA,120D,3,0.0680285474544814,0.0672283228456678,High
2018-02-14,SARIMA,120D,3,0.05753530939207,0.06745401924945763,High
2018-02-15,SARIMA,120D,3,0.0452760332219996,0.056509632984039,High
2018-02-16,SARIMA,120D,3,0.0434599188950381,0.045376241337696924,High
2018-02-20,SARIMA,120D,3,0.0421791237386308,0.043568994396941105,High
2018-02-21,SARIMA,120D,3,0.0436767505559615,0.04209360149789877,High
2018-02-22,SARIMA,120D,3,0.0490726030868008,0.04381276241645987,High
2018-02-23,SARIMA,120D,3,0.025540116260301,0.04918404284214371,High
2018-02-26,SARIMA,120D,3,0.0217398921923116,0.025715692097636376,High
2018-02-27,SARIMA,120D,3,0.0378458100090423,0.02194994509759364,High
2018-02-28,SARIMA,120D,3,0.0514286909948266,0.03780605422934663,High
2018-03-01,SARIMA,120D,3,0.0669090568043301,0.05114497689754656,High
2018-03-02,SARIMA,120D,3,0.061452040264888,0.06704679877739654,High
2018-03-05,SARIMA,120D,3,0.0487877287308265,0.06124650032757118,High
2018-03-06,SARIMA,120D,3,0.0523320517271149,0.048316160270836836,High
2018-03-07,SARIMA,120D,3,0.0604571849599417,0.05186720151152843,High
2018-03-08,SARIMA,120D,3,0.0562732788286555,0.05985234751575862,High
2018-03-09,SARIMA,120D,3,0.0447289745563593,0.056153848471745316,Normal
2018-03-12,SARIMA,120D,3,0.0415635998498997,0.04489966686194621,Normal
2018-03-13,SARIMA,120D,3,0.0480819787315196,0.041434957655002505,Normal
2018-03-14,SARIMA,120D,3,0.0521672565078288,0.04777867472066728,Normal
2018-03-15,SARIMA,120D,3,0.0501424301056594,0.05207161862028616,Normal
2018-03-16,SARIMA,120D,3,0.0447814411218096,0.05022643789284067,Normal
2018-03-19,SARIMA,120D,3,0.0568716837681685,0.04475631842869633,Normal
2018-03-20,SARIMA,120D,3,0.0572870033211427,0.056500114211700356,Normal
2018-03-21,SARIMA,120D,3,0.0628655611364876,0.05695992577921957,Normal
2018-03-22,SARIMA,120D,3,0.0887070564592358,0.0625992677406002,High
2018-03-23,SARIMA,120D,3,0.1151652159303776,0.08820353170665043,High
2018-03-26,SARIMA,120D,3,0.0886456191251086,0.11398164922265347,High
2018-03-27,SARIMA,120D,3,0.1004876137788812,0.08801990678164293,High
2018-03-28,SARIMA,120D,3,0.1087631855459692,0.09961239576897649,High
2018-03-29,SARIMA,120D,3,0.0963398960852977,0.10736272249946395,High
2018-04-02,SARIMA,120D,3,0.1267405926141228,0.09506798572070924,High
2018-04-03,SARIMA,120D,3,0.1138360303613745,0.1262119458285125,High
2018-04-04,SARIMA,120D,3,0.098814045700914,0.1126625394848864,High
2018-04-05,SARIMA,120D,3,0.0906686758061449,0.09789135359646442,High
2018-04-06,SARIMA,120D,3,0.1095380431820499,0.09027536452597909,High
2018-04-09,SARIMA,120D,3,0.1089665244429683,0.10802429286189912,High
2018-04-10,SARIMA,120D,3,0.092371055302516,0.10836090256391412,High
2018-04-11,SARIMA,120D,3,0.1015462334171757,0.09201074473799471,High
2018-04-12,SARIMA,120D,3,0.0929325658092397,0.1009360748686008,High
2018-04-13,SARIMA,120D,3,0.0965346323726646,0.09186002357143913,High
2018-04-16,SARIMA,120D,3,0.0802552601500917,0.09582251356519669,High
2018-04-17,SARIMA,120D,3,0.064106873951603,0.08007348520618764,High
2018-04-18,SARIMA,120D,3,0.0628806588357001,0.06358067408379808,High
2018-04-19,SARIMA,120D,3,0.0672043307973784,0.06274013383103,High
2018-04-20,SARIMA,120D,3,0.0423611189431291,0.06675807378081852,High
2018-04-23,SARIMA,120D,3,0.0215173088594031,0.04262711722381023,High
2018-04-24,SARIMA,120D,3,0.0490944322742546,0.022032866473117876,High
2018-04-25,SARIMA,120D,3,0.0413365757501307,0.04897239979626641,High
2018-04-26,SARIMA,120D,3,0.0522242595976549,0.04119075704001468,High
2018-04-27,SARIMA,120D,3,0.0508585600636261,0.052559868234117305,High
2018-04-30,SARIMA,120D,3,0.0445832620372062,0.05113270118349704,Normal
2018-05-01,SARIMA,120D,3,0.0416762247308995,0.043921056615087356,Normal
2018-05-02,SARIMA,120D,3,0.044599378835824,0.041783382610339176,Normal
2018-05-03,SARIMA,120D,3,0.041328520240194,0.044282316975969446,Normal
2018-05-04,SARIMA,120D,3,-0.0027520636492819,0.04130487369869302,Normal
2018-05-07,SARIMA,120D,3,0.0122496737744422,-0.0021473451576975375,Normal
2018-05-08,SARIMA,120D,3,-0.004963787623827,0.012606602316022002,Normal
2018-05-09,SARIMA,120D,3,-0.0211806438538897,-0.004523496895672399,Normal
2018-05-10,SARIMA,120D,3,-0.0149623324858607,-0.020417944946077973,Normal
2018-05-11,SARIMA,120D,3,-0.0058755930022508,-0.013416329893021037,Normal
2018-05-14,SARIMA,120D,3,0.0037438063561517,-0.005666851371533881,Normal
2018-05-15,SARIMA,120D,3,0.0042727403442628,0.004510390988904385,Normal
2018-05-16,SARIMA,120D,3,0.0058050941939425,0.005016410953595951,Normal
2018-05-17,SARIMA,120D,3,0.0129011207269614,0.00606368390210163,Normal
2018-05-18,SARIMA,120D,3,0.0365238645422855,0.013013441396326163,Normal
2018-05-21,SARIMA,120D,3,0.0266521910058607,0.03634139901759947,Normal
2018-05-22,SARIMA,120D,3,0.0205512936833635,0.026775684675770184,Low
2018-05-23,SARIMA,120D,3,-0.0025900025090028,0.02072625327769093,Low
2018-05-24,SARIMA,120D,3,-0.0020477583734541,-0.0022565990091920757,Low
2018-05-25,SARIMA,120D,3,-0.0072839441377187,-0.002069460781680202,Low
2018-05-29,SARIMA,120D,3,0.0148856611167155,-0.006546186816819129,Low
2018-05-30,SARIMA,120D,3,0.0044906233022757,0.01528271347980456,Normal
2018-05-31,SARIMA,120D,3,-0.0053892046900115,0.0053706561486990476,Normal
2018-06-01,SARIMA,120D,3,-0.0344979999558372,-0.00488281025518672,Normal
2018-06-04,SARIMA,120D,3,-0.0359289255434223,-0.03352378823381512,Low
2018-06-05,SARIMA,120D,3,-0.0432076915248535,-0.03551157525661082,Low
2018-06-06,SARIMA,120D,3,-0.0363256163167991,-0.04202570692554716,Normal
2018-06-07,SARIMA,120D,3,-0.0323547883302018,-0.03523380895977332,Low
2018-06-08,SARIMA,120D,3,-0.0127617659348392,-0.03090421091848304,Low
2018-06-11,SARIMA,120D,3,-0.016015397487173,-0.012118177862613023,Low
2018-06-12,SARIMA,120D,3,-0.0096197170492593,-0.015209964057048733,Low
2018-06-13,SARIMA,120D,3,0.0052965392865146,-0.009185851153639499,Low
2018-06-14,SARIMA,120D,3,-0.0300721900745451,0.0056121430907875025,Low
2018-06-15,SARIMA,120D,3,-0.0305779576731953,-0.029664244607812792,Low
2018-06-18,SARIMA,120D,3,-0.0520459019486309,-0.02968936479058755,Low
2018-06-19,SARIMA,120D,3,-0.0462537807743233,-0.051103349865702266,Low
2018-06-20,SARIMA,120D,3,-0.0483208806737415,-0.04556064443863746,Low
2018-06-21,SARIMA,120D,3,-0.0365502808201699,-0.0465514383243059,Low
2018-06-22,SARIMA,120D,3,-0.0386104343877189,-0.03564390766664384,Low
2018-06-25,SARIMA,120D,3,-0.0440619236886482,-0.03723943059915889,Normal
2018-06-26,SARIMA,120D,3,-0.0672563590229216,-0.04319278248570518,Low
2018-06-27,SARIMA,120D,3,-0.0585283758559914,-0.06594747676805214,Low
2018-06-28,SARIMA,120D,3,-0.0802035150509596,-0.057613358102329884,Low
2018-06-29,SARIMA,120D,3,-0.0968594404225804,-0.07874301001171313,Low
2018-07-02,SARIMA,120D,3,-0.1207258217554144,-0.09512887700296682,Low
2018-07-03,SARIMA,120D,3,-0.1432527653531951,-0.11833725770871378,Low
2018-07-05,SARIMA,120D,3,-0.1034334444279281,-0.14126012898779416,Low
2018-07-06,SARIMA,120D,3,-0.1033527330596912,-0.10127909583793882,Low
2018-07-09,SARIMA,120D,3,-0.113379377755264,-0.1012992744473393,Low
2018-07-10,SARIMA,120D,3,-0.1083900012118791,-0.11105100536414508,Low
2018-07-11,SARIMA,120D,3,-0.1000028217773364,-0.1061431970838097,Low
2018-07-12,SARIMA,120D,3,-0.1337821451764235,-0.09915884077748555,Low
2018-07-13,SARIMA,120D,3,-0.1011014016526856,-0.1317117611459865,Low
2018-07-16,SARIMA,120D,3,-0.0930867610365572,-0.09920810875109523,Low
2018-07-17,SARIMA,120D,3,-0.0874039980435033,-0.09160157891411821,Low
2018-07-18,SARIMA,120D,3,-0.0854725087874184,-0.08605905739968882,Low
2018-07-19,SARIMA,120D,3,-0.0770034405639067,-0.08326764766867724,Low
2018-07-20,SARIMA,120D,3,-0.0762008513371148,-0.07628590848900509,Low
2018-07-23,SARIMA,120D,3,-0.0833086082675958,-0.07498333732112933,Low
2018-07-24,SARIMA,120D,3,-0.0774135082738883,-0.08195950474414229,Low
2018-07-25,SARIMA,120D,3,-0.0842544228151726,-0.07605729855994545,Low
2018-07-26,SARIMA,120D,3,-0.0736547893600695,-0.08295443933388294,Low
2018-07-27,SARIMA,120D,3,-0.0539740418753683,-0.07232224972753215,Low
2018-07-30,SARIMA,120D,3,-0.0624617293877536,-0.0527100627849692,Low
2018-07-31,SARIMA,120D,3,-0.0651340766876058,-0.06136780257250535,Low
2018-08-01,SARIMA,120D,3,-0.0627184035090572,-0.06374248475184113,Low
2018-08-02,SARIMA,120D,3,-0.059179885390748,-0.06171992545102198,Low
2018-08-03,SARIMA,120D,3,-0.0716910933048049,-0.05841679960831278,Low
2018-08-06,SARIMA,120D,3,-0.0766803838907214,-0.07019270602110309,Low
2018-08-07,SARIMA,120D,3,-0.0640709757456472,-0.07524251146936395,Low
2018-08-08,SARIMA,120D,3,-0.0552479125425841,-0.06288939796761585,Low
2018-08-09,SARIMA,120D,3,-0.0529069912807372,-0.054195583895076824,Low
2018-08-10,SARIMA,120D,3,-0.0390142979000131,-0.05154656346224555,Low
2018-08-13,SARIMA,120D,3,-0.0303028897966826,-0.037974072965552774,Low
2018-08-14,SARIMA,120D,3,-0.0388987355306088,-0.029734539993679268,Low
2018-08-15,SARIMA,120D,3,-0.0406687201514602,-0.038151694984806195,Low
2018-08-16,SARIMA,120D,3,-0.0478809621380858,-0.03976675370846651,Low
2018-08-17,SARIMA,120D,3,-0.0504897167095303,-0.04713614333961784,Low
2018-08-20,SARIMA,120D,3,-0.04010693870882,-0.049608553204267616,Low
2018-08-21,SARIMA,120D,3,-0.0391539070697361,-0.038988349667238964,Low
2018-08-22,SARIMA,120D,3,-0.0414108393991912,-0.03818778544111236,Low
2018-08-23,SARIMA,120D,3,-0.0288981408106984,-0.04030317050612632,Low
2018-08-24,SARIMA,120D,3,-0.0335802254123918,-0.028034310266076737,Low
2018-08-27,SARIMA,120D,3,-0.0394458332587613,-0.0329326568674395,Low
2018-08-28,SARIMA,120D,3,-0.0432477446622011,-0.0385330854967343,Low
2018-08-29,SARIMA,120D,3,-0.0425423484364022,-0.042222583305210434,Low
2018-08-30,SARIMA,120D,3,-0.0368710719421924,-0.04183501917884773,Low
2018-08-31,SARIMA,120D,3,-0.0377963100823378,-0.03587351633796973,Low
2018-09-04,SARIMA,120D,3,-0.0366848154697564,-0.03676172438768496,Low
2018-09-05,SARIMA,120D,4,-0.0367072602674409,-0.03569991196649784,Low
2018-09-06,SARIMA,120D,4,-0.0261766126421097,-0.03582489117828343,Low
2018-09-07,SARIMA,120D,4,-0.0278489221423504,-0.025536600150423687,Low
2018-09-10,SARIMA,120D,4,-0.0308771238467506,-0.027038197625457255,Low
2018-09-11,SARIMA,120D,4,-0.0411554631405911,-0.030076348501254166,Low
2018-09-12,SARIMA,120D,4,-0.0496709826288159,-0.040204204869832075,Low
2018-09-13,SARIMA,120D,4,-0.0570732989196609,-0.04885962854112816,Low
2018-09-14,SARIMA,120D,4,-0.0427892072569377,-0.05589389532408083,Low
2018-09-17,SARIMA,120D,4,-0.0342549505375833,-0.04175133693190394,Low
2018-09-18,SARIMA,120D,4,-0.0326840566481893,-0.033152666029992006,Low
2018-09-19,SARIMA,120D,4,-0.0348049440129574,-0.031638575706363636,Low
2018-09-20,SARIMA,120D,4,-0.0376424387898559,-0.0337570128485017,Low
2018-09-21,SARIMA,120D,4,-0.0335747410539408,-0.03705777912898012,Low
2018-09-24,SARIMA,120D,4,-0.0301834288198538,-0.03291090661005905,Low
2018-09-25,SARIMA,120D,4,-0.0318261770675055,-0.02940264355887276,Low
2018-09-26,SARIMA,120D,4,-0.0177374618916561,-0.030940830791597568,Low
2018-09-27,SARIMA,120D,4,-0.0396537652544406,-0.01700588594278702,Low
2018-09-28,SARIMA,120D,4,-0.0404862679436125,-0.03881470874932047,Low
2018-10-01,SARIMA,120D,4,-0.0369637073378772,-0.039622664169472535,Low
2018-10-02,SARIMA,120D,4,-0.0412220817041969,-0.03602776723241828,Low
2018-10-03,SARIMA,120D,4,-0.0383502937256536,-0.04059656001072423,Low
2018-10-04,SARIMA,120D,4,-0.023435552261319,-0.03693381810563963,Low
2018-10-05,SARIMA,120D,4,-0.0063900421586525,-0.02267971524776203,Low
2018-10-08,SARIMA,120D,4,-0.0059773918954445,-0.005941072320160293,Low
2018-10-09,SARIMA,120D,4,-0.0024124096412011,-0.005355102670679936,Low
2018-10-10,SARIMA,120D,4,0.033086444644395,-0.00199648062937266,Normal
2018-10-11,SARIMA,120D,4,0.0584997422400357,0.03279349235539475,Normal
2018-10-12,SARIMA,120D,4,0.0454404185821831,0.05784528952894054,Normal
2018-10-15,SARIMA,120D,4,0.0452769244378134,0.04532289183318487,Normal
2018-10-16,SARIMA,120D,4,0.0274809341574122,0.04508862096499643,High
2018-10-17,SARIMA,120D,4,0.0277717507604199,0.026771571047378456,High
2018-10-18,SARIMA,120D,4,0.0488558197253068,0.02728135650420295,High
2018-10-19,SARIMA,120D,4,0.0485874876162289,0.0489891888287765,High
2018-10-22,SARIMA,120D,4,0.0534055130378468,0.04843058158225913,High
2018-10-23,SARIMA,120D,4,0.0566561883978022,0.0535965510617538,High
2018-10-24,SARIMA,120D,4,0.0895848090831925,0.05639597018278231,High
2018-10-25,SARIMA,120D,4,0.0721425969214114,0.08844595693584731,High
2018-10-26,SARIMA,120D,4,0.0984240861064098,0.0717014605931425,High
2018-10-29,SARIMA,120D,4,0.1028111257985676,0.09754705256195358,High
2018-10-30,SARIMA,120D,4,0.0868967610864173,0.10191565576746925,High
2018-10-31,SARIMA,120D,4,0.080778232655151,0.08550948470708515,High
2018-11-01,SARIMA,120D,4,0.0713466822908556,0.08061673982706791,High
2018-11-02,SARIMA,120D,4,0.0786343680455268,0.07029685963757026,High
2018-11-05,SARIMA,120D,4,0.0655192284980415,0.07799335960080193,High
2018-11-06,SARIMA,120D,4,0.05715319610495,0.06550390131631582,High
2018-11-07,SARIMA,120D,4,0.0457582450230934,0.05701804415441167,High
2018-11-08,SARIMA,120D,4,0.0437893008225125,0.045839355952328784,High
2018-11-09,SARIMA,120D,4,0.0363813986489794,0.04351163975403623,High
2018-11-12,SARIMA,120D,4,0.0546728342450269,0.03666172424380015,High
2018-11-13,SARIMA,120D,4,0.0531298544052725,0.05462553367505487,High
2018-11-14,SARIMA,120D,4,0.0644394372936418,0.05317340674019877,High
2018-11-15,SARIMA,120D,4,0.0294749354125023,0.0641317856448613,High
2018-11-16,SARIMA,120D,4,0.0352380853982343,0.029717245058129185,High
2018-11-19,SARIMA,120D,4,0.0578432409616788,0.03482033438751679,High
2018-11-20,SARIMA,120D,4,0.0850171936347638,0.057603284434549665,High
2018-11-21,SARIMA,120D,4,0.0761240871499528,0.08415190238917189,High
2018-11-23,SARIMA,120D,4,0.075928248886403,0.07642986578739058,High
2018-11-26,SARIMA,120D,4,0.0689752221342272,0.07530762135531797,High
2018-11-27,SARIMA,120D,4,0.0628904454057151,0.06804919668949219,High
2018-11-28,SARIMA,120D,4,0.0281907018613194,0.0619266156535659,High
2018-11-29,SARIMA,120D,4,0.0317288401787501,0.028471290311430232,High
2018-11-30,SARIMA,120D,4,0.0151803424618722,0.03176857601740264,High
2018-12-03,SARIMA,120D,4,-0.0026375694997216,0.015576560915234978,High
2018-12-04,SARIMA,120D,4,0.0323589320138314,-0.0020433089895055753,High
2018-12-06,SARIMA,120D,4,0.0205991146775226,0.03318985451886005,High
2018-12-07,SARIMA,120D,4,0.041426379479537,0.020701188301182137,High
2018-12-10,SARIMA,120D,4,0.0608717033376984,0.04173774688273936,High
2018-12-11,SARIMA,120D,4,0.0693568399918177,0.06098110374518936,High
2018-12-12,SARIMA,120D,4,0.0700688096574708,0.0681512182087728,High
2018-12-13,SARIMA,120D,4,0.080711739217146,0.06992225357352388,High
2018-12-14,SARIMA,120D,4,0.1046321715606113,0.0796884281286464,High
2018-12-17,SARIMA,120D,4,0.1252745149312366,0.10334476305801941,High
2018-12-18,SARIMA,120D,4,0.1231484602502102,0.1239838812783281,High
2018-12-19,SARIMA,120D,4,0.1427529299289973,0.12206037099156936,High
2018-12-20,SARIMA,120D,4,0.1570379276269483,0.14119801057244358,High
2018-12-21,SARIMA,120D,4,0.1787723635578418,0.15500080060108445,High
2018-12-24,SARIMA,120D,4,0.2159294260291269,0.17654048380446058,High
2018-12-26,SARIMA,120D,4,0.1705069651513456,0.21376580128424694,High
2018-12-27,SARIMA,120D,4,0.1714083415184017,0.16839407562545883,High
2018-12-28,SARIMA,120D,4,0.171390679148905,0.1694016253682777,High
2018-12-31,SARIMA,120D,4,0.1612006648261111,0.16920851494743055,High
2019-01-02,SARIMA,120D,4,0.1503911961230974,0.15878060809267325,High
2019-01-03,SARIMA,120D,4,0.1742248322632083,0.1499948734828296,High
2019-01-04,SARIMA,120D,4,0.1442813189954526,0.17248461933954246,High
2019-01-07,SARIMA,120D,4,0.1430362848408226,0.14292520740002707,High
2019-01-08,SARIMA,120D,4,0.1410307161152791,0.1419296969364538,High
2019-01-09,SARIMA,120D,4,0.1398648920594456,0.13996557626354103,High
2019-01-10,SARIMA,120D,4,0.1429997463456675,0.13801857550261282,High
2019-01-11,SARIMA,120D,4,0.1413385206856015,0.14234802169810984,High
2019-01-14,SARIMA,120D,4,0.1417627422627272,0.1400539676070164,High
2019-01-15,SARIMA,120D,4,0.13233391644142,0.14049091818138504,High
2019-01-16,SARIMA,120D,4,0.1346149428484143,0.13115766021921865,High
2019-01-17,SARIMA,120D,4,0.1293348317211273,0.13331223912945367,High
2019-01-18,SARIMA,120D,4,0.1208474531833381,0.12820581634964462,High
2019-01-22,SARIMA,120D,4,0.1352817837396946,0.11977378417853769,High
2019-01-23,SARIMA,120D,4,0.1296717092652333,0.13425998715765677,High
2019-01-24,SARIMA,120D,4,0.1217442636881626,0.12845074135380125,High
2019-01-25,SARIMA,120D,4,0.116866993696464,0.12079305111078432,High
2019-01-28,SARIMA,120D,4,0.1185488800803282,0.11605032192312234,High
2019-01-29,SARIMA,120D,4,0.1228308897016931,0.1171859590248926,High
2019-01-30,SARIMA,120D,4,0.1142254249494094,0.12187391532311462,High
2019-01-31,SARIMA,120D,4,0.1103419689531174,0.11342779422493125,High
2019-02-01,SARIMA,120D,4,0.1041674658847108,0.10952336483151111,Normal
2019-02-04,SARIMA,120D,4,0.1047746205380143,0.10327395995202825,Normal
2019-02-05,SARIMA,120D,4,0.0984598281716068,0.10381336165227724,Normal
2019-02-06,SARIMA,120D,4,0.0981047585170711,0.09787094954712952,Normal
2019-02-07,SARIMA,120D,4,0.0965607447671614,0.09741377465333018,Normal
2019-02-08,SARIMA,120D,4,0.0868452446323428,0.09594236948210061,Normal
2019-02-11,SARIMA,120D,4,0.0788270042889593,0.08619015015901663,Normal
2019-02-12,SARIMA,120D,4,0.0357889692164258,0.07842850430088802,Normal
2019-02-13,SARIMA,120D,4,0.0457025615338814,0.035776887760114784,Normal
2019-02-14,SARIMA,120D,4,0.0491243072514389,0.045597739629671376,Normal
2019-02-15,SARIMA,120D,4,0.0568927650533463,0.04916672469762751,Normal
2019-02-19,SARIMA,120D,4,0.0487565505930973,0.05680456435250071,Normal
2019-02-20,SARIMA,120D,4,0.0345872079164411,0.04957629078593725,Low
2019-02-21,SARIMA,120D,4,0.0531382235095843,0.034370581123337365,Low
2019-02-22,SARIMA,120D,4,0.0170172323603382,0.052843429374115486,Normal
2019-02-25,SARIMA,120D,4,0.0182473646087669,0.017059412243286665,Low
2019-02-26,SARIMA,120D,4,0.0333611924538521,0.01863897078525924,Low
2019-02-27,SARIMA,120D,4,0.0459385654545477,0.03371079365754447,Low
2019-02-28,SARIMA,120D,4,0.0408218577413828,0.045385551631953944,Low
2019-03-01,SARIMA,120D,4,0.0421631807100225,0.041585614281137745,Low
2019-03-04,SARIMA,120D,4,0.0455450851459993,0.042060021509800365,Low
2019-03-05,SARIMA,120D,4,0.0203883775128682,0.04508061944807233,Low
2019-03-06,SARIMA,120D,4,0.0378569638477912,0.020283256044778455,Low
2019-03-07,SARIMA,120D,4,0.0428075531855663,0.037944210348586305,Low
2019-03-08,SARIMA,120D,4,0.0514656688475823,0.04268736286772293,Low
2019-03-11,SARIMA,120D,4,0.0495136157251872,0.051193067925737704,Low
2019-03-12,SARIMA,120D,4,0.0472072307572589,0.0499214073226576,Low
2019-03-13,SARIMA,120D,4,0.0333586746675541,0.04666774250764272,Low
2019-03-14,SARIMA,120D,4,0.0450107992775717,0.033270740926460894,Low
2019-03-15,SARIMA,120D,4,0.0529641927909007,0.04469471871766835,Low
2019-03-18,SARIMA,120D,4,0.0501752867963696,0.05279373587378458,Low
2019-03-19,SARIMA,120D,4,0.0502118421973964,0.05004736658854944,Low
2019-03-20,SARIMA,120D,4,0.053482791364097,0.05035010841752001,Low
2019-03-21,SARIMA,120D,4,0.049892448195795,0.052997602100823736,Low
2019-03-22,SARIMA,120D,4,0.0719242916083016,0.04953278409109571,Normal
2019-03-25,SARIMA,120D,4,0.0720389875646456,0.07154274045069021,Normal
2019-03-26,SARIMA,120D,4,0.0617414217003556,0.07159171306394715,Normal
2019-03-27,SARIMA,120D,4,0.0689749903494166,0.06134449710449952,Normal
2019-03-28,SARIMA,120D,4,0.065734568918422,0.06864753411157773,Normal
2019-03-29,SARIMA,120D,4,0.0590428373970268,0.06485696408965078,Normal
2019-04-01,SARIMA,120D,4,0.042633042774102,0.05874530905916156,Normal
2019-04-02,SARIMA,120D,4,0.0425186466014162,0.04277445781883573,Normal
2019-04-03,SARIMA,120D,4,0.0319205852177755,0.04226032863391451,Normal
2019-04-04,SARIMA,120D,4,0.0359778052167452,0.03203015494135541,Normal
2019-04-05,SARIMA,120D,4,0.0289202165840329,0.0361186062369704,Normal
2019-04-08,SARIMA,120D,4,0.0225427702543807,0.029372436207703953,Low
2019-04-09,SARIMA,120D,4,0.0336636569052986,0.022701404660488103,Normal
2019-04-10,SARIMA,120D,4,0.017857692205386,0.03392903423399497,Normal
2019-04-11,SARIMA,120D,4,-0.0002458343226004,0.017980011025392446,Normal
2019-04-12,SARIMA,120D,4,0.0011068920617204,0.00035105855947744485,Normal
2019-04-15,SARIMA,120D,4,0.0158532445453367,0.0016736771657646296,Normal
2019-04-16,SARIMA,120D,4,0.0108556639465151,0.015839716064770484,Normal
2019-04-17,SARIMA,120D,4,-0.0025510947848559,0.011520160626584064,Normal
2019-04-18,SARIMA,120D,4,0.0049343549057403,-0.0016666279865710024,Low
2019-04-22,SARIMA,120D,4,0.0103180515005901,0.005284730943578519,Low
2019-04-23,SARIMA,120D,4,0.0123952799993839,0.010294101216494284,Low
2019-04-24,SARIMA,120D,4,0.013201366929201,0.012797005929803429,Low
2019-04-25,SARIMA,120D,4,0.0234768540459629,0.01378849940952127,Low
2019-04-26,SARIMA,120D,4,0.0168009591694643,0.023461652558915795,Low
2019-04-29,SARIMA,120D,4,0.0184890326350056,0.01691306921950291,Low
2019-04-30,SARIMA,120D,4,0.0136110222264142,0.018655360252146952,Low
2019-05-01,SARIMA,120D,4,0.0279895821820395,0.013865225929094002,Low
2019-05-02,SARIMA,120D,4,0.0265407775723454,0.02785094917978702,Low
2019-05-03,SARIMA,120D,4,0.0197917534392588,0.02680748307899335,Low
2019-05-06,SARIMA,120D,4,0.0261913712875027,0.019949436775916252,Low
2019-05-07,SARIMA,120D,4,0.046905288887064,0.026422277120344118,Low
2019-05-08,SARIMA,120D,4,0.0540778241926018,0.046442565597889576,Low
2019-05-09,SARIMA,120D,4,0.0562710708980494,0.05388882482534884,Low
2019-05-10,SARIMA,120D,4,0.0558057662289881,0.05617801699626859,Low
2019-05-13,SARIMA,120D,4,0.0772047967329466,0.055417236498068026,Normal
2019-05-14,SARIMA,120D,4,0.0788367397693781,0.07622506912499957,Normal
2019-05-15,SARIMA,120D,4,0.0767119912469675,0.07814348561017834,Normal
2019-05-16,SARIMA,120D,4,0.0666696314186479,0.076157248595311,Normal
2019-05-17,SARIMA,120D,4,0.0732263191849812,0.06629734136166784,Normal
2019-05-20,SARIMA,120D,4,0.0827249524046672,0.07227077972082947,Normal
2019-05-21,SARIMA,120D,4,0.0768224064565924,0.08210375170445583,Normal
2019-05-22,SARIMA,120D,4,0.0776864034071545,0.0763589111316221,Normal
2019-05-23,SARIMA,120D,4,0.0912355189496995,0.07739548132452867,Normal
2019-05-24,SARIMA,120D,4,0.0905941567477786,0.09040055219957507,Normal
2019-05-28,SARIMA,120D,4,0.0998417993624955,0.08969734018878868,Normal
2019-05-29,SARIMA,120D,4,0.1144437383077,0.09918508113092735,Normal
2019-05-30,SARIMA,120D,4,0.1128504919555128,0.1134556355199247,Normal
2019-05-31,SARIMA,120D,4,0.1255409271062732,0.1115891476339071,Normal
2019-06-03,SARIMA,120D,4,0.12454674133964,0.12444889240384432,Normal
2019-06-04,SARIMA,120D,4,0.101756808172373,0.12323905548742844,High
2019-06-05,SARIMA,120D,4,0.0958006551359353,0.10059956086724772,Normal
2019-06-06,SARIMA,120D,4,0.097163066347398,0.09508477886041988,High
2019-06-07,SARIMA,120D,4,0.0889132507450781,0.09610194890231691,High
2019-06-10,SARIMA,120D,4,0.0884297662956126,0.0882640025742138,High
2019-06-11,SARIMA,120D,4,0.0847604215235747,0.08828893513113609,Normal
2019-06-12,SARIMA,120D,4,0.0781315956568486,0.08428253596918565,Normal
2019-06-13,SARIMA,120D,4,0.0673823598959531,0.07756711988123385,Normal
2019-06-14,SARIMA,120D,4,0.0752988292908761,0.06716938731980296,Normal
2019-06-17,SARIMA,120D,4,0.0758666407851532,0.07481317417266775,Normal
2019-06-18,SARIMA,120D,4,0.0752903972226087,0.0754476510141918,Normal
2019-06-19,SARIMA,120D,4,0.0691418467451105,0.07494762226208818,Normal
2019-06-20,SARIMA,120D,4,0.0586167052402532,0.06897045150738103,Normal
2019-06-21,SARIMA,120D,4,0.0627806590493319,0.05814582573288776,Normal
2019-06-24,SARIMA,120D,4,0.0730527148854741,0.062426410918320074,Normal
2019-06-25,SARIMA,120D,4,0.0826670696760763,0.07260008623129921,Normal
2019-06-26,SARIMA,120D,4,0.0910241262974234,0.08222640475025934,Normal
2019-06-27,SARIMA,120D,4,0.0875434765332937,0.09058467704881024,Normal
2019-06-28,SARIMA,120D,4,0.0813701410521712,0.08681067975230353,Normal
2019-07-01,SARIMA,120D,4,0.0781765012630816,0.08057029565827974,Low
2019-07-02,SARIMA,120D,4,0.0801852497904271,0.07742767584358645,Low
2019-07-03,SARIMA,120D,4,0.0734079228440412,0.07943834773255459,Low
2019-07-05,SARIMA,120D,4,0.0750199897461218,0.07301368046611253,Low
2019-07-08,SARIMA,120D,4,0.0849822251662995,0.07466921998682985,Low
2019-07-09,SARIMA,120D,4,0.0837804162475036,0.08444368639451902,Low
2019-07-10,SARIMA,120D,4,0.0734822732320709,0.08313745925929435,Low
2019-07-11,SARIMA,120D,4,0.074141344297313,0.07316612928755946,Low
2019-07-12,SARIMA,120D,4,0.0778757053575634,0.07362577042865215,Low
2019-07-15,SARIMA,120D,4,0.0706149422642247,0.07712196154860351,Low
2019-07-16,SARIMA,120D,4,0.0775516720135077,0.07020374861604177,Low
2019-07-17,SARIMA,120D,4,0.081297162395006,0.0772663028446158,Low
2019-07-18,SARIMA,120D,4,0.0826120381718281,0.08071673878730534,Low
2019-07-19,SARIMA,120D,4,0.0954411417535791,0.08194461374140374,Low
2019-07-22,SARIMA,120D,4,0.0897571775798241,0.09487045254052455,Low
2019-07-23,SARIMA,120D,4,0.0898850264864809,0.0889302804668364,Low
2019-07-24,SARIMA,120D,4,0.0836921528361095,0.08912818087823737,Low
2019-07-25,SARIMA,120D,4,0.0908368995633967,0.08306538418466325,Low
2019-07-26,SARIMA,120D,4,0.0918081112148457,0.08985776606535631,Low
2019-07-29,SARIMA,120D,4,0.0972802563913882,0.09124023944618156,Low
2019-07-30,SARIMA,120D,4,0.0972067413938471,0.09651367243596881,Low
2019-07-31,SARIMA,120D,4,0.1084409826426683,0.09658667210813726,Low
2019-08-01,SARIMA,120D,4,0.1186208364048324,0.1073790274645023,Low
2019-08-02,SARIMA,120D,4,0.1168469355182038,0.11757568328308823,Low
2019-08-05,SARIMA,120D,4,0.1312213653310546,0.11571930357716219,Normal
2019-08-06,SARIMA,120D,4,0.1282917249202405,0.13004565925040884,Normal
2019-08-07,SARIMA,120D,4,0.1266578924427971,0.1268909888117172,Normal
2019-08-08,SARIMA,120D,4,0.1111988869061432,0.12529813051850636,High
2019-08-09,SARIMA,120D,4,0.0999730364684374,0.11029924650785344,High
2019-08-12,SARIMA,120D,4,0.1195952713455851,0.09883791382804813,High
2019-08-13,SARIMA,120D,4,0.1194462409957893,0.11861690589919481,High
2019-08-14,SARIMA,120D,4,0.160364372109298,0.11844064049626045,High
2019-08-15,SARIMA,120D,4,0.1612232904681195,0.1591815427505635,High
2019-08-16,SARIMA,120D,4,0.1414847412864163,0.15993681285881506,High
2019-08-19,SARIMA,120D,4,0.1367512558425921,0.1397299202587983,High
2019-08-20,SARIMA,120D,4,0.1463845198407097,0.13550398283375922,High
2019-08-21,SARIMA,120D,4,0.1446133933885598,0.14407407212544956,High
2019-08-22,SARIMA,120D,4,0.1434878199878498,0.1432361404865794,High
2019-08-23,SARIMA,120D,4,0.171618537209173,0.1425986398941526,High
2019-08-26,SARIMA,120D,4,0.1577712104922273,0.17004790019604832,High
2019-08-27,SARIMA,120D,4,0.1656742805770685,0.15603876930214045,High
2019-08-28,SARIMA,120D,4,0.1553273116185086,0.16410610338179782,High
2019-08-29,SARIMA,120D,4,0.1321460199445942,0.15387024766671917,High
2019-08-30,SARIMA,120D,4,0.0974153597642767,0.130296227690611,High
2019-09-03,SARIMA,120D,4,0.0735904647216089,0.09694630978060578,High
2019-09-04,SARIMA,120D,4,0.0590210421196575,0.07291301881810347,High
2019-09-05,SARIMA,120D,4,0.0009269928456367,0.05893866026251279,High
2019-09-06,SARIMA,120D,4,-0.0082556610683931,0.0018478676007784647,High
2019-09-09,SARIMA,120D,4,0.0368492223799199,-0.006950782931680555,High
2019-09-10,SARIMA,120D,4,0.0080164850310742,0.03736542705502682,High
2019-09-11,SARIMA,120D,4,0.0421491620653202,0.008675761893184423,High
2019-09-12,SARIMA,120D,4,0.0047633633471059,0.043401537127494574,Normal
2019-09-13,SARIMA,120D,4,-0.011712903428314,0.0053582695056058685,Normal
2019-09-16,SARIMA,120D,4,-0.0875828034523296,-0.012166632536354978,Normal
2019-09-17,SARIMA,120D,4,-0.0419461763989326,-0.08542507430141956,Normal
2019-09-18,SARIMA,120D,4,-0.0923917024918051,-0.04178491430597622,Normal
2019-09-19,SARIMA,120D,4,-0.1923565294162082,-0.08998002702277973,Normal
2019-09-20,SARIMA,120D,4,-0.0986405233620917,-0.18920381895790234,Normal
2019-09-23,SARIMA,120D,4,-0.2261957802170816,-0.09525115147658485,Low
2019-09-24,SARIMA,120D,4,-0.1595174786178383,-0.22403820377676315,Low
2019-09-25,SARIMA,120D,4,-0.2188794361918824,-0.15596719683428883,Low
2019-09-26,SARIMA,120D,4,-0.2117508042118681,-0.213453920165818,Low
2019-09-27,SARIMA,120D,4,-0.2507478936861064,-0.21084711342355705,Low
2019-09-30,SARIMA,120D,4,-0.2855143049109316,-0.24429829831090966,Low
2019-10-01,SARIMA,120D,4,-0.1834969454475557,-0.28308343034453975,Low
2019-10-02,SARIMA,120D,4,-0.1539625508390896,-0.1794174879830157,Normal
2019-10-03,SARIMA,120D,4,-0.1013590245387099,-0.15175696557522306,Low
2019-10-04,SARIMA,120D,5,-0.1497436553195954,-0.09909426203703803,Normal
2019-10-07,SARIMA,120D,5,-0.1122887124759391,-0.14690631357408876,Normal
2019-10-08,SARIMA,120D,5,-0.1127478637122449,-0.11147342194267859,Normal
2019-10-09,SARIMA,120D,5,-0.1669575229598777,-0.11111953106394801,Normal
2019-10-10,SARIMA,120D,5,-0.1507800683146999,-0.16490607129972706,Normal
2019-10-11,SARIMA,120D,5,-0.1769125088144333,-0.1477966620432778,Normal
2019-10-14,SARIMA,120D,5,-0.1075561829963839,-0.17456336986522392,Normal
2019-10-15,SARIMA,120D,5,-0.1190669674212355,-0.10566398789502415,Normal
2019-10-16,SARIMA,120D,5,-0.0835760516767569,-0.11641891756319409,Normal
2019-10-17,SARIMA,120D,5,-0.0719516033428329,-0.08216939554807628,Normal
2019-10-18,SARIMA,120D,5,-0.0781806170777103,-0.07021525042601079,Normal
2019-10-21,SARIMA,120D,5,-0.0549141716107363,-0.07744411139502211,Normal
2019-10-22,SARIMA,120D,5,-0.0736158550247287,-0.05356638072977516,Normal
2019-10-23,SARIMA,120D,5,-0.0706591205310183,-0.07256168909042146,Normal
2019-10-24,SARIMA,120D,5,-0.046136793168869,-0.06937701728735843,Normal
2019-10-25,SARIMA,120D,5,-0.0682440682948727,-0.04496557908736821,Normal
2019-10-28,SARIMA,120D,5,-0.1049650034473212,-0.06712544864840903,Normal
2019-10-29,SARIMA,120D,5,-0.0814609509087036,-0.10290715055634034,Normal
2019-10-30,SARIMA,120D,5,-0.0852486079697566,-0.07994471379308457,Normal
2019-10-31,SARIMA,120D,5,-0.0683990787683783,-0.08392919823087669,Normal
2019-11-01,SARIMA,120D,5,-0.0634081411462899,-0.06676859908776309,Low
2019-11-04,SARIMA,120D,5,-0.072361557142086,-0.061672197325590726,Low
2019-11-05,SARIMA,120D,5,-0.0449384503851923,-0.07118944159672189,Low
2019-11-06,SARIMA,120D,5,-0.0548958442965368,-0.04380877927331308,Low
2019-11-07,SARIMA,120D,5,-0.0860824305555934,-0.05387308836298608,Low
2019-11-08,SARIMA,120D,5,-0.0843990111218598,-0.08453127623673326,Low
2019-11-11,SARIMA,120D,5,-0.0734346805107427,-0.08271185132860187,Low
2019-11-12,SARIMA,120D,5,-0.0820019842110484,-0.07229806448176088,Low
2019-11-13,SARIMA,120D,5,-0.0712743100262739,-0.08033656613288803,Low
2019-11-14,SARIMA,120D,5,-0.0553802075755043,-0.0695030726354853,Low
2019-11-15,SARIMA,120D,5,-0.0629131669866867,-0.05417920194078799,Low
2019-11-18,SARIMA,120D,5,-0.0841295590815441,-0.061721905092158226,Low
2019-11-19,SARIMA,120D,5,-0.1011537856061315,-0.08244875710962984,Low
2019-11-20,SARIMA,120D,5,-0.085931611381119,-0.09947417611136272,Low
2019-11-21,SARIMA,120D,5,-0.0804289300912065,-0.08450559416749914,Low
2019-11-22,SARIMA,120D,5,-0.0515862952635092,-0.07880949102214693,Low
2019-11-25,SARIMA,120D,5,-0.0696052948625757,-0.05017717772959556,Low
2019-11-26,SARIMA,120D,5,-0.0552844678941003,-0.06801164818033015,Low
2019-11-27,SARIMA,120D,5,-0.0672541718293537,-0.054236027552806675,Low
2019-11-29,SARIMA,120D,5,-0.0608839399125522,-0.06594558666960024,Low
2019-12-02,SARIMA,120D,5,-0.0400011711971282,-0.059921768246121214,Low
2019-12-03,SARIMA,120D,5,-0.0186224984487687,-0.03877718056186733,Low
2019-12-04,SARIMA,120D,5,-0.0270362953824583,-0.018034330095059142,Low
2019-12-05,SARIMA,120D,5,-0.0237346287567804,-0.026045140620778347,Low
2019-12-06,SARIMA,120D,5,-0.0290846583088421,-0.022991673417027694,Low
2019-12-09,SARIMA,120D,5,-0.0177395173419688,-0.028439188714718434,Low
2019-12-10,SARIMA,120D,5,-0.0030853103604208,-0.017246868694328663,Low
2019-12-11,SARIMA,120D,5,-0.0093636369733804,-0.0024441597664479273,Low
2019-12-12,SARIMA,120D,5,0.0079717084727002,-0.008774326616432751,Low
2019-12-13,SARIMA,120D,5,0.0198687857282914,0.008438328306808063,Low
2019-12-16,SARIMA,120D,5,0.0049166813660266,0.0199956614909999,Low
2019-12-17,SARIMA,120D,5,-0.0007458103976164,0.005194429520238922,Low
2019-12-18,SARIMA,120D,5,-0.0610661097533826,-0.00016084704254972632,Low
2019-12-19,SARIMA,120D,5,-0.0525392019700352,-0.05998137933989479,Low
2019-12-20,SARIMA,120D,5,-0.049193936956194,-0.051503674059064135,Low
2019-12-23,SARIMA,120D,5,-0.0312748528037819,-0.04789818744942218,Low
2019-12-24,SARIMA,120D,5,-0.0346861817339432,-0.030310024628828196,Low
2019-12-26,SARIMA,120D,5,-0.0392072007401953,-0.03305739874067335,Low
2019-12-27,SARIMA,120D,5,-0.0449066984455271,-0.0382929477058483,Low
2019-12-30,SARIMA,120D,5,-0.0326350090695189,-0.043862481532230206,Low
2019-12-31,SARIMA,120D,5,-0.0312785305222258,-0.03191249566384614,Low
2020-01-02,SARIMA,120D,5,-0.0658176914802049,-0.030333966578668055,Low
2020-01-03,SARIMA,120D,5,-0.0478329543870323,-0.06442108598955382,Low
2020-01-06,SARIMA,120D,5,-0.0758853038561361,-0.04665090667441519,Low
2020-01-07,SARIMA,120D,5,-0.0584992406580076,-0.07454969184845162,Low
2020-01-08,SARIMA,120D,5,-0.0480973647078929,-0.057262589710372104,Low
2020-01-09,SARIMA,120D,5,-0.0497210148489288,-0.046586076490642066,Low
2020-01-10,SARIMA,120D,5,-0.042330781884607,-0.04877969988985519,Low
2020-01-13,SARIMA,120D,5,-0.0335258450983769,-0.04096395301560222,Low
2020-01-14,SARIMA,120D,5,-0.0428876421311248,-0.032782119119761526,Low
2020-01-15,SARIMA,120D,5,-0.0369591061113824,-0.0419482442734806,Low
2020-01-16,SARIMA,120D,5,-0.0509504450098089,-0.03596019304833308,Low
2020-01-17,SARIMA,120D,5,-0.044393358482851,-0.04987569002000405,Low
2020-01-21,SARIMA,120D,5,-0.0511445033293245,-0.043419045978196354,Low
2020-01-22,SARIMA,120D,5,-0.0381162370431015,-0.049879659034990205,Low
2020-01-23,SARIMA,120D,5,-0.0302155063001047,-0.03718900530217411,Low
2020-01-24,SARIMA,120D,5,-0.0245441320880262,-0.029163663105128766,Low
2020-01-27,SARIMA,120D,5,-0.0058438171435987,-0.02379535697973497,Low
2020-01-28,SARIMA,120D,5,-0.007475403388811,-0.005182747421929319,Normal
2020-01-29,SARIMA,120D,5,-0.0049305239106663,-0.007016909919448866,Low
2020-01-30,SARIMA,120D,5,-0.0023293502464037,-0.004448108650487816,Low
2020-01-31,SARIMA,120D,5,0.0031387149127125,-0.0018558531310651424,Normal
2020-02-03,SARIMA,120D,5,-0.0102993508727963,0.0033941601424854126,Normal
2020-02-04,SARIMA,120D,5,-0.01780073796882,-0.009645262617226688,Normal
2020-02-05,SARIMA,120D,5,-0.0354829520464391,-0.017098435942191986,Normal
2020-02-06,SARIMA,120D,5,-0.0264513237516986,-0.034556927462344546,Normal
2020-02-07,SARIMA,120D,5,-0.0247931345056951,-0.025672967892551503,Normal
2020-02-10,SARIMA,120D,5,-0.0244515883840919,-0.023822258007111678,Normal
2020-02-11,SARIMA,120D,5,-0.0189832744057354,-0.023550434065578822,Normal
2020-02-12,SARIMA,120D,5,-0.0218197044848047,-0.01803509335287759,Normal
2020-02-13,SARIMA,120D,5,-0.0137787676892982,-0.021135843558008578,Normal
2020-02-14,SARIMA,120D,5,-0.0092134777671187,-0.013114792697222287,Normal
2020-02-18,SARIMA,120D,5,-0.0056564345110144,-0.008592833286353171,Normal
2020-02-19,SARIMA,120D,5,-0.0076127175219075,-0.005139180750789292,Normal
2020-02-20,SARIMA,120D,5,-0.0117909554952872,-0.006977218639788098,Normal
2020-02-21,SARIMA,120D,5,0.0126823560311461,-0.011225287716063737,Normal
2020-02-24,SARIMA,120D,5,0.04472116277543,0.012975239134860862,High
2020-02-25,SARIMA,120D,5,0.0752971697545043,0.04461763165246523,High
2020-02-26,SARIMA,120D,5,0.0817890445854577,0.07486704541279496,High
2020-02-27,SARIMA,120D,5,0.1292579213575359,0.0813018908208375,High
2020-02-28,SARIMA,120D,5,0.1331162611220068,0.12784318639452136,High
2020-03-02,SARIMA,120D,5,0.0912590471209397,0.13156317489654734,High
2020-03-03,SARIMA,120D,5,0.1232047320268267,0.09024990454905274,High
2020-03-04,SARIMA,120D,5,0.0918619980310969,0.12205827547734538,High
2020-03-05,SARIMA,120D,5,0.1299626802166181,0.09064829643122815,High
2020-03-06,SARIMA,120D,5,0.1573076252138458,0.1287524212443882,High
2020-03-09,SARIMA,120D,5,0.2379896841860266,0.15626766060957992,High
2020-03-10,SARIMA,120D,5,0.1964846346097379,0.23509346748345727,High
2020-03-11,SARIMA,120D,5,0.2443901522428347,0.19482896081711035,High
2020-03-12,SARIMA,120D,5,0.3518318360660141,0.24134270991475934,High
2020-03-13,SARIMA,120D,5,0.2782724792606479,0.3475353627726807,High
2020-03-16,SARIMA,120D,5,0.3701670825912799,0.27430214174615997,High
2020-03-17,SARIMA,120D,5,0.303774489201313,0.36640272719014705,High
2020-03-18,SARIMA,120D,5,0.3288479324469264,0.2998460586101483,High
2020-03-19,SARIMA,120D,5,0.3440959321387059,0.32391883265966515,High
2020-03-20,SARIMA,120D,5,0.3706823102666773,0.34100998978154007,High
2020-03-23,SARIMA,120D,5,0.4009467414343414,0.365392937646429,High
2020-03-24,SARIMA,120D,5,0.323924843941401,0.3970543592970044,High
2020-03-25,SARIMA,120D,5,0.3176616394510785,0.3199837560724755,High
2020-03-26,SARIMA,120D,5,0.2524881614846802,0.31390795278146233,High
2020-03-27,SARIMA,120D,5,0.2783080574977539,0.24943201357208594,High
2020-03-30,SARIMA,120D,5,0.2340958899799508,0.27487821994673023,High
2020-03-31,SARIMA,120D,5,0.2385996367410688,0.23244015022821132,High
2020-04-01,SARIMA,120D,5,0.2942090158722318,0.2360954009987776,High
2020-04-02,SARIMA,120D,5,0.2476290199008973,0.29166693282998424,High
2020-04-03,SARIMA,120D,5,0.2658648862814707,0.24465652142957037,High
2020-04-06,SARIMA,120D,5,0.2137470813608287,0.26345101986153435,High
2020-04-07,SARIMA,120D,5,0.2313336122630454,0.21144955847085434,High
2020-04-08,SARIMA,120D,5,0.1930199583673166,0.228232424699147,High
2020-04-09,SARIMA,120D,5,0.1868563306319969,0.19155645427639909,High
2020-04-13,SARIMA,120D,5,0.2022913396409689,0.18474290550844574,High
2020-04-14,SARIMA,120D,5,0.1625529672022905,0.20077688314824585,High
2020-04-15,SARIMA,120D,5,0.2026428088775606,0.16076066547209164,High
2020-04-16,SARIMA,120D,5,0.1827709066504961,0.20097233199916104,High
2020-04-17,SARIMA,120D,5,0.1735771383994171,0.1809939482568192,High
2020-04-20,SARIMA,120D,5,0.1995981969096343,0.17167299991916574,High
2020-04-21,SARIMA,120D,5,0.2395084073267178,0.1979867555371906,High
2020-04-22,SARIMA,120D,5,0.2331196369029052,0.23649026496487227,High
2020-04-23,SARIMA,120D,5,0.2273323129339375,0.2308568399555274,High
2020-04-24,SARIMA,120D,5,0.2068650502830389,0.22502484938422815,High
2020-04-27,SARIMA,120D,5,0.1907292585870899,0.20441972239556563,High
2020-04-28,SARIMA,120D,5,0.1961203392342041,0.18832776068738674,High
2020-04-29,SARIMA,120D,5,0.1534189716741884,0.19416957289767076,High
2020-04-30,SARIMA,120D,5,0.1673903103132445,0.15200500833277988,High
2020-05-01,SARIMA,120D,5,0.1936524073164501,0.16596607658016813,High
2020-05-04,SARIMA,120D,5,0.1946169387410919,0.19184823568631632,High
2020-05-05,SARIMA,120D,5,0.1890568418637016,0.1925587335647506,High
2020-05-06,SARIMA,120D,5,0.1772962492774221,0.18761386092357735,High
2020-05-07,SARIMA,120D,5,0.1628270881720859,0.17536625955308868,High
2020-05-08,SARIMA,120D,5,0.1101707509982819,0.16093960807665775,High
2020-05-11,SARIMA,120D,5,0.1219142065714886,0.10923556626367384,High
2020-05-12,SARIMA,120D,5,0.130423858898276,0.12090361730498406,High
2020-05-13,SARIMA,120D,5,0.1602838064131478,0.1293762291527836,High
2020-05-14,SARIMA,120D,5,0.1664676262931541,0.15888908742369867,High
2020-05-15,SARIMA,120D,5,0.1843564767445228,0.1654294181062317,High
2020-05-18,SARIMA,120D,5,0.1726145337511509,0.18236825224856001,High
2020-05-19,SARIMA,120D,5,0.1828665248773762,0.17081051731055974,High
2020-05-20,SARIMA,120D,5,0.177984509010305,0.18068888876177677,High
2020-05-21,SARIMA,120D,5,0.1843877020993909,0.17613308800612437,High
2020-05-22,SARIMA,120D,5,0.1896594847755699,0.1823212828502656,High
2020-05-26,SARIMA,120D,5,0.1674165482070401,0.18785948066583946,High
2020-05-27,SARIMA,120D,5,0.1662166474230197,0.16565153063713497,High
2020-05-28,SARIMA,120D,5,0.179907521670772,0.16463701184787372,High
2020-05-29,SARIMA,120D,5,0.1703032843338163,0.17802662214696574,High
2020-06-01,SARIMA,120D,5,0.1549278572079706,0.1685563540997607,High
2020-06-02,SARIMA,120D,5,0.1506892256163046,0.15368757605224884,High
2020-06-03,SARIMA,120D,5,0.130316817430822,0.14926740571946118,High
2020-06-04,SARIMA,120D,5,0.1393113146962808,0.1289852369237853,High
2020-06-05,SARIMA,120D,5,0.1294697606886765,0.1381275989765126,High
2020-06-08,SARIMA,120D,5,0.1159144295273613,0.128477949303119,High
2020-06-09,SARIMA,120D,5,0.1261382839729841,0.11497082814667284,High
2020-06-10,SARIMA,120D,5,0.1268593990711943,0.12524830227820316,High
2020-06-11,SARIMA,120D,5,0.1988202327290761,0.1256301872425241,High
2020-06-12,SARIMA,120D,5,0.1876335106524687,0.19688874490500952,High
2020-06-15,SARIMA,120D,5,0.1787312977539992,0.18588772774154116,High
2020-06-16,SARIMA,120D,5,0.1687439086024756,0.17683096857827715,High
2020-06-17,SARIMA,120D,5,0.1704131913961417,0.1670767930023117,High
2020-06-18,SARIMA,120D,5,0.1726024191625103,0.16791694530833226,High
2020-06-19,SARIMA,120D,5,0.1702869677797125,0.17101081726194695,High
2020-06-22,SARIMA,120D,5,0.1625269399552823,0.16870050087292307,High
2020-06-23,SARIMA,120D,5,0.1569629726795657,0.16105268528709854,High
2020-06-24,SARIMA,120D,5,0.1787894500300811,0.15542869223949207,High
2020-06-25,SARIMA,120D,5,0.1807281043240817,0.17697163506914454,High
2020-06-26,SARIMA,120D,5,0.2070245342192359,0.17893641510350997,High
2020-06-29,SARIMA,120D,5,0.1981867889146856,0.20496070872183908,High
2020-06-30,SARIMA,120D,5,0.1793771425267813,0.19621150097705908,High
2020-07-01,SARIMA,120D,5,0.1704536500640011,0.17733112340007662,High
2020-07-02,SARIMA,120D,5,0.1638474348954138,0.16874341105233537,High
2020-07-06,SARIMA,120D,5,0.1488360373350691,0.161944675478821,High
2020-07-07,SARIMA,120D,5,0.1632438651841996,0.14751867008403766,High
2020-07-08,SARIMA,120D,5,0.1641315864591808,0.16185773367275172,High
2020-07-09,SARIMA,120D,5,0.1675613131080968,0.16262478098052568,High
2020-07-10,SARIMA,120D,5,0.1584901514287329,0.16598592799590955,High
2020-07-13,SARIMA,120D,5,0.1743150013564955,0.15712631521691647,High
2020-07-14,SARIMA,120D,5,0.1461329380615657,0.1724186120209017,High
2020-07-15,SARIMA,120D,5,0.1441495125085727,0.14474595424703188,High
2020-07-16,SARIMA,120D,5,0.1532550311051622,0.14275878395083988,High
2020-07-17,SARIMA,120D,5,0.1651487286253314,0.15188983577277215,High
2020-07-20,SARIMA,120D,5,0.1622537687637066,0.16335137633688293,High
2020-07-21,SARIMA,120D,5,0.1539998118125251,0.1609899379048453,High
2020-07-22,SARIMA,120D,5,0.1486848832486209,0.15254786878155052,High
2020-07-23,SARIMA,120D,5,0.1633543180475938,0.14717503352128572,High
2020-07-24,SARIMA,120D,5,0.1658034450031268,0.16162510249054202,High
2020-07-27,SARIMA,120D,5,0.1512195153833661,0.16420908241149285,Normal
2020-07-28,SARIMA,120D,5,0.165817408437774,0.14987168825922575,Normal
2020-07-29,SARIMA,120D,5,0.1673050424625422,0.16425191594414165,Normal
2020-07-30,SARIMA,120D,5,0.1713790173873104,0.16549479976940515,Normal
2020-07-31,SARIMA,120D,5,0.1607226284821964,0.16965345365627454,Normal
2020-08-03,SARIMA,120D,5,0.1571765833308549,0.15932529007233193,Normal
2020-08-04,SARIMA,120D,5,0.1520812171435677,0.15549551169915138,Normal
2020-08-05,SARIMA,120D,5,0.1196587415819495,0.1506114616747611,Normal
2020-08-06,SARIMA,120D,5,0.122964914340045,0.11857150962460916,Normal
2020-08-07,SARIMA,120D,5,0.1028317074152965,0.12200210886499091,Normal
2020-08-10,SARIMA,120D,5,0.1160175423765833,0.10204568901714817,Normal
2020-08-11,SARIMA,120D,5,0.1378211265922712,0.11508202123813491,Normal
2020-08-12,SARIMA,120D,5,0.1249298849140025,0.1369191039277603,Normal
2020-08-13,SARIMA,120D,5,0.137774005234081,0.12379123357603078,Normal
2020-08-14,SARIMA,120D,5,0.1418358222381239,0.13673742535825473,Normal
2020-08-17,SARIMA,120D,5,0.1465017522069896,0.14037270533569643,Normal
2020-08-18,SARIMA,120D,5,0.1430868663654514,0.1448797150022432,Normal
2020-08-19,SARIMA,120D,5,0.1471557451882419,0.14189850393260342,Normal
2020-08-20,SARIMA,120D,5,0.1456631652344834,0.14562570621463294,Low
2020-08-21,SARIMA,120D,5,0.1469279361776734,0.14424983031086255,Low
2020-08-24,SARIMA,120D,5,0.1363648862973545,0.14549109135846658,Low
2020-08-25,SARIMA,120D,5,0.1324545332028974,0.1351532485748245,Low
2020-08-26,SARIMA,120D,5,0.1178849176308125,0.13120822432774246,Low
2020-08-27,SARIMA,120D,5,0.1143566525033385,0.11688625449397338,Low
2020-08-28,SARIMA,120D,5,0.0998837567600575,0.11337177953331642,Low
2020-08-31,SARIMA,120D,5,0.1033366615470924,0.09921676080067171,Low
2020-09-01,SARIMA,120D,5,0.1071274977973724,0.10255186687518716,Low
2020-09-02,SARIMA,120D,5,0.0670950532293308,0.1064159569626559,Low
2020-09-03,SARIMA,120D,5,0.0980911150777175,0.06676919276453132,High
2020-09-04,SARIMA,120D,5,0.129769569057686,0.09749593130272471,High
2020-09-08,SARIMA,120D,5,0.1498047194046441,0.12857059498919313,High
2020-09-09,SARIMA,120D,5,0.1167076228476626,0.1483467841020131,High
2020-09-10,SARIMA,120D,5,0.1209408307086675,0.11616670743627813,High
2020-09-11,SARIMA,120D,5,0.1397162568892893,0.1195464674323013,High
2020-09-14,SARIMA,120D,5,0.1216812786402409,0.13807106720296933,High
2020-09-15,SARIMA,120D,5,0.1305308934536718,0.12039276200150642,High
2020-09-16,SARIMA,120D,5,0.1411727441168119,0.12972950200430156,High
2020-09-17,SARIMA,120D,5,0.1599625191460221,0.1398175715819047,High
2020-09-18,SARIMA,120D,5,0.1722229794213815,0.15820303350107673,High
2020-09-21,SARIMA,120D,5,0.1903324829880924,0.17072237234253373,High
2020-09-22,SARIMA,120D,5,0.1782985496111204,0.1882994633490941,High
2020-09-23,SARIMA,120D,5,0.2051811331756537,0.17639687409489013,High
2020-09-24,SARIMA,120D,5,0.1873275675550769,0.2028438745169715,High
2020-09-25,SARIMA,120D,5,0.1708742426571335,0.18528854452333696,High
2020-09-28,SARIMA,120D,5,0.1618926077016218,0.1689762378303791,High
2020-09-29,SARIMA,120D,5,0.1590567722867318,0.16044794947737365,High
2020-09-30,SARIMA,120D,5,0.1453545931180034,0.15720860213051716,High
2020-10-01,SARIMA,120D,5,0.1453022269864379,0.14418397149919604,High
2020-10-02,SARIMA,120D,5,0.1714204585115253,0.14411896605619734,High
2020-10-05,SARIMA,120D,5,0.1527389598822376,0.16982290163591762,High
2020-10-06,SARIMA,120D,5,0.1636481948601107,0.15131043589868143,High
2020-10-07,SARIMA,120D,5,0.150016984682289,0.16220464852742988,High
2020-10-08,SARIMA,120D,5,0.153794602215094,0.14859387562610304,High
2020-10-09,SARIMA,120D,5,0.1593744947965849,0.1520267327784338,High
2020-10-12,SARIMA,120D,5,0.1421179596974639,0.15803994437891483,High
2020-10-13,SARIMA,120D,5,0.1499189970247339,0.14066987981952114,High
2020-10-14,SARIMA,120D,5,0.1607759200493851,0.14864847204531925,High
2020-10-15,SARIMA,120D,5,0.1699951316992854,0.15917197161491492,High
2020-10-16,SARIMA,120D,5,0.1696641231679154,0.16825303299937774,High
2020-10-19,SARIMA,120D,5,0.1894178585599206,0.16818437716249807,High
2020-10-20,SARIMA,120D,5,0.1806055589191893,0.18740540806301215,High
2020-10-21,SARIMA,120D,5,0.1938367743318788,0.17866933016445366,High
2020-10-22,SARIMA,120D,5,0.1922337437189057,0.19174939269733854,High
2020-10-23,SARIMA,120D,5,0.1834732155047582,0.1902736999497225,High
2020-10-26,SARIMA,120D,5,0.1954121274850024,0.1813968114711226,High
2020-10-27,SARIMA,120D,5,0.2077053537553012,0.19350506197639858,High
2020-10-28,SARIMA,120D,5,0.2343775580033245,0.20539336169681735,High
2020-10-29,SARIMA,120D,5,0.2333704429588582,0.2318928859943698,High
2020-10-30,SARIMA,120D,5,0.2473548409687007,0.23097996292826226,High
