Date,Model,Horizon,Fold,Actual,Prediction,Regime
2015-06-10,ARIMAX,1D,1,0.0017371167565281,0.0007950528502961917,Low
2015-06-11,ARIMAX,1D,1,-0.0070188746531027,6.542090532585906e-05,Low
2015-06-12,ARIMAX,1D,1,-0.0046332896217713,-8.233184163113055e-05,Low
2015-06-15,ARIMAX,1D,1,0.0056737305157538,-0.00031922632480074547,Low
2015-06-16,ARIMAX,1D,1,0.0019776843950728,0.00030352256334815217,Low
2015-06-17,ARIMAX,1D,1,0.0098540000540088,0.00041219724446248324,Low
2015-06-18,ARIMAX,1D,1,-0.0053176152379496,0.0005494018295819149,Low
2015-06-19,ARIMAX,1D,1,0.0060763679815421,-0.0005516797886910994,Low
2015-06-22,ARIMAX,1D,1,0.0006356664251933,0.00037363976166477947,Low
2015-06-23,ARIMAX,1D,1,-0.0073804657183052,-4.966143902435016e-05,Low
2015-06-24,ARIMAX,1D,1,-0.0029780041565964,-0.0005091665568742723,Low
2015-06-25,ARIMAX,1D,1,-0.0003901557449223,2.912633186419301e-06,Low
2015-06-26,ARIMAX,1D,1,-0.0210869695086115,-5.030891297339443e-05,Low
2015-06-29,ARIMAX,1D,1,0.0026549623524674,-8.297191388988044e-06,Normal
2015-06-30,ARIMAX,1D,1,0.006912096434637,0.0009026390697898078,Normal
2015-07-01,ARIMAX,1D,1,-0.0003080701895465,0.0006594746542395766,Normal
2015-07-02,ARIMAX,1D,1,-0.0038692326988974,0.0003344571557909248,Normal
2015-07-06,ARIMAX,1D,1,0.0060625605938687,0.0005149078381782359,Normal
2015-07-07,ARIMAX,1D,1,-0.0167929649121416,0.0005140735331025279,Normal
2015-07-08,ARIMAX,1D,1,0.0022596476448199,0.00025846678844303433,Normal
2015-07-09,ARIMAX,1D,1,0.0122629863850077,0.0008684477801618799,Normal
2015-07-10,ARIMAX,1D,1,0.0110052685073551,0.0004686959835669176,Normal
2015-07-13,ARIMAX,1D,1,0.0044432732365001,0.00012203393460648366,Normal
2015-07-14,ARIMAX,1D,1,-0.0007352563007372,-0.0003728813583275126,Normal
2015-07-15,ARIMAX,1D,1,0.0079827334444757,-0.0008855005841297505,Normal
2015-07-16,ARIMAX,1D,1,0.0011055716244507,-0.0006061651632749127,Normal
2015-07-17,ARIMAX,1D,1,0.0007709366240016,-0.000905377362940367,Normal
2015-07-20,ARIMAX,1D,1,-0.004270796242723,-0.0009211347450173808,Normal
2015-07-21,ARIMAX,1D,1,-0.0023905650201902,-0.00044470477827218956,Normal
2015-07-22,ARIMAX,1D,1,-0.0056922102113794,-0.000568514202414691,Normal
2015-07-23,ARIMAX,1D,1,-0.0107610206966611,-0.0003020470887354382,Normal
2015-07-24,ARIMAX,1D,1,-0.0057917550650641,-9.921319260695541e-06,Normal
2015-07-27,ARIMAX,1D,1,0.0123100738018893,-0.00037079639485086577,Normal
2015-07-28,ARIMAX,1D,1,0.0072921429273836,0.0008520044749272253,Normal
2015-07-29,ARIMAX,1D,1,2.836690402236809e-05,0.0002346504486024111,Normal
2015-07-30,ARIMAX,1D,1,-0.0022741038010517,-2.0564762513208006e-05,Normal
2015-07-31,ARIMAX,1D,1,-0.0027606939449045,-0.000494599175252966,Normal
2015-08-03,ARIMAX,1D,1,-0.0022522391669328,-0.0005805655085341978,Normal
2015-08-04,ARIMAX,1D,1,0.0031098381854906,-0.0004199487058420162,Normal
2015-08-05,ARIMAX,1D,1,-0.0077831959225621,0.0003050350800561272,Low
2015-08-06,ARIMAX,1D,1,-0.0028790228563377,-5.186694357509184e-05,Low
2015-08-07,ARIMAX,1D,1,0.012726835632025,0.0006153210204125302,Low
2015-08-10,ARIMAX,1D,1,-0.0096030646801822,0.0005874270339065083,Low
2015-08-11,ARIMAX,1D,1,0.0009496036382146,-0.00039942580797613675,Low
2015-08-12,ARIMAX,1D,1,-0.0012760258683812,0.0006404049881418718,Low
2015-08-13,ARIMAX,1D,1,0.0039043322743591,0.00028317479728533126,Low
2015-08-14,ARIMAX,1D,1,0.0051978917094029,0.0001409010723400478,Low
2015-08-17,ARIMAX,1D,1,-0.0026289829356331,3.771748763978234e-05,Low
2015-08-18,ARIMAX,1D,1,-0.0082891364095971,-0.0005572824457266478,Low
2015-08-19,ARIMAX,1D,1,-0.0213259604541461,-0.00016759892245260148,Low
2015-08-20,ARIMAX,1D,1,-0.0323692425218784,0.0002815656396349533,Normal
2015-08-21,ARIMAX,1D,1,-0.0402114443465191,0.0024034321686839267,High
2015-08-24,ARIMAX,1D,1,-0.0136142497426558,0.008171142701727507,High
2015-08-25,ARIMAX,1D,1,0.0382912994345316,0.0033439903493310916,High
2015-08-26,ARIMAX,1D,1,0.02400725448969,0.0002724391886189622,High
2015-08-27,ARIMAX,1D,1,0.0006085511568762,-0.0006842263125486952,High
2015-08-28,ARIMAX,1D,1,-0.0084270786639841,-0.000679278071981084,High
2015-08-31,ARIMAX,1D,1,-0.0300226498424279,-0.0006355911742043198,High
2015-09-01,ARIMAX,1D,1,0.0181276714232146,0.0014492749883492939,High
2015-09-02,ARIMAX,1D,1,0.0011641156994188,-0.0021031370895521263,High
2015-09-03,ARIMAX,1D,1,-0.0154483087542762,-0.0003261256531678067,High
2015-09-04,ARIMAX,1D,1,0.0247736371970385,0.0008566844345627026,High
2015-09-08,ARIMAX,1D,1,-0.0139950357690847,-0.0013667683044374407,High
2015-09-09,ARIMAX,1D,1,0.0052640754449356,-0.00012909610825623575,High
2015-09-10,ARIMAX,1D,1,0.0044770064449862,-0.0013549773931696267,High
2015-09-11,ARIMAX,1D,1,-0.0040980412230438,-0.0014649562375572218,High
2015-09-14,ARIMAX,1D,1,0.0127496876314323,-0.0014753710794020037,High
2015-09-15,ARIMAX,1D,1,0.0086677407153759,-0.0016057122747830906,High
2015-09-16,ARIMAX,1D,1,-0.00256434444256,-0.0022672855189373614,High
2015-09-17,ARIMAX,1D,1,-0.0162962309543835,-0.0015678224236320825,High
2015-09-18,ARIMAX,1D,1,0.0045553920336726,-0.0009913721319683199,High
2015-09-21,ARIMAX,1D,1,-0.0123949300193783,-0.0011933230528674995,High
2015-09-22,ARIMAX,1D,1,-0.0020507442295939,-0.0001387739746227674,High
2015-09-23,ARIMAX,1D,1,-0.0033686518713064,-0.00011493670148211915,High
2015-09-24,ARIMAX,1D,1,-0.0004659018012205,0.00048014781851355543,High
2015-09-25,ARIMAX,1D,1,-0.0260012111628091,0.0006821104831351733,High
2015-09-28,ARIMAX,1D,1,0.0012320939129817,0.002341846307605619,High
2015-09-29,ARIMAX,1D,1,0.0188958986035651,0.0007583209337397721,High
2015-09-30,ARIMAX,1D,1,0.0019719386783371,-4.463233874881921e-06,High
2015-10-01,ARIMAX,1D,1,0.0142137930164055,0.0001334123731433175,High
2015-10-02,ARIMAX,1D,1,0.0181245935185021,0.0003344512424348146,High
2015-10-05,ARIMAX,1D,1,-0.0035946893441432,-0.0010542242238373756,High
2015-10-06,ARIMAX,1D,1,0.0080035198575527,-0.0009571631314025617,High
2015-10-07,ARIMAX,1D,1,0.0087797801445584,-0.0008196504030428251,High
2015-10-08,ARIMAX,1D,1,0.0007248485605153,-0.0007227343262230781,High
2015-10-09,ARIMAX,1D,1,0.001274664477333,-0.0009490544771479105,High
2015-10-12,ARIMAX,1D,1,-0.006848823690127,-0.0006148185968286858,High
2015-10-13,ARIMAX,1D,1,-0.0047274309119391,-0.0008033686289351351,High
2015-10-14,ARIMAX,1D,1,0.014743551351355,-0.00020520523369829417,High
2015-10-15,ARIMAX,1D,1,0.004560061373697,-0.00017905900597757875,High
2015-10-16,ARIMAX,1D,1,0.000270508943873,-0.00044506862677192875,High
2015-10-19,ARIMAX,1D,1,-0.0014221010558937,-0.0006331263844363799,High
2015-10-20,ARIMAX,1D,1,-0.0058424489111342,-0.000874755673143771,Normal
2015-10-21,ARIMAX,1D,1,0.0164908470125941,-0.0005560690552906509,Normal
2015-10-22,ARIMAX,1D,1,0.0109699539690427,-0.00010350606585365927,High
2015-10-23,ARIMAX,1D,1,-0.0019149330011001,-0.0007818332147979431,High
2015-10-26,ARIMAX,1D,1,-0.0025573858650877,-0.0006884393819717416,Normal
2015-10-27,ARIMAX,1D,1,0.0117704884881434,-0.0005853951858022295,Normal
2015-10-28,ARIMAX,1D,1,-0.0004498753806607,-0.00022931453243758525,Normal
2015-10-29,ARIMAX,1D,1,-0.0048214816884254,-0.0005088573580353797,Normal
2015-10-30,ARIMAX,1D,1,0.0118038763388146,-0.0001640050207011695,Normal
2015-11-02,ARIMAX,1D,1,0.0027243529250675,0.00022925494012592364,Normal
2015-11-03,ARIMAX,1D,1,-0.0035516669396471,-0.00047966630021829295,Normal
2015-11-04,ARIMAX,1D,1,-0.0011327897564983,-0.0001803751975035673,Normal
2015-11-05,ARIMAX,1D,1,-0.0003476817800236,0.00026198797292719723,Normal
2015-11-06,ARIMAX,1D,1,-0.0098712906565025,0.00014839083641877794,Normal
2015-11-09,ARIMAX,1D,1,0.0015094551534496,1.741566537367322e-05,Normal
2015-11-10,ARIMAX,1D,1,-0.0032333073215689,0.0005745361070371419,Normal
2015-11-11,ARIMAX,1D,1,-0.0140891633366326,0.0001624168042236986,Normal
2015-11-12,ARIMAX,1D,1,-0.0112706404321554,0.0005884534506941581,Normal
2015-11-13,ARIMAX,1D,1,0.0147933027942343,0.0011366298119092615,Normal
2015-11-16,ARIMAX,1D,1,-0.0013402770182465,0.000807346115862682,Normal
2015-11-17,ARIMAX,1D,1,0.0160332298771722,0.0004230779404320121,Normal
2015-11-18,ARIMAX,1D,1,-0.0011237403289792,0.00040966525792158565,Normal
2015-11-19,ARIMAX,1D,1,0.0038029552801494,-0.0004080152591834519,Normal
2015-11-20,ARIMAX,1D,1,-0.001235623841684,-0.0004138472599518117,Normal
2015-11-23,ARIMAX,1D,1,0.0012212499449607,-0.0003156540818197214,Normal
2015-11-24,ARIMAX,1D,1,-0.0001291406149671,-0.00027318971066897827,Normal
2015-11-25,ARIMAX,1D,1,0.0005934415594808,0.00011097075336518168,Normal
2015-11-27,ARIMAX,1D,1,-0.0046518001396184,7.588733761926448e-05,Normal
2015-11-30,ARIMAX,1D,1,0.0106239389467392,-0.0012629421459964835,Normal
2015-12-01,ARIMAX,1D,1,-0.0110565926394489,0.0003113074919545959,Normal
2015-12-02,ARIMAX,1D,1,-0.01447782644415,4.272585628844494e-05,Normal
2015-12-03,ARIMAX,1D,1,0.0203178563638512,0.0006859059365331312,Normal
2015-12-04,ARIMAX,1D,1,-0.0070140439603977,0.0005300796812337908,Normal
2015-12-07,ARIMAX,1D,1,-0.0065110526255945,-0.00033968000122058204,Normal
2015-12-08,ARIMAX,1D,1,-0.0077690863656927,-8.600428636439355e-05,Normal
2015-12-09,ARIMAX,1D,1,0.0022488565785946,0.0007403089303504738,Normal
2015-12-10,ARIMAX,1D,1,-0.0196138677558153,0.00023333728299574556,Normal
2015-12-11,ARIMAX,1D,1,0.004744288064068,0.0013761717236044943,High
2015-12-14,ARIMAX,1D,1,0.0105625801059143,0.000875880317304627,Normal
2015-12-15,ARIMAX,1D,1,0.0144106356507714,0.0005109086362142888,Normal
2015-12-16,ARIMAX,1D,1,-0.0151547766358764,-8.598492649306102e-05,High
2015-12-17,ARIMAX,1D,1,-0.0179574950071068,0.00054664362742109,Normal
2015-12-18,ARIMAX,1D,1,0.0077483067271562,0.00023452633083575773,High
2015-12-21,ARIMAX,1D,1,0.0087780955915688,1.4450939004034834e-05,High
2015-12-22,ARIMAX,1D,1,0.0123415965275538,-0.00010026343722994421,High
2015-12-23,ARIMAX,1D,1,-0.0015999154038633,-0.0002803117697220037,High
2015-12-24,ARIMAX,1D,1,-0.002180936456306,-0.0006610283482452557,High
2015-12-28,ARIMAX,1D,1,0.0105736641730229,-0.0018020577585685744,High
2015-12-29,ARIMAX,1D,1,-0.0072433987837785,-0.0009354799100960017,High
2015-12-30,ARIMAX,1D,1,-0.0094564850414678,-0.0009196101121382038,High
2015-12-31,ARIMAX,1D,1,-0.0154220417978059,-0.00028736299791428164,High
2016-01-04,ARIMAX,1D,1,0.0020102041393599,0.0005454995650315307,High
2016-01-05,ARIMAX,1D,1,-0.013202163002626,0.00035995659752884,High
2016-01-06,ARIMAX,1D,1,-0.0239858165193447,0.001081786929808548,High
2016-01-07,ARIMAX,1D,1,-0.0108975374458479,0.002086095617701456,High
2016-01-08,ARIMAX,1D,1,0.0008529082958226,0.0025666840951470266,High
2016-01-11,ARIMAX,1D,1,0.0077725141177746,0.0009575224092676708,High
2016-01-12,ARIMAX,1D,1,-0.0252823750779089,0.0008913151063586081,High
2016-01-13,ARIMAX,1D,1,0.0165580609343839,0.0027268255557637,High
2016-01-14,ARIMAX,1D,1,-0.0218357726981623,0.0007834208263050803,High
2016-01-15,ARIMAX,1D,1,0.0005316801874288,0.002202889751075293,High
2016-01-19,ARIMAX,1D,1,-0.0117627660258983,0.0010137299918014933,High
2016-01-20,ARIMAX,1D,1,0.005181988635948,0.002552380002198021,High
2016-01-21,ARIMAX,1D,1,0.0200807268822134,0.0010328536278245777,High
2016-01-22,ARIMAX,1D,1,-0.0157615451728214,-0.000620741449645975,High
2016-01-25,ARIMAX,1D,1,0.0140452378303679,0.0006245727660384079,High
2016-01-26,ARIMAX,1D,1,-0.0109229223005284,-0.0005671087052984323,High
2016-01-27,ARIMAX,1D,1,0.0055133507175915,0.0003266488950899112,High
2016-01-28,ARIMAX,1D,1,0.0244586509945564,-0.00031409339614589776,High
2016-01-29,ARIMAX,1D,1,-0.0004433348455418,-0.0007723735921001341,High
2016-02-01,ARIMAX,1D,1,-0.0189209687182314,-0.0009628215506515391,High
2016-02-02,ARIMAX,1D,1,0.004979620021574,5.159097771858319e-05,High
2016-02-03,ARIMAX,1D,1,0.0015255682925234,-0.0002755345210513254,High
2016-02-04,ARIMAX,1D,1,-0.0186541582763518,-0.0005509094231982296,High
2016-02-05,ARIMAX,1D,1,-0.0142550579230573,0.0011192730475539923,High
2016-02-08,ARIMAX,1D,1,-0.0006638406467602,0.00167702611548501,High
2016-02-09,ARIMAX,1D,1,-0.0001889681307609,0.0009413670268503114,High
2016-02-10,ARIMAX,1D,1,-0.0123774473292562,0.000950398833728103,High
2016-02-11,ARIMAX,1D,1,0.0193300152070459,0.001881719667456965,High
2016-02-12,ARIMAX,1D,1,0.0163817377416849,-0.00018101278156742288,High
2016-02-16,ARIMAX,1D,1,0.0163461106256413,-0.0006131633920927309,High
2016-02-17,ARIMAX,1D,1,-0.0046766321239347,-0.0010438403022502737,High
2016-02-18,ARIMAX,1D,1,-2.60332818018429e-05,-0.0009221381865745301,High
2016-02-19,ARIMAX,1D,1,0.014350731099076,-0.001284220456418516,High
2016-02-22,ARIMAX,1D,1,-0.0125325775707884,-0.0012012965750873412,High
2016-02-23,ARIMAX,1D,1,0.0044299600346319,-0.0003620636671420604,High
2016-02-24,ARIMAX,1D,1,0.0112843667304508,0.00019858557804535093,High
2016-02-25,ARIMAX,1D,1,-0.0018718653295646,-0.0005231851343341572,High
2016-02-26,ARIMAX,1D,1,-0.0081541310915717,-0.0006747080932845747,High
2016-02-29,ARIMAX,1D,1,0.0235883854016187,0.0002719155146616513,High
2016-03-01,ARIMAX,1D,1,0.0040859498611019,-0.0006501762749899511,High
2016-03-02,ARIMAX,1D,1,0.0034926343203169,-0.0008900991854718614,High
2016-03-03,ARIMAX,1D,1,0.0033004398659416,-0.0009029397932379812,High
2016-03-04,ARIMAX,1D,1,0.0008846228008639,-0.0009843648712805429,High
2016-03-07,ARIMAX,1D,1,-0.0113037560560061,-0.0009046750460810777,High
2016-03-08,ARIMAX,1D,1,0.0050396727828142,-0.00010293291002456278,High
2016-03-09,ARIMAX,1D,1,0.0001557927971226,-0.00015277190408133768,High
2016-03-10,ARIMAX,1D,1,0.0162625455888514,0.00042188581515213757,High
2016-03-11,ARIMAX,1D,1,-0.0012617686166118,8.80164101754564e-06,Normal
2016-03-14,ARIMAX,1D,1,-0.0018386309343179,-0.00035866294773984173,Normal
2016-03-15,ARIMAX,1D,1,0.0055847278817799,-0.0005193362423058452,Normal
2016-03-16,ARIMAX,1D,1,0.0065735830685963,-9.298336908111383e-05,Normal
2016-03-17,ARIMAX,1D,1,0.0043959672510261,-0.00037484616759529677,Normal
2016-03-18,ARIMAX,1D,1,0.0009850919042923,-0.0007033445386880596,Normal
2016-03-21,ARIMAX,1D,1,-0.0008777728967722,-0.00022424191656861853,Normal
2016-03-22,ARIMAX,1D,1,-0.0064065095306671,-0.00047167788785640953,Normal
2016-03-23,ARIMAX,1D,1,-0.0003781417793768,-0.00040397275089174364,Normal
2016-03-24,ARIMAX,1D,1,0.0005451068880723,9.414591730182471e-05,Normal
2016-03-28,ARIMAX,1D,1,0.0087780120542374,-1.2585371294863118e-05,Normal
2016-03-29,ARIMAX,1D,1,0.0043408799935662,0.0004164979508637848,Normal
2016-03-30,ARIMAX,1D,1,-0.0020418423596207,0.00021730575281727244,Low
2016-03-31,ARIMAX,1D,1,0.0063109590665997,-0.00022123284522351195,Low
2016-04-01,ARIMAX,1D,1,-0.0032134800458546,0.000530085010949832,Low
2016-04-04,ARIMAX,1D,1,-0.0101962984117945,-0.0005258207949115699,Low
2016-04-05,ARIMAX,1D,1,0.0104527979320131,-6.647839468331367e-05,Low
2016-04-06,ARIMAX,1D,1,-0.0120480739700048,0.0007787386984947894,Low
2016-04-07,ARIMAX,1D,1,0.0027827026046162,5.6984834847027706e-05,Normal
2016-04-08,ARIMAX,1D,1,-0.0027435458896038,0.0007861033095623146,Normal
2016-04-11,ARIMAX,1D,1,0.0096157538813899,0.000521246136750035,Low
2016-04-12,ARIMAX,1D,1,0.0099900697685578,0.0005025909079313608,Low
2016-04-13,ARIMAX,1D,1,0.0001729124301324,0.0003041391400359865,Low
2016-04-14,ARIMAX,1D,1,-0.0009847695761459,-0.0002624775340414921,Low
2016-04-15,ARIMAX,1D,1,0.0065197256137979,-0.0003080312831481175,Low
2016-04-18,ARIMAX,1D,1,0.0030797379028665,-0.00013354859977695202,Low
2016-04-19,ARIMAX,1D,1,0.0007612550492345,-0.0004136568337934838,Low
2016-04-20,ARIMAX,1D,1,-0.005207562857292,-0.00017207906603502877,Low
2016-04-21,ARIMAX,1D,1,4.785857954074228e-05,-0.00018284804025048688,Low
2016-04-22,ARIMAX,1D,1,-0.0018136896207629,0.00030919636055599763,Low
2016-04-25,ARIMAX,1D,1,0.0018710001742369,-0.00021216557613170433,Low
2016-04-26,ARIMAX,1D,1,0.0016479941117468,0.00015471037910423446,Low
2016-04-27,ARIMAX,1D,1,-0.0092736360615616,0.0002686406439731738,Low
2016-04-28,ARIMAX,1D,1,-0.0050759492305571,0.00010164402396712068,Low
2016-04-29,ARIMAX,1D,1,0.0077796066972441,0.0004940113065478747,Low
2016-05-02,ARIMAX,1D,1,-0.0087144993883958,0.0005833230010678243,Low
2016-05-03,ARIMAX,1D,1,-0.0059545827054725,0.00038631013870714923,Low
2016-05-04,ARIMAX,1D,1,-0.0002390366927941,0.000651225380451244,Low
2016-05-05,ARIMAX,1D,1,0.0031696105535526,0.0007118073785636668,Low
2016-05-06,ARIMAX,1D,1,0.0007532133076099,0.0007950825634424704,Low
2016-05-09,ARIMAX,1D,1,0.0124063652360373,0.00045059320843255756,Low
2016-05-10,ARIMAX,1D,1,-0.0096075228778687,0.00045465653433788254,Low
2016-05-11,ARIMAX,1D,1,-0.0001694792679642,-0.000139688739341857,Low
2016-05-12,ARIMAX,1D,1,-0.0085144341617524,0.00041930281585498056,Low
2016-05-13,ARIMAX,1D,1,0.0097489763896127,0.0004629355721158584,Low
2016-05-16,ARIMAX,1D,1,-0.0094558635521628,0.0003983054242735239,Low
2016-05-17,ARIMAX,1D,1,0.0002051576864012,0.00047933307957289447,Low
2016-05-18,ARIMAX,1D,1,-0.0037135945227206,0.0005584308106571604,Low
2016-05-19,ARIMAX,1D,1,0.0060014592228046,0.0005550319690341489,Low
2016-05-20,ARIMAX,1D,1,-0.0020876365681016,0.00042491997589398666,Low
2016-05-23,ARIMAX,1D,1,0.0135886375339901,0.00011565588291185935,Low
2016-05-24,ARIMAX,1D,1,0.0069505296515834,0.00017637639072796266,Normal
2016-05-25,ARIMAX,1D,1,-0.0002104660499285,-0.0003503174291485922,Normal
2016-05-26,ARIMAX,1D,1,0.0042776949394394,-0.0003975506135454303,Normal
2016-05-27,ARIMAX,1D,1,-0.0010057686205899,-0.0005138878648546957,Normal
2016-05-31,ARIMAX,1D,1,0.0011343986539261,-0.001183662270571324,Normal
2016-06-01,ARIMAX,1D,1,0.0028206961669861,1.9544090473770817e-05,Low
2016-06-02,ARIMAX,1D,1,-0.0029160622366948,0.00017828834474970708,Low
2016-06-03,ARIMAX,1D,1,0.0048853285193636,0.00018567798787491417,Low
2016-06-06,ARIMAX,1D,1,0.0012886156291976,-0.00017775483131640834,Low
2016-06-07,ARIMAX,1D,1,0.0033041019719547,-0.0003731654390235957,Low
2016-06-08,ARIMAX,1D,1,-0.0017192355978938,-0.00020630738382435026,Low
2016-06-09,ARIMAX,1D,1,-0.0092175324101661,-6.566792589048357e-05,Low
2016-06-10,ARIMAX,1D,1,-0.0081482987897094,-0.00023635261599299444,Low
2016-06-13,ARIMAX,1D,1,-0.0018005050719719,0.0004962375059326825,Low
2016-06-14,ARIMAX,1D,1,-0.0018424090638101,0.0011558292557326511,Low
2016-06-15,ARIMAX,1D,1,0.0031280931110455,0.0013969052440470637,Low
2016-06-16,ARIMAX,1D,1,-0.0032632841446089,0.001448719466553734,Low
2016-06-17,ARIMAX,1D,1,0.0057913827784231,0.0008703642116331388,Low
2016-06-20,ARIMAX,1D,1,0.0027083906042097,0.0011594588535741265,Low
2016-06-21,ARIMAX,1D,1,-0.0016529289965758,0.0005236654477648585,Low
2016-06-22,ARIMAX,1D,1,0.0132755670719551,0.0007212279235566247,Low
2016-06-23,ARIMAX,1D,1,-0.0365807928055826,0.0003726208378944617,Low
2016-06-24,ARIMAX,1D,1,-0.0182622465117027,0.0003431690902100732,Normal
2016-06-27,ARIMAX,1D,1,0.0176141216040879,0.0017666569584694574,Normal
2016-06-28,ARIMAX,1D,1,0.0168892429712539,2.341232647510859e-05,High
2016-06-29,ARIMAX,1D,1,0.0134738631494661,-6.10766438006578e-06,High
2016-06-30,ARIMAX,1D,1,0.001946706293032,-0.0002646210801243993,High
2016-07-01,ARIMAX,1D,1,-0.0068710289855987,-0.0011268815947904343,High
2016-07-05,ARIMAX,1D,1,0.0053386870582759,-0.0018543772830050674,High
2016-07-06,ARIMAX,1D,1,-0.000871957886733,-0.0010459048782676637,High
2016-07-07,ARIMAX,1D,1,0.0151381865659924,-0.0008443479048286766,High
2016-07-08,ARIMAX,1D,2,0.0034028193119982,-0.0005621088801421709,High
2016-07-11,ARIMAX,1D,2,0.0069848423073457,-0.0016686867105131513,High
2016-07-12,ARIMAX,1D,2,0.0001347586749817,-0.0018226827254592738,High
2016-07-13,ARIMAX,1D,2,0.0052454228016969,-0.001171724288002362,High
2016-07-14,ARIMAX,1D,2,-0.0009293790598711,-0.0016137155096761268,High
2016-07-15,ARIMAX,1D,2,0.0023794618218687,-0.0011767041754949178,High
2016-07-18,ARIMAX,1D,2,-0.0014362045004153,-0.001353085006343771,High
2016-07-19,ARIMAX,1D,2,0.0042612083157639,-0.0010970758945794848,High
2016-07-20,ARIMAX,1D,2,-0.0036190698565249,-0.0013954900554197514,High
2016-07-21,ARIMAX,1D,2,0.0045436267895102,-0.001869117811006299,High
2016-07-22,ARIMAX,1D,2,-0.0030160187399297,-0.0007924351151832125,High
2016-07-25,ARIMAX,1D,2,0.0003227321607194,-0.0010596262330194999,Normal
2016-07-26,ARIMAX,1D,2,-0.0011992609468086,-0.0002849387210108099,Normal
2016-07-27,ARIMAX,1D,2,0.0016049204480924,0.0002638852652827187,Low
2016-07-28,ARIMAX,1D,2,0.0016299801176578,0.00020271782784558618,Low
2016-07-29,ARIMAX,1D,2,-0.001270594147491,0.0007300109740586284,Low
2016-08-01,ARIMAX,1D,2,-0.0063819408126676,-0.00019711663434626505,Low
2016-08-02,ARIMAX,1D,2,0.003129042716071,5.0290529617643735e-05,Low
2016-08-03,ARIMAX,1D,2,0.000212549299489,0.0005299031202978384,Low
2016-08-04,ARIMAX,1D,2,0.00856669728938,0.0005199163149570775,Low
2016-08-05,ARIMAX,1D,2,-0.0009075772915415,0.0008866999574221385,Low
2016-08-08,ARIMAX,1D,2,0.0003897179865559,6.642706745685047e-05,Low
2016-08-09,ARIMAX,1D,2,-0.0028687970634882,-8.745708419057082e-05,Low
2016-08-10,ARIMAX,1D,2,0.0047234151024436,-3.988227512320062e-06,Low
2016-08-11,ARIMAX,1D,2,-0.000796363386914,0.0002827007769286158,Low
2016-08-12,ARIMAX,1D,2,0.0027890162945217,0.00034480702654746045,Low
2016-08-15,ARIMAX,1D,2,-0.0054941422164782,-0.00015312730236467957,Low
2016-08-16,ARIMAX,1D,2,0.0018668460061555,-0.0003464890410793269,Low
2016-08-17,ARIMAX,1D,2,0.0021972016963824,0.0005942027897071931,Low
2016-08-18,ARIMAX,1D,2,-0.0014413095687681,0.0007021095283617222,Low
2016-08-19,ARIMAX,1D,2,-0.0005634818833231,0.00035705103544404434,Low
2016-08-22,ARIMAX,1D,2,0.0019498671783617,-0.0004323974088243468,Low
2016-08-23,ARIMAX,1D,2,-0.0052540552596718,5.892703385965772e-05,Low
2016-08-24,ARIMAX,1D,2,-0.0013661603966454,-0.00014426349559056956,Low
2016-08-25,ARIMAX,1D,2,-0.0015800642387132,0.000440570251246344,Low
2016-08-26,ARIMAX,1D,2,0.0052144284286743,0.0009787632523683481,Low
2016-08-29,ARIMAX,1D,2,-0.0019555914071227,0.0008831742540822901,Low
2016-08-30,ARIMAX,1D,2,-0.0023786911055626,0.00037136991557794444,Low
2016-08-31,ARIMAX,1D,2,-4.138538941144249e-05,0.00019919196304943966,Low
2016-09-01,ARIMAX,1D,2,0.0041922415990346,0.0006307409130884771,Low
2016-09-02,ARIMAX,1D,2,0.0029772423700053,0.0013219606375429694,Low
2016-09-06,ARIMAX,1D,2,-0.0001463959382934,0.00018697566903504254,Low
2016-09-07,ARIMAX,1D,2,-0.0022254881924702,0.0003124035046220723,Low
2016-09-08,ARIMAX,1D,2,-0.0248277424108364,-0.0002724545438259435,Low
2016-09-09,ARIMAX,1D,2,0.0145703872334344,-0.0019600811604966665,Low
2016-09-12,ARIMAX,1D,2,-0.0149417482782108,0.0013487635416146464,Normal
2016-09-13,ARIMAX,1D,2,-0.0005878493998128,-6.111972256541617e-05,Normal
2016-09-14,ARIMAX,1D,2,0.0100585164494398,0.0008701316740848348,Normal
2016-09-15,ARIMAX,1D,2,-0.0037794277955721,0.0009723496294282761,Normal
2016-09-16,ARIMAX,1D,2,-1.8603233824686035e-05,5.38792212007153e-06,Normal
2016-09-19,ARIMAX,1D,2,0.0002990934842341,0.0003285903575647507,Normal
2016-09-20,ARIMAX,1D,2,0.0108580003336359,-0.00036795706643486317,Normal
2016-09-21,ARIMAX,1D,2,0.0064787519176421,0.0004525017220565439,Normal
2016-09-22,ARIMAX,1D,2,-0.0057532929597187,-6.544839155745654e-05,Normal
2016-09-23,ARIMAX,1D,2,-0.008624850117916,-0.0009127040947551078,Normal
2016-09-26,ARIMAX,1D,2,0.0064234951652981,-0.002009351715174161,Normal
2016-09-27,ARIMAX,1D,2,0.0052825766036424,7.929188610672381e-05,Normal
2016-09-28,ARIMAX,1D,2,-0.0093651277300811,-0.00014735886933414373,Normal
2016-09-29,ARIMAX,1D,2,0.0079363925880277,-0.0010029450467562739,Normal
2016-09-30,ARIMAX,1D,2,-0.0032660231815271,-0.00014083275539902165,Normal
2016-10-03,ARIMAX,1D,2,-0.004967881786362,-0.0007706215978485177,Normal
2016-10-04,ARIMAX,1D,2,0.0042874862311969,-0.00025158762783755923,Normal
2016-10-05,ARIMAX,1D,2,0.0004814438526045,-0.00030236991075861786,Normal
2016-10-06,ARIMAX,1D,2,-0.0032587874416142,-0.0005795291517179733,Normal
2016-10-07,ARIMAX,1D,2,0.0045953303173243,-0.0002480551964743349,Normal
2016-10-10,ARIMAX,1D,2,-0.0125245776977559,-9.767459210376546e-05,Normal
2016-10-11,ARIMAX,1D,2,0.0011459322063988,-0.000386327592420054,Low
2016-10-12,ARIMAX,1D,2,-0.0031040764122339,0.00011440701156807808,Low
2016-10-13,ARIMAX,1D,2,0.0002015841591211,0.0003077284358849363,Low
2016-10-14,ARIMAX,1D,2,-0.0030426181118402,0.0008829090482964074,Low
2016-10-17,ARIMAX,1D,2,0.0061415056056986,0.0006211241731423102,Low
2016-10-18,ARIMAX,1D,2,0.0021895721553504,0.00033598884606623905,Low
2016-10-19,ARIMAX,1D,2,-0.0013766711313809,0.0003888772924234702,Low
2016-10-20,ARIMAX,1D,2,-8.414514015477906e-05,0.0004540574494793993,Low
2016-10-21,ARIMAX,1D,2,0.0047385946474273,0.00023874750036509968,Low
2016-10-24,ARIMAX,1D,2,-0.0038049574647063,-1.6394075757382514e-05,Low
2016-10-25,ARIMAX,1D,2,-0.0017419279211872,-0.00024233256640568445,Low
2016-10-26,ARIMAX,1D,2,-0.0029911959060088,-0.00021098892597840407,Low
2016-10-27,ARIMAX,1D,2,-0.003113140139625,-2.670438182904587e-05,Low
2016-10-28,ARIMAX,1D,2,-0.0001222838841985,0.0006157372759307481,Low
2016-10-31,ARIMAX,1D,2,-0.006810019108735,0.00043091069351579086,Low
2016-11-01,ARIMAX,1D,2,-0.006546884453454,0.001160957927092135,Low
2016-11-02,ARIMAX,1D,2,-0.0044332130226093,0.0012888114518981905,Low
2016-11-03,ARIMAX,1D,2,-0.0016675202716929,0.0010793743500236677,Low
2016-11-04,ARIMAX,1D,2,0.0219801997294649,0.0014961308127838904,Low
2016-11-07,ARIMAX,1D,2,0.0037648783971575,0.0009131636777953479,Normal
2016-11-08,ARIMAX,1D,2,0.011016119879656,0.00039345717686660887,Low
2016-11-09,ARIMAX,1D,2,0.0019488457160953,0.0008072682711281904,Low
2016-11-10,ARIMAX,1D,2,-0.0013989283477976,-0.00033580987889509744,Low
2016-11-11,ARIMAX,1D,2,-0.0001155094571832,-0.00020787850960992407,Low
2016-11-14,ARIMAX,1D,2,0.0074529550220894,-0.00035665957485408507,Low
2016-11-15,ARIMAX,1D,2,-0.0015835165223759,0.0002270021840054118,Low
2016-11-16,ARIMAX,1D,2,0.0046654693611979,-0.00043012184693962254,Low
2016-11-17,ARIMAX,1D,2,-0.0023896513655484,-0.00011887610768710788,Low
2016-11-18,ARIMAX,1D,2,0.0074337020708738,8.747236084159335e-05,Low
2016-11-21,ARIMAX,1D,2,0.002163091103593,-0.00029914582237336614,Normal
2016-11-22,ARIMAX,1D,2,0.0008076981569088,-0.000463875010684666,Normal
2016-11-23,ARIMAX,1D,2,0.0039067456134237,-0.00044385085623752443,Low
2016-11-25,ARIMAX,1D,2,-0.0052683892547352,-0.00019310098493004448,Low
2016-11-28,ARIMAX,1D,2,0.0013344023532619,-0.0015223809904336047,Normal
2016-11-29,ARIMAX,1D,2,-0.0026569305551563,-6.090036348179808e-05,Low
2016-11-30,ARIMAX,1D,2,-0.0035217229667638,-0.00043122517100198474,Low
2016-12-01,ARIMAX,1D,2,0.0003969277200846,-7.595692509205636e-05,Low
2016-12-02,ARIMAX,1D,2,0.0058044269267436,0.000336868815177498,Low
2016-12-05,ARIMAX,1D,2,0.0034050844688746,0.000988957826982319,Low
2016-12-06,ARIMAX,1D,2,0.0130773587447233,0.0003735413404245898,Low
2016-12-07,ARIMAX,1D,2,0.0021570150168711,-0.0004895124155627117,Low
2016-12-08,ARIMAX,1D,2,0.0059214185329697,-0.0004762843324506415,Low
2016-12-09,ARIMAX,1D,2,-0.0011380822905995,0.0002009930453640272,Low
2016-12-12,ARIMAX,1D,2,0.0065184832012369,-0.0009332988914240294,Low
2016-12-13,ARIMAX,1D,2,-0.0081502954618586,-0.0002888932562154589,Low
2016-12-14,ARIMAX,1D,2,0.0038757076875535,0.0002585073032113752,Low
2016-12-15,ARIMAX,1D,2,-0.0017521567509802,0.0004356875919884692,Low
2016-12-16,ARIMAX,1D,2,0.0019731727152112,0.0004770743447474889,Low
2016-12-19,ARIMAX,1D,2,0.0036309124011527,0.0006046105113270856,Low
2016-12-20,ARIMAX,1D,2,-0.0024603857246776,0.00013538446822292625,Low
2016-12-21,ARIMAX,1D,2,-0.0018647112223965,0.00012401478701829782,Low
2016-12-22,ARIMAX,1D,2,0.0012509325350792,-0.00018127306651322608,Low
2016-12-23,ARIMAX,1D,2,0.0022458489045486,-3.182502575677255e-05,Low
2016-12-27,ARIMAX,1D,2,-0.0083916407097715,-0.0005073070726972594,Low
2016-12-28,ARIMAX,1D,2,-0.0002933477318683,-0.00010693937643232139,Low
2016-12-29,ARIMAX,1D,2,-0.0046478346968542,2.783015303061785e-06,Low
2016-12-30,ARIMAX,1D,2,0.0084507667531571,0.00025336230367401365,Low
2017-01-03,ARIMAX,1D,2,0.0057059637705494,0.0007470812908289765,Low
2017-01-04,ARIMAX,1D,2,-0.0007709676024811,0.0006130463239167884,Low
2017-01-05,ARIMAX,1D,2,0.003510789180579,-3.357551293606205e-05,Low
2017-01-06,ARIMAX,1D,2,-0.0035549054715596,0.0003184753672989829,Low
2017-01-09,ARIMAX,1D,2,0.0,-0.00043455574815839465,Low
2017-01-10,ARIMAX,1D,2,0.0028256423891019,5.8493397966842725e-05,Low
2017-01-11,ARIMAX,1D,2,-0.0021471123937296,0.00023486505542099498,Low
2017-01-12,ARIMAX,1D,2,0.0018481313951466,2.6432131423309688e-05,Low
2017-01-13,ARIMAX,1D,2,-0.0029719144562184,0.0004069378236870385,Low
2017-01-17,ARIMAX,1D,2,0.0017622004698093,-0.000492386309134063,Low
2017-01-18,ARIMAX,1D,2,-0.0036158376243193,-0.00030515146616326086,Low
2017-01-19,ARIMAX,1D,2,0.0033605840612999,0.0003925226071203779,Low
2017-01-20,ARIMAX,1D,2,-0.0026937496460698,0.0010265086018215696,Low
2017-01-23,ARIMAX,1D,2,0.0065431405289623,0.00024957943049239606,Low
2017-01-24,ARIMAX,1D,2,0.0079940527959686,0.0005161021518965013,Low
2017-01-25,ARIMAX,1D,2,-0.0007356549352631,-5.50211288948889e-05,Low
2017-01-26,ARIMAX,1D,2,-0.0008668394897415,-0.00011591709429230811,Low
2017-01-27,ARIMAX,1D,2,-0.0060276734960966,5.479203203585632e-06,Low
2017-01-30,ARIMAX,1D,2,-0.0008903016080325,-0.0011625793881326672,Low
2017-01-31,ARIMAX,1D,2,0.0002983189881162,1.0735187930330057e-05,Low
2017-02-01,ARIMAX,1D,2,0.000570146838691,0.0007816233774505767,Low
2017-02-02,ARIMAX,1D,2,0.0072384968545536,0.0003135021874008607,Low
2017-02-03,ARIMAX,1D,2,-0.0021175975137091,0.0008557643935495163,Low
2017-02-06,ARIMAX,1D,2,0.0002268034638457,-0.0002775266115028341,Low
2017-02-07,ARIMAX,1D,2,0.0006930821486096,9.45899908196154e-05,Low
2017-02-08,ARIMAX,1D,2,0.0057360637359602,-0.00014159155300581802,Low
2017-02-09,ARIMAX,1D,2,0.003559706822009,0.0003957263484040241,Low
2017-02-10,ARIMAX,1D,2,0.0052321335840112,-4.807121937308333e-05,Low
2017-02-13,ARIMAX,1D,2,0.0039993271956725,-0.00041002730378357223,Low
2017-02-14,ARIMAX,1D,2,0.0049798886657344,6.620270813682553e-05,Low
2017-02-15,ARIMAX,1D,2,-0.0008644916015501,-0.0014778206124967045,Low
2017-02-16,ARIMAX,1D,2,0.0016771493272371,0.00021375920468768992,Low
2017-02-17,ARIMAX,1D,2,0.0060298500200691,0.00014878205265825883,Low
2017-02-21,ARIMAX,1D,2,-0.001082786146804,-0.00020329499535954616,Low
2017-02-22,ARIMAX,1D,2,0.0004188989712592,-0.00016233455616723692,Low
2017-02-23,ARIMAX,1D,2,0.0014922502320316,0.00023767038468642748,Low
2017-02-24,ARIMAX,1D,2,0.0010174652677336,0.00034271482857183987,Low
2017-02-27,ARIMAX,1D,2,-0.0025817061151949,-0.000369615224218789,Low
2017-02-28,ARIMAX,1D,2,0.0135812110837253,-0.000272290191034772,Low
2017-03-01,ARIMAX,1D,2,-0.0058771169721052,0.00039710777515481783,Low
2017-03-02,ARIMAX,1D,2,0.0005037503685347,0.0009039773326511054,Low
2017-03-03,ARIMAX,1D,2,-0.0032826227635658,0.0006732540840571557,Low
2017-03-06,ARIMAX,1D,2,-0.0029176259020898,-0.00015152819312156751,Low
2017-03-07,ARIMAX,1D,2,-0.0022868279640638,-0.00015543097855246773,Low
2017-03-08,ARIMAX,1D,2,0.0007995756127663,8.358824501326539e-05,Low
2017-03-09,ARIMAX,1D,2,0.0032633397058585,3.102666520580488e-05,Low
2017-03-10,ARIMAX,1D,2,0.0003665656191696,0.0008436264785799149,Low
2017-03-13,ARIMAX,1D,2,-0.003384748980891,0.0003067358234383896,Low
2017-03-14,ARIMAX,1D,2,0.0083398791246863,-0.0006392780345667854,Low
2017-03-15,ARIMAX,1D,2,-0.0016280347991836,0.0003897633855492452,Low
2017-03-16,ARIMAX,1D,2,-0.0013151792642314,0.0004436482650655357,Low
2017-03-17,ARIMAX,1D,2,-0.0020119160803802,-0.0003698001129871051,Low
2017-03-20,ARIMAX,1D,2,-0.0124855945901021,0.00025574914804236195,Low
2017-03-21,ARIMAX,1D,2,0.0018881028474626,-4.572227168836897e-06,Low
2017-03-22,ARIMAX,1D,2,-0.00106083214483,0.00020029350596492652,Low
2017-03-23,ARIMAX,1D,2,-0.0008443522139384,0.00030426459154553993,Low
2017-03-24,ARIMAX,1D,2,-0.0010201075858456,0.0007814387324527105,Low
2017-03-27,ARIMAX,1D,2,0.0072253088296239,0.0006767319173262967,Low
2017-03-28,ARIMAX,1D,2,0.0010847362038301,0.0006568727232670984,Low
2017-03-29,ARIMAX,1D,2,0.002930810911705,3.157962264636146e-05,Low
2017-03-30,ARIMAX,1D,2,-0.0022575939382668,-0.00025083908565083586,Low
2017-03-31,ARIMAX,1D,2,-0.0016434753080133,-0.0008106646715591995,Low
2017-04-03,ARIMAX,1D,2,0.0005593660746613,0.0003028982083844919,Low
2017-04-04,ARIMAX,1D,2,-0.0030595368115221,0.0005272268271964438,Low
2017-04-05,ARIMAX,1D,2,0.0019276502937349,-0.00020630148821993775,Low
2017-04-06,ARIMAX,1D,2,-0.0008274724629448,0.0007682417406665828,Low
2017-04-07,ARIMAX,1D,2,0.0006874501357832,-5.197991152944585e-06,Low
2017-04-10,ARIMAX,1D,2,-0.0014349082919582,-0.000365932529896293,Low
2017-04-11,ARIMAX,1D,2,-0.0037670374189869,-2.546919089448605e-05,Low
2017-04-12,ARIMAX,1D,2,-0.0068380202898042,0.0003545993896349516,Low
2017-04-13,ARIMAX,1D,2,0.0085764656911072,0.001034592348575321,Low
2017-04-17,ARIMAX,1D,2,-0.0029076028458332,0.0009876374152946025,Low
2017-04-18,ARIMAX,1D,2,-0.0017178253968685,0.0005428159716370581,Low
2017-04-19,ARIMAX,1D,2,0.0075288503629738,0.0005808572624850643,Low
2017-04-20,ARIMAX,1D,2,-0.0030396881071153,0.0008010657404048452,Low
2017-04-21,ARIMAX,1D,2,0.0107817365881118,0.00011026071064983022,Low
2017-04-24,ARIMAX,1D,2,0.0060722142117511,0.0017642630331902315,Low
2017-04-25,ARIMAX,1D,2,-0.0004858214756873,-0.0004210276494781516,Low
2017-04-26,ARIMAX,1D,2,0.0005527670002992,-0.00044888610672641553,Low
2017-04-27,ARIMAX,1D,2,-0.00191497947149,0.00017096522378188883,Low
2017-04-28,ARIMAX,1D,2,0.0017307918268938,-0.0006030045618116256,Low
2017-05-01,ARIMAX,1D,2,0.0011883435858115,0.0005915731800106258,Low
2017-05-02,ARIMAX,1D,2,-0.0012721693958273,-0.0007747010347362668,Low
2017-05-03,ARIMAX,1D,2,0.0005819332878695,-0.00014956064058163434,Low
2017-05-04,ARIMAX,1D,2,0.0040803594074783,0.00014719019826638552,Low
2017-05-05,ARIMAX,1D,2,3.7445271907879016e-05,-0.0002270453278734928,Low
2017-05-08,ARIMAX,1D,2,-0.0010257745567932,0.0006141449120168554,Low
2017-05-09,ARIMAX,1D,2,0.0011299627174494,-0.00030834612420231573,Low
2017-05-10,ARIMAX,1D,2,-0.0021651513741066,-0.0005281455347549605,Low
2017-05-11,ARIMAX,1D,2,-0.0014795353407942,-0.0003834098789837396,Low
2017-05-12,ARIMAX,1D,2,0.0047651423030152,0.00028973344006632217,Low
2017-05-15,ARIMAX,1D,2,-0.000687133036986,-6.95672688057204e-05,Low
2017-05-16,ARIMAX,1D,2,-0.018345468171115,-8.890896947911108e-05,Low
2017-05-17,ARIMAX,1D,2,0.0036800386272159,-0.003924326462257986,Low
2017-05-18,ARIMAX,1D,2,0.0067447032082007,0.0009850932387661677,Low
2017-05-19,ARIMAX,1D,2,0.0051468632960084,0.0015795921660872083,Low
2017-05-22,ARIMAX,1D,2,0.0018361851723804,0.0008318935077855355,Low
2017-05-23,ARIMAX,1D,2,0.0024860338045762,-4.704523339810165e-06,Low
2017-05-24,ARIMAX,1D,2,0.0044321120419781,3.602457236207454e-05,Low
2017-05-25,ARIMAX,1D,2,0.0003105017853024,-0.0006164029940333094,Low
2017-05-26,ARIMAX,1D,2,-0.0012053507295338,-0.0002931145117590447,Low
2017-05-30,ARIMAX,1D,2,-0.0004600746199513,-0.001173937038856967,Low
2017-05-31,ARIMAX,1D,2,0.0075425955848472,-0.00044171817803916074,Low
2017-06-01,ARIMAX,1D,2,0.003700874618046,0.0001907493935214258,Low
2017-06-02,ARIMAX,1D,2,-0.0012184071404286,-0.00024843234758016315,Low
2017-06-05,ARIMAX,1D,2,-0.002782908666204,-0.0007665904162543756,Low
2017-06-06,ARIMAX,1D,2,0.0015670287963475,-0.0008709435256090141,Low
2017-06-07,ARIMAX,1D,2,0.0002671690356647,-0.0003440144638980007,Low
2017-06-08,ARIMAX,1D,2,-0.0008303338661872,-1.107683104921785e-05,Low
2017-06-09,ARIMAX,1D,2,-0.0009792424797181,-0.00025129358477357915,Low
2017-06-12,ARIMAX,1D,2,0.0045013588432301,-0.0008617800136111254,Low
2017-06-13,ARIMAX,1D,2,-0.0009963269653176,0.0006993346303777365,Low
2017-06-14,ARIMAX,1D,2,-0.0022421097968403,-0.0003168337071840168,Low
2017-06-15,ARIMAX,1D,2,0.0002835991500596,7.57874897611078e-05,Low
2017-06-16,ARIMAX,1D,2,0.0083125832068939,0.0003814526037322668,Low
2017-06-19,ARIMAX,1D,2,-0.0067191604469316,0.0001745484980953169,Low
2017-06-20,ARIMAX,1D,2,-0.0005828141932715,-0.00013002015935551726,Low
2017-06-21,ARIMAX,1D,2,-0.000455885972438,0.0003138460263864335,Low
2017-06-22,ARIMAX,1D,2,0.001559698555409,0.0003870413462365172,Low
2017-06-23,ARIMAX,1D,2,0.0003157519397323,0.00020445282223298728,Low
2017-06-26,ARIMAX,1D,2,-0.0081055865756729,0.0006621291197660834,Low
2017-06-27,ARIMAX,1D,2,0.008769501646551,-0.000745168197563615,Low
2017-06-28,ARIMAX,1D,2,-0.0086372168441413,0.0008777650452908319,Low
2017-06-29,ARIMAX,1D,2,0.0015320576108735,-0.0006691557386843373,Low
2017-06-30,ARIMAX,1D,2,0.0023081679791475,0.0005056329621739528,Low
2017-07-03,ARIMAX,1D,2,0.0014522240362887,0.00032327435011211613,Low
2017-07-05,ARIMAX,1D,2,-0.0094129873068661,-0.00035329609192592294,Low
2017-07-06,ARIMAX,1D,2,0.0063827125696158,-0.0008418524515243623,Low
2017-07-07,ARIMAX,1D,2,0.0009273361035125,0.000901196070322227,Low
2017-07-10,ARIMAX,1D,2,-0.0007829870660821,-0.00013274145519340214,Low
2017-07-11,ARIMAX,1D,2,0.0072790509478214,0.0002417417347955834,Low
2017-07-12,ARIMAX,1D,2,0.001872829473473,0.00018422188114218337,Low
2017-07-13,ARIMAX,1D,2,0.0046626161700092,-0.0001730127092790774,Low
2017-07-14,ARIMAX,1D,2,-5.291423670686425e-05,1.0550534894945723e-05,Low
2017-07-17,ARIMAX,1D,2,0.0005976786981109,-0.000992940387199779,Low
2017-07-18,ARIMAX,1D,2,0.0053582582160534,-0.00063044135699848,Low
2017-07-19,ARIMAX,1D,2,-0.000153671088607,-0.0004183085563713708,Low
2017-07-20,ARIMAX,1D,2,-0.0003679393292088,-0.00017022565932766674,Low
2017-07-21,ARIMAX,1D,2,-0.0010643009954088,-0.0001382074569387696,Low
2017-07-24,ARIMAX,1D,2,0.002918907519898,-0.00043310851399713985,Low
2017-07-25,ARIMAX,1D,2,0.0002826240061194,-0.0006291197843024532,Low
2017-07-26,ARIMAX,1D,2,-0.0009731616373937,-0.0003379342029319356,Low
2017-07-27,ARIMAX,1D,2,-0.001342015678116,-0.00032854279168493714,Low
2017-07-28,ARIMAX,1D,2,-0.0007284108345598,-4.2125609946417505e-05,Low
2017-07-31,ARIMAX,1D,2,0.0024461207749384,0.00014664196573814913,Low
2017-08-01,ARIMAX,1D,2,0.0004925274073474,0.00022367453289304597,Low
2017-08-02,ARIMAX,1D,2,-0.0021860418349456,3.3057385205011084e-06,Low
2017-08-03,ARIMAX,1D,2,0.0018873214175395,7.0311598254679e-05,Low
2017-08-04,ARIMAX,1D,2,0.0016458446442804,0.0006956576298305667,Low
2017-08-07,ARIMAX,1D,3,-0.0024173522303853,0.00022765081242014603,Low
2017-08-08,ARIMAX,1D,3,-0.0003636747927123,-0.00048371664378653545,Low
2017-08-09,ARIMAX,1D,3,-0.0145802184007415,0.0003151074311686282,Low
2017-08-10,ARIMAX,1D,3,0.0012747571279871,-0.002769258781917797,Low
2017-08-11,ARIMAX,1D,3,0.0099936512460494,0.0010699556806674682,Low
2017-08-14,ARIMAX,1D,3,-0.0004989323268834,0.0016331392320460306,Low
2017-08-15,ARIMAX,1D,3,0.0014190955233323,0.00036322521544481494,Low
2017-08-16,ARIMAX,1D,3,-0.0155573424871914,0.0004012123507260317,Low
2017-08-17,ARIMAX,1D,3,-0.0018370536613519,-0.001779405106640671,Low
2017-08-18,ARIMAX,1D,3,0.0011619757145661,0.0009707923827965312,Low
2017-08-21,ARIMAX,1D,3,0.009891695260625,0.0009911171251376458,Low
2017-08-22,ARIMAX,1D,3,-0.003459570132639,0.0010533282826840809,Low
2017-08-23,ARIMAX,1D,3,-0.0020766167471384,-0.0007601068983493873,Low
2017-08-24,ARIMAX,1D,3,0.0016714716689374,-2.3345746949990275e-05,Low
2017-08-25,ARIMAX,1D,3,0.000486953473296,0.0004206547177097107,Low
2017-08-28,ARIMAX,1D,3,0.0008424667620097,-0.0003654691111922494,Low
2017-08-29,ARIMAX,1D,3,0.004604531788061,-0.00038672506987689196,Low
2017-08-30,ARIMAX,1D,3,0.0057046735847135,6.175819757588846e-05,Low
2017-08-31,ARIMAX,1D,3,0.0019805780423351,-0.0002255065714912524,Low
2017-09-01,ARIMAX,1D,3,-0.0075794585521449,-0.00017664218746773203,Low
2017-09-05,ARIMAX,1D,3,0.0031238424931441,-0.0020996373320571055,Low
2017-09-06,ARIMAX,1D,3,-0.0001784520448537,2.1756277054963196e-05,Low
2017-09-07,ARIMAX,1D,3,-0.0014899601434577,-0.0002722961472265871,Low
2017-09-08,ARIMAX,1D,3,0.010780975197147,-0.0004645004860965662,Low
2017-09-11,ARIMAX,1D,3,0.0033583025948831,0.000638141100847455,Low
2017-09-12,ARIMAX,1D,3,0.0007568342480825,-0.00046935006245034903,Low
2017-09-13,ARIMAX,1D,3,-0.0011013238508279,-0.0005287142068542236,Low
2017-09-14,ARIMAX,1D,3,0.0018454775461593,-0.00047051339813622585,Low
2017-09-15,ARIMAX,1D,3,0.0014548619291293,-0.00034290813682098814,Low
2017-09-18,ARIMAX,1D,3,0.0011095796167313,8.109777509791116e-05,Low
2017-09-19,ARIMAX,1D,3,0.0006341467023094,-0.00019052692969504043,Low
2017-09-20,ARIMAX,1D,3,-0.0030505659469148,0.0003775307018104911,Low
2017-09-21,ARIMAX,1D,3,0.000647583995167,0.00027523341771919306,Low
2017-09-22,ARIMAX,1D,3,-0.0022245226998538,4.923744505648395e-05,Low
2017-09-25,ARIMAX,1D,3,7.216412589487934e-05,-0.0004617901369430201,Low
2017-09-26,ARIMAX,1D,3,0.0040768224019879,0.0002718215568628775,Low
2017-09-27,ARIMAX,1D,3,0.001203890628938,0.0003983406783365414,Low
2017-09-28,ARIMAX,1D,3,0.0036982630684988,0.0002573388728399017,Low
2017-09-29,ARIMAX,1D,3,0.0038665188297123,-8.373622226937207e-05,Low
2017-10-02,ARIMAX,1D,3,0.0021565111846609,-0.0002173333415661834,Low
2017-10-03,ARIMAX,1D,3,0.0012459436611136,-0.0002522502108306346,Low
2017-10-04,ARIMAX,1D,3,0.0056309040312927,-0.00021894409958202554,Low
2017-10-05,ARIMAX,1D,3,-0.0010742111652397,0.0002493387000936561,Low
2017-10-06,ARIMAX,1D,3,-0.0018060638680135,-0.00064503875866753,Low
2017-10-09,ARIMAX,1D,3,0.002319719630478,-0.000331141578996681,Low
2017-10-10,ARIMAX,1D,3,0.0018018829296635,0.00036989449330383203,Low
2017-10-11,ARIMAX,1D,3,-0.0016881771203513,0.0003215109814875017,Low
2017-10-12,ARIMAX,1D,3,0.0008777220048463,0.00019612943891087804,Low
2017-10-13,ARIMAX,1D,3,0.0017492225323057,0.0005126701260588161,Low
2017-10-16,ARIMAX,1D,3,0.0006723529054339,-0.00014261196634367046,Low
2017-10-17,ARIMAX,1D,3,0.0007420595113295,-0.00024300562749005676,Low
2017-10-18,ARIMAX,1D,3,0.0003279441150104,0.0004069235432780897,Low
2017-10-19,ARIMAX,1D,3,0.0051037961850303,0.0003156039303323218,Low
2017-10-20,ARIMAX,1D,3,-0.0039803953129971,7.742872944418545e-05,Low
2017-10-23,ARIMAX,1D,3,0.001616600874558,-0.0005213975250869811,Low
2017-10-24,ARIMAX,1D,3,-0.0046739556872599,0.0001611446235510298,Low
2017-10-25,ARIMAX,1D,3,0.0012701392506023,0.0006507624142658115,Low
2017-10-26,ARIMAX,1D,3,0.008040609979727,0.00026726770058610726,Low
2017-10-27,ARIMAX,1D,3,-0.0031975773767407,0.001419209020331492,Low
2017-10-30,ARIMAX,1D,3,0.0009440129366793,-0.00044953682152641016,Low
2017-10-31,ARIMAX,1D,3,0.0015908441079038,0.0003497346994379056,Low
2017-11-01,ARIMAX,1D,3,0.0001899477696667,0.0001325074359443326,Low
2017-11-02,ARIMAX,1D,3,0.0030922893263143,0.0004001114868011456,Low
2017-11-03,ARIMAX,1D,3,0.0012704438847764,0.000935389485960071,Low
2017-11-06,ARIMAX,1D,3,-0.0001891208050819,-0.0003474652324301051,Low
2017-11-07,ARIMAX,1D,3,0.0014426139320604,-0.00042023912477886805,Low
2017-11-08,ARIMAX,1D,3,-0.0037689813393701,0.0001483215844663806,Low
2017-11-09,ARIMAX,1D,3,-0.0008980469760537,-0.0003389181652011258,Low
2017-11-10,ARIMAX,1D,3,0.000983150911293,-0.00040855571563566315,Low
2017-11-13,ARIMAX,1D,3,-0.0023122805602819,0.00018742892652846984,Low
2017-11-14,ARIMAX,1D,3,-0.0055409987421236,0.00034207215277739914,Low
2017-11-15,ARIMAX,1D,3,0.0081626527829724,-0.00043803585178102015,Low
2017-11-16,ARIMAX,1D,3,-0.0026294169788973,0.0011131197625150228,Low
2017-11-17,ARIMAX,1D,3,0.0012748698887901,0.00043348436069922096,Low
2017-11-20,ARIMAX,1D,3,0.0065198388797526,0.0007403353648139697,Low
2017-11-21,ARIMAX,1D,3,-0.0007505427033295,0.0006114632471907667,Low
2017-11-22,ARIMAX,1D,3,0.0020539842782319,-0.00027178156525553624,Low
2017-11-24,ARIMAX,1D,3,-0.0003843315868032,0.00027931054304052385,Low
2017-11-27,ARIMAX,1D,3,0.0098003321967936,-0.0009181155729408743,Low
2017-11-28,ARIMAX,1D,3,-0.0003692938827907,-0.0004472556680394279,Low
2017-11-29,ARIMAX,1D,3,0.0081575866628111,-0.0007140918190385809,Low
2017-11-30,ARIMAX,1D,3,-0.0020265829358053,-0.0007105245447132613,Low
2017-12-01,ARIMAX,1D,3,-0.0010527105492864,0.0006001330864007925,Low
2017-12-04,ARIMAX,1D,3,-0.0037463905259553,0.0001871479934685385,Low
2017-12-05,ARIMAX,1D,3,-0.0001141121705303,0.0007423005102728973,Low
2017-12-06,ARIMAX,1D,3,0.0029280670101093,0.0003055096868510825,Low
2017-12-07,ARIMAX,1D,3,0.0054912020355181,0.0007994438682482685,Low
2017-12-08,ARIMAX,1D,3,0.0031968421216958,0.0003859269392795072,Low
2017-12-11,ARIMAX,1D,3,0.0015477237220895,-4.76580006156914e-05,Low
2017-12-12,ARIMAX,1D,3,-0.0004730689701501,-0.0010069257287318185,Low
2017-12-13,ARIMAX,1D,3,-0.0040791677307626,-0.0004462776497655464,Low
2017-12-14,ARIMAX,1D,3,0.0089343134101427,-5.298937671077704e-05,Low
2017-12-15,ARIMAX,1D,3,0.0053484785795975,0.0005086330903961782,Low
2017-12-18,ARIMAX,1D,3,-0.0032354980431185,-0.00020110921796559633,Low
2017-12-19,ARIMAX,1D,3,-0.0008282360735725,-0.00042874000129203727,Low
2017-12-20,ARIMAX,1D,3,0.0019836870126583,0.0004038958642456941,Low
2017-12-21,ARIMAX,1D,3,-0.0004582716381137,-0.00014476875223785995,Low
2017-12-22,ARIMAX,1D,3,-0.0010589757000585,-0.0002503408478085573,Low
2017-12-26,ARIMAX,1D,3,0.0007906283102422,-0.0002887728886152141,Low
2017-12-27,ARIMAX,1D,3,0.0018323190029195,-0.00023712348614168707,Low
2017-12-28,ARIMAX,1D,3,-0.0051966322927482,0.00020933389438863672,Low
2017-12-29,ARIMAX,1D,3,0.0082690782183981,-0.00033710741378942916,Low
2018-01-02,ARIMAX,1D,3,0.006378433243936,0.0007742611888712427,Low
2018-01-03,ARIMAX,1D,3,0.0040205428553269,0.0003483137704438647,Low
2018-01-04,ARIMAX,1D,3,0.0070091458885853,-0.0004309332120957196,Low
2018-01-05,ARIMAX,1D,3,0.0016609637672969,-0.00033121494450666887,Low
2018-01-08,ARIMAX,1D,3,0.0013020835172984,-0.0008716589404902769,Low
2018-01-09,ARIMAX,1D,3,-0.0011128458115206,-0.0009394748581573803,Low
2018-01-10,ARIMAX,1D,3,0.007009025768882,0.00010247103466343708,Low
2018-01-11,ARIMAX,1D,3,0.006726926399094,-0.00040184359044432476,Low
2018-01-12,ARIMAX,1D,3,-0.0035307132616026,-0.0005356751567345186,Low
2018-01-16,ARIMAX,1D,3,0.009371006206502,-0.000851155679648687,Low
2018-01-17,ARIMAX,1D,3,-0.0016176974974736,-8.496771139062806e-05,Low
2018-01-18,ARIMAX,1D,3,0.0043756479869901,-0.00024797923271720115,Low
2018-01-19,ARIMAX,1D,3,0.0080343643822132,0.0005152257659462481,Low
2018-01-22,ARIMAX,1D,3,0.0021720049682223,0.00010735714447080685,Low
2018-01-23,ARIMAX,1D,3,-0.000560132547232,-0.00035962481600140903,Low
2018-01-24,ARIMAX,1D,3,0.0006024393988328,-5.037055474925607e-05,Low
2018-01-25,ARIMAX,1D,3,0.0117716381060841,5.944436120304934e-05,Low
2018-01-26,ARIMAX,1D,3,-0.006754736284863,0.00020530625399895334,Low
2018-01-29,ARIMAX,1D,3,-0.010958642805337,-0.0019973094841271815,Low
2018-01-30,ARIMAX,1D,3,0.0004888658586947,-1.9884458878071227e-05,Low
2018-01-31,ARIMAX,1D,3,-0.0006482983520233,0.0011373964774419464,Low
2018-02-01,ARIMAX,1D,3,-0.0214366805166988,0.0004761941284411805,Low
2018-02-02,ARIMAX,1D,3,-0.0418425409383814,-0.0003572073227440317,Normal
2018-02-05,ARIMAX,1D,3,0.017290573348937,-0.0008776008981497779,High
2018-02-06,ARIMAX,1D,3,-0.0050141382237526,0.0007425262412460616,High
2018-02-07,ARIMAX,1D,3,-0.0382590522458017,0.0017201577925220555,High
2018-02-08,ARIMAX,1D,3,0.0148256451995243,0.004884675730433593,High
2018-02-09,ARIMAX,1D,3,0.0138186656781862,0.0017369087663309571,High
2018-02-12,ARIMAX,1D,3,0.0026095219802775,-0.00021370664000270513,High
2018-02-13,ARIMAX,1D,3,0.013313439808897,-0.00019041426544014423,High
2018-02-14,ARIMAX,1D,3,0.0119968617767752,-0.0009576680136298161,High
2018-02-15,ARIMAX,1D,3,0.0003733996499216,-0.0018349462580997257,High
2018-02-16,ARIMAX,1D,3,-0.0058585171068373,-0.0018044055250425756,High
2018-02-20,ARIMAX,1D,3,-0.0055116644833109,-0.00137032574714791,High
2018-02-21,ARIMAX,1D,3,0.0009730774855778,-0.0005268971495387807,High
2018-02-22,ARIMAX,1D,3,0.015901278245121,-0.0006259603660366444,High
2018-02-23,ARIMAX,1D,3,0.0116884386206273,-0.000961227537307255,High
2018-02-26,ARIMAX,1D,3,-0.0127883114414675,-0.0016921623725587333,High
2018-02-27,ARIMAX,1D,3,-0.011157806083656,-0.0018338679109384049,High
2018-02-28,ARIMAX,1D,3,-0.0134139658548764,-0.0007067764950912024,High
2018-03-01,ARIMAX,1D,3,0.0050587854851985,4.6204674612554004e-05,High
2018-03-02,ARIMAX,1D,3,0.0109716176105265,-0.00026598965112833675,High
2018-03-05,ARIMAX,1D,3,0.0026353829319968,-0.0003945197561895088,High
2018-03-06,ARIMAX,1D,3,-0.0004839918257163,-0.0003965413372604719,High
2018-03-07,ARIMAX,1D,3,0.0044531482088846,-0.0005863154480454696,High
2018-03-08,ARIMAX,1D,3,0.0172295467412075,-0.0008814649300657155,High
2018-03-09,ARIMAX,1D,3,-0.0012747973379984,-0.00029612536810232304,Normal
2018-03-12,ARIMAX,1D,3,-0.0063839104143147,-0.001083296350106848,Normal
2018-03-13,ARIMAX,1D,3,-0.0057409698251887,9.873839493337564e-05,Normal
2018-03-14,ARIMAX,1D,3,-0.0007822363990965,-7.906263132579582e-05,Normal
2018-03-15,ARIMAX,1D,3,0.0017019979472317,0.0001417464460512478,Normal
2018-03-16,ARIMAX,1D,3,-0.0143060405413734,-5.923716923892284e-05,Normal
2018-03-19,ARIMAX,1D,3,0.0014807086617189,0.00023119991052796975,Normal
2018-03-20,ARIMAX,1D,3,-0.0018456921256294,0.0003988577753825473,Normal
2018-03-21,ARIMAX,1D,3,-0.0254848869728544,0.0005366274452315329,Normal
2018-03-22,ARIMAX,1D,3,-0.0211898073117506,0.0004198233116304407,High
2018-03-23,ARIMAX,1D,3,0.0267950407060353,0.0029288605803396914,High
2018-03-26,ARIMAX,1D,3,-0.0174272856453219,0.0006001827964630356,High
2018-03-27,ARIMAX,1D,3,-0.0029209188994626,0.001990896626623253,High
2018-03-28,ARIMAX,1D,3,0.0136757774938434,0.0009878107655327609,High
2018-03-29,ARIMAX,1D,3,-0.0225906823434958,0.00023035270025822534,High
2018-04-02,ARIMAX,1D,3,0.012535961315741,0.000962294446372926,High
2018-04-03,ARIMAX,1D,3,0.0115001023464467,0.0002587467011230593,High
2018-04-04,ARIMAX,1D,3,0.0068394214016512,-0.00016465816023046476,High
2018-04-05,ARIMAX,1D,3,-0.0221640670570649,-0.0009171295502116629,High
2018-04-06,ARIMAX,1D,3,0.0033309949675928,0.00044276986332823407,High
2018-04-09,ARIMAX,1D,3,0.016588598996314,-0.00024698212600967126,High
2018-04-10,ARIMAX,1D,3,-0.0055406857724611,-0.0009702505512375799,High
2018-04-11,ARIMAX,1D,3,0.008216898697657,-0.0005786011083589284,High
2018-04-12,ARIMAX,1D,3,-0.0028907998267066,-0.000719328574045362,High
2018-04-13,ARIMAX,1D,3,0.008076336801563,-0.0005926910853060948,High
2018-04-16,ARIMAX,1D,3,0.0106050716138667,-0.001366696177501452,High
2018-04-17,ARIMAX,1D,3,0.0008310204075532,-0.0012222555802056817,High
2018-04-18,ARIMAX,1D,3,-0.0057425817958325,-0.0019101704036204958,High
2018-04-19,ARIMAX,1D,3,-0.0085731771883527,-0.0013998222700115166,High
2018-04-20,ARIMAX,1D,3,5.623011118453955e-05,-0.0008439306510568215,High
2018-04-23,ARIMAX,1D,3,-0.0134708880064751,-0.0002728783773296573,High
2018-04-24,ARIMAX,1D,3,0.0018353742328236,0.0007018583338899916,High
2018-04-25,ARIMAX,1D,3,0.0103801441873769,0.0004379955772902291,High
2018-04-26,ARIMAX,1D,3,0.0011130052713638,0.00018123260001517264,High
2018-04-27,ARIMAX,1D,3,-0.0082211925489212,-9.423535854103e-05,High
2018-04-30,ARIMAX,1D,3,0.0025458021710273,0.0002534072421021152,Normal
2018-05-01,ARIMAX,1D,3,-0.0072319512014023,-7.363672498877528e-05,Normal
2018-05-02,ARIMAX,1D,3,-0.002256217585064,-4.904991937012259e-05,Normal
2018-05-03,ARIMAX,1D,3,0.0127298100283349,0.0005922707277652457,Normal
2018-05-04,ARIMAX,1D,3,0.0034519805549899,0.0008365499151952624,Normal
2018-05-07,ARIMAX,1D,3,-0.0002656766117338,-0.0001405289715148856,Normal
2018-05-08,ARIMAX,1D,3,0.0096356479348687,-9.140477760935422e-05,Normal
2018-05-09,ARIMAX,1D,3,0.0093270116038483,8.735697555133621e-05,Normal
2018-05-10,ARIMAX,1D,3,0.0017061392709612,-0.0006625030445260707,Normal
2018-05-11,ARIMAX,1D,3,0.0008830995101265,-0.0002444269397533881,Normal
2018-05-14,ARIMAX,1D,3,-0.0068656550439908,-0.0006473834906191666,Normal
2018-05-15,ARIMAX,1D,3,0.0040523398475144,-0.0013153465478776892,Normal
2018-05-16,ARIMAX,1D,3,-0.0008562387886101,0.00023475982020658025,Normal
2018-05-17,ARIMAX,1D,3,-0.0026356652545503,-7.242806390263655e-06,Normal
2018-05-18,ARIMAX,1D,3,0.0073596045479333,3.41730591059022e-05,Normal
2018-05-21,ARIMAX,1D,3,-0.0031406885928751,0.00014721404304408504,Normal
2018-05-22,ARIMAX,1D,3,0.0032431452068987,9.473091077122489e-05,Low
2018-05-23,ARIMAX,1D,3,-0.0020252629577225,0.000344428331444527,Low
2018-05-24,ARIMAX,1D,3,-0.0023600030541859,0.00027367443956414226,Low
2018-05-25,ARIMAX,1D,3,-0.0116315725117922,-0.0004045148454484046,Low
2018-05-29,ARIMAX,1D,3,0.0126158753519238,-0.0012604207067420455,Low
2018-05-30,ARIMAX,1D,3,-0.0069033332434342,0.0008699341152292405,Normal
2018-05-31,ARIMAX,1D,3,0.0107907997092398,0.0003126786559091593,Normal
2018-06-01,ARIMAX,1D,3,0.0044695948983522,0.00075352745548817,Normal
2018-06-04,ARIMAX,1D,3,0.0007023462695756,8.673482561813034e-05,Low
2018-06-05,ARIMAX,1D,3,0.0085309006373119,-0.00029279739103727284,Low
2018-06-06,ARIMAX,1D,3,-0.0007144436219845,2.5925857545175756e-05,Normal
2018-06-07,ARIMAX,1D,3,0.0031210289077513,-0.000774739390352452,Low
2018-06-08,ARIMAX,1D,3,0.0010681370069403,-0.00039484801871561364,Low
2018-06-11,ARIMAX,1D,3,0.0017418672787038,-0.000518239666526455,Low
2018-06-12,ARIMAX,1D,3,-0.0040342545414114,-0.0003906928612054038,Low
2018-06-13,ARIMAX,1D,3,0.0024685005225036,-0.00029712746606464966,Low
2018-06-14,ARIMAX,1D,3,-0.001017620315494,0.000430503658175896,Low
2018-06-15,ARIMAX,1D,3,-0.0021283911808865,-0.00012339403975384592,Low
2018-06-18,ARIMAX,1D,3,-0.0040315179513912,5.862583227148864e-06,Low
2018-06-19,ARIMAX,1D,3,0.0017106902241125,-0.0005055300374020699,Low
2018-06-20,ARIMAX,1D,3,-0.0063657288432202,0.00044959895968042107,Low
2018-06-21,ARIMAX,1D,3,0.0018602032551338,-0.00043321068059233125,Low
2018-06-22,ARIMAX,1D,3,-0.0138197229677706,0.0003464524290908978,Low
2018-06-25,ARIMAX,1D,3,0.0022021505056967,-0.0003355914522822271,Normal
2018-06-26,ARIMAX,1D,3,-0.0086415863131411,0.0010323969652550433,Low
2018-06-27,ARIMAX,1D,3,0.0061596800190312,0.0010178288478664998,Low
2018-06-28,ARIMAX,1D,3,0.000758115887517,0.0011605462545886424,Low
2018-06-29,ARIMAX,1D,3,0.0030632608342934,0.001201326086846086,Low
2018-07-02,ARIMAX,1D,3,-0.0049596292805336,0.0006471171530185382,Low
2018-07-03,ARIMAX,1D,3,0.0085838567455378,0.0008674207650693089,Low
2018-07-05,ARIMAX,1D,3,0.0084455176005801,0.00022945931977076924,Low
2018-07-06,ARIMAX,1D,3,0.0087842907853415,0.0007458302595729432,Low
2018-07-09,ARIMAX,1D,3,0.0034672493188218,-0.0002213411262834109,Low
2018-07-10,ARIMAX,1D,3,-0.0071194863719165,-0.0005721281652759998,Low
2018-07-11,ARIMAX,1D,3,0.0087109915801719,-0.0009522184645405387,Low
2018-07-12,ARIMAX,1D,3,0.0010786555366086,5.7606650074609666e-05,Low
2018-07-13,ARIMAX,1D,3,-0.0010286646208985,-0.00015663325909047462,Low
2018-07-16,ARIMAX,1D,3,0.0039658243434434,-0.000811804831011651,Low
2018-07-17,ARIMAX,1D,3,0.0021581820767374,0.00023087592328432723,Low
2018-07-18,ARIMAX,1D,3,-0.0039608268490495,-0.0005235457212103158,Low
2018-07-19,ARIMAX,1D,3,-0.0009488977712743,-0.0006894899633849809,Low
2018-07-20,ARIMAX,1D,3,0.0018363623432315,-7.831537727774875e-05,Low
2018-07-23,ARIMAX,1D,3,0.0047695188860535,1.834917756128938e-05,Low
2018-07-24,ARIMAX,1D,3,0.0090604350703727,0.00020360617727820064,Low
2018-07-25,ARIMAX,1D,3,-0.0030369027488673,-7.6110721523072846e-06,Low
2018-07-26,ARIMAX,1D,3,-0.0065838346448454,-4.8718743858891025e-05,Low
2018-07-27,ARIMAX,1D,3,-0.0057707893155871,6.853272097924449e-05,Low
2018-07-30,ARIMAX,1D,3,0.004872837219303,-0.00015780407584578034,Low
2018-07-31,ARIMAX,1D,3,-0.0010408930675711,0.0007415916563024158,Low
2018-08-01,ARIMAX,1D,3,0.0049143495822087,0.00040022760993506644,Low
2018-08-02,ARIMAX,1D,3,0.0046334320653479,0.0008796274927004901,Low
2018-08-03,ARIMAX,1D,3,0.0035319826508016,0.0002840325162662107,Low
2018-08-06,ARIMAX,1D,3,0.0028202017464857,6.323081877876202e-05,Low
2018-08-07,ARIMAX,1D,3,-0.0002624143932951,-0.0001399750375779829,Low
2018-08-08,ARIMAX,1D,3,-0.0014427146770399,-0.00015280233084975336,Low
2018-08-09,ARIMAX,1D,3,-0.0071393122632444,-0.0003928731044500009,Low
2018-08-10,ARIMAX,1D,3,-0.0040140376659802,-0.001175179478530384,Low
2018-08-13,ARIMAX,1D,3,0.0063689300164174,-8.672007491057316e-05,Low
2018-08-14,ARIMAX,1D,3,-0.0076312085813788,0.0010534093290280526,Low
2018-08-15,ARIMAX,1D,3,0.0078882145526381,-5.5194405438391295e-05,Low
2018-08-16,ARIMAX,1D,3,0.003317606375263,0.0009275489891304611,Low
2018-08-17,ARIMAX,1D,3,0.0024250749021282,0.0005626363247507671,Low
2018-08-20,ARIMAX,1D,3,0.002066399954627,-9.198770599221328e-05,Low
2018-08-21,ARIMAX,1D,3,-0.0003982310542435,-0.000393084593742855,Low
2018-08-22,ARIMAX,1D,3,-0.0016926939235351,0.0002877955802318506,Low
2018-08-23,ARIMAX,1D,3,0.0061797059282853,-1.2095915662145624e-05,Low
2018-08-24,ARIMAX,1D,3,0.0076411414071104,0.00020853931295998133,Low
2018-08-27,ARIMAX,1D,3,0.0002692420775983,-0.00034347997131712536,Low
2018-08-28,ARIMAX,1D,3,0.0056852424689116,-0.00022382234186963775,Low
2018-08-29,ARIMAX,1D,3,-0.004440172044458,-9.824504739797404e-06,Low
2018-08-30,ARIMAX,1D,3,0.0001344684673049,-0.0007661427060908066,Low
2018-08-31,ARIMAX,1D,3,-0.0016556920488793,0.00043053699088785254,Low
2018-09-04,ARIMAX,1D,3,-0.0028070628012659,4.766503038271819e-05,Low
2018-09-05,ARIMAX,1D,4,-0.0036589910366181,3.335002978477139e-05,Low
2018-09-06,ARIMAX,1D,4,-0.0022157978950144,0.0005444794265061758,Low
2018-09-07,ARIMAX,1D,4,0.0018960282146933,0.0005860219559349412,Low
2018-09-10,ARIMAX,1D,4,0.0037328656897154,0.0008482349372789506,Low
2018-09-11,ARIMAX,1D,4,0.0003566083498935,0.0008983168498441092,Low
2018-09-12,ARIMAX,1D,4,0.0052683521593913,0.0003404795607281003,Low
2018-09-13,ARIMAX,1D,4,0.0002754439007663,0.0005185088590567076,Low
2018-09-14,ARIMAX,1D,4,-0.0055852909915492,0.0003766575598137504,Low
2018-09-17,ARIMAX,1D,4,0.0053546528676252,-0.00041751364619762796,Low
2018-09-18,ARIMAX,1D,4,0.0012524880331719,0.000733912462662117,Low
2018-09-19,ARIMAX,1D,4,0.007810014185329,0.0006363741348681372,Low
2018-09-20,ARIMAX,1D,4,-0.000368600937007,-2.0753987464746577e-05,Low
2018-09-21,ARIMAX,1D,4,-0.0035218823140138,-0.00012029956440004147,Low
2018-09-24,ARIMAX,1D,4,-0.0013059484931179,-7.382376254943487e-05,Low
2018-09-25,ARIMAX,1D,4,-0.0032946996811599,0.0001374991828687614,Low
2018-09-26,ARIMAX,1D,4,0.0027594762285113,0.0004444025557002658,Low
2018-09-27,ARIMAX,1D,4,-6.870144138179519e-06,0.0008561723024365808,Low
2018-09-28,ARIMAX,1D,4,0.0036344923421985,0.0005387489229407108,Low
2018-10-01,ARIMAX,1D,4,-0.000396768910279,0.0005271502715348287,Low
2018-10-02,ARIMAX,1D,4,0.0007112667367183,0.00023932300918720972,Low
2018-10-03,ARIMAX,1D,4,-0.0082030354210098,0.000621325840088553,Low
2018-10-04,ARIMAX,1D,4,-0.0055433145846221,-0.0007189192722098035,Low
2018-10-05,ARIMAX,1D,4,-0.0003951947083496,0.0010697613305620521,Low
2018-10-08,ARIMAX,1D,4,-0.0014189098341542,0.0006583066015375307,Low
2018-10-09,ARIMAX,1D,4,-0.033416389042602,0.0008953233192741776,Low
2018-10-10,ARIMAX,1D,4,-0.0207875799725415,0.0009621500949200427,Normal
2018-10-11,ARIMAX,1D,4,0.0141062354083762,0.003256243359292973,Normal
2018-10-12,ARIMAX,1D,4,-0.0059224822913,0.0014379714268142267,Normal
2018-10-15,ARIMAX,1D,4,0.0212678280349012,0.001306437243100542,Normal
2018-10-16,ARIMAX,1D,4,-0.0002526942626648,0.0005476967239139541,High
2018-10-17,ARIMAX,1D,4,-0.0144964905753411,-0.0001295762158313678,High
2018-10-18,ARIMAX,1D,4,-0.0003612351352793,-0.0002667274198863425,High
2018-10-19,ARIMAX,1D,4,-0.0043087970964778,0.0002469281616944763,High
2018-10-22,ARIMAX,1D,4,-0.0055270761806941,0.00016770629009530146,High
2018-10-23,ARIMAX,1D,4,-0.0313507738611408,0.0006813889031678288,High
2018-10-24,ARIMAX,1D,4,0.0184537179787141,0.002572769015626823,High
2018-10-25,ARIMAX,1D,4,-0.0174791380100031,0.0005757018125375843,High
2018-10-26,ARIMAX,1D,4,-0.0065812082951939,0.0013653632408464683,High
2018-10-29,ARIMAX,1D,4,0.0155453229718774,0.0026075009817528036,High
2018-10-30,ARIMAX,1D,4,0.010792878754571,8.211237787874311e-05,High
2018-10-31,ARIMAX,1D,4,0.0105024988685292,-0.0008662757717460305,High
2018-11-01,ARIMAX,1D,4,-0.0063367210558797,-0.0008615456110536927,High
2018-11-02,ARIMAX,1D,4,0.0055846936971941,-0.000369024914742168,High
2018-11-05,ARIMAX,1D,4,0.0062397877444086,-0.0014759911473900729,High
2018-11-06,ARIMAX,1D,4,0.020987078560774,-0.0015010448294535206,High
2018-11-07,ARIMAX,1D,4,-0.0025120689884914,-0.001124774477043869,High
2018-11-08,ARIMAX,1D,4,-0.0092415859153724,-0.001335280321885662,High
2018-11-09,ARIMAX,1D,4,-0.0198981509854674,-0.0010645143773394435,High
2018-11-12,ARIMAX,1D,4,-0.0014830188221738,-0.00020741752825304124,High
2018-11-13,ARIMAX,1D,4,-0.0075961888184505,0.00015922688402621998,High
2018-11-14,ARIMAX,1D,4,0.0105380327426419,0.0012281108370955937,High
2018-11-15,ARIMAX,1D,4,0.0022208375374839,0.0007326741795401508,High
2018-11-16,ARIMAX,1D,4,-0.0167831612357214,5.09653408702018e-05,High
2018-11-19,ARIMAX,1D,4,-0.0183179955565859,0.00025063774989681815,High
2018-11-20,ARIMAX,1D,4,0.0030386693107672,0.00015357749767758256,High
2018-11-21,ARIMAX,1D,4,-0.0065764197118556,0.0003463923814805716,High
2018-11-23,ARIMAX,1D,4,0.0154129758453664,0.0006324424569020583,High
2018-11-26,ARIMAX,1D,4,0.0032563843646126,-0.00042142454683084975,High
2018-11-27,ARIMAX,1D,4,0.0227140513031137,-0.0002574871747181738,High
2018-11-28,ARIMAX,1D,4,-0.0021854945453934,-0.000681437453248139,High
2018-11-29,ARIMAX,1D,4,0.0081375477166175,-0.00073139351623676,High
2018-11-30,ARIMAX,1D,4,0.0108820017943624,-0.0012852031488128292,High
2018-12-03,ARIMAX,1D,4,-0.0329002288385561,-0.0007647963050945724,High
2018-12-04,ARIMAX,1D,4,-0.0015233879141442,3.919473016911824e-05,High
2018-12-06,ARIMAX,1D,4,-0.0235963354563222,0.0005163971069582194,High
2018-12-07,ARIMAX,1D,4,0.0017606032229163,0.0021196384250832395,High
2018-12-10,ARIMAX,1D,4,-0.0003564096753056,0.0012898186527142332,High
2018-12-11,ARIMAX,1D,4,0.0054048710103512,0.0015140250339748579,High
2018-12-12,ARIMAX,1D,4,-0.000199950312415,0.0003161071314481442,High
2018-12-13,ARIMAX,1D,4,-0.0192712122686998,0.00024685830023511794,High
2018-12-14,ARIMAX,1D,4,-0.0209922848285766,0.0003452448829998486,High
2018-12-17,ARIMAX,1D,4,8.639685378910398e-05,0.0015402410403220464,High
2018-12-18,ARIMAX,1D,4,-0.0155154591759368,0.0011202239382749266,High
2018-12-19,ARIMAX,1D,4,-0.0158978094841039,0.002783989814808769,High
2018-12-20,ARIMAX,1D,4,-0.0208031204985406,0.002754066402516042,High
2018-12-21,ARIMAX,1D,4,-0.0274865728783144,0.0036073513369441726,High
2018-12-24,ARIMAX,1D,4,0.048403177670805,0.0044247540095349504,High
2018-12-26,ARIMAX,1D,4,0.0085262289688169,-0.0003203411819262889,High
2018-12-27,ARIMAX,1D,4,-0.0012423539102312,0.000607075945738868,High
2018-12-28,ARIMAX,1D,4,0.0084566258622068,-0.00018710861899631374,High
2018-12-31,ARIMAX,1D,4,0.0012676930626261,-0.0017324248330906971,High
2019-01-02,ARIMAX,1D,4,-0.0250683318189151,-0.001898903306890167,High
2019-01-03,ARIMAX,1D,4,0.0337593990603464,0.00021889360515009698,High
2019-01-04,ARIMAX,1D,4,0.0069859759952297,-0.0014401248542771793,High
2019-01-07,ARIMAX,1D,4,0.0096485873364973,-0.0014908470164883508,High
2019-01-08,ARIMAX,1D,4,0.0040896713328221,-0.001573321075490696,High
2019-01-09,ARIMAX,1D,4,0.0045082413744622,-0.0018009075681050318,High
2019-01-10,ARIMAX,1D,4,-0.0001463085444824,-0.0022597978465565276,High
2019-01-11,ARIMAX,1D,4,-0.0052713945872494,-0.001883430319080595,High
2019-01-14,ARIMAX,1D,4,0.010664618879761,-0.002019698022024926,High
2019-01-15,ARIMAX,1D,4,0.0022195205290883,-0.001693458142624162,High
2019-01-16,ARIMAX,1D,4,0.0075627307062357,-0.0018402509149306266,High
2019-01-17,ARIMAX,1D,4,0.0130969128398557,-0.0013371165032212765,High
2019-01-18,ARIMAX,1D,4,-0.0142584768279724,-0.001851427522793548,High
2019-01-22,ARIMAX,1D,4,0.0022004899194508,-0.0014957957701920547,High
2019-01-23,ARIMAX,1D,4,0.0013747801109775,-0.0005686537934319066,High
2019-01-24,ARIMAX,1D,4,0.008452867700518,-0.0009300999058585868,High
2019-01-25,ARIMAX,1D,4,-0.0078777758487088,-0.00047522669871412506,High
2019-01-28,ARIMAX,1D,4,-0.0014573079351148,-0.0003889287710943797,High
2019-01-29,ARIMAX,1D,4,0.01542960989156,-0.00027154762696781704,High
2019-01-30,ARIMAX,1D,4,0.0085606488097677,-0.0002473762074106517,High
2019-01-31,ARIMAX,1D,4,0.0008982065848071,-0.0007249028092599371,High
2019-02-01,ARIMAX,1D,4,0.0067533811174796,-0.00022695522353857105,Normal
2019-02-04,ARIMAX,1D,4,0.0046973704373502,-0.00013120351284708835,Normal
2019-02-05,ARIMAX,1D,4,-0.0022269157175087,-0.0005792308005098273,Normal
2019-02-06,ARIMAX,1D,4,-0.0094011932022302,-0.00013888603717233155,Normal
2019-02-07,ARIMAX,1D,4,0.0006759725660127,5.6083908557981106e-05,Normal
2019-02-08,ARIMAX,1D,4,0.0007088518038183,0.0003930119819952143,Normal
2019-02-11,ARIMAX,1D,4,0.0128078529028386,0.00010608950521027274,Normal
2019-02-12,ARIMAX,1D,4,0.0030194315937109,9.390200215149919e-05,Normal
2019-02-13,ARIMAX,1D,4,-0.0026551633836986,-0.00021385289818459416,Normal
2019-02-14,ARIMAX,1D,4,0.0108200046649575,-0.00018754237114482504,Normal
2019-02-15,ARIMAX,1D,4,0.001497621326592,-0.00016103878832477702,Normal
2019-02-19,ARIMAX,1D,4,0.0017755335607409,-0.0004001697288047748,Normal
2019-02-20,ARIMAX,1D,4,-0.0035326693258413,0.00012571773916820043,Low
2019-02-21,ARIMAX,1D,4,0.0063906386947104,-0.00010186320335850164,Low
2019-02-22,ARIMAX,1D,4,0.0012311044497517,8.742041022001503e-05,Normal
2019-02-25,ARIMAX,1D,4,-0.0007907696728402,-0.0005932142334860748,Low
2019-02-26,ARIMAX,1D,4,-0.000544197436298,2.6264942380186613e-05,Low
2019-02-27,ARIMAX,1D,4,-0.0028295075989504,0.0004226039067423454,Low
2019-02-28,ARIMAX,1D,4,0.006871656588713,0.00010071297573915452,Low
2019-03-01,ARIMAX,1D,4,-0.0038881073952551,0.0008135762966510003,Low
2019-03-04,ARIMAX,1D,4,-0.0011321734897068,0.0006594792151837982,Low
2019-03-05,ARIMAX,1D,4,-0.006545473604125,0.00036742924971917037,Low
2019-03-06,ARIMAX,1D,4,-0.0081589111383311,0.0003523465355221027,Low
2019-03-07,ARIMAX,1D,4,-0.0021339641314536,0.0007162033773472797,Low
2019-03-08,ARIMAX,1D,4,0.0145595355634894,0.0010815355493823064,Low
2019-03-11,ARIMAX,1D,4,0.0029489657278051,0.0008712087395671639,Low
2019-03-12,ARIMAX,1D,4,0.0069255467570192,0.00029023650210932306,Low
2019-03-13,ARIMAX,1D,4,-0.0008683993315961,6.486148456637676e-05,Low
2019-03-14,ARIMAX,1D,4,0.0049725194084307,-0.000283237111123036,Low
2019-03-15,ARIMAX,1D,4,0.003699096798908,-0.0004427685518288816,Low
2019-03-18,ARIMAX,1D,4,-0.0001305700799267,-0.00014836652503481042,Low
2019-03-19,ARIMAX,1D,4,-0.0029486967407696,5.508426713216893e-05,Low
2019-03-20,ARIMAX,1D,4,0.0107940154946893,0.00033501241984395836,Low
2019-03-21,ARIMAX,1D,4,-0.0191568271342732,0.0003109371755301743,Low
2019-03-22,ARIMAX,1D,4,-0.00083937283331,-0.00031036936416405195,Normal
2019-03-25,ARIMAX,1D,4,0.007157052947934,0.0006670114492881534,Normal
2019-03-26,ARIMAX,1D,4,-0.0046551432765988,0.0007556211694558017,Normal
2019-03-27,ARIMAX,1D,4,0.0035830547152617,0.0004527713715507805,Normal
2019-03-28,ARIMAX,1D,4,0.0067117060433246,0.0005580070349294837,Normal
2019-03-29,ARIMAX,1D,4,0.0115021955180444,-0.0001289144218977102,Normal
2019-04-01,ARIMAX,1D,4,1.7455554858152623e-05,-0.00047366623232827384,Normal
2019-04-02,ARIMAX,1D,4,0.0021460724200891,-0.00044559997551286127,Normal
2019-04-03,ARIMAX,1D,4,0.0020824652429942,-0.0006779299949780605,Normal
2019-04-04,ARIMAX,1D,4,0.0046257176230991,-0.00036530355084135445,Normal
2019-04-05,ARIMAX,1D,4,0.0010469117505236,-0.0002711200942839744,Normal
2019-04-08,ARIMAX,1D,4,-0.0060859764356695,-0.0004254170828252516,Low
2019-04-09,ARIMAX,1D,4,0.0034718377544999,-0.000589073810787658,Normal
2019-04-10,ARIMAX,1D,4,3.8122340342693696e-05,0.00017890194776783345,Normal
2019-04-11,ARIMAX,1D,4,0.0065875783895457,2.8219120551298977e-05,Normal
2019-04-12,ARIMAX,1D,4,-0.0006295672443571,9.754857489501035e-05,Normal
2019-04-15,ARIMAX,1D,4,0.0005092283251399,-0.00030800331901073764,Normal
2019-04-16,ARIMAX,1D,4,-0.0022764008207388,-0.00021418316602384997,Normal
2019-04-17,ARIMAX,1D,4,0.0015778468242496,-0.00020532726014112644,Normal
2019-04-18,ARIMAX,1D,4,0.0010115058169329,0.00018584103340674624,Low
2019-04-22,ARIMAX,1D,4,0.0088023511749953,7.436693282655145e-05,Low
2019-04-23,ARIMAX,1D,4,-0.0021941686030362,0.00014436045343988322,Low
2019-04-24,ARIMAX,1D,4,-0.0003690417402728,-0.0003163419907260798,Low
2019-04-25,ARIMAX,1D,4,0.0046743503233048,0.0003165297310849529,Low
2019-04-26,ARIMAX,1D,4,0.0010709485042338,0.000490739329944055,Low
2019-04-29,ARIMAX,1D,4,0.0009509646987914,-0.00011861501703179794,Low
2019-04-30,ARIMAX,1D,4,-0.0075304458502913,0.00041654123063599097,Low
2019-05-01,ARIMAX,1D,4,-0.0021262446486827,0.00021207460649576128,Low
2019-05-02,ARIMAX,1D,4,0.0095921274789174,0.0010598549243879141,Low
2019-05-03,ARIMAX,1D,4,-0.0044810131890725,0.0009781171474134824,Low
2019-05-06,ARIMAX,1D,4,-0.0166494880889055,-0.0006012761576073039,Low
2019-05-07,ARIMAX,1D,4,-0.0016067153894199,0.0003263344347196235,Low
2019-05-08,ARIMAX,1D,4,-0.0030259986619282,0.0010914351619061957,Low
2019-05-09,ARIMAX,1D,4,0.0037133940699186,0.00129897083410473,Low
2019-05-10,ARIMAX,1D,4,-0.0244264691384975,0.0021056180900125804,Low
2019-05-13,ARIMAX,1D,4,0.007983987523216,0.00024582692009868305,Normal
2019-05-14,ARIMAX,1D,4,0.005821994327723,0.001002763904273089,Normal
2019-05-15,ARIMAX,1D,4,0.008855957116499,0.0008438179021856097,Normal
2019-05-16,ARIMAX,1D,4,-0.0058544371740438,0.0003621023085188248,Normal
2019-05-17,ARIMAX,1D,4,-0.0067722579754053,5.284016383838515e-05,Normal
2019-05-20,ARIMAX,1D,4,0.0084599490931906,-0.0002543526495547426,Normal
2019-05-21,ARIMAX,1D,4,-0.0028283923638994,-6.684442833158076e-05,Normal
2019-05-22,ARIMAX,1D,4,-0.0119856922412819,-0.00021863427957973067,Normal
2019-05-23,ARIMAX,1D,4,0.0013526437720373,-0.00039711387817998467,Normal
2019-05-24,ARIMAX,1D,4,-0.0084109500002602,0.0006052232734805059,Normal
2019-05-28,ARIMAX,1D,4,-0.0069359101672313,3.973172250980634e-05,Normal
2019-05-29,ARIMAX,1D,4,0.002096272674997,0.000674795477268785,Normal
2019-05-30,ARIMAX,1D,4,-0.0132832052504529,0.0006368644995090097,Normal
2019-05-31,ARIMAX,1D,4,-0.0027690706543079,9.115619017708632e-05,Normal
2019-06-03,ARIMAX,1D,4,0.0212059270810777,0.000976439806560168,Normal
2019-06-04,ARIMAX,1D,4,0.0081287269788136,0.00019590997768636784,High
2019-06-05,ARIMAX,1D,4,0.0061168406760044,-0.0002070638646992716,Normal
2019-06-06,ARIMAX,1D,4,0.01044297924726,-0.0005050196199952089,High
2019-06-07,ARIMAX,1D,4,0.0046492200747654,-0.0010900713682963229,High
2019-06-10,ARIMAX,1D,4,-0.0003499414579512,-0.0011398091513681364,High
2019-06-11,ARIMAX,1D,4,-0.0020396578272374,-0.0002603961190866486,Normal
2019-06-12,ARIMAX,1D,4,0.0040890105028501,-0.0003653014541163187,Normal
2019-06-13,ARIMAX,1D,4,-0.0016128117861529,-0.0004929278007540877,Normal
2019-06-14,ARIMAX,1D,4,0.0009313154323528,-4.17077077898297e-05,Normal
2019-06-17,ARIMAX,1D,4,0.0096704895929706,-0.00024336309593227316,Normal
2019-06-18,ARIMAX,1D,4,0.0029807167930238,-0.0002677676448684269,Normal
2019-06-19,ARIMAX,1D,4,0.0094276053358731,-7.383088840166783e-05,Normal
2019-06-20,ARIMAX,1D,4,-0.0012600162797279,-0.000660589609264019,Normal
2019-06-21,ARIMAX,1D,4,-0.001733388460587,-0.0007545467290504757,Normal
2019-06-24,ARIMAX,1D,4,-0.0095417756403875,-0.00015321714350936182,Normal
2019-06-25,ARIMAX,1D,4,-0.0012346956788039,8.011532737008445e-05,Normal
2019-06-26,ARIMAX,1D,4,0.0038158857925908,0.0003576036638424913,Normal
2019-06-27,ARIMAX,1D,4,0.0057409418405996,0.00026252369901434133,Normal
2019-06-28,ARIMAX,1D,4,0.0076430186109539,-8.234224083509336e-06,Normal
2019-07-01,ARIMAX,1D,4,0.0029238472769886,0.0008116197467720227,Low
2019-07-02,ARIMAX,1D,4,0.0076430956606841,0.000446726549677102,Low
2019-07-03,ARIMAX,1D,4,-0.0018075342045486,4.407156781394269e-05,Low
2019-07-05,ARIMAX,1D,4,-0.0048471730101237,-0.0005464385450311358,Low
2019-07-08,ARIMAX,1D,4,0.0012357930584538,-0.0004271353905889318,Low
2019-07-09,ARIMAX,1D,4,0.0045005469360826,0.00010497381556046237,Low
2019-07-10,ARIMAX,1D,4,0.0022826195789485,0.0006221720854954129,Low
2019-07-11,ARIMAX,1D,4,0.0046095343020665,0.00023861965004599885,Low
2019-07-12,ARIMAX,1D,4,0.0001758537283841,0.000258653512857332,Low
2019-07-15,ARIMAX,1D,4,-0.0034095845550103,-0.0002475095274057985,Low
2019-07-16,ARIMAX,1D,4,-0.0065526654660931,-7.906581036382796e-05,Low
2019-07-17,ARIMAX,1D,4,0.003575597708819,-1.0764115991143945e-05,Low
2019-07-18,ARIMAX,1D,4,-0.0061958894648446,0.0005345736433334743,Low
2019-07-19,ARIMAX,1D,4,0.0028247016862503,0.0005951908152169075,Low
2019-07-22,ARIMAX,1D,4,0.0068241451392764,0.0008507343967650763,Low
2019-07-23,ARIMAX,1D,4,0.0046771928134757,0.000547280806429018,Low
2019-07-24,ARIMAX,1D,4,-0.0052762964835995,0.00033358361500802013,Low
2019-07-25,ARIMAX,1D,4,0.007360535770783,-0.0001048766532543564,Low
2019-07-26,ARIMAX,1D,4,-0.0016174219290574,0.00020797223316669302,Low
2019-07-29,ARIMAX,1D,4,-0.0025819853720443,-0.00044277593715247505,Low
2019-07-30,ARIMAX,1D,4,-0.0109452069521399,-0.00042283226248235345,Low
2019-07-31,ARIMAX,1D,4,-0.009039527568806,0.0005486554034058939,Low
2019-08-01,ARIMAX,1D,4,-0.0073093885395651,0.0014622363999784356,Low
2019-08-02,ARIMAX,1D,4,-0.0302301821696947,0.0015982225621779562,Low
2019-08-05,ARIMAX,1D,4,0.0129330239111666,0.0014227960263664768,Normal
2019-08-06,ARIMAX,1D,4,0.0007665823338588,0.0011019535398853453,Normal
2019-08-07,ARIMAX,1D,4,0.018588462466865,0.001459579536877487,Normal
2019-08-08,ARIMAX,1D,4,-0.0066385931336571,0.00043050098224675046,High
2019-08-09,ARIMAX,1D,4,-0.0123938091159153,0.00010890539670556033,High
2019-08-12,ARIMAX,1D,4,0.0150183462673018,-0.0004120423462068452,High
2019-08-13,ARIMAX,1D,4,-0.0297303524545356,0.00016045670479032588,High
2019-08-14,ARIMAX,1D,4,0.0024612366981802,-0.00010192455293820329,High
2019-08-15,ARIMAX,1D,4,0.014323058172245,0.0005029118346962454,High
2019-08-16,ARIMAX,1D,4,0.0120331755643975,-0.0001618605983649222,High
2019-08-19,ARIMAX,1D,4,-0.0079462153121154,-0.0008285668259223282,High
2019-08-20,ARIMAX,1D,4,0.0082129795573529,-0.0005447653117189199,High
2019-08-21,ARIMAX,1D,4,-0.0005062029592785,-0.001196488480094955,High
2019-08-22,ARIMAX,1D,4,-0.0262888811228378,-0.0012416225852268,High
2019-08-23,ARIMAX,1D,4,0.0109231127307978,0.00029123896001468817,High
2019-08-26,ARIMAX,1D,4,-0.0032083218005562,-0.00037873672371937253,High
2019-08-27,ARIMAX,1D,4,0.0065241515305625,-0.00032281104721813717,High
2019-08-28,ARIMAX,1D,4,0.0126074824410943,-0.0003099583880861535,High
2019-08-29,ARIMAX,1D,4,0.0006425807598767,-0.0007879346857235007,High
2019-08-30,ARIMAX,1D,4,-0.0069230093326854,-0.0013599388651072254,High
2019-09-03,ARIMAX,1D,4,0.0107837252784214,-0.0008221888231787257,High
2019-09-04,ARIMAX,1D,4,0.0129259129217597,-0.0008925855142958937,High
2019-09-05,ARIMAX,1D,4,0.0009101908043767,-0.0012297265942316652,High
2019-09-06,ARIMAX,1D,4,-9.401467889992668e-05,-0.0008008664606011501,High
2019-09-09,ARIMAX,1D,4,0.000322252425931,-0.0012832444760733108,High
2019-09-10,ARIMAX,1D,4,0.0072036723263872,-0.0012104374966136538,High
2019-09-11,ARIMAX,1D,4,0.0028750162782333,-0.0008647586564969401,High
2019-09-12,ARIMAX,1D,4,-0.000724676876966,-0.00035887297448884817,Normal
2019-09-13,ARIMAX,1D,4,-0.0031405129163559,-0.0003707560234896228,Normal
2019-09-16,ARIMAX,1D,4,0.0025784253724619,-0.0011252976316499567,Normal
2019-09-17,ARIMAX,1D,4,0.0003426332842671,-0.00043299124805572085,Normal
2019-09-18,ARIMAX,1D,4,1.9974521929475905e-05,0.00011886154823681689,Normal
2019-09-19,ARIMAX,1D,4,-0.0049075991048803,-0.0002031481483302251,Normal
2019-09-20,ARIMAX,1D,4,-9.694061782751376e-05,-0.0007582331093296885,Normal
2019-09-23,ARIMAX,1D,4,-0.0084519889635514,0.000667996425652502,Low
2019-09-24,ARIMAX,1D,4,0.0061396852419639,0.0005682122304093261,Low
2019-09-25,ARIMAX,1D,4,-0.0024318710096131,0.0010990049180788141,Low
2019-09-26,ARIMAX,1D,4,-0.0053305345791285,0.0007123428803610461,Low
2019-09-27,ARIMAX,1D,4,0.0050349102152483,0.0009321955554060388,Low
2019-09-30,ARIMAX,1D,4,-0.0123341269454128,0.0006873153188977374,Low
2019-10-01,ARIMAX,1D,4,-0.0180654041876438,0.000919947240313619,Low
2019-10-02,ARIMAX,1D,4,0.0079403047738667,0.0015966097313875448,Normal
2019-10-03,ARIMAX,1D,4,0.0141167852392592,0.0016532604072456807,Low
2019-10-04,ARIMAX,1D,5,-0.0044883522736815,0.0007033057913237273,Normal
2019-10-07,ARIMAX,1D,5,-0.0156831595521099,0.0004989132424285969,Normal
2019-10-08,ARIMAX,1D,5,0.0090632965148459,0.0005594538314014912,Normal
2019-10-09,ARIMAX,1D,5,0.0063952024117826,0.000263492666630529,Normal
2019-10-10,ARIMAX,1D,5,0.010879579673789,0.000100470961459393,Normal
2019-10-11,ARIMAX,1D,5,-0.0013880816732189,0.0002641402589851387,Normal
2019-10-14,ARIMAX,1D,5,0.0099064453764891,3.483534471759702e-05,Normal
2019-10-15,ARIMAX,1D,5,-0.0020015445531937,-0.0006551275232856716,Normal
2019-10-16,ARIMAX,1D,5,0.0027590219697752,-0.0008341318195737721,Normal
2019-10-17,ARIMAX,1D,5,-0.0039270457097998,-0.0006702721249364066,Normal
2019-10-18,ARIMAX,1D,5,0.0068481141053337,-0.00041576329110609174,Normal
2019-10-21,ARIMAX,1D,5,-0.0035750492583768,-0.0005384613113881895,Normal
2019-10-22,ARIMAX,1D,5,0.0028431033458307,-0.00033283102495346053,Normal
2019-10-23,ARIMAX,1D,5,0.0019186046591713,-0.00022275968194747088,Normal
2019-10-24,ARIMAX,1D,5,0.004064429510656,-0.00023586892036642966,Normal
2019-10-25,ARIMAX,1D,5,0.0055658199161177,4.212714585809822e-06,Normal
2019-10-28,ARIMAX,1D,5,-0.0008327519564807,-0.0008693438896548093,Normal
2019-10-29,ARIMAX,1D,5,0.0032480894008573,-0.0005662208517720722,Normal
2019-10-30,ARIMAX,1D,5,-0.003027438634539,0.00015124805187395816,Normal
2019-10-31,ARIMAX,1D,5,0.0096159305596475,-0.0005964412309763849,Normal
2019-11-01,ARIMAX,1D,5,0.0036972458053124,0.00010816801906021083,Low
2019-11-04,ARIMAX,1D,5,-0.0011864027118206,-0.0006144317887010244,Low
2019-11-05,ARIMAX,1D,5,0.0007022505922896,-0.00016022541844751755,Low
2019-11-06,ARIMAX,1D,5,0.0027263752442806,0.00028017718744845937,Low
2019-11-07,ARIMAX,1D,5,0.0025574031451158,4.506587218421578e-06,Low
2019-11-08,ARIMAX,1D,5,-0.0019643954133371,0.0005792746028966446,Low
2019-11-11,ARIMAX,1D,5,0.001563423301263,-9.130216479442183e-05,Low
2019-11-12,ARIMAX,1D,5,0.0007112815701162,0.00024034978592512435,Low
2019-11-13,ARIMAX,1D,5,0.0008366926144567,0.00016024964101430352,Low
2019-11-14,ARIMAX,1D,5,0.0076660287779731,0.0003512551922632016,Low
2019-11-15,ARIMAX,1D,5,0.0005030263228096,0.0006495479679878185,Low
2019-11-18,ARIMAX,1D,5,-0.0005927700996925,-0.00012211163456216648,Low
2019-11-19,ARIMAX,1D,5,-0.003763256420941,6.968039270361195e-05,Low
2019-11-20,ARIMAX,1D,5,-0.0015840060861895,0.0005195225361946589,Low
2019-11-21,ARIMAX,1D,5,0.0021725739423759,0.00029052543600610934,Low
2019-11-22,ARIMAX,1D,5,0.0074792518874672,0.0009189385343427863,Low
2019-11-25,ARIMAX,1D,5,0.0021931636449402,0.0004353531010156098,Low
2019-11-26,ARIMAX,1D,5,0.0041657356252997,0.0001632543484220269,Low
2019-11-27,ARIMAX,1D,5,-0.004019286229989,6.329647902968151e-06,Low
2019-11-29,ARIMAX,1D,5,-0.0086684836939636,-0.00020007053202076303,Low
2019-12-02,ARIMAX,1D,5,-0.0066602252580451,-0.0008656160480111542,Low
2019-12-03,ARIMAX,1D,5,0.0063036576087699,0.0004865254819187691,Low
2019-12-04,ARIMAX,1D,5,0.0014991269266302,0.0009324191115500738,Low
2019-12-05,ARIMAX,1D,5,0.009094246030426,0.0008267431200655235,Low
2019-12-06,ARIMAX,1D,5,-0.0031678336844743,0.0005683912489292576,Low
2019-12-09,ARIMAX,1D,5,-0.0010975361689841,-0.000672319526688854,Low
2019-12-10,ARIMAX,1D,5,0.0029039375293507,0.0003119016568999208,Low
2019-12-11,ARIMAX,1D,5,0.008538667375555,0.0003713659868266245,Low
2019-12-12,ARIMAX,1D,5,7.25791502146863e-05,0.000381855560641818,Low
2019-12-13,ARIMAX,1D,5,0.0071223609425427,0.0007772023779301729,Low
2019-12-16,ARIMAX,1D,5,0.0003352360284609,-1.2084976212427477e-05,Low
2019-12-17,ARIMAX,1D,5,-0.0004323936405227,-0.0003544332155762055,Low
2019-12-18,ARIMAX,1D,5,0.0044493788218642,-0.0003982920303147052,Low
2019-12-19,ARIMAX,1D,5,0.004932595804334,-3.950150480662137e-05,Low
2019-12-20,ARIMAX,1D,5,0.0008657687142985,-0.0005797208248965066,Low
2019-12-23,ARIMAX,1D,5,-0.0001954673024681,0.00012206801714322427,Low
2019-12-24,ARIMAX,1D,5,0.0051150624100539,0.00021632166406183873,Low
2019-12-26,ARIMAX,1D,5,3.3984139657930306e-05,-0.0005231174257112368,Low
2019-12-27,ARIMAX,1D,5,-0.0057975960793499,-0.00041654411452222474,Low
2019-12-30,ARIMAX,1D,5,0.0029416906441907,-0.00022851686051756875,Low
2019-12-31,ARIMAX,1D,5,0.0083438953623167,0.0007192416180752646,Low
2020-01-02,ARIMAX,1D,5,-0.0070849093649545,0.0006182402782610922,Low
2020-01-03,ARIMAX,1D,5,0.0035271451942725,-0.00042449193829277815,Low
2020-01-06,ARIMAX,1D,5,-0.0028071750845948,0.00043690645493773596,Low
2020-01-07,ARIMAX,1D,5,0.0048904734856411,0.0003314899161471088,Low
2020-01-08,ARIMAX,1D,5,0.0066332141169064,0.00045851071763715475,Low
2020-01-09,ARIMAX,1D,5,-0.0028592624875049,0.0005450499114090223,Low
2020-01-10,ARIMAX,1D,5,0.0069519940459332,0.0002936846403127245,Low
2020-01-13,ARIMAX,1D,5,-0.0015156808368957,8.17466259144291e-05,Low
2020-01-14,ARIMAX,1D,5,0.0018684502436879,-6.183780615133969e-05,Low
2020-01-15,ARIMAX,1D,5,0.008331747422232,4.7332126726929664e-05,Low
2020-01-16,ARIMAX,1D,5,0.0038547232474851,2.8038576890229598e-06,Low
2020-01-17,ARIMAX,1D,5,-0.0026555003695853,-0.00012888860453547177,Low
2020-01-21,ARIMAX,1D,5,0.000289034296681,-0.0004634489688087549,Low
2020-01-22,ARIMAX,1D,5,0.0011403261933582,0.00015355894620275223,Low
2020-01-23,ARIMAX,1D,5,-0.0090832894261937,9.171870712741526e-05,Low
2020-01-24,ARIMAX,1D,5,-0.015855752356844,0.00025204474562507626,Low
2020-01-27,ARIMAX,1D,5,0.0100033835003525,-0.0003504757702603687,Low
2020-01-28,ARIMAX,1D,5,-0.0008672501435846,0.0009610754522571344,Normal
2020-01-29,ARIMAX,1D,5,0.003129456930211,0.000660232619601734,Low
2020-01-30,ARIMAX,1D,5,-0.0178644435713629,0.0008665004362636268,Low
2020-01-31,ARIMAX,1D,5,0.0072284257612325,0.0004881066898449999,Normal
2020-02-03,ARIMAX,1D,5,0.014869315917506,0.0005821405965806903,Normal
2020-02-04,ARIMAX,1D,5,0.0111877786589729,0.00022940589534664572,Normal
2020-02-05,ARIMAX,1D,5,0.0033201550570019,-0.00016159753736145083,Normal
2020-02-06,ARIMAX,1D,5,-0.0054154910094583,-0.0004014439298224967,Normal
2020-02-07,ARIMAX,1D,5,0.0072996901205732,-0.0007513055837692706,Normal
2020-02-10,ARIMAX,1D,5,0.0016870486860021,-0.0004596852488265978,Normal
2020-02-11,ARIMAX,1D,5,0.006441853105203,-0.0004136296364256902,Normal
2020-02-12,ARIMAX,1D,5,-0.0016317763599886,-9.829320707789722e-05,Normal
2020-02-13,ARIMAX,1D,5,0.0018418360984854,-0.00040027795389904465,Normal
2020-02-14,ARIMAX,1D,5,-0.0029242139861477,-0.000318524100721513,Normal
2020-02-18,ARIMAX,1D,5,0.0046947482842849,-0.0007595340971862672,Normal
2020-02-19,ARIMAX,1D,5,-0.0038228174279975,-0.00016892161333646006,Normal
2020-02-20,ARIMAX,1D,5,-0.0105738092328197,-0.00013955557805327918,Normal
2020-02-21,ARIMAX,1D,5,-0.0340880794204407,4.76498421061956e-05,Normal
2020-02-24,ARIMAX,1D,5,-0.0307479043753532,-0.00020934324648068544,High
2020-02-25,ARIMAX,1D,5,-0.00378569732353,0.003830696342158287,High
2020-02-26,ARIMAX,1D,5,-0.0451681363522611,0.002690486589708144,High
2020-02-27,ARIMAX,1D,5,-0.008272463109653,0.006538964764465372,High
2020-02-28,ARIMAX,1D,5,0.0450108687694132,0.004372147476907752,High
2020-03-02,ARIMAX,1D,5,-0.0285104849229145,-0.00032710725075638905,High
2020-03-03,ARIMAX,1D,5,0.0413363493606331,0.004056257665853856,High
2020-03-04,ARIMAX,1D,5,-0.0345107824399811,-0.0014722777634296295,High
2020-03-05,ARIMAX,1D,5,-0.0172009436523861,0.0023937561310123784,High
2020-03-06,ARIMAX,1D,5,-0.0790104129403714,0.0013682891725415578,High
2020-03-09,ARIMAX,1D,5,0.0482150524258591,0.009052051898540732,High
2020-03-10,ARIMAX,1D,5,-0.0501028928086054,-0.001591822880570868,High
2020-03-11,ARIMAX,1D,5,-0.0999448524024735,0.006743720865617413,High
2020-03-12,ARIMAX,1D,5,0.0888084069492359,0.01734269847733293,High
2020-03-13,ARIMAX,1D,5,-0.1276521974728174,-0.007166891826684016,High
2020-03-16,ARIMAX,1D,5,0.0582263126356917,0.016990630427336763,High
2020-03-17,ARIMAX,1D,5,-0.0532222723320802,-0.0009267210381447674,High
2020-03-18,ARIMAX,1D,5,0.004696760970401,0.003919122510425414,High
2020-03-19,ARIMAX,1D,5,-0.0443276240533668,-0.001818017005381518,High
2020-03-20,ARIMAX,1D,5,-0.0297315010095767,0.0005066336656179669,High
2020-03-23,ARIMAX,1D,5,0.0896832325179632,-0.0018800990508749508,High
2020-03-24,ARIMAX,1D,5,0.0114689904208222,-0.0022078784844809093,High
2020-03-25,ARIMAX,1D,5,0.0605438310742465,-0.0007728372567546357,High
2020-03-26,ARIMAX,1D,5,-0.0342678455416263,-0.00596546929506085,High
2020-03-27,ARIMAX,1D,5,0.0329665905699747,-0.0018815958843360753,High
2020-03-30,ARIMAX,1D,5,-0.0161423107884158,-0.010821211344066387,High
2020-03-31,ARIMAX,1D,5,-0.0451463627327869,-0.00626365304468604,High
2020-04-01,ARIMAX,1D,5,0.0225726570569603,-0.0013980441613078408,High
2020-04-02,ARIMAX,1D,5,-0.0152528608259442,-0.006231499929329203,High
2020-04-03,ARIMAX,1D,5,0.0679682441448303,-0.005154558819909169,High
2020-04-06,ARIMAX,1D,5,-0.0016043390483624,-0.005177669241889365,High
2020-04-07,ARIMAX,1D,5,0.0334893711912846,-0.0031666070444411366,High
2020-04-08,ARIMAX,1D,5,0.0143834703036993,-0.007445743696075293,High
2020-04-09,ARIMAX,1D,5,-0.0101560594446771,-0.0066105260910702505,High
2020-04-13,ARIMAX,1D,5,0.0301145595723075,-0.00519109350864882,High
2020-04-14,ARIMAX,1D,5,-0.0222767326723692,-0.005098490229777962,High
2020-04-15,ARIMAX,1D,5,0.0057998378395412,-0.0018876250008004257,High
2020-04-16,ARIMAX,1D,5,0.0264409320213205,-0.002360147553670542,High
2020-04-17,ARIMAX,1D,5,-0.0180428456153477,-0.003333507978162844,High
2020-04-20,ARIMAX,1D,5,-0.0311551152363306,0.00037501554137171875,High
2020-04-21,ARIMAX,1D,5,0.0226713005821367,0.0007053807538696387,High
2020-04-22,ARIMAX,1D,5,-0.0005395676601955,-0.0022735563350038306,High
2020-04-23,ARIMAX,1D,5,0.0138220905668392,-0.0008741266080719408,High
2020-04-24,ARIMAX,1D,5,0.0146068681817359,-0.0024852128439876334,High
2020-04-27,ARIMAX,1D,5,-0.0052561701904836,-0.0022125136242845344,High
2020-04-28,ARIMAX,1D,5,0.026236704045073,-0.0011026253999906577,High
2020-04-29,ARIMAX,1D,5,-0.0092551433190548,-0.002669976051986088,High
2020-04-30,ARIMAX,1D,5,-0.0284602110147759,-0.0003915846333895691,High
2020-05-01,ARIMAX,1D,5,0.0042408225788494,0.0010401360186979645,High
2020-05-04,ARIMAX,1D,5,0.0089999351977798,-0.00047989623296364723,High
2020-05-05,ARIMAX,1D,5,-0.0070038803990425,-0.000674595151473189,High
2020-05-06,ARIMAX,1D,5,0.0114389557548908,0.0011828755524229812,High
2020-05-07,ARIMAX,1D,5,0.0167307950652262,-0.0006235004973606968,High
2020-05-08,ARIMAX,1D,5,0.0001330693667907,-0.0018129304816205968,High
2020-05-11,ARIMAX,1D,5,-0.0207133657720476,-0.0008478644811975401,High
2020-05-12,ARIMAX,1D,5,-0.01761699662428,0.001996564577966303,High
2020-05-13,ARIMAX,1D,5,0.0114589178040714,0.002046538658397009,High
2020-05-14,ARIMAX,1D,5,0.003918675203723,0.00017658400856146697,High
2020-05-15,ARIMAX,1D,5,0.0310152087700734,0.0006314224100927295,High
2020-05-18,ARIMAX,1D,5,-0.0105397477115992,-0.0007566238210672174,High
2020-05-19,ARIMAX,1D,5,0.0165139906134157,0.0005760643023919644,High
2020-05-20,ARIMAX,1D,5,-0.0078039683099536,-0.0015536908239396708,High
2020-05-21,ARIMAX,1D,5,0.0023509456868123,8.049355581968962e-05,High
2020-05-22,ARIMAX,1D,5,0.0122142850214605,-0.0007499845262817331,High
2020-05-26,ARIMAX,1D,5,0.0147184474903143,-0.00028869927073709887,High
2020-05-27,ARIMAX,1D,5,-0.0021101393249195,-0.00036684399951212096,High
2020-05-28,ARIMAX,1D,5,0.0048007935523079,0.000434628392727736,High
2020-05-29,ARIMAX,1D,5,0.0037442164783643,-0.000569024168283545,High
2020-06-01,ARIMAX,1D,5,0.0081773072823986,0.00016602919716885675,High
2020-06-02,ARIMAX,1D,5,0.0135566708125639,-0.00048253326453881636,High
2020-06-03,ARIMAX,1D,5,-0.0033743890836089,-0.0005333141984469,High
2020-06-04,ARIMAX,1D,5,0.0258740128216358,-5.730423272602194e-05,High
2020-06-05,ARIMAX,1D,5,0.011969656405806,-0.0010062300878192975,High
2020-06-08,ARIMAX,1D,5,-0.0078297434197219,-0.000751808895793709,High
2020-06-09,ARIMAX,1D,5,-0.005327255735182,-4.196496586243865e-05,High
2020-06-10,ARIMAX,1D,5,-0.0607526929962889,0.0003724299213683863,High
2020-06-11,ARIMAX,1D,5,0.0129762866052117,0.005209324129096645,High
2020-06-12,ARIMAX,1D,5,0.0082778608181752,0.0008474950085002987,High
2020-06-15,ARIMAX,1D,5,0.0187848528667105,0.0014517356984087913,High
2020-06-16,ARIMAX,1D,5,-0.0036067962326294,0.0011488513730670892,High
2020-06-17,ARIMAX,1D,5,0.0005940434038017,0.000902446857434928,High
2020-06-18,ARIMAX,1D,5,-0.0056655135656737,-0.0007266815651026759,High
2020-06-19,ARIMAX,1D,5,0.0064740932966583,0.0008700489338193523,High
2020-06-22,ARIMAX,1D,5,0.0042981691914837,-0.0008457943746590504,High
2020-06-23,ARIMAX,1D,5,-0.0261952655956623,-1.6541016718707266e-05,High
2020-06-24,ARIMAX,1D,5,0.0108998277282181,0.0020444987762236167,High
2020-06-25,ARIMAX,1D,5,-0.0245252042748311,0.00012984409467300034,High
2020-06-26,ARIMAX,1D,5,0.0145788881135335,0.001742874692557957,High
2020-06-29,ARIMAX,1D,5,0.0152923494357555,-0.00016524100331414196,High
2020-06-30,ARIMAX,1D,5,0.0050095639758705,-0.00024293718383862163,High
2020-07-01,ARIMAX,1D,5,0.0045309704768169,-0.001249112371127291,High
2020-07-02,ARIMAX,1D,5,0.0157569308321632,-0.0006918837346162139,High
2020-07-06,ARIMAX,1D,5,-0.0108774778696435,-0.0016295982364311027,High
2020-07-07,ARIMAX,1D,5,0.0077969862634302,-0.0003291818297072824,High
2020-07-08,ARIMAX,1D,5,-0.0056595914761946,-0.0011133227909679172,High
2020-07-09,ARIMAX,1D,5,0.010411809774443,0.0002553921690165403,High
2020-07-10,ARIMAX,1D,5,-0.0094066452160588,-8.001299455764946e-05,High
2020-07-13,ARIMAX,1D,5,0.0133173005829039,0.0026189492043353154,High
2020-07-14,ARIMAX,1D,5,0.009041056936355,-8.712949476582003e-06,High
2020-07-15,ARIMAX,1D,5,-0.0034119152141152,-7.427512631851847e-05,High
2020-07-16,ARIMAX,1D,5,0.0028445625875835,0.00015342600449884213,High
2020-07-17,ARIMAX,1D,5,0.0083717972551403,-0.00027777335776313437,High
2020-07-20,ARIMAX,1D,5,0.00167762933456,-0.00037875237183130093,High
2020-07-21,ARIMAX,1D,5,0.0057306305944738,-4.7478551654247194e-05,High
2020-07-22,ARIMAX,1D,5,-0.0123963784122468,-0.0001758134353007628,High
2020-07-23,ARIMAX,1D,5,-0.0062096400242761,0.0011240892661802295,High
2020-07-24,ARIMAX,1D,5,0.0073679288214823,0.0006677165432724511,High
2020-07-27,ARIMAX,1D,5,-0.0064944354186463,0.0005650556256343372,Normal
2020-07-28,ARIMAX,1D,5,0.0123517833517425,0.0011665026250498554,Normal
2020-07-29,ARIMAX,1D,5,-0.0037573017634548,0.0006278958729923497,Normal
2020-07-30,ARIMAX,1D,5,0.0076412362421762,0.000960421825534878,Normal
2020-07-31,ARIMAX,1D,5,0.0071553626643586,0.0005946393945336334,Normal
2020-08-03,ARIMAX,1D,5,0.0036054230261335,0.00037256679456594484,Normal
2020-08-04,ARIMAX,1D,5,0.0064091604355179,0.00012025651391945113,Normal
2020-08-05,ARIMAX,1D,5,0.0064071260206648,9.365462075600727e-05,Normal
2020-08-06,ARIMAX,1D,5,0.0006328292699566,0.00015255819246885635,Normal
2020-08-07,ARIMAX,1D,5,0.0027384652733919,0.00022208044496032346,Normal
2020-08-10,ARIMAX,1D,5,-0.0080010554013772,0.0004205164509593668,Normal
2020-08-11,ARIMAX,1D,5,0.0138995022936135,0.0012669759711384698,Normal
2020-08-12,ARIMAX,1D,5,-0.0020492726761566,0.0004652037228892521,Normal
2020-08-13,ARIMAX,1D,5,-0.000171897396279,0.0006602853500044032,Normal
2020-08-14,ARIMAX,1D,5,0.0027061775074234,0.0005540601131575586,Normal
2020-08-17,ARIMAX,1D,5,0.0023007404198168,0.00034401988406030775,Normal
2020-08-18,ARIMAX,1D,5,-0.004414123345182,0.00036349131102153976,Normal
2020-08-19,ARIMAX,1D,5,0.0031536547683461,0.0009478206922896318,Normal
2020-08-20,ARIMAX,1D,5,0.0034351999829724,0.0009296680832485864,Low
2020-08-21,ARIMAX,1D,5,0.0099936153649035,0.0007119148951173298,Low
2020-08-24,ARIMAX,1D,5,0.0035898997455401,0.0004852479163325902,Low
2020-08-25,ARIMAX,1D,5,0.0101440013448414,0.0005665535364707229,Low
2020-08-26,ARIMAX,1D,5,0.0016716460318091,0.0005029486511843588,Low
2020-08-27,ARIMAX,1D,5,0.0067100028495702,0.0007855006623013993,Low
2020-08-28,ARIMAX,1D,5,-0.0021973751755085,0.0003254139221149643,Low
2020-08-31,ARIMAX,1D,5,0.0074968314207059,0.00101649745856708,Low
2020-09-01,ARIMAX,1D,5,0.0152490501438697,0.0008765920794016861,Low
2020-09-02,ARIMAX,1D,5,-0.0357575941421853,0.0009061396018574387,Low
2020-09-03,ARIMAX,1D,5,-0.0081662807542751,0.003938146270540253,High
2020-09-04,ARIMAX,1D,5,-0.0281488290864667,0.0020233713008915,High
2020-09-08,ARIMAX,1D,5,0.0199447606621803,0.002246335210117671,High
2020-09-09,ARIMAX,1D,5,-0.0177412459253955,0.0008595837431606045,High
2020-09-10,ARIMAX,1D,5,0.0005329301580873,0.0030745740761035727,High
2020-09-11,ARIMAX,1D,5,0.0126613350250229,0.0008178824195792048,High
2020-09-14,ARIMAX,1D,5,0.0052057859304996,0.0002495522629436416,High
2020-09-15,ARIMAX,1D,5,-0.0046296468921518,-0.00031057501567029595,High
2020-09-16,ARIMAX,1D,5,-0.0084479495285524,0.0004626271142829549,High
2020-09-17,ARIMAX,1D,5,-0.0112455769478285,0.0003065395792813958,High
2020-09-18,ARIMAX,1D,5,-0.0116385640272977,0.0004519133792294169,High
2020-09-21,ARIMAX,1D,5,0.0104630163983761,0.001551050407811522,High
2020-09-22,ARIMAX,1D,5,-0.0240073389143741,0.0007324850662399209,High
2020-09-23,ARIMAX,1D,5,0.002983005554629,0.002343641728835866,High
2020-09-24,ARIMAX,1D,5,0.0158504392241884,0.0011952250291835983,High
2020-09-25,ARIMAX,1D,5,0.0159821918538544,0.00011537778423714917,High
2020-09-28,ARIMAX,1D,5,-0.0048242827044439,-0.0006937242797533642,High
2020-09-29,ARIMAX,1D,5,0.0082198425683796,-0.00012344696016124306,High
2020-09-30,ARIMAX,1D,5,0.005278949564295,-0.000822900008733289,High
2020-10-01,ARIMAX,1D,5,-0.0096238128663708,-0.0006099643620535934,High
2020-10-02,ARIMAX,1D,5,0.0178131090029009,0.0003090818102846591,High
2020-10-05,ARIMAX,1D,5,-0.0140720643875232,-6.725380747571527e-06,High
2020-10-06,ARIMAX,1D,5,0.0172471637702415,0.0013180674286173144,High
2020-10-07,ARIMAX,1D,5,0.0079782128948692,-5.990494244825752e-05,High
2020-10-08,ARIMAX,1D,5,0.0087550951807528,-0.00041483630670813374,High
2020-10-09,ARIMAX,1D,5,0.0162825301583242,-0.0007420399520612072,High
2020-10-12,ARIMAX,1D,5,-0.0063268916291632,-0.0002471251076645855,High
2020-10-13,ARIMAX,1D,5,-0.0066451720840594,-0.0003104925978931223,High
2020-10-14,ARIMAX,1D,5,-0.001528923514213,0.000289509058335198,High
2020-10-15,ARIMAX,1D,5,0.0001349104566304,0.0004064732550574288,High
2020-10-16,ARIMAX,1D,5,-0.0164646635149426,0.0005046998022890734,High
2020-10-19,ARIMAX,1D,5,0.0047161953200011,0.0024479785991432753,High
2020-10-20,ARIMAX,1D,5,-0.0021981140115702,0.0011947211867608448,High
2020-10-21,ARIMAX,1D,5,0.0052053540034913,0.0009917354407099708,High
2020-10-22,ARIMAX,1D,5,0.0034398383203894,0.0009493852203827975,High
2020-10-23,ARIMAX,1D,5,-0.018764472985322,0.0008129341699761165,High
2020-10-26,ARIMAX,1D,5,-0.0030302053504455,0.0026659169312405733,High
2020-10-27,ARIMAX,1D,5,-0.0359255421085777,0.0016252556214922378,High
2020-10-28,ARIMAX,1D,5,0.0118765249399974,0.004750642231570125,High
2020-10-29,ARIMAX,1D,5,-0.0122037134452599,0.0014959304064636565,High
2020-10-30,ARIMAX,1D,5,0.0122429508905916,0.0029858783074098814,High
2015-06-10,ARIMAX,5D,1,-0.0022636326075193,-0.0007597291653881535,Low
2015-06-11,ARIMAX,5D,1,0.0058532506899613,-0.004162542166198161,Low
2015-06-12,ARIMAX,5D,1,0.0075545101051144,0.012396247815230861,Low
2015-06-15,ARIMAX,5D,1,0.018264167708428,0.0063489545405639915,Low
2015-06-16,ARIMAX,5D,1,0.0132261036178678,0.013634376992640435,Low
2015-06-17,ARIMAX,5D,1,0.0038679535044897,0.012650331353139671,Low
2015-06-18,ARIMAX,5D,1,-0.0089640507061154,-0.005657073039852276,Low
2015-06-19,ARIMAX,5D,1,-0.0040365912130882,-0.005020042749005436,Low
2015-06-22,ARIMAX,5D,1,-0.031199928703242,-0.009817078696172384,Low
2015-06-23,ARIMAX,5D,1,-0.029180632775968,-0.030569463968766752,Low
2015-06-24,ARIMAX,5D,1,-0.0148880706230257,-0.01731885128831527,Low
2015-06-25,ARIMAX,5D,1,-0.0122181366559759,-0.00835487549597308,Low
2015-06-26,ARIMAX,5D,1,-0.0156972136099509,-0.011623099383164127,Low
2015-06-29,ARIMAX,5D,1,0.0114523164925293,0.0036710142890800553,Normal
2015-06-30,ARIMAX,5D,1,-0.0079956107720796,0.00905701018177774,Normal
2015-07-01,ARIMAX,5D,1,-0.0126480595618967,-0.014728713931140839,Normal
2015-07-02,ARIMAX,5D,1,-7.700298734244507e-05,-0.009139181979459055,Normal
2015-07-06,ARIMAX,5D,1,0.0147974982189101,0.005458597543071546,Normal
2015-07-07,ARIMAX,5D,1,0.0131782108615416,0.006064391658918087,Normal
2015-07-08,ARIMAX,5D,1,0.0292359194729459,0.024006313114180805,Normal
2015-07-09,ARIMAX,5D,1,0.0349590052726014,0.0265809641720242,Normal
2015-07-10,ARIMAX,5D,1,0.0238015905120445,0.021083081090633955,Normal
2015-07-13,ARIMAX,5D,1,0.0135672586286908,0.0092634686404492,Normal
2015-07-14,ARIMAX,5D,1,0.0048531891494675,0.006976843649947337,Normal
2015-07-15,ARIMAX,5D,1,0.0031978804300145,-0.0006114627581323417,Normal
2015-07-16,ARIMAX,5D,1,-0.0104770632258404,-0.005048048929904228,Normal
2015-07-17,ARIMAX,5D,1,-0.0223436555469523,-0.009063346151715177,Normal
2015-07-20,ARIMAX,5D,1,-0.0289063472360181,-0.0220658389565108,Normal
2015-07-21,ARIMAX,5D,1,-0.0123254771914058,-0.021785592094158562,Normal
2015-07-22,ARIMAX,5D,1,-0.0026427692438319,-0.009937010218951565,Normal
2015-07-23,ARIMAX,5D,1,0.0030778078715698,0.0025051926550196863,Normal
2015-07-24,ARIMAX,5D,1,0.0115647247671792,0.0081069432953696,Normal
2015-07-27,ARIMAX,5D,1,0.014595785887339,0.011433732969261381,Normal
2015-07-28,ARIMAX,5D,1,3.347291851688715e-05,0.003516206595281737,Normal
2015-07-29,ARIMAX,5D,1,-0.004148831823376,-0.006445784289105336,Normal
2015-07-30,ARIMAX,5D,1,-0.0119603946499605,-0.00439440256596669,Normal
2015-07-31,ARIMAX,5D,1,-0.0125653137052465,-0.013530973731268398,Normal
2015-08-03,ARIMAX,5D,1,0.0029222158716832,-0.012055911250181107,Normal
2015-08-04,ARIMAX,5D,1,-0.0044286096415662,0.007149310021546367,Normal
2015-08-05,ARIMAX,5D,1,-0.0065888441888422,-0.007452353135572171,Low
2015-08-06,ARIMAX,5D,1,-8.167413466134306e-05,0.0003055293079840971,Low
2015-08-07,ARIMAX,5D,1,0.0067016809960354,0.0007007750309623587,Low
2015-08-10,ARIMAX,5D,1,-0.0008272629265866,-0.002451181949308591,Low
2015-08-11,ARIMAX,5D,1,0.0061468188179625,0.0073762946776293045,Low
2015-08-12,ARIMAX,5D,1,-0.0030919212298493,0.0032246386507826753,Low
2015-08-13,ARIMAX,5D,1,-0.0231418558156142,-0.0038268019694162824,Low
2015-08-14,ARIMAX,5D,1,-0.0594154306118518,-0.026731924477202563,Low
2015-08-17,ARIMAX,5D,1,-0.1048247666677739,-0.0542314748781892,Low
2015-08-18,ARIMAX,5D,1,-0.1158100334747966,-0.09216576598605582,Low
2015-08-19,ARIMAX,5D,1,-0.0692295976306679,-0.08946845946357619,Low
2015-08-20,ARIMAX,5D,1,-0.0238963826868317,-0.03641290957620183,Normal
2015-08-21,ARIMAX,5D,1,0.0090814109919228,0.008939789609978765,High
2015-08-24,ARIMAX,5D,1,0.0408657766744578,0.046356635885937525,High
2015-08-25,ARIMAX,5D,1,0.0244573765746859,0.049946628837774676,High
2015-08-26,ARIMAX,5D,1,0.0042937485633687,-0.017645688597865743,High
2015-08-27,ARIMAX,5D,1,-0.0185493902269022,-0.005199985177581056,High
2015-08-28,ARIMAX,5D,1,-0.0346062501380548,-0.020313230018757688,High
2015-08-31,ARIMAX,5D,1,-0.0014055342770321,-0.030148928100520552,High
2015-09-01,ARIMAX,5D,1,0.0146220797963109,0.02525482750412977,High
2015-09-02,ARIMAX,5D,1,0.001758483818032,-0.005774355821337646,High
2015-09-03,ARIMAX,5D,1,0.0050713745635994,0.008062166512497814,High
2015-09-04,ARIMAX,5D,1,0.0164216420948319,0.015795751886549907,High
2015-09-08,ARIMAX,5D,1,0.0043976925292259,-0.005504600812988104,High
2015-09-09,ARIMAX,5D,1,0.0270604690136864,0.014277932936925995,High
2015-09-10,ARIMAX,5D,1,0.0192320491261907,0.017531081408939896,High
2015-09-11,ARIMAX,5D,1,-0.001541188273179,0.010715666976840232,High
2015-09-14,ARIMAX,5D,1,0.0071122449835374,-0.0035797837078449606,High
2015-09-15,ARIMAX,5D,1,-0.0180323726672733,0.002248016447319921,High
2015-09-16,ARIMAX,5D,1,-0.028750857612243,-0.028376445723614353,High
2015-09-17,ARIMAX,5D,1,-0.0295551650409894,-0.021336585644096184,High
2015-09-18,ARIMAX,5D,1,-0.0137248358878264,-0.01770441695411619,High
2015-09-21,ARIMAX,5D,1,-0.0442814390843083,-0.0218162916006125,High
2015-09-22,ARIMAX,5D,1,-0.0306544151519483,-0.031163917764931204,High
2015-09-23,ARIMAX,5D,1,-0.0097077723187892,-0.02448070153089561,High
2015-09-24,ARIMAX,5D,1,-0.0043671817691455,0.004562893501126382,High
2015-09-25,ARIMAX,5D,1,0.0103125130484805,-0.00030986010228638283,High
2015-09-28,ARIMAX,5D,1,0.0544383177297917,0.03212467772681174,High
2015-09-29,ARIMAX,5D,1,0.0496115344726668,0.04216225041661046,High
2015-09-30,ARIMAX,5D,1,0.0387191557266546,0.028682605100671627,High
2015-10-01,ARIMAX,5D,1,0.0455269971928758,0.03629622650992549,High
2015-10-02,ARIMAX,5D,1,0.0320380527369856,0.02794318505672913,High
2015-10-05,ARIMAX,5D,1,0.0151881236958162,0.007986954875926267,High
2015-10-06,ARIMAX,5D,1,0.0119339893498324,0.019523647572846043,High
2015-10-07,ARIMAX,5D,1,-0.0007969614196595,0.0016294273103374859,High
2015-10-08,ARIMAX,5D,1,0.005166809787137,-0.008551749710284119,High
2015-10-09,ARIMAX,5D,1,0.0090020226003187,0.006990259812790443,High
2015-10-12,ARIMAX,5D,1,0.0079978670668588,0.0058644355538492125,High
2015-10-13,ARIMAX,5D,1,0.0134245897010922,0.009995322406562639,High
2015-10-14,ARIMAX,5D,1,0.0123095717018971,0.015127807746310909,High
2015-10-15,ARIMAX,5D,1,0.014056867363136,-0.0023446865610144176,High
2015-10-16,ARIMAX,5D,1,0.020466759958482,0.010083533698194333,High
2015-10-19,ARIMAX,5D,1,0.0182813180135086,0.015840556778775484,High
2015-10-20,ARIMAX,5D,1,0.0171460332043147,0.011852135037012452,Normal
2015-10-21,ARIMAX,5D,1,0.0347589706035925,0.01619770659077034,Normal
2015-10-22,ARIMAX,5D,1,0.0178182482103378,0.01807001035940247,High
2015-10-23,ARIMAX,5D,1,0.0020268125528695,0.006459711551544959,High
2015-10-26,ARIMAX,5D,1,0.0157456218927844,0.0015848415259705415,Normal
2015-10-27,ARIMAX,5D,1,0.0210273606829396,0.012878896743141886,Normal
2015-10-28,ARIMAX,5D,1,0.0057052052551488,0.008404929926600718,Normal
2015-10-29,ARIMAX,5D,1,0.0050222908793113,0.004652015122473381,Normal
2015-10-30,ARIMAX,5D,1,0.009496090787713,0.008632667403963366,Normal
2015-11-02,ARIMAX,5D,1,-0.0121790762076041,-0.0008870688491233823,Normal
2015-11-03,ARIMAX,5D,1,-0.0133939739792219,-0.014823768756582777,Normal
2015-11-04,ARIMAX,5D,1,-0.0130756143611437,-0.005568968567358539,Normal
2015-11-05,ARIMAX,5D,1,-0.0260319879412781,-0.012366983932067949,Normal
2015-11-06,ARIMAX,5D,1,-0.0369549465934099,-0.02673234868492294,Normal
2015-11-09,ARIMAX,5D,1,-0.0122903531426731,-0.023679497254122505,Normal
2015-11-10,ARIMAX,5D,1,-0.0151400853143694,-0.010523872036761257,Normal
2015-11-11,ARIMAX,5D,1,0.0041264518843719,-0.01201136244117814,Normal
2015-11-12,ARIMAX,5D,1,0.0170918748920252,0.017949058767251773,Normal
2015-11-13,ARIMAX,5D,1,0.03216547060433,0.021103843693965084,Normal
2015-11-16,ARIMAX,5D,1,0.0161365439684118,0.014763302282631199,Normal
2015-11-17,ARIMAX,5D,1,0.018698070931619,0.017481292069039478,Normal
2015-11-18,ARIMAX,5D,1,0.0025357004394796,0.0026710763030133554,Normal
2015-11-19,ARIMAX,5D,1,0.0042528823279398,0.003083544235768642,Normal
2015-11-20,ARIMAX,5D,1,-0.004201873091828,-0.001522297013657638,Normal
2015-11-23,ARIMAX,5D,1,0.0076576896965952,-0.0025899683522659198,Normal
2015-11-24,ARIMAX,5D,1,-0.0046201528878142,0.005568747759928086,Normal
2015-11-25,ARIMAX,5D,1,-0.0189688387169972,-0.002491634315836126,Normal
2015-11-27,ARIMAX,5D,1,0.000755576087373,-0.020243858833289607,Normal
2015-11-30,ARIMAX,5D,1,-0.0016066677334062,0.00849179974552827,Normal
2015-12-01,ARIMAX,5D,1,-0.0187416593057401,-0.00999494788457765,Normal
2015-12-02,ARIMAX,5D,1,-0.0154541530319839,-0.007567363728494924,Normal
2015-12-03,ARIMAX,5D,1,0.0012725299907608,-0.004484139887243957,Normal
2015-12-04,ARIMAX,5D,1,-0.0386591941289057,-0.01643047183434759,Normal
2015-12-07,ARIMAX,5D,1,-0.0269008621044398,-0.03008117408179541,Normal
2015-12-08,ARIMAX,5D,1,-0.0098272293729309,-0.01597122529740622,Normal
2015-12-09,ARIMAX,5D,1,0.0123524926435332,-0.00037338020290865297,Normal
2015-12-10,ARIMAX,5D,1,-0.0050511405709378,0.007442078812944877,Normal
2015-12-11,ARIMAX,5D,1,-0.0033947678222293,0.013062392391526444,High
2015-12-14,ARIMAX,5D,1,-0.0003907491591411,-0.00988104877165026,Normal
2015-12-15,ARIMAX,5D,1,-0.0021752336734865,-0.0027956814142419727,Normal
2015-12-16,ARIMAX,5D,1,-0.004244272796704,-0.012547153667573549,High
2015-12-17,ARIMAX,5D,1,0.009310588435309,0.012038419217722734,Normal
2015-12-18,ARIMAX,5D,1,0.0250871469861096,0.011687062077444306,High
2015-12-21,ARIMAX,5D,1,0.0279125044319764,0.014360278592989464,High
2015-12-22,ARIMAX,5D,1,0.0118910100566289,0.019740934580361514,High
2015-12-23,ARIMAX,5D,1,-0.0099070715123927,0.0014239851248900245,High
2015-12-24,ARIMAX,5D,1,-0.0237291979063353,-0.012062646573273234,High
2015-12-28,ARIMAX,5D,1,-0.0195380573106694,-0.025051074686876416,High
2015-12-29,ARIMAX,5D,1,-0.0433138844863185,-0.021296090778789814,High
2015-12-30,ARIMAX,5D,1,-0.0600563022218847,-0.031412032343475525,High
2015-12-31,ARIMAX,5D,1,-0.0614973546262648,-0.04723387342448881,High
2016-01-04,ARIMAX,5D,1,-0.0452224045326363,-0.04173663391603346,High
2016-01-05,ARIMAX,5D,1,-0.0394600945542214,-0.03660480907217045,High
2016-01-06,ARIMAX,5D,1,-0.0515403066295043,-0.019800832108443748,High
2016-01-07,ARIMAX,5D,1,-0.0109964291757757,-0.03043837281899857,High
2016-01-08,ARIMAX,5D,1,-0.0219346644280901,0.004830238820297504,High
2016-01-11,ARIMAX,5D,1,-0.0222558925364839,-0.0235777760693699,High
2016-01-12,ARIMAX,5D,1,-0.0417911726801569,-0.02134892082244766,High
2016-01-13,ARIMAX,5D,1,-0.0113268089662999,-0.01573477283195302,High
2016-01-14,ARIMAX,5D,1,-0.0078041430184702,-0.024722574821200462,High
2016-01-15,ARIMAX,5D,1,-0.0017299154931293,0.01980274247090484,High
2016-01-19,ARIMAX,5D,1,0.0117836421498097,-0.005630902647510046,High
2016-01-20,ARIMAX,5D,1,0.0126234858751796,0.025951014893210105,High
2016-01-21,ARIMAX,5D,1,0.0129548479568229,0.002503430207369598,High
2016-01-22,ARIMAX,5D,1,0.0173327720691659,0.0039338518715999644,High
2016-01-25,ARIMAX,5D,1,0.0326509823964456,0.028882480067666413,High
2016-01-26,ARIMAX,5D,1,-0.0003152241521535,0.01446309233691427,High
2016-01-27,ARIMAX,5D,1,0.0155873181699488,0.006565609510970713,High
2016-01-28,ARIMAX,5D,1,0.0115995357448807,0.011047849196609685,High
2016-01-29,ARIMAX,5D,1,-0.0315132735260274,-0.004838390610728573,High
2016-02-01,ARIMAX,5D,1,-0.0453249966035429,-0.030986026500964485,High
2016-02-02,ARIMAX,5D,1,-0.0270678685320718,-0.024869180516068363,High
2016-02-03,ARIMAX,5D,1,-0.0322364566844068,-0.028655978608514366,High
2016-02-04,ARIMAX,5D,1,-0.0461394723061865,-0.027688704398999724,High
2016-02-05,ARIMAX,5D,1,-0.0081552988227887,-0.022247573087034508,High
2016-02-08,ARIMAX,5D,1,0.0224814968419535,0.004176269426940098,High
2016-02-09,ARIMAX,5D,1,0.0394914481143551,0.019668397037396566,High
2016-02-10,ARIMAX,5D,1,0.0350037841211813,0.042116072515024736,High
2016-02-11,ARIMAX,5D,1,0.0473551981686357,0.03698209092720667,High
2016-02-12,ARIMAX,5D,1,0.0423759140606659,0.02549589018734056,High
2016-02-16,ARIMAX,5D,1,0.0134615987481924,0.026240643983552046,High
2016-02-17,ARIMAX,5D,1,0.001545448157183,-0.002010655197551338,High
2016-02-18,ARIMAX,5D,1,0.0175064470115685,0.003527186930260613,High
2016-02-19,ARIMAX,5D,1,0.0156606149638058,0.009128945580815834,High
2016-02-22,ARIMAX,5D,1,-0.0068442472268421,0.007080033154804769,High
2016-02-23,ARIMAX,5D,1,0.0292767157455651,0.0017898287770326086,High
2016-02-24,ARIMAX,5D,1,0.028932705572035,0.027808710865425034,High
2016-02-25,ARIMAX,5D,1,0.0211409731619011,0.012863861985507742,High
2016-02-26,ARIMAX,5D,1,0.0263132783574074,0.019916259373680335,High
2016-02-29,ARIMAX,5D,1,0.0353520322498431,0.03301282339778709,High
2016-03-01,ARIMAX,5D,1,0.0004598907922181,0.006202981586091609,High
2016-03-02,ARIMAX,5D,1,0.0014136137139306,-0.004187409750620274,High
2016-03-03,ARIMAX,5D,1,-0.0019232278092637,-0.0005079712569370613,High
2016-03-04,ARIMAX,5D,1,0.0110388779136459,-0.006226588259235765,High
2016-03-07,ARIMAX,5D,1,0.00889248649617,0.006842482851966772,High
2016-03-08,ARIMAX,5D,1,0.0183576116178584,0.01626408595313275,High
2016-03-09,ARIMAX,5D,1,0.0189026667168239,0.008697427250086645,High
2016-03-10,ARIMAX,5D,1,0.0253204569882976,0.017914847011672876,High
2016-03-11,ARIMAX,5D,1,0.0134538786504724,0.007616638472253447,Normal
2016-03-14,ARIMAX,5D,1,0.0157007391713767,0.013577182171723273,Normal
2016-03-15,ARIMAX,5D,1,0.0166615972089223,0.01052076492315495,Normal
2016-03-16,ARIMAX,5D,1,0.0046703597964754,0.010463122729425095,Normal
2016-03-17,ARIMAX,5D,1,-0.0022813650514975,-0.004982265963010206,Normal
2016-03-18,ARIMAX,5D,1,-0.0061322254144514,-0.003969294620617979,Normal
2016-03-21,ARIMAX,5D,1,0.0016606947354934,-0.007078355248645279,Normal
2016-03-22,ARIMAX,5D,1,0.0068793476258319,0.0005703344183662622,Normal
2016-03-23,ARIMAX,5D,1,0.0112440147968782,0.009605973094883669,Normal
2016-03-24,ARIMAX,5D,1,0.0179331156428548,0.008191802768256408,Normal
2016-03-28,ARIMAX,5D,1,0.0141745287089277,0.015778837195680982,Normal
2016-03-29,ARIMAX,5D,1,-0.004799781757104,0.003667862973351789,Normal
2016-03-30,ARIMAX,5D,1,0.0013121361813431,-0.004130721052997767,Low
2016-03-31,ARIMAX,5D,1,-0.008694095429041,0.0015454788537913001,Low
2016-04-01,ARIMAX,5D,1,-0.0122223518910245,-0.014606621172086852,Low
2016-04-04,ARIMAX,5D,1,-0.0117524177347737,-0.007636551252638235,Low
2016-04-05,ARIMAX,5D,1,0.0080596345584107,-0.003425579940253786,Low
2016-04-06,ARIMAX,5D,1,0.0075969063949554,0.00014935304235740195,Low
2016-04-07,ARIMAX,5D,1,0.0198178927950928,0.016019743897161366,Normal
2016-04-08,ARIMAX,5D,1,0.0160504206143304,0.014158447323552011,Normal
2016-04-11,ARIMAX,5D,1,0.0253136921177322,0.018046241776911456,Low
2016-04-12,ARIMAX,5D,1,0.0187776761392088,0.012271738733144806,Low
2016-04-13,ARIMAX,5D,1,0.0095488614198854,0.01104865278960173,Low
2016-04-14,ARIMAX,5D,1,0.0041683861324609,0.004738088631933583,Low
2016-04-15,ARIMAX,5D,1,0.0052010142881477,0.0027572063081767913,Low
2016-04-18,ARIMAX,5D,1,-0.0031324009464132,-0.0018967388859120991,Low
2016-04-19,ARIMAX,5D,1,-0.0043411386750426,-0.0033965448684309353,Low
2016-04-20,ARIMAX,5D,1,-0.0034543996125304,-0.0034247215384820544,Low
2016-04-21,ARIMAX,5D,1,-0.0075204728168001,-0.0008472416254539429,Low
2016-04-22,ARIMAX,5D,1,-0.0126442806268981,-0.010218388630693607,Low
2016-04-25,ARIMAX,5D,1,-0.0030509843088911,-0.010042245800512183,Low
2016-04-26,ARIMAX,5D,1,-0.0136364838715239,-0.00037483760982631774,Low
2016-04-27,ARIMAX,5D,1,-0.0212390606887432,-0.013966367235565755,Low
2016-04-28,ARIMAX,5D,1,-0.0122044613199757,-0.013395249647635213,Low
2016-04-29,ARIMAX,5D,1,-0.003958901535866,-0.0065491697901222,Low
2016-05-02,ARIMAX,5D,1,-0.0109852949255001,-0.009035182969803157,Low
2016-05-03,ARIMAX,5D,1,0.010135569698933,-0.002575384505732103,Low
2016-05-04,ARIMAX,5D,1,0.0064826295265367,0.015171599639968277,Low
2016-05-05,ARIMAX,5D,1,0.0065521869513666,0.0023002540367638717,Low
2016-05-06,ARIMAX,5D,1,-0.0051318577639383,0.0026261137865550115,Low
2016-05-09,ARIMAX,5D,1,0.0038639053180645,-0.004755482857889666,Low
2016-05-10,ARIMAX,5D,1,-0.0179983234701355,-0.0035408638943457823,Low
2016-05-11,ARIMAX,5D,1,-0.0081856429058654,-0.00930338303941324,Low
2016-05-12,ARIMAX,5D,1,-0.0117297581606217,-0.007364996680155412,Low
2016-05-13,ARIMAX,5D,1,0.0027861352239352,-0.004810442149938468,Low
2016-05-16,ARIMAX,5D,1,-0.0090504777337792,-0.0035523988486065756,Low
2016-05-17,ARIMAX,5D,1,0.0139940233523738,0.0033344550521183652,Low
2016-05-18,ARIMAX,5D,1,0.0207393953175558,0.010819331897943697,Low
2016-05-19,ARIMAX,5D,1,0.0242425237903479,0.021518798056189677,Low
2016-05-20,ARIMAX,5D,1,0.0225187595069829,0.01408238376966996,Low
2016-05-23,ARIMAX,5D,1,0.0236006274544946,0.02315195279292731,Low
2016-05-24,ARIMAX,5D,1,0.0111463885744306,0.008187763772394097,Normal
2016-05-25,ARIMAX,5D,1,0.0070165550898335,0.005215938820378595,Normal
2016-05-26,ARIMAX,5D,1,0.0043109589030671,0.003645116983301163,Normal
2016-05-27,ARIMAX,5D,1,0.0049185924829913,-0.0015558265846499757,Normal
2016-05-31,ARIMAX,5D,1,0.0072129767327786,0.006142314370354502,Normal
2016-06-01,ARIMAX,5D,1,0.0093826800508072,0.0058518144607339695,Low
2016-06-02,ARIMAX,5D,1,0.0048427482859273,0.006120842065063058,Low
2016-06-03,ARIMAX,5D,1,-0.0014587218875439,0.004198116747485288,Low
2016-06-06,ARIMAX,5D,1,-0.0144923491966169,-0.006684666710656697,Low
2016-06-07,ARIMAX,5D,1,-0.0175814698977863,-0.013927589768582903,Low
2016-06-08,ARIMAX,5D,1,-0.0227279809335513,-0.015183572399670924,Low
2016-06-09,ARIMAX,5D,1,-0.017880652224612,-0.018102598861105084,Low
2016-06-10,ARIMAX,5D,1,-0.0119264039590548,-0.008386830248883348,Low
2016-06-13,ARIMAX,5D,1,0.0020132776090776,-0.00168814945789195,Low
2016-06-14,ARIMAX,5D,1,0.0065221732852592,0.008508253472069419,Low
2016-06-15,ARIMAX,5D,1,0.0067116533524935,0.008951664455392574,Low
2016-06-16,ARIMAX,5D,1,0.016859127313403,0.0035623499709040354,Low
2016-06-17,ARIMAX,5D,1,-0.0164583813475706,0.018835975532892665,Low
2016-06-20,ARIMAX,5D,1,-0.0405120106376963,-0.023203616496709868,Low
2016-06-21,ARIMAX,5D,1,-0.0256062796378182,-0.036536300688374934,Low
2016-06-22,ARIMAX,5D,1,-0.0070641076699884,-0.010135871116782831,Low
2016-06-23,ARIMAX,5D,1,-0.0068658115924774,-0.010916760924174682,Low
2016-06-24,ARIMAX,5D,1,0.0316616875061371,0.018354192946241604,Normal
2016-06-27,ARIMAX,5D,1,0.0430529050322411,0.03805578124126084,Normal
2016-06-28,ARIMAX,5D,1,0.0307774704864295,0.017065019060391148,High
2016-06-29,ARIMAX,5D,1,0.0130162696284423,0.015658306487221753,High
2016-06-30,ARIMAX,5D,1,0.0146805930449686,0.0038827330519696033,High
2016-07-01,ARIMAX,5D,1,0.016136706063935,0.004417648571789775,High
2016-07-05,ARIMAX,5D,1,0.0299925773568792,0.011526198499639033,High
2016-07-06,ARIMAX,5D,1,0.0247886489735848,0.02277633678029938,High
2016-07-07,ARIMAX,5D,1,0.0309060296620149,0.021775215144636734,High
2016-07-08,ARIMAX,5D,2,0.0148384640361515,0.015063961884077253,High
2016-07-11,ARIMAX,5D,2,0.0138151065460218,0.0069223002752417245,High
2016-07-12,ARIMAX,5D,2,0.0053940597382608,0.0031185344662356153,High
2016-07-13,ARIMAX,5D,2,0.0095205093790432,0.001854935480975397,High
2016-07-14,ARIMAX,5D,2,0.0006560167208211,0.0003626458328271076,High
2016-07-15,ARIMAX,5D,2,0.0061290225702025,-0.00022599604795848702,High
2016-07-18,ARIMAX,5D,2,0.0007335420084042,-0.0007705589526032786,High
2016-07-19,ARIMAX,5D,2,0.002492478669539,-0.0018272119572613939,High
2016-07-20,ARIMAX,5D,2,-0.0029679905930336,-0.004282030884174781,High
2016-07-21,ARIMAX,5D,2,0.0022559997115835,-0.002121092481539001,High
2016-07-22,ARIMAX,5D,2,-0.0006576469602687,-0.0035893363966795523,High
2016-07-25,ARIMAX,5D,2,0.0010877776321697,0.0024961507925027587,Normal
2016-07-26,ARIMAX,5D,2,-0.0056168953412171,-0.0015067878558430153,Normal
2016-07-27,ARIMAX,5D,2,-0.0012885916783373,-0.0031898404126779615,Low
2016-07-28,ARIMAX,5D,2,-0.0026809628269407,-0.0020056624410230636,Low
2016-07-29,ARIMAX,5D,2,0.0042557543447815,-0.0018113844823022,Low
2016-08-01,ARIMAX,5D,2,0.0046187712007311,0.0039156633539802884,Low
2016-08-02,ARIMAX,5D,2,0.0113904299999548,0.007716828333812627,Low
2016-08-03,ARIMAX,5D,2,0.0053925902203953,0.005666134185323294,Low
2016-08-04,ARIMAX,5D,2,0.0099034560233499,0.0036139864122864333,Low
2016-08-05,ARIMAX,5D,2,0.0005403953470558,0.00591621307138793,Low
2016-08-08,ARIMAX,5D,2,0.0042369889331191,-0.00015925457505099137,Low
2016-08-09,ARIMAX,5D,2,-0.0016468712699151,0.0030063116839406092,Low
2016-08-10,ARIMAX,5D,2,0.0030887717997286,-0.00019071333885855787,Low
2016-08-11,ARIMAX,5D,2,0.0005625583936675,-0.0004807777207017031,Low
2016-08-12,ARIMAX,5D,2,-8.238778818661723e-05,0.002102045432356598,Low
2016-08-15,ARIMAX,5D,2,-0.0034348859660313,-0.0023802009928220753,Low
2016-08-16,ARIMAX,5D,2,0.0040091234288084,0.00037881141261404,Low
2016-08-17,ARIMAX,5D,2,-0.0031117778370189,0.002278894129038927,Low
2016-08-18,ARIMAX,5D,2,-0.0066751399300468,-0.005310004187564127,Low
2016-08-19,ARIMAX,5D,2,-0.0068138945999919,-0.004936519223789278,Low
2016-08-22,ARIMAX,5D,2,-0.0010359842879945,-0.005228618046008589,Low
2016-08-23,ARIMAX,5D,2,-0.0049414428734789,-0.0005190057824958241,Low
2016-08-24,ARIMAX,5D,2,-0.0020660787193697,-0.0007596276078443605,Low
2016-08-25,ARIMAX,5D,2,-0.0007413037121357,-0.0008224311822010895,Low
2016-08-26,ARIMAX,5D,2,0.0050310021256121,0.0027038176864840097,Low
2016-08-29,ARIMAX,5D,2,0.0027938160669431,-0.0004453075664049241,Low
2016-08-30,ARIMAX,5D,2,0.0046030115357724,0.005320732836675149,Low
2016-08-31,ARIMAX,5D,2,0.0047562144488648,0.0042114302814338445,Low
2016-09-01,ARIMAX,5D,2,-0.0200301425725601,0.004422339047681316,Low
2016-09-02,ARIMAX,5D,2,-0.0096519969381603,-0.022016326908610485,Low
2016-09-06,ARIMAX,5D,2,-0.0275709875863765,-0.006720802554000104,Low
2016-09-07,ARIMAX,5D,2,-0.028012441047896,-0.026006021612251743,Low
2016-09-08,ARIMAX,5D,2,-0.0157284364059858,-0.02193319602220399,Low
2016-09-09,ARIMAX,5D,2,0.0053198782092784,0.0038844670448752953,Low
2016-09-12,ARIMAX,5D,2,-0.0092691122579805,-0.007823128819346997,Normal
2016-09-13,ARIMAX,5D,2,0.0059717295044644,0.006050048859644453,Normal
2016-09-14,ARIMAX,5D,2,0.0174175792379131,0.005906362968006793,Normal
2016-09-15,ARIMAX,5D,2,0.0138378147061153,0.009673728406552631,Normal
2016-09-16,ARIMAX,5D,2,0.0118639495419685,0.010354696037747425,Normal
2016-09-19,ARIMAX,5D,2,0.0032577026578772,0.011529655105833966,Normal
2016-09-20,ARIMAX,5D,2,0.0093821043389412,-0.001529591643570675,Normal
2016-09-21,ARIMAX,5D,2,0.0038066806089478,0.0005835754766601309,Normal
2016-09-22,ARIMAX,5D,2,-0.0120371990387755,-0.0012182747966835213,Normal
2016-09-23,ARIMAX,5D,2,0.0016524865089707,-0.01226691439730523,Normal
2016-09-26,ARIMAX,5D,2,0.0070113134453597,0.006763477919454865,Normal
2016-09-27,ARIMAX,5D,2,-0.0043800635063002,1.9686938725504977e-05,Normal
2016-09-28,ARIMAX,5D,2,-0.0053751538787457,-0.007295856547410205,Normal
2016-09-29,ARIMAX,5D,2,0.00447141770394,0.0028321989603571967,Normal
2016-09-30,ARIMAX,5D,2,-0.0067237623257017,-0.0047566514694597755,Normal
2016-10-03,ARIMAX,5D,2,0.0011375911731497,-0.00662903697943993,Normal
2016-10-04,ARIMAX,5D,2,-0.0064191047382442,0.006297694588733132,Normal
2016-10-05,ARIMAX,5D,2,-0.0095606587630423,-0.012858055174957785,Normal
2016-10-06,ARIMAX,5D,2,-0.013146179027881,-0.010787633323054106,Normal
2016-10-07,ARIMAX,5D,2,-0.0096858074271456,-0.006280523693329024,Normal
2016-10-10,ARIMAX,5D,2,-0.0173237558563101,-0.010861964411592269,Normal
2016-10-11,ARIMAX,5D,2,0.0013423274471444,-0.006748799795158598,Low
2016-10-12,ARIMAX,5D,2,0.0023859673960959,0.0009013804897521371,Low
2016-10-13,ARIMAX,5D,2,0.0041133726769491,0.006749614867538455,Low
2016-10-14,ARIMAX,5D,2,0.0038276433776732,0.004409171957594929,Low
2016-10-17,ARIMAX,5D,2,0.0116088561369409,0.005138610821600395,Low
2016-10-18,ARIMAX,5D,2,0.0016623930665358,0.005277768845730713,Low
2016-10-19,ARIMAX,5D,2,-0.0022691070100018,0.00027213115385982966,Low
2016-10-20,ARIMAX,5D,2,-0.0038836317846298,-0.0018278648833930787,Low
2016-10-21,ARIMAX,5D,2,-0.0069126267841001,-0.005164809151016261,Low
2016-10-24,ARIMAX,5D,2,-0.0117735053157261,-0.00957329007193224,Low
2016-10-25,ARIMAX,5D,2,-0.0147785669597547,-0.005812712054285333,Low
2016-10-26,ARIMAX,5D,2,-0.0195835234920215,-0.011924624717230105,Low
2016-10-27,ARIMAX,5D,2,-0.0210255406086221,-0.012166672889162452,Low
2016-10-28,ARIMAX,5D,2,-0.0195799207406899,-0.013322186832184758,Low
2016-10-31,ARIMAX,5D,2,0.0025225628729735,-0.013503172565307756,Low
2016-11-01,ARIMAX,5D,2,0.0130974603788661,0.014177113570857183,Low
2016-11-02,ARIMAX,5D,2,0.0306604647119761,0.015933952692825926,Low
2016-11-03,ARIMAX,5D,2,0.0370425234506808,0.03470957164074039,Low
2016-11-04,ARIMAX,5D,2,0.0373111153745763,0.034796230382106594,Low
2016-11-07,ARIMAX,5D,2,0.0152154061879279,0.017331449605914387,Normal
2016-11-08,ARIMAX,5D,2,0.0189034828128601,0.00984844895140212,Low
2016-11-09,ARIMAX,5D,2,0.006303846410828,0.00593923642813397,Low
2016-11-10,ARIMAX,5D,2,0.0090204700559304,0.002391030700353387,Low
2016-11-11,ARIMAX,5D,2,0.0080297470381797,0.005105431043717858,Low
2016-11-14,ARIMAX,5D,2,0.0155789585662366,0.0090989544247986,Low
2016-11-15,ARIMAX,5D,2,0.0102890946477403,0.00838812689817308,Low
2016-11-16,ARIMAX,5D,2,0.012680309327025,0.009991720707311556,Low
2016-11-17,ARIMAX,5D,2,0.0119215855792511,0.006732384295686249,Low
2016-11-18,ARIMAX,5D,2,0.0090428476900643,0.010330223428365792,Low
2016-11-21,ARIMAX,5D,2,0.0029435479724523,-0.0001491961346865682,Normal
2016-11-22,ARIMAX,5D,2,-0.001876473686297,0.002128615432038917,Normal
2016-11-23,ARIMAX,5D,2,-0.0062058948099697,-0.006018489938960178,Low
2016-11-25,ARIMAX,5D,2,-0.0097157127033087,-0.008184623614822093,Low
2016-11-28,ARIMAX,5D,2,0.0013571034781701,-0.006950573037677009,Normal
2016-11-29,ARIMAX,5D,2,0.0034277855937826,0.000792202334791001,Low
2016-11-30,ARIMAX,5D,2,0.0191620748936624,0.004131129434917769,Low
2016-12-01,ARIMAX,5D,2,0.0248408128772973,0.019265129330869615,Low
2016-12-02,ARIMAX,5D,2,0.0303653036901823,0.019176428970566813,Low
2016-12-05,ARIMAX,5D,2,0.0234227944728392,0.020321772690670585,Low
2016-12-06,ARIMAX,5D,2,0.0265361932052016,0.01956647115113985,Low
2016-12-07,ARIMAX,5D,2,0.0053085389986196,0.01238347182447265,Low
2016-12-08,ARIMAX,5D,2,0.0070272316693024,0.003934436525712556,Low
2016-12-09,ARIMAX,5D,2,-0.0006463436146477,0.001058456288901933,Low
2016-12-12,ARIMAX,5D,2,0.0024649113911628,-0.0007100167743535144,Low
2016-12-13,ARIMAX,5D,2,-0.0004226594089212,-0.0015355287736806972,Low
2016-12-14,ARIMAX,5D,2,0.0052672503282597,0.007246591532670424,Low
2016-12-15,ARIMAX,5D,2,-0.0004731685816905,-0.001702971647568617,Low
2016-12-16,ARIMAX,5D,2,0.0025299207043691,0.0020988932321110675,Low
2016-12-19,ARIMAX,5D,2,0.0028025968937065,-0.0026124580069074458,Low
2016-12-20,ARIMAX,5D,2,-0.0092199562172178,0.0019056708192348379,Low
2016-12-21,ARIMAX,5D,2,-0.0070529182244085,-0.010788622075269313,Low
2016-12-22,ARIMAX,5D,2,-0.0098360416988662,-0.005505685033001275,Low
2016-12-23,ARIMAX,5D,2,-0.0026362074807884,-0.011024445825778755,Low
2016-12-27,ARIMAX,5D,2,0.0008239073852123,-0.0015263825144628974,Low
2016-12-28,ARIMAX,5D,2,0.0084445804925025,0.007857696393570961,Low
2016-12-29,ARIMAX,5D,2,0.01224871740495,0.0038354906650163723,Low
2016-12-30,ARIMAX,5D,2,0.0133416466302447,0.015055763146800127,Low
2017-01-03,ARIMAX,5D,2,0.0048908798770876,0.004463096796061938,Low
2017-01-04,ARIMAX,5D,2,0.0020105584956402,-0.00037312789115276704,Low
2017-01-05,ARIMAX,5D,2,0.0006344137043918,-0.0004473008090578722,Low
2017-01-06,ARIMAX,5D,2,-0.0010282440810405,-0.0004242520645471575,Low
2017-01-09,ARIMAX,5D,2,-0.0004452530656993,-0.0015701116761861686,Low
2017-01-10,ARIMAX,5D,2,0.00131694740411,0.0010052895326274564,Low
2017-01-11,ARIMAX,5D,2,-0.0051245326093112,-0.0010486070664823544,Low
2017-01-12,ARIMAX,5D,2,0.0003831638457182,-0.003216347308316207,Low
2017-01-13,ARIMAX,5D,2,-0.0041587171954981,-0.00021503667904481175,Low
2017-01-17,ARIMAX,5D,2,0.0053563377896824,-0.0035267214588813414,Low
2017-01-18,ARIMAX,5D,2,0.0115881901158417,0.005420557079008646,Low
2017-01-19,ARIMAX,5D,2,0.014468372804898,0.014627750736125971,Low
2017-01-20,ARIMAX,5D,2,0.0102409492538567,0.008407802242842233,Low
2017-01-23,ARIMAX,5D,2,0.0069070254038297,0.008818215921080478,Low
2017-01-24,ARIMAX,5D,2,-0.000526416733165,-0.0006883168401701639,Low
2017-01-25,ARIMAX,5D,2,-0.0082221505410175,-0.004996981283259542,Low
2017-01-26,ARIMAX,5D,2,-0.0069163487670634,-0.008156677937264762,Low
2017-01-27,ARIMAX,5D,2,0.0011889875772318,-0.005690387481253074,Low
2017-01-30,ARIMAX,5D,2,0.0050990635596193,0.0030205442796380705,Low
2017-01-31,ARIMAX,5D,2,0.0062161686314978,0.004342661729972905,Low
2017-02-01,ARIMAX,5D,2,0.0066109317919909,0.009516462313166756,Low
2017-02-02,ARIMAX,5D,2,0.0117768486892601,0.0034111219469524262,Low
2017-02-03,ARIMAX,5D,2,0.0080980586567157,0.006565661050154797,Low
2017-02-06,ARIMAX,5D,2,0.0154477897544361,0.006264672806833807,Low
2017-02-07,ARIMAX,5D,2,0.0192203134862629,0.01339937027727161,Low
2017-02-08,ARIMAX,5D,2,0.0235071200033878,0.014126543951030478,Low
2017-02-09,ARIMAX,5D,2,0.0169065646658773,0.01671642032497749,Low
2017-02-10,ARIMAX,5D,2,0.0150240071711055,0.012038032749450749,Low
2017-02-13,ARIMAX,5D,2,0.0158217236071632,0.008621247120331067,Low
2017-02-14,ARIMAX,5D,2,0.0107396102646865,0.010098665253674794,Low
2017-02-15,ARIMAX,5D,2,0.0061786205702113,0.00497483652253247,Low
2017-02-16,ARIMAX,5D,2,0.008535362403793,0.007294738731672992,Low
2017-02-17,ARIMAX,5D,2,0.0078756783442895,0.003766705664571258,Low
2017-02-21,ARIMAX,5D,2,-0.0007358777909744,0.003572607966444291,Low
2017-02-22,ARIMAX,5D,2,0.0139281194395549,-0.0005605694103314757,Low
2017-02-23,ARIMAX,5D,2,0.0076321034961904,0.01587526307218367,Low
2017-02-24,ARIMAX,5D,2,0.0066436036326937,0.0002895044300959878,Low
2017-02-27,ARIMAX,5D,2,0.0023435156013942,0.006105900714193928,Low
2017-02-28,ARIMAX,5D,2,0.0020075958144993,0.004078307233744214,Low
2017-03-01,ARIMAX,5D,2,-0.0138604432332898,-0.0067948715410170776,Low
2017-03-02,ARIMAX,5D,2,-0.0071837506484183,-0.00998545925385853,Low
2017-03-03,ARIMAX,5D,2,-0.0044241613110946,-0.009881093242010551,Low
2017-03-06,ARIMAX,5D,2,-0.0007749729283591,-0.002576792973089598,Low
2017-03-07,ARIMAX,5D,2,-0.0012420960071603,-0.0009371626578174429,Low
2017-03-08,ARIMAX,5D,2,0.0093846110815899,0.00222103873661055,Low
2017-03-09,ARIMAX,5D,2,0.0069570006696399,0.006768452333013892,Low
2017-03-10,ARIMAX,5D,2,0.00237848169955,0.004793859363957196,Low
2017-03-13,ARIMAX,5D,2,0.0,-0.0013472629943137105,Low
2017-03-14,ARIMAX,5D,2,-0.0091008456092111,0.001359095960010819,Low
2017-03-15,ARIMAX,5D,2,-0.0155526218864349,-0.014736414771566675,Low
2017-03-16,ARIMAX,5D,2,-0.0149854192320813,-0.010980106235963828,Low
2017-03-17,ARIMAX,5D,2,-0.0145145921817883,-0.013420674728089098,Low
2017-03-20,ARIMAX,5D,2,-0.0135227836872537,-0.011592830288026955,Low
2017-03-21,ARIMAX,5D,2,0.0061881197324724,-0.002215924452474421,Low
2017-03-22,ARIMAX,5D,2,0.00538475308884,0.002653504383540024,Low
2017-03-23,ARIMAX,5D,2,0.0093763961453749,0.0064804601555066045,Low
2017-03-24,ARIMAX,5D,2,0.0079631544210467,0.010018517608868597,Low
2017-03-27,ARIMAX,5D,2,0.007339786698879,0.0032378505611862004,Low
2017-03-28,ARIMAX,5D,2,0.0006738439439163,-0.0005912065765631309,Low
2017-03-29,ARIMAX,5D,2,-0.003470429071436,0.002848287496400297,Low
2017-03-30,ARIMAX,5D,2,-0.0044735896894059,-0.006513458842690778,Low
2017-03-31,ARIMAX,5D,2,-0.003043468214084,-0.0017987253566143849,Low
2017-04-03,ARIMAX,5D,2,-0.0007125427702875,-0.0013249197991076428,Low
2017-04-04,ARIMAX,5D,2,-0.002706817136907,-0.0019411222494159271,Low
2017-04-05,ARIMAX,5D,2,-0.0034143177443718,0.002214455983745863,Low
2017-04-06,ARIMAX,5D,2,-0.012179988327911,-0.005755071029500456,Low
2017-04-07,ARIMAX,5D,2,-0.002776050173859,-0.010138776394983267,Low
2017-04-10,ARIMAX,5D,2,-0.0063711031554755,0.0003834546524511674,Low
2017-04-11,ARIMAX,5D,2,-0.0066540202603857,-0.0035647655599566072,Low
2017-04-12,ARIMAX,5D,2,0.004641867521575,-0.00047024531623281705,Low
2017-04-13,ARIMAX,5D,2,0.0084401997042637,0.010625715827731582,Low
2017-04-17,ARIMAX,5D,2,0.0106454706012683,-0.0005492167935400153,Low
2017-04-18,ARIMAX,5D,2,0.0196252876588527,0.013187665086003615,Low
2017-04-19,ARIMAX,5D,2,0.020857291580034,0.020241230804991524,Low
2017-04-20,ARIMAX,5D,2,0.0138812082173594,0.01123543030439306,Low
2017-04-21,ARIMAX,5D,2,0.0150059168529848,0.01302084261492808,Low
2017-04-24,ARIMAX,5D,2,0.0059549720917668,0.005758133899005806,Low
2017-04-25,ARIMAX,5D,2,0.0010711014658271,-0.0032241356509074733,Low
2017-04-26,ARIMAX,5D,2,0.0002847535456871,0.0014217544956809155,Low
2017-04-27,ARIMAX,5D,2,0.0003139198332574,-0.0010496250933919853,Low
2017-04-28,ARIMAX,5D,2,0.0063092587122258,0.00014384650108182923,Low
2017-05-01,ARIMAX,5D,2,0.00461591215724,0.004715846588607894,Low
2017-05-02,ARIMAX,5D,2,0.0024017940146353,0.0021396801796483697,Low
2017-05-03,ARIMAX,5D,2,0.0048039261279122,0.0012620993580341223,Low
2017-05-04,ARIMAX,5D,2,0.0020568414659359,0.003277610999167473,Low
2017-05-05,ARIMAX,5D,2,-0.0035030532823366,-0.002766108219366875,Low
2017-05-08,ARIMAX,5D,2,0.0012246437487705,-0.003918150131836158,Low
2017-05-09,ARIMAX,5D,2,0.0015632852685779,0.0009675030760904436,Low
2017-05-10,ARIMAX,5D,2,-0.0179121456199867,-0.0019179767277092653,Low
2017-05-11,ARIMAX,5D,2,-0.012066955618664,-0.017382432211146496,Low
2017-05-12,ARIMAX,5D,2,-0.0038427170696693,-0.008550638380327855,Low
2017-05-15,ARIMAX,5D,2,-0.0034609960766761,-0.004823005857967985,Low
2017-05-16,ARIMAX,5D,2,-0.0009376778673096,-0.002053373842233975,Low
2017-05-17,ARIMAX,5D,2,0.0198938241083818,0.008032603259041145,Low
2017-05-18,ARIMAX,5D,2,0.0206458975231438,0.017179688390116996,Low
2017-05-19,ARIMAX,5D,2,0.0142116961002456,0.011641785832482477,Low
2017-05-22,ARIMAX,5D,2,0.0078594820747036,0.008757526530740745,Low
2017-05-23,ARIMAX,5D,2,0.0055632222823716,0.004380747529810567,Low
2017-05-24,ARIMAX,5D,2,0.0106197840626428,-0.002054760771067334,Low
2017-05-25,ARIMAX,5D,2,0.0098885466387106,0.006860996476318529,Low
2017-05-26,ARIMAX,5D,2,0.0083596377129795,0.006890712920347857,Low
2017-05-30,ARIMAX,5D,2,0.0067820797763092,0.006053056070309343,Low
2017-05-31,ARIMAX,5D,2,0.0088091831926082,0.005685569304353886,Low
2017-06-01,ARIMAX,5D,2,0.0015337566434255,0.0008499019326539004,Low
2017-06-02,ARIMAX,5D,2,-0.0029974518408077,-0.0014568903446089201,Low
2017-06-05,ARIMAX,5D,2,-0.0027582871800972,-0.0034436411540077778,Low
2017-06-06,ARIMAX,5D,2,0.0045259803293369,-0.0030005623465093586,Low
2017-06-07,ARIMAX,5D,2,0.001962624567672,0.0024311451132758774,Low
2017-06-08,ARIMAX,5D,2,-0.0005466542648332,0.0008664012313083919,Low
2017-06-09,ARIMAX,5D,2,0.0005672787514136,2.2410783366920428e-05,Low
2017-06-12,ARIMAX,5D,2,0.0098591044380257,-0.001982274649812524,Low
2017-06-13,ARIMAX,5D,2,-0.001361414852136,0.0069805430758419305,Low
2017-06-14,ARIMAX,5D,2,-0.00094790208009,-0.003095580757267769,Low
2017-06-15,ARIMAX,5D,2,0.0008383217443122,-0.00037461695001592306,Low
2017-06-16,ARIMAX,5D,2,0.0021144211496616,0.0004085644736965032,Low
2017-06-19,ARIMAX,5D,2,-0.0058824101175,-0.0030994073816831575,Low
2017-06-20,ARIMAX,5D,2,-0.007268836246241,-0.0003567354760809177,Low
2017-06-21,ARIMAX,5D,2,0.0020834795935815,-0.00865713466822653,Low
2017-06-22,ARIMAX,5D,2,-0.0060978512781217,0.0025651016693952955,Low
2017-06-23,ARIMAX,5D,2,-0.0061254922226571,-0.008781230849733678,Low
2017-06-26,ARIMAX,5D,2,-0.0041330761832419,-0.002877416765301532,Low
2017-06-27,ARIMAX,5D,2,0.0054247344287195,-0.0011692386220727184,Low
2017-06-28,ARIMAX,5D,2,-0.0127577545246977,-0.0019775743445093535,Low
2017-06-29,ARIMAX,5D,2,0.0022621748890593,-0.004741655135871444,Low
2017-06-30,ARIMAX,5D,2,0.0016574533816982,0.001427810960753013,Low
2017-07-03,ARIMAX,5D,2,-0.0014337016635313,-0.0003245678129346354,Low
2017-07-05,ARIMAX,5D,2,0.0043931252480014,-0.004753878836298847,Low
2017-07-06,ARIMAX,5D,2,0.0156789420283407,0.011577834896667232,Low
2017-07-07,ARIMAX,5D,2,0.0139588456287342,0.0062077917490100535,Low
2017-07-10,ARIMAX,5D,2,0.0129785952885148,0.011051879105587623,Low
2017-07-11,ARIMAX,5D,2,0.0143592610527079,0.010808081140128363,Low
2017-07-12,ARIMAX,5D,2,0.0124384683209401,0.006966624983398707,Low
2017-07-13,ARIMAX,5D,2,0.0104119677588599,0.006252603236173496,Low
2017-07-14,ARIMAX,5D,2,0.0053814122596416,0.004905496757888633,Low
2017-07-17,ARIMAX,5D,2,0.0043700255009398,0.0024955370980763655,Low
2017-07-18,ARIMAX,5D,2,0.0066912543227269,0.0021588548068116956,Low
2017-07-19,ARIMAX,5D,2,0.0016156201127928,0.0025278097493843625,Low
2017-07-20,ARIMAX,5D,2,0.000796129564006,0.0003301242986275942,Low
2017-07-21,ARIMAX,5D,2,-0.000177946784901,-0.002056015921200194,Low
2017-07-24,ARIMAX,5D,2,0.0001579433759479,-0.000821002644712009,Low
2017-07-25,ARIMAX,5D,2,-0.0003148433690117,-0.0026922123370645484,Low
2017-07-26,ARIMAX,5D,2,-0.0001049399677836,-0.0005737373301130215,Low
2017-07-27,ARIMAX,5D,2,-0.0013178201653356,0.0019385050598864726,Low
2017-07-28,ARIMAX,5D,2,0.0019115169303198,-0.0038684113456140612,Low
2017-07-31,ARIMAX,5D,2,0.0042857724091601,0.0029606936523467057,Low
2017-08-01,ARIMAX,5D,2,-0.0005777005961637,0.0017315350740548154,Low
2017-08-02,ARIMAX,5D,2,-0.0014339027962235,-0.0015015285826017865,Low
2017-08-03,ARIMAX,5D,2,-0.0138280793620194,-0.0009573629177038212,Low
2017-08-04,ARIMAX,5D,2,-0.0144406436515716,-0.01465433019769983,Low
2017-08-07,ARIMAX,5D,3,-0.0060928370498025,-0.01393568240600552,Low
2017-08-08,ARIMAX,5D,3,-0.0041744171463007,-0.0011114478249378272,Low
2017-08-09,ARIMAX,5D,3,-0.002391646830256,-0.0036510343821322296,Low
2017-08-10,ARIMAX,5D,3,-0.0033687709167059,0.008069418079597952,Low
2017-08-11,ARIMAX,5D,3,-0.0064805817060451,-0.0024371209311100494,Low
2017-08-14,ARIMAX,5D,3,-0.0153122572375284,-0.012156470671901008,Low
2017-08-15,ARIMAX,5D,3,-0.0049216296500197,-0.014166675340458415,Low
2017-08-16,ARIMAX,5D,3,-0.009800295305991,-0.002633337892889237,Low
2017-08-17,ARIMAX,5D,3,0.0036804304340618,-0.0017037637189483484,Low
2017-08-18,ARIMAX,5D,3,0.0071889557643515,0.00384849615747866,Low
2017-08-21,ARIMAX,5D,3,0.0065139335230812,0.005743608613855238,Low
2017-08-22,ARIMAX,5D,3,-0.0025352949755339,-0.002046343550314117,Low
2017-08-23,ARIMAX,5D,3,0.005528806945166,-0.0009427231391655258,Low
2017-08-24,ARIMAX,5D,3,0.0133100972770179,0.005069458759393082,Low
2017-08-25,ARIMAX,5D,3,0.0136192036504155,0.008637663294955184,Low
2017-08-28,ARIMAX,5D,3,0.0055527916249745,0.009601670651238106,Low
2017-08-29,ARIMAX,5D,3,0.0078341673561089,0.0023129033878083478,Low
2017-08-30,ARIMAX,5D,3,0.0030511835231943,0.004038796037307842,Low
2017-08-31,ARIMAX,5D,3,-0.004143450204977,-0.0029330696042783704,Low
2017-09-01,ARIMAX,5D,3,0.0046569469498348,-0.006252665789287916,Low
2017-09-05,ARIMAX,5D,3,0.0155947080968629,0.009318308328293959,Low
2017-09-06,ARIMAX,5D,3,0.0132276998518014,0.010351616169522852,Low
2017-09-07,ARIMAX,5D,3,0.0123048280458272,0.010091357219114028,Low
2017-09-08,ARIMAX,5D,3,0.0156402657354442,0.010465162367161,Low
2017-09-11,ARIMAX,5D,3,0.0063141524674265,0.006592093626615324,Low
2017-09-12,ARIMAX,5D,3,0.0040654294892745,0.0010269261947380027,Low
2017-09-13,ARIMAX,5D,3,0.0039427419435017,0.0013005041752805532,Low
2017-09-14,ARIMAX,5D,3,0.0019934998474148,0.0018431091556767466,Low
2017-09-15,ARIMAX,5D,3,0.0007956062964223,-0.0012682723951287032,Low
2017-09-18,ARIMAX,5D,3,-0.0028837783325608,0.0005308238342390716,Low
2017-09-19,ARIMAX,5D,3,-0.0039211938233972,-0.004711062295984636,Low
2017-09-20,ARIMAX,5D,3,-0.0004785181237189,-0.0031081461826854362,Low
2017-09-21,ARIMAX,5D,3,0.0037759384521338,-0.0005648804682330767,Low
2017-09-22,ARIMAX,5D,3,0.0068266175254656,0.0005944494863277285,Low
2017-09-25,ARIMAX,5D,3,0.0129176590550319,0.007522638151275267,Low
2017-09-26,ARIMAX,5D,3,0.0150020061137978,0.010861836501111166,Low
2017-09-27,ARIMAX,5D,3,0.0121711273729236,0.009393474174393186,Low
2017-09-28,ARIMAX,5D,3,0.0165981407752782,0.0068720772053696005,Low
2017-09-29,ARIMAX,5D,3,0.0118256665415398,0.012272001063808841,Low
2017-10-02,ARIMAX,5D,3,0.0061530838438138,0.005598803959072382,Low
2017-10-03,ARIMAX,5D,3,0.0063162922896308,0.002747130635353704,Low
2017-10-04,ARIMAX,5D,3,0.0068722315581807,0.004374101196262853,Low
2017-10-05,ARIMAX,5D,3,-0.0004468495934632,0.0011894578167036558,Low
2017-10-06,ARIMAX,5D,3,0.0015050835766228,-0.0016661647097078493,Low
2017-10-09,ARIMAX,5D,3,0.005060369976942,0.005686333036866791,Low
2017-10-10,ARIMAX,5D,3,0.0034130032518981,0.0025422558496148613,Low
2017-10-11,ARIMAX,5D,3,0.0023531798335641,0.0004688101976436064,Low
2017-10-12,ARIMAX,5D,3,0.004369301068926,0.0030482885707774944,Low
2017-10-13,ARIMAX,5D,3,0.0085953752491101,0.002447894196378324,Low
2017-10-16,ARIMAX,5D,3,0.0028657574038072,0.005563642958445061,Low
2017-10-17,ARIMAX,5D,3,0.0038100053729312,0.0012443701438994148,Low
2017-10-18,ARIMAX,5D,3,-0.0016060098256582,0.0034559257525583623,Low
2017-10-19,ARIMAX,5D,3,-0.0006638146900663,-0.004784326483936856,Low
2017-10-20,ARIMAX,5D,3,0.0022729991046303,-0.0027038349535490423,Low
2017-10-23,ARIMAX,5D,3,0.0030558170408866,0.0060539379715737664,Low
2017-10-24,ARIMAX,5D,3,0.002383229103008,-9.138259345576206e-05,Low
2017-10-25,ARIMAX,5D,3,0.0086480288981718,0.005327731637483002,Low
2017-10-26,ARIMAX,5D,3,0.0075678374172363,0.00518539743407396,Low
2017-10-27,ARIMAX,5D,3,0.0026195167638237,0.002273787288265278,Low
2017-10-30,ARIMAX,5D,3,0.0070875380253408,0.00194553714145922,Low
2017-10-31,ARIMAX,5D,3,0.0059544042835794,0.005551659385207363,Low
2017-11-01,ARIMAX,5D,3,0.005806174107736,0.00287051972617669,Low
2017-11-02,ARIMAX,5D,3,0.001847244998699,0.00435461028261132,Low
2017-11-03,ARIMAX,5D,3,-0.002143091303669,-0.0013950506644739543,Low
2017-11-06,ARIMAX,5D,3,-0.0024303842771522,-0.004945844664688646,Low
2017-11-07,ARIMAX,5D,3,-0.0045535440323522,-0.0011042111478145981,Low
2017-11-08,ARIMAX,5D,3,-0.0115371567065363,-0.006136985649164729,Low
2017-11-09,ARIMAX,5D,3,0.0003944774158062,-0.009331979337125266,Low
2017-11-10,ARIMAX,5D,3,-0.0013368925870375,0.0028555136205439275,Low
2017-11-13,ARIMAX,5D,3,-0.0010451736095404,-0.002018776795804821,Low
2017-11-14,ARIMAX,5D,3,0.007786945830494,0.0007578694545821605,Low
2017-11-15,ARIMAX,5D,3,0.0125774018692881,0.011042552824409198,Low
2017-11-16,ARIMAX,5D,3,0.0064687333645478,0.005147112053456334,Low
2017-11-17,ARIMAX,5D,3,0.0087138187566419,0.006243221909049711,Low
2017-11-20,ARIMAX,5D,3,0.0172392810646454,0.004930379623654958,Low
2017-11-21,ARIMAX,5D,3,0.010350148302102,0.010435519159947641,Low
2017-11-22,ARIMAX,5D,3,0.0192582776682427,0.005967354228332767,Low
2017-11-24,ARIMAX,5D,3,0.0151777104542054,0.01635694045312086,Low
2017-11-27,ARIMAX,5D,3,0.0145093314917221,0.011236742947153273,Low
2017-11-28,ARIMAX,5D,3,0.0009626087689731,0.004737711124089293,Low
2017-11-29,ARIMAX,5D,3,0.0012177904812336,0.002140955207882383,Low
2017-11-30,ARIMAX,5D,3,-0.0040117291714681,-0.00447979192674844,Low
2017-12-01,ARIMAX,5D,3,0.0035060557998552,-0.0004102617152012293,Low
2017-12-04,ARIMAX,5D,3,0.0077556084708376,0.004179143134746955,Low
2017-12-05,ARIMAX,5D,3,0.0130497227188825,0.007585782778314414,Low
2017-12-06,ARIMAX,5D,3,0.0126907659192625,0.007745139337691009,Low
2017-12-07,ARIMAX,5D,3,0.0056835311783907,0.009129535650801896,Low
2017-12-08,ARIMAX,5D,3,0.0091266425530152,-0.001116304210557268,Low
2017-12-11,ARIMAX,5D,3,0.0112782790109169,0.004861702887415118,Low
2017-12-12,ARIMAX,5D,3,0.006495057245709,0.007284694668636786,Low
2017-12-13,ARIMAX,5D,3,0.0061398901422865,0.004076001729614524,Low
2017-12-14,ARIMAX,5D,3,0.0122027448857075,0.006542279740038864,Low
2017-12-15,ARIMAX,5D,3,0.002810159837451,0.0041123069102396055,Low
2017-12-18,ARIMAX,5D,3,-0.0035972944422051,-0.0017785742232635602,Low
2017-12-19,ARIMAX,5D,3,0.0004288319111557,-0.002247521954832991,Low
2017-12-20,ARIMAX,5D,3,0.0030893869876478,-2.6483118843302275e-05,Low
2017-12-21,ARIMAX,5D,3,-0.0040909323177587,-0.002198027812842245,Low
2017-12-22,ARIMAX,5D,3,0.0046364175387529,-0.003800409375169402,Low
2017-12-26,ARIMAX,5D,3,0.0120738264827477,0.0047498427189797965,Low
2017-12-27,ARIMAX,5D,3,0.0153037410278324,0.010909566360895526,Low
2017-12-28,ARIMAX,5D,3,0.0204805679134982,0.010682943324331454,Low
2017-12-29,ARIMAX,5D,3,0.0273381639735433,0.022592551627646538,Low
2018-01-02,ARIMAX,5D,3,0.0203711692724436,0.014880679411382158,Low
2018-01-03,ARIMAX,5D,3,0.0128798902169869,0.010814775892757556,Low
2018-01-04,ARIMAX,5D,3,0.0158683731305417,0.007085335327934136,Low
2018-01-05,ARIMAX,5D,3,0.0155861536410508,0.008754979393345064,Low
2018-01-08,ARIMAX,5D,3,0.0103944766121511,0.00975333467473128,Low
2018-01-09,ARIMAX,5D,3,0.018463399301355,0.00797495468849175,Low
2018-01-10,ARIMAX,5D,3,0.0179585476154019,0.01592391422272111,Low
2018-01-11,ARIMAX,5D,3,0.0153251698335101,0.008790198838311544,Low
2018-01-12,ARIMAX,5D,3,0.0166326078166292,0.00966659370650163,Low
2018-01-16,ARIMAX,5D,3,0.022335326046454,0.01957476312540898,Low
2018-01-17,ARIMAX,5D,3,0.0124041872927199,0.011078020124507993,Low
2018-01-18,ARIMAX,5D,3,0.0146243241890266,0.010735847029470509,Low
2018-01-19,ARIMAX,5D,3,0.0220203143081206,0.008489944257225143,Low
2018-01-22,ARIMAX,5D,3,0.0072312136410444,0.01373579687605933,Low
2018-01-23,ARIMAX,5D,3,-0.0058994341325149,0.001746232273776821,Low
2018-01-24,ARIMAX,5D,3,-0.0048504357265881,-0.004665079816725764,Low
2018-01-25,ARIMAX,5D,3,-0.0061011734774444,-0.006416460299806893,Low
2018-01-26,ARIMAX,5D,3,-0.0393094921002275,-0.01412765802294997,Low
2018-01-29,ARIMAX,5D,3,-0.0743972967537459,-0.03101316582233353,Low
2018-01-30,ARIMAX,5D,3,-0.0461480805994716,-0.06368763312407603,Low
2018-01-31,ARIMAX,5D,3,-0.051651084681919,-0.03216674819997115,Low
2018-02-01,ARIMAX,5D,3,-0.0892618385756973,-0.04717821263215925,Low
2018-02-02,ARIMAX,5D,3,-0.0529995128594741,-0.06357023830990784,Normal
2018-02-05,ARIMAX,5D,3,0.0026616937570934,-0.003303426598444806,High
2018-02-06,ARIMAX,5D,3,-0.012019357611566,-0.007657676352413902,High
2018-02-07,ARIMAX,5D,3,0.0063082204210834,-0.0017052964734800627,High
2018-02-08,ARIMAX,5D,3,0.0565641344436604,0.03823895067724757,High
2018-02-09,ARIMAX,5D,3,0.0421118888940577,0.03502935632195062,High
2018-02-12,ARIMAX,5D,3,0.0224347061090342,0.018650269517330377,High
2018-02-13,ARIMAX,5D,3,0.0143135196454458,0.01795704366067145,High
2018-02-14,ARIMAX,5D,3,0.0019731573221267,-0.0017937996575484345,High
2018-02-15,ARIMAX,5D,3,0.0058775737904723,-0.01280405324202041,High
2018-02-16,ARIMAX,5D,3,0.0171926127611782,0.008351032587440813,High
2018-02-20,ARIMAX,5D,3,0.010262818426548,0.019911917461076165,High
2018-02-21,ARIMAX,5D,3,0.0046166768262027,0.009451644982978968,High
2018-02-22,ARIMAX,5D,3,-0.0097703665142515,0.0001667952122349145,High
2018-02-23,ARIMAX,5D,3,-0.020612859274174,-0.022157951328069872,High
2018-02-26,ARIMAX,5D,3,-0.0213296802842749,-0.023323847386208744,High
2018-02-27,ARIMAX,5D,3,-0.0059059859108106,-0.008911621643960838,High
2018-02-28,ARIMAX,5D,3,0.0047678283471291,-0.00023683585424170072,High
2018-03-01,ARIMAX,5D,3,0.0226349424108902,0.012238705148925373,High
2018-03-02,ARIMAX,5D,3,0.0348057036668992,0.011734273438601176,High
2018-03-05,ARIMAX,5D,3,0.0225592887183742,0.02472756228823401,High
2018-03-06,ARIMAX,5D,3,0.0135399953720628,0.01653516308173892,High
2018-03-07,ARIMAX,5D,3,0.0082830173725903,0.00551902465123821,High
2018-03-08,ARIMAX,5D,3,0.0030476327646091,-0.000431360103087277,High
2018-03-09,ARIMAX,5D,3,-0.0124799160293667,-0.007534628379671927,Normal
2018-03-12,ARIMAX,5D,3,-0.0255111592327417,-0.007682347986716681,Normal
2018-03-13,ARIMAX,5D,3,-0.0176465401567079,-0.017701577141209297,Normal
2018-03-14,ARIMAX,5D,3,-0.0137512624571486,-0.013057361647414674,Normal
2018-03-15,ARIMAX,5D,3,-0.0384539130309065,-0.011160658056695595,Normal
2018-03-16,ARIMAX,5D,3,-0.0613457182898889,-0.03463039041904505,Normal
2018-03-19,ARIMAX,5D,3,-0.0202446370424801,-0.04342758063368736,Normal
2018-03-20,ARIMAX,5D,3,-0.0391526313495209,-0.014308544149984719,Normal
2018-03-21,ARIMAX,5D,3,-0.0402278581233542,-0.03562292856887632,Normal
2018-03-22,ARIMAX,5D,3,-0.0010671936566562,-0.01592057235233287,High
2018-03-23,ARIMAX,5D,3,-0.0024680686884014,0.023332572455583376,High
2018-03-26,ARIMAX,5D,3,-0.0167271480786958,-0.028211472276381978,High
2018-03-27,ARIMAX,5D,3,0.0122002399130728,0.006572288141522973,High
2018-03-28,ARIMAX,5D,3,0.0219605802141867,0.008468324944706226,High
2018-03-29,ARIMAX,5D,3,-0.0138792643367217,0.006412120307897188,High
2018-04-02,ARIMAX,5D,3,0.0120424129743669,-0.0008251026602221993,High
2018-04-03,ARIMAX,5D,3,0.0160950506549399,0.006222540027487729,High
2018-04-04,ARIMAX,5D,3,-0.0009457374639679,0.0014169637542003049,High
2018-04-05,ARIMAX,5D,3,0.0004317398320378,-0.0028320269583934857,High
2018-04-06,ARIMAX,5D,3,0.019705007062396,0.01733033452687293,High
2018-04-09,ARIMAX,5D,3,0.0244503488963662,0.011354067033869866,High
2018-04-10,ARIMAX,5D,3,0.0184668215139188,0.013940231757113062,High
2018-04-11,ARIMAX,5D,3,0.0248385276939331,0.01854597863370688,High
2018-04-12,ARIMAX,5D,3,0.0108790472004436,0.015105625055617827,High
2018-04-13,ARIMAX,5D,3,0.0051966698387975,0.004972472358247746,High
2018-04-16,ARIMAX,5D,3,-0.0028234368515809,-0.005728968602415967,High
2018-04-17,ARIMAX,5D,3,-0.0268993964719227,-0.008753734767712514,High
2018-04-18,ARIMAX,5D,3,-0.0258950426466523,-0.02959356672199134,High
2018-04-19,ARIMAX,5D,3,-0.0097723166634425,-0.018951663899343954,High
2018-04-20,ARIMAX,5D,3,-8.613420372609898e-05,-0.0038982344855488576,High
2018-04-23,ARIMAX,5D,3,-0.0083635568638318,-0.002368684793288339,High
2018-04-24,ARIMAX,5D,3,0.0076531333136708,0.00875695047863297,High
2018-04-25,ARIMAX,5D,3,-0.0014141921205552,-0.00034920955174181436,High
2018-04-26,ARIMAX,5D,3,-0.0140505538929963,-0.009237507303056171,High
2018-04-27,ARIMAX,5D,3,-0.0024337491360252,-0.013501307722758784,High
2018-04-30,ARIMAX,5D,3,0.009239423967886,0.0055698742578412595,Normal
2018-05-01,ARIMAX,5D,3,0.0064279451851247,-0.00019521710485591141,Normal
2018-05-02,ARIMAX,5D,3,0.0232955443213959,0.012525948928483,Normal
2018-05-03,ARIMAX,5D,3,0.0348787735103083,0.022202229235317672,Normal
2018-05-04,ARIMAX,5D,3,0.0238551027529346,0.020538771447438695,Normal
2018-05-07,ARIMAX,5D,3,0.0212862217080712,0.01919420105444553,Normal
2018-05-08,ARIMAX,5D,3,0.0146862432758141,0.018101775894968485,Normal
2018-05-09,ARIMAX,5D,3,0.0091029351884598,0.0015739702865733788,Normal
2018-05-10,ARIMAX,5D,3,-0.0010803152039986,0.002002725072871237,Normal
2018-05-11,ARIMAX,5D,3,-0.0054221197295101,-0.0023469272980788953,Normal
2018-05-14,ARIMAX,5D,3,0.0010543853082964,-0.004945849007538368,Normal
2018-05-15,ARIMAX,5D,3,0.0047793517594122,0.004346083546265577,Normal
2018-05-16,ARIMAX,5D,3,0.0039701571187966,0.0017081985459100587,Normal
2018-05-17,ARIMAX,5D,3,0.0028011329496839,0.00416331940627194,Normal
2018-05-18,ARIMAX,5D,3,0.0030767951500483,0.0018698232024186227,Normal
2018-05-21,ARIMAX,5D,3,-0.0159143819096771,-0.0008117733152219857,Normal
2018-05-22,ARIMAX,5D,3,-0.0001578179648782,-0.015580035616696082,Low
2018-05-23,ARIMAX,5D,3,-0.010304296415211,-0.002624717848370834,Low
2018-05-24,ARIMAX,5D,3,0.0025117662517512,-0.007405294975730365,Low
2018-05-25,ARIMAX,5D,3,0.0093413642042894,0.002796971209924581,Low
2018-05-29,ARIMAX,5D,3,0.0216752829856573,0.017197405210296685,Low
2018-05-30,ARIMAX,5D,3,0.0175903082710454,0.010701337478069976,Normal
2018-05-31,ARIMAX,5D,3,0.0237791978924951,0.019556199264081194,Normal
2018-06-01,ARIMAX,5D,3,0.0161094270910067,0.010054170313368985,Normal
2018-06-04,ARIMAX,5D,3,0.0127079691995946,0.01081881018486029,Low
2018-06-05,ARIMAX,5D,3,0.0137474902087229,0.005943085504675916,Low
2018-06-06,ARIMAX,5D,3,0.0011823350299995,0.0065323860913508,Normal
2018-06-07,ARIMAX,5D,3,0.0043652791744877,-0.0008105390540942125,Low
2018-06-08,ARIMAX,5D,3,0.0002266299512422,0.00243740321669241,Low
2018-06-11,ARIMAX,5D,3,-0.0029698982365844,-0.0007229236360367305,Low
2018-06-12,ARIMAX,5D,3,-0.0087432834666798,-0.004891117378038244,Low
2018-06-13,ARIMAX,5D,3,-0.0029983387011558,-0.004749150302779883,Low
2018-06-14,ARIMAX,5D,3,-0.0118325680668798,-0.005064727575046169,Low
2018-06-15,ARIMAX,5D,3,-0.0089547444962517,-0.012296157008775864,Low
2018-06-18,ARIMAX,5D,3,-0.0206460762831359,-0.007930970446552436,Low
2018-06-19,ARIMAX,5D,3,-0.0144124078260477,-0.017111150185150255,Low
2018-06-20,ARIMAX,5D,3,-0.0247646843633013,-0.011042073359286784,Low
2018-06-21,ARIMAX,5D,3,-0.0122392755010497,-0.016980601523619587,Low
2018-06-22,ARIMAX,5D,3,-0.0133413628686667,-0.010138129615519118,Low
2018-06-25,ARIMAX,5D,3,0.0035416209333973,-0.002940050901714784,Normal
2018-06-26,ARIMAX,5D,3,-0.0036201588528331,0.002108495569113295,Low
2018-06-27,ARIMAX,5D,3,0.0136052842058458,0.007333125520495796,Low
2018-06-28,ARIMAX,5D,3,0.0158911217873946,0.0056852200581737015,Low
2018-06-29,ARIMAX,5D,3,0.0239172966852191,0.019588410310603058,Low
2018-07-02,ARIMAX,5D,3,0.0243212851697478,0.013421473723387202,Low
2018-07-03,ARIMAX,5D,3,0.022161428078365,0.028825725593758497,Low
2018-07-05,ARIMAX,5D,3,0.022288562912999,0.009239182123307014,Low
2018-07-06,ARIMAX,5D,3,0.0149217008490275,0.01494541596439153,Low
2018-07-09,ARIMAX,5D,3,0.0051087454427876,0.0067038056749977,Low
2018-07-10,ARIMAX,5D,3,0.0056073204674089,0.0007932541630079268,Low
2018-07-11,ARIMAX,5D,3,0.0148849889160629,0.0064771423488936735,Low
2018-07-12,ARIMAX,5D,3,0.0022131704868413,0.007869499334236465,Low
2018-07-13,ARIMAX,5D,3,0.0001856171789584,-0.00033644974513943014,Low
2018-07-16,ARIMAX,5D,3,0.0030506441430882,0.000377175448671949,Low
2018-07-17,ARIMAX,5D,3,0.0038543386856985,-0.0009287820075548035,Low
2018-07-18,ARIMAX,5D,3,0.0107565916793336,0.00038601192477096674,Low
2018-07-19,ARIMAX,5D,3,0.0116805157795157,0.012880148408363596,Low
2018-07-20,ARIMAX,5D,3,0.0060455789059447,0.008197982534655047,Low
2018-07-23,ARIMAX,5D,3,-0.0015615727528739,0.0011014860285995598,Low
2018-07-24,ARIMAX,5D,3,-0.0014582544196243,-0.002566851920944224,Low
2018-07-25,ARIMAX,5D,3,-0.0115595825575681,-0.008366662032965705,Low
2018-07-26,ARIMAX,5D,3,-0.0036083302264919,-0.009989775199056614,Low
2018-07-27,ARIMAX,5D,3,0.0076089364837016,0.0029157268768738435,Low
2018-07-30,ARIMAX,5D,3,0.0169117084500903,0.008191687201723022,Low
2018-07-31,ARIMAX,5D,3,0.0148590729772732,0.011279653560562528,Low
2018-08-01,ARIMAX,5D,3,0.0156375516515492,0.01410786206826969,Low
2018-08-02,ARIMAX,5D,3,0.0092804873923004,0.00688640519200038,Low
2018-08-03,ARIMAX,5D,3,-0.002492256936292,0.004478702917432858,Low
2018-08-06,ARIMAX,5D,3,-0.010038277253074,-0.0067803867101565675,Low
2018-08-07,ARIMAX,5D,3,-0.0064895489831425,-0.010412889742427725,Low
2018-08-08,ARIMAX,5D,3,-0.0138583431712261,-0.0066052708530361555,Low
2018-08-09,ARIMAX,5D,3,-0.0045274139415481,-0.010980550814993707,Low
2018-08-10,ARIMAX,5D,3,0.0059295046969593,0.0009978070284982167,Low
2018-08-13,ARIMAX,5D,3,0.0123686172650679,0.01143667113313952,Low
2018-08-14,ARIMAX,5D,3,0.0080660872032776,0.006538588767619441,Low
2018-08-15,ARIMAX,5D,3,0.0152990647304129,0.011078199456858695,Low
2018-08-16,ARIMAX,5D,3,0.0057181562542397,0.008257226595079359,Low
2018-08-17,ARIMAX,5D,3,0.0085802558072619,-0.000814474757288677,Low
2018-08-20,ARIMAX,5D,3,0.0137963223122442,0.005711263727375294,Low
2018-08-21,ARIMAX,5D,3,0.0119991644352154,0.012511315923552417,Low
2018-08-22,ARIMAX,5D,3,0.0180826379583704,0.008264015907120718,Low
2018-08-23,ARIMAX,5D,3,0.0153351598374476,0.016965477338245404,Low
2018-08-24,ARIMAX,5D,3,0.0092899223764673,0.007168148057198666,Low
2018-08-27,ARIMAX,5D,3,-6.911079522445216e-06,0.003625177469856926,Low
2018-08-28,ARIMAX,5D,3,-0.0030832159583867,0.0003450146019588606,Low
2018-08-29,ARIMAX,5D,3,-0.0124274494639165,-0.00817813141027633,Low
2018-08-30,ARIMAX,5D,3,-0.0102030753144729,-0.008352310821741909,Low
2018-08-31,ARIMAX,5D,3,-0.0084415155670846,-0.00849102819653113,Low
2018-09-04,ARIMAX,5D,3,-0.0030529578284898,-0.005282922558518525,Low
2018-09-05,ARIMAX,5D,4,0.0001107133226698,5.040181152614657e-05,Low
2018-09-06,ARIMAX,5D,4,0.0090380565186791,0.004827427607153737,Low
2018-09-07,ARIMAX,5D,4,0.01152929831446,0.007571381679975363,Low
2018-09-10,ARIMAX,5D,4,0.0040479791082175,0.010231448765620859,Low
2018-09-11,ARIMAX,5D,4,0.0056697662861272,-0.002433572950787583,Low
2018-09-12,ARIMAX,5D,4,0.0065656459694056,0.006673859273485121,Low
2018-09-13,ARIMAX,5D,4,0.0091073079953435,0.0009051222090556473,Low
2018-09-14,ARIMAX,5D,4,0.0084632631575701,0.008875390746289138,Low
2018-09-17,ARIMAX,5D,4,0.0105266718351056,0.010475645366064958,Low
2018-09-18,ARIMAX,5D,4,0.0038660704743622,0.004937290201830216,Low
2018-09-19,ARIMAX,5D,4,-0.0006811172399696,0.001573920317184513,Low
2018-09-20,ARIMAX,5D,4,-0.0057316551967875,-0.0054035367389122565,Low
2018-09-21,ARIMAX,5D,4,-0.0053699244039186,-0.003912895662477661,Low
2018-09-24,ARIMAX,5D,4,0.0017864502522938,-0.005198940122985782,Low
2018-09-25,ARIMAX,5D,4,0.0026956298351326,0.0057247424880045115,Low
2018-09-26,ARIMAX,5D,4,0.0067015962530107,0.0043563479756480415,Low
2018-09-27,ARIMAX,5D,4,-0.0042609153965102,0.0058526682909870115,Low
2018-09-28,ARIMAX,5D,4,-0.0097973598369942,-0.00637632700501744,Low
2018-10-01,ARIMAX,5D,4,-0.0138270468875424,-0.00951942810262732,Low
2018-10-02,ARIMAX,5D,4,-0.0148491878114176,-0.012665240687744472,Low
2018-10-03,ARIMAX,5D,4,-0.048976843590738,-0.012652185318430006,Low
2018-10-04,ARIMAX,5D,4,-0.0615613881422696,-0.04078558491935114,Low
2018-10-05,ARIMAX,5D,4,-0.0419118381492711,-0.047507772127734146,Low
2018-10-08,ARIMAX,5D,4,-0.0474391257322215,-0.031112737571976155,Low
2018-10-09,ARIMAX,5D,4,-0.0247523878631661,-0.03638431280591124,Low
2018-10-10,ARIMAX,5D,4,0.008411306916771,0.007180150592949196,Normal
2018-10-11,ARIMAX,5D,4,0.0147023963139714,0.020307246162414506,Normal
2018-10-12,ARIMAX,5D,4,0.0002349257703155,0.0027928048908552744,Normal
2018-10-15,ARIMAX,5D,4,0.001848610965138,0.0030128434654049935,Normal
2018-10-16,ARIMAX,5D,4,-0.0249462932504573,-0.01215288379206012,High
2018-10-17,ARIMAX,5D,4,-0.0560443728489332,-0.025760798738245754,High
2018-10-18,ARIMAX,5D,4,-0.023094164294878,-0.04303810414674972,High
2018-10-19,ARIMAX,5D,4,-0.0402120671696018,-0.011335265268632662,High
2018-10-22,ARIMAX,5D,4,-0.0424844783683179,-0.03556823597054549,High
2018-10-23,ARIMAX,5D,4,-0.0214120792157463,-0.030146652483412677,High
2018-10-24,ARIMAX,5D,4,0.0207315733999656,0.013127735850325686,High
2018-10-25,ARIMAX,5D,4,0.0127803542897808,0.0021556552551544386,High
2018-10-26,ARIMAX,5D,4,0.0239227712439042,0.02463808615472398,High
2018-10-29,ARIMAX,5D,4,0.0360886732362923,0.03179686952112165,High
2018-10-30,ARIMAX,5D,4,0.0267831380088234,0.014057492943549053,High
2018-10-31,ARIMAX,5D,4,0.0369773378150262,0.01675858367615907,High
2018-11-01,ARIMAX,5D,4,0.0239627699580054,0.026923116663812245,High
2018-11-02,ARIMAX,5D,4,0.0210579050985128,0.020294679743989137,High
2018-11-05,ARIMAX,5D,4,-0.0044249395841488,0.007418420923984599,High
2018-11-06,ARIMAX,5D,4,-0.0121477461507313,-0.008234269523408971,High
2018-11-07,ARIMAX,5D,4,-0.0407310135299559,-0.023400113452965363,High
2018-11-08,ARIMAX,5D,4,-0.0276809117988224,-0.036454104917087685,High
2018-11-09,ARIMAX,5D,4,-0.0162184883459659,-0.01749684733369164,High
2018-11-12,ARIMAX,5D,4,-0.01310349859622,-0.0009376666829268424,High
2018-11-13,ARIMAX,5D,4,-0.0299384753306319,-0.010442961389281118,High
2018-11-14,ARIMAX,5D,4,-0.0193036172014141,-0.014879402820139925,High
2018-11-15,ARIMAX,5D,4,-0.0364180696559117,-0.02717457288290543,High
2018-11-16,ARIMAX,5D,4,-0.0232259313480293,-0.034111492617814265,High
2018-11-19,ARIMAX,5D,4,-0.0031863857476951,-0.008015134431274086,High
2018-11-20,ARIMAX,5D,4,0.0378456611120046,0.0029298450061277393,High
2018-11-21,ARIMAX,5D,4,0.032621497255844,0.03569365443815339,High
2018-11-23,ARIMAX,5D,4,0.0473354646843172,0.031319477643375615,High
2018-11-26,ARIMAX,5D,4,0.0428044906333132,0.03222073632279656,High
2018-11-27,ARIMAX,5D,4,0.0066478774301444,0.029888523309592227,High
2018-11-28,ARIMAX,5D,4,-0.0175895617871137,-0.014217999219859077,High
2018-11-29,ARIMAX,5D,4,-0.0390004026980424,-0.01043419418397762,High
2018-11-30,ARIMAX,5D,4,-0.0453773471917438,-0.04478289712458336,High
2018-12-03,ARIMAX,5D,4,-0.056615758661412,-0.039209224451035335,High
2018-12-04,ARIMAX,5D,4,-0.0183106588125046,-0.02866315756958019,High
2018-12-06,ARIMAX,5D,4,-0.0169872212107754,-0.016737636066289294,High
2018-12-07,ARIMAX,5D,4,-0.012662098023153,0.010720212989223826,High
2018-12-10,ARIMAX,5D,4,-0.035414986074646,-0.017464034221511205,High
2018-12-11,ARIMAX,5D,4,-0.0349721795455512,-0.023501638494076275,High
2018-12-12,ARIMAX,5D,4,-0.0558925097318393,-0.03906750884597261,High
2018-12-13,ARIMAX,5D,4,-0.0715903689035281,-0.047034561111848464,High
2018-12-14,ARIMAX,5D,4,-0.073122277133369,-0.05698653110885732,High
2018-12-17,ARIMAX,5D,4,-0.0796165651831067,-0.044649385148966915,High
2018-12-18,ARIMAX,5D,4,-0.0312997843660908,-0.06677318190943526,High
2018-12-19,ARIMAX,5D,4,-0.007258096221337,-0.0010943654087726476,High
2018-12-20,ARIMAX,5D,4,0.0073973593525356,0.002717747845683946,High
2018-12-21,ARIMAX,5D,4,0.036657105713283,0.024439375179258396,High
2018-12-24,ARIMAX,5D,4,0.0654113716542236,0.04809324576714836,High
2018-12-26,ARIMAX,5D,4,-0.0080601378354963,0.02552404944267355,High
2018-12-27,ARIMAX,5D,4,0.0171730322560332,-0.013574880246381774,High
2018-12-28,ARIMAX,5D,4,0.0254013621614943,0.027909334003708926,High
2018-12-31,ARIMAX,5D,4,0.0265933236357848,0.007269965849330492,High
2019-01-02,ARIMAX,5D,4,0.0294153019059809,0.013407940527468644,High
2019-01-03,ARIMAX,5D,4,0.0589918750993581,0.052974433135836795,High
2019-01-04,ARIMAX,5D,4,0.025086167494529,0.021806719331160768,High
2019-01-07,ARIMAX,5D,4,0.0128287969120497,0.017029302257268987,High
2019-01-08,ARIMAX,5D,4,0.0138448284553133,0.00350649760291921,High
2019-01-09,ARIMAX,5D,4,0.0119746776515793,0.007495468974540127,High
2019-01-10,ARIMAX,5D,4,0.015029166983353,-0.002877928736535775,High
2019-01-11,ARIMAX,5D,4,0.0282723883676913,0.01679983718441785,High
2019-01-14,ARIMAX,5D,4,0.0192853061269683,0.023510569484310354,High
2019-01-15,ARIMAX,5D,4,0.0108211771666582,0.005530047530819704,High
2019-01-16,ARIMAX,5D,4,0.0099764367485474,0.006718664118336,High
2019-01-17,ARIMAX,5D,4,0.0108665737428296,1.4497398609637085e-05,High
2019-01-18,ARIMAX,5D,4,-0.010108114945735,0.00012167360213072298,High
2019-01-22,ARIMAX,5D,4,0.0026930539471225,-0.005742132807906981,High
2019-01-23,ARIMAX,5D,4,0.0159221739192316,-0.0004079361983844766,High
2019-01-24,ARIMAX,5D,4,0.0231080426180221,0.008444471404044768,High
2019-01-25,ARIMAX,5D,4,0.0155533815023111,0.02425024884518768,High
2019-01-28,ARIMAX,5D,4,0.0301845384684998,0.01395196656285149,High
2019-01-29,ARIMAX,5D,4,0.0363392168409647,0.024814672189408013,High
2019-01-30,ARIMAX,5D,4,0.0186826912318958,0.020866862795213298,High
2019-01-31,ARIMAX,5D,4,0.0007208492198978,0.006861506248746988,High
2019-02-01,ARIMAX,5D,4,0.0004986152011035,-0.002278661242146849,Normal
2019-02-04,ARIMAX,5D,4,-0.0055459141125577,-0.000600160089410693,Normal
2019-02-05,ARIMAX,5D,4,0.0025645683529307,-0.009403054934232598,Normal
2019-02-06,ARIMAX,5D,4,0.0078109156641504,0.007225120944601421,Normal
2019-02-07,ARIMAX,5D,4,0.0145569454826821,0.010638002898866877,Normal
2019-02-08,ARIMAX,5D,4,0.0247009775816269,0.008455859685560278,Normal
2019-02-11,ARIMAX,5D,4,0.0254897471044006,0.024040288008214526,Normal
2019-02-12,ARIMAX,5D,4,0.0144574277623027,0.012767779534377388,Normal
2019-02-13,ARIMAX,5D,4,0.0079053268427506,0.011261303664774165,Normal
2019-02-14,ARIMAX,5D,4,0.0169511289211595,0.003942349030690351,Normal
2019-02-15,ARIMAX,5D,4,0.0073622287059535,0.008856065846503133,Normal
2019-02-19,ARIMAX,5D,4,0.0050738377065212,0.003888675460692697,Normal
2019-02-20,ARIMAX,5D,4,0.0027541067094823,0.003784306301383175,Low
2019-02-21,ARIMAX,5D,4,0.0034572684363733,0.002457543711483095,Low
2019-02-22,ARIMAX,5D,4,0.003938286330376,-0.003745018976113068,Normal
2019-02-25,ARIMAX,5D,4,-0.0011809255146309,0.007815808163643752,Low
2019-02-26,ARIMAX,5D,4,-0.0015223293314974,-0.0037492280563020787,Low
2019-02-27,ARIMAX,5D,4,-0.0075236054993244,-0.0018173495732222242,Low
2019-02-28,ARIMAX,5D,4,-0.0128530090387051,-0.0051697289546668275,Low
2019-03-01,ARIMAX,5D,4,-0.0218586297588718,-0.013596244906441297,Low
2019-03-04,ARIMAX,5D,4,-0.0034109868001272,-0.0139676795102534,Low
2019-03-05,ARIMAX,5D,4,0.0006701524173848,-0.0017122176005984933,Low
2019-03-06,ARIMAX,5D,4,0.0141411727785291,0.006072214818207746,Low
2019-03-07,ARIMAX,5D,4,0.0214316845852642,0.01671174936436624,Low
2019-03-08,ARIMAX,5D,4,0.0285381681251485,0.017416867669836154,Low
2019-03-11,ARIMAX,5D,4,0.0176777293605669,0.015103794278357327,Low
2019-03-12,ARIMAX,5D,4,0.0145981935528351,0.013362356337551201,Low
2019-03-13,ARIMAX,5D,4,0.004723950055046,0.008050839522509257,Low
2019-03-14,ARIMAX,5D,4,0.0163863648813315,0.001315806960905692,Low
2019-03-15,ARIMAX,5D,4,-0.0077429816613723,0.010334670492015531,Low
2019-03-18,ARIMAX,5D,4,-0.0122814512935903,-0.009186836971999042,Low
2019-03-19,ARIMAX,5D,4,-0.0049938282657296,-0.007721171749010817,Low
2019-03-20,ARIMAX,5D,4,-0.0067002748015589,-0.0012380175327385834,Low
2019-03-21,ARIMAX,5D,4,-0.0139112355809866,-0.01579451086780361,Low
2019-03-22,ARIMAX,5D,4,0.0119572975966112,0.004164843905188463,Normal
2019-03-25,ARIMAX,5D,4,0.0242988659479659,0.00923690998575307,Normal
2019-03-26,ARIMAX,5D,4,0.0171592685548901,0.01853010325344525,Normal
2019-03-27,ARIMAX,5D,4,0.0239604842515781,0.015567206964958663,Normal
2019-03-28,ARIMAX,5D,4,0.0224598947793108,0.018135923326582353,Normal
2019-03-29,ARIMAX,5D,4,0.020373906359085,0.011724290337816277,Normal
2019-04-01,ARIMAX,5D,4,0.0099186225915643,0.0093202536802424,Normal
2019-04-02,ARIMAX,5D,4,0.0038151906010365,0.007965863091356315,Normal
2019-04-03,ARIMAX,5D,4,0.0051409559354472,-0.0014291218599726072,Normal
2019-04-04,ARIMAX,5D,4,0.0030966130327957,0.0016580756990192975,Normal
2019-04-05,ARIMAX,5D,4,0.0050584737992424,-0.0016545705685721158,Normal
2019-04-08,ARIMAX,5D,4,0.0033819948043615,0.006542598746997625,Low
2019-04-09,ARIMAX,5D,4,0.0099771995651713,0.004459100647620802,Normal
2019-04-10,ARIMAX,5D,4,0.0042289609899325,0.006195582955137777,Normal
2019-04-11,ARIMAX,5D,4,0.0057686854738393,0.0019214074708321276,Normal
2019-04-12,ARIMAX,5D,4,0.0001926129012265,0.0009366450679375114,Normal
2019-04-15,ARIMAX,5D,4,0.009624531320579,-0.0007616496853771046,Normal
2019-04-16,ARIMAX,5D,4,0.0069211343924027,0.00713593022834722,Normal
2019-04-17,ARIMAX,5D,4,0.0088284934728688,0.00629996504738012,Normal
2019-04-18,ARIMAX,5D,4,0.0119249969719239,0.005183381407584223,Low
2019-04-22,ARIMAX,5D,4,0.011984439659225,0.010617922425411576,Low
2019-04-23,ARIMAX,5D,4,0.0041330531830212,0.004188920873042779,Low
2019-04-24,ARIMAX,5D,4,-0.0012032240642338,0.0062090384952056136,Low
2019-04-25,ARIMAX,5D,4,-0.0029604269726438,-0.003106944475715462,Low
2019-04-26,ARIMAX,5D,4,0.0019573501829687,-0.006292693354488979,Low
2019-04-29,ARIMAX,5D,4,-0.0035946115103377,0.003193844654684813,Low
2019-04-30,ARIMAX,5D,4,-0.0211950642980348,-0.001515190775513085,Low
2019-05-01,ARIMAX,5D,4,-0.0152713338371634,-0.014094592674656216,Low
2019-05-02,ARIMAX,5D,4,-0.0161710878504088,-0.012053606587620008,Low
2019-05-03,ARIMAX,5D,4,-0.0220498212594077,-0.01984987033749907,Low
2019-05-06,ARIMAX,5D,4,-0.0419952772088326,-0.016016692884080853,Low
2019-05-07,ARIMAX,5D,4,-0.0173618015967111,-0.023308679791008313,Low
2019-05-08,ARIMAX,5D,4,-0.0099330918795681,-0.011677290853814921,Low
2019-05-09,ARIMAX,5D,4,0.0019488638988593,-0.004864459182109048,Low
2019-05-10,ARIMAX,5D,4,-0.0076189673451031,0.003655774523631583,Low
2019-05-13,ARIMAX,5D,4,0.0100352438179889,0.003197383155429147,Normal
2019-05-14,ARIMAX,5D,4,0.0105112053879637,0.003391207348904403,Normal
2019-05-15,ARIMAX,5D,4,0.0018608186963412,0.00443732705219043,Normal
2019-05-16,ARIMAX,5D,4,-0.0189808306614396,-0.003969873660551838,Normal
2019-05-17,ARIMAX,5D,4,-0.0117737497153587,-0.014442612393058496,Normal
2019-05-20,ARIMAX,5D,4,-0.0134124417402136,-0.010478540000359493,Normal
2019-05-21,ARIMAX,5D,4,-0.0288083010006357,-0.014042975366424279,Normal
2019-05-22,ARIMAX,5D,4,-0.0238836359617393,-0.024795683250330974,Normal
2019-05-23,ARIMAX,5D,4,-0.0251811489709104,-0.010102770815456729,Normal
2019-05-24,ARIMAX,5D,4,-0.0293028633972555,-0.02269012387075834,Normal
2019-05-28,ARIMAX,5D,4,0.0003140136840822,-0.018152638397751206,Normal
2019-05-29,ARIMAX,5D,4,0.0153786508301275,0.008896608418401656,Normal
2019-05-30,ARIMAX,5D,4,0.0193992188311347,0.01277581577608193,Normal
2019-05-31,ARIMAX,5D,4,0.0431254033288479,0.021942381659203487,Normal
2019-06-03,ARIMAX,5D,4,0.0505436940579213,0.04507229391920971,Normal
2019-06-04,ARIMAX,5D,4,0.0289878255188922,0.025683603219003273,High
2019-06-05,ARIMAX,5D,4,0.0188194407128411,0.019402512766728847,Normal
2019-06-06,ARIMAX,5D,4,0.016791610539687,0.00998377130620764,High
2019-06-07,ARIMAX,5D,4,0.0047358195062741,0.005692496499768083,High
2019-06-10,ARIMAX,5D,4,0.0010179148638613,0.0004199441173808466,High
2019-06-11,ARIMAX,5D,4,0.0110383459147834,0.005104366720824883,Normal
2019-06-12,ARIMAX,5D,4,0.0160587205350446,0.008766517569617138,Normal
2019-06-13,ARIMAX,5D,4,0.0213973153680675,0.011926680557795805,Normal
2019-06-14,ARIMAX,5D,4,0.0217501108744924,0.021041782877693545,Normal
2019-06-17,ARIMAX,5D,4,0.0190854069815525,0.01599131812140048,Normal
2019-06-18,ARIMAX,5D,4,-0.0001268582518056,0.010097714134330575,Normal
2019-06-19,ARIMAX,5D,4,-0.0043422707236335,-0.004705313734887878,Normal
2019-06-20,ARIMAX,5D,4,-0.0099539902669158,-0.00788295145449435,Normal
2019-06-21,ARIMAX,5D,4,-0.0029530321465882,-0.009522806760127789,Normal
2019-06-24,ARIMAX,5D,4,0.0064233749249528,-0.0017158535472158454,Normal
2019-06-25,ARIMAX,5D,4,0.0188889978423289,0.012771610819886222,Normal
2019-06-26,ARIMAX,5D,4,0.0277667891818173,0.014957398758456829,Normal
2019-06-27,ARIMAX,5D,4,0.0221433691846778,0.021992959219628343,Normal
2019-06-28,ARIMAX,5D,4,0.0115552543339544,0.013581073902515454,Normal
2019-07-01,ARIMAX,5D,4,0.0051480287814544,0.005494532467584086,Low
2019-07-02,ARIMAX,5D,4,0.0067247284405483,-5.093890565682074e-05,Low
2019-07-03,ARIMAX,5D,4,0.0013642523588127,0.00033610881980031607,Low
2019-07-05,ARIMAX,5D,4,0.0077813208654278,0.0017847022469326575,Low
2019-07-08,ARIMAX,5D,4,0.0128043476039357,0.010516595780325162,Low
2019-07-09,ARIMAX,5D,4,0.0081589699904715,0.009883426489174636,Low
2019-07-10,ARIMAX,5D,4,-0.0028942424117043,0.004692540606563656,Low
2019-07-11,ARIMAX,5D,4,-0.0016012642818338,-0.005015680704802512,Low
2019-07-12,ARIMAX,5D,4,-0.0124066880487449,-0.004773616327543303,Low
2019-07-15,ARIMAX,5D,4,-0.0097578400908788,-0.012921556504494426,Low
2019-07-16,ARIMAX,5D,4,0.0004758896034078,-0.006493186060518156,Low
2019-07-17,ARIMAX,5D,4,0.0117057478829768,0.007242444891219892,Low
2019-07-18,ARIMAX,5D,4,0.0028538536905583,0.006301799717535039,Low
2019-07-19,ARIMAX,5D,4,0.0164102789261859,0.010620575971765307,Low
2019-07-22,ARIMAX,5D,4,0.0119681553108781,0.01027345292023586,Low
2019-07-23,ARIMAX,5D,4,0.0025620247995576,0.004520616727309164,Low
2019-07-24,ARIMAX,5D,4,-0.0130603749660582,-0.0040965509700065135,Low
2019-07-25,ARIMAX,5D,4,-0.0168236060512647,-0.008423849398560713,Low
2019-07-26,ARIMAX,5D,4,-0.0314935303616128,-0.021937443363572035,Low
2019-07-29,ARIMAX,5D,4,-0.0601062906022502,-0.02532109325711563,Low
2019-07-30,ARIMAX,5D,4,-0.0445912813190392,-0.05195861377317498,Low
2019-07-31,ARIMAX,5D,4,-0.0328794920330404,-0.02100196027236094,Low
2019-08-01,ARIMAX,5D,4,-0.0052515019973693,-0.02089525072739539,Low
2019-08-02,ARIMAX,5D,4,-0.0045807065914613,0.003660020036579989,Low
2019-08-05,ARIMAX,5D,4,0.0132556664623181,0.013777745366757101,Normal
2019-08-06,ARIMAX,5D,4,0.0153409888184535,0.003041779579727873,Normal
2019-08-07,ARIMAX,5D,4,-0.0151559459699411,0.01321842688224772,Normal
2019-08-08,ARIMAX,5D,4,-0.0312831717386259,-0.029849782544777288,High
2019-08-09,ARIMAX,5D,4,-0.0103215204327238,-0.019151256979796596,High
2019-08-12,ARIMAX,5D,4,0.014105464247589,-0.003094933520249943,High
2019-08-13,ARIMAX,5D,4,-0.0088590973318284,0.0047380229148107494,High
2019-08-14,ARIMAX,5D,4,0.0290842346800602,0.007266768758737326,High
2019-08-15,ARIMAX,5D,4,0.0261167950226014,0.02879543844050489,High
2019-08-16,ARIMAX,5D,4,-0.0144951442724813,0.009274783488711351,High
2019-08-19,ARIMAX,5D,4,-0.0156052071060809,-0.025312543194833143,High
2019-08-20,ARIMAX,5D,4,-0.0108673135945216,-0.0032383819869465135,High
2019-08-21,ARIMAX,5D,4,-0.0125561416213122,-0.02242018412078097,High
2019-08-22,ARIMAX,5D,4,0.0005575437790607,-0.008860135109531517,High
2019-08-23,ARIMAX,5D,4,0.0274890056617754,0.02260079017117674,High
2019-08-26,ARIMAX,5D,4,0.0096428835982921,0.013220341988085913,High
2019-08-27,ARIMAX,5D,4,0.0236349306772696,0.011254466855308395,High
2019-08-28,ARIMAX,5D,4,0.0300366920684668,0.014222484540284814,High
2019-08-29,ARIMAX,5D,4,0.0183394004317492,0.019921397704079795,High
2019-08-30,ARIMAX,5D,4,0.0176028049929726,0.008757542494620515,High
2019-09-03,ARIMAX,5D,4,0.024848066751589,0.01730632858095451,High
2019-09-04,ARIMAX,5D,4,0.021268013799555,0.013231942762325507,High
2019-09-05,ARIMAX,5D,4,0.0112171171560286,0.009453454188704174,High
2019-09-06,ARIMAX,5D,4,0.0095822494746856,0.009571134028746623,High
2019-09-09,ARIMAX,5D,4,0.0065357512372295,0.004236559725049473,High
2019-09-10,ARIMAX,5D,4,0.0087919241837605,-0.001656095788895206,High
2019-09-11,ARIMAX,5D,4,0.0019308851416402,0.005245938786947384,High
2019-09-12,ARIMAX,5D,4,-0.0009241566146634,0.0010798724183099361,Normal
2019-09-13,ARIMAX,5D,4,-0.0051070788425777,-0.004020843668785188,Normal
2019-09-16,ARIMAX,5D,4,-0.0020635065440492,-0.005047187926811114,Normal
2019-09-17,ARIMAX,5D,4,-0.0130939208800627,-0.0028065595514417847,Normal
2019-09-18,ARIMAX,5D,4,-0.007296868922366,-0.013141929731314768,Normal
2019-09-19,ARIMAX,5D,4,-0.0097487144539087,-0.00465398077036403,Normal
2019-09-20,ARIMAX,5D,4,-0.0101716499281569,-0.006226176717379354,Normal
2019-09-23,ARIMAX,5D,4,-0.0050397990950809,-0.010260949860566023,Low
2019-09-24,ARIMAX,5D,4,-0.0089219370769422,0.008146225231478727,Low
2019-09-25,ARIMAX,5D,4,-0.0331270265065499,-0.016811817518040565,Low
2019-09-26,ARIMAX,5D,4,-0.0227548507230698,-0.026394756161349106,Low
2019-09-27,ARIMAX,5D,4,-0.0033075309046822,-0.010090390226862379,Low
2019-09-30,ARIMAX,5D,4,-0.0128307933936121,-0.005686359541723444,Low
2019-10-01,ARIMAX,5D,4,-0.0161798260003093,-0.0014811458785050132,Low
2019-10-02,ARIMAX,5D,4,0.0109488747021802,-0.004051277912709546,Normal
2019-10-03,ARIMAX,5D,4,0.0094037723400961,0.008531561697645903,Low
2019-10-04,ARIMAX,5D,5,0.006166566774626,-0.000992057113227744,Normal
2019-10-07,ARIMAX,5D,5,0.0092668373750884,0.012275904424407753,Normal
2019-10-08,ARIMAX,5D,5,0.0348564423036876,0.015042430072735985,Normal
2019-10-09,ARIMAX,5D,5,0.023791601235648,0.024634295671310206,Normal
2019-10-10,ARIMAX,5D,5,0.0201554207936407,0.015684796480009127,Normal
2019-10-11,ARIMAX,5D,5,0.0053487954100518,0.014445843315317354,Normal
2019-10-14,ARIMAX,5D,5,0.0135849911886045,-0.0013733438736443226,Normal
2019-10-15,ARIMAX,5D,5,0.0001034965537386,0.002773054360774711,Normal
2019-10-16,ARIMAX,5D,5,0.0049481444527631,-0.00012865203969507702,Normal
2019-10-17,ARIMAX,5D,5,0.0041077271421593,0.0035959347444741094,Normal
2019-10-18,ARIMAX,5D,5,0.012099202362615,0.005632412378682354,Normal
2019-10-21,ARIMAX,5D,5,0.0108169081733991,0.004296057046838166,Normal
2019-10-22,ARIMAX,5D,5,0.0135592054752952,0.013381592584508425,Normal
2019-10-23,ARIMAX,5D,5,0.0139641915303217,0.005828633901271096,Normal
2019-10-24,ARIMAX,5D,5,0.0090181482366112,0.011735833552691786,Normal
2019-10-25,ARIMAX,5D,5,0.0145696492856028,-0.001170640067738293,Normal
2019-10-28,ARIMAX,5D,5,0.0127010751747975,0.012232969846565392,Normal
2019-10-29,ARIMAX,5D,5,0.0123474244194576,0.00769130821168958,Normal
2019-10-30,ARIMAX,5D,5,0.0098015856108898,0.007353298330105092,Normal
2019-10-31,ARIMAX,5D,5,0.0155553994897095,0.009180725777426213,Normal
2019-11-01,ARIMAX,5D,5,0.0084968720751778,0.008254190522306946,Low
2019-11-04,ARIMAX,5D,5,0.0028352308565282,0.0051329010031856935,Low
2019-11-05,ARIMAX,5D,5,0.005585056869612,0.0019946647212989495,Low
2019-11-06,ARIMAX,5D,5,0.0055940878474386,0.003899471859223746,Low
2019-11-07,ARIMAX,5D,5,0.0037044052176145,0.002638424246894167,Low
2019-11-08,ARIMAX,5D,5,0.008813030850472,0.0023905037362477385,Low
2019-11-11,ARIMAX,5D,5,0.0112804525866188,0.008001623371483604,Low
2019-11-12,ARIMAX,5D,5,0.0091242591856633,0.010538780697397589,Low
2019-11-13,ARIMAX,5D,5,0.0046497211946059,0.005391004491355887,Low
2019-11-14,ARIMAX,5D,5,0.0022290224939598,0.0037666996557154365,Low
2019-11-15,ARIMAX,5D,5,-0.0032644323416373,-0.0028875861973513307,Low
2019-11-18,ARIMAX,5D,5,0.0037117932230201,-0.0034312745950193964,Low
2019-11-19,ARIMAX,5D,5,0.0064977269676528,0.0056875887526052354,Low
2019-11-20,ARIMAX,5D,5,0.0144267190138937,0.006284015332013504,Low
2019-11-21,ARIMAX,5D,5,0.0119914388700941,0.01297000470024285,Low
2019-11-22,ARIMAX,5D,5,0.0011503812337543,0.009402188408031366,Low
2019-11-25,ARIMAX,5D,5,-0.0129890959117578,-0.005897790187969,Low
2019-11-26,ARIMAX,5D,5,-0.008878601947928,-0.013354626628554203,Low
2019-11-27,ARIMAX,5D,5,-0.0115452106465976,-0.009390980084270108,Low
2019-11-29,ARIMAX,5D,5,0.0015683216138172,-0.008294529425359493,Low
2019-12-02,ARIMAX,5D,5,0.0070689716233066,0.01183893068472424,Low
2019-12-03,ARIMAX,5D,5,0.0126316607123676,0.007443088325119494,Low
2019-12-04,ARIMAX,5D,5,0.0092319406329482,0.009750455296465491,Low
2019-12-05,ARIMAX,5D,5,0.0162714810818732,0.008374173510671027,Low
2019-12-06,ARIMAX,5D,5,0.0072498142016621,0.008938361612231646,Low
2019-12-09,ARIMAX,5D,5,0.0175400088286793,0.007082452247805197,Low
2019-12-10,ARIMAX,5D,5,0.0189727810261245,0.016464519363378293,Low
2019-12-11,ARIMAX,5D,5,0.0156364498562511,0.01404494149061813,Low
2019-12-12,ARIMAX,5D,5,0.0115471613025602,0.006691499065498821,Low
2019-12-13,ARIMAX,5D,5,0.0164071779566796,0.010986126351242933,Low
2019-12-16,ARIMAX,5D,5,0.0101505857284352,0.008470837234974635,Low
2019-12-17,ARIMAX,5D,5,0.0096198823975058,0.006744279095478721,Low
2019-12-18,ARIMAX,5D,5,0.0151673384480825,0.007432089776964216,Low
2019-12-19,ARIMAX,5D,5,0.0107519437658763,0.010557374359090328,Low
2019-12-20,ARIMAX,5D,5,2.1751882192300326e-05,0.006373335811928839,Low
2019-12-23,ARIMAX,5D,5,0.0020976738120846,-0.0018202217422628965,Low
2019-12-24,ARIMAX,5D,5,0.0106370364768695,0.0021966718656403032,Low
2019-12-26,ARIMAX,5D,5,-0.0015629352981388,0.005758473784160379,Low
2019-12-27,ARIMAX,5D,5,0.0019302257564756,-0.0005206596908555903,Low
2019-12-30,ARIMAX,5D,5,0.0049206467512307,0.006571301593207227,Low
2019-12-31,ARIMAX,5D,5,0.0068694295926811,-0.0004451007447153271,Low
2020-01-02,ARIMAX,5D,5,0.0051587483472708,0.0018639434117043042,Low
2020-01-03,ARIMAX,5D,5,0.0093843952247204,0.006624293172120005,Low
2020-01-06,ARIMAX,5D,5,0.0128092440763811,0.005444807894435126,Low
2020-01-07,ARIMAX,5D,5,0.0141007383240802,0.014142108976735885,Low
2020-01-08,ARIMAX,5D,5,0.0110787150821269,0.007706335041979967,Low
2020-01-09,ARIMAX,5D,5,0.0127772483874523,0.006740756290661151,Low
2020-01-10,ARIMAX,5D,5,0.0194912341224423,0.011714909141913582,Low
2020-01-13,ARIMAX,5D,5,0.0098837397069237,0.011594352930411446,Low
2020-01-14,ARIMAX,5D,5,0.0116884548405006,0.007103095233649575,Low
2020-01-15,ARIMAX,5D,5,0.0109603307901708,0.009094247046429287,Low
2020-01-16,ARIMAX,5D,5,-0.0064547060582548,0.005024336641112518,Low
2020-01-17,ARIMAX,5D,5,-0.0261651816625839,-0.010737150381315693,Low
2020-01-21,ARIMAX,5D,5,-0.0135062977926458,-0.022458975042191107,Low
2020-01-22,ARIMAX,5D,5,-0.0146625822329115,-0.00810725567389471,Low
2020-01-23,ARIMAX,5D,5,-0.0126734514960586,-0.015408819540462311,Low
2020-01-24,ARIMAX,5D,5,-0.0214546056412278,1.8980954125768015e-05,Low
2020-01-27,ARIMAX,5D,5,0.0016295724768487,-0.01667844049396382,Low
2020-01-28,ARIMAX,5D,5,0.0064955048940021,0.0019991936395879054,Normal
2020-01-29,ARIMAX,5D,5,0.0185505336965597,0.008875641568681276,Low
2020-01-30,ARIMAX,5D,5,0.0187412318233504,0.012613785569731722,Low
2020-01-31,ARIMAX,5D,5,0.0311901843852553,0.03081621589278484,Normal
2020-02-03,ARIMAX,5D,5,0.0312614487445959,0.014958359309038924,Normal
2020-02-04,ARIMAX,5D,5,0.018079181513092,0.022086010775686744,Normal
2020-02-05,ARIMAX,5D,5,0.013333255959322,0.006468806209838286,Normal
2020-02-06,ARIMAX,5D,5,0.0083813245423315,0.009543813784660684,Normal
2020-02-07,ARIMAX,5D,5,0.0156386516502752,0.0041617747829627225,Normal
2020-02-10,ARIMAX,5D,5,0.0054147475435542,0.007415130020668858,Normal
2020-02-11,ARIMAX,5D,5,0.008422447141837,0.007656479784492626,Normal
2020-02-12,ARIMAX,5D,5,-0.0018422233913635,0.0017439646546847966,Normal
2020-02-13,ARIMAX,5D,5,-0.0107842562641946,-0.003771504320894464,Normal
2020-02-14,ARIMAX,5D,5,-0.0467141717831207,-0.012417266969492106,Normal
2020-02-18,ARIMAX,5D,5,-0.0745378621723262,-0.04275537270545391,Normal
2020-02-19,ARIMAX,5D,5,-0.0830183077801412,-0.06790540999840891,Normal
2020-02-20,ARIMAX,5D,5,-0.1243636267044048,-0.06455021775968564,Normal
2020-02-21,ARIMAX,5D,5,-0.1220622805812382,-0.10490115152344354,Normal
2020-02-24,ARIMAX,5D,5,-0.0429633323913842,-0.08405973530614083,High
2020-02-25,ARIMAX,5D,5,-0.0407259129389455,0.004925990473736985,High
2020-02-26,ARIMAX,5D,5,0.0043961337452176,-0.038352932863366614,High
2020-02-27,ARIMAX,5D,5,0.0150534876574977,0.04729623855145102,High
2020-02-28,ARIMAX,5D,5,0.0061250071147647,0.014463588973500578,High
2020-03-02,ARIMAX,5D,5,-0.1178962745950201,-0.025442277029178843,High
2020-03-03,ARIMAX,5D,5,-0.0411707372462464,-0.08222457324516097,High
2020-03-04,ARIMAX,5D,5,-0.1326099794154851,-0.05466055282457449,High
2020-03-05,ARIMAX,5D,5,-0.1980440493779775,-0.09941043601753669,High
2020-03-06,ARIMAX,5D,5,-0.0920346987763553,-0.16729953401059974,High
2020-03-09,ARIMAX,5D,5,-0.1406764833088012,0.005658799761380465,High
2020-03-10,ARIMAX,5D,5,-0.1306652230989684,-0.1681237617983784,High
2020-03-11,ARIMAX,5D,5,-0.1337846026224432,-0.045132904832107426,High
2020-03-12,ARIMAX,5D,5,-0.0291429892495688,-0.05289464681555303,High
2020-03-13,ARIMAX,5D,5,-0.1622790202521715,-0.07245333273126471,High
2020-03-16,ARIMAX,5D,5,-0.064358323788931,-0.07577959018394483,High
2020-03-17,ARIMAX,5D,5,-0.0329014039066596,-0.05959769471661859,High
2020-03-18,ARIMAX,5D,5,0.0317898588462429,0.018156724327869897,High
2020-03-19,ARIMAX,5D,5,0.0876369289500884,0.013287352229585922,High
2020-03-20,ARIMAX,5D,5,0.0976967074618287,0.13931745850312044,High
2020-03-23,ARIMAX,5D,5,0.1603947990413803,0.0486150822426521,High
2020-03-24,ARIMAX,5D,5,0.0545692557350013,0.10758997629949421,High
2020-03-25,ARIMAX,5D,5,-0.0020460974186078,0.036287473934214345,High
2020-03-26,ARIMAX,5D,5,-0.0400172714358939,-0.050901539160310066,High
2020-03-27,ARIMAX,5D,5,-0.0210022867202119,-0.014754138783830148,High
2020-03-30,ARIMAX,5D,5,0.0139993668546436,-0.04822415205291368,High
2020-03-31,ARIMAX,5D,5,0.0285373385946971,0.0388457089736634,High
2020-04-01,ARIMAX,5D,5,0.1071730725187686,0.038373964688601284,High
2020-04-02,ARIMAX,5D,5,0.0989838857655076,0.0833329791234717,High
2020-04-03,ARIMAX,5D,5,0.1040806871467748,0.07985050736930545,High
2020-04-06,ARIMAX,5D,5,0.066227002574252,0.043632772556859434,High
2020-04-07,ARIMAX,5D,5,0.0455546089502452,0.07231655201580213,High
2020-04-08,ARIMAX,5D,5,0.0178650755985019,-0.019828011679137766,High
2020-04-09,ARIMAX,5D,5,0.0299225373161231,0.007160678098083614,High
2020-04-13,ARIMAX,5D,5,0.0220357511454526,0.031438912458074654,High
2020-04-14,ARIMAX,5D,5,-0.0392339236631857,0.0008501901268056847,High
2020-04-15,ARIMAX,5D,5,0.0057141095913203,-0.02969004557928354,High
2020-04-16,ARIMAX,5D,5,-0.0006252959084167,0.008903515866319395,High
2020-04-17,ARIMAX,5D,5,-0.013244137362898,-0.01996072734243869,High
2020-04-20,ARIMAX,5D,5,0.0194055764341857,-0.004798673977079122,High
2020-04-21,ARIMAX,5D,5,0.0453045214800325,0.03620172957028446,High
2020-04-22,ARIMAX,5D,5,0.0488699249429688,0.03204628521095517,High
2020-04-23,ARIMAX,5D,5,0.0401543492841097,0.04263544399261796,High
2020-04-24,ARIMAX,5D,5,-0.0021279522975054,0.030746715850971502,High
2020-04-27,ARIMAX,5D,5,-0.0124939979003919,-0.025816886259750024,High
2020-04-28,ARIMAX,5D,5,0.0017621074878715,-0.003542901784594264,High
2020-04-29,ARIMAX,5D,5,-0.0314784769562441,-0.016423699375214935,High
2020-04-30,ARIMAX,5D,5,-0.0107843778822984,-0.025651864667521118,High
2020-05-01,ARIMAX,5D,5,0.0344066281977036,0.009834136955238848,High
2020-05-04,ARIMAX,5D,5,0.030298874985645,0.025501221409974146,High
2020-05-05,ARIMAX,5D,5,0.0005855740158176,0.034343991447783766,High
2020-05-06,ARIMAX,5D,5,-0.0100275422094197,0.0043356444036969505,High
2020-05-07,ARIMAX,5D,5,-0.0100075801602392,-0.015307354567138928,High
2020-05-08,ARIMAX,5D,5,-0.0228197000217424,-0.02192189587802055,High
2020-05-11,ARIMAX,5D,5,0.0080624393815401,-0.021833970022992803,High
2020-05-12,ARIMAX,5D,5,0.0182360574419885,0.038454390217938554,High
2020-05-13,ARIMAX,5D,5,0.0523670446796841,0.019588053552677905,High
2020-05-14,ARIMAX,5D,5,0.0331041585656589,0.03812418093285681,High
2020-05-15,ARIMAX,5D,5,0.0315364290487484,0.031970271475940115,High
2020-05-18,ARIMAX,5D,5,0.0127355053001353,0.011574946928497188,High
2020-05-19,ARIMAX,5D,5,0.037993700502049,0.015199956223533491,High
2020-05-20,ARIMAX,5D,5,0.0193695705637139,0.02224946127171568,High
2020-05-21,ARIMAX,5D,5,0.0319743324259755,0.021393312636604187,High
2020-05-22,ARIMAX,5D,5,0.0333676032175275,0.02461857349094591,High
2020-05-26,ARIMAX,5D,5,0.0293306254784657,0.0328031081472947,High
2020-05-27,ARIMAX,5D,5,0.0281688488007154,0.012341953037664805,High
2020-05-28,ARIMAX,5D,5,0.0269045990420261,0.03608680343759685,High
2020-05-29,ARIMAX,5D,5,0.047977818311354,0.012086328805548436,High
2020-06-01,ARIMAX,5D,5,0.0562032582387956,0.04377899610904918,High
2020-06-02,ARIMAX,5D,5,0.0401962075366748,0.04526190293515552,High
2020-06-03,ARIMAX,5D,5,0.0213122809889289,0.025849293474696562,High
2020-06-04,ARIMAX,5D,5,-0.0360660229237511,0.016248034442606196,High
2020-06-05,ARIMAX,5D,5,-0.0489637491401752,-0.05179270194608011,High
2020-06-08,ARIMAX,5D,5,-0.0526555447278059,-0.042606115945718316,High
2020-06-09,ARIMAX,5D,5,-0.0260409484413734,-0.03701105732493986,High
2020-06-10,ARIMAX,5D,5,-0.0243204889388208,-0.011812268414335797,High
2020-06-11,ARIMAX,5D,5,0.0370262474612698,0.009823410046980324,High
2020-06-12,ARIMAX,5D,5,0.0183844472903844,0.0383112992143802,High
2020-06-15,ARIMAX,5D,5,0.0165806797688676,-0.0006020613758937997,High
2020-06-16,ARIMAX,5D,5,0.0020939960936407,0.022529995415949557,High
2020-06-17,ARIMAX,5D,5,-0.020494473269392,-0.0006610250799115123,High
2020-06-18,ARIMAX,5D,5,-0.0101886889449758,-0.03243140935443996,High
2020-06-19,ARIMAX,5D,5,-0.0290483796541332,0.009836658493126343,High
2020-06-22,ARIMAX,5D,5,-0.0209435848372578,-0.03875944737156588,High
2020-06-23,ARIMAX,5D,5,-0.0099494045929859,-0.008247204870280323,High
2020-06-24,ARIMAX,5D,5,0.0212554249785469,0.010816310247095631,High
2020-06-25,ARIMAX,5D,5,0.0148865677271457,0.008049317223087963,High
2020-06-26,ARIMAX,5D,5,0.0551687028341401,0.03321960771133841,High
2020-06-29,ARIMAX,5D,5,0.0297123368509628,0.03720280442383063,High
2020-06-30,ARIMAX,5D,5,0.0222169736786375,0.015415651745831892,High
2020-07-01,ARIMAX,5D,5,0.0115478182265723,0.014857109747659109,High
2020-07-02,ARIMAX,5D,5,0.0174286575241983,0.0090985230707205,High
2020-07-06,ARIMAX,5D,5,-0.0077349185240238,0.0037501822452466697,High
2020-07-07,ARIMAX,5D,5,0.0164598599285238,0.0034789865477221804,High
2020-07-08,ARIMAX,5D,5,0.0177039306014485,0.011204719346585318,High
2020-07-09,ARIMAX,5D,5,0.0199516068635278,0.0225602817412488,High
2020-07-10,ARIMAX,5D,5,0.0123843596766684,0.01108773043239678,High
2020-07-13,ARIMAX,5D,5,0.0301628021478675,0.030762628269416267,High
2020-07-14,ARIMAX,5D,5,0.0185231308995236,0.01107911384440434,High
2020-07-15,ARIMAX,5D,5,0.0152127045576424,0.019898490028601997,High
2020-07-16,ARIMAX,5D,5,0.0062282413595109,0.009506774206939647,High
2020-07-17,ARIMAX,5D,5,-0.0028259612523487,0.005261061508125485,High
2020-07-20,ARIMAX,5D,5,-0.0038298296860066,-0.013238320024046468,High
2020-07-21,ARIMAX,5D,5,-0.0120018944392131,0.003728999709262165,High
2020-07-22,ARIMAX,5D,5,-0.0053807416819443,-0.016134269750916107,High
2020-07-23,ARIMAX,5D,5,0.0032583349668476,0.008869349167783504,High
2020-07-24,ARIMAX,5D,5,0.0171092112333001,0.003028753938785874,High
2020-07-27,ARIMAX,5D,5,0.0168966450761765,0.014836782704015804,Normal
2020-07-28,ARIMAX,5D,5,0.0269965035209565,0.02233919099263005,Normal
2020-07-29,ARIMAX,5D,5,0.0210538806047319,0.018520486140314554,Normal
2020-07-30,ARIMAX,5D,5,0.0312183083888514,0.019136239031714762,Normal
2020-07-31,ARIMAX,5D,5,0.0242099014166318,0.027273684666657548,Normal
2020-08-03,ARIMAX,5D,5,0.0197930040256648,0.01907954136146759,Normal
2020-08-04,ARIMAX,5D,5,0.008186525598154,0.012643339721041702,Normal
2020-08-05,ARIMAX,5D,5,0.0156768674562496,0.006384332154809028,Normal
2020-08-06,ARIMAX,5D,5,0.0072204687594281,0.009869635580314503,Normal
2020-08-07,ARIMAX,5D,5,0.0064157420931924,0.007730451864230475,Normal
2020-08-10,ARIMAX,5D,5,0.0063834543272239,0.005911472939530779,Normal
2020-08-11,ARIMAX,5D,5,0.0166852501484181,0.016820179912836374,Normal
2020-08-12,ARIMAX,5D,5,-0.0016283754903773,0.00582892309950871,Normal
2020-08-13,ARIMAX,5D,5,0.0035745519541253,0.00016051363310876088,Normal
2020-08-14,ARIMAX,5D,5,0.0071816493333768,0.004253739574884637,Normal
2020-08-17,ARIMAX,5D,5,0.0144690871908568,0.007437935947223085,Normal
2020-08-18,ARIMAX,5D,5,0.0157582465165802,0.011797132385897328,Normal
2020-08-19,ARIMAX,5D,5,0.0303163712066038,0.021667437859555133,Normal
2020-08-20,ARIMAX,5D,5,0.0288343624700669,0.02341392143550088,Low
2020-08-21,ARIMAX,5D,5,0.0321091653366645,0.02492176666507963,Low
2020-08-24,ARIMAX,5D,5,0.0199181747962527,0.025460678726263817,Low
2020-08-25,ARIMAX,5D,5,0.0238251064714183,0.014803011250255765,Low
2020-08-26,ARIMAX,5D,5,0.0289301552704466,0.018166452224960487,Low
2020-08-27,ARIMAX,5D,5,-0.0084990849035479,0.030183324532013483,Low
2020-08-28,ARIMAX,5D,5,-0.0233753685073933,-0.01636740160043968,Low
2020-08-31,ARIMAX,5D,5,-0.0493268224183516,-0.011813193644040525,Low
2020-09-01,ARIMAX,5D,5,-0.036878893176877,-0.04570531562771647,Low
2020-09-02,ARIMAX,5D,5,-0.0698691892461422,-0.028983436918658827,Low
2020-09-03,ARIMAX,5D,5,-0.0335786649458695,-0.03424640892406622,High
2020-09-04,ARIMAX,5D,5,-0.0127510491665715,-0.02127305755909818,High
2020-09-08,ARIMAX,5D,5,0.0206035658503948,0.0008123707888136045,High
2020-09-09,ARIMAX,5D,5,-0.0039708417039374,0.011983330677430851,High
2020-09-10,ARIMAX,5D,5,0.0053224546929055,0.017493432527784254,High
2020-09-11,ARIMAX,5D,5,-0.0064560524130101,-0.007446135737547651,High
2020-09-14,ARIMAX,5D,5,-0.0307559514653309,-0.013589250697322633,High
2020-09-15,ARIMAX,5D,5,-0.0254987209974544,-0.03153684450830792,High
2020-09-16,ARIMAX,5D,5,-0.0448764130196767,-0.010067532149399495,High
2020-09-17,ARIMAX,5D,5,-0.0334454579364953,-0.0449188101783188,High
2020-09-18,ARIMAX,5D,5,-0.0063494417644783,-0.01341032091289198,High
2020-09-21,ARIMAX,5D,5,0.0212713141166736,0.0031012894644994182,High
2020-09-22,ARIMAX,5D,5,0.0059840150138535,0.02100595502944261,High
2020-09-23,ARIMAX,5D,5,0.0382111964966071,0.023442357782838506,High
2020-09-24,ARIMAX,5D,5,0.0405071405062733,0.028320483403324406,High
2020-09-25,ARIMAX,5D,5,0.0150328884157139,0.02480339558524713,High
2020-09-28,ARIMAX,5D,5,0.0168638055647606,0.005431237062226217,High
2020-09-29,ARIMAX,5D,5,0.0076160238816814,0.022799636798313885,High
2020-09-30,ARIMAX,5D,5,0.0166433450835435,-0.005077783413138541,High
2020-10-01,ARIMAX,5D,5,0.0193426084141179,0.021398201173198784,High
2020-10-02,ARIMAX,5D,5,0.0377215164612414,0.020999944637670118,High
2020-10-05,ARIMAX,5D,5,0.0361909376166647,0.028467774102666474,High
2020-10-06,ARIMAX,5D,5,0.0439361103750245,0.045250310369782734,High
2020-10-07,ARIMAX,5D,5,0.0200437745207237,0.026411441543957078,High
2020-10-08,ARIMAX,5D,5,0.0105366381116412,0.012469576126196582,High
2020-10-09,ARIMAX,5D,5,0.001916453387519,0.0008373056765235143,High
2020-10-12,ARIMAX,5D,5,-0.0308307402857478,-0.0016087118925444555,High
2020-10-13,ARIMAX,5D,5,-0.0197876533365833,-0.026330894734785792,High
2020-10-14,ARIMAX,5D,5,-0.0153405952640942,-0.007554850950685674,High
2020-10-15,ARIMAX,5D,5,-0.0086063177463899,-0.016020603030150342,High
2020-10-16,ARIMAX,5D,5,-0.005301389882631,0.0009638205791032122,High
2020-10-19,ARIMAX,5D,5,-0.0076011993530103,0.012060287990072222,High
2020-10-20,ARIMAX,5D,5,-0.015347600023457,-0.0136042956789454,High
2020-10-21,ARIMAX,5D,5,-0.0490750281204645,-0.009423040825338815,High
2020-10-22,ARIMAX,5D,5,-0.0424038571839583,-0.04786184238996963,High
2020-10-23,ARIMAX,5D,5,-0.0580474089496077,-0.028435691620915134,High
2020-10-26,ARIMAX,5D,5,-0.0270399850736941,-0.03598813625786486,High
2020-10-27,ARIMAX,5D,5,-0.0063670420391708,-0.012535805186606852,High
2020-10-28,ARIMAX,5D,5,0.0513660257244986,0.024028839539266596,High
2020-10-29,ARIMAX,5D,5,0.0587627665612024,0.04561659936119394,High
2020-10-30,ARIMAX,5D,5,0.0706787234210885,0.06433429880635627,High
2015-06-10,ARIMAX,20D,1,-0.0259318092879521,-0.02718114523148074,Low
2015-06-11,ARIMAX,20D,1,-0.0154059396594725,-0.026910888105788126,Low
2015-06-12,ARIMAX,20D,1,0.0026182035009852,-0.007380673834393772,Low
2015-06-15,ARIMAX,20D,1,0.0116947663592569,0.005850204234793371,Low
2015-06-16,ARIMAX,20D,1,0.0052857795427658,0.008151160191032887,Low
2015-06-17,ARIMAX,20D,1,0.0112908285921687,0.005648376432648098,Low
2015-06-18,ARIMAX,20D,1,0.0025424001626107,0.001970147507754899,Low
2015-06-19,ARIMAX,20D,1,0.0086309520245618,0.005907625998660064,Low
2015-06-22,ARIMAX,20D,1,-0.0017162121997034,0.0008952657236956339,Low
2015-06-23,ARIMAX,20D,1,-0.0047424436450872,-0.005121278883838069,Low
2015-06-24,ARIMAX,20D,1,-0.0030541881381614,0.0023296329702310534,Low
2015-06-25,ARIMAX,20D,1,-0.0108372046782262,0.0002200954543639215,Low
2015-06-26,ARIMAX,20D,1,-0.016238803998368,-0.012468638671880167,Low
2015-06-29,ARIMAX,20D,1,0.0171582393121328,0.0062848321695330965,Normal
2015-06-30,ARIMAX,20D,1,0.0217954198870488,0.015107109255537488,Normal
2015-07-01,ARIMAX,20D,1,0.0149116903564342,0.012396076910803428,Normal
2015-07-02,ARIMAX,20D,1,0.012945656744929,0.012028137186447865,Normal
2015-07-06,ARIMAX,20D,1,0.0140541954989217,0.015481227279497578,Normal
2015-07-07,ARIMAX,20D,1,0.0057393957381201,0.004471070168728532,Normal
2015-07-08,ARIMAX,20D,1,0.0256421988357525,0.02082114341110839,Normal
2015-07-09,ARIMAX,20D,1,0.0155993552683704,0.02828100392170079,Normal
2015-07-10,ARIMAX,20D,1,0.0004573460270249,0.003327547319309106,Normal
2015-07-13,ARIMAX,20D,1,0.0021789131516949,-0.014903253454925484,Normal
2015-07-14,ARIMAX,20D,1,-0.0118674247649875,-0.004081829737616161,Normal
2015-07-15,ARIMAX,20D,1,-0.0101825648260356,-0.013400639538649107,Normal
2015-07-16,ARIMAX,20D,1,-0.0194413241388925,-0.017222134661342266,Normal
2015-07-17,ARIMAX,20D,1,-0.0166425634889839,-0.016860359977943364,Normal
2015-07-20,ARIMAX,20D,1,-0.0122156084035826,-0.016225458455100254,Normal
2015-07-21,ARIMAX,20D,1,-0.0105737950964927,-0.0076738634381306355,Normal
2015-07-22,ARIMAX,20D,1,-0.0164723664858995,-0.01168034664576081,Normal
2015-07-23,ARIMAX,20D,1,-0.0321061167286663,-0.012211643674472047,Normal
2015-07-24,ARIMAX,20D,1,-0.0537143385538834,-0.024037939035233158,Normal
2015-07-27,ARIMAX,20D,1,-0.0881340278353384,-0.048065109089731224,Normal
2015-07-28,ARIMAX,20D,1,-0.1140583513798836,-0.09589785183215208,Normal
2015-07-29,ARIMAX,20D,1,-0.0830591948727354,-0.11562462764600495,Normal
2015-07-30,ARIMAX,20D,1,-0.0590803072870678,-0.07860993760132136,Normal
2015-07-31,ARIMAX,20D,1,-0.0561976523291399,-0.05661938882927958,Normal
2015-08-03,ARIMAX,20D,1,-0.0618640370482194,-0.05390845996264557,Normal
2015-08-04,ARIMAX,20D,1,-0.0896344477237146,-0.05552582324339142,Normal
2015-08-05,ARIMAX,20D,1,-0.0746166144859907,-0.08880564223728557,Low
2015-08-06,ARIMAX,20D,1,-0.0656693028640096,-0.06321779354814958,Low
2015-08-07,ARIMAX,20D,1,-0.0782385887619482,-0.06104526324391282,Low
2015-08-10,ARIMAX,20D,1,-0.0661917871969348,-0.08486667769607774,Low
2015-08-11,ARIMAX,20D,1,-0.0705837582858374,-0.05235457343408593,Low
2015-08-12,ARIMAX,20D,1,-0.0662692864791163,-0.06887686739163341,Low
2015-08-13,ARIMAX,20D,1,-0.0605162541657488,-0.062256319984124044,Low
2015-08-14,ARIMAX,20D,1,-0.0685186276631518,-0.06257981256531583,Low
2015-08-17,ARIMAX,20D,1,-0.0609668317411222,-0.06640755006203963,Low
2015-08-18,ARIMAX,20D,1,-0.0496701080901133,-0.05533089254320484,Low
2015-08-19,ARIMAX,20D,1,-0.0439453161230762,-0.03904474488040383,Low
2015-08-20,ARIMAX,20D,1,-0.0389155866233136,-0.024140556832884026,Normal
2015-08-21,ARIMAX,20D,1,-0.0019909520677624,-0.004920311167789779,High
2015-08-24,ARIMAX,20D,1,0.0258255622593784,0.04750560567741473,High
2015-08-25,ARIMAX,20D,1,0.0373890677724402,0.04692787741366847,High
2015-08-26,ARIMAX,20D,1,-0.0042708835333978,-0.011336955398868767,High
2015-08-27,ARIMAX,20D,1,-0.0287440398243084,-0.026205047069713334,High
2015-08-28,ARIMAX,20D,1,-0.0553538021439936,-0.03299907114095056,High
2015-08-31,ARIMAX,20D,1,-0.0456946295670278,-0.04904914498539141,High
2015-09-01,ARIMAX,20D,1,0.0032239188789652,-0.017256520141414523,High
2015-09-02,ARIMAX,20D,1,-0.0129318138659121,-0.012679896847468446,High
2015-09-03,ARIMAX,20D,1,0.0001178634510745,-0.014122196095421053,High
2015-09-04,ARIMAX,20D,1,0.0336907657238529,0.013512510305004596,High
2015-09-08,ARIMAX,20D,1,0.0053224391826711,0.014773772608015788,High
2015-09-09,ARIMAX,20D,1,0.0273209948093088,0.013917465745102277,High
2015-09-10,ARIMAX,20D,1,0.0308366995089315,0.020380427945807463,High
2015-09-11,ARIMAX,20D,1,0.0270845416244606,0.023663687519742904,High
2015-09-14,ARIMAX,20D,1,0.0324572473248373,0.02833947408019923,High
2015-09-15,ARIMAX,20D,1,0.0128587360032778,0.02620481115601576,High
2015-09-16,ARIMAX,20D,1,-0.0005364356240372,0.002655932269870921,High
2015-09-17,ARIMAX,20D,1,0.0167714601698779,0.0021007964002896966,High
2015-09-18,ARIMAX,20D,1,0.0376277524979583,0.02523291681241431,High
2015-09-21,ARIMAX,20D,1,0.0333428694081588,0.023708169008993377,High
2015-09-22,ARIMAX,20D,1,0.0443156983716433,0.03805138688156483,High
2015-09-23,ARIMAX,20D,1,0.0405239936901029,0.043547302416679624,High
2015-09-24,ARIMAX,20D,1,0.0603834925740035,0.04829267317664197,High
2015-09-25,ARIMAX,20D,1,0.0718193483442668,0.06425617084743862,High
2015-09-28,ARIMAX,20D,1,0.0959056265059758,0.09125839985691045,High
2015-09-29,ARIMAX,20D,1,0.0921161467279064,0.08628771150545175,High
2015-09-30,ARIMAX,20D,1,0.0849907366124848,0.06978070125206368,High
2015-10-01,ARIMAX,20D,1,0.0825689225534869,0.0816834892468784,High
2015-10-02,ARIMAX,20D,1,0.0635336478486558,0.06480846690004595,High
2015-10-05,ARIMAX,20D,1,0.0572129306689683,0.04205721689469527,High
2015-10-06,ARIMAX,20D,1,0.063531972938179,0.06323062147060958,High
2015-10-07,ARIMAX,20D,1,0.0519767861409791,0.05333784456051902,High
2015-10-08,ARIMAX,20D,1,0.0420642162399224,0.042737554492800325,High
2015-10-09,ARIMAX,20D,1,0.0409916858993833,0.04138610696243056,High
2015-10-12,ARIMAX,20D,1,0.0298457307655479,0.037444407575295394,High
2015-10-13,ARIMAX,20D,1,0.0382040096091247,0.033934939732398285,High
2015-10-14,ARIMAX,20D,1,0.0396981331994949,0.04256994777467646,High
2015-10-15,ARIMAX,20D,1,0.0108654185115071,0.024883962573997,High
2015-10-16,ARIMAX,20D,1,-0.0049652832943452,0.003950408897786591,High
2015-10-19,ARIMAX,20D,1,0.0095575105560159,-0.005980204224833901,High
2015-10-20,ARIMAX,20D,1,0.0096393345936631,0.008559593275476327,Normal
2015-10-21,ARIMAX,20D,1,0.0315150133819696,0.014163698149760482,Normal
2015-10-22,ARIMAX,20D,1,0.0139004260403963,0.016654825202493957,High
2015-10-23,ARIMAX,20D,1,0.0067334273515029,0.006923772612512771,High
2015-10-26,ARIMAX,20D,1,0.007412736510919,0.009028244885866725,Normal
2015-10-27,ARIMAX,20D,1,0.0111913723209673,0.007508534582538348,Normal
2015-10-28,ARIMAX,20D,1,-0.0007082567821432,0.0027792223594783304,Normal
2015-10-29,ARIMAX,20D,1,0.0003350601579984,0.0021608273498970668,Normal
2015-10-30,ARIMAX,20D,1,0.0005047417068051,0.007363500116708589,Normal
2015-11-02,ARIMAX,20D,1,-0.0006751956852701,-0.007361183853809412,Normal
2015-11-03,ARIMAX,20D,1,-0.0144561412497865,-0.0018432994644242764,Normal
2015-11-04,ARIMAX,20D,1,-0.0253823007542894,-0.006507303324574722,Normal
2015-11-05,ARIMAX,20D,1,-0.0039316546339399,-0.023873063128086323,Normal
2015-11-06,ARIMAX,20D,1,-0.010598016814314,-0.00692734427729374,Normal
2015-11-09,ARIMAX,20D,1,-0.0072377787834061,-0.0006675843197598841,Normal
2015-11-10,ARIMAX,20D,1,-0.0165163203025484,-0.010747171558769303,Normal
2015-11-11,ARIMAX,20D,1,-0.0110341564023848,-0.015298638143947465,Normal
2015-11-12,ARIMAX,20D,1,-0.0165588608215675,0.0037761573040956064,Normal
2015-11-13,ARIMAX,20D,1,-0.0005439323253439,-0.0065823346420095605,Normal
2015-11-16,ARIMAX,20D,1,-0.0047746550136639,-0.014397940354221532,Normal
2015-11-17,ARIMAX,20D,1,0.0109762576553539,-0.001070673692934572,Normal
2015-11-18,ARIMAX,20D,1,-0.0202117488576946,-0.002732449742522656,Normal
2015-11-19,ARIMAX,20D,1,-0.0370455035358221,-0.017650480188380384,Normal
2015-11-20,ARIMAX,20D,1,-0.0331001520888153,-0.0403103242282017,Normal
2015-11-23,ARIMAX,20D,1,-0.0230864326555622,-0.030328908932277986,Normal
2015-11-24,ARIMAX,20D,1,-0.0119660860729691,-0.023239466174001085,Normal
2015-11-25,ARIMAX,20D,1,-0.0134368608618654,-0.007444158824608449,Normal
2015-11-27,ARIMAX,20D,1,-0.0162112388776523,-0.015219369140218562,Normal
2015-11-30,ARIMAX,20D,1,-0.0009857745650108,-0.012165084495942115,Normal
2015-12-01,ARIMAX,20D,1,-0.0188531122955285,-0.006778961271489355,Normal
2015-12-02,ARIMAX,20D,1,-0.0172530046975476,-0.008552581063996556,Normal
2015-12-03,ARIMAX,20D,1,-0.0181972200512034,-0.005490639650558619,Normal
2015-12-04,ARIMAX,20D,1,-0.0365048722756948,-0.0380234853532119,Normal
2015-12-07,ARIMAX,20D,1,-0.042692991317923,-0.029820112339703775,Normal
2015-12-08,ARIMAX,20D,1,-0.0601677552116733,-0.034824598482371155,Normal
2015-12-09,ARIMAX,20D,1,-0.0632962062918285,-0.048723144140513486,Normal
2015-12-10,ARIMAX,20D,1,-0.0646921545746006,-0.06362123445064881,Normal
2015-12-11,ARIMAX,20D,1,-0.0373057727010106,-0.03986433653684323,High
2015-12-14,ARIMAX,20D,1,-0.0673324358429877,-0.038098465018269904,Normal
2015-12-15,ARIMAX,20D,1,-0.0613369550145181,-0.07245196021570907,Normal
2015-12-16,ARIMAX,20D,1,-0.0975833633634519,-0.07236485754726431,High
2015-12-17,ARIMAX,20D,1,-0.0818969065401467,-0.07993596624304547,Normal
2015-12-18,ARIMAX,20D,1,-0.0757021775589383,-0.07039121267660448,High
2015-12-21,ARIMAX,20D,1,-0.0782684956501463,-0.08014676901211587,High
2015-12-22,ARIMAX,20D,1,-0.0669658643595018,-0.08279559849836904,High
2015-12-23,ARIMAX,20D,1,-0.095069006059877,-0.07137328145430807,High
2015-12-24,ARIMAX,20D,1,-0.0794238528256458,-0.09038486827491213,High
2015-12-28,ARIMAX,20D,1,-0.0881658386698681,-0.07578172443510889,High
2015-12-29,ARIMAX,20D,1,-0.0932261521252997,-0.0886953919503786,High
2015-12-30,ARIMAX,20D,1,-0.0615241023469646,-0.07817608112725427,High
2015-12-31,ARIMAX,20D,1,-0.0525109521510386,-0.05051096612295982,High
2016-01-04,ARIMAX,20D,1,-0.056009879071464,-0.03894445103897404,High
2016-01-05,ARIMAX,20D,1,-0.0530404631892498,-0.05303881570627535,High
2016-01-06,ARIMAX,20D,1,-0.0383127318941003,-0.040998359698694614,High
2016-01-07,ARIMAX,20D,1,-0.0329810736511075,-0.017602147799675297,High
2016-01-08,ARIMAX,20D,1,-0.0363385941283168,-0.02072053512734999,High
2016-01-11,ARIMAX,20D,1,-0.0378553430708996,-0.03839115503194069,High
2016-01-12,ARIMAX,20D,1,-0.0458168253194352,-0.04841121637070231,High
2016-01-13,ARIMAX,20D,1,-0.0329118975707825,-0.023427038737177976,High
2016-01-14,ARIMAX,20D,1,-0.0301399432981203,-0.048358952878805414,High
2016-01-15,ARIMAX,20D,1,0.0080775671417269,-0.005077691792462639,High
2016-01-19,ARIMAX,20D,1,0.0238919975799392,0.0069366528539440905,High
2016-01-20,ARIMAX,20D,1,0.0309781314819031,0.03107149795321393,High
2016-01-21,ARIMAX,20D,1,0.0257701095641531,0.024031979047940067,High
2016-01-22,ARIMAX,20D,1,0.0200401137810157,0.010791877672859471,High
2016-01-25,ARIMAX,20D,1,0.0232690813830488,0.028839227607315977,High
2016-01-26,ARIMAX,20D,1,0.0136538035873126,0.009308139539960798,High
2016-01-27,ARIMAX,20D,1,0.0358610926182919,0.022073781226233317,High
2016-01-28,ARIMAX,20D,1,0.0284758765711358,0.03070118041471722,High
2016-01-29,ARIMAX,20D,1,-0.0041369055149924,0.010124296489638026,High
2016-02-01,ARIMAX,20D,1,0.019894814732168,-0.004517618276990471,High
2016-02-02,ARIMAX,20D,1,0.0429017333115012,0.034451475598334315,High
2016-02-03,ARIMAX,20D,1,0.0414147476102441,0.03545319079378513,High
2016-02-04,ARIMAX,20D,1,0.0431896191836626,0.037747046459921337,High
2016-02-05,ARIMAX,20D,1,0.0627284002608782,0.058080857238100546,High
2016-02-08,ARIMAX,20D,1,0.0656797021279293,0.06764904765013452,High
2016-02-09,ARIMAX,20D,1,0.0713832155575037,0.06218421337997604,High
2016-02-10,ARIMAX,20D,1,0.0717279764853873,0.07391693365197452,High
2016-02-11,ARIMAX,20D,1,0.1003679694034948,0.07561092715452371,High
2016-02-12,ARIMAX,20D,1,0.0797761855798369,0.08155032980041937,High
2016-02-16,ARIMAX,20D,1,0.0615558169038342,0.060914124562235564,High
2016-02-17,ARIMAX,20D,1,0.0507944341599727,0.04791293498663225,High
2016-02-18,ARIMAX,20D,1,0.0620446493525036,0.04991900365778672,High
2016-02-19,ARIMAX,20D,1,0.0664666498853316,0.05288377231436089,High
2016-02-22,ARIMAX,20D,1,0.0531010106905478,0.057232942986916856,High
2016-02-23,ARIMAX,20D,1,0.0647558153645641,0.06174957062785755,High
2016-02-24,ARIMAX,20D,1,0.0539193457992649,0.06193868181922189,High
2016-02-25,ARIMAX,20D,1,0.0422568372894374,0.04052572346512085,High
2016-02-26,ARIMAX,20D,1,0.0446738095070744,0.04320592053391164,High
2016-02-29,ARIMAX,20D,1,0.0616059526528835,0.05539268330217166,High
2016-03-01,ARIMAX,20D,1,0.0423584472448309,0.036181923524236465,High
2016-03-02,ARIMAX,20D,1,0.0362306550241083,0.035646981444197326,High
2016-03-03,ARIMAX,20D,1,0.0390489797703912,0.033094830551202915,High
2016-03-04,ARIMAX,20D,1,0.0325350598585948,0.035139455494570024,High
2016-03-07,ARIMAX,20D,1,0.0214541386459363,0.02785367766241613,High
2016-03-08,ARIMAX,20D,1,0.0432106926339557,0.03135773313332921,High
2016-03-09,ARIMAX,20D,1,0.0261229458811367,0.036793282536145694,High
2016-03-10,ARIMAX,20D,1,0.0287498556886304,0.025856232194086354,High
2016-03-11,ARIMAX,20D,1,0.0097437642101751,0.012634452231942737,Normal
2016-03-14,ARIMAX,20D,1,0.020621286708177,0.013454724514351292,Normal
2016-03-15,ARIMAX,20D,1,0.0324499874110528,0.02057038151147276,Normal
2016-03-16,ARIMAX,20D,1,0.0270381719594053,0.02719453942823334,Normal
2016-03-17,ARIMAX,20D,1,0.0194798193146631,0.017737678432194075,Normal
2016-03-18,ARIMAX,20D,1,0.021603577677435,0.016657880170577205,Normal
2016-03-21,ARIMAX,20D,1,0.0236982236760091,0.021193047346264447,Normal
2016-03-22,ARIMAX,20D,1,0.0253372516220157,0.020888080463116066,Normal
2016-03-23,ARIMAX,20D,1,0.0265361982953909,0.029776749422818972,Normal
2016-03-24,ARIMAX,20D,1,0.0269621986543086,0.025234804829773916,Normal
2016-03-28,ARIMAX,20D,1,0.0246034021454731,0.026073386988885963,Normal
2016-03-29,ARIMAX,20D,1,0.0176963902654728,0.014739365744133502,Normal
2016-03-30,ARIMAX,20D,1,0.0150035043836535,0.018377673060633707,Low
2016-03-31,ARIMAX,20D,1,0.0077717106817125,0.014834231576040167,Low
2016-04-01,ARIMAX,20D,1,-0.0036151976154444,0.0013689717422544628,Low
2016-04-04,ARIMAX,20D,1,0.0073778891276541,1.4604994396826693e-05,Low
2016-04-05,ARIMAX,20D,1,0.0088596881510527,0.015943845706564423,Low
2016-04-06,ARIMAX,20D,1,-0.0075476924864328,-0.002055303058698282,Low
2016-04-07,ARIMAX,20D,1,0.0042613447907777,0.0035093540508922072,Normal
2016-04-08,ARIMAX,20D,1,0.0046482527397141,0.0017490498698417628,Normal
2016-04-11,ARIMAX,20D,1,0.0081450119369279,0.009394765475291257,Low
2016-04-12,ARIMAX,20D,1,0.010935623291575,-0.0024339692411329498,Low
2016-04-13,ARIMAX,20D,1,-0.0086619693548514,0.0039166527640189935,Low
2016-04-14,ARIMAX,20D,1,-0.0090043610529482,-0.009941020171057337,Low
2016-04-15,ARIMAX,20D,1,-0.0165340256385547,-0.007984535524029359,Low
2016-04-18,ARIMAX,20D,1,-0.0133047748627399,-0.021646032998415252,Low
2016-04-19,ARIMAX,20D,1,-0.0258403763177692,-0.012197760569833568,Low
2016-04-20,ARIMAX,20D,1,-0.0263964736806022,-0.024030157615307624,Low
2016-04-21,ARIMAX,20D,1,-0.0249025053460309,-0.022008907683138464,Low
2016-04-22,ARIMAX,20D,1,-0.0189489047027671,-0.026587038847030307,Low
2016-04-25,ARIMAX,20D,1,-0.0192228516501059,-0.016698176950978794,Low
2016-04-26,ARIMAX,20D,1,-0.0075052142903526,-0.017106504132777162,Low
2016-04-27,ARIMAX,20D,1,-0.002202678750516,-0.007685710252130745,Low
2016-04-28,ARIMAX,20D,1,0.0068604912611171,0.004311440808444652,Low
2016-04-29,ARIMAX,20D,1,0.0162141354311139,0.010082302701631445,Low
2016-05-02,ARIMAX,20D,1,0.0074287601132798,0.007692732160404779,Low
2016-05-03,ARIMAX,20D,1,0.0172776581556018,0.012684903542535165,Low
2016-05-04,ARIMAX,20D,1,0.0260529370280607,0.02119448722828292,Low
2016-05-05,ARIMAX,20D,1,0.02337591148416,0.021948445196455585,Low
2016-05-06,ARIMAX,20D,1,0.025091629449971,0.016669429893922654,Low
2016-05-09,ARIMAX,20D,1,0.0256270317715587,0.022740047975332627,Low
2016-05-10,ARIMAX,20D,1,0.0165247685074763,0.015120831560484063,Low
2016-05-11,ARIMAX,20D,1,0.0244130557874512,0.025047506142026565,Low
2016-05-12,ARIMAX,20D,1,0.0153650026452495,0.021483473054576673,Low
2016-05-13,ARIMAX,20D,1,0.0157311380172925,0.019365059825370387,Low
2016-05-16,ARIMAX,20D,1,0.0041816565557078,0.006697975679986604,Low
2016-05-17,ARIMAX,20D,1,0.0117951110440604,0.015527552430969744,Low
2016-05-18,ARIMAX,20D,1,0.0147180464687046,0.00838679755692389,Low
2016-05-19,ARIMAX,20D,1,0.0151683568468163,0.016722186484918074,Low
2016-05-20,ARIMAX,20D,1,0.0149582804024347,0.007417577516528349,Low
2016-05-23,ARIMAX,20D,1,0.0197543075747462,0.01701539350659364,Low
2016-05-24,ARIMAX,20D,1,0.0045127410441802,0.007442016219466977,Normal
2016-05-25,ARIMAX,20D,1,0.0108377784645518,-0.0002356519849227405,Normal
2016-05-26,ARIMAX,20D,1,-0.0255325482911022,0.008520261078637265,Normal
2016-05-27,ARIMAX,20D,1,-0.0480724897422444,-0.03015950949970339,Normal
2016-05-31,ARIMAX,20D,1,-0.0294525995175666,-0.04245028119481126,Normal
2016-06-01,ARIMAX,20D,1,-0.0136977552002388,-0.026688931693256587,Low
2016-06-02,ARIMAX,20D,1,-0.0030445882177591,-0.01520003509479281,Low
2016-06-03,ARIMAX,20D,1,0.0018181803119677,-0.001773400412417147,Low
2016-06-06,ARIMAX,20D,1,-0.0099381771929945,-0.0020575607941680438,Low
2016-06-07,ARIMAX,20D,1,-0.0058881057639159,-0.009102313360148892,Low
2016-06-08,ARIMAX,20D,1,-0.0100641656226037,-0.004999676410100233,Low
2016-06-09,ARIMAX,20D,1,0.0067932565412822,-0.008082084447456783,Low
2016-06-10,ARIMAX,20D,1,0.0194136082634467,0.015368623729869265,Low
2016-06-13,ARIMAX,20D,1,0.0345467493605018,0.030553905264355384,Low
2016-06-14,ARIMAX,20D,1,0.0364820131074552,0.04019831606325509,Low
2016-06-15,ARIMAX,20D,1,0.0435698449729624,0.03485696749544007,Low
2016-06-16,ARIMAX,20D,1,0.0395123728020458,0.03664792488946568,Low
2016-06-17,ARIMAX,20D,1,0.0451551187685234,0.038000780205229776,Low
2016-06-20,ARIMAX,20D,1,0.0379275314896849,0.03808736062872162,Low
2016-06-21,ARIMAX,20D,1,0.0394803492012393,0.032765789097533075,Low
2016-06-22,ARIMAX,20D,1,0.0375142083412901,0.04649035828513172,Low
2016-06-23,ARIMAX,20D,1,0.0287822680588454,0.027859220073871375,Low
2016-06-24,ARIMAX,20D,1,0.0623470421244983,0.05440384018573759,Normal
2016-06-27,ARIMAX,20D,1,0.0809320207969203,0.07348764271907793,Normal
2016-06-28,ARIMAX,20D,1,0.0621186382460239,0.05034080389188818,High
2016-06-29,ARIMAX,20D,1,0.0468343157228623,0.04073351337532663,High
2016-06-30,ARIMAX,20D,1,0.034990432691054,0.03681761024741262,High
2016-07-01,ARIMAX,20D,1,0.0317731322505308,0.025897842749467086,High
2016-07-05,ARIMAX,20D,1,0.0322622204234618,0.030440034889540023,High
2016-07-06,ARIMAX,20D,1,0.0300525760812569,0.02791136882640793,High
2016-07-07,ARIMAX,20D,1,0.031137083267479,0.03201274084624442,High
2016-07-08,ARIMAX,20D,2,0.0245655939908669,0.01802060866187645,High
2016-07-11,ARIMAX,20D,2,0.0202551973873269,0.020609648643233513,High
2016-07-12,ARIMAX,20D,2,0.0136600730665374,0.013255839696828118,High
2016-07-13,ARIMAX,20D,2,0.0106565173280673,0.013113094550364773,High
2016-07-14,ARIMAX,20D,2,0.0101345096288141,0.0039049420929141085,High
2016-07-15,ARIMAX,20D,2,0.010267525301771,0.011782402067507386,High
2016-07-18,ARIMAX,20D,2,0.0106770797744241,0.0050453251003834895,High
2016-07-19,ARIMAX,20D,2,0.0066191420583614,0.010032669235597574,High
2016-07-20,ARIMAX,20D,2,0.004224779748753,0.0013284367154207388,High
2016-07-21,ARIMAX,20D,2,0.0100410513016603,0.007881328339419801,High
2016-07-22,ARIMAX,20D,2,0.0040561149433819,0.006269320061416148,High
2016-07-25,ARIMAX,20D,2,0.0065086517999886,0.005105007207843754,Normal
2016-07-26,ARIMAX,20D,2,0.0081357868176308,0.004706545175076442,Normal
2016-07-27,ARIMAX,20D,2,0.0040809925047676,0.011008044743426395,Low
2016-07-28,ARIMAX,20D,2,0.0011099116600298,0.0027687860342838766,Low
2016-07-29,ARIMAX,20D,2,-0.0021001326963411,0.0005051492638581644,Low
2016-08-01,ARIMAX,20D,2,0.0043848898798241,-0.0023401967656439017,Low
2016-08-02,ARIMAX,20D,2,0.0088112392853691,0.009224094069498416,Low
2016-08-03,ARIMAX,20D,2,0.0033035054637354,0.004133016508022586,Low
2016-08-04,ARIMAX,20D,2,0.0030495707748348,0.0013715533354259103,Low
2016-08-05,ARIMAX,20D,2,-0.0013248849155106,-0.001956637106397943,Low
2016-08-08,ARIMAX,20D,2,0.0025599347460361,-0.0009355194090535646,Low
2016-08-09,ARIMAX,20D,2,0.0020238208211868,0.001829548967659935,Low
2016-08-10,ARIMAX,20D,2,0.0026671296922049,0.004227234915012278,Low
2016-08-11,ARIMAX,20D,2,-0.0268840278210751,-0.0016867631302070127,Low
2016-08-12,ARIMAX,20D,2,-0.0115172772007267,-0.02619281255446389,Low
2016-08-15,ARIMAX,20D,2,-0.0292480417734594,-0.012155000879429376,Low
2016-08-16,ARIMAX,20D,2,-0.024341748956794,-0.024319266206501294,Low
2016-08-17,ARIMAX,20D,2,-0.0161500785135097,-0.025191760027703895,Low
2016-08-18,ARIMAX,20D,2,-0.0221267080054643,-0.018727544118935013,Low
2016-08-19,ARIMAX,20D,2,-0.0207040016705207,-0.021519763720217112,Low
2016-08-22,ARIMAX,20D,2,-0.0198414263029635,-0.018899672097489984,Low
2016-08-23,ARIMAX,20D,2,-0.0109332931476893,-0.018998701855539587,Low
2016-08-24,ARIMAX,20D,2,0.0007995140296244,-0.005375296625928214,Low
2016-08-25,ARIMAX,20D,2,-0.0035876185334487,0.0018971857779176461,Low
2016-08-26,ARIMAX,20D,2,-0.0106324044126515,-0.0016780866131570421,Low
2016-08-29,ARIMAX,20D,2,-0.0094233376760278,-0.01725279999352052,Low
2016-08-30,ARIMAX,20D,2,-0.0021851696652625,-0.007874984650700068,Low
2016-08-31,ARIMAX,20D,2,-0.0091716062897812,-0.0013357469034999004,Low
2016-09-01,ARIMAX,20D,2,-0.0011938283123421,-0.009106856859644855,Low
2016-09-02,ARIMAX,20D,2,-0.0086520930929038,-0.004401068504529473,Low
2016-09-06,ARIMAX,20D,2,-0.0165972172492712,-0.01260801093390611,Low
2016-09-07,ARIMAX,20D,2,-0.0121633350797807,-0.01642992687443904,Low
2016-09-08,ARIMAX,20D,2,-0.0094564030347059,-0.011025873223347415,Low
2016-09-09,ARIMAX,20D,2,0.0121125519345162,0.012971040583136108,Low
2016-09-12,ARIMAX,20D,2,0.0021374950184061,-0.0012757769307823645,Normal
2016-09-13,ARIMAX,20D,2,0.004554665598861,0.016255913241152758,Normal
2016-09-14,ARIMAX,20D,2,0.0062884472050729,0.0053081426404021324,Normal
2016-09-15,ARIMAX,20D,2,-0.006874145656601,-0.0031106704873349244,Normal
2016-09-16,ARIMAX,20D,2,-0.0028931337019078,-0.009860884164821625,Normal
2016-09-19,ARIMAX,20D,2,-0.0059171485799234,-0.002134087985495398,Normal
2016-09-20,ARIMAX,20D,2,-7.473645845881343e-05,-0.007358896401436774,Normal
2016-09-21,ARIMAX,20D,2,-0.0087431646367442,-0.010768723243837305,Normal
2016-09-22,ARIMAX,20D,2,-0.0165985876857672,-0.016104616577149716,Normal
2016-09-23,ARIMAX,20D,2,-0.0109294398662032,-0.015426770552691909,Normal
2016-09-26,ARIMAX,20D,2,0.0024340048991402,-0.003819143117537019,Normal
2016-09-27,ARIMAX,20D,2,-0.0077944477308641,-0.00203227255619416,Normal
2016-09-28,ARIMAX,20D,2,-0.0148189522556939,-0.012089798211688632,Normal
2016-09-29,ARIMAX,20D,2,-0.0084450204316215,-0.005598888913399871,Normal
2016-09-30,ARIMAX,20D,2,-0.0194945531592741,-0.015683794877831336,Normal
2016-10-03,ARIMAX,20D,2,-0.0163508138619457,-0.017865793664327025,Normal
2016-10-04,ARIMAX,20D,2,-0.0181929511843186,-0.011017812478081252,Normal
2016-10-05,ARIMAX,20D,2,-0.0290273218689698,-0.023258628203263115,Normal
2016-10-06,ARIMAX,20D,2,-0.0339419787441838,-0.031133796341994258,Normal
2016-10-07,ARIMAX,20D,2,-0.0323507115742625,-0.028983578340152638,Normal
2016-10-10,ARIMAX,20D,2,-0.0149658421621217,-0.03228148331681657,Normal
2016-10-11,ARIMAX,20D,2,0.0013236139327915,-0.0038957739572036227,Low
2016-10-12,ARIMAX,20D,2,0.0111938016060487,0.0007970052486272845,Low
2016-10-13,ARIMAX,20D,2,0.0162467237343781,0.016124430987528623,Low
2016-10-14,ARIMAX,20D,2,0.0146462112274593,0.016280436648911666,Low
2016-10-17,ARIMAX,20D,2,0.0175733198821164,0.013989105603969973,Low
2016-10-18,ARIMAX,20D,2,0.0188847692985071,0.010273751123253565,Low
2016-10-19,ARIMAX,20D,2,0.0151116806207807,0.015890872097112707,Low
2016-10-20,ARIMAX,20D,2,0.0211538211133594,0.013025862368364739,Low
2016-10-21,ARIMAX,20D,2,0.0188483148879658,0.0167393673263632,Low
2016-10-24,ARIMAX,20D,2,0.0215434223114122,0.012915703636610213,Low
2016-10-25,ARIMAX,20D,2,0.0275114708797117,0.024638847681814333,Low
2016-10-26,ARIMAX,20D,2,0.0300610969578077,0.02814207062988646,Low
2016-10-27,ARIMAX,20D,2,0.0369590384772404,0.03360130566552924,Low
2016-10-28,ARIMAX,20D,2,0.0348037893621302,0.04036348030458588,Low
2016-10-31,ARIMAX,20D,2,0.0362604755995908,0.035097645984327554,Low
2016-11-01,ARIMAX,20D,2,0.0404135641531693,0.04288560990312336,Low
2016-11-02,ARIMAX,20D,2,0.0434387256398595,0.043564447199259934,Low
2016-11-03,ARIMAX,20D,2,0.0482688663825537,0.048820676572087926,Low
2016-11-04,ARIMAX,20D,2,0.0557408135809902,0.050630700713654136,Low
2016-11-07,ARIMAX,20D,2,0.0371656983203999,0.03660935214187121,Normal
2016-11-08,ARIMAX,20D,2,0.0464781786679658,0.028252441787212625,Low
2016-11-09,ARIMAX,20D,2,0.0376190738051806,0.03020446911927492,Low
2016-11-10,ARIMAX,20D,2,0.0415916466220552,0.03084923946527455,Low
2016-11-11,ARIMAX,20D,2,0.0418524926792532,0.03772142576710658,Low
2016-11-14,ARIMAX,20D,2,0.0484864853376734,0.04140543135631822,Low
2016-11-15,ARIMAX,20D,2,0.0328832348537253,0.04089139822952517,Low
2016-11-16,ARIMAX,20D,2,0.0383424590636551,0.03217972874268224,Low
2016-11-17,ARIMAX,20D,2,0.0319248329514769,0.032912848055956616,Low
2016-11-18,ARIMAX,20D,2,0.0362876570322365,0.030041879510207148,Low
2016-11-21,ARIMAX,20D,2,0.0324848673625155,0.027571607909615433,Normal
2016-11-22,ARIMAX,20D,2,0.0278613905342448,0.030418568144669637,Normal
2016-11-23,ARIMAX,20D,2,0.0251889811549393,0.023587445611745667,Low
2016-11-25,ARIMAX,20D,2,0.0225331680765949,0.021525905546679894,Low
2016-11-28,ARIMAX,20D,2,0.0300474062358788,0.02373134866514408,Normal
2016-11-29,ARIMAX,20D,2,0.0203213631728453,0.027713136074013635,Low
2016-11-30,ARIMAX,20D,2,0.0226849459961333,0.019931564095161308,Low
2016-12-01,ARIMAX,20D,2,0.0215588342660429,0.023832420954215224,Low
2016-12-02,ARIMAX,20D,2,0.0296126732991153,0.019010185331811896,Low
2016-12-05,ARIMAX,20D,2,0.0295142101429209,0.02088197679601183,Low
2016-12-06,ARIMAX,20D,2,0.0253381580715653,0.026996361027039673,Low
2016-12-07,ARIMAX,20D,2,0.0157715885074208,0.015184519741684853,Low
2016-12-08,ARIMAX,20D,2,0.0100596680189903,0.019313938599708626,Low
2016-12-09,ARIMAX,20D,2,0.0041382494860205,0.004443564576384004,Low
2016-12-12,ARIMAX,20D,2,0.0081019741657218,0.005304881154118764,Low
2016-12-13,ARIMAX,20D,2,-0.0005636214292446,0.005228868524450134,Low
2016-12-14,ARIMAX,20D,2,0.0094348054277607,0.007683091789661648,Low
2016-12-15,ARIMAX,20D,2,0.0025871832839886,0.0031534178077663143,Low
2016-12-16,ARIMAX,20D,2,0.0061015405047782,0.003649550360046671,Low
2016-12-19,ARIMAX,20D,2,0.0005125301652477,0.000218941095211974,Low
2016-12-20,ARIMAX,20D,2,0.0002422018253947,-0.001602641111298677,Low
2016-12-21,ARIMAX,20D,2,8.837904002783037e-06,-0.00042556453610270023,Low
2016-12-22,ARIMAX,20D,2,0.0084166896553614,-0.0007642963030127237,Low
2016-12-23,ARIMAX,20D,2,0.0151598099162512,0.00658865877034609,Low
2016-12-27,ARIMAX,20D,2,0.0121783060764394,0.013876107826886752,Low
2016-12-28,ARIMAX,20D,2,0.0197031072964692,0.019624096760132322,Low
2016-12-29,ARIMAX,20D,2,0.0139687815322409,0.016117318875030207,Low
2016-12-30,ARIMAX,20D,2,0.0177263146210628,0.01715781051751767,Low
2017-01-03,ARIMAX,20D,2,0.0095738668560221,0.009564795692248877,Low
2017-01-04,ARIMAX,20D,2,0.0044380499241636,0.0029444464676149813,Low
2017-01-05,ARIMAX,20D,2,0.0124475143811984,0.001743440046388954,Low
2017-01-06,ARIMAX,20D,2,0.0068191276869103,0.011143969236143404,Low
2017-01-09,ARIMAX,20D,2,0.0106008366223156,0.00647560314664675,Low
2017-01-10,ARIMAX,20D,2,0.0112939187709253,0.011061183260702174,Low
2017-01-11,ARIMAX,20D,2,0.0142043401177834,0.007706626712922184,Low
2017-01-12,ARIMAX,20D,2,0.0199111593335223,0.015641043236922534,Low
2017-01-13,ARIMAX,20D,2,0.0232951615223869,0.016399716773000096,Low
2017-01-17,ARIMAX,20D,2,0.030266403174278,0.023258851182304117,Low
2017-01-18,ARIMAX,20D,2,0.0334840913702031,0.02895859887264762,Low
2017-01-19,ARIMAX,20D,2,0.0362354373929721,0.03620416943888785,Low
2017-01-20,ARIMAX,20D,2,0.0345520026589097,0.029254460400797818,Low
2017-01-23,ARIMAX,20D,2,0.0432756023250485,0.031710827776030376,Low
2017-01-24,ARIMAX,20D,2,0.0356496756492821,0.03444731093250723,Low
2017-01-25,ARIMAX,20D,2,0.0280745218245724,0.028820697664104458,Low
2017-01-26,ARIMAX,20D,2,0.0303024269918673,0.02595061130050368,Low
2017-01-27,ARIMAX,20D,2,0.0321867317493426,0.02760510740057724,Low
2017-01-30,ARIMAX,20D,2,0.0356326991302444,0.0330945946220821,Low
2017-01-31,ARIMAX,20D,2,0.0501042118220022,0.033849036488227235,Low
2017-02-01,ARIMAX,20D,2,0.0439287758617805,0.051547162308095404,Low
2017-02-02,ARIMAX,20D,2,0.0438623793916245,0.03904957820712654,Low
2017-02-03,ARIMAX,20D,2,0.033341259773505,0.03572008096531799,Low
2017-02-06,ARIMAX,20D,2,0.0325412313851243,0.03112270453919958,Low
2017-02-07,ARIMAX,20D,2,0.0300275999572145,0.029777032537904882,Low
2017-02-08,ARIMAX,20D,2,0.0301340934213712,0.026067113786494123,Low
2017-02-09,ARIMAX,20D,2,0.0276613693912696,0.024571706164970824,Low
2017-02-10,ARIMAX,20D,2,0.0244682281884301,0.024542821997888115,Low
2017-02-13,ARIMAX,20D,2,0.0158513456235278,0.020170560297271708,Low
2017-02-14,ARIMAX,20D,2,0.0201918975525416,0.01104967121001717,Low
2017-02-15,ARIMAX,20D,2,0.0135839740876235,0.018379918907078525,Low
2017-02-16,ARIMAX,20D,2,0.0131332864249421,0.015874529424671848,Low
2017-02-17,ARIMAX,20D,2,0.0094442210173245,0.008875487924587658,Low
2017-02-21,ARIMAX,20D,2,-0.0090712235928466,0.005584419876960834,Low
2017-02-22,ARIMAX,20D,2,-0.0061003345985798,-0.0073262757876473225,Low
2017-02-23,ARIMAX,20D,2,-0.007580065714669,-0.00377366078675612,Low
2017-02-24,ARIMAX,20D,2,-0.0099166681606391,-0.011824058173218058,Low
2017-02-27,ARIMAX,20D,2,-0.0119542410142186,-0.009001504397016089,Low
2017-02-28,ARIMAX,20D,2,-0.0021472260693997,-0.007940238320619882,Low
2017-03-01,ARIMAX,20D,2,-0.0146437009492948,-0.009227027165970025,Low
2017-03-02,ARIMAX,20D,2,-0.0058357730654845,-0.012006360311794143,Low
2017-03-03,ARIMAX,20D,2,-0.0085971173722863,-0.011786949355453887,Low
2017-03-06,ARIMAX,20D,2,-0.0069579699167338,-0.007921521385833706,Low
2017-03-07,ARIMAX,20D,2,-0.0034809779399827,-0.006641029784828865,Low
2017-03-08,ARIMAX,20D,2,-0.004253686787441,-3.601388080384793e-05,Low
2017-03-09,ARIMAX,20D,2,-0.0031256121064722,-0.00575620206119791,Low
2017-03-10,ARIMAX,20D,2,-0.0072164242752756,-0.004073516162923535,Low
2017-03-13,ARIMAX,20D,2,-0.0068955397586622,-0.010473883858821193,Low
2017-03-14,ARIMAX,20D,2,-0.0049456990697295,-0.004103305547942568,Low
2017-03-15,ARIMAX,20D,2,-0.0170526156134027,-0.010178996711222127,Low
2017-03-16,ARIMAX,20D,2,-0.0222626011040233,-0.01536402804882336,Low
2017-03-17,ARIMAX,20D,2,-0.0123709561486847,-0.02303985764776917,Low
2017-03-20,ARIMAX,20D,2,-0.0132666429141377,-0.01083839955491591,Low
2017-03-21,ARIMAX,20D,2,-0.0024988737209041,-0.00277618304047842,Low
2017-03-22,ARIMAX,20D,2,0.0031418737946071,-0.00688995349841754,Low
2017-03-23,ARIMAX,20D,2,0.0011630178323216,0.00496444481906606,Low
2017-03-24,ARIMAX,20D,2,0.012789106634372,0.0020404032367607513,Low
2017-03-27,ARIMAX,20D,2,0.0198814284319686,0.008109372054519485,Low
2017-03-28,ARIMAX,20D,2,0.0121702981266575,0.010832411964965545,Low
2017-03-29,ARIMAX,20D,2,0.0116383289231265,0.013037054281459286,Low
2017-03-30,ARIMAX,20D,2,0.0067925385399315,0.008014633380618658,Low
2017-03-31,ARIMAX,20D,2,0.0107809243050921,0.008802549032302067,Low
2017-04-03,ARIMAX,20D,2,0.013612743198917,0.011583360137926461,Low
2017-04-04,ARIMAX,20D,2,0.0117812077284283,0.009702903500091346,Low
2017-04-05,ARIMAX,20D,2,0.0154226778278199,0.015643335115631395,Low
2017-04-06,ARIMAX,20D,2,0.0175753869415633,0.011809088037564655,Low
2017-04-07,ARIMAX,20D,2,0.0184403046764161,0.017167747719476583,Low
2017-04-10,ARIMAX,20D,2,0.0167270799838398,0.01943924596547581,Low
2017-04-11,ARIMAX,20D,2,0.0192919509932476,0.01926885969078815,Low
2017-04-12,ARIMAX,20D,2,0.0208938370381279,0.024218341644771633,Low
2017-04-13,ARIMAX,20D,2,0.0262523219871379,0.024205396141247837,Low
2017-04-17,ARIMAX,20D,2,0.0224409985990458,0.01525645456927417,Low
2017-04-18,ARIMAX,20D,2,0.0246614684078932,0.021336483785975704,Low
2017-04-19,ARIMAX,20D,2,0.0080338256336465,0.024849399882447776,Low
2017-04-20,ARIMAX,20D,2,0.0041850138978888,0.00012488173418970586,Low
2017-04-21,ARIMAX,20D,2,0.0139694052132046,0.0054071663560367545,Low
2017-04-24,ARIMAX,20D,2,0.0083345319211012,0.002853639540027906,Low
2017-04-25,ARIMAX,20D,2,0.0040985028817307,-0.002908932641520222,Low
2017-04-26,ARIMAX,20D,2,0.0070703581619944,0.005192664641509883,Low
2017-04-27,ARIMAX,20D,2,0.0109497032036732,0.005398089445858789,Low
2017-04-28,ARIMAX,20D,2,0.0131751844604657,0.011228876620087827,Low
2017-05-01,ARIMAX,20D,2,0.0102390419040379,0.009851664960589038,Low
2017-05-02,ARIMAX,20D,2,0.0085906236982751,0.008038197523726517,Low
2017-05-03,ARIMAX,20D,2,0.0174053886789501,0.00805238637440387,Low
2017-05-04,ARIMAX,20D,2,0.0205243300091266,0.015169506485049195,Low
2017-05-05,ARIMAX,20D,2,0.0152255634612194,0.01596191556042295,Low
2017-05-08,ARIMAX,20D,2,0.0124052095231075,0.012556839062842533,Low
2017-05-09,ARIMAX,20D,2,0.0149980128762481,0.010493584752477924,Low
2017-05-10,ARIMAX,20D,2,0.0141352191944633,0.011778723891661142,Low
2017-05-11,ARIMAX,20D,2,0.0154700367023827,0.014161107756802627,Low
2017-05-12,ARIMAX,20D,2,0.0159703295634589,0.01383664045518089,Low
2017-05-15,ARIMAX,20D,2,0.0157065461036737,0.012269127015908186,Low
2017-05-16,ARIMAX,20D,2,0.0153973521753423,0.01570402452510123,Low
2017-05-17,ARIMAX,20D,2,0.0315007105496168,0.030133818728398137,Low
2017-05-18,ARIMAX,20D,2,0.0281042710724604,0.030235821388770137,Low
2017-05-19,ARIMAX,20D,2,0.029672151071154,0.016957799345003514,Low
2017-05-22,ARIMAX,20D,2,0.017806127328214,0.022008806703784623,Low
2017-05-23,ARIMAX,20D,2,0.0153871279625619,0.014101308950835764,Low
2017-05-24,ARIMAX,20D,2,0.0124452081855474,0.008066879482503446,Low
2017-05-25,ARIMAX,20D,2,0.0095727946989782,0.008175255262398602,Low
2017-05-26,ARIMAX,20D,2,0.0095780448534083,0.008145684387863346,Low
2017-05-30,ARIMAX,20D,2,0.0026778090072692,0.009482058566916224,Low
2017-05-31,ARIMAX,20D,2,0.0119073852737716,0.0031241575028618553,Low
2017-06-01,ARIMAX,20D,2,-0.004272427155217,0.004824810028824258,Low
2017-06-02,ARIMAX,20D,2,-0.0064412441623894,-0.006872401711481159,Low
2017-06-05,ARIMAX,20D,2,-0.0029146690428132,-0.005234518266324473,Low
2017-06-06,ARIMAX,20D,2,0.0013204636596794,-0.002304859095433858,Low
2017-06-07,ARIMAX,20D,2,-0.0096595524435342,-0.0005627171108347553,Low
2017-06-08,ARIMAX,20D,2,-0.0035440089095833,-0.010249257635655835,Low
2017-06-09,ARIMAX,20D,2,-0.0017863389398834,-0.0018880651778300298,Low
2017-06-12,ARIMAX,20D,2,-0.0015900835262475,-0.0027045437412854326,Low
2017-06-13,ARIMAX,20D,2,0.0011876085783438,-0.004732254096850026,Low
2017-06-14,ARIMAX,20D,2,0.0040567650171345,0.000903087255702463,Low
2017-06-15,ARIMAX,20D,2,0.0109614909839841,0.002219917072884152,Low
2017-06-16,ARIMAX,20D,2,0.0106249775972177,0.009595040510369569,Low
2017-06-19,ARIMAX,20D,2,0.0029100730884346,0.005322203308869004,Low
2017-06-20,ARIMAX,20D,2,0.0149874917514198,0.008334054845891847,Low
2017-06-21,ARIMAX,20D,2,0.0154166348560844,0.012585003252796025,Low
2017-06-22,ARIMAX,20D,2,0.0155045814993135,0.012729165616506253,Low
2017-06-23,ARIMAX,20D,2,0.0128805819484959,0.011273837448104927,Low
2017-06-26,ARIMAX,20D,2,0.0154837375286614,0.012734373794063576,Low
2017-06-27,ARIMAX,20D,2,0.0238719481104537,0.018223087100769864,Low
2017-06-28,ARIMAX,20D,2,0.0141292848265089,0.014100795368657132,Low
2017-06-29,ARIMAX,20D,2,0.0214244859925343,0.0222559641901593,Low
2017-06-30,ARIMAX,20D,2,0.0191640175471008,0.018040593024375363,Low
2017-07-03,ARIMAX,20D,2,0.0193019703428917,0.0156728203481841,Low
2017-07-05,ARIMAX,20D,2,0.0183422737139506,0.01416987451635202,Low
2017-07-06,ARIMAX,20D,2,0.0255692191858709,0.025326005884458068,Low
2017-07-07,ARIMAX,20D,2,0.0210738280337947,0.01637021903628322,Low
2017-07-10,ARIMAX,20D,2,0.0217923365745625,0.017388006425704615,Low
2017-07-11,ARIMAX,20D,2,0.0201579714102593,0.020445498102958922,Low
2017-07-12,ARIMAX,20D,2,0.0125152456697256,0.013288511286260067,Low
2017-07-13,ARIMAX,20D,2,-0.003937802204489,0.007267868245767518,Low
2017-07-14,ARIMAX,20D,2,-0.007325661246511,-0.008748702482387172,Low
2017-07-17,ARIMAX,20D,2,0.0027209042362451,-0.007341504837217905,Low
2017-07-18,ARIMAX,20D,2,0.0016242932112507,0.0026856830396383216,Low
2017-07-19,ARIMAX,20D,2,-0.0023148694814704,-0.0021889896225091056,Low
2017-07-20,ARIMAX,20D,2,-0.0177185408800548,-0.00248832342171202,Low
2017-07-21,ARIMAX,20D,2,-0.0191876552121979,-0.02033608945505143,Low
2017-07-24,ARIMAX,20D,2,-0.0169613785022229,-0.018438734521201778,Low
2017-07-25,ARIMAX,20D,2,-0.0099885907614958,-0.01856019231662333,Low
2017-07-26,ARIMAX,20D,2,-0.0137307849002542,-0.00976250795933381,Low
2017-07-27,ARIMAX,20D,2,-0.0148342400099989,-0.010271242808902811,Low
2017-07-28,ARIMAX,20D,2,-0.0118207526629454,-0.01658975992600754,Low
2017-07-31,ARIMAX,20D,2,-0.0106053883550895,-0.010675521483436994,Low
2017-08-01,ARIMAX,20D,2,-0.0122090423680181,-0.012481364831110064,Low
2017-08-02,ARIMAX,20D,2,-0.0080970379873045,-0.012136515272343463,Low
2017-08-03,ARIMAX,20D,2,-0.0002063225676454,-0.008154259669064988,Low
2017-08-04,ARIMAX,20D,2,-0.0001130659428496,-0.0016568482878174529,Low
2017-08-07,ARIMAX,20D,3,-0.0093383691392749,-0.003354225987653687,Low
2017-08-08,ARIMAX,20D,3,-0.0037971744157455,-0.006160066840872582,Low
2017-08-09,ARIMAX,20D,3,-0.0036119516678868,-0.003168843609433203,Low
2017-08-10,ARIMAX,20D,3,0.0094783065893968,0.013523044485808522,Low
2017-08-11,ARIMAX,20D,3,0.0189845246585567,0.01184635750372772,Low
2017-08-14,ARIMAX,20D,3,0.0123491760073906,0.006863988673981121,Low
2017-08-15,ARIMAX,20D,3,0.0136049425823564,0.006640379039145439,Low
2017-08-16,ARIMAX,20D,3,0.0110845232081963,0.011357280431119204,Low
2017-08-17,ARIMAX,20D,3,0.028487343241547,0.023323598686591243,Low
2017-08-18,ARIMAX,20D,3,0.0317792588320284,0.02650870095968237,Low
2017-08-21,ARIMAX,20D,3,0.0317268627341936,0.02571718384921822,Low
2017-08-22,ARIMAX,20D,3,0.022469314175878,0.019311610451556677,Low
2017-08-23,ARIMAX,20D,3,0.022878318361602,0.02248783920840225,Low
2017-08-24,ARIMAX,20D,3,0.0256025191039075,0.021995271480676527,Low
2017-08-25,ARIMAX,20D,3,0.0217065247351162,0.019597639538422924,Low
2017-08-28,ARIMAX,20D,3,0.0212917353877149,0.01802641756922159,Low
2017-08-29,ARIMAX,20D,3,0.024526091027693,0.019279320276496738,Low
2017-08-30,ARIMAX,20D,3,0.02112544986857,0.02051408592120097,Low
2017-08-31,ARIMAX,20D,3,0.0191190393523553,0.014470782223541246,Low
2017-09-01,ARIMAX,20D,3,0.0210049801397325,0.01583145903963781,Low
2017-09-05,ARIMAX,20D,3,0.0307409498765382,0.027096414952505955,Low
2017-09-06,ARIMAX,20D,3,0.0288630510445079,0.026684794950200517,Low
2017-09-07,ARIMAX,20D,3,0.0346724071206541,0.0262941164833493,Low
2017-09-08,ARIMAX,20D,3,0.0350881560988721,0.033054422891797844,Low
2017-09-11,ARIMAX,20D,3,0.0225011170337114,0.02551282924341255,Low
2017-09-12,ARIMAX,20D,3,0.0214625340693062,0.0177485653452919,Low
2017-09-13,ARIMAX,20D,3,0.0225075827508873,0.018649300412566395,Low
2017-09-14,ARIMAX,20D,3,0.0219207294813639,0.02064964787312843,Low
2017-09-15,ARIMAX,20D,3,0.0209529739400508,0.016735919792197754,Low
2017-09-18,ARIMAX,20D,3,0.021247334543227,0.01975347001671457,Low
2017-09-19,ARIMAX,20D,3,0.0208101078319297,0.018721863082410074,Low
2017-09-20,ARIMAX,20D,3,0.0209180206409498,0.01926734769247873,Low
2017-09-21,ARIMAX,20D,3,0.0242965307028752,0.018874554114044578,Low
2017-09-22,ARIMAX,20D,3,0.0287527428927385,0.019460927019879847,Low
2017-09-25,ARIMAX,20D,3,0.0269968702795951,0.029522002065828983,Low
2017-09-26,ARIMAX,20D,3,0.0285413070282584,0.025112044645914985,Low
2017-09-27,ARIMAX,20D,3,0.0197905289390104,0.02312402404660083,Low
2017-09-28,ARIMAX,20D,3,0.0198567775606747,0.015187128143147516,Low
2017-09-29,ARIMAX,20D,3,0.0241991244719031,0.016453677854695974,Low
2017-10-02,ARIMAX,20D,3,0.0171350282654499,0.02039077014866709,Low
2017-10-03,ARIMAX,20D,3,0.0159225300174684,0.01394795491568698,Low
2017-10-04,ARIMAX,20D,3,0.0162674304642586,0.014498514208206217,Low
2017-10-05,ARIMAX,20D,3,0.0108264742026328,0.01062790331921979,Low
2017-10-06,ARIMAX,20D,3,0.014992974694187,0.010481430396109225,Low
2017-10-09,ARIMAX,20D,3,0.0180694824469768,0.019579120745698602,Low
2017-10-10,ARIMAX,20D,3,0.0155606420114168,0.015087801257328892,Low
2017-10-11,ARIMAX,20D,3,0.0152013730138137,0.011635609243913866,Low
2017-10-12,ARIMAX,20D,3,0.013120568794795,0.014805602413186,Low
2017-10-13,ARIMAX,20D,3,0.011344799813895,0.010300849856371478,Low
2017-10-16,ARIMAX,20D,3,0.0105787281928825,0.00843113718017003,Low
2017-10-17,ARIMAX,20D,3,0.0075940947271664,0.010118913828350288,Low
2017-10-18,ARIMAX,20D,3,0.0013110364737133,0.006431580740310541,Low
2017-10-19,ARIMAX,20D,3,0.0091457451416753,-0.0023696401671645696,Low
2017-10-20,ARIMAX,20D,3,0.0014125319777474,0.006070163307007909,Low
2017-10-23,ARIMAX,20D,3,0.0066677971795348,0.005926400107106711,Low
2017-10-24,ARIMAX,20D,3,0.0115710351847293,0.004447502011009182,Low
2017-10-25,ARIMAX,20D,3,0.0154944481686596,0.01400082678015557,Low
2017-10-26,ARIMAX,20D,3,0.0162782931962895,0.011858124842836361,Low
2017-10-27,ARIMAX,20D,3,0.0078533516297591,0.009021801350961995,Low
2017-10-30,ARIMAX,20D,3,0.0208512612032935,0.007757234452118709,Low
2017-10-31,ARIMAX,20D,3,0.0195379543838234,0.01886005877221057,Low
2017-11-01,ARIMAX,20D,3,0.0261046969387306,0.016530253472742965,Low
2017-11-02,ARIMAX,20D,3,0.0238881662332583,0.023758391110884083,Low
2017-11-03,ARIMAX,20D,3,0.0197431663576575,0.018359836960933767,Low
2017-11-06,ARIMAX,20D,3,0.0147263319469258,0.015686661327236638,Low
2017-11-07,ARIMAX,20D,3,0.0148013405814775,0.015089926405886408,Low
2017-11-08,ARIMAX,20D,3,0.0162867936595262,0.012020227758729934,Low
2017-11-09,ARIMAX,20D,3,0.0255469770344146,0.017298888989103107,Low
2017-11-10,ARIMAX,20D,3,0.0296418661321643,0.02614964908669834,Low
2017-11-13,ARIMAX,20D,3,0.0302064389429607,0.028151454922919768,Low
2017-11-14,ARIMAX,20D,3,0.0320456505330924,0.029681670984096443,Low
2017-11-15,ARIMAX,20D,3,0.0335074815444534,0.035158432145206975,Low
2017-11-16,ARIMAX,20D,3,0.0342791421716238,0.02526369447890038,Low
2017-11-17,ARIMAX,20D,3,0.0422570377301188,0.032118797288082514,Low
2017-11-20,ARIMAX,20D,3,0.0377466697982101,0.03582342826170565,Low
2017-11-21,ARIMAX,20D,3,0.030398594844885,0.02830285546233987,Low
2017-11-22,ARIMAX,20D,3,0.0331328245608727,0.026962937730424925,Low
2017-11-24,ARIMAX,20D,3,0.0306205686445271,0.029954945651558415,Low
2017-11-27,ARIMAX,20D,3,0.0299459245312717,0.028482706030653244,Low
2017-11-28,ARIMAX,20D,3,0.0209362206447204,0.022019333915551477,Low
2017-11-29,ARIMAX,20D,3,0.0231378335304307,0.023720435484716515,Low
2017-11-30,ARIMAX,20D,3,0.0097836145748712,0.018356782239516846,Low
2017-12-01,ARIMAX,20D,3,0.0200792757290746,0.012676370698485116,Low
2017-12-04,ARIMAX,20D,3,0.0275104195222974,0.02074750984132244,Low
2017-12-05,ARIMAX,20D,3,0.0352773529035796,0.026182340122738467,Low
2017-12-06,ARIMAX,20D,3,0.0424006109626952,0.02916621145596674,Low
2017-12-07,ARIMAX,20D,3,0.0411335077198828,0.03704595442442932,Low
2017-12-08,ARIMAX,20D,3,0.0369443892016631,0.03304875284480739,Low
2017-12-11,ARIMAX,20D,3,0.0326347012684465,0.030573648573182066,Low
2017-12-12,ARIMAX,20D,3,0.0380960033152389,0.02996082081810334,Low
2017-12-13,ARIMAX,20D,3,0.0452959986844834,0.03700276871200558,Low
2017-12-14,ARIMAX,20D,3,0.0458444531536434,0.04511930800342141,Low
2017-12-15,ARIMAX,20D,3,0.0462811459500027,0.03524066774478478,Low
2017-12-18,ARIMAX,20D,3,0.0393149698729314,0.0413687720556645,Low
2017-12-19,ARIMAX,20D,3,0.04692611590304,0.03965027401348478,Low
2017-12-20,ARIMAX,20D,3,0.0557887163588261,0.04402874782495715,Low
2017-12-21,ARIMAX,20D,3,0.05597703431439,0.048214549333414236,Low
2017-12-22,ARIMAX,20D,3,0.0558751734052716,0.0539343482267701,Low
2017-12-26,ARIMAX,20D,3,0.0575365885041631,0.052920939688695,Low
2017-12-27,ARIMAX,20D,3,0.0685175983000053,0.055263104583631664,Low
2017-12-28,ARIMAX,20D,3,0.0599305430122226,0.0629645774943287,Low
2017-12-29,ARIMAX,20D,3,0.0541685324996338,0.06199035832272109,Low
2018-01-02,ARIMAX,20D,3,0.0463883201399304,0.0413581148782904,Low
2018-01-03,ARIMAX,20D,3,0.039361588543971,0.03681356367842274,Low
2018-01-04,ARIMAX,20D,3,0.0139043651719451,0.03456892600785215,Low
2018-01-05,ARIMAX,20D,3,-0.0349473216550215,0.007788737254559842,Low
2018-01-08,ARIMAX,20D,3,-0.0193177120733813,-0.03663881714391227,Low
2018-01-09,ARIMAX,20D,3,-0.0256339338144322,-0.015405825771016304,Low
2018-01-10,ARIMAX,20D,3,-0.0627801402487133,-0.0248210393211453,Low
2018-01-11,ARIMAX,20D,3,-0.0549635208180707,-0.06609914598553263,Low
2018-01-12,ARIMAX,20D,3,-0.0478717815389788,-0.05350940198013393,Low
2018-01-16,ARIMAX,20D,3,-0.0417315462970986,-0.036682249417203966,Low
2018-01-17,ARIMAX,20D,3,-0.0377891126947037,-0.04480493280228555,Low
2018-01-18,ARIMAX,20D,3,-0.0241745534204547,-0.03250797266354706,Low
2018-01-19,ARIMAX,20D,3,-0.0281768017575231,-0.02712263874639227,Low
2018-01-22,ARIMAX,20D,3,-0.0420696832465737,-0.033370788155588645,Low
2018-01-23,ARIMAX,20D,3,-0.0497533526981069,-0.040887554128485964,Low
2018-01-24,ARIMAX,20D,3,-0.0482201426652969,-0.04479991792596738,Low
2018-01-25,ARIMAX,20D,3,-0.0329213038190088,-0.047148230898990444,Low
2018-01-26,ARIMAX,20D,3,-0.0330045033044656,-0.03943048845871168,Low
2018-01-29,ARIMAX,20D,3,-0.0390380784610701,-0.020577378072662442,Low
2018-01-30,ARIMAX,20D,3,-0.0392372417393891,-0.031198371563681458,Low
2018-01-31,ARIMAX,20D,3,-0.0531400734529603,-0.037748201039056344,Low
2018-02-01,ARIMAX,20D,3,-0.0474329896157383,-0.0548952866434651,Low
2018-02-02,ARIMAX,20D,3,-0.015024691488513,-0.024695780869501537,Normal
2018-02-05,ARIMAX,20D,3,0.0294532323818651,0.044321159756767356,High
2018-02-06,ARIMAX,20D,3,0.0116786672072114,0.026913898838347813,High
2018-02-07,ARIMAX,20D,3,0.0211459536398489,0.005996093657662842,High
2018-02-08,ARIMAX,20D,3,0.0766345526268581,0.050409120719584664,High
2018-02-09,ARIMAX,20D,3,0.0605341100893354,0.06012738094107764,High
2018-02-12,ARIMAX,20D,3,0.0403315339968343,0.03441583953947192,High
2018-02-13,ARIMAX,20D,3,0.0319810421913682,0.03263432139340355,High
2018-02-14,ARIMAX,20D,3,0.0178853659833746,0.014108604149083413,High
2018-02-15,ARIMAX,20D,3,0.0075905021538308,0.00023830168673711835,High
2018-02-16,ARIMAX,20D,3,-0.0070889380374641,0.011179272017036595,High
2018-02-20,ARIMAX,20D,3,0.0002502877310922,0.0010528913316467728,High
2018-02-21,ARIMAX,20D,3,0.0039162600887736,0.006138003486892413,High
2018-02-22,ARIMAX,20D,3,-0.0225417043696586,5.6258583715744145e-05,High
2018-02-23,ARIMAX,20D,3,-0.0596327899265303,-0.03682274093545521,High
2018-02-26,ARIMAX,20D,3,-0.0445261878411224,-0.06422726486377218,High
2018-02-27,ARIMAX,20D,3,-0.0491651620449768,-0.028034155224402,High
2018-02-28,ARIMAX,20D,3,-0.0409282748607833,-0.03864216334977159,High
2018-03-01,ARIMAX,20D,3,-0.0138385315120634,-0.02708146409130758,High
2018-03-02,ARIMAX,20D,3,-0.0414879993407579,-0.02058426612374161,High
2018-03-05,ARIMAX,20D,3,-0.0399236556355433,-0.05176088852443092,High
2018-03-06,ARIMAX,20D,3,-0.0310589362210933,-0.03939322133210522,High
2018-03-07,ARIMAX,20D,3,-0.0237355229937258,-0.031809740079781816,High
2018-03-08,ARIMAX,20D,3,-0.0503527382596754,-0.028316772456822577,High
2018-03-09,ARIMAX,20D,3,-0.0642512900332901,-0.06358983443771063,Normal
2018-03-12,ARIMAX,20D,3,-0.0463878936989777,-0.054631893852065586,Normal
2018-03-13,ARIMAX,20D,3,-0.0455446690571241,-0.033810607306676385,Normal
2018-03-14,ARIMAX,20D,3,-0.0315868005342784,-0.040474066477247786,Normal
2018-03-15,ARIMAX,20D,3,-0.0336953639618884,-0.02888072359292986,Normal
2018-03-16,ARIMAX,20D,3,-0.0273210251075571,-0.03281242272257522,Normal
2018-03-19,ARIMAX,20D,3,-0.0024099129523171,-0.012559407288663749,Normal
2018-03-20,ARIMAX,20D,3,-0.0030596012064829,-0.0041008184320948,Normal
2018-03-21,ARIMAX,20D,3,-0.0069564908766861,-0.004485806788759884,Normal
2018-03-22,ARIMAX,20D,3,0.0099552189078154,0.01457895617221748,High
2018-03-23,ARIMAX,20D,3,0.0312012563307508,0.03403287137570605,High
2018-03-26,ARIMAX,20D,3,-0.0090646723817597,0.005360454604099594,High
2018-03-27,ARIMAX,20D,3,0.0101979874963856,0.0032005750412127214,High
2018-03-28,ARIMAX,20D,3,0.0234990505832253,0.0064230194237216535,High
2018-03-29,ARIMAX,20D,3,0.0109362783607458,0.007173893830669088,High
2018-04-02,ARIMAX,20D,3,0.0253057681553204,0.026602023606607128,High
2018-04-03,ARIMAX,20D,3,0.0153156090106067,0.018058882924233226,High
2018-04-04,ARIMAX,20D,3,-0.0034164445372424,-0.001470211904618397,High
2018-04-05,ARIMAX,20D,3,-0.0125120835239576,-0.0037780042710249487,High
2018-04-06,ARIMAX,20D,3,0.0223817935614422,0.006013086460919649,High
2018-04-09,ARIMAX,20D,3,0.0225027791488394,0.02128482139458443,High
2018-04-10,ARIMAX,20D,3,0.0056485035407914,0.013192082919578695,High
2018-04-11,ARIMAX,20D,3,0.0208248372481214,0.007344099336762024,High
2018-04-12,ARIMAX,20D,3,0.021934950154313,0.013499714117008805,High
2018-04-13,ARIMAX,20D,3,0.0265318892519808,0.018346099732586378,High
2018-04-16,ARIMAX,20D,3,0.0193386519605443,0.015688584817838885,High
2018-04-17,ARIMAX,20D,3,0.001867925302687,0.010701149017562882,High
2018-04-18,ARIMAX,20D,3,0.0050892447426481,-0.0004809931075594395,High
2018-04-19,ARIMAX,20D,3,0.0099755877498706,0.008971505597467745,High
2018-04-20,ARIMAX,20D,3,0.0159130996836729,0.013277906838138849,High
2018-04-23,ARIMAX,20D,3,0.0232164741204219,0.012237227658755977,High
2018-04-24,ARIMAX,20D,3,0.0335466735340219,0.040706294421637854,High
2018-04-25,ARIMAX,20D,3,0.0349544445080969,0.02455605582680543,High
2018-04-26,ARIMAX,20D,3,0.0225490373629974,0.02455134467421014,High
2018-04-27,ARIMAX,20D,3,0.0190760290374474,0.01941702294314075,High
2018-04-30,ARIMAX,20D,3,0.0156656490745765,0.02188548900260194,Normal
2018-05-01,ARIMAX,20D,3,0.0257357222554729,0.007325484583153288,Normal
2018-05-02,ARIMAX,20D,3,0.0260643402134411,0.032676501254684194,Normal
2018-05-03,ARIMAX,20D,3,0.0391113575077448,0.02567848929277073,Normal
2018-05-04,ARIMAX,20D,3,0.0308511423777621,0.025124010073061788,Normal
2018-05-07,ARIMAX,20D,3,0.0281015080923478,0.03034979152729149,Normal
2018-05-08,ARIMAX,20D,3,0.0368980853413935,0.027836278375878223,Normal
2018-05-09,ARIMAX,20D,3,0.0265479937845404,0.025510140173406526,Normal
2018-05-10,ARIMAX,20D,3,0.0203420110884432,0.019562118629129557,Normal
2018-05-11,ARIMAX,20D,3,0.0197040088244222,0.018978867068595265,Normal
2018-05-14,ARIMAX,20D,3,0.0205627765929996,0.020087647582153607,Normal
2018-05-15,ARIMAX,20D,3,0.023394177095579,0.025275035970644698,Normal
2018-05-16,ARIMAX,20D,3,0.0218103377705682,0.01996822689012038,Normal
2018-05-17,ARIMAX,20D,3,0.0216489562436842,0.01998404566460521,Normal
2018-05-18,ARIMAX,20D,3,0.022156230317348,0.020174211018712043,Normal
2018-05-21,ARIMAX,20D,3,0.0107651078180232,0.017403747896130077,Normal
2018-05-22,ARIMAX,20D,3,0.0156164866350109,0.009290810634977133,Low
2018-05-23,ARIMAX,20D,3,0.0060076125848917,0.008731632668406427,Low
2018-05-24,ARIMAX,20D,3,0.0098930787977484,0.008291781828919233,Low
2018-05-25,ARIMAX,20D,3,-0.0015666411158363,0.009497685941534044,Low
2018-05-29,ARIMAX,20D,3,0.0122670819016528,0.010627788603982119,Low
2018-05-30,ARIMAX,20D,3,-0.0089903797634122,0.005285052930685834,Normal
2018-05-31,ARIMAX,20D,3,0.0040726334990533,-0.006677239906272107,Normal
2018-06-01,ARIMAX,20D,3,-0.0059600503226695,-0.0067177915443950905,Normal
2018-06-04,ARIMAX,20D,3,-0.0073663843867284,-0.009893540286014134,Low
2018-06-05,ARIMAX,20D,3,-0.0130283599368378,-0.010492872448250049,Low
2018-06-06,ARIMAX,20D,3,-0.0129754038286118,-0.018747323603223787,Normal
2018-06-07,ARIMAX,20D,3,-0.0038154426060472,-0.010054060456388137,Low
2018-06-08,ARIMAX,20D,3,0.001847819271543,-0.003973703658273715,Low
2018-06-11,ARIMAX,20D,3,0.0042469315834245,0.0028960148680114116,Low
2018-06-12,ARIMAX,20D,3,-0.0046144220671957,0.0029810773138037525,Low
2018-06-13,ARIMAX,20D,3,0.0081308240543877,-0.0012615176190546636,Low
2018-06-14,ARIMAX,20D,3,0.0067409790684926,0.004871765845791718,Low
2018-06-15,ARIMAX,20D,3,0.0067299347630881,0.003868072631904102,Low
2018-06-18,ARIMAX,20D,3,0.0128241502874182,0.0057168970390553304,Low
2018-06-19,ARIMAX,20D,3,0.0190138503155469,0.015847539174228004,Low
2018-06-20,ARIMAX,20D,3,0.0133423332423849,0.018062628923242403,Low
2018-06-21,ARIMAX,20D,3,0.0187591643143309,0.01912758886662066,Low
2018-06-22,ARIMAX,20D,3,0.0187353234024283,0.015373657383836717,Low
2018-06-25,ARIMAX,20D,3,0.0373245652562525,0.029150097972536912,Normal
2018-06-26,ARIMAX,20D,3,0.0441828498209282,0.03292199248733191,Low
2018-06-27,ARIMAX,20D,3,0.049787533385202,0.052854741362899894,Low
2018-06-28,ARIMAX,20D,3,0.0370440187213252,0.03910956765953383,Low
2018-06-29,ARIMAX,20D,3,0.0305151135182212,0.03692737720399036,Low
2018-07-02,ARIMAX,20D,3,0.0323246899032308,0.020280686640025247,Low
2018-07-03,ARIMAX,20D,3,0.0362434261161934,0.03830865692154061,Low
2018-07-05,ARIMAX,20D,3,0.0325739189528643,0.025708825202572456,Low
2018-07-06,ARIMAX,20D,3,0.0287618334176322,0.023047759937434256,Low
2018-07-09,ARIMAX,20D,3,0.0235095252830925,0.021284288511858634,Low
2018-07-10,ARIMAX,20D,3,0.0228624777107563,0.01988860952362382,Low
2018-07-11,ARIMAX,20D,3,0.0297195496893777,0.025382340358015756,Low
2018-07-12,ARIMAX,20D,3,0.0195658434321655,0.022499374807026074,Low
2018-07-13,ARIMAX,20D,3,0.0113478756323125,0.016998181371170974,Low
2018-07-16,ARIMAX,20D,3,0.0083625025872308,0.011387873781520362,Low
2018-07-17,ARIMAX,20D,3,0.0107656082602048,0.0035011162639685817,Low
2018-07-18,ARIMAX,20D,3,0.0009762176020885,0.007721893387798141,Low
2018-07-19,ARIMAX,20D,3,0.0128252590037763,0.004498614986429988,Low
2018-07-20,ARIMAX,20D,3,0.0170917631503138,0.012296065006333234,Low
2018-07-23,ARIMAX,20D,3,0.0176804757092106,0.013325834754916784,Low
2018-07-24,ARIMAX,20D,3,0.0149773567777839,0.014718691338462587,Low
2018-07-25,ARIMAX,20D,3,0.005518690653168,0.00696745628440466,Low
2018-07-26,ARIMAX,20D,3,0.0068628994785001,0.005601344845836041,Low
2018-07-27,ARIMAX,20D,3,0.0196264400516309,0.013019939818528087,Low
2018-07-30,ARIMAX,20D,3,0.0330383707743287,0.02213854754893449,Low
2018-07-31,ARIMAX,20D,3,0.0284347756326238,0.026833027822497448,Low
2018-08-01,ARIMAX,20D,3,0.0351609111691065,0.027258797875073015,Low
2018-08-02,ARIMAX,20D,3,0.0258063895424396,0.026882592477626793,Low
2018-08-03,ARIMAX,20D,3,0.0213074259443966,0.020963969043413456,Low
2018-08-06,ARIMAX,20D,3,0.0161197512447158,0.017028067642289167,Low
2018-08-07,ARIMAX,20D,3,0.0104924866969639,0.013382663331776793,Low
2018-08-08,ARIMAX,20D,3,0.0070959100536409,0.007399495667235068,Low
2018-08-09,ARIMAX,20D,3,0.0063228268356664,0.009060333681909945,Low
2018-08-10,ARIMAX,20D,3,0.015358167313604,0.011814018036553247,Low
2018-08-13,ARIMAX,20D,3,0.0231050706692999,0.022759902210365897,Low
2018-08-14,ARIMAX,20D,3,0.0170927490027761,0.01708507404522183,Low
2018-08-15,ARIMAX,20D,3,0.0299923097435463,0.020303794655875902,Low
2018-08-16,ARIMAX,20D,3,0.0223795390916744,0.023059829526371593,Low
2018-08-17,ARIMAX,20D,3,0.0134766417248621,0.014412908147811973,Low
2018-08-20,ARIMAX,20D,3,0.0164062196903592,0.009678626828849901,Low
2018-08-21,ARIMAX,20D,3,0.0155923077689042,0.016413722226592615,Low
2018-08-22,ARIMAX,20D,3,0.0238005530084767,0.014039495729372055,Low
2018-08-23,ARIMAX,20D,3,0.0251246459950049,0.02298938334948775,Low
2018-08-24,ARIMAX,20D,3,0.0154230577527057,0.018391925529948224,Low
2018-08-27,ARIMAX,20D,3,0.0064759678524773,0.0103850254996526,Low
2018-08-28,ARIMAX,20D,3,0.0029120260937189,0.008484012594012533,Low
2018-08-29,ARIMAX,20D,3,-1.374014668132074e-05,-0.0023547585755220868,Low
2018-08-30,ARIMAX,20D,3,0.0044195617536386,0.005035452117658913,Low
2018-08-31,ARIMAX,20D,3,0.0079195856285321,0.004095271686081307,Low
2018-09-04,ARIMAX,20D,3,0.0091785087671323,0.008519632067684246,Low
2018-09-05,ARIMAX,20D,4,0.0126968383051167,0.011457161747159201,Low
2018-09-06,ARIMAX,20D,4,0.0081527939207249,0.017099599287437237,Low
2018-09-07,ARIMAX,20D,4,0.0048252772311172,0.00655160875508535,Low
2018-09-10,ARIMAX,20D,4,0.0025340543080742,0.002943231432462963,Low
2018-09-11,ARIMAX,20D,4,-0.0026177212157953,-0.004859873532452107,Low
2018-09-12,ARIMAX,20D,4,-0.0363907186082911,-0.0027340165851447266,Low
2018-09-13,ARIMAX,20D,4,-0.0624466507402238,-0.041636308464606114,Low
2018-09-14,ARIMAX,20D,4,-0.0486158592326138,-0.06060964968616834,Low
2018-09-17,ARIMAX,20D,4,-0.0489530505323646,-0.03967287102852003,Low
2018-09-18,ARIMAX,20D,4,-0.0330398753650887,-0.050717040893839105,Low
2018-09-19,ARIMAX,20D,4,-0.0345450576609258,-0.033628672689173834,Low
2018-09-20,ARIMAX,20D,4,-0.056851562421596,-0.037950313062778504,Low
2018-09-21,ARIMAX,20D,4,-0.0568441966198684,-0.05395784866607919,Low
2018-09-24,ARIMAX,20D,4,-0.0576311114023323,-0.05314375929909358,Low
2018-09-25,ARIMAX,20D,4,-0.0618522390899085,-0.051616670427050225,Low
2018-09-26,ARIMAX,20D,4,-0.0899083132698894,-0.056094290847157786,Low
2018-09-27,ARIMAX,20D,4,-0.0742140715196865,-0.08791256407552532,Low
2018-09-28,ARIMAX,20D,4,-0.0916863393855515,-0.07232212399827621,Low
2018-10-01,ARIMAX,20D,4,-0.101902040022944,-0.08941219467006979,Low
2018-10-02,ARIMAX,20D,4,-0.0859599481407874,-0.09835743476425546,Low
2018-10-03,ARIMAX,20D,4,-0.0758783361229346,-0.08215518787610848,Low
2018-10-04,ARIMAX,20D,4,-0.0571728018333954,-0.06380665412895725,Low
2018-10-05,ARIMAX,20D,4,-0.057966208304653,-0.04766437824759828,Low
2018-10-08,ARIMAX,20D,4,-0.0519863198991092,-0.055276547961814915,Low
2018-10-09,ARIMAX,20D,4,-0.0443276223205464,-0.04513479159785902,Low
2018-10-10,ARIMAX,20D,4,0.0100758452828294,-0.010801580380825702,Normal
2018-10-11,ARIMAX,20D,4,0.0283513562668796,0.027716820051016954,Normal
2018-10-12,ARIMAX,20D,4,0.0050035349431308,0.014898272082176107,Normal
2018-10-15,ARIMAX,20D,4,-0.0089721337510366,1.1866673057886468e-05,Normal
2018-10-16,ARIMAX,20D,4,-0.0317229806081116,-0.02701934955554204,High
2018-10-17,ARIMAX,20D,4,-0.0390664751638974,-0.03597975888269269,High
2018-10-18,ARIMAX,20D,4,-0.0140319518459142,-0.026044329245193988,High
2018-10-19,ARIMAX,20D,4,-0.0114498791731509,-0.009084281449490986,High
2018-10-22,ARIMAX,20D,4,-0.0239242433123945,-0.009804939255453903,High
2018-10-23,ARIMAX,20D,4,-0.0367151626882863,-0.020863383518198764,High
2018-10-24,ARIMAX,20D,4,-0.0023257195163782,-0.00353895793684382,High
2018-10-25,ARIMAX,20D,4,-0.0273558572069479,-0.016552405623656053,High
2018-10-26,ARIMAX,20D,4,0.0055362566484217,-0.016559223651085392,High
2018-10-29,ARIMAX,20D,4,0.0153738493082283,0.017064037857809453,High
2018-10-30,ARIMAX,20D,4,0.0225425776394646,-0.0036146275068511154,High
2018-10-31,ARIMAX,20D,4,0.0095642043395,0.014693118815027386,High
2018-11-01,ARIMAX,20D,4,0.0071992531875884,-0.00151931033290583,High
2018-11-02,ARIMAX,20D,4,0.0244179760378307,0.009775439904523401,High
2018-11-05,ARIMAX,20D,4,-0.0140669464979195,0.016957126091281666,High
2018-11-06,ARIMAX,20D,4,-0.0218301221564725,-0.014716807005021959,High
2018-11-07,ARIMAX,20D,4,-0.0664135361735685,-0.036545276272214766,High
2018-11-08,ARIMAX,20D,4,-0.0621408639621609,-0.06613237595416481,High
2018-11-09,ARIMAX,20D,4,-0.053255687722094,-0.05185091934406606,High
2018-11-12,ARIMAX,20D,4,-0.0279526657262753,-0.0338615039839949,High
2018-11-13,ARIMAX,20D,4,-0.0266695972165164,-0.021471093792927935,High
2018-11-14,ARIMAX,20D,4,-0.0383446206667657,-0.013907305472903746,High
2018-11-15,ARIMAX,20D,4,-0.0698749382379844,-0.050509637935198484,High
2018-11-16,ARIMAX,20D,4,-0.0720093789216792,-0.0724302157170544,High
2018-11-19,ARIMAX,20D,4,-0.0707416768618947,-0.058656328436284225,High
2018-11-20,ARIMAX,20D,4,-0.0683214907894127,-0.059771218329754336,High
2018-11-21,ARIMAX,20D,4,-0.0921632805987205,-0.06690777258909454,High
2018-11-23,ARIMAX,20D,4,-0.1130734337651793,-0.08408391502194339,High
2018-11-26,ARIMAX,20D,4,-0.0800832319397408,-0.1198174233324161,High
2018-11-27,ARIMAX,20D,4,-0.0748133873355366,-0.08086594388844341,High
2018-11-28,ARIMAX,20D,4,-0.0987697925488818,-0.0817867027138739,High
2018-11-29,ARIMAX,20D,4,-0.0881276721412815,-0.0864423360663211,High
2018-11-30,ARIMAX,20D,4,-0.0949975267952728,-0.08902657366990507,High
2018-12-03,ARIMAX,20D,4,-0.1309478604085503,-0.09324854620252396,High
2018-12-04,ARIMAX,20D,4,-0.0642882325096478,-0.1005539292338354,High
2018-12-06,ARIMAX,20D,4,-0.0557788686002737,-0.06129792549192197,High
2018-12-07,ARIMAX,20D,4,-0.0225339458074541,-0.025415808227082393,High
2018-12-10,ARIMAX,20D,4,-0.0202048776975481,-0.025724544512512493,High
2018-12-11,ARIMAX,20D,4,-0.0153402266477803,-0.014895540439230054,High
2018-12-12,ARIMAX,20D,4,-0.020891406202614,-0.026482552544897228,High
2018-12-13,ARIMAX,20D,4,-0.0259628504774484,-0.020679446739459012,High
2018-12-14,ARIMAX,20D,4,0.0039729806710124,-0.020092599089106187,High
2018-12-17,ARIMAX,20D,4,0.0271847860286772,0.02297998955728594,High
2018-12-18,ARIMAX,20D,4,0.0346611198811239,0.030229299199804632,High
2018-12-19,ARIMAX,20D,4,0.0632734918969165,0.04599350037817187,High
2018-12-20,ARIMAX,20D,4,0.0649128245530479,0.06723573347853538,High
2018-12-21,ARIMAX,20D,4,0.0879164349710394,0.0795284750021942,High
2018-12-24,ARIMAX,20D,4,0.1167777879603313,0.10198111098620706,High
2018-12-26,ARIMAX,20D,4,0.0768274779900443,0.08224603672861369,High
2018-12-27,ARIMAX,20D,4,0.0604234731725184,0.0664639505935318,High
2018-12-28,ARIMAX,20D,4,0.0602085191476349,0.06507129998312344,High
2018-12-31,ARIMAX,20D,4,0.0671815031769881,0.04158405109224422,High
2019-01-02,ARIMAX,20D,4,0.0744744589241297,0.05097049693565117,High
2019-01-03,ARIMAX,20D,4,0.1004409973278518,0.09738652704248245,High
2019-01-04,ARIMAX,20D,4,0.073434979384985,0.06721613935654627,High
2019-01-07,ARIMAX,20D,4,0.0711463738271054,0.06521260927079638,High
2019-01-08,ARIMAX,20D,4,0.0592708707730993,0.0630457308719552,High
2019-01-09,ARIMAX,20D,4,0.0457800062380468,0.052341983796499576,High
2019-01-10,ARIMAX,20D,4,0.0419477374295972,0.03399551331161548,High
2019-01-11,ARIMAX,20D,4,0.0428028977778981,0.04299482682787366,High
2019-01-14,ARIMAX,20D,4,0.0608821452679864,0.04201445050949691,High
2019-01-15,ARIMAX,20D,4,0.0532369579819362,0.05235540461620902,High
2019-01-16,ARIMAX,20D,4,0.0483622740691493,0.05035882542365276,High
2019-01-17,ARIMAX,20D,4,0.0516195480278712,0.04007545687845315,High
2019-01-18,ARIMAX,20D,4,0.0400202565146074,0.041506068483976255,High
2019-01-22,ARIMAX,20D,4,0.0560542669033209,0.04918408393582871,High
2019-01-23,ARIMAX,20D,4,0.0503211076580286,0.05266736764590276,High
2019-01-24,ARIMAX,20D,4,0.0553369662417615,0.039581425482940115,High
2019-01-25,ARIMAX,20D,4,0.0481152029909952,0.05672540373349907,High
2019-01-28,ARIMAX,20D,4,0.0552022091668639,0.050259716803028306,High
2019-01-29,ARIMAX,20D,4,0.0561153196656806,0.05390242780532806,High
2019-01-30,ARIMAX,20D,4,0.03785620217517,0.04397467893860356,High
2019-01-31,ARIMAX,20D,4,0.0361672099541154,0.028661240335103397,High
2019-02-01,ARIMAX,20D,4,0.0313808959740531,0.032505333162705444,Normal
2019-02-04,ARIMAX,20D,4,0.0234953413668666,0.02960092393897313,Normal
2019-02-05,ARIMAX,20D,4,0.0122524973253914,0.019988500253033455,Normal
2019-02-06,ARIMAX,20D,4,0.006320501904569,0.015175404042315805,Normal
2019-02-07,ARIMAX,20D,4,0.0135877309753457,0.011516701222585473,Normal
2019-02-08,ARIMAX,20D,4,0.0274712939728225,0.009795921262302651,Normal
2019-02-11,ARIMAX,20D,4,0.0297114078968091,0.028171343067783544,Normal
2019-02-12,ARIMAX,20D,4,0.0238291017509899,0.020436469257581327,Normal
2019-02-13,ARIMAX,20D,4,0.0199412708256828,0.023949548292453327,Normal
2019-02-14,ARIMAX,20D,4,0.027568953617812,0.01944636122349571,Normal
2019-02-15,ARIMAX,20D,4,0.0204480457517624,0.020224773850066838,Normal
2019-02-19,ARIMAX,20D,4,0.0188198543452436,0.01851431884678852,Normal
2019-02-20,ARIMAX,20D,4,0.0140956240437331,0.016244365126828746,Low
2019-02-21,ARIMAX,20D,4,0.0284223088642638,0.014563211000351338,Low
2019-02-22,ARIMAX,20D,4,0.0028748430352802,0.021203749519254893,Normal
2019-02-25,ARIMAX,20D,4,0.0008043657522184,0.006736566531502711,Low
2019-02-26,ARIMAX,20D,4,0.0087521883729928,0.0010452220475051632,Low
2019-02-27,ARIMAX,20D,4,0.0046412425326918,0.007571412928923573,Low
2019-02-28,ARIMAX,20D,4,0.011053804846904,0.00649750323596,Low
2019-03-01,ARIMAX,20D,4,0.0108938543015157,0.007439697668595592,Low
2019-03-04,ARIMAX,20D,4,0.0262841572148151,0.015348413595726322,Low
2019-03-05,ARIMAX,20D,4,0.0274337862593803,0.02457656502139944,Low
2019-03-06,ARIMAX,20D,4,0.0361253322835944,0.031809212816933004,Low
2019-03-07,ARIMAX,20D,4,0.0463667086649199,0.03878840927235096,Low
2019-03-08,ARIMAX,20D,4,0.0531263904194727,0.04143379815835591,Low
2019-03-11,ARIMAX,20D,4,0.0396137666065069,0.03851369631360312,Low
2019-03-12,ARIMAX,20D,4,0.030578824443032,0.03512262186021117,Low
2019-03-13,ARIMAX,20D,4,0.0271251154405126,0.024949659200829297,Low
2019-03-14,ARIMAX,20D,4,0.0280316371124515,0.025262569668523204,Low
2019-03-15,ARIMAX,20D,4,0.0296466960935665,0.020799022240971677,Low
2019-03-18,ARIMAX,20D,4,0.0253180320503014,0.02992338623214844,Low
2019-03-19,ARIMAX,20D,4,0.0259578304553682,0.027371863716106195,Low
2019-03-20,ARIMAX,20D,4,0.0266301263753991,0.026927384692825542,Low
2019-03-21,ARIMAX,20D,4,0.0174139577049594,0.015635174349239677,Low
2019-03-22,ARIMAX,20D,4,0.0375822906561655,0.035748243491102144,Normal
2019-03-25,ARIMAX,20D,4,0.0472240146644707,0.03449389351854091,Normal
2019-03-26,ARIMAX,20D,4,0.0378727931135006,0.039164738453169694,Normal
2019-03-27,ARIMAX,20D,4,0.0421588946498267,0.03692484709740022,Normal
2019-03-28,ARIMAX,20D,4,0.0432501902578701,0.03615558680877019,Normal
2019-03-29,ARIMAX,20D,4,0.0376094327187791,0.03423081717139294,Normal
2019-04-01,ARIMAX,20D,4,0.0270582018995264,0.027576628934318306,Normal
2019-04-02,ARIMAX,20D,4,0.0195103004943767,0.02685157319164136,Normal
2019-04-03,ARIMAX,20D,4,0.0152379834256046,0.016227628545265736,Normal
2019-04-04,ARIMAX,20D,4,0.0227476456615279,0.011731019513426984,Normal
2019-04-05,ARIMAX,20D,4,0.0136409148493564,0.017871695620524833,Normal
2019-04-08,ARIMAX,20D,4,-0.0040554849900728,0.014897176323883654,Low
2019-04-09,ARIMAX,20D,4,0.0004237760561768,0.0005547463246556826,Normal
2019-04-10,ARIMAX,20D,4,-0.0060740603602514,-0.00212187092427084,Normal
2019-04-11,ARIMAX,20D,4,-0.0023987886306755,-0.007505627588385345,Normal
2019-04-12,ARIMAX,20D,4,-0.0334128361587187,-0.007403878877796101,Normal
2019-04-15,ARIMAX,20D,4,-0.0247992813911455,-0.03280599953012746,Normal
2019-04-16,ARIMAX,20D,4,-0.0194865153885625,-0.02463797751854315,Normal
2019-04-17,ARIMAX,20D,4,-0.0083541574513246,-0.016359056608195765,Normal
2019-04-18,ARIMAX,20D,4,-0.015786441449618,-0.009608359793463939,Low
2019-04-22,ARIMAX,20D,4,-0.0235702052419562,-0.017005213815836206,Low
2019-04-23,ARIMAX,20D,4,-0.0239126073237608,-0.027679449662512817,Low
2019-04-24,ARIMAX,20D,4,-0.0245468310846241,-0.0171711076483432,Low
2019-04-25,ARIMAX,20D,4,-0.0361634815856332,-0.023538829219134513,Low
2019-04-26,ARIMAX,20D,4,-0.0394851881369008,-0.03911301592306127,Low
2019-04-29,ARIMAX,20D,4,-0.048967086641395,-0.03659773152000998,Low
2019-04-30,ARIMAX,20D,4,-0.0568539615074179,-0.04433260555887037,Low
2019-05-01,ARIMAX,20D,4,-0.0472272429821296,-0.045541717187914665,Low
2019-05-02,ARIMAX,20D,4,-0.0583842035838998,-0.045101840570697285,Low
2019-05-03,ARIMAX,20D,4,-0.0707454017171252,-0.06486749988827893,Low
2019-05-06,ARIMAX,20D,4,-0.0450584614469749,-0.06388828080058266,Low
2019-05-07,ARIMAX,20D,4,-0.0202802463792557,-0.02059116565446409,Low
2019-05-08,ARIMAX,20D,4,-0.0125566903138314,-0.017001920990097674,Low
2019-05-09,ARIMAX,20D,4,0.0009122875953569,-0.01123457115878991,Low
2019-05-10,ARIMAX,20D,4,0.0018481136002037,-0.003478217843843677,Low
2019-05-13,ARIMAX,20D,4,0.02592464128075,0.014310245139884678,Normal
2019-05-14,ARIMAX,20D,4,0.0159009959302964,0.019564809076571668,Normal
2019-05-15,ARIMAX,20D,4,0.0141680121054237,0.004128424006960602,Normal
2019-05-16,ARIMAX,20D,4,0.0036992432027717,0.006389630632741813,Normal
2019-05-17,ARIMAX,20D,4,0.0104849958091685,0.006721845642405936,Normal
2019-05-20,ARIMAX,20D,4,0.0269277433775444,0.010283748228051118,Normal
2019-05-21,ARIMAX,20D,4,0.0214485110773774,0.022369070468979565,Normal
2019-05-22,ARIMAX,20D,4,0.0337045087771499,0.019538534609117954,Normal
2019-05-23,ARIMAX,20D,4,0.0444301847387039,0.04226010705440684,Normal
2019-05-24,ARIMAX,20D,4,0.0413441525060796,0.0425341348135542,Normal
2019-05-28,ARIMAX,20D,4,0.0402133268659524,0.04471397912814045,Normal
2019-05-29,ARIMAX,20D,4,0.0459145413543796,0.04221513268295153,Normal
2019-05-30,ARIMAX,20D,4,0.0476341544719735,0.040701673165613295,Normal
2019-05-31,ARIMAX,20D,4,0.0666583015630261,0.05031605330554193,Normal
2019-06-03,ARIMAX,20D,4,0.077070390828288,0.06986871035293382,Normal
2019-06-04,ARIMAX,20D,4,0.0587883110241991,0.055824830523795235,High
2019-06-05,ARIMAX,20D,4,0.0583026797060695,0.04949887602354268,Normal
2019-06-06,ARIMAX,20D,4,0.0503783048255164,0.05074439251872516,High
2019-06-07,ARIMAX,20D,4,0.0350881525681326,0.04150114148158683,High
2019-06-10,ARIMAX,20D,4,0.0316747255518209,0.03292225272743412,High
2019-06-11,ARIMAX,20D,4,0.0365252139458551,0.03314868932621367,Normal
2019-06-12,ARIMAX,20D,4,0.0408474913520412,0.034417345622546454,Normal
2019-06-13,ARIMAX,20D,4,0.0413680151512574,0.03738658815212423,Normal
2019-06-14,ARIMAX,20D,4,0.0431566806657945,0.041479687825374804,Normal
2019-06-17,ARIMAX,20D,4,0.0388157806784311,0.03918075028523712,Normal
2019-06-18,ARIMAX,20D,4,0.0225926256193673,0.03133822152774938,Normal
2019-06-19,ARIMAX,20D,4,0.0231875065351626,0.019064862579153907,Normal
2019-06-20,ARIMAX,20D,4,0.007564011734445,0.018389325560688678,Normal
2019-06-21,ARIMAX,20D,4,0.0116487297004232,0.007405656278160892,Normal
2019-06-24,ARIMAX,20D,4,0.0202062633002866,0.012486453753539522,Normal
2019-06-25,ARIMAX,20D,4,0.0344252317541499,0.02628847876946272,Normal
2019-06-26,ARIMAX,20D,4,0.0303836309493545,0.03204191012666511,Normal
2019-06-27,ARIMAX,20D,4,0.0339282809275467,0.02541493639512718,Normal
2019-06-28,ARIMAX,20D,4,0.0265699171578897,0.026816265085021787,Normal
2019-07-01,ARIMAX,20D,4,0.0163449131748912,0.021412872697013554,Low
2019-07-02,ARIMAX,20D,4,0.0024758589457626,0.010143147485265298,Low
2019-07-03,ARIMAX,20D,4,-0.0142067642837275,-0.004036877273912186,Low
2019-07-05,ARIMAX,20D,4,-0.019708618618744,-0.011377930771692189,Low
2019-07-08,ARIMAX,20D,4,-0.045091627778315,-0.013456967116553958,Low
2019-07-09,ARIMAX,20D,4,-0.0333943969256022,-0.04401912135827969,Low
2019-07-10,ARIMAX,20D,4,-0.037128361527826,-0.033185416076468896,Low
2019-07-11,ARIMAX,20D,4,-0.0208225186399096,-0.03759980820883927,Low
2019-07-12,ARIMAX,20D,4,-0.0320706460756331,-0.02331413759522616,Low
2019-07-15,ARIMAX,20D,4,-0.0446403089199326,-0.03141075588294197,Low
2019-07-16,ARIMAX,20D,4,-0.0262123780976204,-0.041385139835469195,Low
2019-07-17,ARIMAX,20D,4,-0.0493900650860629,-0.017026932475236598,Low
2019-07-18,ARIMAX,20D,4,-0.0505044260967017,-0.05242592373787479,Low
2019-07-19,ARIMAX,20D,4,-0.029985478459612,-0.03798058630699745,Low
2019-07-22,ARIMAX,20D,4,-0.0207770045814647,-0.033524870514106075,Low
2019-07-23,ARIMAX,20D,4,-0.0355473650328567,-0.026516215313994954,Low
2019-07-24,ARIMAX,20D,4,-0.0320115782889794,-0.04119995059164846,Low
2019-07-25,ARIMAX,20D,4,-0.0272414847646585,-0.02508829680820284,Low
2019-07-26,ARIMAX,20D,4,-0.0608909016582793,-0.03242326899360918,Low
2019-07-29,ARIMAX,20D,4,-0.048350366998424,-0.056237665651123946,Low
2019-07-30,ARIMAX,20D,4,-0.0489767034269359,-0.04119362111303437,Low
2019-07-31,ARIMAX,20D,4,-0.0315073449442334,-0.03153020272000695,Low
2019-08-01,ARIMAX,20D,4,-0.0098603349343329,-0.02062145008190299,Low
2019-08-02,ARIMAX,20D,4,-0.001908365634891,-0.005937734422377824,Low
2019-08-05,ARIMAX,20D,4,0.0213988072021183,0.021650924454159663,Normal
2019-08-06,ARIMAX,20D,4,0.0192495085693729,0.012999563070498377,Normal
2019-08-07,ARIMAX,20D,4,0.0314088391572737,0.009150558581366451,Normal
2019-08-08,ARIMAX,20D,4,0.0137305674947856,0.015891611738236052,High
2019-08-09,ARIMAX,20D,4,0.0202751459495427,0.017826116878113904,High
2019-08-12,ARIMAX,20D,4,0.0329912074913891,0.027424495326010444,High
2019-08-13,ARIMAX,20D,4,0.0251765335504746,0.020610300130027192,High
2019-08-14,ARIMAX,20D,4,0.0577819022832436,0.0428826572110956,High
2019-08-15,ARIMAX,20D,4,0.0545959887080972,0.05800705118045123,High
2019-08-16,ARIMAX,20D,4,0.0371324176194961,0.03712787301241535,High
2019-08-19,ARIMAX,20D,4,0.0276776674275607,0.023768826091971205,High
2019-08-20,ARIMAX,20D,4,0.0359665160239432,0.033084864702054774,High
2019-08-21,ARIMAX,20D,4,0.0277735109885198,0.023387551094110576,High
2019-08-22,ARIMAX,20D,4,0.023372114842918,0.026364454418183574,High
2019-08-23,ARIMAX,20D,4,0.0495640553479282,0.04677527437974085,High
2019-08-26,ARIMAX,20D,4,0.0301889536535789,0.03906640980627399,High
2019-08-27,ARIMAX,20D,4,0.039536960696099,0.03353349963441886,High
2019-08-28,ARIMAX,20D,4,0.0305809381559232,0.030184259339497366,High
2019-08-29,ARIMAX,20D,4,0.0126429211357002,0.021071135098645874,High
2019-08-30,ARIMAX,20D,4,0.0170352505910719,0.009167417579073812,High
2019-09-03,ARIMAX,20D,4,0.0116241329783445,0.019556230765637984,High
2019-09-04,ARIMAX,20D,4,-0.0172249964877206,0.0041343810230849275,High
2019-09-05,ARIMAX,20D,4,-0.0222106046356135,-0.027013066651294597,High
2019-09-06,ARIMAX,20D,4,-0.0090040102007312,-0.019564389055794284,High
2019-09-09,ARIMAX,20D,4,-0.0133983477955128,-0.010198638166940624,High
2019-09-10,ARIMAX,20D,4,-0.029403759773554,-0.017673222618896107,High
2019-09-11,ARIMAX,20D,4,-0.0275441355850953,-0.030007034957575816,High
2019-09-12,ARIMAX,20D,4,-0.024023949451546,-0.026658772694542768,Normal
2019-09-13,ARIMAX,20D,4,-0.0124196929007909,-0.024243837010542654,Normal
2019-09-16,ARIMAX,20D,4,-0.0106672616576538,-0.009411610278102387,Normal
2019-09-17,ARIMAX,20D,4,-0.0033392416536268,-0.009570650459615082,Normal
2019-09-18,ARIMAX,20D,4,-0.0056834194910877,-0.0038052782309496262,Normal
2019-09-19,ARIMAX,20D,4,-0.002944372043242,-0.004753759216317327,Normal
2019-09-20,ARIMAX,20D,4,-0.0019638186481614,0.0016678525332298518,Normal
2019-09-23,ARIMAX,20D,4,0.0049812360749999,-0.0045008595150253915,Low
2019-09-24,ARIMAX,20D,4,0.0098581757801744,0.017930517764244622,Low
2019-09-25,ARIMAX,20D,4,0.0065615938840416,0.002091792750019879,Low
2019-09-26,ARIMAX,20D,4,0.0109120695528261,0.008369519435845792,Low
2019-09-27,ARIMAX,20D,4,0.0203070336426105,0.017930730258083255,Low
2019-09-30,ARIMAX,20D,4,0.0208379433434799,0.013489610970751345,Low
2019-10-01,ARIMAX,20D,4,0.032339318332412,0.03090642037710184,Low
2019-10-02,ARIMAX,20D,4,0.053652811920913,0.04415455763888801,Normal
2019-10-03,ARIMAX,20D,4,0.0426850685125073,0.04572952489782664,Low
2019-10-04,ARIMAX,20D,5,0.0381842138328956,0.027542957820573446,Normal
2019-10-07,ARIMAX,20D,5,0.0463698119118897,0.04060359465836582,Normal
2019-10-08,ARIMAX,20D,5,0.0608665687521789,0.055127721995507445,Normal
2019-10-09,ARIMAX,20D,5,0.0525055228296226,0.051452062316221334,Normal
2019-10-10,ARIMAX,20D,5,0.0488366956621207,0.04350872688212233,Normal
2019-10-11,ARIMAX,20D,5,0.0405145191334476,0.040902260895235076,Normal
2019-10-14,ARIMAX,20D,5,0.0399382053933295,0.032261396564775745,Normal
2019-10-15,ARIMAX,20D,5,0.0315951833181033,0.02670733250180302,Normal
2019-10-16,ARIMAX,20D,5,0.0343080094414133,0.031643049273174295,Normal
2019-10-17,ARIMAX,20D,5,0.0323856800860948,0.03263777801160591,Normal
2019-10-18,ARIMAX,20D,5,0.0439787545738678,0.03389254687228835,Normal
2019-10-21,ARIMAX,20D,5,0.0376336667913437,0.036562435258195955,Normal
2019-10-22,ARIMAX,20D,5,0.0406159459500279,0.03977879499700454,Normal
2019-10-23,ARIMAX,20D,5,0.034009586183256,0.034359989185872325,Normal
2019-10-24,ARIMAX,20D,5,0.0305069754378953,0.031280999408532344,Normal
2019-10-25,ARIMAX,20D,5,0.0286151198696154,0.020608868112479372,Normal
2019-10-28,ARIMAX,20D,5,0.0305285518409648,0.026375137683094418,Normal
2019-10-29,ARIMAX,20D,5,0.0335544674423856,0.02811735874917004,Normal
2019-10-30,ARIMAX,20D,5,0.0344721136668282,0.02739832659446271,Normal
2019-10-31,ARIMAX,20D,5,0.0334802660713781,0.03599449828932429,Normal
2019-11-01,ARIMAX,20D,5,0.0151958518177669,0.026956285521639433,Low
2019-11-04,ARIMAX,20D,5,0.0048383807544094,0.013070968475669086,Low
2019-11-05,ARIMAX,20D,5,0.0123284410749999,0.0046283517954971674,Low
2019-11-06,ARIMAX,20D,5,0.0131253174093405,0.01116947602172183,Low
2019-11-07,ARIMAX,20D,5,0.0194931881954859,0.011145879726178188,Low
2019-11-08,ARIMAX,20D,5,0.0137679513658956,0.017617686779400808,Low
2019-11-11,ARIMAX,20D,5,0.0146348106102488,0.0130420851285405,Low
2019-11-12,ARIMAX,20D,5,0.0159753248383363,0.015503404488659875,Low
2019-11-13,ARIMAX,20D,5,0.0238027106437753,0.013779170422212578,Low
2019-11-14,ARIMAX,20D,5,0.0230385971795332,0.023519113940351777,Low
2019-11-15,ARIMAX,20D,5,0.0224949293441031,0.015847409140589484,Low
2019-11-18,ARIMAX,20D,5,0.0223271390497544,0.021152441417407637,Low
2019-11-19,ARIMAX,20D,5,0.0224875155089241,0.022944056991754738,Low
2019-11-20,ARIMAX,20D,5,0.0307001507517295,0.022277628228711474,Low
2019-11-21,ARIMAX,20D,5,0.0372167526422531,0.029440417333962934,Low
2019-11-22,ARIMAX,20D,5,0.0359099474141755,0.034327881670479794,Low
2019-11-25,ARIMAX,20D,5,0.0282352282242403,0.027486178366744544,Low
2019-11-26,ARIMAX,20D,5,0.031157126989354,0.024319537432942802,Low
2019-11-27,ARIMAX,20D,5,0.027025375503712,0.0272143128662833,Low
2019-11-29,ARIMAX,20D,5,0.0252470656543512,0.028437886537015768,Low
2019-12-02,ARIMAX,20D,5,0.0368572399925058,0.03523718618081556,Low
2019-12-03,ARIMAX,20D,5,0.0518613606128676,0.039360796540627685,Low
2019-12-04,ARIMAX,20D,5,0.038472793639143,0.04674922208587727,Low
2019-12-05,ARIMAX,20D,5,0.0405008119067856,0.03464661419611382,Low
2019-12-06,ARIMAX,20D,5,0.0285993907917648,0.0313561771410045,Low
2019-12-09,ARIMAX,20D,5,0.0366576979618803,0.030917938555840675,Low
2019-12-10,ARIMAX,20D,5,0.0443884482477709,0.03674592133540029,Low
2019-12-11,ARIMAX,20D,5,0.0386252482309152,0.039505612764646966,Low
2019-12-12,ARIMAX,20D,5,0.0370385749012934,0.02867246549999301,Low
2019-12-13,ARIMAX,20D,5,0.0354503149141827,0.03421266512947453,Low
2019-12-16,ARIMAX,20D,5,0.0301964042153279,0.02705485008174851,Low
2019-12-17,ARIMAX,20D,5,0.0381929156090987,0.027898578587571603,Low
2019-12-18,ARIMAX,20D,5,0.0424800324971065,0.03680113541590359,Low
2019-12-19,ARIMAX,20D,5,0.0353751533056569,0.037477219201562155,Low
2019-12-20,ARIMAX,20D,5,0.0307315917980038,0.03165788094152955,Low
2019-12-23,ARIMAX,20D,5,0.0310061492770636,0.0295169501724147,Low
2019-12-24,ARIMAX,20D,5,0.022118327153338,0.029875510345653077,Low
2019-12-26,ARIMAX,20D,5,0.00114751238644,0.016243590615218895,Low
2019-12-27,ARIMAX,20D,5,0.0111169117471346,0.004405924872044182,Low
2019-12-30,ARIMAX,20D,5,0.0160472576828999,0.01714967894653374,Low
2019-12-31,ARIMAX,20D,5,0.0162350239689205,0.009825242741510283,Low
2020-01-02,ARIMAX,20D,5,-0.0099733149647593,0.007809123773617876,Low
2020-01-03,ARIMAX,20D,5,0.0043400201614277,-0.006769709743572928,Low
2020-01-06,ARIMAX,20D,5,0.0156821908846612,0.0031138675147994663,Low
2020-01-07,ARIMAX,20D,5,0.0296771446282289,0.018713234254561093,Low
2020-01-08,ARIMAX,20D,5,0.0281068261995899,0.02416211751166102,Low
2020-01-09,ARIMAX,20D,5,0.016058121073225,0.022711779375120516,Low
2020-01-10,ARIMAX,20D,5,0.0262170736813031,0.015440409302537757,Low
2020-01-13,ARIMAX,20D,5,0.020952128321372,0.01986554552145396,Low
2020-01-14,ARIMAX,20D,5,0.0289096622634708,0.020381304314362265,Low
2020-01-15,ARIMAX,20D,5,0.0254094356597943,0.02714400955933885,Low
2020-01-16,ARIMAX,20D,5,0.0189195243360479,0.020226868452963974,Low
2020-01-17,ARIMAX,20D,5,0.0121405871024149,0.015143573132037534,Low
2020-01-21,ARIMAX,20D,5,0.0194908357562853,0.014119991857508195,Low
2020-01-22,ARIMAX,20D,5,0.0153789840316069,0.020436420511806438,Low
2020-01-23,ARIMAX,20D,5,0.0036648486054288,0.011828694300405597,Low
2020-01-24,ARIMAX,20D,5,-0.021339941388818,0.014322797027101717,Low
2020-01-27,ARIMAX,20D,5,-0.0362320934073272,-0.012691105189192498,Low
2020-01-28,ARIMAX,20D,5,-0.0500211742312099,-0.038348649504262346,Normal
2020-01-29,ARIMAX,20D,5,-0.0943220604398864,-0.04780154179287784,Low
2020-01-30,ARIMAX,20D,5,-0.1057239804797507,-0.09724798924877802,Low
2020-01-31,ARIMAX,20D,5,-0.0428486681389744,-0.08206317590570218,Normal
2020-02-03,ARIMAX,20D,5,-0.0785875788231217,-0.047249118413888576,Normal
2020-02-04,ARIMAX,20D,5,-0.0521205453799945,-0.08428139849247165,Normal
2020-02-05,ARIMAX,20D,5,-0.0978191064789484,-0.056211268996399257,Normal
2020-02-06,ARIMAX,20D,5,-0.1183402051883365,-0.09621702469696251,Normal
2020-02-07,ARIMAX,20D,5,-0.1919351271192498,-0.11202806008187052,Normal
2020-02-10,ARIMAX,20D,5,-0.151019764813964,-0.191359230889877,Normal
2020-02-11,ARIMAX,20D,5,-0.2028097063085716,-0.13523857719868154,Normal
2020-02-12,ARIMAX,20D,5,-0.3091964118162481,-0.2006180706260115,Normal
2020-02-13,ARIMAX,20D,5,-0.2187562285070234,-0.2982746285138622,Normal
2020-02-14,ARIMAX,20D,5,-0.3482502620783263,-0.20333415328836968,Normal
2020-02-18,ARIMAX,20D,5,-0.2870997354564867,-0.3329724974417011,Normal
2020-02-19,ARIMAX,20D,5,-0.3450167560728519,-0.2703426111789098,Normal
2020-02-20,ARIMAX,20D,5,-0.3364971776744535,-0.3244635833095725,Normal
2020-02-21,ARIMAX,20D,5,-0.3702509924950005,-0.3100611879993273,Normal
2020-02-24,ARIMAX,20D,5,-0.3658944140841366,-0.3282751065033757,High
2020-02-25,ARIMAX,20D,5,-0.2454632771908201,-0.3108458583873172,High
2020-02-26,ARIMAX,20D,5,-0.2302085894464678,-0.22782526771618944,High
2020-02-27,ARIMAX,20D,5,-0.1244966220199602,-0.1786701236745436,High
2020-02-28,ARIMAX,20D,5,-0.1504920044519335,-0.09846645009437907,High
2020-03-02,ARIMAX,20D,5,-0.1625362826513719,-0.17828131557611146,High
2020-03-03,ARIMAX,20D,5,-0.1501681085168731,-0.1286527072503954,High
2020-03-04,ARIMAX,20D,5,-0.2366508206102934,-0.17365128113493936,High
2020-03-05,ARIMAX,20D,5,-0.179567381113352,-0.2023744874780264,High
2020-03-06,ARIMAX,20D,5,-0.1776192982869101,-0.1494344297767189,High
2020-03-09,ARIMAX,20D,5,-0.0306406412017082,-0.09960801720252352,High
2020-03-10,ARIMAX,20D,5,-0.0804600326759297,-0.0431714107456426,High
2020-03-11,ARIMAX,20D,5,0.0031322313239605,-0.0393114037739504,High
2020-03-12,ARIMAX,20D,5,0.1174605540301331,0.09046157842701741,High
2020-03-13,ARIMAX,20D,5,0.01849608763622,0.07309060610419875,High
2020-03-16,ARIMAX,20D,5,0.176262844681345,0.07623439604894289,High
2020-03-17,ARIMAX,20D,5,0.095759799373284,0.18307068091652748,High
2020-03-18,ARIMAX,20D,5,0.1547819095449057,0.11329223428063054,High
2020-03-19,ARIMAX,20D,5,0.1765260805958252,0.13161764629875758,High
2020-03-20,ARIMAX,20D,5,0.2028108590338443,0.20728024656569152,High
2020-03-23,ARIMAX,20D,5,0.2013872448070904,0.15860235744431356,High
2020-03-24,ARIMAX,20D,5,0.1343753128712639,0.14263480145342003,High
2020-03-25,ARIMAX,20D,5,0.1223667547902461,0.14146383584687539,High
2020-03-26,ARIMAX,20D,5,0.0756450142828389,0.0820453463279006,High
2020-03-27,ARIMAX,20D,5,0.1245197280062011,0.09789470461166423,High
2020-03-30,ARIMAX,20D,5,0.0862969672457426,0.10464819820836053,High
2020-03-31,ARIMAX,20D,5,0.1286759820792315,0.08879562920272106,High
2020-04-01,ARIMAX,20D,5,0.1645672014929636,0.14743816318084724,High
2020-04-02,ARIMAX,20D,5,0.1135343334212274,0.1449121350626446,High
2020-04-03,ARIMAX,20D,5,0.1330280168260212,0.10290668061987486,High
2020-04-06,ARIMAX,20D,5,0.0740597078789705,0.08128351400807471,High
2020-04-07,ARIMAX,20D,5,0.0686601665282903,0.09900090878244809,High
2020-04-08,ARIMAX,20D,5,0.0466097510918963,0.024220788966740642,High
2020-04-09,ARIMAX,20D,5,0.0489570758534234,0.03293387000337872,High
2020-04-13,ARIMAX,20D,5,0.0592462046648912,0.06490825741927023,High
2020-04-14,ARIMAX,20D,5,0.008418279320536,0.036484626394494936,High
2020-04-15,ARIMAX,20D,5,0.0130780153686251,0.026508452065347736,High
2020-04-16,ARIMAX,20D,5,0.0187370953331553,0.015475620651604485,High
2020-04-17,ARIMAX,20D,5,-0.0037851614844422,0.006284905192580579,High
2020-04-20,ARIMAX,20D,5,0.0452728929009789,0.007795287818144609,High
2020-04-21,ARIMAX,20D,5,0.0658882604257102,0.07305243237778657,High
2020-04-22,ARIMAX,20D,5,0.0597309504569891,0.06283115732370988,High
2020-04-23,ARIMAX,20D,5,0.052466549807231,0.05696620810851405,High
2020-04-24,ARIMAX,20D,5,0.0409954049272041,0.048959023150526325,High
2020-04-27,ARIMAX,20D,5,0.0386028217669288,0.015059350602551591,High
2020-04-28,ARIMAX,20D,5,0.0585774394477266,0.04567932474367722,High
2020-04-29,ARIMAX,20D,5,0.030230596077734,0.039183590108167535,High
2020-04-30,ARIMAX,20D,5,0.0442865329490969,0.03243967305302789,High
2020-05-01,ARIMAX,20D,5,0.0764909604422373,0.06874455396629686,High
2020-05-04,ARIMAX,20D,5,0.0804274451457866,0.07002166282704664,High
2020-05-05,ARIMAX,20D,5,0.0849841807605707,0.08633083091866503,High
2020-05-06,ARIMAX,20D,5,0.0886136720760043,0.0884236861861689,High
2020-05-07,ARIMAX,20D,5,0.1030487291427495,0.07920666601425155,High
2020-05-08,ARIMAX,20D,5,0.0982875904833291,0.08093755398116981,High
2020-05-11,ARIMAX,20D,5,0.0903247776968165,0.08770242847577708,High
2020-05-12,ARIMAX,20D,5,0.105710887733682,0.11745170507063737,High
2020-05-13,ARIMAX,20D,5,0.062575191361673,0.11484755551559904,High
2020-05-14,ARIMAX,20D,5,0.0640925601628134,0.04634837359127772,High
2020-05-15,ARIMAX,20D,5,0.0684517457772656,0.06503703076224777,High
2020-05-18,ARIMAX,20D,5,0.0562213898739027,0.04931620212312614,High
2020-05-19,ARIMAX,20D,5,0.0631543413528727,0.0569340805305774,High
2020-05-20,ARIMAX,20D,5,0.047234394143259,0.05049080521973954,High
2020-05-21,ARIMAX,20D,5,0.0493728488875387,0.051624191397853764,High
2020-05-22,ARIMAX,20D,5,0.0534959964973848,0.04685716981428853,High
2020-05-26,ARIMAX,20D,5,0.045579880667408,0.0546359017065291,High
2020-05-27,ARIMAX,20D,5,0.0046661675814313,0.034036652511658244,High
2020-05-28,ARIMAX,20D,5,0.0176761346345691,0.016044828570493257,High
2020-05-29,ARIMAX,20D,5,-0.01164986319257,0.010775859661511115,High
2020-06-01,ARIMAX,20D,5,-0.0008151915574007,-0.01451403084689095,High
2020-06-02,ARIMAX,20D,5,0.0062998505959561,-5.9581979038082766e-05,High
2020-06-03,ARIMAX,20D,5,-0.0022472562407371,0.001026948594272617,High
2020-06-04,ARIMAX,20D,5,0.0056581033196887,-0.001014760800816866,High
2020-06-05,ARIMAX,20D,5,-0.0044589786697838,-0.0045135267243511905,High
2020-06-08,ARIMAX,20D,5,-0.0273061129452333,-0.00529362424811291,High
2020-06-09,ARIMAX,20D,5,-0.0116793832620811,-0.014185115964048733,High
2020-06-10,ARIMAX,20D,5,-0.0120117190030936,-0.002817705498221395,High
2020-06-11,ARIMAX,20D,5,0.0591527837676382,0.032361691127922115,High
2020-06-12,ARIMAX,20D,5,0.0367698519463675,0.07046774893827584,High
2020-06-15,ARIMAX,20D,5,0.0418092917110964,0.01241345749507134,High
2020-06-16,ARIMAX,20D,5,0.0320654957807409,0.045895132632696026,High
2020-06-17,ARIMAX,20D,5,0.0322603767992549,0.030165900158650623,High
2020-06-18,ARIMAX,20D,5,0.0345108959830365,0.021322406525095018,High
2020-06-19,ARIMAX,20D,5,0.0485482068038507,0.047499731696081994,High
2020-06-22,ARIMAX,20D,5,0.0437517428417525,0.03953651122173632,High
2020-06-23,ARIMAX,20D,5,0.0451842042447426,0.0422933741715561,High
2020-06-24,ARIMAX,20D,5,0.058983091428158,0.0641778697835163,High
2020-06-25,ARIMAX,20D,5,0.0418736236756638,0.045408350772823715,High
2020-06-26,ARIMAX,20D,5,0.0737667567719773,0.06000005492230014,High
2020-06-29,ARIMAX,20D,5,0.0526934332397973,0.05980532756892973,High
2020-06-30,ARIMAX,20D,5,0.0497528671557842,0.03931585665523291,High
2020-07-01,ARIMAX,20D,5,0.0409860014164588,0.044422122087580486,High
2020-07-02,ARIMAX,20D,5,0.0440962671818181,0.037957453003255696,High
2020-07-06,ARIMAX,20D,5,0.0354946990140135,0.03345083661921227,High
2020-07-07,ARIMAX,20D,5,0.0499775999097908,0.05006556690762565,High
2020-07-08,ARIMAX,20D,5,0.0485897740818786,0.04415283943231986,High
2020-07-09,ARIMAX,20D,5,0.0606564915787381,0.054034166938976835,High
2020-07-10,ARIMAX,20D,5,0.0508775110742516,0.047941553699203165,High
2020-07-13,ARIMAX,20D,5,0.0630226215637023,0.07041491848272736,High
2020-07-14,ARIMAX,20D,5,0.041704265579421,0.05046589432790148,High
2020-07-15,ARIMAX,20D,5,0.0465627109366796,0.03934090439276849,High
2020-07-16,ARIMAX,20D,5,0.0479253534746383,0.04144434133895601,High
2020-07-17,ARIMAX,20D,5,0.0449088934907757,0.04538493101343991,High
2020-07-20,ARIMAX,20D,5,0.0392432737430587,0.030191914761420982,High
2020-07-21,ARIMAX,20D,5,0.0398663848283156,0.04250689557101845,High
2020-07-22,ARIMAX,20D,5,0.0297216308886598,0.034950012718297174,High
2020-07-23,ARIMAX,20D,5,0.0452716640692526,0.03848417805472445,High
2020-07-24,ARIMAX,20D,5,0.0549165040765014,0.04651054220845892,High
2020-07-27,ARIMAX,20D,5,0.0575421906199225,0.04655726670162863,Normal
2020-07-28,ARIMAX,20D,5,0.0676265257841089,0.06297629462282725,Normal
2020-07-29,ARIMAX,20D,5,0.065418743777208,0.05929789731095554,Normal
2020-07-30,ARIMAX,20D,5,0.0708476915724718,0.0636832474498866,Normal
2020-07-31,ARIMAX,20D,5,0.0699164581798658,0.06821786638963653,Normal
2020-08-03,ARIMAX,20D,5,0.0605637203399985,0.06648230677938878,Normal
2020-08-04,ARIMAX,20D,5,0.0644551287345707,0.05275234237981645,Normal
2020-08-05,ARIMAX,20D,5,0.0732950184429225,0.061380375266855525,Normal
2020-08-06,ARIMAX,20D,5,0.0311302982800724,0.06446788688411964,Normal
2020-08-07,ARIMAX,20D,5,0.0223311882558405,0.03050301881296639,Normal
2020-08-10,ARIMAX,20D,5,-0.008556106104018,0.020544854282804174,Normal
2020-08-11,ARIMAX,20D,5,0.0193897099595396,0.003728873159918874,Normal
2020-08-12,ARIMAX,20D,5,-0.0122510382594692,0.011826142574075443,Normal
2020-08-13,ARIMAX,20D,5,-0.0096688354252253,-0.01238906879084926,Normal
2020-08-14,ARIMAX,20D,5,0.0031643969960766,-0.008835571798534165,Normal
2020-08-17,ARIMAX,20D,5,0.0056640054191528,0.003829440687727132,Normal
2020-08-18,ARIMAX,20D,5,-0.0012663818928157,0.0037974953881841833,Normal
2020-08-19,ARIMAX,20D,5,-0.0053002080761863,0.007357631881567597,Normal
2020-08-20,ARIMAX,20D,5,-0.0196994397923609,-0.008721507093937776,Low
2020-08-21,ARIMAX,20D,5,-0.0347732038026311,-0.018840476480212823,Low
2020-08-24,ARIMAX,20D,5,-0.0343038027691586,-0.03535021921298322,Low
2020-08-25,ARIMAX,20D,5,-0.0619010414290728,-0.03314717268390465,Low
2020-08-26,ARIMAX,20D,5,-0.0690620372192853,-0.06116922934844348,Low
2020-08-27,ARIMAX,20D,5,-0.0548832440269061,-0.05809438877605809,Low
2020-08-28,ARIMAX,20D,5,-0.0456110550226221,-0.05297086447141501,Low
2020-08-31,ARIMAX,20D,5,-0.0482379625515576,-0.03401068034300276,Low
2020-09-01,ARIMAX,20D,5,-0.0475149514038839,-0.04260339101089711,Low
2020-09-02,ARIMAX,20D,5,-0.0574850519834588,-0.047548081812790154,Low
2020-09-03,ARIMAX,20D,5,-0.0313512707076442,-0.01785023008267387,High
2020-09-04,ARIMAX,20D,5,-0.0053718809504681,-0.023002165972419615,High
2020-09-08,ARIMAX,20D,5,0.0087048837484754,-0.00048476726392820274,High
2020-09-09,ARIMAX,20D,5,0.0060072868565365,-0.004103256548719958,High
2020-09-10,ARIMAX,20D,5,0.0317267456768014,0.025230940984329438,High
2020-09-11,ARIMAX,20D,5,0.0399489106994668,0.01790661654662343,High
2020-09-14,ARIMAX,20D,5,0.0435701058327681,0.024794447255684995,High
2020-09-15,ARIMAX,20D,5,0.0320374282731051,0.03862491469203373,High
2020-09-16,ARIMAX,20D,5,0.0300219030811976,0.0381746232847395,High
2020-09-17,ARIMAX,20D,5,0.0369409290955371,0.026697670748465453,High
2020-09-18,ARIMAX,20D,5,0.048321416499996,0.04563879117216264,High
2020-09-21,ARIMAX,20D,5,0.0434953170123512,0.05154412503969261,High
2020-09-22,ARIMAX,20D,5,0.0377484959339762,0.041436448253527464,High
2020-09-23,ARIMAX,20D,5,0.0595577208367801,0.056577070767888434,High
2020-09-24,ARIMAX,20D,5,0.0617800692856423,0.050574094525767326,High
2020-09-25,ARIMAX,20D,5,0.0493694683818433,0.047372700098690115,High
2020-09-28,ARIMAX,20D,5,0.0146228035426671,0.041693704689390265,High
2020-09-29,ARIMAX,20D,5,0.0164168808966656,0.01989992184145606,High
2020-09-30,ARIMAX,20D,5,-0.0277285037802916,0.009305486567969614,High
2020-10-01,ARIMAX,20D,5,-0.0211309284045891,-0.0218262678434295,High
2020-10-02,ARIMAX,20D,5,-0.0237108289834782,-0.015311030789019749,High
2020-10-05,ARIMAX,20D,5,-0.0292809870957875,-0.02645802632959166,High
2020-10-06,ARIMAX,20D,5,0.0024338149758133,-0.012151033045985096,High
2020-10-07,ARIMAX,20D,5,0.0069941768606635,-0.004220964197592762,High
2020-10-08,ARIMAX,20D,5,0.0182892297424955,0.0017331472368837982,High
2020-10-09,ARIMAX,20D,5,0.0092463779763688,0.00963460172913416,High
2020-10-12,ARIMAX,20D,5,0.0045958225643888,0.005559788372339291,High
2020-10-13,ARIMAX,20D,5,0.0095219389726844,0.01224792703034683,High
2020-10-14,ARIMAX,20D,5,0.0237898394197352,0.01685251541620262,High
2020-10-15,ARIMAX,20D,5,0.0152901113868789,0.020656159308423495,High
2020-10-16,ARIMAX,20D,5,0.0286737476365424,0.020850601293950922,High
2020-10-19,ARIMAX,20D,5,0.0567191460743175,0.0451058950354383,High
2020-10-20,ARIMAX,20D,5,0.0471995069696688,0.051228036336661543,High
2020-10-21,ARIMAX,20D,5,0.0377664103337578,0.04425135275822329,High
2020-10-22,ARIMAX,20D,5,0.0364997320209992,0.03213567877013565,High
2020-10-23,ARIMAX,20D,5,0.0262441563276912,0.037085335915236634,High
2020-10-26,ARIMAX,20D,5,0.0506287374948629,0.0430531916804359,High
2020-10-27,ARIMAX,20D,5,0.0696914016593401,0.05852385355354943,High
2020-10-28,ARIMAX,20D,5,0.1040312690124084,0.09810162094959612,High
2020-10-29,ARIMAX,20D,5,0.0945488550983121,0.10035285930969179,High
2020-10-30,ARIMAX,20D,5,0.1021464279066001,0.09687622491538116,High
2015-06-10,ARIMAX,60D,1,-0.0760017568835913,-0.07530674100988924,Low
2015-06-11,ARIMAX,60D,1,-0.0931871823943958,-0.07622834383246896,Low
2015-06-12,ARIMAX,60D,1,-0.0613946705442546,-0.08382184109652743,Low
2015-06-15,ARIMAX,60D,1,-0.0707564166915679,-0.05549991174595369,Low
2015-06-16,ARIMAX,60D,1,-0.071166071762386,-0.07191525023637645,Low
2015-06-17,ARIMAX,60D,1,-0.0686667497124726,-0.0686885590817444,Low
2015-06-18,ARIMAX,60D,1,-0.0826187909895252,-0.07606943004552552,Low
2015-06-19,ARIMAX,60D,1,-0.0645514881201432,-0.07636074844874222,Low
2015-06-22,ARIMAX,60D,1,-0.0619601153863095,-0.07017021975881582,Low
2015-06-23,ARIMAX,60D,1,-0.0651601262540631,-0.06389718372371214,Low
2015-06-24,ARIMAX,60D,1,-0.0740758914901413,-0.056075269188428804,Low
2015-06-25,ARIMAX,60D,1,-0.0665424952998722,-0.06857621892349985,Low
2015-06-26,ARIMAX,60D,1,-0.078547269574328,-0.06635595133939995,Low
2015-06-29,ARIMAX,60D,1,-0.0595110442953105,-0.05312657188717151,Normal
2015-06-30,ARIMAX,60D,1,-0.0655346585190844,-0.0585298180153338,Normal
2015-07-01,ARIMAX,60D,1,-0.072912656754942,-0.07333382154423773,Normal
2015-07-02,ARIMAX,60D,1,-0.0986057977282045,-0.0740035294898548,Normal
2015-07-06,ARIMAX,60D,1,-0.0935044711163255,-0.09301795355884221,Normal
2015-07-07,ARIMAX,60D,1,-0.0806711331066291,-0.10059788811251445,Normal
2015-07-08,ARIMAX,60D,1,-0.0619062295161503,-0.061411071209782335,Normal
2015-07-09,ARIMAX,60D,1,-0.0499520841445647,-0.056010466400764285,Normal
2015-07-10,ARIMAX,60D,1,-0.0440904770110702,-0.06064669500093768,Normal
2015-07-13,ARIMAX,60D,1,-0.0586904348625687,-0.05918145920346509,Normal
2015-07-14,ARIMAX,60D,1,-0.055130188241516,-0.0643732856752159,Normal
2015-07-15,ARIMAX,60D,1,-0.0456151517962204,-0.05469826125566434,Normal
2015-07-16,ARIMAX,60D,1,-0.0528730366801808,-0.05168855929140388,Normal
2015-07-17,ARIMAX,60D,1,-0.0527039438272984,-0.04941042167400019,Normal
2015-07-20,ARIMAX,60D,1,-0.0603237041414271,-0.0515142048242779,Normal
2015-07-21,ARIMAX,60D,1,-0.0607803388106433,-0.05417376434702749,Normal
2015-07-22,ARIMAX,60D,1,-0.0436462224390979,-0.06036033159582924,Normal
2015-07-23,ARIMAX,60D,1,-0.0333939508540215,-0.038393059758500055,Normal
2015-07-24,ARIMAX,60D,1,-0.0223624212134872,-0.024545210429531138,Normal
2015-07-27,ARIMAX,60D,1,-0.0179927672043168,-0.017249925120635064,Normal
2015-07-28,ARIMAX,60D,1,-0.0361452899173403,-0.03017681193661013,Normal
2015-07-29,ARIMAX,60D,1,-0.0269465858321299,-0.042828406794997165,Normal
2015-07-30,ARIMAX,60D,1,-0.0160049987671093,-0.026527223489875983,Normal
2015-07-31,ARIMAX,60D,1,-0.0156458279671577,-0.01582563153885956,Normal
2015-08-03,ARIMAX,60D,1,-0.015442519887341,-0.015401975642769782,Normal
2015-08-04,ARIMAX,60D,1,-0.0014197922322646,-0.010939684841408316,Normal
2015-08-05,ARIMAX,60D,1,-0.004979505798416,-0.0049157337817978645,Low
2015-08-06,ARIMAX,60D,1,-0.0020177915642793,0.003111185755663423,Low
2015-08-07,ARIMAX,60D,1,0.012665107630873,-0.00029028810906139065,Low
2015-08-10,ARIMAX,60D,1,0.0026626249239154,0.0020444934037491536,Low
2015-08-11,ARIMAX,60D,1,0.0087140226644506,0.013637308230725637,Low
2015-08-12,ARIMAX,60D,1,0.0066316292697374,0.007271934605170477,Low
2015-08-13,ARIMAX,60D,1,0.0075599733580951,0.007350173363492606,Low
2015-08-14,ARIMAX,60D,1,-0.0062156495727666,0.002221349075405878,Low
2015-08-17,ARIMAX,60D,1,-0.0099040861287198,-0.007567967978071558,Low
2015-08-18,ARIMAX,60D,1,-0.0105084105146556,-0.006450834224357314,Low
2015-08-19,ARIMAX,60D,1,-0.0163084374416912,-0.0014456343992076217,Low
2015-08-20,ARIMAX,60D,1,-0.0062531174197004,0.0037865623400374186,Normal
2015-08-21,ARIMAX,60D,1,0.0409094278964122,0.030405507147647344,High
2015-08-24,ARIMAX,60D,1,0.0797805952246848,0.09583185720879663,High
2015-08-25,ARIMAX,60D,1,0.1094280748445129,0.09954363497300497,High
2015-08-26,ARIMAX,60D,1,0.0700130350810018,0.05577259291375937,High
2015-08-27,ARIMAX,60D,1,0.0498087358714612,0.04390089499831745,High
2015-08-28,ARIMAX,60D,1,0.047964560872901,0.04250662499531617,High
2015-08-31,ARIMAX,60D,1,0.0576128894818458,0.05172918151593512,High
2015-09-01,ARIMAX,60D,1,0.0875063987093067,0.0841960210624837,High
2015-09-02,ARIMAX,60D,1,0.0699721688455729,0.06649756416060854,High
2015-09-03,ARIMAX,60D,1,0.0641562530065355,0.0647675285418785,High
2015-09-04,ARIMAX,60D,1,0.090228500707551,0.07611555964742822,High
2015-09-08,ARIMAX,60D,1,0.0543982708710637,0.06950494991410702,High
2015-09-09,ARIMAX,60D,1,0.0539154801959983,0.06269528046307847,High
2015-09-10,ARIMAX,60D,1,0.0689692611149139,0.04578876146186185,High
2015-09-11,ARIMAX,60D,1,0.0574782107095299,0.061164997524757514,High
2015-09-14,ARIMAX,60D,1,0.055065199306979,0.059355289581077546,High
2015-09-15,ARIMAX,60D,1,0.0345464253098539,0.04841783767714436,High
2015-09-16,ARIMAX,60D,1,0.0281275411730727,0.02420552135966399,High
2015-09-17,ARIMAX,60D,1,0.0110780178598174,0.030280618039515438,High
2015-09-18,ARIMAX,60D,1,0.0321185368782691,0.020038259760253866,High
2015-09-21,ARIMAX,60D,1,0.0381257249505107,0.017209018494945653,High
2015-09-22,ARIMAX,60D,1,0.0649312906206604,0.04254007298747992,High
2015-09-23,ARIMAX,60D,1,0.0518272582143779,0.06551161201150904,High
2015-09-24,ARIMAX,60D,1,0.0372384150785774,0.06010506862968395,High
2015-09-25,ARIMAX,60D,1,0.0454526236069543,0.04280045030327271,High
2015-09-28,ARIMAX,60D,1,0.0802319303613323,0.06964925339041185,High
2015-09-29,ARIMAX,60D,1,0.0913414329759045,0.0734536454322563,High
2015-09-30,ARIMAX,60D,1,0.0708456189684761,0.06897115345329258,High
2015-10-01,ARIMAX,60D,1,0.0666927438338328,0.06936628356036513,High
2015-10-02,ARIMAX,60D,1,0.0630526149904501,0.05044357542965733,High
2015-10-05,ARIMAX,60D,1,0.0376846226881696,0.0435240011441851,High
2015-10-06,ARIMAX,60D,1,0.0318228269908449,0.04633195644026348,High
2015-10-07,ARIMAX,60D,1,0.0083972653354861,0.023448927763303398,High
2015-10-08,ARIMAX,60D,1,0.0016276893302875,0.001649355244068367,High
2015-10-09,ARIMAX,60D,1,-0.0122993222328538,0.004145680189520352,High
2015-10-12,ARIMAX,60D,1,-0.0375598032295314,-0.0134092902560628,High
2015-10-13,ARIMAX,60D,1,-0.0416085169852523,-0.03008700945785333,High
2015-10-14,ARIMAX,60D,1,-0.0360281777774905,-0.03345344415959109,High
2015-10-15,ARIMAX,60D,1,-0.0429992150110709,-0.04834454393077409,High
2015-10-16,ARIMAX,60D,1,-0.0728416514626769,-0.04838877296221014,High
2015-10-19,ARIMAX,60D,1,-0.0565540994721662,-0.0720656705229463,High
2015-10-20,ARIMAX,60D,1,-0.0769677711144347,-0.05542819580689688,Normal
2015-10-21,ARIMAX,60D,1,-0.0705936420158716,-0.06914338744237025,Normal
2015-10-22,ARIMAX,60D,1,-0.0988472550543641,-0.08288086240659147,High
2015-10-23,ARIMAX,60D,1,-0.1046352203874588,-0.10261989674412969,High
2015-10-26,ARIMAX,60D,1,-0.0826395605041452,-0.10004394056263521,Normal
2015-10-27,ARIMAX,60D,1,-0.0958437198118788,-0.07842294729398015,Normal
2015-10-28,ARIMAX,60D,1,-0.0935689704696545,-0.10170352737810237,Normal
2015-10-29,ARIMAX,60D,1,-0.1040420173895221,-0.08734134871836086,Normal
2015-10-30,ARIMAX,60D,1,-0.0937071849835053,-0.09350671978898156,Normal
2015-11-02,ARIMAX,60D,1,-0.0810524103277635,-0.09930085970098573,Normal
2015-11-03,ARIMAX,60D,1,-0.0842200980983728,-0.07949456118373541,Normal
2015-11-04,ARIMAX,60D,1,-0.099589399876957,-0.07352238501145911,Normal
2015-11-05,ARIMAX,60D,1,-0.0934769900988847,-0.09629480418274708,Normal
2015-11-06,ARIMAX,60D,1,-0.0916037400263375,-0.0947621720140441,Normal
2015-11-09,ARIMAX,60D,1,-0.1003866076461869,-0.07901782062280266,Normal
2015-11-10,ARIMAX,60D,1,-0.1161511207226939,-0.1017811723700379,Normal
2015-11-11,ARIMAX,60D,1,-0.1135816540478851,-0.11310396562535366,Normal
2015-11-12,ARIMAX,60D,1,-0.0996814588420133,-0.09535247266510538,Normal
2015-11-13,ARIMAX,60D,1,-0.1007882657391141,-0.08652958694665117,Normal
2015-11-16,ARIMAX,60D,1,-0.0962515533263025,-0.11355765530740114,Normal
2015-11-17,ARIMAX,60D,1,-0.0785295385663709,-0.09026649381971065,Normal
2015-11-18,ARIMAX,60D,1,-0.0782166578179019,-0.09073356663740474,Normal
2015-11-19,ARIMAX,60D,1,-0.0817695496128573,-0.07369760698182867,Normal
2015-11-20,ARIMAX,60D,1,-0.0855985381748085,-0.08473933117405653,Normal
2015-11-23,ARIMAX,60D,1,-0.0700121832340483,-0.08303231897267037,Normal
2015-11-24,ARIMAX,60D,1,-0.0837660107497975,-0.06949776465149482,Normal
2015-11-25,ARIMAX,60D,1,-0.0792069101001984,-0.07820101383064425,Normal
2015-11-27,ARIMAX,60D,1,-0.0685159849292285,-0.07984333182897929,Normal
2015-11-30,ARIMAX,60D,1,-0.0657360501191747,-0.06210982393136377,Normal
2015-12-01,ARIMAX,60D,1,-0.0845141201574857,-0.07124190974694569,Normal
2015-12-02,ARIMAX,60D,1,-0.0498691421164181,-0.07215087683906522,Normal
2015-12-03,ARIMAX,60D,1,-0.0313053658111662,-0.036011385521196204,Normal
2015-12-04,ARIMAX,60D,1,-0.0481305878547005,-0.051394628291411934,Normal
2015-12-07,ARIMAX,60D,1,-0.0378161040283609,-0.041631026822129005,Normal
2015-12-08,ARIMAX,60D,1,-0.0304204286019025,-0.030367742953070594,Normal
2015-12-09,ARIMAX,60D,1,-0.033955098292216,-0.019743243874013616,Normal
2015-12-10,ARIMAX,60D,1,-0.0311642820879965,-0.03641322150731544,Normal
2015-12-11,ARIMAX,60D,1,-0.0113946215350586,-0.007732875268572484,High
2015-12-14,ARIMAX,60D,1,0.0001236359897248,-0.014497051701904864,Normal
2015-12-15,ARIMAX,60D,1,-0.0117007127328014,-0.009109039673156467,Normal
2015-12-16,ARIMAX,60D,1,-0.0279499793178908,-0.02740564159980883,High
2015-12-17,ARIMAX,60D,1,-0.0072104748002345,-0.013769831954176963,Normal
2015-12-18,ARIMAX,60D,1,0.0173206032754685,0.0016381784482242603,High
2015-12-21,ARIMAX,60D,1,0.0139682637993383,0.007756626326595763,High
2015-12-22,ARIMAX,60D,1,0.0061752601120617,0.0038488456826124093,High
2015-12-23,ARIMAX,60D,1,-0.0070441093122642,-0.003025165549904249,High
2015-12-24,ARIMAX,60D,1,-0.011850703439068,-0.006212670058180428,High
2015-12-28,ARIMAX,60D,1,-0.0100479087621388,-0.011303079098798257,High
2015-12-29,ARIMAX,60D,1,-0.0200764660470894,-0.014777329870791889,High
2015-12-30,ARIMAX,60D,1,-0.0040550552090735,-0.008573654378382525,High
2015-12-31,ARIMAX,60D,1,0.0097423098259603,0.003960224519534681,High
2016-01-04,ARIMAX,60D,1,0.0231225092641454,0.02111831312460355,High
2016-01-05,ARIMAX,60D,1,0.0274232641913855,0.022603389735363997,High
2016-01-06,ARIMAX,60D,1,0.0374119471481569,0.03597616093201749,High
2016-01-07,ARIMAX,60D,1,0.0512014652557071,0.05686659020470075,High
2016-01-08,ARIMAX,60D,1,0.0725518006335682,0.06138074428616272,High
2016-01-11,ARIMAX,60D,1,0.0596508183677408,0.06609542500582992,High
2016-01-12,ARIMAX,60D,1,0.0546610068545824,0.04256816774899983,High
2016-01-13,ARIMAX,60D,1,0.0771998360428875,0.0745011905007869,High
2016-01-14,ARIMAX,60D,1,0.0702575289898937,0.05735184118726937,High
2016-01-15,ARIMAX,60D,1,0.1020833714566139,0.09310007254640885,High
2016-01-19,ARIMAX,60D,1,0.1017246036993174,0.09774427235660921,High
2016-01-20,ARIMAX,60D,1,0.1125026001490699,0.10614724736975477,High
2016-01-21,ARIMAX,60D,1,0.1138403371269197,0.10386340789445231,High
2016-01-22,ARIMAX,60D,1,0.0968393481475727,0.09593991979173255,High
2016-01-25,ARIMAX,60D,1,0.1133621483696285,0.10446506876235387,High
2016-01-26,ARIMAX,60D,1,0.0941093476819688,0.09749021413144336,High
2016-01-27,ARIMAX,60D,1,0.1050801285620379,0.1012163039840663,High
2016-01-28,ARIMAX,60D,1,0.0977530882236836,0.09848862422914317,High
2016-01-29,ARIMAX,60D,1,0.075165437403364,0.07765946425075732,High
2016-02-01,ARIMAX,60D,1,0.0772567663606524,0.0735295129627215,High
2016-02-02,ARIMAX,60D,1,0.0869040990173222,0.09151968999571397,High
2016-02-03,ARIMAX,60D,1,0.0768485297651908,0.07949657457022141,High
2016-02-04,ARIMAX,60D,1,0.0831025681699116,0.07331789047283692,High
2016-02-05,ARIMAX,60D,1,0.0930422270578675,0.09861596208630084,High
2016-02-08,ARIMAX,60D,1,0.1013427022754523,0.09956209920348104,High
2016-02-09,ARIMAX,60D,1,0.1017675062294184,0.09940762115592468,High
2016-02-10,ARIMAX,60D,1,0.1051260849137318,0.10539471525750355,High
2016-02-11,ARIMAX,60D,1,0.1182567455505979,0.10971575450586121,High
2016-02-12,ARIMAX,60D,1,0.1113330955795893,0.10035033924328293,High
2016-02-16,ARIMAX,60D,1,0.0853438349600355,0.09295577808226521,High
2016-02-17,ARIMAX,60D,1,0.06882824506643,0.07253810973469083,High
2016-02-18,ARIMAX,60D,1,0.064990443028612,0.06925148418827078,High
2016-02-19,ARIMAX,60D,1,0.0747654527000267,0.05741470685773093,High
2016-02-22,ARIMAX,60D,1,0.0509588580487877,0.06697750191848537,High
2016-02-23,ARIMAX,60D,1,0.0636965933059777,0.062106814596639165,High
2016-02-24,ARIMAX,60D,1,0.0555530387486249,0.06295004355363767,High
2016-02-25,ARIMAX,60D,1,0.0502701312409788,0.04360838099076464,High
2016-02-26,ARIMAX,60D,1,0.0500543600024416,0.05342778004712163,High
2016-02-29,ARIMAX,60D,1,0.0717971286280036,0.06255809292520378,High
2016-03-01,ARIMAX,60D,1,0.0551592728779684,0.04756760687982769,High
2016-03-02,ARIMAX,60D,1,0.0508628569669381,0.0490960587612484,High
2016-03-03,ARIMAX,60D,1,0.0516479175860607,0.049287411081024794,High
2016-03-04,ARIMAX,60D,1,0.0473417090995288,0.0494434383335764,High
2016-03-07,ARIMAX,60D,1,0.0475914849525912,0.043496052157831616,High
2016-03-08,ARIMAX,60D,1,0.0617159371755837,0.05900438701423398,High
2016-03-09,ARIMAX,60D,1,0.0537602021560745,0.05652684193518503,High
2016-03-10,ARIMAX,60D,1,0.0584897378783156,0.05442108356695879,High
2016-03-11,ARIMAX,60D,1,0.0435158079186617,0.04191080328735372,Normal
2016-03-14,ARIMAX,60D,1,0.0480816785072284,0.04807242387539604,Normal
2016-03-15,ARIMAX,60D,1,0.0482010738436525,0.04913166121645099,Normal
2016-03-16,ARIMAX,60D,1,0.0333988135517065,0.04340005887770573,Normal
2016-03-17,ARIMAX,60D,1,0.0186769316934008,0.02463084228651128,Normal
2016-03-18,ARIMAX,60D,1,0.0124804593704028,0.017323705940580164,Normal
2016-03-21,ARIMAX,60D,1,0.0096529584023002,0.013386530974488102,Normal
2016-03-22,ARIMAX,60D,1,0.0136588244101182,0.008257619377677394,Normal
2016-03-23,ARIMAX,60D,1,0.0168020497961763,0.020877585023088945,Normal
2016-03-24,ARIMAX,60D,1,0.0229715743539761,0.017360158375918297,Normal
2016-03-28,ARIMAX,60D,1,0.0251348580701135,0.02377105116465666,Normal
2016-03-29,ARIMAX,60D,1,0.0147039170193004,0.016115783474566946,Normal
2016-03-30,ARIMAX,60D,1,0.0236386040976892,0.015740730634953095,Low
2016-03-31,ARIMAX,60D,1,-0.0109003463482725,0.025139165500140396,Low
2016-04-01,ARIMAX,60D,1,-0.0354735519265749,-0.016714111226311563,Low
2016-04-04,ARIMAX,60D,1,-0.0146459502766325,-0.030116887328489064,Low
2016-04-05,ARIMAX,60D,1,0.0124395911064158,-0.0035111362323548938,Low
2016-04-06,ARIMAX,60D,1,0.0154606563238687,0.0016230119175101067,Low
2016-04-07,ARIMAX,60D,1,0.0294554365869058,0.027915951315741462,Normal
2016-04-08,ARIMAX,60D,1,0.0198017049966907,0.02717335159617986,Normal
2016-04-11,ARIMAX,60D,1,0.0278839379445707,0.02439445587561871,Low
2016-04-12,ARIMAX,60D,1,0.0173962261764476,0.017409452573258943,Low
2016-04-13,ARIMAX,60D,1,0.022544342973882,0.010189450920417868,Low
2016-04-14,ARIMAX,60D,1,0.0257742498557478,0.021686989927845225,Low
2016-04-15,ARIMAX,60D,1,0.0337438617392394,0.02661692455836935,Low
2016-04-18,ARIMAX,60D,1,0.0273588948004232,0.027661304902080214,Low
2016-04-19,ARIMAX,60D,1,0.0295245796992537,0.027918699027770673,Low
2016-04-20,ARIMAX,60D,1,0.0278339455901481,0.030314662463297944,Low
2016-04-21,ARIMAX,60D,1,0.0354209702693087,0.031026531996813378,Low
2016-04-22,ARIMAX,60D,1,0.0339369071893524,0.03236089079599505,Low
2016-04-25,ARIMAX,60D,1,0.0400118051258796,0.03475712652936966,Low
2016-04-26,ARIMAX,60D,1,0.0345217350951175,0.041275473639254025,Low
2016-04-27,ARIMAX,60D,1,0.0374173677728813,0.033278142550442695,Low
2016-04-28,ARIMAX,60D,1,0.0436749850945131,0.04403162185679064,Low
2016-04-29,ARIMAX,60D,1,0.0490736664857897,0.04730527778159181,Low
2016-05-02,ARIMAX,60D,1,0.0400947988417371,0.04018622899253992,Low
2016-05-03,ARIMAX,60D,1,0.0504142186782251,0.04540412777752981,Low
2016-05-04,ARIMAX,60D,1,0.0579987815013557,0.05482925864929373,Low
2016-05-05,ARIMAX,60D,1,0.0569672240466586,0.05363641266235271,Low
2016-05-06,ARIMAX,60D,1,0.0474156726804386,0.05018564246876483,Low
2016-05-09,ARIMAX,60D,1,0.0497915020888998,0.045192336806983174,Low
2016-05-10,ARIMAX,60D,1,0.0375976861523515,0.039759537037000484,Low
2016-05-11,ARIMAX,60D,1,0.0557719063196005,0.04757665924874778,Low
2016-05-12,ARIMAX,60D,1,0.0550338082960231,0.05360341254381925,Low
2016-05-13,ARIMAX,60D,1,0.0639379604443315,0.05960857711064407,Low
2016-05-16,ARIMAX,60D,1,0.0513201869912305,0.05466376910504228,Low
2016-05-17,ARIMAX,60D,1,0.0654994656458371,0.06304626575098186,Low
2016-05-18,ARIMAX,60D,1,0.0644979445725215,0.06166892961887973,Low
2016-05-19,ARIMAX,60D,1,0.0710005553897639,0.06624875026205157,Low
2016-05-20,ARIMAX,60D,1,0.0595049539504812,0.0627005176160901,Low
2016-05-23,ARIMAX,60D,1,0.0634594365247384,0.06107002497247009,Low
2016-05-24,ARIMAX,60D,1,0.0520680006871307,0.051110834366571364,Normal
2016-05-25,ARIMAX,60D,1,0.0436761614667791,0.046941925509340565,Normal
2016-05-26,ARIMAX,60D,1,0.0433231456333847,0.040998642945703184,Normal
2016-05-27,ARIMAX,60D,1,0.0409953178723068,0.03754111684566385,Normal
2016-05-31,ARIMAX,60D,1,0.0367470312332248,0.044846144824137894,Normal
2016-06-01,ARIMAX,60D,1,0.0342464721826533,0.0368052127923636,Low
2016-06-02,ARIMAX,60D,1,0.0298457117769537,0.031172043816182368,Low
2016-06-03,ARIMAX,60D,1,0.0379762024423229,0.030631824680373277,Low
2016-06-06,ARIMAX,60D,1,0.0311352825158365,0.033901110284526456,Low
2016-06-07,ARIMAX,60D,1,0.0274679757810764,0.031971110657414245,Low
2016-06-08,ARIMAX,60D,1,0.0241224884197101,0.027933891907044546,Low
2016-06-09,ARIMAX,60D,1,0.0300339656166386,0.0253883204223665,Low
2016-06-10,ARIMAX,60D,1,0.04222874039681,0.03964440916694449,Low
2016-06-13,ARIMAX,60D,1,0.0502306432482259,0.055066412290066216,Low
2016-06-14,ARIMAX,60D,1,0.0498056601277276,0.05746655286295131,Low
2016-06-15,ARIMAX,60D,1,0.0268203267807013,0.04812445546089287,Low
2016-06-16,ARIMAX,60D,1,0.0382626209030902,0.020238339733075834,Low
2016-06-17,ARIMAX,60D,1,0.0265841567694881,0.03855033349036544,Low
2016-06-20,ARIMAX,60D,1,0.0202049245912523,0.0203064570334116,Low
2016-06-21,ARIMAX,60D,1,0.0275550504364826,0.01670827427351137,Low
2016-06-22,ARIMAX,60D,1,0.0254285516374863,0.036583780502574506,Low
2016-06-23,ARIMAX,60D,1,0.0121343813317065,0.01731632064592931,Low
2016-06-24,ARIMAX,60D,1,0.0490142676215232,0.0439238070261719,Normal
2016-06-27,ARIMAX,60D,1,0.0781345144668618,0.06381390761535094,Normal
2016-06-28,ARIMAX,60D,1,0.066999144780416,0.04740379770630689,High
2016-06-29,ARIMAX,60D,1,0.0443566088494433,0.04614697832143279,High
2016-06-30,ARIMAX,60D,1,0.0222578955820611,0.035621244657445796,High
2016-07-01,ARIMAX,60D,1,0.0267346844543272,0.015352472629523509,High
2016-07-05,ARIMAX,60D,1,0.0388882900435684,0.02792022668099431,High
2016-07-06,ARIMAX,60D,1,0.0241844752552112,0.0361119104257091,High
2016-07-07,ARIMAX,60D,1,0.0329928257299719,0.0278671436237,High
2016-07-08,ARIMAX,60D,2,0.0145886159824522,0.021468584260062977,High
2016-07-11,ARIMAX,60D,2,0.0062179148840921,0.012148773867399723,High
2016-07-12,ARIMAX,60D,2,0.0035205588079433,0.001133636192056496,High
2016-07-13,ARIMAX,60D,2,0.0038672439855662,0.005102938127013797,High
2016-07-14,ARIMAX,60D,2,-0.0046369662577448,-0.0012803873009648373,High
2016-07-15,ARIMAX,60D,2,0.0008877431194504,-0.001246526512344158,High
2016-07-18,ARIMAX,60D,2,-0.014016296400174,-0.002557237588107591,High
2016-07-19,ARIMAX,60D,2,-0.0114341596933597,-0.012745562624357533,High
2016-07-20,ARIMAX,60D,2,-0.0187994444213578,-0.014853373647451599,High
2016-07-21,ARIMAX,60D,2,-0.0149787904057116,-0.013140511303777495,High
2016-07-22,ARIMAX,60D,2,-0.0225650353070622,-0.016890726542779316,High
2016-07-25,ARIMAX,60D,2,-0.0134075109614338,-0.022601175721282677,Normal
2016-07-26,ARIMAX,60D,2,-0.0115406709668027,-0.014559290306336802,Normal
2016-07-27,ARIMAX,60D,2,-0.0117180811513749,-0.007213821808355466,Low
2016-07-28,ARIMAX,60D,2,-0.013407146739622,-0.012058499302222553,Low
2016-07-29,ARIMAX,60D,2,-0.0102985322098524,-0.013065850084684838,Low
2016-08-01,ARIMAX,60D,2,-0.0128328955270677,-0.009485277928151115,Low
2016-08-02,ARIMAX,60D,2,-0.0081928826355873,-0.00684767106448511,Low
2016-08-03,ARIMAX,60D,2,-0.0143131212576673,-0.011519460659576498,Low
2016-08-04,ARIMAX,60D,2,-0.0176388106967816,-0.015064171478952898,Low
2016-08-05,ARIMAX,60D,2,-0.0263277918703602,-0.022417599763390673,Low
2016-08-08,ARIMAX,60D,2,-0.0322302336875536,-0.02455846436388343,Low
2016-08-09,ARIMAX,60D,2,-0.0391668361275638,-0.03170800285287288,Low
2016-08-10,ARIMAX,60D,2,-0.0407312520866849,-0.03515352153893291,Low
2016-08-11,ARIMAX,60D,2,-0.0471221874608214,-0.04348446315057881,Low
2016-08-12,ARIMAX,60D,2,-0.0243456243444424,-0.0449668177104994,Low
2016-08-15,ARIMAX,60D,2,-0.0233697622418066,-0.024707717912178115,Low
2016-08-16,ARIMAX,60D,2,-0.0068595001456724,-0.017447227209993255,Low
2016-08-17,ARIMAX,60D,2,-0.0067775004357326,-0.008212081939207723,Low
2016-08-18,ARIMAX,60D,2,-0.0103736304799127,-0.010059952640787028,Low
2016-08-19,ARIMAX,60D,2,-0.0090478303683277,-0.010047252891947207,Low
2016-08-22,ARIMAX,60D,2,-0.0010313934629152,-0.007608323951817682,Low
2016-08-23,ARIMAX,60D,2,-0.0045647771636528,-1.4589234018600253e-05,Low
2016-08-24,ARIMAX,60D,2,0.0053547474572168,0.0008703084357285003,Low
2016-08-25,ARIMAX,60D,2,0.0043312564883138,0.006885695888545162,Low
2016-08-26,ARIMAX,60D,2,0.0133450227979009,0.00655695755063982,Low
2016-08-29,ARIMAX,60D,2,0.0102936854728195,0.006683389637256601,Low
2016-08-30,ARIMAX,60D,2,0.0130569750368511,0.011260761452019766,Low
2016-08-31,ARIMAX,60D,2,0.0193424117558375,0.013937229238830715,Low
2016-09-01,ARIMAX,60D,2,0.0141154078905138,0.019305651415791523,Low
2016-09-02,ARIMAX,60D,2,0.0112575686447411,0.01028839784201033,Low
2016-09-06,ARIMAX,60D,2,0.0056233957195792,0.007038570765880256,Low
2016-09-07,ARIMAX,60D,2,0.002248068691109,0.005657794777028376,Low
2016-09-08,ARIMAX,60D,2,0.004870484603664,0.0031462577618419415,Low
2016-09-09,ARIMAX,60D,2,0.035502653941244,0.030192809515113155,Low
2016-09-12,ARIMAX,60D,2,0.0243373511766841,0.022571504973287707,Normal
2016-09-13,ARIMAX,60D,2,0.0523564581996184,0.039559245701431364,Normal
2016-09-14,ARIMAX,60D,2,0.0551013226163023,0.053344369750887605,Normal
2016-09-15,ARIMAX,60D,2,0.0509642246998321,0.04453817201103176,Normal
2016-09-16,ARIMAX,60D,2,0.0536055702048048,0.04754656747962872,Normal
2016-09-19,ARIMAX,60D,2,0.0601426566398665,0.052432703442067366,Normal
2016-09-20,ARIMAX,60D,2,0.0516932676937737,0.05807342885552849,Normal
2016-09-21,ARIMAX,60D,2,0.0447109750476914,0.03953712125393871,Normal
2016-09-22,ARIMAX,60D,2,0.0364800663790691,0.03618281394645683,Normal
2016-09-23,ARIMAX,60D,2,0.0442065320539991,0.03693539829302149,Normal
2016-09-26,ARIMAX,60D,2,0.0564622945730681,0.050933563322985244,Normal
2016-09-27,ARIMAX,60D,2,0.0475784136830922,0.05151410254174041,Normal
2016-09-28,ARIMAX,60D,2,0.0404311258570532,0.042510782643472925,Normal
2016-09-29,ARIMAX,60D,2,0.0510471861222136,0.0493152924389255,Normal
2016-09-30,ARIMAX,60D,2,0.0453566424387347,0.043153001603191105,Normal
2016-10-03,ARIMAX,60D,2,0.0402310249104903,0.04616235506189857,Normal
2016-10-04,ARIMAX,60D,2,0.0449055589649839,0.04467685295007641,Normal
2016-10-05,ARIMAX,60D,2,0.0359702380369326,0.03870984594063893,Normal
2016-10-06,ARIMAX,60D,2,0.0439395609374851,0.032205474669761834,Normal
2016-10-07,ARIMAX,60D,2,0.0529043121496487,0.045705547824041064,Normal
2016-10-10,ARIMAX,60D,2,0.0475380142298433,0.05071560265076042,Normal
2016-10-11,ARIMAX,60D,2,0.0635733811081783,0.056501251643696564,Low
2016-10-12,ARIMAX,60D,2,0.0588725434302196,0.0622927728531944,Low
2016-10-13,ARIMAX,60D,2,0.0619766198424537,0.06293952416095587,Low
2016-10-14,ARIMAX,60D,2,0.0646006780724345,0.06201380930673082,Low
2016-10-17,ARIMAX,60D,2,0.0654961837905452,0.06364248019718699,Low
2016-10-18,ARIMAX,60D,2,0.0612028095799932,0.057918136297020854,Low
2016-10-19,ARIMAX,60D,2,0.0560413229684243,0.05738019679049553,Low
2016-10-20,ARIMAX,60D,2,0.0591801945696146,0.05373989114979108,Low
2016-10-21,ARIMAX,60D,2,0.05564850208545,0.054509833512841326,Low
2016-10-24,ARIMAX,60D,2,0.0542704914993225,0.04968357313740278,Low
2016-10-25,ARIMAX,60D,2,0.0553816993179592,0.05787478908739399,Low
2016-10-26,ARIMAX,60D,2,0.0636667677681089,0.056546787629134565,Low
2016-10-27,ARIMAX,60D,2,0.0746520164700863,0.06811945564376745,Low
2016-10-28,ARIMAX,60D,2,0.0770295016744483,0.07862393610583875,Low
2016-10-31,ARIMAX,60D,2,0.0762849460689052,0.07829756411745584,Low
2016-11-01,ARIMAX,60D,2,0.0770672916815436,0.08340603846835466,Low
2016-11-02,ARIMAX,60D,2,0.0827238745269653,0.08115739386912602,Low
2016-11-03,ARIMAX,60D,2,0.087455406537691,0.088640592626816,Low
2016-11-04,ARIMAX,60D,2,0.0896930736480749,0.09058400268171066,Low
2016-11-07,ARIMAX,60D,2,0.0749513707731635,0.07167782022992625,Normal
2016-11-08,ARIMAX,60D,2,0.069068894862297,0.06531862226370447,Low
2016-11-09,ARIMAX,60D,2,0.0582795784464868,0.05295401570622453,Low
2016-11-10,ARIMAX,60D,2,0.0570238148790011,0.05193532504168705,Low
2016-11-11,ARIMAX,60D,2,0.0641588069627588,0.05483091584562039,Low
2016-11-14,ARIMAX,60D,2,0.0678340232419513,0.06530675902271918,Low
2016-11-15,ARIMAX,60D,2,0.0656132018038731,0.06170431788225887,Low
2016-11-16,ARIMAX,60D,2,0.0711960455219217,0.0667076205196639,Low
2016-11-17,ARIMAX,60D,2,0.0715104648264584,0.06681717664318422,Low
2016-11-18,ARIMAX,60D,2,0.0730356245904566,0.07102156406469518,Low
2016-11-21,ARIMAX,60D,2,0.0672790718468201,0.06498959141276385,Normal
2016-11-22,ARIMAX,60D,2,0.071145830763296,0.06635821145257986,Normal
2016-11-23,ARIMAX,60D,2,0.0692553464595832,0.06788257280333147,Low
2016-11-25,ARIMAX,60D,2,0.0657674998174185,0.06622516330034743,Low
2016-11-28,ARIMAX,60D,2,0.0725281393041854,0.06879876249510578,Normal
2016-11-29,ARIMAX,60D,2,0.0722112022186572,0.07048541077008619,Low
2016-11-30,ARIMAX,60D,2,0.0722864266586187,0.07273085217009614,Low
2016-12-01,ARIMAX,60D,2,0.0893893607091078,0.07359780727867805,Low
2016-12-02,ARIMAX,60D,2,0.0831153160169178,0.0871294113078792,Low
2016-12-05,ARIMAX,60D,2,0.0778146394587091,0.07435390138735506,Low
2016-12-06,ARIMAX,60D,2,0.0711269322262688,0.07407702535313031,Low
2016-12-07,ARIMAX,60D,2,0.0551319475794554,0.061522923204317105,Low
2016-12-08,ARIMAX,60D,2,0.0506881045985206,0.05986958777730475,Low
2016-12-09,ARIMAX,60D,2,0.0455662616783172,0.04590932937851151,Low
2016-12-12,ARIMAX,60D,2,0.0499676836747751,0.04703915097724046,Low
2016-12-13,ARIMAX,60D,2,0.0438157660927078,0.04736508595084035,Low
2016-12-14,ARIMAX,60D,2,0.0485813125736756,0.05299971915485706,Low
2016-12-15,ARIMAX,60D,2,0.0530454840108083,0.04206371255365048,Low
2016-12-16,ARIMAX,60D,2,0.0531696059626048,0.054680641810608555,Low
2016-12-19,ARIMAX,60D,2,0.0498812539831622,0.0463837662835368,Low
2016-12-20,ARIMAX,60D,2,0.0442384255016291,0.04772209796306223,Low
2016-12-21,ARIMAX,60D,2,0.0342132166362046,0.04357814883345308,Low
2016-12-22,ARIMAX,60D,2,0.0379660307060637,0.03346120096174235,Low
2016-12-23,ARIMAX,60D,2,0.0356542660261545,0.03622612084120207,Low
2016-12-27,ARIMAX,60D,2,0.0325640649076675,0.03479811677465115,Low
2016-12-28,ARIMAX,60D,2,0.0399355980315933,0.04177754177055882,Low
2016-12-29,ARIMAX,60D,2,0.0474542545930855,0.03715923690834719,Low
2016-12-30,ARIMAX,60D,2,0.05318682549377,0.05164831555164176,Low
2017-01-03,ARIMAX,60D,2,0.047666869652318,0.04551002892773023,Low
2017-01-04,ARIMAX,60D,2,0.0397033119435019,0.0409139727991566,Low
2017-01-05,ARIMAX,60D,2,0.0388308042379696,0.03715178429330603,Low
2017-01-06,ARIMAX,60D,2,0.035879381132052,0.037140145981055514,Low
2017-01-09,ARIMAX,60D,2,0.0363747497920893,0.0366837579491696,Low
2017-01-10,ARIMAX,60D,2,0.0383024000858243,0.03720555838843862,Low
2017-01-11,ARIMAX,60D,2,0.0346492852337775,0.035119412987054455,Low
2017-01-12,ARIMAX,60D,2,0.0374838477632903,0.03662047033382951,Low
2017-01-13,ARIMAX,60D,2,0.0342008080761853,0.03457035696452071,Low
2017-01-17,ARIMAX,60D,2,0.0334056851134167,0.035336037685552796,Low
2017-01-18,ARIMAX,60D,2,0.0248054643538033,0.03342539845438514,Low
2017-01-19,ARIMAX,60D,2,0.0369977676692296,0.029518586126826993,Low
2017-01-20,ARIMAX,60D,2,0.0307295807620965,0.03198089457967714,Low
2017-01-23,ARIMAX,60D,2,0.0317055050112978,0.029165305037896834,Low
2017-01-24,ARIMAX,60D,2,0.0326912148453094,0.024796040955880345,Low
2017-01-25,ARIMAX,60D,2,0.0216574739422251,0.028209894345467175,Low
2017-01-26,ARIMAX,60D,2,0.0331748654656,0.021741187956651694,Low
2017-01-27,ARIMAX,60D,2,0.0401139191670928,0.0319348075219509,Low
2017-01-30,ARIMAX,60D,2,0.0456557711875022,0.04313438954367446,Low
2017-01-31,ARIMAX,60D,2,0.0470988397958337,0.04575619325107445,Low
2017-02-01,ARIMAX,60D,2,0.0448855413362274,0.05018074711768339,Low
2017-02-02,ARIMAX,60D,2,0.0460461863244302,0.042225797494282125,Low
2017-02-03,ARIMAX,60D,2,0.039996033055688,0.04002366597969853,Low
2017-02-06,ARIMAX,60D,2,0.0408414611735698,0.03975544068982181,Low
2017-02-07,ARIMAX,60D,2,0.0411965909975935,0.0398729335674708,Low
2017-02-08,ARIMAX,60D,2,0.0445838682564623,0.038691240077911186,Low
2017-02-09,ARIMAX,60D,2,0.0388852497924102,0.04048867220998232,Low
2017-02-10,ARIMAX,60D,2,0.0342997684136078,0.03720263740783068,Low
2017-02-13,ARIMAX,60D,2,0.0301975975470459,0.03155525141518668,Low
2017-02-14,ARIMAX,60D,2,0.0240331189772667,0.026659826977597327,Low
2017-02-15,ARIMAX,60D,2,0.0175736949707379,0.023372878069040877,Low
2017-02-16,ARIMAX,60D,2,0.0232033288753034,0.0218477459404214,Low
2017-02-17,ARIMAX,60D,2,0.0208390465110801,0.02007100820786872,Low
2017-02-21,ARIMAX,60D,2,-0.0035362716801041,0.01783606160154037,Low
2017-02-22,ARIMAX,60D,2,0.0012265530939161,-0.0006350988731059944,Low
2017-02-23,ARIMAX,60D,2,0.0075523573308573,0.004055454841406318,Low
2017-02-24,ARIMAX,60D,2,0.0112069703948341,0.003420537662641023,Low
2017-02-27,ARIMAX,60D,2,0.0120256902994809,0.01236667042988467,Low
2017-02-28,ARIMAX,60D,2,0.017093430219252,0.016188470681209377,Low
2017-03-01,ARIMAX,60D,2,0.0079443311775048,0.010257033475140537,Low
2017-03-02,ARIMAX,60D,2,0.0141319499349125,0.011430223471437151,Low
2017-03-03,ARIMAX,60D,2,0.0124228488368438,0.007838163223996192,Low
2017-03-06,ARIMAX,60D,2,0.0152453969804584,0.01319124904052129,Low
2017-03-07,ARIMAX,60D,2,0.0257056184673955,0.016044651869501787,Low
2017-03-08,ARIMAX,60D,2,0.0316933210495054,0.02950048631662896,Low
2017-03-09,ARIMAX,60D,2,0.0296753382963105,0.030242661943746835,Low
2017-03-10,ARIMAX,60D,2,0.0236290899242478,0.028651507385987422,Low
2017-03-13,ARIMAX,60D,2,0.0248295531014258,0.020276798396231602,Low
2017-03-14,ARIMAX,60D,2,0.0284814711179815,0.027588654553131427,Low
2017-03-15,ARIMAX,60D,2,0.0193112581271077,0.023288690836179127,Low
2017-03-16,ARIMAX,60D,2,0.0199600504465733,0.02095329310863912,Low
2017-03-17,ARIMAX,60D,2,0.0257765885540348,0.01888691343222263,Low
2017-03-20,ARIMAX,60D,2,0.0267921776690977,0.026186571451098088,Low
2017-03-21,ARIMAX,60D,2,0.0370356624623593,0.03793464265922173,Low
2017-03-22,ARIMAX,60D,2,0.0354311587649565,0.03197309191366937,Low
2017-03-23,ARIMAX,60D,2,0.0448045741166804,0.03703158412382392,Low
2017-03-24,ARIMAX,60D,2,0.0389297658836872,0.04577064774247024,Low
2017-03-27,ARIMAX,60D,2,0.0393670592762612,0.033681190339274185,Low
2017-03-28,ARIMAX,60D,2,0.0316858644741992,0.030539823719271823,Low
2017-03-29,ARIMAX,60D,2,0.0321608268257779,0.032885959860673705,Low
2017-03-30,ARIMAX,60D,2,0.0295457678538055,0.029110644071845593,Low
2017-03-31,ARIMAX,60D,2,0.0236977752163994,0.03248944154034601,Low
2017-04-03,ARIMAX,60D,2,0.0341107521709638,0.025000745945062155,Low
2017-04-04,ARIMAX,60D,2,0.0249141692521613,0.0308500735712728,Low
2017-04-05,ARIMAX,60D,2,0.0295057636745569,0.02938186231088447,Low
2017-04-06,ARIMAX,60D,2,0.0298862813599694,0.02674766565490474,Low
2017-04-07,ARIMAX,60D,2,0.032165977859203,0.03022025348360062,Low
2017-04-10,ARIMAX,60D,2,0.0220655404165536,0.034142201208992314,Low
2017-04-11,ARIMAX,60D,2,0.0298831612781277,0.025749920940323127,Low
2017-04-12,ARIMAX,60D,2,0.0345775348006271,0.03589888692254801,Low
2017-04-13,ARIMAX,60D,2,0.0406325680243491,0.038930080262054065,Low
2017-04-17,ARIMAX,60D,2,0.0393351532810635,0.030087661734723152,Low
2017-04-18,ARIMAX,60D,2,0.0441155856003699,0.0388360920221789,Low
2017-04-19,ARIMAX,60D,2,0.0504960271672477,0.04413206126547089,Low
2017-04-20,ARIMAX,60D,2,0.042914262567567,0.043147212899034296,Low
2017-04-21,ARIMAX,60D,2,0.0465516293727935,0.043959251805979614,Low
2017-04-24,ARIMAX,60D,2,0.0411281510007351,0.03563203521065388,Low
2017-04-25,ARIMAX,60D,2,0.034902265700377,0.02904109626969776,Low
2017-04-26,ARIMAX,60D,2,0.0350201478468554,0.03635203935036181,Low
2017-04-27,ARIMAX,60D,2,0.0334030798511475,0.033899421227709226,Low
2017-04-28,ARIMAX,60D,2,0.0382369668425355,0.03430638859864653,Low
2017-05-01,ARIMAX,60D,2,0.036788799021761,0.03563779677504119,Low
2017-05-02,ARIMAX,60D,2,0.0346272937985559,0.03530897759340869,Low
2017-05-03,ARIMAX,60D,2,0.0345574475162673,0.03479747374558273,Low
2017-05-04,ARIMAX,60D,2,0.0332471033938379,0.03301152559947021,Low
2017-05-05,ARIMAX,60D,2,0.0316128647612978,0.029594156477411347,Low
2017-05-08,ARIMAX,60D,2,0.0320679468967374,0.030423362467304947,Low
2017-05-09,ARIMAX,60D,2,0.0309076796185849,0.031130115534602543,Low
2017-05-10,ARIMAX,60D,2,0.0316650383186747,0.02862331768010388,Low
2017-05-11,ARIMAX,60D,2,0.0354760343370618,0.03276758379122048,Low
2017-05-12,ARIMAX,60D,2,0.0345382174474707,0.03477505841457596,Low
2017-05-15,ARIMAX,60D,2,0.0294094003517431,0.03152430732549239,Low
2017-05-16,ARIMAX,60D,2,0.0155163149879877,0.030525903142444473,Low
2017-05-17,ARIMAX,60D,2,0.0351365402870899,0.03341735963380663,Low
2017-05-18,ARIMAX,60D,2,0.0414501529059233,0.03591110363665517,Low
2017-05-19,ARIMAX,60D,2,0.0342065173708394,0.03131642705934297,Low
2017-05-22,ARIMAX,60D,2,0.0304787495981632,0.026833063816672553,Low
2017-05-23,ARIMAX,60D,2,0.0130852219385914,0.028102738185948294,Low
2017-05-24,ARIMAX,60D,2,0.0087621344726631,0.006870947281761922,Low
2017-05-25,ARIMAX,60D,2,0.0054919981452512,0.0056794099005007155,Low
2017-05-26,ARIMAX,60D,2,0.0150731916205738,0.005551681942790276,Low
2017-05-30,ARIMAX,60D,2,0.0128189722174686,0.016575757419433863,Low
2017-05-31,ARIMAX,60D,2,0.0112024300902816,0.0147348790925462,Low
2017-06-01,ARIMAX,60D,2,0.0053313061743717,0.004577818623313291,Low
2017-06-02,ARIMAX,60D,2,0.0021173850296218,0.004044553865045954,Low
2017-06-05,ARIMAX,60D,2,0.0041782589320601,0.004288937452489327,Low
2017-06-06,ARIMAX,60D,2,0.0115656993863253,0.005806224909695901,Low
2017-06-07,ARIMAX,60D,2,0.0157033441746913,0.010435885380398642,Low
2017-06-08,ARIMAX,60D,2,0.0174167531813618,0.015841396585729806,Low
2017-06-09,ARIMAX,60D,2,0.0106676284954042,0.018949242274591077,Low
2017-06-12,ARIMAX,60D,2,0.0147707134682662,0.010503225382059653,Low
2017-06-13,ARIMAX,60D,2,0.0100909025801826,0.012271489014071893,Low
2017-06-14,ARIMAX,60D,2,0.0095972694020424,0.010283486450761915,Low
2017-06-15,ARIMAX,60D,2,0.0226203543960299,0.006506098846348653,Low
2017-06-16,ARIMAX,60D,2,0.0256950578408534,0.022711365828637375,Low
2017-06-19,ARIMAX,60D,2,0.0181393088820419,0.020853462120356124,Low
2017-06-20,ARIMAX,60D,2,0.0237571454781457,0.025344691615457278,Low
2017-06-21,ARIMAX,60D,2,0.0261854372175766,0.022224850657764438,Low
2017-06-22,ARIMAX,60D,2,0.0280961851191442,0.024591137473411212,Low
2017-06-23,ARIMAX,60D,2,0.0276460661804665,0.024945174329385887,Low
2017-06-26,ARIMAX,60D,2,0.0279644609430436,0.02811091519380495,Low
2017-06-27,ARIMAX,60D,2,0.0330194815718015,0.03243181125593392,Low
2017-06-28,ARIMAX,60D,2,0.0248975639204175,0.02450954747246381,Low
2017-06-29,ARIMAX,60D,2,0.0313102580647049,0.034553536113246464,Low
2017-06-30,ARIMAX,60D,2,0.0298503645797264,0.029468637680090858,Low
2017-07-03,ARIMAX,60D,2,0.0316190190025666,0.0272150873057257,Low
2017-07-05,ARIMAX,60D,2,0.031370685595216,0.027928290355927816,Low
2017-07-06,ARIMAX,60D,2,0.0444819359705808,0.03970278796600263,Low
2017-07-07,ARIMAX,60D,2,0.0419657422306776,0.0365533431267597,Low
2017-07-10,ARIMAX,60D,2,0.0431949173118259,0.039124305706844005,Low
2017-07-11,ARIMAX,60D,2,0.0452238480390217,0.042814191053689096,Low
2017-07-12,ARIMAX,60D,2,0.0435757011224929,0.03942426822949406,Low
2017-07-13,ARIMAX,60D,2,0.04062866048378,0.03913533667731411,Low
2017-07-14,ARIMAX,60D,2,0.0341599804457572,0.0360103752943378,Low
2017-07-17,ARIMAX,60D,2,0.036532614312942,0.03437019321761514,Low
2017-07-18,ARIMAX,60D,2,0.0377368185444946,0.036397078637920674,Low
2017-07-19,ARIMAX,60D,2,0.0306903832080897,0.03409191453973876,Low
2017-07-20,ARIMAX,60D,2,0.031721776301543,0.03099462361662549,Low
2017-07-21,ARIMAX,60D,2,0.0338389381630575,0.029154397136601083,Low
2017-07-24,ARIMAX,60D,2,0.0355755920639004,0.03410500270144157,Low
2017-07-25,ARIMAX,60D,2,0.033398744055332,0.0335135575292336,Low
2017-07-26,ARIMAX,60D,2,0.0334440641642229,0.03245815621141348,Low
2017-07-27,ARIMAX,60D,2,0.039521021986647,0.03659928768436384,Low
2017-07-28,ARIMAX,60D,2,0.0368826423517659,0.03689885765670633,Low
2017-07-31,ARIMAX,60D,2,0.0392276540608836,0.03762535506021414,Low
2017-08-01,ARIMAX,60D,2,0.0321075775986853,0.03681759374274902,Low
2017-08-02,ARIMAX,60D,2,0.0328851894419401,0.03159766725630306,Low
2017-08-03,ARIMAX,60D,2,0.0431118412566128,0.03191866179188971,Low
2017-08-04,ARIMAX,60D,2,0.0380269424623326,0.04122577270465322,Low
2017-08-07,ARIMAX,60D,3,0.0373251107547317,0.034579258028303694,Low
2017-08-08,ARIMAX,60D,3,0.041333307093021,0.04026557392700621,Low
2017-08-09,ARIMAX,60D,3,0.0418869296554,0.04181648194869925,Low
2017-08-10,ARIMAX,60D,3,0.0595594373824559,0.058993783539404605,Low
2017-08-11,ARIMAX,60D,3,0.0595551241392451,0.06399395717513778,Low
2017-08-14,ARIMAX,60D,3,0.0493723520881137,0.047586147326497144,Low
2017-08-15,ARIMAX,60D,3,0.0513138983470578,0.04269434586965807,Low
2017-08-16,ARIMAX,60D,3,0.0461258214843552,0.049037409122235816,Low
2017-08-17,ARIMAX,60D,3,0.0607851169954929,0.058573350010307806,Low
2017-08-18,ARIMAX,60D,3,0.0636053215681381,0.061066474299263894,Low
2017-08-21,ARIMAX,60D,3,0.0601310652932899,0.057722446914407616,Low
2017-08-22,ARIMAX,60D,3,0.0446983712905412,0.04840673774832,Low
2017-08-23,ARIMAX,60D,3,0.0563205942061525,0.04492771929549045,Low
2017-08-24,ARIMAX,60D,3,0.0557677939743935,0.05702096536110843,Low
2017-08-25,ARIMAX,60D,3,0.055371192194246,0.05067066620689218,Low
2017-08-28,ARIMAX,60D,3,0.0614040776007025,0.05213437931177477,Low
2017-08-29,ARIMAX,60D,3,0.0598110681353632,0.05972668065438292,Low
2017-08-30,ARIMAX,60D,3,0.0572605206255343,0.05697561432071662,Low
2017-08-31,ARIMAX,60D,3,0.0511715154540175,0.051629945925952485,Low
2017-09-01,ARIMAX,60D,3,0.058991269608476,0.04861451256722439,Low
2017-09-05,ARIMAX,60D,3,0.06620143427783,0.06541903321369316,Low
2017-09-06,ARIMAX,60D,3,0.0712351784474971,0.06432621013713602,Low
2017-09-07,ARIMAX,60D,3,0.0693870475565453,0.06952540322660467,Low
2017-09-08,ARIMAX,60D,3,0.0698242971507167,0.06777060721139763,Low
2017-09-11,ARIMAX,60D,3,0.0552969314276142,0.06219372268404604,Low
2017-09-12,ARIMAX,60D,3,0.0518245166622006,0.05111526927311644,Low
2017-09-13,ARIMAX,60D,3,0.0539957494242275,0.05004359158741098,Low
2017-09-14,ARIMAX,60D,3,0.0605882753105736,0.053335778452784546,Low
2017-09-15,ARIMAX,60D,3,0.0619396398861102,0.05559011329447719,Low
2017-09-18,ARIMAX,60D,3,0.0620325016790703,0.06137671176686971,Low
2017-09-19,ARIMAX,60D,3,0.0604498530921886,0.06056831060286476,Low
2017-09-20,ARIMAX,60D,3,0.0557365386591166,0.05970889042988686,Low
2017-09-21,ARIMAX,60D,3,0.0677214180161742,0.05451919009867521,Low
2017-09-22,ARIMAX,60D,3,0.0724223126006048,0.06361588414767777,Low
2017-09-25,ARIMAX,60D,3,0.0714113372573401,0.07399439444242388,Low
2017-09-26,ARIMAX,60D,3,0.0705109370578726,0.07106255707266573,Low
2017-09-27,ARIMAX,60D,3,0.0684178016685429,0.06598734074598268,Low
2017-09-28,ARIMAX,60D,3,0.0667556394014913,0.06466153318768308,Low
2017-09-29,ARIMAX,60D,3,0.0619984006329339,0.06372461326484422,Low
2017-10-02,ARIMAX,60D,3,0.0589225101134639,0.05903277104764229,Low
2017-10-03,ARIMAX,60D,3,0.0585983179317225,0.0563647452252343,Low
2017-10-04,ARIMAX,60D,3,0.0521557419778605,0.05797291031598652,Low
2017-10-05,ARIMAX,60D,3,0.0547939161649659,0.04747128243466529,Low
2017-10-06,ARIMAX,60D,3,0.0622465605741419,0.05501794518175847,Low
2017-10-09,ARIMAX,60D,3,0.0680731672974825,0.0671810816053432,Low
2017-10-10,ARIMAX,60D,3,0.0727625935555897,0.06618297060459871,Low
2017-10-11,ARIMAX,60D,3,0.0726216743932232,0.06912783650750251,Low
2017-10-12,ARIMAX,60D,3,0.075611935030873,0.07247182411434379,Low
2017-10-13,ARIMAX,60D,3,0.0736213672145059,0.07323056349078542,Low
2017-10-16,ARIMAX,60D,3,0.0788811704510823,0.07035834480853771,Low
2017-10-17,ARIMAX,60D,3,0.0849357439447422,0.07849079628723026,Low
2017-10-18,ARIMAX,60D,3,0.0806629711718101,0.08404546782225157,Low
2017-10-19,ARIMAX,60D,3,0.0897060332633019,0.07600850742969553,Low
2017-10-20,ARIMAX,60D,3,0.0829845395807977,0.08610761744160597,Low
2017-10-23,ARIMAX,60D,3,0.0913405828807851,0.08699305847942398,Low
2017-10-24,ARIMAX,60D,3,0.0977583463884403,0.08894306407914837,Low
2017-10-25,ARIMAX,60D,3,0.1046043070439226,0.0997922524360003,Low
2017-10-26,ARIMAX,60D,3,0.1027740352460883,0.10035644433677993,Low
2017-10-27,ARIMAX,60D,3,0.0953358646651941,0.09544352907084255,Low
2017-10-30,ARIMAX,60D,3,0.1103050801480191,0.09404144325011994,Low
2017-10-31,ARIMAX,60D,3,0.1026063309264767,0.10826989604174846,Low
2017-11-01,ARIMAX,60D,3,0.0900568440132356,0.099153063576613,Low
2017-11-02,ARIMAX,60D,3,0.0903557621022637,0.08757077614231454,Low
2017-11-03,ARIMAX,60D,3,0.0866151744239259,0.08535594569057738,Low
2017-11-06,ARIMAX,60D,3,0.0639080500224508,0.0823172416332901,Low
2017-11-07,ARIMAX,60D,3,0.0222546298891511,0.06463911703460114,Low
2017-11-08,ARIMAX,60D,3,0.0381025893060279,0.02037377628138516,Low
2017-11-09,ARIMAX,60D,3,0.0368574324216455,0.04014441535591022,Low
2017-11-10,ARIMAX,60D,3,-0.0005035728481023,0.038794586483291094,Low
2017-11-13,ARIMAX,60D,3,0.0133389214401289,-8.479901554135985e-05,Low
2017-11-14,ARIMAX,60D,3,0.0294698676785971,0.015474746558011546,Low
2017-11-15,ARIMAX,60D,3,0.037620388400998,0.034475382860949554,Low
2017-11-16,ARIMAX,60D,3,0.0427711754269228,0.032280321592358434,Low
2017-11-17,ARIMAX,60D,3,0.0573974541825955,0.04191573058585665,Low
2017-11-20,ARIMAX,60D,3,0.0564959839437271,0.05249306040967066,Low
2017-11-21,ARIMAX,60D,3,0.0441176279571371,0.048763447636502436,Low
2017-11-22,ARIMAX,60D,3,0.0393565061771558,0.041805824384836904,Low
2017-11-24,ARIMAX,60D,3,0.0382755993845018,0.03799649239729733,Low
2017-11-27,ARIMAX,60D,3,0.0545612092164261,0.038106751386809704,Low
2017-11-28,ARIMAX,60D,3,0.0564493156402598,0.04806907585860945,Low
2017-11-29,ARIMAX,60D,3,0.0440302980815831,0.06091264281386888,Low
2017-11-30,ARIMAX,60D,3,0.0247149053351159,0.04043127077422392,Low
2017-12-01,ARIMAX,60D,3,0.0133275224160449,0.029255930640387673,Low
2017-12-04,ARIMAX,60D,3,0.0194390184505298,0.015525846345332647,Low
2017-12-05,ARIMAX,60D,3,0.0341570265870116,0.020103654941481273,Low
2017-12-06,ARIMAX,60D,3,0.0369065216895389,0.029718831175282213,Low
2017-12-07,ARIMAX,60D,3,0.0334944628537132,0.033599527674535126,Low
2017-12-08,ARIMAX,60D,3,0.0324564090270798,0.027567556035017482,Low
2017-12-11,ARIMAX,60D,3,0.0464891136465915,0.028230119659201205,Low
2017-12-12,ARIMAX,60D,3,0.0436665925865035,0.045857616459443085,Low
2017-12-13,ARIMAX,60D,3,0.037755751142339,0.04485269522815795,Low
2017-12-14,ARIMAX,60D,3,0.0360939490479129,0.039972117317334674,Low
2017-12-15,ARIMAX,60D,3,0.0263773992386735,0.028553028109487604,Low
2017-12-18,ARIMAX,60D,3,0.0227309186063077,0.023435895070034563,Low
2017-12-19,ARIMAX,60D,3,0.0116603761080529,0.026457739394531176,Low
2017-12-20,ARIMAX,60D,3,0.0139693208433445,0.012050782939609667,Low
2017-12-21,ARIMAX,60D,3,0.0101399417050566,0.009489787466280302,Low
2017-12-22,ARIMAX,60D,3,-0.0148866736296839,0.011754277478361694,Low
2017-12-26,ARIMAX,60D,3,-0.035017505241376,-0.013742979072192903,Low
2017-12-27,ARIMAX,60D,3,-0.0090130928455829,-0.032894254111656945,Low
2017-12-28,ARIMAX,60D,3,-0.0282726974938243,-0.009573840214202763,Low
2017-12-29,ARIMAX,60D,3,-0.0259969841005387,-0.021639039464573802,Low
2018-01-02,ARIMAX,60D,3,-0.0205902848250933,-0.03330038492817812,Low
2018-01-03,ARIMAX,60D,3,-0.0495594004125253,-0.02658209486330645,Low
2018-01-04,ARIMAX,60D,3,-0.0410439819521111,-0.050691457874990076,Low
2018-01-05,ARIMAX,60D,3,-0.0365530254942496,-0.04302092582661826,Low
2018-01-08,ARIMAX,60D,3,-0.0313745678598954,-0.03566096694768108,Low
2018-01-09,ARIMAX,60D,3,-0.0548407184342588,-0.027270788949039046,Low
2018-01-10,ARIMAX,60D,3,-0.0503968776551452,-0.05255456934990041,Low
2018-01-11,ARIMAX,60D,3,-0.0408173044277131,-0.05322733247846288,Low
2018-01-12,ARIMAX,60D,3,-0.0530849165992685,-0.040726889085306466,Low
2018-01-16,ARIMAX,60D,3,-0.0413373046400088,-0.04261281350393356,Low
2018-01-17,ARIMAX,60D,3,-0.0535991106732176,-0.04438057854872668,Low
2018-01-18,ARIMAX,60D,3,-0.043905076374181,-0.04818408054048838,Low
2018-01-19,ARIMAX,60D,3,-0.0376756527473044,-0.046499331827738875,Low
2018-01-22,ARIMAX,60D,3,-0.0448789967219645,-0.043036204333263994,Low
2018-01-23,ARIMAX,60D,3,-0.0527935834860193,-0.0432071724484159,Low
2018-01-24,ARIMAX,60D,3,-0.06080662812714,-0.047958726525080125,Low
2018-01-25,ARIMAX,60D,3,-0.0613528374147885,-0.059998308694479266,Low
2018-01-26,ARIMAX,60D,3,-0.0865953635273479,-0.06818794070681153,Low
2018-01-29,ARIMAX,60D,3,-0.0780052530096611,-0.07367766411171697,Low
2018-01-30,ARIMAX,60D,3,-0.0566664660169471,-0.06720723877595851,Low
2018-01-31,ARIMAX,60D,3,-0.0560423266042779,-0.05424422053059083,Low
2018-02-01,ARIMAX,60D,3,-0.0636152208011759,-0.05884232521316751,Low
2018-02-02,ARIMAX,60D,3,-0.0396327381134496,-0.0407928843300479,Normal
2018-02-05,ARIMAX,60D,3,-0.0050221483764706,0.02068541184094959,High
2018-02-06,ARIMAX,60D,3,-0.0245689393104717,-0.0013971640311928185,High
2018-02-07,ARIMAX,60D,3,-0.0068249910583842,-0.030210063275215054,High
2018-02-08,ARIMAX,60D,3,0.0348860417424073,0.02387357282312788,High
2018-02-09,ARIMAX,60D,3,0.0197947199311493,0.01872321495335072,High
2018-02-12,ARIMAX,60D,3,0.0156117021878317,-0.005511982154011302,High
2018-02-13,ARIMAX,60D,3,0.0223291918114027,0.008488334863344361,High
2018-02-14,ARIMAX,60D,3,0.0107218912734667,0.005523165347513216,High
2018-02-15,ARIMAX,60D,3,-0.0003918709931818,-0.007379536406803545,High
2018-02-16,ARIMAX,60D,3,-0.0076309256870942,0.004269316096488151,High
2018-02-20,ARIMAX,60D,3,0.0022799312672574,0.0017104379758605646,High
2018-02-21,ARIMAX,60D,3,0.0069353569619581,0.009072285758407666,High
2018-02-22,ARIMAX,60D,3,0.00332661422183,0.0031952616658471496,High
2018-02-23,ARIMAX,60D,3,-0.0052150594753577,-0.011358369799986546,High
2018-02-26,ARIMAX,60D,3,-0.0200441866888604,-0.011516863266466887,High
2018-02-27,ARIMAX,60D,3,-0.004012730040494,-0.0059176284064146115,High
2018-02-28,ARIMAX,60D,3,0.0051198130854393,0.006391734806495301,High
2018-03-01,ARIMAX,60D,3,0.0161737758861299,0.016893512136503096,High
2018-03-02,ARIMAX,60D,3,-0.0005165821108609,0.0077766765205808455,High
2018-03-05,ARIMAX,60D,3,0.0011276756305362,-0.013468293818030004,High
2018-03-06,ARIMAX,60D,3,-0.0084110405448946,-0.0022540076365580274,High
2018-03-07,ARIMAX,60D,3,0.0028637509900616,-0.01130391314192237,High
2018-03-08,ARIMAX,60D,3,0.0028801976795291,-0.0025982003793970335,High
2018-03-09,ARIMAX,60D,3,-0.0136470027921029,-0.014292799610792616,Normal
2018-03-12,ARIMAX,60D,3,-0.0038413048167924,-0.006489134887846914,Normal
2018-03-13,ARIMAX,60D,3,0.0018281619755377,0.007374546628841845,Normal
2018-03-14,ARIMAX,60D,3,0.0106901607084777,0.005660990837984838,Normal
2018-03-15,ARIMAX,60D,3,0.0125405341145145,0.011670040305422005,Normal
2018-03-16,ARIMAX,60D,3,0.0125804034459868,0.011810156499642486,Normal
2018-03-19,ARIMAX,60D,3,0.0228521894459487,0.025220098241106742,Normal
2018-03-20,ARIMAX,60D,3,0.0238399813067334,0.02117508122995504,Normal
2018-03-21,ARIMAX,60D,3,0.0246680531168687,0.021511949189182002,Normal
2018-03-22,ARIMAX,60D,3,0.0480245489088366,0.04628759426140594,High
2018-03-23,ARIMAX,60D,3,0.0651828382691959,0.07367212363597213,High
2018-03-26,ARIMAX,60D,3,0.040098487787273,0.03868180644205768,High
2018-03-27,ARIMAX,60D,3,0.0511600445893745,0.05152466090793734,High
2018-03-28,ARIMAX,60D,3,0.055941166743971,0.04555650563626307,High
2018-03-29,ARIMAX,60D,3,0.028445666282357,0.03821060312426443,High
2018-04-02,ARIMAX,60D,3,0.0532384991315497,0.04392632498611268,High
2018-04-03,ARIMAX,60D,3,0.0320609515026674,0.046806093718151254,High
2018-04-04,ARIMAX,60D,3,0.026720529175252,0.01372336761412745,High
2018-04-05,ARIMAX,60D,3,0.0206392236611176,0.027246851388088376,High
2018-04-06,ARIMAX,60D,3,0.0458665515524761,0.038951573380255754,High
2018-04-09,ARIMAX,60D,3,0.0375759273043493,0.04416954636774033,High
2018-04-10,ARIMAX,60D,3,0.0295711850535734,0.02869898971074478,High
2018-04-11,ARIMAX,60D,3,0.0435573884266146,0.0313585436911115,High
2018-04-12,ARIMAX,60D,3,0.0441247805142991,0.03607777512458484,High
2018-04-13,ARIMAX,60D,3,0.0504828296598276,0.040739065769010416,High
2018-04-16,ARIMAX,60D,3,0.0352870064863483,0.0396809314822787,High
2018-04-17,ARIMAX,60D,3,0.0333929264526536,0.027073848324927412,High
2018-04-18,ARIMAX,60D,3,0.0336405615817091,0.03161158314691337,High
2018-04-19,ARIMAX,60D,3,0.0383544787566431,0.03801488567981705,High
2018-04-20,ARIMAX,60D,3,0.0508934802884391,0.04146282318469495,High
2018-04-23,ARIMAX,60D,3,0.0529954322539921,0.04720542820687025,High
2018-04-24,ARIMAX,60D,3,0.0625054934114177,0.07041982289863738,High
2018-04-25,ARIMAX,60D,3,0.0597212214073196,0.05389604845310567,High
2018-04-26,ARIMAX,60D,3,0.0511774395631741,0.04996381854092824,High
2018-04-27,ARIMAX,60D,3,0.0548339531778637,0.048690982480169655,High
2018-04-30,ARIMAX,60D,3,0.0721155807971577,0.057388320367027235,Normal
2018-05-01,ARIMAX,60D,3,0.0665328758772627,0.063623197032865,Normal
2018-05-02,ARIMAX,60D,3,0.0671809924338197,0.0735322087294662,Normal
2018-05-03,ARIMAX,60D,3,0.0636664207032965,0.06726821689880265,Normal
2018-05-04,ARIMAX,60D,3,0.0558094478942646,0.04867322828018578,Normal
2018-05-07,ARIMAX,60D,3,0.0513165742717036,0.05696335341826299,Normal
2018-05-08,ARIMAX,60D,3,0.056496600465646,0.05171884455807213,Normal
2018-05-09,ARIMAX,60D,3,0.0514943845961254,0.04614425694100345,Normal
2018-05-10,ARIMAX,60D,3,0.0456993556430785,0.04540632120987614,Normal
2018-05-11,ARIMAX,60D,3,0.0468134181186031,0.04580077406366154,Normal
2018-05-14,ARIMAX,60D,3,0.0456679042151813,0.048152912979653885,Normal
2018-05-15,ARIMAX,60D,3,0.0510908445821324,0.05111756966389713,Normal
2018-05-16,ARIMAX,60D,3,0.0398991924713735,0.04956408269298325,Normal
2018-05-17,ARIMAX,60D,3,0.0367413935940033,0.0384237035649036,Normal
2018-05-18,ARIMAX,60D,3,0.0457459888649708,0.036229886443781154,Normal
2018-05-21,ARIMAX,60D,3,0.0307551757356588,0.04212043707575557,Normal
2018-05-22,ARIMAX,60D,3,0.0417840788811721,0.02954877295244831,Low
2018-05-23,ARIMAX,60D,3,0.0418585400495365,0.03529957354884514,Low
2018-05-24,ARIMAX,60D,3,0.0463088779093874,0.04475727158867047,Low
2018-05-25,ARIMAX,60D,3,0.0507352809182002,0.04614681536757012,Low
2018-05-29,ARIMAX,60D,3,0.061968622375749,0.06288799240499653,Low
2018-05-30,ARIMAX,60D,3,0.0476600531002901,0.05648757097552961,Normal
2018-05-31,ARIMAX,60D,3,0.0607430922720095,0.04929670676085348,Normal
2018-06-01,ARIMAX,60D,3,0.0575934339698802,0.0492138867103515,Normal
2018-06-04,ARIMAX,60D,3,0.0533930811491263,0.05240568360613166,Low
2018-06-05,ARIMAX,60D,3,0.0583759773484622,0.049364420898482156,Low
2018-06-06,ARIMAX,60D,3,0.0454049046666922,0.05179650904640255,Normal
2018-06-07,ARIMAX,60D,3,0.0462538167559818,0.04714028622751759,Low
2018-06-08,ARIMAX,60D,3,0.0414770957993511,0.045495462314445775,Low
2018-06-11,ARIMAX,60D,3,0.0376018959911447,0.04263988137418216,Low
2018-06-12,ARIMAX,60D,3,0.0322010376758227,0.03667340785871408,Low
2018-06-13,ARIMAX,60D,3,0.0340194943222197,0.035768660458020594,Low
2018-06-14,ARIMAX,60D,3,0.0334470220144094,0.03112534863313527,Low
2018-06-15,ARIMAX,60D,3,0.038197508019619,0.030784871213644885,Low
2018-06-18,ARIMAX,60D,3,0.0406825075503991,0.037219665028982066,Low
2018-06-19,ARIMAX,60D,3,0.0499823776611817,0.044108871193188015,Low
2018-06-20,ARIMAX,60D,3,0.0485471313378356,0.050533911631533056,Low
2018-06-21,ARIMAX,60D,3,0.0493275691895067,0.05457756291018189,Low
2018-06-22,ARIMAX,60D,3,0.0528220188019981,0.04744287822825498,Low
2018-06-25,ARIMAX,60D,3,0.0678942298029406,0.06280035749182224,Normal
2018-06-26,ARIMAX,60D,3,0.0735020934825729,0.06523270938908572,Low
2018-06-27,ARIMAX,60D,3,0.0817750788587071,0.08213611321092537,Low
2018-06-28,ARIMAX,60D,3,0.072093516525662,0.07244773869674527,Low
2018-06-29,ARIMAX,60D,3,0.0700294521450272,0.07270937079690792,Low
2018-07-02,ARIMAX,60D,3,0.0636714916295737,0.05964851817216517,Low
2018-07-03,ARIMAX,60D,3,0.0713905971386187,0.07029611650911402,Low
2018-07-05,ARIMAX,60D,3,0.0627998702489427,0.06183878346863716,Low
2018-07-06,ARIMAX,60D,3,0.057988844990561,0.05358365941451497,Low
2018-07-09,ARIMAX,60D,3,0.0488077852949404,0.051379038607535135,Low
2018-07-10,ARIMAX,60D,3,0.0460518027128368,0.04592588178106134,Low
2018-07-11,ARIMAX,60D,3,0.0449682536637435,0.04964060042190045,Low
2018-07-12,ARIMAX,60D,3,0.0307139474989493,0.03941999493442043,Low
2018-07-13,ARIMAX,60D,3,0.0292400972539911,0.029344456191857417,Low
2018-07-16,ARIMAX,60D,3,0.0288498520407353,0.030255900875990387,Low
2018-07-17,ARIMAX,60D,3,-0.0085323613453101,0.02498457297345911,Low
2018-07-18,ARIMAX,60D,3,-0.031478123394589,-0.011011124329520236,Low
2018-07-19,ARIMAX,60D,3,-0.0134110611371631,-0.026196610367516138,Low
2018-07-20,ARIMAX,60D,3,-0.0183846456571888,-0.012089014746106498,Low
2018-07-23,ARIMAX,60D,3,0.0010468200344808,-0.02046909745414072,Low
2018-07-24,ARIMAX,60D,3,-0.0039753931142375,-0.0005951627269832806,Low
2018-07-25,ARIMAX,60D,3,-0.0275323187599513,-0.010683665922322672,Low
2018-07-26,ARIMAX,60D,3,-0.0248566511463633,-0.025540885281949186,Low
2018-07-27,ARIMAX,60D,3,-0.0225816135979956,-0.016654117389512408,Low
2018-07-30,ARIMAX,60D,3,-0.0223379004631026,-0.017846301534686797,Low
2018-07-31,ARIMAX,60D,3,-0.0585615115435465,-0.025470841247550818,Low
2018-08-01,ARIMAX,60D,3,-0.0390669004972612,-0.057521483497987434,Low
2018-08-02,ARIMAX,60D,3,-0.0614603880894731,-0.04408969860391125,Low
2018-08-03,ARIMAX,60D,3,-0.0726750284500152,-0.06294520545649268,Low
2018-08-06,ARIMAX,60D,3,-0.0606616881289393,-0.07369987545707601,Low
2018-08-07,ARIMAX,60D,3,-0.052689011120854,-0.05972497973038815,Low
2018-08-08,ARIMAX,60D,3,-0.0419240978590295,-0.05319553334706142,Low
2018-08-09,ARIMAX,60D,3,-0.0468181042378694,-0.0375684444245285,Low
2018-08-10,ARIMAX,60D,3,-0.0340940982774308,-0.03911342945364109,Low
2018-08-13,ARIMAX,60D,3,-0.0238402728670419,-0.023773791911247448,Low
2018-08-14,ARIMAX,60D,3,-0.0092221243226853,-0.026787157971855127,Low
2018-08-15,ARIMAX,60D,3,-0.004102984729798,-0.004355620560792573,Low
2018-08-16,ARIMAX,60D,3,-0.0212327851978086,-0.008699819767519611,Low
2018-08-17,ARIMAX,60D,3,-0.0444485425585392,-0.02744482305013184,Low
2018-08-20,ARIMAX,60D,3,-0.0483566362828414,-0.046139844374970006,Low
2018-08-21,ARIMAX,60D,3,-0.058019225055919,-0.04604342413727206,Low
2018-08-22,ARIMAX,60D,3,-0.0470829612590335,-0.056697247738740804,Low
2018-08-23,ARIMAX,60D,3,-0.0431694297980144,-0.045362912636988224,Low
2018-08-24,ARIMAX,60D,3,-0.0661322969620212,-0.04706033709108787,Low
2018-08-27,ARIMAX,60D,3,-0.0920914339257175,-0.06853206015665342,Low
2018-08-28,ARIMAX,60D,3,-0.0893220066925486,-0.08678388328527242,Low
2018-08-29,ARIMAX,60D,3,-0.1015836688733159,-0.09142795648845595,Low
2018-08-30,ARIMAX,60D,3,-0.0817305209834912,-0.09373879062707922,Low
2018-08-31,ARIMAX,60D,3,-0.0786086050861836,-0.07831706173194322,Low
2018-09-04,ARIMAX,60D,3,-0.0542388617341905,-0.0756076900345648,Low
2018-09-05,ARIMAX,60D,4,-0.0536172934783179,-0.049343393302658654,Low
2018-09-06,ARIMAX,60D,4,-0.0418207547250821,-0.04682763056303306,Low
2018-09-07,ARIMAX,60D,4,-0.0287229550357051,-0.041229719635296286,Low
2018-09-10,ARIMAX,60D,4,-0.0635192120889545,-0.02918258258156002,Low
2018-09-11,ARIMAX,60D,4,-0.0687754656928142,-0.06986609201814341,Low
2018-09-12,ARIMAX,60D,4,-0.0927284094990301,-0.06688851017553071,Low
2018-09-13,ARIMAX,60D,4,-0.0962361584355051,-0.09659384903412364,Low
2018-09-14,ARIMAX,60D,4,-0.096868012011577,-0.09410010782020832,Low
2018-09-17,ARIMAX,60D,4,-0.0858778500096767,-0.08845810794290011,Low
2018-09-18,ARIMAX,60D,4,-0.091432453189717,-0.08729868431889994,Low
2018-09-19,ARIMAX,60D,4,-0.1119561534915889,-0.09187264111732868,Low
2018-09-20,ARIMAX,60D,4,-0.1407584525054947,-0.11479881965021968,Low
2018-09-21,ARIMAX,60D,4,-0.1403034547146985,-0.13626895043304407,Low
2018-09-24,ARIMAX,60D,4,-0.1522970315766216,-0.1361719236320041,Low
2018-09-25,ARIMAX,60D,4,-0.1668888925676075,-0.14522119508532758,Low
2018-09-26,ARIMAX,60D,4,-0.1843973133849882,-0.1602321974091005,Low
2018-09-27,ARIMAX,60D,4,-0.2146433624918139,-0.1816329252352558,Low
2018-09-28,ARIMAX,60D,4,-0.1662333146768707,-0.2130011750313952,Low
2018-10-01,ARIMAX,60D,4,-0.1613415780502523,-0.16359203898657623,Low
2018-10-02,ARIMAX,60D,4,-0.1621871630502045,-0.15884552345683997,Low
2018-10-03,ARIMAX,60D,4,-0.154441803924716,-0.15970368904379667,Low
2018-10-04,ARIMAX,60D,4,-0.1449710754410799,-0.14332077027693507,Low
2018-10-05,ARIMAX,60D,4,-0.1644960926753728,-0.13493341929255095,Low
2018-10-08,ARIMAX,60D,4,-0.1303414989066766,-0.16135112385713718,Low
2018-10-09,ARIMAX,60D,4,-0.1219366130772926,-0.12287630309453164,Low
2018-10-10,ARIMAX,60D,4,-0.0788716366981932,-0.08631728395562646,Normal
2018-10-11,ARIMAX,60D,4,-0.0539943853928294,-0.05937249809675796,Normal
2018-10-12,ARIMAX,60D,4,-0.0635923794267435,-0.06569632536850675,Normal
2018-10-15,ARIMAX,60D,4,-0.057816205679926,-0.06747946754339873,Normal
2018-10-16,ARIMAX,60D,4,-0.0843554283020767,-0.07531242014415826,High
2018-10-17,ARIMAX,60D,4,-0.0734381151596507,-0.08843158981438329,High
2018-10-18,ARIMAX,60D,4,-0.0567221040552213,-0.06023324907859742,High
2018-10-19,ARIMAX,60D,4,-0.0487981382137061,-0.051793329473484986,High
2018-10-22,ARIMAX,60D,4,-0.0313924282773726,-0.046715495246305506,High
2018-10-23,ARIMAX,60D,4,-0.0401238289246509,-0.028985795696975597,High
2018-10-24,ARIMAX,60D,4,-0.0065725651440592,-0.006314243924266327,High
2018-10-25,ARIMAX,60D,4,-0.0236515030117958,-0.022367949629299153,High
2018-10-26,ARIMAX,60D,4,0.0022805026987253,-0.013418231117414359,High
2018-10-29,ARIMAX,60D,4,0.0009839351452102,0.012247410885410412,High
2018-10-30,ARIMAX,60D,4,-0.016018695761782,-0.018750571798591208,High
2018-10-31,ARIMAX,60D,4,-0.0113819646247932,-0.023602136793072714,High
2018-11-01,ARIMAX,60D,4,-0.0133238146835545,-0.022040904439158734,High
2018-11-02,ARIMAX,60D,4,-0.0060888870428677,-0.010265710104572886,High
2018-11-05,ARIMAX,60D,4,-0.0049201996225822,-0.012885315032617702,High
2018-11-06,ARIMAX,60D,4,-0.0064626169296406,-0.004432267839802138,High
2018-11-07,ARIMAX,60D,4,-0.0296766112079234,-0.0232545814897572,High
2018-11-08,ARIMAX,60D,4,-0.0365657354216622,-0.031187225349803567,High
2018-11-09,ARIMAX,60D,4,-0.0266481769402771,-0.027921573888642495,High
2018-11-12,ARIMAX,60D,4,-0.0060411741509911,-0.00870943434392589,High
2018-11-13,ARIMAX,60D,4,0.0082496975740215,-0.0008568999937766456,High
2018-11-14,ARIMAX,60D,4,0.0188653179861828,0.019625729645356346,High
2018-11-15,ARIMAX,60D,4,0.0056721218598423,0.003689295528164646,High
2018-11-16,ARIMAX,60D,4,0.0142712889873158,0.0004235353870630093,High
2018-11-19,ARIMAX,60D,4,0.0325520715496294,0.023970758298306843,High
2018-11-20,ARIMAX,60D,4,0.0526456006669561,0.03979508193242776,High
2018-11-21,ARIMAX,60D,4,0.0460742620303475,0.04817663366643654,High
2018-11-23,ARIMAX,60D,4,0.0590413204369134,0.04877112659515624,High
2018-11-26,ARIMAX,60D,4,0.0448594490412989,0.04557329374303276,High
2018-11-27,ARIMAX,60D,4,0.0408122950038459,0.03589693328568919,High
2018-11-28,ARIMAX,60D,4,0.017554046264434,0.0284381063153812,High
2018-11-29,ARIMAX,60D,4,0.0169100332108768,0.026064581132028104,High
2018-11-30,ARIMAX,60D,4,0.0156441420829723,0.011152651740206016,High
2018-12-03,ARIMAX,60D,4,0.0008740328933546,0.012582611415379237,High
2018-12-04,ARIMAX,60D,4,0.0326420882422039,0.02744153971360857,High
2018-12-06,ARIMAX,60D,4,0.0276200025522231,0.02934727291309245,High
2018-12-07,ARIMAX,60D,4,0.0430574268702142,0.05535254970847434,High
2018-12-10,ARIMAX,60D,4,0.0391628595158443,0.036281487888955175,High
2018-12-11,ARIMAX,60D,4,0.0540788047546393,0.04180088377602672,High
2018-12-12,ARIMAX,60D,4,0.0516228994720933,0.03937831671218424,High
2018-12-13,ARIMAX,60D,4,0.0587483965415277,0.049182367436034546,High
2018-12-14,ARIMAX,60D,4,0.0771512094786313,0.062453373426426546,High
2018-12-17,ARIMAX,60D,4,0.1031160137156387,0.09398732745749074,High
2018-12-18,ARIMAX,60D,4,0.1067287136607577,0.10457257181623544,High
2018-12-19,ARIMAX,60D,4,0.1221136027567677,0.11645573485785264,High
2018-12-20,ARIMAX,60D,4,0.1350627155001021,0.12463227110889173,High
2018-12-21,ARIMAX,60D,4,0.166659851493332,0.15000141872366052,High
2018-12-24,ARIMAX,60D,4,0.1749895972373731,0.18041772404216344,High
2018-12-26,ARIMAX,60D,4,0.1257470467332581,0.1398701760672806,High
2018-12-27,ARIMAX,60D,4,0.1243778707123752,0.11605348706963156,High
2018-12-28,ARIMAX,60D,4,0.1209650813460074,0.1302558173915251,High
2018-12-31,ARIMAX,60D,4,0.1160915101990622,0.10195463444042618,High
2019-01-02,ARIMAX,60D,4,0.1215355231797607,0.09909713057914386,High
2019-01-03,ARIMAX,60D,4,0.1581060505167203,0.1464071903282794,High
2019-01-04,ARIMAX,60D,4,0.124364107011232,0.12459521688388955,High
2019-01-07,ARIMAX,60D,4,0.1195242034360916,0.11746629946853421,High
2019-01-08,ARIMAX,60D,4,0.1119580813425883,0.11216944247438827,High
2019-01-09,ARIMAX,60D,4,0.1124941276328651,0.1064963689709867,High
2019-01-10,ARIMAX,60D,4,0.1090327980089265,0.10135113058521103,High
2019-01-11,ARIMAX,60D,4,0.1030931301177395,0.11118486381804168,High
2019-01-14,ARIMAX,60D,4,0.111836362459489,0.10303128898732448,High
2019-01-15,ARIMAX,60D,4,0.1012098659200706,0.10319641704117713,High
2019-01-16,ARIMAX,60D,4,0.105577923780528,0.099314089416459,High
2019-01-17,ARIMAX,60D,4,0.0973856258299352,0.09821172921335562,High
2019-01-18,ARIMAX,60D,4,0.0847979413152196,0.08773873699691459,High
2019-01-22,ARIMAX,60D,4,0.096780017322453,0.09529171333534728,High
2019-01-23,ARIMAX,60D,4,0.0961573742272519,0.09426872248806807,High
2019-01-24,ARIMAX,60D,4,0.0957940999332072,0.08563276079059284,High
2019-01-25,ARIMAX,60D,4,0.0961435834076845,0.09791971043505247,High
2019-01-28,ARIMAX,60D,4,0.1018271906533572,0.10009633333912894,High
2019-01-29,ARIMAX,60D,4,0.1029154568481992,0.101955392086675,High
2019-01-30,ARIMAX,60D,4,0.0921601972799442,0.09180462569441511,High
2019-01-31,ARIMAX,60D,4,0.0846704969744102,0.08421399861726188,High
2019-02-01,ARIMAX,60D,4,0.0847232550883948,0.08031759528826317,Normal
2019-02-04,ARIMAX,60D,4,0.0704394281206238,0.08322397297138602,Normal
2019-02-05,ARIMAX,60D,4,0.0636158130345906,0.06798488772235171,Normal
2019-02-06,ARIMAX,60D,4,0.075434856231017,0.06747088439421825,Normal
2019-02-07,ARIMAX,60D,4,0.0803550362441747,0.08097209924713154,Normal
2019-02-08,ARIMAX,60D,4,0.0630295755892564,0.07607794685967259,Normal
2019-02-11,ARIMAX,60D,4,0.0607140083960181,0.06366743931720695,Normal
2019-02-12,ARIMAX,60D,4,0.0448801568312512,0.05174943355062228,Normal
2019-02-13,ARIMAX,60D,4,0.0455741193074588,0.04609839826372003,Normal
2019-02-14,ARIMAX,60D,4,0.0238028135526599,0.04611199216248569,Normal
2019-02-15,ARIMAX,60D,4,0.0209667964109183,0.01771347185686065,Normal
2019-02-19,ARIMAX,60D,4,0.0252911694120492,0.020504788141378398,Normal
2019-02-20,ARIMAX,60D,4,0.0323715929678076,0.023548904679449915,Low
2019-02-21,ARIMAX,60D,4,0.0300498251196051,0.034005223886829916,Low
2019-02-22,ARIMAX,60D,4,0.0168869284494894,0.023863226124524815,Normal
2019-02-25,ARIMAX,60D,4,0.0241157730929283,0.02215627084908682,Low
2019-02-26,ARIMAX,60D,4,0.0220781504018693,0.024661961219524218,Low
2019-02-27,ARIMAX,60D,4,0.0106366555968854,0.02123544408736538,Low
2019-02-28,ARIMAX,60D,4,0.0148188069678731,0.01343272103152051,Low
2019-03-01,ARIMAX,60D,4,-0.0004637996211001,0.011877883689140358,Low
2019-03-04,ARIMAX,60D,4,-0.0035116023930763,0.0047705712118493535,Low
2019-03-05,ARIMAX,60D,4,-0.0002831562283725,-0.003397690928284326,Low
2019-03-06,ARIMAX,60D,4,-0.0070208878747004,0.006318271754117762,Low
2019-03-07,ARIMAX,60D,4,-0.0016310473906772,-0.0020389090770479307,Low
2019-03-08,ARIMAX,60D,4,0.0217088438218541,-0.004562349663643626,Low
2019-03-11,ARIMAX,60D,4,0.0152780352371783,0.009590780959494389,Low
2019-03-12,ARIMAX,60D,4,0.0184459101853776,0.013571988379202343,Low
2019-03-13,ARIMAX,60D,4,0.0219633426756181,0.014924027142113676,Low
2019-03-14,ARIMAX,60D,4,0.02748096208198,0.02208718670356139,Low
2019-03-15,ARIMAX,60D,4,0.0221585012155978,0.021958222443222368,Low
2019-03-18,ARIMAX,60D,4,0.0164197465894525,0.023743301861924058,Low
2019-03-19,ARIMAX,60D,4,0.0206393271722294,0.02067400349612747,Low
2019-03-20,ARIMAX,60D,4,0.0219752121268462,0.023531276582608195,Low
2019-03-21,ARIMAX,60D,4,0.0121125120645098,0.01201667919867368,Low
2019-03-22,ARIMAX,60D,4,0.0409398287917537,0.03337213432465631,Normal
2019-03-25,ARIMAX,60D,4,0.0447599184180874,0.03954275275251012,Normal
2019-03-26,ARIMAX,60D,4,0.0470304708060264,0.03825749344163522,Normal
2019-03-27,ARIMAX,60D,4,0.0504255978028975,0.0477418250387321,Normal
2019-03-28,ARIMAX,60D,4,0.0451091546270488,0.04589446136254457,Normal
2019-03-29,ARIMAX,60D,4,0.0288556729433365,0.0378388725368083,Normal
2019-04-01,ARIMAX,60D,4,0.016118781746488,0.020302195834792126,Normal
2019-04-02,ARIMAX,60D,4,0.0199172119842205,0.01819996827856691,Normal
2019-04-03,ARIMAX,60D,4,0.023512081404731,0.01820776371781918,Normal
2019-04-04,ARIMAX,60D,4,0.0290726347726908,0.02100583172766564,Normal
2019-04-05,ARIMAX,60D,4,0.0273707644265805,0.02541034033065281,Normal
2019-04-08,ARIMAX,60D,4,0.033966948336741,0.029905034252639587,Low
2019-04-09,ARIMAX,60D,4,0.0382453905678618,0.03983140316422917,Normal
2019-04-10,ARIMAX,60D,4,0.0299263798032381,0.03594251548073145,Normal
2019-04-11,ARIMAX,60D,4,0.0311240505213493,0.028341649073040088,Normal
2019-04-12,ARIMAX,60D,4,0.0290370190678863,0.026059501003596795,Normal
2019-04-15,ARIMAX,60D,4,0.0319492058911921,0.029154030437256236,Normal
2019-04-16,ARIMAX,60D,4,0.0360495118681185,0.030770321148640742,Normal
2019-04-17,ARIMAX,60D,4,0.0385017664172414,0.03797077026479617,Normal
2019-04-18,ARIMAX,60D,4,0.0335143350379816,0.03654014045530798,Low
2019-04-22,ARIMAX,60D,4,0.0259501637549556,0.03016056984827848,Low
2019-04-23,ARIMAX,60D,4,0.0207234102887792,0.020924328014172114,Low
2019-04-24,ARIMAX,60D,4,0.0167216894269708,0.02680427866689676,Low
2019-04-25,ARIMAX,60D,4,0.0199154328534938,0.016849602951113485,Low
2019-04-26,ARIMAX,60D,4,0.0220652276694654,0.015820216504813873,Low
2019-04-29,ARIMAX,60D,4,0.0256714719787072,0.023313302178066632,Low
2019-04-30,ARIMAX,60D,4,0.0194442107963161,0.028353524193393063,Low
2019-05-01,ARIMAX,60D,4,0.0343351924173905,0.028562068633652564,Low
2019-05-02,ARIMAX,60D,4,0.034844015137016,0.03391658510264581,Low
2019-05-03,ARIMAX,60D,4,0.0226699022860542,0.02546676346881073,Low
2019-05-06,ARIMAX,60D,4,0.0162057085229867,0.02523268634015418,Low
2019-05-07,ARIMAX,60D,4,0.0238156690430862,0.038664258753171345,Low
2019-05-08,ARIMAX,60D,4,0.0181129958929411,0.025358573275777303,Low
2019-05-09,ARIMAX,60D,4,-0.0090911876148254,0.017799012624239795,Low
2019-05-10,ARIMAX,60D,4,0.0001284422264226,-0.01432805274823755,Low
2019-05-13,ARIMAX,60D,4,0.0253214936987788,0.013689879014264179,Normal
2019-05-14,ARIMAX,60D,4,0.035925968642428,0.019583656083113528,Normal
2019-05-15,ARIMAX,60D,4,0.0234653811810478,0.02414249652304457,Normal
2019-05-16,ARIMAX,60D,4,0.0022156149486334,0.015726897652756644,Normal
2019-05-17,ARIMAX,60D,4,0.0230883983899792,0.005936217697394188,Normal
2019-05-20,ARIMAX,60D,4,0.0001303039108487,0.023706165814270153,Normal
2019-05-21,ARIMAX,60D,4,-0.0058684084841615,-0.003432911935561535,Normal
2019-05-22,ARIMAX,60D,4,0.0112830420519829,-0.006015763894568269,Normal
2019-05-23,ARIMAX,60D,4,0.0353019098576621,0.021593729140112178,Normal
2019-05-24,ARIMAX,60D,4,0.0260030507735096,0.03578355287483652,Normal
2019-05-28,ARIMAX,60D,4,0.0426269803311228,0.03127785894364968,Normal
2019-05-29,ARIMAX,60D,4,0.0490566875390756,0.04643554506761462,Normal
2019-05-30,ARIMAX,60D,4,0.0206715337412407,0.044908423406536876,Normal
2019-05-31,ARIMAX,60D,4,0.0448778517224916,0.025261839781666125,Normal
2019-06-03,ARIMAX,60D,4,0.0444386005762435,0.050129766724032535,Normal
2019-06-04,ARIMAX,60D,4,0.0297568250257282,0.025636015135442253,High
2019-06-05,ARIMAX,60D,4,0.0342355804880089,0.02286452508295659,Normal
2019-06-06,ARIMAX,60D,4,0.0287613205718813,0.02909019795215554,High
2019-06-07,ARIMAX,60D,4,0.0113953319919359,0.022337047397577355,High
2019-06-10,ARIMAX,60D,4,0.0175298371955919,0.01228249947695357,High
2019-06-11,ARIMAX,60D,4,0.0308056915753027,0.020015162402941225,Normal
2019-06-12,ARIMAX,60D,4,0.0337555402069171,0.030798792792305435,Normal
2019-06-13,ARIMAX,60D,4,0.0295725150251668,0.0321841649587472,Normal
2019-06-14,ARIMAX,60D,4,0.0315075792372509,0.0320203581969422,Normal
2019-06-17,ARIMAX,60D,4,0.0377799361312853,0.02944397008731669,Normal
2019-06-18,ARIMAX,60D,4,0.030984462816548,0.03189787061865941,Normal
2019-06-19,ARIMAX,60D,4,0.027279069146558,0.029342110256440807,Normal
2019-06-20,ARIMAX,60D,4,0.0147109508943291,0.023333396567841263,Normal
2019-06-21,ARIMAX,60D,4,0.0185493925465191,0.015490018562800266,Normal
2019-06-24,ARIMAX,60D,4,0.0206254142913732,0.02037506604226642,Normal
2019-06-25,ARIMAX,60D,4,0.0301871644536902,0.027813402296672347,Normal
2019-06-26,ARIMAX,60D,4,0.0265142610276139,0.029015510333933542,Normal
2019-06-27,ARIMAX,60D,4,0.0226014346171957,0.02309410231692751,Normal
2019-06-28,ARIMAX,60D,4,0.0084085038130445,0.016432294917341706,Normal
2019-07-01,ARIMAX,60D,4,0.0069051704440544,0.004696712440810555,Low
2019-07-02,ARIMAX,60D,4,0.0015494521574525,0.002349644951001484,Low
2019-07-03,ARIMAX,60D,4,-0.0114241780823603,-0.003889767562157231,Low
2019-07-05,ARIMAX,60D,4,-0.0045817336625631,-0.0074707260061778885,Low
2019-07-08,ARIMAX,60D,4,-0.0120686875978521,0.002549347813411728,Low
2019-07-09,ARIMAX,60D,4,-0.0313698848439499,-0.011342902142507737,Low
2019-07-10,ARIMAX,60D,4,-0.0279301270061657,-0.03221965446361205,Low
2019-07-11,ARIMAX,60D,4,-0.0160959613458552,-0.02916268480358318,Low
2019-07-12,ARIMAX,60D,4,-0.0251938479216032,-0.019260820130454354,Low
2019-07-15,ARIMAX,60D,4,-0.0410528612020973,-0.024647604519696782,Low
2019-07-16,ARIMAX,60D,4,-0.0285799801322411,-0.03787946273133758,Low
2019-07-17,ARIMAX,60D,4,-0.0156321122543654,-0.019863108378800644,Low
2019-07-18,ARIMAX,60D,4,-0.0083281302893955,-0.019033332767420537,Low
2019-07-19,ARIMAX,60D,4,-0.0035203224977698,0.0025974975693087267,Low
2019-07-22,ARIMAX,60D,4,0.003561421192469,-0.008715350044380892,Low
2019-07-23,ARIMAX,60D,4,-0.0052642685000011,-0.003506894672055499,Low
2019-07-24,ARIMAX,60D,4,-0.0071824393437015,-0.012463924891345308,Low
2019-07-25,ARIMAX,60D,4,-0.0058331885699018,-0.0010497376476043896,Low
2019-07-26,ARIMAX,60D,4,-0.006345610235351,-0.011627546255640362,Low
2019-07-29,ARIMAX,60D,4,-0.0083032375646705,-0.002543531681686719,Low
2019-07-30,ARIMAX,60D,4,-0.0028781488467953,-0.0033080810053298525,Low
2019-07-31,ARIMAX,60D,4,0.009985662764516,0.01338402203385739,Low
2019-08-01,ARIMAX,60D,4,0.0230896198439779,0.019244652928681515,Low
2019-08-02,ARIMAX,60D,4,0.0359648282996607,0.025931753811546568,Low
2019-08-05,ARIMAX,60D,4,0.0653622585128747,0.05929600273242651,Normal
2019-08-06,ARIMAX,60D,4,0.0556773240025654,0.05687156053856655,Normal
2019-08-07,ARIMAX,60D,4,0.0518833030341676,0.043956736588875764,Normal
2019-08-08,ARIMAX,60D,4,0.04291077112695,0.036100164693754974,High
2019-08-09,ARIMAX,60D,4,0.0532466100659196,0.04756438308064639,High
2019-08-12,ARIMAX,60D,4,0.0644540164700142,0.060686416377264164,High
2019-08-13,ARIMAX,60D,4,0.0501379207950019,0.052104708765211345,High
2019-08-14,ARIMAX,60D,4,0.0825946484938183,0.06930943319525293,High
2019-08-15,ARIMAX,60D,4,0.0826908149407538,0.08379602581323349,High
2019-08-16,ARIMAX,60D,4,0.0664033613551717,0.06599460943920327,High
2019-08-19,ARIMAX,60D,4,0.0559336090920372,0.053846648538061724,High
2019-08-20,ARIMAX,60D,4,0.064591105974269,0.06227431711452705,High
2019-08-21,ARIMAX,60D,4,0.0572148190313726,0.053005169289240844,High
2019-08-22,ARIMAX,60D,4,0.0653870507686243,0.0560150059459191,High
2019-08-23,ARIMAX,60D,4,0.0921789582142719,0.09056587099497235,High
2019-08-26,ARIMAX,60D,4,0.0806630753837815,0.08223551837887759,High
2019-08-27,ARIMAX,60D,4,0.0801081407633966,0.08458462600619422,High
2019-08-28,ARIMAX,60D,4,0.0719999831466448,0.07011134493295065,High
2019-08-29,ARIMAX,60D,4,0.0615650746479262,0.06275580290238723,High
2019-08-30,ARIMAX,60D,4,0.0684017457755166,0.05787256189839894,High
2019-09-03,ARIMAX,60D,4,0.0775179187531423,0.06950545350779555,High
2019-09-04,ARIMAX,60D,4,0.0708999291000208,0.07009574092776784,High
2019-09-05,ARIMAX,60D,4,0.0539547299482719,0.0599451018634999,High
2019-09-06,ARIMAX,60D,4,0.0443760554499313,0.05512460981892986,High
2019-09-09,ARIMAX,60D,4,0.0378098448707861,0.04162636747393601,High
2019-09-10,ARIMAX,60D,4,0.0437912500536252,0.032302051177346205,High
2019-09-11,ARIMAX,60D,4,0.038086704653868,0.042240031513126865,High
2019-09-12,ARIMAX,60D,4,0.0443059344060605,0.035820081574019016,Normal
2019-09-13,ARIMAX,60D,4,0.0418627775985523,0.042925335800955686,Normal
2019-09-16,ARIMAX,60D,4,0.0439057543459242,0.043734469878883325,Normal
2019-09-17,ARIMAX,60D,4,0.0442312665028129,0.04451597897272265,Normal
2019-09-18,ARIMAX,60D,4,0.052427300594101,0.04285898431575345,Normal
2019-09-19,ARIMAX,60D,4,0.052479905222386,0.053135978511889795,Normal
2019-09-20,ARIMAX,60D,4,0.0645098652698094,0.05669803980927847,Normal
2019-09-23,ARIMAX,60D,4,0.064942041916098,0.05927647153274574,Low
2019-09-24,ARIMAX,60D,4,0.0729616372391268,0.07742009507464113,Low
2019-09-25,ARIMAX,60D,4,0.0712713308190273,0.0645259022407489,Low
2019-09-26,ARIMAX,60D,4,0.0786357976329745,0.07255339376019233,Low
2019-09-27,ARIMAX,60D,4,0.0848321009264014,0.08495258507279702,Low
2019-09-30,ARIMAX,60D,4,0.0796017234086848,0.07744950051274223,Low
2019-10-01,ARIMAX,60D,4,0.0970509127641516,0.08913073540728074,Low
2019-10-02,ARIMAX,60D,4,0.1151503010914535,0.10963787271351444,Normal
2019-10-03,ARIMAX,60D,4,0.1014124002382368,0.10658391590047431,Low
2019-10-04,ARIMAX,60D,5,0.0902373056431684,0.08659857025187795,Normal
2019-10-07,ARIMAX,60D,5,0.1030695532791667,0.09293572648952864,Normal
2019-10-08,ARIMAX,60D,5,0.1116678034663222,0.11281970569735474,Normal
2019-10-09,ARIMAX,60D,5,0.1061316521457489,0.10287320903925157,Normal
2019-10-10,ARIMAX,60D,5,0.0969292746493716,0.09760473612557788,Normal
2019-10-11,ARIMAX,60D,5,0.0909401684612235,0.08984695886134672,Normal
2019-10-14,ARIMAX,60D,5,0.0989614642513489,0.08344334474888625,Normal
2019-10-15,ARIMAX,60D,5,0.086195756387355,0.08602509323570946,Normal
2019-10-16,ARIMAX,60D,5,0.0951492949864821,0.08715011293370668,Normal
2019-10-17,ARIMAX,60D,5,0.0908745921798109,0.09427395932535225,Normal
2019-10-18,ARIMAX,60D,5,0.0966700881332987,0.09313496427778707,Normal
2019-10-21,ARIMAX,60D,5,0.0981537214501969,0.08987447141942509,Normal
2019-10-22,ARIMAX,60D,5,0.1055834939560589,0.10131058910874956,Normal
2019-10-23,ARIMAX,60D,5,0.1000848902406426,0.10001845047517487,Normal
2019-10-24,ARIMAX,60D,5,0.0984553198781523,0.09809765017414257,Normal
2019-10-25,ARIMAX,60D,5,0.0955312165608546,0.08857554008862645,Normal
2019-10-28,ARIMAX,60D,5,0.080882107218543,0.09373384854469563,Normal
2019-10-29,ARIMAX,60D,5,0.0658591068181796,0.07888141006883857,Normal
2019-10-30,ARIMAX,60D,5,0.0726144009176749,0.059863369724122074,Normal
2019-10-31,ARIMAX,60D,5,0.0747745894086294,0.07562301124977759,Normal
2019-11-01,ARIMAX,60D,5,0.0682881157791931,0.0696253780518195,Low
2019-11-04,ARIMAX,60D,5,0.0467264264025176,0.06712147210236058,Low
2019-11-05,ARIMAX,60D,5,0.0551412548755708,0.04627705295177499,Low
2019-11-06,ARIMAX,60D,5,0.0693083202007874,0.05431165347236521,Low
2019-11-07,ARIMAX,60D,5,0.0777697236154795,0.06760991568108246,Low
2019-11-08,ARIMAX,60D,5,0.0785324755273658,0.07595453100589183,Low
2019-11-11,ARIMAX,60D,5,0.0750813799312446,0.07812425123512474,Low
2019-11-12,ARIMAX,60D,5,0.0808176467505549,0.07616426612270279,Low
2019-11-13,ARIMAX,60D,5,0.0817934138664408,0.07846755778459738,Low
2019-11-14,ARIMAX,60D,5,0.087398574357187,0.08169126067590864,Low
2019-11-15,ARIMAX,60D,5,0.0781007692192253,0.08050048100541579,Low
2019-11-18,ARIMAX,60D,5,0.0794395789949009,0.0769350555826531,Low
2019-11-19,ARIMAX,60D,5,0.0771081351084458,0.08059653719580107,Low
2019-11-20,ARIMAX,60D,5,0.0855661398136718,0.07756153011493512,Low
2019-11-21,ARIMAX,60D,5,0.0833273284718638,0.08479099190734157,Low
2019-11-22,ARIMAX,60D,5,0.0705809452966679,0.08128366540493896,Low
2019-11-25,ARIMAX,60D,5,0.0290136139887602,0.06305012414448843,Low
2019-11-26,ARIMAX,60D,5,-0.0039274540315333,0.02665120382600272,Low
2019-11-27,ARIMAX,60D,5,-0.011878886980363,-0.006128745158830765,Low
2019-11-29,ARIMAX,60D,5,-0.0530277371026352,-0.007646464963239233,Low
2019-12-02,ARIMAX,60D,5,-0.0526317165183246,-0.03944714047125558,Low
2019-12-03,ARIMAX,60D,5,-0.0009606224908662,-0.046751222635117676,Low
2019-12-04,ARIMAX,60D,5,-0.0357747650225508,-0.002575168623255134,Low
2019-12-05,ARIMAX,60D,5,0.0040624574114522,-0.03641316010997367,Low
2019-12-06,ARIMAX,60D,5,-0.0395425710589547,-0.002198487557057562,Low
2019-12-09,ARIMAX,60D,5,-0.0535756810268664,-0.034658997650075435,Low
2019-12-10,ARIMAX,60D,5,-0.1314885577982538,-0.050057697462217304,Low
2019-12-11,ARIMAX,60D,5,-0.0861774429017455,-0.1322573899402395,Low
2019-12-12,ARIMAX,60D,5,-0.144819003085906,-0.0913817953804784,Low
2019-12-13,ARIMAX,60D,5,-0.2448364346385943,-0.14265991845693987,Low
2019-12-16,ARIMAX,60D,5,-0.1631503886319012,-0.24697269363124646,Low
2019-12-17,ARIMAX,60D,5,-0.2911378221331797,-0.15838774485538065,Low
2019-12-18,ARIMAX,60D,5,-0.2324791158569651,-0.2857472853170636,Low
2019-12-19,ARIMAX,60D,5,-0.2901507670109097,-0.22930503628266974,Low
2019-12-20,ARIMAX,60D,5,-0.2903866018448428,-0.2853676585033099,Low
2019-12-23,ARIMAX,60D,5,-0.3355799946125081,-0.2832380047697573,Low
2019-12-24,ARIMAX,60D,5,-0.3651160283196166,-0.3278908375028692,Low
2019-12-26,ARIMAX,60D,5,-0.2805478582117074,-0.36133831112210396,Low
2019-12-27,ARIMAX,60D,5,-0.2691128519305432,-0.2685993207317401,Low
2019-12-30,ARIMAX,60D,5,-0.2027714247769467,-0.25635281417703604,Low
2019-12-31,ARIMAX,60D,5,-0.2399809609627638,-0.20302756098050934,Low
2020-01-02,ARIMAX,60D,5,-0.2153582657551059,-0.24295253836344388,Low
2020-01-03,ARIMAX,60D,5,-0.2244156671785671,-0.20610391541331333,Low
2020-01-06,ARIMAX,60D,5,-0.2730891751056266,-0.22080256397586934,Low
2020-01-07,ARIMAX,60D,5,-0.2477093429640714,-0.2635334354834754,Low
2020-01-08,ARIMAX,60D,5,-0.267852677275657,-0.24655522125173965,Low
2020-01-09,ARIMAX,60D,5,-0.2065176472477329,-0.26567881583153846,Low
2020-01-10,ARIMAX,60D,5,-0.2052627238085905,-0.19979587945771493,Low
2020-01-13,ARIMAX,60D,5,-0.1787253466632389,-0.20593288344563102,Low
2020-01-14,ARIMAX,60D,5,-0.1628261955226439,-0.17290143365410798,Low
2020-01-15,ARIMAX,60D,5,-0.1748507052110091,-0.15905792941191416,Low
2020-01-16,ARIMAX,60D,5,-0.1530678930609332,-0.17426362609390686,Low
2020-01-17,ARIMAX,60D,5,-0.1791993489807876,-0.15118066766443872,Low
2020-01-21,ARIMAX,60D,5,-0.1707440107716609,-0.17194156420234308,Low
2020-01-22,ARIMAX,60D,5,-0.1445921130470213,-0.164365306090058,Low
2020-01-23,ARIMAX,60D,5,-0.1637752848557273,-0.14315005803891898,Low
2020-01-24,ARIMAX,60D,5,-0.1858471106658642,-0.14810813208819854,Low
2020-01-27,ARIMAX,60D,5,-0.1473200577268835,-0.17229778070495327,Low
2020-01-28,ARIMAX,60D,5,-0.1578630088874316,-0.14632545658937918,Normal
2020-01-29,ARIMAX,60D,5,-0.1431736681770078,-0.1544674401010025,Low
2020-01-30,ARIMAX,60D,5,-0.131696256925483,-0.14620807563165594,Low
2020-01-31,ARIMAX,60D,5,-0.1190879835446038,-0.10923504099576563,Normal
2020-02-03,ARIMAX,60D,5,-0.1000797052607633,-0.1258651081668448,Normal
2020-02-04,ARIMAX,60D,5,-0.1242041644973242,-0.10576578986275104,Normal
2020-02-05,ARIMAX,60D,5,-0.1638521541710731,-0.1302889731349648,Normal
2020-02-06,ARIMAX,60D,5,-0.1629314866492255,-0.1619320820496368,Normal
2020-02-07,ARIMAX,60D,5,-0.1485160604419874,-0.1578828140242604,Normal
2020-02-10,ARIMAX,60D,5,-0.1628196309616034,-0.15131732542785362,Normal
2020-02-11,ARIMAX,60D,5,-0.1530677238927147,-0.1528837390023073,Normal
2020-02-12,ARIMAX,60D,5,-0.1427787819326914,-0.1549724205762166,Normal
2020-02-13,ARIMAX,60D,5,-0.141013936205912,-0.14010775037445256,Normal
2020-02-14,ARIMAX,60D,5,-0.1635691380764451,-0.13777066477678993,Normal
2020-02-18,ARIMAX,60D,5,-0.1782619207145773,-0.15674408337197596,Normal
2020-02-19,ARIMAX,60D,5,-0.171497751194791,-0.17571420293666376,Normal
2020-02-20,ARIMAX,60D,5,-0.1637562585630704,-0.1624144299573697,Normal
2020-02-21,ARIMAX,60D,5,-0.1221672405601772,-0.15106846880427724,Normal
2020-02-24,ARIMAX,60D,5,-0.0986189088513358,-0.09380587917873476,High
2020-02-25,ARIMAX,60D,5,-0.051357013862567,-0.058980488219960284,High
2020-02-26,ARIMAX,60D,5,-0.0553752848489906,-0.05133355003819451,High
2020-02-27,ARIMAX,60D,5,-0.0078562028099171,-0.015998083378611083,High
2020-02-28,ARIMAX,60D,5,0.0126305453211963,0.006170159626408364,High
2020-03-02,ARIMAX,60D,5,-0.0176618759579024,-0.024903602093083288,High
2020-03-03,ARIMAX,60D,5,0.0087384696400924,0.0068657827579719916,High
2020-03-04,ARIMAX,60D,5,-0.0277970861682327,-0.024976081574184822,High
2020-03-05,ARIMAX,60D,5,0.0104579127501126,-0.0029380262582393846,High
2020-03-06,ARIMAX,60D,5,0.0358361636848974,0.0276295247541999,High
2020-03-09,ARIMAX,60D,5,0.128403247437833,0.10594759126914703,High
2020-03-10,ARIMAX,60D,5,0.076813805928365,0.10344797965799661,High
2020-03-11,ARIMAX,60D,5,0.1527907115586064,0.11178101412588934,High
2020-03-12,ARIMAX,60D,5,0.2647052203668858,0.23390563206029483,High
2020-03-13,ARIMAX,60D,5,0.1680670699979278,0.2136645014681972,High
2020-03-16,ARIMAX,60D,5,0.2903920117355631,0.22468401839034943,High
2020-03-17,ARIMAX,60D,5,0.1714130061035825,0.28988745079728545,High
2020-03-18,ARIMAX,60D,5,0.2376115650408744,0.18851412397645964,High
2020-03-19,ARIMAX,60D,5,0.2411926648886486,0.2086126133265451,High
2020-03-20,ARIMAX,60D,5,0.304305141808726,0.27091479481982667,High
2020-03-23,ARIMAX,60D,5,0.3304298465856734,0.2571491292305358,High
2020-03-24,ARIMAX,60D,5,0.241340657471512,0.2665681497935679,High
2020-03-25,ARIMAX,60D,5,0.224206153485016,0.2472930733821455,High
2020-03-26,ARIMAX,60D,5,0.1701364157074279,0.18078952385373187,High
2020-03-27,ARIMAX,60D,5,0.2087024304405379,0.19265056055447644,High
2020-03-30,ARIMAX,60D,5,0.1495405742749009,0.186947233709775,High
2020-03-31,ARIMAX,60D,5,0.1765827127915347,0.1521804133226966,High
2020-04-01,ARIMAX,60D,5,0.1972038712494905,0.19473790831501558,High
2020-04-02,ARIMAX,60D,5,0.1892101023060638,0.17723258834404415,High
2020-04-03,ARIMAX,60D,5,0.2197553125677639,0.1807144279834835,High
2020-04-06,ARIMAX,60D,5,0.1567966323988042,0.16307416953333548,High
2020-04-07,ARIMAX,60D,5,0.1629319419239835,0.18424286496501552,High
2020-04-08,ARIMAX,60D,5,0.1451995015648621,0.11547126808791425,High
2020-04-09,ARIMAX,60D,5,0.1199385533915191,0.12738832784669601,High
2020-04-13,ARIMAX,60D,5,0.1378915990996266,0.13544531389855194,High
2020-04-14,ARIMAX,60D,5,0.1021174480511244,0.10881023513828517,High
2020-04-15,ARIMAX,60D,5,0.1348059904979366,0.1208393648310166,High
2020-04-16,ARIMAX,60D,5,0.1195995074423363,0.13391871420690876,High
2020-04-17,ARIMAX,60D,5,0.1064758760039197,0.10415265528868577,High
2020-04-20,ARIMAX,60D,5,0.1335597785556226,0.11486635178996146,High
2020-04-21,ARIMAX,60D,5,0.1613029785778379,0.15985240022423614,High
2020-04-22,ARIMAX,60D,5,0.1414762405832847,0.1563264485158945,High
2020-04-23,ARIMAX,60D,5,0.1503876054986206,0.13770977148474442,High
2020-04-24,ARIMAX,60D,5,0.1382431442663414,0.14525567744669582,High
2020-04-27,ARIMAX,60D,5,0.1293669066790793,0.10918424520960214,High
2020-04-28,ARIMAX,60D,5,0.1222266984573162,0.13519595810744528,High
2020-04-29,ARIMAX,60D,5,0.0897803543879671,0.10115474472234234,High
2020-04-30,ARIMAX,60D,5,0.1064034265285042,0.09041904778474769,High
2020-05-01,ARIMAX,60D,5,0.1283692021246338,0.13210718017289375,High
2020-05-04,ARIMAX,60D,5,0.1364801628975269,0.12137985388811497,High
2020-05-05,ARIMAX,60D,5,0.1237229259362923,0.14238106311215243,High
2020-05-06,ARIMAX,60D,5,0.1383680425775113,0.12815263267218144,High
2020-05-07,ARIMAX,60D,5,0.1340844494869794,0.12973917380869573,High
2020-05-08,ARIMAX,60D,5,0.1209590774478866,0.11237254884978237,High
2020-05-11,ARIMAX,60D,5,0.1272351685166139,0.11155695346044346,High
2020-05-12,ARIMAX,60D,5,0.1543556603093262,0.1574323121874679,High
2020-05-13,ARIMAX,60D,5,0.172605486203563,0.1656029260001496,High
2020-05-14,ARIMAX,60D,5,0.1638850336728834,0.15643711736155966,High
2020-05-15,ARIMAX,60D,5,0.1519653030677831,0.16337602378825708,High
2020-05-18,ARIMAX,60D,5,0.1348495965913232,0.13153496527806824,High
2020-05-19,ARIMAX,60D,5,0.143340071626766,0.13433211095587091,High
2020-05-20,ARIMAX,60D,5,0.1266541836170713,0.13034771422209238,High
2020-05-21,ARIMAX,60D,5,0.1371643294344483,0.1309085689384807,High
2020-05-22,ARIMAX,60D,5,0.1371141241674528,0.13442105633374044,High
2020-05-26,ARIMAX,60D,5,0.1204857158008104,0.13780440614566636,High
2020-05-27,ARIMAX,60D,5,0.1089209230788422,0.10757008839646282,High
2020-05-28,ARIMAX,60D,5,0.1144662623867342,0.1200167230394035,High
2020-05-29,ARIMAX,60D,5,0.1196590841993297,0.10494939330990027,High
2020-06-01,ARIMAX,60D,5,0.1195047674665055,0.11307823922916052,High
2020-06-02,ARIMAX,60D,5,0.1214714615289484,0.11716894847203645,High
2020-06-03,ARIMAX,60D,5,0.1095864367481935,0.1133238134650553,High
2020-06-04,ARIMAX,60D,5,0.1196708286813728,0.10835666474073136,High
2020-06-05,ARIMAX,60D,5,0.0915994406842282,0.10698675775030339,High
2020-06-08,ARIMAX,60D,5,0.0871266156991282,0.08835725049016574,High
2020-06-09,ARIMAX,60D,5,0.1102054092627199,0.09899746075290894,High
2020-06-10,ARIMAX,60D,5,0.0797750708557166,0.11575724043610401,High
2020-06-11,ARIMAX,60D,5,0.1323614830977306,0.12381172866500462,High
2020-06-12,ARIMAX,60D,5,0.091236367406052,0.14244185552225458,High
2020-06-15,ARIMAX,60D,5,0.1029032672500572,0.06419971679526648,High
2020-06-16,ARIMAX,60D,5,0.0663771684579512,0.10587129598342757,High
2020-06-17,ARIMAX,60D,5,0.070516894848668,0.06389653053673837,High
2020-06-18,ARIMAX,60D,5,0.0825841864698891,0.05838170622986792,High
2020-06-19,ARIMAX,60D,5,0.0934554859660624,0.09472716056186645,High
2020-06-22,ARIMAX,60D,5,0.0823517457772523,0.0835162678346859,High
2020-06-23,ARIMAX,60D,5,0.0696056270572161,0.0807044936730705,High
2020-06-24,ARIMAX,60D,5,0.0845553157050498,0.08931574832782825,High
2020-06-25,ARIMAX,60D,5,0.062016923949534,0.070397501421614,High
2020-06-26,ARIMAX,60D,5,0.0970051446227411,0.081776775970399,High
2020-06-29,ARIMAX,60D,5,0.0584189175948333,0.0821276740688058,High
2020-06-30,ARIMAX,60D,5,0.0461095737137068,0.04513113257285709,High
2020-07-01,ARIMAX,60D,5,0.0569504489620244,0.041988543288192605,High
2020-07-02,ARIMAX,60D,5,0.0684016703390619,0.05462354370323564,High
2020-07-06,ARIMAX,60D,5,0.0478204568024545,0.057598958315556115,High
2020-07-07,ARIMAX,60D,5,0.0669177772404776,0.06346393343255191,High
2020-07-08,ARIMAX,60D,5,0.0643997405413424,0.06157203029787665,High
2020-07-09,ARIMAX,60D,5,0.0604355191511662,0.07031896421520696,High
2020-07-10,ARIMAX,60D,5,0.0678368183796241,0.04469108419131859,High
2020-07-13,ARIMAX,60D,5,0.0631713992081599,0.08877274344591615,High
2020-07-14,ARIMAX,60D,5,0.0671012623954973,0.051397890978381586,High
2020-07-15,ARIMAX,60D,5,0.0660384183540117,0.06622678146480158,High
2020-07-16,ARIMAX,60D,5,0.0782054287488797,0.06076525711946232,High
2020-07-17,ARIMAX,60D,5,0.0916433963196205,0.07630870626463862,High
2020-07-20,ARIMAX,60D,5,0.0769447074353169,0.07634849091489478,High
2020-07-21,ARIMAX,60D,5,0.0686219060166973,0.08072440829598682,High
2020-07-22,ARIMAX,60D,5,0.0613623519080105,0.0639672330788444,High
2020-07-23,ARIMAX,60D,5,0.0738936407768879,0.06993705899497507,High
2020-07-24,ARIMAX,60D,5,0.0636386172862214,0.07579137837104677,High
2020-07-27,ARIMAX,60D,5,0.0609868837847403,0.05449278685135914,Normal
2020-07-28,ARIMAX,60D,5,0.0652832051918163,0.06800754517540157,Normal
2020-07-29,ARIMAX,60D,5,0.0581367758435649,0.05816218256545665,Normal
2020-07-30,ARIMAX,60D,5,0.0653339159274092,0.05814250032063217,Normal
2020-07-31,ARIMAX,60D,5,0.0389282066999108,0.06491943235940315,Normal
2020-08-03,ARIMAX,60D,5,0.0287426386851066,0.037833725642368164,Normal
2020-08-04,ARIMAX,60D,5,-0.0107883264496048,0.023005766458350743,Normal
2020-08-05,ARIMAX,60D,5,-0.0053209619451252,-0.011125549112024232,Normal
2020-08-06,ARIMAX,60D,5,-0.0239318014110501,-0.011323479291982519,Normal
2020-08-07,ARIMAX,60D,5,-0.012321679790415,-0.020470035024097503,Normal
2020-08-10,ARIMAX,60D,5,0.0025825926202708,-0.012533811661030462,Normal
2020-08-11,ARIMAX,60D,5,0.0323911736767398,0.016309346134493117,Normal
2020-08-12,ARIMAX,60D,5,0.0377649371598274,0.024167189896210518,Normal
2020-08-13,ARIMAX,60D,5,0.0395264532506104,0.037484367695583685,Normal
2020-08-14,ARIMAX,60D,5,0.0513303253932337,0.03879760248507684,Normal
2020-08-17,ARIMAX,60D,5,0.0472233726649423,0.05077286179171948,Normal
2020-08-18,ARIMAX,60D,5,0.052545360608117,0.044126476267867115,Normal
2020-08-19,ARIMAX,60D,5,0.0469308324062297,0.060609292116544713,Normal
2020-08-20,ARIMAX,60D,5,0.0572957243441774,0.04139183723918524,Low
2020-08-21,ARIMAX,60D,5,0.0654412592840376,0.05647616726820369,Low
2020-08-24,ARIMAX,60D,5,0.0506442001344866,0.06229811410721612,Low
2020-08-25,ARIMAX,60D,5,0.0354230897414651,0.04821276761718454,Low
2020-08-26,ARIMAX,60D,5,0.0292177640873564,0.03257999304875497,Low
2020-08-27,ARIMAX,60D,5,0.0207303806826285,0.03623497844907148,Low
2020-08-28,ARIMAX,60D,5,0.0196404860149079,0.018716689819066375,Low
2020-08-31,ARIMAX,60D,5,0.0378703200044482,0.02766265734043502,Low
2020-09-01,ARIMAX,60D,5,0.0287878138282328,0.040457323402601574,Low
2020-09-02,ARIMAX,60D,5,0.0159328747102643,0.024759387388217067,Low
2020-09-03,ARIMAX,60D,5,0.0470843282154775,0.05469087305103092,High
2020-09-04,ARIMAX,60D,5,0.0664587496313456,0.05226331853133341,High
2020-09-08,ARIMAX,60D,5,0.0963971432464166,0.06889286322323375,High
2020-09-09,ARIMAX,60D,5,0.0758280305039419,0.07957187913981317,High
2020-09-10,ARIMAX,60D,5,0.1023667401445244,0.09303560701414773,High
2020-09-11,ARIMAX,60D,5,0.0998962965474738,0.08618745468681827,High
2020-09-14,ARIMAX,60D,5,0.0900182326926214,0.08231684488555735,High
2020-09-15,ARIMAX,60D,5,0.07683148181365,0.08435265210322022,High
2020-09-16,ARIMAX,60D,5,0.0801751941780301,0.08312859359558025,High
2020-09-17,ARIMAX,60D,5,0.0873573456223497,0.07620805723837487,High
2020-09-18,ARIMAX,60D,5,0.0942341343250311,0.09627035483529839,High
2020-09-21,ARIMAX,60D,5,0.1187111803745477,0.0967186501966343,High
2020-09-22,ARIMAX,60D,5,0.1100193895964948,0.11651087404370473,High
2020-09-23,ARIMAX,60D,5,0.1397678713198521,0.12904928149043904,High
2020-09-24,ARIMAX,60D,5,0.1332675688130745,0.1289478109065178,High
2020-09-25,ARIMAX,60D,5,0.1135032011019767,0.11734039798034007,High
2020-09-28,ARIMAX,60D,5,0.0954457645563518,0.10598537883362154,High
2020-09-29,ARIMAX,60D,5,0.1010155805326146,0.10052895023347005,High
2020-09-30,ARIMAX,60D,5,0.096326087943722,0.09163364411374855,High
2020-10-01,ARIMAX,60D,5,0.0997318459178384,0.10034957797424152,High
2020-10-02,ARIMAX,60D,5,0.1071257939569304,0.10017359325017806,High
2020-10-05,ARIMAX,60D,5,0.0906533330491087,0.10016875891542062,High
2020-10-06,ARIMAX,60D,5,0.1111436021483357,0.10354166499035435,High
2020-10-07,ARIMAX,60D,5,0.0790316756660683,0.10023219757034635,High
2020-10-08,ARIMAX,60D,5,0.078111094154561,0.07065532589787299,High
2020-10-09,ARIMAX,60D,5,0.0750496023562823,0.06730318228194268,High
2020-10-12,ARIMAX,60D,5,0.0735053323057111,0.06968030733341662,High
2020-10-13,ARIMAX,60D,5,0.0853090613283895,0.0807935599451618,High
2020-10-14,ARIMAX,60D,5,0.0853779057958277,0.09142482854898278,High
2020-10-15,ARIMAX,60D,5,0.0873225313406104,0.08005332914128374,High
2020-10-16,ARIMAX,60D,5,0.089460677270706,0.09215562477383901,High
2020-10-19,ARIMAX,60D,5,0.1021648277169054,0.10477332247013457,High
2020-10-20,ARIMAX,60D,5,0.0902326315986257,0.09584804602949998,High
2020-10-21,ARIMAX,60D,5,0.1005342032459577,0.08645838347352978,High
2020-10-22,ARIMAX,60D,5,0.1091682666189773,0.09412096797967566,High
2020-10-23,ARIMAX,60D,5,0.1060451014599013,0.1090123462825307,High
2020-10-26,ARIMAX,60D,5,0.1217944217822854,0.12210160051784935,High
2020-10-27,ARIMAX,60D,5,0.1284339446457484,0.1289381058809172,High
2020-10-28,ARIMAX,60D,5,0.1628695435931726,0.15742361037762903,High
2020-10-29,ARIMAX,60D,5,0.1249797035270748,0.15865093816205195,High
2020-10-30,ARIMAX,60D,5,0.1468967157510952,0.12773983362381,High
2015-06-10,ARIMAX,120D,1,-0.0118455038770558,-0.00644967703496269,Low
2015-06-11,ARIMAX,120D,1,-0.0029586816868445,-0.014427776472825136,Low
2015-06-12,ARIMAX,120D,1,-0.0069963996731908,0.003938219480533585,Low
2015-06-15,ARIMAX,120D,1,-0.0168409364955695,-0.002123207135677067,Low
2015-06-16,ARIMAX,120D,1,-0.0021968106474721,-0.018041448095718098,Low
2015-06-17,ARIMAX,120D,1,-0.0111885390029427,-0.0011152989639963123,Low
2015-06-18,ARIMAX,120D,1,-0.0275535916825461,-0.019479913236109238,Low
2015-06-19,ARIMAX,120D,1,-0.0300050628102892,-0.02383906736684161,Low
2015-06-22,ARIMAX,120D,1,-0.0338325742132368,-0.03596697042122119,Low
2015-06-23,ARIMAX,120D,1,-0.0540821083942456,-0.03701302744163564,Low
2015-06-24,ARIMAX,120D,1,-0.0419573546118723,-0.046893634089272836,Low
2015-06-25,ARIMAX,120D,1,-0.0284167703493615,-0.03614879443305627,Low
2015-06-26,ARIMAX,120D,1,-0.0136159789536676,-0.02841264527597326,Low
2015-06-29,ARIMAX,120D,1,-0.0076837860809325,0.010214060891123426,Normal
2015-06-30,ARIMAX,120D,1,-0.0282962434405068,-0.004965967839365822,Normal
2015-07-01,ARIMAX,120D,1,-0.0274600331479877,-0.03790625291289307,Normal
2015-07-02,ARIMAX,120D,1,-0.0183738673668721,-0.030253799271382702,Normal
2015-07-06,ARIMAX,120D,1,-0.0021630381404209,-0.013778795108697207,Normal
2015-07-07,ARIMAX,120D,1,-0.009825514138153,-0.010720103889632508,Normal
2015-07-08,ARIMAX,120D,1,0.0047865143176825,0.006997854535116029,Normal
2015-07-09,ARIMAX,120D,1,0.0131005308458854,0.01076958152287016,Normal
2015-07-10,ARIMAX,120D,1,-0.0064058543229008,0.0008255775883999131,Normal
2015-07-13,ARIMAX,120D,1,-0.0268676078717238,-0.02346803852787307,Normal
2015-07-14,ARIMAX,120D,1,-0.0467329229060299,-0.03430326131570483,Normal
2015-07-15,ARIMAX,120D,1,-0.0439874624659328,-0.047736614651403844,Normal
2015-07-16,ARIMAX,120D,1,-0.0651723589130346,-0.05005114545555204,Normal
2015-07-17,ARIMAX,120D,1,-0.09026374705683,-0.06298553011075776,Normal
2015-07-20,ARIMAX,120D,1,-0.1019322211266795,-0.08900793384677658,Normal
2015-07-21,ARIMAX,120D,1,-0.0968085165881338,-0.09575915917884373,Normal
2015-07-22,ARIMAX,120D,1,-0.0866454374501689,-0.09629350380239092,Normal
2015-07-23,ARIMAX,120D,1,-0.1062356023166985,-0.08136367335939816,Normal
2015-07-24,ARIMAX,120D,1,-0.0789165206856534,-0.09691389489358362,Normal
2015-07-27,ARIMAX,120D,1,-0.0949605383187515,-0.07244077067420637,Normal
2015-07-28,ARIMAX,120D,1,-0.106738931933212,-0.10470102101452866,Normal
2015-07-29,ARIMAX,120D,1,-0.125793840886494,-0.11366684069087467,Normal
2015-07-30,ARIMAX,120D,1,-0.1206402191545682,-0.12560419938595122,Normal
2015-07-31,ARIMAX,120D,1,-0.098285388471303,-0.11974732561475625,Normal
2015-08-03,ARIMAX,120D,1,-0.1112862396992198,-0.09684309323424967,Normal
2015-08-04,ARIMAX,120D,1,-0.0949887627019191,-0.10559128795759486,Normal
2015-08-05,ARIMAX,120D,1,-0.1090215231879382,-0.09648564689788418,Low
2015-08-06,ARIMAX,120D,1,-0.0957249765477846,-0.10049737642147726,Low
2015-08-07,ARIMAX,120D,1,-0.0683873026968904,-0.09240962444276883,Low
2015-08-10,ARIMAX,120D,1,-0.0815574731744574,-0.07754321770614182,Low
2015-08-11,ARIMAX,120D,1,-0.0908753772125065,-0.07105775631915151,Low
2015-08-12,ARIMAX,120D,1,-0.0868453608291471,-0.08963215662642084,Low
2015-08-13,ARIMAX,120D,1,-0.0840437666682424,-0.08557867550659823,Low
2015-08-14,ARIMAX,120D,1,-0.1066022572189535,-0.08794209266545545,Low
2015-08-17,ARIMAX,120D,1,-0.1260552068514137,-0.10673514465973347,Low
2015-08-18,ARIMAX,120D,1,-0.1240900645625408,-0.12155633818459607,Low
2015-08-19,ARIMAX,120D,1,-0.1159898962837046,-0.11325131905660632,Low
2015-08-20,ARIMAX,120D,1,-0.1070413831588146,-0.09365103364096355,Normal
2015-08-21,ARIMAX,120D,1,-0.0553421254298903,-0.06495419815731213,High
2015-08-24,ARIMAX,120D,1,0.0012510566583137,0.009650795199429019,High
2015-08-25,ARIMAX,120D,1,0.0312114170266108,0.01888022438480602,High
2015-08-26,ARIMAX,120D,1,-0.0117565145318553,-0.021591442224994664,High
2015-08-27,ARIMAX,120D,1,-0.0357898023033472,-0.038543206404237085,High
2015-08-28,ARIMAX,120D,1,-0.0220476223611473,-0.04293570973548279,High
2015-08-31,ARIMAX,120D,1,-0.0261531212679516,-0.01663957341217119,High
2015-09-01,ARIMAX,120D,1,0.0082994886091083,0.0024343418221090957,High
2015-09-02,ARIMAX,120D,1,0.0014561839163443,-0.012441081654571612,High
2015-09-03,ARIMAX,120D,1,-0.0015797971126392,-0.002598476268846503,High
2015-09-04,ARIMAX,120D,1,0.0057143805500653,0.011936054945464986,High
2015-09-08,ARIMAX,120D,1,0.0045291287546455,-0.013747741771741748,High
2015-09-09,ARIMAX,120D,1,0.0226101143848321,0.013402415798701724,High
2015-09-10,ARIMAX,120D,1,0.0208386732602132,0.015317128901877718,High
2015-09-11,ARIMAX,120D,1,0.0196621066811688,0.013221642894640874,High
2015-09-14,ARIMAX,120D,1,0.0246447707050765,0.022165663870466458,High
2015-09-15,ARIMAX,120D,1,0.0005913270176379,0.01920797537910709,High
2015-09-16,ARIMAX,120D,1,-0.0030367409149237,-0.009628464404789441,High
2015-09-17,ARIMAX,120D,1,-0.000316603675241,-0.0005185795444422325,High
2015-09-18,ARIMAX,120D,1,0.0322421728679938,0.009518820275628177,High
2015-09-21,ARIMAX,120D,1,0.0264250122177092,0.017903887878137306,High
2015-09-22,ARIMAX,120D,1,0.0369813113027695,0.03176825820109899,High
2015-09-23,ARIMAX,120D,1,0.0446167834141434,0.039054676228128526,High
2015-09-24,ARIMAX,120D,1,0.0545590183540461,0.05234199457455152,High
2015-09-25,ARIMAX,120D,1,0.0594208874062928,0.05945645431274275,High
2015-09-28,ARIMAX,120D,1,0.0864071904733942,0.0846936499455889,High
2015-09-29,ARIMAX,120D,1,0.0842973236636403,0.08064966150039565,High
2015-09-30,ARIMAX,120D,1,0.058994915529408,0.06275271793087762,High
2015-10-01,ARIMAX,120D,1,0.056644835071694,0.055931116321500905,High
2015-10-02,ARIMAX,120D,1,0.0429761489433608,0.04120837210891416,High
2015-10-05,ARIMAX,120D,1,0.0336295674790959,0.02403248439725626,High
2015-10-06,ARIMAX,120D,1,0.0415651368168053,0.04095360481758492,High
2015-10-07,ARIMAX,120D,1,0.0315197745996317,0.034406122589456176,High
2015-10-08,ARIMAX,120D,1,0.029050953521673,0.02459095506728102,High
2015-10-09,ARIMAX,120D,1,0.0251126249153031,0.03091050862501019,High
2015-10-12,ARIMAX,120D,1,0.0136416620261755,0.02382482727827577,High
2015-10-13,ARIMAX,120D,1,0.0309432836483158,0.01986445517686223,High
2015-10-14,ARIMAX,120D,1,0.0236226405902501,0.03860142649783546,High
2015-10-15,ARIMAX,120D,1,0.0116617918435115,0.011028448531017452,High
2015-10-16,ARIMAX,120D,1,0.0043581845802106,0.004654949129896171,High
2015-10-19,ARIMAX,120D,1,0.0137034295177276,0.0035119597561470888,High
2015-10-20,ARIMAX,120D,1,0.0251156003421791,0.013693255735663238,Normal
2015-10-21,ARIMAX,120D,1,0.0311309616834458,0.03199832531887052,Normal
2015-10-22,ARIMAX,120D,1,0.0136553450947057,0.018612226749604378,High
2015-10-23,ARIMAX,120D,1,0.009205116739461,0.007342289221098808,High
2015-10-26,ARIMAX,120D,1,0.0141997876434275,0.01159839802381962,Normal
2015-10-27,ARIMAX,120D,1,0.0175184285577498,0.01707347351142718,Normal
2015-10-28,ARIMAX,120D,1,0.0005403772123141,0.009794536722574751,Normal
2015-10-29,ARIMAX,120D,1,0.0010381111725156,0.004126547433684867,Normal
2015-10-30,ARIMAX,120D,1,0.0040459032401782,0.009499903807950513,Normal
2015-11-02,ARIMAX,120D,1,-0.0058869729243995,-0.003312108800281024,Normal
2015-11-03,ARIMAX,120D,1,-0.0069633317377203,-0.006476317022753124,Normal
2015-11-04,ARIMAX,120D,1,-0.0126853008596348,0.0021904301599782123,Normal
2015-11-05,ARIMAX,120D,1,-0.0166284603336937,-0.010694701678078778,Normal
2015-11-06,ARIMAX,120D,1,-0.008501171856426,-0.019901429262485792,Normal
2015-11-09,ARIMAX,120D,1,-0.0073443805883193,0.001985817607164448,Normal
2015-11-10,ARIMAX,120D,1,-0.0148084184472416,-0.009047870872375966,Normal
2015-11-11,ARIMAX,120D,1,-0.0118141478184668,-0.014297423004819168,Normal
2015-11-12,ARIMAX,120D,1,0.0054446260717184,0.004072722264338077,Normal
2015-11-13,ARIMAX,120D,1,0.0174684798114836,0.017586396015553857,Normal
2015-11-16,ARIMAX,120D,1,0.0150815422532867,0.003513894464025183,Normal
2015-11-17,ARIMAX,120D,1,0.0068142963936645,0.018044348451427567,Normal
2015-11-18,ARIMAX,120D,1,-0.0093884127514719,-0.006641522472706418,Normal
2015-11-19,ARIMAX,120D,1,-0.0167791065842452,-0.008436462397412072,Normal
2015-11-20,ARIMAX,120D,1,-0.0108330854747818,-0.021647833624799787,Normal
2015-11-23,ARIMAX,120D,1,-0.0190533251852606,-0.010224624965629762,Normal
2015-11-24,ARIMAX,120D,1,-0.0200694174438199,-0.01960248721639099,Normal
2015-11-25,ARIMAX,120D,1,-0.0236538713515734,-0.016221272555638842,Normal
2015-11-27,ARIMAX,120D,1,-0.0182458536882498,-0.025976890925433396,Normal
2015-11-30,ARIMAX,120D,1,-0.0156816901167329,-0.012444515884838494,Normal
2015-12-01,ARIMAX,120D,1,-0.0127169915294821,-0.022321458856179387,Normal
2015-12-02,ARIMAX,120D,1,0.0052901307615502,-0.0027449348550263805,Normal
2015-12-03,ARIMAX,120D,1,0.0195574911557718,0.018580987751069818,Normal
2015-12-04,ARIMAX,120D,1,0.0035173297313601,0.00039190477986195994,Normal
2015-12-07,ARIMAX,120D,1,0.0095256050711679,0.007215928563852598,Normal
2015-12-08,ARIMAX,120D,1,0.0171710563506887,0.01710160931872922,Normal
2015-12-09,ARIMAX,120D,1,0.0277608388833675,0.027958686649288158,Normal
2015-12-10,ARIMAX,120D,1,0.0225959200680782,0.025158697793539016,Normal
2015-12-11,ARIMAX,120D,1,0.0470951163432571,0.04630535843730134,High
2015-12-14,ARIMAX,120D,1,0.0436394439083865,0.044516573817861074,Normal
2015-12-15,ARIMAX,120D,1,0.0363809657744268,0.03234199669077901,Normal
2015-12-16,ARIMAX,120D,1,0.0202510945257618,0.019335999203534786,High
2015-12-17,ARIMAX,120D,1,0.0261883387514721,0.031663114085321895,Normal
2015-12-18,ARIMAX,120D,1,0.0359975349688694,0.03495893349659316,High
2015-12-21,ARIMAX,120D,1,0.0264487231697412,0.026276196738481555,High
2015-12-22,ARIMAX,120D,1,0.0158282185143621,0.015819314307350577,High
2015-12-23,ARIMAX,120D,1,0.0066147150978537,0.006430475120472786,High
2015-12-24,ARIMAX,120D,1,0.0049513463571084,0.006381784812332644,High
2015-12-28,ARIMAX,120D,1,0.0129236655918372,0.005775312586165888,High
2015-12-29,ARIMAX,120D,1,0.0050583920230241,0.00897848383052625,High
2015-12-30,ARIMAX,120D,1,0.0106488618102269,0.015255063392499936,High
2015-12-31,ARIMAX,120D,1,0.0333809139236497,0.019342078846555047,High
2016-01-04,ARIMAX,120D,1,0.0122221629158731,0.04577896131693209,High
2016-01-05,ARIMAX,120D,1,-0.0080502877351894,0.01104197156545144,High
2016-01-06,ARIMAX,120D,1,0.0227659968715243,0.0007960758406000551,High
2016-01-07,ARIMAX,120D,1,0.063641056362123,0.04422754257390148,High
2016-01-08,ARIMAX,120D,1,0.088012456957437,0.07607755270131614,High
2016-01-11,ARIMAX,120D,1,0.0891062549546465,0.0805813354531197,High
2016-01-12,ARIMAX,120D,1,0.0744627118512731,0.07203613449038519,High
2016-01-13,ARIMAX,120D,1,0.1050837739874581,0.09383110424453964,High
2016-01-14,ARIMAX,120D,1,0.0876537551663411,0.08625538019697129,High
2016-01-15,ARIMAX,120D,1,0.124627714430496,0.10980152102572402,High
2016-01-19,ARIMAX,120D,1,0.1274988535550655,0.12124480522968867,High
2016-01-20,ARIMAX,120D,1,0.1462464618883094,0.13326453266337962,High
2016-01-21,ARIMAX,120D,1,0.141199231927343,0.1373429815180607,High
2016-01-22,ARIMAX,120D,1,0.1263639278468265,0.12241880082670427,High
2016-01-25,ARIMAX,120D,1,0.1411960939597767,0.13296699707529575,High
2016-01-26,ARIMAX,120D,1,0.1295303179512776,0.12672050032639692,High
2016-01-27,ARIMAX,120D,1,0.1390170357513906,0.1363372132767613,High
2016-01-28,ARIMAX,120D,1,0.1377648933495631,0.13269669078684304,High
2016-01-29,ARIMAX,120D,1,0.1096871724984815,0.11918222202731571,High
2016-02-01,ARIMAX,120D,1,0.1146741341335336,0.1072640364437372,High
2016-02-02,ARIMAX,120D,1,0.1305790841118354,0.12972022544725212,High
2016-02-03,ARIMAX,120D,1,0.1259221962509806,0.1243807924428681,High
2016-02-04,ARIMAX,120D,1,0.1231973670116485,0.12289605750147187,High
2016-02-05,ARIMAX,120D,1,0.1434564457360928,0.13943625884325883,High
2016-02-08,ARIMAX,120D,1,0.1593414837768079,0.1518965632755233,High
2016-02-09,ARIMAX,120D,1,0.158734730276077,0.15816220219545202,High
2016-02-10,ARIMAX,120D,1,0.1525417575941703,0.16195381902860678,High
2016-02-11,ARIMAX,120D,1,0.1680482476394977,0.1583150056696011,High
2016-02-12,ARIMAX,120D,1,0.1489307817319408,0.14951132169848522,High
2016-02-16,ARIMAX,120D,1,0.141115741279636,0.1308978470476141,High
2016-02-17,ARIMAX,120D,1,0.123862053362453,0.12844564732223973,High
2016-02-18,ARIMAX,120D,1,0.1289284034729436,0.12351633393517389,High
2016-02-19,ARIMAX,120D,1,0.1260856396912573,0.12083070087346341,High
2016-02-22,ARIMAX,120D,1,0.1164583236946248,0.11783670424799775,High
2016-02-23,ARIMAX,120D,1,0.1281945378784992,0.12770724789880036,High
2016-02-24,ARIMAX,120D,1,0.1265535941383889,0.12797932737600778,High
2016-02-25,ARIMAX,120D,1,0.1097750851914601,0.11446665496100929,High
2016-02-26,ARIMAX,120D,1,0.1135137965271801,0.11202111979515383,High
2016-02-29,ARIMAX,120D,1,0.1238651293151345,0.1251527353577604,High
2016-03-01,ARIMAX,120D,1,0.0988354343447477,0.1004475892882392,High
2016-03-02,ARIMAX,120D,1,0.0941860026003227,0.09206060824075357,High
2016-03-03,ARIMAX,120D,1,0.0926432354583673,0.09261862001047858,High
2016-03-04,ARIMAX,120D,1,0.0840887403327538,0.09062830711980081,High
2016-03-07,ARIMAX,120D,1,0.0818379571352444,0.0807691715066561,High
2016-03-08,ARIMAX,120D,1,0.0915616489525374,0.09408361612545245,High
2016-03-09,ARIMAX,120D,1,0.0917364045983975,0.08758968455727724,High
2016-03-10,ARIMAX,120D,1,0.0896250203941523,0.09269598274537585,High
2016-03-11,ARIMAX,120D,1,0.0709837836997382,0.07393995784099484,Normal
2016-03-14,ARIMAX,120D,1,0.0722041669269385,0.0743320428903782,Normal
2016-03-15,ARIMAX,120D,1,0.0782350394602912,0.07313658121145535,Normal
2016-03-16,ARIMAX,120D,1,0.0756275539485165,0.0732735778314105,Normal
2016-03-17,ARIMAX,120D,1,0.0689075749416268,0.06672602640258474,Normal
2016-03-18,ARIMAX,120D,1,0.0622861194981306,0.06757320767098825,Normal
2016-03-21,ARIMAX,120D,1,0.0364732851830017,0.06205298777471868,Normal
2016-03-22,ARIMAX,120D,1,0.0519214453132084,0.03512248767260061,Normal
2016-03-23,ARIMAX,120D,1,0.0433862065656645,0.05917107705380257,Normal
2016-03-24,ARIMAX,120D,1,0.0431764989452286,0.04415395568239908,Normal
2016-03-28,ARIMAX,120D,1,0.052689908506596,0.044057776760564236,Normal
2016-03-29,ARIMAX,120D,1,0.0401324686567868,0.044860237342306965,Normal
2016-03-30,ARIMAX,120D,1,0.0357729854293958,0.03913951193110077,Low
2016-03-31,ARIMAX,120D,1,0.0381139212732507,0.03701577643282432,Low
2016-04-01,ARIMAX,120D,1,0.0426609625402868,0.03307203608390211,Low
2016-04-04,ARIMAX,120D,1,0.0523531945037834,0.04642657073736523,Low
2016-04-05,ARIMAX,120D,1,0.0567961999558592,0.06323437057494469,Low
2016-04-06,ARIMAX,120D,1,0.03771855190593,0.04693647776748008,Low
2016-04-07,ARIMAX,120D,1,0.056190121041233,0.0487506561317482,Normal
2016-04-08,ARIMAX,120D,1,0.0586899950402592,0.05541015768094681,Normal
2016-04-11,ARIMAX,120D,1,0.0520684131997818,0.06214253681813808,Low
2016-04-12,ARIMAX,120D,1,0.0503890519064194,0.04239550661939701,Low
2016-04-13,ARIMAX,120D,1,0.0371329589563343,0.043001239340059255,Low
2016-04-14,ARIMAX,120D,1,0.03199216473984,0.035304151205248324,Low
2016-04-15,ARIMAX,120D,1,0.0372644205471829,0.03287228091404829,Low
2016-04-18,ARIMAX,120D,1,0.0312261387859896,0.03186716898023234,Low
2016-04-19,ARIMAX,120D,1,0.0248876134415088,0.032203344052078094,Low
2016-04-20,ARIMAX,120D,1,0.0287216887095988,0.026209917955289937,Low
2016-04-21,ARIMAX,120D,1,0.0214046738691347,0.03240724127486696,Low
2016-04-22,ARIMAX,120D,1,0.0225027474959928,0.01940731337847777,Low
2016-04-25,ARIMAX,120D,1,0.0212123607045218,0.023591997102414348,Low
2016-04-26,ARIMAX,120D,1,0.019542944689406,0.02353105449350603,Low
2016-04-27,ARIMAX,120D,1,0.0148523324658188,0.018977525689957652,Low
2016-04-28,ARIMAX,120D,1,0.0302674741330793,0.02179291283413319,Low
2016-04-29,ARIMAX,120D,1,0.037532995518987,0.035323085150197914,Low
2016-05-02,ARIMAX,120D,1,0.028376717690362,0.02996134990808528,Low
2016-05-03,ARIMAX,120D,1,0.0370070719386031,0.03382942019545965,Low
2016-05-04,ARIMAX,120D,1,0.047700249291503,0.042101431215946075,Low
2016-05-05,ARIMAX,120D,1,0.0441343285195908,0.04445561846827788,Low
2016-05-06,ARIMAX,120D,1,0.039222790044851,0.037996923243872674,Low
2016-05-09,ARIMAX,120D,1,0.0354783808312324,0.03730897175676793,Low
2016-05-10,ARIMAX,120D,1,0.01995887545557,0.026338015285704265,Low
2016-05-11,ARIMAX,120D,1,0.02944411444924,0.02914846659348905,Low
2016-05-12,ARIMAX,120D,1,0.0228035746084694,0.028887777579538157,Low
2016-05-13,ARIMAX,120D,1,0.0247711243167678,0.028028324153936628,Low
2016-05-16,ARIMAX,120D,1,0.0105889349045457,0.017437073313558326,Low
2016-05-17,ARIMAX,120D,1,0.0183772781850155,0.02275811912335192,Low
2016-05-18,ARIMAX,120D,1,0.0401523202280791,0.016291186805271855,Low
2016-05-19,ARIMAX,120D,1,0.0476307931479571,0.04322290199759578,Low
2016-05-20,ARIMAX,120D,1,0.0526454538048088,0.04060091015202936,Low
2016-05-23,ARIMAX,120D,1,0.0566819360890057,0.05464448638745299,Low
2016-05-24,ARIMAX,120D,1,0.0416943702072181,0.04611983795820358,Normal
2016-05-25,ARIMAX,120D,1,0.0346283310984513,0.036676686718189126,Normal
2016-05-26,ARIMAX,120D,1,0.0422917521704694,0.032395005425005424,Normal
2016-05-27,ARIMAX,120D,1,0.0364305407086539,0.03747395224989276,Normal
2016-05-31,ARIMAX,120D,1,0.0421017786904416,0.04038269013806514,Normal
2016-06-01,ARIMAX,120D,1,0.0385777286709671,0.0437480690718152,Low
2016-06-02,ARIMAX,120D,1,0.0431907345748545,0.03636561489952131,Low
2016-06-03,ARIMAX,120D,1,0.0482698879151424,0.043973337831893076,Low
2016-06-06,ARIMAX,120D,1,0.0441922575526877,0.04472272952893799,Low
2016-06-07,ARIMAX,120D,1,0.0468103875369139,0.045515878112490624,Low
2016-06-08,ARIMAX,120D,1,0.0382378963102239,0.04746948641733188,Low
2016-06-09,ARIMAX,120D,1,0.0412915342613796,0.03985425714064051,Low
2016-06-10,ARIMAX,120D,1,0.0478521361163893,0.05146507504705708,Low
2016-06-13,ARIMAX,120D,1,0.0524787119393349,0.06309218072659079,Low
2016-06-14,ARIMAX,120D,1,0.0546761447313915,0.06114510893054391,Low
2016-06-15,ARIMAX,120D,1,0.0623229807219455,0.053250596620835894,Low
2016-06-16,ARIMAX,120D,1,0.0625999720797743,0.056003230414614594,Low
2016-06-17,ARIMAX,120D,1,0.0789406149691067,0.06235318878375737,Low
2016-06-20,ARIMAX,120D,1,0.0753062472075547,0.07229936979775033,Low
2016-06-21,ARIMAX,120D,1,0.0785192751363147,0.07127773563592527,Low
2016-06-22,ARIMAX,120D,1,0.079034121842291,0.08707167151413156,Low
2016-06-23,ARIMAX,120D,1,0.0722770379715729,0.07076876580982505,Low
2016-06-24,ARIMAX,120D,1,0.100707535315297,0.10456260638839401,Normal
2016-06-27,ARIMAX,120D,1,0.1228454895145533,0.11674070537796011,Normal
2016-06-28,ARIMAX,120D,1,0.1034792111594852,0.09108444306866365,High
2016-06-29,ARIMAX,120D,1,0.0885631409034424,0.08199828809530477,High
2016-06-30,ARIMAX,120D,1,0.0787201901551292,0.0796610041432183,High
2016-07-01,ARIMAX,120D,1,0.0743130981374196,0.07067881528035207,High
2016-07-05,ARIMAX,120D,1,0.0793194159006217,0.07449549974158881,High
2016-07-06,ARIMAX,120D,1,0.0752316613774247,0.0774679366073329,High
2016-07-07,ARIMAX,120D,1,0.0783494681687065,0.07843516668364962,High
2016-07-08,ARIMAX,120D,2,0.0548196408929428,0.06825299864388334,High
2016-07-11,ARIMAX,120D,2,0.051123473849076,0.05149196402348266,High
2016-07-12,ARIMAX,120D,2,0.0394907968448761,0.0468577433424354,High
2016-07-13,ARIMAX,120D,2,0.0478068049230514,0.04093092416379939,High
2016-07-14,ARIMAX,120D,2,0.0482673458919038,0.04261160367167825,High
2016-07-15,ARIMAX,120D,2,0.0484257573492938,0.050982898288174816,High
2016-07-18,ARIMAX,120D,2,0.0495570847080042,0.044976133836176116,High
2016-07-19,ARIMAX,120D,2,0.04743838373686,0.05021114207223053,High
2016-07-20,ARIMAX,120D,2,0.043177175421096,0.04331416653052498,High
2016-07-21,ARIMAX,120D,2,0.0496218876667229,0.04751767234344354,High
2016-07-22,ARIMAX,120D,2,0.0429311484834829,0.04787951670194536,High
2016-07-25,ARIMAX,120D,2,0.0477952986185594,0.03707440300899814,Normal
2016-07-26,ARIMAX,120D,2,0.0445006520016216,0.04523825986280752,Normal
2016-07-27,ARIMAX,120D,2,0.0474621134182397,0.04672650925506149,Low
2016-07-28,ARIMAX,120D,2,0.0422413553458279,0.04467670460642134,Low
2016-07-29,ARIMAX,120D,2,0.04397195928947,0.04079964200087908,Low
2016-08-01,ARIMAX,120D,2,0.0425488037908914,0.04304183157304208,Low
2016-08-02,ARIMAX,120D,2,0.0554738851325214,0.04800761243128836,Low
2016-08-03,ARIMAX,120D,2,0.0603388952124188,0.05267808742950278,Low
2016-08-04,ARIMAX,120D,2,0.0593906909776669,0.05848771088026757,Low
2016-08-05,ARIMAX,120D,2,0.0499571541985452,0.05230975041558601,Low
2016-08-08,ARIMAX,120D,2,0.0448370579939901,0.049537877945227786,Low
2016-08-09,ARIMAX,120D,2,0.0435570383994015,0.04390698813051769,Low
2016-08-10,ARIMAX,120D,2,0.046724154451006,0.046410228131303424,Low
2016-08-11,ARIMAX,120D,2,0.0425708861872533,0.04349255792489301,Low
2016-08-12,ARIMAX,120D,2,0.050605746428721,0.04302801771660544,Low
2016-08-15,ARIMAX,120D,2,0.0456991326204902,0.04878135413804096,Low
2016-08-16,ARIMAX,120D,2,0.0514200783008143,0.05066969574697244,Low
2016-08-17,ARIMAX,120D,2,0.0502463144432683,0.05005536173318963,Low
2016-08-18,ARIMAX,120D,2,0.053785176482846,0.04636672014185645,Low
2016-08-19,ARIMAX,120D,2,0.0587861928736235,0.052244428427402775,Low
2016-08-22,ARIMAX,120D,2,0.0645818083409579,0.058916700841893765,Low
2016-08-23,ARIMAX,120D,2,0.0666312683582688,0.0660193377243565,Low
2016-08-24,ARIMAX,120D,2,0.0768652122836752,0.07104557244369882,Low
2016-08-25,ARIMAX,120D,2,0.0773668810787704,0.07863336482238194,Low
2016-08-26,ARIMAX,120D,2,0.0806240946447208,0.07863566303533982,Low
2016-08-29,ARIMAX,120D,2,0.0814395162361157,0.07418001654683598,Low
2016-08-30,ARIMAX,120D,2,0.0823123214964343,0.08082757161156795,Low
2016-08-31,ARIMAX,120D,2,0.0851099115732561,0.08248652567911854,Low
2016-09-01,ARIMAX,120D,2,0.0866435471946991,0.08457848839316892,Low
2016-09-02,ARIMAX,120D,2,0.0834687708633984,0.08194847862758892,Low
2016-09-06,ARIMAX,120D,2,0.0779098223781981,0.07768232686531816,Low
2016-09-07,ARIMAX,120D,2,0.0916374294002167,0.07732130723233656,Low
2016-09-08,ARIMAX,120D,2,0.0879858006205819,0.09146667748699885,Low
2016-09-09,ARIMAX,120D,2,0.1133172933999531,0.11390548481473062,Low
2016-09-12,ARIMAX,120D,2,0.0954642834029529,0.106694141854165,Normal
2016-09-13,ARIMAX,120D,2,0.1074884057790739,0.10866161314728993,Normal
2016-09-14,ARIMAX,120D,2,0.105789427214823,0.11022168769410856,Normal
2016-09-15,ARIMAX,120D,2,0.0965304863781493,0.09588536995270279,Normal
2016-09-16,ARIMAX,120D,2,0.1035732538795801,0.09203201166415584,Normal
2016-09-19,ARIMAX,120D,2,0.1039584227325743,0.10153489878541751,Normal
2016-09-20,ARIMAX,120D,2,0.1002745802674493,0.10224395617840824,Normal
2016-09-21,ARIMAX,120D,2,0.0977564590584997,0.08945379168696824,Normal
2016-09-22,ARIMAX,120D,2,0.089649672341674,0.08846389488197876,Normal
2016-09-23,ARIMAX,120D,2,0.0940877860371614,0.0886857598987028,Normal
2016-09-26,ARIMAX,120D,2,0.1007007200746971,0.10016256480415216,Normal
2016-09-27,ARIMAX,120D,2,0.0817916303192969,0.09843855399842848,Normal
2016-09-28,ARIMAX,120D,2,0.078397156563117,0.07650740011377469,Normal
2016-09-29,ARIMAX,120D,2,0.0867014521483683,0.08593323422923044,Normal
2016-09-30,ARIMAX,120D,2,0.0779207073464022,0.08167101809497716,Normal
2016-10-03,ARIMAX,120D,2,0.0801666229420837,0.07792356434965951,Normal
2016-10-04,ARIMAX,120D,2,0.0923598135580695,0.08458613748915778,Normal
2016-10-05,ARIMAX,120D,2,0.0891570635307028,0.08695355137780669,Normal
2016-10-06,ARIMAX,120D,2,0.0916064305898032,0.08489502868465781,Normal
2016-10-07,ARIMAX,120D,2,0.0926076240931506,0.09076106361651183,Normal
2016-10-10,ARIMAX,120D,2,0.086368818467813,0.0900302448468907,Normal
2016-10-11,ARIMAX,120D,2,0.0994527622402301,0.09417767828850583,Low
2016-10-12,ARIMAX,120D,2,0.095247293222309,0.1004821713884836,Low
2016-10-13,ARIMAX,120D,2,0.1002790199282782,0.09884324355361278,Low
2016-10-14,ARIMAX,120D,2,0.0992499633062122,0.10090801818795786,Low
2016-10-17,ARIMAX,120D,2,0.1029800315538355,0.09814752087583528,Low
2016-10-18,ARIMAX,120D,2,0.0954036176561787,0.0962856392722262,Low
2016-10-19,ARIMAX,120D,2,0.0894470080818413,0.09022024412791345,Low
2016-10-20,ARIMAX,120D,2,0.083985658923418,0.08617124353384932,Low
2016-10-21,ARIMAX,120D,2,0.0926462697546798,0.07925759430622811,Low
2016-10-24,ARIMAX,120D,2,0.0850000722614192,0.08693062466463539,Low
2016-10-25,ARIMAX,120D,2,0.087087204329257,0.08773000143526802,Low
2016-10-26,ARIMAX,120D,2,0.0963579826134181,0.08825667985522437,Low
2016-10-27,ARIMAX,120D,2,0.0963094904123115,0.10105438901245287,Low
2016-10-28,ARIMAX,120D,2,0.1102043671400483,0.1003337882983255,Low
2016-10-31,ARIMAX,120D,2,0.1163988652359981,0.11270683461795969,Low
2016-11-01,ARIMAX,120D,2,0.1227230628690458,0.12404745947018166,Low
2016-11-02,ARIMAX,120D,2,0.1298227143227991,0.12771323045140903,Low
2016-11-03,ARIMAX,120D,2,0.1323409478739185,0.13667321633210722,Low
2016-11-04,ARIMAX,120D,2,0.1357392599725053,0.1369266291665333,Low
2016-11-07,ARIMAX,120D,2,0.1149474038288517,0.12058856198149438,Normal
2016-11-08,ARIMAX,120D,2,0.1099103560358668,0.10444265412202741,Low
2016-11-09,ARIMAX,120D,2,0.0994761694440803,0.09413204089161464,Low
2016-11-10,ARIMAX,120D,2,0.1016076831354634,0.09138390878695862,Low
2016-11-11,ARIMAX,120D,2,0.1030440567551689,0.10002649245612096,Low
2016-11-14,ARIMAX,120D,2,0.1021337916555589,0.1039237999118424,Low
2016-11-15,ARIMAX,120D,2,0.0958107993509191,0.09694734734253461,Low
2016-11-16,ARIMAX,120D,2,0.0952291644991884,0.09626100064394787,Low
2016-11-17,ARIMAX,120D,2,0.0890841597971964,0.09206185560364062,Low
2016-11-18,ARIMAX,120D,2,0.0962389534657599,0.08883831257960621,Low
2016-11-21,ARIMAX,120D,2,0.0881181183579002,0.08895579721632395,Normal
2016-11-22,ARIMAX,120D,2,0.0676095590831918,0.08744012666517417,Normal
2016-11-23,ARIMAX,120D,2,0.0704818995534991,0.06517820298136226,Low
2016-11-25,ARIMAX,120D,2,0.0733198571482759,0.06849818345326796,Low
2016-11-28,ARIMAX,120D,2,0.0837351096990196,0.07717257468840388,Normal
2016-11-29,ARIMAX,120D,2,0.0842368925181381,0.08305866216011094,Low
2016-11-30,ARIMAX,120D,2,0.0893798568778708,0.08498273214799552,Low
2016-12-01,ARIMAX,120D,2,0.0973336918866129,0.09128090346489943,Low
2016-12-02,ARIMAX,120D,2,0.0972472659518307,0.09640454318544753,Low
2016-12-05,ARIMAX,120D,2,0.0902374882955531,0.09007628169491486,Low
2016-12-06,ARIMAX,120D,2,0.0863723292067272,0.0823918636580286,Low
2016-12-07,ARIMAX,120D,2,0.0808375660468511,0.07846655642552341,Low
2016-12-08,ARIMAX,120D,2,0.0823814256480261,0.08549219608913099,Low
2016-12-09,ARIMAX,120D,2,0.0752415999746277,0.0791995307061546,Low
2016-12-12,ARIMAX,120D,2,0.073596773599023,0.07574359828524,Low
2016-12-13,ARIMAX,120D,2,0.0686453191941336,0.07269112142102452,Low
2016-12-14,ARIMAX,120D,2,0.0770627836916571,0.0777551704546113,Low
2016-12-15,ARIMAX,120D,2,0.072356742137916,0.07191389199105286,Low
2016-12-16,ARIMAX,120D,2,0.0731296564091782,0.07389195685185193,Low
2016-12-19,ARIMAX,120D,2,0.0756578425371972,0.06645723695851417,Low
2016-12-20,ARIMAX,120D,2,0.0710306031707268,0.07330529174244152,Low
2016-12-21,ARIMAX,120D,2,0.071248879098564,0.07041495469309672,Low
2016-12-22,ARIMAX,120D,2,0.0733971894710203,0.07053601157261451,Low
2016-12-23,ARIMAX,120D,2,0.0804588401428351,0.0717717952786307,Low
2016-12-27,ARIMAX,120D,2,0.0714938307913548,0.07940164150851418,Low
2016-12-28,ARIMAX,120D,2,0.0793026573078545,0.0809665657069755,Low
2016-12-29,ARIMAX,120D,2,0.0791401190672848,0.07777359584594491,Low
2016-12-30,ARIMAX,120D,2,0.0853476523195481,0.08341252557761804,Low
2017-01-03,ARIMAX,120D,2,0.0772126375061235,0.07960017615242404,Low
2017-01-04,ARIMAX,120D,2,0.0634010871599011,0.0700993021997662,Low
2017-01-05,ARIMAX,120D,2,0.0729415564089336,0.06015282217350368,Low
2017-01-06,ARIMAX,120D,2,0.0607935503842131,0.06993601408234967,Low
2017-01-09,ARIMAX,120D,2,0.0658805134666462,0.06136055793915158,Low
2017-01-10,ARIMAX,120D,2,0.068188681445794,0.06669815058593358,Low
2017-01-11,ARIMAX,120D,2,0.0668152630929806,0.06541547921914857,Low
2017-01-12,ARIMAX,120D,2,0.059549388179844,0.06779676624878238,Low
2017-01-13,ARIMAX,120D,2,0.0640839693543129,0.057188640777799137,Low
2017-01-17,ARIMAX,120D,2,0.0679832199140441,0.06448026873506782,Low
2017-01-18,ARIMAX,120D,2,0.0654380323781526,0.0686830582562251,Low
2017-01-19,ARIMAX,120D,2,0.0763329209502931,0.07039603111241266,Low
2017-01-20,ARIMAX,120D,2,0.0748451663624665,0.07200332718257227,Low
2017-01-23,ARIMAX,120D,2,0.0822015321785455,0.0718452472446576,Low
2017-01-24,ARIMAX,120D,2,0.0756054774128763,0.0765567554442136,Low
2017-01-25,ARIMAX,120D,2,0.0682091033150185,0.07116930499171721,Low
2017-01-26,ARIMAX,120D,2,0.0743030164663353,0.06792224686927299,Low
2017-01-27,ARIMAX,120D,2,0.0750161848674697,0.07222153218001529,Low
2017-01-30,ARIMAX,120D,2,0.0806759190343575,0.0773430843467275,Low
2017-01-31,ARIMAX,120D,2,0.0805019196469813,0.0825616939390204,Low
2017-02-01,ARIMAX,120D,2,0.083122508178763,0.08281773680550737,Low
2017-02-02,ARIMAX,120D,2,0.0828349853461913,0.08012179878418607,Low
2017-02-03,ARIMAX,120D,2,0.0746233268542439,0.07827195942319558,Low
2017-02-06,ARIMAX,120D,2,0.075398908689837,0.07303311631955345,Low
2017-02-07,ARIMAX,120D,2,0.0744436943914314,0.07510102743247335,Low
2017-02-08,ARIMAX,120D,2,0.0761967330177601,0.07199333899984713,Low
2017-02-09,ARIMAX,120D,2,0.0709531966891476,0.07304036841983394,Low
2017-02-10,ARIMAX,120D,2,0.0652074480321926,0.06908321620545,Low
2017-02-13,ARIMAX,120D,2,0.0618626358657208,0.06285274105823113,Low
2017-02-14,ARIMAX,120D,2,0.0595091533143285,0.059109043806688175,Low
2017-02-15,ARIMAX,120D,2,0.0521119124182087,0.05813681114352245,Low
2017-02-16,ARIMAX,120D,2,0.0526127292270466,0.05778171365999732,Low
2017-02-17,ARIMAX,120D,2,0.0363553614990677,0.049452510198233934,Low
2017-02-21,ARIMAX,120D,2,0.0316002686069859,0.03354564180445648,Low
2017-02-22,ARIMAX,120D,2,0.0426767059998393,0.03425285293096304,Low
2017-02-23,ARIMAX,120D,2,0.0417588747016968,0.04461237128036846,Low
2017-02-24,ARIMAX,120D,2,0.0416857199929973,0.0375844305855651,Low
2017-02-27,ARIMAX,120D,2,0.0251109122380723,0.04212180004372815,Low
2017-02-28,ARIMAX,120D,2,0.0258555646919152,0.029328132065379903,Low
2017-03-01,ARIMAX,120D,2,0.013436329322756,0.02206951561074527,Low
2017-03-02,ARIMAX,120D,2,0.0292051415554865,0.01716483203165868,Low
2017-03-03,ARIMAX,120D,2,0.0252418210543125,0.022965688481287428,Low
2017-03-06,ARIMAX,120D,2,0.0264478270707399,0.02463704452045559,Low
2017-03-07,ARIMAX,120D,2,0.0310369246417673,0.02773594509279114,Low
2017-03-08,ARIMAX,120D,2,0.0338107060791273,0.034973542331467926,Low
2017-03-09,ARIMAX,120D,2,0.0338535972283708,0.033069366324729746,Low
2017-03-10,ARIMAX,120D,2,0.0351947893105732,0.03369035672866288,Low
2017-03-13,ARIMAX,120D,2,0.040532897276117,0.031710536252296466,Low
2017-03-14,ARIMAX,120D,2,0.0458982242993432,0.042296328631022014,Low
2017-03-15,ARIMAX,120D,2,0.029978886622512,0.042907729804892714,Low
2017-03-16,ARIMAX,120D,2,0.0347307639148396,0.03093108978124305,Low
2017-03-17,ARIMAX,120D,2,0.0358674911342175,0.033624206861345124,Low
2017-03-20,ARIMAX,120D,2,0.0363894470711402,0.03611604311522839,Low
2017-03-21,ARIMAX,120D,2,0.0596560168583893,0.04707661211863575,Low
2017-03-22,ARIMAX,120D,2,0.0611262166058098,0.05662665311529011,Low
2017-03-23,ARIMAX,120D,2,0.0629438829987224,0.06294678478917962,Low
2017-03-24,ARIMAX,120D,2,0.062686911361833,0.06415354379719572,Low
2017-03-27,ARIMAX,120D,2,0.0655524964938378,0.0578329665071098,Low
2017-03-28,ARIMAX,120D,2,0.0597820495933434,0.05755390439583441,Low
2017-03-29,ARIMAX,120D,2,0.0598068930062445,0.05833615769142886,Low
2017-03-30,ARIMAX,120D,2,0.057510228796849,0.056952657887827246,Low
2017-03-31,ARIMAX,120D,2,0.0567172567882009,0.06021333825403528,Low
2017-04-03,ARIMAX,120D,2,0.0590083160913812,0.05881648784911522,Low
2017-04-04,ARIMAX,120D,2,0.0562244273168662,0.05619435864203617,Low
2017-04-05,ARIMAX,120D,2,0.0593561282542834,0.0594130859709576,Low
2017-04-06,ARIMAX,120D,2,0.0615053003625362,0.05819392409200733,Low
2017-04-07,ARIMAX,120D,2,0.063536663454419,0.060968236917247766,Low
2017-04-10,ARIMAX,120D,2,0.0665474763871345,0.06565140147973209,Low
2017-04-11,ARIMAX,120D,2,0.0718489035088052,0.07113371440758068,Low
2017-04-12,ARIMAX,120D,2,0.077772452112453,0.07722278579811669,Low
2017-04-13,ARIMAX,120D,2,0.0858564160633709,0.08233843235720001,Low
2017-04-17,ARIMAX,120D,2,0.0829108544035563,0.07666441187872253,Low
2017-04-18,ARIMAX,120D,2,0.0847442460841498,0.08135293321128402,Low
2017-04-19,ARIMAX,120D,2,0.0846560076130049,0.08330218806756455,Low
2017-04-20,ARIMAX,120D,2,0.0794468768805091,0.0786547145619352,Low
2017-04-21,ARIMAX,120D,2,0.084288447917288,0.07991160650764484,Low
2017-04-24,ARIMAX,120D,2,0.0718185342088248,0.07562380606605279,Low
2017-04-25,ARIMAX,120D,2,0.0666240420019199,0.05772927983127209,Low
2017-04-26,ARIMAX,120D,2,0.068859086009913,0.06735917729340675,Low
2017-04-27,ARIMAX,120D,2,0.0689786719150479,0.0683009248667299,Low
2017-04-28,ARIMAX,120D,2,0.0716357108978673,0.06882447421663652,Low
2017-05-01,ARIMAX,120D,2,0.070232863185984,0.07031409568103136,Low
2017-05-02,ARIMAX,120D,2,0.0741483157852029,0.06791351572333519,Low
2017-05-03,ARIMAX,120D,2,0.0714400898680332,0.07490098891682376,Low
2017-05-04,ARIMAX,120D,2,0.0724747574547217,0.0702591147001397,Low
2017-05-05,ARIMAX,120D,2,0.0637204423599832,0.06874548807075978,Low
2017-05-08,ARIMAX,120D,2,0.0649531363386776,0.06329122232166934,Low
2017-05-09,ARIMAX,120D,2,0.0740195208751979,0.06291276676153058,Low
2017-05-10,ARIMAX,120D,2,0.0696919807810075,0.07205582367605357,Low
2017-05-11,ARIMAX,120D,2,0.0728011450917936,0.07072772403166269,Low
2017-05-12,ARIMAX,120D,2,0.0758715245404917,0.07254418666798332,Low
2017-05-15,ARIMAX,120D,2,0.0712963300071433,0.07223823885355653,Low
2017-05-16,ARIMAX,120D,2,0.0750757523704437,0.07216273409223903,Low
2017-05-17,ARIMAX,120D,2,0.0946916644263351,0.09207024764212615,Low
2017-05-18,ARIMAX,120D,2,0.0908225049940373,0.10114577769898472,Low
2017-05-19,ARIMAX,120D,2,0.085520415717897,0.08067077123351071,Low
2017-05-22,ARIMAX,120D,2,0.0766045710825185,0.07589874869422751,Low
2017-05-23,ARIMAX,120D,2,0.0738703389340843,0.07276881075630226,Low
2017-05-24,ARIMAX,120D,2,0.0723674560408011,0.06797408720412129,Low
2017-05-25,ARIMAX,120D,2,0.0656230634385411,0.06828458334790499,Low
2017-05-26,ARIMAX,120D,2,0.0597715629111149,0.06537543926706191,Low
2017-05-30,ARIMAX,120D,2,0.0691395664236211,0.060245103341111654,Low
2017-05-31,ARIMAX,120D,2,0.0669702240646751,0.07150872020215715,Low
2017-06-01,ARIMAX,120D,2,0.060702498368618,0.06108749061624098,Low
2017-06-02,ARIMAX,120D,2,0.0635214626303244,0.05870631116332915,Low
2017-06-05,ARIMAX,120D,2,0.0639893270674236,0.06463719882543806,Low
2017-06-06,ARIMAX,120D,2,0.0688262200118597,0.06540931488561107,Low
2017-06-07,ARIMAX,120D,2,0.0668748596287088,0.06789316962040387,Low
2017-06-08,ARIMAX,120D,2,0.0764080227898377,0.06670085039432828,Low
2017-06-09,ARIMAX,120D,2,0.0768690627732342,0.0767031055668055,Low
2017-06-12,ARIMAX,120D,2,0.0860058919157635,0.07698597121680739,Low
2017-06-13,ARIMAX,120D,2,0.079477950136728,0.08437314180004042,Low
2017-06-14,ARIMAX,120D,2,0.0794215665527591,0.07783595190163509,Low
2017-06-15,ARIMAX,120D,2,0.0779172858236442,0.07331427363041892,Low
2017-06-16,ARIMAX,120D,2,0.0775195745030542,0.07814363693510669,Low
2017-06-19,ARIMAX,120D,2,0.0721350583062694,0.07199184793138144,Low
2017-06-20,ARIMAX,120D,2,0.0843454207887192,0.07875304572926636,Low
2017-06-21,ARIMAX,120D,2,0.0881250771036869,0.08329447841342402,Low
2017-06-22,ARIMAX,120D,2,0.0901286867982143,0.08611536479265373,Low
2017-06-23,ARIMAX,120D,2,0.0880959192726552,0.08657589776155959,Low
2017-06-26,ARIMAX,120D,2,0.0837009996021602,0.08738712363252477,Low
2017-06-27,ARIMAX,120D,2,0.1007408995879757,0.08729147067701958,Low
2017-06-28,ARIMAX,120D,2,0.0973198765210222,0.09541675809399573,Low
2017-06-29,ARIMAX,120D,2,0.1027215953220452,0.10337563854550597,Low
2017-06-30,ARIMAX,120D,2,0.1003613016375989,0.10278123734148358,Low
2017-07-03,ARIMAX,120D,2,0.1000368206711096,0.09714938766757536,Low
2017-07-05,ARIMAX,120D,2,0.0981263249967072,0.0965643571337217,Low
2017-07-06,ARIMAX,120D,2,0.1064803366035148,0.10491596390737924,Low
2017-07-07,ARIMAX,120D,2,0.1008882523441415,0.10125672122066554,Low
2017-07-10,ARIMAX,120D,2,0.1017932352435483,0.09670672482581436,Low
2017-07-11,ARIMAX,120D,2,0.0973795900168823,0.10116183367841348,Low
2017-07-12,ARIMAX,120D,2,0.098369617287459,0.09215411047346125,Low
2017-07-13,ARIMAX,120D,2,0.1028752210579219,0.09359087169450579,Low
2017-07-14,ARIMAX,120D,2,0.1022331477432396,0.09823129768159475,Low
2017-07-17,ARIMAX,120D,2,0.1092952078685318,0.10159386066753713,Low
2017-07-18,ARIMAX,120D,2,0.1103584929377178,0.10857119038277331,Low
2017-07-19,ARIMAX,120D,2,0.1063023182389626,0.10693082077628971,Low
2017-07-20,ARIMAX,120D,2,0.1053431435160489,0.10629869934061865,Low
2017-07-21,ARIMAX,120D,2,0.1127201086141397,0.10241325269862173,Low
2017-07-24,ARIMAX,120D,2,0.1205113360086427,0.11211174670155866,Low
2017-07-25,ARIMAX,120D,2,0.114061715227142,0.1184479892427941,Low
2017-07-26,ARIMAX,120D,2,0.1231500974275248,0.11209362030136646,Low
2017-07-27,ARIMAX,120D,2,0.1225055615674448,0.12462649817704977,Low
2017-07-28,ARIMAX,120D,2,0.128223225232551,0.11967829505645997,Low
2017-07-31,ARIMAX,120D,2,0.136986000449324,0.1287016292928698,Low
2017-08-01,ARIMAX,120D,2,0.1367118846426079,0.1341720998889938,Low
2017-08-02,ARIMAX,120D,2,0.1356592246880283,0.1351265186029797,Low
2017-08-03,ARIMAX,120D,2,0.1384477059218071,0.13329734087216338,Low
2017-08-04,ARIMAX,120D,2,0.1483320226103518,0.13578508051451332,Low
2017-08-07,ARIMAX,120D,3,0.1399314416812084,0.1442118422062181,Low
2017-08-08,ARIMAX,120D,3,0.1313901511062567,0.14214815045335674,Low
2017-08-09,ARIMAX,120D,3,0.1322426917576639,0.1315555904737234,Low
2017-08-10,ARIMAX,120D,3,0.1461746118063819,0.15138172371391437,Low
2017-08-11,ARIMAX,120D,3,0.1234631741616959,0.1523024894535863,Low
2017-08-14,ARIMAX,120D,3,0.0716269819772651,0.1111781593599227,Low
2017-08-15,ARIMAX,120D,3,0.0894164876530856,0.06445080899507633,Low
2017-08-16,ARIMAX,120D,3,0.0829832539060009,0.08686050642051005,Low
2017-08-17,ARIMAX,120D,3,0.0602815441473906,0.09707196768592752,Low
2017-08-18,ARIMAX,120D,3,0.076944243008267,0.06263996110524214,Low
2017-08-21,ARIMAX,120D,3,0.0896009329718869,0.07098533508320018,Low
2017-08-22,ARIMAX,120D,3,0.0823187596915393,0.07823717359839623,Low
2017-08-23,ARIMAX,120D,3,0.0990917696330754,0.08237531316588759,Low
2017-08-24,ARIMAX,120D,3,0.1131652481569891,0.10006765507644758,Low
2017-08-25,ARIMAX,120D,3,0.1118671761379732,0.10807216292089508,Low
2017-08-28,ARIMAX,120D,3,0.1055217055578397,0.10837433796032474,Low
2017-08-29,ARIMAX,120D,3,0.0991675743125192,0.10403034257932395,Low
2017-08-30,ARIMAX,120D,3,0.0955361200100361,0.09690946385699978,Low
2017-08-31,ARIMAX,120D,3,0.1057327246704436,0.09031973493933965,Low
2017-09-01,ARIMAX,120D,3,0.1154405852487358,0.10286874853849996,Low
2017-09-05,ARIMAX,120D,3,0.1102317323594131,0.12183689242768891,Low
2017-09-06,ARIMAX,120D,3,0.095950083782613,0.10982848793713713,Low
2017-09-07,ARIMAX,120D,3,0.0827145699725902,0.09446276069126082,Low
2017-09-08,ARIMAX,120D,3,0.0892633156012466,0.08067921433217022,Low
2017-09-11,ARIMAX,120D,3,0.089453958014626,0.08290811644862839,Low
2017-09-12,ARIMAX,120D,3,0.0887310383517395,0.08493180730198484,Low
2017-09-13,ARIMAX,120D,3,0.0874902122779407,0.08723427992244295,Low
2017-09-14,ARIMAX,120D,3,0.0930446843376534,0.087090840596461,Low
2017-09-15,ARIMAX,120D,3,0.1084287535327017,0.08672016220164061,Low
2017-09-18,ARIMAX,120D,3,0.1056990942655738,0.10752616471112249,Low
2017-09-19,ARIMAX,120D,3,0.0982056042345278,0.10475745773301726,Low
2017-09-20,ARIMAX,120D,3,0.0918304877070294,0.09721696657828612,Low
2017-09-21,ARIMAX,120D,3,0.0940988172548478,0.09067966854094636,Low
2017-09-22,ARIMAX,120D,3,0.0951532312069125,0.0904094105486605,Low
2017-09-25,ARIMAX,120D,3,0.083071713365393,0.09723296836010986,Low
2017-09-26,ARIMAX,120D,3,0.0844802579012169,0.08384381145859547,Low
2017-09-27,ARIMAX,120D,3,0.0785577433735997,0.08084663574813172,Low
2017-09-28,ARIMAX,120D,3,0.0518689657718073,0.07537144307683563,Low
2017-09-29,ARIMAX,120D,3,0.0269808953915578,0.04960765617057125,Low
2017-10-02,ARIMAX,120D,3,0.0499094172678808,0.025379107623297637,Low
2017-10-03,ARIMAX,120D,3,0.030325620437898,0.047485027701359005,Low
2017-10-04,ARIMAX,120D,3,0.0261587578773218,0.0307862299341824,Low
2017-10-05,ARIMAX,120D,3,0.0342036313398726,0.022903395296746346,Low
2017-10-06,ARIMAX,120D,3,0.0126871601616165,0.03504991927999674,Low
2017-10-09,ARIMAX,120D,3,0.0270291853453714,0.018016054569789698,Low
2017-10-10,ARIMAX,120D,3,0.0362095680613399,0.026953571309904244,Low
2017-10-11,ARIMAX,120D,3,0.0412471065333276,0.033699371985963615,Low
2017-10-12,ARIMAX,120D,3,0.0207712165966141,0.04218273272156793,Low
2017-10-13,ARIMAX,120D,3,0.0232244895593608,0.01988690308615071,Low
2017-10-16,ARIMAX,120D,3,0.038063866023369,0.021359116362427336,Low
2017-10-17,ARIMAX,120D,3,0.0318508273454738,0.03921958188646925,Low
2017-10-18,ARIMAX,120D,3,0.0393256665318013,0.03262936569093436,Low
2017-10-19,ARIMAX,120D,3,0.0361069225900841,0.03582322552750475,Low
2017-10-20,ARIMAX,120D,3,0.0390794632066169,0.03430630339102853,Low
2017-10-23,ARIMAX,120D,3,0.0536649301334808,0.04454015619506808,Low
2017-10-24,ARIMAX,120D,3,0.0528793496664756,0.05352548173807379,Low
2017-10-25,ARIMAX,120D,3,0.051810723557903,0.05648333199557311,Low
2017-10-26,ARIMAX,120D,3,0.0419674071189481,0.04956453904444247,Low
2017-10-27,ARIMAX,120D,3,0.0339830272504056,0.0367528086063707,Low
2017-10-30,ARIMAX,120D,3,0.0237097166206711,0.03396952359716378,Low
2017-10-31,ARIMAX,120D,3,0.0246010779168154,0.024100551013456366,Low
2017-11-01,ARIMAX,120D,3,0.0333903779962884,0.02309857984203404,Low
2017-11-02,ARIMAX,120D,3,0.0343134354979856,0.03259623855772274,Low
2017-11-03,ARIMAX,120D,3,0.02299995362275,0.030876699720251696,Low
2017-11-06,ARIMAX,120D,3,0.024275311909001,0.02010270489462177,Low
2017-11-07,ARIMAX,120D,3,0.0172324815126806,0.02671587489208265,Low
2017-11-08,ARIMAX,120D,3,0.0135336499955562,0.01693924801606614,Low
2017-11-09,ARIMAX,120D,3,0.0300324413632614,0.016053192781229915,Low
2017-11-10,ARIMAX,120D,3,0.034382468894305,0.03325991463255114,Low
2017-11-13,ARIMAX,120D,3,0.033133641371278,0.03568409761527164,Low
2017-11-14,ARIMAX,120D,3,0.0450815698664288,0.03521497231149939,Low
2017-11-15,ARIMAX,120D,3,0.0599495802124009,0.050569221610086326,Low
2017-11-16,ARIMAX,120D,3,0.0534930667003897,0.055806581067456465,Low
2017-11-17,ARIMAX,120D,3,0.0570055831894136,0.05226529650707524,Low
2017-11-20,ARIMAX,120D,3,0.0488650582566329,0.05218754468476454,Low
2017-11-21,ARIMAX,120D,3,0.0463975592243946,0.041925763784993395,Low
2017-11-22,ARIMAX,120D,3,0.0462918631391141,0.04403067675551805,Low
2017-11-24,ARIMAX,120D,3,0.0416022136063316,0.045531768531803234,Low
2017-11-27,ARIMAX,120D,3,0.0493461497410682,0.04196402849920343,Low
2017-11-28,ARIMAX,120D,3,0.0364051289513994,0.04385060037409752,Low
2017-11-29,ARIMAX,120D,3,0.040017568041089,0.04171846517956564,Low
2017-11-30,ARIMAX,120D,3,0.0298347184205552,0.03834524536663486,Low
2017-12-01,ARIMAX,120D,3,0.0295012983021747,0.03480225364787358,Low
2017-12-04,ARIMAX,120D,3,0.018922436339669,0.03237942357512747,Low
2017-12-05,ARIMAX,120D,3,0.035284702217548,0.020097360999924332,Low
2017-12-06,ARIMAX,120D,3,0.0284954811446442,0.031221218944703418,Low
2017-12-07,ARIMAX,120D,3,0.0363582138437746,0.025521893742574582,Low
2017-12-08,ARIMAX,120D,3,0.0353366067066089,0.03059135511612401,Low
2017-12-11,ARIMAX,120D,3,0.0328421108544885,0.0313355045590054,Low
2017-12-12,ARIMAX,120D,3,0.0398252877697111,0.03266601121917736,Low
2017-12-13,ARIMAX,120D,3,0.0395839131178768,0.04193027565443819,Low
2017-12-14,ARIMAX,120D,3,0.0467841097563907,0.04229251582171378,Low
2017-12-15,ARIMAX,120D,3,0.0389179333531882,0.040467871725727564,Low
2017-12-18,ARIMAX,120D,3,0.0353113220522946,0.03550570698306128,Low
2017-12-19,ARIMAX,120D,3,0.0345125655540016,0.039567778295059496,Low
2017-12-20,ARIMAX,120D,3,0.0378093021500779,0.03541413343767293,Low
2017-12-21,ARIMAX,120D,3,0.0348079948219254,0.03343941729074286,Low
2017-12-22,ARIMAX,120D,3,0.0331378752791525,0.03635770415497279,Low
2017-12-26,ARIMAX,120D,3,0.0301653330278199,0.034567597351667416,Low
2017-12-27,ARIMAX,120D,3,0.03108539494169,0.03150535320913715,Low
2017-12-28,ARIMAX,120D,3,0.0228873470955503,0.029811477327555513,Low
2017-12-29,ARIMAX,120D,3,0.0299441826434324,0.028661706617530716,Low
2018-01-02,ARIMAX,120D,3,0.0078553814572638,0.023153915034698852,Low
2018-01-03,ARIMAX,120D,3,0.0036790987190242,0.0008620266203846483,Low
2018-01-04,ARIMAX,120D,3,-0.0089830304494437,0.001633675204091703,Low
2018-01-05,ARIMAX,120D,3,-0.0098324963189976,-0.011431694527322242,Low
2018-01-08,ARIMAX,120D,3,-0.0107353441987777,-0.00933716014423186,Low
2018-01-09,ARIMAX,120D,3,-0.0089741668817827,-0.006925531841687777,Low
2018-01-10,ARIMAX,120D,3,-0.0128209503507957,-0.006710638893511015,Low
2018-01-11,ARIMAX,120D,3,-0.0112461193741397,-0.016122686506047482,Low
2018-01-12,ARIMAX,120D,3,-0.0095275281726538,-0.01170194517155909,Low
2018-01-16,ARIMAX,120D,3,0.0027874758742903,4.4812692874941426e-05,Low
2018-01-17,ARIMAX,120D,3,-0.0031162810133898,0.000269319744163209,Low
2018-01-18,ARIMAX,120D,3,-0.0086180698878327,0.0017788563449063818,Low
2018-01-19,ARIMAX,120D,3,-0.0042827262946508,-0.012075338456850177,Low
2018-01-22,ARIMAX,120D,3,-0.0112384351402554,-0.010524822403580231,Low
2018-01-23,ARIMAX,120D,3,-0.0144391047293763,-0.010154476054902883,Low
2018-01-24,ARIMAX,120D,3,-0.0099131478387008,-0.010347454989385644,Low
2018-01-25,ARIMAX,120D,3,-0.0083574051607964,-0.009670678244328722,Low
2018-01-26,ARIMAX,120D,3,-0.0240898701159302,-0.0154151168378669,Low
2018-01-29,ARIMAX,120D,3,-0.0182840316023415,-0.011581812666300213,Low
2018-01-30,ARIMAX,120D,3,-0.0054890264537729,-0.006512438631183624,Low
2018-01-31,ARIMAX,120D,3,-0.0012083734264141,-0.004640485630109621,Low
2018-02-01,ARIMAX,120D,3,0.0085003599959818,-0.005256925394044311,Low
2018-02-02,ARIMAX,120D,3,0.026900137763813,0.03275774055434349,Normal
2018-02-05,ARIMAX,120D,3,0.0621588440573491,0.0988995681462222,High
2018-02-06,ARIMAX,120D,3,0.0390974813928248,0.06651467005567069,High
2018-02-07,ARIMAX,120D,3,0.0489844568358804,0.031351321599151535,High
2018-02-08,ARIMAX,120D,3,0.086202616014111,0.08268983341254582,High
2018-02-09,ARIMAX,120D,3,0.0762913203967954,0.06819667633826594,High
2018-02-12,ARIMAX,120D,3,0.0671060867839572,0.049623119675172724,High
2018-02-13,ARIMAX,120D,3,0.0680285474544814,0.05895112068269101,High
2018-02-14,ARIMAX,120D,3,0.05753530939207,0.04805705943087659,High
2018-02-15,ARIMAX,120D,3,0.0452760332219996,0.039132766615598946,High
2018-02-16,ARIMAX,120D,3,0.0434599188950381,0.049524656953216256,High
2018-02-20,ARIMAX,120D,3,0.0421791237386308,0.052651124527703055,High
2018-02-21,ARIMAX,120D,3,0.0436767505559615,0.048064007725403986,High
2018-02-22,ARIMAX,120D,3,0.0490726030868008,0.03921867608618339,High
2018-02-23,ARIMAX,120D,3,0.025540116260301,0.03390002331582014,High
2018-02-26,ARIMAX,120D,3,0.0217398921923116,0.01850294029338291,High
2018-02-27,ARIMAX,120D,3,0.0378458100090423,0.035747930797015694,High
2018-02-28,ARIMAX,120D,3,0.0514286909948266,0.048783665918876194,High
2018-03-01,ARIMAX,120D,3,0.0669090568043301,0.0639632975265919,High
2018-03-02,ARIMAX,120D,3,0.061452040264888,0.05789914921462099,High
2018-03-05,ARIMAX,120D,3,0.0487877287308265,0.04700955230338906,High
2018-03-06,ARIMAX,120D,3,0.0523320517271149,0.04051833300420921,High
2018-03-07,ARIMAX,120D,3,0.0604571849599417,0.048198877863123234,High
2018-03-08,ARIMAX,120D,3,0.0562732788286555,0.05373282360734828,High
2018-03-09,ARIMAX,120D,3,0.0447289745563593,0.03371348813718376,Normal
2018-03-12,ARIMAX,120D,3,0.0415635998498997,0.050731741078701265,Normal
2018-03-13,ARIMAX,120D,3,0.0480819787315196,0.052192216633803586,Normal
2018-03-14,ARIMAX,120D,3,0.0521672565078288,0.052381991392604035,Normal
2018-03-15,ARIMAX,120D,3,0.0501424301056594,0.052516624645864124,Normal
2018-03-16,ARIMAX,120D,3,0.0447814411218096,0.04864099736685945,Normal
2018-03-19,ARIMAX,120D,3,0.0568716837681685,0.05781223386978397,Normal
2018-03-20,ARIMAX,120D,3,0.0572870033211427,0.05611141015118566,Normal
2018-03-21,ARIMAX,120D,3,0.0628655611364876,0.05422897880528482,Normal
2018-03-22,ARIMAX,120D,3,0.0887070564592358,0.08759164375270936,High
2018-03-23,ARIMAX,120D,3,0.1151652159303776,0.11535177332150802,High
2018-03-26,ARIMAX,120D,3,0.0886456191251086,0.0898611022986633,High
2018-03-27,ARIMAX,120D,3,0.1004876137788812,0.09933180249840526,High
2018-03-28,ARIMAX,120D,3,0.1087631855459692,0.09567702233769199,High
2018-03-29,ARIMAX,120D,3,0.0963398960852977,0.08980724013171348,High
2018-04-02,ARIMAX,120D,3,0.1267405926141228,0.11275013995232494,High
2018-04-03,ARIMAX,120D,3,0.1138360303613745,0.12012645989454049,High
2018-04-04,ARIMAX,120D,3,0.098814045700914,0.09508050229292866,High
2018-04-05,ARIMAX,120D,3,0.0906686758061449,0.09827869552058577,High
2018-04-06,ARIMAX,120D,3,0.1095380431820499,0.10916077959865103,High
2018-04-09,ARIMAX,120D,3,0.1089665244429683,0.10781424179002874,High
2018-04-10,ARIMAX,120D,3,0.092371055302516,0.10047374679787828,High
2018-04-11,ARIMAX,120D,3,0.1015462334171757,0.09318916526383941,High
2018-04-12,ARIMAX,120D,3,0.0929325658092397,0.09320991914581411,High
2018-04-13,ARIMAX,120D,3,0.0965346323726646,0.08831583980306523,High
2018-04-16,ARIMAX,120D,3,0.0802552601500917,0.08586710210343473,High
2018-04-17,ARIMAX,120D,3,0.064106873951603,0.07144751832292673,High
2018-04-18,ARIMAX,120D,3,0.0628806588357001,0.06225886968013826,High
2018-04-19,ARIMAX,120D,3,0.0672043307973784,0.06749397797443805,High
2018-04-20,ARIMAX,120D,3,0.0423611189431291,0.0692679395244457,High
2018-04-23,ARIMAX,120D,3,0.0215173088594031,0.03815481721756326,High
2018-04-24,ARIMAX,120D,3,0.0490944322742546,0.03814474100187266,High
2018-04-25,ARIMAX,120D,3,0.0413365757501307,0.04160989373834904,High
2018-04-26,ARIMAX,120D,3,0.0522242595976549,0.03214690314211789,High
2018-04-27,ARIMAX,120D,3,0.0508585600636261,0.049267047880136625,High
2018-04-30,ARIMAX,120D,3,0.0445832620372062,0.05206820878916619,Normal
2018-05-01,ARIMAX,120D,3,0.0416762247308995,0.03702960479060081,Normal
2018-05-02,ARIMAX,120D,3,0.044599378835824,0.049268446331955776,Normal
2018-05-03,ARIMAX,120D,3,0.041328520240194,0.04562517587444178,Normal
2018-05-04,ARIMAX,120D,3,-0.0027520636492819,0.025871572601942002,Normal
2018-05-07,ARIMAX,120D,3,0.0122496737744422,-0.0005994092342822641,Normal
2018-05-08,ARIMAX,120D,3,-0.004963787623827,0.012899853937378523,Normal
2018-05-09,ARIMAX,120D,3,-0.0211806438538897,-0.014102190894084089,Normal
2018-05-10,ARIMAX,120D,3,-0.0149623324858607,-0.026061346316302667,Normal
2018-05-11,ARIMAX,120D,3,-0.0058755930022508,-0.013868451311960135,Normal
2018-05-14,ARIMAX,120D,3,0.0037438063561517,-0.0036632638861685096,Normal
2018-05-15,ARIMAX,120D,3,0.0042727403442628,0.01067510264546987,Normal
2018-05-16,ARIMAX,120D,3,0.0058050941939425,0.004263815171298154,Normal
2018-05-17,ARIMAX,120D,3,0.0129011207269614,0.0047997861477747285,Normal
2018-05-18,ARIMAX,120D,3,0.0365238645422855,0.012852546557052813,Normal
2018-05-21,ARIMAX,120D,3,0.0266521910058607,0.03354305550856949,Normal
2018-05-22,ARIMAX,120D,3,0.0205512936833635,0.02493157578841453,Low
2018-05-23,ARIMAX,120D,3,-0.0025900025090028,0.01482542344347302,Low
2018-05-24,ARIMAX,120D,3,-0.0020477583734541,0.0004713733325881777,Low
2018-05-25,ARIMAX,120D,3,-0.0072839441377187,-0.000726886310336302,Low
2018-05-29,ARIMAX,120D,3,0.0148856611167155,0.007307205906272865,Low
2018-05-30,ARIMAX,120D,3,0.0044906233022757,0.012082979488799868,Normal
2018-05-31,ARIMAX,120D,3,-0.0053892046900115,0.006824208901054249,Normal
2018-06-01,ARIMAX,120D,3,-0.0344979999558372,-0.015600905896966487,Normal
2018-06-04,ARIMAX,120D,3,-0.0359289255434223,-0.039168755131567506,Low
2018-06-05,ARIMAX,120D,3,-0.0432076915248535,-0.038523476624486463,Low
2018-06-06,ARIMAX,120D,3,-0.0363256163167991,-0.04799108570826171,Normal
2018-06-07,ARIMAX,120D,3,-0.0323547883302018,-0.0334534269847475,Low
2018-06-08,ARIMAX,120D,3,-0.0127617659348392,-0.031515743004067856,Low
2018-06-11,ARIMAX,120D,3,-0.016015397487173,-0.010192392295058108,Low
2018-06-12,ARIMAX,120D,3,-0.0096197170492593,-0.015618009294260752,Low
2018-06-13,ARIMAX,120D,3,0.0052965392865146,-0.0053095453269303905,Low
2018-06-14,ARIMAX,120D,3,-0.0300721900745451,0.003359636040105752,Low
2018-06-15,ARIMAX,120D,3,-0.0305779576731953,-0.03171162082458672,Low
2018-06-18,ARIMAX,120D,3,-0.0520459019486309,-0.030614224947254316,Low
2018-06-19,ARIMAX,120D,3,-0.0462537807743233,-0.0466822756691938,Low
2018-06-20,ARIMAX,120D,3,-0.0483208806737415,-0.04401160656458307,Low
2018-06-21,ARIMAX,120D,3,-0.0365502808201699,-0.04039893998690291,Low
2018-06-22,ARIMAX,120D,3,-0.0386104343877189,-0.03595721971342748,Low
2018-06-25,ARIMAX,120D,3,-0.0440619236886482,-0.026351588442750176,Normal
2018-06-26,ARIMAX,120D,3,-0.0672563590229216,-0.04447659280000994,Low
2018-06-27,ARIMAX,120D,3,-0.0585283758559914,-0.0571284600339953,Low
2018-06-28,ARIMAX,120D,3,-0.0802035150509596,-0.06495899853074409,Low
2018-06-29,ARIMAX,120D,3,-0.0968594404225804,-0.07847401803274084,Low
2018-07-02,ARIMAX,120D,3,-0.1207258217554144,-0.10472760074262388,Low
2018-07-03,ARIMAX,120D,3,-0.1432527653531951,-0.11178120990521952,Low
2018-07-05,ARIMAX,120D,3,-0.1034334444279281,-0.14921117748333868,Low
2018-07-06,ARIMAX,120D,3,-0.1033527330596912,-0.11056851656322686,Low
2018-07-09,ARIMAX,120D,3,-0.113379377755264,-0.10743552868638957,Low
2018-07-10,ARIMAX,120D,3,-0.1083900012118791,-0.11392540554711218,Low
2018-07-11,ARIMAX,120D,3,-0.1000028217773364,-0.10214000595723548,Low
2018-07-12,ARIMAX,120D,3,-0.1337821451764235,-0.10271774637528107,Low
2018-07-13,ARIMAX,120D,3,-0.1011014016526856,-0.13316807647650108,Low
2018-07-16,ARIMAX,120D,3,-0.0930867610365572,-0.09805724834066944,Low
2018-07-17,ARIMAX,120D,3,-0.0874039980435033,-0.0950049058108135,Low
2018-07-18,ARIMAX,120D,3,-0.0854725087874184,-0.08859182420130567,Low
2018-07-19,ARIMAX,120D,3,-0.0770034405639067,-0.07917787583944616,Low
2018-07-20,ARIMAX,120D,3,-0.0762008513371148,-0.07513887515106281,Low
2018-07-23,ARIMAX,120D,3,-0.0833086082675958,-0.0775498926058206,Low
2018-07-24,ARIMAX,120D,3,-0.0774135082738883,-0.0856819883130634,Low
2018-07-25,ARIMAX,120D,3,-0.0842544228151726,-0.08270343826519429,Low
2018-07-26,ARIMAX,120D,3,-0.0736547893600695,-0.0820637621420056,Low
2018-07-27,ARIMAX,120D,3,-0.0539740418753683,-0.0650099378744842,Low
2018-07-30,ARIMAX,120D,3,-0.0624617293877536,-0.04772708728200548,Low
2018-07-31,ARIMAX,120D,3,-0.0651340766876058,-0.06475795764902494,Low
2018-08-01,ARIMAX,120D,3,-0.0627184035090572,-0.06472585353398773,Low
2018-08-02,ARIMAX,120D,3,-0.059179885390748,-0.06812894202284628,Low
2018-08-03,ARIMAX,120D,3,-0.0716910933048049,-0.06134375485590849,Low
2018-08-06,ARIMAX,120D,3,-0.0766803838907214,-0.07364530588741333,Low
2018-08-07,ARIMAX,120D,3,-0.0640709757456472,-0.07630078074516825,Low
2018-08-08,ARIMAX,120D,3,-0.0552479125425841,-0.06561931664207574,Low
2018-08-09,ARIMAX,120D,3,-0.0529069912807372,-0.05153461438284454,Low
2018-08-10,ARIMAX,120D,3,-0.0390142979000131,-0.0444181890690632,Low
2018-08-13,ARIMAX,120D,3,-0.0303028897966826,-0.027899341279664237,Low
2018-08-14,ARIMAX,120D,3,-0.0388987355306088,-0.03282857358999932,Low
2018-08-15,ARIMAX,120D,3,-0.0406687201514602,-0.03386553114111506,Low
2018-08-16,ARIMAX,120D,3,-0.0478809621380858,-0.04441255806096137,Low
2018-08-17,ARIMAX,120D,3,-0.0504897167095303,-0.05408005759948337,Low
2018-08-20,ARIMAX,120D,3,-0.04010693870882,-0.05226120397381444,Low
2018-08-21,ARIMAX,120D,3,-0.0391539070697361,-0.03817018423598616,Low
2018-08-22,ARIMAX,120D,3,-0.0414108393991912,-0.03882497275378171,Low
2018-08-23,ARIMAX,120D,3,-0.0288981408106984,-0.04052674439301037,Low
2018-08-24,ARIMAX,120D,3,-0.0335802254123918,-0.03330506220010876,Low
2018-08-27,ARIMAX,120D,3,-0.0394458332587613,-0.03658932113162898,Low
2018-08-28,ARIMAX,120D,3,-0.0432477446622011,-0.035149173139227496,Low
2018-08-29,ARIMAX,120D,3,-0.0425423484364022,-0.0462612064663837,Low
2018-08-30,ARIMAX,120D,3,-0.0368710719421924,-0.03585030760952733,Low
2018-08-31,ARIMAX,120D,3,-0.0377963100823378,-0.034537408927949785,Low
2018-09-04,ARIMAX,120D,3,-0.0366848154697564,-0.03607602979248906,Low
2018-09-05,ARIMAX,120D,4,-0.0367072602674409,-0.032749574831462666,Low
2018-09-06,ARIMAX,120D,4,-0.0261766126421097,-0.030268445165264245,Low
2018-09-07,ARIMAX,120D,4,-0.0278489221423504,-0.02583091575417199,Low
2018-09-10,ARIMAX,120D,4,-0.0308771238467506,-0.028968244582987475,Low
2018-09-11,ARIMAX,120D,4,-0.0411554631405911,-0.03768263597774743,Low
2018-09-12,ARIMAX,120D,4,-0.0496709826288159,-0.04085148650867955,Low
2018-09-13,ARIMAX,120D,4,-0.0570732989196609,-0.054817531835586006,Low
2018-09-14,ARIMAX,120D,4,-0.0427892072569377,-0.05704523165692091,Low
2018-09-17,ARIMAX,120D,4,-0.0342549505375833,-0.03640116730968382,Low
2018-09-18,ARIMAX,120D,4,-0.0326840566481893,-0.035472821960413764,Low
2018-09-19,ARIMAX,120D,4,-0.0348049440129574,-0.034561586881334615,Low
2018-09-20,ARIMAX,120D,4,-0.0376424387898559,-0.039158706659603984,Low
2018-09-21,ARIMAX,120D,4,-0.0335747410539408,-0.035118744967832856,Low
2018-09-24,ARIMAX,120D,4,-0.0301834288198538,-0.03259737485120322,Low
2018-09-25,ARIMAX,120D,4,-0.0318261770675055,-0.025751474976529316,Low
2018-09-26,ARIMAX,120D,4,-0.0177374618916561,-0.027994899080281174,Low
2018-09-27,ARIMAX,120D,4,-0.0396537652544406,-0.017919634720491476,Low
2018-09-28,ARIMAX,120D,4,-0.0404862679436125,-0.04162856131517718,Low
2018-10-01,ARIMAX,120D,4,-0.0369637073378772,-0.04161353927553038,Low
2018-10-02,ARIMAX,120D,4,-0.0412220817041969,-0.037410579076515973,Low
2018-10-03,ARIMAX,120D,4,-0.0383502937256536,-0.041575095842592134,Low
2018-10-04,ARIMAX,120D,4,-0.023435552261319,-0.030943267062064534,Low
2018-10-05,ARIMAX,120D,4,-0.0063900421586525,-0.014559939522680894,Low
2018-10-08,ARIMAX,120D,4,-0.0059773918954445,-0.005808316099080927,Low
2018-10-09,ARIMAX,120D,4,-0.0024124096412011,-0.0015703063068498134,Low
2018-10-10,ARIMAX,120D,4,0.033086444644395,0.03508150733384682,Normal
2018-10-11,ARIMAX,120D,4,0.0584997422400357,0.05344121145213499,Normal
2018-10-12,ARIMAX,120D,4,0.0454404185821831,0.045029340679375224,Normal
2018-10-15,ARIMAX,120D,4,0.0452769244378134,0.04011442307148,Normal
2018-10-16,ARIMAX,120D,4,0.0274809341574122,0.0272799322477719,High
2018-10-17,ARIMAX,120D,4,0.0277717507604199,0.020385195758721372,High
2018-10-18,ARIMAX,120D,4,0.0488558197253068,0.03817343591991955,High
2018-10-19,ARIMAX,120D,4,0.0485874876162289,0.052840420645077914,High
2018-10-22,ARIMAX,120D,4,0.0534055130378468,0.04883148057381874,High
2018-10-23,ARIMAX,120D,4,0.0566561883978022,0.05519814252877888,High
2018-10-24,ARIMAX,120D,4,0.0895848090831925,0.09051826113177602,High
2018-10-25,ARIMAX,120D,4,0.0721425969214114,0.07445843615495552,High
2018-10-26,ARIMAX,120D,4,0.0984240861064098,0.08100292394190652,High
2018-10-29,ARIMAX,120D,4,0.1028111257985676,0.10584794088284347,High
2018-10-30,ARIMAX,120D,4,0.0868967610864173,0.08375012144203059,High
2018-10-31,ARIMAX,120D,4,0.080778232655151,0.07695930030882188,High
2018-11-01,ARIMAX,120D,4,0.0713466822908556,0.06965180322273082,High
2018-11-02,ARIMAX,120D,4,0.0786343680455268,0.0723204732095552,High
2018-11-05,ARIMAX,120D,4,0.0655192284980415,0.07147623673352488,High
2018-11-06,ARIMAX,120D,4,0.05715319610495,0.06579685151367079,High
2018-11-07,ARIMAX,120D,4,0.0457582450230934,0.03851026898990249,High
2018-11-08,ARIMAX,120D,4,0.0437893008225125,0.04221741325163125,High
2018-11-09,ARIMAX,120D,4,0.0363813986489794,0.050928569628023224,High
2018-11-12,ARIMAX,120D,4,0.0546728342450269,0.05418522149444831,High
2018-11-13,ARIMAX,120D,4,0.0531298544052725,0.05868323321292556,High
2018-11-14,ARIMAX,120D,4,0.0644394372936418,0.06408478715055207,High
2018-11-15,ARIMAX,120D,4,0.0294749354125023,0.049443715031659355,High
2018-11-16,ARIMAX,120D,4,0.0352380853982343,0.023804890112138717,High
2018-11-19,ARIMAX,120D,4,0.0578432409616788,0.04427078335484531,High
2018-11-20,ARIMAX,120D,4,0.0850171936347638,0.06677015445198976,High
2018-11-21,ARIMAX,120D,4,0.0761240871499528,0.07775013036930278,High
2018-11-23,ARIMAX,120D,4,0.075928248886403,0.07825730835630959,High
2018-11-26,ARIMAX,120D,4,0.0689752221342272,0.06305466630146184,High
2018-11-27,ARIMAX,120D,4,0.0628904454057151,0.059420135337689965,High
2018-11-28,ARIMAX,120D,4,0.0281907018613194,0.050991822075801864,High
2018-11-29,ARIMAX,120D,4,0.0317288401787501,0.036345183284701404,High
2018-11-30,ARIMAX,120D,4,0.0151803424618722,0.026226600335891137,High
2018-12-03,ARIMAX,120D,4,-0.0026375694997216,0.012385782636026178,High
2018-12-04,ARIMAX,120D,4,0.0323589320138314,0.025773601098831637,High
2018-12-06,ARIMAX,120D,4,0.0205991146775226,0.031949778975712176,High
2018-12-07,ARIMAX,120D,4,0.041426379479537,0.04730986278352538,High
2018-12-10,ARIMAX,120D,4,0.0608717033376984,0.03615928928704023,High
2018-12-11,ARIMAX,120D,4,0.0693568399918177,0.06305609226885171,High
2018-12-12,ARIMAX,120D,4,0.0700688096574708,0.05389873810579037,High
2018-12-13,ARIMAX,120D,4,0.080711739217146,0.06751582054270097,High
2018-12-14,ARIMAX,120D,4,0.1046321715606113,0.08485296700168303,High
2018-12-17,ARIMAX,120D,4,0.1252745149312366,0.12206410714620738,High
2018-12-18,ARIMAX,120D,4,0.1231484602502102,0.12769685649062662,High
2018-12-19,ARIMAX,120D,4,0.1427529299289973,0.13284067737144953,High
2018-12-20,ARIMAX,120D,4,0.1570379276269483,0.14700492226139578,High
2018-12-21,ARIMAX,120D,4,0.1787723635578418,0.17246284989288374,High
2018-12-24,ARIMAX,120D,4,0.2159294260291269,0.19600882174366535,High
2018-12-26,ARIMAX,120D,4,0.1705069651513456,0.18432177931953903,High
2018-12-27,ARIMAX,120D,4,0.1714083415184017,0.1621426932396528,High
2018-12-28,ARIMAX,120D,4,0.171390679148905,0.174664780102176,High
2018-12-31,ARIMAX,120D,4,0.1612006648261111,0.15267051329538694,High
2019-01-02,ARIMAX,120D,4,0.1503911961230974,0.14386096684175897,High
2019-01-03,ARIMAX,120D,4,0.1742248322632083,0.17678035615429447,High
2019-01-04,ARIMAX,120D,4,0.1442813189954526,0.1433911986042195,High
2019-01-07,ARIMAX,120D,4,0.1430362848408226,0.13875181973954342,High
2019-01-08,ARIMAX,120D,4,0.1410307161152791,0.1361746348756675,High
2019-01-09,ARIMAX,120D,4,0.1398648920594456,0.1365191651830307,High
2019-01-10,ARIMAX,120D,4,0.1429997463456675,0.12925866149846144,High
2019-01-11,ARIMAX,120D,4,0.1413385206856015,0.1463563292492836,High
2019-01-14,ARIMAX,120D,4,0.1417627422627272,0.14241645705676884,High
2019-01-15,ARIMAX,120D,4,0.13233391644142,0.13409210061230717,High
2019-01-16,ARIMAX,120D,4,0.1346149428484143,0.13055297881994202,High
2019-01-17,ARIMAX,120D,4,0.1293348317211273,0.12829507744027252,High
2019-01-18,ARIMAX,120D,4,0.1208474531833381,0.12020367789996227,High
2019-01-22,ARIMAX,120D,4,0.1352817837396946,0.1314952486593431,High
2019-01-23,ARIMAX,120D,4,0.1296717092652333,0.13296533798730267,High
2019-01-24,ARIMAX,120D,4,0.1217442636881626,0.11818431433870884,High
2019-01-25,ARIMAX,120D,4,0.116866993696464,0.11900502320137463,High
2019-01-28,ARIMAX,120D,4,0.1185488800803282,0.1220666410362264,High
2019-01-29,ARIMAX,120D,4,0.1228308897016931,0.11953603584889075,High
2019-01-30,ARIMAX,120D,4,0.1142254249494094,0.11306319388336633,High
2019-01-31,ARIMAX,120D,4,0.1103419689531174,0.10717637176466237,High
2019-02-01,ARIMAX,120D,4,0.1041674658847108,0.10392433591744943,Normal
2019-02-04,ARIMAX,120D,4,0.1047746205380143,0.09934155760856839,Normal
2019-02-05,ARIMAX,120D,4,0.0984598281716068,0.10279328287656062,Normal
2019-02-06,ARIMAX,120D,4,0.0981047585170711,0.10283430610119847,Normal
2019-02-07,ARIMAX,120D,4,0.0965607447671614,0.10482303343206324,Normal
2019-02-08,ARIMAX,120D,4,0.0868452446323428,0.09359405501735063,Normal
2019-02-11,ARIMAX,120D,4,0.0788270042889593,0.0880376753417482,Normal
2019-02-12,ARIMAX,120D,4,0.0357889692164258,0.07111608607705476,Normal
2019-02-13,ARIMAX,120D,4,0.0457025615338814,0.037172388581718466,Normal
2019-02-14,ARIMAX,120D,4,0.0491243072514389,0.046681108602161486,Normal
2019-02-15,ARIMAX,120D,4,0.0568927650533463,0.043925527314685256,Normal
2019-02-19,ARIMAX,120D,4,0.0487565505930973,0.05534139314783915,Normal
2019-02-20,ARIMAX,120D,4,0.0345872079164411,0.04620682079370152,Low
2019-02-21,ARIMAX,120D,4,0.0531382235095843,0.036416054030330006,Low
2019-02-22,ARIMAX,120D,4,0.0170172323603382,0.047681153837569455,Normal
2019-02-25,ARIMAX,120D,4,0.0182473646087669,0.02197435297002237,Low
2019-02-26,ARIMAX,120D,4,0.0333611924538521,0.019318395437361417,Low
2019-02-27,ARIMAX,120D,4,0.0459385654545477,0.032921463196933454,Low
2019-02-28,ARIMAX,120D,4,0.0408218577413828,0.047424168382670426,Low
2019-03-01,ARIMAX,120D,4,0.0421631807100225,0.03787167595208563,Low
2019-03-04,ARIMAX,120D,4,0.0455450851459993,0.04630892417640852,Low
2019-03-05,ARIMAX,120D,4,0.0203883775128682,0.04587843735987819,Low
2019-03-06,ARIMAX,120D,4,0.0378569638477912,0.02684973083368846,Low
2019-03-07,ARIMAX,120D,4,0.0428075531855663,0.043028137627035085,Low
2019-03-08,ARIMAX,120D,4,0.0514656688475823,0.03957459025980618,Low
2019-03-11,ARIMAX,120D,4,0.0495136157251872,0.04019643396322353,Low
2019-03-12,ARIMAX,120D,4,0.0472072307572589,0.0470906616433041,Low
2019-03-13,ARIMAX,120D,4,0.0333586746675541,0.042689280166660036,Low
2019-03-14,ARIMAX,120D,4,0.0450107992775717,0.03322051139386603,Low
2019-03-15,ARIMAX,120D,4,0.0529641927909007,0.04014252323276001,Low
2019-03-18,ARIMAX,120D,4,0.0501752867963696,0.05348763798592406,Low
2019-03-19,ARIMAX,120D,4,0.0502118421973964,0.05428475995159775,Low
2019-03-20,ARIMAX,120D,4,0.053482791364097,0.05346821384038469,Low
2019-03-21,ARIMAX,120D,4,0.049892448195795,0.04454910454698585,Low
2019-03-22,ARIMAX,120D,4,0.0719242916083016,0.07156559026465345,Normal
2019-03-25,ARIMAX,120D,4,0.0720389875646456,0.07219962863011373,Normal
2019-03-26,ARIMAX,120D,4,0.0617414217003556,0.06601758836450272,Normal
2019-03-27,ARIMAX,120D,4,0.0689749903494166,0.06217581249104015,Normal
2019-03-28,ARIMAX,120D,4,0.065734568918422,0.06555439641311078,Normal
2019-03-29,ARIMAX,120D,4,0.0590428373970268,0.05837854127858696,Normal
2019-04-01,ARIMAX,120D,4,0.042633042774102,0.05098834781930518,Normal
2019-04-02,ARIMAX,120D,4,0.0425186466014162,0.04474608582463252,Normal
2019-04-03,ARIMAX,120D,4,0.0319205852177755,0.04046933828244503,Normal
2019-04-04,ARIMAX,120D,4,0.0359778052167452,0.02959994593592111,Normal
2019-04-05,ARIMAX,120D,4,0.0289202165840329,0.03295540701201765,Normal
2019-04-08,ARIMAX,120D,4,0.0225427702543807,0.030764919284440476,Low
2019-04-09,ARIMAX,120D,4,0.0336636569052986,0.02909841985036833,Normal
2019-04-10,ARIMAX,120D,4,0.017857692205386,0.03260917946794309,Normal
2019-04-11,ARIMAX,120D,4,-0.0002458343226004,0.01668647813978355,Normal
2019-04-12,ARIMAX,120D,4,0.0011068920617204,-0.003926980294414452,Normal
2019-04-15,ARIMAX,120D,4,0.0158532445453367,0.0011733623501852437,Normal
2019-04-16,ARIMAX,120D,4,0.0108556639465151,0.015412030367174822,Normal
2019-04-17,ARIMAX,120D,4,-0.0025510947848559,0.013256220393256279,Normal
2019-04-18,ARIMAX,120D,4,0.0049343549057403,-0.0034982177664831457,Low
2019-04-22,ARIMAX,120D,4,0.0103180515005901,-0.0005326372522431381,Low
2019-04-23,ARIMAX,120D,4,0.0123952799993839,0.006562958845554316,Low
2019-04-24,ARIMAX,120D,4,0.013201366929201,0.018148982953132203,Low
2019-04-25,ARIMAX,120D,4,0.0234768540459629,0.013868764704338758,Low
2019-04-26,ARIMAX,120D,4,0.0168009591694643,0.0199830756104172,Low
2019-04-29,ARIMAX,120D,4,0.0184890326350056,0.01783260362297041,Low
2019-04-30,ARIMAX,120D,4,0.0136110222264142,0.02091743037517873,Low
2019-05-01,ARIMAX,120D,4,0.0279895821820395,0.02292645448188475,Low
2019-05-02,ARIMAX,120D,4,0.0265407775723454,0.02903640500999659,Low
2019-05-03,ARIMAX,120D,4,0.0197917534392588,0.018810759328731122,Low
2019-05-06,ARIMAX,120D,4,0.0261913712875027,0.02160035798407242,Low
2019-05-07,ARIMAX,120D,4,0.046905288887064,0.05100142436832497,Low
2019-05-08,ARIMAX,120D,4,0.0540778241926018,0.049562438127567984,Low
2019-05-09,ARIMAX,120D,4,0.0562710708980494,0.05345667035635816,Low
2019-05-10,ARIMAX,120D,4,0.0558057662289881,0.05035915962935292,Low
2019-05-13,ARIMAX,120D,4,0.0772047967329466,0.07047046312612237,Normal
2019-05-14,ARIMAX,120D,4,0.0788367397693781,0.07187530239844936,Normal
2019-05-15,ARIMAX,120D,4,0.0767119912469675,0.06691867826832998,Normal
2019-05-16,ARIMAX,120D,4,0.0666696314186479,0.0688154195029986,Normal
2019-05-17,ARIMAX,120D,4,0.0732263191849812,0.06967559350042185,Normal
2019-05-20,ARIMAX,120D,4,0.0827249524046672,0.07319855973810187,Normal
2019-05-21,ARIMAX,120D,4,0.0768224064565924,0.07889227324644613,Normal
2019-05-22,ARIMAX,120D,4,0.0776864034071545,0.07568352636413046,Normal
2019-05-23,ARIMAX,120D,4,0.0912355189496995,0.08731738266119071,Normal
2019-05-24,ARIMAX,120D,4,0.0905941567477786,0.0915664694286345,Normal
2019-05-28,ARIMAX,120D,4,0.0998417993624955,0.0950877656152124,Normal
2019-05-29,ARIMAX,120D,4,0.1144437383077,0.10393625058400051,Normal
2019-05-30,ARIMAX,120D,4,0.1128504919555128,0.11005088564664825,Normal
2019-05-31,ARIMAX,120D,4,0.1255409271062732,0.11707563352439043,Normal
2019-06-03,ARIMAX,120D,4,0.12454674133964,0.12926115391988555,Normal
2019-06-04,ARIMAX,120D,4,0.101756808172373,0.10764014959665197,High
2019-06-05,ARIMAX,120D,4,0.0958006551359353,0.09348849906816319,Normal
2019-06-06,ARIMAX,120D,4,0.097163066347398,0.09040339085584889,High
2019-06-07,ARIMAX,120D,4,0.0889132507450781,0.09041725683439814,High
2019-06-10,ARIMAX,120D,4,0.0884297662956126,0.08925026331474453,High
2019-06-11,ARIMAX,120D,4,0.0847604215235747,0.08827132622530798,Normal
2019-06-12,ARIMAX,120D,4,0.0781315956568486,0.08466547770803293,Normal
2019-06-13,ARIMAX,120D,4,0.0673823598959531,0.0766493857064453,Normal
2019-06-14,ARIMAX,120D,4,0.0752988292908761,0.06969590372641768,Normal
2019-06-17,ARIMAX,120D,4,0.0758666407851532,0.07303727733578415,Normal
2019-06-18,ARIMAX,120D,4,0.0752903972226087,0.07014940320049698,Normal
2019-06-19,ARIMAX,120D,4,0.0691418467451105,0.07320561313222328,Normal
2019-06-20,ARIMAX,120D,4,0.0586167052402532,0.0652008069472105,Normal
2019-06-21,ARIMAX,120D,4,0.0627806590493319,0.058662156090524796,Normal
2019-06-24,ARIMAX,120D,4,0.0730527148854741,0.06448492088611663,Normal
2019-06-25,ARIMAX,120D,4,0.0826670696760763,0.08005738795978534,Normal
2019-06-26,ARIMAX,120D,4,0.0910241262974234,0.08152798094472101,Normal
2019-06-27,ARIMAX,120D,4,0.0875434765332937,0.08766833492956067,Normal
2019-06-28,ARIMAX,120D,4,0.0813701410521712,0.08006064729228611,Normal
2019-07-01,ARIMAX,120D,4,0.0781765012630816,0.07633094532462462,Low
2019-07-02,ARIMAX,120D,4,0.0801852497904271,0.0709487866013661,Low
2019-07-03,ARIMAX,120D,4,0.0734079228440412,0.07362676956366535,Low
2019-07-05,ARIMAX,120D,4,0.0750199897461218,0.07639042991894701,Low
2019-07-08,ARIMAX,120D,4,0.0849822251662995,0.08141865325731676,Low
2019-07-09,ARIMAX,120D,4,0.0837804162475036,0.08518611367551106,Low
2019-07-10,ARIMAX,120D,4,0.0734822732320709,0.08194197196716509,Low
2019-07-11,ARIMAX,120D,4,0.074141344297313,0.07070262027093242,Low
2019-07-12,ARIMAX,120D,4,0.0778757053575634,0.06995950056793965,Low
2019-07-15,ARIMAX,120D,4,0.0706149422642247,0.07665050232487818,Low
2019-07-16,ARIMAX,120D,4,0.0775516720135077,0.07288231673400704,Low
2019-07-17,ARIMAX,120D,4,0.081297162395006,0.08433381065476503,Low
2019-07-18,ARIMAX,120D,4,0.0826120381718281,0.07773583025006607,Low
2019-07-19,ARIMAX,120D,4,0.0954411417535791,0.09128411667774206,Low
2019-07-22,ARIMAX,120D,4,0.0897571775798241,0.09019344780400447,Low
2019-07-23,ARIMAX,120D,4,0.0898850264864809,0.08193421027570434,Low
2019-07-24,ARIMAX,120D,4,0.0836921528361095,0.0807054642914434,Low
2019-07-25,ARIMAX,120D,4,0.0908368995633967,0.08846649372851062,Low
2019-07-26,ARIMAX,120D,4,0.0918081112148457,0.08490380362669636,Low
2019-07-29,ARIMAX,120D,4,0.0972802563913882,0.09388711500776024,Low
2019-07-30,ARIMAX,120D,4,0.0972067413938471,0.1011729831855179,Low
2019-07-31,ARIMAX,120D,4,0.1084409826426683,0.11273085131194208,Low
2019-08-01,ARIMAX,120D,4,0.1186208364048324,0.11722336828146142,Low
2019-08-02,ARIMAX,120D,4,0.1168469355182038,0.12166827231767705,Low
2019-08-05,ARIMAX,120D,4,0.1312213653310546,0.1431483116145081,Normal
2019-08-06,ARIMAX,120D,4,0.1282917249202405,0.12380667422373756,Normal
2019-08-07,ARIMAX,120D,4,0.1266578924427971,0.11614934461499052,Normal
2019-08-08,ARIMAX,120D,4,0.1111988869061432,0.111572798695283,High
2019-08-09,ARIMAX,120D,4,0.0999730364684374,0.1145980937082226,High
2019-08-12,ARIMAX,120D,4,0.1195952713455851,0.10738084152559693,High
2019-08-13,ARIMAX,120D,4,0.1194462409957893,0.10867986342602415,High
2019-08-14,ARIMAX,120D,4,0.160364372109298,0.14000415628782198,High
2019-08-15,ARIMAX,120D,4,0.1612232904681195,0.16253793758525686,High
2019-08-16,ARIMAX,120D,4,0.1414847412864163,0.14485569188359948,High
2019-08-19,ARIMAX,120D,4,0.1367512558425921,0.1288481112248524,High
2019-08-20,ARIMAX,120D,4,0.1463845198407097,0.14253851744788645,High
2019-08-21,ARIMAX,120D,4,0.1446133933885598,0.13447382556819196,High
2019-08-22,ARIMAX,120D,4,0.1434878199878498,0.14255012796346944,High
2019-08-23,ARIMAX,120D,4,0.171618537209173,0.16920070733291714,High
2019-08-26,ARIMAX,120D,4,0.1577712104922273,0.16391358196740938,High
2019-08-27,ARIMAX,120D,4,0.1656742805770685,0.1612755615015191,High
2019-08-28,ARIMAX,120D,4,0.1553273116185086,0.1561646807168679,High
2019-08-29,ARIMAX,120D,4,0.1321460199445942,0.14608153397922252,High
2019-08-30,ARIMAX,120D,4,0.0974153597642767,0.12753573688673875,High
2019-09-03,ARIMAX,120D,4,0.0735904647216089,0.09759556776019233,High
2019-09-04,ARIMAX,120D,4,0.0590210421196575,0.06667383101894025,High
2019-09-05,ARIMAX,120D,4,0.0009269928456367,0.04956323025350963,High
2019-09-06,ARIMAX,120D,4,-0.0082556610683931,0.0026881266740683054,High
2019-09-09,ARIMAX,120D,4,0.0368492223799199,-0.009898220425050324,High
2019-09-10,ARIMAX,120D,4,0.0080164850310742,0.03147914531933187,High
2019-09-11,ARIMAX,120D,4,0.0421491620653202,0.0071889366755181735,High
2019-09-12,ARIMAX,120D,4,0.0047633633471059,0.03720516158962711,Normal
2019-09-13,ARIMAX,120D,4,-0.011712903428314,0.004578171470536655,Normal
2019-09-16,ARIMAX,120D,4,-0.0875828034523296,-0.009226199567477538,Normal
2019-09-17,ARIMAX,120D,4,-0.0419461763989326,-0.08475805034776583,Normal
2019-09-18,ARIMAX,120D,4,-0.0923917024918051,-0.04216265352536491,Normal
2019-09-19,ARIMAX,120D,4,-0.1923565294162082,-0.0896326175386965,Normal
2019-09-20,ARIMAX,120D,4,-0.0986405233620917,-0.184234105429067,Normal
2019-09-23,ARIMAX,120D,4,-0.2261957802170816,-0.10521486992749857,Low
2019-09-24,ARIMAX,120D,4,-0.1595174786178383,-0.21003234207467214,Low
2019-09-25,ARIMAX,120D,4,-0.2188794361918824,-0.16364976813296345,Low
2019-09-26,ARIMAX,120D,4,-0.2117508042118681,-0.21382658422459383,Low
2019-09-27,ARIMAX,120D,4,-0.2507478936861064,-0.2026086080919913,Low
2019-09-30,ARIMAX,120D,4,-0.2855143049109316,-0.2524890613723264,Low
2019-10-01,ARIMAX,120D,4,-0.1834969454475557,-0.27146474433694756,Low
2019-10-02,ARIMAX,120D,4,-0.1539625508390896,-0.16546939989918708,Normal
2019-10-03,ARIMAX,120D,4,-0.1013590245387099,-0.15898843303921043,Low
2019-10-04,ARIMAX,120D,5,-0.1497436553195954,-0.11365268324984353,Normal
2019-10-07,ARIMAX,120D,5,-0.1122887124759391,-0.14387442811074336,Normal
2019-10-08,ARIMAX,120D,5,-0.1127478637122449,-0.09857704347958218,Normal
2019-10-09,ARIMAX,120D,5,-0.1669575229598777,-0.11723625170760302,Normal
2019-10-10,ARIMAX,120D,5,-0.1507800683146999,-0.1713218394143725,Normal
2019-10-11,ARIMAX,120D,5,-0.1769125088144333,-0.15478220786845792,Normal
2019-10-14,ARIMAX,120D,5,-0.1075561829963839,-0.18142698620562486,Normal
2019-10-15,ARIMAX,120D,5,-0.1190669674212355,-0.11847618557649804,Normal
2019-10-16,ARIMAX,120D,5,-0.0835760516767569,-0.11578447108338052,Normal
2019-10-17,ARIMAX,120D,5,-0.0719516033428329,-0.08194514293329205,Normal
2019-10-18,ARIMAX,120D,5,-0.0781806170777103,-0.06702153194201531,Normal
2019-10-21,ARIMAX,120D,5,-0.0549141716107363,-0.08116512386421518,Normal
2019-10-22,ARIMAX,120D,5,-0.0736158550247287,-0.04992032133792834,Normal
2019-10-23,ARIMAX,120D,5,-0.0706591205310183,-0.07567586752692397,Normal
2019-10-24,ARIMAX,120D,5,-0.046136793168869,-0.07004098070107927,Normal
2019-10-25,ARIMAX,120D,5,-0.0682440682948727,-0.05382337214640626,Normal
2019-10-28,ARIMAX,120D,5,-0.1049650034473212,-0.06770901563583119,Normal
2019-10-29,ARIMAX,120D,5,-0.0814609509087036,-0.10327103969716925,Normal
2019-10-30,ARIMAX,120D,5,-0.0852486079697566,-0.08631840928801772,Normal
2019-10-31,ARIMAX,120D,5,-0.0683990787683783,-0.08093288158083797,Normal
2019-11-01,ARIMAX,120D,5,-0.0634081411462899,-0.0711248207328916,Low
2019-11-04,ARIMAX,120D,5,-0.072361557142086,-0.06311407714192563,Low
2019-11-05,ARIMAX,120D,5,-0.0449384503851923,-0.07158891591284668,Low
2019-11-06,ARIMAX,120D,5,-0.0548958442965368,-0.044875324398823455,Low
2019-11-07,ARIMAX,120D,5,-0.0860824305555934,-0.05512240301465919,Low
2019-11-08,ARIMAX,120D,5,-0.0843990111218598,-0.08560065847344499,Low
2019-11-11,ARIMAX,120D,5,-0.0734346805107427,-0.08276789413191288,Low
2019-11-12,ARIMAX,120D,5,-0.0820019842110484,-0.07028919799298891,Low
2019-11-13,ARIMAX,120D,5,-0.0712743100262739,-0.08169391986565627,Low
2019-11-14,ARIMAX,120D,5,-0.0553802075755043,-0.06892920261644969,Low
2019-11-15,ARIMAX,120D,5,-0.0629131669866867,-0.05966706451910303,Low
2019-11-18,ARIMAX,120D,5,-0.0841295590815441,-0.06279109579723668,Low
2019-11-19,ARIMAX,120D,5,-0.1011537856061315,-0.07992656695944134,Low
2019-11-20,ARIMAX,120D,5,-0.085931611381119,-0.09716178188501111,Low
2019-11-21,ARIMAX,120D,5,-0.0804289300912065,-0.08438052351842226,Low
2019-11-22,ARIMAX,120D,5,-0.0515862952635092,-0.07975967762234214,Low
2019-11-25,ARIMAX,120D,5,-0.0696052948625757,-0.05751633959762673,Low
2019-11-26,ARIMAX,120D,5,-0.0552844678941003,-0.07009963418514557,Low
2019-11-27,ARIMAX,120D,5,-0.0672541718293537,-0.05714583677372712,Low
2019-11-29,ARIMAX,120D,5,-0.0608839399125522,-0.06215017419951664,Low
2019-12-02,ARIMAX,120D,5,-0.0400011711971282,-0.04647582560241421,Low
2019-12-03,ARIMAX,120D,5,-0.0186224984487687,-0.03295402103791915,Low
2019-12-04,ARIMAX,120D,5,-0.0270362953824583,-0.020109612726787816,Low
2019-12-05,ARIMAX,120D,5,-0.0237346287567804,-0.028295880893925037,Low
2019-12-06,ARIMAX,120D,5,-0.0290846583088421,-0.02979081824257686,Low
2019-12-09,ARIMAX,120D,5,-0.0177395173419688,-0.024818171092687115,Low
2019-12-10,ARIMAX,120D,5,-0.0030853103604208,-0.013504636003557283,Low
2019-12-11,ARIMAX,120D,5,-0.0093636369733804,-0.00570243775193051,Low
2019-12-12,ARIMAX,120D,5,0.0079717084727002,-0.01659305139366569,Low
2019-12-13,ARIMAX,120D,5,0.0198687857282914,0.00657122777362793,Low
2019-12-16,ARIMAX,120D,5,0.0049166813660266,0.012960765495398936,Low
2019-12-17,ARIMAX,120D,5,-0.0007458103976164,0.004883999101666744,Low
2019-12-18,ARIMAX,120D,5,-0.0610661097533826,0.0008115564414764515,Low
2019-12-19,ARIMAX,120D,5,-0.0525392019700352,-0.06126065218779908,Low
2019-12-20,ARIMAX,120D,5,-0.049193936956194,-0.05198246428508601,Low
2019-12-23,ARIMAX,120D,5,-0.0312748528037819,-0.04781864171415145,Low
2019-12-24,ARIMAX,120D,5,-0.0346861817339432,-0.029998049139650602,Low
2019-12-26,ARIMAX,120D,5,-0.0392072007401953,-0.03665072313194982,Low
2019-12-27,ARIMAX,120D,5,-0.0449066984455271,-0.03407048655290795,Low
2019-12-30,ARIMAX,120D,5,-0.0326350090695189,-0.036290847356648184,Low
2019-12-31,ARIMAX,120D,5,-0.0312785305222258,-0.03698411977036398,Low
2020-01-02,ARIMAX,120D,5,-0.0658176914802049,-0.03884455748889932,Low
2020-01-03,ARIMAX,120D,5,-0.0478329543870323,-0.061049239783411056,Low
2020-01-06,ARIMAX,120D,5,-0.0758853038561361,-0.046859278612288245,Low
2020-01-07,ARIMAX,120D,5,-0.0584992406580076,-0.07071243942424701,Low
2020-01-08,ARIMAX,120D,5,-0.0480973647078929,-0.06201011583717553,Low
2020-01-09,ARIMAX,120D,5,-0.0497210148489288,-0.050703990662477945,Low
2020-01-10,ARIMAX,120D,5,-0.042330781884607,-0.04823945826090988,Low
2020-01-13,ARIMAX,120D,5,-0.0335258450983769,-0.046648578884286605,Low
2020-01-14,ARIMAX,120D,5,-0.0428876421311248,-0.03173976288762647,Low
2020-01-15,ARIMAX,120D,5,-0.0369591061113824,-0.042191928070334415,Low
2020-01-16,ARIMAX,120D,5,-0.0509504450098089,-0.03872759770801687,Low
2020-01-17,ARIMAX,120D,5,-0.044393358482851,-0.05155902329731772,Low
2020-01-21,ARIMAX,120D,5,-0.0511445033293245,-0.040318878740378816,Low
2020-01-22,ARIMAX,120D,5,-0.0381162370431015,-0.04719938851616327,Low
2020-01-23,ARIMAX,120D,5,-0.0302155063001047,-0.03943273890111027,Low
2020-01-24,ARIMAX,120D,5,-0.0245441320880262,-0.01720704704962371,Low
2020-01-27,ARIMAX,120D,5,-0.0058438171435987,-0.0113929533414991,Low
2020-01-28,ARIMAX,120D,5,-0.007475403388811,-0.005840358854502795,Normal
2020-01-29,ARIMAX,120D,5,-0.0049305239106663,-0.008047695662485553,Low
2020-01-30,ARIMAX,120D,5,-0.0023293502464037,-0.011115656213897197,Low
2020-01-31,ARIMAX,120D,5,0.0031387149127125,0.017207016714351105,Normal
2020-02-03,ARIMAX,120D,5,-0.0102993508727963,-0.003601911470797272,Normal
2020-02-04,ARIMAX,120D,5,-0.01780073796882,-0.01782409821409226,Normal
2020-02-05,ARIMAX,120D,5,-0.0354829520464391,-0.02621681678596796,Normal
2020-02-06,ARIMAX,120D,5,-0.0264513237516986,-0.03645718379195531,Normal
2020-02-07,ARIMAX,120D,5,-0.0247931345056951,-0.024920515987002602,Normal
2020-02-10,ARIMAX,120D,5,-0.0244515883840919,-0.029676633618979962,Normal
2020-02-11,ARIMAX,120D,5,-0.0189832744057354,-0.01799803842947134,Normal
2020-02-12,ARIMAX,120D,5,-0.0218197044848047,-0.02345841710884869,Normal
2020-02-13,ARIMAX,120D,5,-0.0137787676892982,-0.022905787974411805,Normal
2020-02-14,ARIMAX,120D,5,-0.0092134777671187,-0.013427880783327751,Normal
2020-02-18,ARIMAX,120D,5,-0.0056564345110144,-0.005693329310501683,Normal
2020-02-19,ARIMAX,120D,5,-0.0076127175219075,-0.005398230149776796,Normal
2020-02-20,ARIMAX,120D,5,-0.0117909554952872,-0.0022234525822231923,Normal
2020-02-21,ARIMAX,120D,5,0.0126823560311461,-0.001127809936909193,Normal
2020-02-24,ARIMAX,120D,5,0.04472116277543,0.0431595224315238,High
2020-02-25,ARIMAX,120D,5,0.0752971697545043,0.08745893704720316,High
2020-02-26,ARIMAX,120D,5,0.0817890445854577,0.07308716488755941,High
2020-02-27,ARIMAX,120D,5,0.1292579213575359,0.1272859989894966,High
2020-02-28,ARIMAX,120D,5,0.1331162611220068,0.14337705065242287,High
2020-03-02,ARIMAX,120D,5,0.0912590471209397,0.09507821233695977,High
2020-03-03,ARIMAX,120D,5,0.1232047320268267,0.1151158057957728,High
2020-03-04,ARIMAX,120D,5,0.0918619980310969,0.08887843559359243,High
2020-03-05,ARIMAX,120D,5,0.1299626802166181,0.11876149243994225,High
2020-03-06,ARIMAX,120D,5,0.1573076252138458,0.14717580830397417,High
2020-03-09,ARIMAX,120D,5,0.2379896841860266,0.23820770701842253,High
2020-03-10,ARIMAX,120D,5,0.1964846346097379,0.21098293874828628,High
2020-03-11,ARIMAX,120D,5,0.2443901522428347,0.2357941162622262,High
2020-03-12,ARIMAX,120D,5,0.3518318360660141,0.3441992521922352,High
2020-03-13,ARIMAX,120D,5,0.2782724792606479,0.29505434170988953,High
2020-03-16,ARIMAX,120D,5,0.3701670825912799,0.3620236415391119,High
2020-03-17,ARIMAX,120D,5,0.303774489201313,0.3666502911377314,High
2020-03-18,ARIMAX,120D,5,0.3288479324469264,0.32200302725642227,High
2020-03-19,ARIMAX,120D,5,0.3440959321387059,0.2955603993809214,High
2020-03-20,ARIMAX,120D,5,0.3706823102666773,0.3663048511592102,High
2020-03-23,ARIMAX,120D,5,0.4009467414343414,0.32125960986356433,High
2020-03-24,ARIMAX,120D,5,0.323924843941401,0.3476876012400311,High
2020-03-25,ARIMAX,120D,5,0.3176616394510785,0.333477504442774,High
2020-03-26,ARIMAX,120D,5,0.2524881614846802,0.2784537021786693,High
2020-03-27,ARIMAX,120D,5,0.2783080574977539,0.2792538598519531,High
2020-03-30,ARIMAX,120D,5,0.2340958899799508,0.24898382834217106,High
2020-03-31,ARIMAX,120D,5,0.2385996367410688,0.23569795955645406,High
2020-04-01,ARIMAX,120D,5,0.2942090158722318,0.2567309598882814,High
2020-04-02,ARIMAX,120D,5,0.2476290199008973,0.27109271696610565,High
2020-04-03,ARIMAX,120D,5,0.2658648862814707,0.23707277622470363,High
2020-04-06,ARIMAX,120D,5,0.2137470813608287,0.21372467879939383,High
2020-04-07,ARIMAX,120D,5,0.2313336122630454,0.23983753580878528,High
2020-04-08,ARIMAX,120D,5,0.1930199583673166,0.18517114316058425,High
2020-04-09,ARIMAX,120D,5,0.1868563306319969,0.17231429102846582,High
2020-04-13,ARIMAX,120D,5,0.2022913396409689,0.19486771275273115,High
2020-04-14,ARIMAX,120D,5,0.1625529672022905,0.16448461139470957,High
2020-04-15,ARIMAX,120D,5,0.2026428088775606,0.18007234891393203,High
2020-04-16,ARIMAX,120D,5,0.1827709066504961,0.2002892578017065,High
2020-04-17,ARIMAX,120D,5,0.1735771383994171,0.16819915474877895,High
2020-04-20,ARIMAX,120D,5,0.1995981969096343,0.18498967715764203,High
2020-04-21,ARIMAX,120D,5,0.2395084073267178,0.22730291616499504,High
2020-04-22,ARIMAX,120D,5,0.2331196369029052,0.22433488434345616,High
2020-04-23,ARIMAX,120D,5,0.2273323129339375,0.2289580583593782,High
2020-04-24,ARIMAX,120D,5,0.2068650502830389,0.21388445582313037,High
2020-04-27,ARIMAX,120D,5,0.1907292585870899,0.17664635167022782,High
2020-04-28,ARIMAX,120D,5,0.1961203392342041,0.19448636551455217,High
2020-04-29,ARIMAX,120D,5,0.1534189716741884,0.1757754431431442,High
2020-04-30,ARIMAX,120D,5,0.1673903103132445,0.1541798973218847,High
2020-05-01,ARIMAX,120D,5,0.1936524073164501,0.1950089306022113,High
2020-05-04,ARIMAX,120D,5,0.1946169387410919,0.18691457646835452,High
2020-05-05,ARIMAX,120D,5,0.1890568418637016,0.191381856925615,High
2020-05-06,ARIMAX,120D,5,0.1772962492774221,0.19402555498751015,High
2020-05-07,ARIMAX,120D,5,0.1628270881720859,0.16584431283561724,High
2020-05-08,ARIMAX,120D,5,0.1101707509982819,0.13983785690704068,High
2020-05-11,ARIMAX,120D,5,0.1219142065714886,0.10180847042146093,High
2020-05-12,ARIMAX,120D,5,0.130423858898276,0.15322357440876344,High
2020-05-13,ARIMAX,120D,5,0.1602838064131478,0.14574848905850885,High
2020-05-14,ARIMAX,120D,5,0.1664676262931541,0.1442942289726628,High
2020-05-15,ARIMAX,120D,5,0.1843564767445228,0.1642514439181294,High
2020-05-18,ARIMAX,120D,5,0.1726145337511509,0.16556222356428546,High
2020-05-19,ARIMAX,120D,5,0.1828665248773762,0.17153763161315722,High
2020-05-20,ARIMAX,120D,5,0.177984509010305,0.16875264185937708,High
2020-05-21,ARIMAX,120D,5,0.1843877020993909,0.18311260964211495,High
2020-05-22,ARIMAX,120D,5,0.1896594847755699,0.18114548024741448,High
2020-05-26,ARIMAX,120D,5,0.1674165482070401,0.19048530590927476,High
2020-05-27,ARIMAX,120D,5,0.1662166474230197,0.1561546463579287,High
2020-05-28,ARIMAX,120D,5,0.179907521670772,0.17571450545864575,High
2020-05-29,ARIMAX,120D,5,0.1703032843338163,0.1706700519539349,High
2020-06-01,ARIMAX,120D,5,0.1549278572079706,0.16266357997724118,High
2020-06-02,ARIMAX,120D,5,0.1506892256163046,0.15300063841089415,High
2020-06-03,ARIMAX,120D,5,0.130316817430822,0.14284711571823336,High
2020-06-04,ARIMAX,120D,5,0.1393113146962808,0.12984389922264059,High
2020-06-05,ARIMAX,120D,5,0.1294697606886765,0.12831263145328753,High
2020-06-08,ARIMAX,120D,5,0.1159144295273613,0.1269671464802574,High
2020-06-09,ARIMAX,120D,5,0.1261382839729841,0.12969415019745145,High
2020-06-10,ARIMAX,120D,5,0.1268593990711943,0.13184790842679078,High
2020-06-11,ARIMAX,120D,5,0.1988202327290761,0.1850090507581605,High
2020-06-12,ARIMAX,120D,5,0.1876335106524687,0.20782796452828733,High
2020-06-15,ARIMAX,120D,5,0.1787312977539992,0.16058073801886114,High
2020-06-16,ARIMAX,120D,5,0.1687439086024756,0.1787317245894972,High
2020-06-17,ARIMAX,120D,5,0.1704131913961417,0.16598777859892822,High
2020-06-18,ARIMAX,120D,5,0.1726024191625103,0.15657945663273282,High
2020-06-19,ARIMAX,120D,5,0.1702869677797125,0.1850892068244762,High
2020-06-22,ARIMAX,120D,5,0.1625269399552823,0.15838593836110326,High
2020-06-23,ARIMAX,120D,5,0.1569629726795657,0.1597958885126206,High
2020-06-24,ARIMAX,120D,5,0.1787894500300811,0.17732629884545897,High
2020-06-25,ARIMAX,120D,5,0.1807281043240817,0.16425687698819286,High
2020-06-26,ARIMAX,120D,5,0.2070245342192359,0.20082158880730017,High
2020-06-29,ARIMAX,120D,5,0.1981867889146856,0.19018796312085495,High
2020-06-30,ARIMAX,120D,5,0.1793771425267813,0.18360825984964607,High
2020-07-01,ARIMAX,120D,5,0.1704536500640011,0.17232969963125017,High
2020-07-02,ARIMAX,120D,5,0.1638474348954138,0.16649798487171902,High
2020-07-06,ARIMAX,120D,5,0.1488360373350691,0.151710383104414,High
2020-07-07,ARIMAX,120D,5,0.1632438651841996,0.1637314104489619,High
2020-07-08,ARIMAX,120D,5,0.1641315864591808,0.15744737841154205,High
2020-07-09,ARIMAX,120D,5,0.1675613131080968,0.169496280553928,High
2020-07-10,ARIMAX,120D,5,0.1584901514287329,0.14475650872279378,High
2020-07-13,ARIMAX,120D,5,0.1743150013564955,0.17985532063634774,High
2020-07-14,ARIMAX,120D,5,0.1461329380615657,0.16203426959756712,High
2020-07-15,ARIMAX,120D,5,0.1441495125085727,0.1426211197785656,High
2020-07-16,ARIMAX,120D,5,0.1532550311051622,0.1383686157648179,High
2020-07-17,ARIMAX,120D,5,0.1651487286253314,0.14944073010042103,High
2020-07-20,ARIMAX,120D,5,0.1622537687637066,0.14880253250712455,High
2020-07-21,ARIMAX,120D,5,0.1539998118125251,0.16527111678844075,High
2020-07-22,ARIMAX,120D,5,0.1486848832486209,0.14930946231443104,High
2020-07-23,ARIMAX,120D,5,0.1633543180475938,0.1560248263911886,High
2020-07-24,ARIMAX,120D,5,0.1658034450031268,0.16459525786756762,High
2020-07-27,ARIMAX,120D,5,0.1512195153833661,0.15422005857103968,Normal
2020-07-28,ARIMAX,120D,5,0.165817408437774,0.15687070089368907,Normal
2020-07-29,ARIMAX,120D,5,0.1673050424625422,0.15726144049250723,Normal
2020-07-30,ARIMAX,120D,5,0.1713790173873104,0.16614279514687114,Normal
2020-07-31,ARIMAX,120D,5,0.1607226284821964,0.1703300315991155,Normal
2020-08-03,ARIMAX,120D,5,0.1571765833308549,0.1580195413450102,Normal
2020-08-04,ARIMAX,120D,5,0.1520812171435677,0.14985870648159663,Normal
2020-08-05,ARIMAX,120D,5,0.1196587415819495,0.14961775505292166,Normal
2020-08-06,ARIMAX,120D,5,0.122964914340045,0.11233390178162593,Normal
2020-08-07,ARIMAX,120D,5,0.1028317074152965,0.12369667781396215,Normal
2020-08-10,ARIMAX,120D,5,0.1160175423765833,0.10090214891988054,Normal
2020-08-11,ARIMAX,120D,5,0.1378211265922712,0.12791434280126013,Normal
2020-08-12,ARIMAX,120D,5,0.1249298849140025,0.12865585178696431,Normal
2020-08-13,ARIMAX,120D,5,0.137774005234081,0.12330553330905482,Normal
2020-08-14,ARIMAX,120D,5,0.1418358222381239,0.13588497966336266,Normal
2020-08-17,ARIMAX,120D,5,0.1465017522069896,0.13979408027862353,Normal
2020-08-18,ARIMAX,120D,5,0.1430868663654514,0.142462893871526,Normal
2020-08-19,ARIMAX,120D,5,0.1471557451882419,0.15058723737586277,Normal
2020-08-20,ARIMAX,120D,5,0.1456631652344834,0.1410376067585385,Low
2020-08-21,ARIMAX,120D,5,0.1469279361776734,0.14389057557083204,Low
2020-08-24,ARIMAX,120D,5,0.1363648862973545,0.143411096124538,Low
2020-08-25,ARIMAX,120D,5,0.1324545332028974,0.1331985050017888,Low
2020-08-26,ARIMAX,120D,5,0.1178849176308125,0.1292436361514287,Low
2020-08-27,ARIMAX,120D,5,0.1143566525033385,0.12505564605563763,Low
2020-08-28,ARIMAX,120D,5,0.0998837567600575,0.1113261415929004,Low
2020-08-31,ARIMAX,120D,5,0.1033366615470924,0.10830011797249361,Low
2020-09-01,ARIMAX,120D,5,0.1071274977973724,0.10633456350579863,Low
2020-09-02,ARIMAX,120D,5,0.0670950532293308,0.10379160476504767,Low
2020-09-03,ARIMAX,120D,5,0.0980911150777175,0.1136982657833914,High
2020-09-04,ARIMAX,120D,5,0.129769569057686,0.10269663031207013,High
2020-09-08,ARIMAX,120D,5,0.1498047194046441,0.13283159280448317,High
2020-09-09,ARIMAX,120D,5,0.1167076228476626,0.1325028588635202,High
2020-09-10,ARIMAX,120D,5,0.1209408307086675,0.13335215021277394,High
2020-09-11,ARIMAX,120D,5,0.1397162568892893,0.10396516338860452,High
2020-09-14,ARIMAX,120D,5,0.1216812786402409,0.12172720572678644,High
2020-09-15,ARIMAX,120D,5,0.1305308934536718,0.11603327739927648,High
2020-09-16,ARIMAX,120D,5,0.1411727441168119,0.1366182967078968,High
2020-09-17,ARIMAX,120D,5,0.1599625191460221,0.1374479975161457,High
2020-09-18,ARIMAX,120D,5,0.1722229794213815,0.16772558602572757,High
2020-09-21,ARIMAX,120D,5,0.1903324829880924,0.1749055644519693,High
2020-09-22,ARIMAX,120D,5,0.1782985496111204,0.18771571766598039,High
2020-09-23,ARIMAX,120D,5,0.2051811331756537,0.1980467130675504,High
2020-09-24,ARIMAX,120D,5,0.1873275675550769,0.19447036270516507,High
2020-09-25,ARIMAX,120D,5,0.1708742426571335,0.17181841274141002,High
2020-09-28,ARIMAX,120D,5,0.1618926077016218,0.164164471284441,High
2020-09-29,ARIMAX,120D,5,0.1590567722867318,0.1669180538938253,High
2020-09-30,ARIMAX,120D,5,0.1453545931180034,0.15028699842008666,High
2020-10-01,ARIMAX,120D,5,0.1453022269864379,0.14876383256554748,High
2020-10-02,ARIMAX,120D,5,0.1714204585115253,0.1450268910888991,High
2020-10-05,ARIMAX,120D,5,0.1527389598822376,0.166027353156974,High
2020-10-06,ARIMAX,120D,5,0.1636481948601107,0.16551767499376774,High
2020-10-07,ARIMAX,120D,5,0.150016984682289,0.15223234914990239,High
2020-10-08,ARIMAX,120D,5,0.153794602215094,0.14063425685776737,High
2020-10-09,ARIMAX,120D,5,0.1593744947965849,0.14188666661021287,High
2020-10-12,ARIMAX,120D,5,0.1421179596974639,0.15345272111098415,High
2020-10-13,ARIMAX,120D,5,0.1499189970247339,0.14970195927350854,High
2020-10-14,ARIMAX,120D,5,0.1607759200493851,0.15631079158480973,High
2020-10-15,ARIMAX,120D,5,0.1699951316992854,0.15582004054831353,High
2020-10-16,ARIMAX,120D,5,0.1696641231679154,0.1745207034986474,High
2020-10-19,ARIMAX,120D,5,0.1894178585599206,0.18572145640094467,High
2020-10-20,ARIMAX,120D,5,0.1806055589191893,0.18327041985563336,High
2020-10-21,ARIMAX,120D,5,0.1938367743318788,0.17492639012406463,High
2020-10-22,ARIMAX,120D,5,0.1922337437189057,0.1863571397455958,High
2020-10-23,ARIMAX,120D,5,0.1834732155047582,0.19036284199110548,High
2020-10-26,ARIMAX,120D,5,0.1954121274850024,0.20167108331978995,High
2020-10-27,ARIMAX,120D,5,0.2077053537553012,0.2042205681697552,High
2020-10-28,ARIMAX,120D,5,0.2343775580033245,0.24278229291422926,High
2020-10-29,ARIMAX,120D,5,0.2333704429588582,0.22968661068760207,High
2020-10-30,ARIMAX,120D,5,0.2473548409687007,0.23608148008704466,High
