Date,Model,Horizon,Fold,Actual,Prediction,Regime
2015-06-10,LightGBM,1D,1,0.0017371167565281,0.0002722535200875202,Low
2015-06-11,LightGBM,1D,1,-0.0070188746531027,0.0004648319117431005,Low
2015-06-12,LightGBM,1D,1,-0.0046332896217713,-0.00046286586614026543,Low
2015-06-15,LightGBM,1D,1,0.0056737305157538,-0.0006700567263828325,Low
2015-06-16,LightGBM,1D,1,0.0019776843950728,0.0003652541618786373,Low
2015-06-17,LightGBM,1D,1,0.0098540000540088,-0.0003262383850969645,Low
2015-06-18,LightGBM,1D,1,-0.0053176152379496,0.00030425332026629167,Low
2015-06-19,LightGBM,1D,1,0.0060763679815421,-0.0007142794368305706,Low
2015-06-22,LightGBM,1D,1,0.0006356664251933,0.0005402726929765882,Low
2015-06-23,LightGBM,1D,1,-0.0073804657183052,0.000267612499413768,Low
2015-06-24,LightGBM,1D,1,-0.0029780041565964,-0.00042925897835930526,Low
2015-06-25,LightGBM,1D,1,-0.0003901557449223,2.6961379628340335e-05,Low
2015-06-26,LightGBM,1D,1,-0.0210869695086115,-0.000679232984951662,Low
2015-06-29,LightGBM,1D,1,0.0026549623524674,0.0016328200491590248,Normal
2015-06-30,LightGBM,1D,1,0.006912096434637,0.00032291171010901206,Normal
2015-07-01,LightGBM,1D,1,-0.0003080701895465,0.0005388507176516469,Normal
2015-07-02,LightGBM,1D,1,-0.0038692326988974,0.0013688605485463782,Normal
2015-07-06,LightGBM,1D,1,0.0060625605938687,0.0013897912103694114,Normal
2015-07-07,LightGBM,1D,1,-0.0167929649121416,0.00021982474947407165,Normal
2015-07-08,LightGBM,1D,1,0.0022596476448199,0.0008050788744870445,Normal
2015-07-09,LightGBM,1D,1,0.0122629863850077,0.0007176337088579034,Normal
2015-07-10,LightGBM,1D,1,0.0110052685073551,0.00045636607998950204,Normal
2015-07-13,LightGBM,1D,1,0.0044432732365001,0.0003545806362878187,Normal
2015-07-14,LightGBM,1D,1,-0.0007352563007372,0.00025827473842757263,Normal
2015-07-15,LightGBM,1D,1,0.0079827334444757,0.0014490580171483715,Normal
2015-07-16,LightGBM,1D,1,0.0011055716244507,0.000529337482021566,Normal
2015-07-17,LightGBM,1D,1,0.0007709366240016,0.00010995957493711892,Normal
2015-07-20,LightGBM,1D,1,-0.004270796242723,-0.00014401642601047498,Normal
2015-07-21,LightGBM,1D,1,-0.0023905650201902,0.00041366637382320577,Normal
2015-07-22,LightGBM,1D,1,-0.0056922102113794,0.0005830079057715303,Normal
2015-07-23,LightGBM,1D,1,-0.0107610206966611,0.0006511321725935194,Normal
2015-07-24,LightGBM,1D,1,-0.0057917550650641,0.0011676008059236047,Normal
2015-07-27,LightGBM,1D,1,0.0123100738018893,0.0018229982294603925,Normal
2015-07-28,LightGBM,1D,1,0.0072921429273836,0.0004020752296888625,Normal
2015-07-29,LightGBM,1D,1,2.836690402236809e-05,0.0005946548090983657,Normal
2015-07-30,LightGBM,1D,1,-0.0022741038010517,0.0004275711856401238,Normal
2015-07-31,LightGBM,1D,1,-0.0027606939449045,0.00046384561681054557,Normal
2015-08-03,LightGBM,1D,1,-0.0022522391669328,-2.8320247061206058e-05,Normal
2015-08-04,LightGBM,1D,1,0.0031098381854906,-0.0002016132106533147,Normal
2015-08-05,LightGBM,1D,1,-0.0077831959225621,0.00025359268660470107,Low
2015-08-06,LightGBM,1D,1,-0.0028790228563377,0.001043292737656122,Low
2015-08-07,LightGBM,1D,1,0.012726835632025,0.0010403340309678292,Low
2015-08-10,LightGBM,1D,1,-0.0096030646801822,0.0004980960347063503,Low
2015-08-11,LightGBM,1D,1,0.0009496036382146,-0.0003640585675808442,Low
2015-08-12,LightGBM,1D,1,-0.0012760258683812,-5.2227703328648766e-05,Low
2015-08-13,LightGBM,1D,1,0.0039043322743591,0.0002640310028004655,Low
2015-08-14,LightGBM,1D,1,0.0051978917094029,0.0005125661199268676,Low
2015-08-17,LightGBM,1D,1,-0.0026289829356331,-0.0008450431082586056,Low
2015-08-18,LightGBM,1D,1,-0.0082891364095971,0.00033442441710615587,Low
2015-08-19,LightGBM,1D,1,-0.0213259604541461,0.00018700436653857553,Low
2015-08-20,LightGBM,1D,1,-0.0323692425218784,0.0017065062950483165,Normal
2015-08-21,LightGBM,1D,1,-0.0402114443465191,0.00440631397081907,High
2015-08-24,LightGBM,1D,1,-0.0136142497426558,0.0060972668404810975,High
2015-08-25,LightGBM,1D,1,0.0382912994345316,0.0009121101371937423,High
2015-08-26,LightGBM,1D,1,0.02400725448969,0.0013981523003515671,High
2015-08-27,LightGBM,1D,1,0.0006085511568762,0.0012373339153926926,High
2015-08-28,LightGBM,1D,1,-0.0084270786639841,-0.00144650698614556,High
2015-08-31,LightGBM,1D,1,-0.0300226498424279,-0.0007486743283979539,High
2015-09-01,LightGBM,1D,1,0.0181276714232146,0.007554681298521314,High
2015-09-02,LightGBM,1D,1,0.0011641156994188,0.0006410473918854306,High
2015-09-03,LightGBM,1D,1,-0.0154483087542762,-0.0009496792977522411,High
2015-09-04,LightGBM,1D,1,0.0247736371970385,-0.002097733046311909,High
2015-09-08,LightGBM,1D,1,-0.0139950357690847,-0.0008259379129982385,High
2015-09-09,LightGBM,1D,1,0.0052640754449356,-0.0005799620627319027,High
2015-09-10,LightGBM,1D,1,0.0044770064449862,-0.0007626434926000709,High
2015-09-11,LightGBM,1D,1,-0.0040980412230438,-0.001357534667264107,High
2015-09-14,LightGBM,1D,1,0.0127496876314323,0.00044894258628184797,High
2015-09-15,LightGBM,1D,1,0.0086677407153759,0.0003333995908029148,High
2015-09-16,LightGBM,1D,1,-0.00256434444256,-0.0003502391872363931,High
2015-09-17,LightGBM,1D,1,-0.0162962309543835,-0.0018176933495608512,High
2015-09-18,LightGBM,1D,1,0.0045553920336726,-0.0009515079925358336,High
2015-09-21,LightGBM,1D,1,-0.0123949300193783,0.0004155825079295676,High
2015-09-22,LightGBM,1D,1,-0.0020507442295939,-0.0005779055237669599,High
2015-09-23,LightGBM,1D,1,-0.0033686518713064,0.0003604822381490482,High
2015-09-24,LightGBM,1D,1,-0.0004659018012205,-0.0016602831104670943,High
2015-09-25,LightGBM,1D,1,-0.0260012111628091,-0.0005573186736445259,High
2015-09-28,LightGBM,1D,1,0.0012320939129817,0.0035429805938293943,High
2015-09-29,LightGBM,1D,1,0.0188958986035651,0.0010961196168713298,High
2015-09-30,LightGBM,1D,1,0.0019719386783371,7.578313216229375e-05,High
2015-10-01,LightGBM,1D,1,0.0142137930164055,0.00048056239399822676,High
2015-10-02,LightGBM,1D,1,0.0181245935185021,-0.0010276284650921864,High
2015-10-05,LightGBM,1D,1,-0.0035946893441432,0.0003815460396176619,High
2015-10-06,LightGBM,1D,1,0.0080035198575527,7.248685723387396e-05,High
2015-10-07,LightGBM,1D,1,0.0087797801445584,-0.00013811221321020928,High
2015-10-08,LightGBM,1D,1,0.0007248485605153,0.0008192780760643702,High
2015-10-09,LightGBM,1D,1,0.001274664477333,6.473826713936993e-05,High
2015-10-12,LightGBM,1D,1,-0.006848823690127,7.387290253877581e-05,High
2015-10-13,LightGBM,1D,1,-0.0047274309119391,0.00010391813972436599,High
2015-10-14,LightGBM,1D,1,0.014743551351355,0.00035837922611539613,High
2015-10-15,LightGBM,1D,1,0.004560061373697,0.0005235666850336777,High
2015-10-16,LightGBM,1D,1,0.000270508943873,0.00034222040166684937,High
2015-10-19,LightGBM,1D,1,-0.0014221010558937,0.00013022734681174394,High
2015-10-20,LightGBM,1D,1,-0.0058424489111342,-0.0005281678105601312,Normal
2015-10-21,LightGBM,1D,1,0.0164908470125941,0.0002293333610135169,Normal
2015-10-22,LightGBM,1D,1,0.0109699539690427,0.0002435191876282222,High
2015-10-23,LightGBM,1D,1,-0.0019149330011001,-0.000669631157767452,High
2015-10-26,LightGBM,1D,1,-0.0025573858650877,0.00022924646000526278,Normal
2015-10-27,LightGBM,1D,1,0.0117704884881434,0.0007697383907786785,Normal
2015-10-28,LightGBM,1D,1,-0.0004498753806607,-5.122786490592265e-05,Normal
2015-10-29,LightGBM,1D,1,-0.0048214816884254,-0.000110215203838328,Normal
2015-10-30,LightGBM,1D,1,0.0118038763388146,0.00021652497938623805,Normal
2015-11-02,LightGBM,1D,1,0.0027243529250675,0.0006849048392990901,Normal
2015-11-03,LightGBM,1D,1,-0.0035516669396471,-0.00033736975966182294,Normal
2015-11-04,LightGBM,1D,1,-0.0011327897564983,-0.00024105293085774506,Normal
2015-11-05,LightGBM,1D,1,-0.0003476817800236,0.0007463583249311245,Normal
2015-11-06,LightGBM,1D,1,-0.0098712906565025,0.0002876327612886312,Normal
2015-11-09,LightGBM,1D,1,0.0015094551534496,0.001778635601561055,Normal
2015-11-10,LightGBM,1D,1,-0.0032333073215689,0.0008686586808247179,Normal
2015-11-11,LightGBM,1D,1,-0.0140891633366326,0.0012970400600649326,Normal
2015-11-12,LightGBM,1D,1,-0.0112706404321554,0.00014970401817431791,Normal
2015-11-13,LightGBM,1D,1,0.0147933027942343,0.0020778754127665283,Normal
2015-11-16,LightGBM,1D,1,-0.0013402770182465,0.0009690571439562388,Normal
2015-11-17,LightGBM,1D,1,0.0160332298771722,0.0007793190898175211,Normal
2015-11-18,LightGBM,1D,1,-0.0011237403289792,0.00042122060701880895,Normal
2015-11-19,LightGBM,1D,1,0.0038029552801494,0.0007165236158316853,Normal
2015-11-20,LightGBM,1D,1,-0.001235623841684,0.0003727192427449837,Normal
2015-11-23,LightGBM,1D,1,0.0012212499449607,-0.0003432915914946928,Normal
2015-11-24,LightGBM,1D,1,-0.0001291406149671,-0.0006895057109897544,Normal
2015-11-25,LightGBM,1D,1,0.0005934415594808,0.0003192620203303911,Normal
2015-11-27,LightGBM,1D,1,-0.0046518001396184,0.00015801061334421427,Normal
2015-11-30,LightGBM,1D,1,0.0106239389467392,-2.5203409559717686e-06,Normal
2015-12-01,LightGBM,1D,1,-0.0110565926394489,0.00032110691582455957,Normal
2015-12-02,LightGBM,1D,1,-0.01447782644415,-0.0003868798201764278,Normal
2015-12-03,LightGBM,1D,1,0.0203178563638512,0.0007181776129794204,Normal
2015-12-04,LightGBM,1D,1,-0.0070140439603977,6.0454013523549665e-05,Normal
2015-12-07,LightGBM,1D,1,-0.0065110526255945,-0.0009763327854341786,Normal
2015-12-08,LightGBM,1D,1,-0.0077690863656927,0.0007394233525400146,Normal
2015-12-09,LightGBM,1D,1,0.0022488565785946,0.0009245317895489644,Normal
2015-12-10,LightGBM,1D,1,-0.0196138677558153,0.0006963143180212209,Normal
2015-12-11,LightGBM,1D,1,0.004744288064068,0.001402573541471975,High
2015-12-14,LightGBM,1D,1,0.0105625801059143,-0.0004601730521801763,Normal
2015-12-15,LightGBM,1D,1,0.0144106356507714,0.000483813792577245,Normal
2015-12-16,LightGBM,1D,1,-0.0151547766358764,0.00011192919692340963,High
2015-12-17,LightGBM,1D,1,-0.0179574950071068,7.179550508204627e-05,Normal
2015-12-18,LightGBM,1D,1,0.0077483067271562,0.0006235365186665581,High
2015-12-21,LightGBM,1D,1,0.0087780955915688,0.0003205034588823,High
2015-12-22,LightGBM,1D,1,0.0123415965275538,0.00036042417205170473,High
2015-12-23,LightGBM,1D,1,-0.0015999154038633,0.0005396314696997917,High
2015-12-24,LightGBM,1D,1,-0.002180936456306,0.0013579795722022884,High
2015-12-28,LightGBM,1D,1,0.0105736641730229,0.00022889055715068755,High
2015-12-29,LightGBM,1D,1,-0.0072433987837785,0.00048038476672512657,High
2015-12-30,LightGBM,1D,1,-0.0094564850414678,0.00038539269713947584,High
2015-12-31,LightGBM,1D,1,-0.0154220417978059,3.049462037203637e-05,High
2016-01-04,LightGBM,1D,1,0.0020102041393599,0.0011228684338070783,High
2016-01-05,LightGBM,1D,1,-0.013202163002626,0.0011733909420635024,High
2016-01-06,LightGBM,1D,1,-0.0239858165193447,0.0012241010691734495,High
2016-01-07,LightGBM,1D,1,-0.0108975374458479,0.002817494616232277,High
2016-01-08,LightGBM,1D,1,0.0008529082958226,0.0010434496001892617,High
2016-01-11,LightGBM,1D,1,0.0077725141177746,0.0006401864568417353,High
2016-01-12,LightGBM,1D,1,-0.0252823750779089,0.0002074453359674506,High
2016-01-13,LightGBM,1D,1,0.0165580609343839,0.003574571443029584,High
2016-01-14,LightGBM,1D,1,-0.0218357726981623,0.0009598087355171612,High
2016-01-15,LightGBM,1D,1,0.0005316801874288,0.000910950880632273,High
2016-01-19,LightGBM,1D,1,-0.0117627660258983,0.00018286449056898886,High
2016-01-20,LightGBM,1D,1,0.005181988635948,-0.0016353408100663758,High
2016-01-21,LightGBM,1D,1,0.0200807268822134,0.0001615206602162436,High
2016-01-22,LightGBM,1D,1,-0.0157615451728214,0.0004758274100548093,High
2016-01-25,LightGBM,1D,1,0.0140452378303679,0.00029408201975932035,High
2016-01-26,LightGBM,1D,1,-0.0109229223005284,-0.0005022386336275659,High
2016-01-27,LightGBM,1D,1,0.0055133507175915,-0.0010453176741345418,High
2016-01-28,LightGBM,1D,1,0.0244586509945564,-0.0019409994975480387,High
2016-01-29,LightGBM,1D,1,-0.0004433348455418,-0.0006806327561745218,High
2016-02-01,LightGBM,1D,1,-0.0189209687182314,-0.000710323310864022,High
2016-02-02,LightGBM,1D,1,0.004979620021574,-0.001400301206239803,High
2016-02-03,LightGBM,1D,1,0.0015255682925234,-0.0021372863810881844,High
2016-02-04,LightGBM,1D,1,-0.0186541582763518,-0.005030296835329672,High
2016-02-05,LightGBM,1D,1,-0.0142550579230573,-0.0019340821325825792,High
2016-02-08,LightGBM,1D,1,-0.0006638406467602,0.0012913697355700366,High
2016-02-09,LightGBM,1D,1,-0.0001889681307609,-0.00020877090757727253,High
2016-02-10,LightGBM,1D,1,-0.0123774473292562,-9.069669946705302e-05,High
2016-02-11,LightGBM,1D,1,0.0193300152070459,-0.0008894916766121866,High
2016-02-12,LightGBM,1D,1,0.0163817377416849,0.0007630713360413481,High
2016-02-16,LightGBM,1D,1,0.0163461106256413,0.0016386178337978305,High
2016-02-17,LightGBM,1D,1,-0.0046766321239347,7.518893889277733e-05,High
2016-02-18,LightGBM,1D,1,-2.60332818018429e-05,0.0004458594822988872,High
2016-02-19,LightGBM,1D,1,0.014350731099076,0.0013752411879848496,High
2016-02-22,LightGBM,1D,1,-0.0125325775707884,0.001281094579573644,High
2016-02-23,LightGBM,1D,1,0.0044299600346319,-0.0012771478108363024,High
2016-02-24,LightGBM,1D,1,0.0112843667304508,-0.0011154954291075318,High
2016-02-25,LightGBM,1D,1,-0.0018718653295646,0.00043095612205641426,High
2016-02-26,LightGBM,1D,1,-0.0081541310915717,-0.0005907232776937917,High
2016-02-29,LightGBM,1D,1,0.0235883854016187,-0.0018156934665911604,High
2016-03-01,LightGBM,1D,1,0.0040859498611019,0.000630168790424895,High
2016-03-02,LightGBM,1D,1,0.0034926343203169,6.0715720894857376e-05,High
2016-03-03,LightGBM,1D,1,0.0033004398659416,0.0001842647519317601,High
2016-03-04,LightGBM,1D,1,0.0008846228008639,-0.00014602772798455075,High
2016-03-07,LightGBM,1D,1,-0.0113037560560061,-0.00023728679793685084,High
2016-03-08,LightGBM,1D,1,0.0050396727828142,-0.0009542928995681488,High
2016-03-09,LightGBM,1D,1,0.0001557927971226,0.0006756054272368793,High
2016-03-10,LightGBM,1D,1,0.0162625455888514,0.0011612556911471444,High
2016-03-11,LightGBM,1D,1,-0.0012617686166118,0.0012117377452978474,Normal
2016-03-14,LightGBM,1D,1,-0.0018386309343179,-0.00037877408175293755,Normal
2016-03-15,LightGBM,1D,1,0.0055847278817799,-2.264883517392787e-05,Normal
2016-03-16,LightGBM,1D,1,0.0065735830685963,0.0005273719172783553,Normal
2016-03-17,LightGBM,1D,1,0.0043959672510261,0.00021270936089768668,Normal
2016-03-18,LightGBM,1D,1,0.0009850919042923,0.00022031770912584874,Normal
2016-03-21,LightGBM,1D,1,-0.0008777728967722,0.0003302956044357986,Normal
2016-03-22,LightGBM,1D,1,-0.0064065095306671,-0.00020937524932221826,Normal
2016-03-23,LightGBM,1D,1,-0.0003781417793768,0.0008278540197198694,Normal
2016-03-24,LightGBM,1D,1,0.0005451068880723,0.0005798431964826556,Normal
2016-03-28,LightGBM,1D,1,0.0087780120542374,0.0007923944523835077,Normal
2016-03-29,LightGBM,1D,1,0.0043408799935662,0.00046423589225292786,Normal
2016-03-30,LightGBM,1D,1,-0.0020418423596207,-1.921020239806512e-05,Low
2016-03-31,LightGBM,1D,1,0.0063109590665997,-2.741805839916878e-05,Low
2016-04-01,LightGBM,1D,1,-0.0032134800458546,0.0005293783234361729,Low
2016-04-04,LightGBM,1D,1,-0.0101962984117945,0.0001757920906157575,Low
2016-04-05,LightGBM,1D,1,0.0104527979320131,0.0004391874431506988,Low
2016-04-06,LightGBM,1D,1,-0.0120480739700048,0.00043850007845017537,Low
2016-04-07,LightGBM,1D,1,0.0027827026046162,0.00015151292003638385,Normal
2016-04-08,LightGBM,1D,1,-0.0027435458896038,0.0009096091950192476,Normal
2016-04-11,LightGBM,1D,1,0.0096157538813899,-0.0003408388334889401,Low
2016-04-12,LightGBM,1D,1,0.0099900697685578,-0.0002290092388907554,Low
2016-04-13,LightGBM,1D,1,0.0001729124301324,0.00023445003761782518,Low
2016-04-14,LightGBM,1D,1,-0.0009847695761459,0.0004034398168842618,Low
2016-04-15,LightGBM,1D,1,0.0065197256137979,0.00029844689256840185,Low
2016-04-18,LightGBM,1D,1,0.0030797379028665,0.00013107389681034083,Low
2016-04-19,LightGBM,1D,1,0.0007612550492345,0.00022644316558304443,Low
2016-04-20,LightGBM,1D,1,-0.005207562857292,-7.579169415707922e-05,Low
2016-04-21,LightGBM,1D,1,4.785857954074228e-05,0.00018461953595361614,Low
2016-04-22,LightGBM,1D,1,-0.0018136896207629,0.0005565151482541313,Low
2016-04-25,LightGBM,1D,1,0.0018710001742369,0.00033342811443530865,Low
2016-04-26,LightGBM,1D,1,0.0016479941117468,-3.348430151139699e-05,Low
2016-04-27,LightGBM,1D,1,-0.0092736360615616,-0.0002708615666021156,Low
2016-04-28,LightGBM,1D,1,-0.0050759492305571,-0.0008470447266496541,Low
2016-04-29,LightGBM,1D,1,0.0077796066972441,0.0011321141569836995,Low
2016-05-02,LightGBM,1D,1,-0.0087144993883958,0.00022628967187534232,Low
2016-05-03,LightGBM,1D,1,-0.0059545827054725,0.0009472702678148949,Low
2016-05-04,LightGBM,1D,1,-0.0002390366927941,0.0014771268824097599,Low
2016-05-05,LightGBM,1D,1,0.0031696105535526,0.0005656856620737774,Low
2016-05-06,LightGBM,1D,1,0.0007532133076099,0.0002472342782897184,Low
2016-05-09,LightGBM,1D,1,0.0124063652360373,0.0003304579809739743,Low
2016-05-10,LightGBM,1D,1,-0.0096075228778687,0.0002126524153025612,Low
2016-05-11,LightGBM,1D,1,-0.0001694792679642,-0.0007652580509485926,Low
2016-05-12,LightGBM,1D,1,-0.0085144341617524,0.0001395465837126985,Low
2016-05-13,LightGBM,1D,1,0.0097489763896127,-0.000369941994253557,Low
2016-05-16,LightGBM,1D,1,-0.0094558635521628,-0.000375493452648911,Low
2016-05-17,LightGBM,1D,1,0.0002051576864012,0.000725421823958272,Low
2016-05-18,LightGBM,1D,1,-0.0037135945227206,-0.0008649104973583368,Low
2016-05-19,LightGBM,1D,1,0.0060014592228046,0.0007433553508824684,Low
2016-05-20,LightGBM,1D,1,-0.0020876365681016,0.0004077939627394883,Low
2016-05-23,LightGBM,1D,1,0.0135886375339901,0.00033439615046436746,Low
2016-05-24,LightGBM,1D,1,0.0069505296515834,-0.0005166802577120444,Normal
2016-05-25,LightGBM,1D,1,-0.0002104660499285,5.0471456976290445e-05,Normal
2016-05-26,LightGBM,1D,1,0.0042776949394394,0.00042603693916099834,Normal
2016-05-27,LightGBM,1D,1,-0.0010057686205899,-0.00010505495164373292,Normal
2016-05-31,LightGBM,1D,1,0.0011343986539261,4.769566428378169e-05,Normal
2016-06-01,LightGBM,1D,1,0.0028206961669861,-0.0004486988791588751,Low
2016-06-02,LightGBM,1D,1,-0.0029160622366948,0.00018471622076487947,Low
2016-06-03,LightGBM,1D,1,0.0048853285193636,0.00028264562381853306,Low
2016-06-06,LightGBM,1D,1,0.0012886156291976,-0.00024266119846001088,Low
2016-06-07,LightGBM,1D,1,0.0033041019719547,-0.00018299502657589484,Low
2016-06-08,LightGBM,1D,1,-0.0017192355978938,-0.0006659966276897179,Low
2016-06-09,LightGBM,1D,1,-0.0092175324101661,3.26275747242701e-06,Low
2016-06-10,LightGBM,1D,1,-0.0081482987897094,-0.00047168852535059744,Low
2016-06-13,LightGBM,1D,1,-0.0018005050719719,0.0014942093144883347,Low
2016-06-14,LightGBM,1D,1,-0.0018424090638101,-7.780858157075191e-05,Low
2016-06-15,LightGBM,1D,1,0.0031280931110455,0.0014180681143287192,Low
2016-06-16,LightGBM,1D,1,-0.0032632841446089,0.0006117045465313495,Low
2016-06-17,LightGBM,1D,1,0.0057913827784231,-5.986081176748669e-05,Low
2016-06-20,LightGBM,1D,1,0.0027083906042097,0.0007447666087234481,Low
2016-06-21,LightGBM,1D,1,-0.0016529289965758,-0.0005016972614931847,Low
2016-06-22,LightGBM,1D,1,0.0132755670719551,-0.0005096373127378711,Low
2016-06-23,LightGBM,1D,1,-0.0365807928055826,0.0005201013320021351,Low
2016-06-24,LightGBM,1D,1,-0.0182622465117027,0.0008864042398370179,Normal
2016-06-27,LightGBM,1D,1,0.0176141216040879,0.0010813952302317447,Normal
2016-06-28,LightGBM,1D,1,0.0168892429712539,0.0007379844649175266,High
2016-06-29,LightGBM,1D,1,0.0134738631494661,0.00027500905279652095,High
2016-06-30,LightGBM,1D,1,0.001946706293032,0.0002541078801839627,High
2016-07-01,LightGBM,1D,1,-0.0068710289855987,0.0016936881217556815,High
2016-07-05,LightGBM,1D,1,0.0053386870582759,0.0017314641160227943,High
2016-07-06,LightGBM,1D,1,-0.000871957886733,0.0003119674341312464,High
2016-07-07,LightGBM,1D,1,0.0151381865659924,0.0006847612030993779,High
2016-07-08,LightGBM,1D,2,0.0034028193119982,0.0002067324301540942,High
2016-07-11,LightGBM,1D,2,0.0069848423073457,-0.00038277742639437705,High
2016-07-12,LightGBM,1D,2,0.0001347586749817,-0.00023169719744963406,High
2016-07-13,LightGBM,1D,2,0.0052454228016969,0.0005212231326788061,High
2016-07-14,LightGBM,1D,2,-0.0009293790598711,0.00016528655070215163,High
2016-07-15,LightGBM,1D,2,0.0023794618218687,0.0009027630981920978,High
2016-07-18,LightGBM,1D,2,-0.0014362045004153,0.00016528655070215163,High
2016-07-19,LightGBM,1D,2,0.0042612083157639,0.0005158303812759743,High
2016-07-20,LightGBM,1D,2,-0.0036190698565249,-2.5193248243208163e-06,High
2016-07-21,LightGBM,1D,2,0.0045436267895102,0.0005698287280499439,High
2016-07-22,LightGBM,1D,2,-0.0030160187399297,0.0005109120198681697,High
2016-07-25,LightGBM,1D,2,0.0003227321607194,0.0002753916166945848,Normal
2016-07-26,LightGBM,1D,2,-0.0011992609468086,0.00024717604438031246,Normal
2016-07-27,LightGBM,1D,2,0.0016049204480924,0.0001988836996317658,Low
2016-07-28,LightGBM,1D,2,0.0016299801176578,6.16020849303077e-05,Low
2016-07-29,LightGBM,1D,2,-0.001270594147491,0.000356395530808906,Low
2016-08-01,LightGBM,1D,2,-0.0063819408126676,0.0002833127665120951,Low
2016-08-02,LightGBM,1D,2,0.003129042716071,0.00040389242955187615,Low
2016-08-03,LightGBM,1D,2,0.000212549299489,0.0003510337337969048,Low
2016-08-04,LightGBM,1D,2,0.00856669728938,0.00037355437685359207,Low
2016-08-05,LightGBM,1D,2,-0.0009075772915415,0.0004311169580018487,Low
2016-08-08,LightGBM,1D,2,0.0003897179865559,0.00035732390664980617,Low
2016-08-09,LightGBM,1D,2,-0.0028687970634882,8.749702137755595e-05,Low
2016-08-10,LightGBM,1D,2,0.0047234151024436,0.0004229833924391633,Low
2016-08-11,LightGBM,1D,2,-0.000796363386914,0.00026443953868551524,Low
2016-08-12,LightGBM,1D,2,0.0027890162945217,0.00027525548950819696,Low
2016-08-15,LightGBM,1D,2,-0.0054941422164782,0.00019773275088611148,Low
2016-08-16,LightGBM,1D,2,0.0018668460061555,0.0003371748513129518,Low
2016-08-17,LightGBM,1D,2,0.0021972016963824,0.0003767832393545902,Low
2016-08-18,LightGBM,1D,2,-0.0014413095687681,0.0003097278129497673,Low
2016-08-19,LightGBM,1D,2,-0.0005634818833231,0.0004024856984968898,Low
2016-08-22,LightGBM,1D,2,0.0019498671783617,0.0003605608537703643,Low
2016-08-23,LightGBM,1D,2,-0.0052540552596718,0.00015638428664059724,Low
2016-08-24,LightGBM,1D,2,-0.0013661603966454,0.0002757609677181441,Low
2016-08-25,LightGBM,1D,2,-0.0015800642387132,0.0005439293448801625,Low
2016-08-26,LightGBM,1D,2,0.0052144284286743,0.00024377543667218135,Low
2016-08-29,LightGBM,1D,2,-0.0019555914071227,0.0003574217319680238,Low
2016-08-30,LightGBM,1D,2,-0.0023786911055626,0.0001453945810543351,Low
2016-08-31,LightGBM,1D,2,-4.138538941144249e-05,0.00016895660113223205,Low
2016-09-01,LightGBM,1D,2,0.0041922415990346,0.00030518932026698907,Low
2016-09-02,LightGBM,1D,2,0.0029772423700053,0.0003593774051590266,Low
2016-09-06,LightGBM,1D,2,-0.0001463959382934,-1.0467526537434191e-05,Low
2016-09-07,LightGBM,1D,2,-0.0022254881924702,0.0002191172073870916,Low
2016-09-08,LightGBM,1D,2,-0.0248277424108364,0.00037568974423474204,Low
2016-09-09,LightGBM,1D,2,0.0145703872334344,0.0011031227147842888,Low
2016-09-12,LightGBM,1D,2,-0.0149417482782108,0.00042242616617240586,Normal
2016-09-13,LightGBM,1D,2,-0.0005878493998128,0.0010924547112769155,Normal
2016-09-14,LightGBM,1D,2,0.0100585164494398,0.0011124198242222713,Normal
2016-09-15,LightGBM,1D,2,-0.0037794277955721,0.0006770799571151156,Normal
2016-09-16,LightGBM,1D,2,-1.8603233824686035e-05,6.463677125193264e-05,Normal
2016-09-19,LightGBM,1D,2,0.0002990934842341,0.0002463023490986625,Normal
2016-09-20,LightGBM,1D,2,0.0108580003336359,0.00022654370649896494,Normal
2016-09-21,LightGBM,1D,2,0.0064787519176421,0.0002326069582202048,Normal
2016-09-22,LightGBM,1D,2,-0.0057532929597187,0.0004759712200613589,Normal
2016-09-23,LightGBM,1D,2,-0.008624850117916,0.00014262332121381665,Normal
2016-09-26,LightGBM,1D,2,0.0064234951652981,0.00034710880637771525,Normal
2016-09-27,LightGBM,1D,2,0.0052825766036424,0.0004743298551141173,Normal
2016-09-28,LightGBM,1D,2,-0.0093651277300811,9.71847067729429e-05,Normal
2016-09-29,LightGBM,1D,2,0.0079363925880277,0.0003589178638250144,Normal
2016-09-30,LightGBM,1D,2,-0.0032660231815271,0.0003580799621764088,Normal
2016-10-03,LightGBM,1D,2,-0.004967881786362,0.00017135500223350623,Normal
2016-10-04,LightGBM,1D,2,0.0042874862311969,0.00013387956577025378,Normal
2016-10-05,LightGBM,1D,2,0.0004814438526045,0.00012299723558988838,Normal
2016-10-06,LightGBM,1D,2,-0.0032587874416142,-0.0002858782025714768,Normal
2016-10-07,LightGBM,1D,2,0.0045953303173243,-0.0002767530780982818,Normal
2016-10-10,LightGBM,1D,2,-0.0125245776977559,0.0002569113658309534,Normal
2016-10-11,LightGBM,1D,2,0.0011459322063988,-0.0007443534346219394,Low
2016-10-12,LightGBM,1D,2,-0.0031040764122339,0.0002169909171366094,Low
2016-10-13,LightGBM,1D,2,0.0002015841591211,-0.00022498293922866807,Low
2016-10-14,LightGBM,1D,2,-0.0030426181118402,0.0005790951434412262,Low
2016-10-17,LightGBM,1D,2,0.0061415056056986,0.0011217350259511182,Low
2016-10-18,LightGBM,1D,2,0.0021895721553504,-8.265824148656294e-05,Low
2016-10-19,LightGBM,1D,2,-0.0013766711313809,0.00046557059640248686,Low
2016-10-20,LightGBM,1D,2,-8.414514015477906e-05,0.0003655921422359775,Low
2016-10-21,LightGBM,1D,2,0.0047385946474273,3.593396259862127e-05,Low
2016-10-24,LightGBM,1D,2,-0.0038049574647063,0.00013611237303408878,Low
2016-10-25,LightGBM,1D,2,-0.0017419279211872,1.876568983276795e-05,Low
2016-10-26,LightGBM,1D,2,-0.0029911959060088,-0.00010416059259200805,Low
2016-10-27,LightGBM,1D,2,-0.003113140139625,-0.00017083514650850134,Low
2016-10-28,LightGBM,1D,2,-0.0001222838841985,-3.0155473575842345e-05,Low
2016-10-31,LightGBM,1D,2,-0.006810019108735,0.001114656155376524,Low
2016-11-01,LightGBM,1D,2,-0.006546884453454,0.0006127740108597776,Low
2016-11-02,LightGBM,1D,2,-0.0044332130226093,0.0012447295166655578,Low
2016-11-03,LightGBM,1D,2,-0.0016675202716929,0.0011430668762262308,Low
2016-11-04,LightGBM,1D,2,0.0219801997294649,0.0006981914026574096,Low
2016-11-07,LightGBM,1D,2,0.0037648783971575,0.0007614663714360906,Normal
2016-11-08,LightGBM,1D,2,0.011016119879656,-0.0007869567830550079,Low
2016-11-09,LightGBM,1D,2,0.0019488457160953,0.0002910554256532943,Low
2016-11-10,LightGBM,1D,2,-0.0013989283477976,-0.000343436313788383,Low
2016-11-11,LightGBM,1D,2,-0.0001155094571832,0.0003316722264103384,Low
2016-11-14,LightGBM,1D,2,0.0074529550220894,-9.435727504167455e-05,Low
2016-11-15,LightGBM,1D,2,-0.0015835165223759,0.000626578719707394,Low
2016-11-16,LightGBM,1D,2,0.0046654693611979,0.0003833486514218962,Low
2016-11-17,LightGBM,1D,2,-0.0023896513655484,0.0002977254488216369,Low
2016-11-18,LightGBM,1D,2,0.0074337020708738,0.0004918412112705152,Low
2016-11-21,LightGBM,1D,2,0.002163091103593,0.0005055502228561684,Normal
2016-11-22,LightGBM,1D,2,0.0008076981569088,0.00010533113818134404,Normal
2016-11-23,LightGBM,1D,2,0.0039067456134237,-1.2678321232603637e-05,Low
2016-11-25,LightGBM,1D,2,-0.0052683892547352,0.00013611237303408878,Low
2016-11-28,LightGBM,1D,2,0.0013344023532619,0.00020226204757404207,Normal
2016-11-29,LightGBM,1D,2,-0.0026569305551563,0.0003821440482318803,Low
2016-11-30,LightGBM,1D,2,-0.0035217229667638,0.0002477444952370557,Low
2016-12-01,LightGBM,1D,2,0.0003969277200846,0.00024382851030822655,Low
2016-12-02,LightGBM,1D,2,0.0058044269267436,0.0002974140404638566,Low
2016-12-05,LightGBM,1D,2,0.0034050844688746,0.0002612106761845171,Low
2016-12-06,LightGBM,1D,2,0.0130773587447233,0.0002611943767257831,Low
2016-12-07,LightGBM,1D,2,0.0021570150168711,-0.00012602976244012606,Low
2016-12-08,LightGBM,1D,2,0.0059214185329697,-0.0002711869797844004,Low
2016-12-09,LightGBM,1D,2,-0.0011380822905995,0.0003329502290273392,Low
2016-12-12,LightGBM,1D,2,0.0065184832012369,8.533172791795484e-05,Low
2016-12-13,LightGBM,1D,2,-0.0081502954618586,-0.00021088929100704455,Low
2016-12-14,LightGBM,1D,2,0.0038757076875535,-6.358079402220458e-06,Low
2016-12-15,LightGBM,1D,2,-0.0017521567509802,-2.405013084921827e-05,Low
2016-12-16,LightGBM,1D,2,0.0019731727152112,0.00027005531010120123,Low
2016-12-19,LightGBM,1D,2,0.0036309124011527,0.0002839783073920819,Low
2016-12-20,LightGBM,1D,2,-0.0024603857246776,-1.858383088670183e-07,Low
2016-12-21,LightGBM,1D,2,-0.0018647112223965,0.00011199969070347003,Low
2016-12-22,LightGBM,1D,2,0.0012509325350792,0.00014351882856776963,Low
2016-12-23,LightGBM,1D,2,0.0022458489045486,0.00019117893766832758,Low
2016-12-27,LightGBM,1D,2,-0.0083916407097715,-9.898576056374767e-05,Low
2016-12-28,LightGBM,1D,2,-0.0002933477318683,-3.3579551559123256e-05,Low
2016-12-29,LightGBM,1D,2,-0.0046478346968542,0.00026591056486510375,Low
2016-12-30,LightGBM,1D,2,0.0084507667531571,0.0005371687302612274,Low
2017-01-03,LightGBM,1D,2,0.0057059637705494,0.0001422854378399849,Low
2017-01-04,LightGBM,1D,2,-0.0007709676024811,0.000463081755213553,Low
2017-01-05,LightGBM,1D,2,0.003510789180579,0.00016680465843160427,Low
2017-01-06,LightGBM,1D,2,-0.0035549054715596,-9.407373515240737e-05,Low
2017-01-09,LightGBM,1D,2,0.0,-0.00012716737094242302,Low
2017-01-10,LightGBM,1D,2,0.0028256423891019,0.00020947178213799315,Low
2017-01-11,LightGBM,1D,2,-0.0021471123937296,4.495641794199468e-05,Low
2017-01-12,LightGBM,1D,2,0.0018481313951466,8.773261365227143e-05,Low
2017-01-13,LightGBM,1D,2,-0.0029719144562184,0.0002617370646329678,Low
2017-01-17,LightGBM,1D,2,0.0017622004698093,0.0003371748513129518,Low
2017-01-18,LightGBM,1D,2,-0.0036158376243193,0.0003222230022354169,Low
2017-01-19,LightGBM,1D,2,0.0033605840612999,0.00037322477533556367,Low
2017-01-20,LightGBM,1D,2,-0.0026937496460698,0.0002218489682165233,Low
2017-01-23,LightGBM,1D,2,0.0065431405289623,0.00032626502098100703,Low
2017-01-24,LightGBM,1D,2,0.0079940527959686,0.0001796668348205724,Low
2017-01-25,LightGBM,1D,2,-0.0007356549352631,7.902394709381093e-05,Low
2017-01-26,LightGBM,1D,2,-0.0008668394897415,0.0003660161448111896,Low
2017-01-27,LightGBM,1D,2,-0.0060276734960966,0.0004321972004394786,Low
2017-01-30,LightGBM,1D,2,-0.0008903016080325,0.00019192436677866126,Low
2017-01-31,LightGBM,1D,2,0.0002983189881162,-8.272794040228298e-05,Low
2017-02-01,LightGBM,1D,2,0.000570146838691,0.00022859790984741183,Low
2017-02-02,LightGBM,1D,2,0.0072384968545536,0.00027708074598455524,Low
2017-02-03,LightGBM,1D,2,-0.0021175975137091,0.00035869973458502457,Low
2017-02-06,LightGBM,1D,2,0.0002268034638457,7.057574551438576e-05,Low
2017-02-07,LightGBM,1D,2,0.0006930821486096,0.00042263475383374414,Low
2017-02-08,LightGBM,1D,2,0.0057360637359602,4.8595381614091155e-05,Low
2017-02-09,LightGBM,1D,2,0.003559706822009,0.0003097278129497673,Low
2017-02-10,LightGBM,1D,2,0.0052321335840112,0.00025584032270558574,Low
2017-02-13,LightGBM,1D,2,0.0039993271956725,0.00010364761813612069,Low
2017-02-14,LightGBM,1D,2,0.0049798886657344,0.0001797130137348917,Low
2017-02-15,LightGBM,1D,2,-0.0008644916015501,0.000173955415540008,Low
2017-02-16,LightGBM,1D,2,0.0016771493272371,0.0003924561491772279,Low
2017-02-17,LightGBM,1D,2,0.0060298500200691,0.00016895846532005867,Low
2017-02-21,LightGBM,1D,2,-0.001082786146804,-1.8744118161213495e-05,Low
2017-02-22,LightGBM,1D,2,0.0004188989712592,0.00015089156559137555,Low
2017-02-23,LightGBM,1D,2,0.0014922502320316,0.00035374748857070284,Low
2017-02-24,LightGBM,1D,2,0.0010174652677336,0.00016895846532005867,Low
2017-02-27,LightGBM,1D,2,-0.0025817061151949,0.00013207326509675436,Low
2017-02-28,LightGBM,1D,2,0.0135812110837253,0.0002357811961703424,Low
2017-03-01,LightGBM,1D,2,-0.0058771169721052,0.00016895846532005867,Low
2017-03-02,LightGBM,1D,2,0.0005037503685347,0.00040763979669089176,Low
2017-03-03,LightGBM,1D,2,-0.0032826227635658,0.0003329502290273392,Low
2017-03-06,LightGBM,1D,2,-0.0029176259020898,0.0001970232996020625,Low
2017-03-07,LightGBM,1D,2,-0.0022868279640638,0.00026591056486510375,Low
2017-03-08,LightGBM,1D,2,0.0007995756127663,0.00040437832155693965,Low
2017-03-09,LightGBM,1D,2,0.0032633397058585,8.254207375530561e-05,Low
2017-03-10,LightGBM,1D,2,0.0003665656191696,0.0002665840994182097,Low
2017-03-13,LightGBM,1D,2,-0.003384748980891,0.00011684410097646591,Low
2017-03-14,LightGBM,1D,2,0.0083398791246863,0.00019166150259006126,Low
2017-03-15,LightGBM,1D,2,-0.0016280347991836,0.00015421731221558434,Low
2017-03-16,LightGBM,1D,2,-0.0013151792642314,0.0003874907413540374,Low
2017-03-17,LightGBM,1D,2,-0.0020119160803802,0.0003054002358884748,Low
2017-03-20,LightGBM,1D,2,-0.0124855945901021,0.0003054002358884748,Low
2017-03-21,LightGBM,1D,2,0.0018881028474626,5.082411627051821e-05,Low
2017-03-22,LightGBM,1D,2,-0.00106083214483,0.0005558757218325471,Low
2017-03-23,LightGBM,1D,2,-0.0008443522139384,0.0008374377870198108,Low
2017-03-24,LightGBM,1D,2,-0.0010201075858456,0.0009232463281460223,Low
2017-03-27,LightGBM,1D,2,0.0072253088296239,0.0007162510514653337,Low
2017-03-28,LightGBM,1D,2,0.0010847362038301,0.00035869973458502457,Low
2017-03-29,LightGBM,1D,2,0.002930810911705,0.00016331544432930876,Low
2017-03-30,LightGBM,1D,2,-0.0022575939382668,-0.00014756046286123567,Low
2017-03-31,LightGBM,1D,2,-0.0016434753080133,0.0001061158256524498,Low
2017-04-03,LightGBM,1D,2,0.0005593660746613,0.00019192436677866126,Low
2017-04-04,LightGBM,1D,2,-0.0030595368115221,0.00045830358864389537,Low
2017-04-05,LightGBM,1D,2,0.0019276502937349,0.00035501569562657173,Low
2017-04-06,LightGBM,1D,2,-0.0008274724629448,0.000429136034027758,Low
2017-04-07,LightGBM,1D,2,0.0006874501357832,0.0001566198789153127,Low
2017-04-10,LightGBM,1D,2,-0.0014349082919582,0.00031641461812796667,Low
2017-04-11,LightGBM,1D,2,-0.0037670374189869,-0.00012132882264328924,Low
2017-04-12,LightGBM,1D,2,-0.0068380202898042,0.0004280823252625645,Low
2017-04-13,LightGBM,1D,2,0.0085764656911072,0.0009779519144595447,Low
2017-04-17,LightGBM,1D,2,-0.0029076028458332,0.00043114820130845863,Low
2017-04-18,LightGBM,1D,2,-0.0017178253968685,0.00031898027103094515,Low
2017-04-19,LightGBM,1D,2,0.0075288503629738,-8.725724329744874e-06,Low
2017-04-20,LightGBM,1D,2,-0.0030396881071153,0.0003574217319680238,Low
2017-04-21,LightGBM,1D,2,0.0107817365881118,-0.00026315131291646774,Low
2017-04-24,LightGBM,1D,2,0.0060722142117511,0.000214946248857877,Low
2017-04-25,LightGBM,1D,2,-0.0004858214756873,0.0001468669214489218,Low
2017-04-26,LightGBM,1D,2,0.0005527670002992,7.054446959310174e-05,Low
2017-04-27,LightGBM,1D,2,-0.00191497947149,0.00023356035890737537,Low
2017-04-28,LightGBM,1D,2,0.0017307918268938,0.0002252402759823545,Low
2017-05-01,LightGBM,1D,2,0.0011883435858115,0.00025890049087253295,Low
2017-05-02,LightGBM,1D,2,-0.0012721693958273,0.00018238577773368287,Low
2017-05-03,LightGBM,1D,2,0.0005819332878695,-7.725266545734839e-05,Low
2017-05-04,LightGBM,1D,2,0.0040803594074783,0.0003897886615477742,Low
2017-05-05,LightGBM,1D,2,3.7445271907879016e-05,5.153325379252792e-05,Low
2017-05-08,LightGBM,1D,2,-0.0010257745567932,0.0004553337157091483,Low
2017-05-09,LightGBM,1D,2,0.0011299627174494,0.00026591056486510375,Low
2017-05-10,LightGBM,1D,2,-0.0021651513741066,-3.332627477439054e-05,Low
2017-05-11,LightGBM,1D,2,-0.0014795353407942,0.00012626488098930414,Low
2017-05-12,LightGBM,1D,2,0.0047651423030152,0.0004798911194577351,Low
2017-05-15,LightGBM,1D,2,-0.000687133036986,0.00027708074598455524,Low
2017-05-16,LightGBM,1D,2,-0.018345468171115,0.00035732390664980617,Low
2017-05-17,LightGBM,1D,2,0.0036800386272159,0.0005605147940003093,Low
2017-05-18,LightGBM,1D,2,0.0067447032082007,0.000962185623127132,Low
2017-05-19,LightGBM,1D,2,0.0051468632960084,0.00021136141154119074,Low
2017-05-22,LightGBM,1D,2,0.0018361851723804,0.00046381591987725284,Low
2017-05-23,LightGBM,1D,2,0.0024860338045762,0.00020238746052795594,Low
2017-05-24,LightGBM,1D,2,0.0044321120419781,0.0005317354506858694,Low
2017-05-25,LightGBM,1D,2,0.0003105017853024,-6.428418600099726e-06,Low
2017-05-26,LightGBM,1D,2,-0.0012053507295338,0.00020000601126086545,Low
2017-05-30,LightGBM,1D,2,-0.0004600746199513,0.00013281808318349927,Low
2017-05-31,LightGBM,1D,2,0.0075425955848472,0.0002951497329305156,Low
2017-06-01,LightGBM,1D,2,0.003700874618046,0.0003180281677067357,Low
2017-06-02,LightGBM,1D,2,-0.0012184071404286,0.000217181995928562,Low
2017-06-05,LightGBM,1D,2,-0.002782908666204,0.0002566348400087254,Low
2017-06-06,LightGBM,1D,2,0.0015670287963475,0.00019192436677866126,Low
2017-06-07,LightGBM,1D,2,0.0002671690356647,0.0001779945234773424,Low
2017-06-08,LightGBM,1D,2,-0.0008303338661872,0.00017299880763854315,Low
2017-06-09,LightGBM,1D,2,-0.0009792424797181,2.1501131914802483e-05,Low
2017-06-12,LightGBM,1D,2,0.0045013588432301,4.0659923312051976e-05,Low
2017-06-13,LightGBM,1D,2,-0.0009963269653176,0.0004476995744504185,Low
2017-06-14,LightGBM,1D,2,-0.0022421097968403,4.5512012594290364e-05,Low
2017-06-15,LightGBM,1D,2,0.0002835991500596,0.00031360109941580767,Low
2017-06-16,LightGBM,1D,2,0.0083125832068939,0.0002276607367915262,Low
2017-06-19,LightGBM,1D,2,-0.0067191604469316,0.00017432026233205988,Low
2017-06-20,LightGBM,1D,2,-0.0005828141932715,0.00022166096077995596,Low
2017-06-21,LightGBM,1D,2,-0.000455885972438,0.0005443148709384432,Low
2017-06-22,LightGBM,1D,2,0.001559698555409,0.0004703286728520007,Low
2017-06-23,LightGBM,1D,2,0.0003157519397323,0.0002276607367915262,Low
2017-06-26,LightGBM,1D,2,-0.0081055865756729,0.00026490121190719926,Low
2017-06-27,LightGBM,1D,2,0.008769501646551,0.00016895660113223205,Low
2017-06-28,LightGBM,1D,2,-0.0086372168441413,0.0003806441480455957,Low
2017-06-29,LightGBM,1D,2,0.0015320576108735,-0.00022406764578838107,Low
2017-06-30,LightGBM,1D,2,0.0023081679791475,0.0004402927148106371,Low
2017-07-03,LightGBM,1D,2,0.0014522240362887,0.00014560549667582085,Low
2017-07-05,LightGBM,1D,2,-0.0094129873068661,0.00021202062065880703,Low
2017-07-06,LightGBM,1D,2,0.0063827125696158,0.0005770612933189507,Low
2017-07-07,LightGBM,1D,2,0.0009273361035125,0.0003374642350050654,Low
2017-07-10,LightGBM,1D,2,-0.0007829870660821,0.00015514351307270105,Low
2017-07-11,LightGBM,1D,2,0.0072790509478214,0.0002945816639125094,Low
2017-07-12,LightGBM,1D,2,0.001872829473473,0.00039872765281516123,Low
2017-07-13,LightGBM,1D,2,0.0046626161700092,0.00032048236136460027,Low
2017-07-14,LightGBM,1D,2,-5.291423670686425e-05,0.0002839783073920819,Low
2017-07-17,LightGBM,1D,2,0.0005976786981109,0.00013943173485614303,Low
2017-07-18,LightGBM,1D,2,0.0053582582160534,-5.639012472302296e-05,Low
2017-07-19,LightGBM,1D,2,-0.000153671088607,6.969889037059432e-05,Low
2017-07-20,LightGBM,1D,2,-0.0003679393292088,0.00038039415462575284,Low
2017-07-21,LightGBM,1D,2,-0.0010643009954088,0.00016453801999472245,Low
2017-07-24,LightGBM,1D,2,0.002918907519898,0.00019192436677866126,Low
2017-07-25,LightGBM,1D,2,0.0002826240061194,0.0002951497329305156,Low
2017-07-26,LightGBM,1D,2,-0.0009731616373937,0.0001163687710665371,Low
2017-07-27,LightGBM,1D,2,-0.001342015678116,0.00022277280515974786,Low
2017-07-28,LightGBM,1D,2,-0.0007284108345598,0.0003360719013248295,Low
2017-07-31,LightGBM,1D,2,0.0024461207749384,0.0005443148709384432,Low
2017-08-01,LightGBM,1D,2,0.0004925274073474,0.0005172884272065573,Low
2017-08-02,LightGBM,1D,2,-0.0021860418349456,0.00035732390664980617,Low
2017-08-03,LightGBM,1D,2,0.0018873214175395,0.0004496759423211846,Low
2017-08-04,LightGBM,1D,2,0.0016458446442804,0.00035414775938453813,Low
2017-08-07,LightGBM,1D,3,-0.0024173522303853,0.00011901167600378676,Low
2017-08-08,LightGBM,1D,3,-0.0003636747927123,0.0003373883798718798,Low
2017-08-09,LightGBM,1D,3,-0.0145802184007415,-0.00024189580018908565,Low
2017-08-10,LightGBM,1D,3,0.0012747571279871,0.0009330665273454795,Low
2017-08-11,LightGBM,1D,3,0.0099936512460494,0.001413222149786678,Low
2017-08-14,LightGBM,1D,3,-0.0004989323268834,0.00023345691136529792,Low
2017-08-15,LightGBM,1D,3,0.0014190955233323,0.0004337552975100092,Low
2017-08-16,LightGBM,1D,3,-0.0155573424871914,0.0007232565087850126,Low
2017-08-17,LightGBM,1D,3,-0.0018370536613519,0.0003784970758899846,Low
2017-08-18,LightGBM,1D,3,0.0011619757145661,0.0003851481209436004,Low
2017-08-21,LightGBM,1D,3,0.009891695260625,0.0009372375012019541,Low
2017-08-22,LightGBM,1D,3,-0.003459570132639,0.0003262647877262038,Low
2017-08-23,LightGBM,1D,3,-0.0020766167471384,0.0003089059534699631,Low
2017-08-24,LightGBM,1D,3,0.0016714716689374,0.0010099348287687865,Low
2017-08-25,LightGBM,1D,3,0.000486953473296,0.0005755686569773333,Low
2017-08-28,LightGBM,1D,3,0.0008424667620097,-0.0002358389830595388,Low
2017-08-29,LightGBM,1D,3,0.004604531788061,1.1153486722253403e-05,Low
2017-08-30,LightGBM,1D,3,0.0057046735847135,0.00033500826639233416,Low
2017-08-31,LightGBM,1D,3,0.0019805780423351,0.0002173973707113169,Low
2017-09-01,LightGBM,1D,3,-0.0075794585521449,0.00027121965378513373,Low
2017-09-05,LightGBM,1D,3,0.0031238424931441,-8.286718521257177e-06,Low
2017-09-06,LightGBM,1D,3,-0.0001784520448537,0.000258386640851614,Low
2017-09-07,LightGBM,1D,3,-0.0014899601434577,0.00014591091639276833,Low
2017-09-08,LightGBM,1D,3,0.010780975197147,-1.2377789752303078e-05,Low
2017-09-11,LightGBM,1D,3,0.0033583025948831,0.00021506764250042617,Low
2017-09-12,LightGBM,1D,3,0.0007568342480825,0.00010819101032021431,Low
2017-09-13,LightGBM,1D,3,-0.0011013238508279,-7.125120614806296e-05,Low
2017-09-14,LightGBM,1D,3,0.0018454775461593,0.0002587272875740287,Low
2017-09-15,LightGBM,1D,3,0.0014548619291293,5.4435694960157756e-05,Low
2017-09-18,LightGBM,1D,3,0.0011095796167313,-5.2148179002378786e-05,Low
2017-09-19,LightGBM,1D,3,0.0006341467023094,0.00026779597727494514,Low
2017-09-20,LightGBM,1D,3,-0.0030505659469148,0.0005437123236021964,Low
2017-09-21,LightGBM,1D,3,0.000647583995167,0.00042714065094184904,Low
2017-09-22,LightGBM,1D,3,-0.0022245226998538,0.00036793162487337207,Low
2017-09-25,LightGBM,1D,3,7.216412589487934e-05,0.00026490146129769666,Low
2017-09-26,LightGBM,1D,3,0.0040768224019879,0.0005544637456780517,Low
2017-09-27,LightGBM,1D,3,0.001203890628938,0.00031808873688760905,Low
2017-09-28,LightGBM,1D,3,0.0036982630684988,0.00037365411476128404,Low
2017-09-29,LightGBM,1D,3,0.0038665188297123,-0.00011671293560952006,Low
2017-10-02,LightGBM,1D,3,0.0021565111846609,-6.107639689888436e-05,Low
2017-10-03,LightGBM,1D,3,0.0012459436611136,-0.0003260001808423789,Low
2017-10-04,LightGBM,1D,3,0.0056309040312927,-0.00014368183107005476,Low
2017-10-05,LightGBM,1D,3,-0.0010742111652397,0.00015610735965443105,Low
2017-10-06,LightGBM,1D,3,-0.0018060638680135,1.478856839040721e-05,Low
2017-10-09,LightGBM,1D,3,0.002319719630478,0.00019661199085323862,Low
2017-10-10,LightGBM,1D,3,0.0018018829296635,0.0007047796913737405,Low
2017-10-11,LightGBM,1D,3,-0.0016881771203513,-2.5334844428223517e-05,Low
2017-10-12,LightGBM,1D,3,0.0008777220048463,0.00024218579597179356,Low
2017-10-13,LightGBM,1D,3,0.0017492225323057,0.0005689830262359258,Low
2017-10-16,LightGBM,1D,3,0.0006723529054339,-0.000267548920714091,Low
2017-10-17,LightGBM,1D,3,0.0007420595113295,-0.00019450361899208424,Low
2017-10-18,LightGBM,1D,3,0.0003279441150104,0.0005318114980980492,Low
2017-10-19,LightGBM,1D,3,0.0051037961850303,9.474655065552991e-05,Low
2017-10-20,LightGBM,1D,3,-0.0039803953129971,0.00030980457568831934,Low
2017-10-23,LightGBM,1D,3,0.001616600874558,0.00011545176337138594,Low
2017-10-24,LightGBM,1D,3,-0.0046739556872599,0.00028292449960428095,Low
2017-10-25,LightGBM,1D,3,0.0012701392506023,0.0004440607104535506,Low
2017-10-26,LightGBM,1D,3,0.008040609979727,0.00022634740446818044,Low
2017-10-27,LightGBM,1D,3,-0.0031975773767407,0.0002940737667849917,Low
2017-10-30,LightGBM,1D,3,0.0009440129366793,-9.695325063289445e-06,Low
2017-10-31,LightGBM,1D,3,0.0015908441079038,0.000350900249591546,Low
2017-11-01,LightGBM,1D,3,0.0001899477696667,-0.0004817385642740601,Low
2017-11-02,LightGBM,1D,3,0.0030922893263143,0.000337492820467879,Low
2017-11-03,LightGBM,1D,3,0.0012704438847764,0.0004653013834550865,Low
2017-11-06,LightGBM,1D,3,-0.0001891208050819,-0.0003674644160077766,Low
2017-11-07,LightGBM,1D,3,0.0014426139320604,-3.0503764492052063e-05,Low
2017-11-08,LightGBM,1D,3,-0.0037689813393701,5.04020820548413e-05,Low
2017-11-09,LightGBM,1D,3,-0.0008980469760537,-0.00011950927700466458,Low
2017-11-10,LightGBM,1D,3,0.000983150911293,-0.00018676219595441292,Low
2017-11-13,LightGBM,1D,3,-0.0023122805602819,-0.0001210567428914503,Low
2017-11-14,LightGBM,1D,3,-0.0055409987421236,2.9978717419870374e-05,Low
2017-11-15,LightGBM,1D,3,0.0081626527829724,0.0013342923457615526,Low
2017-11-16,LightGBM,1D,3,-0.0026294169788973,0.00019550773867647682,Low
2017-11-17,LightGBM,1D,3,0.0012748698887901,0.00037640801615963055,Low
2017-11-20,LightGBM,1D,3,0.0065198388797526,0.0003214554431426027,Low
2017-11-21,LightGBM,1D,3,-0.0007505427033295,0.0001902055987721314,Low
2017-11-22,LightGBM,1D,3,0.0020539842782319,3.0150608129696347e-05,Low
2017-11-24,LightGBM,1D,3,-0.0003843315868032,0.00019268297690108263,Low
2017-11-27,LightGBM,1D,3,0.0098003321967936,-2.423627946916364e-05,Low
2017-11-28,LightGBM,1D,3,-0.0003692938827907,0.00041240986253396735,Low
2017-11-29,LightGBM,1D,3,0.0081575866628111,0.00014522935342210127,Low
2017-11-30,LightGBM,1D,3,-0.0020265829358053,0.00043333193127684873,Low
2017-12-01,LightGBM,1D,3,-0.0010527105492864,0.00033316874916364606,Low
2017-12-04,LightGBM,1D,3,-0.0037463905259553,0.0005939091237542107,Low
2017-12-05,LightGBM,1D,3,-0.0001141121705303,0.0004250623265942955,Low
2017-12-06,LightGBM,1D,3,0.0029280670101093,0.00022411238869456148,Low
2017-12-07,LightGBM,1D,3,0.0054912020355181,0.00024387486896840474,Low
2017-12-08,LightGBM,1D,3,0.0031968421216958,0.0002741261461572351,Low
2017-12-11,LightGBM,1D,3,0.0015477237220895,-0.00011609075000970522,Low
2017-12-12,LightGBM,1D,3,-0.0004730689701501,-0.00016815823430435363,Low
2017-12-13,LightGBM,1D,3,-0.0040791677307626,0.00021690526960571526,Low
2017-12-14,LightGBM,1D,3,0.0089343134101427,0.0003494235550946283,Low
2017-12-15,LightGBM,1D,3,0.0053484785795975,0.0003291406887794861,Low
2017-12-18,LightGBM,1D,3,-0.0032354980431185,-0.00031890540166295645,Low
2017-12-19,LightGBM,1D,3,-0.0008282360735725,-3.1927189762149456e-05,Low
2017-12-20,LightGBM,1D,3,0.0019836870126583,0.0001643501472343783,Low
2017-12-21,LightGBM,1D,3,-0.0004582716381137,0.00042797679397224347,Low
2017-12-22,LightGBM,1D,3,-0.0010589757000585,-1.5051007504566828e-05,Low
2017-12-26,LightGBM,1D,3,0.0007906283102422,0.0005043435595359904,Low
2017-12-27,LightGBM,1D,3,0.0018323190029195,0.0003938935098543891,Low
2017-12-28,LightGBM,1D,3,-0.0051966322927482,0.0004111738748702617,Low
2017-12-29,LightGBM,1D,3,0.0082690782183981,-0.00016101263151675364,Low
2018-01-02,LightGBM,1D,3,0.006378433243936,0.00011597677152778677,Low
2018-01-03,LightGBM,1D,3,0.0040205428553269,0.000211449432436539,Low
2018-01-04,LightGBM,1D,3,0.0070091458885853,-0.00013210706838921962,Low
2018-01-05,LightGBM,1D,3,0.0016609637672969,-0.0002196979172515533,Low
2018-01-08,LightGBM,1D,3,0.0013020835172984,-0.0001960201316556101,Low
2018-01-09,LightGBM,1D,3,-0.0011128458115206,0.00010377324915793045,Low
2018-01-10,LightGBM,1D,3,0.007009025768882,3.485761935661732e-05,Low
2018-01-11,LightGBM,1D,3,0.006726926399094,0.00011993694231375556,Low
2018-01-12,LightGBM,1D,3,-0.0035307132616026,-9.237000904051568e-05,Low
2018-01-16,LightGBM,1D,3,0.009371006206502,-9.086241399353077e-06,Low
2018-01-17,LightGBM,1D,3,-0.0016176974974736,-6.128759182460908e-05,Low
2018-01-18,LightGBM,1D,3,0.0043756479869901,0.0003177324873401213,Low
2018-01-19,LightGBM,1D,3,0.0080343643822132,0.00024161923860205008,Low
2018-01-22,LightGBM,1D,3,0.0021720049682223,6.872044826740389e-05,Low
2018-01-23,LightGBM,1D,3,-0.000560132547232,-0.000234469749376102,Low
2018-01-24,LightGBM,1D,3,0.0006024393988328,0.0002516099865207996,Low
2018-01-25,LightGBM,1D,3,0.0117716381060841,0.00045181629813795655,Low
2018-01-26,LightGBM,1D,3,-0.006754736284863,0.0003941023051709813,Low
2018-01-29,LightGBM,1D,3,-0.010958642805337,0.00028526352128313245,Low
2018-01-30,LightGBM,1D,3,0.0004888658586947,-0.0001891275454084278,Low
2018-01-31,LightGBM,1D,3,-0.0006482983520233,0.0004162818705410699,Low
2018-02-01,LightGBM,1D,3,-0.0214366805166988,0.0002987561978125823,Low
2018-02-02,LightGBM,1D,3,-0.0418425409383814,0.001591284082992578,Normal
2018-02-05,LightGBM,1D,3,0.017290573348937,0.0024044339345776935,High
2018-02-06,LightGBM,1D,3,-0.0050141382237526,0.002427102755334218,High
2018-02-07,LightGBM,1D,3,-0.0382590522458017,0.002408404943046756,High
2018-02-08,LightGBM,1D,3,0.0148256451995243,0.00592095253312944,High
2018-02-09,LightGBM,1D,3,0.0138186656781862,5.208602838222734e-05,High
2018-02-12,LightGBM,1D,3,0.0026095219802775,0.00041395625811655113,High
2018-02-13,LightGBM,1D,3,0.013313439808897,-0.0014788849220073925,High
2018-02-14,LightGBM,1D,3,0.0119968617767752,0.0002597818135377649,High
2018-02-15,LightGBM,1D,3,0.0003733996499216,-0.00047696232325741356,High
2018-02-16,LightGBM,1D,3,-0.0058585171068373,-0.0036583348686240304,High
2018-02-20,LightGBM,1D,3,-0.0055116644833109,-0.0012482884394167612,High
2018-02-21,LightGBM,1D,3,0.0009730774855778,-0.0006532472801118773,High
2018-02-22,LightGBM,1D,3,0.015901278245121,-0.001080159079149591,High
2018-02-23,LightGBM,1D,3,0.0116884386206273,-0.0006982109975933947,High
2018-02-26,LightGBM,1D,3,-0.0127883114414675,-0.0011976463112840638,High
2018-02-27,LightGBM,1D,3,-0.011157806083656,-0.002705426449176546,High
2018-02-28,LightGBM,1D,3,-0.0134139658548764,-0.003318760388484693,High
2018-03-01,LightGBM,1D,3,0.0050587854851985,-0.000525658032852788,High
2018-03-02,LightGBM,1D,3,0.0109716176105265,-0.00020078179007250384,High
2018-03-05,LightGBM,1D,3,0.0026353829319968,-0.00034307842510668084,High
2018-03-06,LightGBM,1D,3,-0.0004839918257163,0.00281006702638497,High
2018-03-07,LightGBM,1D,3,0.0044531482088846,0.00026399506973833386,High
2018-03-08,LightGBM,1D,3,0.0172295467412075,0.0012892718641095708,High
2018-03-09,LightGBM,1D,3,-0.0012747973379984,0.0005322113407566398,Normal
2018-03-12,LightGBM,1D,3,-0.0063839104143147,-0.00010434845413120249,Normal
2018-03-13,LightGBM,1D,3,-0.0057409698251887,0.0005264571230668861,Normal
2018-03-14,LightGBM,1D,3,-0.0007822363990965,0.00025886155598702615,Normal
2018-03-15,LightGBM,1D,3,0.0017019979472317,0.0001517026192650322,Normal
2018-03-16,LightGBM,1D,3,-0.0143060405413734,0.00047963986034649833,Normal
2018-03-19,LightGBM,1D,3,0.0014807086617189,0.0011477352636810841,Normal
2018-03-20,LightGBM,1D,3,-0.0018456921256294,3.568981925849957e-05,Normal
2018-03-21,LightGBM,1D,3,-0.0254848869728544,0.0002549808094861306,Normal
2018-03-22,LightGBM,1D,3,-0.0211898073117506,0.0018019685582416143,High
2018-03-23,LightGBM,1D,3,0.0267950407060353,-0.0006216433355784053,High
2018-03-26,LightGBM,1D,3,-0.0174272856453219,0.0012081811737948455,High
2018-03-27,LightGBM,1D,3,-0.0029209188994626,0.00010941752000324345,High
2018-03-28,LightGBM,1D,3,0.0136757774938434,0.0006897626462867289,High
2018-03-29,LightGBM,1D,3,-0.0225906823434958,1.4470530601450774e-05,High
2018-04-02,LightGBM,1D,3,0.012535961315741,-5.879943395957059e-06,High
2018-04-03,LightGBM,1D,3,0.0115001023464467,0.0020670947893999094,High
2018-04-04,LightGBM,1D,3,0.0068394214016512,0.000678771306099589,High
2018-04-05,LightGBM,1D,3,-0.0221640670570649,-0.002449455908951578,High
2018-04-06,LightGBM,1D,3,0.0033309949675928,-0.0016391656951729402,High
2018-04-09,LightGBM,1D,3,0.016588598996314,-8.58634058486814e-05,High
2018-04-10,LightGBM,1D,3,-0.0055406857724611,-0.0030350255408496387,High
2018-04-11,LightGBM,1D,3,0.008216898697657,-0.002699048791602305,High
2018-04-12,LightGBM,1D,3,-0.0028907998267066,-7.956123920010751e-05,High
2018-04-13,LightGBM,1D,3,0.008076336801563,0.0013636852090785764,High
2018-04-16,LightGBM,1D,3,0.0106050716138667,-0.002028740262004874,High
2018-04-17,LightGBM,1D,3,0.0008310204075532,-0.0008196735784553803,High
2018-04-18,LightGBM,1D,3,-0.0057425817958325,-0.0011763490228677695,High
2018-04-19,LightGBM,1D,3,-0.0085731771883527,-0.0018990040209191643,High
2018-04-20,LightGBM,1D,3,5.623011118453955e-05,-2.404236148471776e-05,High
2018-04-23,LightGBM,1D,3,-0.0134708880064751,0.0024644822859121803,High
2018-04-24,LightGBM,1D,3,0.0018353742328236,-0.00014185311884474787,High
2018-04-25,LightGBM,1D,3,0.0103801441873769,0.00022144609423745178,High
2018-04-26,LightGBM,1D,3,0.0011130052713638,0.0004491253745392813,High
2018-04-27,LightGBM,1D,3,-0.0082211925489212,0.00016698051199459974,High
2018-04-30,LightGBM,1D,3,0.0025458021710273,-9.644175621307303e-06,Normal
2018-05-01,LightGBM,1D,3,-0.0072319512014023,-9.42808355334023e-05,Normal
2018-05-02,LightGBM,1D,3,-0.002256217585064,-0.0002843776835721789,Normal
2018-05-03,LightGBM,1D,3,0.0127298100283349,2.3279881755402917e-05,Normal
2018-05-04,LightGBM,1D,3,0.0034519805549899,0.0005961684081218554,Normal
2018-05-07,LightGBM,1D,3,-0.0002656766117338,0.00042657526964834814,Normal
2018-05-08,LightGBM,1D,3,0.0096356479348687,-0.000128649402313834,Normal
2018-05-09,LightGBM,1D,3,0.0093270116038483,9.528187809398901e-05,Normal
2018-05-10,LightGBM,1D,3,0.0017061392709612,3.934600167379008e-05,Normal
2018-05-11,LightGBM,1D,3,0.0008830995101265,-1.3493155807199646e-06,Normal
2018-05-14,LightGBM,1D,3,-0.0068656550439908,0.00024496573968230275,Normal
2018-05-15,LightGBM,1D,3,0.0040523398475144,6.507943890513532e-05,Normal
2018-05-16,LightGBM,1D,3,-0.0008562387886101,0.00011876532098575468,Normal
2018-05-17,LightGBM,1D,3,-0.0026356652545503,-0.00014975429621066598,Normal
2018-05-18,LightGBM,1D,3,0.0073596045479333,3.902464756813544e-06,Normal
2018-05-21,LightGBM,1D,3,-0.0031406885928751,0.0004906250989499707,Normal
2018-05-22,LightGBM,1D,3,0.0032431452068987,-8.552108058052844e-05,Low
2018-05-23,LightGBM,1D,3,-0.0020252629577225,0.0007929571312795203,Low
2018-05-24,LightGBM,1D,3,-0.0023600030541859,0.00020656853937059497,Low
2018-05-25,LightGBM,1D,3,-0.0116315725117922,-2.6907925690252782e-05,Low
2018-05-29,LightGBM,1D,3,0.0126158753519238,0.0006129761170031165,Low
2018-05-30,LightGBM,1D,3,-0.0069033332434342,0.0005871402088866424,Normal
2018-05-31,LightGBM,1D,3,0.0107907997092398,0.0005155689989067632,Normal
2018-06-01,LightGBM,1D,3,0.0044695948983522,0.0003922778886137805,Normal
2018-06-04,LightGBM,1D,3,0.0007023462695756,0.0003040656472972525,Low
2018-06-05,LightGBM,1D,3,0.0085309006373119,0.0007214742405856571,Low
2018-06-06,LightGBM,1D,3,-0.0007144436219845,0.0001461852984543961,Normal
2018-06-07,LightGBM,1D,3,0.0031210289077513,0.00015637754291827522,Low
2018-06-08,LightGBM,1D,3,0.0010681370069403,3.3904470127401045e-05,Low
2018-06-11,LightGBM,1D,3,0.0017418672787038,0.00027378758080116893,Low
2018-06-12,LightGBM,1D,3,-0.0040342545414114,0.00023911875795928328,Low
2018-06-13,LightGBM,1D,3,0.0024685005225036,5.218438753163107e-05,Low
2018-06-14,LightGBM,1D,3,-0.001017620315494,0.000691795656937456,Low
2018-06-15,LightGBM,1D,3,-0.0021283911808865,0.00036834816229384064,Low
2018-06-18,LightGBM,1D,3,-0.0040315179513912,-5.53568588757994e-05,Low
2018-06-19,LightGBM,1D,3,0.0017106902241125,-8.663912224678498e-05,Low
2018-06-20,LightGBM,1D,3,-0.0063657288432202,0.0003909261954912769,Low
2018-06-21,LightGBM,1D,3,0.0018602032551338,0.0006948285963599609,Low
2018-06-22,LightGBM,1D,3,-0.0138197229677706,0.0002995625543989021,Low
2018-06-25,LightGBM,1D,3,0.0022021505056967,0.001003003070349356,Normal
2018-06-26,LightGBM,1D,3,-0.0086415863131411,0.0009028128759895905,Low
2018-06-27,LightGBM,1D,3,0.0061596800190312,0.0014116085727017198,Low
2018-06-28,LightGBM,1D,3,0.000758115887517,0.0012788603760815645,Low
2018-06-29,LightGBM,1D,3,0.0030632608342934,0.0010578590477176295,Low
2018-07-02,LightGBM,1D,3,-0.0049596292805336,0.00022763354621738253,Low
2018-07-03,LightGBM,1D,3,0.0085838567455378,-0.0006923058751369788,Low
2018-07-05,LightGBM,1D,3,0.0084455176005801,-0.00016360579860292437,Low
2018-07-06,LightGBM,1D,3,0.0087842907853415,0.000240293755414414,Low
2018-07-09,LightGBM,1D,3,0.0034672493188218,0.00021698728428162735,Low
2018-07-10,LightGBM,1D,3,-0.0071194863719165,-0.00041600546568937676,Low
2018-07-11,LightGBM,1D,3,0.0087109915801719,-0.00042802000869111704,Low
2018-07-12,LightGBM,1D,3,0.0010786555366086,0.000134978872709713,Low
2018-07-13,LightGBM,1D,3,-0.0010286646208985,-0.0001355578792559789,Low
2018-07-16,LightGBM,1D,3,0.0039658243434434,-0.0005931330509232648,Low
2018-07-17,LightGBM,1D,3,0.0021581820767374,1.957425979796708e-05,Low
2018-07-18,LightGBM,1D,3,-0.0039608268490495,-0.0003461802906018236,Low
2018-07-19,LightGBM,1D,3,-0.0009488977712743,-0.0001651240725269303,Low
2018-07-20,LightGBM,1D,3,0.0018363623432315,-0.00023222700491241794,Low
2018-07-23,LightGBM,1D,3,0.0047695188860535,0.00018787630134808637,Low
2018-07-24,LightGBM,1D,3,0.0090604350703727,0.00031119631273253097,Low
2018-07-25,LightGBM,1D,3,-0.0030369027488673,-0.0005311429108448468,Low
2018-07-26,LightGBM,1D,3,-0.0065838346448454,-0.00012731933119813522,Low
2018-07-27,LightGBM,1D,3,-0.0057707893155871,0.00028931418267400476,Low
2018-07-30,LightGBM,1D,3,0.004872837219303,0.0005087279819095668,Low
2018-07-31,LightGBM,1D,3,-0.0010408930675711,0.0001568665408270584,Low
2018-08-01,LightGBM,1D,3,0.0049143495822087,0.0008022042850802067,Low
2018-08-02,LightGBM,1D,3,0.0046334320653479,-5.9201719604186654e-05,Low
2018-08-03,LightGBM,1D,3,0.0035319826508016,0.0002960230775529877,Low
2018-08-06,LightGBM,1D,3,0.0028202017464857,-3.3229263399842265e-05,Low
2018-08-07,LightGBM,1D,3,-0.0002624143932951,-9.394670935251049e-06,Low
2018-08-08,LightGBM,1D,3,-0.0014427146770399,-6.737660707828287e-06,Low
2018-08-09,LightGBM,1D,3,-0.0071393122632444,5.151514125678004e-05,Low
2018-08-10,LightGBM,1D,3,-0.0040140376659802,0.0002017318253129671,Low
2018-08-13,LightGBM,1D,3,0.0063689300164174,0.0004566598247674321,Low
2018-08-14,LightGBM,1D,3,-0.0076312085813788,0.00014559589240619028,Low
2018-08-15,LightGBM,1D,3,0.0078882145526381,0.00084218383699707,Low
2018-08-16,LightGBM,1D,3,0.003317606375263,0.00032710226644180196,Low
2018-08-17,LightGBM,1D,3,0.0024250749021282,0.00044161988353026146,Low
2018-08-20,LightGBM,1D,3,0.002066399954627,-0.0002611149388543486,Low
2018-08-21,LightGBM,1D,3,-0.0003982310542435,-0.00028898378683968107,Low
2018-08-22,LightGBM,1D,3,-0.0016926939235351,0.0003557693813733475,Low
2018-08-23,LightGBM,1D,3,0.0061797059282853,0.0003376291590314824,Low
2018-08-24,LightGBM,1D,3,0.0076411414071104,9.347388973945483e-06,Low
2018-08-27,LightGBM,1D,3,0.0002692420775983,-0.0002419885192568316,Low
2018-08-28,LightGBM,1D,3,0.0056852424689116,0.0002534543709109627,Low
2018-08-29,LightGBM,1D,3,-0.004440172044458,0.00019139662706566926,Low
2018-08-30,LightGBM,1D,3,0.0001344684673049,0.00026593707091025775,Low
2018-08-31,LightGBM,1D,3,-0.0016556920488793,0.00025663414650683753,Low
2018-09-04,LightGBM,1D,3,-0.0028070628012659,0.00040729233792872197,Low
2018-09-05,LightGBM,1D,4,-0.0036589910366181,3.89949067280876e-05,Low
2018-09-06,LightGBM,1D,4,-0.0022157978950144,0.0012113498229712777,Low
2018-09-07,LightGBM,1D,4,0.0018960282146933,0.00025656059192263745,Low
2018-09-10,LightGBM,1D,4,0.0037328656897154,0.00046347671316952587,Low
2018-09-11,LightGBM,1D,4,0.0003566083498935,0.0005390013590433653,Low
2018-09-12,LightGBM,1D,4,0.0052683521593913,0.00033702714091504704,Low
2018-09-13,LightGBM,1D,4,0.0002754439007663,0.00030474750291021067,Low
2018-09-14,LightGBM,1D,4,-0.0055852909915492,0.00047436714404125766,Low
2018-09-17,LightGBM,1D,4,0.0053546528676252,0.00017405233923789893,Low
2018-09-18,LightGBM,1D,4,0.0012524880331719,0.0002209003307942278,Low
2018-09-19,LightGBM,1D,4,0.007810014185329,0.0002917780260630637,Low
2018-09-20,LightGBM,1D,4,-0.000368600937007,8.775727325984228e-05,Low
2018-09-21,LightGBM,1D,4,-0.0035218823140138,0.00030233863070311737,Low
2018-09-24,LightGBM,1D,4,-0.0013059484931179,-9.355634899990964e-06,Low
2018-09-25,LightGBM,1D,4,-0.0032946996811599,0.0002944553840946993,Low
2018-09-26,LightGBM,1D,4,0.0027594762285113,0.00034610233190703553,Low
2018-09-27,LightGBM,1D,4,-6.870144138179519e-06,0.0004035827499270405,Low
2018-09-28,LightGBM,1D,4,0.0036344923421985,5.7904414874003986e-05,Low
2018-10-01,LightGBM,1D,4,-0.000396768910279,0.0003257614684082996,Low
2018-10-02,LightGBM,1D,4,0.0007112667367183,0.000301947620944686,Low
2018-10-03,LightGBM,1D,4,-0.0082030354210098,0.000340678500161231,Low
2018-10-04,LightGBM,1D,4,-0.0055433145846221,0.0002948726249803896,Low
2018-10-05,LightGBM,1D,4,-0.0003951947083496,0.0006153496553173404,Low
2018-10-08,LightGBM,1D,4,-0.0014189098341542,0.00021063639065674908,Low
2018-10-09,LightGBM,1D,4,-0.033416389042602,0.0009411482075252035,Low
2018-10-10,LightGBM,1D,4,-0.0207875799725415,0.0008219344323741894,Normal
2018-10-11,LightGBM,1D,4,0.0141062354083762,0.0008154852756255677,Normal
2018-10-12,LightGBM,1D,4,-0.0059224822913,0.0007194246714788366,Normal
2018-10-15,LightGBM,1D,4,0.0212678280349012,0.0006554629664743609,Normal
2018-10-16,LightGBM,1D,4,-0.0002526942626648,0.00036658272001630684,High
2018-10-17,LightGBM,1D,4,-0.0144964905753411,0.0009164284641946582,High
2018-10-18,LightGBM,1D,4,-0.0003612351352793,0.001213260783109116,High
2018-10-19,LightGBM,1D,4,-0.0043087970964778,0.0002201320958397548,High
2018-10-22,LightGBM,1D,4,-0.0055270761806941,-0.00029930052429051867,High
2018-10-23,LightGBM,1D,4,-0.0313507738611408,-0.0002047983568203251,High
2018-10-24,LightGBM,1D,4,0.0184537179787141,0.003557200012485044,High
2018-10-25,LightGBM,1D,4,-0.0174791380100031,0.0021811258124694003,High
2018-10-26,LightGBM,1D,4,-0.0065812082951939,-0.0011794033947091064,High
2018-10-29,LightGBM,1D,4,0.0155453229718774,0.0015518105508658285,High
2018-10-30,LightGBM,1D,4,0.010792878754571,0.000772654770144226,High
2018-10-31,LightGBM,1D,4,0.0105024988685292,0.0005804736917072458,High
2018-11-01,LightGBM,1D,4,-0.0063367210558797,0.0005306337820841501,High
2018-11-02,LightGBM,1D,4,0.0055846936971941,0.0013421126244024608,High
2018-11-05,LightGBM,1D,4,0.0062397877444086,-0.0014738253975106696,High
2018-11-06,LightGBM,1D,4,0.020987078560774,-0.0016326242469103989,High
2018-11-07,LightGBM,1D,4,-0.0025120689884914,0.00020783125337211976,High
2018-11-08,LightGBM,1D,4,-0.0092415859153724,-7.220593299747442e-05,High
2018-11-09,LightGBM,1D,4,-0.0198981509854674,9.930129662567738e-05,High
2018-11-12,LightGBM,1D,4,-0.0014830188221738,0.00012843192314248854,High
2018-11-13,LightGBM,1D,4,-0.0075961888184505,0.0002111469748636889,High
2018-11-14,LightGBM,1D,4,0.0105380327426419,0.0016249020360353244,High
2018-11-15,LightGBM,1D,4,0.0022208375374839,0.0010265942746429592,High
2018-11-16,LightGBM,1D,4,-0.0167831612357214,0.0010820763893806603,High
2018-11-19,LightGBM,1D,4,-0.0183179955565859,0.002257252256123267,High
2018-11-20,LightGBM,1D,4,0.0030386693107672,0.00046464374168965125,High
2018-11-21,LightGBM,1D,4,-0.0065764197118556,0.0001556818444524529,High
2018-11-23,LightGBM,1D,4,0.0154129758453664,0.00014570107088476229,High
2018-11-26,LightGBM,1D,4,0.0032563843646126,-0.00038914658757883665,High
2018-11-27,LightGBM,1D,4,0.0227140513031137,-0.0008477503781577273,High
2018-11-28,LightGBM,1D,4,-0.0021854945453934,-0.0003374475816720356,High
2018-11-29,LightGBM,1D,4,0.0081375477166175,-0.001587411813141011,High
2018-11-30,LightGBM,1D,4,0.0108820017943624,-0.0006014929453299208,High
2018-12-03,LightGBM,1D,4,-0.0329002288385561,0.0004810971179866721,High
2018-12-04,LightGBM,1D,4,-0.0015233879141442,0.0001436766340820088,High
2018-12-06,LightGBM,1D,4,-0.0235963354563222,0.0001308978394362867,High
2018-12-07,LightGBM,1D,4,0.0017606032229163,0.0008425951656316695,High
2018-12-10,LightGBM,1D,4,-0.0003564096753056,-2.0812522495224136e-05,High
2018-12-11,LightGBM,1D,4,0.0054048710103512,-0.0006538662513756573,High
2018-12-12,LightGBM,1D,4,-0.000199950312415,0.0003311132566794698,High
2018-12-13,LightGBM,1D,4,-0.0192712122686998,-0.00043071409048599013,High
2018-12-14,LightGBM,1D,4,-0.0209922848285766,0.0017595598481398133,High
2018-12-17,LightGBM,1D,4,8.639685378910398e-05,0.001746959091116593,High
2018-12-18,LightGBM,1D,4,-0.0155154591759368,0.0014890353963059643,High
2018-12-19,LightGBM,1D,4,-0.0158978094841039,0.0009050674352606178,High
2018-12-20,LightGBM,1D,4,-0.0208031204985406,0.0019856791574302253,High
2018-12-21,LightGBM,1D,4,-0.0274865728783144,0.004045337692327137,High
2018-12-24,LightGBM,1D,4,0.048403177670805,0.00449200532431708,High
2018-12-26,LightGBM,1D,4,0.0085262289688169,-0.001960736434863271,High
2018-12-27,LightGBM,1D,4,-0.0012423539102312,-0.0011040259268301543,High
2018-12-28,LightGBM,1D,4,0.0084566258622068,0.000968708363274863,High
2018-12-31,LightGBM,1D,4,0.0012676930626261,0.001528552304745008,High
2019-01-02,LightGBM,1D,4,-0.0250683318189151,0.00038553180570127706,High
2019-01-03,LightGBM,1D,4,0.0337593990603464,-6.475136086342649e-05,High
2019-01-04,LightGBM,1D,4,0.0069859759952297,0.0003737750885956911,High
2019-01-07,LightGBM,1D,4,0.0096485873364973,-0.005150090891185934,High
2019-01-08,LightGBM,1D,4,0.0040896713328221,-0.0009484960460628465,High
2019-01-09,LightGBM,1D,4,0.0045082413744622,-0.004008065611302671,High
2019-01-10,LightGBM,1D,4,-0.0001463085444824,-0.002408885046794857,High
2019-01-11,LightGBM,1D,4,-0.0052713945872494,-0.0006801963795468204,High
2019-01-14,LightGBM,1D,4,0.010664618879761,-0.002365387553434851,High
2019-01-15,LightGBM,1D,4,0.0022195205290883,-5.563276369054483e-05,High
2019-01-16,LightGBM,1D,4,0.0075627307062357,-0.0016719239513831965,High
2019-01-17,LightGBM,1D,4,0.0130969128398557,-0.00025282357400739793,High
2019-01-18,LightGBM,1D,4,-0.0142584768279724,-0.0014012101792124847,High
2019-01-22,LightGBM,1D,4,0.0022004899194508,-0.0015099989486814585,High
2019-01-23,LightGBM,1D,4,0.0013747801109775,0.0006376202805893593,High
2019-01-24,LightGBM,1D,4,0.008452867700518,1.2687479700604928e-05,High
2019-01-25,LightGBM,1D,4,-0.0078777758487088,0.00018819378135203984,High
2019-01-28,LightGBM,1D,4,-0.0014573079351148,0.0008510941861921589,High
2019-01-29,LightGBM,1D,4,0.01542960989156,0.0014703377861541602,High
2019-01-30,LightGBM,1D,4,0.0085606488097677,0.00036510438994319524,High
2019-01-31,LightGBM,1D,4,0.0008982065848071,-1.5626952556478275e-05,High
2019-02-01,LightGBM,1D,4,0.0067533811174796,0.00025624948987705456,Normal
2019-02-04,LightGBM,1D,4,0.0046973704373502,0.00022386365797876542,Normal
2019-02-05,LightGBM,1D,4,-0.0022269157175087,-7.263366369028773e-05,Normal
2019-02-06,LightGBM,1D,4,-0.0094011932022302,-6.0109390993392993e-05,Normal
2019-02-07,LightGBM,1D,4,0.0006759725660127,0.0007297504011202709,Normal
2019-02-08,LightGBM,1D,4,0.0007088518038183,0.0008235408594060176,Normal
2019-02-11,LightGBM,1D,4,0.0128078529028386,0.00024979814938121846,Normal
2019-02-12,LightGBM,1D,4,0.0030194315937109,2.2364130126591517e-05,Normal
2019-02-13,LightGBM,1D,4,-0.0026551633836986,-0.0005400711493083449,Normal
2019-02-14,LightGBM,1D,4,0.0108200046649575,-4.67668548518016e-05,Normal
2019-02-15,LightGBM,1D,4,0.001497621326592,0.0004966658326989065,Normal
2019-02-19,LightGBM,1D,4,0.0017755335607409,0.000104132826995234,Normal
2019-02-20,LightGBM,1D,4,-0.0035326693258413,0.00011784501591349812,Low
2019-02-21,LightGBM,1D,4,0.0063906386947104,0.00022806503450718526,Low
2019-02-22,LightGBM,1D,4,0.0012311044497517,0.0002757316911019449,Normal
2019-02-25,LightGBM,1D,4,-0.0007907696728402,-1.1637202194475912e-05,Low
2019-02-26,LightGBM,1D,4,-0.000544197436298,-0.00017708063783867297,Low
2019-02-27,LightGBM,1D,4,-0.0028295075989504,0.000180239290613054,Low
2019-02-28,LightGBM,1D,4,0.006871656588713,0.00043963009154565457,Low
2019-03-01,LightGBM,1D,4,-0.0038881073952551,0.0005713717710217004,Low
2019-03-04,LightGBM,1D,4,-0.0011321734897068,-4.208207404976173e-05,Low
2019-03-05,LightGBM,1D,4,-0.006545473604125,0.00010035460784555095,Low
2019-03-06,LightGBM,1D,4,-0.0081589111383311,0.00014771092547894034,Low
2019-03-07,LightGBM,1D,4,-0.0021339641314536,0.0009059066623919727,Low
2019-03-08,LightGBM,1D,4,0.0145595355634894,0.001130689323324491,Low
2019-03-11,LightGBM,1D,4,0.0029489657278051,0.00028428001666923564,Low
2019-03-12,LightGBM,1D,4,0.0069255467570192,0.0003456739733233611,Low
2019-03-13,LightGBM,1D,4,-0.0008683993315961,5.639920831525565e-05,Low
2019-03-14,LightGBM,1D,4,0.0049725194084307,-7.768867047739036e-05,Low
2019-03-15,LightGBM,1D,4,0.003699096798908,0.00010216018185374712,Low
2019-03-18,LightGBM,1D,4,-0.0001305700799267,-0.00032259946462831197,Low
2019-03-19,LightGBM,1D,4,-0.0029486967407696,0.0003379998976869299,Low
2019-03-20,LightGBM,1D,4,0.0107940154946893,0.0002499904491271373,Low
2019-03-21,LightGBM,1D,4,-0.0191568271342732,-0.00011488488909024384,Low
2019-03-22,LightGBM,1D,4,-0.00083937283331,0.0002180511575894442,Normal
2019-03-25,LightGBM,1D,4,0.007157052947934,0.000593609846974496,Normal
2019-03-26,LightGBM,1D,4,-0.0046551432765988,0.00023553651608914316,Normal
2019-03-27,LightGBM,1D,4,0.0035830547152617,-6.453783400094984e-05,Normal
2019-03-28,LightGBM,1D,4,0.0067117060433246,0.000876033760457182,Normal
2019-03-29,LightGBM,1D,4,0.0115021955180444,0.0001785292502265008,Normal
2019-04-01,LightGBM,1D,4,1.7455554858152623e-05,0.00013352504835439035,Normal
2019-04-02,LightGBM,1D,4,0.0021460724200891,0.00046180998283489424,Normal
2019-04-03,LightGBM,1D,4,0.0020824652429942,-0.0001737135518573194,Normal
2019-04-04,LightGBM,1D,4,0.0046257176230991,0.00014527905503224114,Normal
2019-04-05,LightGBM,1D,4,0.0010469117505236,0.00030139754073161233,Normal
2019-04-08,LightGBM,1D,4,-0.0060859764356695,-0.00021772073121975176,Low
2019-04-09,LightGBM,1D,4,0.0034718377544999,0.0003216623261149503,Normal
2019-04-10,LightGBM,1D,4,3.8122340342693696e-05,0.0003983687669966124,Normal
2019-04-11,LightGBM,1D,4,0.0065875783895457,0.0004205947582873022,Normal
2019-04-12,LightGBM,1D,4,-0.0006295672443571,0.0004565820584624862,Normal
2019-04-15,LightGBM,1D,4,0.0005092283251399,0.00044308408345512443,Normal
2019-04-16,LightGBM,1D,4,-0.0022764008207388,-4.9931270470257804e-05,Normal
2019-04-17,LightGBM,1D,4,0.0015778468242496,0.0004716290886277404,Normal
2019-04-18,LightGBM,1D,4,0.0010115058169329,0.00028058115136561667,Low
2019-04-22,LightGBM,1D,4,0.0088023511749953,0.00013996078672872764,Low
2019-04-23,LightGBM,1D,4,-0.0021941686030362,0.00019894503784273674,Low
2019-04-24,LightGBM,1D,4,-0.0003690417402728,0.0003369982469311803,Low
2019-04-25,LightGBM,1D,4,0.0046743503233048,0.00023767828982659145,Low
2019-04-26,LightGBM,1D,4,0.0010709485042338,0.0003875259346369209,Low
2019-04-29,LightGBM,1D,4,0.0009509646987914,-2.421304603946593e-06,Low
2019-04-30,LightGBM,1D,4,-0.0075304458502913,0.0002802423721695867,Low
2019-05-01,LightGBM,1D,4,-0.0021262446486827,0.0002602970512643509,Low
2019-05-02,LightGBM,1D,4,0.0095921274789174,1.717571522359679e-05,Low
2019-05-03,LightGBM,1D,4,-0.0044810131890725,0.0004104202267151771,Low
2019-05-06,LightGBM,1D,4,-0.0166494880889055,-0.0005736244709542098,Low
2019-05-07,LightGBM,1D,4,-0.0016067153894199,0.0008968141586878068,Low
2019-05-08,LightGBM,1D,4,-0.0030259986619282,0.0004911775886725523,Low
2019-05-09,LightGBM,1D,4,0.0037133940699186,1.2873059028550214e-05,Low
2019-05-10,LightGBM,1D,4,-0.0244264691384975,0.000760874052009141,Low
2019-05-13,LightGBM,1D,4,0.007983987523216,0.00022726416039855568,Normal
2019-05-14,LightGBM,1D,4,0.005821994327723,0.001000503940228556,Normal
2019-05-15,LightGBM,1D,4,0.008855957116499,0.0005755022652916168,Normal
2019-05-16,LightGBM,1D,4,-0.0058544371740438,0.0005118251917059,Normal
2019-05-17,LightGBM,1D,4,-0.0067722579754053,-0.0005765739792683982,Normal
2019-05-20,LightGBM,1D,4,0.0084599490931906,0.0005951944209984237,Normal
2019-05-21,LightGBM,1D,4,-0.0028283923638994,0.0004629799871958652,Normal
2019-05-22,LightGBM,1D,4,-0.0119856922412819,0.0003759450560899289,Normal
2019-05-23,LightGBM,1D,4,0.0013526437720373,0.0007790213328910765,Normal
2019-05-24,LightGBM,1D,4,-0.0084109500002602,0.0007421583459909034,Normal
2019-05-28,LightGBM,1D,4,-0.0069359101672313,0.0001464938164758357,Normal
2019-05-29,LightGBM,1D,4,0.002096272674997,0.001546575930295763,Normal
2019-05-30,LightGBM,1D,4,-0.0132832052504529,0.001247316897631568,Normal
2019-05-31,LightGBM,1D,4,-0.0027690706543079,0.0003618247749195707,Normal
2019-06-03,LightGBM,1D,4,0.0212059270810777,0.0010150037444854594,Normal
2019-06-04,LightGBM,1D,4,0.0081287269788136,0.0007125599549699925,High
2019-06-05,LightGBM,1D,4,0.0061168406760044,0.0009055495533846544,Normal
2019-06-06,LightGBM,1D,4,0.01044297924726,-0.00023349863426299546,High
2019-06-07,LightGBM,1D,4,0.0046492200747654,0.00010236052672596954,High
2019-06-10,LightGBM,1D,4,-0.0003499414579512,0.0003231003532787217,High
2019-06-11,LightGBM,1D,4,-0.0020396578272374,-4.0931156430446265e-05,Normal
2019-06-12,LightGBM,1D,4,0.0040890105028501,0.00036279476482123726,Normal
2019-06-13,LightGBM,1D,4,-0.0016128117861529,6.217069326956466e-05,Normal
2019-06-14,LightGBM,1D,4,0.0009313154323528,0.00029055271125454535,Normal
2019-06-17,LightGBM,1D,4,0.0096704895929706,6.143056950162115e-05,Normal
2019-06-18,LightGBM,1D,4,0.0029807167930238,0.00028070506048888947,Normal
2019-06-19,LightGBM,1D,4,0.0094276053358731,0.0004311947705373607,Normal
2019-06-20,LightGBM,1D,4,-0.0012600162797279,0.00014885210551517946,Normal
2019-06-21,LightGBM,1D,4,-0.001733388460587,0.0003664449647468506,Normal
2019-06-24,LightGBM,1D,4,-0.0095417756403875,0.0004113481931077881,Normal
2019-06-25,LightGBM,1D,4,-0.0012346956788039,-0.0001370473470016698,Normal
2019-06-26,LightGBM,1D,4,0.0038158857925908,0.0005295686344966148,Normal
2019-06-27,LightGBM,1D,4,0.0057409418405996,0.0007721392768344652,Normal
2019-06-28,LightGBM,1D,4,0.0076430186109539,0.00030865975956784235,Normal
2019-07-01,LightGBM,1D,4,0.0029238472769886,0.00039964925723091395,Low
2019-07-02,LightGBM,1D,4,0.0076430956606841,0.000613157972503142,Low
2019-07-03,LightGBM,1D,4,-0.0018075342045486,0.0001859330764385717,Low
2019-07-05,LightGBM,1D,4,-0.0048471730101237,0.000154281365899143,Low
2019-07-08,LightGBM,1D,4,0.0012357930584538,0.0006169141462142088,Low
2019-07-09,LightGBM,1D,4,0.0045005469360826,-6.174990525923567e-06,Low
2019-07-10,LightGBM,1D,4,0.0022826195789485,0.0005388293648543352,Low
2019-07-11,LightGBM,1D,4,0.0046095343020665,0.0005579776590619614,Low
2019-07-12,LightGBM,1D,4,0.0001758537283841,0.0004995349591912715,Low
2019-07-15,LightGBM,1D,4,-0.0034095845550103,0.0001265421371936014,Low
2019-07-16,LightGBM,1D,4,-0.0065526654660931,0.0006209013029689129,Low
2019-07-17,LightGBM,1D,4,0.003575597708819,0.0004991285273973142,Low
2019-07-18,LightGBM,1D,4,-0.0061958894648446,0.0004103429235578865,Low
2019-07-19,LightGBM,1D,4,0.0028247016862503,0.0008576674385090265,Low
2019-07-22,LightGBM,1D,4,0.0068241451392764,0.0004780490127661752,Low
2019-07-23,LightGBM,1D,4,0.0046771928134757,0.00046568633080635815,Low
2019-07-24,LightGBM,1D,4,-0.0052762964835995,0.00048467921102124064,Low
2019-07-25,LightGBM,1D,4,0.007360535770783,0.0005666728011354418,Low
2019-07-26,LightGBM,1D,4,-0.0016174219290574,0.0005320940183339647,Low
2019-07-29,LightGBM,1D,4,-0.0025819853720443,0.0004900680516688308,Low
2019-07-30,LightGBM,1D,4,-0.0109452069521399,-0.00023794661470183368,Low
2019-07-31,LightGBM,1D,4,-0.009039527568806,0.0005854173929005401,Low
2019-08-01,LightGBM,1D,4,-0.0073093885395651,0.0005075097767283292,Low
2019-08-02,LightGBM,1D,4,-0.0302301821696947,0.001076769170006543,Low
2019-08-05,LightGBM,1D,4,0.0129330239111666,0.000556323593690527,Normal
2019-08-06,LightGBM,1D,4,0.0007665823338588,0.0007941163874529352,Normal
2019-08-07,LightGBM,1D,4,0.018588462466865,0.0008758965211419569,Normal
2019-08-08,LightGBM,1D,4,-0.0066385931336571,0.000433850569738285,High
2019-08-09,LightGBM,1D,4,-0.0123938091159153,0.00014784086113338606,High
2019-08-12,LightGBM,1D,4,0.0150183462673018,0.0010171332133628653,High
2019-08-13,LightGBM,1D,4,-0.0297303524545356,0.0002547312175019607,High
2019-08-14,LightGBM,1D,4,0.0024612366981802,1.8726826483211127e-05,High
2019-08-15,LightGBM,1D,4,0.014323058172245,0.0017993503142143816,High
2019-08-16,LightGBM,1D,4,0.0120331755643975,0.0004831779801101636,High
2019-08-19,LightGBM,1D,4,-0.0079462153121154,0.0011475957619194858,High
2019-08-20,LightGBM,1D,4,0.0082129795573529,2.9219364577736523e-05,High
2019-08-21,LightGBM,1D,4,-0.0005062029592785,0.0008194632090583641,High
2019-08-22,LightGBM,1D,4,-0.0262888811228378,0.0001527867906905772,High
2019-08-23,LightGBM,1D,4,0.0109231127307978,0.0016955363429115424,High
2019-08-26,LightGBM,1D,4,-0.0032083218005562,0.0005375049645964709,High
2019-08-27,LightGBM,1D,4,0.0065241515305625,-0.0003335257327537075,High
2019-08-28,LightGBM,1D,4,0.0126074824410943,0.001384810258090083,High
2019-08-29,LightGBM,1D,4,0.0006425807598767,-0.0001296228074567765,High
2019-08-30,LightGBM,1D,4,-0.0069230093326854,0.0022195609782622396,High
2019-09-03,LightGBM,1D,4,0.0107837252784214,6.253887744718955e-05,High
2019-09-04,LightGBM,1D,4,0.0129259129217597,0.0004011345172420309,High
2019-09-05,LightGBM,1D,4,0.0009101908043767,0.0003857537248950204,High
2019-09-06,LightGBM,1D,4,-9.401467889992668e-05,0.0005080147193297665,High
2019-09-09,LightGBM,1D,4,0.000322252425931,0.0007650375672703504,High
2019-09-10,LightGBM,1D,4,0.0072036723263872,0.0001098157432176548,High
2019-09-11,LightGBM,1D,4,0.0028750162782333,0.0007963255508194555,High
2019-09-12,LightGBM,1D,4,-0.000724676876966,0.0002615994091350715,Normal
2019-09-13,LightGBM,1D,4,-0.0031405129163559,0.0005942107914237981,Normal
2019-09-16,LightGBM,1D,4,0.0025784253724619,0.00028551541111645947,Normal
2019-09-17,LightGBM,1D,4,0.0003426332842671,8.708987799349915e-05,Normal
2019-09-18,LightGBM,1D,4,1.9974521929475905e-05,0.0006804827609096845,Normal
2019-09-19,LightGBM,1D,4,-0.0049075991048803,0.00031484553903100284,Normal
2019-09-20,LightGBM,1D,4,-9.694061782751376e-05,0.0006255179173436695,Normal
2019-09-23,LightGBM,1D,4,-0.0084519889635514,0.0002999539500609259,Low
2019-09-24,LightGBM,1D,4,0.0061396852419639,0.0009281021134902464,Low
2019-09-25,LightGBM,1D,4,-0.0024318710096131,0.0008967950988853404,Low
2019-09-26,LightGBM,1D,4,-0.0053305345791285,0.000488483720800566,Low
2019-09-27,LightGBM,1D,4,0.0050349102152483,-0.0005596769463508064,Low
2019-09-30,LightGBM,1D,4,-0.0123341269454128,0.00023465707178694795,Low
2019-10-01,LightGBM,1D,4,-0.0180654041876438,-0.0010409496917347782,Low
2019-10-02,LightGBM,1D,4,0.0079403047738667,0.001229600629838504,Normal
2019-10-03,LightGBM,1D,4,0.0141167852392592,0.0008620530596377103,Low
2019-10-04,LightGBM,1D,5,-0.0044883522736815,0.0003748367801102588,Normal
2019-10-07,LightGBM,1D,5,-0.0156831595521099,0.0004106672983045279,Normal
2019-10-08,LightGBM,1D,5,0.0090632965148459,0.0007513455920092021,Normal
2019-10-09,LightGBM,1D,5,0.0063952024117826,0.0009333626216609638,Normal
2019-10-10,LightGBM,1D,5,0.010879579673789,6.971318306478882e-06,Normal
2019-10-11,LightGBM,1D,5,-0.0013880816732189,1.7442498480318065e-05,Normal
2019-10-14,LightGBM,1D,5,0.0099064453764891,0.0003748367801102588,Normal
2019-10-15,LightGBM,1D,5,-0.0020015445531937,-0.0002770731305066611,Normal
2019-10-16,LightGBM,1D,5,0.0027590219697752,0.0001280163325295027,Normal
2019-10-17,LightGBM,1D,5,-0.0039270457097998,0.00013848751270334188,Normal
2019-10-18,LightGBM,1D,5,0.0068481141053337,0.00013848751270334188,Normal
2019-10-21,LightGBM,1D,5,-0.0035750492583768,0.0001247927913564899,Normal
2019-10-22,LightGBM,1D,5,0.0028431033458307,0.00013848751270334188,Normal
2019-10-23,LightGBM,1D,5,0.0019186046591713,0.0001247927913564899,Normal
2019-10-24,LightGBM,1D,5,0.004064429510656,0.00013848751270334188,Normal
2019-10-25,LightGBM,1D,5,0.0055658199161177,0.000385307960284098,Normal
2019-10-28,LightGBM,1D,5,-0.0008327519564807,0.0001247927913564899,Normal
2019-10-29,LightGBM,1D,5,0.0032480894008573,0.00013848751270334188,Normal
2019-10-30,LightGBM,1D,5,-0.003027438634539,0.000385307960284098,Normal
2019-10-31,LightGBM,1D,5,0.0096159305596475,0.00013848751270334188,Normal
2019-11-01,LightGBM,1D,5,0.0036972458053124,0.000385307960284098,Low
2019-11-04,LightGBM,1D,5,-0.0011864027118206,0.0001280163325295027,Low
2019-11-05,LightGBM,1D,5,0.0007022505922896,0.00013848751270334188,Low
2019-11-06,LightGBM,1D,5,0.0027263752442806,0.000385307960284098,Low
2019-11-07,LightGBM,1D,5,0.0025574031451158,0.00013848751270334188,Low
2019-11-08,LightGBM,1D,5,-0.0019643954133371,0.000385307960284098,Low
2019-11-11,LightGBM,1D,5,0.001563423301263,0.0001247927913564899,Low
2019-11-12,LightGBM,1D,5,0.0007112815701162,0.0001247927913564899,Low
2019-11-13,LightGBM,1D,5,0.0008366926144567,0.0001247927913564899,Low
2019-11-14,LightGBM,1D,5,0.0076660287779731,0.0001247927913564899,Low
2019-11-15,LightGBM,1D,5,0.0005030263228096,0.000385307960284098,Low
2019-11-18,LightGBM,1D,5,-0.0005927700996925,0.00011432161118265064,Low
2019-11-19,LightGBM,1D,5,-0.003763256420941,0.00013848751270334188,Low
2019-11-20,LightGBM,1D,5,-0.0015840060861895,0.00013848751270334188,Low
2019-11-21,LightGBM,1D,5,0.0021725739423759,0.00013848751270334188,Low
2019-11-22,LightGBM,1D,5,0.0074792518874672,0.000385307960284098,Low
2019-11-25,LightGBM,1D,5,0.0021931636449402,0.000385307960284098,Low
2019-11-26,LightGBM,1D,5,0.0041657356252997,-0.000107681606411213,Low
2019-11-27,LightGBM,1D,5,-0.004019286229989,0.0001247927913564899,Low
2019-11-29,LightGBM,1D,5,-0.0086684836939636,0.00013848751270334188,Low
2019-12-02,LightGBM,1D,5,-0.0066602252580451,-8.351570489052184e-05,Low
2019-12-03,LightGBM,1D,5,0.0063036576087699,0.0004074437571315151,Low
2019-12-04,LightGBM,1D,5,0.0014991269266302,0.0004285126738361515,Low
2019-12-05,LightGBM,1D,5,0.009094246030426,0.0004211384784783671,Low
2019-12-06,LightGBM,1D,5,-0.0031678336844743,0.000385307960284098,Low
2019-12-09,LightGBM,1D,5,-0.0010975361689841,0.0001280163325295027,Low
2019-12-10,LightGBM,1D,5,0.0029039375293507,0.00013848751270334188,Low
2019-12-11,LightGBM,1D,5,0.008538667375555,0.000385307960284098,Low
2019-12-12,LightGBM,1D,5,7.25791502146863e-05,1.7442498480318065e-05,Low
2019-12-13,LightGBM,1D,5,0.0071223609425427,0.0003748367801102588,Low
2019-12-16,LightGBM,1D,5,0.0003352360284609,0.000385307960284098,Low
2019-12-17,LightGBM,1D,5,-0.0004323936405227,0.00013848751270334188,Low
2019-12-18,LightGBM,1D,5,0.0044493788218642,0.00013848751270334188,Low
2019-12-19,LightGBM,1D,5,0.004932595804334,0.0001247927913564899,Low
2019-12-20,LightGBM,1D,5,0.0008657687142985,-8.351570489052184e-05,Low
2019-12-23,LightGBM,1D,5,-0.0001954673024681,0.00013848751270334188,Low
2019-12-24,LightGBM,1D,5,0.0051150624100539,0.00013848751270334188,Low
2019-12-26,LightGBM,1D,5,3.3984139657930306e-05,-9.721042623737382e-05,Low
2019-12-27,LightGBM,1D,5,-0.0057975960793499,0.00013848751270334188,Low
2019-12-30,LightGBM,1D,5,0.0029416906441907,0.00013848751270334188,Low
2019-12-31,LightGBM,1D,5,0.0083438953623167,0.000385307960284098,Low
2020-01-02,LightGBM,1D,5,-0.0070849093649545,1.7442498480318065e-05,Low
2020-01-03,LightGBM,1D,5,0.0035271451942725,0.00011432161118265064,Low
2020-01-06,LightGBM,1D,5,-0.0028071750845948,0.0001247927913564899,Low
2020-01-07,LightGBM,1D,5,0.0048904734856411,0.00013848751270334188,Low
2020-01-08,LightGBM,1D,5,0.0066332141169064,0.0001247927913564899,Low
2020-01-09,LightGBM,1D,5,-0.0028592624875049,0.000385307960284098,Low
2020-01-10,LightGBM,1D,5,0.0069519940459332,0.00013848751270334188,Low
2020-01-13,LightGBM,1D,5,-0.0015156808368957,0.0001247927913564899,Low
2020-01-14,LightGBM,1D,5,0.0018684502436879,0.00013848751270334188,Low
2020-01-15,LightGBM,1D,5,0.008331747422232,0.0001247927913564899,Low
2020-01-16,LightGBM,1D,5,0.0038547232474851,0.0001247927913564899,Low
2020-01-17,LightGBM,1D,5,-0.0026555003695853,0.00011432161118265064,Low
2020-01-21,LightGBM,1D,5,0.000289034296681,0.00013848751270334188,Low
2020-01-22,LightGBM,1D,5,0.0011403261933582,0.00013848751270334188,Low
2020-01-23,LightGBM,1D,5,-0.0090832894261937,0.0001247927913564899,Low
2020-01-24,LightGBM,1D,5,-0.015855752356844,0.00013848751270334188,Low
2020-01-27,LightGBM,1D,5,0.0100033835003525,0.0009131277828846411,Low
2020-01-28,LightGBM,1D,5,-0.0008672501435846,0.0006679589260591242,Normal
2020-01-29,LightGBM,1D,5,0.003129456930211,0.0004106672983045279,Low
2020-01-30,LightGBM,1D,5,-0.0178644435713629,0.0006679589260591242,Low
2020-01-31,LightGBM,1D,5,0.0072284257612325,0.001034800172602065,Normal
2020-02-03,LightGBM,1D,5,0.014869315917506,0.0009333626216609638,Normal
2020-02-04,LightGBM,1D,5,0.0111877786589729,0.000385307960284098,Normal
2020-02-05,LightGBM,1D,5,0.0033201550570019,0.0003748367801102588,Normal
2020-02-06,LightGBM,1D,5,-0.0054154910094583,0.0001280163325295027,Normal
2020-02-07,LightGBM,1D,5,0.0072996901205732,0.0009865060532661736,Normal
2020-02-10,LightGBM,1D,5,0.0016870486860021,0.0001247927913564899,Normal
2020-02-11,LightGBM,1D,5,0.006441853105203,0.0001280163325295027,Normal
2020-02-12,LightGBM,1D,5,-0.0016317763599886,0.000385307960284098,Normal
2020-02-13,LightGBM,1D,5,0.0018418360984854,0.0001247927913564899,Normal
2020-02-14,LightGBM,1D,5,-0.0029242139861477,0.000385307960284098,Normal
2020-02-18,LightGBM,1D,5,0.0046947482842849,0.00013848751270334188,Normal
2020-02-19,LightGBM,1D,5,-0.0038228174279975,0.0001247927913564899,Normal
2020-02-20,LightGBM,1D,5,-0.0105738092328197,0.00013848751270334188,Normal
2020-02-21,LightGBM,1D,5,-0.0340880794204407,0.0004211384784783671,Normal
2020-02-24,LightGBM,1D,5,-0.0307479043753532,0.0006225789378557639,High
2020-02-25,LightGBM,1D,5,-0.00378569732353,0.00511841570512154,High
2020-02-26,LightGBM,1D,5,-0.0451681363522611,0.00036366697087957016,High
2020-02-27,LightGBM,1D,5,-0.008272463109653,0.012056763068762818,High
2020-02-28,LightGBM,1D,5,0.0450108687694132,0.004371960334360211,High
2020-03-02,LightGBM,1D,5,-0.0285104849229145,0.002690756646228645,High
2020-03-03,LightGBM,1D,5,0.0413363493606331,0.003316900315082919,High
2020-03-04,LightGBM,1D,5,-0.0345107824399811,0.0025568565770377064,High
2020-03-05,LightGBM,1D,5,-0.0172009436523861,0.00177456404770584,High
2020-03-06,LightGBM,1D,5,-0.0790104129403714,0.0011499897461052055,High
2020-03-09,LightGBM,1D,5,0.0482150524258591,0.020521559930606188,High
2020-03-10,LightGBM,1D,5,-0.0501028928086054,-0.004285476966675391,High
2020-03-11,LightGBM,1D,5,-0.0999448524024735,0.008759251763159075,High
2020-03-12,LightGBM,1D,5,0.0888084069492359,0.023024247298077276,High
2020-03-13,LightGBM,1D,5,-0.1276521974728174,-0.010527587193267074,High
2020-03-16,LightGBM,1D,5,0.0582263126356917,0.021317445312242007,High
2020-03-17,LightGBM,1D,5,-0.0532222723320802,0.014105124701134264,High
2020-03-18,LightGBM,1D,5,0.004696760970401,0.008692483134360893,High
2020-03-19,LightGBM,1D,5,-0.0443276240533668,0.004362307121119935,High
2020-03-20,LightGBM,1D,5,-0.0297315010095767,0.024605776996094394,High
2020-03-23,LightGBM,1D,5,0.0896832325179632,-0.011000157505333844,High
2020-03-24,LightGBM,1D,5,0.0114689904208222,-0.018773150580475774,High
2020-03-25,LightGBM,1D,5,0.0605438310742465,-0.004780686585150796,High
2020-03-26,LightGBM,1D,5,-0.0342678455416263,-0.012742138406783917,High
2020-03-27,LightGBM,1D,5,0.0329665905699747,-0.003324273854854644,High
2020-03-30,LightGBM,1D,5,-0.0161423107884158,-0.02014177291421822,High
2020-03-31,LightGBM,1D,5,-0.0451463627327869,-0.01790030796862582,High
2020-04-01,LightGBM,1D,5,0.0225726570569603,-0.027618129783365284,High
2020-04-02,LightGBM,1D,5,-0.0152528608259442,-0.020039843058137847,High
2020-04-03,LightGBM,1D,5,0.0679682441448303,-0.024302774268490774,High
2020-04-06,LightGBM,1D,5,-0.0016043390483624,-0.017055204442868444,High
2020-04-07,LightGBM,1D,5,0.0334893711912846,-0.027652268281313404,High
2020-04-08,LightGBM,1D,5,0.0143834703036993,-0.015426281659924915,High
2020-04-09,LightGBM,1D,5,-0.0101560594446771,-0.017229795693759768,High
2020-04-13,LightGBM,1D,5,0.0301145595723075,-0.021292742246388885,High
2020-04-14,LightGBM,1D,5,-0.0222767326723692,-0.012820366851669686,High
2020-04-15,LightGBM,1D,5,0.0057998378395412,-0.02582426609836048,High
2020-04-16,LightGBM,1D,5,0.0264409320213205,-0.014498315582923402,High
2020-04-17,LightGBM,1D,5,-0.0180428456153477,-0.025109890128362605,High
2020-04-20,LightGBM,1D,5,-0.0311551152363306,-0.016990487085739563,High
2020-04-21,LightGBM,1D,5,0.0226713005821367,-0.016793030304034142,High
2020-04-22,LightGBM,1D,5,-0.0005395676601955,-0.003239317818712651,High
2020-04-23,LightGBM,1D,5,0.0138220905668392,-0.0041631682905154685,High
2020-04-24,LightGBM,1D,5,0.0146068681817359,-0.0052062488416209675,High
2020-04-27,LightGBM,1D,5,-0.0052561701904836,-0.002899949530676432,High
2020-04-28,LightGBM,1D,5,0.026236704045073,-0.0046381671538521605,High
2020-04-29,LightGBM,1D,5,-0.0092551433190548,-0.006066878277816376,High
2020-04-30,LightGBM,1D,5,-0.0284602110147759,-0.001893566987874248,High
2020-05-01,LightGBM,1D,5,0.0042408225788494,-0.004489367158867964,High
2020-05-04,LightGBM,1D,5,0.0089999351977798,-0.002134433620525237,High
2020-05-05,LightGBM,1D,5,-0.0070038803990425,-0.004336877755296087,High
2020-05-06,LightGBM,1D,5,0.0114389557548908,-0.0029753523411468244,High
2020-05-07,LightGBM,1D,5,0.0167307950652262,-0.0032923350931012368,High
2020-05-08,LightGBM,1D,5,0.0001330693667907,-0.005035679120267344,High
2020-05-11,LightGBM,1D,5,-0.0207133657720476,-0.005532633539162848,High
2020-05-12,LightGBM,1D,5,-0.01761699662428,-0.004315539638023442,High
2020-05-13,LightGBM,1D,5,0.0114589178040714,-0.0036320585848869055,High
2020-05-14,LightGBM,1D,5,0.003918675203723,-0.002519104033477528,High
2020-05-15,LightGBM,1D,5,0.0310152087700734,-0.004297187758848625,High
2020-05-18,LightGBM,1D,5,-0.0105397477115992,-0.005312168542849224,High
2020-05-19,LightGBM,1D,5,0.0165139906134157,-0.0030904393279710795,High
2020-05-20,LightGBM,1D,5,-0.0078039683099536,-0.0047168231764535985,High
2020-05-21,LightGBM,1D,5,0.0023509456868123,-0.00498115284440601,High
2020-05-22,LightGBM,1D,5,0.0122142850214605,-0.005103817309938425,High
2020-05-26,LightGBM,1D,5,0.0147184474903143,-0.005572640975113041,High
2020-05-27,LightGBM,1D,5,-0.0021101393249195,-0.00537480365903987,High
2020-05-28,LightGBM,1D,5,0.0048007935523079,-0.005361108937693018,High
2020-05-29,LightGBM,1D,5,0.0037442164783643,-0.0056936859893360675,High
2020-06-01,LightGBM,1D,5,0.0081773072823986,-0.0037028497585247077,High
2020-06-02,LightGBM,1D,5,0.0135566708125639,-0.0050642181400436985,High
2020-06-03,LightGBM,1D,5,-0.0033743890836089,-0.005074689320217538,High
2020-06-04,LightGBM,1D,5,0.0258740128216358,-0.004953644305994511,High
2020-06-05,LightGBM,1D,5,0.011969656405806,-0.0017747119283417954,High
2020-06-08,LightGBM,1D,5,-0.0078297434197219,-0.001850670043053598,High
2020-06-09,LightGBM,1D,5,-0.005327255735182,-0.0014857665389520493,High
2020-06-10,LightGBM,1D,5,-0.0607526929962889,4.319595515748807e-05,High
2020-06-11,LightGBM,1D,5,0.0129762866052117,0.009370023311446356,High
2020-06-12,LightGBM,1D,5,0.0082778608181752,-0.0004022625108792987,High
2020-06-15,LightGBM,1D,5,0.0187848528667105,0.0005305450439259059,High
2020-06-16,LightGBM,1D,5,-0.0036067962326294,-0.0004795800082041434,High
2020-06-17,LightGBM,1D,5,0.0005940434038017,0.0013049803477607849,High
2020-06-18,LightGBM,1D,5,-0.0056655135656737,-0.002727112465039461,High
2020-06-19,LightGBM,1D,5,0.0064740932966583,-0.0009656827504257537,High
2020-06-22,LightGBM,1D,5,0.0042981691914837,0.0013001625913173212,High
2020-06-23,LightGBM,1D,5,-0.0261952655956623,0.00011097897429184281,High
2020-06-24,LightGBM,1D,5,0.0108998277282181,-0.0012478032405563002,High
2020-06-25,LightGBM,1D,5,-0.0245252042748311,0.0012932724263987811,High
2020-06-26,LightGBM,1D,5,0.0145788881135335,-0.0009267372456156928,High
2020-06-29,LightGBM,1D,5,0.0152923494357555,0.0002939543102272588,High
2020-06-30,LightGBM,1D,5,0.0050095639758705,0.0003407164161064877,High
2020-07-01,LightGBM,1D,5,0.0045309704768169,0.0003543662818965728,High
2020-07-02,LightGBM,1D,5,0.0157569308321632,0.00012306748931490734,High
2020-07-06,LightGBM,1D,5,-0.0108774778696435,7.11605575503233e-05,High
2020-07-07,LightGBM,1D,5,0.0077969862634302,0.00010050779411800362,High
2020-07-08,LightGBM,1D,5,-0.0056595914761946,0.00012306748931490734,High
2020-07-09,LightGBM,1D,5,0.010411809774443,0.00010050779411800362,High
2020-07-10,LightGBM,1D,5,-0.0094066452160588,0.0027453416424226655,High
2020-07-13,LightGBM,1D,5,0.0133173005829039,0.001088467787314811,High
2020-07-14,LightGBM,1D,5,0.009041056936355,0.0009484748220209924,High
2020-07-15,LightGBM,1D,5,-0.0034119152141152,0.00033120511785695596,High
2020-07-16,LightGBM,1D,5,0.0028445625875835,7.068994892934785e-05,High
2020-07-17,LightGBM,1D,5,0.0083717972551403,0.000385307960284098,High
2020-07-20,LightGBM,1D,5,0.00167762933456,0.000385307960284098,High
2020-07-21,LightGBM,1D,5,0.0057306305944738,0.0001280163325295027,High
2020-07-22,LightGBM,1D,5,-0.0123963784122468,0.0001247927913564899,High
2020-07-23,LightGBM,1D,5,-0.0062096400242761,0.0006116904064402873,High
2020-07-24,LightGBM,1D,5,0.0073679288214823,0.00013848751270334188,High
2020-07-27,LightGBM,1D,5,-0.0064944354186463,0.000385307960284098,Normal
2020-07-28,LightGBM,1D,5,0.0123517833517425,-0.0002880972551330999,Normal
2020-07-29,LightGBM,1D,5,-0.0037573017634548,1.7442498480318065e-05,Normal
2020-07-30,LightGBM,1D,5,0.0076412362421762,0.0006623762725595161,Normal
2020-07-31,LightGBM,1D,5,0.0071553626643586,0.00013848751270334188,Normal
2020-08-03,LightGBM,1D,5,0.0036054230261335,0.00011432161118265064,Normal
2020-08-04,LightGBM,1D,5,0.0064091604355179,0.0001247927913564899,Normal
2020-08-05,LightGBM,1D,5,0.0064071260206648,0.000385307960284098,Normal
2020-08-06,LightGBM,1D,5,0.0006328292699566,0.0001247927913564899,Normal
2020-08-07,LightGBM,1D,5,0.0027384652733919,0.0001247927913564899,Normal
2020-08-10,LightGBM,1D,5,-0.0080010554013772,0.0001247927913564899,Normal
2020-08-11,LightGBM,1D,5,0.0138995022936135,0.00013848751270334188,Normal
2020-08-12,LightGBM,1D,5,-0.0020492726761566,0.000385307960284098,Normal
2020-08-13,LightGBM,1D,5,-0.000171897396279,0.0001280163325295027,Normal
2020-08-14,LightGBM,1D,5,0.0027061775074234,0.0001247927913564899,Normal
2020-08-17,LightGBM,1D,5,0.0023007404198168,0.00013848751270334188,Normal
2020-08-18,LightGBM,1D,5,-0.004414123345182,0.0001247927913564899,Normal
2020-08-19,LightGBM,1D,5,0.0031536547683461,0.00013848751270334188,Normal
2020-08-20,LightGBM,1D,5,0.0034351999829724,0.0001247927913564899,Low
2020-08-21,LightGBM,1D,5,0.0099936153649035,0.0001247927913564899,Low
2020-08-24,LightGBM,1D,5,0.0035898997455401,0.0001247927913564899,Low
2020-08-25,LightGBM,1D,5,0.0101440013448414,0.00011432161118265064,Low
2020-08-26,LightGBM,1D,5,0.0016716460318091,0.0001247927913564899,Low
2020-08-27,LightGBM,1D,5,0.0067100028495702,0.0001280163325295027,Low
2020-08-28,LightGBM,1D,5,-0.0021973751755085,0.000385307960284098,Low
2020-08-31,LightGBM,1D,5,0.0074968314207059,0.0005727574679303379,Low
2020-09-01,LightGBM,1D,5,0.0152490501438697,0.0001247927913564899,Low
2020-09-02,LightGBM,1D,5,-0.0357575941421853,0.00011432161118265064,Low
2020-09-03,LightGBM,1D,5,-0.0081662807542751,9.404751390479715e-05,High
2020-09-04,LightGBM,1D,5,-0.0281488290864667,0.0012888451369752953,High
2020-09-08,LightGBM,1D,5,0.0199447606621803,0.0009922081502502132,High
2020-09-09,LightGBM,1D,5,-0.0177412459253955,0.0006462376540888947,High
2020-09-10,LightGBM,1D,5,0.0005329301580873,0.0008543506783048442,High
2020-09-11,LightGBM,1D,5,0.0126613350250229,-0.002139811767704577,High
2020-09-14,LightGBM,1D,5,0.0052057859304996,0.00025430941746959246,High
2020-09-15,LightGBM,1D,5,-0.0046296468921518,0.0009635224548373619,High
2020-09-16,LightGBM,1D,5,-0.0084479495285524,-0.0002253454567418637,High
2020-09-17,LightGBM,1D,5,-0.0112455769478285,0.0006603350344783825,High
2020-09-18,LightGBM,1D,5,-0.0116385640272977,-0.0004473486743357273,High
2020-09-21,LightGBM,1D,5,0.0104630163983761,7.139319595913694e-05,High
2020-09-22,LightGBM,1D,5,-0.0240073389143741,0.00036184530579319585,High
2020-09-23,LightGBM,1D,5,0.002983005554629,6.0922015785297735e-05,High
2020-09-24,LightGBM,1D,5,0.0158504392241884,5.769847461228497e-05,High
2020-09-25,LightGBM,1D,5,0.0159821918538544,2.147499083889261e-05,High
2020-09-28,LightGBM,1D,5,-0.0048242827044439,-0.00024951135826255515,High
2020-09-29,LightGBM,1D,5,0.0082198425683796,-0.00023581663691570292,High
2020-09-30,LightGBM,1D,5,0.005278949564295,-0.0001822352558854619,High
2020-10-01,LightGBM,1D,5,-0.0096238128663708,-0.00023581663691570292,High
2020-10-02,LightGBM,1D,5,0.0178131090029009,0.0005543640228401319,High
2020-10-05,LightGBM,1D,5,-0.0140720643875232,-0.0002826718403420189,High
2020-10-06,LightGBM,1D,5,0.0172471637702415,-0.0009260099223565111,High
2020-10-07,LightGBM,1D,5,0.0079782128948692,0.00034167629803079515,High
2020-10-08,LightGBM,1D,5,0.0087550951807528,0.0003748367801102588,High
2020-10-09,LightGBM,1D,5,0.0162825301583242,0.0003748367801102588,High
2020-10-12,LightGBM,1D,5,-0.0063268916291632,0.00011432161118265064,High
2020-10-13,LightGBM,1D,5,-0.0066451720840594,0.0009760348730923344,High
2020-10-14,LightGBM,1D,5,-0.001528923514213,0.00013848751270334188,High
2020-10-15,LightGBM,1D,5,0.0001349104566304,0.0001247927913564899,High
2020-10-16,LightGBM,1D,5,-0.0164646635149426,9.4855850450039e-05,High
2020-10-19,LightGBM,1D,5,0.0047161953200011,0.0009935637305110714,High
2020-10-20,LightGBM,1D,5,-0.0021981140115702,0.0010283299680476869,High
2020-10-21,LightGBM,1D,5,0.0052053540034913,0.0003775068162250642,High
2020-10-22,LightGBM,1D,5,0.0034398383203894,8.116112910318702e-05,High
2020-10-23,LightGBM,1D,5,-0.018764472985322,9.4855850450039e-05,High
2020-10-26,LightGBM,1D,5,-0.0030302053504455,0.0028759386720515895,High
2020-10-27,LightGBM,1D,5,-0.0359255421085777,0.0014434422593536317,High
2020-10-28,LightGBM,1D,5,0.0118765249399974,0.00026393461747375476,High
2020-10-29,LightGBM,1D,5,-0.0122037134452599,0.001680829381118497,High
2020-10-30,LightGBM,1D,5,0.0122429508905916,0.000927415472046951,High
2015-06-10,LightGBM,5D,1,-0.0022636326075193,0.0010367073842902357,Low
2015-06-11,LightGBM,5D,1,0.0058532506899613,0.0004301983952442201,Low
2015-06-12,LightGBM,5D,1,0.0075545101051144,0.0007963587063312871,Low
2015-06-15,LightGBM,5D,1,0.018264167708428,0.001596264926838131,Low
2015-06-16,LightGBM,5D,1,0.0132261036178678,0.0004257378437904732,Low
2015-06-17,LightGBM,5D,1,0.0038679535044897,0.0010367073842902357,Low
2015-06-18,LightGBM,5D,1,-0.0089640507061154,0.0004257378437904732,Low
2015-06-19,LightGBM,5D,1,-0.0040365912130882,0.0006392231575987536,Low
2015-06-22,LightGBM,5D,1,-0.031199928703242,0.0005431435150762708,Low
2015-06-23,LightGBM,5D,1,-0.029180632775968,0.0005964837021819899,Low
2015-06-24,LightGBM,5D,1,-0.0148880706230257,0.00042722925662798286,Low
2015-06-25,LightGBM,5D,1,-0.0122181366559759,0.003190895913799724,Low
2015-06-26,LightGBM,5D,1,-0.0156972136099509,0.0006188912851624416,Low
2015-06-29,LightGBM,5D,1,0.0114523164925293,0.0031955917397291284,Normal
2015-06-30,LightGBM,5D,1,-0.0079956107720796,0.004265545118788747,Normal
2015-07-01,LightGBM,5D,1,-0.0126480595618967,0.0029818711514451902,Normal
2015-07-02,LightGBM,5D,1,-7.700298734244507e-05,0.003190895913799724,Normal
2015-07-06,LightGBM,5D,1,0.0147974982189101,0.003190895913799724,Normal
2015-07-07,LightGBM,5D,1,0.0131782108615416,0.0004301983952442201,Normal
2015-07-08,LightGBM,5D,1,0.0292359194729459,0.00137869300699332,Normal
2015-07-09,LightGBM,5D,1,0.0349590052726014,0.0026341207903090016,Normal
2015-07-10,LightGBM,5D,1,0.0238015905120445,0.0006173150370564801,Normal
2015-07-13,LightGBM,5D,1,0.0135672586286908,-0.0006997864181995635,Normal
2015-07-14,LightGBM,5D,1,0.0048531891494675,0.0004257378437904732,Normal
2015-07-15,LightGBM,5D,1,0.0031978804300145,0.0005365213739112826,Normal
2015-07-16,LightGBM,5D,1,-0.0104770632258404,0.0005431435150762708,Normal
2015-07-17,LightGBM,5D,1,-0.0223436555469523,0.0003027948371173212,Normal
2015-07-20,LightGBM,5D,1,-0.0289063472360181,0.0004257378437904732,Normal
2015-07-21,LightGBM,5D,1,-0.0123254771914058,0.0002387450532599513,Normal
2015-07-22,LightGBM,5D,1,-0.0026427692438319,0.0006392231575987536,Normal
2015-07-23,LightGBM,5D,1,0.0030778078715698,0.003190895913799724,Normal
2015-07-24,LightGBM,5D,1,0.0115647247671792,0.004148496537979414,Normal
2015-07-27,LightGBM,5D,1,0.014595785887339,0.0048306710709464535,Normal
2015-07-28,LightGBM,5D,1,3.347291851688715e-05,0.003341769635074508,Normal
2015-07-29,LightGBM,5D,1,-0.004148831823376,0.0010367073842902357,Normal
2015-07-30,LightGBM,5D,1,-0.0119603946499605,-2.8096147976756543e-05,Normal
2015-07-31,LightGBM,5D,1,-0.0125653137052465,0.0006436837090525006,Normal
2015-08-03,LightGBM,5D,1,0.0029222158716832,0.0006392231575987536,Normal
2015-08-04,LightGBM,5D,1,-0.0044286096415662,0.0008497145937597147,Normal
2015-08-05,LightGBM,5D,1,-0.0065888441888422,0.0012628844540628467,Low
2015-08-06,LightGBM,5D,1,-8.167413466134306e-05,0.003458009684697483,Low
2015-08-07,LightGBM,5D,1,0.0067016809960354,0.0029506765908483023,Low
2015-08-10,LightGBM,5D,1,-0.0008272629265866,-2.8096147976756543e-05,Low
2015-08-11,LightGBM,5D,1,0.0061468188179625,0.0018661217572824725,Low
2015-08-12,LightGBM,5D,1,-0.0030919212298493,0.0021025538031729323,Low
2015-08-13,LightGBM,5D,1,-0.0231418558156142,0.000976729355696821,Low
2015-08-14,LightGBM,5D,1,-0.0594154306118518,0.0004257378437904732,Low
2015-08-17,LightGBM,5D,1,-0.1048247666677739,0.0010367073842902357,Low
2015-08-18,LightGBM,5D,1,-0.1158100334747966,0.0006436837090525006,Low
2015-08-19,LightGBM,5D,1,-0.0692295976306679,0.001741311322277697,Low
2015-08-20,LightGBM,5D,1,-0.0238963826868317,0.005241688136281218,Normal
2015-08-21,LightGBM,5D,1,0.0090814109919228,0.002158776379993877,High
2015-08-24,LightGBM,5D,1,0.0408657766744578,0.013453724497726666,High
2015-08-25,LightGBM,5D,1,0.0244573765746859,0.007296421191138075,High
2015-08-26,LightGBM,5D,1,0.0042937485633687,0.001968955092567104,High
2015-08-27,LightGBM,5D,1,-0.0185493902269022,-0.0005369054657442642,High
2015-08-28,LightGBM,5D,1,-0.0346062501380548,-0.002451440093368366,High
2015-08-31,LightGBM,5D,1,-0.0014055342770321,0.0005452223031902696,High
2015-09-01,LightGBM,5D,1,0.0146220797963109,0.001339335407760011,High
2015-09-02,LightGBM,5D,1,0.001758483818032,-0.0029308646034976772,High
2015-09-03,LightGBM,5D,1,0.0050713745635994,-0.0024535758860419646,High
2015-09-04,LightGBM,5D,1,0.0164216420948319,-0.0027162431963589978,High
2015-09-08,LightGBM,5D,1,0.0043976925292259,-0.0013725498444611022,High
2015-09-09,LightGBM,5D,1,0.0270604690136864,-0.004773916005347952,High
2015-09-10,LightGBM,5D,1,0.0192320491261907,-0.0023462233076291575,High
2015-09-11,LightGBM,5D,1,-0.001541188273179,-0.004928169732969878,High
2015-09-14,LightGBM,5D,1,0.0071122449835374,-0.004579001314962136,High
2015-09-15,LightGBM,5D,1,-0.0180323726672733,-0.004294701555775219,High
2015-09-16,LightGBM,5D,1,-0.028750857612243,-0.005727474920778624,High
2015-09-17,LightGBM,5D,1,-0.0295551650409894,-0.0036616181782707802,High
2015-09-18,LightGBM,5D,1,-0.0137248358878264,-0.0028225139398668883,High
2015-09-21,LightGBM,5D,1,-0.0442814390843083,-0.0020824091024190436,High
2015-09-22,LightGBM,5D,1,-0.0306544151519483,0.003954057411883213,High
2015-09-23,LightGBM,5D,1,-0.0097077723187892,0.004243435718267009,High
2015-09-24,LightGBM,5D,1,-0.0043671817691455,-0.0011900951392449794,High
2015-09-25,LightGBM,5D,1,0.0103125130484805,-0.0006941125056062633,High
2015-09-28,LightGBM,5D,1,0.0544383177297917,0.003756571456266372,High
2015-09-29,LightGBM,5D,1,0.0496115344726668,9.438128935690948e-05,High
2015-09-30,LightGBM,5D,1,0.0387191557266546,-0.0009555780730467243,High
2015-10-01,LightGBM,5D,1,0.0455269971928758,-0.0017573216637563128,High
2015-10-02,LightGBM,5D,1,0.0320380527369856,-8.396425212924748e-05,High
2015-10-05,LightGBM,5D,1,0.0151881236958162,-0.0016745134976514733,High
2015-10-06,LightGBM,5D,1,0.0119339893498324,-0.0017215319521978521,High
2015-10-07,LightGBM,5D,1,-0.0007969614196595,-0.0035883256476384284,High
2015-10-08,LightGBM,5D,1,0.005166809787137,-0.001487563203695016,High
2015-10-09,LightGBM,5D,1,0.0090020226003187,-0.0029099158552183734,High
2015-10-12,LightGBM,5D,1,0.0079978670668588,-0.0023348252631630994,High
2015-10-13,LightGBM,5D,1,0.0134245897010922,-0.0002832597774486782,High
2015-10-14,LightGBM,5D,1,0.0123095717018971,-0.0008781041481439008,High
2015-10-15,LightGBM,5D,1,0.014056867363136,0.00033832911303290433,High
2015-10-16,LightGBM,5D,1,0.020466759958482,0.00033832911303290433,High
2015-10-19,LightGBM,5D,1,0.0182813180135086,0.0007636291133050685,High
2015-10-20,LightGBM,5D,1,0.0171460332043147,0.0010270790462202054,Normal
2015-10-21,LightGBM,5D,1,0.0347589706035925,0.0008131015957537331,Normal
2015-10-22,LightGBM,5D,1,0.0178182482103378,0.0003442367660713126,High
2015-10-23,LightGBM,5D,1,0.0020268125528695,-0.0004898712711702593,High
2015-10-26,LightGBM,5D,1,0.0157456218927844,0.00048514304517752475,Normal
2015-10-27,LightGBM,5D,1,0.0210273606829396,0.0002771808720163534,Normal
2015-10-28,LightGBM,5D,1,0.0057052052551488,-0.0013169499269058342,Normal
2015-10-29,LightGBM,5D,1,0.0050222908793113,-0.0008631159351386046,Normal
2015-10-30,LightGBM,5D,1,0.009496090787713,0.0005359294590999503,Normal
2015-11-02,LightGBM,5D,1,-0.0121790762076041,-0.0005323428382385513,Normal
2015-11-03,LightGBM,5D,1,-0.0133939739792219,-0.0008631159351386046,Normal
2015-11-04,LightGBM,5D,1,-0.0130756143611437,0.0003938532144082315,Normal
2015-11-05,LightGBM,5D,1,-0.0260319879412781,0.0003938532144082315,Normal
2015-11-06,LightGBM,5D,1,-0.0369549465934099,0.0008476872061754618,Normal
2015-11-09,LightGBM,5D,1,-0.0122903531426731,0.003867127384638202,Normal
2015-11-10,LightGBM,5D,1,-0.0151400853143694,0.0032825135527594787,Normal
2015-11-11,LightGBM,5D,1,0.0041264518843719,0.0034268988053337145,Normal
2015-11-12,LightGBM,5D,1,0.0170918748920252,0.0036825456707871105,Normal
2015-11-13,LightGBM,5D,1,0.03216547060433,0.006161429485517344,Normal
2015-11-16,LightGBM,5D,1,0.0161365439684118,0.003223245639254312,Normal
2015-11-17,LightGBM,5D,1,0.018698070931619,0.003400750654683905,Normal
2015-11-18,LightGBM,5D,1,0.0025357004394796,0.0003903844493367236,Normal
2015-11-19,LightGBM,5D,1,0.0042528823279398,0.00022709721426886377,Normal
2015-11-20,LightGBM,5D,1,-0.004201873091828,-0.0008007118767289822,Normal
2015-11-23,LightGBM,5D,1,0.0076576896965952,0.0005005605566705602,Normal
2015-11-24,LightGBM,5D,1,-0.0046201528878142,-0.0005272485343272861,Normal
2015-11-25,LightGBM,5D,1,-0.0189688387169972,0.0004642593690029535,Normal
2015-11-27,LightGBM,5D,1,0.000755576087373,0.0005047213770203593,Normal
2015-11-30,LightGBM,5D,1,-0.0016066677334062,0.0006978748183923277,Normal
2015-12-01,LightGBM,5D,1,-0.0187416593057401,-0.00036019548530509006,Normal
2015-12-02,LightGBM,5D,1,-0.0154541530319839,0.0012501926980985165,Normal
2015-12-03,LightGBM,5D,1,0.0012725299907608,0.0046013043059930534,Normal
2015-12-04,LightGBM,5D,1,-0.0386591941289057,0.0009061455878198489,Normal
2015-12-07,LightGBM,5D,1,-0.0269008621044398,0.0012501926980985165,Normal
2015-12-08,LightGBM,5D,1,-0.0098272293729309,0.004827040341172241,Normal
2015-12-09,LightGBM,5D,1,0.0123524926435332,0.00384904733725825,Normal
2015-12-10,LightGBM,5D,1,-0.0050511405709378,0.0012510149532774654,Normal
2015-12-11,LightGBM,5D,1,-0.0033947678222293,0.005742047423923013,High
2015-12-14,LightGBM,5D,1,-0.0003907491591411,0.004426332899598507,Normal
2015-12-15,LightGBM,5D,1,-0.0021752336734865,0.002378845682787137,Normal
2015-12-16,LightGBM,5D,1,-0.004244272796704,0.0012966870766818839,High
2015-12-17,LightGBM,5D,1,0.009310588435309,0.002248469120934937,Normal
2015-12-18,LightGBM,5D,1,0.0250871469861096,-0.0003544651213114533,High
2015-12-21,LightGBM,5D,1,0.0279125044319764,0.00036475129597736606,High
2015-12-22,LightGBM,5D,1,0.0118910100566289,0.001711571456778133,High
2015-12-23,LightGBM,5D,1,-0.0099070715123927,0.0030287203277179348,High
2015-12-24,LightGBM,5D,1,-0.0237291979063353,0.0026356966524802004,High
2015-12-28,LightGBM,5D,1,-0.0195380573106694,0.0021218009108299237,High
2015-12-29,LightGBM,5D,1,-0.0433138844863185,0.0025996047214204322,High
2015-12-30,LightGBM,5D,1,-0.0600563022218847,0.002177402109259224,High
2015-12-31,LightGBM,5D,1,-0.0614973546262648,0.005187663716146684,High
2016-01-04,LightGBM,5D,1,-0.0452224045326363,0.005770753110955651,High
2016-01-05,LightGBM,5D,1,-0.0394600945542214,0.0052243544628543725,High
2016-01-06,LightGBM,5D,1,-0.0515403066295043,0.005913095130499296,High
2016-01-07,LightGBM,5D,1,-0.0109964291757757,0.009398923758190547,High
2016-01-08,LightGBM,5D,1,-0.0219346644280901,0.005903346060195709,High
2016-01-11,LightGBM,5D,1,-0.0222558925364839,0.0063886836388813645,High
2016-01-12,LightGBM,5D,1,-0.0417911726801569,0.00415059523364546,High
2016-01-13,LightGBM,5D,1,-0.0113268089662999,0.004608420431408007,High
2016-01-14,LightGBM,5D,1,-0.0078041430184702,0.003125989091585304,High
2016-01-15,LightGBM,5D,1,-0.0017299154931293,-0.0013638512018741436,High
2016-01-19,LightGBM,5D,1,0.0117836421498097,-0.0006023540982501614,High
2016-01-20,LightGBM,5D,1,0.0126234858751796,-0.0033019170631243696,High
2016-01-21,LightGBM,5D,1,0.0129548479568229,-0.0050767892444375995,High
2016-01-22,LightGBM,5D,1,0.0173327720691659,-0.0032372239228498087,High
2016-01-25,LightGBM,5D,1,0.0326509823964456,-0.004792298995957017,High
2016-01-26,LightGBM,5D,1,-0.0003152241521535,-0.0033736115298407554,High
2016-01-27,LightGBM,5D,1,0.0155873181699488,-0.005051246898708365,High
2016-01-28,LightGBM,5D,1,0.0115995357448807,-0.0038737303475938943,High
2016-01-29,LightGBM,5D,1,-0.0315132735260274,-0.0051084198358420764,High
2016-02-01,LightGBM,5D,1,-0.0453249966035429,-0.0061741498535971,High
2016-02-02,LightGBM,5D,1,-0.0270678685320718,-0.000176234800270964,High
2016-02-03,LightGBM,5D,1,-0.0322364566844068,-0.003359627871572921,High
2016-02-04,LightGBM,5D,1,-0.0461394723061865,-0.003875193700002728,High
2016-02-05,LightGBM,5D,1,-0.0081552988227887,-0.0007424107382758225,High
2016-02-08,LightGBM,5D,1,0.0224814968419535,0.003924628705822728,High
2016-02-09,LightGBM,5D,1,0.0394914481143551,0.00034950710943918703,High
2016-02-10,LightGBM,5D,1,0.0350037841211813,-0.001347280492378017,High
2016-02-11,LightGBM,5D,1,0.0473551981686357,-0.0008370516750811815,High
2016-02-12,LightGBM,5D,1,0.0423759140606659,-0.0006981047056763757,High
2016-02-16,LightGBM,5D,1,0.0134615987481924,-0.00536246519213739,High
2016-02-17,LightGBM,5D,1,0.001545448157183,-0.004841167606354175,High
2016-02-18,LightGBM,5D,1,0.0175064470115685,-0.0029519082942775815,High
2016-02-19,LightGBM,5D,1,0.0156606149638058,-0.00413027632070309,High
2016-02-22,LightGBM,5D,1,-0.0068442472268421,-0.004112457961645867,High
2016-02-23,LightGBM,5D,1,0.0292767157455651,-0.0024543861567058586,High
2016-02-24,LightGBM,5D,1,0.028932705572035,-0.0018766078134821436,High
2016-02-25,LightGBM,5D,1,0.0211409731619011,-0.004646973942653953,High
2016-02-26,LightGBM,5D,1,0.0263132783574074,-0.00216885367386859,High
2016-02-29,LightGBM,5D,1,0.0353520322498431,-0.004701057303907778,High
2016-03-01,LightGBM,5D,1,0.0004598907922181,-0.003680058520291776,High
2016-03-02,LightGBM,5D,1,0.0014136137139306,-0.0005579578312675082,High
2016-03-03,LightGBM,5D,1,-0.0019232278092637,-0.0014231149407785543,High
2016-03-04,LightGBM,5D,1,0.0110388779136459,-0.001066054429107083,High
2016-03-07,LightGBM,5D,1,0.00889248649617,-0.0005524553703083068,High
2016-03-08,LightGBM,5D,1,0.0183576116178584,0.00183190141064357,High
2016-03-09,LightGBM,5D,1,0.0189026667168239,0.0015443200062722055,High
2016-03-10,LightGBM,5D,1,0.0253204569882976,0.00183190141064357,High
2016-03-11,LightGBM,5D,1,0.0134538786504724,0.0009343749716965851,Normal
2016-03-14,LightGBM,5D,1,0.0157007391713767,-7.504008139981332e-05,Normal
2016-03-15,LightGBM,5D,1,0.0166615972089223,-0.0010710891051183844,Normal
2016-03-16,LightGBM,5D,1,0.0046703597964754,-0.0013169499269058342,Normal
2016-03-17,LightGBM,5D,1,-0.0022813650514975,-0.0008631159351386046,Normal
2016-03-18,LightGBM,5D,1,-0.0061322254144514,0.0003903844493367236,Normal
2016-03-21,LightGBM,5D,1,0.0016606947354934,-0.0005323428382385513,Normal
2016-03-22,LightGBM,5D,1,0.0068793476258319,-0.0009552403765325095,Normal
2016-03-23,LightGBM,5D,1,0.0112440147968782,0.0008476872061754618,Normal
2016-03-24,LightGBM,5D,1,0.0179331156428548,7.86267022612119e-05,Normal
2016-03-28,LightGBM,5D,1,0.0141745287089277,0.0007982854637636919,Normal
2016-03-29,LightGBM,5D,1,-0.004799781757104,-0.00034427083603274735,Normal
2016-03-30,LightGBM,5D,1,0.0013121361813431,-0.002022098004657025,Low
2016-03-31,LightGBM,5D,1,-0.008694095429041,0.0006198211164696322,Low
2016-04-01,LightGBM,5D,1,-0.0122223518910245,-0.000407987974528214,Low
2016-04-04,LightGBM,5D,1,-0.0117524177347737,0.0006198211164696322,Low
2016-04-05,LightGBM,5D,1,0.0080596345584107,0.0024037319651312615,Low
2016-04-06,LightGBM,5D,1,0.0075969063949554,0.0011083705791907828,Low
2016-04-07,LightGBM,5D,1,0.0198178927950928,0.0036436777724558568,Normal
2016-04-08,LightGBM,5D,1,0.0160504206143304,0.0031477598722029123,Normal
2016-04-11,LightGBM,5D,1,0.0253136921177322,0.0025229742576663924,Low
2016-04-12,LightGBM,5D,1,0.0187776761392088,0.00019219357794437924,Low
2016-04-13,LightGBM,5D,1,0.0095488614198854,0.00018773302649063235,Low
2016-04-14,LightGBM,5D,1,0.0041683861324609,0.000501095379963018,Low
2016-04-15,LightGBM,5D,1,0.0052010142881477,-0.00026461668442426473,Low
2016-04-18,LightGBM,5D,1,-0.0031324009464132,1.751918557837998e-05,Low
2016-04-19,LightGBM,5D,1,-0.0043411386750426,0.00014960448643092902,Low
2016-04-20,LightGBM,5D,1,-0.0034543996125304,3.2198815145131704e-05,Low
2016-04-21,LightGBM,5D,1,-0.0075204728168001,0.00030712382027042,Low
2016-04-22,LightGBM,5D,1,-0.0126442806268981,0.00024568412895341194,Low
2016-04-25,LightGBM,5D,1,-0.0030509843088911,0.0008566536694531749,Low
2016-04-26,LightGBM,5D,1,-0.0136364838715239,0.0006618569257528927,Low
2016-04-27,LightGBM,5D,1,-0.0212390606887432,0.001115690917520122,Low
2016-04-28,LightGBM,5D,1,-0.0122044613199757,0.002819516377692932,Low
2016-04-29,LightGBM,5D,1,-0.003958901535866,0.003071349445730878,Low
2016-05-02,LightGBM,5D,1,-0.0109852949255001,0.001115690917520122,Low
2016-05-03,LightGBM,5D,1,0.010135569698933,0.002951908985620654,Low
2016-05-04,LightGBM,5D,1,0.0064826295265367,0.003547658403069704,Low
2016-05-05,LightGBM,5D,1,0.0065521869513666,0.0028949298457573926,Low
2016-05-06,LightGBM,5D,1,-0.0051318577639383,0.0006431683556448945,Low
2016-05-09,LightGBM,5D,1,0.0038639053180645,0.0026769839804953654,Low
2016-05-10,LightGBM,5D,1,-0.0179983234701355,-0.00024126452725656449,Low
2016-05-11,LightGBM,5D,1,-0.0081856429058654,0.00026437269906141,Low
2016-05-12,LightGBM,5D,1,-0.0117297581606217,0.0009797011075965694,Low
2016-05-13,LightGBM,5D,1,0.0027861352239352,0.002185175632677615,Low
2016-05-16,LightGBM,5D,1,-0.0090504777337792,0.0003575078828823704,Low
2016-05-17,LightGBM,5D,1,0.0139940233523738,0.004181416754666466,Low
2016-05-18,LightGBM,5D,1,0.0207393953175558,0.0032929730894461304,Low
2016-05-19,LightGBM,5D,1,0.0242425237903479,0.003284008322948987,Low
2016-05-20,LightGBM,5D,1,0.0225187595069829,0.0004301983952442201,Low
2016-05-23,LightGBM,5D,1,0.0236006274544946,0.003284008322948987,Low
2016-05-24,LightGBM,5D,1,0.0111463885744306,0.0005091819284741062,Normal
2016-05-25,LightGBM,5D,1,0.0070165550898335,0.0005431435150762708,Normal
2016-05-26,LightGBM,5D,1,0.0043109589030671,0.0007566288288845512,Normal
2016-05-27,LightGBM,5D,1,0.0049185924829913,0.0005431435150762708,Normal
2016-05-31,LightGBM,5D,1,0.0072129767327786,-0.00032850657581875325,Normal
2016-06-01,LightGBM,5D,1,0.0093826800508072,0.0005507735053171167,Low
2016-06-02,LightGBM,5D,1,0.0048427482859273,0.0004257378437904732,Low
2016-06-03,LightGBM,5D,1,-0.0014587218875439,0.0006392231575987536,Low
2016-06-06,LightGBM,5D,1,-0.0144923491966169,0.0004257378437904732,Low
2016-06-07,LightGBM,5D,1,-0.0175814698977863,0.0004257378437904732,Low
2016-06-08,LightGBM,5D,1,-0.0227279809335513,-2.8096147976756543e-05,Low
2016-06-09,LightGBM,5D,1,-0.017880652224612,0.0006392231575987536,Low
2016-06-10,LightGBM,5D,1,-0.0119264039590548,0.001596264926838131,Low
2016-06-13,LightGBM,5D,1,0.0020132776090776,0.005432445135890526,Low
2016-06-14,LightGBM,5D,1,0.0065221732852592,0.0038480850225657824,Low
2016-06-15,LightGBM,5D,1,0.0067116533524935,0.004088304345517204,Low
2016-06-16,LightGBM,5D,1,0.016859127313403,0.0038748190317089235,Low
2016-06-17,LightGBM,5D,1,-0.0164583813475706,0.003041706734766183,Low
2016-06-20,LightGBM,5D,1,-0.0405120106376963,0.0008165999293169677,Low
2016-06-21,LightGBM,5D,1,-0.0256062796378182,0.0004257378437904732,Low
2016-06-22,LightGBM,5D,1,-0.0070641076699884,0.002087598843870468,Low
2016-06-23,LightGBM,5D,1,-0.0068658115924774,-0.0007759950817749241,Low
2016-06-24,LightGBM,5D,1,0.0316616875061371,0.0028808196228568336,Normal
2016-06-27,LightGBM,5D,1,0.0430529050322411,0.004232958337138224,Normal
2016-06-28,LightGBM,5D,1,0.0307774704864295,0.00523144422408706,High
2016-06-29,LightGBM,5D,1,0.0130162696284423,0.0026320191210438084,High
2016-06-30,LightGBM,5D,1,0.0146805930449686,0.0030514114682775643,High
2016-07-01,LightGBM,5D,1,0.016136706063935,0.001706308749168132,High
2016-07-05,LightGBM,5D,1,0.0299925773568792,0.0026364001729227747,High
2016-07-06,LightGBM,5D,1,0.0247886489735848,0.0025996047214204322,High
2016-07-07,LightGBM,5D,1,0.0309060296620149,0.002695684363942915,High
2016-07-08,LightGBM,5D,2,0.0148384640361515,-3.7543865715592085e-05,High
2016-07-11,LightGBM,5D,2,0.0138151065460218,-3.7543865715592085e-05,High
2016-07-12,LightGBM,5D,2,0.0053940597382608,-3.7543865715592085e-05,High
2016-07-13,LightGBM,5D,2,0.0095205093790432,0.00016194052926396117,High
2016-07-14,LightGBM,5D,2,0.0006560167208211,-3.7543865715592085e-05,High
2016-07-15,LightGBM,5D,2,0.0061290225702025,0.00016194052926396117,High
2016-07-18,LightGBM,5D,2,0.0007335420084042,-3.7543865715592085e-05,High
2016-07-19,LightGBM,5D,2,0.002492478669539,0.00016194052926396117,High
2016-07-20,LightGBM,5D,2,-0.0029679905930336,-3.7543865715592085e-05,High
2016-07-21,LightGBM,5D,2,0.0022559997115835,0.0014750057829846363,High
2016-07-22,LightGBM,5D,2,-0.0006576469602687,-3.7543865715592085e-05,High
2016-07-25,LightGBM,5D,2,0.0010877776321697,0.0008061530961950057,Normal
2016-07-26,LightGBM,5D,2,-0.0056168953412171,0.0011274906385572753,Normal
2016-07-27,LightGBM,5D,2,-0.0012885916783373,0.0011274906385572753,Low
2016-07-28,LightGBM,5D,2,-0.0026809628269407,0.0009280062435777214,Low
2016-07-29,LightGBM,5D,2,0.0042557543447815,0.0006066687012154527,Low
2016-08-01,LightGBM,5D,2,0.0046187712007311,0.0008061530961950057,Low
2016-08-02,LightGBM,5D,2,0.0113904299999548,0.003030837308029669,Low
2016-08-03,LightGBM,5D,2,0.0053925902203953,0.0009280062435777214,Low
2016-08-04,LightGBM,5D,2,0.0099034560233499,0.0006066687012154527,Low
2016-08-05,LightGBM,5D,2,0.0005403953470558,-3.7543865715592085e-05,Low
2016-08-08,LightGBM,5D,2,0.0042369889331191,0.00016194052926396117,Low
2016-08-09,LightGBM,5D,2,-0.0016468712699151,0.00016194052926396117,Low
2016-08-10,LightGBM,5D,2,0.0030887717997286,0.001035547211340172,Low
2016-08-11,LightGBM,5D,2,0.0005625583936675,-3.7543865715592085e-05,Low
2016-08-12,LightGBM,5D,2,-8.238778818661723e-05,0.0008061530961950057,Low
2016-08-15,LightGBM,5D,2,-0.0034348859660313,-3.7543865715592085e-05,Low
2016-08-16,LightGBM,5D,2,0.0040091234288084,0.0013832398718064476,Low
2016-08-17,LightGBM,5D,2,-0.0031117778370189,-3.7543865715592085e-05,Low
2016-08-18,LightGBM,5D,2,-0.0066751399300468,0.0006066687012154527,Low
2016-08-19,LightGBM,5D,2,-0.0068138945999919,0.0008061530961950057,Low
2016-08-22,LightGBM,5D,2,-0.0010359842879945,0.0010264717291956933,Low
2016-08-23,LightGBM,5D,2,-0.0049414428734789,0.00016194052926396117,Low
2016-08-24,LightGBM,5D,2,-0.0020660787193697,0.0014750057829846363,Low
2016-08-25,LightGBM,5D,2,-0.0007413037121357,0.003030837308029669,Low
2016-08-26,LightGBM,5D,2,0.0050310021256121,0.003030837308029669,Low
2016-08-29,LightGBM,5D,2,0.0027938160669431,0.0009280062435777214,Low
2016-08-30,LightGBM,5D,2,0.0046030115357724,0.002709499765667401,Low
2016-08-31,LightGBM,5D,2,0.0047562144488648,0.0011274906385572753,Low
2016-09-01,LightGBM,5D,2,-0.0200301425725601,0.0011274906385572753,Low
2016-09-02,LightGBM,5D,2,-0.0096519969381603,-3.7543865715592085e-05,Low
2016-09-06,LightGBM,5D,2,-0.0275709875863765,-3.7543865715592085e-05,Low
2016-09-07,LightGBM,5D,2,-0.028012441047896,-3.7543865715592085e-05,Low
2016-09-08,LightGBM,5D,2,-0.0157284364059858,0.00016194052926396117,Low
2016-09-09,LightGBM,5D,2,0.0053198782092784,0.003593506471541479,Low
2016-09-12,LightGBM,5D,2,-0.0092691122579805,0.0027354295350018386,Normal
2016-09-13,LightGBM,5D,2,0.0059717295044644,0.003272168929179211,Normal
2016-09-14,LightGBM,5D,2,0.0174175792379131,0.0035990677378846866,Normal
2016-09-15,LightGBM,5D,2,0.0138378147061153,0.0033740653699060384,Normal
2016-09-16,LightGBM,5D,2,0.0118639495419685,0.0010280174466319298,Normal
2016-09-19,LightGBM,5D,2,0.0032577026578772,0.003593506471541479,Normal
2016-09-20,LightGBM,5D,2,0.0093821043389412,0.000478417142384619,Normal
2016-09-21,LightGBM,5D,2,0.0038066806089478,-3.7543865715592085e-05,Normal
2016-09-22,LightGBM,5D,2,-0.0120371990387755,-3.7543865715592085e-05,Normal
2016-09-23,LightGBM,5D,2,0.0016524865089707,0.001035547211340172,Normal
2016-09-26,LightGBM,5D,2,0.0070113134453597,0.0011273131225183607,Normal
2016-09-27,LightGBM,5D,2,-0.0043800635063002,4.0880706814654984e-05,Normal
2016-09-28,LightGBM,5D,2,-0.0053751538787457,-3.7543865715592085e-05,Normal
2016-09-29,LightGBM,5D,2,0.00447141770394,0.0032522122225233244,Normal
2016-09-30,LightGBM,5D,2,-0.0067237623257017,0.0010064308161079685,Normal
2016-10-03,LightGBM,5D,2,0.0011375911731497,0.00016194052926396117,Normal
2016-10-04,LightGBM,5D,2,-0.0064191047382442,0.0017045774141687163,Normal
2016-10-05,LightGBM,5D,2,-0.0095606587630423,0.002831352913050115,Normal
2016-10-06,LightGBM,5D,2,-0.013146179027881,-3.7543865715592085e-05,Normal
2016-10-07,LightGBM,5D,2,-0.0096858074271456,0.003030837308029669,Normal
2016-10-10,LightGBM,5D,2,-0.0173237558563101,0.0009280062435777214,Normal
2016-10-11,LightGBM,5D,2,0.0013423274471444,0.002709499765667401,Low
2016-10-12,LightGBM,5D,2,0.0023859673960959,0.0034524899424362857,Low
2016-10-13,LightGBM,5D,2,0.0041133726769491,0.0033740653699060384,Low
2016-10-14,LightGBM,5D,2,0.0038276433776732,0.003593506471541479,Low
2016-10-17,LightGBM,5D,2,0.0116088561369409,0.003593506471541479,Low
2016-10-18,LightGBM,5D,2,0.0016623930665358,0.0009280062435777214,Low
2016-10-19,LightGBM,5D,2,-0.0022691070100018,0.0006066687012154527,Low
2016-10-20,LightGBM,5D,2,-0.0038836317846298,0.00016194052926396117,Low
2016-10-21,LightGBM,5D,2,-0.0069126267841001,-3.7543865715592085e-05,Low
2016-10-24,LightGBM,5D,2,-0.0117735053157261,-3.7543865715592085e-05,Low
2016-10-25,LightGBM,5D,2,-0.0147785669597547,0.0008061530961950057,Low
2016-10-26,LightGBM,5D,2,-0.0195835234920215,0.0009280062435777214,Low
2016-10-27,LightGBM,5D,2,-0.0210255406086221,0.0017045774141687163,Low
2016-10-28,LightGBM,5D,2,-0.0195799207406899,0.0030507940146855556,Low
2016-10-31,LightGBM,5D,2,0.0025225628729735,0.003593506471541479,Low
2016-11-01,LightGBM,5D,2,0.0130974603788661,0.003593506471541479,Low
2016-11-02,LightGBM,5D,2,0.0306604647119761,0.003593506471541479,Low
2016-11-03,LightGBM,5D,2,0.0370425234506808,0.003593506471541479,Low
2016-11-04,LightGBM,5D,2,0.0373111153745763,0.0033740653699060384,Low
2016-11-07,LightGBM,5D,2,0.0152154061879279,0.0009280062435777214,Normal
2016-11-08,LightGBM,5D,2,0.0189034828128601,-9.134591860856346e-06,Low
2016-11-09,LightGBM,5D,2,0.006303846410828,-3.7543865715592085e-05,Low
2016-11-10,LightGBM,5D,2,0.0090204700559304,0.00016194052926396117,Low
2016-11-11,LightGBM,5D,2,0.0080297470381797,-3.7543865715592085e-05,Low
2016-11-14,LightGBM,5D,2,0.0155789585662366,0.00016194052926396117,Low
2016-11-15,LightGBM,5D,2,0.0102890946477403,-3.7543865715592085e-05,Low
2016-11-16,LightGBM,5D,2,0.012680309327025,0.00016194052926396117,Low
2016-11-17,LightGBM,5D,2,0.0119215855792511,-3.7543865715592085e-05,Low
2016-11-18,LightGBM,5D,2,0.0090428476900643,0.00016194052926396117,Low
2016-11-21,LightGBM,5D,2,0.0029435479724523,-3.7543865715592085e-05,Normal
2016-11-22,LightGBM,5D,2,-0.001876473686297,-3.7543865715592085e-05,Normal
2016-11-23,LightGBM,5D,2,-0.0062058948099697,-3.7543865715592085e-05,Low
2016-11-25,LightGBM,5D,2,-0.0097157127033087,-3.7543865715592085e-05,Low
2016-11-28,LightGBM,5D,2,0.0013571034781701,0.001035547211340172,Normal
2016-11-29,LightGBM,5D,2,0.0034277855937826,-3.7543865715592085e-05,Low
2016-11-30,LightGBM,5D,2,0.0191620748936624,0.0008061530961950057,Low
2016-12-01,LightGBM,5D,2,0.0248408128772973,0.003030837308029669,Low
2016-12-02,LightGBM,5D,2,0.0303653036901823,0.0033740653699060384,Low
2016-12-05,LightGBM,5D,2,0.0234227944728392,0.0009280062435777214,Low
2016-12-06,LightGBM,5D,2,0.0265361932052016,-3.7543865715592085e-05,Low
2016-12-07,LightGBM,5D,2,0.0053085389986196,-3.7543865715592085e-05,Low
2016-12-08,LightGBM,5D,2,0.0070272316693024,-3.7543865715592085e-05,Low
2016-12-09,LightGBM,5D,2,-0.0006463436146477,-3.7543865715592085e-05,Low
2016-12-12,LightGBM,5D,2,0.0024649113911628,0.00016194052926396117,Low
2016-12-13,LightGBM,5D,2,-0.0004226594089212,-3.7543865715592085e-05,Low
2016-12-14,LightGBM,5D,2,0.0052672503282597,0.001035547211340172,Low
2016-12-15,LightGBM,5D,2,-0.0004731685816905,4.0880706814654984e-05,Low
2016-12-16,LightGBM,5D,2,0.0025299207043691,0.0013832398718064476,Low
2016-12-19,LightGBM,5D,2,0.0028025968937065,0.0009280062435777214,Low
2016-12-20,LightGBM,5D,2,-0.0092199562172178,0.0006066687012154527,Low
2016-12-21,LightGBM,5D,2,-0.0070529182244085,0.00016194052926396117,Low
2016-12-22,LightGBM,5D,2,-0.0098360416988662,0.0011274906385572753,Low
2016-12-23,LightGBM,5D,2,-0.0026362074807884,0.0009280062435777214,Low
2016-12-27,LightGBM,5D,2,0.0008239073852123,-3.7543865715592085e-05,Low
2016-12-28,LightGBM,5D,2,0.0084445804925025,0.0032522122225233244,Low
2016-12-29,LightGBM,5D,2,0.01224871740495,0.0030363985743728766,Low
2016-12-30,LightGBM,5D,2,0.0133416466302447,0.003573549764885592,Low
2017-01-03,LightGBM,5D,2,0.0048908798770876,0.0009280062435777214,Low
2017-01-04,LightGBM,5D,2,0.0020105584956402,0.0006066687012154527,Low
2017-01-05,LightGBM,5D,2,0.0006344137043918,-3.7543865715592085e-05,Low
2017-01-06,LightGBM,5D,2,-0.0010282440810405,-3.7543865715592085e-05,Low
2017-01-09,LightGBM,5D,2,-0.0004452530656993,0.00016194052926396117,Low
2017-01-10,LightGBM,5D,2,0.00131694740411,0.00016194052926396117,Low
2017-01-11,LightGBM,5D,2,-0.0051245326093112,0.0009280062435777214,Low
2017-01-12,LightGBM,5D,2,0.0003831638457182,0.0008061530961950057,Low
2017-01-13,LightGBM,5D,2,-0.0041587171954981,0.0009280062435777214,Low
2017-01-17,LightGBM,5D,2,0.0053563377896824,0.0008061530961950057,Low
2017-01-18,LightGBM,5D,2,0.0115881901158417,0.0009280062435777214,Low
2017-01-19,LightGBM,5D,2,0.014468372804898,0.002709499765667401,Low
2017-01-20,LightGBM,5D,2,0.0102409492538567,0.0009280062435777214,Low
2017-01-23,LightGBM,5D,2,0.0069070254038297,0.0008061530961950057,Low
2017-01-24,LightGBM,5D,2,-0.000526416733165,-3.7543865715592085e-05,Low
2017-01-25,LightGBM,5D,2,-0.0082221505410175,-3.7543865715592085e-05,Low
2017-01-26,LightGBM,5D,2,-0.0069163487670634,0.00016194052926396117,Low
2017-01-27,LightGBM,5D,2,0.0011889875772318,0.00016194052926396117,Low
2017-01-30,LightGBM,5D,2,0.0050990635596193,0.00025370644044214985,Low
2017-01-31,LightGBM,5D,2,0.0062161686314978,0.0009280062435777214,Low
2017-02-01,LightGBM,5D,2,0.0066109317919909,0.0034882022867763715,Low
2017-02-02,LightGBM,5D,2,0.0117768486892601,0.002831352913050115,Low
2017-02-03,LightGBM,5D,2,0.0080980586567157,0.0009280062435777214,Low
2017-02-06,LightGBM,5D,2,0.0154477897544361,0.00016194052926396117,Low
2017-02-07,LightGBM,5D,2,0.0192203134862629,0.00016194052926396117,Low
2017-02-08,LightGBM,5D,2,0.0235071200033878,-3.7543865715592085e-05,Low
2017-02-09,LightGBM,5D,2,0.0169065646658773,-3.7543865715592085e-05,Low
2017-02-10,LightGBM,5D,2,0.0150240071711055,-3.7543865715592085e-05,Low
2017-02-13,LightGBM,5D,2,0.0158217236071632,-3.7543865715592085e-05,Low
2017-02-14,LightGBM,5D,2,0.0107396102646865,-3.7543865715592085e-05,Low
2017-02-15,LightGBM,5D,2,0.0061786205702113,6.092161990238016e-05,Low
2017-02-16,LightGBM,5D,2,0.008535362403793,0.00016194052926396117,Low
2017-02-17,LightGBM,5D,2,0.0078756783442895,-3.7543865715592085e-05,Low
2017-02-21,LightGBM,5D,2,-0.0007358777909744,-3.7543865715592085e-05,Low
2017-02-22,LightGBM,5D,2,0.0139281194395549,-3.7543865715592085e-05,Low
2017-02-23,LightGBM,5D,2,0.0076321034961904,0.00016194052926396117,Low
2017-02-24,LightGBM,5D,2,0.0066436036326937,-3.7543865715592085e-05,Low
2017-02-27,LightGBM,5D,2,0.0023435156013942,-3.7543865715592085e-05,Low
2017-02-28,LightGBM,5D,2,0.0020075958144993,0.0011274906385572753,Low
2017-03-01,LightGBM,5D,2,-0.0138604432332898,-3.7543865715592085e-05,Low
2017-03-02,LightGBM,5D,2,-0.0071837506484183,0.0010280174466319298,Low
2017-03-03,LightGBM,5D,2,-0.0044241613110946,-3.7543865715592085e-05,Low
2017-03-06,LightGBM,5D,2,-0.0007749729283591,0.0011274906385572753,Low
2017-03-07,LightGBM,5D,2,-0.0012420960071603,0.0011274906385572753,Low
2017-03-08,LightGBM,5D,2,0.0093846110815899,0.003573549764885592,Low
2017-03-09,LightGBM,5D,2,0.0069570006696399,0.002831352913050115,Low
2017-03-10,LightGBM,5D,2,0.00237848169955,0.001119960873849033,Low
2017-03-13,LightGBM,5D,2,0.0,0.0006066687012154527,Low
2017-03-14,LightGBM,5D,2,-0.0091008456092111,0.0012192565497354637,Low
2017-03-15,LightGBM,5D,2,-0.0155526218864349,-3.7543865715592085e-05,Low
2017-03-16,LightGBM,5D,2,-0.0149854192320813,0.00016194052926396117,Low
2017-03-17,LightGBM,5D,2,-0.0145145921817883,0.0011274906385572753,Low
2017-03-20,LightGBM,5D,2,-0.0135227836872537,0.0011274906385572753,Low
2017-03-21,LightGBM,5D,2,0.0061881197324724,0.003573549764885592,Low
2017-03-22,LightGBM,5D,2,0.00538475308884,0.0034524899424362857,Low
2017-03-23,LightGBM,5D,2,0.0093763961453749,0.0032522122225233244,Low
2017-03-24,LightGBM,5D,2,0.0079631544210467,0.003573549764885592,Low
2017-03-27,LightGBM,5D,2,0.007339786698879,0.0033740653699060384,Low
2017-03-28,LightGBM,5D,2,0.0006738439439163,-3.7543865715592085e-05,Low
2017-03-29,LightGBM,5D,2,-0.003470429071436,-3.7543865715592085e-05,Low
2017-03-30,LightGBM,5D,2,-0.0044735896894059,-3.7543865715592085e-05,Low
2017-03-31,LightGBM,5D,2,-0.003043468214084,0.00016194052926396117,Low
2017-04-03,LightGBM,5D,2,-0.0007125427702875,0.00016194052926396117,Low
2017-04-04,LightGBM,5D,2,-0.002706817136907,0.0009280062435777214,Low
2017-04-05,LightGBM,5D,2,-0.0034143177443718,0.001796343325346905,Low
2017-04-06,LightGBM,5D,2,-0.012179988327911,0.0009280062435777214,Low
2017-04-07,LightGBM,5D,2,-0.002776050173859,0.0008061530961950057,Low
2017-04-10,LightGBM,5D,2,-0.0063711031554755,0.0012192565497354637,Low
2017-04-11,LightGBM,5D,2,-0.0066540202603857,0.0011274906385572753,Low
2017-04-12,LightGBM,5D,2,0.004641867521575,0.0011474473452131623,Low
2017-04-13,LightGBM,5D,2,0.0084401997042637,0.003593506471541479,Low
2017-04-17,LightGBM,5D,2,0.0106454706012683,0.0009280062435777214,Low
2017-04-18,LightGBM,5D,2,0.0196252876588527,0.002709499765667401,Low
2017-04-19,LightGBM,5D,2,0.020857291580034,0.003030837308029669,Low
2017-04-20,LightGBM,5D,2,0.0138812082173594,-3.7543865715592085e-05,Low
2017-04-21,LightGBM,5D,2,0.0150059168529848,0.00016194052926396117,Low
2017-04-24,LightGBM,5D,2,0.0059549720917668,-3.7543865715592085e-05,Low
2017-04-25,LightGBM,5D,2,0.0010711014658271,-3.7543865715592085e-05,Low
2017-04-26,LightGBM,5D,2,0.0002847535456871,0.00016194052926396117,Low
2017-04-27,LightGBM,5D,2,0.0003139198332574,0.00016194052926396117,Low
2017-04-28,LightGBM,5D,2,0.0063092587122258,0.001035547211340172,Low
2017-05-01,LightGBM,5D,2,0.00461591215724,0.00015441076455571887,Low
2017-05-02,LightGBM,5D,2,0.0024017940146353,0.0008061530961950057,Low
2017-05-03,LightGBM,5D,2,0.0048039261279122,0.0009280062435777214,Low
2017-05-04,LightGBM,5D,2,0.0020568414659359,0.0011274906385572753,Low
2017-05-05,LightGBM,5D,2,-0.0035030532823366,-3.7543865715592085e-05,Low
2017-05-08,LightGBM,5D,2,0.0012246437487705,0.00015441076455571887,Low
2017-05-09,LightGBM,5D,2,0.0015632852685779,0.0011274906385572753,Low
2017-05-10,LightGBM,5D,2,-0.0179121456199867,-3.7543865715592085e-05,Low
2017-05-11,LightGBM,5D,2,-0.012066955618664,0.0011274906385572753,Low
2017-05-12,LightGBM,5D,2,-0.0038427170696693,0.0011274906385572753,Low
2017-05-15,LightGBM,5D,2,-0.0034609960766761,0.0009280062435777214,Low
2017-05-16,LightGBM,5D,2,-0.0009376778673096,0.0008061530961950057,Low
2017-05-17,LightGBM,5D,2,0.0198938241083818,0.003593506471541479,Low
2017-05-18,LightGBM,5D,2,0.0206458975231438,0.0034524899424362857,Low
2017-05-19,LightGBM,5D,2,0.0142116961002456,0.0006066687012154527,Low
2017-05-22,LightGBM,5D,2,0.0078594820747036,0.0006066687012154527,Low
2017-05-23,LightGBM,5D,2,0.0055632222823716,0.0006066687012154527,Low
2017-05-24,LightGBM,5D,2,0.0106197840626428,-3.7543865715592085e-05,Low
2017-05-25,LightGBM,5D,2,0.0098885466387106,-3.7543865715592085e-05,Low
2017-05-26,LightGBM,5D,2,0.0083596377129795,-3.7543865715592085e-05,Low
2017-05-30,LightGBM,5D,2,0.0067820797763092,-3.7543865715592085e-05,Low
2017-05-31,LightGBM,5D,2,0.0088091831926082,0.00016194052926396117,Low
2017-06-01,LightGBM,5D,2,0.0015337566434255,-3.7543865715592085e-05,Low
2017-06-02,LightGBM,5D,2,-0.0029974518408077,-3.7543865715592085e-05,Low
2017-06-05,LightGBM,5D,2,-0.0027582871800972,0.00016194052926396117,Low
2017-06-06,LightGBM,5D,2,0.0045259803293369,0.00016194052926396117,Low
2017-06-07,LightGBM,5D,2,0.001962624567672,-3.7543865715592085e-05,Low
2017-06-08,LightGBM,5D,2,-0.0005466542648332,0.0008061530961950057,Low
2017-06-09,LightGBM,5D,2,0.0005672787514136,0.0011274906385572753,Low
2017-06-12,LightGBM,5D,2,0.0098591044380257,0.0009280062435777214,Low
2017-06-13,LightGBM,5D,2,-0.001361414852136,-3.7543865715592085e-05,Low
2017-06-14,LightGBM,5D,2,-0.00094790208009,0.0008061530961950057,Low
2017-06-15,LightGBM,5D,2,0.0008383217443122,0.0009280062435777214,Low
2017-06-16,LightGBM,5D,2,0.0021144211496616,0.0009280062435777214,Low
2017-06-19,LightGBM,5D,2,-0.0058824101175,-3.7543865715592085e-05,Low
2017-06-20,LightGBM,5D,2,-0.007268836246241,0.0013832398718064476,Low
2017-06-21,LightGBM,5D,2,0.0020834795935815,0.0011274906385572753,Low
2017-06-22,LightGBM,5D,2,-0.0060978512781217,0.0011274906385572753,Low
2017-06-23,LightGBM,5D,2,-0.0061254922226571,0.0009280062435777214,Low
2017-06-26,LightGBM,5D,2,-0.0041330761832419,0.002709499765667401,Low
2017-06-27,LightGBM,5D,2,0.0054247344287195,0.003030837308029669,Low
2017-06-28,LightGBM,5D,2,-0.0127577545246977,0.0010064308161079685,Low
2017-06-29,LightGBM,5D,2,0.0022621748890593,0.002709499765667401,Low
2017-06-30,LightGBM,5D,2,0.0016574533816982,0.0030363985743728766,Low
2017-07-03,LightGBM,5D,2,-0.0014337016635313,0.0008061530961950057,Low
2017-07-05,LightGBM,5D,2,0.0043931252480014,-3.7543865715592085e-05,Low
2017-07-06,LightGBM,5D,2,0.0156789420283407,0.0032522122225233244,Low
2017-07-07,LightGBM,5D,2,0.0139588456287342,0.0010064308161079685,Low
2017-07-10,LightGBM,5D,2,0.0129785952885148,0.0006066687012154527,Low
2017-07-11,LightGBM,5D,2,0.0143592610527079,0.0011274906385572753,Low
2017-07-12,LightGBM,5D,2,0.0124384683209401,-3.7543865715592085e-05,Low
2017-07-13,LightGBM,5D,2,0.0104119677588599,-3.7543865715592085e-05,Low
2017-07-14,LightGBM,5D,2,0.0053814122596416,-3.7543865715592085e-05,Low
2017-07-17,LightGBM,5D,2,0.0043700255009398,0.00016194052926396117,Low
2017-07-18,LightGBM,5D,2,0.0066912543227269,-3.7543865715592085e-05,Low
2017-07-19,LightGBM,5D,2,0.0016156201127928,-3.7543865715592085e-05,Low
2017-07-20,LightGBM,5D,2,0.000796129564006,0.00016194052926396117,Low
2017-07-21,LightGBM,5D,2,-0.000177946784901,-3.7543865715592085e-05,Low
2017-07-24,LightGBM,5D,2,0.0001579433759479,0.00016194052926396117,Low
2017-07-25,LightGBM,5D,2,-0.0003148433690117,0.00016194052926396117,Low
2017-07-26,LightGBM,5D,2,-0.0001049399677836,0.0008061530961950057,Low
2017-07-27,LightGBM,5D,2,-0.0013178201653356,0.0011274906385572753,Low
2017-07-28,LightGBM,5D,2,0.0019115169303198,0.0009280062435777214,Low
2017-07-31,LightGBM,5D,2,0.0042857724091601,0.0011274906385572753,Low
2017-08-01,LightGBM,5D,2,-0.0005777005961637,0.0011274906385572753,Low
2017-08-02,LightGBM,5D,2,-0.0014339027962235,0.0008061530961950057,Low
2017-08-03,LightGBM,5D,2,-0.0138280793620194,0.0011274906385572753,Low
2017-08-04,LightGBM,5D,2,-0.0144406436515716,0.0011274906385572753,Low
2017-08-07,LightGBM,5D,3,-0.0060928370498025,1.66134260058446e-05,Low
2017-08-08,LightGBM,5D,3,-0.0041744171463007,0.0009177929329659954,Low
2017-08-09,LightGBM,5D,3,-0.002391646830256,0.0007041580666873829,Low
2017-08-10,LightGBM,5D,3,-0.0033687709167059,0.0037652606891360116,Low
2017-08-11,LightGBM,5D,3,-0.0064805817060451,0.003762814577551002,Low
2017-08-14,LightGBM,5D,3,-0.0153122572375284,0.0019259033079226393,Low
2017-08-15,LightGBM,5D,3,-0.0049216296500197,0.0006831195926578803,Low
2017-08-16,LightGBM,5D,3,-0.009800295305991,0.0009044914610057495,Low
2017-08-17,LightGBM,5D,3,0.0036804304340618,0.0015473980355631823,Low
2017-08-18,LightGBM,5D,3,0.0071889557643515,0.0032620395779791094,Low
2017-08-21,LightGBM,5D,3,0.0065139335230812,0.0035338279614047854,Low
2017-08-22,LightGBM,5D,3,-0.0025352949755339,0.0021472751762705035,Low
2017-08-23,LightGBM,5D,3,0.005528806945166,0.00352326913360876,Low
2017-08-24,LightGBM,5D,3,0.0133100972770179,0.0010156080566661892,Low
2017-08-25,LightGBM,5D,3,0.0136192036504155,0.00021694682032421126,Low
2017-08-28,LightGBM,5D,3,0.0055527916249745,0.00021694682032421126,Low
2017-08-29,LightGBM,5D,3,0.0078341673561089,0.0007041580666873829,Low
2017-08-30,LightGBM,5D,3,0.0030511835231943,1.66134260058446e-05,Low
2017-08-31,LightGBM,5D,3,-0.004143450204977,1.66134260058446e-05,Low
2017-09-01,LightGBM,5D,3,0.0046569469498348,1.66134260058446e-05,Low
2017-09-05,LightGBM,5D,3,0.0155947080968629,0.001271710812007638,Low
2017-09-06,LightGBM,5D,3,0.0132276998518014,1.66134260058446e-05,Low
2017-09-07,LightGBM,5D,3,0.0123048280458272,0.00021694682032421126,Low
2017-09-08,LightGBM,5D,3,0.0156402657354442,0.0009149711072392278,Low
2017-09-11,LightGBM,5D,3,0.0063141524674265,1.66134260058446e-05,Low
2017-09-12,LightGBM,5D,3,0.0040654294892745,1.66134260058446e-05,Low
2017-09-13,LightGBM,5D,3,0.0039427419435017,1.66134260058446e-05,Low
2017-09-14,LightGBM,5D,3,0.0019934998474148,1.66134260058446e-05,Low
2017-09-15,LightGBM,5D,3,0.0007956062964223,1.66134260058446e-05,Low
2017-09-18,LightGBM,5D,3,-0.0028837783325608,1.66134260058446e-05,Low
2017-09-19,LightGBM,5D,3,-0.0039211938233972,0.00021694682032421126,Low
2017-09-20,LightGBM,5D,3,-0.0004785181237189,1.66134260058446e-05,Low
2017-09-21,LightGBM,5D,3,0.0037759384521338,0.0009044914610057495,Low
2017-09-22,LightGBM,5D,3,0.0068266175254656,0.0007041580666873829,Low
2017-09-25,LightGBM,5D,3,0.0129176590550319,0.0009149711072392278,Low
2017-09-26,LightGBM,5D,3,0.0150020061137978,0.0009044914610057495,Low
2017-09-27,LightGBM,5D,3,0.0121711273729236,0.0007041580666873829,Low
2017-09-28,LightGBM,5D,3,0.0165981407752782,1.66134260058446e-05,Low
2017-09-29,LightGBM,5D,3,0.0118256665415398,1.66134260058446e-05,Low
2017-10-02,LightGBM,5D,3,0.0061530838438138,1.66134260058446e-05,Low
2017-10-03,LightGBM,5D,3,0.0063162922896308,1.66134260058446e-05,Low
2017-10-04,LightGBM,5D,3,0.0068722315581807,1.66134260058446e-05,Low
2017-10-05,LightGBM,5D,3,-0.0004468495934632,1.66134260058446e-05,Low
2017-10-06,LightGBM,5D,3,0.0015050835766228,1.66134260058446e-05,Low
2017-10-09,LightGBM,5D,3,0.005060369976942,0.00022742646655768937,Low
2017-10-10,LightGBM,5D,3,0.0034130032518981,0.00021694682032421126,Low
2017-10-11,LightGBM,5D,3,0.0023531798335641,1.66134260058446e-05,Low
2017-10-12,LightGBM,5D,3,0.004369301068926,0.0006831195926578803,Low
2017-10-13,LightGBM,5D,3,0.0085953752491101,0.0009044914610057495,Low
2017-10-16,LightGBM,5D,3,0.0028657574038072,1.66134260058446e-05,Low
2017-10-17,LightGBM,5D,3,0.0038100053729312,1.66134260058446e-05,Low
2017-10-18,LightGBM,5D,3,-0.0016060098256582,0.0009044914610057495,Low
2017-10-19,LightGBM,5D,3,-0.0006638146900663,1.66134260058446e-05,Low
2017-10-20,LightGBM,5D,3,0.0022729991046303,1.66134260058446e-05,Low
2017-10-23,LightGBM,5D,3,0.0030558170408866,0.0012502813969743041,Low
2017-10-24,LightGBM,5D,3,0.002383229103008,0.00021694682032421126,Low
2017-10-25,LightGBM,5D,3,0.0086480288981718,0.0012706755930423515,Low
2017-10-26,LightGBM,5D,3,0.0075678374172363,0.0009044914610057495,Low
2017-10-27,LightGBM,5D,3,0.0026195167638237,0.0007116296115124228,Low
2017-10-30,LightGBM,5D,3,0.0070875380253408,0.00022742646655768937,Low
2017-10-31,LightGBM,5D,3,0.0059544042835794,0.0009044914610057495,Low
2017-11-01,LightGBM,5D,3,0.005806174107736,0.00021694682032421126,Low
2017-11-02,LightGBM,5D,3,0.001847244998699,0.00021694682032421126,Low
2017-11-03,LightGBM,5D,3,-0.002143091303669,0.0007041580666873829,Low
2017-11-06,LightGBM,5D,3,-0.0024303842771522,1.66134260058446e-05,Low
2017-11-07,LightGBM,5D,3,-0.0045535440323522,0.00022742646655768937,Low
2017-11-08,LightGBM,5D,3,-0.0115371567065363,1.66134260058446e-05,Low
2017-11-09,LightGBM,5D,3,0.0003944774158062,0.0006935992388913586,Low
2017-11-10,LightGBM,5D,3,-0.0013368925870375,0.0007041580666873829,Low
2017-11-13,LightGBM,5D,3,-0.0010451736095404,0.0007041580666873829,Low
2017-11-14,LightGBM,5D,3,0.007786945830494,0.0007041580666873829,Low
2017-11-15,LightGBM,5D,3,0.0125774018692881,0.0037446410019566292,Low
2017-11-16,LightGBM,5D,3,0.0064687333645478,0.0007041580666873829,Low
2017-11-17,LightGBM,5D,3,0.0087138187566419,0.0006831195926578803,Low
2017-11-20,LightGBM,5D,3,0.0172392810646454,0.0007041580666873829,Low
2017-11-21,LightGBM,5D,3,0.010350148302102,1.66134260058446e-05,Low
2017-11-22,LightGBM,5D,3,0.0192582776682427,0.00021694682032421126,Low
2017-11-24,LightGBM,5D,3,0.0151777104542054,1.66134260058446e-05,Low
2017-11-27,LightGBM,5D,3,0.0145093314917221,0.00021694682032421126,Low
2017-11-28,LightGBM,5D,3,0.0009626087689731,1.66134260058446e-05,Low
2017-11-29,LightGBM,5D,3,0.0012177904812336,0.00022742646655768937,Low
2017-11-30,LightGBM,5D,3,-0.0040117291714681,1.66134260058446e-05,Low
2017-12-01,LightGBM,5D,3,0.0035060557998552,0.00021694682032421126,Low
2017-12-04,LightGBM,5D,3,0.0077556084708376,0.0010156080566661892,Low
2017-12-05,LightGBM,5D,3,0.0130497227188825,0.0014920474613902208,Low
2017-12-06,LightGBM,5D,3,0.0126907659192625,0.0007041580666873829,Low
2017-12-07,LightGBM,5D,3,0.0056835311783907,0.0007041580666873829,Low
2017-12-08,LightGBM,5D,3,0.0091266425530152,1.66134260058446e-05,Low
2017-12-11,LightGBM,5D,3,0.0112782790109169,1.66134260058446e-05,Low
2017-12-12,LightGBM,5D,3,0.006495057245709,1.66134260058446e-05,Low
2017-12-13,LightGBM,5D,3,0.0061398901422865,0.00021694682032421126,Low
2017-12-14,LightGBM,5D,3,0.0122027448857075,0.0010260877028996677,Low
2017-12-15,LightGBM,5D,3,0.002810159837451,1.66134260058446e-05,Low
2017-12-18,LightGBM,5D,3,-0.0035972944422051,1.66134260058446e-05,Low
2017-12-19,LightGBM,5D,3,0.0004288319111557,0.0010260877028996677,Low
2017-12-20,LightGBM,5D,3,0.0030893869876478,0.0010156080566661892,Low
2017-12-21,LightGBM,5D,3,-0.0040909323177587,1.66134260058446e-05,Low
2017-12-22,LightGBM,5D,3,0.0046364175387529,0.00021694682032421126,Low
2017-12-26,LightGBM,5D,3,0.0120738264827477,0.0007041580666873829,Low
2017-12-27,LightGBM,5D,3,0.0153037410278324,0.0009044914610057495,Low
2017-12-28,LightGBM,5D,3,0.0204805679134982,1.66134260058446e-05,Low
2017-12-29,LightGBM,5D,3,0.0273381639735433,0.0015053489333504665,Low
2018-01-02,LightGBM,5D,3,0.0203711692724436,1.66134260058446e-05,Low
2018-01-03,LightGBM,5D,3,0.0128798902169869,1.66134260058446e-05,Low
2018-01-04,LightGBM,5D,3,0.0158683731305417,1.66134260058446e-05,Low
2018-01-05,LightGBM,5D,3,0.0155861536410508,1.66134260058446e-05,Low
2018-01-08,LightGBM,5D,3,0.0103944766121511,1.66134260058446e-05,Low
2018-01-09,LightGBM,5D,3,0.018463399301355,0.00022742646655768937,Low
2018-01-10,LightGBM,5D,3,0.0179585476154019,1.66134260058446e-05,Low
2018-01-11,LightGBM,5D,3,0.0153251698335101,1.66134260058446e-05,Low
2018-01-12,LightGBM,5D,3,0.0166326078166292,1.66134260058446e-05,Low
2018-01-16,LightGBM,5D,3,0.022335326046454,0.0012502813969743041,Low
2018-01-17,LightGBM,5D,3,0.0124041872927199,1.66134260058446e-05,Low
2018-01-18,LightGBM,5D,3,0.0146243241890266,0.00022742646655768937,Low
2018-01-19,LightGBM,5D,3,0.0220203143081206,1.66134260058446e-05,Low
2018-01-22,LightGBM,5D,3,0.0072312136410444,1.66134260058446e-05,Low
2018-01-23,LightGBM,5D,3,-0.0058994341325149,1.66134260058446e-05,Low
2018-01-24,LightGBM,5D,3,-0.0048504357265881,0.00022742646655768937,Low
2018-01-25,LightGBM,5D,3,-0.0061011734774444,0.00021694682032421126,Low
2018-01-26,LightGBM,5D,3,-0.0393094921002275,1.66134260058446e-05,Low
2018-01-29,LightGBM,5D,3,-0.0743972967537459,0.001271710812007638,Low
2018-01-30,LightGBM,5D,3,-0.0461480805994716,0.0032265851510523314,Low
2018-01-31,LightGBM,5D,3,-0.051651084681919,0.0032620395779791094,Low
2018-02-01,LightGBM,5D,3,-0.0892618385756973,0.0030157721105004876,Low
2018-02-02,LightGBM,5D,3,-0.0529995128594741,0.0037652606891360116,Normal
2018-02-05,LightGBM,5D,3,0.0026616937570934,0.00377329422378448,High
2018-02-06,LightGBM,5D,3,-0.012019357611566,0.0026250185291492004,High
2018-02-07,LightGBM,5D,3,0.0063082204210834,0.003533409174554664,High
2018-02-08,LightGBM,5D,3,0.0565641344436604,0.0037652606891360116,High
2018-02-09,LightGBM,5D,3,0.0421118888940577,0.0034562781432751007,High
2018-02-12,LightGBM,5D,3,0.0224347061090342,2.408497083088455e-05,High
2018-02-13,LightGBM,5D,3,0.0143135196454458,0.003312456093056916,High
2018-02-14,LightGBM,5D,3,0.0019731573221267,2.4852507930421923e-05,High
2018-02-15,LightGBM,5D,3,0.0058775737904723,1.66134260058446e-05,High
2018-02-16,LightGBM,5D,3,0.0171926127611782,1.66134260058446e-05,High
2018-02-20,LightGBM,5D,3,0.010262818426548,0.00024804615373707193,High
2018-02-21,LightGBM,5D,3,0.0046166768262027,0.0010362277438455713,High
2018-02-22,LightGBM,5D,3,-0.0097703665142515,0.0009251111481851314,High
2018-02-23,LightGBM,5D,3,-0.020612859274174,2.408497083088455e-05,High
2018-02-26,LightGBM,5D,3,-0.0213296802842749,1.66134260058446e-05,High
2018-02-27,LightGBM,5D,3,-0.0059059859108106,0.00129233049918702,High
2018-02-28,LightGBM,5D,3,0.0047678283471291,0.0010926414632393057,High
2018-03-01,LightGBM,5D,3,0.0226349424108902,0.00377329422378448,High
2018-03-02,LightGBM,5D,3,0.0348057036668992,0.003513414335210432,High
2018-03-05,LightGBM,5D,3,0.0225592887183742,0.003312456093056916,High
2018-03-06,LightGBM,5D,3,0.0135399953720628,0.003015353323650366,High
2018-03-07,LightGBM,5D,3,0.0082830173725903,1.66134260058446e-05,High
2018-03-08,LightGBM,5D,3,0.0030476327646091,1.66134260058446e-05,High
2018-03-09,LightGBM,5D,3,-0.0124799160293667,2.408497083088455e-05,Normal
2018-03-12,LightGBM,5D,3,-0.0255111592327417,0.00024804615373707193,Normal
2018-03-13,LightGBM,5D,3,-0.0176465401567079,0.0010467073900790498,Normal
2018-03-14,LightGBM,5D,3,-0.0137512624571486,0.0010467073900790498,Normal
2018-03-15,LightGBM,5D,3,-0.0384539130309065,0.00023756650750359295,Normal
2018-03-16,LightGBM,5D,3,-0.0613457182898889,0.0035338279614047854,Normal
2018-03-19,LightGBM,5D,3,-0.0202446370424801,0.003543888820788142,Normal
2018-03-20,LightGBM,5D,3,-0.0391526313495209,0.0035792243391549847,Normal
2018-03-21,LightGBM,5D,3,-0.0402278581233542,0.003533409174554664,Normal
2018-03-22,LightGBM,5D,3,-0.0010671936566562,0.0037652606891360116,High
2018-03-23,LightGBM,5D,3,-0.0024680686884014,0.00377329422378448,High
2018-03-26,LightGBM,5D,3,-0.0167271480786958,0.0026535912129896687,High
2018-03-27,LightGBM,5D,3,0.0122002399130728,0.0034477323917031675,High
2018-03-28,LightGBM,5D,3,0.0219605802141867,0.00377329422378448,High
2018-03-29,LightGBM,5D,3,-0.0138792643367217,0.0007116296115124228,High
2018-04-02,LightGBM,5D,3,0.0120424129743669,0.0015562326326271777,High
2018-04-03,LightGBM,5D,3,0.0160950506549399,0.003586695883980025,High
2018-04-04,LightGBM,5D,3,-0.0009457374639679,1.7380963105381985e-05,High
2018-04-05,LightGBM,5D,3,0.0004317398320378,1.66134260058446e-05,High
2018-04-06,LightGBM,5D,3,0.019705007062396,0.003543888820788142,High
2018-04-09,LightGBM,5D,3,0.0244503488963662,0.0002835005806638496,High
2018-04-10,LightGBM,5D,3,0.0184668215139188,1.66134260058446e-05,High
2018-04-11,LightGBM,5D,3,0.0248385276939331,0.0007037392798372622,High
2018-04-12,LightGBM,5D,3,0.0108790472004436,0.0007116296115124228,High
2018-04-13,LightGBM,5D,3,0.0051966698387975,0.0010362277438455713,High
2018-04-16,LightGBM,5D,3,-0.0028234368515809,1.66134260058446e-05,High
2018-04-17,LightGBM,5D,3,-0.0268993964719227,1.66134260058446e-05,High
2018-04-18,LightGBM,5D,3,-0.0258950426466523,0.00024804615373707193,High
2018-04-19,LightGBM,5D,3,-0.0097723166634425,0.00045915138969457954,High
2018-04-20,LightGBM,5D,3,-8.613420372609898e-05,0.0010467073900790498,High
2018-04-23,LightGBM,5D,3,-0.0083635568638318,0.0009710452213453872,High
2018-04-24,LightGBM,5D,3,0.0076531333136708,0.0037652606891360116,High
2018-04-25,LightGBM,5D,3,-0.0014141921205552,0.0035792243391549847,High
2018-04-26,LightGBM,5D,3,-0.0140505538929963,0.0033199276378819555,High
2018-04-27,LightGBM,5D,3,-0.0024337491360252,0.0006831195926578803,High
2018-04-30,LightGBM,5D,3,0.009239423967886,0.0036474011645383784,Normal
2018-05-01,LightGBM,5D,3,0.0064279451851247,9.991034226783194e-05,Normal
2018-05-02,LightGBM,5D,3,0.0232955443213959,0.0013017749264552121,Normal
2018-05-03,LightGBM,5D,3,0.0348787735103083,0.0035338279614047854,Normal
2018-05-04,LightGBM,5D,3,0.0238551027529346,0.0007049256037869203,Normal
2018-05-07,LightGBM,5D,3,0.0212862217080712,0.00042805205628171963,Normal
2018-05-08,LightGBM,5D,3,0.0146862432758141,1.66134260058446e-05,Normal
2018-05-09,LightGBM,5D,3,0.0091029351884598,1.66134260058446e-05,Normal
2018-05-10,LightGBM,5D,3,-0.0010803152039986,1.66134260058446e-05,Normal
2018-05-11,LightGBM,5D,3,-0.0054221197295101,1.66134260058446e-05,Normal
2018-05-14,LightGBM,5D,3,0.0010543853082964,0.00042805205628171963,Normal
2018-05-15,LightGBM,5D,3,0.0047793517594122,0.00047304957566566056,Normal
2018-05-16,LightGBM,5D,3,0.0039701571187966,1.66134260058446e-05,Normal
2018-05-17,LightGBM,5D,3,0.0028011329496839,0.0006831195926578803,Normal
2018-05-18,LightGBM,5D,3,0.0030767951500483,0.0032161055048188533,Normal
2018-05-21,LightGBM,5D,3,-0.0159143819096771,0.0009044914610057495,Normal
2018-05-22,LightGBM,5D,3,-0.0001578179648782,0.0010156080566661892,Low
2018-05-23,LightGBM,5D,3,-0.010304296415211,1.66134260058446e-05,Low
2018-05-24,LightGBM,5D,3,0.0025117662517512,0.00021694682032421126,Low
2018-05-25,LightGBM,5D,3,0.0093413642042894,0.00022742646655768937,Low
2018-05-29,LightGBM,5D,3,0.0216752829856573,0.0037652606891360116,Low
2018-05-30,LightGBM,5D,3,0.0175903082710454,0.0007949265277744098,Normal
2018-05-31,LightGBM,5D,3,0.0237791978924951,0.00352326913360876,Normal
2018-06-01,LightGBM,5D,3,0.0161094270910067,0.0007116296115124228,Normal
2018-06-04,LightGBM,5D,3,0.0127079691995946,1.66134260058446e-05,Low
2018-06-05,LightGBM,5D,3,0.0137474902087229,0.00021694682032421126,Low
2018-06-06,LightGBM,5D,3,0.0011823350299995,1.66134260058446e-05,Normal
2018-06-07,LightGBM,5D,3,0.0043652791744877,0.00022742646655768937,Low
2018-06-08,LightGBM,5D,3,0.0002266299512422,1.66134260058446e-05,Low
2018-06-11,LightGBM,5D,3,-0.0029698982365844,1.66134260058446e-05,Low
2018-06-12,LightGBM,5D,3,-0.0087432834666798,1.66134260058446e-05,Low
2018-06-13,LightGBM,5D,3,-0.0029983387011558,0.00128115523927583,Low
2018-06-14,LightGBM,5D,3,-0.0118325680668798,0.00021694682032421126,Low
2018-06-15,LightGBM,5D,3,-0.0089547444962517,0.0004827861983395144,Low
2018-06-18,LightGBM,5D,3,-0.0206460762831359,0.0007041580666873829,Low
2018-06-19,LightGBM,5D,3,-0.0144124078260477,0.0035338279614047854,Low
2018-06-20,LightGBM,5D,3,-0.0247646843633013,0.0009044914610057495,Low
2018-06-21,LightGBM,5D,3,-0.0122392755010497,0.00352326913360876,Low
2018-06-22,LightGBM,5D,3,-0.0133413628686667,0.003734161355723151,Low
2018-06-25,LightGBM,5D,3,0.0035416209333973,0.003543888820788142,Normal
2018-06-26,LightGBM,5D,3,-0.0036201588528331,0.0035792243391549847,Low
2018-06-27,LightGBM,5D,3,0.0136052842058458,0.003543888820788142,Low
2018-06-28,LightGBM,5D,3,0.0158911217873946,0.0035792243391549847,Low
2018-06-29,LightGBM,5D,3,0.0239172966852191,0.003533409174554664,Low
2018-07-02,LightGBM,5D,3,0.0243212851697478,1.66134260058446e-05,Low
2018-07-03,LightGBM,5D,3,0.022161428078365,0.0013017749264552121,Low
2018-07-05,LightGBM,5D,3,0.022288562912999,1.66134260058446e-05,Low
2018-07-06,LightGBM,5D,3,0.0149217008490275,2.408497083088455e-05,Low
2018-07-09,LightGBM,5D,3,0.0051087454427876,1.66134260058446e-05,Low
2018-07-10,LightGBM,5D,3,0.0056073204674089,1.66134260058446e-05,Low
2018-07-11,LightGBM,5D,3,0.0148849889160629,0.00022742646655768937,Low
2018-07-12,LightGBM,5D,3,0.0022131704868413,1.66134260058446e-05,Low
2018-07-13,LightGBM,5D,3,0.0001856171789584,1.66134260058446e-05,Low
2018-07-16,LightGBM,5D,3,0.0030506441430882,1.66134260058446e-05,Low
2018-07-17,LightGBM,5D,3,0.0038543386856985,1.66134260058446e-05,Low
2018-07-18,LightGBM,5D,3,0.0107565916793336,1.66134260058446e-05,Low
2018-07-19,LightGBM,5D,3,0.0116805157795157,0.0006935992388913586,Low
2018-07-20,LightGBM,5D,3,0.0060455789059447,0.0009044914610057495,Low
2018-07-23,LightGBM,5D,3,-0.0015615727528739,1.66134260058446e-05,Low
2018-07-24,LightGBM,5D,3,-0.0014582544196243,0.00021694682032421126,Low
2018-07-25,LightGBM,5D,3,-0.0115595825575681,1.66134260058446e-05,Low
2018-07-26,LightGBM,5D,3,-0.0036083302264919,1.66134260058446e-05,Low
2018-07-27,LightGBM,5D,3,0.0076089364837016,0.0010260877028996677,Low
2018-07-30,LightGBM,5D,3,0.0169117084500903,0.0017267208016983357,Low
2018-07-31,LightGBM,5D,3,0.0148590729772732,0.0007041580666873829,Low
2018-08-01,LightGBM,5D,3,0.0156375516515492,0.00352326913360876,Low
2018-08-02,LightGBM,5D,3,0.0092804873923004,0.0007041580666873829,Low
2018-08-03,LightGBM,5D,3,-0.002492256936292,1.66134260058446e-05,Low
2018-08-06,LightGBM,5D,3,-0.010038277253074,1.66134260058446e-05,Low
2018-08-07,LightGBM,5D,3,-0.0064895489831425,1.66134260058446e-05,Low
2018-08-08,LightGBM,5D,3,-0.0138583431712261,0.00021694682032421126,Low
2018-08-09,LightGBM,5D,3,-0.0045274139415481,0.00022742646655768937,Low
2018-08-10,LightGBM,5D,3,0.0059295046969593,0.0011605942163472006,Low
2018-08-13,LightGBM,5D,3,0.0123686172650679,0.0037446410019566292,Low
2018-08-14,LightGBM,5D,3,0.0080660872032776,0.0030157721105004876,Low
2018-08-15,LightGBM,5D,3,0.0152990647304129,0.00352326913360876,Low
2018-08-16,LightGBM,5D,3,0.0057181562542397,0.0007041580666873829,Low
2018-08-17,LightGBM,5D,3,0.0085802558072619,1.66134260058446e-05,Low
2018-08-20,LightGBM,5D,3,0.0137963223122442,1.66134260058446e-05,Low
2018-08-21,LightGBM,5D,3,0.0119991644352154,1.66134260058446e-05,Low
2018-08-22,LightGBM,5D,3,0.0180826379583704,0.00021694682032421126,Low
2018-08-23,LightGBM,5D,3,0.0153351598374476,0.00021694682032421126,Low
2018-08-24,LightGBM,5D,3,0.0092899223764673,1.66134260058446e-05,Low
2018-08-27,LightGBM,5D,3,-6.911079522445216e-06,1.66134260058446e-05,Low
2018-08-28,LightGBM,5D,3,-0.0030832159583867,0.00022742646655768937,Low
2018-08-29,LightGBM,5D,3,-0.0124274494639165,1.66134260058446e-05,Low
2018-08-30,LightGBM,5D,3,-0.0102030753144729,0.0004516201606323268,Low
2018-08-31,LightGBM,5D,3,-0.0084415155670846,1.66134260058446e-05,Low
2018-09-04,LightGBM,5D,3,-0.0030529578284898,0.0009149711072392278,Low
2018-09-05,LightGBM,5D,4,0.0001107133226698,0.0011630125356602802,Low
2018-09-06,LightGBM,5D,4,0.0090380565186791,0.003619295941449008,Low
2018-09-07,LightGBM,5D,4,0.01152929831446,0.003500035037170308,Low
2018-09-10,LightGBM,5D,4,0.0040479791082175,0.0035028362258571846,Low
2018-09-11,LightGBM,5D,4,0.0056697662861272,0.0009718910221756897,Low
2018-09-12,LightGBM,5D,4,0.0065656459694056,0.0010636151735752524,Low
2018-09-13,LightGBM,5D,4,0.0091073079953435,0.00014016756528397302,Low
2018-09-14,LightGBM,5D,4,0.0084632631575701,0.0002318917166835353,Low
2018-09-17,LightGBM,5D,4,0.0105266718351056,0.001389105803915244,Low
2018-09-18,LightGBM,5D,4,0.0038660704743622,0.00014016756528397302,Low
2018-09-19,LightGBM,5D,4,-0.0006811172399696,0.00014016756528397302,Low
2018-09-20,LightGBM,5D,4,-0.0057316551967875,0.00014016756528397302,Low
2018-09-21,LightGBM,5D,4,-0.0053699244039186,0.000432531164224613,Low
2018-09-24,LightGBM,5D,4,0.0017864502522938,0.0002594284695626727,Low
2018-09-25,LightGBM,5D,4,0.0026956298351326,0.0002318917166835353,Low
2018-09-26,LightGBM,5D,4,0.0067015962530107,0.0014007342099919872,Low
2018-09-27,LightGBM,5D,4,-0.0042609153965102,0.0025530785778599646,Low
2018-09-28,LightGBM,5D,4,-0.0097973598369942,0.0025530785778599646,Low
2018-10-01,LightGBM,5D,4,-0.0138270468875424,0.0007080826315364242,Low
2018-10-02,LightGBM,5D,4,-0.0148491878114176,0.0002318917166835353,Low
2018-10-03,LightGBM,5D,4,-0.048976843590738,0.000432531164224613,Low
2018-10-04,LightGBM,5D,4,-0.0615613881422696,0.0015588938793637548,Low
2018-10-05,LightGBM,5D,4,-0.0419118381492711,0.003619295941449008,Low
2018-10-08,LightGBM,5D,4,-0.0474391257322215,0.003500035037170308,Low
2018-10-09,LightGBM,5D,4,-0.0247523878631661,0.0035917591885698706,Low
2018-10-10,LightGBM,5D,4,0.008411306916771,0.003619295941449008,Normal
2018-10-11,LightGBM,5D,4,0.0147023963139714,0.003619295941449008,Normal
2018-10-12,LightGBM,5D,4,0.0002349257703155,0.002821730474663094,Normal
2018-10-15,LightGBM,5D,4,0.001848610965138,0.0035917591885698706,Normal
2018-10-16,LightGBM,5D,4,-0.0249462932504573,0.0027300063232635315,High
2018-10-17,LightGBM,5D,4,-0.0560443728489332,0.0002318917166835353,High
2018-10-18,LightGBM,5D,4,-0.023094164294878,0.001389105803915244,High
2018-10-19,LightGBM,5D,4,-0.0402120671696018,0.0010636151735752524,High
2018-10-22,LightGBM,5D,4,-0.0424844783683179,0.0013731974571128496,High
2018-10-23,LightGBM,5D,4,-0.0214120792157463,0.003500035037170308,High
2018-10-24,LightGBM,5D,4,0.0207315733999656,0.003619295941449008,High
2018-10-25,LightGBM,5D,4,0.0127803542897808,0.0035607239486885743,High
2018-10-26,LightGBM,5D,4,0.0239227712439042,0.0035917591885698706,High
2018-10-29,LightGBM,5D,4,0.0360886732362923,0.003619295941449008,High
2018-10-30,LightGBM,5D,4,0.0267831380088234,0.003500035037170308,High
2018-10-31,LightGBM,5D,4,0.0369773378150262,0.00014016756528397302,High
2018-11-01,LightGBM,5D,4,0.0239627699580054,0.00014016756528397302,High
2018-11-02,LightGBM,5D,4,0.0210579050985128,0.0012034093816643387,High
2018-11-05,LightGBM,5D,4,-0.0044249395841488,0.00014016756528397302,High
2018-11-06,LightGBM,5D,4,-0.0121477461507313,0.00014016756528397302,High
2018-11-07,LightGBM,5D,4,-0.0407310135299559,0.0007928971606567302,High
2018-11-08,LightGBM,5D,4,-0.0276809117988224,0.0002594284695626727,High
2018-11-09,LightGBM,5D,4,-0.0162184883459659,0.0012309461345434763,High
2018-11-12,LightGBM,5D,4,-0.01310349859622,0.0015588938793637548,High
2018-11-13,LightGBM,5D,4,-0.0299384753306319,0.0035917591885698706,High
2018-11-14,LightGBM,5D,4,-0.0193036172014141,0.003619295941449008,High
2018-11-15,LightGBM,5D,4,-0.0364180696559117,0.0035607239486885743,High
2018-11-16,LightGBM,5D,4,-0.0232259313480293,0.003500035037170308,High
2018-11-19,LightGBM,5D,4,-0.0031863857476951,0.003619295941449008,High
2018-11-20,LightGBM,5D,4,0.0378456611120046,0.003619295941449008,High
2018-11-21,LightGBM,5D,4,0.032621497255844,0.0035917591885698706,High
2018-11-23,LightGBM,5D,4,0.0473354646843172,0.003619295941449008,High
2018-11-26,LightGBM,5D,4,0.0428044906333132,0.003500035037170308,High
2018-11-27,LightGBM,5D,4,0.0066478774301444,0.0009718910221756897,High
2018-11-28,LightGBM,5D,4,-0.0175895617871137,0.00014016756528397302,High
2018-11-29,LightGBM,5D,4,-0.0390004026980424,0.0002594284695626727,High
2018-11-30,LightGBM,5D,4,-0.0453773471917438,0.00014016756528397302,High
2018-12-03,LightGBM,5D,4,-0.056615758661412,0.0002318917166835353,High
2018-12-04,LightGBM,5D,4,-0.0183106588125046,0.0014154203115516577,High
2018-12-06,LightGBM,5D,4,-0.0169872212107754,0.0035607239486885743,High
2018-12-07,LightGBM,5D,4,-0.012662098023153,0.003619295941449008,High
2018-12-10,LightGBM,5D,4,-0.035414986074646,0.0035607239486885743,High
2018-12-11,LightGBM,5D,4,-0.0349721795455512,0.0035917591885698706,High
2018-12-12,LightGBM,5D,4,-0.0558925097318393,0.0035917591885698706,High
2018-12-13,LightGBM,5D,4,-0.0715903689035281,0.0035917591885698706,High
2018-12-14,LightGBM,5D,4,-0.073122277133369,0.003619295941449008,High
2018-12-17,LightGBM,5D,4,-0.0796165651831067,0.003619295941449008,High
2018-12-18,LightGBM,5D,4,-0.0312997843660908,0.003619295941449008,High
2018-12-19,LightGBM,5D,4,-0.007258096221337,0.0035917591885698706,High
2018-12-20,LightGBM,5D,4,0.0073973593525356,0.003619295941449008,High
2018-12-21,LightGBM,5D,4,0.036657105713283,0.003619295941449008,High
2018-12-24,LightGBM,5D,4,0.0654113716542236,0.003619295941449008,High
2018-12-26,LightGBM,5D,4,-0.0080601378354963,0.0016654513941060172,High
2018-12-27,LightGBM,5D,4,0.0171730322560332,0.0016629730387490793,High
2018-12-28,LightGBM,5D,4,0.0254013621614943,0.0012034093816643387,High
2018-12-31,LightGBM,5D,4,0.0265933236357848,0.00014016756528397302,High
2019-01-02,LightGBM,5D,4,0.0294153019059809,0.00014016756528397302,High
2019-01-03,LightGBM,5D,4,0.0589918750993581,0.003530372978736322,High
2019-01-04,LightGBM,5D,4,0.025086167494529,0.0008535860721749966,High
2019-01-07,LightGBM,5D,4,0.0128287969120497,0.00020085647680223944,High
2019-01-08,LightGBM,5D,4,0.0138448284553133,0.00014016756528397302,High
2019-01-09,LightGBM,5D,4,0.0119746776515793,0.00014016756528397302,High
2019-01-10,LightGBM,5D,4,0.015029166983353,0.00014016756528397302,High
2019-01-11,LightGBM,5D,4,0.0282723883676913,0.00014016756528397302,High
2019-01-14,LightGBM,5D,4,0.0192853061269683,0.00014016756528397302,High
2019-01-15,LightGBM,5D,4,0.0108211771666582,0.00014016756528397302,High
2019-01-16,LightGBM,5D,4,0.0099764367485474,0.00014016756528397302,High
2019-01-17,LightGBM,5D,4,0.0108665737428296,0.00014016756528397302,High
2019-01-18,LightGBM,5D,4,-0.010108114945735,0.00014016756528397302,High
2019-01-22,LightGBM,5D,4,0.0026930539471225,0.001389105803915244,High
2019-01-23,LightGBM,5D,4,0.0159221739192316,0.0002318917166835353,High
2019-01-24,LightGBM,5D,4,0.0231080426180221,0.00014016756528397302,High
2019-01-25,LightGBM,5D,4,0.0155533815023111,0.00014016756528397302,High
2019-01-28,LightGBM,5D,4,0.0301845384684998,0.003619295941449008,High
2019-01-29,LightGBM,5D,4,0.0363392168409647,0.0002318917166835353,High
2019-01-30,LightGBM,5D,4,0.0186826912318958,0.00014016756528397302,High
2019-01-31,LightGBM,5D,4,0.0007208492198978,0.00014016756528397302,High
2019-02-01,LightGBM,5D,4,0.0004986152011035,0.00014016756528397302,Normal
2019-02-04,LightGBM,5D,4,-0.0055459141125577,0.00014016756528397302,Normal
2019-02-05,LightGBM,5D,4,0.0025645683529307,0.00014016756528397302,Normal
2019-02-06,LightGBM,5D,4,0.0078109156641504,0.0002318917166835353,Normal
2019-02-07,LightGBM,5D,4,0.0145569454826821,0.0014007342099919872,Normal
2019-02-08,LightGBM,5D,4,0.0247009775816269,0.0010325799336939568,Normal
2019-02-11,LightGBM,5D,4,0.0254897471044006,0.0026448027292595272,Normal
2019-02-12,LightGBM,5D,4,0.0144574277623027,0.0004129904546361301,Normal
2019-02-13,LightGBM,5D,4,0.0079053268427506,0.00014016756528397302,Normal
2019-02-14,LightGBM,5D,4,0.0169511289211595,0.00014016756528397302,Normal
2019-02-15,LightGBM,5D,4,0.0073622287059535,0.00014016756528397302,Normal
2019-02-19,LightGBM,5D,4,0.0050738377065212,0.00014016756528397302,Normal
2019-02-20,LightGBM,5D,4,0.0027541067094823,0.00014016756528397302,Low
2019-02-21,LightGBM,5D,4,0.0034572684363733,0.0002594284695626727,Low
2019-02-22,LightGBM,5D,4,0.003938286330376,0.00014016756528397302,Normal
2019-02-25,LightGBM,5D,4,-0.0011809255146309,0.0010151928788390786,Low
2019-02-26,LightGBM,5D,4,-0.0015223293314974,0.00014016756528397302,Low
2019-02-27,LightGBM,5D,4,-0.0075236054993244,0.00014016756528397302,Low
2019-02-28,LightGBM,5D,4,-0.0128530090387051,0.0002318917166835353,Low
2019-03-01,LightGBM,5D,4,-0.0218586297588718,0.00014016756528397302,Low
2019-03-04,LightGBM,5D,4,-0.0034109868001272,0.0014007342099919872,Low
2019-03-05,LightGBM,5D,4,0.0006701524173848,0.0010636151735752524,Low
2019-03-06,LightGBM,5D,4,0.0141411727785291,0.0026723394821386646,Low
2019-03-07,LightGBM,5D,4,0.0214316845852642,0.003619295941449008,Low
2019-03-08,LightGBM,5D,4,0.0285381681251485,0.0035607239486885743,Low
2019-03-11,LightGBM,5D,4,0.0176777293605669,0.0009718910221756897,Low
2019-03-12,LightGBM,5D,4,0.0145981935528351,0.0009718910221756897,Low
2019-03-13,LightGBM,5D,4,0.004723950055046,0.00014016756528397302,Low
2019-03-14,LightGBM,5D,4,0.0163863648813315,0.0002318917166835353,Low
2019-03-15,LightGBM,5D,4,-0.0077429816613723,0.00014016756528397302,Low
2019-03-18,LightGBM,5D,4,-0.0122814512935903,0.00014016756528397302,Low
2019-03-19,LightGBM,5D,4,-0.0049938282657296,0.0003624632834663206,Low
2019-03-20,LightGBM,5D,4,-0.0067002748015589,0.0002594284695626727,Low
2019-03-21,LightGBM,5D,4,-0.0139112355809866,0.00014016756528397302,Low
2019-03-22,LightGBM,5D,4,0.0119572975966112,0.0028987218051237124,Normal
2019-03-25,LightGBM,5D,4,0.0242988659479659,0.0035607239486885743,Normal
2019-03-26,LightGBM,5D,4,0.0171592685548901,0.0025530785778599646,Normal
2019-03-27,LightGBM,5D,4,0.0239604842515781,0.0026723394821386646,Normal
2019-03-28,LightGBM,5D,4,0.0224598947793108,0.003500035037170308,Normal
2019-03-29,LightGBM,5D,4,0.020373906359085,0.00014016756528397302,Normal
2019-04-01,LightGBM,5D,4,0.0099186225915643,0.00014016756528397302,Normal
2019-04-02,LightGBM,5D,4,0.0038151906010365,0.0002318917166835353,Normal
2019-04-03,LightGBM,5D,4,0.0051409559354472,0.0002594284695626727,Normal
2019-04-04,LightGBM,5D,4,0.0030966130327957,0.00014016756528397302,Normal
2019-04-05,LightGBM,5D,4,0.0050584737992424,0.00014016756528397302,Normal
2019-04-08,LightGBM,5D,4,0.0033819948043615,0.00014016756528397302,Low
2019-04-09,LightGBM,5D,4,0.0099771995651713,0.0010151928788390786,Normal
2019-04-10,LightGBM,5D,4,0.0042289609899325,0.00014016756528397302,Normal
2019-04-11,LightGBM,5D,4,0.0057686854738393,0.0002318917166835353,Normal
2019-04-12,LightGBM,5D,4,0.0001926129012265,0.00014016756528397302,Normal
2019-04-15,LightGBM,5D,4,0.009624531320579,0.0002594284695626727,Normal
2019-04-16,LightGBM,5D,4,0.0069211343924027,0.0002318917166835353,Normal
2019-04-17,LightGBM,5D,4,0.0088284934728688,0.0012309461345434763,Normal
2019-04-18,LightGBM,5D,4,0.0119249969719239,0.0002318917166835353,Low
2019-04-22,LightGBM,5D,4,0.011984439659225,0.0009718910221756897,Low
2019-04-23,LightGBM,5D,4,0.0041330531830212,0.00014016756528397302,Low
2019-04-24,LightGBM,5D,4,-0.0012032240642338,0.0006450555595671425,Low
2019-04-25,LightGBM,5D,4,-0.0029604269726438,0.0002318917166835353,Low
2019-04-26,LightGBM,5D,4,0.0019573501829687,0.00014016756528397302,Low
2019-04-29,LightGBM,5D,4,-0.0035946115103377,0.00014016756528397302,Low
2019-04-30,LightGBM,5D,4,-0.0211950642980348,0.00014016756528397302,Low
2019-05-01,LightGBM,5D,4,-0.0152713338371634,0.0015588938793637548,Low
2019-05-02,LightGBM,5D,4,-0.0161710878504088,0.0010636151735752524,Low
2019-05-03,LightGBM,5D,4,-0.0220498212594077,0.0006163584801368622,Low
2019-05-06,LightGBM,5D,4,-0.0419952772088326,0.0014396329750850554,Low
2019-05-07,LightGBM,5D,4,-0.0173618015967111,0.003619295941449008,Low
2019-05-08,LightGBM,5D,4,-0.0099330918795681,0.0035917591885698706,Low
2019-05-09,LightGBM,5D,4,0.0019488638988593,0.003500035037170308,Low
2019-05-10,LightGBM,5D,4,-0.0076189673451031,0.0027300063232635315,Low
2019-05-13,LightGBM,5D,4,0.0100352438179889,0.003619295941449008,Normal
2019-05-14,LightGBM,5D,4,0.0105112053879637,0.0035607239486885743,Normal
2019-05-15,LightGBM,5D,4,0.0018608186963412,0.003500035037170308,Normal
2019-05-16,LightGBM,5D,4,-0.0189808306614396,0.0006163584801368622,Normal
2019-05-17,LightGBM,5D,4,-0.0117737497153587,0.0025530785778599646,Normal
2019-05-20,LightGBM,5D,4,-0.0134124417402136,0.0002594284695626727,Normal
2019-05-21,LightGBM,5D,4,-0.0288083010006357,0.00014016756528397302,Normal
2019-05-22,LightGBM,5D,4,-0.0238836359617393,0.0007080826315364242,Normal
2019-05-23,LightGBM,5D,4,-0.0251811489709104,0.003619295941449008,Normal
2019-05-24,LightGBM,5D,4,-0.0293028633972555,0.0035917591885698706,Normal
2019-05-28,LightGBM,5D,4,0.0003140136840822,0.003619295941449008,Normal
2019-05-29,LightGBM,5D,4,0.0153786508301275,0.003619295941449008,Normal
2019-05-30,LightGBM,5D,4,0.0193992188311347,0.0035607239486885743,Normal
2019-05-31,LightGBM,5D,4,0.0431254033288479,0.003619295941449008,Normal
2019-06-03,LightGBM,5D,4,0.0505436940579213,0.0035917591885698706,Normal
2019-06-04,LightGBM,5D,4,0.0289878255188922,0.0009718910221756897,High
2019-06-05,LightGBM,5D,4,0.0188194407128411,0.00014016756528397302,Normal
2019-06-06,LightGBM,5D,4,0.016791610539687,0.00014016756528397302,High
2019-06-07,LightGBM,5D,4,0.0047358195062741,0.00014016756528397302,High
2019-06-10,LightGBM,5D,4,0.0010179148638613,0.0002318917166835353,High
2019-06-11,LightGBM,5D,4,0.0110383459147834,0.0012034093816643387,Normal
2019-06-12,LightGBM,5D,4,0.0160587205350446,0.0002318917166835353,Normal
2019-06-13,LightGBM,5D,4,0.0213973153680675,0.00014016756528397302,Normal
2019-06-14,LightGBM,5D,4,0.0217501108744924,0.0002318917166835353,Normal
2019-06-17,LightGBM,5D,4,0.0190854069815525,0.0010636151735752524,Normal
2019-06-18,LightGBM,5D,4,-0.0001268582518056,0.00014016756528397302,Normal
2019-06-19,LightGBM,5D,4,-0.0043422707236335,0.00014016756528397302,Normal
2019-06-20,LightGBM,5D,4,-0.0099539902669158,0.00014016756528397302,Normal
2019-06-21,LightGBM,5D,4,-0.0029530321465882,0.0002594284695626727,Normal
2019-06-24,LightGBM,5D,4,0.0064233749249528,0.0002318917166835353,Normal
2019-06-25,LightGBM,5D,4,0.0188889978423289,0.0014007342099919872,Normal
2019-06-26,LightGBM,5D,4,0.0277667891818173,0.0013731974571128496,Normal
2019-06-27,LightGBM,5D,4,0.0221433691846778,0.003500035037170308,Normal
2019-06-28,LightGBM,5D,4,0.0115552543339544,0.0009718910221756897,Normal
2019-07-01,LightGBM,5D,4,0.0051480287814544,0.0002318917166835353,Low
2019-07-02,LightGBM,5D,4,0.0067247284405483,0.00014016756528397302,Low
2019-07-03,LightGBM,5D,4,0.0013642523588127,0.00014016756528397302,Low
2019-07-05,LightGBM,5D,4,0.0077813208654278,0.00039701581695325577,Low
2019-07-08,LightGBM,5D,4,0.0128043476039357,0.0005162767212319548,Low
2019-07-09,LightGBM,5D,4,0.0081589699904715,0.00014016756528397302,Low
2019-07-10,LightGBM,5D,4,-0.0028942424117043,0.00014016756528397302,Low
2019-07-11,LightGBM,5D,4,-0.0016012642818338,0.0010636151735752524,Low
2019-07-12,LightGBM,5D,4,-0.0124066880487449,0.00014016756528397302,Low
2019-07-15,LightGBM,5D,4,-0.0097578400908788,0.0002594284695626727,Low
2019-07-16,LightGBM,5D,4,0.0004758896034078,0.0002318917166835353,Low
2019-07-17,LightGBM,5D,4,0.0117057478829768,0.0015588938793637548,Low
2019-07-18,LightGBM,5D,4,0.0028538536905583,0.0009718910221756897,Low
2019-07-19,LightGBM,5D,4,0.0164102789261859,0.003619295941449008,Low
2019-07-22,LightGBM,5D,4,0.0119681553108781,0.003500035037170308,Low
2019-07-23,LightGBM,5D,4,0.0025620247995576,0.0009718910221756897,Low
2019-07-24,LightGBM,5D,4,-0.0130603749660582,0.00014016756528397302,Low
2019-07-25,LightGBM,5D,4,-0.0168236060512647,0.0012309461345434763,Low
2019-07-26,LightGBM,5D,4,-0.0314935303616128,0.00014016756528397302,Low
2019-07-29,LightGBM,5D,4,-0.0601062906022502,0.0005162767212319548,Low
2019-07-30,LightGBM,5D,4,-0.0445912813190392,0.00106572005000889,Low
2019-07-31,LightGBM,5D,4,-0.0328794920330404,0.003619295941449008,Low
2019-08-01,LightGBM,5D,4,-0.0052515019973693,0.003619295941449008,Low
2019-08-02,LightGBM,5D,4,-0.0045807065914613,0.0035917591885698706,Low
2019-08-05,LightGBM,5D,4,0.0132556664623181,0.003619295941449008,Normal
2019-08-06,LightGBM,5D,4,0.0153409888184535,0.002790695234781798,Normal
2019-08-07,LightGBM,5D,4,-0.0151559459699411,0.003500035037170308,Normal
2019-08-08,LightGBM,5D,4,-0.0312831717386259,0.0025530785778599646,High
2019-08-09,LightGBM,5D,4,-0.0103215204327238,0.0014007342099919872,High
2019-08-12,LightGBM,5D,4,0.014105464247589,0.001389105803915244,High
2019-08-13,LightGBM,5D,4,-0.0088590973318284,0.0008535860721749966,High
2019-08-14,LightGBM,5D,4,0.0290842346800602,0.003619295941449008,High
2019-08-15,LightGBM,5D,4,0.0261167950226014,0.0035607239486885743,High
2019-08-16,LightGBM,5D,4,-0.0144951442724813,0.003500035037170308,High
2019-08-19,LightGBM,5D,4,-0.0156052071060809,0.00014016756528397302,High
2019-08-20,LightGBM,5D,4,-0.0108673135945216,0.003619295941449008,High
2019-08-21,LightGBM,5D,4,-0.0125561416213122,0.00020085647680223944,High
2019-08-22,LightGBM,5D,4,0.0005575437790607,0.0005162767212319548,High
2019-08-23,LightGBM,5D,4,0.0274890056617754,0.003619295941449008,High
2019-08-26,LightGBM,5D,4,0.0096428835982921,0.0035607239486885743,High
2019-08-27,LightGBM,5D,4,0.0236349306772696,0.003619295941449008,High
2019-08-28,LightGBM,5D,4,0.0300366920684668,0.003500035037170308,High
2019-08-29,LightGBM,5D,4,0.0183394004317492,0.0009718910221756897,High
2019-08-30,LightGBM,5D,4,0.0176028049929726,0.0012309461345434763,High
2019-09-03,LightGBM,5D,4,0.024848066751589,0.0002594284695626727,High
2019-09-04,LightGBM,5D,4,0.021268013799555,0.00020085647680223944,High
2019-09-05,LightGBM,5D,4,0.0112171171560286,0.00014016756528397302,High
2019-09-06,LightGBM,5D,4,0.0095822494746856,0.0002318917166835353,High
2019-09-09,LightGBM,5D,4,0.0065357512372295,0.0012034093816643387,High
2019-09-10,LightGBM,5D,4,0.0087919241837605,0.00014016756528397302,High
2019-09-11,LightGBM,5D,4,0.0019308851416402,0.00014016756528397302,High
2019-09-12,LightGBM,5D,4,-0.0009241566146634,0.0002318917166835353,Normal
2019-09-13,LightGBM,5D,4,-0.0051070788425777,0.0002318917166835353,Normal
2019-09-16,LightGBM,5D,4,-0.0020635065440492,0.00039701581695325577,Normal
2019-09-17,LightGBM,5D,4,-0.0130939208800627,0.00014016756528397302,Normal
2019-09-18,LightGBM,5D,4,-0.007296868922366,0.0006163584801368622,Normal
2019-09-19,LightGBM,5D,4,-0.0097487144539087,0.0010636151735752524,Normal
2019-09-20,LightGBM,5D,4,-0.0101716499281569,0.0026723394821386646,Normal
2019-09-23,LightGBM,5D,4,-0.0050397990950809,0.0009718910221756897,Low
2019-09-24,LightGBM,5D,4,-0.0089219370769422,0.003619295941449008,Low
2019-09-25,LightGBM,5D,4,-0.0331270265065499,0.002613767489378231,Low
2019-09-26,LightGBM,5D,4,-0.0227548507230698,0.0035917591885698706,Low
2019-09-27,LightGBM,5D,4,-0.0033075309046822,0.003619295941449008,Low
2019-09-30,LightGBM,5D,4,-0.0128307933936121,0.0025530785778599646,Low
2019-10-01,LightGBM,5D,4,-0.0161798260003093,0.003619295941449008,Low
2019-10-02,LightGBM,5D,4,0.0109488747021802,0.003619295941449008,Normal
2019-10-03,LightGBM,5D,4,0.0094037723400961,0.0035607239486885743,Low
2019-10-04,LightGBM,5D,5,0.006166566774626,0.0010444682119425124,Normal
2019-10-07,LightGBM,5D,5,0.0092668373750884,0.0027739930758032346,Normal
2019-10-08,LightGBM,5D,5,0.0348564423036876,0.002962758986999228,Normal
2019-10-09,LightGBM,5D,5,0.023791601235648,0.0006361966551605672,Normal
2019-10-10,LightGBM,5D,5,0.0201554207936407,0.0005488129600159741,Normal
2019-10-11,LightGBM,5D,5,0.0053487954100518,0.0005488129600159741,Normal
2019-10-14,LightGBM,5D,5,0.0135849911886045,0.0005488129600159741,Normal
2019-10-15,LightGBM,5D,5,0.0001034965537386,0.0005488129600159741,Normal
2019-10-16,LightGBM,5D,5,0.0049481444527631,0.0005488129600159741,Normal
2019-10-17,LightGBM,5D,5,0.0041077271421593,0.0005488129600159741,Normal
2019-10-18,LightGBM,5D,5,0.012099202362615,0.0005488129600159741,Normal
2019-10-21,LightGBM,5D,5,0.0108169081733991,0.0005488129600159741,Normal
2019-10-22,LightGBM,5D,5,0.0135592054752952,0.0010444682119425124,Normal
2019-10-23,LightGBM,5D,5,0.0139641915303217,0.0005488129600159741,Normal
2019-10-24,LightGBM,5D,5,0.0090181482366112,0.0005488129600159741,Normal
2019-10-25,LightGBM,5D,5,0.0145696492856028,0.0005488129600159741,Normal
2019-10-28,LightGBM,5D,5,0.0127010751747975,0.0005488129600159741,Normal
2019-10-29,LightGBM,5D,5,0.0123474244194576,0.0005488129600159741,Normal
2019-10-30,LightGBM,5D,5,0.0098015856108898,0.0005488129600159741,Normal
2019-10-31,LightGBM,5D,5,0.0155553994897095,0.0005488129600159741,Normal
2019-11-01,LightGBM,5D,5,0.0084968720751778,0.0005488129600159741,Low
2019-11-04,LightGBM,5D,5,0.0028352308565282,0.0005488129600159741,Low
2019-11-05,LightGBM,5D,5,0.005585056869612,0.0005488129600159741,Low
2019-11-06,LightGBM,5D,5,0.0055940878474386,0.0005488129600159741,Low
2019-11-07,LightGBM,5D,5,0.0037044052176145,0.0005488129600159741,Low
2019-11-08,LightGBM,5D,5,0.008813030850472,0.0005488129600159741,Low
2019-11-11,LightGBM,5D,5,0.0112804525866188,0.0005488129600159741,Low
2019-11-12,LightGBM,5D,5,0.0091242591856633,0.0005488129600159741,Low
2019-11-13,LightGBM,5D,5,0.0046497211946059,0.0005488129600159741,Low
2019-11-14,LightGBM,5D,5,0.0022290224939598,0.0005488129600159741,Low
2019-11-15,LightGBM,5D,5,-0.0032644323416373,0.0005488129600159741,Low
2019-11-18,LightGBM,5D,5,0.0037117932230201,0.0005488129600159741,Low
2019-11-19,LightGBM,5D,5,0.0064977269676528,0.0005488129600159741,Low
2019-11-20,LightGBM,5D,5,0.0144267190138937,0.0005488129600159741,Low
2019-11-21,LightGBM,5D,5,0.0119914388700941,0.0008501916727567191,Low
2019-11-22,LightGBM,5D,5,0.0011503812337543,0.0010444682119425124,Low
2019-11-25,LightGBM,5D,5,-0.0129890959117578,0.0005488129600159741,Low
2019-11-26,LightGBM,5D,5,-0.008878601947928,0.0005488129600159741,Low
2019-11-27,LightGBM,5D,5,-0.0115452106465976,0.0005488129600159741,Low
2019-11-29,LightGBM,5D,5,0.0015683216138172,0.0005488129600159741,Low
2019-12-02,LightGBM,5D,5,0.0070689716233066,0.0012332341231385058,Low
2019-12-03,LightGBM,5D,5,0.0126316607123676,0.002861376770947828,Low
2019-12-04,LightGBM,5D,5,0.0092319406329482,0.0027739930758032346,Low
2019-12-05,LightGBM,5D,5,0.0162714810818732,0.0027739930758032346,Low
2019-12-06,LightGBM,5D,5,0.0072498142016621,0.0008501916727567191,Low
2019-12-09,LightGBM,5D,5,0.0175400088286793,0.0007375788712119676,Low
2019-12-10,LightGBM,5D,5,0.0189727810261245,0.0005488129600159741,Low
2019-12-11,LightGBM,5D,5,0.0156364498562511,0.0005488129600159741,Low
2019-12-12,LightGBM,5D,5,0.0115471613025602,0.0005488129600159741,Low
2019-12-13,LightGBM,5D,5,0.0164071779566796,0.0005488129600159741,Low
2019-12-16,LightGBM,5D,5,0.0101505857284352,0.0005488129600159741,Low
2019-12-17,LightGBM,5D,5,0.0096198823975058,0.0005488129600159741,Low
2019-12-18,LightGBM,5D,5,0.0151673384480825,0.0005488129600159741,Low
2019-12-19,LightGBM,5D,5,0.0107519437658763,0.0005488129600159741,Low
2019-12-20,LightGBM,5D,5,2.1751882192300326e-05,0.0005488129600159741,Low
2019-12-23,LightGBM,5D,5,0.0020976738120846,0.0005488129600159741,Low
2019-12-24,LightGBM,5D,5,0.0106370364768695,0.0005488129600159741,Low
2019-12-26,LightGBM,5D,5,-0.0015629352981388,0.0005488129600159741,Low
2019-12-27,LightGBM,5D,5,0.0019302257564756,0.0005488129600159741,Low
2019-12-30,LightGBM,5D,5,0.0049206467512307,0.0012332341231385058,Low
2019-12-31,LightGBM,5D,5,0.0068694295926811,0.0008501916727567191,Low
2020-01-02,LightGBM,5D,5,0.0051587483472708,0.0005488129600159741,Low
2020-01-03,LightGBM,5D,5,0.0093843952247204,0.0012332341231385058,Low
2020-01-06,LightGBM,5D,5,0.0128092440763811,0.0008501916727567191,Low
2020-01-07,LightGBM,5D,5,0.0141007383240802,0.0005488129600159741,Low
2020-01-08,LightGBM,5D,5,0.0110787150821269,0.0005488129600159741,Low
2020-01-09,LightGBM,5D,5,0.0127772483874523,0.0005488129600159741,Low
2020-01-10,LightGBM,5D,5,0.0194912341224423,0.0005488129600159741,Low
2020-01-13,LightGBM,5D,5,0.0098837397069237,0.0005488129600159741,Low
2020-01-14,LightGBM,5D,5,0.0116884548405006,0.0005488129600159741,Low
2020-01-15,LightGBM,5D,5,0.0109603307901708,0.0005488129600159741,Low
2020-01-16,LightGBM,5D,5,-0.0064547060582548,0.0005488129600159741,Low
2020-01-17,LightGBM,5D,5,-0.0261651816625839,0.0005488129600159741,Low
2020-01-21,LightGBM,5D,5,-0.0135062977926458,0.0005488129600159741,Low
2020-01-22,LightGBM,5D,5,-0.0146625822329115,0.0005488129600159741,Low
2020-01-23,LightGBM,5D,5,-0.0126734514960586,0.0005488129600159741,Low
2020-01-24,LightGBM,5D,5,-0.0214546056412278,0.002389746834915551,Low
2020-01-27,LightGBM,5D,5,0.0016295724768487,0.0038222715825306326,Low
2020-01-28,LightGBM,5D,5,0.0064955048940021,0.002861376770947828,Normal
2020-01-29,LightGBM,5D,5,0.0185505336965597,0.0027739930758032346,Low
2020-01-30,LightGBM,5D,5,0.0187412318233504,0.0027739930758032346,Low
2020-01-31,LightGBM,5D,5,0.0311901843852553,0.003425193119872424,Normal
2020-02-03,LightGBM,5D,5,0.0312614487445959,0.0009375753679013121,Normal
2020-02-04,LightGBM,5D,5,0.018079181513092,0.0005488129600159741,Normal
2020-02-05,LightGBM,5D,5,0.013333255959322,0.0005488129600159741,Normal
2020-02-06,LightGBM,5D,5,0.0083813245423315,0.0005488129600159741,Normal
2020-02-07,LightGBM,5D,5,0.0156386516502752,0.0005488129600159741,Normal
2020-02-10,LightGBM,5D,5,0.0054147475435542,0.0005488129600159741,Normal
2020-02-11,LightGBM,5D,5,0.008422447141837,0.0005488129600159741,Normal
2020-02-12,LightGBM,5D,5,-0.0018422233913635,0.0005488129600159741,Normal
2020-02-13,LightGBM,5D,5,-0.0107842562641946,0.0005488129600159741,Normal
2020-02-14,LightGBM,5D,5,-0.0467141717831207,0.0005488129600159741,Normal
2020-02-18,LightGBM,5D,5,-0.0745378621723262,0.0005488129600159741,Normal
2020-02-19,LightGBM,5D,5,-0.0830183077801412,0.0005488129600159741,Normal
2020-02-20,LightGBM,5D,5,-0.1243636267044048,0.0010444682119425124,Normal
2020-02-21,LightGBM,5D,5,-0.1220622805812382,0.002962758986999228,Normal
2020-02-24,LightGBM,5D,5,-0.0429633323913842,0.0038222715825306326,High
2020-02-25,LightGBM,5D,5,-0.0407259129389455,0.004810512040566353,High
2020-02-26,LightGBM,5D,5,0.0043961337452176,0.003171071538461443,High
2020-02-27,LightGBM,5D,5,0.0150534876574977,0.00518556247829496,High
2020-02-28,LightGBM,5D,5,0.0061250071147647,0.003171071538461443,High
2020-03-02,LightGBM,5D,5,-0.1178962745950201,-0.006648530279345514,High
2020-03-03,LightGBM,5D,5,-0.0411707372462464,0.00518556247829496,High
2020-03-04,LightGBM,5D,5,-0.1326099794154851,0.0006361966551605672,High
2020-03-05,LightGBM,5D,5,-0.1980440493779775,-0.0026838964769751207,High
2020-03-06,LightGBM,5D,5,-0.0920346987763553,0.008027448824617178,High
2020-03-09,LightGBM,5D,5,-0.1406764833088012,0.03185303284210393,High
2020-03-10,LightGBM,5D,5,-0.1306652230989684,-0.016334736309023008,High
2020-03-11,LightGBM,5D,5,-0.1337846026224432,0.01402597271319811,High
2020-03-12,LightGBM,5D,5,-0.0291429892495688,0.011833418966174057,High
2020-03-13,LightGBM,5D,5,-0.1622790202521715,-0.03299897864316685,High
2020-03-16,LightGBM,5D,5,-0.064358323788931,0.01275027742720277,High
2020-03-17,LightGBM,5D,5,-0.0329014039066596,-0.0012472219659249832,High
2020-03-18,LightGBM,5D,5,0.0317898588462429,0.010648402792224662,High
2020-03-19,LightGBM,5D,5,0.0876369289500884,0.008267067967549318,High
2020-03-20,LightGBM,5D,5,0.0976967074618287,0.011601750619138226,High
2020-03-23,LightGBM,5D,5,0.1603947990413803,-0.005458560993377239,High
2020-03-24,LightGBM,5D,5,0.0545692557350013,-0.023515782271155375,High
2020-03-25,LightGBM,5D,5,-0.0020460974186078,0.008113527908923786,High
2020-03-26,LightGBM,5D,5,-0.0400172714358939,-0.055832793959463334,High
2020-03-27,LightGBM,5D,5,-0.0210022867202119,-0.02358750958788554,High
2020-03-30,LightGBM,5D,5,0.0139993668546436,-0.04129442793391808,High
2020-03-31,LightGBM,5D,5,0.0285373385946971,-0.035446119292316024,High
2020-04-01,LightGBM,5D,5,0.1071730725187686,-0.004705893102509147,High
2020-04-02,LightGBM,5D,5,0.0989838857655076,-0.018996025538362517,High
2020-04-03,LightGBM,5D,5,0.1040806871467748,-0.007410095547726483,High
2020-04-06,LightGBM,5D,5,0.066227002574252,-0.04274998776662798,High
2020-04-07,LightGBM,5D,5,0.0455546089502452,-0.04138669687086366,High
2020-04-08,LightGBM,5D,5,0.0178650755985019,-0.04672128094283283,High
2020-04-09,LightGBM,5D,5,0.0299225373161231,-0.04283737146177258,High
2020-04-13,LightGBM,5D,5,0.0220357511454526,-0.04283737146177258,High
2020-04-14,LightGBM,5D,5,-0.0392339236631857,-0.04978213119827893,High
2020-04-15,LightGBM,5D,5,0.0057141095913203,-0.04271824071909792,High
2020-04-16,LightGBM,5D,5,-0.0006252959084167,-0.04274998776662798,High
2020-04-17,LightGBM,5D,5,-0.013244137362898,-0.049869514893423526,High
2020-04-20,LightGBM,5D,5,0.0194055764341857,-0.04218617141770339,High
2020-04-21,LightGBM,5D,5,0.0453045214800325,-0.04021511288332712,High
2020-04-22,LightGBM,5D,5,0.0488699249429688,-0.006218481565934793,High
2020-04-23,LightGBM,5D,5,0.0401543492841097,-0.005810210009152845,High
2020-04-24,LightGBM,5D,5,-0.0021279522975054,-0.004080685145292116,High
2020-04-27,LightGBM,5D,5,-0.0124939979003919,-0.00895286349446554,High
2020-04-28,LightGBM,5D,5,0.0017621074878715,-0.00895286349446554,High
2020-04-29,LightGBM,5D,5,-0.0314784769562441,-0.00895286349446554,High
2020-04-30,LightGBM,5D,5,-0.0107843778822984,-0.008764097583269547,High
2020-05-01,LightGBM,5D,5,0.0344066281977036,0.0014980830288387063,High
2020-05-04,LightGBM,5D,5,0.030298874985645,0.0030388419815034337,High
2020-05-05,LightGBM,5D,5,0.0005855740158176,-0.006004486548338639,High
2020-05-06,LightGBM,5D,5,-0.0100275422094197,0.0032611530538724574,High
2020-05-07,LightGBM,5D,5,-0.0100075801602392,-0.004080685145292116,High
2020-05-08,LightGBM,5D,5,-0.0228197000217424,-0.0063058652610793854,High
2020-05-11,LightGBM,5D,5,0.0080624393815401,-0.00895286349446554,High
2020-05-12,LightGBM,5D,5,0.0182360574419885,0.0018731334665673107,High
2020-05-13,LightGBM,5D,5,0.0523670446796841,0.0030388419815034337,High
2020-05-14,LightGBM,5D,5,0.0331041585656589,0.0030388419815034337,High
2020-05-15,LightGBM,5D,5,0.0315364290487484,0.0032611530538724574,High
2020-05-18,LightGBM,5D,5,0.0127355053001353,-0.00895286349446554,High
2020-05-19,LightGBM,5D,5,0.037993700502049,-0.00895286349446554,High
2020-05-20,LightGBM,5D,5,0.0193695705637139,-0.008290786786273952,High
2020-05-21,LightGBM,5D,5,0.0319743324259755,-0.008378170481418546,High
2020-05-22,LightGBM,5D,5,0.0333676032175275,-0.008290786786273952,High
2020-05-26,LightGBM,5D,5,0.0293306254784657,-0.008378170481418546,High
2020-05-27,LightGBM,5D,5,0.0281688488007154,-0.008378170481418546,High
2020-05-28,LightGBM,5D,5,0.0269045990420261,-0.008378170481418546,High
2020-05-29,LightGBM,5D,5,0.047977818311354,-0.008378170481418546,High
2020-06-01,LightGBM,5D,5,0.0562032582387956,-0.008378170481418546,High
2020-06-02,LightGBM,5D,5,0.0401962075366748,-0.008378170481418546,High
2020-06-03,LightGBM,5D,5,0.0213122809889289,-0.008378170481418546,High
2020-06-04,LightGBM,5D,5,-0.0360660229237511,-0.008378170481418546,High
2020-06-05,LightGBM,5D,5,-0.0489637491401752,-0.008378170481418546,High
2020-06-08,LightGBM,5D,5,-0.0526555447278059,-0.008378170481418546,High
2020-06-09,LightGBM,5D,5,-0.0260409484413734,-0.008378170481418546,High
2020-06-10,LightGBM,5D,5,-0.0243204889388208,-0.004375783743750868,High
2020-06-11,LightGBM,5D,5,0.0370262474612698,0.0001735820793835313,High
2020-06-12,LightGBM,5D,5,0.0183844472903844,-0.0018409088604499847,High
2020-06-15,LightGBM,5D,5,0.0165806797688676,-0.0019282925555945776,High
2020-06-16,LightGBM,5D,5,0.0020939960936407,0.00308368784331685,High
2020-06-17,LightGBM,5D,5,-0.020494473269392,0.00308368784331685,High
2020-06-18,LightGBM,5D,5,-0.0101886889449758,-0.0033350965210443106,High
2020-06-19,LightGBM,5D,5,-0.0290483796541332,0.0005488129600159741,High
2020-06-22,LightGBM,5D,5,-0.0209435848372578,0.0005488129600159741,High
2020-06-23,LightGBM,5D,5,-0.0099494045929859,0.0008501916727567191,High
2020-06-24,LightGBM,5D,5,0.0212554249785469,0.0027739930758032346,High
2020-06-25,LightGBM,5D,5,0.0148865677271457,0.002861376770947828,High
2020-06-26,LightGBM,5D,5,0.0551687028341401,0.00308368784331685,High
2020-06-29,LightGBM,5D,5,0.0297123368509628,0.002861376770947828,High
2020-06-30,LightGBM,5D,5,0.0222169736786375,0.0027739930758032346,High
2020-07-01,LightGBM,5D,5,0.0115478182265723,0.0005488129600159741,High
2020-07-02,LightGBM,5D,5,0.0174286575241983,0.0005488129600159741,High
2020-07-06,LightGBM,5D,5,-0.0077349185240238,0.0005488129600159741,High
2020-07-07,LightGBM,5D,5,0.0164598599285238,0.0005488129600159741,High
2020-07-08,LightGBM,5D,5,0.0177039306014485,0.0006361966551605672,High
2020-07-09,LightGBM,5D,5,0.0199516068635278,0.0005488129600159741,High
2020-07-10,LightGBM,5D,5,0.0123843596766684,0.0005488129600159741,High
2020-07-13,LightGBM,5D,5,0.0301628021478675,0.0028521809677887473,High
2020-07-14,LightGBM,5D,5,0.0185231308995236,0.0006361966551605672,High
2020-07-15,LightGBM,5D,5,0.0152127045576424,0.0005488129600159741,High
2020-07-16,LightGBM,5D,5,0.0062282413595109,0.0005488129600159741,High
2020-07-17,LightGBM,5D,5,-0.0028259612523487,0.0005488129600159741,High
2020-07-20,LightGBM,5D,5,-0.0038298296860066,0.0005488129600159741,High
2020-07-21,LightGBM,5D,5,-0.0120018944392131,0.0005488129600159741,High
2020-07-22,LightGBM,5D,5,-0.0053807416819443,0.0005488129600159741,High
2020-07-23,LightGBM,5D,5,0.0032583349668476,0.0005488129600159741,High
2020-07-24,LightGBM,5D,5,0.0171092112333001,0.0011318519070871052,High
2020-07-27,LightGBM,5D,5,0.0168966450761765,0.0010444682119425124,Normal
2020-07-28,LightGBM,5D,5,0.0269965035209565,0.0027739930758032346,Normal
2020-07-29,LightGBM,5D,5,0.0210538806047319,0.002200980923719558,Normal
2020-07-30,LightGBM,5D,5,0.0312183083888514,0.0005488129600159741,Normal
2020-07-31,LightGBM,5D,5,0.0242099014166318,0.0005488129600159741,Normal
2020-08-03,LightGBM,5D,5,0.0197930040256648,0.0005488129600159741,Normal
2020-08-04,LightGBM,5D,5,0.008186525598154,0.0005488129600159741,Normal
2020-08-05,LightGBM,5D,5,0.0156768674562496,0.0005488129600159741,Normal
2020-08-06,LightGBM,5D,5,0.0072204687594281,0.0005488129600159741,Normal
2020-08-07,LightGBM,5D,5,0.0064157420931924,0.0005488129600159741,Normal
2020-08-10,LightGBM,5D,5,0.0063834543272239,0.0005488129600159741,Normal
2020-08-11,LightGBM,5D,5,0.0166852501484181,0.0005488129600159741,Normal
2020-08-12,LightGBM,5D,5,-0.0016283754903773,0.0006361966551605672,Normal
2020-08-13,LightGBM,5D,5,0.0035745519541253,0.0005488129600159741,Normal
2020-08-14,LightGBM,5D,5,0.0071816493333768,0.0005488129600159741,Normal
2020-08-17,LightGBM,5D,5,0.0144690871908568,0.0005488129600159741,Normal
2020-08-18,LightGBM,5D,5,0.0157582465165802,0.0005488129600159741,Normal
2020-08-19,LightGBM,5D,5,0.0303163712066038,0.0010444682119425124,Normal
2020-08-20,LightGBM,5D,5,0.0288343624700669,0.0005488129600159741,Low
2020-08-21,LightGBM,5D,5,0.0321091653366645,0.0005488129600159741,Low
2020-08-24,LightGBM,5D,5,0.0199181747962527,0.0005488129600159741,Low
2020-08-25,LightGBM,5D,5,0.0238251064714183,0.0005488129600159741,Low
2020-08-26,LightGBM,5D,5,0.0289301552704466,0.0005488129600159741,Low
2020-08-27,LightGBM,5D,5,-0.0084990849035479,0.0005488129600159741,Low
2020-08-28,LightGBM,5D,5,-0.0233753685073933,0.0005488129600159741,Low
2020-08-31,LightGBM,5D,5,-0.0493268224183516,0.0012000130040851645,Low
2020-09-01,LightGBM,5D,5,-0.036878893176877,0.0005488129600159741,Low
2020-09-02,LightGBM,5D,5,-0.0698691892461422,0.0005488129600159741,Low
2020-09-03,LightGBM,5D,5,-0.0335786649458695,0.0048758677107813425,High
2020-09-04,LightGBM,5D,5,-0.0127510491665715,0.003171071538461443,High
2020-09-08,LightGBM,5D,5,0.0206035658503948,0.003171071538461443,High
2020-09-09,LightGBM,5D,5,-0.0039708417039374,0.003171071538461443,High
2020-09-10,LightGBM,5D,5,0.0053224546929055,0.00308368784331685,High
2020-09-11,LightGBM,5D,5,-0.0064560524130101,-0.000712837942598837,High
2020-09-14,LightGBM,5D,5,-0.0307559514653309,0.0027739930758032346,High
2020-09-15,LightGBM,5D,5,-0.0254987209974544,0.0005488129600159741,High
2020-09-16,LightGBM,5D,5,-0.0448764130196767,0.0010444682119425124,High
2020-09-17,LightGBM,5D,5,-0.0334454579364953,0.0005488129600159741,High
2020-09-18,LightGBM,5D,5,-0.0063494417644783,0.002288364618864151,High
2020-09-21,LightGBM,5D,5,0.0212713141166736,0.003171071538461443,High
2020-09-22,LightGBM,5D,5,0.0059840150138535,0.003171071538461443,High
2020-09-23,LightGBM,5D,5,0.0382111964966071,0.00308368784331685,High
2020-09-24,LightGBM,5D,5,0.0405071405062733,0.003171071538461443,High
2020-09-25,LightGBM,5D,5,0.0150328884157139,0.002200980923719558,High
2020-09-28,LightGBM,5D,5,0.0168638055647606,0.0005488129600159741,High
2020-09-29,LightGBM,5D,5,0.0076160238816814,0.0005488129600159741,High
2020-09-30,LightGBM,5D,5,0.0166433450835435,0.0005488129600159741,High
2020-10-01,LightGBM,5D,5,0.0193426084141179,0.0005488129600159741,High
2020-10-02,LightGBM,5D,5,0.0377215164612414,0.0005488129600159741,High
2020-10-05,LightGBM,5D,5,0.0361909376166647,0.0006361966551605672,High
2020-10-06,LightGBM,5D,5,0.0439361103750245,0.0005488129600159741,High
2020-10-07,LightGBM,5D,5,0.0200437745207237,0.0006361966551605672,High
2020-10-08,LightGBM,5D,5,0.0105366381116412,0.0005488129600159741,High
2020-10-09,LightGBM,5D,5,0.001916453387519,0.0005488129600159741,High
2020-10-12,LightGBM,5D,5,-0.0308307402857478,0.0005488129600159741,High
2020-10-13,LightGBM,5D,5,-0.0197876533365833,0.0005488129600159741,High
2020-10-14,LightGBM,5D,5,-0.0153405952640942,0.0005488129600159741,High
2020-10-15,LightGBM,5D,5,-0.0086063177463899,0.0005488129600159741,High
2020-10-16,LightGBM,5D,5,-0.005301389882631,0.0008501916727567191,High
2020-10-19,LightGBM,5D,5,-0.0076011993530103,0.00308368784331685,High
2020-10-20,LightGBM,5D,5,-0.015347600023457,0.002861376770947828,High
2020-10-21,LightGBM,5D,5,-0.0490750281204645,0.0027739930758032346,High
2020-10-22,LightGBM,5D,5,-0.0424038571839583,0.0027739930758032346,High
2020-10-23,LightGBM,5D,5,-0.0580474089496077,0.002200980923719558,High
2020-10-26,LightGBM,5D,5,-0.0270399850736941,0.0028521809677887473,High
2020-10-27,LightGBM,5D,5,-0.0063670420391708,0.002861376770947828,High
2020-10-28,LightGBM,5D,5,0.0513660257244986,0.0037348878873860393,High
2020-10-29,LightGBM,5D,5,0.0587627665612024,0.003171071538461443,High
2020-10-30,LightGBM,5D,5,0.0706787234210885,0.00308368784331685,High
2015-06-10,LightGBM,20D,1,-0.0259318092879521,0.001684497056167758,Low
2015-06-11,LightGBM,20D,1,-0.0154059396594725,0.0012070444492159982,Low
2015-06-12,LightGBM,20D,1,0.0026182035009852,0.006906870778306348,Low
2015-06-15,LightGBM,20D,1,0.0116947663592569,0.008731572130751559,Low
2015-06-16,LightGBM,20D,1,0.0052857795427658,0.006645628798594658,Low
2015-06-17,LightGBM,20D,1,0.0112908285921687,0.003770339912705254,Low
2015-06-18,LightGBM,20D,1,0.0025424001626107,0.002454672958504056,Low
2015-06-19,LightGBM,20D,1,0.0086309520245618,0.003293882539516415,Low
2015-06-22,LightGBM,20D,1,-0.0017162121997034,0.004339526681809078,Low
2015-06-23,LightGBM,20D,1,-0.0047424436450872,0.00049775866230229,Low
2015-06-24,LightGBM,20D,1,-0.0030541881381614,0.003684337433082468,Low
2015-06-25,LightGBM,20D,1,-0.0108372046782262,0.003257701328258979,Low
2015-06-26,LightGBM,20D,1,-0.016238803998368,0.002770780723978478,Low
2015-06-29,LightGBM,20D,1,0.0171582393121328,0.015981342552094123,Normal
2015-06-30,LightGBM,20D,1,0.0217954198870488,0.01836045489447278,Normal
2015-07-01,LightGBM,20D,1,0.0149116903564342,0.01271025818400265,Normal
2015-07-02,LightGBM,20D,1,0.012945656744929,0.008578419844032965,Normal
2015-07-06,LightGBM,20D,1,0.0140541954989217,0.009044879230784324,Normal
2015-07-07,LightGBM,20D,1,0.0057393957381201,0.005067635114186764,Normal
2015-07-08,LightGBM,20D,1,0.0256421988357525,0.010641611731379971,Normal
2015-07-09,LightGBM,20D,1,0.0155993552683704,0.016638755919196207,Normal
2015-07-10,LightGBM,20D,1,0.0004573460270249,0.008994190139245873,Normal
2015-07-13,LightGBM,20D,1,0.0021789131516949,0.006215528758151877,Normal
2015-07-14,LightGBM,20D,1,-0.0118674247649875,0.007180627387253248,Normal
2015-07-15,LightGBM,20D,1,-0.0101825648260356,0.006177571008650186,Normal
2015-07-16,LightGBM,20D,1,-0.0194413241388925,0.005994113524090745,Normal
2015-07-17,LightGBM,20D,1,-0.0166425634889839,0.007017302422549139,Normal
2015-07-20,LightGBM,20D,1,-0.0122156084035826,0.006671962861043523,Normal
2015-07-21,LightGBM,20D,1,-0.0105737950964927,0.008791920287892413,Normal
2015-07-22,LightGBM,20D,1,-0.0164723664858995,0.00898640276690048,Normal
2015-07-23,LightGBM,20D,1,-0.0321061167286663,0.010021427921087622,Normal
2015-07-24,LightGBM,20D,1,-0.0537143385538834,0.010263362749117743,Normal
2015-07-27,LightGBM,20D,1,-0.0881340278353384,0.010143160528046834,Normal
2015-07-28,LightGBM,20D,1,-0.1140583513798836,0.003129915582210558,Normal
2015-07-29,LightGBM,20D,1,-0.0830591948727354,0.005222816779568822,Normal
2015-07-30,LightGBM,20D,1,-0.0590803072870678,0.003898956685088814,Normal
2015-07-31,LightGBM,20D,1,-0.0561976523291399,0.005520533181398314,Normal
2015-08-03,LightGBM,20D,1,-0.0618640370482194,0.004476149099536644,Normal
2015-08-04,LightGBM,20D,1,-0.0896344477237146,0.006694499552671915,Normal
2015-08-05,LightGBM,20D,1,-0.0746166144859907,0.0018572397120282273,Low
2015-08-06,LightGBM,20D,1,-0.0656693028640096,0.002887705127209458,Low
2015-08-07,LightGBM,20D,1,-0.0782385887619482,0.0033992328602511397,Low
2015-08-10,LightGBM,20D,1,-0.0661917871969348,0.003594369655828741,Low
2015-08-11,LightGBM,20D,1,-0.0705837582858374,0.005433834936955734,Low
2015-08-12,LightGBM,20D,1,-0.0662692864791163,0.004910417071068784,Low
2015-08-13,LightGBM,20D,1,-0.0605162541657488,0.00956676358861857,Low
2015-08-14,LightGBM,20D,1,-0.0685186276631518,0.010302359561148923,Low
2015-08-17,LightGBM,20D,1,-0.0609668317411222,0.002004861812879457,Low
2015-08-18,LightGBM,20D,1,-0.0496701080901133,0.005468334729996464,Low
2015-08-19,LightGBM,20D,1,-0.0439453161230762,0.008824209803434109,Low
2015-08-20,LightGBM,20D,1,-0.0389155866233136,0.02546163463066816,Normal
2015-08-21,LightGBM,20D,1,-0.0019909520677624,0.004891180022998949,High
2015-08-24,LightGBM,20D,1,0.0258255622593784,0.010798455239914458,High
2015-08-25,LightGBM,20D,1,0.0373890677724402,0.018206485835389436,High
2015-08-26,LightGBM,20D,1,-0.0042708835333978,-0.01845584594289067,High
2015-08-27,LightGBM,20D,1,-0.0287440398243084,-0.024901319243609207,High
2015-08-28,LightGBM,20D,1,-0.0553538021439936,-0.031083379883425334,High
2015-08-31,LightGBM,20D,1,-0.0456946295670278,-0.017451338708422946,High
2015-09-01,LightGBM,20D,1,0.0032239188789652,-0.0075813090510597194,High
2015-09-02,LightGBM,20D,1,-0.0129318138659121,-0.02178410296406399,High
2015-09-03,LightGBM,20D,1,0.0001178634510745,-0.020949806790176696,High
2015-09-04,LightGBM,20D,1,0.0336907657238529,-0.005422297301966125,High
2015-09-08,LightGBM,20D,1,0.0053224391826711,-0.0302534754581867,High
2015-09-09,LightGBM,20D,1,0.0273209948093088,-0.02200997327430597,High
2015-09-10,LightGBM,20D,1,0.0308366995089315,-0.022326249284353443,High
2015-09-11,LightGBM,20D,1,0.0270845416244606,-0.02709614004835838,High
2015-09-14,LightGBM,20D,1,0.0324572473248373,-0.03172879159535048,High
2015-09-15,LightGBM,20D,1,0.0128587360032778,-0.02253935940721801,High
2015-09-16,LightGBM,20D,1,-0.0005364356240372,-0.024293659454566775,High
2015-09-17,LightGBM,20D,1,0.0167714601698779,-0.019220433535679652,High
2015-09-18,LightGBM,20D,1,0.0376277524979583,-0.03186017193507932,High
2015-09-21,LightGBM,20D,1,0.0333428694081588,-0.023301121126299788,High
2015-09-22,LightGBM,20D,1,0.0443156983716433,-0.0348266113712012,High
2015-09-23,LightGBM,20D,1,0.0405239936901029,-0.015203665856394776,High
2015-09-24,LightGBM,20D,1,0.0603834925740035,-0.021627006719703735,High
2015-09-25,LightGBM,20D,1,0.0718193483442668,-0.03387355893255676,High
2015-09-28,LightGBM,20D,1,0.0959056265059758,-0.0193717105723482,High
2015-09-29,LightGBM,20D,1,0.0921161467279064,-0.00903864161090653,High
2015-09-30,LightGBM,20D,1,0.0849907366124848,-0.002383067269592514,High
2015-10-01,LightGBM,20D,1,0.0825689225534869,-0.007388504824541758,High
2015-10-02,LightGBM,20D,1,0.0635336478486558,-0.00020038289360967953,High
2015-10-05,LightGBM,20D,1,0.0572129306689683,-0.004482565057532932,High
2015-10-06,LightGBM,20D,1,0.063531972938179,-0.013189207403130848,High
2015-10-07,LightGBM,20D,1,0.0519767861409791,-0.02027634499334125,High
2015-10-08,LightGBM,20D,1,0.0420642162399224,-0.005251432138542042,High
2015-10-09,LightGBM,20D,1,0.0409916858993833,-0.015465745155184127,High
2015-10-12,LightGBM,20D,1,0.0298457307655479,-0.015022948399656075,High
2015-10-13,LightGBM,20D,1,0.0382040096091247,-0.016934689710391998,High
2015-10-14,LightGBM,20D,1,0.0396981331994949,-0.01635048521407134,High
2015-10-15,LightGBM,20D,1,0.0108654185115071,-0.0031169402738470114,High
2015-10-16,LightGBM,20D,1,-0.0049652832943452,-0.0042401458172705905,High
2015-10-19,LightGBM,20D,1,0.0095575105560159,-0.00018182289421104445,High
2015-10-20,LightGBM,20D,1,0.0096393345936631,-0.0035360840238533356,Normal
2015-10-21,LightGBM,20D,1,0.0315150133819696,0.0018444770464838757,Normal
2015-10-22,LightGBM,20D,1,0.0139004260403963,0.0002875572128650611,High
2015-10-23,LightGBM,20D,1,0.0067334273515029,0.0010348226542330626,High
2015-10-26,LightGBM,20D,1,0.007412736510919,-0.0035521554482953552,Normal
2015-10-27,LightGBM,20D,1,0.0111913723209673,-0.0037035779113469324,Normal
2015-10-28,LightGBM,20D,1,-0.0007082567821432,-0.004569633507407448,Normal
2015-10-29,LightGBM,20D,1,0.0003350601579984,-0.003383662387285361,Normal
2015-10-30,LightGBM,20D,1,0.0005047417068051,-0.004265570069335981,Normal
2015-11-02,LightGBM,20D,1,-0.0006751956852701,-0.0014091324952054624,Normal
2015-11-03,LightGBM,20D,1,-0.0144561412497865,-0.003704667891080735,Normal
2015-11-04,LightGBM,20D,1,-0.0253823007542894,-0.0032363063095049833,Normal
2015-11-05,LightGBM,20D,1,-0.0039316546339399,-0.004146682448441391,Normal
2015-11-06,LightGBM,20D,1,-0.010598016814314,-0.00261402296619446,Normal
2015-11-09,LightGBM,20D,1,-0.0072377787834061,-0.0027524714455841206,Normal
2015-11-10,LightGBM,20D,1,-0.0165163203025484,-0.004905718069141259,Normal
2015-11-11,LightGBM,20D,1,-0.0110341564023848,-0.005143286693173234,Normal
2015-11-12,LightGBM,20D,1,-0.0165588608215675,-0.006692465359837276,Normal
2015-11-13,LightGBM,20D,1,-0.0005439323253439,-0.00397194397006883,Normal
2015-11-16,LightGBM,20D,1,-0.0047746550136639,-0.008863924757987604,Normal
2015-11-17,LightGBM,20D,1,0.0109762576553539,0.0008801894834766535,Normal
2015-11-18,LightGBM,20D,1,-0.0202117488576946,0.0038632826711190744,Normal
2015-11-19,LightGBM,20D,1,-0.0370455035358221,0.0027377428006170254,Normal
2015-11-20,LightGBM,20D,1,-0.0331001520888153,-0.005231163047487064,Normal
2015-11-23,LightGBM,20D,1,-0.0230864326555622,-0.004199815086232869,Normal
2015-11-24,LightGBM,20D,1,-0.0119660860729691,-0.0035906867611740882,Normal
2015-11-25,LightGBM,20D,1,-0.0134368608618654,0.006647635706883047,Normal
2015-11-27,LightGBM,20D,1,-0.0162112388776523,0.0057836415688760495,Normal
2015-11-30,LightGBM,20D,1,-0.0009857745650108,0.003294098014442235,Normal
2015-12-01,LightGBM,20D,1,-0.0188531122955285,0.005751964308152503,Normal
2015-12-02,LightGBM,20D,1,-0.0172530046975476,0.0005896383848129804,Normal
2015-12-03,LightGBM,20D,1,-0.0181972200512034,0.002295576507597508,Normal
2015-12-04,LightGBM,20D,1,-0.0365048722756948,0.008742209901520368,Normal
2015-12-07,LightGBM,20D,1,-0.042692991317923,0.005230570983156733,Normal
2015-12-08,LightGBM,20D,1,-0.0601677552116733,0.00033981365154147,Normal
2015-12-09,LightGBM,20D,1,-0.0632962062918285,0.001985798050544896,Normal
2015-12-10,LightGBM,20D,1,-0.0646921545746006,0.0010261237008121035,Normal
2015-12-11,LightGBM,20D,1,-0.0373057727010106,0.012873312844452376,High
2015-12-14,LightGBM,20D,1,-0.0673324358429877,0.0008392699201225187,Normal
2015-12-15,LightGBM,20D,1,-0.0613369550145181,0.0006013878091063001,Normal
2015-12-16,LightGBM,20D,1,-0.0975833633634519,0.015141670299698524,High
2015-12-17,LightGBM,20D,1,-0.0818969065401467,0.014669774660737475,Normal
2015-12-18,LightGBM,20D,1,-0.0757021775589383,0.018800400286207705,High
2015-12-21,LightGBM,20D,1,-0.0782684956501463,0.02077881338557481,High
2015-12-22,LightGBM,20D,1,-0.0669658643595018,0.025597678612312533,High
2015-12-23,LightGBM,20D,1,-0.095069006059877,0.023987712173563498,High
2015-12-24,LightGBM,20D,1,-0.0794238528256458,0.022938919190976365,High
2015-12-28,LightGBM,20D,1,-0.0881658386698681,0.023102456742911753,High
2015-12-29,LightGBM,20D,1,-0.0932261521252997,0.022533324204390824,High
2015-12-30,LightGBM,20D,1,-0.0615241023469646,0.0226963514340213,High
2015-12-31,LightGBM,20D,1,-0.0525109521510386,0.01859262723448836,High
2016-01-04,LightGBM,20D,1,-0.056009879071464,0.021580226383098245,High
2016-01-05,LightGBM,20D,1,-0.0530404631892498,0.020462394516419295,High
2016-01-06,LightGBM,20D,1,-0.0383127318941003,0.024905476935497856,High
2016-01-07,LightGBM,20D,1,-0.0329810736511075,0.02528144777478848,High
2016-01-08,LightGBM,20D,1,-0.0363385941283168,0.031426566065619894,High
2016-01-11,LightGBM,20D,1,-0.0378553430708996,0.02740919374223058,High
2016-01-12,LightGBM,20D,1,-0.0458168253194352,0.020399832065705833,High
2016-01-13,LightGBM,20D,1,-0.0329118975707825,-0.021666495104193186,High
2016-01-14,LightGBM,20D,1,-0.0301399432981203,-0.009866020263063251,High
2016-01-15,LightGBM,20D,1,0.0080775671417269,-0.034771817000823595,High
2016-01-19,LightGBM,20D,1,0.0238919975799392,-0.006710359468594765,High
2016-01-20,LightGBM,20D,1,0.0309781314819031,-0.007477367568455842,High
2016-01-21,LightGBM,20D,1,0.0257701095641531,-0.02416766016794507,High
2016-01-22,LightGBM,20D,1,0.0200401137810157,-0.022027958616768404,High
2016-01-25,LightGBM,20D,1,0.0232690813830488,-0.03767221112526228,High
2016-01-26,LightGBM,20D,1,0.0136538035873126,-0.030182887774648906,High
2016-01-27,LightGBM,20D,1,0.0358610926182919,-0.029062506590458025,High
2016-01-28,LightGBM,20D,1,0.0284758765711358,-0.03482872342164824,High
2016-01-29,LightGBM,20D,1,-0.0041369055149924,-0.03443693383626145,High
2016-02-01,LightGBM,20D,1,0.019894814732168,-0.04142836419038647,High
2016-02-02,LightGBM,20D,1,0.0429017333115012,-0.03674366122034142,High
2016-02-03,LightGBM,20D,1,0.0414147476102441,-0.03613286888904793,High
2016-02-04,LightGBM,20D,1,0.0431896191836626,-0.040033801662619564,High
2016-02-05,LightGBM,20D,1,0.0627284002608782,-0.03822346552117057,High
2016-02-08,LightGBM,20D,1,0.0656797021279293,-0.023098560773233575,High
2016-02-09,LightGBM,20D,1,0.0713832155575037,-0.01846903256279216,High
2016-02-10,LightGBM,20D,1,0.0717279764853873,-0.013029897989928076,High
2016-02-11,LightGBM,20D,1,0.1003679694034948,0.006027136112337141,High
2016-02-12,LightGBM,20D,1,0.0797761855798369,-0.010151418917578708,High
2016-02-16,LightGBM,20D,1,0.0615558169038342,-0.01200816381303059,High
2016-02-17,LightGBM,20D,1,0.0507944341599727,-0.028233749293522372,High
2016-02-18,LightGBM,20D,1,0.0620446493525036,-0.020597686063423347,High
2016-02-19,LightGBM,20D,1,0.0664666498853316,-0.029395331874846428,High
2016-02-22,LightGBM,20D,1,0.0531010106905478,-0.020224042366664863,High
2016-02-23,LightGBM,20D,1,0.0647558153645641,-0.023084349504509744,High
2016-02-24,LightGBM,20D,1,0.0539193457992649,-0.04290308689450339,High
2016-02-25,LightGBM,20D,1,0.0422568372894374,-0.015404025309151612,High
2016-02-26,LightGBM,20D,1,0.0446738095070744,-0.015305399369621567,High
2016-02-29,LightGBM,20D,1,0.0616059526528835,-0.036930521831301376,High
2016-03-01,LightGBM,20D,1,0.0423584472448309,-0.0012026790287579807,High
2016-03-02,LightGBM,20D,1,0.0362306550241083,0.005629796378675826,High
2016-03-03,LightGBM,20D,1,0.0390489797703912,-0.004492433326775913,High
2016-03-04,LightGBM,20D,1,0.0325350598585948,0.0019986439243081717,High
2016-03-07,LightGBM,20D,1,0.0214541386459363,0.000599202678412623,High
2016-03-08,LightGBM,20D,1,0.0432106926339557,0.0020882752799516297,High
2016-03-09,LightGBM,20D,1,0.0261229458811367,-0.003932268688701463,High
2016-03-10,LightGBM,20D,1,0.0287498556886304,-0.00034407256102197265,High
2016-03-11,LightGBM,20D,1,0.0097437642101751,-0.001340255243182013,Normal
2016-03-14,LightGBM,20D,1,0.020621286708177,-0.006329961136595605,Normal
2016-03-15,LightGBM,20D,1,0.0324499874110528,-0.0073226567878662075,Normal
2016-03-16,LightGBM,20D,1,0.0270381719594053,-0.004865623695263148,Normal
2016-03-17,LightGBM,20D,1,0.0194798193146631,-0.0008978253124792383,Normal
2016-03-18,LightGBM,20D,1,0.021603577677435,0.00024891456169440825,Normal
2016-03-21,LightGBM,20D,1,0.0236982236760091,0.0001361943904116286,Normal
2016-03-22,LightGBM,20D,1,0.0253372516220157,-0.0024861612614352855,Normal
2016-03-23,LightGBM,20D,1,0.0265361982953909,-0.0030563315272113616,Normal
2016-03-24,LightGBM,20D,1,0.0269621986543086,-0.0027166503250325652,Normal
2016-03-28,LightGBM,20D,1,0.0246034021454731,-0.0017430350629959036,Normal
2016-03-29,LightGBM,20D,1,0.0176963902654728,-0.003687218960731064,Normal
2016-03-30,LightGBM,20D,1,0.0150035043836535,-0.0037728162496244323,Low
2016-03-31,LightGBM,20D,1,0.0077717106817125,-0.00263915336241452,Low
2016-04-01,LightGBM,20D,1,-0.0036151976154444,-0.002104873694194427,Low
2016-04-04,LightGBM,20D,1,0.0073778891276541,-0.002101276199426361,Low
2016-04-05,LightGBM,20D,1,0.0088596881510527,-0.002927258893729114,Low
2016-04-06,LightGBM,20D,1,-0.0075476924864328,0.00424035171011903,Low
2016-04-07,LightGBM,20D,1,0.0042613447907777,-0.0003315979852701,Normal
2016-04-08,LightGBM,20D,1,0.0046482527397141,-0.004728101353740718,Normal
2016-04-11,LightGBM,20D,1,0.0081450119369279,0.002844187284734289,Low
2016-04-12,LightGBM,20D,1,0.010935623291575,0.00013102299018354676,Low
2016-04-13,LightGBM,20D,1,-0.0086619693548514,0.004221300096399443,Low
2016-04-14,LightGBM,20D,1,-0.0090043610529482,0.006387048621760709,Low
2016-04-15,LightGBM,20D,1,-0.0165340256385547,0.006686023383128081,Low
2016-04-18,LightGBM,20D,1,-0.0133047748627399,0.005658349541962077,Low
2016-04-19,LightGBM,20D,1,-0.0258403763177692,0.005673306715672788,Low
2016-04-20,LightGBM,20D,1,-0.0263964736806022,0.006157411632675894,Low
2016-04-21,LightGBM,20D,1,-0.0249025053460309,0.006672976858369298,Low
2016-04-22,LightGBM,20D,1,-0.0189489047027671,0.006878934735983073,Low
2016-04-25,LightGBM,20D,1,-0.0192228516501059,0.00652891129511771,Low
2016-04-26,LightGBM,20D,1,-0.0075052142903526,0.00048779894476286555,Low
2016-04-27,LightGBM,20D,1,-0.002202678750516,0.0008684361736438226,Low
2016-04-28,LightGBM,20D,1,0.0068604912611171,0.004070826701708384,Low
2016-04-29,LightGBM,20D,1,0.0162141354311139,0.004317593010877814,Low
2016-05-02,LightGBM,20D,1,0.0074287601132798,0.004606910973785979,Low
2016-05-03,LightGBM,20D,1,0.0172776581556018,0.002546986039545182,Low
2016-05-04,LightGBM,20D,1,0.0260529370280607,0.003697186406732847,Low
2016-05-05,LightGBM,20D,1,0.02337591148416,0.004222977355563653,Low
2016-05-06,LightGBM,20D,1,0.025091629449971,0.004566205320274061,Low
2016-05-09,LightGBM,20D,1,0.0256270317715587,0.0061651149555424995,Low
2016-05-10,LightGBM,20D,1,0.0165247685074763,0.0008209953105653608,Low
2016-05-11,LightGBM,20D,1,0.0244130557874512,0.005827986108684492,Low
2016-05-12,LightGBM,20D,1,0.0153650026452495,0.006320815293613587,Low
2016-05-13,LightGBM,20D,1,0.0157311380172925,0.009226701155821094,Low
2016-05-16,LightGBM,20D,1,0.0041816565557078,0.0030936566562994533,Low
2016-05-17,LightGBM,20D,1,0.0117951110440604,0.010231074681255574,Low
2016-05-18,LightGBM,20D,1,0.0147180464687046,0.006691886312015927,Low
2016-05-19,LightGBM,20D,1,0.0151683568468163,0.007787900608150961,Low
2016-05-20,LightGBM,20D,1,0.0149582804024347,0.007869709343796992,Low
2016-05-23,LightGBM,20D,1,0.0197543075747462,0.006407881573048012,Low
2016-05-24,LightGBM,20D,1,0.0045127410441802,0.00544438292313655,Normal
2016-05-25,LightGBM,20D,1,0.0108377784645518,0.007290247272921791,Normal
2016-05-26,LightGBM,20D,1,-0.0255325482911022,0.005515053633435028,Normal
2016-05-27,LightGBM,20D,1,-0.0480724897422444,0.004199736829649769,Normal
2016-05-31,LightGBM,20D,1,-0.0294525995175666,0.0028170005436402683,Normal
2016-06-01,LightGBM,20D,1,-0.0136977552002388,0.0011872017814274674,Low
2016-06-02,LightGBM,20D,1,-0.0030445882177591,0.0023265057613658427,Low
2016-06-03,LightGBM,20D,1,0.0018181803119677,0.0013536358512410886,Low
2016-06-06,LightGBM,20D,1,-0.0099381771929945,0.002590666201864792,Low
2016-06-07,LightGBM,20D,1,-0.0058881057639159,0.0006600207396098784,Low
2016-06-08,LightGBM,20D,1,-0.0100641656226037,0.000675286471249213,Low
2016-06-09,LightGBM,20D,1,0.0067932565412822,0.00135618327338465,Low
2016-06-10,LightGBM,20D,1,0.0194136082634467,0.0015086404524476446,Low
2016-06-13,LightGBM,20D,1,0.0345467493605018,0.005640623242522719,Low
2016-06-14,LightGBM,20D,1,0.0364820131074552,0.006892182212605893,Low
2016-06-15,LightGBM,20D,1,0.0435698449729624,0.010587102688891034,Low
2016-06-16,LightGBM,20D,1,0.0395123728020458,0.012098814706493481,Low
2016-06-17,LightGBM,20D,1,0.0451551187685234,0.010298201936501149,Low
2016-06-20,LightGBM,20D,1,0.0379275314896849,0.009815075675146683,Low
2016-06-21,LightGBM,20D,1,0.0394803492012393,0.010918772878642942,Low
2016-06-22,LightGBM,20D,1,0.0375142083412901,0.009480340970783966,Low
2016-06-23,LightGBM,20D,1,0.0287822680588454,0.0060121942837641044,Low
2016-06-24,LightGBM,20D,1,0.0623470421244983,0.013163500665297404,Normal
2016-06-27,LightGBM,20D,1,0.0809320207969203,0.022588683614802346,Normal
2016-06-28,LightGBM,20D,1,0.0621186382460239,0.0061337290978206145,High
2016-06-29,LightGBM,20D,1,0.0468343157228623,0.019460441667085146,High
2016-06-30,LightGBM,20D,1,0.034990432691054,0.018318234323621365,High
2016-07-01,LightGBM,20D,1,0.0317731322505308,0.02093937660561482,High
2016-07-05,LightGBM,20D,1,0.0322622204234618,0.021560401405472947,High
2016-07-06,LightGBM,20D,1,0.0300525760812569,0.021675672738368977,High
2016-07-07,LightGBM,20D,1,0.031137083267479,0.022559766680679574,High
2016-07-08,LightGBM,20D,2,0.0245655939908669,0.0055853087310845494,High
2016-07-11,LightGBM,20D,2,0.0202551973873269,0.0055853087310845494,High
2016-07-12,LightGBM,20D,2,0.0136600730665374,0.0055853087310845494,High
2016-07-13,LightGBM,20D,2,0.0106565173280673,0.0055853087310845494,High
2016-07-14,LightGBM,20D,2,0.0101345096288141,0.0055853087310845494,High
2016-07-15,LightGBM,20D,2,0.010267525301771,0.0055853087310845494,High
2016-07-18,LightGBM,20D,2,0.0106770797744241,0.0055853087310845494,High
2016-07-19,LightGBM,20D,2,0.0066191420583614,0.0055853087310845494,High
2016-07-20,LightGBM,20D,2,0.004224779748753,0.0055853087310845494,High
2016-07-21,LightGBM,20D,2,0.0100410513016603,0.0055853087310845494,High
2016-07-22,LightGBM,20D,2,0.0040561149433819,0.0055853087310845494,High
2016-07-25,LightGBM,20D,2,0.0065086517999886,0.0055853087310845494,Normal
2016-07-26,LightGBM,20D,2,0.0081357868176308,0.0055853087310845494,Normal
2016-07-27,LightGBM,20D,2,0.0040809925047676,0.0055853087310845494,Low
2016-07-28,LightGBM,20D,2,0.0011099116600298,0.0055853087310845494,Low
2016-07-29,LightGBM,20D,2,-0.0021001326963411,0.0055853087310845494,Low
2016-08-01,LightGBM,20D,2,0.0043848898798241,0.0055853087310845494,Low
2016-08-02,LightGBM,20D,2,0.0088112392853691,0.0055853087310845494,Low
2016-08-03,LightGBM,20D,2,0.0033035054637354,0.0055853087310845494,Low
2016-08-04,LightGBM,20D,2,0.0030495707748348,0.0055853087310845494,Low
2016-08-05,LightGBM,20D,2,-0.0013248849155106,0.0055853087310845494,Low
2016-08-08,LightGBM,20D,2,0.0025599347460361,0.0055853087310845494,Low
2016-08-09,LightGBM,20D,2,0.0020238208211868,0.0055853087310845494,Low
2016-08-10,LightGBM,20D,2,0.0026671296922049,0.0055853087310845494,Low
2016-08-11,LightGBM,20D,2,-0.0268840278210751,0.0055853087310845494,Low
2016-08-12,LightGBM,20D,2,-0.0115172772007267,0.0055853087310845494,Low
2016-08-15,LightGBM,20D,2,-0.0292480417734594,0.0055853087310845494,Low
2016-08-16,LightGBM,20D,2,-0.024341748956794,0.0055853087310845494,Low
2016-08-17,LightGBM,20D,2,-0.0161500785135097,0.0055853087310845494,Low
2016-08-18,LightGBM,20D,2,-0.0221267080054643,0.0055853087310845494,Low
2016-08-19,LightGBM,20D,2,-0.0207040016705207,0.0055853087310845494,Low
2016-08-22,LightGBM,20D,2,-0.0198414263029635,0.0055853087310845494,Low
2016-08-23,LightGBM,20D,2,-0.0109332931476893,0.0055853087310845494,Low
2016-08-24,LightGBM,20D,2,0.0007995140296244,0.0055853087310845494,Low
2016-08-25,LightGBM,20D,2,-0.0035876185334487,0.0055853087310845494,Low
2016-08-26,LightGBM,20D,2,-0.0106324044126515,0.0055853087310845494,Low
2016-08-29,LightGBM,20D,2,-0.0094233376760278,0.0055853087310845494,Low
2016-08-30,LightGBM,20D,2,-0.0021851696652625,0.0055853087310845494,Low
2016-08-31,LightGBM,20D,2,-0.0091716062897812,0.0055853087310845494,Low
2016-09-01,LightGBM,20D,2,-0.0011938283123421,0.0055853087310845494,Low
2016-09-02,LightGBM,20D,2,-0.0086520930929038,0.0055853087310845494,Low
2016-09-06,LightGBM,20D,2,-0.0165972172492712,0.0055853087310845494,Low
2016-09-07,LightGBM,20D,2,-0.0121633350797807,0.0055853087310845494,Low
2016-09-08,LightGBM,20D,2,-0.0094564030347059,0.0055853087310845494,Low
2016-09-09,LightGBM,20D,2,0.0121125519345162,0.0055853087310845494,Low
2016-09-12,LightGBM,20D,2,0.0021374950184061,0.0055853087310845494,Normal
2016-09-13,LightGBM,20D,2,0.004554665598861,0.0055853087310845494,Normal
2016-09-14,LightGBM,20D,2,0.0062884472050729,0.0055853087310845494,Normal
2016-09-15,LightGBM,20D,2,-0.006874145656601,0.0055853087310845494,Normal
2016-09-16,LightGBM,20D,2,-0.0028931337019078,0.0055853087310845494,Normal
2016-09-19,LightGBM,20D,2,-0.0059171485799234,0.0055853087310845494,Normal
2016-09-20,LightGBM,20D,2,-7.473645845881343e-05,0.0055853087310845494,Normal
2016-09-21,LightGBM,20D,2,-0.0087431646367442,0.0055853087310845494,Normal
2016-09-22,LightGBM,20D,2,-0.0165985876857672,0.0055853087310845494,Normal
2016-09-23,LightGBM,20D,2,-0.0109294398662032,0.0055853087310845494,Normal
2016-09-26,LightGBM,20D,2,0.0024340048991402,0.0055853087310845494,Normal
2016-09-27,LightGBM,20D,2,-0.0077944477308641,0.0055853087310845494,Normal
2016-09-28,LightGBM,20D,2,-0.0148189522556939,0.0055853087310845494,Normal
2016-09-29,LightGBM,20D,2,-0.0084450204316215,0.0055853087310845494,Normal
2016-09-30,LightGBM,20D,2,-0.0194945531592741,0.0055853087310845494,Normal
2016-10-03,LightGBM,20D,2,-0.0163508138619457,0.0055853087310845494,Normal
2016-10-04,LightGBM,20D,2,-0.0181929511843186,0.0055853087310845494,Normal
2016-10-05,LightGBM,20D,2,-0.0290273218689698,0.0055853087310845494,Normal
2016-10-06,LightGBM,20D,2,-0.0339419787441838,0.0055853087310845494,Normal
2016-10-07,LightGBM,20D,2,-0.0323507115742625,0.0055853087310845494,Normal
2016-10-10,LightGBM,20D,2,-0.0149658421621217,0.0055853087310845494,Normal
2016-10-11,LightGBM,20D,2,0.0013236139327915,0.0055853087310845494,Low
2016-10-12,LightGBM,20D,2,0.0111938016060487,0.0055853087310845494,Low
2016-10-13,LightGBM,20D,2,0.0162467237343781,0.0055853087310845494,Low
2016-10-14,LightGBM,20D,2,0.0146462112274593,0.0055853087310845494,Low
2016-10-17,LightGBM,20D,2,0.0175733198821164,0.0055853087310845494,Low
2016-10-18,LightGBM,20D,2,0.0188847692985071,0.0055853087310845494,Low
2016-10-19,LightGBM,20D,2,0.0151116806207807,0.0055853087310845494,Low
2016-10-20,LightGBM,20D,2,0.0211538211133594,0.0055853087310845494,Low
2016-10-21,LightGBM,20D,2,0.0188483148879658,0.0055853087310845494,Low
2016-10-24,LightGBM,20D,2,0.0215434223114122,0.0055853087310845494,Low
2016-10-25,LightGBM,20D,2,0.0275114708797117,0.0055853087310845494,Low
2016-10-26,LightGBM,20D,2,0.0300610969578077,0.0055853087310845494,Low
2016-10-27,LightGBM,20D,2,0.0369590384772404,0.0055853087310845494,Low
2016-10-28,LightGBM,20D,2,0.0348037893621302,0.0055853087310845494,Low
2016-10-31,LightGBM,20D,2,0.0362604755995908,0.0055853087310845494,Low
2016-11-01,LightGBM,20D,2,0.0404135641531693,0.0055853087310845494,Low
2016-11-02,LightGBM,20D,2,0.0434387256398595,0.0055853087310845494,Low
2016-11-03,LightGBM,20D,2,0.0482688663825537,0.0055853087310845494,Low
2016-11-04,LightGBM,20D,2,0.0557408135809902,0.0055853087310845494,Low
2016-11-07,LightGBM,20D,2,0.0371656983203999,0.0055853087310845494,Normal
2016-11-08,LightGBM,20D,2,0.0464781786679658,0.0055853087310845494,Low
2016-11-09,LightGBM,20D,2,0.0376190738051806,0.0055853087310845494,Low
2016-11-10,LightGBM,20D,2,0.0415916466220552,0.0055853087310845494,Low
2016-11-11,LightGBM,20D,2,0.0418524926792532,0.0055853087310845494,Low
2016-11-14,LightGBM,20D,2,0.0484864853376734,0.0055853087310845494,Low
2016-11-15,LightGBM,20D,2,0.0328832348537253,0.0055853087310845494,Low
2016-11-16,LightGBM,20D,2,0.0383424590636551,0.0055853087310845494,Low
2016-11-17,LightGBM,20D,2,0.0319248329514769,0.0055853087310845494,Low
2016-11-18,LightGBM,20D,2,0.0362876570322365,0.0055853087310845494,Low
2016-11-21,LightGBM,20D,2,0.0324848673625155,0.0055853087310845494,Normal
2016-11-22,LightGBM,20D,2,0.0278613905342448,0.0055853087310845494,Normal
2016-11-23,LightGBM,20D,2,0.0251889811549393,0.0055853087310845494,Low
2016-11-25,LightGBM,20D,2,0.0225331680765949,0.0055853087310845494,Low
2016-11-28,LightGBM,20D,2,0.0300474062358788,0.0055853087310845494,Normal
2016-11-29,LightGBM,20D,2,0.0203213631728453,0.0055853087310845494,Low
2016-11-30,LightGBM,20D,2,0.0226849459961333,0.0055853087310845494,Low
2016-12-01,LightGBM,20D,2,0.0215588342660429,0.0055853087310845494,Low
2016-12-02,LightGBM,20D,2,0.0296126732991153,0.0055853087310845494,Low
2016-12-05,LightGBM,20D,2,0.0295142101429209,0.0055853087310845494,Low
2016-12-06,LightGBM,20D,2,0.0253381580715653,0.0055853087310845494,Low
2016-12-07,LightGBM,20D,2,0.0157715885074208,0.0055853087310845494,Low
2016-12-08,LightGBM,20D,2,0.0100596680189903,0.0055853087310845494,Low
2016-12-09,LightGBM,20D,2,0.0041382494860205,0.0055853087310845494,Low
2016-12-12,LightGBM,20D,2,0.0081019741657218,0.0055853087310845494,Low
2016-12-13,LightGBM,20D,2,-0.0005636214292446,0.0055853087310845494,Low
2016-12-14,LightGBM,20D,2,0.0094348054277607,0.0055853087310845494,Low
2016-12-15,LightGBM,20D,2,0.0025871832839886,0.0055853087310845494,Low
2016-12-16,LightGBM,20D,2,0.0061015405047782,0.0055853087310845494,Low
2016-12-19,LightGBM,20D,2,0.0005125301652477,0.0055853087310845494,Low
2016-12-20,LightGBM,20D,2,0.0002422018253947,0.0055853087310845494,Low
2016-12-21,LightGBM,20D,2,8.837904002783037e-06,0.0055853087310845494,Low
2016-12-22,LightGBM,20D,2,0.0084166896553614,0.0055853087310845494,Low
2016-12-23,LightGBM,20D,2,0.0151598099162512,0.0055853087310845494,Low
2016-12-27,LightGBM,20D,2,0.0121783060764394,0.0055853087310845494,Low
2016-12-28,LightGBM,20D,2,0.0197031072964692,0.0055853087310845494,Low
2016-12-29,LightGBM,20D,2,0.0139687815322409,0.0055853087310845494,Low
2016-12-30,LightGBM,20D,2,0.0177263146210628,0.0055853087310845494,Low
2017-01-03,LightGBM,20D,2,0.0095738668560221,0.0055853087310845494,Low
2017-01-04,LightGBM,20D,2,0.0044380499241636,0.0055853087310845494,Low
2017-01-05,LightGBM,20D,2,0.0124475143811984,0.0055853087310845494,Low
2017-01-06,LightGBM,20D,2,0.0068191276869103,0.0055853087310845494,Low
2017-01-09,LightGBM,20D,2,0.0106008366223156,0.0055853087310845494,Low
2017-01-10,LightGBM,20D,2,0.0112939187709253,0.0055853087310845494,Low
2017-01-11,LightGBM,20D,2,0.0142043401177834,0.0055853087310845494,Low
2017-01-12,LightGBM,20D,2,0.0199111593335223,0.0055853087310845494,Low
2017-01-13,LightGBM,20D,2,0.0232951615223869,0.0055853087310845494,Low
2017-01-17,LightGBM,20D,2,0.030266403174278,0.0055853087310845494,Low
2017-01-18,LightGBM,20D,2,0.0334840913702031,0.0055853087310845494,Low
2017-01-19,LightGBM,20D,2,0.0362354373929721,0.0055853087310845494,Low
2017-01-20,LightGBM,20D,2,0.0345520026589097,0.0055853087310845494,Low
2017-01-23,LightGBM,20D,2,0.0432756023250485,0.0055853087310845494,Low
2017-01-24,LightGBM,20D,2,0.0356496756492821,0.0055853087310845494,Low
2017-01-25,LightGBM,20D,2,0.0280745218245724,0.0055853087310845494,Low
2017-01-26,LightGBM,20D,2,0.0303024269918673,0.0055853087310845494,Low
2017-01-27,LightGBM,20D,2,0.0321867317493426,0.0055853087310845494,Low
2017-01-30,LightGBM,20D,2,0.0356326991302444,0.0055853087310845494,Low
2017-01-31,LightGBM,20D,2,0.0501042118220022,0.0055853087310845494,Low
2017-02-01,LightGBM,20D,2,0.0439287758617805,0.0055853087310845494,Low
2017-02-02,LightGBM,20D,2,0.0438623793916245,0.0055853087310845494,Low
2017-02-03,LightGBM,20D,2,0.033341259773505,0.0055853087310845494,Low
2017-02-06,LightGBM,20D,2,0.0325412313851243,0.0055853087310845494,Low
2017-02-07,LightGBM,20D,2,0.0300275999572145,0.0055853087310845494,Low
2017-02-08,LightGBM,20D,2,0.0301340934213712,0.0055853087310845494,Low
2017-02-09,LightGBM,20D,2,0.0276613693912696,0.0055853087310845494,Low
2017-02-10,LightGBM,20D,2,0.0244682281884301,0.0055853087310845494,Low
2017-02-13,LightGBM,20D,2,0.0158513456235278,0.0055853087310845494,Low
2017-02-14,LightGBM,20D,2,0.0201918975525416,0.0055853087310845494,Low
2017-02-15,LightGBM,20D,2,0.0135839740876235,0.0055853087310845494,Low
2017-02-16,LightGBM,20D,2,0.0131332864249421,0.0055853087310845494,Low
2017-02-17,LightGBM,20D,2,0.0094442210173245,0.0055853087310845494,Low
2017-02-21,LightGBM,20D,2,-0.0090712235928466,0.0055853087310845494,Low
2017-02-22,LightGBM,20D,2,-0.0061003345985798,0.0055853087310845494,Low
2017-02-23,LightGBM,20D,2,-0.007580065714669,0.0055853087310845494,Low
2017-02-24,LightGBM,20D,2,-0.0099166681606391,0.0055853087310845494,Low
2017-02-27,LightGBM,20D,2,-0.0119542410142186,0.0055853087310845494,Low
2017-02-28,LightGBM,20D,2,-0.0021472260693997,0.0055853087310845494,Low
2017-03-01,LightGBM,20D,2,-0.0146437009492948,0.0055853087310845494,Low
2017-03-02,LightGBM,20D,2,-0.0058357730654845,0.0055853087310845494,Low
2017-03-03,LightGBM,20D,2,-0.0085971173722863,0.0055853087310845494,Low
2017-03-06,LightGBM,20D,2,-0.0069579699167338,0.0055853087310845494,Low
2017-03-07,LightGBM,20D,2,-0.0034809779399827,0.0055853087310845494,Low
2017-03-08,LightGBM,20D,2,-0.004253686787441,0.0055853087310845494,Low
2017-03-09,LightGBM,20D,2,-0.0031256121064722,0.0055853087310845494,Low
2017-03-10,LightGBM,20D,2,-0.0072164242752756,0.0055853087310845494,Low
2017-03-13,LightGBM,20D,2,-0.0068955397586622,0.0055853087310845494,Low
2017-03-14,LightGBM,20D,2,-0.0049456990697295,0.0055853087310845494,Low
2017-03-15,LightGBM,20D,2,-0.0170526156134027,0.0055853087310845494,Low
2017-03-16,LightGBM,20D,2,-0.0222626011040233,0.0055853087310845494,Low
2017-03-17,LightGBM,20D,2,-0.0123709561486847,0.0055853087310845494,Low
2017-03-20,LightGBM,20D,2,-0.0132666429141377,0.0055853087310845494,Low
2017-03-21,LightGBM,20D,2,-0.0024988737209041,0.0055853087310845494,Low
2017-03-22,LightGBM,20D,2,0.0031418737946071,0.0055853087310845494,Low
2017-03-23,LightGBM,20D,2,0.0011630178323216,0.0055853087310845494,Low
2017-03-24,LightGBM,20D,2,0.012789106634372,0.0055853087310845494,Low
2017-03-27,LightGBM,20D,2,0.0198814284319686,0.0055853087310845494,Low
2017-03-28,LightGBM,20D,2,0.0121702981266575,0.0055853087310845494,Low
2017-03-29,LightGBM,20D,2,0.0116383289231265,0.0055853087310845494,Low
2017-03-30,LightGBM,20D,2,0.0067925385399315,0.0055853087310845494,Low
2017-03-31,LightGBM,20D,2,0.0107809243050921,0.0055853087310845494,Low
2017-04-03,LightGBM,20D,2,0.013612743198917,0.0055853087310845494,Low
2017-04-04,LightGBM,20D,2,0.0117812077284283,0.0055853087310845494,Low
2017-04-05,LightGBM,20D,2,0.0154226778278199,0.0055853087310845494,Low
2017-04-06,LightGBM,20D,2,0.0175753869415633,0.0055853087310845494,Low
2017-04-07,LightGBM,20D,2,0.0184403046764161,0.0055853087310845494,Low
2017-04-10,LightGBM,20D,2,0.0167270799838398,0.0055853087310845494,Low
2017-04-11,LightGBM,20D,2,0.0192919509932476,0.0055853087310845494,Low
2017-04-12,LightGBM,20D,2,0.0208938370381279,0.0055853087310845494,Low
2017-04-13,LightGBM,20D,2,0.0262523219871379,0.0055853087310845494,Low
2017-04-17,LightGBM,20D,2,0.0224409985990458,0.0055853087310845494,Low
2017-04-18,LightGBM,20D,2,0.0246614684078932,0.0055853087310845494,Low
2017-04-19,LightGBM,20D,2,0.0080338256336465,0.0055853087310845494,Low
2017-04-20,LightGBM,20D,2,0.0041850138978888,0.0055853087310845494,Low
2017-04-21,LightGBM,20D,2,0.0139694052132046,0.0055853087310845494,Low
2017-04-24,LightGBM,20D,2,0.0083345319211012,0.0055853087310845494,Low
2017-04-25,LightGBM,20D,2,0.0040985028817307,0.0055853087310845494,Low
2017-04-26,LightGBM,20D,2,0.0070703581619944,0.0055853087310845494,Low
2017-04-27,LightGBM,20D,2,0.0109497032036732,0.0055853087310845494,Low
2017-04-28,LightGBM,20D,2,0.0131751844604657,0.0055853087310845494,Low
2017-05-01,LightGBM,20D,2,0.0102390419040379,0.0055853087310845494,Low
2017-05-02,LightGBM,20D,2,0.0085906236982751,0.0055853087310845494,Low
2017-05-03,LightGBM,20D,2,0.0174053886789501,0.0055853087310845494,Low
2017-05-04,LightGBM,20D,2,0.0205243300091266,0.0055853087310845494,Low
2017-05-05,LightGBM,20D,2,0.0152255634612194,0.0055853087310845494,Low
2017-05-08,LightGBM,20D,2,0.0124052095231075,0.0055853087310845494,Low
2017-05-09,LightGBM,20D,2,0.0149980128762481,0.0055853087310845494,Low
2017-05-10,LightGBM,20D,2,0.0141352191944633,0.0055853087310845494,Low
2017-05-11,LightGBM,20D,2,0.0154700367023827,0.0055853087310845494,Low
2017-05-12,LightGBM,20D,2,0.0159703295634589,0.0055853087310845494,Low
2017-05-15,LightGBM,20D,2,0.0157065461036737,0.0055853087310845494,Low
2017-05-16,LightGBM,20D,2,0.0153973521753423,0.0055853087310845494,Low
2017-05-17,LightGBM,20D,2,0.0315007105496168,0.0055853087310845494,Low
2017-05-18,LightGBM,20D,2,0.0281042710724604,0.0055853087310845494,Low
2017-05-19,LightGBM,20D,2,0.029672151071154,0.0055853087310845494,Low
2017-05-22,LightGBM,20D,2,0.017806127328214,0.0055853087310845494,Low
2017-05-23,LightGBM,20D,2,0.0153871279625619,0.0055853087310845494,Low
2017-05-24,LightGBM,20D,2,0.0124452081855474,0.0055853087310845494,Low
2017-05-25,LightGBM,20D,2,0.0095727946989782,0.0055853087310845494,Low
2017-05-26,LightGBM,20D,2,0.0095780448534083,0.0055853087310845494,Low
2017-05-30,LightGBM,20D,2,0.0026778090072692,0.0055853087310845494,Low
2017-05-31,LightGBM,20D,2,0.0119073852737716,0.0055853087310845494,Low
2017-06-01,LightGBM,20D,2,-0.004272427155217,0.0055853087310845494,Low
2017-06-02,LightGBM,20D,2,-0.0064412441623894,0.0055853087310845494,Low
2017-06-05,LightGBM,20D,2,-0.0029146690428132,0.0055853087310845494,Low
2017-06-06,LightGBM,20D,2,0.0013204636596794,0.0055853087310845494,Low
2017-06-07,LightGBM,20D,2,-0.0096595524435342,0.0055853087310845494,Low
2017-06-08,LightGBM,20D,2,-0.0035440089095833,0.0055853087310845494,Low
2017-06-09,LightGBM,20D,2,-0.0017863389398834,0.0055853087310845494,Low
2017-06-12,LightGBM,20D,2,-0.0015900835262475,0.0055853087310845494,Low
2017-06-13,LightGBM,20D,2,0.0011876085783438,0.0055853087310845494,Low
2017-06-14,LightGBM,20D,2,0.0040567650171345,0.0055853087310845494,Low
2017-06-15,LightGBM,20D,2,0.0109614909839841,0.0055853087310845494,Low
2017-06-16,LightGBM,20D,2,0.0106249775972177,0.0055853087310845494,Low
2017-06-19,LightGBM,20D,2,0.0029100730884346,0.0055853087310845494,Low
2017-06-20,LightGBM,20D,2,0.0149874917514198,0.0055853087310845494,Low
2017-06-21,LightGBM,20D,2,0.0154166348560844,0.0055853087310845494,Low
2017-06-22,LightGBM,20D,2,0.0155045814993135,0.0055853087310845494,Low
2017-06-23,LightGBM,20D,2,0.0128805819484959,0.0055853087310845494,Low
2017-06-26,LightGBM,20D,2,0.0154837375286614,0.0055853087310845494,Low
2017-06-27,LightGBM,20D,2,0.0238719481104537,0.0055853087310845494,Low
2017-06-28,LightGBM,20D,2,0.0141292848265089,0.0055853087310845494,Low
2017-06-29,LightGBM,20D,2,0.0214244859925343,0.0055853087310845494,Low
2017-06-30,LightGBM,20D,2,0.0191640175471008,0.0055853087310845494,Low
2017-07-03,LightGBM,20D,2,0.0193019703428917,0.0055853087310845494,Low
2017-07-05,LightGBM,20D,2,0.0183422737139506,0.0055853087310845494,Low
2017-07-06,LightGBM,20D,2,0.0255692191858709,0.0055853087310845494,Low
2017-07-07,LightGBM,20D,2,0.0210738280337947,0.0055853087310845494,Low
2017-07-10,LightGBM,20D,2,0.0217923365745625,0.0055853087310845494,Low
2017-07-11,LightGBM,20D,2,0.0201579714102593,0.0055853087310845494,Low
2017-07-12,LightGBM,20D,2,0.0125152456697256,0.0055853087310845494,Low
2017-07-13,LightGBM,20D,2,-0.003937802204489,0.0055853087310845494,Low
2017-07-14,LightGBM,20D,2,-0.007325661246511,0.0055853087310845494,Low
2017-07-17,LightGBM,20D,2,0.0027209042362451,0.0055853087310845494,Low
2017-07-18,LightGBM,20D,2,0.0016242932112507,0.0055853087310845494,Low
2017-07-19,LightGBM,20D,2,-0.0023148694814704,0.0055853087310845494,Low
2017-07-20,LightGBM,20D,2,-0.0177185408800548,0.0055853087310845494,Low
2017-07-21,LightGBM,20D,2,-0.0191876552121979,0.0055853087310845494,Low
2017-07-24,LightGBM,20D,2,-0.0169613785022229,0.0055853087310845494,Low
2017-07-25,LightGBM,20D,2,-0.0099885907614958,0.0055853087310845494,Low
2017-07-26,LightGBM,20D,2,-0.0137307849002542,0.0055853087310845494,Low
2017-07-27,LightGBM,20D,2,-0.0148342400099989,0.0055853087310845494,Low
2017-07-28,LightGBM,20D,2,-0.0118207526629454,0.0055853087310845494,Low
2017-07-31,LightGBM,20D,2,-0.0106053883550895,0.0055853087310845494,Low
2017-08-01,LightGBM,20D,2,-0.0122090423680181,0.0055853087310845494,Low
2017-08-02,LightGBM,20D,2,-0.0080970379873045,0.0055853087310845494,Low
2017-08-03,LightGBM,20D,2,-0.0002063225676454,0.0055853087310845494,Low
2017-08-04,LightGBM,20D,2,-0.0001130659428496,0.0055853087310845494,Low
2017-08-07,LightGBM,20D,3,-0.0093383691392749,0.005731309732087496,Low
2017-08-08,LightGBM,20D,3,-0.0037971744157455,0.005731309732087496,Low
2017-08-09,LightGBM,20D,3,-0.0036119516678868,0.005731309732087496,Low
2017-08-10,LightGBM,20D,3,0.0094783065893968,0.005731309732087496,Low
2017-08-11,LightGBM,20D,3,0.0189845246585567,0.005731309732087496,Low
2017-08-14,LightGBM,20D,3,0.0123491760073906,0.005731309732087496,Low
2017-08-15,LightGBM,20D,3,0.0136049425823564,0.005731309732087496,Low
2017-08-16,LightGBM,20D,3,0.0110845232081963,0.005731309732087496,Low
2017-08-17,LightGBM,20D,3,0.028487343241547,0.005731309732087496,Low
2017-08-18,LightGBM,20D,3,0.0317792588320284,0.005731309732087496,Low
2017-08-21,LightGBM,20D,3,0.0317268627341936,0.005731309732087496,Low
2017-08-22,LightGBM,20D,3,0.022469314175878,0.005731309732087496,Low
2017-08-23,LightGBM,20D,3,0.022878318361602,0.005731309732087496,Low
2017-08-24,LightGBM,20D,3,0.0256025191039075,0.005731309732087496,Low
2017-08-25,LightGBM,20D,3,0.0217065247351162,0.005731309732087496,Low
2017-08-28,LightGBM,20D,3,0.0212917353877149,0.005731309732087496,Low
2017-08-29,LightGBM,20D,3,0.024526091027693,0.005731309732087496,Low
2017-08-30,LightGBM,20D,3,0.02112544986857,0.005731309732087496,Low
2017-08-31,LightGBM,20D,3,0.0191190393523553,0.005731309732087496,Low
2017-09-01,LightGBM,20D,3,0.0210049801397325,0.005731309732087496,Low
2017-09-05,LightGBM,20D,3,0.0307409498765382,0.005731309732087496,Low
2017-09-06,LightGBM,20D,3,0.0288630510445079,0.005731309732087496,Low
2017-09-07,LightGBM,20D,3,0.0346724071206541,0.005731309732087496,Low
2017-09-08,LightGBM,20D,3,0.0350881560988721,0.005731309732087496,Low
2017-09-11,LightGBM,20D,3,0.0225011170337114,0.005731309732087496,Low
2017-09-12,LightGBM,20D,3,0.0214625340693062,0.005731309732087496,Low
2017-09-13,LightGBM,20D,3,0.0225075827508873,0.005731309732087496,Low
2017-09-14,LightGBM,20D,3,0.0219207294813639,0.005731309732087496,Low
2017-09-15,LightGBM,20D,3,0.0209529739400508,0.005731309732087496,Low
2017-09-18,LightGBM,20D,3,0.021247334543227,0.005731309732087496,Low
2017-09-19,LightGBM,20D,3,0.0208101078319297,0.005731309732087496,Low
2017-09-20,LightGBM,20D,3,0.0209180206409498,0.005731309732087496,Low
2017-09-21,LightGBM,20D,3,0.0242965307028752,0.005731309732087496,Low
2017-09-22,LightGBM,20D,3,0.0287527428927385,0.005731309732087496,Low
2017-09-25,LightGBM,20D,3,0.0269968702795951,0.005731309732087496,Low
2017-09-26,LightGBM,20D,3,0.0285413070282584,0.005731309732087496,Low
2017-09-27,LightGBM,20D,3,0.0197905289390104,0.005731309732087496,Low
2017-09-28,LightGBM,20D,3,0.0198567775606747,0.005731309732087496,Low
2017-09-29,LightGBM,20D,3,0.0241991244719031,0.005731309732087496,Low
2017-10-02,LightGBM,20D,3,0.0171350282654499,0.005731309732087496,Low
2017-10-03,LightGBM,20D,3,0.0159225300174684,0.005731309732087496,Low
2017-10-04,LightGBM,20D,3,0.0162674304642586,0.005731309732087496,Low
2017-10-05,LightGBM,20D,3,0.0108264742026328,0.005731309732087496,Low
2017-10-06,LightGBM,20D,3,0.014992974694187,0.005731309732087496,Low
2017-10-09,LightGBM,20D,3,0.0180694824469768,0.005731309732087496,Low
2017-10-10,LightGBM,20D,3,0.0155606420114168,0.005731309732087496,Low
2017-10-11,LightGBM,20D,3,0.0152013730138137,0.005731309732087496,Low
2017-10-12,LightGBM,20D,3,0.013120568794795,0.005731309732087496,Low
2017-10-13,LightGBM,20D,3,0.011344799813895,0.005731309732087496,Low
2017-10-16,LightGBM,20D,3,0.0105787281928825,0.005731309732087496,Low
2017-10-17,LightGBM,20D,3,0.0075940947271664,0.005731309732087496,Low
2017-10-18,LightGBM,20D,3,0.0013110364737133,0.005731309732087496,Low
2017-10-19,LightGBM,20D,3,0.0091457451416753,0.005731309732087496,Low
2017-10-20,LightGBM,20D,3,0.0014125319777474,0.005731309732087496,Low
2017-10-23,LightGBM,20D,3,0.0066677971795348,0.005731309732087496,Low
2017-10-24,LightGBM,20D,3,0.0115710351847293,0.005731309732087496,Low
2017-10-25,LightGBM,20D,3,0.0154944481686596,0.005731309732087496,Low
2017-10-26,LightGBM,20D,3,0.0162782931962895,0.005731309732087496,Low
2017-10-27,LightGBM,20D,3,0.0078533516297591,0.005731309732087496,Low
2017-10-30,LightGBM,20D,3,0.0208512612032935,0.005731309732087496,Low
2017-10-31,LightGBM,20D,3,0.0195379543838234,0.005731309732087496,Low
2017-11-01,LightGBM,20D,3,0.0261046969387306,0.005731309732087496,Low
2017-11-02,LightGBM,20D,3,0.0238881662332583,0.005731309732087496,Low
2017-11-03,LightGBM,20D,3,0.0197431663576575,0.005731309732087496,Low
2017-11-06,LightGBM,20D,3,0.0147263319469258,0.005731309732087496,Low
2017-11-07,LightGBM,20D,3,0.0148013405814775,0.005731309732087496,Low
2017-11-08,LightGBM,20D,3,0.0162867936595262,0.005731309732087496,Low
2017-11-09,LightGBM,20D,3,0.0255469770344146,0.005731309732087496,Low
2017-11-10,LightGBM,20D,3,0.0296418661321643,0.005731309732087496,Low
2017-11-13,LightGBM,20D,3,0.0302064389429607,0.005731309732087496,Low
2017-11-14,LightGBM,20D,3,0.0320456505330924,0.005731309732087496,Low
2017-11-15,LightGBM,20D,3,0.0335074815444534,0.005731309732087496,Low
2017-11-16,LightGBM,20D,3,0.0342791421716238,0.005731309732087496,Low
2017-11-17,LightGBM,20D,3,0.0422570377301188,0.005731309732087496,Low
2017-11-20,LightGBM,20D,3,0.0377466697982101,0.005731309732087496,Low
2017-11-21,LightGBM,20D,3,0.030398594844885,0.005731309732087496,Low
2017-11-22,LightGBM,20D,3,0.0331328245608727,0.005731309732087496,Low
2017-11-24,LightGBM,20D,3,0.0306205686445271,0.005731309732087496,Low
2017-11-27,LightGBM,20D,3,0.0299459245312717,0.005731309732087496,Low
2017-11-28,LightGBM,20D,3,0.0209362206447204,0.005731309732087496,Low
2017-11-29,LightGBM,20D,3,0.0231378335304307,0.005731309732087496,Low
2017-11-30,LightGBM,20D,3,0.0097836145748712,0.005731309732087496,Low
2017-12-01,LightGBM,20D,3,0.0200792757290746,0.005731309732087496,Low
2017-12-04,LightGBM,20D,3,0.0275104195222974,0.005731309732087496,Low
2017-12-05,LightGBM,20D,3,0.0352773529035796,0.005731309732087496,Low
2017-12-06,LightGBM,20D,3,0.0424006109626952,0.005731309732087496,Low
2017-12-07,LightGBM,20D,3,0.0411335077198828,0.005731309732087496,Low
2017-12-08,LightGBM,20D,3,0.0369443892016631,0.005731309732087496,Low
2017-12-11,LightGBM,20D,3,0.0326347012684465,0.005731309732087496,Low
2017-12-12,LightGBM,20D,3,0.0380960033152389,0.005731309732087496,Low
2017-12-13,LightGBM,20D,3,0.0452959986844834,0.005731309732087496,Low
2017-12-14,LightGBM,20D,3,0.0458444531536434,0.005731309732087496,Low
2017-12-15,LightGBM,20D,3,0.0462811459500027,0.005731309732087496,Low
2017-12-18,LightGBM,20D,3,0.0393149698729314,0.005731309732087496,Low
2017-12-19,LightGBM,20D,3,0.04692611590304,0.005731309732087496,Low
2017-12-20,LightGBM,20D,3,0.0557887163588261,0.005731309732087496,Low
2017-12-21,LightGBM,20D,3,0.05597703431439,0.005731309732087496,Low
2017-12-22,LightGBM,20D,3,0.0558751734052716,0.005731309732087496,Low
2017-12-26,LightGBM,20D,3,0.0575365885041631,0.005731309732087496,Low
2017-12-27,LightGBM,20D,3,0.0685175983000053,0.005731309732087496,Low
2017-12-28,LightGBM,20D,3,0.0599305430122226,0.005731309732087496,Low
2017-12-29,LightGBM,20D,3,0.0541685324996338,0.005731309732087496,Low
2018-01-02,LightGBM,20D,3,0.0463883201399304,0.005731309732087496,Low
2018-01-03,LightGBM,20D,3,0.039361588543971,0.005731309732087496,Low
2018-01-04,LightGBM,20D,3,0.0139043651719451,0.005731309732087496,Low
2018-01-05,LightGBM,20D,3,-0.0349473216550215,0.005731309732087496,Low
2018-01-08,LightGBM,20D,3,-0.0193177120733813,0.005731309732087496,Low
2018-01-09,LightGBM,20D,3,-0.0256339338144322,0.005731309732087496,Low
2018-01-10,LightGBM,20D,3,-0.0627801402487133,0.005731309732087496,Low
2018-01-11,LightGBM,20D,3,-0.0549635208180707,0.005731309732087496,Low
2018-01-12,LightGBM,20D,3,-0.0478717815389788,0.005731309732087496,Low
2018-01-16,LightGBM,20D,3,-0.0417315462970986,0.005731309732087496,Low
2018-01-17,LightGBM,20D,3,-0.0377891126947037,0.005731309732087496,Low
2018-01-18,LightGBM,20D,3,-0.0241745534204547,0.005731309732087496,Low
2018-01-19,LightGBM,20D,3,-0.0281768017575231,0.005731309732087496,Low
2018-01-22,LightGBM,20D,3,-0.0420696832465737,0.005731309732087496,Low
2018-01-23,LightGBM,20D,3,-0.0497533526981069,0.005731309732087496,Low
2018-01-24,LightGBM,20D,3,-0.0482201426652969,0.005731309732087496,Low
2018-01-25,LightGBM,20D,3,-0.0329213038190088,0.005731309732087496,Low
2018-01-26,LightGBM,20D,3,-0.0330045033044656,0.005731309732087496,Low
2018-01-29,LightGBM,20D,3,-0.0390380784610701,0.005731309732087496,Low
2018-01-30,LightGBM,20D,3,-0.0392372417393891,0.005731309732087496,Low
2018-01-31,LightGBM,20D,3,-0.0531400734529603,0.005731309732087496,Low
2018-02-01,LightGBM,20D,3,-0.0474329896157383,0.005731309732087496,Low
2018-02-02,LightGBM,20D,3,-0.015024691488513,0.005731309732087496,Normal
2018-02-05,LightGBM,20D,3,0.0294532323818651,0.005731309732087496,High
2018-02-06,LightGBM,20D,3,0.0116786672072114,0.005731309732087496,High
2018-02-07,LightGBM,20D,3,0.0211459536398489,0.005731309732087496,High
2018-02-08,LightGBM,20D,3,0.0766345526268581,0.005731309732087496,High
2018-02-09,LightGBM,20D,3,0.0605341100893354,0.005731309732087496,High
2018-02-12,LightGBM,20D,3,0.0403315339968343,0.005731309732087496,High
2018-02-13,LightGBM,20D,3,0.0319810421913682,0.005731309732087496,High
2018-02-14,LightGBM,20D,3,0.0178853659833746,0.005731309732087496,High
2018-02-15,LightGBM,20D,3,0.0075905021538308,0.005731309732087496,High
2018-02-16,LightGBM,20D,3,-0.0070889380374641,0.005731309732087496,High
2018-02-20,LightGBM,20D,3,0.0002502877310922,0.005731309732087496,High
2018-02-21,LightGBM,20D,3,0.0039162600887736,0.005731309732087496,High
2018-02-22,LightGBM,20D,3,-0.0225417043696586,0.005731309732087496,High
2018-02-23,LightGBM,20D,3,-0.0596327899265303,0.005731309732087496,High
2018-02-26,LightGBM,20D,3,-0.0445261878411224,0.005731309732087496,High
2018-02-27,LightGBM,20D,3,-0.0491651620449768,0.005731309732087496,High
2018-02-28,LightGBM,20D,3,-0.0409282748607833,0.005731309732087496,High
2018-03-01,LightGBM,20D,3,-0.0138385315120634,0.005731309732087496,High
2018-03-02,LightGBM,20D,3,-0.0414879993407579,0.005731309732087496,High
2018-03-05,LightGBM,20D,3,-0.0399236556355433,0.005731309732087496,High
2018-03-06,LightGBM,20D,3,-0.0310589362210933,0.005731309732087496,High
2018-03-07,LightGBM,20D,3,-0.0237355229937258,0.005731309732087496,High
2018-03-08,LightGBM,20D,3,-0.0503527382596754,0.005731309732087496,High
2018-03-09,LightGBM,20D,3,-0.0642512900332901,0.005731309732087496,Normal
2018-03-12,LightGBM,20D,3,-0.0463878936989777,0.005731309732087496,Normal
2018-03-13,LightGBM,20D,3,-0.0455446690571241,0.005731309732087496,Normal
2018-03-14,LightGBM,20D,3,-0.0315868005342784,0.005731309732087496,Normal
2018-03-15,LightGBM,20D,3,-0.0336953639618884,0.005731309732087496,Normal
2018-03-16,LightGBM,20D,3,-0.0273210251075571,0.005731309732087496,Normal
2018-03-19,LightGBM,20D,3,-0.0024099129523171,0.005731309732087496,Normal
2018-03-20,LightGBM,20D,3,-0.0030596012064829,0.005731309732087496,Normal
2018-03-21,LightGBM,20D,3,-0.0069564908766861,0.005731309732087496,Normal
2018-03-22,LightGBM,20D,3,0.0099552189078154,0.005731309732087496,High
2018-03-23,LightGBM,20D,3,0.0312012563307508,0.005731309732087496,High
2018-03-26,LightGBM,20D,3,-0.0090646723817597,0.005731309732087496,High
2018-03-27,LightGBM,20D,3,0.0101979874963856,0.005731309732087496,High
2018-03-28,LightGBM,20D,3,0.0234990505832253,0.005731309732087496,High
2018-03-29,LightGBM,20D,3,0.0109362783607458,0.005731309732087496,High
2018-04-02,LightGBM,20D,3,0.0253057681553204,0.005731309732087496,High
2018-04-03,LightGBM,20D,3,0.0153156090106067,0.005731309732087496,High
2018-04-04,LightGBM,20D,3,-0.0034164445372424,0.005731309732087496,High
2018-04-05,LightGBM,20D,3,-0.0125120835239576,0.005731309732087496,High
2018-04-06,LightGBM,20D,3,0.0223817935614422,0.005731309732087496,High
2018-04-09,LightGBM,20D,3,0.0225027791488394,0.005731309732087496,High
2018-04-10,LightGBM,20D,3,0.0056485035407914,0.005731309732087496,High
2018-04-11,LightGBM,20D,3,0.0208248372481214,0.005731309732087496,High
2018-04-12,LightGBM,20D,3,0.021934950154313,0.005731309732087496,High
2018-04-13,LightGBM,20D,3,0.0265318892519808,0.005731309732087496,High
2018-04-16,LightGBM,20D,3,0.0193386519605443,0.005731309732087496,High
2018-04-17,LightGBM,20D,3,0.001867925302687,0.005731309732087496,High
2018-04-18,LightGBM,20D,3,0.0050892447426481,0.005731309732087496,High
2018-04-19,LightGBM,20D,3,0.0099755877498706,0.005731309732087496,High
2018-04-20,LightGBM,20D,3,0.0159130996836729,0.005731309732087496,High
2018-04-23,LightGBM,20D,3,0.0232164741204219,0.005731309732087496,High
2018-04-24,LightGBM,20D,3,0.0335466735340219,0.005731309732087496,High
2018-04-25,LightGBM,20D,3,0.0349544445080969,0.005731309732087496,High
2018-04-26,LightGBM,20D,3,0.0225490373629974,0.005731309732087496,High
2018-04-27,LightGBM,20D,3,0.0190760290374474,0.005731309732087496,High
2018-04-30,LightGBM,20D,3,0.0156656490745765,0.005731309732087496,Normal
2018-05-01,LightGBM,20D,3,0.0257357222554729,0.005731309732087496,Normal
2018-05-02,LightGBM,20D,3,0.0260643402134411,0.005731309732087496,Normal
2018-05-03,LightGBM,20D,3,0.0391113575077448,0.005731309732087496,Normal
2018-05-04,LightGBM,20D,3,0.0308511423777621,0.005731309732087496,Normal
2018-05-07,LightGBM,20D,3,0.0281015080923478,0.005731309732087496,Normal
2018-05-08,LightGBM,20D,3,0.0368980853413935,0.005731309732087496,Normal
2018-05-09,LightGBM,20D,3,0.0265479937845404,0.005731309732087496,Normal
2018-05-10,LightGBM,20D,3,0.0203420110884432,0.005731309732087496,Normal
2018-05-11,LightGBM,20D,3,0.0197040088244222,0.005731309732087496,Normal
2018-05-14,LightGBM,20D,3,0.0205627765929996,0.005731309732087496,Normal
2018-05-15,LightGBM,20D,3,0.023394177095579,0.005731309732087496,Normal
2018-05-16,LightGBM,20D,3,0.0218103377705682,0.005731309732087496,Normal
2018-05-17,LightGBM,20D,3,0.0216489562436842,0.005731309732087496,Normal
2018-05-18,LightGBM,20D,3,0.022156230317348,0.005731309732087496,Normal
2018-05-21,LightGBM,20D,3,0.0107651078180232,0.005731309732087496,Normal
2018-05-22,LightGBM,20D,3,0.0156164866350109,0.005731309732087496,Low
2018-05-23,LightGBM,20D,3,0.0060076125848917,0.005731309732087496,Low
2018-05-24,LightGBM,20D,3,0.0098930787977484,0.005731309732087496,Low
2018-05-25,LightGBM,20D,3,-0.0015666411158363,0.005731309732087496,Low
2018-05-29,LightGBM,20D,3,0.0122670819016528,0.005731309732087496,Low
2018-05-30,LightGBM,20D,3,-0.0089903797634122,0.005731309732087496,Normal
2018-05-31,LightGBM,20D,3,0.0040726334990533,0.005731309732087496,Normal
2018-06-01,LightGBM,20D,3,-0.0059600503226695,0.005731309732087496,Normal
2018-06-04,LightGBM,20D,3,-0.0073663843867284,0.005731309732087496,Low
2018-06-05,LightGBM,20D,3,-0.0130283599368378,0.005731309732087496,Low
2018-06-06,LightGBM,20D,3,-0.0129754038286118,0.005731309732087496,Normal
2018-06-07,LightGBM,20D,3,-0.0038154426060472,0.005731309732087496,Low
2018-06-08,LightGBM,20D,3,0.001847819271543,0.005731309732087496,Low
2018-06-11,LightGBM,20D,3,0.0042469315834245,0.005731309732087496,Low
2018-06-12,LightGBM,20D,3,-0.0046144220671957,0.005731309732087496,Low
2018-06-13,LightGBM,20D,3,0.0081308240543877,0.005731309732087496,Low
2018-06-14,LightGBM,20D,3,0.0067409790684926,0.005731309732087496,Low
2018-06-15,LightGBM,20D,3,0.0067299347630881,0.005731309732087496,Low
2018-06-18,LightGBM,20D,3,0.0128241502874182,0.005731309732087496,Low
2018-06-19,LightGBM,20D,3,0.0190138503155469,0.005731309732087496,Low
2018-06-20,LightGBM,20D,3,0.0133423332423849,0.005731309732087496,Low
2018-06-21,LightGBM,20D,3,0.0187591643143309,0.005731309732087496,Low
2018-06-22,LightGBM,20D,3,0.0187353234024283,0.005731309732087496,Low
2018-06-25,LightGBM,20D,3,0.0373245652562525,0.005731309732087496,Normal
2018-06-26,LightGBM,20D,3,0.0441828498209282,0.005731309732087496,Low
2018-06-27,LightGBM,20D,3,0.049787533385202,0.005731309732087496,Low
2018-06-28,LightGBM,20D,3,0.0370440187213252,0.005731309732087496,Low
2018-06-29,LightGBM,20D,3,0.0305151135182212,0.005731309732087496,Low
2018-07-02,LightGBM,20D,3,0.0323246899032308,0.005731309732087496,Low
2018-07-03,LightGBM,20D,3,0.0362434261161934,0.005731309732087496,Low
2018-07-05,LightGBM,20D,3,0.0325739189528643,0.005731309732087496,Low
2018-07-06,LightGBM,20D,3,0.0287618334176322,0.005731309732087496,Low
2018-07-09,LightGBM,20D,3,0.0235095252830925,0.005731309732087496,Low
2018-07-10,LightGBM,20D,3,0.0228624777107563,0.005731309732087496,Low
2018-07-11,LightGBM,20D,3,0.0297195496893777,0.005731309732087496,Low
2018-07-12,LightGBM,20D,3,0.0195658434321655,0.005731309732087496,Low
2018-07-13,LightGBM,20D,3,0.0113478756323125,0.005731309732087496,Low
2018-07-16,LightGBM,20D,3,0.0083625025872308,0.005731309732087496,Low
2018-07-17,LightGBM,20D,3,0.0107656082602048,0.005731309732087496,Low
2018-07-18,LightGBM,20D,3,0.0009762176020885,0.005731309732087496,Low
2018-07-19,LightGBM,20D,3,0.0128252590037763,0.005731309732087496,Low
2018-07-20,LightGBM,20D,3,0.0170917631503138,0.005731309732087496,Low
2018-07-23,LightGBM,20D,3,0.0176804757092106,0.005731309732087496,Low
2018-07-24,LightGBM,20D,3,0.0149773567777839,0.005731309732087496,Low
2018-07-25,LightGBM,20D,3,0.005518690653168,0.005731309732087496,Low
2018-07-26,LightGBM,20D,3,0.0068628994785001,0.005731309732087496,Low
2018-07-27,LightGBM,20D,3,0.0196264400516309,0.005731309732087496,Low
2018-07-30,LightGBM,20D,3,0.0330383707743287,0.005731309732087496,Low
2018-07-31,LightGBM,20D,3,0.0284347756326238,0.005731309732087496,Low
2018-08-01,LightGBM,20D,3,0.0351609111691065,0.005731309732087496,Low
2018-08-02,LightGBM,20D,3,0.0258063895424396,0.005731309732087496,Low
2018-08-03,LightGBM,20D,3,0.0213074259443966,0.005731309732087496,Low
2018-08-06,LightGBM,20D,3,0.0161197512447158,0.005731309732087496,Low
2018-08-07,LightGBM,20D,3,0.0104924866969639,0.005731309732087496,Low
2018-08-08,LightGBM,20D,3,0.0070959100536409,0.005731309732087496,Low
2018-08-09,LightGBM,20D,3,0.0063228268356664,0.005731309732087496,Low
2018-08-10,LightGBM,20D,3,0.015358167313604,0.005731309732087496,Low
2018-08-13,LightGBM,20D,3,0.0231050706692999,0.005731309732087496,Low
2018-08-14,LightGBM,20D,3,0.0170927490027761,0.005731309732087496,Low
2018-08-15,LightGBM,20D,3,0.0299923097435463,0.005731309732087496,Low
2018-08-16,LightGBM,20D,3,0.0223795390916744,0.005731309732087496,Low
2018-08-17,LightGBM,20D,3,0.0134766417248621,0.005731309732087496,Low
2018-08-20,LightGBM,20D,3,0.0164062196903592,0.005731309732087496,Low
2018-08-21,LightGBM,20D,3,0.0155923077689042,0.005731309732087496,Low
2018-08-22,LightGBM,20D,3,0.0238005530084767,0.005731309732087496,Low
2018-08-23,LightGBM,20D,3,0.0251246459950049,0.005731309732087496,Low
2018-08-24,LightGBM,20D,3,0.0154230577527057,0.005731309732087496,Low
2018-08-27,LightGBM,20D,3,0.0064759678524773,0.005731309732087496,Low
2018-08-28,LightGBM,20D,3,0.0029120260937189,0.005731309732087496,Low
2018-08-29,LightGBM,20D,3,-1.374014668132074e-05,0.005731309732087496,Low
2018-08-30,LightGBM,20D,3,0.0044195617536386,0.005731309732087496,Low
2018-08-31,LightGBM,20D,3,0.0079195856285321,0.005731309732087496,Low
2018-09-04,LightGBM,20D,3,0.0091785087671323,0.005731309732087496,Low
2018-09-05,LightGBM,20D,4,0.0126968383051167,0.005984404297919592,Low
2018-09-06,LightGBM,20D,4,0.0081527939207249,0.005984404297919592,Low
2018-09-07,LightGBM,20D,4,0.0048252772311172,0.005984404297919592,Low
2018-09-10,LightGBM,20D,4,0.0025340543080742,0.005984404297919592,Low
2018-09-11,LightGBM,20D,4,-0.0026177212157953,0.005984404297919592,Low
2018-09-12,LightGBM,20D,4,-0.0363907186082911,0.005984404297919592,Low
2018-09-13,LightGBM,20D,4,-0.0624466507402238,0.005984404297919592,Low
2018-09-14,LightGBM,20D,4,-0.0486158592326138,0.005984404297919592,Low
2018-09-17,LightGBM,20D,4,-0.0489530505323646,0.005984404297919592,Low
2018-09-18,LightGBM,20D,4,-0.0330398753650887,0.005984404297919592,Low
2018-09-19,LightGBM,20D,4,-0.0345450576609258,0.005984404297919592,Low
2018-09-20,LightGBM,20D,4,-0.056851562421596,0.005984404297919592,Low
2018-09-21,LightGBM,20D,4,-0.0568441966198684,0.005984404297919592,Low
2018-09-24,LightGBM,20D,4,-0.0576311114023323,0.005984404297919592,Low
2018-09-25,LightGBM,20D,4,-0.0618522390899085,0.005984404297919592,Low
2018-09-26,LightGBM,20D,4,-0.0899083132698894,0.005984404297919592,Low
2018-09-27,LightGBM,20D,4,-0.0742140715196865,0.005984404297919592,Low
2018-09-28,LightGBM,20D,4,-0.0916863393855515,0.005984404297919592,Low
2018-10-01,LightGBM,20D,4,-0.101902040022944,0.005984404297919592,Low
2018-10-02,LightGBM,20D,4,-0.0859599481407874,0.005984404297919592,Low
2018-10-03,LightGBM,20D,4,-0.0758783361229346,0.005984404297919592,Low
2018-10-04,LightGBM,20D,4,-0.0571728018333954,0.005984404297919592,Low
2018-10-05,LightGBM,20D,4,-0.057966208304653,0.005984404297919592,Low
2018-10-08,LightGBM,20D,4,-0.0519863198991092,0.005984404297919592,Low
2018-10-09,LightGBM,20D,4,-0.0443276223205464,0.005984404297919592,Low
2018-10-10,LightGBM,20D,4,0.0100758452828294,0.005984404297919592,Normal
2018-10-11,LightGBM,20D,4,0.0283513562668796,0.005984404297919592,Normal
2018-10-12,LightGBM,20D,4,0.0050035349431308,0.005984404297919592,Normal
2018-10-15,LightGBM,20D,4,-0.0089721337510366,0.005984404297919592,Normal
2018-10-16,LightGBM,20D,4,-0.0317229806081116,0.005984404297919592,High
2018-10-17,LightGBM,20D,4,-0.0390664751638974,0.005984404297919592,High
2018-10-18,LightGBM,20D,4,-0.0140319518459142,0.005984404297919592,High
2018-10-19,LightGBM,20D,4,-0.0114498791731509,0.005984404297919592,High
2018-10-22,LightGBM,20D,4,-0.0239242433123945,0.005984404297919592,High
2018-10-23,LightGBM,20D,4,-0.0367151626882863,0.005984404297919592,High
2018-10-24,LightGBM,20D,4,-0.0023257195163782,0.005984404297919592,High
2018-10-25,LightGBM,20D,4,-0.0273558572069479,0.005984404297919592,High
2018-10-26,LightGBM,20D,4,0.0055362566484217,0.005984404297919592,High
2018-10-29,LightGBM,20D,4,0.0153738493082283,0.005984404297919592,High
2018-10-30,LightGBM,20D,4,0.0225425776394646,0.005984404297919592,High
2018-10-31,LightGBM,20D,4,0.0095642043395,0.005984404297919592,High
2018-11-01,LightGBM,20D,4,0.0071992531875884,0.005984404297919592,High
2018-11-02,LightGBM,20D,4,0.0244179760378307,0.005984404297919592,High
2018-11-05,LightGBM,20D,4,-0.0140669464979195,0.005984404297919592,High
2018-11-06,LightGBM,20D,4,-0.0218301221564725,0.005984404297919592,High
2018-11-07,LightGBM,20D,4,-0.0664135361735685,0.005984404297919592,High
2018-11-08,LightGBM,20D,4,-0.0621408639621609,0.005984404297919592,High
2018-11-09,LightGBM,20D,4,-0.053255687722094,0.005984404297919592,High
2018-11-12,LightGBM,20D,4,-0.0279526657262753,0.005984404297919592,High
2018-11-13,LightGBM,20D,4,-0.0266695972165164,0.005984404297919592,High
2018-11-14,LightGBM,20D,4,-0.0383446206667657,0.005984404297919592,High
2018-11-15,LightGBM,20D,4,-0.0698749382379844,0.005984404297919592,High
2018-11-16,LightGBM,20D,4,-0.0720093789216792,0.005984404297919592,High
2018-11-19,LightGBM,20D,4,-0.0707416768618947,0.005984404297919592,High
2018-11-20,LightGBM,20D,4,-0.0683214907894127,0.005984404297919592,High
2018-11-21,LightGBM,20D,4,-0.0921632805987205,0.005984404297919592,High
2018-11-23,LightGBM,20D,4,-0.1130734337651793,0.005984404297919592,High
2018-11-26,LightGBM,20D,4,-0.0800832319397408,0.005984404297919592,High
2018-11-27,LightGBM,20D,4,-0.0748133873355366,0.005984404297919592,High
2018-11-28,LightGBM,20D,4,-0.0987697925488818,0.005984404297919592,High
2018-11-29,LightGBM,20D,4,-0.0881276721412815,0.005984404297919592,High
2018-11-30,LightGBM,20D,4,-0.0949975267952728,0.005984404297919592,High
2018-12-03,LightGBM,20D,4,-0.1309478604085503,0.005984404297919592,High
2018-12-04,LightGBM,20D,4,-0.0642882325096478,0.005984404297919592,High
2018-12-06,LightGBM,20D,4,-0.0557788686002737,0.005984404297919592,High
2018-12-07,LightGBM,20D,4,-0.0225339458074541,0.005984404297919592,High
2018-12-10,LightGBM,20D,4,-0.0202048776975481,0.005984404297919592,High
2018-12-11,LightGBM,20D,4,-0.0153402266477803,0.005984404297919592,High
2018-12-12,LightGBM,20D,4,-0.020891406202614,0.005984404297919592,High
2018-12-13,LightGBM,20D,4,-0.0259628504774484,0.005984404297919592,High
2018-12-14,LightGBM,20D,4,0.0039729806710124,0.005984404297919592,High
2018-12-17,LightGBM,20D,4,0.0271847860286772,0.005984404297919592,High
2018-12-18,LightGBM,20D,4,0.0346611198811239,0.005984404297919592,High
2018-12-19,LightGBM,20D,4,0.0632734918969165,0.005984404297919592,High
2018-12-20,LightGBM,20D,4,0.0649128245530479,0.005984404297919592,High
2018-12-21,LightGBM,20D,4,0.0879164349710394,0.005984404297919592,High
2018-12-24,LightGBM,20D,4,0.1167777879603313,0.005984404297919592,High
2018-12-26,LightGBM,20D,4,0.0768274779900443,0.005984404297919592,High
2018-12-27,LightGBM,20D,4,0.0604234731725184,0.005984404297919592,High
2018-12-28,LightGBM,20D,4,0.0602085191476349,0.005984404297919592,High
2018-12-31,LightGBM,20D,4,0.0671815031769881,0.005984404297919592,High
2019-01-02,LightGBM,20D,4,0.0744744589241297,0.005984404297919592,High
2019-01-03,LightGBM,20D,4,0.1004409973278518,0.005984404297919592,High
2019-01-04,LightGBM,20D,4,0.073434979384985,0.005984404297919592,High
2019-01-07,LightGBM,20D,4,0.0711463738271054,0.005984404297919592,High
2019-01-08,LightGBM,20D,4,0.0592708707730993,0.005984404297919592,High
2019-01-09,LightGBM,20D,4,0.0457800062380468,0.005984404297919592,High
2019-01-10,LightGBM,20D,4,0.0419477374295972,0.005984404297919592,High
2019-01-11,LightGBM,20D,4,0.0428028977778981,0.005984404297919592,High
2019-01-14,LightGBM,20D,4,0.0608821452679864,0.005984404297919592,High
2019-01-15,LightGBM,20D,4,0.0532369579819362,0.005984404297919592,High
2019-01-16,LightGBM,20D,4,0.0483622740691493,0.005984404297919592,High
2019-01-17,LightGBM,20D,4,0.0516195480278712,0.005984404297919592,High
2019-01-18,LightGBM,20D,4,0.0400202565146074,0.005984404297919592,High
2019-01-22,LightGBM,20D,4,0.0560542669033209,0.005984404297919592,High
2019-01-23,LightGBM,20D,4,0.0503211076580286,0.005984404297919592,High
2019-01-24,LightGBM,20D,4,0.0553369662417615,0.005984404297919592,High
2019-01-25,LightGBM,20D,4,0.0481152029909952,0.005984404297919592,High
2019-01-28,LightGBM,20D,4,0.0552022091668639,0.005984404297919592,High
2019-01-29,LightGBM,20D,4,0.0561153196656806,0.005984404297919592,High
2019-01-30,LightGBM,20D,4,0.03785620217517,0.005984404297919592,High
2019-01-31,LightGBM,20D,4,0.0361672099541154,0.005984404297919592,High
2019-02-01,LightGBM,20D,4,0.0313808959740531,0.005984404297919592,Normal
2019-02-04,LightGBM,20D,4,0.0234953413668666,0.005984404297919592,Normal
2019-02-05,LightGBM,20D,4,0.0122524973253914,0.005984404297919592,Normal
2019-02-06,LightGBM,20D,4,0.006320501904569,0.005984404297919592,Normal
2019-02-07,LightGBM,20D,4,0.0135877309753457,0.005984404297919592,Normal
2019-02-08,LightGBM,20D,4,0.0274712939728225,0.005984404297919592,Normal
2019-02-11,LightGBM,20D,4,0.0297114078968091,0.005984404297919592,Normal
2019-02-12,LightGBM,20D,4,0.0238291017509899,0.005984404297919592,Normal
2019-02-13,LightGBM,20D,4,0.0199412708256828,0.005984404297919592,Normal
2019-02-14,LightGBM,20D,4,0.027568953617812,0.005984404297919592,Normal
2019-02-15,LightGBM,20D,4,0.0204480457517624,0.005984404297919592,Normal
2019-02-19,LightGBM,20D,4,0.0188198543452436,0.005984404297919592,Normal
2019-02-20,LightGBM,20D,4,0.0140956240437331,0.005984404297919592,Low
2019-02-21,LightGBM,20D,4,0.0284223088642638,0.005984404297919592,Low
2019-02-22,LightGBM,20D,4,0.0028748430352802,0.005984404297919592,Normal
2019-02-25,LightGBM,20D,4,0.0008043657522184,0.005984404297919592,Low
2019-02-26,LightGBM,20D,4,0.0087521883729928,0.005984404297919592,Low
2019-02-27,LightGBM,20D,4,0.0046412425326918,0.005984404297919592,Low
2019-02-28,LightGBM,20D,4,0.011053804846904,0.005984404297919592,Low
2019-03-01,LightGBM,20D,4,0.0108938543015157,0.005984404297919592,Low
2019-03-04,LightGBM,20D,4,0.0262841572148151,0.005984404297919592,Low
2019-03-05,LightGBM,20D,4,0.0274337862593803,0.005984404297919592,Low
2019-03-06,LightGBM,20D,4,0.0361253322835944,0.005984404297919592,Low
2019-03-07,LightGBM,20D,4,0.0463667086649199,0.005984404297919592,Low
2019-03-08,LightGBM,20D,4,0.0531263904194727,0.005984404297919592,Low
2019-03-11,LightGBM,20D,4,0.0396137666065069,0.005984404297919592,Low
2019-03-12,LightGBM,20D,4,0.030578824443032,0.005984404297919592,Low
2019-03-13,LightGBM,20D,4,0.0271251154405126,0.005984404297919592,Low
2019-03-14,LightGBM,20D,4,0.0280316371124515,0.005984404297919592,Low
2019-03-15,LightGBM,20D,4,0.0296466960935665,0.005984404297919592,Low
2019-03-18,LightGBM,20D,4,0.0253180320503014,0.005984404297919592,Low
2019-03-19,LightGBM,20D,4,0.0259578304553682,0.005984404297919592,Low
2019-03-20,LightGBM,20D,4,0.0266301263753991,0.005984404297919592,Low
2019-03-21,LightGBM,20D,4,0.0174139577049594,0.005984404297919592,Low
2019-03-22,LightGBM,20D,4,0.0375822906561655,0.005984404297919592,Normal
2019-03-25,LightGBM,20D,4,0.0472240146644707,0.005984404297919592,Normal
2019-03-26,LightGBM,20D,4,0.0378727931135006,0.005984404297919592,Normal
2019-03-27,LightGBM,20D,4,0.0421588946498267,0.005984404297919592,Normal
2019-03-28,LightGBM,20D,4,0.0432501902578701,0.005984404297919592,Normal
2019-03-29,LightGBM,20D,4,0.0376094327187791,0.005984404297919592,Normal
2019-04-01,LightGBM,20D,4,0.0270582018995264,0.005984404297919592,Normal
2019-04-02,LightGBM,20D,4,0.0195103004943767,0.005984404297919592,Normal
2019-04-03,LightGBM,20D,4,0.0152379834256046,0.005984404297919592,Normal
2019-04-04,LightGBM,20D,4,0.0227476456615279,0.005984404297919592,Normal
2019-04-05,LightGBM,20D,4,0.0136409148493564,0.005984404297919592,Normal
2019-04-08,LightGBM,20D,4,-0.0040554849900728,0.005984404297919592,Low
2019-04-09,LightGBM,20D,4,0.0004237760561768,0.005984404297919592,Normal
2019-04-10,LightGBM,20D,4,-0.0060740603602514,0.005984404297919592,Normal
2019-04-11,LightGBM,20D,4,-0.0023987886306755,0.005984404297919592,Normal
2019-04-12,LightGBM,20D,4,-0.0334128361587187,0.005984404297919592,Normal
2019-04-15,LightGBM,20D,4,-0.0247992813911455,0.005984404297919592,Normal
2019-04-16,LightGBM,20D,4,-0.0194865153885625,0.005984404297919592,Normal
2019-04-17,LightGBM,20D,4,-0.0083541574513246,0.005984404297919592,Normal
2019-04-18,LightGBM,20D,4,-0.015786441449618,0.005984404297919592,Low
2019-04-22,LightGBM,20D,4,-0.0235702052419562,0.005984404297919592,Low
2019-04-23,LightGBM,20D,4,-0.0239126073237608,0.005984404297919592,Low
2019-04-24,LightGBM,20D,4,-0.0245468310846241,0.005984404297919592,Low
2019-04-25,LightGBM,20D,4,-0.0361634815856332,0.005984404297919592,Low
2019-04-26,LightGBM,20D,4,-0.0394851881369008,0.005984404297919592,Low
2019-04-29,LightGBM,20D,4,-0.048967086641395,0.005984404297919592,Low
2019-04-30,LightGBM,20D,4,-0.0568539615074179,0.005984404297919592,Low
2019-05-01,LightGBM,20D,4,-0.0472272429821296,0.005984404297919592,Low
2019-05-02,LightGBM,20D,4,-0.0583842035838998,0.005984404297919592,Low
2019-05-03,LightGBM,20D,4,-0.0707454017171252,0.005984404297919592,Low
2019-05-06,LightGBM,20D,4,-0.0450584614469749,0.005984404297919592,Low
2019-05-07,LightGBM,20D,4,-0.0202802463792557,0.005984404297919592,Low
2019-05-08,LightGBM,20D,4,-0.0125566903138314,0.005984404297919592,Low
2019-05-09,LightGBM,20D,4,0.0009122875953569,0.005984404297919592,Low
2019-05-10,LightGBM,20D,4,0.0018481136002037,0.005984404297919592,Low
2019-05-13,LightGBM,20D,4,0.02592464128075,0.005984404297919592,Normal
2019-05-14,LightGBM,20D,4,0.0159009959302964,0.005984404297919592,Normal
2019-05-15,LightGBM,20D,4,0.0141680121054237,0.005984404297919592,Normal
2019-05-16,LightGBM,20D,4,0.0036992432027717,0.005984404297919592,Normal
2019-05-17,LightGBM,20D,4,0.0104849958091685,0.005984404297919592,Normal
2019-05-20,LightGBM,20D,4,0.0269277433775444,0.005984404297919592,Normal
2019-05-21,LightGBM,20D,4,0.0214485110773774,0.005984404297919592,Normal
2019-05-22,LightGBM,20D,4,0.0337045087771499,0.005984404297919592,Normal
2019-05-23,LightGBM,20D,4,0.0444301847387039,0.005984404297919592,Normal
2019-05-24,LightGBM,20D,4,0.0413441525060796,0.005984404297919592,Normal
2019-05-28,LightGBM,20D,4,0.0402133268659524,0.005984404297919592,Normal
2019-05-29,LightGBM,20D,4,0.0459145413543796,0.005984404297919592,Normal
2019-05-30,LightGBM,20D,4,0.0476341544719735,0.005984404297919592,Normal
2019-05-31,LightGBM,20D,4,0.0666583015630261,0.005984404297919592,Normal
2019-06-03,LightGBM,20D,4,0.077070390828288,0.005984404297919592,Normal
2019-06-04,LightGBM,20D,4,0.0587883110241991,0.005984404297919592,High
2019-06-05,LightGBM,20D,4,0.0583026797060695,0.005984404297919592,Normal
2019-06-06,LightGBM,20D,4,0.0503783048255164,0.005984404297919592,High
2019-06-07,LightGBM,20D,4,0.0350881525681326,0.005984404297919592,High
2019-06-10,LightGBM,20D,4,0.0316747255518209,0.005984404297919592,High
2019-06-11,LightGBM,20D,4,0.0365252139458551,0.005984404297919592,Normal
2019-06-12,LightGBM,20D,4,0.0408474913520412,0.005984404297919592,Normal
2019-06-13,LightGBM,20D,4,0.0413680151512574,0.005984404297919592,Normal
2019-06-14,LightGBM,20D,4,0.0431566806657945,0.005984404297919592,Normal
2019-06-17,LightGBM,20D,4,0.0388157806784311,0.005984404297919592,Normal
2019-06-18,LightGBM,20D,4,0.0225926256193673,0.005984404297919592,Normal
2019-06-19,LightGBM,20D,4,0.0231875065351626,0.005984404297919592,Normal
2019-06-20,LightGBM,20D,4,0.007564011734445,0.005984404297919592,Normal
2019-06-21,LightGBM,20D,4,0.0116487297004232,0.005984404297919592,Normal
2019-06-24,LightGBM,20D,4,0.0202062633002866,0.005984404297919592,Normal
2019-06-25,LightGBM,20D,4,0.0344252317541499,0.005984404297919592,Normal
2019-06-26,LightGBM,20D,4,0.0303836309493545,0.005984404297919592,Normal
2019-06-27,LightGBM,20D,4,0.0339282809275467,0.005984404297919592,Normal
2019-06-28,LightGBM,20D,4,0.0265699171578897,0.005984404297919592,Normal
2019-07-01,LightGBM,20D,4,0.0163449131748912,0.005984404297919592,Low
2019-07-02,LightGBM,20D,4,0.0024758589457626,0.005984404297919592,Low
2019-07-03,LightGBM,20D,4,-0.0142067642837275,0.005984404297919592,Low
2019-07-05,LightGBM,20D,4,-0.019708618618744,0.005984404297919592,Low
2019-07-08,LightGBM,20D,4,-0.045091627778315,0.005984404297919592,Low
2019-07-09,LightGBM,20D,4,-0.0333943969256022,0.005984404297919592,Low
2019-07-10,LightGBM,20D,4,-0.037128361527826,0.005984404297919592,Low
2019-07-11,LightGBM,20D,4,-0.0208225186399096,0.005984404297919592,Low
2019-07-12,LightGBM,20D,4,-0.0320706460756331,0.005984404297919592,Low
2019-07-15,LightGBM,20D,4,-0.0446403089199326,0.005984404297919592,Low
2019-07-16,LightGBM,20D,4,-0.0262123780976204,0.005984404297919592,Low
2019-07-17,LightGBM,20D,4,-0.0493900650860629,0.005984404297919592,Low
2019-07-18,LightGBM,20D,4,-0.0505044260967017,0.005984404297919592,Low
2019-07-19,LightGBM,20D,4,-0.029985478459612,0.005984404297919592,Low
2019-07-22,LightGBM,20D,4,-0.0207770045814647,0.005984404297919592,Low
2019-07-23,LightGBM,20D,4,-0.0355473650328567,0.005984404297919592,Low
2019-07-24,LightGBM,20D,4,-0.0320115782889794,0.005984404297919592,Low
2019-07-25,LightGBM,20D,4,-0.0272414847646585,0.005984404297919592,Low
2019-07-26,LightGBM,20D,4,-0.0608909016582793,0.005984404297919592,Low
2019-07-29,LightGBM,20D,4,-0.048350366998424,0.005984404297919592,Low
2019-07-30,LightGBM,20D,4,-0.0489767034269359,0.005984404297919592,Low
2019-07-31,LightGBM,20D,4,-0.0315073449442334,0.005984404297919592,Low
2019-08-01,LightGBM,20D,4,-0.0098603349343329,0.005984404297919592,Low
2019-08-02,LightGBM,20D,4,-0.001908365634891,0.005984404297919592,Low
2019-08-05,LightGBM,20D,4,0.0213988072021183,0.005984404297919592,Normal
2019-08-06,LightGBM,20D,4,0.0192495085693729,0.005984404297919592,Normal
2019-08-07,LightGBM,20D,4,0.0314088391572737,0.005984404297919592,Normal
2019-08-08,LightGBM,20D,4,0.0137305674947856,0.005984404297919592,High
2019-08-09,LightGBM,20D,4,0.0202751459495427,0.005984404297919592,High
2019-08-12,LightGBM,20D,4,0.0329912074913891,0.005984404297919592,High
2019-08-13,LightGBM,20D,4,0.0251765335504746,0.005984404297919592,High
2019-08-14,LightGBM,20D,4,0.0577819022832436,0.005984404297919592,High
2019-08-15,LightGBM,20D,4,0.0545959887080972,0.005984404297919592,High
2019-08-16,LightGBM,20D,4,0.0371324176194961,0.005984404297919592,High
2019-08-19,LightGBM,20D,4,0.0276776674275607,0.005984404297919592,High
2019-08-20,LightGBM,20D,4,0.0359665160239432,0.005984404297919592,High
2019-08-21,LightGBM,20D,4,0.0277735109885198,0.005984404297919592,High
2019-08-22,LightGBM,20D,4,0.023372114842918,0.005984404297919592,High
2019-08-23,LightGBM,20D,4,0.0495640553479282,0.005984404297919592,High
2019-08-26,LightGBM,20D,4,0.0301889536535789,0.005984404297919592,High
2019-08-27,LightGBM,20D,4,0.039536960696099,0.005984404297919592,High
2019-08-28,LightGBM,20D,4,0.0305809381559232,0.005984404297919592,High
2019-08-29,LightGBM,20D,4,0.0126429211357002,0.005984404297919592,High
2019-08-30,LightGBM,20D,4,0.0170352505910719,0.005984404297919592,High
2019-09-03,LightGBM,20D,4,0.0116241329783445,0.005984404297919592,High
2019-09-04,LightGBM,20D,4,-0.0172249964877206,0.005984404297919592,High
2019-09-05,LightGBM,20D,4,-0.0222106046356135,0.005984404297919592,High
2019-09-06,LightGBM,20D,4,-0.0090040102007312,0.005984404297919592,High
2019-09-09,LightGBM,20D,4,-0.0133983477955128,0.005984404297919592,High
2019-09-10,LightGBM,20D,4,-0.029403759773554,0.005984404297919592,High
2019-09-11,LightGBM,20D,4,-0.0275441355850953,0.005984404297919592,High
2019-09-12,LightGBM,20D,4,-0.024023949451546,0.005984404297919592,Normal
2019-09-13,LightGBM,20D,4,-0.0124196929007909,0.005984404297919592,Normal
2019-09-16,LightGBM,20D,4,-0.0106672616576538,0.005984404297919592,Normal
2019-09-17,LightGBM,20D,4,-0.0033392416536268,0.005984404297919592,Normal
2019-09-18,LightGBM,20D,4,-0.0056834194910877,0.005984404297919592,Normal
2019-09-19,LightGBM,20D,4,-0.002944372043242,0.005984404297919592,Normal
2019-09-20,LightGBM,20D,4,-0.0019638186481614,0.005984404297919592,Normal
2019-09-23,LightGBM,20D,4,0.0049812360749999,0.005984404297919592,Low
2019-09-24,LightGBM,20D,4,0.0098581757801744,0.005984404297919592,Low
2019-09-25,LightGBM,20D,4,0.0065615938840416,0.005984404297919592,Low
2019-09-26,LightGBM,20D,4,0.0109120695528261,0.005984404297919592,Low
2019-09-27,LightGBM,20D,4,0.0203070336426105,0.005984404297919592,Low
2019-09-30,LightGBM,20D,4,0.0208379433434799,0.005984404297919592,Low
2019-10-01,LightGBM,20D,4,0.032339318332412,0.005984404297919592,Low
2019-10-02,LightGBM,20D,4,0.053652811920913,0.005984404297919592,Normal
2019-10-03,LightGBM,20D,4,0.0426850685125073,0.005984404297919592,Low
2019-10-04,LightGBM,20D,5,0.0381842138328956,0.005841515118707654,Normal
2019-10-07,LightGBM,20D,5,0.0463698119118897,0.005841515118707654,Normal
2019-10-08,LightGBM,20D,5,0.0608665687521789,0.005841515118707654,Normal
2019-10-09,LightGBM,20D,5,0.0525055228296226,0.005841515118707654,Normal
2019-10-10,LightGBM,20D,5,0.0488366956621207,0.005841515118707654,Normal
2019-10-11,LightGBM,20D,5,0.0405145191334476,0.005841515118707654,Normal
2019-10-14,LightGBM,20D,5,0.0399382053933295,0.005841515118707654,Normal
2019-10-15,LightGBM,20D,5,0.0315951833181033,0.005841515118707654,Normal
2019-10-16,LightGBM,20D,5,0.0343080094414133,0.005841515118707654,Normal
2019-10-17,LightGBM,20D,5,0.0323856800860948,0.005841515118707654,Normal
2019-10-18,LightGBM,20D,5,0.0439787545738678,0.005841515118707654,Normal
2019-10-21,LightGBM,20D,5,0.0376336667913437,0.005841515118707654,Normal
2019-10-22,LightGBM,20D,5,0.0406159459500279,0.005841515118707654,Normal
2019-10-23,LightGBM,20D,5,0.034009586183256,0.005841515118707654,Normal
2019-10-24,LightGBM,20D,5,0.0305069754378953,0.005841515118707654,Normal
2019-10-25,LightGBM,20D,5,0.0286151198696154,0.005841515118707654,Normal
2019-10-28,LightGBM,20D,5,0.0305285518409648,0.005841515118707654,Normal
2019-10-29,LightGBM,20D,5,0.0335544674423856,0.005841515118707654,Normal
2019-10-30,LightGBM,20D,5,0.0344721136668282,0.005841515118707654,Normal
2019-10-31,LightGBM,20D,5,0.0334802660713781,0.005841515118707654,Normal
2019-11-01,LightGBM,20D,5,0.0151958518177669,0.005841515118707654,Low
2019-11-04,LightGBM,20D,5,0.0048383807544094,0.005841515118707654,Low
2019-11-05,LightGBM,20D,5,0.0123284410749999,0.005841515118707654,Low
2019-11-06,LightGBM,20D,5,0.0131253174093405,0.005841515118707654,Low
2019-11-07,LightGBM,20D,5,0.0194931881954859,0.005841515118707654,Low
2019-11-08,LightGBM,20D,5,0.0137679513658956,0.005841515118707654,Low
2019-11-11,LightGBM,20D,5,0.0146348106102488,0.005841515118707654,Low
2019-11-12,LightGBM,20D,5,0.0159753248383363,0.005841515118707654,Low
2019-11-13,LightGBM,20D,5,0.0238027106437753,0.005841515118707654,Low
2019-11-14,LightGBM,20D,5,0.0230385971795332,0.005841515118707654,Low
2019-11-15,LightGBM,20D,5,0.0224949293441031,0.005841515118707654,Low
2019-11-18,LightGBM,20D,5,0.0223271390497544,0.005841515118707654,Low
2019-11-19,LightGBM,20D,5,0.0224875155089241,0.005841515118707654,Low
2019-11-20,LightGBM,20D,5,0.0307001507517295,0.005841515118707654,Low
2019-11-21,LightGBM,20D,5,0.0372167526422531,0.005841515118707654,Low
2019-11-22,LightGBM,20D,5,0.0359099474141755,0.005841515118707654,Low
2019-11-25,LightGBM,20D,5,0.0282352282242403,0.005841515118707654,Low
2019-11-26,LightGBM,20D,5,0.031157126989354,0.005841515118707654,Low
2019-11-27,LightGBM,20D,5,0.027025375503712,0.005841515118707654,Low
2019-11-29,LightGBM,20D,5,0.0252470656543512,0.005841515118707654,Low
2019-12-02,LightGBM,20D,5,0.0368572399925058,0.005841515118707654,Low
2019-12-03,LightGBM,20D,5,0.0518613606128676,0.005841515118707654,Low
2019-12-04,LightGBM,20D,5,0.038472793639143,0.005841515118707654,Low
2019-12-05,LightGBM,20D,5,0.0405008119067856,0.005841515118707654,Low
2019-12-06,LightGBM,20D,5,0.0285993907917648,0.005841515118707654,Low
2019-12-09,LightGBM,20D,5,0.0366576979618803,0.005841515118707654,Low
2019-12-10,LightGBM,20D,5,0.0443884482477709,0.005841515118707654,Low
2019-12-11,LightGBM,20D,5,0.0386252482309152,0.005841515118707654,Low
2019-12-12,LightGBM,20D,5,0.0370385749012934,0.005841515118707654,Low
2019-12-13,LightGBM,20D,5,0.0354503149141827,0.005841515118707654,Low
2019-12-16,LightGBM,20D,5,0.0301964042153279,0.005841515118707654,Low
2019-12-17,LightGBM,20D,5,0.0381929156090987,0.005841515118707654,Low
2019-12-18,LightGBM,20D,5,0.0424800324971065,0.005841515118707654,Low
2019-12-19,LightGBM,20D,5,0.0353751533056569,0.005841515118707654,Low
2019-12-20,LightGBM,20D,5,0.0307315917980038,0.005841515118707654,Low
2019-12-23,LightGBM,20D,5,0.0310061492770636,0.005841515118707654,Low
2019-12-24,LightGBM,20D,5,0.022118327153338,0.005841515118707654,Low
2019-12-26,LightGBM,20D,5,0.00114751238644,0.005841515118707654,Low
2019-12-27,LightGBM,20D,5,0.0111169117471346,0.005841515118707654,Low
2019-12-30,LightGBM,20D,5,0.0160472576828999,0.005841515118707654,Low
2019-12-31,LightGBM,20D,5,0.0162350239689205,0.005841515118707654,Low
2020-01-02,LightGBM,20D,5,-0.0099733149647593,0.005841515118707654,Low
2020-01-03,LightGBM,20D,5,0.0043400201614277,0.005841515118707654,Low
2020-01-06,LightGBM,20D,5,0.0156821908846612,0.005841515118707654,Low
2020-01-07,LightGBM,20D,5,0.0296771446282289,0.005841515118707654,Low
2020-01-08,LightGBM,20D,5,0.0281068261995899,0.005841515118707654,Low
2020-01-09,LightGBM,20D,5,0.016058121073225,0.005841515118707654,Low
2020-01-10,LightGBM,20D,5,0.0262170736813031,0.005841515118707654,Low
2020-01-13,LightGBM,20D,5,0.020952128321372,0.005841515118707654,Low
2020-01-14,LightGBM,20D,5,0.0289096622634708,0.005841515118707654,Low
2020-01-15,LightGBM,20D,5,0.0254094356597943,0.005841515118707654,Low
2020-01-16,LightGBM,20D,5,0.0189195243360479,0.005841515118707654,Low
2020-01-17,LightGBM,20D,5,0.0121405871024149,0.005841515118707654,Low
2020-01-21,LightGBM,20D,5,0.0194908357562853,0.005841515118707654,Low
2020-01-22,LightGBM,20D,5,0.0153789840316069,0.005841515118707654,Low
2020-01-23,LightGBM,20D,5,0.0036648486054288,0.005841515118707654,Low
2020-01-24,LightGBM,20D,5,-0.021339941388818,0.005841515118707654,Low
2020-01-27,LightGBM,20D,5,-0.0362320934073272,0.005841515118707654,Low
2020-01-28,LightGBM,20D,5,-0.0500211742312099,0.005841515118707654,Normal
2020-01-29,LightGBM,20D,5,-0.0943220604398864,0.005841515118707654,Low
2020-01-30,LightGBM,20D,5,-0.1057239804797507,0.005841515118707654,Low
2020-01-31,LightGBM,20D,5,-0.0428486681389744,0.005841515118707654,Normal
2020-02-03,LightGBM,20D,5,-0.0785875788231217,0.005841515118707654,Normal
2020-02-04,LightGBM,20D,5,-0.0521205453799945,0.005841515118707654,Normal
2020-02-05,LightGBM,20D,5,-0.0978191064789484,0.005841515118707654,Normal
2020-02-06,LightGBM,20D,5,-0.1183402051883365,0.005841515118707654,Normal
2020-02-07,LightGBM,20D,5,-0.1919351271192498,0.005841515118707654,Normal
2020-02-10,LightGBM,20D,5,-0.151019764813964,0.005841515118707654,Normal
2020-02-11,LightGBM,20D,5,-0.2028097063085716,0.005841515118707654,Normal
2020-02-12,LightGBM,20D,5,-0.3091964118162481,0.005841515118707654,Normal
2020-02-13,LightGBM,20D,5,-0.2187562285070234,0.005841515118707654,Normal
2020-02-14,LightGBM,20D,5,-0.3482502620783263,0.005841515118707654,Normal
2020-02-18,LightGBM,20D,5,-0.2870997354564867,0.005841515118707654,Normal
2020-02-19,LightGBM,20D,5,-0.3450167560728519,0.005841515118707654,Normal
2020-02-20,LightGBM,20D,5,-0.3364971776744535,0.005841515118707654,Normal
2020-02-21,LightGBM,20D,5,-0.3702509924950005,0.005841515118707654,Normal
2020-02-24,LightGBM,20D,5,-0.3658944140841366,0.005841515118707654,High
2020-02-25,LightGBM,20D,5,-0.2454632771908201,0.005841515118707654,High
2020-02-26,LightGBM,20D,5,-0.2302085894464678,0.005841515118707654,High
2020-02-27,LightGBM,20D,5,-0.1244966220199602,0.005841515118707654,High
2020-02-28,LightGBM,20D,5,-0.1504920044519335,0.005841515118707654,High
2020-03-02,LightGBM,20D,5,-0.1625362826513719,0.005841515118707654,High
2020-03-03,LightGBM,20D,5,-0.1501681085168731,0.005841515118707654,High
2020-03-04,LightGBM,20D,5,-0.2366508206102934,0.005841515118707654,High
2020-03-05,LightGBM,20D,5,-0.179567381113352,0.005841515118707654,High
2020-03-06,LightGBM,20D,5,-0.1776192982869101,0.005841515118707654,High
2020-03-09,LightGBM,20D,5,-0.0306406412017082,0.005841515118707654,High
2020-03-10,LightGBM,20D,5,-0.0804600326759297,0.005841515118707654,High
2020-03-11,LightGBM,20D,5,0.0031322313239605,0.005841515118707654,High
2020-03-12,LightGBM,20D,5,0.1174605540301331,0.005841515118707654,High
2020-03-13,LightGBM,20D,5,0.01849608763622,0.005841515118707654,High
2020-03-16,LightGBM,20D,5,0.176262844681345,0.005841515118707654,High
2020-03-17,LightGBM,20D,5,0.095759799373284,0.005841515118707654,High
2020-03-18,LightGBM,20D,5,0.1547819095449057,0.005841515118707654,High
2020-03-19,LightGBM,20D,5,0.1765260805958252,0.005841515118707654,High
2020-03-20,LightGBM,20D,5,0.2028108590338443,0.005841515118707654,High
2020-03-23,LightGBM,20D,5,0.2013872448070904,0.005841515118707654,High
2020-03-24,LightGBM,20D,5,0.1343753128712639,0.005841515118707654,High
2020-03-25,LightGBM,20D,5,0.1223667547902461,0.005841515118707654,High
2020-03-26,LightGBM,20D,5,0.0756450142828389,0.005841515118707654,High
2020-03-27,LightGBM,20D,5,0.1245197280062011,0.005841515118707654,High
2020-03-30,LightGBM,20D,5,0.0862969672457426,0.005841515118707654,High
2020-03-31,LightGBM,20D,5,0.1286759820792315,0.005841515118707654,High
2020-04-01,LightGBM,20D,5,0.1645672014929636,0.005841515118707654,High
2020-04-02,LightGBM,20D,5,0.1135343334212274,0.005841515118707654,High
2020-04-03,LightGBM,20D,5,0.1330280168260212,0.005841515118707654,High
2020-04-06,LightGBM,20D,5,0.0740597078789705,0.005841515118707654,High
2020-04-07,LightGBM,20D,5,0.0686601665282903,0.005841515118707654,High
2020-04-08,LightGBM,20D,5,0.0466097510918963,0.005841515118707654,High
2020-04-09,LightGBM,20D,5,0.0489570758534234,0.005841515118707654,High
2020-04-13,LightGBM,20D,5,0.0592462046648912,0.005841515118707654,High
2020-04-14,LightGBM,20D,5,0.008418279320536,0.005841515118707654,High
2020-04-15,LightGBM,20D,5,0.0130780153686251,0.005841515118707654,High
2020-04-16,LightGBM,20D,5,0.0187370953331553,0.005841515118707654,High
2020-04-17,LightGBM,20D,5,-0.0037851614844422,0.005841515118707654,High
2020-04-20,LightGBM,20D,5,0.0452728929009789,0.005841515118707654,High
2020-04-21,LightGBM,20D,5,0.0658882604257102,0.005841515118707654,High
2020-04-22,LightGBM,20D,5,0.0597309504569891,0.005841515118707654,High
2020-04-23,LightGBM,20D,5,0.052466549807231,0.005841515118707654,High
2020-04-24,LightGBM,20D,5,0.0409954049272041,0.005841515118707654,High
2020-04-27,LightGBM,20D,5,0.0386028217669288,0.005841515118707654,High
2020-04-28,LightGBM,20D,5,0.0585774394477266,0.005841515118707654,High
2020-04-29,LightGBM,20D,5,0.030230596077734,0.005841515118707654,High
2020-04-30,LightGBM,20D,5,0.0442865329490969,0.005841515118707654,High
2020-05-01,LightGBM,20D,5,0.0764909604422373,0.005841515118707654,High
2020-05-04,LightGBM,20D,5,0.0804274451457866,0.005841515118707654,High
2020-05-05,LightGBM,20D,5,0.0849841807605707,0.005841515118707654,High
2020-05-06,LightGBM,20D,5,0.0886136720760043,0.005841515118707654,High
2020-05-07,LightGBM,20D,5,0.1030487291427495,0.005841515118707654,High
2020-05-08,LightGBM,20D,5,0.0982875904833291,0.005841515118707654,High
2020-05-11,LightGBM,20D,5,0.0903247776968165,0.005841515118707654,High
2020-05-12,LightGBM,20D,5,0.105710887733682,0.005841515118707654,High
2020-05-13,LightGBM,20D,5,0.062575191361673,0.005841515118707654,High
2020-05-14,LightGBM,20D,5,0.0640925601628134,0.005841515118707654,High
2020-05-15,LightGBM,20D,5,0.0684517457772656,0.005841515118707654,High
2020-05-18,LightGBM,20D,5,0.0562213898739027,0.005841515118707654,High
2020-05-19,LightGBM,20D,5,0.0631543413528727,0.005841515118707654,High
2020-05-20,LightGBM,20D,5,0.047234394143259,0.005841515118707654,High
2020-05-21,LightGBM,20D,5,0.0493728488875387,0.005841515118707654,High
2020-05-22,LightGBM,20D,5,0.0534959964973848,0.005841515118707654,High
2020-05-26,LightGBM,20D,5,0.045579880667408,0.005841515118707654,High
2020-05-27,LightGBM,20D,5,0.0046661675814313,0.005841515118707654,High
2020-05-28,LightGBM,20D,5,0.0176761346345691,0.005841515118707654,High
2020-05-29,LightGBM,20D,5,-0.01164986319257,0.005841515118707654,High
2020-06-01,LightGBM,20D,5,-0.0008151915574007,0.005841515118707654,High
2020-06-02,LightGBM,20D,5,0.0062998505959561,0.005841515118707654,High
2020-06-03,LightGBM,20D,5,-0.0022472562407371,0.005841515118707654,High
2020-06-04,LightGBM,20D,5,0.0056581033196887,0.005841515118707654,High
2020-06-05,LightGBM,20D,5,-0.0044589786697838,0.005841515118707654,High
2020-06-08,LightGBM,20D,5,-0.0273061129452333,0.005841515118707654,High
2020-06-09,LightGBM,20D,5,-0.0116793832620811,0.005841515118707654,High
2020-06-10,LightGBM,20D,5,-0.0120117190030936,0.005841515118707654,High
2020-06-11,LightGBM,20D,5,0.0591527837676382,0.005841515118707654,High
2020-06-12,LightGBM,20D,5,0.0367698519463675,0.005841515118707654,High
2020-06-15,LightGBM,20D,5,0.0418092917110964,0.005841515118707654,High
2020-06-16,LightGBM,20D,5,0.0320654957807409,0.005841515118707654,High
2020-06-17,LightGBM,20D,5,0.0322603767992549,0.005841515118707654,High
2020-06-18,LightGBM,20D,5,0.0345108959830365,0.005841515118707654,High
2020-06-19,LightGBM,20D,5,0.0485482068038507,0.005841515118707654,High
2020-06-22,LightGBM,20D,5,0.0437517428417525,0.005841515118707654,High
2020-06-23,LightGBM,20D,5,0.0451842042447426,0.005841515118707654,High
2020-06-24,LightGBM,20D,5,0.058983091428158,0.005841515118707654,High
2020-06-25,LightGBM,20D,5,0.0418736236756638,0.005841515118707654,High
2020-06-26,LightGBM,20D,5,0.0737667567719773,0.005841515118707654,High
2020-06-29,LightGBM,20D,5,0.0526934332397973,0.005841515118707654,High
2020-06-30,LightGBM,20D,5,0.0497528671557842,0.005841515118707654,High
2020-07-01,LightGBM,20D,5,0.0409860014164588,0.005841515118707654,High
2020-07-02,LightGBM,20D,5,0.0440962671818181,0.005841515118707654,High
2020-07-06,LightGBM,20D,5,0.0354946990140135,0.005841515118707654,High
2020-07-07,LightGBM,20D,5,0.0499775999097908,0.005841515118707654,High
2020-07-08,LightGBM,20D,5,0.0485897740818786,0.005841515118707654,High
2020-07-09,LightGBM,20D,5,0.0606564915787381,0.005841515118707654,High
2020-07-10,LightGBM,20D,5,0.0508775110742516,0.005841515118707654,High
2020-07-13,LightGBM,20D,5,0.0630226215637023,0.005841515118707654,High
2020-07-14,LightGBM,20D,5,0.041704265579421,0.005841515118707654,High
2020-07-15,LightGBM,20D,5,0.0465627109366796,0.005841515118707654,High
2020-07-16,LightGBM,20D,5,0.0479253534746383,0.005841515118707654,High
2020-07-17,LightGBM,20D,5,0.0449088934907757,0.005841515118707654,High
2020-07-20,LightGBM,20D,5,0.0392432737430587,0.005841515118707654,High
2020-07-21,LightGBM,20D,5,0.0398663848283156,0.005841515118707654,High
2020-07-22,LightGBM,20D,5,0.0297216308886598,0.005841515118707654,High
2020-07-23,LightGBM,20D,5,0.0452716640692526,0.005841515118707654,High
2020-07-24,LightGBM,20D,5,0.0549165040765014,0.005841515118707654,High
2020-07-27,LightGBM,20D,5,0.0575421906199225,0.005841515118707654,Normal
2020-07-28,LightGBM,20D,5,0.0676265257841089,0.005841515118707654,Normal
2020-07-29,LightGBM,20D,5,0.065418743777208,0.005841515118707654,Normal
2020-07-30,LightGBM,20D,5,0.0708476915724718,0.005841515118707654,Normal
2020-07-31,LightGBM,20D,5,0.0699164581798658,0.005841515118707654,Normal
2020-08-03,LightGBM,20D,5,0.0605637203399985,0.005841515118707654,Normal
2020-08-04,LightGBM,20D,5,0.0644551287345707,0.005841515118707654,Normal
2020-08-05,LightGBM,20D,5,0.0732950184429225,0.005841515118707654,Normal
2020-08-06,LightGBM,20D,5,0.0311302982800724,0.005841515118707654,Normal
2020-08-07,LightGBM,20D,5,0.0223311882558405,0.005841515118707654,Normal
2020-08-10,LightGBM,20D,5,-0.008556106104018,0.005841515118707654,Normal
2020-08-11,LightGBM,20D,5,0.0193897099595396,0.005841515118707654,Normal
2020-08-12,LightGBM,20D,5,-0.0122510382594692,0.005841515118707654,Normal
2020-08-13,LightGBM,20D,5,-0.0096688354252253,0.005841515118707654,Normal
2020-08-14,LightGBM,20D,5,0.0031643969960766,0.005841515118707654,Normal
2020-08-17,LightGBM,20D,5,0.0056640054191528,0.005841515118707654,Normal
2020-08-18,LightGBM,20D,5,-0.0012663818928157,0.005841515118707654,Normal
2020-08-19,LightGBM,20D,5,-0.0053002080761863,0.005841515118707654,Normal
2020-08-20,LightGBM,20D,5,-0.0196994397923609,0.005841515118707654,Low
2020-08-21,LightGBM,20D,5,-0.0347732038026311,0.005841515118707654,Low
2020-08-24,LightGBM,20D,5,-0.0343038027691586,0.005841515118707654,Low
2020-08-25,LightGBM,20D,5,-0.0619010414290728,0.005841515118707654,Low
2020-08-26,LightGBM,20D,5,-0.0690620372192853,0.005841515118707654,Low
2020-08-27,LightGBM,20D,5,-0.0548832440269061,0.005841515118707654,Low
2020-08-28,LightGBM,20D,5,-0.0456110550226221,0.005841515118707654,Low
2020-08-31,LightGBM,20D,5,-0.0482379625515576,0.005841515118707654,Low
2020-09-01,LightGBM,20D,5,-0.0475149514038839,0.005841515118707654,Low
2020-09-02,LightGBM,20D,5,-0.0574850519834588,0.005841515118707654,Low
2020-09-03,LightGBM,20D,5,-0.0313512707076442,0.005841515118707654,High
2020-09-04,LightGBM,20D,5,-0.0053718809504681,0.005841515118707654,High
2020-09-08,LightGBM,20D,5,0.0087048837484754,0.005841515118707654,High
2020-09-09,LightGBM,20D,5,0.0060072868565365,0.005841515118707654,High
2020-09-10,LightGBM,20D,5,0.0317267456768014,0.005841515118707654,High
2020-09-11,LightGBM,20D,5,0.0399489106994668,0.005841515118707654,High
2020-09-14,LightGBM,20D,5,0.0435701058327681,0.005841515118707654,High
2020-09-15,LightGBM,20D,5,0.0320374282731051,0.005841515118707654,High
2020-09-16,LightGBM,20D,5,0.0300219030811976,0.005841515118707654,High
2020-09-17,LightGBM,20D,5,0.0369409290955371,0.005841515118707654,High
2020-09-18,LightGBM,20D,5,0.048321416499996,0.005841515118707654,High
2020-09-21,LightGBM,20D,5,0.0434953170123512,0.005841515118707654,High
2020-09-22,LightGBM,20D,5,0.0377484959339762,0.005841515118707654,High
2020-09-23,LightGBM,20D,5,0.0595577208367801,0.005841515118707654,High
2020-09-24,LightGBM,20D,5,0.0617800692856423,0.005841515118707654,High
2020-09-25,LightGBM,20D,5,0.0493694683818433,0.005841515118707654,High
2020-09-28,LightGBM,20D,5,0.0146228035426671,0.005841515118707654,High
2020-09-29,LightGBM,20D,5,0.0164168808966656,0.005841515118707654,High
2020-09-30,LightGBM,20D,5,-0.0277285037802916,0.005841515118707654,High
2020-10-01,LightGBM,20D,5,-0.0211309284045891,0.005841515118707654,High
2020-10-02,LightGBM,20D,5,-0.0237108289834782,0.005841515118707654,High
2020-10-05,LightGBM,20D,5,-0.0292809870957875,0.005841515118707654,High
2020-10-06,LightGBM,20D,5,0.0024338149758133,0.005841515118707654,High
2020-10-07,LightGBM,20D,5,0.0069941768606635,0.005841515118707654,High
2020-10-08,LightGBM,20D,5,0.0182892297424955,0.005841515118707654,High
2020-10-09,LightGBM,20D,5,0.0092463779763688,0.005841515118707654,High
2020-10-12,LightGBM,20D,5,0.0045958225643888,0.005841515118707654,High
2020-10-13,LightGBM,20D,5,0.0095219389726844,0.005841515118707654,High
2020-10-14,LightGBM,20D,5,0.0237898394197352,0.005841515118707654,High
2020-10-15,LightGBM,20D,5,0.0152901113868789,0.005841515118707654,High
2020-10-16,LightGBM,20D,5,0.0286737476365424,0.005841515118707654,High
2020-10-19,LightGBM,20D,5,0.0567191460743175,0.005841515118707654,High
2020-10-20,LightGBM,20D,5,0.0471995069696688,0.005841515118707654,High
2020-10-21,LightGBM,20D,5,0.0377664103337578,0.005841515118707654,High
2020-10-22,LightGBM,20D,5,0.0364997320209992,0.005841515118707654,High
2020-10-23,LightGBM,20D,5,0.0262441563276912,0.005841515118707654,High
2020-10-26,LightGBM,20D,5,0.0506287374948629,0.005841515118707654,High
2020-10-27,LightGBM,20D,5,0.0696914016593401,0.005841515118707654,High
2020-10-28,LightGBM,20D,5,0.1040312690124084,0.005841515118707654,High
2020-10-29,LightGBM,20D,5,0.0945488550983121,0.005841515118707654,High
2020-10-30,LightGBM,20D,5,0.1021464279066001,0.005841515118707654,High
2015-06-10,LightGBM,60D,1,-0.0760017568835913,0.01437862848328815,Low
2015-06-11,LightGBM,60D,1,-0.0931871823943958,0.015240668728137332,Low
2015-06-12,LightGBM,60D,1,-0.0613946705442546,0.02768764701979649,Low
2015-06-15,LightGBM,60D,1,-0.0707564166915679,0.028375444560738525,Low
2015-06-16,LightGBM,60D,1,-0.071166071762386,0.0329260015810293,Low
2015-06-17,LightGBM,60D,1,-0.0686667497124726,0.030031774704164182,Low
2015-06-18,LightGBM,60D,1,-0.0826187909895252,0.01437862848328815,Low
2015-06-19,LightGBM,60D,1,-0.0645514881201432,0.014792554151809448,Low
2015-06-22,LightGBM,60D,1,-0.0619601153863095,0.014451579157902638,Low
2015-06-23,LightGBM,60D,1,-0.0651601262540631,0.014685579703595844,Low
2015-06-24,LightGBM,60D,1,-0.0740758914901413,0.014998663021937118,Low
2015-06-25,LightGBM,60D,1,-0.0665424952998722,0.015039247064506458,Low
2015-06-26,LightGBM,60D,1,-0.078547269574328,0.01468556670668112,Low
2015-06-29,LightGBM,60D,1,-0.0595110442953105,0.032014809017720275,Normal
2015-06-30,LightGBM,60D,1,-0.0655346585190844,0.03464968122563669,Normal
2015-07-01,LightGBM,60D,1,-0.072912656754942,0.025595865002742822,Normal
2015-07-02,LightGBM,60D,1,-0.0986057977282045,0.02905078982899522,Normal
2015-07-06,LightGBM,60D,1,-0.0935044711163255,0.0368855526861793,Normal
2015-07-07,LightGBM,60D,1,-0.0806711331066291,0.03384035292051234,Normal
2015-07-08,LightGBM,60D,1,-0.0619062295161503,0.03326156838797694,Normal
2015-07-09,LightGBM,60D,1,-0.0499520841445647,0.0340264637806243,Normal
2015-07-10,LightGBM,60D,1,-0.0440904770110702,0.03497349027742624,Normal
2015-07-13,LightGBM,60D,1,-0.0586904348625687,0.02784690872122516,Normal
2015-07-14,LightGBM,60D,1,-0.055130188241516,0.015521278674057422,Normal
2015-07-15,LightGBM,60D,1,-0.0456151517962204,0.02070605783206707,Normal
2015-07-16,LightGBM,60D,1,-0.0528730366801808,0.014847574497169494,Normal
2015-07-17,LightGBM,60D,1,-0.0527039438272984,0.015003451595831939,Normal
2015-07-20,LightGBM,60D,1,-0.0603237041414271,0.017368968277178525,Normal
2015-07-21,LightGBM,60D,1,-0.0607803388106433,0.021242429399098577,Normal
2015-07-22,LightGBM,60D,1,-0.0436462224390979,0.020817350257086528,Normal
2015-07-23,LightGBM,60D,1,-0.0333939508540215,0.029870417473641157,Normal
2015-07-24,LightGBM,60D,1,-0.0223624212134872,0.034592516650872596,Normal
2015-07-27,LightGBM,60D,1,-0.0179927672043168,0.033000560976041565,Normal
2015-07-28,LightGBM,60D,1,-0.0361452899173403,0.03188347453644996,Normal
2015-07-29,LightGBM,60D,1,-0.0269465858321299,0.027267581837169867,Normal
2015-07-30,LightGBM,60D,1,-0.0160049987671093,0.014868004887618991,Normal
2015-07-31,LightGBM,60D,1,-0.0156458279671577,0.01458710207407608,Normal
2015-08-03,LightGBM,60D,1,-0.015442519887341,0.020445996590466864,Normal
2015-08-04,LightGBM,60D,1,-0.0014197922322646,0.03409282222272195,Normal
2015-08-05,LightGBM,60D,1,-0.004979505798416,0.027913566736879614,Low
2015-08-06,LightGBM,60D,1,-0.0020177915642793,0.030486892996457005,Low
2015-08-07,LightGBM,60D,1,0.012665107630873,0.03568629843044816,Low
2015-08-10,LightGBM,60D,1,0.0026626249239154,0.030703212287975463,Low
2015-08-11,LightGBM,60D,1,0.0087140226644506,0.034464694007203006,Low
2015-08-12,LightGBM,60D,1,0.0066316292697374,0.03560934005530247,Low
2015-08-13,LightGBM,60D,1,0.0075599733580951,0.03564810921992128,Low
2015-08-14,LightGBM,60D,1,-0.0062156495727666,0.034967467493072425,Low
2015-08-17,LightGBM,60D,1,-0.0099040861287198,0.034840940469851395,Low
2015-08-18,LightGBM,60D,1,-0.0105084105146556,0.035004455040061555,Low
2015-08-19,LightGBM,60D,1,-0.0163084374416912,0.03576303363868289,Low
2015-08-20,LightGBM,60D,1,-0.0062531174197004,0.037210934984803656,Normal
2015-08-21,LightGBM,60D,1,0.0409094278964122,0.016629236570192298,High
2015-08-24,LightGBM,60D,1,0.0797805952246848,0.04737712369963019,High
2015-08-25,LightGBM,60D,1,0.1094280748445129,0.0601818754535384,High
2015-08-26,LightGBM,60D,1,0.0700130350810018,0.025394101949640153,High
2015-08-27,LightGBM,60D,1,0.0498087358714612,0.0009409790141219984,High
2015-08-28,LightGBM,60D,1,0.047964560872901,-0.0097542596872406,High
2015-08-31,LightGBM,60D,1,0.0576128894818458,0.007727661927085334,High
2015-09-01,LightGBM,60D,1,0.0875063987093067,0.02296609152792534,High
2015-09-02,LightGBM,60D,1,0.0699721688455729,0.001256177399466454,High
2015-09-03,LightGBM,60D,1,0.0641562530065355,-0.05818964129303473,High
2015-09-04,LightGBM,60D,1,0.090228500707551,-0.0197657143196378,High
2015-09-08,LightGBM,60D,1,0.0543982708710637,-0.013725237939476644,High
2015-09-09,LightGBM,60D,1,0.0539154801959983,-0.03216157013808351,High
2015-09-10,LightGBM,60D,1,0.0689692611149139,-0.08289094196230566,High
2015-09-11,LightGBM,60D,1,0.0574782107095299,-0.13149045118931038,High
2015-09-14,LightGBM,60D,1,0.055065199306979,-0.14565266508406133,High
2015-09-15,LightGBM,60D,1,0.0345464253098539,-0.1158026621156049,High
2015-09-16,LightGBM,60D,1,0.0281275411730727,-0.08655158101201388,High
2015-09-17,LightGBM,60D,1,0.0110780178598174,-0.11394837553953636,High
2015-09-18,LightGBM,60D,1,0.0321185368782691,-0.16598264610073946,High
2015-09-21,LightGBM,60D,1,0.0381257249505107,-0.1388019839158597,High
2015-09-22,LightGBM,60D,1,0.0649312906206604,-0.16471669170679082,High
2015-09-23,LightGBM,60D,1,0.0518272582143779,-0.08313566192151611,High
2015-09-24,LightGBM,60D,1,0.0372384150785774,-0.10864080993483517,High
2015-09-25,LightGBM,60D,1,0.0454526236069543,-0.08706902127857562,High
2015-09-28,LightGBM,60D,1,0.0802319303613323,-0.013009830147554247,High
2015-09-29,LightGBM,60D,1,0.0913414329759045,-0.0005232389202180039,High
2015-09-30,LightGBM,60D,1,0.0708456189684761,-0.07778278460214351,High
2015-10-01,LightGBM,60D,1,0.0666927438338328,-0.045395827069062686,High
2015-10-02,LightGBM,60D,1,0.0630526149904501,-0.05932867445879087,High
2015-10-05,LightGBM,60D,1,0.0376846226881696,-0.04311062493242851,High
2015-10-06,LightGBM,60D,1,0.0318228269908449,-0.041275463897058294,High
2015-10-07,LightGBM,60D,1,0.0083972653354861,-0.0357788469694658,High
2015-10-08,LightGBM,60D,1,0.0016276893302875,-0.03593644652193955,High
2015-10-09,LightGBM,60D,1,-0.0122993222328538,-0.037519076152550575,High
2015-10-12,LightGBM,60D,1,-0.0375598032295314,-0.03343512806743672,High
2015-10-13,LightGBM,60D,1,-0.0416085169852523,-0.04571079325656592,High
2015-10-14,LightGBM,60D,1,-0.0360281777774905,-0.04762415875245041,High
2015-10-15,LightGBM,60D,1,-0.0429992150110709,-0.06303083023184496,High
2015-10-16,LightGBM,60D,1,-0.0728416514626769,-0.04494734868011872,High
2015-10-19,LightGBM,60D,1,-0.0565540994721662,-0.035540829104939574,High
2015-10-20,LightGBM,60D,1,-0.0769677711144347,-0.032728442109874814,Normal
2015-10-21,LightGBM,60D,1,-0.0705936420158716,-0.04601121036505695,Normal
2015-10-22,LightGBM,60D,1,-0.0988472550543641,-0.030874822904933173,High
2015-10-23,LightGBM,60D,1,-0.1046352203874588,-0.02581606290202051,High
2015-10-26,LightGBM,60D,1,-0.0826395605041452,0.0014119829990350235,Normal
2015-10-27,LightGBM,60D,1,-0.0958437198118788,6.413678256594099e-05,Normal
2015-10-28,LightGBM,60D,1,-0.0935689704696545,0.0034798158718343077,Normal
2015-10-29,LightGBM,60D,1,-0.1040420173895221,0.0015753391317527314,Normal
2015-10-30,LightGBM,60D,1,-0.0937071849835053,-0.024001123702411357,Normal
2015-11-02,LightGBM,60D,1,-0.0810524103277635,-0.02045085807198124,Normal
2015-11-03,LightGBM,60D,1,-0.0842200980983728,-0.016976476546829662,Normal
2015-11-04,LightGBM,60D,1,-0.099589399876957,-0.020777886517872532,Normal
2015-11-05,LightGBM,60D,1,-0.0934769900988847,-0.021304236373063903,Normal
2015-11-06,LightGBM,60D,1,-0.0916037400263375,-0.020572489431249067,Normal
2015-11-09,LightGBM,60D,1,-0.1003866076461869,-0.03486216191454912,Normal
2015-11-10,LightGBM,60D,1,-0.1161511207226939,-0.02098493085933244,Normal
2015-11-11,LightGBM,60D,1,-0.1135816540478851,-0.019803806572717755,Normal
2015-11-12,LightGBM,60D,1,-0.0996814588420133,-0.03817441059163143,Normal
2015-11-13,LightGBM,60D,1,-0.1007882657391141,-0.04965347642581211,Normal
2015-11-16,LightGBM,60D,1,-0.0962515533263025,-0.0491344297080468,Normal
2015-11-17,LightGBM,60D,1,-0.0785295385663709,-0.013060740025804138,Normal
2015-11-18,LightGBM,60D,1,-0.0782166578179019,0.005731059187936052,Normal
2015-11-19,LightGBM,60D,1,-0.0817695496128573,-0.01604505511901728,Normal
2015-11-20,LightGBM,60D,1,-0.0855985381748085,-0.04269345499546329,Normal
2015-11-23,LightGBM,60D,1,-0.0700121832340483,-0.04199694456309285,Normal
2015-11-24,LightGBM,60D,1,-0.0837660107497975,-0.0331864773263825,Normal
2015-11-25,LightGBM,60D,1,-0.0792069101001984,0.014569115281896729,Normal
2015-11-27,LightGBM,60D,1,-0.0685159849292285,0.016490080458461558,Normal
2015-11-30,LightGBM,60D,1,-0.0657360501191747,0.01767557873743708,Normal
2015-12-01,LightGBM,60D,1,-0.0845141201574857,0.013221666518196399,Normal
2015-12-02,LightGBM,60D,1,-0.0498691421164181,0.015438370988215148,Normal
2015-12-03,LightGBM,60D,1,-0.0313053658111662,0.014800056270449438,Normal
2015-12-04,LightGBM,60D,1,-0.0481305878547005,0.01871596787312241,Normal
2015-12-07,LightGBM,60D,1,-0.0378161040283609,0.019569108022691902,Normal
2015-12-08,LightGBM,60D,1,-0.0304204286019025,0.018226022643423923,Normal
2015-12-09,LightGBM,60D,1,-0.033955098292216,0.019550103139909285,Normal
2015-12-10,LightGBM,60D,1,-0.0311642820879965,0.02030337639254877,Normal
2015-12-11,LightGBM,60D,1,-0.0113946215350586,0.029334511859859223,High
2015-12-14,LightGBM,60D,1,0.0001236359897248,0.0196468931302466,Normal
2015-12-15,LightGBM,60D,1,-0.0117007127328014,0.018339988088427787,Normal
2015-12-16,LightGBM,60D,1,-0.0279499793178908,0.0238744602081585,High
2015-12-17,LightGBM,60D,1,-0.0072104748002345,0.024514450831063076,Normal
2015-12-18,LightGBM,60D,1,0.0173206032754685,0.03379930165197073,High
2015-12-21,LightGBM,60D,1,0.0139682637993383,0.03474975998668961,High
2015-12-22,LightGBM,60D,1,0.0061752601120617,0.03103063092098617,High
2015-12-23,LightGBM,60D,1,-0.0070441093122642,0.024783602547208024,High
2015-12-24,LightGBM,60D,1,-0.011850703439068,0.02581765202580314,High
2015-12-28,LightGBM,60D,1,-0.0100479087621388,0.02721592498343373,High
2015-12-29,LightGBM,60D,1,-0.0200764660470894,0.026392489694076444,High
2015-12-30,LightGBM,60D,1,-0.0040550552090735,0.03092262157445117,High
2015-12-31,LightGBM,60D,1,0.0097423098259603,0.03188548511069367,High
2016-01-04,LightGBM,60D,1,0.0231225092641454,0.03224864057281006,High
2016-01-05,LightGBM,60D,1,0.0274232641913855,0.03346665802132323,High
2016-01-06,LightGBM,60D,1,0.0374119471481569,0.04194042037453344,High
2016-01-07,LightGBM,60D,1,0.0512014652557071,0.03925381296848067,High
2016-01-08,LightGBM,60D,1,0.0725518006335682,0.032685776101117586,High
2016-01-11,LightGBM,60D,1,0.0596508183677408,0.02676843604233524,High
2016-01-12,LightGBM,60D,1,0.0546610068545824,0.03621889181572986,High
2016-01-13,LightGBM,60D,1,0.0771998360428875,-0.02257348793585757,High
2016-01-14,LightGBM,60D,1,0.0702575289898937,-0.03074333297356256,High
2016-01-15,LightGBM,60D,1,0.1020833714566139,-0.005494777812677795,High
2016-01-19,LightGBM,60D,1,0.1017246036993174,0.0005851667277800372,High
2016-01-20,LightGBM,60D,1,0.1125026001490699,0.0076670025095061,High
2016-01-21,LightGBM,60D,1,0.1138403371269197,0.0022096265176010446,High
2016-01-22,LightGBM,60D,1,0.0968393481475727,-0.07825340139058949,High
2016-01-25,LightGBM,60D,1,0.1133621483696285,-0.10938528006986929,High
2016-01-26,LightGBM,60D,1,0.0941093476819688,-0.14494163671550497,High
2016-01-27,LightGBM,60D,1,0.1050801285620379,-0.15871349573117435,High
2016-01-28,LightGBM,60D,1,0.0977530882236836,-0.15871349573117435,High
2016-01-29,LightGBM,60D,1,0.075165437403364,-0.1641908117119893,High
2016-02-01,LightGBM,60D,1,0.0772567663606524,-0.1494590031674954,High
2016-02-02,LightGBM,60D,1,0.0869040990173222,-0.16451410436704964,High
2016-02-03,LightGBM,60D,1,0.0768485297651908,-0.1641908117119893,High
2016-02-04,LightGBM,60D,1,0.0831025681699116,-0.16598264610073946,High
2016-02-05,LightGBM,60D,1,0.0930422270578675,-0.15269015643879189,High
2016-02-08,LightGBM,60D,1,0.1013427022754523,-0.023003338463563196,High
2016-02-09,LightGBM,60D,1,0.1017675062294184,-0.008869630760670275,High
2016-02-10,LightGBM,60D,1,0.1051260849137318,-0.003102856634885254,High
2016-02-11,LightGBM,60D,1,0.1182567455505979,0.019367581678263208,High
2016-02-12,LightGBM,60D,1,0.1113330955795893,-0.061214555963768395,High
2016-02-16,LightGBM,60D,1,0.0853438349600355,-0.12471864639397086,High
2016-02-17,LightGBM,60D,1,0.06882824506643,-0.14410156283726988,High
2016-02-18,LightGBM,60D,1,0.064990443028612,-0.1454436464129252,High
2016-02-19,LightGBM,60D,1,0.0747654527000267,-0.14394767825892285,High
2016-02-22,LightGBM,60D,1,0.0509588580487877,-0.12880151950432772,High
2016-02-23,LightGBM,60D,1,0.0636965933059777,-0.16265388210634787,High
2016-02-24,LightGBM,60D,1,0.0555530387486249,-0.16079173434312405,High
2016-02-25,LightGBM,60D,1,0.0502701312409788,-0.0811489273165941,High
2016-02-26,LightGBM,60D,1,0.0500543600024416,-0.09088211527339521,High
2016-02-29,LightGBM,60D,1,0.0717971286280036,-0.043330685626076025,High
2016-03-01,LightGBM,60D,1,0.0551592728779684,-0.07489268732203579,High
2016-03-02,LightGBM,60D,1,0.0508628569669381,-0.04013302547421254,High
2016-03-03,LightGBM,60D,1,0.0516479175860607,-0.03000575582840115,High
2016-03-04,LightGBM,60D,1,0.0473417090995288,-0.040815241108240356,High
2016-03-07,LightGBM,60D,1,0.0475914849525912,-0.03796696482372186,High
2016-03-08,LightGBM,60D,1,0.0617159371755837,-0.043695859778077425,High
2016-03-09,LightGBM,60D,1,0.0537602021560745,-0.04263517191551421,High
2016-03-10,LightGBM,60D,1,0.0584897378783156,-0.029480860223803307,High
2016-03-11,LightGBM,60D,1,0.0435158079186617,-0.0012410807981177805,Normal
2016-03-14,LightGBM,60D,1,0.0480816785072284,-0.005450829070820379,Normal
2016-03-15,LightGBM,60D,1,0.0482010738436525,-0.034533087875867216,Normal
2016-03-16,LightGBM,60D,1,0.0333988135517065,-0.03666302964920647,Normal
2016-03-17,LightGBM,60D,1,0.0186769316934008,-0.02659408795969489,Normal
2016-03-18,LightGBM,60D,1,0.0124804593704028,-0.028609588673260328,Normal
2016-03-21,LightGBM,60D,1,0.0096529584023002,-0.030474926340197148,Normal
2016-03-22,LightGBM,60D,1,0.0136588244101182,-0.014908817435206317,Normal
2016-03-23,LightGBM,60D,1,0.0168020497961763,-0.026093036179407326,Normal
2016-03-24,LightGBM,60D,1,0.0229715743539761,-0.01792047558925628,Normal
2016-03-28,LightGBM,60D,1,0.0251348580701135,-0.01763778201656704,Normal
2016-03-29,LightGBM,60D,1,0.0147039170193004,-0.016812325491814453,Normal
2016-03-30,LightGBM,60D,1,0.0236386040976892,-0.0030763129906399168,Low
2016-03-31,LightGBM,60D,1,-0.0109003463482725,-0.0008738979135909114,Low
2016-04-01,LightGBM,60D,1,-0.0354735519265749,-0.0008700044835112673,Low
2016-04-04,LightGBM,60D,1,-0.0146459502766325,0.0023025677542048836,Low
2016-04-05,LightGBM,60D,1,0.0124395911064158,-0.010850640996648972,Low
2016-04-06,LightGBM,60D,1,0.0154606563238687,0.015202348630739115,Low
2016-04-07,LightGBM,60D,1,0.0294554365869058,-0.00599251720078513,Normal
2016-04-08,LightGBM,60D,1,0.0198017049966907,-0.010191799591073416,Normal
2016-04-11,LightGBM,60D,1,0.0278839379445707,0.0006258595874000261,Low
2016-04-12,LightGBM,60D,1,0.0173962261764476,0.0029439895620507707,Low
2016-04-13,LightGBM,60D,1,0.022544342973882,0.008979945808668786,Low
2016-04-14,LightGBM,60D,1,0.0257742498557478,0.00972561326063686,Low
2016-04-15,LightGBM,60D,1,0.0337438617392394,0.009653860353309143,Low
2016-04-18,LightGBM,60D,1,0.0273588948004232,0.009653860353309143,Low
2016-04-19,LightGBM,60D,1,0.0295245796992537,0.00972561326063686,Low
2016-04-20,LightGBM,60D,1,0.0278339455901481,0.00947519052202539,Low
2016-04-21,LightGBM,60D,1,0.0354209702693087,0.009055242162618722,Low
2016-04-22,LightGBM,60D,1,0.0339369071893524,0.009373568673825331,Low
2016-04-25,LightGBM,60D,1,0.0400118051258796,0.008942323801386062,Low
2016-04-26,LightGBM,60D,1,0.0345217350951175,0.010401975193451731,Low
2016-04-27,LightGBM,60D,1,0.0374173677728813,0.010401975193451731,Low
2016-04-28,LightGBM,60D,1,0.0436749850945131,0.007420680852806455,Low
2016-04-29,LightGBM,60D,1,0.0490736664857897,0.007957508431651125,Low
2016-05-02,LightGBM,60D,1,0.0400947988417371,0.005186051158874683,Low
2016-05-03,LightGBM,60D,1,0.0504142186782251,0.00603302335069654,Low
2016-05-04,LightGBM,60D,1,0.0579987815013557,0.008692978132092159,Low
2016-05-05,LightGBM,60D,1,0.0569672240466586,0.008763597937563202,Low
2016-05-06,LightGBM,60D,1,0.0474156726804386,0.008874896397556795,Low
2016-05-09,LightGBM,60D,1,0.0497915020888998,0.012751155947562704,Low
2016-05-10,LightGBM,60D,1,0.0375976861523515,0.012665581207302242,Low
2016-05-11,LightGBM,60D,1,0.0557719063196005,0.012760905944182846,Low
2016-05-12,LightGBM,60D,1,0.0550338082960231,0.012432182820831108,Low
2016-05-13,LightGBM,60D,1,0.0639379604443315,0.015200708078719021,Low
2016-05-16,LightGBM,60D,1,0.0513201869912305,0.012179248142860987,Low
2016-05-17,LightGBM,60D,1,0.0654994656458371,0.015697939963527086,Low
2016-05-18,LightGBM,60D,1,0.0644979445725215,0.015207315526217076,Low
2016-05-19,LightGBM,60D,1,0.0710005553897639,0.015460566993050954,Low
2016-05-20,LightGBM,60D,1,0.0595049539504812,0.015599052443249176,Low
2016-05-23,LightGBM,60D,1,0.0634594365247384,0.015614254875766311,Low
2016-05-24,LightGBM,60D,1,0.0520680006871307,0.011369615293797665,Normal
2016-05-25,LightGBM,60D,1,0.0436761614667791,0.013367742415145168,Normal
2016-05-26,LightGBM,60D,1,0.0433231456333847,0.013813427585947674,Normal
2016-05-27,LightGBM,60D,1,0.0409953178723068,0.014072022987118625,Normal
2016-05-31,LightGBM,60D,1,0.0367470312332248,0.01365385666193948,Normal
2016-06-01,LightGBM,60D,1,0.0342464721826533,0.013653329549626376,Low
2016-06-02,LightGBM,60D,1,0.0298457117769537,0.01473598967070572,Low
2016-06-03,LightGBM,60D,1,0.0379762024423229,0.014948436389151836,Low
2016-06-06,LightGBM,60D,1,0.0311352825158365,0.014994585071876669,Low
2016-06-07,LightGBM,60D,1,0.0274679757810764,0.014420200403034123,Low
2016-06-08,LightGBM,60D,1,0.0241224884197101,0.014804858039970897,Low
2016-06-09,LightGBM,60D,1,0.0300339656166386,0.013491904056865154,Low
2016-06-10,LightGBM,60D,1,0.04222874039681,0.012310913601234983,Low
2016-06-13,LightGBM,60D,1,0.0502306432482259,0.012929655489661445,Low
2016-06-14,LightGBM,60D,1,0.0498056601277276,0.013216200079213963,Low
2016-06-15,LightGBM,60D,1,0.0268203267807013,0.015110007531758339,Low
2016-06-16,LightGBM,60D,1,0.0382626209030902,0.01447584639479704,Low
2016-06-17,LightGBM,60D,1,0.0265841567694881,0.014552063349962674,Low
2016-06-20,LightGBM,60D,1,0.0202049245912523,0.014532056960598966,Low
2016-06-21,LightGBM,60D,1,0.0275550504364826,0.014140436557731336,Low
2016-06-22,LightGBM,60D,1,0.0254285516374863,0.017642195805069913,Low
2016-06-23,LightGBM,60D,1,0.0121343813317065,0.017791752664245812,Low
2016-06-24,LightGBM,60D,1,0.0490142676215232,0.03086025365466263,Normal
2016-06-27,LightGBM,60D,1,0.0781345144668618,0.028106165840954555,Normal
2016-06-28,LightGBM,60D,1,0.066999144780416,0.03593779197438784,High
2016-06-29,LightGBM,60D,1,0.0443566088494433,0.02618199735634107,High
2016-06-30,LightGBM,60D,1,0.0222578955820611,0.02604141324923304,High
2016-07-01,LightGBM,60D,1,0.0267346844543272,0.02472233855826477,High
2016-07-05,LightGBM,60D,1,0.0388882900435684,0.024562543921106357,High
2016-07-06,LightGBM,60D,1,0.0241844752552112,0.025230801726501686,High
2016-07-07,LightGBM,60D,1,0.0329928257299719,0.02553798787975529,High
2016-07-08,LightGBM,60D,2,0.0145886159824522,0.014326800978524042,High
2016-07-11,LightGBM,60D,2,0.0062179148840921,0.014326800978524042,High
2016-07-12,LightGBM,60D,2,0.0035205588079433,0.014326800978524042,High
2016-07-13,LightGBM,60D,2,0.0038672439855662,0.014326800978524042,High
2016-07-14,LightGBM,60D,2,-0.0046369662577448,0.014326800978524042,High
2016-07-15,LightGBM,60D,2,0.0008877431194504,0.014326800978524042,High
2016-07-18,LightGBM,60D,2,-0.014016296400174,0.014326800978524042,High
2016-07-19,LightGBM,60D,2,-0.0114341596933597,0.014326800978524042,High
2016-07-20,LightGBM,60D,2,-0.0187994444213578,0.014326800978524042,High
2016-07-21,LightGBM,60D,2,-0.0149787904057116,0.014326800978524042,High
2016-07-22,LightGBM,60D,2,-0.0225650353070622,0.014326800978524042,High
2016-07-25,LightGBM,60D,2,-0.0134075109614338,0.01071201727542661,Normal
2016-07-26,LightGBM,60D,2,-0.0115406709668027,0.01071201727542661,Normal
2016-07-27,LightGBM,60D,2,-0.0117180811513749,0.01071201727542661,Low
2016-07-28,LightGBM,60D,2,-0.013407146739622,0.011614503006474862,Low
2016-07-29,LightGBM,60D,2,-0.0102985322098524,0.01657364536819858,Low
2016-08-01,LightGBM,60D,2,-0.0128328955270677,0.01657364536819858,Low
2016-08-02,LightGBM,60D,2,-0.0081928826355873,0.011614503006474862,Low
2016-08-03,LightGBM,60D,2,-0.0143131212576673,0.011614503006474862,Low
2016-08-04,LightGBM,60D,2,-0.0176388106967816,0.011555416688538638,Low
2016-08-05,LightGBM,60D,2,-0.0263277918703602,0.01657364536819858,Low
2016-08-08,LightGBM,60D,2,-0.0322302336875536,0.01657364536819858,Low
2016-08-09,LightGBM,60D,2,-0.0391668361275638,0.017605495041387247,Low
2016-08-10,LightGBM,60D,2,-0.0407312520866849,0.014053075839573713,Low
2016-08-11,LightGBM,60D,2,-0.0471221874608214,0.018682003073704975,Low
2016-08-12,LightGBM,60D,2,-0.0243456243444424,0.018682003073704975,Low
2016-08-15,LightGBM,60D,2,-0.0233697622418066,0.018682003073704975,Low
2016-08-16,LightGBM,60D,2,-0.0068595001456724,0.017721459126296708,Low
2016-08-17,LightGBM,60D,2,-0.0067775004357326,0.017743536304761134,Low
2016-08-18,LightGBM,60D,2,-0.0103736304799127,0.018726299921602182,Low
2016-08-19,LightGBM,60D,2,-0.0090478303683277,0.018726299921602182,Low
2016-08-22,LightGBM,60D,2,-0.0010313934629152,0.01866721360366596,Low
2016-08-23,LightGBM,60D,2,-0.0045647771636528,0.01866721360366596,Low
2016-08-24,LightGBM,60D,2,0.0053547474572168,0.01866721360366596,Low
2016-08-25,LightGBM,60D,2,0.0043312564883138,0.01866721360366596,Low
2016-08-26,LightGBM,60D,2,0.0133450227979009,0.01866721360366596,Low
2016-08-29,LightGBM,60D,2,0.0102936854728195,0.01866721360366596,Low
2016-08-30,LightGBM,60D,2,0.0130569750368511,0.01866721360366596,Low
2016-08-31,LightGBM,60D,2,0.0193424117558375,0.01866721360366596,Low
2016-09-01,LightGBM,60D,2,0.0141154078905138,0.01866721360366596,Low
2016-09-02,LightGBM,60D,2,0.0112575686447411,0.01866721360366596,Low
2016-09-06,LightGBM,60D,2,0.0056233957195792,0.01866721360366596,Low
2016-09-07,LightGBM,60D,2,0.002248068691109,0.018726299921602182,Low
2016-09-08,LightGBM,60D,2,0.004870484603664,0.018726299921602182,Low
2016-09-09,LightGBM,60D,2,0.035502653941244,0.01071201727542661,Low
2016-09-12,LightGBM,60D,2,0.0243373511766841,0.01071201727542661,Normal
2016-09-13,LightGBM,60D,2,0.0523564581996184,0.01071201727542661,Normal
2016-09-14,LightGBM,60D,2,0.0551013226163023,0.01071201727542661,Normal
2016-09-15,LightGBM,60D,2,0.0509642246998321,0.01071201727542661,Normal
2016-09-16,LightGBM,60D,2,0.0536055702048048,0.01071201727542661,Normal
2016-09-19,LightGBM,60D,2,0.0601426566398665,0.01071201727542661,Normal
2016-09-20,LightGBM,60D,2,0.0516932676937737,0.01668813781335577,Normal
2016-09-21,LightGBM,60D,2,0.0447109750476914,0.016702800608082727,Normal
2016-09-22,LightGBM,60D,2,0.0364800663790691,0.016702800608082727,Normal
2016-09-23,LightGBM,60D,2,0.0442065320539991,0.01668813781335577,Normal
2016-09-26,LightGBM,60D,2,0.0564622945730681,0.01668813781335577,Normal
2016-09-27,LightGBM,60D,2,0.0475784136830922,0.01668813781335577,Normal
2016-09-28,LightGBM,60D,2,0.0404311258570532,0.01668813781335577,Normal
2016-09-29,LightGBM,60D,2,0.0510471861222136,0.01668813781335577,Normal
2016-09-30,LightGBM,60D,2,0.0453566424387347,0.01668813781335577,Normal
2016-10-03,LightGBM,60D,2,0.0402310249104903,0.01668813781335577,Normal
2016-10-04,LightGBM,60D,2,0.0449055589649839,0.01668813781335577,Normal
2016-10-05,LightGBM,60D,2,0.0359702380369326,0.02008399157574501,Normal
2016-10-06,LightGBM,60D,2,0.0439395609374851,0.02008399157574501,Normal
2016-10-07,LightGBM,60D,2,0.0529043121496487,0.020283733087332972,Normal
2016-10-10,LightGBM,60D,2,0.0475380142298433,0.02008399157574501,Normal
2016-10-11,LightGBM,60D,2,0.0635733811081783,0.020283733087332972,Low
2016-10-12,LightGBM,60D,2,0.0588725434302196,0.020283733087332972,Low
2016-10-13,LightGBM,60D,2,0.0619766198424537,0.020283733087332972,Low
2016-10-14,LightGBM,60D,2,0.0646006780724345,0.020283733087332972,Low
2016-10-17,LightGBM,60D,2,0.0654961837905452,0.020283733087332972,Low
2016-10-18,LightGBM,60D,2,0.0612028095799932,0.020283733087332972,Low
2016-10-19,LightGBM,60D,2,0.0560413229684243,0.020283733087332972,Low
2016-10-20,LightGBM,60D,2,0.0591801945696146,0.020283733087332972,Low
2016-10-21,LightGBM,60D,2,0.05564850208545,0.020283733087332972,Low
2016-10-24,LightGBM,60D,2,0.0542704914993225,0.02226280887764316,Low
2016-10-25,LightGBM,60D,2,0.0553816993179592,0.02226280887764316,Low
2016-10-26,LightGBM,60D,2,0.0636667677681089,0.02226280887764316,Low
2016-10-27,LightGBM,60D,2,0.0746520164700863,0.02226280887764316,Low
2016-10-28,LightGBM,60D,2,0.0770295016744483,0.02226280887764316,Low
2016-10-31,LightGBM,60D,2,0.0762849460689052,0.02226280887764316,Low
2016-11-01,LightGBM,60D,2,0.0770672916815436,0.02226280887764316,Low
2016-11-02,LightGBM,60D,2,0.0827238745269653,0.02004863919745023,Low
2016-11-03,LightGBM,60D,2,0.087455406537691,0.023245607813433836,Low
2016-11-04,LightGBM,60D,2,0.0896930736480749,0.021607660046623206,Low
2016-11-07,LightGBM,60D,2,0.0749513707731635,0.021243641589789523,Normal
2016-11-08,LightGBM,60D,2,0.069068894862297,0.020283733087332972,Low
2016-11-09,LightGBM,60D,2,0.0582795784464868,0.020283733087332972,Low
2016-11-10,LightGBM,60D,2,0.0570238148790011,0.020283733087332972,Low
2016-11-11,LightGBM,60D,2,0.0641588069627588,0.020283733087332972,Low
2016-11-14,LightGBM,60D,2,0.0678340232419513,0.020283733087332972,Low
2016-11-15,LightGBM,60D,2,0.0656132018038731,0.020283733087332972,Low
2016-11-16,LightGBM,60D,2,0.0711960455219217,0.020283733087332972,Low
2016-11-17,LightGBM,60D,2,0.0715104648264584,0.02008399157574501,Low
2016-11-18,LightGBM,60D,2,0.0730356245904566,0.02008399157574501,Low
2016-11-21,LightGBM,60D,2,0.0672790718468201,0.01668813781335577,Normal
2016-11-22,LightGBM,60D,2,0.071145830763296,0.01668813781335577,Normal
2016-11-23,LightGBM,60D,2,0.0692553464595832,0.01668813781335577,Low
2016-11-25,LightGBM,60D,2,0.0657674998174185,0.01668813781335577,Low
2016-11-28,LightGBM,60D,2,0.0725281393041854,0.01668813781335577,Normal
2016-11-29,LightGBM,60D,2,0.0722112022186572,0.01668813781335577,Low
2016-11-30,LightGBM,60D,2,0.0722864266586187,0.02008399157574501,Low
2016-12-01,LightGBM,60D,2,0.0893893607091078,0.02008399157574501,Low
2016-12-02,LightGBM,60D,2,0.0831153160169178,0.02008399157574501,Low
2016-12-05,LightGBM,60D,2,0.0778146394587091,0.01668813781335577,Low
2016-12-06,LightGBM,60D,2,0.0711269322262688,0.01866721360366596,Low
2016-12-07,LightGBM,60D,2,0.0551319475794554,0.018726299921602182,Low
2016-12-08,LightGBM,60D,2,0.0506881045985206,0.02203731138915944,Low
2016-12-09,LightGBM,60D,2,0.0455662616783172,0.018726299921602182,Low
2016-12-12,LightGBM,60D,2,0.0499676836747751,0.018726299921602182,Low
2016-12-13,LightGBM,60D,2,0.0438157660927078,0.02203731138915944,Low
2016-12-14,LightGBM,60D,2,0.0485813125736756,0.018726299921602182,Low
2016-12-15,LightGBM,60D,2,0.0530454840108083,0.018726299921602182,Low
2016-12-16,LightGBM,60D,2,0.0531696059626048,0.01866721360366596,Low
2016-12-19,LightGBM,60D,2,0.0498812539831622,0.018726299921602182,Low
2016-12-20,LightGBM,60D,2,0.0442384255016291,0.02203731138915944,Low
2016-12-21,LightGBM,60D,2,0.0342132166362046,0.018726299921602182,Low
2016-12-22,LightGBM,60D,2,0.0379660307060637,0.01866721360366596,Low
2016-12-23,LightGBM,60D,2,0.0356542660261545,0.018726299921602182,Low
2016-12-27,LightGBM,60D,2,0.0325640649076675,0.018726299921602182,Low
2016-12-28,LightGBM,60D,2,0.0399355980315933,0.01866721360366596,Low
2016-12-29,LightGBM,60D,2,0.0474542545930855,0.018726299921602182,Low
2016-12-30,LightGBM,60D,2,0.05318682549377,0.01866721360366596,Low
2017-01-03,LightGBM,60D,2,0.047666869652318,0.018726299921602182,Low
2017-01-04,LightGBM,60D,2,0.0397033119435019,0.018726299921602182,Low
2017-01-05,LightGBM,60D,2,0.0388308042379696,0.018726299921602182,Low
2017-01-06,LightGBM,60D,2,0.035879381132052,0.02227871912341572,Low
2017-01-09,LightGBM,60D,2,0.0363747497920893,0.02203731138915944,Low
2017-01-10,LightGBM,60D,2,0.0383024000858243,0.021279680769884447,Low
2017-01-11,LightGBM,60D,2,0.0346492852337775,0.02134025235447188,Low
2017-01-12,LightGBM,60D,2,0.0374838477632903,0.01874096271632914,Low
2017-01-13,LightGBM,60D,2,0.0342008080761853,0.021318175176007453,Low
2017-01-17,LightGBM,60D,2,0.0334056851134167,0.021318175176007453,Low
2017-01-18,LightGBM,60D,2,0.0248054643538033,0.021318175176007453,Low
2017-01-19,LightGBM,60D,2,0.0369977676692296,0.018718885537864712,Low
2017-01-20,LightGBM,60D,2,0.0307295807620965,0.018718885537864712,Low
2017-01-23,LightGBM,60D,2,0.0317055050112978,0.018718885537864712,Low
2017-01-24,LightGBM,60D,2,0.0326912148453094,0.02134025235447188,Low
2017-01-25,LightGBM,60D,2,0.0216574739422251,0.02227871912341572,Low
2017-01-26,LightGBM,60D,2,0.0331748654656,0.02227871912341572,Low
2017-01-27,LightGBM,60D,2,0.0401139191670928,0.02247041089613309,Low
2017-01-30,LightGBM,60D,2,0.0456557711875022,0.02227871912341572,Low
2017-01-31,LightGBM,60D,2,0.0470988397958337,0.02229257797283956,Low
2017-02-01,LightGBM,60D,2,0.0448855413362274,0.021162419431178348,Low
2017-02-02,LightGBM,60D,2,0.0460461863244302,0.021162419431178348,Low
2017-02-03,LightGBM,60D,2,0.039996033055688,0.02227871912341572,Low
2017-02-06,LightGBM,60D,2,0.0408414611735698,0.02134025235447188,Low
2017-02-07,LightGBM,60D,2,0.0411965909975935,0.02203731138915944,Low
2017-02-08,LightGBM,60D,2,0.0445838682564623,0.02203731138915944,Low
2017-02-09,LightGBM,60D,2,0.0388852497924102,0.02227871912341572,Low
2017-02-10,LightGBM,60D,2,0.0342997684136078,0.02247041089613309,Low
2017-02-13,LightGBM,60D,2,0.0301975975470459,0.02247041089613309,Low
2017-02-14,LightGBM,60D,2,0.0240331189772667,0.02247041089613309,Low
2017-02-15,LightGBM,60D,2,0.0175736949707379,0.02247041089613309,Low
2017-02-16,LightGBM,60D,2,0.0232033288753034,0.02247041089613309,Low
2017-02-17,LightGBM,60D,2,0.0208390465110801,0.02247041089613309,Low
2017-02-21,LightGBM,60D,2,-0.0035362716801041,0.02247041089613309,Low
2017-02-22,LightGBM,60D,2,0.0012265530939161,0.02247041089613309,Low
2017-02-23,LightGBM,60D,2,0.0075523573308573,0.02247041089613309,Low
2017-02-24,LightGBM,60D,2,0.0112069703948341,0.02247041089613309,Low
2017-02-27,LightGBM,60D,2,0.0120256902994809,0.02247041089613309,Low
2017-02-28,LightGBM,60D,2,0.017093430219252,0.02247041089613309,Low
2017-03-01,LightGBM,60D,2,0.0079443311775048,0.02229257797283956,Low
2017-03-02,LightGBM,60D,2,0.0141319499349125,0.02229257797283956,Low
2017-03-03,LightGBM,60D,2,0.0124228488368438,0.02247041089613309,Low
2017-03-06,LightGBM,60D,2,0.0152453969804584,0.02247041089613309,Low
2017-03-07,LightGBM,60D,2,0.0257056184673955,0.02203731138915944,Low
2017-03-08,LightGBM,60D,2,0.0316933210495054,0.018726299921602182,Low
2017-03-09,LightGBM,60D,2,0.0296753382963105,0.018726299921602182,Low
2017-03-10,LightGBM,60D,2,0.0236290899242478,0.018726299921602182,Low
2017-03-13,LightGBM,60D,2,0.0248295531014258,0.018726299921602182,Low
2017-03-14,LightGBM,60D,2,0.0284814711179815,0.018726299921602182,Low
2017-03-15,LightGBM,60D,2,0.0193112581271077,0.018726299921602182,Low
2017-03-16,LightGBM,60D,2,0.0199600504465733,0.018726299921602182,Low
2017-03-17,LightGBM,60D,2,0.0257765885540348,0.018726299921602182,Low
2017-03-20,LightGBM,60D,2,0.0267921776690977,0.018726299921602182,Low
2017-03-21,LightGBM,60D,2,0.0370356624623593,0.01866721360366596,Low
2017-03-22,LightGBM,60D,2,0.0354311587649565,0.01866721360366596,Low
2017-03-23,LightGBM,60D,2,0.0448045741166804,0.01866721360366596,Low
2017-03-24,LightGBM,60D,2,0.0389297658836872,0.01866721360366596,Low
2017-03-27,LightGBM,60D,2,0.0393670592762612,0.01866721360366596,Low
2017-03-28,LightGBM,60D,2,0.0316858644741992,0.018726299921602182,Low
2017-03-29,LightGBM,60D,2,0.0321608268257779,0.018726299921602182,Low
2017-03-30,LightGBM,60D,2,0.0295457678538055,0.018726299921602182,Low
2017-03-31,LightGBM,60D,2,0.0236977752163994,0.01866721360366596,Low
2017-04-03,LightGBM,60D,2,0.0341107521709638,0.01866721360366596,Low
2017-04-04,LightGBM,60D,2,0.0249141692521613,0.01866721360366596,Low
2017-04-05,LightGBM,60D,2,0.0295057636745569,0.01866721360366596,Low
2017-04-06,LightGBM,60D,2,0.0298862813599694,0.01866721360366596,Low
2017-04-07,LightGBM,60D,2,0.032165977859203,0.01866721360366596,Low
2017-04-10,LightGBM,60D,2,0.0220655404165536,0.01866721360366596,Low
2017-04-11,LightGBM,60D,2,0.0298831612781277,0.01866721360366596,Low
2017-04-12,LightGBM,60D,2,0.0345775348006271,0.01866721360366596,Low
2017-04-13,LightGBM,60D,2,0.0406325680243491,0.01866721360366596,Low
2017-04-17,LightGBM,60D,2,0.0393351532810635,0.01866721360366596,Low
2017-04-18,LightGBM,60D,2,0.0441155856003699,0.01866721360366596,Low
2017-04-19,LightGBM,60D,2,0.0504960271672477,0.01866721360366596,Low
2017-04-20,LightGBM,60D,2,0.042914262567567,0.01866721360366596,Low
2017-04-21,LightGBM,60D,2,0.0465516293727935,0.01866721360366596,Low
2017-04-24,LightGBM,60D,2,0.0411281510007351,0.01866721360366596,Low
2017-04-25,LightGBM,60D,2,0.034902265700377,0.01866721360366596,Low
2017-04-26,LightGBM,60D,2,0.0350201478468554,0.018726299921602182,Low
2017-04-27,LightGBM,60D,2,0.0334030798511475,0.018726299921602182,Low
2017-04-28,LightGBM,60D,2,0.0382369668425355,0.018726299921602182,Low
2017-05-01,LightGBM,60D,2,0.036788799021761,0.018726299921602182,Low
2017-05-02,LightGBM,60D,2,0.0346272937985559,0.01866721360366596,Low
2017-05-03,LightGBM,60D,2,0.0345574475162673,0.01866721360366596,Low
2017-05-04,LightGBM,60D,2,0.0332471033938379,0.01866721360366596,Low
2017-05-05,LightGBM,60D,2,0.0316128647612978,0.018726299921602182,Low
2017-05-08,LightGBM,60D,2,0.0320679468967374,0.01866721360366596,Low
2017-05-09,LightGBM,60D,2,0.0309076796185849,0.01866721360366596,Low
2017-05-10,LightGBM,60D,2,0.0316650383186747,0.01866721360366596,Low
2017-05-11,LightGBM,60D,2,0.0354760343370618,0.01866721360366596,Low
2017-05-12,LightGBM,60D,2,0.0345382174474707,0.01866721360366596,Low
2017-05-15,LightGBM,60D,2,0.0294094003517431,0.01866721360366596,Low
2017-05-16,LightGBM,60D,2,0.0155163149879877,0.01866721360366596,Low
2017-05-17,LightGBM,60D,2,0.0351365402870899,0.020283733087332972,Low
2017-05-18,LightGBM,60D,2,0.0414501529059233,0.02008399157574501,Low
2017-05-19,LightGBM,60D,2,0.0342065173708394,0.01668813781335577,Low
2017-05-22,LightGBM,60D,2,0.0304787495981632,0.01866721360366596,Low
2017-05-23,LightGBM,60D,2,0.0130852219385914,0.01866721360366596,Low
2017-05-24,LightGBM,60D,2,0.0087621344726631,0.01866721360366596,Low
2017-05-25,LightGBM,60D,2,0.0054919981452512,0.01866721360366596,Low
2017-05-26,LightGBM,60D,2,0.0150731916205738,0.01866721360366596,Low
2017-05-30,LightGBM,60D,2,0.0128189722174686,0.01866721360366596,Low
2017-05-31,LightGBM,60D,2,0.0112024300902816,0.01866721360366596,Low
2017-06-01,LightGBM,60D,2,0.0053313061743717,0.01866721360366596,Low
2017-06-02,LightGBM,60D,2,0.0021173850296218,0.01866721360366596,Low
2017-06-05,LightGBM,60D,2,0.0041782589320601,0.01866721360366596,Low
2017-06-06,LightGBM,60D,2,0.0115656993863253,0.01866721360366596,Low
2017-06-07,LightGBM,60D,2,0.0157033441746913,0.01866721360366596,Low
2017-06-08,LightGBM,60D,2,0.0174167531813618,0.01866721360366596,Low
2017-06-09,LightGBM,60D,2,0.0106676284954042,0.01866721360366596,Low
2017-06-12,LightGBM,60D,2,0.0147707134682662,0.01866721360366596,Low
2017-06-13,LightGBM,60D,2,0.0100909025801826,0.01866721360366596,Low
2017-06-14,LightGBM,60D,2,0.0095972694020424,0.01866721360366596,Low
2017-06-15,LightGBM,60D,2,0.0226203543960299,0.01866721360366596,Low
2017-06-16,LightGBM,60D,2,0.0256950578408534,0.01866721360366596,Low
2017-06-19,LightGBM,60D,2,0.0181393088820419,0.018726299921602182,Low
2017-06-20,LightGBM,60D,2,0.0237571454781457,0.01866721360366596,Low
2017-06-21,LightGBM,60D,2,0.0261854372175766,0.01866721360366596,Low
2017-06-22,LightGBM,60D,2,0.0280961851191442,0.01866721360366596,Low
2017-06-23,LightGBM,60D,2,0.0276460661804665,0.01866721360366596,Low
2017-06-26,LightGBM,60D,2,0.0279644609430436,0.01866721360366596,Low
2017-06-27,LightGBM,60D,2,0.0330194815718015,0.01866721360366596,Low
2017-06-28,LightGBM,60D,2,0.0248975639204175,0.01866721360366596,Low
2017-06-29,LightGBM,60D,2,0.0313102580647049,0.01866721360366596,Low
2017-06-30,LightGBM,60D,2,0.0298503645797264,0.01866721360366596,Low
2017-07-03,LightGBM,60D,2,0.0316190190025666,0.01866721360366596,Low
2017-07-05,LightGBM,60D,2,0.031370685595216,0.01866721360366596,Low
2017-07-06,LightGBM,60D,2,0.0444819359705808,0.01866721360366596,Low
2017-07-07,LightGBM,60D,2,0.0419657422306776,0.01866721360366596,Low
2017-07-10,LightGBM,60D,2,0.0431949173118259,0.01866721360366596,Low
2017-07-11,LightGBM,60D,2,0.0452238480390217,0.01866721360366596,Low
2017-07-12,LightGBM,60D,2,0.0435757011224929,0.01866721360366596,Low
2017-07-13,LightGBM,60D,2,0.04062866048378,0.018726299921602182,Low
2017-07-14,LightGBM,60D,2,0.0341599804457572,0.018726299921602182,Low
2017-07-17,LightGBM,60D,2,0.036532614312942,0.01866721360366596,Low
2017-07-18,LightGBM,60D,2,0.0377368185444946,0.018726299921602182,Low
2017-07-19,LightGBM,60D,2,0.0306903832080897,0.01866721360366596,Low
2017-07-20,LightGBM,60D,2,0.031721776301543,0.01866721360366596,Low
2017-07-21,LightGBM,60D,2,0.0338389381630575,0.01866721360366596,Low
2017-07-24,LightGBM,60D,2,0.0355755920639004,0.01866721360366596,Low
2017-07-25,LightGBM,60D,2,0.033398744055332,0.01866721360366596,Low
2017-07-26,LightGBM,60D,2,0.0334440641642229,0.01866721360366596,Low
2017-07-27,LightGBM,60D,2,0.039521021986647,0.01866721360366596,Low
2017-07-28,LightGBM,60D,2,0.0368826423517659,0.01866721360366596,Low
2017-07-31,LightGBM,60D,2,0.0392276540608836,0.01866721360366596,Low
2017-08-01,LightGBM,60D,2,0.0321075775986853,0.01866721360366596,Low
2017-08-02,LightGBM,60D,2,0.0328851894419401,0.01866721360366596,Low
2017-08-03,LightGBM,60D,2,0.0431118412566128,0.01866721360366596,Low
2017-08-04,LightGBM,60D,2,0.0380269424623326,0.01866721360366596,Low
2017-08-07,LightGBM,60D,3,0.0373251107547317,0.019857530080581515,Low
2017-08-08,LightGBM,60D,3,0.041333307093021,0.019857530080581515,Low
2017-08-09,LightGBM,60D,3,0.0418869296554,0.02007374949239135,Low
2017-08-10,LightGBM,60D,3,0.0595594373824559,0.019672086293552014,Low
2017-08-11,LightGBM,60D,3,0.0595551241392451,0.02126984160953442,Low
2017-08-14,LightGBM,60D,3,0.0493723520881137,0.02126984160953442,Low
2017-08-15,LightGBM,60D,3,0.0513138983470578,0.021373368117212542,Low
2017-08-16,LightGBM,60D,3,0.0461258214843552,0.021373368117212542,Low
2017-08-17,LightGBM,60D,3,0.0607851169954929,0.018680808762459065,Low
2017-08-18,LightGBM,60D,3,0.0636053215681381,0.018054228092241362,Low
2017-08-21,LightGBM,60D,3,0.0601310652932899,0.018574554928728546,Low
2017-08-22,LightGBM,60D,3,0.0446983712905412,0.018680808762459065,Low
2017-08-23,LightGBM,60D,3,0.0563205942061525,0.018680808762459065,Low
2017-08-24,LightGBM,60D,3,0.0557677939743935,0.018680808762459065,Low
2017-08-25,LightGBM,60D,3,0.055371192194246,0.018914459082947598,Low
2017-08-28,LightGBM,60D,3,0.0614040776007025,0.018914459082947598,Low
2017-08-29,LightGBM,60D,3,0.0598110681353632,0.018914459082947598,Low
2017-08-30,LightGBM,60D,3,0.0572605206255343,0.018680808762459065,Low
2017-08-31,LightGBM,60D,3,0.0511715154540175,0.017164970725828038,Low
2017-09-01,LightGBM,60D,3,0.058991269608476,0.017164970725828038,Low
2017-09-05,LightGBM,60D,3,0.06620143427783,0.01738119013763787,Low
2017-09-06,LightGBM,60D,3,0.0712351784474971,0.018680808762459065,Low
2017-09-07,LightGBM,60D,3,0.0693870475565453,0.018680808762459065,Low
2017-09-08,LightGBM,60D,3,0.0698242971507167,0.018680808762459065,Low
2017-09-11,LightGBM,60D,3,0.0552969314276142,0.017164970725828038,Low
2017-09-12,LightGBM,60D,3,0.0518245166622006,0.017164970725828038,Low
2017-09-13,LightGBM,60D,3,0.0539957494242275,0.017164970725828038,Low
2017-09-14,LightGBM,60D,3,0.0605882753105736,0.017164970725828038,Low
2017-09-15,LightGBM,60D,3,0.0619396398861102,0.018156248256920988,Low
2017-09-18,LightGBM,60D,3,0.0620325016790703,0.018156248256920988,Low
2017-09-19,LightGBM,60D,3,0.0604498530921886,0.018156248256920988,Low
2017-09-20,LightGBM,60D,3,0.0557365386591166,0.018156248256920988,Low
2017-09-21,LightGBM,60D,3,0.0677214180161742,0.019857530080581515,Low
2017-09-22,LightGBM,60D,3,0.0724223126006048,0.018156248256920988,Low
2017-09-25,LightGBM,60D,3,0.0714113372573401,0.019857530080581515,Low
2017-09-26,LightGBM,60D,3,0.0705109370578726,0.019857530080581515,Low
2017-09-27,LightGBM,60D,3,0.0684178016685429,0.019857530080581515,Low
2017-09-28,LightGBM,60D,3,0.0667556394014913,0.019857530080581515,Low
2017-09-29,LightGBM,60D,3,0.0619984006329339,0.019857530080581515,Low
2017-10-02,LightGBM,60D,3,0.0589225101134639,0.019857530080581515,Low
2017-10-03,LightGBM,60D,3,0.0585983179317225,0.019857530080581515,Low
2017-10-04,LightGBM,60D,3,0.0521557419778605,0.019857530080581515,Low
2017-10-05,LightGBM,60D,3,0.0547939161649659,0.019857530080581515,Low
2017-10-06,LightGBM,60D,3,0.0622465605741419,0.019857530080581515,Low
2017-10-09,LightGBM,60D,3,0.0680731672974825,0.019857530080581515,Low
2017-10-10,LightGBM,60D,3,0.0727625935555897,0.019857530080581515,Low
2017-10-11,LightGBM,60D,3,0.0726216743932232,0.019857530080581515,Low
2017-10-12,LightGBM,60D,3,0.075611935030873,0.019857530080581515,Low
2017-10-13,LightGBM,60D,3,0.0736213672145059,0.019857530080581515,Low
2017-10-16,LightGBM,60D,3,0.0788811704510823,0.019857530080581515,Low
2017-10-17,LightGBM,60D,3,0.0849357439447422,0.019857530080581515,Low
2017-10-18,LightGBM,60D,3,0.0806629711718101,0.019857530080581515,Low
2017-10-19,LightGBM,60D,3,0.0897060332633019,0.019857530080581515,Low
2017-10-20,LightGBM,60D,3,0.0829845395807977,0.019857530080581515,Low
2017-10-23,LightGBM,60D,3,0.0913405828807851,0.02007374949239135,Low
2017-10-24,LightGBM,60D,3,0.0977583463884403,0.021373368117212542,Low
2017-10-25,LightGBM,60D,3,0.1046043070439226,0.021373368117212542,Low
2017-10-26,LightGBM,60D,3,0.1027740352460883,0.021373368117212542,Low
2017-10-27,LightGBM,60D,3,0.0953358646651941,0.019857530080581515,Low
2017-10-30,LightGBM,60D,3,0.1103050801480191,0.019857530080581515,Low
2017-10-31,LightGBM,60D,3,0.1026063309264767,0.019857530080581515,Low
2017-11-01,LightGBM,60D,3,0.0900568440132356,0.019857530080581515,Low
2017-11-02,LightGBM,60D,3,0.0903557621022637,0.019857530080581515,Low
2017-11-03,LightGBM,60D,3,0.0866151744239259,0.018451199080587753,Low
2017-11-06,LightGBM,60D,3,0.0639080500224508,0.018451199080587753,Low
2017-11-07,LightGBM,60D,3,0.0222546298891511,0.01824319539472896,Low
2017-11-08,LightGBM,60D,3,0.0381025893060279,0.01826276463099495,Low
2017-11-09,LightGBM,60D,3,0.0368574324216455,0.01824319539472896,Low
2017-11-10,LightGBM,60D,3,-0.0005035728481023,0.01900558921990886,Low
2017-11-13,LightGBM,60D,3,0.0133389214401289,0.02040654720675619,Low
2017-11-14,LightGBM,60D,3,0.0294698676785971,0.02040654720675619,Low
2017-11-15,LightGBM,60D,3,0.037620388400998,0.019759033431359988,Low
2017-11-16,LightGBM,60D,3,0.0427711754269228,0.02040654720675619,Low
2017-11-17,LightGBM,60D,3,0.0573974541825955,0.02040654720675619,Low
2017-11-20,LightGBM,60D,3,0.0564959839437271,0.01855253844261389,Low
2017-11-21,LightGBM,60D,3,0.0441176279571371,0.018451199080587753,Low
2017-11-22,LightGBM,60D,3,0.0393565061771558,0.018451199080587753,Low
2017-11-24,LightGBM,60D,3,0.0382755993845018,0.018451199080587753,Low
2017-11-27,LightGBM,60D,3,0.0545612092164261,0.01826276463099495,Low
2017-11-28,LightGBM,60D,3,0.0564493156402598,0.018451199080587753,Low
2017-11-29,LightGBM,60D,3,0.0440302980815831,0.018451199080587753,Low
2017-11-30,LightGBM,60D,3,0.0247149053351159,0.01900558921990886,Low
2017-12-01,LightGBM,60D,3,0.0133275224160449,0.02040654720675619,Low
2017-12-04,LightGBM,60D,3,0.0194390184505298,0.02040654720675619,Low
2017-12-05,LightGBM,60D,3,0.0341570265870116,0.02040654720675619,Low
2017-12-06,LightGBM,60D,3,0.0369065216895389,0.01826276463099495,Low
2017-12-07,LightGBM,60D,3,0.0334944628537132,0.01826276463099495,Low
2017-12-08,LightGBM,60D,3,0.0324564090270798,0.018451199080587753,Low
2017-12-11,LightGBM,60D,3,0.0464891136465915,0.018451199080587753,Low
2017-12-12,LightGBM,60D,3,0.0436665925865035,0.018451199080587753,Low
2017-12-13,LightGBM,60D,3,0.037755751142339,0.018451199080587753,Low
2017-12-14,LightGBM,60D,3,0.0360939490479129,0.018451199080587753,Low
2017-12-15,LightGBM,60D,3,0.0263773992386735,0.018451199080587753,Low
2017-12-18,LightGBM,60D,3,0.0227309186063077,0.018451199080587753,Low
2017-12-19,LightGBM,60D,3,0.0116603761080529,0.018451199080587753,Low
2017-12-20,LightGBM,60D,3,0.0139693208433445,0.018451199080587753,Low
2017-12-21,LightGBM,60D,3,0.0101399417050566,0.018451199080587753,Low
2017-12-22,LightGBM,60D,3,-0.0148866736296839,0.018451199080587753,Low
2017-12-26,LightGBM,60D,3,-0.035017505241376,0.018451199080587753,Low
2017-12-27,LightGBM,60D,3,-0.0090130928455829,0.018451199080587753,Low
2017-12-28,LightGBM,60D,3,-0.0282726974938243,0.018451199080587753,Low
2017-12-29,LightGBM,60D,3,-0.0259969841005387,0.01826276463099495,Low
2018-01-02,LightGBM,60D,3,-0.0205902848250933,0.018451199080587753,Low
2018-01-03,LightGBM,60D,3,-0.0495594004125253,0.018451199080587753,Low
2018-01-04,LightGBM,60D,3,-0.0410439819521111,0.018451199080587753,Low
2018-01-05,LightGBM,60D,3,-0.0365530254942496,0.018451199080587753,Low
2018-01-08,LightGBM,60D,3,-0.0313745678598954,0.018451199080587753,Low
2018-01-09,LightGBM,60D,3,-0.0548407184342588,0.018451199080587753,Low
2018-01-10,LightGBM,60D,3,-0.0503968776551452,0.018451199080587753,Low
2018-01-11,LightGBM,60D,3,-0.0408173044277131,0.018451199080587753,Low
2018-01-12,LightGBM,60D,3,-0.0530849165992685,0.018451199080587753,Low
2018-01-16,LightGBM,60D,3,-0.0413373046400088,0.01900558921990886,Low
2018-01-17,LightGBM,60D,3,-0.0535991106732176,0.02040654720675619,Low
2018-01-18,LightGBM,60D,3,-0.043905076374181,0.02040654720675619,Low
2018-01-19,LightGBM,60D,3,-0.0376756527473044,0.02040654720675619,Low
2018-01-22,LightGBM,60D,3,-0.0448789967219645,0.020166873128466444,Low
2018-01-23,LightGBM,60D,3,-0.0527935834860193,0.018892896315777147,Low
2018-01-24,LightGBM,60D,3,-0.06080662812714,0.020293854302624478,Low
2018-01-25,LightGBM,60D,3,-0.0613528374147885,0.02040654720675619,Low
2018-01-26,LightGBM,60D,3,-0.0865953635273479,0.02190818898847703,Low
2018-01-29,LightGBM,60D,3,-0.0780052530096611,0.02190818898847703,Low
2018-01-30,LightGBM,60D,3,-0.0566664660169471,0.018805268375315685,Low
2018-01-31,LightGBM,60D,3,-0.0560423266042779,0.018805268375315685,Low
2018-02-01,LightGBM,60D,3,-0.0636152208011759,0.019328322537855266,Low
2018-02-02,LightGBM,60D,3,-0.0396327381134496,0.01802084244066571,Normal
2018-02-05,LightGBM,60D,3,-0.0050221483764706,0.02148299115863215,High
2018-02-06,LightGBM,60D,3,-0.0245689393104717,0.035294875467801294,High
2018-02-07,LightGBM,60D,3,-0.0068249910583842,0.022418119307753104,High
2018-02-08,LightGBM,60D,3,0.0348860417424073,0.03826356085247001,High
2018-02-09,LightGBM,60D,3,0.0197947199311493,0.04224406399258329,High
2018-02-12,LightGBM,60D,3,0.0156117021878317,0.027575777871702914,High
2018-02-13,LightGBM,60D,3,0.0223291918114027,0.025297158096481528,High
2018-02-14,LightGBM,60D,3,0.0107218912734667,0.01318376140167124,High
2018-02-15,LightGBM,60D,3,-0.0003918709931818,0.014823330987134524,High
2018-02-16,LightGBM,60D,3,-0.0076309256870942,0.014823330987134524,High
2018-02-20,LightGBM,60D,3,0.0022799312672574,0.013257846575940192,High
2018-02-21,LightGBM,60D,3,0.0069353569619581,0.01123041620464676,High
2018-02-22,LightGBM,60D,3,0.00332661422183,0.01123041620464676,High
2018-02-23,LightGBM,60D,3,-0.0052150594753577,0.009665979211727361,High
2018-02-26,LightGBM,60D,3,-0.0200441866888604,0.008998981812221299,High
2018-02-27,LightGBM,60D,3,-0.004012730040494,0.0028011324203479453,High
2018-02-28,LightGBM,60D,3,0.0051198130854393,-0.01560590072552739,High
2018-03-01,LightGBM,60D,3,0.0161737758861299,-0.02706234968609879,High
2018-03-02,LightGBM,60D,3,-0.0005165821108609,-0.030179605198645883,High
2018-03-05,LightGBM,60D,3,0.0011276756305362,-0.01577617733382086,High
2018-03-06,LightGBM,60D,3,-0.0084110405448946,-0.010386839927625067,High
2018-03-07,LightGBM,60D,3,0.0028637509900616,-0.010386839927625067,High
2018-03-08,LightGBM,60D,3,0.0028801976795291,-0.009110271303237381,High
2018-03-09,LightGBM,60D,3,-0.0136470027921029,-0.014615583810420715,Normal
2018-03-12,LightGBM,60D,3,-0.0038413048167924,-0.01600881610495907,Normal
2018-03-13,LightGBM,60D,3,0.0018281619755377,-0.016991011891579925,Normal
2018-03-14,LightGBM,60D,3,0.0106901607084777,-0.016991011891579925,Normal
2018-03-15,LightGBM,60D,3,0.0125405341145145,-0.03161179373658624,Normal
2018-03-16,LightGBM,60D,3,0.0125804034459868,-0.03161179373658624,Normal
2018-03-19,LightGBM,60D,3,0.0228521894459487,-0.0385087411506966,Normal
2018-03-20,LightGBM,60D,3,0.0238399813067334,-0.03978530977508429,Normal
2018-03-21,LightGBM,60D,3,0.0246680531168687,-0.03978530977508429,Normal
2018-03-22,LightGBM,60D,3,0.0480245489088366,-0.024078403871674394,High
2018-03-23,LightGBM,60D,3,0.0651828382691959,-0.0043971029752852804,High
2018-03-26,LightGBM,60D,3,0.040098487787273,-0.0015512450029939212,High
2018-03-27,LightGBM,60D,3,0.0511600445893745,-0.024038624361763686,High
2018-03-28,LightGBM,60D,3,0.055941166743971,-0.01740979946229476,High
2018-03-29,LightGBM,60D,3,0.028445666282357,-0.023813493113492908,High
2018-04-02,LightGBM,60D,3,0.0532384991315497,-0.03653309731852876,High
2018-04-03,LightGBM,60D,3,0.0320609515026674,-0.028918232989404463,High
2018-04-04,LightGBM,60D,3,0.026720529175252,-0.0385291159484458,High
2018-04-05,LightGBM,60D,3,0.0206392236611176,-0.038933874708782124,High
2018-04-06,LightGBM,60D,3,0.0458665515524761,-0.048396088490264,High
2018-04-09,LightGBM,60D,3,0.0375759273043493,-0.038577058593268085,High
2018-04-10,LightGBM,60D,3,0.0295711850535734,-0.03582469147055355,High
2018-04-11,LightGBM,60D,3,0.0435573884266146,-0.049222444851040395,High
2018-04-12,LightGBM,60D,3,0.0441247805142991,-0.03828330507656724,High
2018-04-13,LightGBM,60D,3,0.0504828296598276,-0.04445448534775527,High
2018-04-16,LightGBM,60D,3,0.0352870064863483,-0.037006736452179556,High
2018-04-17,LightGBM,60D,3,0.0333929264526536,-0.037683513024816345,High
2018-04-18,LightGBM,60D,3,0.0336405615817091,-0.0398830690329236,High
2018-04-19,LightGBM,60D,3,0.0383544787566431,-0.043177916723367585,High
2018-04-20,LightGBM,60D,3,0.0508934802884391,-0.04066180545763262,High
2018-04-23,LightGBM,60D,3,0.0529954322539921,-0.03957771722637943,High
2018-04-24,LightGBM,60D,3,0.0625054934114177,-0.03211054256683438,High
2018-04-25,LightGBM,60D,3,0.0597212214073196,-0.031890332922951625,High
2018-04-26,LightGBM,60D,3,0.0511774395631741,-0.029797953754379845,High
2018-04-27,LightGBM,60D,3,0.0548339531778637,-0.029797953754379845,High
2018-04-30,LightGBM,60D,3,0.0721155807971577,-0.030710185447052445,Normal
2018-05-01,LightGBM,60D,3,0.0665328758772627,-0.03526821301770073,Normal
2018-05-02,LightGBM,60D,3,0.0671809924338197,-0.03952263590202195,Normal
2018-05-03,LightGBM,60D,3,0.0636664207032965,-0.03778573986472535,Normal
2018-05-04,LightGBM,60D,3,0.0558094478942646,-0.037147207820862754,Normal
2018-05-07,LightGBM,60D,3,0.0513165742717036,-0.013633388023799865,Normal
2018-05-08,LightGBM,60D,3,0.056496600465646,-0.027747840613516744,Normal
2018-05-09,LightGBM,60D,3,0.0514943845961254,-0.00981775700767413,Normal
2018-05-10,LightGBM,60D,3,0.0456993556430785,-0.00669264469356678,Normal
2018-05-11,LightGBM,60D,3,0.0468134181186031,-0.013589592107677151,Normal
2018-05-14,LightGBM,60D,3,0.0456679042151813,-0.014603486859002505,Normal
2018-05-15,LightGBM,60D,3,0.0510908445821324,-0.01772307882562845,Normal
2018-05-16,LightGBM,60D,3,0.0398991924713735,-0.015692878238218372,Normal
2018-05-17,LightGBM,60D,3,0.0367413935940033,-0.0015920302383002445,Normal
2018-05-18,LightGBM,60D,3,0.0457459888649708,-0.0015920302383002445,Normal
2018-05-21,LightGBM,60D,3,0.0307551757356588,-0.0015920302383002445,Normal
2018-05-22,LightGBM,60D,3,0.0417840788811721,0.001748313221685841,Low
2018-05-23,LightGBM,60D,3,0.0418585400495365,0.004849252041796179,Low
2018-05-24,LightGBM,60D,3,0.0463088779093874,0.013965348487086417,Low
2018-05-25,LightGBM,60D,3,0.0507352809182002,0.013938546243255702,Low
2018-05-29,LightGBM,60D,3,0.061968622375749,0.007468717744434359,Low
2018-05-30,LightGBM,60D,3,0.0476600531002901,0.0077483245759763526,Normal
2018-05-31,LightGBM,60D,3,0.0607430922720095,0.006223267331171622,Normal
2018-06-01,LightGBM,60D,3,0.0575934339698802,0.00365633415490219,Normal
2018-06-04,LightGBM,60D,3,0.0533930811491263,0.004849252041796179,Low
2018-06-05,LightGBM,60D,3,0.0583759773484622,0.01671405025116199,Low
2018-06-06,LightGBM,60D,3,0.0454049046666922,0.013819789673291278,Normal
2018-06-07,LightGBM,60D,3,0.0462538167559818,0.015572137781339014,Low
2018-06-08,LightGBM,60D,3,0.0414770957993511,0.015325180219354228,Low
2018-06-11,LightGBM,60D,3,0.0376018959911447,0.015325180219354228,Low
2018-06-12,LightGBM,60D,3,0.0322010376758227,0.015325180219354228,Low
2018-06-13,LightGBM,60D,3,0.0340194943222197,0.013938546243255702,Low
2018-06-14,LightGBM,60D,3,0.0334470220144094,0.014716171903590694,Low
2018-06-15,LightGBM,60D,3,0.038197508019619,0.014716171903590694,Low
2018-06-18,LightGBM,60D,3,0.0406825075503991,0.013917087132922909,Low
2018-06-19,LightGBM,60D,3,0.0499823776611817,0.014081793091820893,Low
2018-06-20,LightGBM,60D,3,0.0485471313378356,0.014125717660047865,Low
2018-06-21,LightGBM,60D,3,0.0493275691895067,0.01492064138369091,Low
2018-06-22,LightGBM,60D,3,0.0528220188019981,0.014716023251392447,Low
2018-06-25,LightGBM,60D,3,0.0678942298029406,0.014901578031249469,Normal
2018-06-26,LightGBM,60D,3,0.0735020934825729,0.016742771958951685,Low
2018-06-27,LightGBM,60D,3,0.0817750788587071,0.01672370860651024,Low
2018-06-28,LightGBM,60D,3,0.072093516525662,0.01672370860651024,Low
2018-06-29,LightGBM,60D,3,0.0700294521450272,0.018719579577645515,Low
2018-07-02,LightGBM,60D,3,0.0636714916295737,0.020663521993501303,Low
2018-07-03,LightGBM,60D,3,0.0713905971386187,0.020227999138774055,Low
2018-07-05,LightGBM,60D,3,0.0627998702489427,0.019985338546578794,Low
2018-07-06,LightGBM,60D,3,0.057988844990561,0.016827235114188363,Low
2018-07-09,LightGBM,60D,3,0.0488077852949404,0.017659797785617038,Low
2018-07-10,LightGBM,60D,3,0.0460518027128368,0.017678861138058482,Low
2018-07-11,LightGBM,60D,3,0.0449682536637435,0.017659797785617038,Low
2018-07-12,LightGBM,60D,3,0.0307139474989493,0.017659797785617038,Low
2018-07-13,LightGBM,60D,3,0.0292400972539911,0.017659797785617038,Low
2018-07-16,LightGBM,60D,3,0.0288498520407353,0.017659797785617038,Low
2018-07-17,LightGBM,60D,3,-0.0085323613453101,0.017678861138058482,Low
2018-07-18,LightGBM,60D,3,-0.031478123394589,0.017678861138058482,Low
2018-07-19,LightGBM,60D,3,-0.0134110611371631,0.018306805677188693,Low
2018-07-20,LightGBM,60D,3,-0.0183846456571888,0.018306805677188693,Low
2018-07-23,LightGBM,60D,3,0.0010468200344808,0.018700377998725055,Low
2018-07-24,LightGBM,60D,3,-0.0039753931142375,0.022020881892608743,Low
2018-07-25,LightGBM,60D,3,-0.0275323187599513,0.021536289448673678,Low
2018-07-26,LightGBM,60D,3,-0.0248566511463633,0.022020881892608743,Low
2018-07-27,LightGBM,60D,3,-0.0225816135979956,0.021536289448673678,Low
2018-07-30,LightGBM,60D,3,-0.0223379004631026,0.018306805677188693,Low
2018-07-31,LightGBM,60D,3,-0.0585615115435465,0.018805268375315685,Low
2018-08-01,LightGBM,60D,3,-0.0390669004972612,0.020908344909543467,Low
2018-08-02,LightGBM,60D,3,-0.0614603880894731,0.021585359037881495,Low
2018-08-03,LightGBM,60D,3,-0.0726750284500152,0.021392937353478532,Low
2018-08-06,LightGBM,60D,3,-0.0606616881289393,0.021373368117212542,Low
2018-08-07,LightGBM,60D,3,-0.052689011120854,0.019857530080581515,Low
2018-08-08,LightGBM,60D,3,-0.0419240978590295,0.019857530080581515,Low
2018-08-09,LightGBM,60D,3,-0.0468181042378694,0.020093318728657338,Low
2018-08-10,LightGBM,60D,3,-0.0340940982774308,0.021373368117212542,Low
2018-08-13,LightGBM,60D,3,-0.0238402728670419,0.021373368117212542,Low
2018-08-14,LightGBM,60D,3,-0.0092221243226853,0.021373368117212542,Low
2018-08-15,LightGBM,60D,3,-0.004102984729798,0.021373368117212542,Low
2018-08-16,LightGBM,60D,3,-0.0212327851978086,0.021373368117212542,Low
2018-08-17,LightGBM,60D,3,-0.0444485425585392,0.020937845262485294,Low
2018-08-20,LightGBM,60D,3,-0.0483566362828414,0.020937845262485294,Low
2018-08-21,LightGBM,60D,3,-0.058019225055919,0.021392937353478532,Low
2018-08-22,LightGBM,60D,3,-0.0470829612590335,0.022020881892608743,Low
2018-08-23,LightGBM,60D,3,-0.0431694297980144,0.021373368117212542,Low
2018-08-24,LightGBM,60D,3,-0.0661322969620212,0.022020881892608743,Low
2018-08-27,LightGBM,60D,3,-0.0920914339257175,0.022020881892608743,Low
2018-08-28,LightGBM,60D,3,-0.0893220066925486,0.021392937353478532,Low
2018-08-29,LightGBM,60D,3,-0.1015836688733159,0.022020881892608743,Low
2018-08-30,LightGBM,60D,3,-0.0817305209834912,0.021373368117212542,Low
2018-08-31,LightGBM,60D,3,-0.0786086050861836,0.021373368117212542,Low
2018-09-04,LightGBM,60D,3,-0.0542388617341905,0.021373368117212542,Low
2018-09-05,LightGBM,60D,4,-0.0536172934783179,0.020916825030898818,Low
2018-09-06,LightGBM,60D,4,-0.0418207547250821,0.020916825030898818,Low
2018-09-07,LightGBM,60D,4,-0.0287229550357051,0.020916825030898818,Low
2018-09-10,LightGBM,60D,4,-0.0635192120889545,0.020916825030898818,Low
2018-09-11,LightGBM,60D,4,-0.0687754656928142,0.020916825030898818,Low
2018-09-12,LightGBM,60D,4,-0.0927284094990301,0.020916825030898818,Low
2018-09-13,LightGBM,60D,4,-0.0962361584355051,0.020916825030898818,Low
2018-09-14,LightGBM,60D,4,-0.096868012011577,0.020916825030898818,Low
2018-09-17,LightGBM,60D,4,-0.0858778500096767,0.020916825030898818,Low
2018-09-18,LightGBM,60D,4,-0.091432453189717,0.020916825030898818,Low
2018-09-19,LightGBM,60D,4,-0.1119561534915889,0.020916825030898818,Low
2018-09-20,LightGBM,60D,4,-0.1407584525054947,0.020916825030898818,Low
2018-09-21,LightGBM,60D,4,-0.1403034547146985,0.020916825030898818,Low
2018-09-24,LightGBM,60D,4,-0.1522970315766216,0.020916825030898818,Low
2018-09-25,LightGBM,60D,4,-0.1668888925676075,0.020916825030898818,Low
2018-09-26,LightGBM,60D,4,-0.1843973133849882,0.020916825030898818,Low
2018-09-27,LightGBM,60D,4,-0.2146433624918139,0.020916825030898818,Low
2018-09-28,LightGBM,60D,4,-0.1662333146768707,0.020916825030898818,Low
2018-10-01,LightGBM,60D,4,-0.1613415780502523,0.020916825030898818,Low
2018-10-02,LightGBM,60D,4,-0.1621871630502045,0.020916825030898818,Low
2018-10-03,LightGBM,60D,4,-0.154441803924716,0.020916825030898818,Low
2018-10-04,LightGBM,60D,4,-0.1449710754410799,0.020916825030898818,Low
2018-10-05,LightGBM,60D,4,-0.1644960926753728,0.020916825030898818,Low
2018-10-08,LightGBM,60D,4,-0.1303414989066766,0.020916825030898818,Low
2018-10-09,LightGBM,60D,4,-0.1219366130772926,0.020916825030898818,Low
2018-10-10,LightGBM,60D,4,-0.0788716366981932,0.02124244893453337,Normal
2018-10-11,LightGBM,60D,4,-0.0539943853928294,0.019840077648613473,Normal
2018-10-12,LightGBM,60D,4,-0.0635923794267435,0.020603408504293146,Normal
2018-10-15,LightGBM,60D,4,-0.057816205679926,0.02280474948560644,Normal
2018-10-16,LightGBM,60D,4,-0.0843554283020767,0.025063215198363954,High
2018-10-17,LightGBM,60D,4,-0.0734381151596507,0.02937415548085648,High
2018-10-18,LightGBM,60D,4,-0.0567221040552213,0.02937415548085648,High
2018-10-19,LightGBM,60D,4,-0.0487981382137061,0.02937415548085648,High
2018-10-22,LightGBM,60D,4,-0.0313924282773726,0.02937415548085648,High
2018-10-23,LightGBM,60D,4,-0.0401238289246509,0.02936006039047076,High
2018-10-24,LightGBM,60D,4,-0.0065725651440592,0.019124925661654888,High
2018-10-25,LightGBM,60D,4,-0.0236515030117958,0.018948296024850615,High
2018-10-26,LightGBM,60D,4,0.0022805026987253,0.012760161451196237,High
2018-10-29,LightGBM,60D,4,0.0009839351452102,0.008230518039458498,High
2018-10-30,LightGBM,60D,4,-0.016018695761782,0.011179342055830164,High
2018-10-31,LightGBM,60D,4,-0.0113819646247932,0.014454902866863106,High
2018-11-01,LightGBM,60D,4,-0.0133238146835545,0.020488631294123604,High
2018-11-02,LightGBM,60D,4,-0.0060888870428677,0.01448490311959434,High
2018-11-05,LightGBM,60D,4,-0.0049201996225822,0.02132269666726699,High
2018-11-06,LightGBM,60D,4,-0.0064626169296406,0.02132269666726699,High
2018-11-07,LightGBM,60D,4,-0.0296766112079234,0.02132269666726699,High
2018-11-08,LightGBM,60D,4,-0.0365657354216622,0.02604257083990675,High
2018-11-09,LightGBM,60D,4,-0.0266481769402771,0.02604257083990675,High
2018-11-12,LightGBM,60D,4,-0.0060411741509911,0.012365909469988738,High
2018-11-13,LightGBM,60D,4,0.0082496975740215,0.008742495684537128,High
2018-11-14,LightGBM,60D,4,0.0188653179861828,0.008742495684537128,High
2018-11-15,LightGBM,60D,4,0.0056721218598423,-0.0027046313137972272,High
2018-11-16,LightGBM,60D,4,0.0142712889873158,0.0035288728463360197,High
2018-11-19,LightGBM,60D,4,0.0325520715496294,-0.017305423055940003,High
2018-11-20,LightGBM,60D,4,0.0526456006669561,-0.027909289985256238,High
2018-11-21,LightGBM,60D,4,0.0460742620303475,-0.026726376067744157,High
2018-11-23,LightGBM,60D,4,0.0590413204369134,-0.02571909741951449,High
2018-11-26,LightGBM,60D,4,0.0448594490412989,-0.024935810293400387,High
2018-11-27,LightGBM,60D,4,0.0408122950038459,-0.024935810293400387,High
2018-11-28,LightGBM,60D,4,0.017554046264434,-0.02254741600507009,High
2018-11-29,LightGBM,60D,4,0.0169100332108768,-0.015206665334952801,High
2018-11-30,LightGBM,60D,4,0.0156441420829723,-0.020678825882841523,High
2018-12-03,LightGBM,60D,4,0.0008740328933546,-0.013620651658315637,High
2018-12-04,LightGBM,60D,4,0.0326420882422039,-0.022545590512067937,High
2018-12-06,LightGBM,60D,4,0.0276200025522231,-0.02755768438951052,High
2018-12-07,LightGBM,60D,4,0.0430574268702142,-0.034199215899062094,High
2018-12-10,LightGBM,60D,4,0.0391628595158443,-0.034199215899062094,High
2018-12-11,LightGBM,60D,4,0.0540788047546393,-0.034199215899062094,High
2018-12-12,LightGBM,60D,4,0.0516228994720933,-0.034199215899062094,High
2018-12-13,LightGBM,60D,4,0.0587483965415277,-0.034199215899062094,High
2018-12-14,LightGBM,60D,4,0.0771512094786313,-0.034199215899062094,High
2018-12-17,LightGBM,60D,4,0.1031160137156387,-0.020000791878374932,High
2018-12-18,LightGBM,60D,4,0.1067287136607577,-0.009063817366564935,High
2018-12-19,LightGBM,60D,4,0.1221136027567677,0.0007177088618230329,High
2018-12-20,LightGBM,60D,4,0.1350627155001021,0.003454513619908448,High
2018-12-21,LightGBM,60D,4,0.166659851493332,0.026574375634024348,High
2018-12-24,LightGBM,60D,4,0.1749895972373731,0.03966575765609687,High
2018-12-26,LightGBM,60D,4,0.1257470467332581,0.04207918368245358,High
2018-12-27,LightGBM,60D,4,0.1243778707123752,0.04098249435714253,High
2018-12-28,LightGBM,60D,4,0.1209650813460074,0.02068599234234287,High
2018-12-31,LightGBM,60D,4,0.1160915101990622,0.01060245055122485,High
2019-01-02,LightGBM,60D,4,0.1215355231797607,-0.00917546602205121,High
2019-01-03,LightGBM,60D,4,0.1581060505167203,-0.011568263592902368,High
2019-01-04,LightGBM,60D,4,0.124364107011232,-0.003960440911944942,High
2019-01-07,LightGBM,60D,4,0.1195242034360916,-0.005866678964233846,High
2019-01-08,LightGBM,60D,4,0.1119580813425883,-0.007146610872058174,High
2019-01-09,LightGBM,60D,4,0.1124941276328651,-0.022287085690345574,High
2019-01-10,LightGBM,60D,4,0.1090327980089265,-0.022287085690345574,High
2019-01-11,LightGBM,60D,4,0.1030931301177395,6.0388343050395496e-05,High
2019-01-14,LightGBM,60D,4,0.111836362459489,-0.01741431128957164,High
2019-01-15,LightGBM,60D,4,0.1012098659200706,-0.024755061959688924,High
2019-01-16,LightGBM,60D,4,0.105577923780528,-0.01811874310074011,High
2019-01-17,LightGBM,60D,4,0.0973856258299352,-0.025459493770857395,High
2019-01-18,LightGBM,60D,4,0.0847979413152196,-0.023590903648628828,High
2019-01-22,LightGBM,60D,4,0.096780017322453,-0.01811874310074011,High
2019-01-23,LightGBM,60D,4,0.0961573742272519,-0.026964605423455603,High
2019-01-24,LightGBM,60D,4,0.0957940999332072,-0.026964605423455603,High
2019-01-25,LightGBM,60D,4,0.0961435834076845,-0.01882382440870908,High
2019-01-28,LightGBM,60D,4,0.1018271906533572,-0.020678825882841523,High
2019-01-29,LightGBM,60D,4,0.1029154568481992,-0.020678825882841523,High
2019-01-30,LightGBM,60D,4,0.0921601972799442,-0.020678825882841523,High
2019-01-31,LightGBM,60D,4,0.0846704969744102,-0.013620651658315637,High
2019-02-01,LightGBM,60D,4,0.0847232550883948,-0.02195518006183991,Normal
2019-02-04,LightGBM,60D,4,0.0704394281206238,-0.021021359175444045,Normal
2019-02-05,LightGBM,60D,4,0.0636158130345906,-0.021021359175444045,Normal
2019-02-06,LightGBM,60D,4,0.075434856231017,-0.021021359175444045,Normal
2019-02-07,LightGBM,60D,4,0.0803550362441747,-0.020780891777794165,Normal
2019-02-08,LightGBM,60D,4,0.0630295755892564,-0.021021359175444045,Normal
2019-02-11,LightGBM,60D,4,0.0607140083960181,-0.02195518006183991,Normal
2019-02-12,LightGBM,60D,4,0.0448801568312512,-0.021021359175444045,Normal
2019-02-13,LightGBM,60D,4,0.0455741193074588,-0.021021359175444045,Normal
2019-02-14,LightGBM,60D,4,0.0238028135526599,-0.02195518006183991,Normal
2019-02-15,LightGBM,60D,4,0.0209667964109183,-0.01937067879476245,Normal
2019-02-19,LightGBM,60D,4,0.0252911694120492,-0.011383518355282207,Normal
2019-02-20,LightGBM,60D,4,0.0323715929678076,0.0025822677433073415,Low
2019-02-21,LightGBM,60D,4,0.0300498251196051,0.00038222362388404637,Low
2019-02-22,LightGBM,60D,4,0.0168869284494894,0.012253463528564547,Normal
2019-02-25,LightGBM,60D,4,0.0241157730929283,0.011227707693186997,Low
2019-02-26,LightGBM,60D,4,0.0220781504018693,0.009397392201013334,Low
2019-02-27,LightGBM,60D,4,0.0106366555968854,0.009397392201013334,Low
2019-02-28,LightGBM,60D,4,0.0148188069678731,0.009397392201013334,Low
2019-03-01,LightGBM,60D,4,-0.0004637996211001,0.012253463528564547,Low
2019-03-04,LightGBM,60D,4,-0.0035116023930763,0.011227707693186997,Low
2019-03-05,LightGBM,60D,4,-0.0002831562283725,0.009397392201013334,Low
2019-03-06,LightGBM,60D,4,-0.0070208878747004,-0.00925561719627779,Low
2019-03-07,LightGBM,60D,4,-0.0016310473906772,-0.002202277643193411,Low
2019-03-08,LightGBM,60D,4,0.0217088438218541,0.006812890933935876,Low
2019-03-11,LightGBM,60D,4,0.0152780352371783,0.00749115414872443,Low
2019-03-12,LightGBM,60D,4,0.0184459101853776,0.012253463528564547,Low
2019-03-13,LightGBM,60D,4,0.0219633426756181,0.01342775181261029,Low
2019-03-14,LightGBM,60D,4,0.02748096208198,0.014018144211071247,Low
2019-03-15,LightGBM,60D,4,0.0221585012155978,0.016584347115705694,Low
2019-03-18,LightGBM,60D,4,0.0164197465894525,0.016584347115705694,Low
2019-03-19,LightGBM,60D,4,0.0206393271722294,0.016584347115705694,Low
2019-03-20,LightGBM,60D,4,0.0219752121268462,0.016584347115705694,Low
2019-03-21,LightGBM,60D,4,0.0121125120645098,0.016584347115705694,Low
2019-03-22,LightGBM,60D,4,0.0409398287917537,0.016579037180951047,Normal
2019-03-25,LightGBM,60D,4,0.0447599184180874,0.013544920153226182,Normal
2019-03-26,LightGBM,60D,4,0.0470304708060264,0.014088354023923734,Normal
2019-03-27,LightGBM,60D,4,0.0504255978028975,0.014088354023923734,Normal
2019-03-28,LightGBM,60D,4,0.0451091546270488,0.014088354023923734,Normal
2019-03-29,LightGBM,60D,4,0.0288556729433365,0.014744381232051658,Normal
2019-04-01,LightGBM,60D,4,0.016118781746488,0.014630060649940041,Normal
2019-04-02,LightGBM,60D,4,0.0199172119842205,0.01527474193808896,Normal
2019-04-03,LightGBM,60D,4,0.023512081404731,0.01527474193808896,Normal
2019-04-04,LightGBM,60D,4,0.0290726347726908,0.01527474193808896,Normal
2019-04-05,LightGBM,60D,4,0.0273707644265805,0.018217271850169806,Normal
2019-04-08,LightGBM,60D,4,0.033966948336741,0.018217271850169806,Low
2019-04-09,LightGBM,60D,4,0.0382453905678618,0.018217271850169806,Normal
2019-04-10,LightGBM,60D,4,0.0299263798032381,0.018217271850169806,Normal
2019-04-11,LightGBM,60D,4,0.0311240505213493,0.018217271850169806,Normal
2019-04-12,LightGBM,60D,4,0.0290370190678863,0.018217271850169806,Normal
2019-04-15,LightGBM,60D,4,0.0319492058911921,0.018217271850169806,Normal
2019-04-16,LightGBM,60D,4,0.0360495118681185,0.018217271850169806,Normal
2019-04-17,LightGBM,60D,4,0.0385017664172414,0.018217271850169806,Normal
2019-04-18,LightGBM,60D,4,0.0335143350379816,0.018217271850169806,Low
2019-04-22,LightGBM,60D,4,0.0259501637549556,0.01973394726399177,Low
2019-04-23,LightGBM,60D,4,0.0207234102887792,0.020395399000341024,Low
2019-04-24,LightGBM,60D,4,0.0167216894269708,0.020395399000341024,Low
2019-04-25,LightGBM,60D,4,0.0199154328534938,0.020395399000341024,Low
2019-04-26,LightGBM,60D,4,0.0220652276694654,0.020916825030898818,Low
2019-04-29,LightGBM,60D,4,0.0256714719787072,0.020916825030898818,Low
2019-04-30,LightGBM,60D,4,0.0194442107963161,0.020916825030898818,Low
2019-05-01,LightGBM,60D,4,0.0343351924173905,0.020916825030898818,Low
2019-05-02,LightGBM,60D,4,0.034844015137016,0.020916825030898818,Low
2019-05-03,LightGBM,60D,4,0.0226699022860542,0.020395399000341024,Low
2019-05-06,LightGBM,60D,4,0.0162057085229867,0.020916825030898818,Low
2019-05-07,LightGBM,60D,4,0.0238156690430862,0.018217271850169806,Low
2019-05-08,LightGBM,60D,4,0.0181129958929411,0.018217271850169806,Low
2019-05-09,LightGBM,60D,4,-0.0090911876148254,0.018217271850169806,Low
2019-05-10,LightGBM,60D,4,0.0001284422264226,0.018217271850169806,Low
2019-05-13,LightGBM,60D,4,0.0253214936987788,0.01526064684770324,Normal
2019-05-14,LightGBM,60D,4,0.035925968642428,0.01527474193808896,Normal
2019-05-15,LightGBM,60D,4,0.0234653811810478,0.01527474193808896,Normal
2019-05-16,LightGBM,60D,4,0.0022156149486334,0.01527474193808896,Normal
2019-05-17,LightGBM,60D,4,0.0230883983899792,0.01527474193808896,Normal
2019-05-20,LightGBM,60D,4,0.0001303039108487,0.01527474193808896,Normal
2019-05-21,LightGBM,60D,4,-0.0058684084841615,0.01527474193808896,Normal
2019-05-22,LightGBM,60D,4,0.0112830420519829,0.01527474193808896,Normal
2019-05-23,LightGBM,60D,4,0.0353019098576621,0.016285614261931196,Normal
2019-05-24,LightGBM,60D,4,0.0260030507735096,0.01527474193808896,Normal
2019-05-28,LightGBM,60D,4,0.0426269803311228,0.020073177197935915,Normal
2019-05-29,LightGBM,60D,4,0.0490566875390756,0.02425719933667494,Normal
2019-05-30,LightGBM,60D,4,0.0206715337412407,0.020073177197935915,Normal
2019-05-31,LightGBM,60D,4,0.0448778517224916,0.02425719933667494,Normal
2019-06-03,LightGBM,60D,4,0.0444386005762435,0.020073177197935915,Normal
2019-06-04,LightGBM,60D,4,0.0297568250257282,0.020391698082270492,High
2019-06-05,LightGBM,60D,4,0.0342355804880089,0.014630060649940041,Normal
2019-06-06,LightGBM,60D,4,0.0287613205718813,0.014630060649940041,High
2019-06-07,LightGBM,60D,4,0.0113953319919359,0.02187947808497642,High
2019-06-10,LightGBM,60D,4,0.0175298371955919,0.02187947808497642,High
2019-06-11,LightGBM,60D,4,0.0308056915753027,0.014630060649940041,Normal
2019-06-12,LightGBM,60D,4,0.0337555402069171,0.014630060649940041,Normal
2019-06-13,LightGBM,60D,4,0.0295725150251668,0.014630060649940041,Normal
2019-06-14,LightGBM,60D,4,0.0315075792372509,0.014630060649940041,Normal
2019-06-17,LightGBM,60D,4,0.0377799361312853,0.01564093297378228,Normal
2019-06-18,LightGBM,60D,4,0.030984462816548,0.01527474193808896,Normal
2019-06-19,LightGBM,60D,4,0.027279069146558,0.01527474193808896,Normal
2019-06-20,LightGBM,60D,4,0.0147109508943291,0.01527474193808896,Normal
2019-06-21,LightGBM,60D,4,0.0185493925465191,0.01527474193808896,Normal
2019-06-24,LightGBM,60D,4,0.0206254142913732,0.01527474193808896,Normal
2019-06-25,LightGBM,60D,4,0.0301871644536902,0.01527474193808896,Normal
2019-06-26,LightGBM,60D,4,0.0265142610276139,0.01527474193808896,Normal
2019-06-27,LightGBM,60D,4,0.0226014346171957,0.01527474193808896,Normal
2019-06-28,LightGBM,60D,4,0.0084085038130445,0.017861962946874806,Normal
2019-07-01,LightGBM,60D,4,0.0069051704440544,0.018217271850169806,Low
2019-07-02,LightGBM,60D,4,0.0015494521574525,0.020395399000341024,Low
2019-07-03,LightGBM,60D,4,-0.0114241780823603,0.020395399000341024,Low
2019-07-05,LightGBM,60D,4,-0.0045817336625631,0.020395399000341024,Low
2019-07-08,LightGBM,60D,4,-0.0120686875978521,0.020395399000341024,Low
2019-07-09,LightGBM,60D,4,-0.0313698848439499,0.020395399000341024,Low
2019-07-10,LightGBM,60D,4,-0.0279301270061657,0.020395399000341024,Low
2019-07-11,LightGBM,60D,4,-0.0160959613458552,0.020395399000341024,Low
2019-07-12,LightGBM,60D,4,-0.0251938479216032,0.020395399000341024,Low
2019-07-15,LightGBM,60D,4,-0.0410528612020973,0.020395399000341024,Low
2019-07-16,LightGBM,60D,4,-0.0285799801322411,0.020395399000341024,Low
2019-07-17,LightGBM,60D,4,-0.0156321122543654,0.020395399000341024,Low
2019-07-18,LightGBM,60D,4,-0.0083281302893955,0.020395399000341024,Low
2019-07-19,LightGBM,60D,4,-0.0035203224977698,0.020395399000341024,Low
2019-07-22,LightGBM,60D,4,0.003561421192469,0.020395399000341024,Low
2019-07-23,LightGBM,60D,4,-0.0052642685000011,0.020395399000341024,Low
2019-07-24,LightGBM,60D,4,-0.0071824393437015,0.020395399000341024,Low
2019-07-25,LightGBM,60D,4,-0.0058331885699018,0.020395399000341024,Low
2019-07-26,LightGBM,60D,4,-0.006345610235351,0.020395399000341024,Low
2019-07-29,LightGBM,60D,4,-0.0083032375646705,0.020395399000341024,Low
2019-07-30,LightGBM,60D,4,-0.0028781488467953,0.020395399000341024,Low
2019-07-31,LightGBM,60D,4,0.009985662764516,0.018217271850169806,Low
2019-08-01,LightGBM,60D,4,0.0230896198439779,0.018217271850169806,Low
2019-08-02,LightGBM,60D,4,0.0359648282996607,0.018217271850169806,Low
2019-08-05,LightGBM,60D,4,0.0653622585128747,0.01835451684966004,Normal
2019-08-06,LightGBM,60D,4,0.0556773240025654,0.013819738857464627,Normal
2019-08-07,LightGBM,60D,4,0.0518833030341676,0.014630060649940041,Normal
2019-08-08,LightGBM,60D,4,0.04291077112695,0.011150941584816103,High
2019-08-09,LightGBM,60D,4,0.0532466100659196,0.011150941584816103,High
2019-08-12,LightGBM,60D,4,0.0644540164700142,0.02137822343382374,High
2019-08-13,LightGBM,60D,4,0.0501379207950019,0.019278781455292444,High
2019-08-14,LightGBM,60D,4,0.0825946484938183,0.022903776154597485,High
2019-08-15,LightGBM,60D,4,0.0826908149407538,0.03297258767367686,High
2019-08-16,LightGBM,60D,4,0.0664033613551717,0.019905364628494987,High
2019-08-19,LightGBM,60D,4,0.0559336090920372,0.01854789344402669,High
2019-08-20,LightGBM,60D,4,0.064591105974269,0.01854789344402669,High
2019-08-21,LightGBM,60D,4,0.0572148190313726,0.01854789344402669,High
2019-08-22,LightGBM,60D,4,0.0653870507686243,0.01854789344402669,High
2019-08-23,LightGBM,60D,4,0.0921789582142719,0.014718329088277944,High
2019-08-26,LightGBM,60D,4,0.0806630753837815,0.015013513294681412,High
2019-08-27,LightGBM,60D,4,0.0801081407633966,0.015013513294681412,High
2019-08-28,LightGBM,60D,4,0.0719999831466448,0.013828019271386929,High
2019-08-29,LightGBM,60D,4,0.0615650746479262,0.013828019271386929,High
2019-08-30,LightGBM,60D,4,0.0684017457755166,0.013828019271386929,High
2019-09-03,LightGBM,60D,4,0.0775179187531423,0.01955876576786893,High
2019-09-04,LightGBM,60D,4,0.0708999291000208,0.01854789344402669,High
2019-09-05,LightGBM,60D,4,0.0539547299482719,0.019438203260917705,High
2019-09-06,LightGBM,60D,4,0.0443760554499313,0.02186355980793731,High
2019-09-09,LightGBM,60D,4,0.0378098448707861,0.020756313297953268,High
2019-09-10,LightGBM,60D,4,0.0437912500536252,0.02186355980793731,High
2019-09-11,LightGBM,60D,4,0.038086704653868,0.02186355980793731,High
2019-09-12,LightGBM,60D,4,0.0443059344060605,0.014072465275110595,Normal
2019-09-13,LightGBM,60D,4,0.0418627775985523,0.014728492483238518,Normal
2019-09-16,LightGBM,60D,4,0.0439057543459242,0.01590278076728426,Normal
2019-09-17,LightGBM,60D,4,0.0442312665028129,0.014072465275110595,Normal
2019-09-18,LightGBM,60D,4,0.052427300594101,0.014728492483238518,Normal
2019-09-19,LightGBM,60D,4,0.052479905222386,0.011694375455513654,Normal
2019-09-20,LightGBM,60D,4,0.0645098652698094,0.01004369507483206,Normal
2019-09-23,LightGBM,60D,4,0.064942041916098,0.011694375455513654,Low
2019-09-24,LightGBM,60D,4,0.0729616372391268,0.010120746512278438,Low
2019-09-25,LightGBM,60D,4,0.0712713308190273,0.01227388425810207,Low
2019-09-26,LightGBM,60D,4,0.0786357976329745,0.013908309448283153,Low
2019-09-27,LightGBM,60D,4,0.0848321009264014,0.01809233158702218,Low
2019-09-30,LightGBM,60D,4,0.0796017234086848,0.01809233158702218,Low
2019-10-01,LightGBM,60D,4,0.0970509127641516,0.01809233158702218,Low
2019-10-02,LightGBM,60D,4,0.1151503010914535,0.016095583952515268,Normal
2019-10-03,LightGBM,60D,4,0.1014124002382368,0.01543445043118219,Low
2019-10-04,LightGBM,60D,5,0.0902373056431684,0.01519819827514711,Normal
2019-10-07,LightGBM,60D,5,0.1030695532791667,0.01733061307427681,Normal
2019-10-08,LightGBM,60D,5,0.1116678034663222,0.001322016923260393,Normal
2019-10-09,LightGBM,60D,5,0.1061316521457489,0.0009803137896133578,Normal
2019-10-10,LightGBM,60D,5,0.0969292746493716,0.001322016923260393,Normal
2019-10-11,LightGBM,60D,5,0.0909401684612235,-0.005642626442182522,Normal
2019-10-14,LightGBM,60D,5,0.0989614642513489,-0.0029309771302326306,Normal
2019-10-15,LightGBM,60D,5,0.086195756387355,0.0025370840633466606,Normal
2019-10-16,LightGBM,60D,5,0.0951492949864821,0.006821644158807463,Normal
2019-10-17,LightGBM,60D,5,0.0908745921798109,0.006821644158807463,Normal
2019-10-18,LightGBM,60D,5,0.0966700881332987,0.002514627833688377,Normal
2019-10-21,LightGBM,60D,5,0.0981537214501969,0.004033319484710823,Normal
2019-10-22,LightGBM,60D,5,0.1055834939560589,0.0014852074771297896,Normal
2019-10-23,LightGBM,60D,5,0.1000848902406426,0.0026534623849316843,Normal
2019-10-24,LightGBM,60D,5,0.0984553198781523,0.010119724509874424,Normal
2019-10-25,LightGBM,60D,5,0.0955312165608546,0.01094598786508967,Normal
2019-10-28,LightGBM,60D,5,0.080882107218543,0.013023495135834888,Normal
2019-10-29,LightGBM,60D,5,0.0658591068181796,0.01572759701184396,Normal
2019-10-30,LightGBM,60D,5,0.0726144009176749,0.015622895350601521,Normal
2019-10-31,LightGBM,60D,5,0.0747745894086294,0.015622895350601521,Normal
2019-11-01,LightGBM,60D,5,0.0682881157791931,0.015621062583826905,Low
2019-11-04,LightGBM,60D,5,0.0467264264025176,0.015622895350601521,Low
2019-11-05,LightGBM,60D,5,0.0551412548755708,0.01568211680107364,Low
2019-11-06,LightGBM,60D,5,0.0693083202007874,0.015641370060790142,Low
2019-11-07,LightGBM,60D,5,0.0777697236154795,0.01798338469227677,Low
2019-11-08,LightGBM,60D,5,0.0785324755273658,0.017985217459051385,Low
2019-11-11,LightGBM,60D,5,0.0750813799312446,0.017985217459051385,Low
2019-11-12,LightGBM,60D,5,0.0808176467505549,0.017944470718767886,Low
2019-11-13,LightGBM,60D,5,0.0817934138664408,0.017985217459051385,Low
2019-11-14,LightGBM,60D,5,0.087398574357187,0.017944470718767886,Low
2019-11-15,LightGBM,60D,5,0.0781007692192253,0.017985217459051385,Low
2019-11-18,LightGBM,60D,5,0.0794395789949009,0.017985217459051385,Low
2019-11-19,LightGBM,60D,5,0.0771081351084458,0.017985217459051385,Low
2019-11-20,LightGBM,60D,5,0.0855661398136718,0.017985217459051385,Low
2019-11-21,LightGBM,60D,5,0.0833273284718638,0.017985217459051385,Low
2019-11-22,LightGBM,60D,5,0.0705809452966679,0.017944470718767886,Low
2019-11-25,LightGBM,60D,5,0.0290136139887602,0.017985217459051385,Low
2019-11-26,LightGBM,60D,5,-0.0039274540315333,0.017985217459051385,Low
2019-11-27,LightGBM,60D,5,-0.011878886980363,0.01798338469227677,Low
2019-11-29,LightGBM,60D,5,-0.0530277371026352,0.017944470718767886,Low
2019-12-02,LightGBM,60D,5,-0.0526317165183246,0.017944470718767886,Low
2019-12-03,LightGBM,60D,5,-0.0009606224908662,0.017944470718767886,Low
2019-12-04,LightGBM,60D,5,-0.0357747650225508,0.017944470718767886,Low
2019-12-05,LightGBM,60D,5,0.0040624574114522,0.017944470718767886,Low
2019-12-06,LightGBM,60D,5,-0.0395425710589547,0.017944470718767886,Low
2019-12-09,LightGBM,60D,5,-0.0535756810268664,0.017944470718767886,Low
2019-12-10,LightGBM,60D,5,-0.1314885577982538,0.017944470718767886,Low
2019-12-11,LightGBM,60D,5,-0.0861774429017455,0.017944470718767886,Low
2019-12-12,LightGBM,60D,5,-0.144819003085906,0.01794263795199327,Low
2019-12-13,LightGBM,60D,5,-0.2448364346385943,0.017944470718767886,Low
2019-12-16,LightGBM,60D,5,-0.1631503886319012,0.01798338469227677,Low
2019-12-17,LightGBM,60D,5,-0.2911378221331797,0.01798338469227677,Low
2019-12-18,LightGBM,60D,5,-0.2324791158569651,0.01798338469227677,Low
2019-12-19,LightGBM,60D,5,-0.2901507670109097,0.017985217459051385,Low
2019-12-20,LightGBM,60D,5,-0.2903866018448428,0.01798338469227677,Low
2019-12-23,LightGBM,60D,5,-0.3355799946125081,0.017985217459051385,Low
2019-12-24,LightGBM,60D,5,-0.3651160283196166,0.017985217459051385,Low
2019-12-26,LightGBM,60D,5,-0.2805478582117074,0.018012364834919786,Low
2019-12-27,LightGBM,60D,5,-0.2691128519305432,0.018014197601694402,Low
2019-12-30,LightGBM,60D,5,-0.2027714247769467,0.018014197601694402,Low
2019-12-31,LightGBM,60D,5,-0.2399809609627638,0.018014197601694402,Low
2020-01-02,LightGBM,60D,5,-0.2153582657551059,0.018014197601694402,Low
2020-01-03,LightGBM,60D,5,-0.2244156671785671,0.018014197601694402,Low
2020-01-06,LightGBM,60D,5,-0.2730891751056266,0.018014197601694402,Low
2020-01-07,LightGBM,60D,5,-0.2477093429640714,0.018014197601694402,Low
2020-01-08,LightGBM,60D,5,-0.267852677275657,0.018014197601694402,Low
2020-01-09,LightGBM,60D,5,-0.2065176472477329,0.018014197601694402,Low
2020-01-10,LightGBM,60D,5,-0.2052627238085905,0.018014197601694402,Low
2020-01-13,LightGBM,60D,5,-0.1787253466632389,0.018014197601694402,Low
2020-01-14,LightGBM,60D,5,-0.1628261955226439,0.018014197601694402,Low
2020-01-15,LightGBM,60D,5,-0.1748507052110091,0.018014197601694402,Low
2020-01-16,LightGBM,60D,5,-0.1530678930609332,0.018014197601694402,Low
2020-01-17,LightGBM,60D,5,-0.1791993489807876,0.018012364834919786,Low
2020-01-21,LightGBM,60D,5,-0.1707440107716609,0.018014197601694402,Low
2020-01-22,LightGBM,60D,5,-0.1445921130470213,0.018014197601694402,Low
2020-01-23,LightGBM,60D,5,-0.1637752848557273,0.018014197601694402,Low
2020-01-24,LightGBM,60D,5,-0.1858471106658642,0.018014197601694402,Low
2020-01-27,LightGBM,60D,5,-0.1473200577268835,0.01799572289150578,Low
2020-01-28,LightGBM,60D,5,-0.1578630088874316,0.01736421471204384,Normal
2020-01-29,LightGBM,60D,5,-0.1431736681770078,0.01799572289150578,Low
2020-01-30,LightGBM,60D,5,-0.131696256925483,0.01799572289150578,Low
2020-01-31,LightGBM,60D,5,-0.1190879835446038,0.017586124195805297,Normal
2020-02-03,LightGBM,60D,5,-0.1000797052607633,0.016004164493442247,Normal
2020-02-04,LightGBM,60D,5,-0.1242041644973242,0.016328187222905202,Normal
2020-02-05,LightGBM,60D,5,-0.1638521541710731,0.016957862635592527,Normal
2020-02-06,LightGBM,60D,5,-0.1629314866492255,0.017834086612092553,Normal
2020-02-07,LightGBM,60D,5,-0.1485160604419874,0.017834086612092553,Normal
2020-02-10,LightGBM,60D,5,-0.1628196309616034,0.017587916545380538,Normal
2020-02-11,LightGBM,60D,5,-0.1530677238927147,0.017834086612092553,Normal
2020-02-12,LightGBM,60D,5,-0.1427787819326914,0.01783591937886717,Normal
2020-02-13,LightGBM,60D,5,-0.141013936205912,0.01783591937886717,Normal
2020-02-14,LightGBM,60D,5,-0.1635691380764451,0.017834086612092553,Normal
2020-02-18,LightGBM,60D,5,-0.1782619207145773,0.01783591937886717,Normal
2020-02-19,LightGBM,60D,5,-0.171497751194791,0.01783591937886717,Normal
2020-02-20,LightGBM,60D,5,-0.1637562585630704,0.01783591937886717,Normal
2020-02-21,LightGBM,60D,5,-0.1221672405601772,0.017652103779606312,Normal
2020-02-24,LightGBM,60D,5,-0.0986189088513358,0.017497529102035794,High
2020-02-25,LightGBM,60D,5,-0.051357013862567,0.024609811379562786,High
2020-02-26,LightGBM,60D,5,-0.0553752848489906,0.025034896171892633,High
2020-02-27,LightGBM,60D,5,-0.0078562028099171,0.02918786929061453,High
2020-02-28,LightGBM,60D,5,0.0126305453211963,0.0360102955928004,High
2020-03-02,LightGBM,60D,5,-0.0176618759579024,0.04300991066848258,High
2020-03-03,LightGBM,60D,5,0.0087384696400924,0.03731420855605484,High
2020-03-04,LightGBM,60D,5,-0.0277970861682327,0.040407344518940125,High
2020-03-05,LightGBM,60D,5,0.0104579127501126,0.03731420855605484,High
2020-03-06,LightGBM,60D,5,0.0358361636848974,0.037688591555356345,High
2020-03-09,LightGBM,60D,5,0.128403247437833,0.03869509870178854,High
2020-03-10,LightGBM,60D,5,0.076813805928365,0.032649359878045986,High
2020-03-11,LightGBM,60D,5,0.1527907115586064,0.03535481181104968,High
2020-03-12,LightGBM,60D,5,0.2647052203668858,0.03213866766421194,High
2020-03-13,LightGBM,60D,5,0.1680670699979278,0.0328543578442008,High
2020-03-16,LightGBM,60D,5,0.2903920117355631,0.017117260782829703,High
2020-03-17,LightGBM,60D,5,0.1714130061035825,0.017117260782829703,High
2020-03-18,LightGBM,60D,5,0.2376115650408744,0.017117260782829703,High
2020-03-19,LightGBM,60D,5,0.2411926648886486,0.017117260782829703,High
2020-03-20,LightGBM,60D,5,0.304305141808726,0.017117260782829703,High
2020-03-23,LightGBM,60D,5,0.3304298465856734,0.017117260782829703,High
2020-03-24,LightGBM,60D,5,0.241340657471512,0.017117260782829703,High
2020-03-25,LightGBM,60D,5,0.224206153485016,0.017117260782829703,High
2020-03-26,LightGBM,60D,5,0.1701364157074279,0.017117260782829703,High
2020-03-27,LightGBM,60D,5,0.2087024304405379,0.017117260782829703,High
2020-03-30,LightGBM,60D,5,0.1495405742749009,0.017117260782829703,High
2020-03-31,LightGBM,60D,5,0.1765827127915347,0.017117260782829703,High
2020-04-01,LightGBM,60D,5,0.1972038712494905,0.017117260782829703,High
2020-04-02,LightGBM,60D,5,0.1892101023060638,0.017117260782829703,High
2020-04-03,LightGBM,60D,5,0.2197553125677639,0.01962781330460702,High
2020-04-06,LightGBM,60D,5,0.1567966323988042,0.01961771474967858,High
2020-04-07,LightGBM,60D,5,0.1629319419239835,0.01961771474967858,High
2020-04-08,LightGBM,60D,5,0.1451995015648621,0.020333404929667443,High
2020-04-09,LightGBM,60D,5,0.1199385533915191,0.020333404929667443,High
2020-04-13,LightGBM,60D,5,0.1378915990996266,0.020343503484595883,High
2020-04-14,LightGBM,60D,5,0.1021174480511244,0.020343503484595883,High
2020-04-15,LightGBM,60D,5,0.1348059904979366,0.020343503484595883,High
2020-04-16,LightGBM,60D,5,0.1195995074423363,0.020343503484595883,High
2020-04-17,LightGBM,60D,5,0.1064758760039197,0.020343503484595883,High
2020-04-20,LightGBM,60D,5,0.1335597785556226,0.020343503484595883,High
2020-04-21,LightGBM,60D,5,0.1613029785778379,0.020343503484595883,High
2020-04-22,LightGBM,60D,5,0.1414762405832847,0.020343503484595883,High
2020-04-23,LightGBM,60D,5,0.1503876054986206,0.020343503484595883,High
2020-04-24,LightGBM,60D,5,0.1382431442663414,0.02348588763217396,High
2020-04-27,LightGBM,60D,5,0.1293669066790793,0.023052197673043725,High
2020-04-28,LightGBM,60D,5,0.1222266984573162,0.022562313763615678,High
2020-04-29,LightGBM,60D,5,0.0897803543879671,0.02235731579746086,High
2020-04-30,LightGBM,60D,5,0.1064034265285042,0.022562313763615678,High
2020-05-01,LightGBM,60D,5,0.1283692021246338,0.02348588763217396,High
2020-05-04,LightGBM,60D,5,0.1364801628975269,0.02348588763217396,High
2020-05-05,LightGBM,60D,5,0.1237229259362923,0.02348588763217396,High
2020-05-06,LightGBM,60D,5,0.1383680425775113,0.02348588763217396,High
2020-05-07,LightGBM,60D,5,0.1340844494869794,0.02348588763217396,High
2020-05-08,LightGBM,60D,5,0.1209590774478866,0.018513962985818266,High
2020-05-11,LightGBM,60D,5,0.1272351685166139,0.016289846434247683,High
2020-05-12,LightGBM,60D,5,0.1543556603093262,0.018607479466344237,High
2020-05-13,LightGBM,60D,5,0.172605486203563,0.02348588763217396,High
2020-05-14,LightGBM,60D,5,0.1638850336728834,0.02348588763217396,High
2020-05-15,LightGBM,60D,5,0.1519653030677831,0.02348588763217396,High
2020-05-18,LightGBM,60D,5,0.1348495965913232,0.018360512847347934,High
2020-05-19,LightGBM,60D,5,0.143340071626766,0.019318431186052885,High
2020-05-20,LightGBM,60D,5,0.1266541836170713,0.015338211461672229,High
2020-05-21,LightGBM,60D,5,0.1371643294344483,0.015213100763687547,High
2020-05-22,LightGBM,60D,5,0.1371141241674528,0.024176434026741463,High
2020-05-26,LightGBM,60D,5,0.1204857158008104,0.024176434026741463,High
2020-05-27,LightGBM,60D,5,0.1089209230788422,0.01634916878949689,High
2020-05-28,LightGBM,60D,5,0.1144662623867342,0.02210106485222243,High
2020-05-29,LightGBM,60D,5,0.1196590841993297,0.01634916878949689,High
2020-06-01,LightGBM,60D,5,0.1195047674665055,0.025911778085513662,High
2020-06-02,LightGBM,60D,5,0.1214714615289484,0.025911778085513662,High
2020-06-03,LightGBM,60D,5,0.1095864367481935,0.029209220107199625,High
2020-06-04,LightGBM,60D,5,0.1196708286813728,0.025644897605589925,High
2020-06-05,LightGBM,60D,5,0.0915994406842282,0.028057149160475497,High
2020-06-08,LightGBM,60D,5,0.0871266156991282,0.028057149160475497,High
2020-06-09,LightGBM,60D,5,0.1102054092627199,0.02856171294025616,High
2020-06-10,LightGBM,60D,5,0.0797750708557166,0.03168906305698888,High
2020-06-11,LightGBM,60D,5,0.1323614830977306,0.03700826668956425,High
2020-06-12,LightGBM,60D,5,0.091236367406052,0.04712255798323918,High
2020-06-15,LightGBM,60D,5,0.1029032672500572,0.04712255798323918,High
2020-06-16,LightGBM,60D,5,0.0663771684579512,0.045303686660214997,High
2020-06-17,LightGBM,60D,5,0.070516894848668,0.045303686660214997,High
2020-06-18,LightGBM,60D,5,0.0825841864698891,0.04712255798323918,High
2020-06-19,LightGBM,60D,5,0.0934554859660624,0.04712255798323918,High
2020-06-22,LightGBM,60D,5,0.0823517457772523,0.04712255798323918,High
2020-06-23,LightGBM,60D,5,0.0696056270572161,0.04712255798323918,High
2020-06-24,LightGBM,60D,5,0.0845553157050498,0.04712255798323918,High
2020-06-25,LightGBM,60D,5,0.062016923949534,0.04712255798323918,High
2020-06-26,LightGBM,60D,5,0.0970051446227411,0.04712255798323918,High
2020-06-29,LightGBM,60D,5,0.0584189175948333,0.04712255798323918,High
2020-06-30,LightGBM,60D,5,0.0461095737137068,0.04428414621359944,High
2020-07-01,LightGBM,60D,5,0.0569504489620244,0.03955157742355876,High
2020-07-02,LightGBM,60D,5,0.0684016703390619,0.03401278901501871,High
2020-07-06,LightGBM,60D,5,0.0478204568024545,0.032872426720912465,High
2020-07-07,LightGBM,60D,5,0.0669177772404776,0.046886712363141896,High
2020-07-08,LightGBM,60D,5,0.0643997405413424,0.03955157742355876,High
2020-07-09,LightGBM,60D,5,0.0604355191511662,0.046886712363141896,High
2020-07-10,LightGBM,60D,5,0.0678368183796241,0.035986172657652846,High
2020-07-13,LightGBM,60D,5,0.0631713992081599,0.03877188252906327,High
2020-07-14,LightGBM,60D,5,0.0671012623954973,0.049803591264503975,High
2020-07-15,LightGBM,60D,5,0.0660384183540117,0.03692966791638079,High
2020-07-16,LightGBM,60D,5,0.0782054287488797,0.035789305622274545,High
2020-07-17,LightGBM,60D,5,0.0916433963196205,0.035986172657652846,High
2020-07-20,LightGBM,60D,5,0.0769447074353169,0.0312625595085475,High
2020-07-21,LightGBM,60D,5,0.0686219060166973,0.029658029832383234,High
2020-07-22,LightGBM,60D,5,0.0613623519080105,0.029658029832383234,High
2020-07-23,LightGBM,60D,5,0.0738936407768879,0.030104217601543623,High
2020-07-24,LightGBM,60D,5,0.0636386172862214,0.03290449641026305,High
2020-07-27,LightGBM,60D,5,0.0609868837847403,0.02948549059785221,Normal
2020-07-28,LightGBM,60D,5,0.0652832051918163,0.027880960921687944,Normal
2020-07-29,LightGBM,60D,5,0.0581367758435649,0.026603585560383926,Normal
2020-07-30,LightGBM,60D,5,0.0653339159274092,0.025032864901514434,Normal
2020-07-31,LightGBM,60D,5,0.0389282066999108,0.027880960921687944,Normal
2020-08-03,LightGBM,60D,5,0.0287426386851066,0.026603585560383926,Normal
2020-08-04,LightGBM,60D,5,-0.0107883264496048,0.024373592447754444,Normal
2020-08-05,LightGBM,60D,5,-0.0053209619451252,0.022977825718201235,Normal
2020-08-06,LightGBM,60D,5,-0.0239318014110501,0.02395766578422725,Normal
2020-08-07,LightGBM,60D,5,-0.012321679790415,0.023798639788482415,Normal
2020-08-10,LightGBM,60D,5,0.0025825926202708,0.023798639788482415,Normal
2020-08-11,LightGBM,60D,5,0.0323911736767398,0.024660754221170002,Normal
2020-08-12,LightGBM,60D,5,0.0377649371598274,0.023264987491616793,Normal
2020-08-13,LightGBM,60D,5,0.0395264532506104,0.023264987491616793,Normal
2020-08-14,LightGBM,60D,5,0.0513303253932337,0.023264987491616793,Normal
2020-08-17,LightGBM,60D,5,0.0472233726649423,0.021895977873207906,Normal
2020-08-18,LightGBM,60D,5,0.052545360608117,0.021895977873207906,Normal
2020-08-19,LightGBM,60D,5,0.0469308324062297,0.022429630170073527,Normal
2020-08-20,LightGBM,60D,5,0.0572957243441774,0.02372654338623285,Low
2020-08-21,LightGBM,60D,5,0.0654412592840376,0.02372654338623285,Low
2020-08-24,LightGBM,60D,5,0.0506442001344866,0.02319289108936723,Low
2020-08-25,LightGBM,60D,5,0.0354230897414651,0.02319289108936723,Low
2020-08-26,LightGBM,60D,5,0.0292177640873564,0.022822196247172976,Low
2020-08-27,LightGBM,60D,5,0.0207303806826285,0.025274546464159674,Low
2020-08-28,LightGBM,60D,5,0.0196404860149079,0.026810341334210102,Low
2020-08-31,LightGBM,60D,5,0.0378703200044482,0.027488968123370757,Low
2020-09-01,LightGBM,60D,5,0.0287878138282328,0.031081947288797453,Low
2020-09-02,LightGBM,60D,5,0.0159328747102643,0.031063472578608833,Low
2020-09-03,LightGBM,60D,5,0.0470843282154775,0.038443297959961806,High
2020-09-04,LightGBM,60D,5,0.0664587496313456,0.04551453641997673,High
2020-09-08,LightGBM,60D,5,0.0963971432464166,0.045501264649372285,High
2020-09-09,LightGBM,60D,5,0.0758280305039419,0.03794370733517555,High
2020-09-10,LightGBM,60D,5,0.1023667401445244,0.042600744225227846,High
2020-09-11,LightGBM,60D,5,0.0998962965474738,0.030714541016731836,High
2020-09-14,LightGBM,60D,5,0.0900182326926214,0.03210513544796797,High
2020-09-15,LightGBM,60D,5,0.07683148181365,0.03129634689513454,High
2020-09-16,LightGBM,60D,5,0.0801751941780301,0.031074284913988837,High
2020-09-17,LightGBM,60D,5,0.0873573456223497,0.02952346143146447,High
2020-09-18,LightGBM,60D,5,0.0942341343250311,0.03221165803592374,High
2020-09-21,LightGBM,60D,5,0.1187111803745477,0.02529895892116731,High
2020-09-22,LightGBM,60D,5,0.1100193895964948,0.029987617508900964,High
2020-09-23,LightGBM,60D,5,0.1397678713198521,0.02643633204310221,High
2020-09-24,LightGBM,60D,5,0.1332675688130745,0.03202654991172976,High
2020-09-25,LightGBM,60D,5,0.1135032011019767,0.02748558019774534,High
2020-09-28,LightGBM,60D,5,0.0954457645563518,0.027299420904441693,High
2020-09-29,LightGBM,60D,5,0.1010155805326146,0.02643633204310221,High
2020-09-30,LightGBM,60D,5,0.096326087943722,0.027299420904441693,High
2020-10-01,LightGBM,60D,5,0.0997318459178384,0.027299420904441693,High
2020-10-02,LightGBM,60D,5,0.1071257939569304,0.029130788569850685,High
2020-10-05,LightGBM,60D,5,0.0906533330491087,0.030466956690192414,High
2020-10-06,LightGBM,60D,5,0.1111436021483357,0.04249733926214075,High
2020-10-07,LightGBM,60D,5,0.0790316756660683,0.03580651767443135,High
2020-10-08,LightGBM,60D,5,0.078111094154561,0.031265547960446914,High
2020-10-09,LightGBM,60D,5,0.0750496023562823,0.029711736026023124,High
2020-10-12,LightGBM,60D,5,0.0735053323057111,0.030636384705609192,High
2020-10-13,LightGBM,60D,5,0.0853090613283895,0.028452751880930584,High
2020-10-14,LightGBM,60D,5,0.0853779057958277,0.030216299805803787,High
2020-10-15,LightGBM,60D,5,0.0873225313406104,0.029571986453930076,High
2020-10-16,LightGBM,60D,5,0.089460677270706,0.030216299805803787,High
2020-10-19,LightGBM,60D,5,0.1021648277169054,0.03543937257273026,High
2020-10-20,LightGBM,60D,5,0.0902326315986257,0.04249733926214075,High
2020-10-21,LightGBM,60D,5,0.1005342032459577,0.03580651767443135,High
2020-10-22,LightGBM,60D,5,0.1091682666189773,0.035162204322557615,High
2020-10-23,LightGBM,60D,5,0.1060451014599013,0.029184290853344345,High
2020-10-26,LightGBM,60D,5,0.1217944217822854,0.039700284198589036,High
2020-10-27,LightGBM,60D,5,0.1284339446457484,0.0452905020672166,High
2020-10-28,LightGBM,60D,5,0.1628695435931726,0.04858916496719252,High
2020-10-29,LightGBM,60D,5,0.1249797035270748,0.04826058039809105,High
2020-10-30,LightGBM,60D,5,0.1468967157510952,0.042508684335365504,High
2015-06-10,LightGBM,120D,1,-0.0118455038770558,0.03760663667298417,Low
2015-06-11,LightGBM,120D,1,-0.0029586816868445,0.03760663667298417,Low
2015-06-12,LightGBM,120D,1,-0.0069963996731908,0.041138138441036656,Low
2015-06-15,LightGBM,120D,1,-0.0168409364955695,0.04068996138262021,Low
2015-06-16,LightGBM,120D,1,-0.0021968106474721,0.0461419808987338,Low
2015-06-17,LightGBM,120D,1,-0.0111885390029427,0.04068996138262021,Low
2015-06-18,LightGBM,120D,1,-0.0275535916825461,0.03760663667298417,Low
2015-06-19,LightGBM,120D,1,-0.0300050628102892,0.03760663667298417,Low
2015-06-22,LightGBM,120D,1,-0.0338325742132368,0.03760663667298417,Low
2015-06-23,LightGBM,120D,1,-0.0540821083942456,0.03760663667298417,Low
2015-06-24,LightGBM,120D,1,-0.0419573546118723,0.03805497560224773,Low
2015-06-25,LightGBM,120D,1,-0.0284167703493615,0.040544980240243514,Low
2015-06-26,LightGBM,120D,1,-0.0136159789536676,0.040544980240243514,Low
2015-06-29,LightGBM,120D,1,-0.0076837860809325,0.044470189404400694,Normal
2015-06-30,LightGBM,120D,1,-0.0282962434405068,0.0461419808987338,Normal
2015-07-01,LightGBM,120D,1,-0.0274600331479877,0.04068996138262021,Normal
2015-07-02,LightGBM,120D,1,-0.0183738673668721,0.04068996138262021,Normal
2015-07-06,LightGBM,120D,1,-0.0021630381404209,0.054573948960577094,Normal
2015-07-07,LightGBM,120D,1,-0.009825514138153,0.0461419808987338,Normal
2015-07-08,LightGBM,120D,1,0.0047865143176825,0.054573948960577094,Normal
2015-07-09,LightGBM,120D,1,0.0131005308458854,0.054573948960577094,Normal
2015-07-10,LightGBM,120D,1,-0.0064058543229008,0.054573948960577094,Normal
2015-07-13,LightGBM,120D,1,-0.0268676078717238,0.03848316642983712,Normal
2015-07-14,LightGBM,120D,1,-0.0467329229060299,0.03539984172020108,Normal
2015-07-15,LightGBM,120D,1,-0.0439874624659328,0.03848316642983712,Normal
2015-07-16,LightGBM,120D,1,-0.0651723589130346,0.03539984172020108,Normal
2015-07-17,LightGBM,120D,1,-0.09026374705683,0.03539984172020108,Normal
2015-07-20,LightGBM,120D,1,-0.1019322211266795,0.03701551286730467,Normal
2015-07-21,LightGBM,120D,1,-0.0968085165881338,0.03848316642983712,Normal
2015-07-22,LightGBM,120D,1,-0.0866454374501689,0.03848316642983712,Normal
2015-07-23,LightGBM,120D,1,-0.1062356023166985,0.04496304906539804,Normal
2015-07-24,LightGBM,120D,1,-0.0789165206856534,0.054573948960577094,Normal
2015-07-27,LightGBM,120D,1,-0.0949605383187515,0.04496304906539804,Normal
2015-07-28,LightGBM,120D,1,-0.106738931933212,0.04496304906539804,Normal
2015-07-29,LightGBM,120D,1,-0.125793840886494,0.03848316642983712,Normal
2015-07-30,LightGBM,120D,1,-0.1206402191545682,0.03539984172020108,Normal
2015-07-31,LightGBM,120D,1,-0.098285388471303,0.03539984172020108,Normal
2015-08-03,LightGBM,120D,1,-0.1112862396992198,0.03848316642983712,Normal
2015-08-04,LightGBM,120D,1,-0.0949887627019191,0.054573948960577094,Normal
2015-08-05,LightGBM,120D,1,-0.1090215231879382,0.03848316642983712,Low
2015-08-06,LightGBM,120D,1,-0.0957249765477846,0.04496304906539804,Low
2015-08-07,LightGBM,120D,1,-0.0683873026968904,0.05389570901000094,Low
2015-08-10,LightGBM,120D,1,-0.0815574731744574,0.04496304906539804,Low
2015-08-11,LightGBM,120D,1,-0.0908753772125065,0.054573948960577094,Low
2015-08-12,LightGBM,120D,1,-0.0868453608291471,0.054573948960577094,Low
2015-08-13,LightGBM,120D,1,-0.0840437666682424,0.054573948960577094,Low
2015-08-14,LightGBM,120D,1,-0.1066022572189535,0.054573948960577094,Low
2015-08-17,LightGBM,120D,1,-0.1260552068514137,0.054573948960577094,Low
2015-08-18,LightGBM,120D,1,-0.1240900645625408,0.054573948960577094,Low
2015-08-19,LightGBM,120D,1,-0.1159898962837046,0.054573948960577094,Low
2015-08-20,LightGBM,120D,1,-0.1070413831588146,0.054573948960577094,Normal
2015-08-21,LightGBM,120D,1,-0.0553421254298903,0.017682590004311643,High
2015-08-24,LightGBM,120D,1,0.0012510566583137,0.08287029290333948,High
2015-08-25,LightGBM,120D,1,0.0312114170266108,0.09053785116108701,High
2015-08-26,LightGBM,120D,1,-0.0117565145318553,0.024317825839093653,High
2015-08-27,LightGBM,120D,1,-0.0357898023033472,-0.012899313754139058,High
2015-08-28,LightGBM,120D,1,-0.0220476223611473,-0.005190182738570871,High
2015-08-31,LightGBM,120D,1,-0.0261531212679516,0.004519538999197279,High
2015-09-01,LightGBM,120D,1,0.0082994886091083,0.03621871180722421,High
2015-09-02,LightGBM,120D,1,0.0014561839163443,0.00522202877190625,High
2015-09-03,LightGBM,120D,1,-0.0015797971126392,-0.04821545142583596,High
2015-09-04,LightGBM,120D,1,0.0057143805500653,-0.01697213687944664,High
2015-09-08,LightGBM,120D,1,0.0045291287546455,-0.015742991385836114,High
2015-09-09,LightGBM,120D,1,0.0226101143848321,-0.04675321221551697,High
2015-09-10,LightGBM,120D,1,0.0208386732602132,-0.08255753964213146,High
2015-09-11,LightGBM,120D,1,0.0196621066811688,-0.15758302538671282,High
2015-09-14,LightGBM,120D,1,0.0246447707050765,-0.1540697600894764,High
2015-09-15,LightGBM,120D,1,0.0005913270176379,-0.09095240378962723,High
2015-09-16,LightGBM,120D,1,-0.0030367409149237,-0.055814493352041375,High
2015-09-17,LightGBM,120D,1,-0.000316603675241,-0.08106141332266413,High
2015-09-18,LightGBM,120D,1,0.0322421728679938,-0.15835047729015453,High
2015-09-21,LightGBM,120D,1,0.0264250122177092,-0.1635051926147082,High
2015-09-22,LightGBM,120D,1,0.0369813113027695,-0.1627798384190306,High
2015-09-23,LightGBM,120D,1,0.0446167834141434,-0.055624066988475794,High
2015-09-24,LightGBM,120D,1,0.0545590183540461,-0.15130969195623895,High
2015-09-25,LightGBM,120D,1,0.0594208874062928,-0.14685245085099033,High
2015-09-28,LightGBM,120D,1,0.0864071904733942,-0.08262476049737719,High
2015-09-29,LightGBM,120D,1,0.0842973236636403,0.005461226568387657,High
2015-09-30,LightGBM,120D,1,0.058994915529408,-0.07758069223417703,High
2015-10-01,LightGBM,120D,1,0.056644835071694,-0.05982601858600718,High
2015-10-02,LightGBM,120D,1,0.0429761489433608,-0.048629782529328175,High
2015-10-05,LightGBM,120D,1,0.0336295674790959,-0.09159293683247398,High
2015-10-06,LightGBM,120D,1,0.0415651368168053,-0.1315887260018071,High
2015-10-07,LightGBM,120D,1,0.0315197745996317,-0.13361721435604515,High
2015-10-08,LightGBM,120D,1,0.029050953521673,-0.13361721435604515,High
2015-10-09,LightGBM,120D,1,0.0251126249153031,-0.13361721435604515,High
2015-10-12,LightGBM,120D,1,0.0136416620261755,-0.1329360210520906,High
2015-10-13,LightGBM,120D,1,0.0309432836483158,-0.14168947477666985,High
2015-10-14,LightGBM,120D,1,0.0236226405902501,-0.14168947477666985,High
2015-10-15,LightGBM,120D,1,0.0116617918435115,-0.14648270514422304,High
2015-10-16,LightGBM,120D,1,0.0043581845802106,-0.13060414208965515,High
2015-10-19,LightGBM,120D,1,0.0137034295177276,-0.13060414208965515,High
2015-10-20,LightGBM,120D,1,0.0251156003421791,-0.1223249255435733,Normal
2015-10-21,LightGBM,120D,1,0.0311309616834458,-0.13060414208965515,Normal
2015-10-22,LightGBM,120D,1,0.0136553450947057,-0.10148644965661885,High
2015-10-23,LightGBM,120D,1,0.009205116739461,-0.05415715838097687,High
2015-10-26,LightGBM,120D,1,0.0141997876434275,-0.02074359854429262,Normal
2015-10-27,LightGBM,120D,1,0.0175184285577498,-0.02074359854429262,Normal
2015-10-28,LightGBM,120D,1,0.0005403772123141,-0.01933163905186945,Normal
2015-10-29,LightGBM,120D,1,0.0010381111725156,-0.02074359854429262,Normal
2015-10-30,LightGBM,120D,1,0.0040459032401782,-0.1097656662027007,Normal
2015-11-02,LightGBM,120D,1,-0.0058869729243995,-0.11254120151517394,Normal
2015-11-03,LightGBM,120D,1,-0.0069633317377203,-0.10007449016419567,Normal
2015-11-04,LightGBM,120D,1,-0.0126853008596348,-0.13060414208965515,Normal
2015-11-05,LightGBM,120D,1,-0.0166284603336937,-0.13060414208965515,Normal
2015-11-06,LightGBM,120D,1,-0.008501171856426,-0.13060414208965515,Normal
2015-11-09,LightGBM,120D,1,-0.0073443805883193,-0.14092064340572885,Normal
2015-11-10,LightGBM,120D,1,-0.0148084184472416,-0.11155733423716091,Normal
2015-11-11,LightGBM,120D,1,-0.0118141478184668,-0.11155733423716091,Normal
2015-11-12,LightGBM,120D,1,0.0054446260717184,-0.14648270514422304,Normal
2015-11-13,LightGBM,120D,1,0.0174684798114836,-0.13712959932616958,Normal
2015-11-16,LightGBM,120D,1,0.0150815422532867,-0.11862520988485264,Normal
2015-11-17,LightGBM,120D,1,0.0068142963936645,-0.005966376849849558,Normal
2015-11-18,LightGBM,120D,1,-0.0093884127514719,-0.0011338404252339866,Normal
2015-11-19,LightGBM,120D,1,-0.0167791065842452,-0.005966376849849558,Normal
2015-11-20,LightGBM,120D,1,-0.0108330854747818,-0.11108429099016752,Normal
2015-11-23,LightGBM,120D,1,-0.0190533251852606,-0.11567056523226359,Normal
2015-11-24,LightGBM,120D,1,-0.0200694174438199,-0.10593720748579104,Normal
2015-11-25,LightGBM,120D,1,-0.0236538713515734,0.03522711816985369,Normal
2015-11-27,LightGBM,120D,1,-0.0182458536882498,0.03522711816985369,Normal
2015-11-30,LightGBM,120D,1,-0.0156816901167329,0.03473237928074209,Normal
2015-12-01,LightGBM,120D,1,-0.0127169915294821,0.03522711816985369,Normal
2015-12-02,LightGBM,120D,1,0.0052901307615502,0.03473237928074209,Normal
2015-12-03,LightGBM,120D,1,0.0195574911557718,0.03529134370490744,Normal
2015-12-04,LightGBM,120D,1,0.0035173297313601,0.03878926672102808,Normal
2015-12-07,LightGBM,120D,1,0.0095256050711679,0.03829452783191648,Normal
2015-12-08,LightGBM,120D,1,0.0171710563506887,0.03829452783191648,Normal
2015-12-09,LightGBM,120D,1,0.0277608388833675,0.0361270541826455,Normal
2015-12-10,LightGBM,120D,1,0.0225959200680782,0.03546451288063582,Normal
2015-12-11,LightGBM,120D,1,0.0470951163432571,0.039740982238513765,High
2015-12-14,LightGBM,120D,1,0.0436394439083865,0.031027063272647815,Normal
2015-12-15,LightGBM,120D,1,0.0363809657744268,0.030831010000548796,Normal
2015-12-16,LightGBM,120D,1,0.0202510945257618,0.03878926672102808,High
2015-12-17,LightGBM,120D,1,0.0261883387514721,0.036554636605414144,Normal
2015-12-18,LightGBM,120D,1,0.0359975349688694,0.02670558840121571,High
2015-12-21,LightGBM,120D,1,0.0264487231697412,0.02670558840121571,High
2015-12-22,LightGBM,120D,1,0.0158282185143621,0.03878926672102808,High
2015-12-23,LightGBM,120D,1,0.0066147150978537,0.03878926672102808,High
2015-12-24,LightGBM,120D,1,0.0049513463571084,0.03878926672102808,High
2015-12-28,LightGBM,120D,1,0.0129236655918372,0.03878926672102808,High
2015-12-29,LightGBM,120D,1,0.0050583920230241,0.03829452783191648,High
2015-12-30,LightGBM,120D,1,0.0106488618102269,0.03546451288063582,High
2015-12-31,LightGBM,120D,1,0.0333809139236497,0.03546451288063582,High
2016-01-04,LightGBM,120D,1,0.0122221629158731,0.0361270541826455,High
2016-01-05,LightGBM,120D,1,-0.0080502877351894,0.03815776803293913,High
2016-01-06,LightGBM,120D,1,0.0227659968715243,0.04169407828876234,High
2016-01-07,LightGBM,120D,1,0.063641056362123,0.02844074704925246,High
2016-01-08,LightGBM,120D,1,0.088012456957437,0.020990899365235422,High
2016-01-11,LightGBM,120D,1,0.0891062549546465,0.008533083246562417,High
2016-01-12,LightGBM,120D,1,0.0744627118512731,0.015320444299254615,High
2016-01-13,LightGBM,120D,1,0.1050837739874581,-0.01995167452608874,High
2016-01-14,LightGBM,120D,1,0.0876537551663411,-0.031667982767203506,High
2016-01-15,LightGBM,120D,1,0.124627714430496,-0.09113242066065694,High
2016-01-19,LightGBM,120D,1,0.1274988535550655,-0.026541472267131456,High
2016-01-20,LightGBM,120D,1,0.1462464618883094,-0.028906019997774153,High
2016-01-21,LightGBM,120D,1,0.141199231927343,-0.027295162189470753,High
2016-01-22,LightGBM,120D,1,0.1263639278468265,-0.09541527670211347,High
2016-01-25,LightGBM,120D,1,0.1411960939597767,-0.15566702632600848,High
2016-01-26,LightGBM,120D,1,0.1295303179512776,-0.15831420183601239,High
2016-01-27,LightGBM,120D,1,0.1390170357513906,-0.15991146807254447,High
2016-01-28,LightGBM,120D,1,0.1377648933495631,-0.15991146807254447,High
2016-01-29,LightGBM,120D,1,0.1096871724984815,-0.1706283544813817,High
2016-02-01,LightGBM,120D,1,0.1146741341335336,-0.17349672482786782,High
2016-02-02,LightGBM,120D,1,0.1305790841118354,-0.16702428016556659,High
2016-02-03,LightGBM,120D,1,0.1259221962509806,-0.15991146807254447,High
2016-02-04,LightGBM,120D,1,0.1231973670116485,-0.15991146807254447,High
2016-02-05,LightGBM,120D,1,0.1434564457360928,-0.15366797855464964,High
2016-02-08,LightGBM,120D,1,0.1593414837768079,-0.08262476049737719,High
2016-02-09,LightGBM,120D,1,0.158734730276077,0.0011799687280752479,High
2016-02-10,LightGBM,120D,1,0.1525417575941703,0.0011799687280752479,High
2016-02-11,LightGBM,120D,1,0.1680482476394977,0.031368904908118,High
2016-02-12,LightGBM,120D,1,0.1489307817319408,0.009764821858710996,High
2016-02-16,LightGBM,120D,1,0.141115741279636,-0.08833364314892478,High
2016-02-17,LightGBM,120D,1,0.123862053362453,-0.1548580514456174,High
2016-02-18,LightGBM,120D,1,0.1289284034729436,-0.15991146807254447,High
2016-02-19,LightGBM,120D,1,0.1260856396912573,-0.15871593324656322,High
2016-02-22,LightGBM,120D,1,0.1164583236946248,-0.1717534280181192,High
2016-02-23,LightGBM,120D,1,0.1281945378784992,-0.16782779311094417,High
2016-02-24,LightGBM,120D,1,0.1265535941383889,-0.1657268746678997,High
2016-02-25,LightGBM,120D,1,0.1097750851914601,-0.16368987754831818,High
2016-02-26,LightGBM,120D,1,0.1135137965271801,-0.16689619149391502,High
2016-02-29,LightGBM,120D,1,0.1238651293151345,-0.06578596094573856,High
2016-03-01,LightGBM,120D,1,0.0988354343447477,-0.08849111059585259,High
2016-03-02,LightGBM,120D,1,0.0941860026003227,-0.10006279534337925,High
2016-03-03,LightGBM,120D,1,0.0926432354583673,-0.1021517099084376,High
2016-03-04,LightGBM,120D,1,0.0840887403327538,-0.1021517099084376,High
2016-03-07,LightGBM,120D,1,0.0818379571352444,-0.07503155547763352,High
2016-03-08,LightGBM,120D,1,0.0915616489525374,-0.08469145220081509,High
2016-03-09,LightGBM,120D,1,0.0917364045983975,-0.035088248232657146,High
2016-03-10,LightGBM,120D,1,0.0896250203941523,-0.035088248232657146,High
2016-03-11,LightGBM,120D,1,0.0709837836997382,-0.0031533026456049334,Normal
2016-03-14,LightGBM,120D,1,0.0722041669269385,-0.0031533026456049334,Normal
2016-03-15,LightGBM,120D,1,0.0782350394602912,-0.07961782971972955,Normal
2016-03-16,LightGBM,120D,1,0.0756275539485165,-0.10045630560668403,Normal
2016-03-17,LightGBM,120D,1,0.0689075749416268,-0.07768484441840609,Normal
2016-03-18,LightGBM,120D,1,0.0622861194981306,-0.0542926006594177,Normal
2016-03-21,LightGBM,120D,1,0.0364732851830017,-0.08140949775418976,Normal
2016-03-22,LightGBM,120D,1,0.0519214453132084,-0.05736542780223901,Normal
2016-03-23,LightGBM,120D,1,0.0433862065656645,-0.10317346041427161,Normal
2016-03-24,LightGBM,120D,1,0.0431764989452286,-0.08968871430027159,Normal
2016-03-28,LightGBM,120D,1,0.052689908506596,-0.08968871430027159,Normal
2016-03-29,LightGBM,120D,1,0.0401324686567868,-0.08789704626581138,Normal
2016-03-30,LightGBM,120D,1,0.0357729854293958,-0.06515126094020936,Low
2016-03-31,LightGBM,120D,1,0.0381139212732507,-0.043293745895972416,Low
2016-04-01,LightGBM,120D,1,0.0426609625402868,-0.035014529349890564,Low
2016-04-04,LightGBM,120D,1,0.0523531945037834,-0.06274556353915788,Low
2016-04-05,LightGBM,120D,1,0.0567961999558592,-0.06979662263686467,Low
2016-04-06,LightGBM,120D,1,0.03771855190593,0.038913885601871444,Low
2016-04-07,LightGBM,120D,1,0.056190121041233,-0.05523072846577652,Normal
2016-04-08,LightGBM,120D,1,0.0586899950402592,-0.05523072846577652,Normal
2016-04-11,LightGBM,120D,1,0.0520684131997818,0.01111474168734648,Low
2016-04-12,LightGBM,120D,1,0.0503890519064194,0.03522711816985369,Low
2016-04-13,LightGBM,120D,1,0.0371329589563343,0.03522711816985369,Low
2016-04-14,LightGBM,120D,1,0.03199216473984,0.03522711816985369,Low
2016-04-15,LightGBM,120D,1,0.0372644205471829,0.03522711816985369,Low
2016-04-18,LightGBM,120D,1,0.0312261387859896,0.03522711816985369,Low
2016-04-19,LightGBM,120D,1,0.0248876134415088,0.03522711816985369,Low
2016-04-20,LightGBM,120D,1,0.0287216887095988,0.03522711816985369,Low
2016-04-21,LightGBM,120D,1,0.0214046738691347,0.03522711816985369,Low
2016-04-22,LightGBM,120D,1,0.0225027474959928,0.03522711816985369,Low
2016-04-25,LightGBM,120D,1,0.0212123607045218,0.03522711816985369,Low
2016-04-26,LightGBM,120D,1,0.019542944689406,0.03524674795024633,Low
2016-04-27,LightGBM,120D,1,0.0148523324658188,0.03524674795024633,Low
2016-04-28,LightGBM,120D,1,0.0302674741330793,0.03524674795024633,Low
2016-04-29,LightGBM,120D,1,0.037532995518987,0.03524674795024633,Low
2016-05-02,LightGBM,120D,1,0.028376717690362,0.03524674795024633,Low
2016-05-03,LightGBM,120D,1,0.0370070719386031,0.03539984172020108,Low
2016-05-04,LightGBM,120D,1,0.047700249291503,0.03539984172020108,Low
2016-05-05,LightGBM,120D,1,0.0441343285195908,0.03539984172020108,Low
2016-05-06,LightGBM,120D,1,0.039222790044851,0.03539984172020108,Low
2016-05-09,LightGBM,120D,1,0.0354783808312324,0.039526961853807295,Low
2016-05-10,LightGBM,120D,1,0.01995887545557,0.03539984172020108,Low
2016-05-11,LightGBM,120D,1,0.02944411444924,0.03539984172020108,Low
2016-05-12,LightGBM,120D,1,0.0228035746084694,0.03539984172020108,Low
2016-05-13,LightGBM,120D,1,0.0247711243167678,0.03539984172020108,Low
2016-05-16,LightGBM,120D,1,0.0105889349045457,0.03539984172020108,Low
2016-05-17,LightGBM,120D,1,0.0183772781850155,0.03539984172020108,Low
2016-05-18,LightGBM,120D,1,0.0401523202280791,0.03539984172020108,Low
2016-05-19,LightGBM,120D,1,0.0476307931479571,0.03539984172020108,Low
2016-05-20,LightGBM,120D,1,0.0526454538048088,0.03539984172020108,Low
2016-05-23,LightGBM,120D,1,0.0566819360890057,0.03539984172020108,Low
2016-05-24,LightGBM,120D,1,0.0416943702072181,0.03539984172020108,Normal
2016-05-25,LightGBM,120D,1,0.0346283310984513,0.03785504192409543,Normal
2016-05-26,LightGBM,120D,1,0.0422917521704694,0.03725075859964318,Normal
2016-05-27,LightGBM,120D,1,0.0364305407086539,0.03725075859964318,Normal
2016-05-31,LightGBM,120D,1,0.0421017786904416,0.03725075859964318,Normal
2016-06-01,LightGBM,120D,1,0.0385777286709671,0.03725075859964318,Low
2016-06-02,LightGBM,120D,1,0.0431907345748545,0.03785504192409543,Low
2016-06-03,LightGBM,120D,1,0.0482698879151424,0.03785504192409543,Low
2016-06-06,LightGBM,120D,1,0.0441922575526877,0.03785504192409543,Low
2016-06-07,LightGBM,120D,1,0.0468103875369139,0.040544980240243514,Low
2016-06-08,LightGBM,120D,1,0.0382378963102239,0.042156405521490886,Low
2016-06-09,LightGBM,120D,1,0.0412915342613796,0.042156405521490886,Low
2016-06-10,LightGBM,120D,1,0.0478521361163893,0.03805497560224773,Low
2016-06-13,LightGBM,120D,1,0.0524787119393349,0.02750045042985182,Low
2016-06-14,LightGBM,120D,1,0.0546761447313915,0.03597360253030102,Low
2016-06-15,LightGBM,120D,1,0.0623229807219455,0.03874679920240764,Low
2016-06-16,LightGBM,120D,1,0.0625999720797743,0.03829846027314407,Low
2016-06-17,LightGBM,120D,1,0.0789406149691067,0.03874679920240764,Low
2016-06-20,LightGBM,120D,1,0.0753062472075547,0.03829846027314407,Low
2016-06-21,LightGBM,120D,1,0.0785192751363147,0.03829846027314407,Low
2016-06-22,LightGBM,120D,1,0.079034121842291,0.03619904557473566,Low
2016-06-23,LightGBM,120D,1,0.0722770379715729,0.023087870000621853,Low
2016-06-24,LightGBM,120D,1,0.100707535315297,0.04738624655870244,Normal
2016-06-27,LightGBM,120D,1,0.1228454895145533,0.02529836211725512,Normal
2016-06-28,LightGBM,120D,1,0.1034792111594852,0.021835903192690853,High
2016-06-29,LightGBM,120D,1,0.0885631409034424,0.035978881550140056,High
2016-06-30,LightGBM,120D,1,0.0787201901551292,0.035978881550140056,High
2016-07-01,LightGBM,120D,1,0.0743130981374196,0.0357452330323978,High
2016-07-05,LightGBM,120D,1,0.0793194159006217,0.0357452330323978,High
2016-07-06,LightGBM,120D,1,0.0752316613774247,0.0357452330323978,High
2016-07-07,LightGBM,120D,1,0.0783494681687065,0.0357452330323978,High
2016-07-08,LightGBM,120D,2,0.0548196408929428,0.031431966188977103,High
2016-07-11,LightGBM,120D,2,0.051123473849076,0.033618007720141035,High
2016-07-12,LightGBM,120D,2,0.0394907968448761,0.03935471293583483,High
2016-07-13,LightGBM,120D,2,0.0478068049230514,0.03868407981954292,High
2016-07-14,LightGBM,120D,2,0.0482673458919038,0.03868407981954292,High
2016-07-15,LightGBM,120D,2,0.0484257573492938,0.03868407981954292,High
2016-07-18,LightGBM,120D,2,0.0495570847080042,0.03868407981954292,High
2016-07-19,LightGBM,120D,2,0.04743838373686,0.033542353575144054,High
2016-07-20,LightGBM,120D,2,0.043177175421096,0.033542353575144054,High
2016-07-21,LightGBM,120D,2,0.0496218876667229,0.034212986691435965,High
2016-07-22,LightGBM,120D,2,0.0429311484834829,0.02780564835945032,High
2016-07-25,LightGBM,120D,2,0.0477952986185594,0.03215737773352408,Normal
2016-07-26,LightGBM,120D,2,0.0445006520016216,0.03215737773352408,Normal
2016-07-27,LightGBM,120D,2,0.0474621134182397,0.03148674461723217,Low
2016-07-28,LightGBM,120D,2,0.0422413553458279,0.03319447065858752,Low
2016-07-29,LightGBM,120D,2,0.04397195928947,0.04237771357357863,Low
2016-08-01,LightGBM,120D,2,0.0425488037908914,0.037311641474176725,Low
2016-08-02,LightGBM,120D,2,0.0554738851325214,0.03386510377487943,Low
2016-08-03,LightGBM,120D,2,0.0603388952124188,0.02745776544289378,Low
2016-08-04,LightGBM,120D,2,0.0593906909776669,0.02745776544289378,Low
2016-08-05,LightGBM,120D,2,0.0499571541985452,0.04393885653290849,Low
2016-08-08,LightGBM,120D,2,0.0448370579939901,0.044609489649200404,Low
2016-08-09,LightGBM,120D,2,0.0435570383994015,0.04309408123432832,Low
2016-08-10,LightGBM,120D,2,0.046724154451006,0.03391083831933724,Low
2016-08-11,LightGBM,120D,2,0.0425708861872533,0.04698342197581361,Low
2016-08-12,LightGBM,120D,2,0.050605746428721,0.04242344811803641,Low
2016-08-15,LightGBM,120D,2,0.0456991326204902,0.04934058663076142,Low
2016-08-16,LightGBM,120D,2,0.0514200783008143,0.04309408123432832,Low
2016-08-17,LightGBM,120D,2,0.0502463144432683,0.04242344811803641,Low
2016-08-18,LightGBM,120D,2,0.053785176482846,0.03324020520304533,Low
2016-08-19,LightGBM,120D,2,0.0587861928736235,0.03324020520304533,Low
2016-08-22,LightGBM,120D,2,0.0645818083409579,0.03391083831933724,Low
2016-08-23,LightGBM,120D,2,0.0666312683582688,0.03391083831933724,Low
2016-08-24,LightGBM,120D,2,0.0768652122836752,0.03391083831933724,Low
2016-08-25,LightGBM,120D,2,0.0773668810787704,0.03391083831933724,Low
2016-08-26,LightGBM,120D,2,0.0806240946447208,0.03391083831933724,Low
2016-08-29,LightGBM,120D,2,0.0814395162361157,0.03324020520304533,Low
2016-08-30,LightGBM,120D,2,0.0823123214964343,0.03391083831933724,Low
2016-08-31,LightGBM,120D,2,0.0851099115732561,0.03391083831933724,Low
2016-09-01,LightGBM,120D,2,0.0866435471946991,0.03391083831933724,Low
2016-09-02,LightGBM,120D,2,0.0834687708633984,0.03324020520304533,Low
2016-09-06,LightGBM,120D,2,0.0779098223781981,0.03391083831933724,Low
2016-09-07,LightGBM,120D,2,0.0916374294002167,0.03324020520304533,Low
2016-09-08,LightGBM,120D,2,0.0879858006205819,0.03391083831933724,Low
2016-09-09,LightGBM,120D,2,0.1133172933999531,0.023885397820988325,Low
2016-09-12,LightGBM,120D,2,0.0954642834029529,0.014365123116961444,Normal
2016-09-13,LightGBM,120D,2,0.1074884057790739,0.023885397820988325,Normal
2016-09-14,LightGBM,120D,2,0.105789427214823,0.021025952523000196,Normal
2016-09-15,LightGBM,120D,2,0.0965304863781493,0.021375185688678213,Normal
2016-09-16,LightGBM,120D,2,0.1035732538795801,0.0206674885730782,Normal
2016-09-19,LightGBM,120D,2,0.1039584227325743,0.02490526410295825,Normal
2016-09-20,LightGBM,120D,2,0.1002745802674493,0.031371063458651545,Normal
2016-09-21,LightGBM,120D,2,0.0977564590584997,0.051271904898182695,Normal
2016-09-22,LightGBM,120D,2,0.089649672341674,0.05145734973509343,Normal
2016-09-23,LightGBM,120D,2,0.0940877860371614,0.033785389922423824,Normal
2016-09-26,LightGBM,120D,2,0.1007007200746971,0.035840998880335706,Normal
2016-09-27,LightGBM,120D,2,0.0817916303192969,0.035170365764043796,Normal
2016-09-28,LightGBM,120D,2,0.078397156563117,0.035170365764043796,Normal
2016-09-29,LightGBM,120D,2,0.0867014521483683,0.035840998880335706,Normal
2016-09-30,LightGBM,120D,2,0.0779207073464022,0.035170365764043796,Normal
2016-10-03,LightGBM,120D,2,0.0801666229420837,0.0405410445568173,Normal
2016-10-04,LightGBM,120D,2,0.0923598135580695,0.0405410445568173,Normal
2016-10-05,LightGBM,120D,2,0.0891570635307028,0.04416823947796371,Normal
2016-10-06,LightGBM,120D,2,0.0916064305898032,0.04416823947796371,Normal
2016-10-07,LightGBM,120D,2,0.0926076240931506,0.04278326363634374,Normal
2016-10-10,LightGBM,120D,2,0.086368818467813,0.037814802482613506,Normal
2016-10-11,LightGBM,120D,2,0.0994527622402301,0.033785389922423824,Low
2016-10-12,LightGBM,120D,2,0.095247293222309,0.033785389922423824,Low
2016-10-13,LightGBM,120D,2,0.1002790199282782,0.032765523640453896,Low
2016-10-14,LightGBM,120D,2,0.0992499633062122,0.030255311508143836,Low
2016-10-17,LightGBM,120D,2,0.1029800315538355,0.033785389922423824,Low
2016-10-18,LightGBM,120D,2,0.0954036176561787,0.03311475680613191,Low
2016-10-19,LightGBM,120D,2,0.0894470080818413,0.03311475680613191,Low
2016-10-20,LightGBM,120D,2,0.083985658923418,0.03311475680613191,Low
2016-10-21,LightGBM,120D,2,0.0926462697546798,0.03311475680613191,Low
2016-10-24,LightGBM,120D,2,0.0850000722614192,0.03482248284748726,Low
2016-10-25,LightGBM,120D,2,0.087087204329257,0.03549311596377917,Low
2016-10-26,LightGBM,120D,2,0.0963579826134181,0.03549311596377917,Low
2016-10-27,LightGBM,120D,2,0.0963094904123115,0.03549311596377917,Low
2016-10-28,LightGBM,120D,2,0.1102043671400483,0.03549311596377917,Low
2016-10-31,LightGBM,120D,2,0.1163988652359981,0.034473249681809245,Low
2016-11-01,LightGBM,120D,2,0.1227230628690458,0.03161380438382112,Low
2016-11-02,LightGBM,120D,2,0.1298227143227991,0.030301463765596823,Low
2016-11-03,LightGBM,120D,2,0.1323409478739185,0.03607929046895919,Low
2016-11-04,LightGBM,120D,2,0.1357392599725053,0.037964354626481,Low
2016-11-07,LightGBM,120D,2,0.1149474038288517,0.028706182919923467,Normal
2016-11-08,LightGBM,120D,2,0.1099103560358668,0.032633478123092356,Low
2016-11-09,LightGBM,120D,2,0.0994761694440803,0.03298271128877037,Low
2016-11-10,LightGBM,120D,2,0.1016076831354634,0.04964221571390014,Low
2016-11-11,LightGBM,120D,2,0.1030440567551689,0.048971582597608226,Low
2016-11-14,LightGBM,120D,2,0.1021337916555589,0.03651278970305043,Low
2016-11-15,LightGBM,120D,2,0.0958107993509191,0.03584215658675852,Low
2016-11-16,LightGBM,120D,2,0.0952291644991884,0.031371063458651545,Low
2016-11-17,LightGBM,120D,2,0.0890841597971964,0.03221583875723172,Low
2016-11-18,LightGBM,120D,2,0.0962389534657599,0.030700430342359652,Low
2016-11-21,LightGBM,120D,2,0.0881181183579002,0.0373575650016306,Normal
2016-11-22,LightGBM,120D,2,0.0676095590831918,0.03288647187352363,Normal
2016-11-23,LightGBM,120D,2,0.0704818995534991,0.03802819811792251,Low
2016-11-25,LightGBM,120D,2,0.0733198571482759,0.03795254397292553,Low
2016-11-28,LightGBM,120D,2,0.0837351096990196,0.03862317708921744,Normal
2016-11-29,LightGBM,120D,2,0.0842368925181381,0.03795254397292553,Low
2016-11-30,LightGBM,120D,2,0.0893798568778708,0.03862317708921744,Low
2016-12-01,LightGBM,120D,2,0.0973336918866129,0.03862317708921744,Low
2016-12-02,LightGBM,120D,2,0.0972472659518307,0.03862317708921744,Low
2016-12-05,LightGBM,120D,2,0.0902374882955531,0.04036687043669781,Low
2016-12-06,LightGBM,120D,2,0.0863723292067272,0.045834916832800984,Low
2016-12-07,LightGBM,120D,2,0.0808375660468511,0.05688482955266387,Low
2016-12-08,LightGBM,120D,2,0.0823814256480261,0.06606807246765499,Low
2016-12-09,LightGBM,120D,2,0.0752415999746277,0.05621419643637196,Low
2016-12-12,LightGBM,120D,2,0.073596773599023,0.05688482955266387,Low
2016-12-13,LightGBM,120D,2,0.0686453191941336,0.06606807246765499,Low
2016-12-14,LightGBM,120D,2,0.0770627836916571,0.051743103308264995,Low
2016-12-15,LightGBM,120D,2,0.072356742137916,0.051072470191973085,Low
2016-12-16,LightGBM,120D,2,0.0731296564091782,0.04533576497627926,Low
2016-12-19,LightGBM,120D,2,0.0756578425371972,0.051072470191973085,Low
2016-12-20,LightGBM,120D,2,0.0710306031707268,0.060255713106964155,Low
2016-12-21,LightGBM,120D,2,0.071248879098564,0.04533576497627926,Low
2016-12-22,LightGBM,120D,2,0.0733971894710203,0.04600639809257117,Low
2016-12-23,LightGBM,120D,2,0.0804588401428351,0.04600639809257117,Low
2016-12-27,LightGBM,120D,2,0.0714938307913548,0.04600639809257117,Low
2016-12-28,LightGBM,120D,2,0.0793026573078545,0.04600639809257117,Low
2016-12-29,LightGBM,120D,2,0.0791401190672848,0.04600639809257117,Low
2016-12-30,LightGBM,120D,2,0.0853476523195481,0.04600639809257117,Low
2017-01-03,LightGBM,120D,2,0.0772126375061235,0.04533576497627926,Low
2017-01-04,LightGBM,120D,2,0.0634010871599011,0.04533576497627926,Low
2017-01-05,LightGBM,120D,2,0.0729415564089336,0.04533576497627926,Low
2017-01-06,LightGBM,120D,2,0.0607935503842131,0.05300359947639825,Low
2017-01-09,LightGBM,120D,2,0.0658805134666462,0.05881595883708905,Low
2017-01-10,LightGBM,120D,2,0.068188681445794,0.05367423259269016,Low
2017-01-11,LightGBM,120D,2,0.0668152630929806,0.05300359947639825,Low
2017-01-12,LightGBM,120D,2,0.059549388179844,0.05823420645046737,Low
2017-01-13,LightGBM,120D,2,0.0640839693543129,0.0538356482957286,Low
2017-01-17,LightGBM,120D,2,0.0679832199140441,0.05450628141202051,Low
2017-01-18,LightGBM,120D,2,0.0654380323781526,0.05450628141202051,Low
2017-01-19,LightGBM,120D,2,0.0763329209502931,0.05450628141202051,Low
2017-01-20,LightGBM,120D,2,0.0748451663624665,0.0538356482957286,Low
2017-01-23,LightGBM,120D,2,0.0822015321785455,0.05450628141202051,Low
2017-01-24,LightGBM,120D,2,0.0756054774128763,0.05300359947639825,Low
2017-01-25,LightGBM,120D,2,0.0682091033150185,0.05925010487283136,Low
2017-01-26,LightGBM,120D,2,0.0743030164663353,0.06439183111723029,Low
2017-01-27,LightGBM,120D,2,0.0750161848674697,0.0622681952233257,Low
2017-01-30,LightGBM,120D,2,0.0806759190343575,0.05992073798912327,Low
2017-01-31,LightGBM,120D,2,0.0805019196469813,0.05992073798912327,Low
2017-02-01,LightGBM,120D,2,0.083122508178763,0.06008215369216171,Low
2017-02-02,LightGBM,120D,2,0.0828349853461913,0.06075278680845362,Low
2017-02-03,LightGBM,120D,2,0.0746233268542439,0.06008215369216171,Low
2017-02-06,LightGBM,120D,2,0.075398908689837,0.06075278680845362,Low
2017-02-07,LightGBM,120D,2,0.0744436943914314,0.0538356482957286,Low
2017-02-08,LightGBM,120D,2,0.0761967330177601,0.05450628141202051,Low
2017-02-09,LightGBM,120D,2,0.0709531966891476,0.0538356482957286,Low
2017-02-10,LightGBM,120D,2,0.0652074480321926,0.060581663684669794,Low
2017-02-13,LightGBM,120D,2,0.0618626358657208,0.06572338992906873,Low
2017-02-14,LightGBM,120D,2,0.0595091533143285,0.06673928835143275,Low
2017-02-15,LightGBM,120D,2,0.0521119124182087,0.07314662668341848,Low
2017-02-16,LightGBM,120D,2,0.0526127292270466,0.07247599356712658,Low
2017-02-17,LightGBM,120D,2,0.0363553614990677,0.07078946202847067,Low
2017-02-21,LightGBM,120D,2,0.0316002686069859,0.07314662668341848,Low
2017-02-22,LightGBM,120D,2,0.0426767059998393,0.06800490043901958,Low
2017-02-23,LightGBM,120D,2,0.0417588747016968,0.060581663684669794,Low
2017-02-24,LightGBM,120D,2,0.0416857199929973,0.061597562107033786,Low
2017-02-27,LightGBM,120D,2,0.0251109122380723,0.0622681952233257,Low
2017-02-28,LightGBM,120D,2,0.0258555646919152,0.06800490043901958,Low
2017-03-01,LightGBM,120D,2,0.013436329322756,0.07247599356712658,Low
2017-03-02,LightGBM,120D,2,0.0292051415554865,0.06650221850339734,Low
2017-03-03,LightGBM,120D,2,0.0252418210543125,0.06650221850339734,Low
2017-03-06,LightGBM,120D,2,0.0264478270707399,0.06717285161968924,Low
2017-03-07,LightGBM,120D,2,0.0310369246417673,0.060926346223256066,Low
2017-03-08,LightGBM,120D,2,0.0338107060791273,0.04600639809257117,Low
2017-03-09,LightGBM,120D,2,0.0338535972283708,0.04600639809257117,Low
2017-03-10,LightGBM,120D,2,0.0351947893105732,0.04533576497627926,Low
2017-03-13,LightGBM,120D,2,0.040532897276117,0.04533576497627926,Low
2017-03-14,LightGBM,120D,2,0.0458982242993432,0.04449098967769909,Low
2017-03-15,LightGBM,120D,2,0.029978886622512,0.04533576497627926,Low
2017-03-16,LightGBM,120D,2,0.0347307639148396,0.04382035656140718,Low
2017-03-17,LightGBM,120D,2,0.0358674911342175,0.04449098967769909,Low
2017-03-20,LightGBM,120D,2,0.0363894470711402,0.04449098967769909,Low
2017-03-21,LightGBM,120D,2,0.0596560168583893,0.04449098967769909,Low
2017-03-22,LightGBM,120D,2,0.0611262166058098,0.04449098967769909,Low
2017-03-23,LightGBM,120D,2,0.0629438829987224,0.04449098967769909,Low
2017-03-24,LightGBM,120D,2,0.062686911361833,0.04382035656140718,Low
2017-03-27,LightGBM,120D,2,0.0655524964938378,0.04382035656140718,Low
2017-03-28,LightGBM,120D,2,0.0597820495933434,0.04382035656140718,Low
2017-03-29,LightGBM,120D,2,0.0598068930062445,0.04382035656140718,Low
2017-03-30,LightGBM,120D,2,0.057510228796849,0.04449098967769909,Low
2017-03-31,LightGBM,120D,2,0.0567172567882009,0.04449098967769909,Low
2017-04-03,LightGBM,120D,2,0.0590083160913812,0.04449098967769909,Low
2017-04-04,LightGBM,120D,2,0.0562244273168662,0.04382035656140718,Low
2017-04-05,LightGBM,120D,2,0.0593561282542834,0.04449098967769909,Low
2017-04-06,LightGBM,120D,2,0.0615053003625362,0.04382035656140718,Low
2017-04-07,LightGBM,120D,2,0.063536663454419,0.04449098967769909,Low
2017-04-10,LightGBM,120D,2,0.0665474763871345,0.04449098967769909,Low
2017-04-11,LightGBM,120D,2,0.0718489035088052,0.04449098967769909,Low
2017-04-12,LightGBM,120D,2,0.077772452112453,0.04532303849702944,Low
2017-04-13,LightGBM,120D,2,0.0858564160633709,0.04532303849702944,Low
2017-04-17,LightGBM,120D,2,0.0829108544035563,0.04382035656140718,Low
2017-04-18,LightGBM,120D,2,0.0847442460841498,0.04382035656140718,Low
2017-04-19,LightGBM,120D,2,0.0846560076130049,0.04532303849702944,Low
2017-04-20,LightGBM,120D,2,0.0794468768805091,0.04465240538073753,Low
2017-04-21,LightGBM,120D,2,0.084288447917288,0.04532303849702944,Low
2017-04-24,LightGBM,120D,2,0.0718185342088248,0.04382035656140718,Low
2017-04-25,LightGBM,120D,2,0.0666240420019199,0.05047749122067815,Low
2017-04-26,LightGBM,120D,2,0.068859086009913,0.04963271592209797,Low
2017-04-27,LightGBM,120D,2,0.0689786719150479,0.04896208280580606,Low
2017-04-28,LightGBM,120D,2,0.0716357108978673,0.04963271592209797,Low
2017-05-01,LightGBM,120D,2,0.070232863185984,0.04382035656140718,Low
2017-05-02,LightGBM,120D,2,0.0741483157852029,0.04449098967769909,Low
2017-05-03,LightGBM,120D,2,0.0714400898680332,0.04449098967769909,Low
2017-05-04,LightGBM,120D,2,0.0724747574547217,0.04382035656140718,Low
2017-05-05,LightGBM,120D,2,0.0637204423599832,0.04449098967769909,Low
2017-05-08,LightGBM,120D,2,0.0649531363386776,0.04382035656140718,Low
2017-05-09,LightGBM,120D,2,0.0740195208751979,0.04449098967769909,Low
2017-05-10,LightGBM,120D,2,0.0696919807810075,0.04600639809257117,Low
2017-05-11,LightGBM,120D,2,0.0728011450917936,0.04600639809257117,Low
2017-05-12,LightGBM,120D,2,0.0758715245404917,0.04616781379560961,Low
2017-05-15,LightGBM,120D,2,0.0712963300071433,0.04683844691190152,Low
2017-05-16,LightGBM,120D,2,0.0750757523704437,0.04683844691190152,Low
2017-05-17,LightGBM,120D,2,0.0946916644263351,0.04278326363634374,Low
2017-05-18,LightGBM,120D,2,0.0908225049940373,0.03510256794833507,Low
2017-05-19,LightGBM,120D,2,0.085520415717897,0.042112630520051826,Low
2017-05-22,LightGBM,120D,2,0.0766045710825185,0.04382035656140718,Low
2017-05-23,LightGBM,120D,2,0.0738703389340843,0.04382035656140718,Low
2017-05-24,LightGBM,120D,2,0.0723674560408011,0.045394940392217926,Low
2017-05-25,LightGBM,120D,2,0.0656230634385411,0.04963271592209797,Low
2017-05-26,LightGBM,120D,2,0.0597715629111149,0.04896208280580606,Low
2017-05-30,LightGBM,120D,2,0.0691395664236211,0.04449098967769909,Low
2017-05-31,LightGBM,120D,2,0.0669702240646751,0.04449098967769909,Low
2017-06-01,LightGBM,120D,2,0.060702498368618,0.04382035656140718,Low
2017-06-02,LightGBM,120D,2,0.0635214626303244,0.04533576497627926,Low
2017-06-05,LightGBM,120D,2,0.0639893270674236,0.04449098967769909,Low
2017-06-06,LightGBM,120D,2,0.0688262200118597,0.04449098967769909,Low
2017-06-07,LightGBM,120D,2,0.0668748596287088,0.04449098967769909,Low
2017-06-08,LightGBM,120D,2,0.0764080227898377,0.04382035656140718,Low
2017-06-09,LightGBM,120D,2,0.0768690627732342,0.04449098967769909,Low
2017-06-12,LightGBM,120D,2,0.0860058919157635,0.04449098967769909,Low
2017-06-13,LightGBM,120D,2,0.079477950136728,0.04382035656140718,Low
2017-06-14,LightGBM,120D,2,0.0794215665527591,0.04449098967769909,Low
2017-06-15,LightGBM,120D,2,0.0779172858236442,0.04683844691190152,Low
2017-06-16,LightGBM,120D,2,0.0775195745030542,0.04616781379560961,Low
2017-06-19,LightGBM,120D,2,0.0721350583062694,0.04683844691190152,Low
2017-06-20,LightGBM,120D,2,0.0843454207887192,0.04532303849702944,Low
2017-06-21,LightGBM,120D,2,0.0881250771036869,0.04465240538073753,Low
2017-06-22,LightGBM,120D,2,0.0901286867982143,0.04465240538073753,Low
2017-06-23,LightGBM,120D,2,0.0880959192726552,0.04465240538073753,Low
2017-06-26,LightGBM,120D,2,0.0837009996021602,0.04465240538073753,Low
2017-06-27,LightGBM,120D,2,0.1007408995879757,0.04532303849702944,Low
2017-06-28,LightGBM,120D,2,0.0973198765210222,0.04382035656140718,Low
2017-06-29,LightGBM,120D,2,0.1027215953220452,0.04449098967769909,Low
2017-06-30,LightGBM,120D,2,0.1003613016375989,0.04382035656140718,Low
2017-07-03,LightGBM,120D,2,0.1000368206711096,0.04449098967769909,Low
2017-07-05,LightGBM,120D,2,0.0981263249967072,0.04382035656140718,Low
2017-07-06,LightGBM,120D,2,0.1064803366035148,0.04449098967769909,Low
2017-07-07,LightGBM,120D,2,0.1008882523441415,0.04382035656140718,Low
2017-07-10,LightGBM,120D,2,0.1017932352435483,0.04382035656140718,Low
2017-07-11,LightGBM,120D,2,0.0973795900168823,0.04382035656140718,Low
2017-07-12,LightGBM,120D,2,0.098369617287459,0.04382035656140718,Low
2017-07-13,LightGBM,120D,2,0.1028752210579219,0.04896208280580606,Low
2017-07-14,LightGBM,120D,2,0.1022331477432396,0.04896208280580606,Low
2017-07-17,LightGBM,120D,2,0.1092952078685318,0.04963271592209797,Low
2017-07-18,LightGBM,120D,2,0.1103584929377178,0.04963271592209797,Low
2017-07-19,LightGBM,120D,2,0.1063023182389626,0.04382035656140718,Low
2017-07-20,LightGBM,120D,2,0.1053431435160489,0.04382035656140718,Low
2017-07-21,LightGBM,120D,2,0.1127201086141397,0.04382035656140718,Low
2017-07-24,LightGBM,120D,2,0.1205113360086427,0.04449098967769909,Low
2017-07-25,LightGBM,120D,2,0.114061715227142,0.04449098967769909,Low
2017-07-26,LightGBM,120D,2,0.1231500974275248,0.04600639809257117,Low
2017-07-27,LightGBM,120D,2,0.1225055615674448,0.04449098967769909,Low
2017-07-28,LightGBM,120D,2,0.128223225232551,0.04683844691190152,Low
2017-07-31,LightGBM,120D,2,0.136986000449324,0.04532303849702944,Low
2017-08-01,LightGBM,120D,2,0.1367118846426079,0.04616781379560961,Low
2017-08-02,LightGBM,120D,2,0.1356592246880283,0.04532303849702944,Low
2017-08-03,LightGBM,120D,2,0.1384477059218071,0.04683844691190152,Low
2017-08-04,LightGBM,120D,2,0.1483320226103518,0.04616781379560961,Low
2017-08-07,LightGBM,120D,3,0.1399314416812084,0.07010467765433367,Low
2017-08-08,LightGBM,120D,3,0.1313901511062567,0.06155150164777728,Low
2017-08-09,LightGBM,120D,3,0.1322426917576639,0.057176130724687226,Low
2017-08-10,LightGBM,120D,3,0.1461746118063819,0.05433854117983826,Low
2017-08-11,LightGBM,120D,3,0.1234631741616959,0.04973687064494189,Low
2017-08-14,LightGBM,120D,3,0.0716269819772651,0.050090478368514525,Low
2017-08-15,LightGBM,120D,3,0.0894164876530856,0.04841095408984625,Low
2017-08-16,LightGBM,120D,3,0.0829832539060009,0.046677804178912756,Low
2017-08-17,LightGBM,120D,3,0.0602815441473906,0.04604641546521971,Low
2017-08-18,LightGBM,120D,3,0.076944243008267,0.03800319322305329,Low
2017-08-21,LightGBM,120D,3,0.0896009329718869,0.04238280725096709,Low
2017-08-22,LightGBM,120D,3,0.0823187596915393,0.04342657799129763,Low
2017-08-23,LightGBM,120D,3,0.0990917696330754,0.04475936806479656,Low
2017-08-24,LightGBM,120D,3,0.1131652481569891,0.0457415132459177,Low
2017-08-25,LightGBM,120D,3,0.1118671761379732,0.04389570885311908,Low
2017-08-28,LightGBM,120D,3,0.1055217055578397,0.04475936806479656,Low
2017-08-29,LightGBM,120D,3,0.0991675743125192,0.04233212033819888,Low
2017-08-30,LightGBM,120D,3,0.0955361200100361,0.038858090607998594,Low
2017-08-31,LightGBM,120D,3,0.1057327246704436,0.04988523332482683,Low
2017-09-01,LightGBM,120D,3,0.1154405852487358,0.04640060122133771,Low
2017-09-05,LightGBM,120D,3,0.1102317323594131,0.04907950350766913,Low
2017-09-06,LightGBM,120D,3,0.095950083782613,0.04389570885311908,Low
2017-09-07,LightGBM,120D,3,0.0827145699725902,0.04259800923221191,Low
2017-09-08,LightGBM,120D,3,0.0892633156012466,0.04508564906587694,Low
2017-09-11,LightGBM,120D,3,0.089453958014626,0.043920926005916086,Low
2017-09-12,LightGBM,120D,3,0.0887310383517395,0.04445134891917827,Low
2017-09-13,LightGBM,120D,3,0.0874902122779407,0.0469566115646321,Low
2017-09-14,LightGBM,120D,3,0.0930446843376534,0.04475936806479656,Low
2017-09-15,LightGBM,120D,3,0.1084287535327017,0.05770978893684053,Low
2017-09-18,LightGBM,120D,3,0.1056990942655738,0.06615608579578985,Low
2017-09-19,LightGBM,120D,3,0.0982056042345278,0.06532058245640639,Low
2017-09-20,LightGBM,120D,3,0.0918304877070294,0.0676608834721845,Low
2017-09-21,LightGBM,120D,3,0.0940988172548478,0.05897361585405903,Low
2017-09-22,LightGBM,120D,3,0.0951532312069125,0.06885264735381662,Low
2017-09-25,LightGBM,120D,3,0.083071713365393,0.0646196067901328,Low
2017-09-26,LightGBM,120D,3,0.0844802579012169,0.0733624111279367,Low
2017-09-27,LightGBM,120D,3,0.0785577433735997,0.054398193890462264,Low
2017-09-28,LightGBM,120D,3,0.0518689657718073,0.052249538749972534,Low
2017-09-29,LightGBM,120D,3,0.0269808953915578,0.058089347743465844,Low
2017-10-02,LightGBM,120D,3,0.0499094172678808,0.07452474845005848,Low
2017-10-03,LightGBM,120D,3,0.030325620437898,0.07897304376087395,Low
2017-10-04,LightGBM,120D,3,0.0261587578773218,0.07115228752414234,Low
2017-10-05,LightGBM,120D,3,0.0342036313398726,0.08451573299621978,Low
2017-10-06,LightGBM,120D,3,0.0126871601616165,0.07064706339838542,Low
2017-10-09,LightGBM,120D,3,0.0270291853453714,0.06147265886271506,Low
2017-10-10,LightGBM,120D,3,0.0362095680613399,0.06223992179032514,Low
2017-10-11,LightGBM,120D,3,0.0412471065333276,0.05565022419097933,Low
2017-10-12,LightGBM,120D,3,0.0207712165966141,0.06155150164777728,Low
2017-10-13,LightGBM,120D,3,0.0232244895593608,0.05903353531022854,Low
2017-10-16,LightGBM,120D,3,0.038063866023369,0.07226603648691832,Low
2017-10-17,LightGBM,120D,3,0.0318508273454738,0.07226603648691832,Low
2017-10-18,LightGBM,120D,3,0.0393256665318013,0.07209647509090507,Low
2017-10-19,LightGBM,120D,3,0.0361069225900841,0.07226603648691832,Low
2017-10-20,LightGBM,120D,3,0.0390794632066169,0.05807664405137094,Low
2017-10-23,LightGBM,120D,3,0.0536649301334808,0.06155150164777728,Low
2017-10-24,LightGBM,120D,3,0.0528793496664756,0.06258640782549105,Low
2017-10-25,LightGBM,120D,3,0.051810723557903,0.0604377526850013,Low
2017-10-26,LightGBM,120D,3,0.0419674071189481,0.06258640782549105,Low
2017-10-27,LightGBM,120D,3,0.0339830272504056,0.05856440444840709,Low
2017-10-30,LightGBM,120D,3,0.0237097166206711,0.05848962948850893,Low
2017-10-31,LightGBM,120D,3,0.0246010779168154,0.057085412113736154,Low
2017-11-01,LightGBM,120D,3,0.0333903779962884,0.059603378451284904,Low
2017-11-02,LightGBM,120D,3,0.0343134354979856,0.054936756973246424,Low
2017-11-03,LightGBM,120D,3,0.02299995362275,0.06252060091016778,Low
2017-11-06,LightGBM,120D,3,0.024275311909001,0.07810150702839304,Low
2017-11-07,LightGBM,120D,3,0.0172324815126806,0.07320625165992678,Low
2017-11-08,LightGBM,120D,3,0.0135336499955562,0.06973139406352047,Low
2017-11-09,LightGBM,120D,3,0.0300324413632614,0.059603378451284904,Low
2017-11-10,LightGBM,120D,3,0.034382468894305,0.06607347342543021,Low
2017-11-13,LightGBM,120D,3,0.033133641371278,0.06607347342543021,Low
2017-11-14,LightGBM,120D,3,0.0450815698664288,0.0673869721892519,Low
2017-11-15,LightGBM,120D,3,0.0599495802124009,0.06063828462899866,Low
2017-11-16,LightGBM,120D,3,0.0534930667003897,0.060313737624353235,Low
2017-11-17,LightGBM,120D,3,0.0570055831894136,0.0604334142329827,Low
2017-11-20,LightGBM,120D,3,0.0488650582566329,0.06252060091016778,Low
2017-11-21,LightGBM,120D,3,0.0463975592243946,0.05359659510056447,Low
2017-11-22,LightGBM,120D,3,0.0462918631391141,0.0726425463243601,Low
2017-11-24,LightGBM,120D,3,0.0416022136063316,0.06341757271285588,Low
2017-11-27,LightGBM,120D,3,0.0493461497410682,0.06175777514534981,Low
2017-11-28,LightGBM,120D,3,0.0364051289513994,0.07676180286051988,Low
2017-11-29,LightGBM,120D,3,0.040017568041089,0.07629954428000625,Low
2017-11-30,LightGBM,120D,3,0.0298347184205552,0.0776034004875686,Low
2017-12-01,LightGBM,120D,3,0.0295012983021747,0.07353147475489026,Low
2017-12-04,LightGBM,120D,3,0.018922436339669,0.0745179210234555,Low
2017-12-05,LightGBM,120D,3,0.035284702217548,0.055575146879655826,Low
2017-12-06,LightGBM,120D,3,0.0284954811446442,0.04598308162811864,Low
2017-12-07,LightGBM,120D,3,0.0363582138437746,0.051931212462027455,Low
2017-12-08,LightGBM,120D,3,0.0353366067066089,0.054139958956899,Low
2017-12-11,LightGBM,120D,3,0.0328421108544885,0.054139958956899,Low
2017-12-12,LightGBM,120D,3,0.0398252877697111,0.06439983874611697,Low
2017-12-13,LightGBM,120D,3,0.0395839131178768,0.06674824368765242,Low
2017-12-14,LightGBM,120D,3,0.0467841097563907,0.07017170434201887,Low
2017-12-15,LightGBM,120D,3,0.0389179333531882,0.07613980230234792,Low
2017-12-18,LightGBM,120D,3,0.0353113220522946,0.07547241668301842,Low
2017-12-19,LightGBM,120D,3,0.0345125655540016,0.0769853182851704,Low
2017-12-20,LightGBM,120D,3,0.0378093021500779,0.06425804123423744,Low
2017-12-21,LightGBM,120D,3,0.0348079948219254,0.0758588656302995,Low
2017-12-22,LightGBM,120D,3,0.0331378752791525,0.06580798968270059,Low
2017-12-26,LightGBM,120D,3,0.0301653330278199,0.07497458571147067,Low
2017-12-27,LightGBM,120D,3,0.03108539494169,0.08003225590312782,Low
2017-12-28,LightGBM,120D,3,0.0228873470955503,0.07655822617292753,Low
2017-12-29,LightGBM,120D,3,0.0299441826434324,0.0590295629164743,Low
2018-01-02,LightGBM,120D,3,0.0078553814572638,0.06492768913784691,Low
2018-01-03,LightGBM,120D,3,0.0036790987190242,0.054139958956899,Low
2018-01-04,LightGBM,120D,3,-0.0089830304494437,0.08274867995774844,Low
2018-01-05,LightGBM,120D,3,-0.0098324963189976,0.08352209316361259,Low
2018-01-08,LightGBM,120D,3,-0.0107353441987777,0.0824083442008366,Low
2018-01-09,LightGBM,120D,3,-0.0089741668817827,0.08257857659635005,Low
2018-01-10,LightGBM,120D,3,-0.0128209503507957,0.07667729913955211,Low
2018-01-11,LightGBM,120D,3,-0.0112461193741397,0.08237882679530435,Low
2018-01-12,LightGBM,120D,3,-0.0095275281726538,0.08134392061759059,Low
2018-01-16,LightGBM,120D,3,0.0027874758742903,0.07940466133503202,Low
2018-01-17,LightGBM,120D,3,-0.0031162810133898,0.08126507783252837,Low
2018-01-18,LightGBM,120D,3,-0.0086180698878327,0.08257857659635005,Low
2018-01-19,LightGBM,120D,3,-0.0042827262946508,0.08048026140591313,Low
2018-01-22,LightGBM,120D,3,-0.0112384351402554,0.07779104810232809,Low
2018-01-23,LightGBM,120D,3,-0.0144391047293763,0.08352209316361259,Low
2018-01-24,LightGBM,120D,3,-0.0099131478387008,0.08130545372804296,Low
2018-01-25,LightGBM,120D,3,-0.0083574051607964,0.0847272317368398,Low
2018-01-26,LightGBM,120D,3,-0.0240898701159302,0.08830790463974506,Low
2018-01-29,LightGBM,120D,3,-0.0182840316023415,0.08188022620106836,Low
2018-01-30,LightGBM,120D,3,-0.0054890264537729,0.07412438017431448,Low
2018-01-31,LightGBM,120D,3,-0.0012083734264141,0.069457758696276,Low
2018-02-01,LightGBM,120D,3,0.0085003599959818,0.07066222627000306,Low
2018-02-02,LightGBM,120D,3,0.026900137763813,0.05222215413343676,Normal
2018-02-05,LightGBM,120D,3,0.0621588440573491,0.15723279458986542,High
2018-02-06,LightGBM,120D,3,0.0390974813928248,0.18850913846226008,High
2018-02-07,LightGBM,120D,3,0.0489844568358804,0.1466260727327278,High
2018-02-08,LightGBM,120D,3,0.086202616014111,0.09650973463237575,High
2018-02-09,LightGBM,120D,3,0.0762913203967954,0.04666307797579445,High
2018-02-12,LightGBM,120D,3,0.0671060867839572,0.02202452780957383,High
2018-02-13,LightGBM,120D,3,0.0680285474544814,-0.011318714561781502,High
2018-02-14,LightGBM,120D,3,0.05753530939207,-0.0364886692239806,High
2018-02-15,LightGBM,120D,3,0.0452760332219996,-0.03167951185934716,High
2018-02-16,LightGBM,120D,3,0.0434599188950381,-0.0057978989271134165,High
2018-02-20,LightGBM,120D,3,0.0421791237386308,-0.03289470386052778,High
2018-02-21,LightGBM,120D,3,0.0436767505559615,-0.03849144968010593,High
2018-02-22,LightGBM,120D,3,0.0490726030868008,-0.04519845695406158,High
2018-02-23,LightGBM,120D,3,0.025540116260301,-0.033951828683708975,High
2018-02-26,LightGBM,120D,3,0.0217398921923116,-0.027837829981643747,High
2018-02-27,LightGBM,120D,3,0.0378458100090423,-0.03354569547464116,High
2018-02-28,LightGBM,120D,3,0.0514286909948266,-0.04202211325442988,High
2018-03-01,LightGBM,120D,3,0.0669090568043301,-0.09588821714730393,High
2018-03-02,LightGBM,120D,3,0.061452040264888,-0.07740935435728412,High
2018-03-05,LightGBM,120D,3,0.0487877287308265,-0.0960922137590581,High
2018-03-06,LightGBM,120D,3,0.0523320517271149,-0.04123538760659679,High
2018-03-07,LightGBM,120D,3,0.0604571849599417,-0.041565759131184384,High
2018-03-08,LightGBM,120D,3,0.0562732788286555,-0.026744834263863294,High
2018-03-09,LightGBM,120D,3,0.0447289745563593,0.003513727822235645,Normal
2018-03-12,LightGBM,120D,3,0.0415635998498997,-0.006281267351500417,Normal
2018-03-13,LightGBM,120D,3,0.0480819787315196,-0.009325326112819596,Normal
2018-03-14,LightGBM,120D,3,0.0521672565078288,-0.029614739065823296,Normal
2018-03-15,LightGBM,120D,3,0.0501424301056594,-0.03463641317910998,Normal
2018-03-16,LightGBM,120D,3,0.0447814411218096,-0.041493216285293746,Normal
2018-03-19,LightGBM,120D,3,0.0568716837681685,-0.025753608221972032,Normal
2018-03-20,LightGBM,120D,3,0.0572870033211427,-0.03536163092669532,Normal
2018-03-21,LightGBM,120D,3,0.0628655611364876,-0.03639653710440908,Normal
2018-03-22,LightGBM,120D,3,0.0887070564592358,-0.021527858984873634,High
2018-03-23,LightGBM,120D,3,0.1151652159303776,-0.048096078891748766,High
2018-03-26,LightGBM,120D,3,0.0886456191251086,-0.04818692027225739,High
2018-03-27,LightGBM,120D,3,0.1004876137788812,-0.06610487434026262,High
2018-03-28,LightGBM,120D,3,0.1087631855459692,-0.05253610943158757,High
2018-03-29,LightGBM,120D,3,0.0963398960852977,-0.06310412409698202,High
2018-04-02,LightGBM,120D,3,0.1267405926141228,-0.08076011425558792,High
2018-04-03,LightGBM,120D,3,0.1138360303613745,-0.05437364626465881,High
2018-04-04,LightGBM,120D,3,0.098814045700914,-0.0746910603484107,High
2018-04-05,LightGBM,120D,3,0.0906686758061449,-0.03929882195035307,High
2018-04-06,LightGBM,120D,3,0.1095380431820499,-0.09100167516717497,High
2018-04-09,LightGBM,120D,3,0.1089665244429683,-0.09062881204487584,High
2018-04-10,LightGBM,120D,3,0.092371055302516,-0.06532404373347961,High
2018-04-11,LightGBM,120D,3,0.1015462334171757,-0.08527493616972638,High
2018-04-12,LightGBM,120D,3,0.0929325658092397,-0.07604854056592783,High
2018-04-13,LightGBM,120D,3,0.0965346323726646,-0.08898514166587154,High
2018-04-16,LightGBM,120D,3,0.0802552601500917,-0.06467704067552173,High
2018-04-17,LightGBM,120D,3,0.064106873951603,-0.0659508673578125,High
2018-04-18,LightGBM,120D,3,0.0628806588357001,-0.05390235467345504,High
2018-04-19,LightGBM,120D,3,0.0672043307973784,-0.0723479791399834,High
2018-04-20,LightGBM,120D,3,0.0423611189431291,-0.06687796722734453,High
2018-04-23,LightGBM,120D,3,0.0215173088594031,-0.06719448443992941,High
2018-04-24,LightGBM,120D,3,0.0490944322742546,-0.09682635586255338,High
2018-04-25,LightGBM,120D,3,0.0413365757501307,-0.09407882699715672,High
2018-04-26,LightGBM,120D,3,0.0522242595976549,-0.05450244429443154,High
2018-04-27,LightGBM,120D,3,0.0508585600636261,-0.05303701482457749,High
2018-04-30,LightGBM,120D,3,0.0445832620372062,-0.05899673754761488,Normal
2018-05-01,LightGBM,120D,3,0.0416762247308995,-0.04541559624699533,Normal
2018-05-02,LightGBM,120D,3,0.044599378835824,-0.022540560005682015,Normal
2018-05-03,LightGBM,120D,3,0.041328520240194,-0.02278091891583245,Normal
2018-05-04,LightGBM,120D,3,-0.0027520636492819,-0.04888898083044354,Normal
2018-05-07,LightGBM,120D,3,0.0122496737744422,-0.038619032343230414,Normal
2018-05-08,LightGBM,120D,3,-0.004963787623827,-0.03624702009685021,Normal
2018-05-09,LightGBM,120D,3,-0.0211806438538897,-0.033486474839561,Normal
2018-05-10,LightGBM,120D,3,-0.0149623324858607,-0.014839400058365176,Normal
2018-05-11,LightGBM,120D,3,-0.0058755930022508,-0.034521381017274755,Normal
2018-05-14,LightGBM,120D,3,0.0037438063561517,-0.0297338525232528,Normal
2018-05-15,LightGBM,120D,3,0.0042727403442628,-0.029565048847723673,Normal
2018-05-16,LightGBM,120D,3,0.0058050941939425,-0.04431977785603098,Normal
2018-05-17,LightGBM,120D,3,0.0129011207269614,-0.039453406576946806,Normal
2018-05-18,LightGBM,120D,3,0.0365238645422855,-0.03912712557586642,Normal
2018-05-21,LightGBM,120D,3,0.0266521910058607,-0.01459563704977984,Normal
2018-05-22,LightGBM,120D,3,0.0205512936833635,0.01757413817721764,Low
2018-05-23,LightGBM,120D,3,-0.0025900025090028,0.013416392074766841,Low
2018-05-24,LightGBM,120D,3,-0.0020477583734541,0.003778353222423194,Low
2018-05-25,LightGBM,120D,3,-0.0072839441377187,0.003978885166420561,Low
2018-05-29,LightGBM,120D,3,0.0148856611167155,0.006806292203740475,Low
2018-05-30,LightGBM,120D,3,0.0044906233022757,-0.00032052634136135044,Normal
2018-05-31,LightGBM,120D,3,-0.0053892046900115,0.013507337046115281,Normal
2018-06-01,LightGBM,120D,3,-0.0344979999558372,0.01314922187692704,Normal
2018-06-04,LightGBM,120D,3,-0.0359289255434223,-0.0021229242343747475,Low
2018-06-05,LightGBM,120D,3,-0.0432076915248535,0.011698691822718004,Low
2018-06-06,LightGBM,120D,3,-0.0363256163167991,0.02012339934872248,Normal
2018-06-07,LightGBM,120D,3,-0.0323547883302018,0.011009225916529563,Low
2018-06-08,LightGBM,120D,3,-0.0127617659348392,0.008353057946069328,Low
2018-06-11,LightGBM,120D,3,-0.016015397487173,0.011599109459154804,Low
2018-06-12,LightGBM,120D,3,-0.0096197170492593,0.011599109459154804,Low
2018-06-13,LightGBM,120D,3,0.0052965392865146,0.0048921021851991734,Low
2018-06-14,LightGBM,120D,3,-0.0300721900745451,0.0012603868848744724,Low
2018-06-15,LightGBM,120D,3,-0.0305779576731953,0.0024131347729409694,Low
2018-06-18,LightGBM,120D,3,-0.0520459019486309,0.003299733062855048,Low
2018-06-19,LightGBM,120D,3,-0.0462537807743233,0.03283744755200161,Low
2018-06-20,LightGBM,120D,3,-0.0483208806737415,0.020031885273463067,Low
2018-06-21,LightGBM,120D,3,-0.0365502808201699,0.03038846066055249,Low
2018-06-22,LightGBM,120D,3,-0.0386104343877189,0.03895611582465701,Low
2018-06-25,LightGBM,120D,3,-0.0440619236886482,0.03030505112919385,Normal
2018-06-26,LightGBM,120D,3,-0.0672563590229216,0.025015180604242276,Low
2018-06-27,LightGBM,120D,3,-0.0585283758559914,0.023460890911136442,Low
2018-06-28,LightGBM,120D,3,-0.0802035150509596,0.01828679780028547,Low
2018-06-29,LightGBM,120D,3,-0.0968594404225804,0.028585368626861445,Low
2018-07-02,LightGBM,120D,3,-0.1207258217554144,0.02779033306776621,Low
2018-07-03,LightGBM,120D,3,-0.1432527653531951,0.03734793094918749,Low
2018-07-05,LightGBM,120D,3,-0.1034334444279281,0.0437032095684179,Low
2018-07-06,LightGBM,120D,3,-0.1033527330596912,0.040613158747684515,Low
2018-07-09,LightGBM,120D,3,-0.113379377755264,0.04259531585874616,Low
2018-07-10,LightGBM,120D,3,-0.1083900012118791,0.04348173532187741,Low
2018-07-11,LightGBM,120D,3,-0.1000028217773364,0.045290206835447495,Low
2018-07-12,LightGBM,120D,3,-0.1337821451764235,0.04042383555636329,Low
2018-07-13,LightGBM,120D,3,-0.1011014016526856,0.036097007869851545,Low
2018-07-16,LightGBM,120D,3,-0.0930867610365572,0.03640502701546983,Low
2018-07-17,LightGBM,120D,3,-0.0874039980435033,0.03620257712535607,Low
2018-07-18,LightGBM,120D,3,-0.0854725087874184,0.0437732436109892,Low
2018-07-19,LightGBM,120D,3,-0.0770034405639067,0.05254296180276365,Low
2018-07-20,LightGBM,120D,3,-0.0762008513371148,0.05523217510634868,Low
2018-07-23,LightGBM,120D,3,-0.0833086082675958,0.04208723733954899,Low
2018-07-24,LightGBM,120D,3,-0.0774135082738883,0.07084974304115307,Low
2018-07-25,LightGBM,120D,3,-0.0842544228151726,0.07273834795424373,Low
2018-07-26,LightGBM,120D,3,-0.0736547893600695,0.07146085752790084,Low
2018-07-27,LightGBM,120D,3,-0.0539740418753683,0.07374272004172354,Low
2018-07-30,LightGBM,120D,3,-0.0624617293877536,0.057180298302841055,Low
2018-07-31,LightGBM,120D,3,-0.0651340766876058,0.056891799356301884,Low
2018-08-01,LightGBM,120D,3,-0.0627184035090572,0.0635474449801749,Low
2018-08-02,LightGBM,120D,3,-0.059179885390748,0.06291019265530547,Low
2018-08-03,LightGBM,120D,3,-0.0716910933048049,0.04743685680999257,Low
2018-08-06,LightGBM,120D,3,-0.0766803838907214,0.05194962353011158,Low
2018-08-07,LightGBM,120D,3,-0.0640709757456472,0.05194962353011158,Low
2018-08-08,LightGBM,120D,3,-0.0552479125425841,0.056803291117100856,Low
2018-08-09,LightGBM,120D,3,-0.0529069912807372,0.052718733318633006,Low
2018-08-10,LightGBM,120D,3,-0.0390142979000131,0.051344425656951236,Low
2018-08-13,LightGBM,120D,3,-0.0303028897966826,0.05299873278282251,Low
2018-08-14,LightGBM,120D,3,-0.0388987355306088,0.04839009839341075,Low
2018-08-15,LightGBM,120D,3,-0.0406687201514602,0.05628396204798134,Low
2018-08-16,LightGBM,120D,3,-0.0478809621380858,0.047097455326024544,Low
2018-08-17,LightGBM,120D,3,-0.0504897167095303,0.04606254914831079,Low
2018-08-20,LightGBM,120D,3,-0.04010693870882,0.04606254914831079,Low
2018-08-21,LightGBM,120D,3,-0.0391539070697361,0.05571014651317074,Low
2018-08-22,LightGBM,120D,3,-0.0414108393991912,0.06178780613899302,Low
2018-08-23,LightGBM,120D,3,-0.0288981408106984,0.05353866621078788,Low
2018-08-24,LightGBM,120D,3,-0.0335802254123918,0.05682917226048403,Low
2018-08-27,LightGBM,120D,3,-0.0394458332587613,0.07349540049672529,Low
2018-08-28,LightGBM,120D,3,-0.0432477446622011,0.05928626510069932,Low
2018-08-29,LightGBM,120D,3,-0.0425423484364022,0.07263174128504783,Low
2018-08-30,LightGBM,120D,3,-0.0368710719421924,0.05950520811278079,Low
2018-08-31,LightGBM,120D,3,-0.0377963100823378,0.04793182955974096,Low
2018-09-04,LightGBM,120D,3,-0.0366848154697564,0.05188498382004653,Low
2018-09-05,LightGBM,120D,4,-0.0367072602674409,0.04535789179729713,Low
2018-09-06,LightGBM,120D,4,-0.0261766126421097,0.04885521466476835,Low
2018-09-07,LightGBM,120D,4,-0.0278489221423504,0.04885521466476835,Low
2018-09-10,LightGBM,120D,4,-0.0308771238467506,0.04438175385816334,Low
2018-09-11,LightGBM,120D,4,-0.0411554631405911,0.04438175385816334,Low
2018-09-12,LightGBM,120D,4,-0.0496709826288159,0.04535789179729713,Low
2018-09-13,LightGBM,120D,4,-0.0570732989196609,0.04983410230942923,Low
2018-09-14,LightGBM,120D,4,-0.0427892072569377,0.04983410230942923,Low
2018-09-17,LightGBM,120D,4,-0.0342549505375833,0.05081024024856302,Low
2018-09-18,LightGBM,120D,4,-0.0326840566481893,0.046124562836146854,Low
2018-09-19,LightGBM,120D,4,-0.0348049440129574,0.0588476852212053,Low
2018-09-20,LightGBM,120D,4,-0.0376424387898559,0.058081014182355575,Low
2018-09-21,LightGBM,120D,4,-0.0335747410539408,0.057903552461203434,Low
2018-09-24,LightGBM,120D,4,-0.0301834288198538,0.058081014182355575,Low
2018-09-25,LightGBM,120D,4,-0.0318261770675055,0.06353336263362139,Low
2018-09-26,LightGBM,120D,4,-0.0177374618916561,0.05511638796802556,Low
2018-09-27,LightGBM,120D,4,-0.0396537652544406,0.06255722469448767,Low
2018-09-28,LightGBM,120D,4,-0.0404862679436125,0.05414025002889177,Low
2018-10-01,LightGBM,120D,4,-0.0369637073378772,0.05414025002889177,Low
2018-10-02,LightGBM,120D,4,-0.0412220817041969,0.05081024024856302,Low
2018-10-03,LightGBM,120D,4,-0.0383502937256536,0.05333142517690045,Low
2018-10-04,LightGBM,120D,4,-0.023435552261319,0.04710070077528064,Low
2018-10-05,LightGBM,120D,4,-0.0063900421586525,0.04535789179729713,Low
2018-10-08,LightGBM,120D,4,-0.0059773918954445,0.04535789179729713,Low
2018-10-09,LightGBM,120D,4,-0.0024124096412011,0.04710070077528064,Low
2018-10-10,LightGBM,120D,4,0.033086444644395,0.04194072102620528,Normal
2018-10-11,LightGBM,120D,4,0.0584997422400357,0.019547159993816152,Normal
2018-10-12,LightGBM,120D,4,0.0454404185821831,0.025343207794315044,Normal
2018-10-15,LightGBM,120D,4,0.0452769244378134,0.011741194810285304,Normal
2018-10-16,LightGBM,120D,4,0.0274809341574122,0.008152218691572123,High
2018-10-17,LightGBM,120D,4,0.0277717507604199,0.028543742286719024,High
2018-10-18,LightGBM,120D,4,0.0488558197253068,0.015796060046561984,High
2018-10-19,LightGBM,120D,4,0.0485874876162289,0.015896372247206598,High
2018-10-22,LightGBM,120D,4,0.0534055130378468,0.015896372247206598,High
2018-10-23,LightGBM,120D,4,0.0566561883978022,0.01687251018634038,High
2018-10-24,LightGBM,120D,4,0.0895848090831925,0.023541430938717977,High
2018-10-25,LightGBM,120D,4,0.0721425969214114,0.020230209598116552,High
2018-10-26,LightGBM,120D,4,0.0984240861064098,-0.017310388476939848,High
2018-10-29,LightGBM,120D,4,0.1028111257985676,-0.02857719196141382,High
2018-10-30,LightGBM,120D,4,0.0868967610864173,-0.0383676224217772,High
2018-10-31,LightGBM,120D,4,0.080778232655151,-0.022223244921603668,High
2018-11-01,LightGBM,120D,4,0.0713466822908556,-0.016415821390153143,High
2018-11-02,LightGBM,120D,4,0.0786343680455268,-0.017737455438689494,High
2018-11-05,LightGBM,120D,4,0.0655192284980415,0.016075709318997884,High
2018-11-06,LightGBM,120D,4,0.05715319610495,-0.008411727148489732,High
2018-11-07,LightGBM,120D,4,0.0457582450230934,0.016636710611090604,High
2018-11-08,LightGBM,120D,4,0.0437893008225125,0.021445857371267873,High
2018-11-09,LightGBM,120D,4,0.0363813986489794,0.018310299726073394,High
2018-11-12,LightGBM,120D,4,0.0546728342450269,-0.0017158632717284863,High
2018-11-13,LightGBM,120D,4,0.0531298544052725,0.006658277558467804,High
2018-11-14,LightGBM,120D,4,0.0644394372936418,0.011723061368908242,High
2018-11-15,LightGBM,120D,4,0.0294749354125023,0.014256574973554828,High
2018-11-16,LightGBM,120D,4,0.0352380853982343,0.013809055552449235,High
2018-11-19,LightGBM,120D,4,0.0578432409616788,-0.03034261935804163,High
2018-11-20,LightGBM,120D,4,0.0850171936347638,-0.08142803064478464,High
2018-11-21,LightGBM,120D,4,0.0761240871499528,-0.07214305004233194,High
2018-11-23,LightGBM,120D,4,0.075928248886403,-0.06356861468811116,High
2018-11-26,LightGBM,120D,4,0.0689752221342272,-0.06454475262724498,High
2018-11-27,LightGBM,120D,4,0.0628904454057151,-0.06679451915852785,High
2018-11-28,LightGBM,120D,4,0.0281907018613194,-0.008123206886409103,High
2018-11-29,LightGBM,120D,4,0.0317288401787501,-0.013392459355354767,High
2018-11-30,LightGBM,120D,4,0.0151803424618722,-0.0013876508722120715,High
2018-12-03,LightGBM,120D,4,-0.0026375694997216,0.0001494883590144464,High
2018-12-04,LightGBM,120D,4,0.0323589320138314,-0.05547701973562963,High
2018-12-06,LightGBM,120D,4,0.0205991146775226,-0.06285989358444319,High
2018-12-07,LightGBM,120D,4,0.041426379479537,-0.09890220804420194,High
2018-12-10,LightGBM,120D,4,0.0608717033376984,-0.10684221151323003,High
2018-12-11,LightGBM,120D,4,0.0693568399918177,-0.06454475262724498,High
2018-12-12,LightGBM,120D,4,0.0700688096574708,-0.06777065709766165,High
2018-12-13,LightGBM,120D,4,0.080711739217146,-0.06454475262724498,High
2018-12-14,LightGBM,120D,4,0.1046321715606113,-0.06679451915852785,High
2018-12-17,LightGBM,120D,4,0.1252745149312366,-0.07211093541628769,High
2018-12-18,LightGBM,120D,4,0.1231484602502102,-0.05309673379765041,High
2018-12-19,LightGBM,120D,4,0.1427529299289973,-0.04263664516458842,High
2018-12-20,LightGBM,120D,4,0.1570379276269483,-0.0009310162959993524,High
2018-12-21,LightGBM,120D,4,0.1787723635578418,0.02491431874977933,High
2018-12-24,LightGBM,120D,4,0.2159294260291269,0.044202716064941236,High
2018-12-26,LightGBM,120D,4,0.1705069651513456,-0.0017599458955284996,High
2018-12-27,LightGBM,120D,4,0.1714083415184017,0.0014915804329176372,High
2018-12-28,LightGBM,120D,4,0.171390679148905,-0.011155616997990593,High
2018-12-31,LightGBM,120D,4,0.1612006648261111,-0.03925980901799511,High
2019-01-02,LightGBM,120D,4,0.1503911961230974,-0.08922382451414587,High
2019-01-03,LightGBM,120D,4,0.1742248322632083,-0.09001447360295231,High
2019-01-04,LightGBM,120D,4,0.1442813189954526,-0.11048890616117292,High
2019-01-07,LightGBM,120D,4,0.1430362848408226,-0.12409091914520265,High
2019-01-08,LightGBM,120D,4,0.1410307161152791,-0.10919378257440734,High
2019-01-09,LightGBM,120D,4,0.1398648920594456,-0.06733790495388141,High
2019-01-10,LightGBM,120D,4,0.1429997463456675,-0.05010605230303441,High
2019-01-11,LightGBM,120D,4,0.1413385206856015,-0.046333315067897146,High
2019-01-14,LightGBM,120D,4,0.1417627422627272,-0.08814118723203593,High
2019-01-15,LightGBM,120D,4,0.13233391644142,-0.08045098866882143,High
2019-01-16,LightGBM,120D,4,0.1346149428484143,-0.04843476394214815,High
2019-01-17,LightGBM,120D,4,0.1293348317211273,-0.03999762930675015,High
2019-01-18,LightGBM,120D,4,0.1208474531833381,-0.03906949682400363,High
2019-01-22,LightGBM,120D,4,0.1352817837396946,-0.038093358884869845,High
2019-01-23,LightGBM,120D,4,0.1296717092652333,-0.0421470836373884,High
2019-01-24,LightGBM,120D,4,0.1217442636881626,-0.03237363294724238,High
2019-01-25,LightGBM,120D,4,0.116866993696464,-0.015425056762825311,High
2019-01-28,LightGBM,120D,4,0.1185488800803282,-0.014448918823691526,High
2019-01-29,LightGBM,120D,4,0.1228308897016931,-0.01489643824479712,High
2019-01-30,LightGBM,120D,4,0.1142254249494094,-0.013275602432187053,High
2019-01-31,LightGBM,120D,4,0.1103419689531174,-0.012347469949440528,High
2019-02-01,LightGBM,120D,4,0.1041674658847108,-0.011421149131861296,Normal
2019-02-04,LightGBM,120D,4,0.1047746205380143,-0.010626996771374575,Normal
2019-02-05,LightGBM,120D,4,0.0984598281716068,0.004086989005967004,Normal
2019-02-06,LightGBM,120D,4,0.0981047585170711,-0.010626996771374575,Normal
2019-02-07,LightGBM,120D,4,0.0965607447671614,-0.012728445645625572,Normal
2019-02-08,LightGBM,120D,4,0.0868452446323428,-0.013704583584759355,Normal
2019-02-11,LightGBM,120D,4,0.0788270042889593,-0.012728445645625572,Normal
2019-02-12,LightGBM,120D,4,0.0357889692164258,-0.013704583584759355,Normal
2019-02-13,LightGBM,120D,4,0.0457025615338814,-0.012728445645625572,Normal
2019-02-14,LightGBM,120D,4,0.0491243072514389,-0.011026510736092909,Normal
2019-02-15,LightGBM,120D,4,0.0568927650533463,-0.010626996771374575,Normal
2019-02-19,LightGBM,120D,4,0.0487565505930973,-0.009650858832240785,Normal
2019-02-20,LightGBM,120D,4,0.0345872079164411,-0.011555129254121103,Low
2019-02-21,LightGBM,120D,4,0.0531382235095843,-0.012728445645625572,Low
2019-02-22,LightGBM,120D,4,0.0170172323603382,-0.007248981534658553,Normal
2019-02-25,LightGBM,120D,4,0.0182473646087669,-0.012728445645625572,Low
2019-02-26,LightGBM,120D,4,0.0333611924538521,-0.012728445645625572,Low
2019-02-27,LightGBM,120D,4,0.0459385654545477,-0.013704583584759355,Low
2019-02-28,LightGBM,120D,4,0.0408218577413828,-0.011557753775410348,Low
2019-03-01,LightGBM,120D,4,0.0421631807100225,-0.012533891714544134,Low
2019-03-04,LightGBM,120D,4,0.0455450851459993,-0.01531192047552348,Low
2019-03-05,LightGBM,120D,4,0.0203883775128682,-0.01531192047552348,Low
2019-03-06,LightGBM,120D,4,0.0378569638477912,-0.01531192047552348,Low
2019-03-07,LightGBM,120D,4,0.0428075531855663,-0.01801975157696523,Low
2019-03-08,LightGBM,120D,4,0.0514656688475823,-0.019106301990752497,Low
2019-03-11,LightGBM,120D,4,0.0495136157251872,-0.013152602565409942,Low
2019-03-12,LightGBM,120D,4,0.0472072307572589,-0.01745875028487249,Low
2019-03-13,LightGBM,120D,4,0.0333586746675541,-0.01100314823477168,Low
2019-03-14,LightGBM,120D,4,0.0450107992775717,-0.0006819031472954579,Low
2019-03-15,LightGBM,120D,4,0.0529641927909007,-0.0008593648684475984,Low
2019-03-18,LightGBM,120D,4,0.0501752867963696,0.006517353455523555,Low
2019-03-19,LightGBM,120D,4,0.0502118421973964,0.005589220972777032,Low
2019-03-20,LightGBM,120D,4,0.053482791364097,0.0034397666421387787,Low
2019-03-21,LightGBM,120D,4,0.049892448195795,0.0034423911634280263,Low
2019-03-22,LightGBM,120D,4,0.0719242916083016,0.03570487320841678,Normal
2019-03-25,LightGBM,120D,4,0.0720389875646456,0.03930707134947647,Normal
2019-03-26,LightGBM,120D,4,0.0617414217003556,0.04690536876456349,Normal
2019-03-27,LightGBM,120D,4,0.0689749903494166,0.04788150670369728,Normal
2019-03-28,LightGBM,120D,4,0.065734568918422,0.04690536876456349,Normal
2019-03-29,LightGBM,120D,4,0.0590428373970268,0.04367946429414683,Normal
2019-04-01,LightGBM,120D,4,0.042633042774102,0.05531939386624866,Normal
2019-04-02,LightGBM,120D,4,0.0425186466014162,0.056295531805382444,Normal
2019-04-03,LightGBM,120D,4,0.0319205852177755,0.06004969850549557,Normal
2019-04-04,LightGBM,120D,4,0.0359778052167452,0.05907356056636178,Normal
2019-04-05,LightGBM,120D,4,0.0289202165840329,0.05907356056636178,Normal
2019-04-08,LightGBM,120D,4,0.0225427702543807,0.06046943455958201,Low
2019-04-09,LightGBM,120D,4,0.0336636569052986,0.04798805647737551,Normal
2019-04-10,LightGBM,120D,4,0.017857692205386,0.052241807052863874,Normal
2019-04-11,LightGBM,120D,4,-0.0002458343226004,0.04701191853824172,Normal
2019-04-12,LightGBM,120D,4,0.0011068920617204,0.052241807052863874,Normal
2019-04-15,LightGBM,120D,4,0.0158532445453367,0.04798805647737551,Normal
2019-04-16,LightGBM,120D,4,0.0108556639465151,0.04701191853824172,Normal
2019-04-17,LightGBM,120D,4,-0.0025510947848559,0.05545538782064943,Normal
2019-04-18,LightGBM,120D,4,0.0049343549057403,0.054479249881515646,Low
2019-04-22,LightGBM,120D,4,0.0103180515005901,0.06387756925844897,Low
2019-04-23,LightGBM,120D,4,0.0123952799993839,0.059404108451844,Low
2019-04-24,LightGBM,120D,4,0.013201366929201,0.06263385710045033,Low
2019-04-25,LightGBM,120D,4,0.0234768540459629,0.06263385710045033,Low
2019-04-26,LightGBM,120D,4,0.0168009591694643,0.06165771916131656,Low
2019-04-29,LightGBM,120D,4,0.0184890326350056,0.06263385710045033,Low
2019-04-30,LightGBM,120D,4,0.0136110222264142,0.064332038851603,Low
2019-05-01,LightGBM,120D,4,0.0279895821820395,0.05982382316033909,Low
2019-05-02,LightGBM,120D,4,0.0265407775723454,0.0504307105556094,Low
2019-05-03,LightGBM,120D,4,0.0197917534392588,0.05710487624322179,Low
2019-05-06,LightGBM,120D,4,0.0261913712875027,0.058081014182355575,Low
2019-05-07,LightGBM,120D,4,0.046905288887064,0.044702597705845365,Low
2019-05-08,LightGBM,120D,4,0.0540778241926018,0.03847749736337931,Low
2019-05-09,LightGBM,120D,4,0.0562710708980494,0.03853836511152712,Low
2019-05-10,LightGBM,120D,4,0.0558057662289881,0.04007550434275364,Low
2019-05-13,LightGBM,120D,4,0.0772047967329466,0.03292911864310889,Normal
2019-05-14,LightGBM,120D,4,0.0788367397693781,0.01799322117327693,Normal
2019-05-15,LightGBM,120D,4,0.0767119912469675,0.030354562290007134,Normal
2019-05-16,LightGBM,120D,4,0.0666696314186479,0.03349011993520163,Normal
2019-05-17,LightGBM,120D,4,0.0732263191849812,0.03446625787433542,Normal
2019-05-20,LightGBM,120D,4,0.0827249524046672,0.03124035340391875,Normal
2019-05-21,LightGBM,120D,4,0.0768224064565924,0.03349011993520163,Normal
2019-05-22,LightGBM,120D,4,0.0776864034071545,0.03349011993520163,Normal
2019-05-23,LightGBM,120D,4,0.0912355189496995,0.03588134234146394,Normal
2019-05-24,LightGBM,120D,4,0.0905941567477786,0.030354562290007134,Normal
2019-05-28,LightGBM,120D,4,0.0998417993624955,0.03588134234146394,Normal
2019-05-29,LightGBM,120D,4,0.1144437383077,0.01687251018634038,Normal
2019-05-30,LightGBM,120D,4,0.1128504919555128,0.031769646757135686,Normal
2019-05-31,LightGBM,120D,4,0.1255409271062732,0.016424990765234786,Normal
2019-06-03,LightGBM,120D,4,0.12454674133964,0.013920286487985324,Normal
2019-06-04,LightGBM,120D,4,0.101756808172373,0.03132212733603009,High
2019-06-05,LightGBM,120D,4,0.0958006551359353,0.03545624031900046,Normal
2019-06-06,LightGBM,120D,4,0.097163066347398,0.03951993044694146,High
2019-06-07,LightGBM,120D,4,0.0889132507450781,0.05476253474231123,High
2019-06-10,LightGBM,120D,4,0.0884297662956126,0.05423391622428304,High
2019-06-11,LightGBM,120D,4,0.0847604215235747,0.0375438446877202,Normal
2019-06-12,LightGBM,120D,4,0.0781315956568486,0.0375438446877202,Normal
2019-06-13,LightGBM,120D,4,0.0673823598959531,0.03661571220497367,Normal
2019-06-14,LightGBM,120D,4,0.0752988292908761,0.03349011993520163,Normal
2019-06-17,LightGBM,120D,4,0.0758666407851532,0.03446625787433542,Normal
2019-06-18,LightGBM,120D,4,0.0752903972226087,0.03349011993520163,Normal
2019-06-19,LightGBM,120D,4,0.0691418467451105,0.035639574265839885,Normal
2019-06-20,LightGBM,120D,4,0.0586167052402532,0.041298011387833324,Normal
2019-06-21,LightGBM,120D,4,0.0627806590493319,0.041298011387833324,Normal
2019-06-24,LightGBM,120D,4,0.0730527148854741,0.04032187344869954,Normal
2019-06-25,LightGBM,120D,4,0.0826670696760763,0.03822042457444854,Normal
2019-06-26,LightGBM,120D,4,0.0910241262974234,0.03822042457444854,Normal
2019-06-27,LightGBM,120D,4,0.0875434765332937,0.037244286635314754,Normal
2019-06-28,LightGBM,120D,4,0.0813701410521712,0.037244286635314754,Normal
2019-07-01,LightGBM,120D,4,0.0781765012630816,0.037244286635314754,Low
2019-07-02,LightGBM,120D,4,0.0801852497904271,0.04104504589780917,Low
2019-07-03,LightGBM,120D,4,0.0734079228440412,0.041492565318914765,Low
2019-07-05,LightGBM,120D,4,0.0750199897461218,0.04246870325804855,Low
2019-07-08,LightGBM,120D,4,0.0849822251662995,0.03939111644466377,Low
2019-07-09,LightGBM,120D,4,0.0837804162475036,0.035636949744550644,Low
2019-07-10,LightGBM,120D,4,0.0734822732320709,0.03841497850552998,Low
2019-07-11,LightGBM,120D,4,0.074141344297313,0.03939111644466377,Low
2019-07-12,LightGBM,120D,4,0.0778757053575634,0.03841497850552998,Low
2019-07-15,LightGBM,120D,4,0.0706149422642247,0.04154057077530202,Low
2019-07-16,LightGBM,120D,4,0.0775516720135077,0.03939111644466377,Low
2019-07-17,LightGBM,120D,4,0.081297162395006,0.035636949744550644,Low
2019-07-18,LightGBM,120D,4,0.0826120381718281,0.03466081180541686,Low
2019-07-19,LightGBM,120D,4,0.0954411417535791,0.035636949744550644,Low
2019-07-22,LightGBM,120D,4,0.0897571775798241,0.03466081180541686,Low
2019-07-23,LightGBM,120D,4,0.0898850264864809,0.03466081180541686,Low
2019-07-24,LightGBM,120D,4,0.0836921528361095,0.03841497850552998,Low
2019-07-25,LightGBM,120D,4,0.0908368995633967,0.035636949744550644,Low
2019-07-26,LightGBM,120D,4,0.0918081112148457,0.040564432836168236,Low
2019-07-29,LightGBM,120D,4,0.0972802563913882,0.035636949744550644,Low
2019-07-30,LightGBM,120D,4,0.0972067413938471,0.035636949744550644,Low
2019-07-31,LightGBM,120D,4,0.1084409826426683,0.035636949744550644,Low
2019-08-01,LightGBM,120D,4,0.1186208364048324,0.03409981051332412,Low
2019-08-02,LightGBM,120D,4,0.1168469355182038,0.028817423058780624,Low
2019-08-05,LightGBM,120D,4,0.1312213653310546,0.0399721332940724,Normal
2019-08-06,LightGBM,120D,4,0.1282917249202405,0.03138685803767854,Normal
2019-08-07,LightGBM,120D,4,0.1266578924427971,0.03132212733603009,Normal
2019-08-08,LightGBM,120D,4,0.1111988869061432,0.010317537450045922,High
2019-08-09,LightGBM,120D,4,0.0999730364684374,0.011741194810285304,High
2019-08-12,LightGBM,120D,4,0.1195952713455851,0.03166933455649105,High
2019-08-13,LightGBM,120D,4,0.1194462409957893,0.028582662799473597,High
2019-08-14,LightGBM,120D,4,0.160364372109298,-0.003593174048280449,High
2019-08-15,LightGBM,120D,4,0.1612232904681195,0.0014162141965722353,High
2019-08-16,LightGBM,120D,4,0.1414847412864163,-0.006748014912429385,High
2019-08-19,LightGBM,120D,4,0.1367512558425921,-0.005046080002896723,High
2019-08-20,LightGBM,120D,4,0.1463845198407097,0.011137086505448479,High
2019-08-21,LightGBM,120D,4,0.1446133933885598,0.015645396547749463,High
2019-08-22,LightGBM,120D,4,0.1434878199878498,0.021445857371267873,High
2019-08-23,LightGBM,120D,4,0.171618537209173,-0.018223569666850306,High
2019-08-26,LightGBM,120D,4,0.1577712104922273,-0.010290298625949297,High
2019-08-27,LightGBM,120D,4,0.1656742805770685,-0.0017158632717284863,High
2019-08-28,LightGBM,120D,4,0.1553273116185086,-0.002692001210862273,High
2019-08-29,LightGBM,120D,4,0.1321460199445942,-0.002692001210862273,High
2019-08-30,LightGBM,120D,4,0.0974153597642767,-0.0018641809287603625,High
2019-09-03,LightGBM,120D,4,0.0735904647216089,0.015232712912688613,High
2019-09-04,LightGBM,120D,4,0.0590210421196575,0.017334161786939608,High
2019-09-05,LightGBM,120D,4,0.0009269928456367,0.018871301018166125,High
2019-09-06,LightGBM,120D,4,-0.0082556610683931,0.02200685866336061,High
2019-09-09,LightGBM,120D,4,0.0368492223799199,0.022982996602494397,High
2019-09-10,LightGBM,120D,4,0.0080164850310742,0.026737163302607524,High
2019-09-11,LightGBM,120D,4,0.0421491620653202,0.02200685866336061,High
2019-09-12,LightGBM,120D,4,0.0047633633471059,0.022683438550088954,Normal
2019-09-13,LightGBM,120D,4,-0.011712903428314,0.022683438550088954,Normal
2019-09-16,LightGBM,120D,4,-0.0875828034523296,0.02365957648922274,Normal
2019-09-17,LightGBM,120D,4,-0.0419461763989326,0.018929271849975827,Normal
2019-09-18,LightGBM,120D,4,-0.0923917024918051,0.0197312148517339,Normal
2019-09-19,LightGBM,120D,4,-0.1923565294162082,0.01695318609075456,Normal
2019-09-20,LightGBM,120D,4,-0.0986405233620917,0.01695318609075456,Normal
2019-09-23,LightGBM,120D,4,-0.2261957802170816,0.0197312148517339,Low
2019-09-24,LightGBM,120D,4,-0.1595174786178383,0.015416046859528031,Low
2019-09-25,LightGBM,120D,4,-0.2188794361918824,0.016595657206539414,Low
2019-09-26,LightGBM,120D,4,-0.2117508042118681,0.01695318609075456,Low
2019-09-27,LightGBM,120D,4,-0.2507478936861064,0.016586738729743266,Low
2019-09-30,LightGBM,120D,4,-0.2855143049109316,0.012841490506426285,Low
2019-10-01,LightGBM,120D,4,-0.1834969454475557,0.014968527438422436,Low
2019-10-02,LightGBM,120D,4,-0.1539625508390896,0.012280489214333562,Normal
2019-10-03,LightGBM,120D,4,-0.1013590245387099,0.008214808577928185,Low
2019-10-04,LightGBM,120D,5,-0.1497436553195954,0.0010568511936388599,Normal
2019-10-07,LightGBM,120D,5,-0.1122887124759391,0.00018574988005001512,Normal
2019-10-08,LightGBM,120D,5,-0.1127478637122449,0.009002222855398374,Normal
2019-10-09,LightGBM,120D,5,-0.1669575229598777,-0.014125537675290751,Normal
2019-10-10,LightGBM,120D,5,-0.1507800683146999,0.0038983921932914376,Normal
2019-10-11,LightGBM,120D,5,-0.1769125088144333,-0.0042782834271906395,Normal
2019-10-14,LightGBM,120D,5,-0.1075561829963839,-0.00818673583711459,Normal
2019-10-15,LightGBM,120D,5,-0.1190669674212355,0.026322735668446732,Normal
2019-10-16,LightGBM,120D,5,-0.0835760516767569,0.018976576379120955,Normal
2019-10-17,LightGBM,120D,5,-0.0719516033428329,0.016908369417632244,Normal
2019-10-18,LightGBM,120D,5,-0.0781806170777103,0.010817414367075145,Normal
2019-10-21,LightGBM,120D,5,-0.0549141716107363,0.011809086326085993,Normal
2019-10-22,LightGBM,120D,5,-0.0736158550247287,0.010126796394364652,Normal
2019-10-23,LightGBM,120D,5,-0.0706591205310183,0.002476919459576765,Normal
2019-10-24,LightGBM,120D,5,-0.046136793168869,0.018229213664715423,Normal
2019-10-25,LightGBM,120D,5,-0.0682440682948727,0.008582622655932333,Normal
2019-10-28,LightGBM,120D,5,-0.1049650034473212,0.010149548571801526,Normal
2019-10-29,LightGBM,120D,5,-0.0814609509087036,0.03266019072271531,Normal
2019-10-30,LightGBM,120D,5,-0.0852486079697566,0.022218955260809303,Normal
2019-10-31,LightGBM,120D,5,-0.0683990787683783,0.014366660167114352,Normal
2019-11-01,LightGBM,120D,5,-0.0634081411462899,0.015984846655348547,Low
2019-11-04,LightGBM,120D,5,-0.072361557142086,0.024922513984473278,Low
2019-11-05,LightGBM,120D,5,-0.0449384503851923,0.04840094744055055,Low
2019-11-06,LightGBM,120D,5,-0.0548958442965368,0.033414676547543515,Low
2019-11-07,LightGBM,120D,5,-0.0860824305555934,0.06495628157094956,Low
2019-11-08,LightGBM,120D,5,-0.0843990111218598,0.05376604342884615,Low
2019-11-11,LightGBM,120D,5,-0.0734346805107427,0.05572655106488961,Low
2019-11-12,LightGBM,120D,5,-0.0820019842110484,0.06078002536008646,Low
2019-11-13,LightGBM,120D,5,-0.0712743100262739,0.07314410587985064,Low
2019-11-14,LightGBM,120D,5,-0.0553802075755043,0.06725275598051338,Low
2019-11-15,LightGBM,120D,5,-0.0629131669866867,0.05914377766078662,Low
2019-11-18,LightGBM,120D,5,-0.0841295590815441,0.0643787783424507,Low
2019-11-19,LightGBM,120D,5,-0.1011537856061315,0.06731944857637948,Low
2019-11-20,LightGBM,120D,5,-0.085931611381119,0.06419837456598314,Low
2019-11-21,LightGBM,120D,5,-0.0804289300912065,0.05652369767186553,Low
2019-11-22,LightGBM,120D,5,-0.0515862952635092,0.05144932254209923,Low
2019-11-25,LightGBM,120D,5,-0.0696052948625757,0.04967201601447134,Low
2019-11-26,LightGBM,120D,5,-0.0552844678941003,0.06938386731140486,Low
2019-11-27,LightGBM,120D,5,-0.0672541718293537,0.07751304118972459,Low
2019-11-29,LightGBM,120D,5,-0.0608839399125522,0.0627133402822131,Low
2019-12-02,LightGBM,120D,5,-0.0400011711971282,0.058753799469487736,Low
2019-12-03,LightGBM,120D,5,-0.0186224984487687,0.04232023118618918,Low
2019-12-04,LightGBM,120D,5,-0.0270362953824583,0.039656906985943985,Low
2019-12-05,LightGBM,120D,5,-0.0237346287567804,0.04490426418558795,Low
2019-12-06,LightGBM,120D,5,-0.0290846583088421,0.038602798114338775,Low
2019-12-09,LightGBM,120D,5,-0.0177395173419688,0.04924034644147061,Low
2019-12-10,LightGBM,120D,5,-0.0030853103604208,0.044456875284163665,Low
2019-12-11,LightGBM,120D,5,-0.0093636369733804,0.040157708492222874,Low
2019-12-12,LightGBM,120D,5,0.0079717084727002,0.03992440075701667,Low
2019-12-13,LightGBM,120D,5,0.0198687857282914,0.0360462244687431,Low
2019-12-16,LightGBM,120D,5,0.0049166813660266,0.04906124757488939,Low
2019-12-17,LightGBM,120D,5,-0.0007458103976164,0.05490350654702818,Low
2019-12-18,LightGBM,120D,5,-0.0610661097533826,0.061339205119562645,Low
2019-12-19,LightGBM,120D,5,-0.0525392019700352,0.0540638882372735,Low
2019-12-20,LightGBM,120D,5,-0.049193936956194,0.07129182833015893,Low
2019-12-23,LightGBM,120D,5,-0.0312748528037819,0.06948048181220803,Low
2019-12-24,LightGBM,120D,5,-0.0346861817339432,0.05743704368447388,Low
2019-12-26,LightGBM,120D,5,-0.0392072007401953,0.06851806392466253,Low
2019-12-27,LightGBM,120D,5,-0.0449066984455271,0.06936211003385222,Low
2019-12-30,LightGBM,120D,5,-0.0326350090695189,0.06672286590919199,Low
2019-12-31,LightGBM,120D,5,-0.0312785305222258,0.06534873835359789,Low
2020-01-02,LightGBM,120D,5,-0.0658176914802049,0.06985237424986362,Low
2020-01-03,LightGBM,120D,5,-0.0478329543870323,0.07589711128258761,Low
2020-01-06,LightGBM,120D,5,-0.0758853038561361,0.07483489670934611,Low
2020-01-07,LightGBM,120D,5,-0.0584992406580076,0.061162166428911535,Low
2020-01-08,LightGBM,120D,5,-0.0480973647078929,0.06603935632630839,Low
2020-01-09,LightGBM,120D,5,-0.0497210148489288,0.06560331002798231,Low
2020-01-10,LightGBM,120D,5,-0.042330781884607,0.06893108428323053,Low
2020-01-13,LightGBM,120D,5,-0.0335258450983769,0.06985098107722211,Low
2020-01-14,LightGBM,120D,5,-0.0428876421311248,0.07569324004936091,Low
2020-01-15,LightGBM,120D,5,-0.0369591061113824,0.05932515984043951,Low
2020-01-16,LightGBM,120D,5,-0.0509504450098089,0.07400416687500116,Low
2020-01-17,LightGBM,120D,5,-0.044393358482851,0.07989029884713122,Low
2020-01-21,LightGBM,120D,5,-0.0511445033293245,0.06823279458898782,Low
2020-01-22,LightGBM,120D,5,-0.0381162370431015,0.06051343150852037,Low
2020-01-23,LightGBM,120D,5,-0.0302155063001047,0.06007204555738084,Low
2020-01-24,LightGBM,120D,5,-0.0245441320880262,0.059122904595279926,Low
2020-01-27,LightGBM,120D,5,-0.0058438171435987,0.0592495574354282,Low
2020-01-28,LightGBM,120D,5,-0.007475403388811,0.04884942814185146,Normal
2020-01-29,LightGBM,120D,5,-0.0049305239106663,0.055564507955395255,Low
2020-01-30,LightGBM,120D,5,-0.0023293502464037,0.04710267186952108,Low
2020-01-31,LightGBM,120D,5,0.0031387149127125,0.03540382891510461,Normal
2020-02-03,LightGBM,120D,5,-0.0102993508727963,0.021166567691974118,Normal
2020-02-04,LightGBM,120D,5,-0.01780073796882,0.05481506322491246,Normal
2020-02-05,LightGBM,120D,5,-0.0354829520464391,0.05667798310100176,Normal
2020-02-06,LightGBM,120D,5,-0.0264513237516986,0.05711936905214129,Normal
2020-02-07,LightGBM,120D,5,-0.0247931345056951,0.0555454512613717,Normal
2020-02-10,LightGBM,120D,5,-0.0244515883840919,0.0576377793320294,Normal
2020-02-11,LightGBM,120D,5,-0.0189832744057354,0.05966477461205806,Normal
2020-02-12,LightGBM,120D,5,-0.0218197044848047,0.05688045658040423,Normal
2020-02-13,LightGBM,120D,5,-0.0137787676892982,0.04981243941312358,Normal
2020-02-14,LightGBM,120D,5,-0.0092134777671187,0.05356108502685706,Normal
2020-02-18,LightGBM,120D,5,-0.0056564345110144,0.05025382536426311,Normal
2020-02-19,LightGBM,120D,5,-0.0076127175219075,0.049979418826262445,Normal
2020-02-20,LightGBM,120D,5,-0.0117909554952872,0.05075532226092403,Normal
2020-02-21,LightGBM,120D,5,0.0126823560311461,0.04665466016769764,Normal
2020-02-24,LightGBM,120D,5,0.04472116277543,0.07284322302642916,High
2020-02-25,LightGBM,120D,5,0.0752971697545043,0.06170945126443433,High
2020-02-26,LightGBM,120D,5,0.0817890445854577,0.09369297241220981,High
2020-02-27,LightGBM,120D,5,0.1292579213575359,0.11593368264665103,High
2020-02-28,LightGBM,120D,5,0.1331162611220068,0.1803908641027881,High
2020-03-02,LightGBM,120D,5,0.0912590471209397,0.1326446392232126,High
2020-03-03,LightGBM,120D,5,0.1232047320268267,0.023909416219779798,High
2020-03-04,LightGBM,120D,5,0.0918619980310969,0.040180404670762164,High
2020-03-05,LightGBM,120D,5,0.1299626802166181,0.057705034692447484,High
2020-03-06,LightGBM,120D,5,0.1573076252138458,0.10194723798633618,High
2020-03-09,LightGBM,120D,5,0.2379896841860266,0.10324781457212877,High
2020-03-10,LightGBM,120D,5,0.1964846346097379,0.07628864503208359,High
2020-03-11,LightGBM,120D,5,0.2443901522428347,0.11848615987200024,High
2020-03-12,LightGBM,120D,5,0.3518318360660141,-0.05488120706647141,High
2020-03-13,LightGBM,120D,5,0.2782724792606479,-0.04062488093702364,High
2020-03-16,LightGBM,120D,5,0.3701670825912799,-0.09106716476877916,High
2020-03-17,LightGBM,120D,5,0.303774489201313,-0.11130154566724412,High
2020-03-18,LightGBM,120D,5,0.3288479324469264,-0.09157410804460457,High
2020-03-19,LightGBM,120D,5,0.3440959321387059,-0.12715399874372804,High
2020-03-20,LightGBM,120D,5,0.3706823102666773,-0.02251804705008273,High
2020-03-23,LightGBM,120D,5,0.4009467414343414,-0.05814035052343395,High
2020-03-24,LightGBM,120D,5,0.323924843941401,-0.07984864598174166,High
2020-03-25,LightGBM,120D,5,0.3176616394510785,-0.07071987340113728,High
2020-03-26,LightGBM,120D,5,0.2524881614846802,-0.04655976035314475,High
2020-03-27,LightGBM,120D,5,0.2783080574977539,-0.04975733101236686,High
2020-03-30,LightGBM,120D,5,0.2340958899799508,-0.07828962272324315,High
2020-03-31,LightGBM,120D,5,0.2385996367410688,-0.012381468052946898,High
2020-04-01,LightGBM,120D,5,0.2942090158722318,-0.06211751821583795,High
2020-04-02,LightGBM,120D,5,0.2476290199008973,-0.06157280310196064,High
2020-04-03,LightGBM,120D,5,0.2658648862814707,-0.0441652819251543,High
2020-04-06,LightGBM,120D,5,0.2137470813608287,-0.044139083432580745,High
2020-04-07,LightGBM,120D,5,0.2313336122630454,-0.09206607697482318,High
2020-04-08,LightGBM,120D,5,0.1930199583673166,-0.014730539783047808,High
2020-04-09,LightGBM,120D,5,0.1868563306319969,0.016311608238318634,High
2020-04-13,LightGBM,120D,5,0.2022913396409689,-0.005401404328387487,High
2020-04-14,LightGBM,120D,5,0.1625529672022905,-0.034715667703087295,High
2020-04-15,LightGBM,120D,5,0.2026428088775606,-0.015459388291928791,High
2020-04-16,LightGBM,120D,5,0.1827709066504961,0.00881497971884981,High
2020-04-17,LightGBM,120D,5,0.1735771383994171,-0.07267291895927581,High
2020-04-20,LightGBM,120D,5,0.1995981969096343,-0.019239774691838477,High
2020-04-21,LightGBM,120D,5,0.2395084073267178,-0.012510920294353824,High
2020-04-22,LightGBM,120D,5,0.2331196369029052,0.0818989181863884,High
2020-04-23,LightGBM,120D,5,0.2273323129339375,0.12819869158077588,High
2020-04-24,LightGBM,120D,5,0.2068650502830389,0.05546231373112179,High
2020-04-27,LightGBM,120D,5,0.1907292585870899,-0.01610375675797681,High
2020-04-28,LightGBM,120D,5,0.1961203392342041,-0.0051380951758830656,High
2020-04-29,LightGBM,120D,5,0.1534189716741884,0.018786531873147747,High
2020-04-30,LightGBM,120D,5,0.1673903103132445,0.05011234408371741,High
2020-05-01,LightGBM,120D,5,0.1936524073164501,0.037906321341245656,High
2020-05-04,LightGBM,120D,5,0.1946169387410919,0.03672537832271411,High
2020-05-05,LightGBM,120D,5,0.1890568418637016,0.0032470651946358248,High
2020-05-06,LightGBM,120D,5,0.1772962492774221,0.04038307366167286,High
2020-05-07,LightGBM,120D,5,0.1628270881720859,0.016753192295007577,High
2020-05-08,LightGBM,120D,5,0.1101707509982819,0.013186391424057727,High
2020-05-11,LightGBM,120D,5,0.1219142065714886,-0.043232035674967216,High
2020-05-12,LightGBM,120D,5,0.130423858898276,0.0054680626915119,High
2020-05-13,LightGBM,120D,5,0.1602838064131478,0.03190208815983675,High
2020-05-14,LightGBM,120D,5,0.1664676262931541,0.01711113222458452,High
2020-05-15,LightGBM,120D,5,0.1843564767445228,0.03807566267318436,High
2020-05-18,LightGBM,120D,5,0.1726145337511509,-0.02821279014568419,High
2020-05-19,LightGBM,120D,5,0.1828665248773762,-0.009732927367353783,High
2020-05-20,LightGBM,120D,5,0.177984509010305,0.0445438990730881,High
2020-05-21,LightGBM,120D,5,0.1843877020993909,0.052642548799681825,High
2020-05-22,LightGBM,120D,5,0.1896594847755699,0.02291009491011592,High
2020-05-26,LightGBM,120D,5,0.1674165482070401,0.043919291594618846,High
2020-05-27,LightGBM,120D,5,0.1662166474230197,0.00839251627922645,High
2020-05-28,LightGBM,120D,5,0.179907521670772,0.012810073789175251,High
2020-05-29,LightGBM,120D,5,0.1703032843338163,0.023104392381344874,High
2020-06-01,LightGBM,120D,5,0.1549278572079706,0.0569589671434033,High
2020-06-02,LightGBM,120D,5,0.1506892256163046,0.036207118662463435,High
2020-06-03,LightGBM,120D,5,0.130316817430822,0.03077693583822492,High
2020-06-04,LightGBM,120D,5,0.1393113146962808,0.002580007607738292,High
2020-06-05,LightGBM,120D,5,0.1294697606886765,0.022457541556324373,High
2020-06-08,LightGBM,120D,5,0.1159144295273613,0.031069072056279592,High
2020-06-09,LightGBM,120D,5,0.1261382839729841,0.04659154012638931,High
2020-06-10,LightGBM,120D,5,0.1268593990711943,0.1157883424770177,High
2020-06-11,LightGBM,120D,5,0.1988202327290761,0.12989143471432674,High
2020-06-12,LightGBM,120D,5,0.1876335106524687,0.19478044322477436,High
2020-06-15,LightGBM,120D,5,0.1787312977539992,0.13442234857314597,High
2020-06-16,LightGBM,120D,5,0.1687439086024756,0.11646569134956794,High
2020-06-17,LightGBM,120D,5,0.1704131913961417,0.12505018227729206,High
2020-06-18,LightGBM,120D,5,0.1726024191625103,0.1515932677747251,High
2020-06-19,LightGBM,120D,5,0.1702869677797125,0.14873736883664165,High
2020-06-22,LightGBM,120D,5,0.1625269399552823,0.1390399831793026,High
2020-06-23,LightGBM,120D,5,0.1569629726795657,0.15399769619811088,High
2020-06-24,LightGBM,120D,5,0.1787894500300811,0.1371327052098176,High
2020-06-25,LightGBM,120D,5,0.1807281043240817,0.12249921422778558,High
2020-06-26,LightGBM,120D,5,0.2070245342192359,0.13437965137204766,High
2020-06-29,LightGBM,120D,5,0.1981867889146856,0.11344294181536078,High
2020-06-30,LightGBM,120D,5,0.1793771425267813,0.08793723548908754,High
2020-07-01,LightGBM,120D,5,0.1704536500640011,0.09445248978167331,High
2020-07-02,LightGBM,120D,5,0.1638474348954138,0.07393947057948155,High
2020-07-06,LightGBM,120D,5,0.1488360373350691,0.08953122851235372,High
2020-07-07,LightGBM,120D,5,0.1632438651841996,0.11751186345496861,High
2020-07-08,LightGBM,120D,5,0.1641315864591808,0.10530494035179246,High
2020-07-09,LightGBM,120D,5,0.1675613131080968,0.09924762485336197,High
2020-07-10,LightGBM,120D,5,0.1584901514287329,0.1353473977825257,High
2020-07-13,LightGBM,120D,5,0.1743150013564955,0.15585344397660034,High
2020-07-14,LightGBM,120D,5,0.1461329380615657,0.16141955389460402,High
2020-07-15,LightGBM,120D,5,0.1441495125085727,0.12248573266210512,High
2020-07-16,LightGBM,120D,5,0.1532550311051622,0.13114861837598402,High
2020-07-17,LightGBM,120D,5,0.1651487286253314,0.09564045477641156,High
2020-07-20,LightGBM,120D,5,0.1622537687637066,0.06051064235684479,High
2020-07-21,LightGBM,120D,5,0.1539998118125251,0.056985251899337765,High
2020-07-22,LightGBM,120D,5,0.1486848832486209,0.05062460697896143,High
2020-07-23,LightGBM,120D,5,0.1633543180475938,0.06427947892182037,High
2020-07-24,LightGBM,120D,5,0.1658034450031268,0.0642264862795024,High
2020-07-27,LightGBM,120D,5,0.1512195153833661,0.04570908341467793,Normal
2020-07-28,LightGBM,120D,5,0.165817408437774,0.038855858089859606,Normal
2020-07-29,LightGBM,120D,5,0.1673050424625422,0.012751057331592175,Normal
2020-07-30,LightGBM,120D,5,0.1713790173873104,0.0040053941160790784,Normal
2020-07-31,LightGBM,120D,5,0.1607226284821964,0.03879794875898854,Normal
2020-08-03,LightGBM,120D,5,0.1571765833308549,0.017429345902088864,Normal
2020-08-04,LightGBM,120D,5,0.1520812171435677,0.0031465051915199383,Normal
2020-08-05,LightGBM,120D,5,0.1196587415819495,0.001269546695340523,Normal
2020-08-06,LightGBM,120D,5,0.122964914340045,0.010450554089542917,Normal
2020-08-07,LightGBM,120D,5,0.1028317074152965,-0.0029119891507437003,Normal
2020-08-10,LightGBM,120D,5,0.1160175423765833,0.00011439909096608203,Normal
2020-08-11,LightGBM,120D,5,0.1378211265922712,-0.00928973487922137,Normal
2020-08-12,LightGBM,120D,5,0.1249298849140025,0.003862030317749139,Normal
2020-08-13,LightGBM,120D,5,0.137774005234081,-0.005420103956205285,Normal
2020-08-14,LightGBM,120D,5,0.1418358222381239,-0.0041484312732286335,Normal
2020-08-17,LightGBM,120D,5,0.1465017522069896,-0.008876091603431778,Normal
2020-08-18,LightGBM,120D,5,0.1430868663654514,0.0014898524315000385,Normal
2020-08-19,LightGBM,120D,5,0.1471557451882419,-0.011124593180145225,Normal
2020-08-20,LightGBM,120D,5,0.1456631652344834,-0.0023468934806410804,Low
2020-08-21,LightGBM,120D,5,0.1469279361776734,-0.005571196767744817,Low
2020-08-24,LightGBM,120D,5,0.1363648862973545,-0.0006061257538122593,Low
2020-08-25,LightGBM,120D,5,0.1324545332028974,-0.001301196766912581,Low
2020-08-26,LightGBM,120D,5,0.1178849176308125,0.007216724766730272,Low
2020-08-27,LightGBM,120D,5,0.1143566525033385,0.026974805003948693,Low
2020-08-28,LightGBM,120D,5,0.0998837567600575,0.02740088455784523,Low
2020-08-31,LightGBM,120D,5,0.1033366615470924,0.043311985222452325,Low
2020-09-01,LightGBM,120D,5,0.1071274977973724,0.07102729049763537,Low
2020-09-02,LightGBM,120D,5,0.0670950532293308,0.07576330796115938,Low
2020-09-03,LightGBM,120D,5,0.0980911150777175,0.08903692841002912,High
2020-09-04,LightGBM,120D,5,0.129769569057686,0.13043976799322268,High
2020-09-08,LightGBM,120D,5,0.1498047194046441,0.13253114031895663,High
2020-09-09,LightGBM,120D,5,0.1167076228476626,0.10090341744739088,High
2020-09-10,LightGBM,120D,5,0.1209408307086675,0.10261426346819896,High
2020-09-11,LightGBM,120D,5,0.1397162568892893,0.0649244493682666,High
2020-09-14,LightGBM,120D,5,0.1216812786402409,0.04397728621067316,High
2020-09-15,LightGBM,120D,5,0.1305308934536718,0.04430648470498764,High
2020-09-16,LightGBM,120D,5,0.1411727441168119,0.06093659381318624,High
2020-09-17,LightGBM,120D,5,0.1599625191460221,0.06178860553167058,High
2020-09-18,LightGBM,120D,5,0.1722229794213815,0.05560680897244063,High
2020-09-21,LightGBM,120D,5,0.1903324829880924,0.03846428507180627,High
2020-09-22,LightGBM,120D,5,0.1782985496111204,0.09202939527958412,High
2020-09-23,LightGBM,120D,5,0.2051811331756537,0.047016247663488976,High
2020-09-24,LightGBM,120D,5,0.1873275675550769,0.059459834038197205,High
2020-09-25,LightGBM,120D,5,0.1708742426571335,0.04411766675688682,High
2020-09-28,LightGBM,120D,5,0.1618926077016218,0.03573904482954727,High
2020-09-29,LightGBM,120D,5,0.1590567722867318,0.028982441028134274,High
2020-09-30,LightGBM,120D,5,0.1453545931180034,0.060583539171437495,High
2020-10-01,LightGBM,120D,5,0.1453022269864379,0.07518235185588928,High
2020-10-02,LightGBM,120D,5,0.1714204585115253,0.0788335205441721,High
2020-10-05,LightGBM,120D,5,0.1527389598822376,0.09639896297743575,High
2020-10-06,LightGBM,120D,5,0.1636481948601107,0.11661883244819406,High
2020-10-07,LightGBM,120D,5,0.150016984682289,0.11893030002308895,High
2020-10-08,LightGBM,120D,5,0.153794602215094,0.09438844918855388,High
2020-10-09,LightGBM,120D,5,0.1593744947965849,0.08137973294035894,High
2020-10-12,LightGBM,120D,5,0.1421179596974639,0.07098879603452306,High
2020-10-13,LightGBM,120D,5,0.1499189970247339,0.07700106832856735,High
2020-10-14,LightGBM,120D,5,0.1607759200493851,0.07724748295525562,High
2020-10-15,LightGBM,120D,5,0.1699951316992854,0.06990512824563805,High
2020-10-16,LightGBM,120D,5,0.1696641231679154,0.08569434889089803,High
2020-10-19,LightGBM,120D,5,0.1894178585599206,0.09697881784778564,High
2020-10-20,LightGBM,120D,5,0.1806055589191893,0.12300605302286934,High
2020-10-21,LightGBM,120D,5,0.1938367743318788,0.12537439957002766,High
2020-10-22,LightGBM,120D,5,0.1922337437189057,0.10822091833015235,High
2020-10-23,LightGBM,120D,5,0.1834732155047582,0.09753176929834624,High
2020-10-26,LightGBM,120D,5,0.1954121274850024,0.1102765127262182,High
2020-10-27,LightGBM,120D,5,0.2077053537553012,0.1442395334059957,High
2020-10-28,LightGBM,120D,5,0.2343775580033245,0.22409182111514042,High
2020-10-29,LightGBM,120D,5,0.2333704429588582,0.18931808083255328,High
2020-10-30,LightGBM,120D,5,0.2473548409687007,0.19402109075842966,High
